barrio,poblacion,hogares,nbi,pct_nbi,escuelas_total,escuelas_estatales,escuelas_privadas,dispensarios_municipales,paradas_colectivo,lineas_colectivo,luminarias_reportes,comisarias,centros_vecinales,poblacion_log,pct_escuelas_privadas,escuelas_por_1000_hab,dispensarios_por_10000_hab,comisarias_por_10000_hab,paradas_por_1000_hab,centros_vecinales_por_10000_hab,tiene_escuela,tiene_dispensario,tiene_comisaria,tiene_transporte,infraestructura_score,centroide_lat,centroide_lon,area_barrio_km2,densidad_poblacional,densidad_hogares,infraestructura_por_km2,educacion_ratio_publico_privado,servicios_basicos_score,tamano_promedio_hogar,cluster_barrio,cluster_descripcion,categoria_infraestructura,tooltip_html
1 DE MAYO,3.397195512891604,2.560454944934963,2.202029229100918,0.16883369876307763,0.8320298302692002,1.0758257193341945,0.3977986178312334,-0.48584923172746025,0.4533168296410579,-0.19473719256359964,-0.3149675279585204,-0.28378320797232354,1.682563641638338,2.568492187776073,0.6209718553965115,-0.49941130387521077,-0.4167327248757193,-0.2757577768833604,-0.9182151359681601,-0.5236302998930843,0.8528028654224415,-0.49430000374546906,-0.2968260885977624,0.2968260885977624,-1.0190069133474329,0.0,0.0,0.28325560856813947,2.1888905712491757,1.5205387324893378,-0.5189558252442182,-0.040696876810483125,0.39709002759836504,0.5381702259006937,-0.5508448775795894,"Transición Urbana (Vulnerabilidad Media, Servicios Básicos)",Muy Baja,"<b>1 DE MAYO</b><hr>Tipología: Transición Urbana (Vulnerabilidad Media, Servicios Básicos)<br>Pob: 19996.0<br>Score Infra: Muy Baja"
2 DE SEPTIEMBRE,-0.06385286628977761,-0.18320999953016476,0.5556222412652161,2.8813557249323947,-0.35247373213133265,-0.31179283249633316,-0.31679235383650955,1.9142459730061934,-0.008983983411548631,-0.19473719256359964,-0.5454591245138511,-0.28378320797232354,0.32441586554464696,0.47380747937004186,-0.44690291629477147,-0.4769796275526727,1.669885428591569,-0.2757577768833604,-0.39813039097117386,-0.1749403170219131,0.8528028654224415,2.0230629019273323,-0.2968260885977624,0.2968260885977624,0.011854339239590346,0.0,0.0,-0.25677370873409466,0.7855519263707749,0.1249006846848101,-0.19038789896959543,-0.040696876810483125,1.6956864290426572,2.0556867983101785,-0.5508448775795894,"Transición Urbana (Vulnerabilidad Media, Servicios Básicos)",Alta,"<b>2 DE SEPTIEMBRE</b><hr>Tipología: Transición Urbana (Vulnerabilidad Media, Servicios Básicos)<br>Pob: 2624.0<br>Score Infra: Alta"
20 DE JUNIO,-0.45494416080584094,-0.39663060868262456,-0.19135870691950044,1.5640982965377526,-0.5498909925314214,-0.6586974704539651,-0.31679235383650955,1.9142459730061934,0.4533168296410579,0.18853042945400297,-0.515131282861834,-0.28378320797232354,-1.0337319105490443,-0.9481016478139537,-0.44690291629477147,-0.7611141943048213,3.2290985212218493,-0.2757577768833604,2.6410668946896796,-0.6477192617689459,-1.1726039399558572,2.0230629019273323,-0.2968260885977624,0.2968260885977624,2.350620806046399,0.0,0.0,-0.37812861149864163,1.9459661921469933,1.5573249031027778,5.36818999069155,-0.6046659617015194,0.39709002759836504,0.051491494007589275,1.8153931182840382,"Núcleo Consolidado (Alto Estándar, Alta Infraestructura)",Muy Alta,"<b>20 DE JUNIO</b><hr>Tipología: Núcleo Consolidado (Alto Estándar, Alta Infraestructura)<br>Pob: 661.0<br>Score Infra: Muy Alta"
23 DE ABRIL,-0.2122802806629142,-0.2734187106152251,0.12115373058635034,1.9665443749301936,-0.5498909925314214,-0.6586974704539651,-0.31679235383650955,-0.48584923172746025,-0.7486652842957191,-0.5780048145812022,-0.3634920746017479,-0.28378320797232354,0.32441586554464696,0.1291647736520047,-0.44690291629477147,-0.7611141943048213,-0.4167327248757193,-0.2757577768833604,-0.7954812728420275,0.012434015410637989,-1.1726039399558572,-0.49430000374546906,-0.2968260885977624,0.2968260885977624,-1.070013069074395,0.0,0.0,-0.29318017956345876,0.6829420309359909,0.07184796082051452,-0.473013654792375,-0.6046659617015194,-0.9018959917281483,2.002015362206706,-0.5508448775795894,"Transición Urbana (Vulnerabilidad Media, Servicios Básicos)",Muy Baja,"<b>23 DE ABRIL</b><hr>Tipología: Transición Urbana (Vulnerabilidad Media, Servicios Básicos)<br>Pob: 1879.0<br>Score Infra: Muy Baja"
25 DE MAYO,-0.4870204208247335,-0.39663060868262456,-0.16849194319956015,1.8300318285151365,0.4371953094690225,1.0758257193341945,-0.31679235383650955,-0.48584923172746025,0.08347617919897267,-0.5780048145812022,-0.5211968511922374,-0.28378320797232354,4.398859193825721,-1.2349599477828588,-0.44690291629477147,2.830571046205563,-0.4167327248757193,-0.2757577768833604,2.6410668946896796,9.279397688299984,0.8528028654224415,-0.49430000374546906,-0.2968260885977624,0.2968260885977624,2.9471243746006617,0.0,0.0,-0.29318017956345876,-0.9069350288209035,-0.6272000549744027,0.9982330317806346,2.215179462753662,0.39709002759836504,-1.3422345080342082,1.8153931182840382,"Núcleo Consolidado (Alto Estándar, Alta Infraestructura)",Muy Alta,"<b>25 DE MAYO</b><hr>Tipología: Núcleo Consolidado (Alto Estándar, Alta Infraestructura)<br>Pob: 500.0<br>Score Infra: Muy Alta"
4 DE FEBRERO,-0.41649249506890756,-0.39278023686801833,-0.28282576179926167,0.45249613287228735,-0.5498909925314214,-0.6586974704539651,-0.31679235383650955,-0.48584923172746025,-0.8411254469062404,-0.38637100357240095,-0.47873787287941333,-0.28378320797232354,0.32441586554464696,-0.6839443643893505,-0.44690291629477147,-0.7611141943048213,-0.4167327248757193,-0.2757577768833604,-0.6819524494503552,0.8053624817973939,-1.1726039399558572,-0.49430000374546906,-0.2968260885977624,0.2968260885977624,-0.9964568234470917,0.0,0.0,-0.25070596359586733,-0.7744875520041821,-0.7862334652265404,-0.4698989313719111,-0.6046659617015194,-0.9018959917281483,1.4722263477659732,-0.5508448775795894,"Transición Urbana (Vulnerabilidad Media, Servicios Básicos)",Muy Baja,"<b>4 DE FEBRERO</b><hr>Tipología: Transición Urbana (Vulnerabilidad Media, Servicios Básicos)<br>Pob: 854.0<br>Score Infra: Muy Baja"
ACHAVAL PENA,-0.43641563793778493,-0.3867296525879228,-0.32855928923914224,-0.10419139406703662,-0.5498909925314214,-0.6586974704539651,-0.31679235383650955,-0.48584923172746025,-0.47128479646415516,-0.5780048145812022,-0.07234479474238271,-0.28378320797232354,-1.0337319105490443,-0.8118955485481432,-0.44690291629477147,-0.7611141943048213,-0.4167327248757193,-0.2757577768833604,0.18025293901072506,-0.6477192617689459,-1.1726039399558572,-0.49430000374546906,-0.2968260885977624,0.2968260885977624,-0.43753673806006504,0.0,0.0,4.500338479636148,-1.4640295423976681,-1.2361943126588215,-0.5247605370732646,-0.6046659617015194,-0.9018959917281483,0.31759793688190463,-0.5508448775795894,"Transición Urbana (Vulnerabilidad Media, Servicios Básicos)",Baja,"<b>ACHAVAL PENA</b><hr>Tipología: Transición Urbana (Vulnerabilidad Media, Servicios Básicos)<br>Pob: 754.0<br>Score Infra: Baja"
ACOSTA,0.5115274997634016,0.3288894518124643,0.6394670415716639,0.6811989703728375,0.8320298302692002,1.7696349952494583,-0.31679235383650955,-0.48584923172746025,0.6382371548621005,-0.19473719256359964,-0.45447559955779954,-0.28378320797232354,0.32441586554464696,1.2394508555460393,-0.44690291629477147,0.18849343668262283,-0.4167327248757193,-0.2757577768833604,-0.5392743335662262,-0.42311824077363636,0.8528028654224415,-0.49430000374546906,-0.2968260885977624,0.2968260885977624,-0.4305569483290071,0.0,0.0,-0.026199393481455353,0.36157480316107804,0.1249006846848101,-0.4463261382124908,3.343117632535735,0.39709002759836504,0.611925167126756,-0.5508448775795894,"Transición Urbana (Vulnerabilidad Media, Servicios Básicos)",Media,"<b>ACOSTA</b><hr>Tipología: Transición Urbana (Vulnerabilidad Media, Servicios Básicos)<br>Pob: 5512.0<br>Score Infra: Media"
AERONAUTICO- VILLA ZEPELLIN,-0.40174936934593825,-0.3658276341657747,-0.3514260529590825,-0.43394897371899277,0.23977804906893374,0.7289210813765625,-0.31679235383650955,-0.48584923172746025,-0.10144414602206994,-0.5780048145812022,-0.5454591245138511,-0.28378320797232354,-1.0337319105490443,-0.5982996201540307,-0.44690291629477147,2.4615699706998115,-0.4167327248757193,-0.2757577768833604,0.6128898065303416,-0.6477192617689459,0.8528028654224415,-0.49430000374546906,-0.2968260885977624,0.2968260885977624,1.448617210032754,0.0,0.0,-0.23250272818118525,-0.04089612566407335,-0.08106882949848238,-0.3320724200163815,1.6512103778626257,0.39709002759836504,0.6055192215273096,1.8153931182840382,"Núcleo Consolidado (Alto Estándar, Alta Infraestructura)",Muy Alta,"<b>AERONAUTICO- VILLA ZEPELLIN</b><hr>Tipología: Núcleo Consolidado (Alto Estándar, Alta Infraestructura)<br>Pob: 928.0<br>Score Infra: Muy Alta"
AEROPUERTO,-0.4870204208247335,-0.39663060868262456,-0.3666705621057094,-0.4747254486221917,-0.35247373213133265,-0.31179283249633316,-0.31679235383650955,-0.48584923172746025,-0.28636447124311254,-0.38637100357240095,-0.5454591245138511,-0.28378320797232354,-1.0337319105490443,-1.2349599477828588,-0.44690291629477147,0.7343308938643821,-0.4167327248757193,-0.2757577768833604,1.4137282634283557,-0.6477192617689459,0.8528028654224415,-0.49430000374546906,-0.2968260885977624,0.2968260885977624,1.1071444201133025,0.0,0.0,1.4846691459371548,-1.4500309204382247,-1.2152255881736391,-0.4816853279516213,-0.040696876810483125,0.39709002759836504,-1.3422345080342082,1.8153931182840382,"Núcleo Consolidado (Alto Estándar, Alta Infraestructura)",Muy Alta,"<b>AEROPUERTO</b><hr>Tipología: Núcleo Consolidado (Alto Estándar, Alta Infraestructura)<br>Pob: 500.0<br>Score Infra: Muy Alta"
AIRES DEL SUR,-0.4870204208247335,-0.39663060868262456,-0.4047818349722766,-0.9179480019178317,-0.5498909925314214,-0.6586974704539651,-0.31679235383650955,-0.48584923172746025,-0.8411254469062404,-0.38637100357240095,-0.5454591245138511,-0.28378320797232354,-1.0337319105490443,-1.2349599477828588,-0.44690291629477147,-0.7611141943048213,-0.4167327248757193,-0.2757577768833604,-0.4272796834636304,-0.6477192617689459,-1.1726039399558572,-0.49430000374546906,-0.2968260885977624,0.2968260885977624,-0.8310894975112567,0.0,0.0,-0.365993121222187,0.24598523670771466,0.6210999050201294,-0.09407923502547724,-0.6046659617015194,-0.9018959917281483,-1.3422345080342082,-0.5508448775795894,"Transición Urbana (Vulnerabilidad Media, Servicios Básicos)",Muy Baja,"<b>AIRES DEL SUR</b><hr>Tipología: Transición Urbana (Vulnerabilidad Media, Servicios Básicos)<br>Pob: 500.0<br>Score Infra: Muy Baja"
ALBERDI,5.9340092943857625,8.021932337395718,6.1351125889306495,0.0624602859721241,6.951964902671952,4.197967460952882,8.258299306176404,-0.48584923172746025,3.319581870567218,4.404474271647632,1.6017520644489673,5.9468347803978014,1.682563641638338,3.0772013312461097,1.9128762994705815,0.10624395683331657,-0.4167327248757193,1.3884258407210421,-0.820028045467254,-0.5720249950246703,0.8528028654224415,-0.49430000374546906,3.368976105584603,0.2968260885977624,-0.41981881028122564,0.0,0.0,1.1145366925052866,1.2334476258819351,2.232530358215875,-0.5098594170730906,-0.8302535956579339,0.39709002759836504,-2.0158975979652185,-0.5508448775795894,"Transición Urbana (Vulnerabilidad Media, Servicios Básicos)",Media,"<b>ALBERDI</b><hr>Tipología: Transición Urbana (Vulnerabilidad Media, Servicios Básicos)<br>Pob: 32729.0<br>Score Infra: Media"
ALBORADA NORTE,-0.4870204208247335,-0.39663060868262456,-0.3895373258256497,-0.7406589805995757,-0.5498909925314214,-0.6586974704539651,-0.31679235383650955,-0.48584923172746025,0.5457769922515792,0.18853042945400297,-0.5454591245138511,-0.28378320797232354,-1.0337319105490443,-1.2349599477828588,-0.44690291629477147,-0.7611141943048213,-0.4167327248757193,-0.2757577768833604,2.6410668946896796,-0.6477192617689459,-1.1726039399558572,-0.49430000374546906,-0.2968260885977624,0.2968260885977624,1.1570767620354865,0.0,0.0,-0.365993121222187,0.24598523670771466,0.6210999050201294,2.090368325665129,-0.6046659617015194,-0.9018959917281483,-1.3422345080342082,1.8153931182840382,"Núcleo Consolidado (Alto Estándar, Alta Infraestructura)",Muy Alta,"<b>ALBORADA NORTE</b><hr>Tipología: Núcleo Consolidado (Alto Estándar, Alta Infraestructura)<br>Pob: 500.0<br>Score Infra: Muy Alta"
ALBORADA SUR,-0.4870204208247335,-0.39663060868262456,-0.39715958039896315,-0.8293034912587037,-0.5498909925314214,-0.6586974704539651,-0.31679235383650955,-0.48584923172746025,-0.37882463385363385,-0.19473719256359964,-0.405951052914572,-0.28378320797232354,-1.0337319105490443,-1.2349599477828588,-0.44690291629477147,-0.7611141943048213,-0.4167327248757193,-0.2757577768833604,1.1068936056130247,-0.6477192617689459,-1.1726039399558572,-0.49430000374546906,-0.2968260885977624,0.2968260885977624,0.16326208571330925,0.0,0.0,-0.365993121222187,0.24598523670771466,0.6210999050201294,0.9984453992865752,-0.6046659617015194,-0.9018959917281483,-1.3422345080342082,1.8153931182840382,"Núcleo Consolidado (Alto Estándar, Alta Infraestructura)",Alta,"<b>ALBORADA SUR</b><hr>Tipología: Núcleo Consolidado (Alto Estándar, Alta Infraestructura)<br>Pob: 500.0<br>Score Infra: Alta"
ALEJANDRO CENTENO,-0.3413822464532398,-0.2690182856842465,-0.3895373258256497,-0.836395052111434,-0.15505647173124384,0.035111805461298766,-0.31679235383650955,-0.48584923172746025,-0.10144414602206994,-0.19473719256359964,-0.4180821895753789,-0.28378320797232354,0.32441586554464696,-0.3073138626316166,-0.44690291629477147,0.4501963271122335,-0.4167327248757193,-0.2757577768833604,0.20479971163595143,0.3598831086630504,0.8528028654224415,-0.49430000374546906,-0.2968260885977624,0.2968260885977624,0.18205382729692687,0.0,0.0,-0.25070596359586733,-0.46153887199960725,-0.28067197637314,-0.15913448101198563,0.5232722080805532,0.39709002759836504,-0.7371323493837635,-0.5508448775795894,"Transición Urbana (Vulnerabilidad Media, Servicios Básicos)",Alta,"<b>ALEJANDRO CENTENO</b><hr>Tipología: Transición Urbana (Vulnerabilidad Media, Servicios Básicos)<br>Pob: 1231.0<br>Score Infra: Alta"
ALMIRANTE BROWN,-0.38361930933525984,-0.37132816532949786,-0.30569252551920195,0.0181380306425601,-0.15505647173124384,0.035111805461298766,-0.31679235383650955,-0.48584923172746025,-0.47128479646415516,-0.003103381554798346,-0.4484100312273961,-0.28378320797232354,1.682563641638338,-0.5013043676465591,-0.44690291629477147,0.704421992100998,-0.4167327248757193,-0.2757577768833604,-0.1373209318281426,1.7881470598542177,0.8528028654224415,-0.49430000374546906,-0.2968260885977624,0.2968260885977624,0.08702130557406086,0.0,0.0,-0.32351890525459553,0.14328664481017622,-0.18837459254860903,0.13612714141426707,0.5232722080805532,0.39709002759836504,1.5011396697959074,-0.5508448775795894,"Transición Urbana (Vulnerabilidad Media, Servicios Básicos)",Alta,"<b>ALMIRANTE BROWN</b><hr>Tipología: Transición Urbana (Vulnerabilidad Media, Servicios Básicos)<br>Pob: 1019.0<br>Score Infra: Alta"
ALTA CORDOBA,6.3017905117452395,6.402025909679239,2.430696866300321,-0.3931724988157939,5.964878600671509,3.85106282299525,6.829117362840919,-0.48584923172746025,1.8402192687988774,0.9550656734892082,2.7542100472256212,2.831525786212739,-1.0337319105490443,3.1339538726068636,1.8157967747713737,-0.050777777424449756,-0.4167327248757193,0.5154114839449621,-0.9028734030773934,-0.6477192617689459,0.8528028654224415,-0.49430000374546906,3.368976105584603,0.2968260885977624,-0.6743126820136469,0.0,0.0,2.4979825840211225,0.017692557312470162,0.22467330068352742,-0.5235571212062672,-0.7926368576957018,0.39709002759836504,-0.9045526032936287,-0.5508448775795894,"Transición Urbana (Vulnerabilidad Media, Servicios Básicos)",Baja,"<b>ALTA CORDOBA</b><hr>Tipología: Transición Urbana (Vulnerabilidad Media, Servicios Básicos)<br>Pob: 34575.0<br>Score Infra: Baja"
ALTAMIRA,0.629273274118467,0.5357094235684563,-0.13038067033299297,-0.5810988614131453,-0.15505647173124384,-0.31179283249633316,0.040503131997361934,1.9142459730061934,0.5457769922515792,-0.003103381554798346,0.006507593552862024,-0.28378320797232354,-1.0337319105490443,1.3447010231605299,1.4200110202284506,-0.5143657547569027,0.4814441180865779,-0.2757577768833604,-0.6129146514419056,-0.6477192617689459,0.8528028654224415,2.0230629019273323,-0.2968260885977624,0.2968260885977624,-0.5347168873924876,0.0,0.0,0.03447805790081814,0.2756729430653157,0.22710521996540847,-0.46763367797521005,-0.6046659617015194,1.6956864290426572,-0.0946333191257371,-0.5508448775795894,"Transición Urbana (Vulnerabilidad Media, Servicios Básicos)",Baja,"<b>ALTAMIRA</b><hr>Tipología: Transición Urbana (Vulnerabilidad Media, Servicios Básicos)<br>Pob: 6103.0<br>Score Infra: Baja"
ALTO ALBERDI,5.4843439598352,5.049445296519706,2.5602751940466493,-0.235385269842546,7.346799423472129,4.544872098910514,8.615594792010276,1.9142459730061934,3.4120420331777397,1.913234728533215,1.692735589405019,5.9468347803978014,1.682563641638338,3.003938959671316,1.8867395043592563,0.21840233844600693,-0.23600201866989115,1.5248343339673047,-0.7985496194201809,-0.5658205469308772,0.8528028654224415,2.0230629019273323,3.368976105584603,0.2968260885977624,-0.2721694121242301,0.0,0.0,1.951885521580661,0.14642997357106818,0.2110430259030472,-0.514956237215668,-0.821568471750612,1.6956864290426572,-0.44765286175470903,-0.5508448775795894,"Transición Urbana (Vulnerabilidad Media, Servicios Básicos)",Media,"<b>ALTO ALBERDI</b><hr>Tipología: Transición Urbana (Vulnerabilidad Media, Servicios Básicos)<br>Pob: 30472.0<br>Score Infra: Media"
ALTO DE DON BOSCO,-0.45215492080419806,-0.39002997128615674,-0.4047818349722766,-0.9179480019178317,-0.5498909925314214,-0.6586974704539651,-0.31679235383650955,-0.48584923172746025,-1.0260457721272829,-0.7696386255900036,-0.5454591245138511,-0.28378320797232354,-1.0337319105490443,-0.9264324956580293,-0.44690291629477147,-0.7611141943048213,-0.4167327248757193,-0.2757577768833604,-1.0409489990942924,-0.6477192617689459,-1.1726039399558572,-0.49430000374546906,-0.2968260885977624,-3.3689761055846037,-1.228937512181561,0.0,0.0,0.10122325442131899,-1.3146243146274363,-1.107870729485595,-0.5312023514201333,-0.6046659617015194,-2.20049239317244,-0.15800024046080507,-0.5508448775795894,"Transición Urbana (Vulnerabilidad Media, Servicios Básicos)",Muy Baja,"<b>ALTO DE DON BOSCO</b><hr>Tipología: Transición Urbana (Vulnerabilidad Media, Servicios Básicos)<br>Pob: 675.0<br>Score Infra: Muy Baja"
ALTO DE SANTA ANA,-0.28619514070644936,-0.2734187106152251,-0.25233674350600793,-0.08114382129566336,-0.5498909925314214,-0.6586974704539651,-0.31679235383650955,-0.48584923172746025,-0.47128479646415516,-0.38637100357240095,-0.16332831969843434,-0.28378320797232354,-1.0337319105490443,-0.09784539179101316,-0.44690291629477147,-0.7611141943048213,-0.4167327248757193,-0.2757577768833604,-0.4303480300417837,-0.6477192617689459,-1.1726039399558572,-0.49430000374546906,-0.2968260885977624,0.2968260885977624,-0.8332371251208132,0.0,0.0,-0.020131648343227997,-0.9866512341286735,-0.8732934567205453,-0.4897906877616922,-0.6046659617015194,-0.9018959917281483,0.48709579476996934,-0.5508448775795894,"Transición Urbana (Vulnerabilidad Media, Servicios Básicos)",Muy Baja,"<b>ALTO DE SANTA ANA</b><hr>Tipología: Transición Urbana (Vulnerabilidad Media, Servicios Básicos)<br>Pob: 1508.0<br>Score Infra: Muy Baja"
ALTO HERMOSO,-0.4870204208247335,-0.39663060868262456,-0.4047818349722766,-0.9179480019178317,-0.5498909925314214,-0.6586974704539651,-0.31679235383650955,-0.48584923172746025,-0.28636447124311254,-0.19473719256359964,-0.5454591245138511,-0.28378320797232354,-1.0337319105490443,-1.2349599477828588,-0.44690291629477147,-0.7611141943048213,-0.4167327248757193,-0.2757577768833604,1.4137282634283557,-0.6477192617689459,-1.1726039399558572,-0.49430000374546906,-0.2968260885977624,0.2968260885977624,0.361917639597267,0.0,0.0,-0.08687684486372885,-1.283851269873578,-1.035298108016173,-0.32952400994509284,-0.6046659617015194,-0.9018959917281483,-1.3422345080342082,1.8153931182840382,"Núcleo Consolidado (Alto Estándar, Alta Infraestructura)",Alta,"<b>ALTO HERMOSO</b><hr>Tipología: Núcleo Consolidado (Alto Estándar, Alta Infraestructura)<br>Pob: 500.0<br>Score Infra: Alta"
ALTO PALERMO,-0.4027455264893821,-0.33557471276529716,-0.4047818349722766,-0.9179480019178317,-0.35247373213133265,-0.31179283249633316,-0.31679235383650955,-0.48584923172746025,1.2854582931357497,1.7216009175244136,0.41290067168989264,-0.28378320797232354,-1.0337319105490443,-0.6034589420959174,-0.44690291629477147,0.04642615330654855,-0.4167327248757193,-0.2757577768833604,2.6410668946896796,-0.6477192617689459,0.8528028654224415,-0.49430000374546906,-0.2968260885977624,0.2968260885977624,1.5597569388272923,0.0,0.0,-0.24463821845763997,-0.7466791149215475,-0.5794285949431659,0.17587525960950587,-0.040696876810483125,0.39709002759836504,-0.5323152238663166,1.8153931182840382,"Núcleo Consolidado (Alto Estándar, Alta Infraestructura)",Muy Alta,"<b>ALTO PALERMO</b><hr>Tipología: Núcleo Consolidado (Alto Estándar, Alta Infraestructura)<br>Pob: 923.0<br>Score Infra: Muy Alta"
ALTO VERDE,0.2015233967236693,0.2012771288140863,-0.38191507125233626,-0.8771715270146327,0.6346125698691113,0.035111805461298766,1.1123895894989762,-0.48584923172746025,-0.37882463385363385,-0.38637100357240095,3.0453573270849863,-0.28378320797232354,-1.0337319105490443,0.8968718786047567,2.043560275027207,0.37542407270377326,-0.4167327248757193,-0.2757577768833604,-0.7694003269277244,-0.6477192617689459,0.8528028654224415,-0.49430000374546906,-0.2968260885977624,0.2968260885977624,-0.48639526617747086,0.0,0.0,0.14369747038891048,-0.571204639529985,-0.44806900268237704,-0.47680087531498466,-0.8302535956579339,0.39709002759836504,-0.3487935391254094,-0.5508448775795894,"Transición Urbana (Vulnerabilidad Media, Servicios Básicos)",Baja,"<b>ALTO VERDE</b><hr>Tipología: Transición Urbana (Vulnerabilidad Media, Servicios Básicos)<br>Pob: 3956.0<br>Score Infra: Baja"
ALTOS DE VELEZ SARSFIELD,-0.25232579782935777,-0.20741233665054679,-0.3514260529590825,-0.6892451644172815,-0.35247373213133265,-0.31179283249633316,-0.31679235383650955,-0.48584923172746025,-0.10144414602206994,-0.003103381554798346,0.4856874916547339,-0.28378320797232354,0.32441586554464696,0.012564097765364048,-0.44690291629477147,-0.3124806678540603,-0.4167327248757193,-0.2757577768833604,-0.12658171880460597,0.0918509510111894,0.8528028654224415,-0.49430000374546906,-0.2968260885977624,0.2968260885977624,-0.4128390205501677,0.0,0.0,-0.27497694414877677,0.17483359421753125,0.20381108115199684,-0.2750163500869738,-0.040696876810483125,0.39709002759836504,-0.33009510332161857,-0.5508448775795894,"Transición Urbana (Vulnerabilidad Media, Servicios Básicos)",Media,"<b>ALTOS DE VELEZ SARSFIELD</b><hr>Tipología: Transición Urbana (Vulnerabilidad Media, Servicios Básicos)<br>Pob: 1678.0<br>Score Infra: Media"
ALTOS DE VILLA CABRERA,-0.35473075217538763,-0.28661998540816075,-0.3666705621057094,-0.6963367252700117,-0.35247373213133265,-0.31179283249633316,-0.31679235383650955,-0.48584923172746025,0.6382371548621005,1.7216009175244136,0.5038841966459442,-0.28378320797232354,-1.0337319105490443,-0.3650982683807485,-0.44690291629477147,-0.11807280639206388,-0.4167327248757193,-0.2757577768833604,1.3308829058182163,-0.6477192617689459,0.8528028654224415,-0.49430000374546906,-0.2968260885977624,0.2968260885977624,0.6287603700846369,0.0,0.0,-0.26284145387232205,-0.43313491931210446,-0.27441964126699125,0.0012383805575841534,-0.040696876810483125,0.39709002759836504,-0.6323864821495659,1.8153931182840382,"Núcleo Consolidado (Alto Estándar, Alta Infraestructura)",Alta,"<b>ALTOS DE VILLA CABRERA</b><hr>Tipología: Núcleo Consolidado (Alto Estándar, Alta Infraestructura)<br>Pob: 1164.0<br>Score Infra: Alta"
ALTOS SAN MARTIN,-0.3318191378761786,-0.264617860753268,-0.38191507125233626,-0.7973914674214176,-0.5498909925314214,-0.6586974704539651,-0.31679235383650955,-0.48584923172746025,-0.37882463385363385,-0.38637100357240095,0.528146469967558,-0.28378320797232354,-1.0337319105490443,-0.2670711514848991,-0.44690291629477147,-0.7611141943048213,-0.4167327248757193,-0.2757577768833604,-0.2017562099693621,-0.6477192617689459,-1.1726039399558572,-0.49430000374546906,-0.2968260885977624,0.2968260885977624,-0.6850508200614285,0.0,0.0,-0.2689091990105494,-0.2769164999412371,-0.12788005974189012,-0.36821029061062793,-0.6046659617015194,-0.9018959917281483,-0.6379267594247633,-0.5508448775795894,"Transición Urbana (Vulnerabilidad Media, Servicios Básicos)",Baja,"<b>ALTOS SAN MARTIN</b><hr>Tipología: Transición Urbana (Vulnerabilidad Media, Servicios Básicos)<br>Pob: 1279.0<br>Score Infra: Baja"
ALTOS SUD DE SAN VICENTE,-0.38282238362050475,-0.3553766249547006,-0.24471448893269448,0.4365401209536442,-0.5498909925314214,-0.6586974704539651,-0.31679235383650955,-0.48584923172746025,-0.6562051216851977,-0.38637100357240095,-0.5030001462010271,-0.28378320797232354,-1.0337319105490443,-0.49820877448142686,-0.44690291629477147,-0.7611141943048213,-0.4167327248757193,-0.2757577768833604,-0.4410872430653202,-0.6477192617689459,-1.1726039399558572,-0.49430000374546906,-0.2968260885977624,0.2968260885977624,-0.8402169148518709,0.0,0.0,-0.3538576309457323,1.170339075756344,0.6796139849545133,-0.21088136329287524,-0.6046659617015194,-0.9018959917281483,0.769996203134727,-0.5508448775795894,"Transición Urbana (Vulnerabilidad Media, Servicios Básicos)",Muy Baja,"<b>ALTOS SUD DE SAN VICENTE</b><hr>Tipología: Transición Urbana (Vulnerabilidad Media, Servicios Básicos)<br>Pob: 1023.0<br>Score Infra: Muy Baja"
AMEGHINO NORTE,0.16665789670313386,0.04781230934620927,0.5403777321185892,1.2627069602967174,-0.35247373213133265,-0.31179283249633316,-0.31679235383650955,1.9142459730061934,0.5457769922515792,0.5717980514716056,-0.06627922641197928,-0.28378320797232354,0.32441586554464696,0.8504379811277758,-0.44690291629477147,-0.5667063328428249,1.0291129247709057,-0.2757577768833604,-0.3505710190097976,-0.3201244024166712,0.8528028654224415,2.0230629019273323,-0.2968260885977624,0.2968260885977624,-0.21149893215426468,0.0,0.0,-0.08687684486372885,0.02555574569118985,-0.16244838827722904,-0.4022244861454672,-0.040696876810483125,1.6956864290426572,0.8236676392381994,-0.5508448775795894,"Transición Urbana (Vulnerabilidad Media, Servicios Básicos)",Media,"<b>AMEGHINO NORTE</b><hr>Tipología: Transición Urbana (Vulnerabilidad Media, Servicios Básicos)<br>Pob: 3781.0<br>Score Infra: Media"
AMEGHINO SUD,0.1005130623784609,0.09456682423785638,-0.26758125265263477,-0.6254211167427093,0.23977804906893374,0.7289210813765625,-0.31679235383650955,-0.48584923172746025,1.0080778053041857,0.7634318624804068,1.5350308128145294,-0.28378320797232354,0.32441586554464696,0.7555064573970605,-0.44690291629477147,0.10624395683331657,-0.4167327248757193,-0.2757577768833604,-0.06214644066338647,-0.2878612723289472,0.8528028654224415,-0.49430000374546906,-0.2968260885977624,0.2968260885977624,-0.1626404040368589,0.0,0.0,-0.08080909972550149,-0.13291221021914268,-0.09290408012603908,-0.3985788439601514,1.6512103778626257,0.39709002759836504,-0.20734333494303053,-0.5508448775795894,"Transición Urbana (Vulnerabilidad Media, Servicios Básicos)",Media,"<b>AMEGHINO SUD</b><hr>Tipología: Transición Urbana (Vulnerabilidad Media, Servicios Básicos)<br>Pob: 3449.0<br>Score Infra: Media"
AMPLIACION ALTAMIRA,-0.2086941149465163,-0.22941446130543955,-0.12275841575967954,0.3833534145581674,-0.5498909925314214,-0.6586974704539651,-0.31679235383650955,1.9142459730061934,0.4533168296410579,-0.38637100357240095,-0.49086900954022017,-0.28378320797232354,1.682563641638338,0.13948341753577895,-0.44690291629477147,-0.7611141943048213,2.4694818863506867,-0.2757577768833604,0.2523590835973278,0.6601783964026355,-1.1726039399558572,2.0230629019273323,-0.2968260885977624,0.2968260885977624,0.5535934037501667,0.0,0.0,-0.2992479247016861,0.8323469266651831,0.41402899704662055,0.16001848583259853,-0.6046659617015194,0.39709002759836504,0.8460018820038384,-0.5508448775795894,"Transición Urbana (Vulnerabilidad Media, Servicios Básicos)",Alta,"<b>AMPLIACION ALTAMIRA</b><hr>Tipología: Transición Urbana (Vulnerabilidad Media, Servicios Básicos)<br>Pob: 1897.0<br>Score Infra: Alta"
AMPLIACION BENJAMIN MATIENZO,-0.183391723503042,-0.225014036374461,0.006819911986648839,0.9524511729897693,0.23977804906893374,0.7289210813765625,-0.31679235383650955,-0.48584923172746025,-0.28636447124311254,-0.19473719256359964,-0.3028363912977135,-0.28378320797232354,-1.0337319105490443,0.20552273839192975,-0.44690291629477147,0.71937644298269,-0.4167327248757193,-0.2757577768833604,-0.4349505499090136,-0.6477192617689459,0.8528028654224415,-0.49430000374546906,-0.2968260885977624,0.2968260885977624,-0.09874848265255906,0.0,0.0,-0.14755429624600236,-0.4833191870150662,-0.5665683464837081,-0.3538046947909822,1.6512103778626257,0.39709002759836504,1.1735707758998732,-0.5508448775795894,"Transición Urbana (Vulnerabilidad Media, Servicios Básicos)",Media,"<b>AMPLIACION BENJAMIN MATIENZO</b><hr>Tipología: Transición Urbana (Vulnerabilidad Media, Servicios Básicos)<br>Pob: 2024.0<br>Score Infra: Media"
AMPLIACION CABO FARINA,-0.4870204208247335,-0.39663060868262456,-0.3133147800925154,0.14578612599170437,-0.5498909925314214,-0.6586974704539651,-0.31679235383650955,-0.48584923172746025,-0.7486652842957191,-0.5780048145812022,-0.44234446289699264,-0.28378320797232354,0.32441586554464696,-1.2349599477828588,-0.44690291629477147,-0.7611141943048213,-0.4167327248757193,-0.2757577768833604,-0.12044502564829934,1.8340599757482867,-1.1726039399558572,-0.49430000374546906,-0.2968260885977624,0.2968260885977624,-0.6324339436272991,0.0,0.0,-0.3720608663604143,0.5918613267425825,0.9955899154878886,0.255265312247013,-0.6046659617015194,-0.9018959917281483,-1.3422345080342082,-0.5508448775795894,"Transición Urbana (Vulnerabilidad Media, Servicios Básicos)",Baja,"<b>AMPLIACION CABO FARINA</b><hr>Tipología: Transición Urbana (Vulnerabilidad Media, Servicios Básicos)<br>Pob: 500.0<br>Score Infra: Baja"
AMPLIACION EMPALME,0.0339697651964104,0.010408697432891566,-0.21422547063944075,-0.44635920521127065,-0.5498909925314214,-0.6586974704539651,-0.31679235383650955,1.9142459730061934,1.2854582931357497,-0.19473719256359964,-0.4302133262361858,-0.28378320797232354,0.32441586554464696,0.6502562897825699,-0.44690291629477147,-0.7611141943048213,1.3412841445809722,-0.2757577768833604,0.19099215203426154,-0.2493936941474301,-1.1726039399558572,2.0230629019273323,-0.2968260885977624,0.2968260885977624,0.14500725103208092,0.0,0.0,-0.19002851221359382,0.363583111885134,0.25730965407596246,-0.27243254543136164,-0.6046659617015194,0.39709002759836504,0.06672725651438145,-0.5508448775795894,"Transición Urbana (Vulnerabilidad Media, Servicios Básicos)",Alta,"<b>AMPLIACION EMPALME</b><hr>Tipología: Transición Urbana (Vulnerabilidad Media, Servicios Básicos)<br>Pob: 3115.0<br>Score Infra: Alta"
AMPLIACION GENERAL ARTIGAS,-0.12342306346772103,-0.14305612203498547,-0.25233674350600793,-0.380762267323516,-0.5498909925314214,-0.6586974704539651,-0.31679235383650955,-0.48584923172746025,-0.9335856095167617,-0.7696386255900036,-0.06021365808157583,-0.28378320797232354,1.682563641638338,0.34895188837638147,-0.44690291629477147,-0.7611141943048213,-0.4167327248757193,-0.2757577768833604,-0.9749795476639963,0.41944581036346407,-1.1726039399558572,-0.49430000374546906,-0.2968260885977624,0.2968260885977624,-1.185984959990435,0.0,0.0,-0.09901233514018355,-0.518400900064099,-0.508736381344785,-0.5255392179283807,-0.6046659617015194,-0.9018959917281483,0.41922739814880333,-0.5508448775795894,"Transición Urbana (Vulnerabilidad Media, Servicios Básicos)",Muy Baja,"<b>AMPLIACION GENERAL ARTIGAS</b><hr>Tipología: Transición Urbana (Vulnerabilidad Media, Servicios Básicos)<br>Pob: 2325.0<br>Score Infra: Muy Baja"
AMPLIACION JARDIN ESPINOSA,-0.4832350236796468,-0.39663060868262456,-0.4047818349722766,-0.9179480019178317,-0.5498909925314214,-0.6586974704539651,-0.31679235383650955,-0.48584923172746025,-0.10144414602206994,-0.003103381554798346,0.23093362177778937,-0.28378320797232354,-1.0337319105490443,-1.196780965412897,-0.44690291629477147,-0.7611141943048213,-0.4167327248757193,-0.2757577768833604,1.9154029289564218,-0.6477192617689459,-1.1726039399558572,-0.49430000374546906,-0.2968260885977624,0.2968260885977624,0.6872832224450461,0.0,0.0,-0.28711243442523143,-0.9165224855667016,-0.6600500361826277,0.13364952051162535,-0.6046659617015194,-0.9018959917281483,-1.1777575264267908,1.8153931182840382,"Núcleo Consolidado (Alto Estándar, Alta Infraestructura)",Alta,"<b>AMPLIACION JARDIN ESPINOSA</b><hr>Tipología: Núcleo Consolidado (Alto Estándar, Alta Infraestructura)<br>Pob: 519.0<br>Score Infra: Alta"
AMPLIACION JOSE IGNACIO DIAZ SECCION 2,-0.21148335494815912,-0.27011839191699116,0.022064421133275707,1.3903550556458615,-0.35247373213133265,-0.31179283249633316,-0.31679235383650955,1.9142459730061934,-0.28636447124311254,-0.38637100357240095,-0.5454591245138511,-0.28378320797232354,0.32441586554464696,0.1312285024287601,-0.44690291629477147,-0.36482124593998244,2.49138863861806,-0.2757577768833604,-0.388925351236714,0.011193125791879288,0.8528028654224415,2.0230629019273323,-0.2968260885977624,0.2968260885977624,0.3425889911112604,0.0,0.0,-0.2689091990105494,0.292835729360898,-0.15341344273643112,-0.06027740699657876,-0.040696876810483125,1.6956864290426572,1.9111201881605018,-0.5508448775795894,"Transición Urbana (Vulnerabilidad Media, Servicios Básicos)",Alta,"<b>AMPLIACION JOSE IGNACIO DIAZ SECCION 2</b><hr>Tipología: Transición Urbana (Vulnerabilidad Media, Servicios Básicos)<br>Pob: 1883.0<br>Score Infra: Alta"
AMPLIACION JOSE IGNACIO DIAZ SECCION 3,-0.45354954080501947,-0.39663060868262456,-0.23709223435938104,1.0322312325829845,-0.5498909925314214,-0.6586974704539651,-0.31679235383650955,-0.48584923172746025,-0.19390430863259123,-0.19473719256359964,-0.5454591245138511,-0.28378320797232354,0.32441586554464696,-0.9367511395418027,-0.44690291629477147,-0.7611141943048213,-0.4167327248757193,-0.2757577768833604,1.0255824212919622,1.2098924975127028,-1.1726039399558572,-0.49430000374546906,-0.2968260885977624,0.2968260885977624,0.11010830237679105,0.0,0.0,-0.2992479247016861,-0.6679414345580463,-0.5904853370513873,-0.011928404810740673,-0.6046659617015194,-0.9018959917281483,0.11208827670505819,-0.5508448775795894,"Transición Urbana (Vulnerabilidad Media, Servicios Básicos)",Alta,"<b>AMPLIACION JOSE IGNACIO DIAZ SECCION 3</b><hr>Tipología: Transición Urbana (Vulnerabilidad Media, Servicios Básicos)<br>Pob: 668.0<br>Score Infra: Alta"
AMPLIACION KENNEDY,-0.4870204208247335,-0.39663060868262456,-0.3514260529590825,-0.29743642730393566,-0.5498909925314214,-0.6586974704539651,-0.31679235383650955,-0.48584923172746025,0.08347617919897267,-0.19473719256359964,-0.42414775790578235,-0.28378320797232354,-1.0337319105490443,-1.2349599477828588,-0.44690291629477147,-0.7611141943048213,-0.4167327248757193,-0.2757577768833604,2.6410668946896796,-0.6477192617689459,-1.1726039399558572,-0.49430000374546906,-0.2968260885977624,0.2968260885977624,1.1570767620354865,0.0,0.0,-0.365993121222187,0.24598523670771466,0.6210999050201294,2.090368325665129,-0.6046659617015194,-0.9018959917281483,-1.3422345080342082,1.8153931182840382,"Núcleo Consolidado (Alto Estándar, Alta Infraestructura)",Muy Alta,"<b>AMPLIACION KENNEDY</b><hr>Tipología: Núcleo Consolidado (Alto Estándar, Alta Infraestructura)<br>Pob: 500.0<br>Score Infra: Muy Alta"
AMPLIACION LAS PALMAS,-0.23798113496376608,-0.22446398325808867,-0.3133147800925154,-0.5030916920331127,-0.15505647173124384,0.035111805461298766,-0.31679235383650955,-0.48584923172746025,0.7306973174726218,0.7634318624804068,0.5584743116195752,-0.28378320797232354,0.32441586554464696,0.055902402077212775,-0.44690291629477147,0.09128950595162452,-0.4167327248757193,-0.2757577768833604,0.625163192842955,0.06082871054222398,0.8528028654224415,-0.49430000374546906,-0.2968260885977624,0.2968260885977624,0.275475628312626,0.0,0.0,-0.26284145387232205,0.09560434784718207,0.0015632297821493884,-0.0999901306074941,0.5232722080805532,0.39709002759836504,0.2355325797430466,-0.5508448775795894,"Transición Urbana (Vulnerabilidad Media, Servicios Básicos)",Alta,"<b>AMPLIACION LAS PALMAS</b><hr>Tipología: Transición Urbana (Vulnerabilidad Media, Servicios Básicos)<br>Pob: 1750.0<br>Score Infra: Alta"
AMPLIACION LOS ALAMOS,-0.4282471493615452,-0.39663060868262456,-0.37429281667902287,-0.5633699592813196,-0.5498909925314214,-0.6586974704539651,-0.31679235383650955,-0.48584923172746025,-0.47128479646415516,0.3801642404628043,-0.5454591245138511,-0.28378320797232354,-1.0337319105490443,-0.7572067359641433,-0.44690291629477147,-0.7611141943048213,-0.4167327248757193,-0.2757577768833604,0.11735183415858216,-0.6477192617689459,-1.1726039399558572,-0.49430000374546906,-0.2968260885977624,0.2968260885977624,-0.4783416626416347,0.0,0.0,-0.347789885807505,0.34974806164291855,-0.003050074977136561,0.018581726876076555,-0.6046659617015194,-0.9018959917281483,1.2114870485020042,-0.5508448775795894,"Transición Urbana (Vulnerabilidad Media, Servicios Básicos)",Baja,"<b>AMPLIACION LOS ALAMOS</b><hr>Tipología: Transición Urbana (Vulnerabilidad Media, Servicios Básicos)<br>Pob: 795.0<br>Score Infra: Baja"
AMPLIACION LOS PLATANOS,-0.3754508207590201,-0.3520763062564667,-0.32855928923914224,-0.2867990860248403,-0.5498909925314214,-0.6586974704539651,-0.31679235383650955,-0.48584923172746025,-0.5637449590746765,-0.38637100357240095,-0.4362788945665892,-0.28378320797232354,0.32441586554464696,-0.4610616564998425,-0.44690291629477147,-0.7611141943048213,-0.4167327248757193,-0.2757577768833604,-0.3168192066501112,0.5224396487204293,-1.1726039399558572,-0.49430000374546906,-0.2968260885977624,0.2968260885977624,-0.7596808794935098,0.0,0.0,-0.347789885807505,0.9607958200127663,0.5025114138762639,-0.1874855430550722,-0.6046659617015194,-0.9018959917281483,0.8603719761863815,-0.5508448775795894,"Transición Urbana (Vulnerabilidad Media, Servicios Básicos)",Baja,"<b>AMPLIACION LOS PLATANOS</b><hr>Tipología: Transición Urbana (Vulnerabilidad Media, Servicios Básicos)<br>Pob: 1060.0<br>Score Infra: Baja"
AMPLIACION PALMAR,-0.31647831786714303,-0.2976210477356071,-0.35904830753239597,-0.6378313482349872,-0.15505647173124384,0.035111805461298766,-0.31679235383650955,-0.48584923172746025,-0.008983983411548631,-0.38637100357240095,-0.5030001462010271,-0.28378320797232354,0.32441586554464696,-0.20722301695901268,-0.44690291629477147,0.33803794549954314,-0.4167327248757193,-0.2757577768833604,0.2032655383468748,0.2668163872561543,0.8528028654224415,-0.49430000374546906,-0.2968260885977624,0.2968260885977624,0.12514169564368496,0.0,0.0,-0.30531566983991343,0.2753847106902107,0.0827705606136934,0.026687086686147554,0.5232722080805532,0.39709002759836504,0.507525567222259,-0.5508448775795894,"Transición Urbana (Vulnerabilidad Media, Servicios Básicos)",Alta,"<b>AMPLIACION PALMAR</b><hr>Tipología: Transición Urbana (Vulnerabilidad Media, Servicios Básicos)<br>Pob: 1356.0<br>Score Infra: Alta"
AMPLIACION PANAMERICANO,-0.27882357784496475,-0.2162131865125039,-0.32855928923914224,-0.5828717516263279,-0.5498909925314214,-0.6586974704539651,-0.31679235383650955,-0.48584923172746025,-0.6562051216851977,-0.19473719256359964,-0.21791843467206531,-0.28378320797232354,0.32441586554464696,-0.07308064646995663,-0.44690291629477147,-0.7611141943048213,-0.4167327248757193,-0.2757577768833604,-0.6435981172234387,0.1551363215678788,-1.1726039399558572,-0.49430000374546906,-0.2968260885977624,0.2968260885977624,-0.9712221990348053,0.0,0.0,-0.06260586431081942,-0.9108467213004408,-0.7217142135805583,-0.5008691926549332,-0.6046659617015194,-0.9018959917281483,-0.6045119621087304,-0.5508448775795894,"Transición Urbana (Vulnerabilidad Media, Servicios Básicos)",Muy Baja,"<b>AMPLIACION PANAMERICANO</b><hr>Tipología: Transición Urbana (Vulnerabilidad Media, Servicios Básicos)<br>Pob: 1545.0<br>Score Infra: Muy Baja"
AMPLIACION PARQUE SAN CARLOS,-0.37345850647213236,-0.33557471276529716,-0.37429281667902287,-0.6892451644172815,-0.5498909925314214,-0.6586974704539651,-0.31679235383650955,-0.48584923172746025,-0.6562051216851977,-0.38637100357240095,-0.5454591245138511,-0.28378320797232354,-1.0337319105490443,-0.45177487700444596,-0.44690291629477147,-0.7611141943048213,-0.4167327248757193,-0.2757577768833604,-0.46716818897962337,-0.6477192617689459,-1.1726039399558572,-0.49430000374546906,-0.2968260885977624,0.2968260885977624,-0.8568610288259323,0.0,0.0,-0.33565439553105025,0.5352634165726807,0.33682796014674593,-0.3082164701823735,-0.6046659617015194,-0.9018959917281483,0.2860876098792209,-0.5508448775795894,"Transición Urbana (Vulnerabilidad Media, Servicios Básicos)",Muy Baja,"<b>AMPLIACION PARQUE SAN CARLOS</b><hr>Tipología: Transición Urbana (Vulnerabilidad Media, Servicios Básicos)<br>Pob: 1070.0<br>Score Infra: Muy Baja"
AMPLIACION POETA LUGONES,-0.02281119197989018,-0.04514666732071266,-0.3895373258256497,-0.8753986368014502,-0.35247373213133265,-0.31179283249633316,-0.31679235383650955,-0.48584923172746025,-0.19390430863259123,-0.38637100357240095,0.34617942005545477,-0.28378320797232354,0.32441586554464696,0.5511973084983437,-0.44690291629477147,-0.49941130387521077,-0.4167327248757193,-0.2757577768833604,-0.553081893167916,-0.2096852263471544,0.8528028654224415,-0.49430000374546906,-0.2968260885977624,0.2968260885977624,-0.782230969393851,0.0,0.0,-0.10508008027841091,-0.2848286643733264,-0.2895221672765114,-0.47110234723890854,-0.040696876810483125,0.39709002759836504,0.16939551977037953,-0.5508448775795894,"Transición Urbana (Vulnerabilidad Media, Servicios Básicos)",Baja,"<b>AMPLIACION POETA LUGONES</b><hr>Tipología: Transición Urbana (Vulnerabilidad Media, Servicios Básicos)<br>Pob: 2830.0<br>Score Infra: Baja"
AMPLIACION PRIMERO DE MAYO,-0.2499350206850925,-0.2926705696882562,-0.09989165203973924,0.90458313723384,0.04236078866884495,-0.6586974704539651,0.7550941036651048,-0.48584923172746025,-0.47128479646415516,-0.19473719256359964,-0.5454591245138511,-0.28378320797232354,0.32441586554464696,0.019787148484005198,3.286924956751673,0.5698319341657697,-0.4167327248757193,-0.2757577768833604,-0.4963174814720799,0.08688739253615492,0.8528028654224415,-0.49430000374546906,-0.2968260885977624,0.2968260885977624,-0.21257274595904285,0.0,0.0,-0.32351890525459553,1.2144382763538057,0.42953389382776913,-0.0157864145019972,-1.0276427753697968,0.39709002759836504,1.8512159401224315,-0.5508448775795894,"Transición Urbana (Vulnerabilidad Media, Servicios Básicos)",Media,"<b>AMPLIACION PRIMERO DE MAYO</b><hr>Tipología: Transición Urbana (Vulnerabilidad Media, Servicios Básicos)<br>Pob: 1690.0<br>Score Infra: Media"
AMPLIACION PUEYRREDON,-0.2262264806711284,-0.2024618586031959,-0.2980702709458885,-0.469406777982644,0.4371953094690225,0.7289210813765625,0.040503131997361934,-0.48584923172746025,0.2683965044200153,0.18853042945400297,-0.4362788945665892,-0.28378320797232354,0.32441586554464696,0.08995392689366587,0.2998626583145174,1.3026000273686793,-0.4167327248757193,-0.2757577768833604,0.14650112665103868,0.038492697404568926,0.8528028654224415,-0.49430000374546906,-0.2968260885977624,0.2968260885977624,0.5691637039194496,0.0,0.0,-0.26284145387232205,0.1488391803455439,0.09925624668321764,-0.015821809086320648,0.24128766563503504,0.39709002759836504,-0.007027684711681692,1.8153931182840382,"Núcleo Consolidado (Alto Estándar, Alta Infraestructura)",Alta,"<b>AMPLIACION PUEYRREDON</b><hr>Tipología: Núcleo Consolidado (Alto Estándar, Alta Infraestructura)<br>Pob: 1809.0<br>Score Infra: Alta"
AMPLIACION RESIDENCIAL AMERICA,0.5067459454748711,0.37509391358773914,-0.0008023425866645948,-0.3311213413544043,0.8320298302692002,0.7289210813765625,0.7550941036651048,-0.48584923172746025,-0.19390430863259123,-0.5780048145812022,0.26126146342980655,-0.28378320797232354,1.682563641638338,1.2353233979925304,1.154909241242153,0.19597066212346886,-0.4167327248757193,-0.2757577768833604,-0.789344579685721,-0.19603544054080957,0.8528028654224415,-0.49430000374546906,-0.2968260885977624,0.2968260885977624,-0.5889444845337841,0.0,0.0,-0.04440262889613742,0.44694510705726254,0.2748553902406147,-0.4597052910867564,-0.46367369047876034,0.39709002759836504,0.2568280205195854,-0.5508448775795894,"Transición Urbana (Vulnerabilidad Media, Servicios Básicos)",Baja,"<b>AMPLIACION RESIDENCIAL AMERICA</b><hr>Tipología: Transición Urbana (Vulnerabilidad Media, Servicios Básicos)<br>Pob: 5488.0<br>Score Infra: Baja"
AMPLIACION ROSEDAL,0.03556361662592059,-0.058897995230020636,-0.09989165203973924,-0.047458907245194644,-0.5498909925314214,-0.6586974704539651,-0.31679235383650955,1.9142459730061934,-0.28636447124311254,-0.19473719256359964,1.1286377346774987,-0.28378320797232354,0.32441586554464696,0.6533518829477021,-0.44690291629477147,-0.7611141943048213,1.3358074565141291,-0.2757577768833604,-0.6482006370906688,-0.2506345837661887,-1.1726039399558572,2.0230629019273323,-0.2968260885977624,0.2968260885977624,-0.401027068697608,0.0,0.0,-0.20823174762827587,0.5419254672425157,0.17756333977370597,-0.36063584956540884,-0.6046659617015194,0.39709002759836504,0.9718700563497246,-0.5508448775795894,"Transición Urbana (Vulnerabilidad Media, Servicios Básicos)",Media,"<b>AMPLIACION ROSEDAL</b><hr>Tipología: Transición Urbana (Vulnerabilidad Media, Servicios Básicos)<br>Pob: 3123.0<br>Score Infra: Media"
AMPLIACION SAN FERNANDO,0.08576993665549162,0.04341188441523071,-0.03891361545323176,-0.06696069959020286,-0.5498909925314214,-0.6586974704539651,-0.31679235383650955,-0.48584923172746025,-0.5637449590746765,-0.5780048145812022,-0.06021365808157583,-0.28378320797232354,-1.0337319105490443,0.7328054408527583,-0.44690291629477147,-0.7611141943048213,-0.4167327248757193,-0.2757577768833604,-0.8138913523109476,-0.6477192617689459,-1.1726039399558572,-0.49430000374546906,-0.2968260885977624,0.2968260885977624,-1.0818250209269547,0.0,0.0,-0.18396076707536646,0.46215779557357767,0.3090249431082457,-0.5042670727499848,-0.6046659617015194,-0.9018959917281483,0.17268505940252787,-0.5508448775795894,"Transición Urbana (Vulnerabilidad Media, Servicios Básicos)",Muy Baja,"<b>AMPLIACION SAN FERNANDO</b><hr>Tipología: Transición Urbana (Vulnerabilidad Media, Servicios Básicos)<br>Pob: 3375.0<br>Score Infra: Muy Baja"
AMPLIACION SAN PABLO,-0.1389631149054454,-0.10235219142343384,-0.3895373258256497,-0.8700799661619026,0.23977804906893374,0.7289210813765625,-0.31679235383650955,-0.48584923172746025,-0.5637449590746765,-0.38637100357240095,-0.14513161470722402,-0.28378320797232354,0.32441586554464696,0.3138684991715516,-0.44690291629477147,0.5698319341657697,-0.4167327248757193,-0.2757577768833604,-0.6988283556301984,-0.09552338142136164,0.8528028654224415,-0.49430000374546906,-0.2968260885977624,0.2968260885977624,-0.3441149370443661,0.0,0.0,-0.29318017956345876,1.1072166836699069,1.0424011457312963,-0.20712953735458914,1.6512103778626257,0.39709002759836504,-0.3777068611553443,-0.5508448775795894,"Transición Urbana (Vulnerabilidad Media, Servicios Básicos)",Media,"<b>AMPLIACION SAN PABLO</b><hr>Tipología: Transición Urbana (Vulnerabilidad Media, Servicios Básicos)<br>Pob: 2247.0<br>Score Infra: Media"
AMPLIACION URCA,-0.17641862349893492,-0.16010776864252735,-0.38191507125233626,-0.8328492716850687,-0.5498909925314214,-0.6586974704539651,-0.31679235383650955,-0.48584923172746025,-1.0260457721272829,-0.7696386255900036,-0.5454591245138511,-0.28378320797232354,-1.0337319105490443,0.22306443299434423,-0.44690291629477147,-0.7611141943048213,-0.4167327248757193,-0.2757577768833604,-1.0409489990942924,-0.6477192617689459,-1.1726039399558572,-0.49430000374546906,-0.2968260885977624,-3.3689761055846037,-1.228937512181561,0.0,0.0,-0.09901233514018355,-0.6288045457951559,-0.5435639505769082,-0.5312023514201333,-0.6046659617015194,-2.20049239317244,-0.012048560992328991,-0.5508448775795894,"Transición Urbana (Vulnerabilidad Media, Servicios Básicos)",Muy Baja,"<b>AMPLIACION URCA</b><hr>Tipología: Transición Urbana (Vulnerabilidad Media, Servicios Básicos)<br>Pob: 2059.0<br>Score Infra: Muy Baja"
AMPLIACION VELEZ SARSFIELD,-0.2628850635498628,-0.2596673827059171,-0.2980702709458885,-0.36480625540487294,-0.5498909925314214,-0.6586974704539651,-0.31679235383650955,-0.48584923172746025,-0.10144414602206994,-0.003103381554798346,-0.24824627632408253,-0.28378320797232354,-1.0337319105490443,-0.020455562662711348,-0.44690291629477147,-0.7611141943048213,-0.4167327248757193,-0.2757577768833604,-0.09743242631214946,-0.6477192617689459,-1.1726039399558572,-0.49430000374546906,-0.2968260885977624,0.2968260885977624,-0.6174005503604051,0.0,0.0,-0.28711243442523143,0.2914952589306904,0.0761184387168592,-0.319011818401027,-0.6046659617015194,-0.9018959917281483,0.595477468966015,-0.5508448775795894,"Transición Urbana (Vulnerabilidad Media, Servicios Básicos)",Baja,"<b>AMPLIACION VELEZ SARSFIELD</b><hr>Tipología: Transición Urbana (Vulnerabilidad Media, Servicios Básicos)<br>Pob: 1625.0<br>Score Infra: Baja"
ANA MARIA ZUMARAN,0.11904158524651688,0.1523224014569499,-0.13038067033299297,-0.38430804774988114,0.8320298302692002,0.7289210813765625,0.7550941036651048,-0.48584923172746025,-0.47128479646415516,-0.003103381554798346,1.0861787563646748,-0.28378320797232354,0.32441586554464696,0.7833667958832482,1.154909241242153,0.71937644298269,-0.4167327248757193,-0.2757577768833604,-0.7816737132403376,-0.29778838927901613,0.8528028654224415,-0.49430000374546906,-0.2968260885977624,0.2968260885977624,-0.3231755678511923,0.0,0.0,-0.15968978652245705,0.3542444576409656,0.43104625293492477,-0.38190799474380466,-0.46367369047876034,0.39709002759836504,-0.5517061943295071,-0.5508448775795894,"Transición Urbana (Vulnerabilidad Media, Servicios Básicos)",Media,"<b>ANA MARIA ZUMARAN</b><hr>Tipología: Transición Urbana (Vulnerabilidad Media, Servicios Básicos)<br>Pob: 3542.0<br>Score Infra: Media"
ANEXO LOS ALAMOS,-0.4358179436517186,-0.3867296525879228,-0.38191507125233626,-0.6732891524986384,-0.5498909925314214,-0.6586974704539651,-0.31679235383650955,-0.48584923172746025,-0.37882463385363385,-0.19473719256359964,-0.5454591245138511,-0.28378320797232354,-1.0337319105490443,-0.8077680909946332,-0.44690291629477147,-0.7611141943048213,-0.4167327248757193,-0.2757577768833604,0.3781612933016136,-0.6477192617689459,-1.1726039399558572,-0.49430000374546906,-0.2968260885977624,0.2968260885977624,-0.3092159883890762,0.0,0.0,-0.37812861149864163,2.444027751835972,1.8101056475294781,0.9845707222317812,-0.6046659617015194,-0.9018959917281483,0.341490382631193,-0.5508448775795894,"Transición Urbana (Vulnerabilidad Media, Servicios Básicos)",Media,"<b>ANEXO LOS ALAMOS</b><hr>Tipología: Transición Urbana (Vulnerabilidad Media, Servicios Básicos)<br>Pob: 757.0<br>Score Infra: Media"
APEADERO LA TABLADA,-0.4870204208247335,-0.39663060868262456,-0.38191507125233626,-0.6520144699404476,-0.5498909925314214,-0.6586974704539651,-0.31679235383650955,-0.48584923172746025,-0.8411254469062404,-0.38637100357240095,-0.3452953696105376,-0.28378320797232354,-1.0337319105490443,-1.2349599477828588,-0.44690291629477147,-0.7611141943048213,-0.4167327248757193,-0.2757577768833604,-0.4272796834636304,-0.6477192617689459,-1.1726039399558572,-0.49430000374546906,-0.2968260885977624,0.2968260885977624,-0.8310894975112567,0.0,0.0,-0.347789885807505,-0.330474885680312,-0.003050074977136561,-0.2397987386851371,-0.6046659617015194,-0.9018959917281483,-1.3422345080342082,-0.5508448775795894,"Transición Urbana (Vulnerabilidad Media, Servicios Básicos)",Muy Baja,"<b>APEADERO LA TABLADA</b><hr>Tipología: Transición Urbana (Vulnerabilidad Media, Servicios Básicos)<br>Pob: 500.0<br>Score Infra: Muy Baja"
ARGUELLO,2.3749390522895046,1.8882900367279891,0.25835431290599215,-0.5633699592813196,4.18812325707071,1.0758257193341945,6.471821877007048,-0.48584923172746025,0.3608566670305366,-0.19473719256359964,2.6874887955911833,-0.28378320797232354,0.32441586554464696,2.263060328816375,2.5102887591580125,0.44271910167138745,-0.4167327248757193,-0.2757577768833604,-0.8859974968975503,-0.5645796573121187,0.8528028654224415,-0.49430000374546906,-0.2968260885977624,0.2968260885977624,-0.5288109114662078,0.0,0.0,2.61933748678567,-0.8639436001424501,-0.7602267081579364,-0.5219289703273884,-0.9994443211252448,0.39709002759836504,0.2403803223588436,-0.5508448775795894,"Transición Urbana (Vulnerabilidad Media, Servicios Básicos)",Baja,"<b>ARGUELLO</b><hr>Tipología: Transición Urbana (Vulnerabilidad Media, Servicios Básicos)<br>Pob: 14865.0<br>Score Infra: Baja"
ARGUELLO II,-0.0532936005692726,-0.16395814045713358,0.2888433311992459,1.6722445995418886,-0.15505647173124384,0.035111805461298766,-0.31679235383650955,-0.48584923172746025,-0.7486652842957191,-0.5780048145812022,-0.5454591245138511,-0.28378320797232354,-1.0337319105490443,0.49444476713758856,-0.44690291629477147,-0.20032228624137005,-0.4167327248757193,-0.2757577768833604,-0.869121590717707,-0.6477192617689459,0.8528028654224415,-0.49430000374546906,-0.2968260885977624,0.2968260885977624,-0.8380692872423147,0.0,0.0,-0.19609625735182115,0.1505641335472667,-0.22205330138406218,-0.45542254638361845,0.5232722080805532,0.39709002759836504,1.7689774493187225,-0.5508448775795894,"Transición Urbana (Vulnerabilidad Media, Servicios Básicos)",Muy Baja,"<b>ARGUELLO II</b><hr>Tipología: Transición Urbana (Vulnerabilidad Media, Servicios Básicos)<br>Pob: 2677.0<br>Score Infra: Muy Baja"
ARGUELLO NORTE,2.516194135229845,1.7370254297256014,3.7036133800436644,1.4240399696963304,2.016533392669733,3.157253547079986,0.3977986178312334,-0.48584923172746025,0.8231574800831432,-0.19473719256359964,-0.1875905930200481,2.831525786212739,0.32441586554464696,2.3105260906817344,0.12810657615438095,-0.14050448271460195,-0.4167327248757193,1.4702709366687996,-0.8445748180924805,-0.5683023261683945,0.8528028654224415,-0.49430000374546906,3.368976105584603,0.2968260885977624,-0.5476026530498254,0.0,0.0,1.4057884591401995,-0.39882991251284167,-0.482451733977808,-0.516124258498342,1.0872412929715896,0.39709002759836504,0.9398403283524908,-0.5508448775795894,"Transición Urbana (Vulnerabilidad Media, Servicios Básicos)",Baja,"<b>ARGUELLO NORTE</b><hr>Tipología: Transición Urbana (Vulnerabilidad Media, Servicios Básicos)<br>Pob: 15574.0<br>Score Infra: Baja"
ARTURO CAPDEVILA,-0.22443339781292942,-0.24041552363288593,-0.3514260529590825,-0.6608789210063605,0.23977804906893374,0.7289210813765625,-0.31679235383650955,-0.48584923172746025,0.6382371548621005,-0.19473719256359964,-0.39988548458416856,-0.28378320797232354,-1.0337319105490443,0.09511324883555253,-0.44690291629477147,0.8838754026813025,-0.4167327248757193,-0.2757577768833604,0.4778825570915962,-0.6477192617689459,0.8528028654224415,-0.49430000374546906,-0.2968260885977624,0.2968260885977624,0.5750696798457297,0.0,0.0,-0.3113834149781408,1.0318157044678469,0.5611815437902072,0.2616363374252348,1.6512103778626257,0.39709002759836504,0.8326705898103954,1.8153931182840382,"Núcleo Consolidado (Alto Estándar, Alta Infraestructura)",Alta,"<b>ARTURO CAPDEVILA</b><hr>Tipología: Núcleo Consolidado (Alto Estándar, Alta Infraestructura)<br>Pob: 1818.0<br>Score Infra: Alta"
ATE,-0.3937801121983873,-0.328424022252457,-0.35904830753239597,-0.5899633124790581,-0.5498909925314214,-0.6586974704539651,-0.31679235383650955,-0.48584923172746025,0.17593634180949397,0.7634318624804068,0.6009332899323994,-0.28378320797232354,0.32441586554464696,-0.5549613158421811,-0.44690291629477147,-0.7611141943048213,-0.4167327248757193,-0.2757577768833604,1.0194457281356553,0.6341197144087047,-1.1726039399558572,-0.49430000374546906,-0.2968260885977624,0.2968260885977624,0.1063499540600675,0.0,0.0,-0.29318017956345876,-0.36736833915784334,-0.24022705726486798,-0.04215537982297038,-0.6046659617015194,-0.9018959917281483,-0.4978616245611843,-0.5508448775795894,"Transición Urbana (Vulnerabilidad Media, Servicios Básicos)",Alta,"<b>ATE</b><hr>Tipología: Transición Urbana (Vulnerabilidad Media, Servicios Básicos)<br>Pob: 968.0<br>Score Infra: Alta"
AVENIDA,-0.3632977036090049,-0.31302253499403204,-0.37429281667902287,-0.7158385176150199,0.04236078866884495,-0.6586974704539651,0.7550941036651048,-0.48584923172746025,-0.5637449590746765,0.18853042945400297,-0.10873820472480336,-0.28378320797232354,-1.0337319105490443,-0.4032772507507106,3.286924956751673,1.2427822238419113,-0.4167327248757193,-0.2757577768833604,-0.35670771216610425,-0.6477192617689459,0.8528028654224415,-0.49430000374546906,-0.2968260885977624,0.2968260885977624,0.21319442763549334,0.0,0.0,-0.30531566983991343,-0.02941858755695068,-0.015533062218912243,0.0630019302020113,-1.0276427753697968,0.39709002759836504,-0.1567883048068562,-0.5508448775795894,"Transición Urbana (Vulnerabilidad Media, Servicios Básicos)",Alta,"<b>AVENIDA</b><hr>Tipología: Transición Urbana (Vulnerabilidad Media, Servicios Básicos)<br>Pob: 1121.0<br>Score Infra: Alta"
AYACUCHO,0.2812159681991789,0.2826849900371895,-0.29044801637257506,-0.7317945295336629,0.23977804906893374,0.035111805461298766,0.3977986178312334,-0.48584923172746025,2.4874404070725267,0.7634318624804068,0.5766710166107856,-0.28378320797232354,1.682563641638338,0.9969627242773615,1.4200110202284506,-0.07320945374698774,-0.4167327248757193,-0.2757577768833604,0.2968501089805509,-0.07815092675874105,0.8528028654224415,-0.49430000374546906,-0.2968260885977624,0.2968260885977624,-0.01928626109897598,0.0,0.0,0.010207077347908784,-0.1540102639080876,-0.0659240048443947,-0.41394009355653044,-0.6046659617015194,0.39709002759836504,-0.41510373276292595,-0.5508448775795894,"Transición Urbana (Vulnerabilidad Media, Servicios Básicos)",Alta,"<b>AYACUCHO</b><hr>Tipología: Transición Urbana (Vulnerabilidad Media, Servicios Básicos)<br>Pob: 4356.0<br>Score Infra: Alta"
BAJADA DE PIEDRA,-0.40951939506480045,-0.38287928077331657,-0.2066032160661273,1.1315130845212078,-0.5498909925314214,-0.6586974704539651,-0.31679235383650955,-0.48584923172746025,0.08347617919897267,-0.003103381554798346,-0.4302133262361858,-0.28378320797232354,0.32441586554464696,-0.6426697888542563,-0.44690291629477147,-0.7611141943048213,-0.4167327248757193,-0.2757577768833604,1.030184941159192,0.7482815593344975,-1.1726039399558572,-0.49430000374546906,-0.2968260885977624,0.2968260885977624,0.11332974379112544,0.0,0.0,-0.25070596359586733,-0.7454339610223251,-0.7457885461182684,-0.17725650818559402,-0.6046659617015194,-0.9018959917281483,1.1701081026028746,-0.5508448775795894,"Transición Urbana (Vulnerabilidad Media, Servicios Básicos)",Alta,"<b>BAJADA DE PIEDRA</b><hr>Tipología: Transición Urbana (Vulnerabilidad Media, Servicios Básicos)<br>Pob: 889.0<br>Score Infra: Alta"
BAJADA SAN ROQUE,-0.4870204208247335,-0.39663060868262456,-0.38191507125233626,-0.6520144699404476,-0.35247373213133265,-0.31179283249633316,-0.31679235383650955,-0.48584923172746025,-0.6562051216851977,-0.19473719256359964,-0.5454591245138511,-0.28378320797232354,-1.0337319105490443,-1.2349599477828588,-0.44690291629477147,0.7343308938643821,-0.4167327248757193,-0.2757577768833604,0.18638963216703167,-0.6477192617689459,0.8528028654224415,-0.49430000374546906,-0.2968260885977624,0.2968260885977624,0.31144839077269393,0.0,0.0,-0.3720608663604143,0.5918613267425825,0.9955899154878886,1.4997388970596535,-0.040696876810483125,0.39709002759836504,-1.3422345080342082,1.8153931182840382,"Núcleo Consolidado (Alto Estándar, Alta Infraestructura)",Alta,"<b>BAJADA SAN ROQUE</b><hr>Tipología: Núcleo Consolidado (Alto Estándar, Alta Infraestructura)<br>Pob: 500.0<br>Score Infra: Alta"
BAJO GALAN,-0.4252586779312136,-0.34107524392902033,-0.35904830753239597,-0.5651428494945022,-0.35247373213133265,-0.31179283249633316,-0.31679235383650955,-0.48584923172746025,1.655298943577835,2.488136161559619,-0.199721729680855,2.831525786212739,0.32441586554464696,-0.7386331769733503,-0.44690291629477147,0.15858453491923874,-0.4167327248757193,3.976094957602642,2.6410668946896796,0.8847794173979452,0.8528028654224415,-0.49430000374546906,3.368976105584603,0.2968260885977624,2.212098825230018,0.0,0.0,-0.2992479247016861,-0.494596483622629,-0.25674869437359965,0.8031734775740799,-0.040696876810483125,0.39709002759836504,-1.0115492081708752,1.8153931182840382,"Núcleo Consolidado (Alto Estándar, Alta Infraestructura)",Muy Alta,"<b>BAJO GALAN</b><hr>Tipología: Núcleo Consolidado (Alto Estándar, Alta Infraestructura)<br>Pob: 810.0<br>Score Infra: Muy Alta"
BAJO GENERAL PAZ,-0.34297609788274996,-0.2739687637315974,-0.3514260529590825,-0.6254211167427093,0.23977804906893374,0.3820164434189307,0.040503131997361934,-0.48584923172746025,2.02513959401992,1.3383332955068108,-0.41201662124497546,-0.28378320797232354,0.32441586554464696,-0.31350504896188003,0.48655405196683954,1.6839385248518262,-0.4167327248757193,-0.2757577768833604,2.6410668946896796,0.3673284463756022,0.8528028654224415,-0.49430000374546906,-0.2968260885977624,0.2968260885977624,2.3758554304586856,0.0,0.0,-0.31745116011636815,0.32948961522821907,0.44589212222860375,1.1662157289797468,-0.040696876810483125,0.39709002759836504,-0.6647624774764995,1.8153931182840382,"Núcleo Consolidado (Alto Estándar, Alta Infraestructura)",Muy Alta,"<b>BAJO GENERAL PAZ</b><hr>Tipología: Núcleo Consolidado (Alto Estándar, Alta Infraestructura)<br>Pob: 1223.0<br>Score Infra: Muy Alta"
BARRANCAS DEL SUR,-0.4870204208247335,-0.39663060868262456,-0.4047818349722766,-0.9179480019178317,-0.5498909925314214,-0.6586974704539651,-0.31679235383650955,-0.48584923172746025,-0.7486652842957191,-0.38637100357240095,-0.5454591245138511,-0.28378320797232354,-1.0337319105490443,-1.2349599477828588,-0.44690291629477147,-0.7611141943048213,-0.4167327248757193,-0.2757577768833604,-0.12044502564829934,-0.6477192617689459,-1.1726039399558572,-0.49430000374546906,-0.2968260885977624,0.2968260885977624,-0.6324339436272991,0.0,0.0,-0.32958665039282287,-0.6187049572506077,-0.3151250368890203,-0.20351928975359684,-0.6046659617015194,-0.9018959917281483,-1.3422345080342082,-0.5508448775795894,"Transición Urbana (Vulnerabilidad Media, Servicios Básicos)",Baja,"<b>BARRANCAS DEL SUR</b><hr>Tipología: Transición Urbana (Vulnerabilidad Media, Servicios Básicos)<br>Pob: 500.0<br>Score Infra: Baja"
BELLA VISTA,0.33122305680006114,0.24363121877475485,0.4946442046787086,0.6156020324850828,0.4371953094690225,1.0758257193341945,-0.31679235383650955,-0.48584923172746025,-0.19390430863259123,0.18853042945400297,0.9648673897566059,-0.28378320797232354,-1.0337319105490443,1.0547471300264926,-0.44690291629477147,0.05390337874739457,-0.4167327248757193,-0.2757577768833604,-0.7417852077243446,-0.6477192617689459,0.8528028654224415,-0.49430000374546906,-0.2968260885977624,0.2968260885977624,-0.6286755953105757,0.0,0.0,-0.08687684486372885,0.35520227152537764,0.22212403496273356,-0.45510399512470734,2.215179462753662,0.39709002759836504,0.17718653468862589,-0.5508448775795894,"Transición Urbana (Vulnerabilidad Media, Servicios Básicos)",Baja,"<b>BELLA VISTA</b><hr>Tipología: Transición Urbana (Vulnerabilidad Media, Servicios Básicos)<br>Pob: 4607.0<br>Score Infra: Baja"
BELLA VISTA OESTE,-0.2224410835260417,-0.2140129740470146,-0.19135870691950044,0.014592250216194898,-0.5498909925314214,-0.6586974704539651,-0.31679235383650955,-0.48584923172746025,-0.6562051216851977,-0.5780048145812022,-0.3574265062713445,-0.28378320797232354,0.32441586554464696,0.10130443516581598,-0.44690291629477147,-0.7611141943048213,-0.4167327248757193,-0.2757577768833604,-0.7049650487865049,0.031047359692017166,-1.1726039399558572,-0.49430000374546906,-0.2968260885977624,0.2968260885977624,-1.0109533098115968,0.0,0.0,-0.2992479247016861,0.748115938586787,0.5065500637432196,-0.44668008405572535,-0.6046659617015194,-0.9018959917281483,0.2784697286258248,-0.5508448775795894,"Transición Urbana (Vulnerabilidad Media, Servicios Básicos)",Muy Baja,"<b>BELLA VISTA OESTE</b><hr>Tipología: Transición Urbana (Vulnerabilidad Media, Servicios Básicos)<br>Pob: 1828.0<br>Score Infra: Muy Baja"
BETANIA,-0.18976712922108277,-0.24261573609837522,0.09066471229309661,1.4825453467313545,-0.5498909925314214,-0.6586974704539651,-0.31679235383650955,-0.48584923172746025,-0.10144414602206994,-0.38637100357240095,-0.45447559955779954,-0.28378320797232354,4.398859193825721,0.18901290817789204,-0.44690291629477147,-0.7611141943048213,-0.4167327248757193,-0.2757577768833604,-0.2707940079778116,1.8439870926983555,-1.1726039399558572,-0.49430000374546906,-0.2968260885977624,0.2968260885977624,-0.7296140929597217,0.0,0.0,0.1558329606653652,-1.0340570239157802,-0.9582709280949653,-0.4954184266691214,-0.6046659617015194,-0.9018959917281483,1.514470961989352,-0.5508448775795894,"Transición Urbana (Vulnerabilidad Media, Servicios Básicos)",Baja,"<b>BETANIA</b><hr>Tipología: Transición Urbana (Vulnerabilidad Media, Servicios Básicos)<br>Pob: 1992.0<br>Score Infra: Baja"
BH_CAMINO A 60 CUADRAS,-0.2648773778367505,-0.2745188168479697,0.27359882205261904,2.8210774576841877,-0.5498909925314214,-0.6586974704539651,-0.31679235383650955,-0.48584923172746025,-1.0260457721272829,-0.7696386255900036,-0.5454591245138511,-0.28378320797232354,0.32441586554464696,-0.026646748992975713,-0.44690291629477147,-0.7611141943048213,-0.4167327248757193,-0.2757577768833604,-1.0409489990942924,0.12039141224263762,-1.1726039399558572,-0.49430000374546906,-0.2968260885977624,-3.3689761055846037,-1.228937512181561,0.0,0.0,-0.23250272818118525,-0.04089612566407335,-0.08106882949848238,-0.3320724200163815,-0.6046659617015194,-2.20049239317244,0.9552492245241332,-0.5508448775795894,"Transición Urbana (Vulnerabilidad Media, Servicios Básicos)",Muy Baja,"<b>BH_CAMINO A 60 CUADRAS</b><hr>Tipología: Transición Urbana (Vulnerabilidad Media, Servicios Básicos)<br>Pob: 1615.0<br>Score Infra: Muy Baja"
BIALET MASSE,-0.17004321778089415,-0.1815598401810478,-0.25233674350600793,-0.31871110986212636,-0.5498909925314214,-0.6586974704539651,-0.31679235383650955,1.9142459730061934,-0.19390430863259123,-0.38637100357240095,0.2915893050818238,-0.28378320797232354,0.32441586554464696,0.23957426320838193,-0.44690291629477147,-0.7611141943048213,2.201124171075367,-0.2757577768833604,-0.38125448479133073,-0.0545740240023273,-1.1726039399558572,2.0230629019273323,-0.2968260885977624,0.2968260885977624,0.05534379833310537,0.0,0.0,-0.27497694414877677,0.5829673792135216,0.3295327078625913,-0.12805803597599305,-0.6046659617015194,0.39709002759836504,0.45506606677273553,-0.5508448775795894,"Transición Urbana (Vulnerabilidad Media, Servicios Básicos)",Alta,"<b>BIALET MASSE</b><hr>Tipología: Transición Urbana (Vulnerabilidad Media, Servicios Básicos)<br>Pob: 2091.0<br>Score Infra: Alta"
BOEDO,-0.05588360914222666,-0.19476111497398346,0.7690453693179922,3.8972218170860016,-0.5498909925314214,-0.6586974704539651,-0.31679235383650955,-0.48584923172746025,-0.47128479646415516,-0.5780048145812022,-0.3149675279585204,-0.28378320797232354,0.32441586554464696,0.4892854451957019,-0.44690291629477147,-0.7611141943048213,-0.4167327248757193,-0.2757577768833604,-0.695760009052045,-0.1823856547344648,-1.1726039399558572,-0.49430000374546906,-0.2968260885977624,0.2968260885977624,-1.0050473338853168,0.0,0.0,-0.2689091990105494,1.0295517864008454,0.1963942132430236,-0.4641296141271881,-0.6046659617015194,-0.9018959917281483,2.4639359800262732,-0.5508448775795894,"Transición Urbana (Vulnerabilidad Media, Servicios Básicos)",Muy Baja,"<b>BOEDO</b><hr>Tipología: Transición Urbana (Vulnerabilidad Media, Servicios Básicos)<br>Pob: 2664.0<br>Score Infra: Muy Baja"
BRIGADIER SAN MARTIN,-0.4870204208247335,-0.39663060868262456,-0.4047818349722766,-0.9179480019178317,0.4371953094690225,1.0758257193341945,-0.31679235383650955,-0.48584923172746025,1.9326794314093987,-0.003103381554798346,-0.28463968630650316,-0.28378320797232354,3.0407114177320294,-1.2349599477828588,-0.44690291629477147,2.830571046205563,-0.4167327248757193,-0.2757577768833604,2.6410668946896796,6.7976184507827515,0.8528028654224415,-0.49430000374546906,-0.2968260885977624,0.2968260885977624,2.9471243746006617,0.0,0.0,-0.365993121222187,0.24598523670771466,0.6210999050201294,4.05710379818217,2.215179462753662,0.39709002759836504,-1.3422345080342082,1.8153931182840382,"Núcleo Consolidado (Alto Estándar, Alta Infraestructura)",Muy Alta,"<b>BRIGADIER SAN MARTIN</b><hr>Tipología: Núcleo Consolidado (Alto Estándar, Alta Infraestructura)<br>Pob: 500.0<br>Score Infra: Muy Alta"
CABANA DEL PILAR,-0.4870204208247335,-0.39663060868262456,-0.4047818349722766,-0.9179480019178317,-0.5498909925314214,-0.6586974704539651,-0.31679235383650955,-0.48584923172746025,0.08347617919897267,0.7634318624804068,0.1945402117953687,-0.28378320797232354,-1.0337319105490443,-1.2349599477828588,-0.44690291629477147,-0.7611141943048213,-0.4167327248757193,-0.2757577768833604,2.6410668946896796,-0.6477192617689459,-1.1726039399558572,-0.49430000374546906,-0.2968260885977624,0.2968260885977624,1.1570767620354865,0.0,0.0,-0.40239959205155107,-0.04089612566407335,-0.08106882949848238,-0.3320724200163815,-0.6046659617015194,-0.9018959917281483,-1.3422345080342082,1.8153931182840382,"Núcleo Consolidado (Alto Estándar, Alta Infraestructura)",Muy Alta,"<b>CABANA DEL PILAR</b><hr>Tipología: Núcleo Consolidado (Alto Estándar, Alta Infraestructura)<br>Pob: 500.0<br>Score Infra: Muy Alta"
CABO FARINA,0.32464841965333163,0.20512750062869253,0.799534387611246,1.2467509483780743,-0.5498909925314214,-0.6586974704539651,-0.31679235383650955,1.9142459730061934,-0.28636447124311254,-0.003103381554798346,0.3401138517250513,-0.28378320797232354,-1.0337319105490443,1.0464922149194746,-0.44690291629477147,-0.7611141943048213,0.7826619617629581,-0.2757577768833604,-0.7724686735058778,-0.6477192617689459,-1.1726039399558572,2.0230629019273323,-0.2968260885977624,0.2968260885977624,-0.6625007301610873,0.0,0.0,0.046613548177272854,-0.20066229978230013,-0.26907293530787524,-0.480729674174888,-0.6046659617015194,0.39709002759836504,0.4493526558326887,-0.5508448775795894,"Transición Urbana (Vulnerabilidad Media, Servicios Básicos)",Baja,"<b>CABO FARINA</b><hr>Tipología: Transición Urbana (Vulnerabilidad Media, Servicios Básicos)<br>Pob: 4574.0<br>Score Infra: Baja"
CACERES,-0.4123086350664433,-0.3702280590967532,-0.24471448893269448,0.5836900086477969,-0.15505647173124384,0.035111805461298766,-0.31679235383650955,-0.48584923172746025,-0.10144414602206994,-0.19473719256359964,-0.16332831969843434,2.831525786212739,-1.0337319105490443,-0.6591796190682939,-0.44690291629477147,0.9511704316489166,-0.4167327248757193,3.976094957602642,0.7126110703203243,-0.6477192617689459,0.8528028654224415,-0.49430000374546906,3.368976105584603,0.2968260885977624,1.3573430366266113,0.0,0.0,-0.32958665039282287,0.02981269859441648,-0.09043104184306444,0.8896070524919543,0.5232722080805532,0.39709002759836504,0.43792583395259416,1.8153931182840382,"Núcleo Consolidado (Alto Estándar, Alta Infraestructura)",Muy Alta,"<b>CACERES</b><hr>Tipología: Núcleo Consolidado (Alto Estándar, Alta Infraestructura)<br>Pob: 875.0<br>Score Infra: Muy Alta"
CALIFORNIA,-0.46709727795585615,-0.39663060868262456,-0.3133147800925154,0.14578612599170437,-0.35247373213133265,-0.31179283249633316,-0.31679235383650955,-0.48584923172746025,-0.28636447124311254,0.7634318624804068,-0.12086934138561026,-0.28378320797232354,-1.0337319105490443,-1.0471606290981799,-0.44690291629477147,0.48758245431646347,-0.4167327248757193,-0.2757577768833604,1.004103995244889,-0.6477192617689459,0.8528028654224415,-0.49430000374546906,-0.2968260885977624,0.2968260885977624,0.7184238227836126,0.0,0.0,-0.365993121222187,0.5918613267425825,0.6210999050201294,1.6084002709326566,-0.040696876810483125,0.39709002759836504,-0.4765661837846447,1.8153931182840382,"Núcleo Consolidado (Alto Estándar, Alta Infraestructura)",Muy Alta,"<b>CALIFORNIA</b><hr>Tipología: Núcleo Consolidado (Alto Estándar, Alta Infraestructura)<br>Pob: 600.0<br>Score Infra: Muy Alta"
CAMINO A SAN CARLOS,-0.3628992407516273,-0.3328244471834355,0.03730893027990258,2.3353055392721664,-0.5498909925314214,-0.6586974704539651,-0.31679235383650955,-0.48584923172746025,-1.0260457721272829,-0.7696386255900036,-0.5454591245138511,-0.28378320797232354,-1.0337319105490443,-0.40121352197395516,-0.44690291629477147,-0.7611141943048213,-0.4167327248757193,-0.2757577768833604,-1.0409489990942924,-0.6477192617689459,-1.1726039399558572,-0.49430000374546906,-0.2968260885977624,-3.3689761055846037,-1.228937512181561,0.0,0.0,8.61426968335429,-1.4677120435494886,-1.2394046842865394,-0.5312023514201333,-0.6046659617015194,-2.20049239317244,0.48224805215417155,-0.5508448775795894,"Transición Urbana (Vulnerabilidad Media, Servicios Básicos)",Muy Baja,"<b>CAMINO A SAN CARLOS</b><hr>Tipología: Transición Urbana (Vulnerabilidad Media, Servicios Básicos)<br>Pob: 1123.0<br>Score Infra: Muy Baja"
CAMINO A VILLA POSSE,-0.4870204208247335,-0.39663060868262456,-0.3666705621057094,-0.4747254486221917,-0.15505647173124384,0.035111805461298766,-0.31679235383650955,-0.48584923172746025,-0.6562051216851977,-0.5780048145812022,-0.5454591245138511,-0.28378320797232354,0.32441586554464696,-1.2349599477828588,-0.44690291629477147,2.2297759820335856,-0.4167327248757193,-0.2757577768833604,0.18638963216703167,1.8340599757482867,0.8528028654224415,-0.49430000374546906,-0.2968260885977624,0.2968260885977624,1.0566751712887297,0.0,0.0,0.3378653148121857,-1.3983436689686417,-1.1592623468180143,-0.40771064671560253,0.5232722080805532,0.39709002759836504,-1.3422345080342082,1.8153931182840382,"Núcleo Consolidado (Alto Estándar, Alta Infraestructura)",Muy Alta,"<b>CAMINO A VILLA POSSE</b><hr>Tipología: Núcleo Consolidado (Alto Estándar, Alta Infraestructura)<br>Pob: 500.0<br>Score Infra: Muy Alta"
CAMPING GRL SAN MARTIN,-0.4870204208247335,-0.39663060868262456,-0.4047818349722766,-0.9179480019178317,-0.5498909925314214,-0.6586974704539651,-0.31679235383650955,-0.48584923172746025,-1.0260457721272829,-0.7696386255900036,-0.5454591245138511,-0.28378320797232354,0.32441586554464696,-1.2349599477828588,-0.44690291629477147,-0.7611141943048213,-0.4167327248757193,-0.2757577768833604,-1.0409489990942924,1.8340599757482867,-1.1726039399558572,-0.49430000374546906,-0.2968260885977624,-3.3689761055846037,-1.228937512181561,0.0,0.0,-0.40239959205155107,-0.04089612566407335,-0.08106882949848238,-0.3320724200163815,-0.6046659617015194,-2.20049239317244,-1.3422345080342082,-0.5508448775795894,"Transición Urbana (Vulnerabilidad Media, Servicios Básicos)",Muy Baja,"<b>CAMPING GRL SAN MARTIN</b><hr>Tipología: Transición Urbana (Vulnerabilidad Media, Servicios Básicos)<br>Pob: 500.0<br>Score Infra: Muy Baja"
CARBO,-0.2989459521425309,-0.28937025099002234,-0.18373645234618702,0.3833534145581674,-0.5498909925314214,-0.6586974704539651,-0.31679235383650955,1.9142459730061934,1.9326794314093987,-0.19473719256359964,-0.45447559955779954,-0.28378320797232354,1.682563641638338,-0.1422155604912396,-0.44690291629477147,-0.7611141943048213,3.2290985212218493,-0.2757577768833604,2.358779009499575,1.0709128602117377,-1.1726039399558572,2.0230629019273323,-0.2968260885977624,0.2968260885977624,2.1675355523317252,0.0,0.0,-0.3113834149781408,0.5143850910418186,0.22788541368970677,0.9614934532528893,-0.6046659617015194,0.39709002759836504,0.6586712566362327,1.8153931182840382,"Núcleo Consolidado (Alto Estándar, Alta Infraestructura)",Muy Alta,"<b>CARBO</b><hr>Tipología: Núcleo Consolidado (Alto Estándar, Alta Infraestructura)<br>Pob: 1444.0<br>Score Infra: Muy Alta"
CAROLA LORENZINI,-0.4870204208247335,-0.39663060868262456,-0.38191507125233626,-0.6520144699404476,-0.5498909925314214,-0.6586974704539651,-0.31679235383650955,-0.48584923172746025,-0.37882463385363385,0.3801642404628043,-0.4848034412098168,-0.28378320797232354,0.32441586554464696,-1.2349599477828588,-0.44690291629477147,-0.7611141943048213,-0.4167327248757193,-0.2757577768833604,1.1068936056130247,1.8340599757482867,-1.1726039399558572,-0.49430000374546906,-0.2968260885977624,0.2968260885977624,0.16326208571330925,0.0,0.0,-0.35992537608395964,-0.0010691103525388662,0.35360709657380013,0.7799192356735706,-0.6046659617015194,-0.9018959917281483,-1.3422345080342082,1.8153931182840382,"Núcleo Consolidado (Alto Estándar, Alta Infraestructura)",Alta,"<b>CAROLA LORENZINI</b><hr>Tipología: Núcleo Consolidado (Alto Estándar, Alta Infraestructura)<br>Pob: 500.0<br>Score Infra: Alta"
CARRARA,-0.4870204208247335,-0.39663060868262456,-0.3209370346658288,0.057141615332576376,-0.5498909925314214,-0.6586974704539651,-0.31679235383650955,1.9142459730061934,-0.10144414602206994,-0.38637100357240095,-0.49086900954022017,-0.28378320797232354,-1.0337319105490443,-1.2349599477828588,-0.44690291629477147,-0.7611141943048213,3.2290985212218493,-0.2757577768833604,2.0273975790590177,-0.6477192617689459,-1.1726039399558572,2.0230629019273323,-0.2968260885977624,0.2968260885977624,1.952772791376095,0.0,0.0,-0.32351890525459553,-0.6852196051149567,-0.3871423833231848,1.0822597749645142,-0.6046659617015194,0.39709002759836504,-1.3422345080342082,1.8153931182840382,"Núcleo Consolidado (Alto Estándar, Alta Infraestructura)",Muy Alta,"<b>CARRARA</b><hr>Tipología: Núcleo Consolidado (Alto Estándar, Alta Infraestructura)<br>Pob: 500.0<br>Score Infra: Muy Alta"
CASEROS,-0.28838668642202586,-0.16615835292262285,-0.35904830753239597,-0.7459776512391234,-0.35247373213133265,-0.31179283249633316,-0.31679235383650955,-0.48584923172746025,-0.10144414602206994,-0.003103381554798346,-0.5333279878530442,-0.28378320797232354,-1.0337319105490443,-0.10506844250965432,-0.44690291629477147,-0.2601400897681382,-0.4167327248757193,-0.2757577768833604,-0.016121241991086842,-0.6477192617689459,0.8528028654224415,-0.49430000374546906,-0.2968260885977624,0.2968260885977624,-0.3151219643153561,0.0,0.0,-0.31745116011636815,0.7356469466874085,1.232321104889449,-0.10091038979990388,-0.040696876810483125,0.39709002759836504,-1.4835115785517368,-0.5508448775795894,"Transición Urbana (Vulnerabilidad Media, Servicios Básicos)",Media,"<b>CASEROS</b><hr>Tipología: Transición Urbana (Vulnerabilidad Media, Servicios Básicos)<br>Pob: 1497.0<br>Score Infra: Media"
CENTRO,5.0316901538543055,7.426774865480869,3.9246587626697536,-0.219429257923903,7.346799423472129,5.932490650741042,7.186412848674791,-0.48584923172746025,10.069173741135273,11.49492527897328,8.061582336328634,2.831525786212739,1.682563641638338,2.9234535373778825,1.5133567170546118,0.300651818295313,-0.4167327248757193,0.6791016758404771,-0.3873911779476374,-0.5596160988370842,0.8528028654224415,-0.49430000374546906,3.368976105584603,0.2968260885977624,-0.14223794174607407,0.0,0.0,1.4907368910753824,0.39231742465466535,1.3454139741289817,-0.5082312661942118,-0.6559307515181146,0.39709002759836504,-2.2854667141365326,-0.5508448775795894,"Transición Urbana (Vulnerabilidad Media, Servicios Básicos)",Media,"<b>CENTRO</b><hr>Tipología: Transición Urbana (Vulnerabilidad Media, Servicios Básicos)<br>Pob: 28200.0<br>Score Infra: Media"
CENTRO AMERICA,0.5149144340511107,0.40534683498821666,-0.13038067033299297,-0.5332308256572161,0.4371953094690225,1.0758257193341945,-0.31679235383650955,-0.48584923172746025,0.4533168296410579,-0.38637100357240095,1.4561784245192846,-0.28378320797232354,0.32441586554464696,1.2425464487111715,-0.44690291629477147,-0.08816390462867979,-0.4167327248757193,-0.2757577768833604,-0.597572918551139,-0.42311824077363636,0.8528028654224415,-0.49430000374546906,-0.2968260885977624,0.2968260885977624,-0.6061255054102345,0.0,0.0,0.0041393322096814275,0.22915604789429866,0.13873447605130332,-0.4699343259562345,2.215179462753662,0.39709002759836504,0.10291219246801345,-0.5508448775795894,"Transición Urbana (Vulnerabilidad Media, Servicios Básicos)",Baja,"<b>CENTRO AMERICA</b><hr>Tipología: Transición Urbana (Vulnerabilidad Media, Servicios Básicos)<br>Pob: 5529.0<br>Score Infra: Baja"
CERRO CHICO,-0.044925880564344094,0.053862893626304774,-0.35904830753239597,-0.8133474793400607,-0.5498909925314214,-0.6586974704539651,-0.31679235383650955,-0.48584923172746025,1.2854582931357497,0.3801642404628043,0.05503214019608956,-0.28378320797232354,-1.0337319105490443,0.5099227329632494,-0.44690291629477147,-0.7611141943048213,-0.4167327248757193,-0.2757577768833604,0.36895625356715356,-0.6477192617689459,-1.1726039399558572,-0.49430000374546906,-0.2968260885977624,0.2968260885977624,-0.3151219643153561,0.0,0.0,-0.0019284129285459283,-0.6284523747673257,-0.3840652552345291,-0.4399197184499456,-0.6046659617015194,-0.9018959917281483,-1.0508505500918053,-0.5508448775795894,"Transición Urbana (Vulnerabilidad Media, Servicios Básicos)",Media,"<b>CERRO CHICO</b><hr>Tipología: Transición Urbana (Vulnerabilidad Media, Servicios Básicos)<br>Pob: 2719.0<br>Score Infra: Media"
CERRO DE LAS ROSAS,0.5981931712430183,0.5626620262706999,-0.38191507125233626,-0.8913546487200932,3.2010369550702658,1.0758257193341945,4.685344447837691,-0.48584923172746025,-0.008983983411548631,1.1466994844980094,1.322735921250409,2.831525786212739,0.32441586554464696,1.317872549062719,2.3049282261404582,1.6241207213250581,-0.4167327248757193,3.976094957602642,-0.7571269406151111,-0.4392498058174984,0.8528028654224415,-0.49430000374546906,3.368976105584603,0.2968260885977624,0.7399000988791756,0.0,0.0,0.9810462994642848,-0.94209910880037,-0.7723970337056054,-0.47428785982801935,-0.9430474126361412,0.39709002759836504,-0.3740710541934962,-0.5508448775795894,"Transición Urbana (Vulnerabilidad Media, Servicios Básicos)",Muy Alta,"<b>CERRO DE LAS ROSAS</b><hr>Tipología: Transición Urbana (Vulnerabilidad Media, Servicios Básicos)<br>Pob: 5947.0<br>Score Infra: Muy Alta"
CERRO NORTE,0.48403356260435076,0.29038573366640197,0.44128842266551455,0.4400859013800094,-0.15505647173124384,0.035111805461298766,-0.31679235383650955,-0.48584923172746025,0.5457769922515792,-0.38637100357240095,0.10962225516972053,-0.28378320797232354,-1.0337319105490443,1.213654245836605,-0.44690291629477147,-0.4844568529935187,-0.4167327248757193,-0.2757577768833604,-0.5561502397460694,-0.6477192617689459,0.8528028654224415,-0.49430000374546906,-0.2968260885977624,0.2968260885977624,-0.7768619003699603,0.0,0.0,0.16190070580359256,-0.2842093248238531,-0.3761306923609701,-0.4991702526074075,0.5232722080805532,0.39709002759836504,0.7506052326715367,-0.5508448775795894,"Transición Urbana (Vulnerabilidad Media, Servicios Básicos)",Baja,"<b>CERRO NORTE</b><hr>Tipología: Transición Urbana (Vulnerabilidad Media, Servicios Básicos)<br>Pob: 5374.0<br>Score Infra: Baja"
CERVECEROS,0.18897181671627655,0.0951168773542287,-0.2752035072259482,-0.6431500188745349,0.4371953094690225,1.0758257193341945,-0.31679235383650955,1.9142459730061934,-0.008983983411548631,-0.38637100357240095,-0.13300047804641713,-0.28378320797232354,0.32441586554464696,0.8803620483907191,-0.44690291629477147,0.19597066212346886,0.9907761083030026,-0.2757577768833604,-0.606777958285599,-0.32881062974798153,0.8528028654224415,2.0230629019273323,-0.2968260885977624,0.2968260885977624,-0.010158843758361673,0.0,0.0,-0.1657575316606844,0.5881365111107534,0.3243886197135081,-0.325170476073308,2.215179462753662,1.6956864290426572,0.4903853344021177,-0.5508448775795894,"Transición Urbana (Vulnerabilidad Media, Servicios Básicos)",Alta,"<b>CERVECEROS</b><hr>Tipología: Transición Urbana (Vulnerabilidad Media, Servicios Básicos)<br>Pob: 3893.0<br>Score Infra: Alta"
CHATEAU CARRERAS,-0.26308429497855157,-0.22391393014171637,-0.38191507125233626,-0.8151203695532432,1.6216988718695553,0.7289210813765625,2.1842760470005906,-0.48584923172746025,0.3608566670305366,-0.003103381554798346,0.13995009682173773,2.831525786212739,-1.0337319105490443,-0.021487427051089046,1.9278116109627672,2.830571046205563,-0.4167327248757193,3.976094957602642,0.37662712001253695,-0.6477192617689459,0.8528028654224415,-0.49430000374546906,3.368976105584603,0.2968260885977624,2.076261378925582,0.0,0.0,0.1983071766329566,-1.1429692658114787,-0.9597017794554179,-0.3111188260968968,-0.816154368535658,0.39709002759836504,-0.20041798834903402,1.8153931182840382,"Núcleo Consolidado (Alto Estándar, Alta Infraestructura)",Muy Alta,"<b>CHATEAU CARRERAS</b><hr>Tipología: Núcleo Consolidado (Alto Estándar, Alta Infraestructura)<br>Pob: 1624.0<br>Score Infra: Muy Alta"
CIRCUNVALACION,-0.4870204208247335,-0.39663060868262456,-0.4047818349722766,-0.9179480019178317,-0.5498909925314214,-0.6586974704539651,-0.31679235383650955,-0.48584923172746025,0.3608566670305366,2.6797699725684203,-0.5454591245138511,-0.28378320797232354,0.32441586554464696,-1.2349599477828588,-0.44690291629477147,-0.7611141943048213,-0.4167327248757193,-0.2757577768833604,2.6410668946896796,1.8340599757482867,-1.1726039399558572,-0.49430000374546906,-0.2968260885977624,0.2968260885977624,1.1570767620354865,0.0,0.0,-0.40239959205155107,-0.04089612566407335,-0.08106882949848238,-0.3320724200163815,-0.6046659617015194,-0.9018959917281483,-1.3422345080342082,1.8153931182840382,"Núcleo Consolidado (Alto Estándar, Alta Infraestructura)",Muy Alta,"<b>CIRCUNVALACION</b><hr>Tipología: Núcleo Consolidado (Alto Estándar, Alta Infraestructura)<br>Pob: 500.0<br>Score Infra: Muy Alta"
CIUDAD AMPLIACION CABILDO,-0.0700290405791296,-0.18926058381026026,0.3040878403458728,1.9399510217324554,-0.15505647173124384,0.035111805461298766,-0.31679235383650955,-0.48584923172746025,-0.5637449590746765,-0.38637100357240095,-0.5454591245138511,2.831525786212739,3.0407114177320294,0.46142510670951314,-0.44690291629477147,-0.18536783535967802,-0.4167327248757193,3.976094957602642,-0.744853554302498,0.7879900271347732,0.8528028654224415,-0.49430000374546906,3.368976105584603,0.2968260885977624,-0.1535129866962446,0.0,0.0,-0.21429949276650323,0.25245646754249373,-0.2057981513534552,-0.30251794210629745,0.5232722080805532,0.39709002759836504,2.109877635408201,-0.5508448775795894,"Transición Urbana (Vulnerabilidad Media, Servicios Básicos)",Media,"<b>CIUDAD AMPLIACION CABILDO</b><hr>Tipología: Transición Urbana (Vulnerabilidad Media, Servicios Básicos)<br>Pob: 2593.0<br>Score Infra: Media"
CIUDAD AMPLIACION FERREYRA,-0.4870204208247335,-0.39663060868262456,-0.4047818349722766,-0.9179480019178317,0.23977804906893374,0.7289210813765625,-0.31679235383650955,-0.48584923172746025,-1.0260457721272829,-0.7696386255900036,-0.5454591245138511,-0.28378320797232354,0.32441586554464696,-1.2349599477828588,-0.44690291629477147,2.830571046205563,-0.4167327248757193,-0.2757577768833604,-1.0409489990942924,1.8340599757482867,0.8528028654224415,-0.49430000374546906,-0.2968260885977624,-3.3689761055846037,0.5605731934812245,0.0,0.0,-0.29318017956345876,-0.9069350288209035,-0.6272000549744027,0.12419916649726308,1.6512103778626257,-0.9018959917281483,-1.3422345080342082,1.8153931182840382,"Núcleo Consolidado (Alto Estándar, Alta Infraestructura)",Alta,"<b>CIUDAD AMPLIACION FERREYRA</b><hr>Tipología: Núcleo Consolidado (Alto Estándar, Alta Infraestructura)<br>Pob: 500.0<br>Score Infra: Alta"
CIUDAD DE JUAN PABLO II,-0.16326934920547584,-0.20301191171956823,-0.06178037917317206,0.5269575218259549,0.23977804906893374,0.7289210813765625,-0.31679235383650955,-0.48584923172746025,-0.8411254469062404,-0.5780048145812022,-0.5272624195226409,-0.28378320797232354,0.32441586554464696,0.2560840934224196,-0.44690291629477147,0.6446041885742297,-0.4167327248757193,-0.2757577768833604,-0.8967367099210868,-0.06326025133363765,0.8528028654224415,-0.49430000374546906,-0.2968260885977624,0.2968260885977624,-0.4348522035481197,0.0,0.0,-0.2385704733194126,0.14990856001932598,-0.10291408525833888,-0.3373108184962527,1.6512103778626257,0.39709002759836504,0.9943774327802137,-0.5508448775795894,"Transición Urbana (Vulnerabilidad Media, Servicios Básicos)",Media,"<b>CIUDAD DE JUAN PABLO II</b><hr>Tipología: Transición Urbana (Vulnerabilidad Media, Servicios Básicos)<br>Pob: 2125.0<br>Score Infra: Media"
CIUDAD DE LAS ARTES,-0.4870204208247335,-0.39663060868262456,-0.4047818349722766,-0.9179480019178317,-0.5498909925314214,-0.6586974704539651,-0.31679235383650955,-0.48584923172746025,-0.19390430863259123,0.18853042945400297,-0.5454591245138511,-0.28378320797232354,-1.0337319105490443,-1.2349599477828588,-0.44690291629477147,-0.7611141943048213,-0.4167327248757193,-0.2757577768833604,1.7205629212436866,-0.6477192617689459,-1.1726039399558572,-0.49430000374546906,-0.2968260885977624,0.2968260885977624,0.5605731934812245,0.0,0.0,-0.40239959205155107,-0.04089612566407335,-0.08106882949848238,-0.3320724200163815,-0.6046659617015194,-0.9018959917281483,-1.3422345080342082,1.8153931182840382,"Núcleo Consolidado (Alto Estándar, Alta Infraestructura)",Alta,"<b>CIUDAD DE LAS ARTES</b><hr>Tipología: Núcleo Consolidado (Alto Estándar, Alta Infraestructura)<br>Pob: 500.0<br>Score Infra: Alta"
CIUDAD DE LOS CUARTETOS,-0.14753006633906268,-0.23766525805102434,0.11353147601303691,1.5481422846191095,-0.15505647173124384,0.035111805461298766,-0.31679235383650955,-0.48584923172746025,-0.47128479646415516,-0.5780048145812022,-0.5454591245138511,2.831525786212739,1.682563641638338,0.2932312114040049,-0.44690291629477147,-0.08068667918783377,-0.4167327248757193,3.976094957602642,-0.6236538644654422,0.4777676224451191,0.8528028654224415,-0.49430000374546906,3.368976105584603,0.2968260885977624,-0.023044609415699534,0.0,0.0,-0.22036723790473056,0.0412266093372889,-0.33572200515939915,-0.26620309859043373,0.5232722080805532,0.39709002759836504,2.1329044128332395,-0.5508448775795894,"Transición Urbana (Vulnerabilidad Media, Servicios Básicos)",Alta,"<b>CIUDAD DE LOS CUARTETOS</b><hr>Tipología: Transición Urbana (Vulnerabilidad Media, Servicios Básicos)<br>Pob: 2204.0<br>Score Infra: Alta"
CIUDAD DE MIS SUENOS,-0.1588862577743228,-0.2255640894908333,0.24310980375936528,2.0303684226047656,0.6346125698691113,1.4227303572918264,-0.31679235383650955,-0.48584923172746025,-0.28636447124311254,-0.5780048145812022,-0.5454591245138511,2.831525786212739,-1.0337319105490443,0.26640273730619296,-0.44690291629477147,1.3250317036912174,-0.4167327248757193,3.976094957602642,-0.46870236226870005,-0.6477192617689459,0.8528028654224415,-0.49430000374546906,3.368976105584603,0.2968260885977624,0.7780204889487999,0.0,0.0,-0.22036723790473056,0.0017967358619114318,-0.2945281247921402,-0.09018583074989733,2.7791485476446987,0.39709002759836504,1.6038079330519062,-0.5508448775795894,"Transición Urbana (Vulnerabilidad Media, Servicios Básicos)",Muy Alta,"<b>CIUDAD DE MIS SUENOS</b><hr>Tipología: Transición Urbana (Vulnerabilidad Media, Servicios Básicos)<br>Pob: 2147.0<br>Score Infra: Muy Alta"
CIUDAD EVITA,-0.05628207199960421,-0.1557073437115488,0.3193323494924996,1.7218855255110004,0.04236078866884495,0.3820164434189307,-0.31679235383650955,-0.48584923172746025,-0.37882463385363385,-0.38637100357240095,-0.5454591245138511,2.831525786212739,0.32441586554464696,0.4882535808073242,-0.44690291629477147,0.0838122805107785,-0.4167327248757193,3.976094957602642,-0.6374614240671321,-0.1811447651157062,0.8528028654224415,-0.49430000374546906,3.368976105584603,0.2968260885977624,0.049974729309214615,0.0,0.0,-0.15968978652245705,-0.1023119720739314,-0.3553827297259203,-0.3204276017739651,1.0872412929715896,0.39709002759836504,1.5532529029157311,-0.5508448775795894,"Transición Urbana (Vulnerabilidad Media, Servicios Básicos)",Alta,"<b>CIUDAD EVITA</b><hr>Tipología: Transición Urbana (Vulnerabilidad Media, Servicios Básicos)<br>Pob: 2662.0<br>Score Infra: Alta"
CIUDAD MI ESPERANZA,-0.2893828435654697,-0.314672694343149,-0.023669106306604897,1.622603673572777,-0.35247373213133265,-0.31179283249633316,-0.31679235383650955,-0.48584923172746025,-0.6562051216851977,-0.5780048145812022,-0.5454591245138511,-0.28378320797232354,0.32441586554464696,-0.1081640356747865,-0.44690291629477147,-0.2601400897681382,-0.4167327248757193,-0.2757577768833604,-0.6297905576217487,0.18367678279932703,0.8528028654224415,-0.49430000374546906,-0.2968260885977624,0.2968260885977624,-0.7129699789856603,0.0,0.0,-0.28711243442523143,0.14622730402140477,-0.2195315606776614,-0.35217654391210335,-0.040696876810483125,0.39709002759836504,1.7310611767165922,-0.5508448775795894,"Transición Urbana (Vulnerabilidad Media, Servicios Básicos)",Baja,"<b>CIUDAD MI ESPERANZA</b><hr>Tipología: Transición Urbana (Vulnerabilidad Media, Servicios Básicos)<br>Pob: 1492.0<br>Score Infra: Baja"
CIUDAD OBISPO ANGELELLI,-0.2224410835260417,-0.2849698260590438,0.21262078546611154,2.6455613265791142,0.4371953094690225,1.0758257193341945,-0.31679235383650955,-0.48584923172746025,0.9156176426936644,-0.38637100357240095,-0.5454591245138511,-0.28378320797232354,0.32441586554464696,0.10130443516581598,-0.44690291629477147,1.2876455764869874,-0.4167327248757193,-0.2757577768833604,0.7218161100547843,0.031047359692017166,0.8528028654224415,-0.49430000374546906,-0.2968260885977624,0.2968260885977624,0.9342603975440203,0.0,0.0,-0.25677370873409466,0.097258534802299,-0.30810334954383417,0.0630019302020113,2.215179462753662,0.39709002759836504,2.1827669083100134,1.8153931182840382,"Núcleo Consolidado (Alto Estándar, Alta Infraestructura)",Muy Alta,"<b>CIUDAD OBISPO ANGELELLI</b><hr>Tipología: Núcleo Consolidado (Alto Estándar, Alta Infraestructura)<br>Pob: 1828.0<br>Score Infra: Muy Alta"
CIUDAD PARQUE LAS ROSAS,-0.31070060643516856,-0.3278739691360847,-0.2066032160661273,0.5003641686282164,-0.5498909925314214,-0.6586974704539651,-0.31679235383650955,-0.48584923172746025,-0.5637449590746765,-0.38637100357240095,-0.5454591245138511,2.831525786212739,0.32441586554464696,-0.18555386480308833,-0.44690291629477147,-0.7611141943048213,-0.4167327248757193,3.976094957602642,-0.4871124417376199,0.24820304297477502,-1.1726039399558572,-0.49430000374546906,3.368976105584603,0.2968260885977624,-0.2732432259290083,0.0,0.0,-0.27497694414877677,-0.11471409920892181,-0.3819982951741014,-0.2311978546945378,-0.6046659617015194,-0.9018959917281483,1.7075149982970037,-0.5508448775795894,"Transición Urbana (Vulnerabilidad Media, Servicios Básicos)",Media,"<b>CIUDAD PARQUE LAS ROSAS</b><hr>Tipología: Transición Urbana (Vulnerabilidad Media, Servicios Básicos)<br>Pob: 1385.0<br>Score Infra: Media"
CIUDAD UNIVERSITARIA,-0.4870204208247335,-0.39663060868262456,-0.4047818349722766,-0.9179480019178317,1.4242816114694665,2.1165396332070903,0.3977986178312334,-0.48584923172746025,6.093386748882857,3.254671405594824,-0.29677082296731006,-0.28378320797232354,-1.0337319105490443,-1.2349599477828588,0.2998626583145174,2.830571046205563,-0.4167327248757193,-0.2757577768833604,2.6410668946896796,-0.6477192617689459,0.8528028654224415,-0.49430000374546906,-0.2968260885977624,0.2968260885977624,2.9471243746006617,0.0,0.0,-0.40239959205155107,-0.04089612566407335,-0.08106882949848238,-0.3320724200163815,0.5232722080805532,0.39709002759836504,-1.3422345080342082,1.8153931182840382,"Núcleo Consolidado (Alto Estándar, Alta Infraestructura)",Muy Alta,"<b>CIUDAD UNIVERSITARIA</b><hr>Tipología: Núcleo Consolidado (Alto Estándar, Alta Infraestructura)<br>Pob: 500.0<br>Score Infra: Muy Alta"
CIUDAD VILLA RETIRO,-0.3073136721474594,-0.3328244471834355,0.02968667570658914,2.2803459426635064,-0.15505647173124384,0.035111805461298766,-0.31679235383650955,-0.48584923172746025,-0.47128479646415516,-0.38637100357240095,-0.5454591245138511,-0.28378320797232354,-1.0337319105490443,-0.17317149214255959,-0.44690291629477147,0.30812904373615907,-0.4167327248757193,-0.2757577768833604,-0.384322831369484,-0.6477192617689459,0.8528028654224415,-0.49430000374546906,-0.2968260885977624,0.2968260885977624,-0.27055869141706296,0.0,0.0,-0.33565439553105025,1.1616135560447178,0.3623613993147857,0.043145568396553625,0.5232722080805532,0.39709002759836504,2.0108451791140514,-0.5508448775795894,"Transición Urbana (Vulnerabilidad Media, Servicios Básicos)",Media,"<b>CIUDAD VILLA RETIRO</b><hr>Tipología: Transición Urbana (Vulnerabilidad Media, Servicios Básicos)<br>Pob: 1402.0<br>Score Infra: Media"
CIUDADELA,-0.29934441499990844,-0.24866632037847072,-0.32855928923914224,-0.5403223865099464,-0.5498909925314214,-0.6586974704539651,-0.31679235383650955,-0.48584923172746025,-0.6562051216851977,-0.19473719256359964,0.12781896016093086,-0.28378320797232354,-1.0337319105490443,-0.14427928926799408,-0.44690291629477147,-0.7611141943048213,-0.4167327248757193,-0.2757577768833604,-0.6159829980200588,-0.6477192617689459,-1.1726039399558572,-0.49430000374546906,-0.2968260885977624,0.2968260885977624,-0.9535042712559657,0.0,0.0,-0.2689091990105494,-0.12315885746883824,-0.053833164797473014,-0.4486621807778387,-0.6046659617015194,-0.9018959917281483,-0.3474084698066095,-0.5508448775795894,"Transición Urbana (Vulnerabilidad Media, Servicios Básicos)",Muy Baja,"<b>CIUDADELA</b><hr>Tipología: Transición Urbana (Vulnerabilidad Media, Servicios Básicos)<br>Pob: 1442.0<br>Score Infra: Muy Baja"
CLAROS DEL BOSQUE,-0.4870204208247335,-0.39663060868262456,-0.3666705621057094,-0.4747254486221917,-0.5498909925314214,-0.6586974704539651,-0.31679235383650955,-0.48584923172746025,-0.6562051216851977,-0.19473719256359964,-0.515131282861834,-0.28378320797232354,-1.0337319105490443,-1.2349599477828588,-0.44690291629477147,-0.7611141943048213,-0.4167327248757193,-0.2757577768833604,0.18638963216703167,-0.6477192617689459,-1.1726039399558572,-0.49430000374546906,-0.2968260885977624,0.2968260885977624,-0.4337783897433415,0.0,0.0,-0.33565439553105025,-0.5400967728926257,-0.23001370406705154,-0.054649668089149575,-0.6046659617015194,-0.9018959917281483,-1.3422345080342082,-0.5508448775795894,"Transición Urbana (Vulnerabilidad Media, Servicios Básicos)",Media,"<b>CLAROS DEL BOSQUE</b><hr>Tipología: Transición Urbana (Vulnerabilidad Media, Servicios Básicos)<br>Pob: 500.0<br>Score Infra: Media"
COFICO,-0.4870204208247335,-0.39663060868262456,-0.39715958039896315,-0.8293034912587037,0.23977804906893374,0.7289210813765625,-0.31679235383650955,-0.48584923172746025,2.302520081851484,3.4463052166036254,-0.5333279878530442,-0.28378320797232354,0.32441586554464696,-1.2349599477828588,-0.44690291629477147,2.830571046205563,-0.4167327248757193,-0.2757577768833604,2.6410668946896796,1.8340599757482867,0.8528028654224415,-0.49430000374546906,-0.2968260885977624,0.2968260885977624,2.9471243746006617,0.0,0.0,-0.35992537608395964,-0.0010691103525388662,0.35360709657380013,3.4016314910961265,1.6512103778626257,0.39709002759836504,-1.3422345080342082,1.8153931182840382,"Núcleo Consolidado (Alto Estándar, Alta Infraestructura)",Muy Alta,"<b>COFICO</b><hr>Tipología: Núcleo Consolidado (Alto Estándar, Alta Infraestructura)<br>Pob: 500.0<br>Score Infra: Muy Alta"
COLINAS DE BELLA VISTA,-0.42386405793039217,-0.37352837779498715,-0.30569252551920195,0.03409404256120312,-0.35247373213133265,-0.31179283249633316,-0.31679235383650955,1.9142459730061934,-0.47128479646415516,-0.38637100357240095,-0.4180821895753789,-0.28378320797232354,-1.0337319105490443,-0.7293463974779546,-0.44690291629477147,0.1511073094783927,3.2290985212218493,-0.2757577768833604,0.08513419508797242,-0.6477192617689459,0.8528028654224415,2.0230629019273323,-0.2968260885977624,0.2968260885977624,1.1484862515972614,0.0,0.0,-0.3417221406692776,0.21208938747973635,0.10804863505636342,1.0360698424224066,-0.040696876810483125,1.6956864290426572,0.17441639605102682,1.8153931182840382,"Núcleo Consolidado (Alto Estándar, Alta Infraestructura)",Muy Alta,"<b>COLINAS DE BELLA VISTA</b><hr>Tipología: Núcleo Consolidado (Alto Estándar, Alta Infraestructura)<br>Pob: 817.0<br>Score Infra: Muy Alta"
COLINAS DE VELEZ SARSFIELD,-0.25949812926215365,-0.187060371344771,-0.37429281667902287,-0.7956185772082351,0.23977804906893374,-0.31179283249633316,0.7550941036651048,-0.48584923172746025,0.6382371548621005,0.9550656734892082,1.37732603622404,-0.28378320797232354,0.32441586554464696,-0.010136918778938015,2.353467988490062,1.0633288132616068,-0.4167327248757193,-0.2757577768833604,0.6405049257337218,0.1079825160550514,0.8528028654224415,-0.49430000374546906,-0.2968260885977624,0.2968260885977624,0.7699668854129638,0.0,0.0,-0.22643498304295792,-0.30837062312540514,-0.12594302898409768,-0.07680667787563174,-0.8866505041470376,0.39709002759836504,-0.777472493293793,1.8153931182840382,"Núcleo Consolidado (Alto Estándar, Alta Infraestructura)",Muy Alta,"<b>COLINAS DE VELEZ SARSFIELD</b><hr>Tipología: Núcleo Consolidado (Alto Estándar, Alta Infraestructura)<br>Pob: 1642.0<br>Score Infra: Muy Alta"
COLINAS DEL CERRO,-0.13557618061773624,-0.13590543152214532,-0.19898096149281388,-0.20701902643162512,0.23977804906893374,0.7289210813765625,-0.31679235383650955,-0.48584923172746025,-0.008983983411548631,-0.19473719256359964,1.2742113746071815,-0.28378320797232354,-1.0337319105490443,0.32109154989019273,-0.44690291629477147,0.5623547087249237,-0.4167327248757193,-0.2757577768833604,-0.295340780603038,-0.6477192617689459,0.8528028654224415,-0.49430000374546906,-0.2968260885977624,0.2968260885977624,-0.08639962389761036,0.0,0.0,-0.1293510608313203,-0.439310571363773,-0.40999584103881254,-0.36382136215451966,1.6512103778626257,0.39709002759836504,0.1451568066913921,-0.5508448775795894,"Transición Urbana (Vulnerabilidad Media, Servicios Básicos)",Media,"<b>COLINAS DEL CERRO</b><hr>Tipología: Transición Urbana (Vulnerabilidad Media, Servicios Básicos)<br>Pob: 2264.0<br>Score Infra: Media"
COLON,0.18279564242692456,0.18587564155566136,-0.17611419777287357,-0.4960001311803824,1.6216988718695553,1.0758257193341945,1.8269805611667191,-0.48584923172746025,0.08347617919897267,-0.003103381554798346,1.1589655763295161,-0.28378320797232354,0.32441586554464696,0.872107133283701,1.5880332745155408,1.3698950563362935,-0.4167327248757193,-0.2757577768833604,-0.5638211061914526,-0.32632885051046434,0.8528028654224415,-0.49430000374546906,-0.2968260885977624,0.2968260885977624,0.14232271652013556,0.0,0.0,-0.11114782541663827,0.18632161236997244,0.22203404501771776,-0.34286776823503495,-0.6852571439324485,0.39709002759836504,-0.35970096001095386,-0.5508448775795894,"Transición Urbana (Vulnerabilidad Media, Servicios Básicos)",Alta,"<b>COLON</b><hr>Tipología: Transición Urbana (Vulnerabilidad Media, Servicios Básicos)<br>Pob: 3862.0<br>Score Infra: Alta"
COLONIA LOLA,1.2897254602217527,0.7958845476125632,1.820916500435246,1.268025630936265,-0.35247373213133265,-0.31179283249633316,-0.31679235383650955,1.9142459730061934,-1.0260457721272829,-0.7696386255900036,-0.47873787287941333,-0.28378320797232354,0.32441586554464696,1.7914983033279246,-0.44690291629477147,-0.6788647144555152,0.163796210209668,-0.2757577768833604,-1.0409489990942924,-0.5161849621805326,0.8528028654224415,2.0230629019273323,-0.2968260885977624,-3.3689761055846037,-0.998067544154259,0.0,0.0,0.4046105113326866,-0.01386391752221392,-0.2512083583642527,-0.5197699006836577,-0.040696876810483125,0.39709002759836504,1.2152959891287018,-0.5508448775795894,"Transición Urbana (Vulnerabilidad Media, Servicios Básicos)",Muy Baja,"<b>COLONIA LOLA</b><hr>Tipología: Transición Urbana (Vulnerabilidad Media, Servicios Básicos)<br>Pob: 9418.0<br>Score Infra: Muy Baja"
COMANDANTE ESPORA,-0.2744404864138117,-0.23161467377092884,-0.32855928923914224,-0.5633699592813196,-0.5498909925314214,-0.6586974704539651,-0.31679235383650955,-0.48584923172746025,-0.10144414602206994,-0.19473719256359964,-0.42414775790578235,-0.28378320797232354,0.32441586554464696,-0.057602680644296626,-0.44690291629477147,-0.7611141943048213,-0.4167327248757193,-0.2757577768833604,-0.06214644066338647,0.14396831499905127,-1.1726039399558572,-0.49430000374546906,-0.2968260885977624,0.2968260885977624,-0.594850460460064,0.0,0.0,-0.27497694414877677,0.06514147092962004,0.08611423195397233,-0.3321432091850284,-0.6046659617015194,-0.9018959917281483,-0.2445670728857619,-0.5508448775795894,"Transición Urbana (Vulnerabilidad Media, Servicios Básicos)",Baja,"<b>COMANDANTE ESPORA</b><hr>Tipología: Transición Urbana (Vulnerabilidad Media, Servicios Básicos)<br>Pob: 1567.0<br>Score Infra: Baja"
COMERCIAL,0.7233105084595683,0.4284490658758541,1.2340028982901117,1.324758117758107,-0.15505647173124384,0.035111805461298766,-0.31679235383650955,-0.48584923172746025,-0.5637449590746765,-0.5780048145812022,-0.32103309628892385,2.831525786212739,-1.0337319105490443,1.421058987900454,-0.44690291629477147,-0.5367974310794408,-0.4167327248757193,3.8710604178030197,-0.9243518291244667,-0.6477192617689459,0.8528028654224415,-0.49430000374546906,3.368976105584603,0.2968260885977624,-0.45954992105801706,0.0,0.0,0.45922021757673265,-0.5224929530859387,-0.578850401120414,-0.4954892158377683,0.5232722080805532,0.39709002759836504,1.0255414924531978,-0.5508448775795894,"Transición Urbana (Vulnerabilidad Media, Servicios Básicos)",Baja,"<b>COMERCIAL</b><hr>Tipología: Transición Urbana (Vulnerabilidad Media, Servicios Básicos)<br>Pob: 6575.0<br>Score Infra: Baja"
CONGRESO,-0.08178369487176727,-0.14525633450047473,-0.10751390661305267,0.1351487847126091,0.23977804906893374,0.7289210813765625,-0.31679235383650955,-0.48584923172746025,-0.10144414602206994,0.18853042945400297,0.04290100353528267,-0.28378320797232354,0.32441586554464696,0.4376922257768343,-0.44690291629477147,0.4202874253488494,-0.4167327248757193,-0.2757577768833604,-0.4349505499090136,-0.15756786235929246,0.8528028654224415,-0.49430000374546906,-0.2968260885977624,0.2968260885977624,-0.24747169461433274,0.0,0.0,-0.15968978652245705,-0.1687201800324619,-0.32870031781421305,-0.36944910106194884,1.6512103778626257,0.39709002759836504,1.0070161903142572,-0.5508448775795894,"Transición Urbana (Vulnerabilidad Media, Servicios Básicos)",Media,"<b>CONGRESO</b><hr>Tipología: Transición Urbana (Vulnerabilidad Media, Servicios Básicos)<br>Pob: 2534.0<br>Score Infra: Media"
CONSORCIO 16 DE NOVIEMBRE,-0.43023946364843296,-0.3894799181697844,-0.3133147800925154,0.08018918810394964,0.6346125698691113,1.4227303572918264,-0.31679235383650955,4.3143411777398475,0.3608566670305366,-0.19473719256359964,-0.3756232112625548,-0.28378320797232354,3.0407114177320294,-0.7706209730130489,-0.44690291629477147,2.830571046205563,3.2290985212218493,-0.2757577768833604,1.8908561563311952,4.094960861126485,0.8528028654224415,2.0230629019273323,-0.2968260885977624,0.2968260885977624,3.6536938581446834,0.0,0.0,-0.347789885807505,0.32668965840760267,0.07808945444140236,3.0452080269589454,2.7791485476446987,1.6956864290426572,0.7100919550966569,1.8153931182840382,"Núcleo Consolidado (Alto Estándar, Alta Infraestructura)",Muy Alta,"<b>CONSORCIO 16 DE NOVIEMBRE</b><hr>Tipología: Núcleo Consolidado (Alto Estándar, Alta Infraestructura)<br>Pob: 785.0<br>Score Infra: Muy Alta"
CONSORCIO ESPERANZA,-0.4870204208247335,-0.39663060868262456,-0.38191507125233626,-0.6520144699404476,-0.5498909925314214,-0.6586974704539651,-0.31679235383650955,-0.48584923172746025,-0.47128479646415516,-0.38637100357240095,-0.5211968511922374,-0.28378320797232354,-1.0337319105490443,-1.2349599477828588,-0.44690291629477147,-0.7611141943048213,-0.4167327248757193,-0.2757577768833604,0.8000589477976937,-0.6477192617689459,-1.1726039399558572,-0.49430000374546906,-0.2968260885977624,0.2968260885977624,-0.03593037507303724,0.0,0.0,-0.37812861149864163,1.110675451418602,1.5573249031027778,1.4349668077477322,-0.6046659617015194,-0.9018959917281483,-1.3422345080342082,-0.5508448775795894,"Transición Urbana (Vulnerabilidad Media, Servicios Básicos)",Media,"<b>CONSORCIO ESPERANZA</b><hr>Tipología: Transición Urbana (Vulnerabilidad Media, Servicios Básicos)<br>Pob: 500.0<br>Score Infra: Media"
COOPERATIVA 16 DE NOVIEMBRE,0.5442014540683605,0.25078190928759503,0.9214904607842609,1.3229852275449243,-0.15505647173124384,0.035111805461298766,-0.31679235383650955,1.9142459730061934,-0.47128479646415516,-0.5780048145812022,0.3037204417426307,-0.28378320797232354,0.32441586554464696,1.2693749228089826,-0.44690291629477147,-0.49941130387521077,0.5471643748886973,-0.2757577768833604,-0.878326630452167,-0.42932268886742947,0.8528028654224415,2.0230629019273323,-0.2968260885977624,0.2968260885977624,-0.6775341234279814,0.0,0.0,-0.15968978652245705,1.461393799699591,0.6824226598925878,-0.44030905887750366,0.5232722080805532,1.6956864290426572,1.4659935358313756,-0.5508448775795894,"Transición Urbana (Vulnerabilidad Media, Servicios Básicos)",Baja,"<b>COOPERATIVA 16 DE NOVIEMBRE</b><hr>Tipología: Transición Urbana (Vulnerabilidad Media, Servicios Básicos)<br>Pob: 5676.0<br>Score Infra: Baja"
COOPERATIVA EL FUTURO,-0.4870204208247335,-0.39663060868262456,-0.3133147800925154,0.14578612599170437,-0.5498909925314214,-0.6586974704539651,-0.31679235383650955,-0.48584923172746025,-0.7486652842957191,-0.38637100357240095,-0.5454591245138511,-0.28378320797232354,-1.0337319105490443,-1.2349599477828588,-0.44690291629477147,-0.7611141943048213,-0.4167327248757193,-0.2757577768833604,-0.12044502564829934,-0.6477192617689459,-1.1726039399558572,-0.49430000374546906,-0.2968260885977624,0.2968260885977624,-0.6324339436272991,0.0,0.0,-0.37812861149864163,1.110675451418602,1.5573249031027778,0.4518822281637996,-0.6046659617015194,-0.9018959917281483,-1.3422345080342082,-0.5508448775795894,"Transición Urbana (Vulnerabilidad Media, Servicios Básicos)",Baja,"<b>COOPERATIVA EL FUTURO</b><hr>Tipología: Transición Urbana (Vulnerabilidad Media, Servicios Básicos)<br>Pob: 500.0<br>Score Infra: Baja"
COOPERATIVA LA HERMOSA,-0.4870204208247335,-0.39663060868262456,-0.22184772521275417,1.2095202539012404,-0.5498909925314214,-0.6586974704539651,-0.31679235383650955,-0.48584923172746025,-1.0260457721272829,-0.7696386255900036,-0.5454591245138511,-0.28378320797232354,0.32441586554464696,-1.2349599477828588,-0.44690291629477147,-0.7611141943048213,-0.4167327248757193,-0.2757577768833604,-1.0409489990942924,1.8340599757482867,-1.1726039399558572,-0.49430000374546906,-0.2968260885977624,-3.3689761055846037,-1.228937512181561,0.0,0.0,-0.37812861149864163,1.110675451418602,1.5573249031027778,-0.5312023514201333,-0.6046659617015194,-2.20049239317244,-1.3422345080342082,-0.5508448775795894,"Transición Urbana (Vulnerabilidad Media, Servicios Básicos)",Muy Baja,"<b>COOPERATIVA LA HERMOSA</b><hr>Tipología: Transición Urbana (Vulnerabilidad Media, Servicios Básicos)<br>Pob: 500.0<br>Score Infra: Muy Baja"
COOPERATIVA LA UNIDAD,-0.1642655063489197,-0.22721424883995028,-0.1608696886262467,0.19897283238718116,-0.5498909925314214,-0.6586974704539651,-0.31679235383650955,-0.48584923172746025,-0.28636447124311254,-0.19473719256359964,-0.5454591245138511,-0.28378320797232354,0.32441586554464696,0.25402036464566513,-0.44690291629477147,-0.7611141943048213,-0.4167327248757193,-0.2757577768833604,-0.46256566911239344,-0.062019361714879054,-1.1726039399558572,-0.49430000374546906,-0.2968260885977624,0.2968260885977624,-0.854176494313987,0.0,0.0,-0.27497694414877677,0.6116256753375056,0.10751363865415892,-0.41355075312897244,-0.6046659617015194,-0.9018959917281483,1.5546379722345303,-0.5508448775795894,"Transición Urbana (Vulnerabilidad Media, Servicios Básicos)",Muy Baja,"<b>COOPERATIVA LA UNIDAD</b><hr>Tipología: Transición Urbana (Vulnerabilidad Media, Servicios Básicos)<br>Pob: 2120.0<br>Score Infra: Muy Baja"
CORDOBA IV,-0.4870204208247335,-0.39663060868262456,-0.4047818349722766,-0.9179480019178317,-0.15505647173124384,-0.6586974704539651,0.3977986178312334,-0.48584923172746025,-0.6562051216851977,-0.5780048145812022,-0.5454591245138511,-0.28378320797232354,-1.0337319105490443,-1.2349599477828588,3.286924956751673,2.2297759820335856,-0.4167327248757193,-0.2757577768833604,0.18638963216703167,-0.6477192617689459,0.8528028654224415,-0.49430000374546906,-0.2968260885977624,0.2968260885977624,1.0566751712887297,0.0,0.0,-0.347789885807505,-0.330474885680312,-0.003050074977136561,1.1429614870792377,-0.9806641505983733,0.39709002759836504,-1.3422345080342082,1.8153931182840382,"Núcleo Consolidado (Alto Estándar, Alta Infraestructura)",Muy Alta,"<b>CORDOBA IV</b><hr>Tipología: Núcleo Consolidado (Alto Estándar, Alta Infraestructura)<br>Pob: 500.0<br>Score Infra: Muy Alta"
CORDOBA V,-0.4870204208247335,-0.39663060868262456,-0.39715958039896315,-0.8293034912587037,-0.5498909925314214,-0.6586974704539651,-0.31679235383650955,-0.48584923172746025,-0.8411254469062404,-0.38637100357240095,-0.5454591245138511,-0.28378320797232354,-1.0337319105490443,-1.2349599477828588,-0.44690291629477147,-0.7611141943048213,-0.4167327248757193,-0.2757577768833604,-0.4272796834636304,-0.6477192617689459,-1.1726039399558572,-0.49430000374546906,-0.2968260885977624,0.2968260885977624,-0.8310894975112567,0.0,0.0,-0.365993121222187,0.24598523670771466,0.6210999050201294,-0.09407923502547724,-0.6046659617015194,-0.9018959917281483,-1.3422345080342082,-0.5508448775795894,"Transición Urbana (Vulnerabilidad Media, Servicios Básicos)",Muy Baja,"<b>CORDOBA V</b><hr>Tipología: Transición Urbana (Vulnerabilidad Media, Servicios Básicos)<br>Pob: 500.0<br>Score Infra: Muy Baja"
CORRAL DE PALOS,-0.3387922378802857,-0.3185230661577552,-0.22946997978606762,0.2752071115540313,-0.5498909925314214,-0.6586974704539651,-0.31679235383650955,-0.48584923172746025,-0.37882463385363385,-0.38637100357240095,-0.5454591245138511,-0.28378320797232354,0.32441586554464696,-0.2959633543594655,-0.44690291629477147,-0.7611141943048213,-0.4167327248757193,-0.2757577768833604,-0.1772094373441356,0.3499559917129815,-1.1726039399558572,-0.49430000374546906,-0.2968260885977624,0.2968260885977624,-0.6689436129897562,0.0,0.0,-0.32351890525459553,0.5024656685684268,0.22644506900796366,-0.2472316013930624,-0.6046659617015194,-0.9018959917281483,0.6269877959686988,-0.5508448775795894,"Transición Urbana (Vulnerabilidad Media, Servicios Básicos)",Baja,"<b>CORRAL DE PALOS</b><hr>Tipología: Transición Urbana (Vulnerabilidad Media, Servicios Básicos)<br>Pob: 1244.0<br>Score Infra: Baja"
COSTA VERDE,-0.4870204208247335,-0.39663060868262456,-0.4047818349722766,-0.9179480019178317,-0.5498909925314214,-0.6586974704539651,-0.31679235383650955,1.9142459730061934,-0.47128479646415516,-0.38637100357240095,-0.5454591245138511,-0.28378320797232354,-1.0337319105490443,-1.2349599477828588,-0.44690291629477147,-0.7611141943048213,3.2290985212218493,-0.2757577768833604,0.8000589477976937,-0.6477192617689459,-1.1726039399558572,2.0230629019273323,-0.2968260885977624,0.2968260885977624,1.1570767620354865,0.0,0.0,-0.347789885807505,-0.330474885680312,-0.003050074977136561,1.2165114333033749,-0.6046659617015194,0.39709002759836504,-1.3422345080342082,1.8153931182840382,"Núcleo Consolidado (Alto Estándar, Alta Infraestructura)",Muy Alta,"<b>COSTA VERDE</b><hr>Tipología: Núcleo Consolidado (Alto Estándar, Alta Infraestructura)<br>Pob: 500.0<br>Score Infra: Muy Alta"
COUNTRY ALTOS DEL CHATEAU,-0.36349693503769365,-0.368027846631264,-0.4047818349722766,-0.9179480019178317,-0.35247373213133265,-0.6586974704539651,0.040503131997361934,-0.48584923172746025,-1.0260457721272829,-0.7696386255900036,-0.5454591245138511,-0.28378320797232354,-1.0337319105490443,-0.40430911513908735,3.286924956751673,-0.09564113006952582,-0.4167327248757193,-0.2757577768833604,-1.0409489990942924,-0.6477192617689459,0.8528028654224415,-0.49430000374546906,-0.2968260885977624,-3.3689761055846037,-0.8971290465051129,0.0,0.0,-0.12328331569309295,-0.978115330603334,-0.9436169474730557,-0.48366742467373464,-0.8866505041470376,-0.9018959917281483,2.024176471307494,-0.5508448775795894,"Transición Urbana (Vulnerabilidad Media, Servicios Básicos)",Muy Baja,"<b>COUNTRY ALTOS DEL CHATEAU</b><hr>Tipología: Transición Urbana (Vulnerabilidad Media, Servicios Básicos)<br>Pob: 1120.0<br>Score Infra: Muy Baja"
COUNTRY BARRANCAS,-0.4870204208247335,-0.39663060868262456,-0.4047818349722766,-0.9179480019178317,-0.5498909925314214,-0.6586974704539651,-0.31679235383650955,-0.48584923172746025,-0.47128479646415516,-0.5780048145812022,-0.5454591245138511,-0.28378320797232354,-1.0337319105490443,-1.2349599477828588,-0.44690291629477147,-0.7611141943048213,-0.4167327248757193,-0.2757577768833604,0.8000589477976937,-0.6477192617689459,-1.1726039399558572,-0.49430000374546906,-0.2968260885977624,0.2968260885977624,-0.03593037507303724,0.0,0.0,-0.31745116011636815,-0.7422321307807345,-0.44887149728568365,0.030545096377404,-0.6046659617015194,-0.9018959917281483,-1.3422345080342082,-0.5508448775795894,"Transición Urbana (Vulnerabilidad Media, Servicios Básicos)",Media,"<b>COUNTRY BARRANCAS</b><hr>Tipología: Transición Urbana (Vulnerabilidad Media, Servicios Básicos)<br>Pob: 500.0<br>Score Infra: Media"
COUNTRY CLUB,-0.4870204208247335,-0.39663060868262456,-0.4047818349722766,-0.9179480019178317,-0.5498909925314214,-0.6586974704539651,-0.31679235383650955,-0.48584923172746025,-0.47128479646415516,-0.38637100357240095,-0.5454591245138511,-0.28378320797232354,-1.0337319105490443,-1.2349599477828588,-0.44690291629477147,-0.7611141943048213,-0.4167327248757193,-0.2757577768833604,0.8000589477976937,-0.6477192617689459,-1.1726039399558572,-0.49430000374546906,-0.2968260885977624,0.2968260885977624,-0.03593037507303724,0.0,0.0,-0.37812861149864163,1.110675451418602,1.5573249031027778,1.4349668077477322,-0.6046659617015194,-0.9018959917281483,-1.3422345080342082,-0.5508448775795894,"Transición Urbana (Vulnerabilidad Media, Servicios Básicos)",Media,"<b>COUNTRY CLUB</b><hr>Tipología: Transición Urbana (Vulnerabilidad Media, Servicios Básicos)<br>Pob: 500.0<br>Score Infra: Media"
COUNTRY FORTIN DEL POZO,-0.4870204208247335,-0.39663060868262456,-0.35904830753239597,-0.38608093796306364,-0.5498909925314214,-0.6586974704539651,-0.31679235383650955,-0.48584923172746025,-0.9335856095167617,-0.38637100357240095,-0.5454591245138511,-0.28378320797232354,-1.0337319105490443,-1.2349599477828588,-0.44690291629477147,-0.7611141943048213,-0.4167327248757193,-0.2757577768833604,-0.7341143412789614,-0.6477192617689459,-1.1726039399558572,-0.49430000374546906,-0.2968260885977624,0.2968260885977624,-1.0302819582976035,0.0,0.0,-0.11721557055486562,-1.262623201364989,-1.0123138783954284,-0.503346813557575,-0.6046659617015194,-0.9018959917281483,-1.3422345080342082,-0.5508448775795894,"Transición Urbana (Vulnerabilidad Media, Servicios Básicos)",Muy Baja,"<b>COUNTRY FORTIN DEL POZO</b><hr>Tipología: Transición Urbana (Vulnerabilidad Media, Servicios Básicos)<br>Pob: 500.0<br>Score Infra: Muy Baja"
COUNTRY JOCKEY CLUB,-0.27683126355807697,-0.29817110085197945,-0.3514260529590825,-0.5899633124790581,-0.5498909925314214,-0.6586974704539651,-0.31679235383650955,-0.48584923172746025,-1.0260457721272829,-0.7696386255900036,-0.5454591245138511,-0.28378320797232354,-1.0337319105490443,-0.06585759575131547,-0.44690291629477147,-0.7611141943048213,-0.4167327248757193,-0.2757577768833604,-1.0409489990942924,-0.6477192617689459,-1.1726039399558572,-0.49430000374546906,-0.2968260885977624,-3.3689761055846037,-1.228937512181561,0.0,0.0,0.3378653148121857,-1.2188850123880421,-1.076843859179674,-0.5312023514201333,-0.6046659617015194,-2.20049239317244,1.4329250058450425,-0.5508448775795894,"Transición Urbana (Vulnerabilidad Media, Servicios Básicos)",Muy Baja,"<b>COUNTRY JOCKEY CLUB</b><hr>Tipología: Transición Urbana (Vulnerabilidad Media, Servicios Básicos)<br>Pob: 1555.0<br>Score Infra: Muy Baja"
COUNTRY LA RESERVA,-0.4282471493615452,-0.39278023686801833,-0.3895373258256497,-0.7459776512391234,-0.5498909925314214,-0.6586974704539651,-0.31679235383650955,-0.48584923172746025,-1.0260457721272829,-0.7696386255900036,-0.5454591245138511,-0.28378320797232354,-1.0337319105490443,-0.7572067359641433,-0.44690291629477147,-0.7611141943048213,-0.4167327248757193,-0.2757577768833604,-1.0409489990942924,-0.6477192617689459,-1.1726039399558572,-0.49430000374546906,-0.2968260885977624,-3.3689761055846037,-1.228937512181561,0.0,0.0,-0.1657575316606844,-1.0603621244381887,-0.9531984049833041,-0.5312023514201333,-0.6046659617015194,-2.20049239317244,0.978795402943721,-0.5508448775795894,"Transición Urbana (Vulnerabilidad Media, Servicios Básicos)",Muy Baja,"<b>COUNTRY LA RESERVA</b><hr>Tipología: Transición Urbana (Vulnerabilidad Media, Servicios Básicos)<br>Pob: 795.0<br>Score Infra: Muy Baja"
COUNTRY LA SANTINA - COUNTRY CAMPINA DEL SUR,-0.4870204208247335,-0.39663060868262456,-0.4047818349722766,-0.9179480019178317,-0.5498909925314214,-0.6586974704539651,-0.31679235383650955,-0.48584923172746025,-0.19390430863259123,-0.38637100357240095,-0.5454591245138511,-0.28378320797232354,-1.0337319105490443,-1.2349599477828588,-0.44690291629477147,-0.7611141943048213,-0.4167327248757193,-0.2757577768833604,1.7205629212436866,-0.6477192617689459,-1.1726039399558572,-0.49430000374546906,-0.2968260885977624,0.2968260885977624,0.5605731934812245,0.0,0.0,-0.23250272818118525,-0.04089612566407335,-0.08106882949848238,-0.3320724200163815,-0.6046659617015194,-0.9018959917281483,-1.3422345080342082,1.8153931182840382,"Núcleo Consolidado (Alto Estándar, Alta Infraestructura)",Alta,"<b>COUNTRY LA SANTINA - COUNTRY CAMPINA DEL SUR</b><hr>Tipología: Núcleo Consolidado (Alto Estándar, Alta Infraestructura)<br>Pob: 500.0<br>Score Infra: Alta"
COUNTRY LAS DELICIAS,-0.4320325465066319,-0.3894799181697844,-0.3895373258256497,-0.7512963218786711,-0.5498909925314214,-0.6586974704539651,-0.31679235383650955,-0.48584923172746025,-1.0260457721272829,-0.7696386255900036,-0.5454591245138511,-0.28378320797232354,-1.0337319105490443,-0.7830033456735767,-0.44690291629477147,-0.7611141943048213,-0.4167327248757193,-0.2757577768833604,-1.0409489990942924,-0.6477192617689459,-1.1726039399558572,-0.49430000374546906,-0.2968260885977624,-3.3689761055846037,-1.228937512181561,0.0,0.0,0.4046105113326866,-1.3623125468240167,-1.1613879520111492,-0.5312023514201333,-0.6046659617015194,-2.20049239317244,0.6370295485299942,-0.5508448775795894,"Transición Urbana (Vulnerabilidad Media, Servicios Básicos)",Muy Baja,"<b>COUNTRY LAS DELICIAS</b><hr>Tipología: Transición Urbana (Vulnerabilidad Media, Servicios Básicos)<br>Pob: 776.0<br>Score Infra: Muy Baja"
COUNTRY LOMAS DE LA CAROLINA,-0.2734443292703678,-0.29597088838649016,-0.4047818349722766,-0.9179480019178317,-0.5498909925314214,-0.6586974704539651,-0.31679235383650955,-0.48584923172746025,-0.8411254469062404,-0.5780048145812022,-0.5454591245138511,-0.28378320797232354,-1.0337319105490443,-0.05450708747916444,-0.44690291629477147,-0.7611141943048213,-0.4167327248757193,-0.2757577768833604,-0.8461089913815572,-0.6477192617689459,-1.1726039399558572,-0.49430000374546906,-0.2968260885977624,0.2968260885977624,-1.1027643901201285,0.0,0.0,0.47135570785318737,-1.2568463306021116,-1.1019441444987639,-0.5254330341754103,-0.6046659617015194,-0.9018959917281483,1.4355220108177913,-0.5508448775795894,"Transición Urbana (Vulnerabilidad Media, Servicios Básicos)",Muy Baja,"<b>COUNTRY LOMAS DE LA CAROLINA</b><hr>Tipología: Transición Urbana (Vulnerabilidad Media, Servicios Básicos)<br>Pob: 1572.0<br>Score Infra: Muy Baja"
COUNTRY LOS ALGARROBOS,-0.4870204208247335,-0.39663060868262456,-0.4047818349722766,-0.9179480019178317,-0.5498909925314214,-0.6586974704539651,-0.31679235383650955,-0.48584923172746025,-0.6562051216851977,-0.38637100357240095,-0.5454591245138511,-0.28378320797232354,-1.0337319105490443,-1.2349599477828588,-0.44690291629477147,-0.7611141943048213,-0.4167327248757193,-0.2757577768833604,0.18638963216703167,-0.6477192617689459,-1.1726039399558572,-0.49430000374546906,-0.2968260885977624,0.2968260885977624,-0.4337783897433415,0.0,0.0,-0.347789885807505,-0.330474885680312,-0.003050074977136561,0.05125092820662455,-0.6046659617015194,-0.9018959917281483,-1.3422345080342082,-0.5508448775795894,"Transición Urbana (Vulnerabilidad Media, Servicios Básicos)",Media,"<b>COUNTRY LOS ALGARROBOS</b><hr>Tipología: Transición Urbana (Vulnerabilidad Media, Servicios Básicos)<br>Pob: 500.0<br>Score Infra: Media"
COUNTRY LOS MIMBRES,-0.4870204208247335,-0.39663060868262456,-0.4047818349722766,-0.9179480019178317,-0.5498909925314214,-0.6586974704539651,-0.31679235383650955,-0.48584923172746025,-0.7486652842957191,-0.5780048145812022,-0.5454591245138511,-0.28378320797232354,-1.0337319105490443,-1.2349599477828588,-0.44690291629477147,-0.7611141943048213,-0.4167327248757193,-0.2757577768833604,-0.12044502564829934,-0.6477192617689459,-1.1726039399558572,-0.49430000374546906,-0.2968260885977624,0.2968260885977624,-0.6324339436272991,0.0,0.0,-0.29318017956345876,-0.9069350288209035,-0.6272000549744027,-0.31274697697577564,-0.6046659617015194,-0.9018959917281483,-1.3422345080342082,-0.5508448775795894,"Transición Urbana (Vulnerabilidad Media, Servicios Básicos)",Baja,"<b>COUNTRY LOS MIMBRES</b><hr>Tipología: Transición Urbana (Vulnerabilidad Media, Servicios Básicos)<br>Pob: 500.0<br>Score Infra: Baja"
COUNTRY RANCH CLUB,-0.4870204208247335,-0.39663060868262456,-0.4047818349722766,-0.9179480019178317,-0.5498909925314214,-0.6586974704539651,-0.31679235383650955,-0.48584923172746025,-0.7486652842957191,-0.5780048145812022,-0.5454591245138511,-0.28378320797232354,-1.0337319105490443,-1.2349599477828588,-0.44690291629477147,-0.7611141943048213,-0.4167327248757193,-0.2757577768833604,-0.12044502564829934,-0.6477192617689459,-1.1726039399558572,-0.49430000374546906,-0.2968260885977624,0.2968260885977624,-0.6324339436272991,0.0,0.0,-0.365993121222187,0.24598523670771466,0.6210999050201294,0.12419916649726308,-0.6046659617015194,-0.9018959917281483,-1.3422345080342082,-0.5508448775795894,"Transición Urbana (Vulnerabilidad Media, Servicios Básicos)",Baja,"<b>COUNTRY RANCH CLUB</b><hr>Tipología: Transición Urbana (Vulnerabilidad Media, Servicios Básicos)<br>Pob: 500.0<br>Score Infra: Baja"
COUNTRY VALLE ESCONDIDO,0.7402451798981141,0.4933553336077877,-0.34380379838576913,-0.8399408325377989,-0.35247373213133265,-0.6586974704539651,0.040503131997361934,-0.48584923172746025,-0.7486652842957191,-0.5780048145812022,-0.5454591245138511,-0.28378320797232354,-1.0337319105490443,1.4344732249493597,3.286924956751673,-0.6489558126921311,-0.4167327248757193,-0.2757577768833604,-0.971911201085843,-0.6477192617689459,0.8528028654224415,-0.49430000374546906,-0.2968260885977624,0.2968260885977624,-1.128535921434804,0.0,0.0,2.8620472923147635,-1.2264953930200897,-1.061529559079823,-0.5299635409688124,-0.8866505041470376,0.39709002759836504,0.6720025488296765,-0.5508448775795894,"Transición Urbana (Vulnerabilidad Media, Servicios Básicos)",Muy Baja,"<b>COUNTRY VALLE ESCONDIDO</b><hr>Tipología: Transición Urbana (Vulnerabilidad Media, Servicios Básicos)<br>Pob: 6660.0<br>Score Infra: Muy Baja"
CRISOL NORTE,-0.3427768664540612,-0.20906249599966376,-0.3666705621057094,-0.7548421023050361,1.029447090669289,0.7289210813765625,1.1123895894989762,-0.48584923172746025,2.7648208949040907,3.0630375945860226,0.18847464346496529,-0.28378320797232354,0.32441586554464696,-0.31247318457350326,1.4200110202284506,2.830571046205563,-0.4167327248757193,-0.2757577768833604,2.6410668946896796,0.36608755675684357,0.8528028654224415,-0.49430000374546906,-0.2968260885977624,0.2968260885977624,2.9471243746006617,0.0,0.0,-0.25677370873409466,-0.42501435762241546,0.014894268334727305,0.6158653373343617,-0.6046659617015194,0.39709002759836504,-1.7534269620527505,1.8153931182840382,"Núcleo Consolidado (Alto Estándar, Alta Infraestructura)",Muy Alta,"<b>CRISOL NORTE</b><hr>Tipología: Núcleo Consolidado (Alto Estándar, Alta Infraestructura)<br>Pob: 1224.0<br>Score Infra: Muy Alta"
CRISOL SUD,0.07799991093662945,0.11161847084539828,-0.32855928923914224,-0.7601607729445838,0.8320298302692002,0.7289210813765625,0.7550941036651048,-0.48584923172746025,0.5457769922515792,0.7634318624804068,0.37650726170747195,-0.28378320797232354,0.32441586554464696,0.7214549325806064,1.154909241242153,0.8091031482728422,-0.4167327248757193,-0.2757577768833604,-0.25852062166519835,-0.27545237614136103,0.8528028654224415,-0.49430000374546906,-0.2968260885977624,0.2968260885977624,0.06071286735699612,0.0,0.0,-0.08687684486372885,-0.15203831367788903,-0.037138232445062244,-0.3677147664300996,-0.46367369047876034,0.39709002759836504,-0.5319689565366168,-0.5508448775795894,"Transición Urbana (Vulnerabilidad Media, Servicios Básicos)",Alta,"<b>CRISOL SUD</b><hr>Tipología: Transición Urbana (Vulnerabilidad Media, Servicios Básicos)<br>Pob: 3336.0<br>Score Infra: Alta"
CUPANI,-0.1373692634759352,-0.13590543152214532,-0.1608696886262467,-0.07582515065611563,-0.15505647173124384,-0.6586974704539651,0.3977986178312334,1.9142459730061934,0.17593634180949397,0.3801642404628043,-0.5090657145314306,-0.28378320797232354,0.32441586554464696,0.31696409233668377,3.286924956751673,-0.09564113006952582,2.0094400887358517,-0.2757577768833604,-0.1572651845861391,-0.09800516065887893,0.8528028654224415,2.0230629019273323,-0.2968260885977624,0.2968260885977624,0.469299020075082,0.0,0.0,-0.28711243442523143,0.9796066297516646,0.7413309092677809,0.058011293812404295,-0.9806641505983733,1.6956864290426572,0.12195689560150329,-0.5508448775795894,"Transición Urbana (Vulnerabilidad Media, Servicios Básicos)",Alta,"<b>CUPANI</b><hr>Tipología: Transición Urbana (Vulnerabilidad Media, Servicios Básicos)<br>Pob: 2255.0<br>Score Infra: Alta"
DE LOS BIOQUIMICOS,-0.33460837787782144,-0.31522274745952134,-0.21422547063944075,0.3549871711472464,-0.5498909925314214,-0.6586974704539651,-0.31679235383650955,-0.48584923172746025,0.17593634180949397,-0.5780048145812022,-0.5454591245138511,-0.28378320797232354,0.32441586554464696,-0.27842165975705013,-0.44690291629477147,-0.7611141943048213,-0.4167327248757193,-0.2757577768833604,0.5361811420765089,0.3338244266691196,-1.1726039399558572,-0.49430000374546906,-0.2968260885977624,0.2968260885977624,-0.20666677003276293,0.0,0.0,-0.2992479247016861,0.060839817001411126,-0.10144548530671854,-0.13478300699744925,-0.6046659617015194,-0.9018959917281483,0.6230057216771508,-0.5508448775795894,"Transición Urbana (Vulnerabilidad Media, Servicios Básicos)",Media,"<b>DE LOS BIOQUIMICOS</b><hr>Tipología: Transición Urbana (Vulnerabilidad Media, Servicios Básicos)<br>Pob: 1265.0<br>Score Infra: Media"
DE LOS DOCENTES,-0.4870204208247335,-0.39663060868262456,-0.4047818349722766,-0.9179480019178317,-0.5498909925314214,-0.6586974704539651,-0.31679235383650955,-0.48584923172746025,-0.7486652842957191,-0.19473719256359964,-0.5454591245138511,-0.28378320797232354,1.682563641638338,-1.2349599477828588,-0.44690291629477147,-0.7611141943048213,-0.4167327248757193,-0.2757577768833604,-0.12044502564829934,4.3158392132655194,-1.1726039399558572,-0.49430000374546906,-0.2968260885977624,0.2968260885977624,-0.6324339436272991,0.0,0.0,-0.39633184691332374,8.892887321558892,9.983349717326119,3.401135966915598,-0.6046659617015194,-0.9018959917281483,-1.3422345080342082,-0.5508448775795894,"Transición Urbana (Vulnerabilidad Media, Servicios Básicos)",Baja,"<b>DE LOS DOCENTES</b><hr>Tipología: Transición Urbana (Vulnerabilidad Media, Servicios Básicos)<br>Pob: 500.0<br>Score Infra: Baja"
DEAN FUNES,-0.1634685806341646,-0.13150500659116676,-0.23709223435938104,-0.3453044630598648,-0.15505647173124384,-0.31179283249633316,0.040503131997361934,-0.48584923172746025,1.4703786183567922,1.1466994844980094,-0.01775467976875174,-0.28378320797232354,0.32441586554464696,0.2560840934224196,1.4200110202284506,-0.05825500286529578,-0.4167327248757193,-0.2757577768833604,0.9089852513221364,-0.06326025133363765,0.8528028654224415,-0.49430000374546906,-0.2968260885977624,0.2968260885977624,0.38500463639999705,0.0,0.0,0.046613548177272854,-0.8877404626502647,-0.7336429369100543,-0.3874295498982634,-0.6046659617015194,0.39709002759836504,-0.2785012711963449,-0.5508448775795894,"Transición Urbana (Vulnerabilidad Media, Servicios Básicos)",Alta,"<b>DEAN FUNES</b><hr>Tipología: Transición Urbana (Vulnerabilidad Media, Servicios Básicos)<br>Pob: 2124.0<br>Score Infra: Alta"
DIPAS,-0.4870204208247335,-0.39663060868262456,-0.4047818349722766,-0.9179480019178317,-0.5498909925314214,-0.6586974704539651,-0.31679235383650955,-0.48584923172746025,-1.0260457721272829,-0.7696386255900036,-0.5454591245138511,-0.28378320797232354,-1.0337319105490443,-1.2349599477828588,-0.44690291629477147,-0.7611141943048213,-0.4167327248757193,-0.2757577768833604,-1.0409489990942924,-0.6477192617689459,-1.1726039399558572,-0.49430000374546906,-0.2968260885977624,-3.3689761055846037,-1.228937512181561,0.0,0.0,-0.40239959205155107,-0.04089612566407335,-0.08106882949848238,-0.3320724200163815,-0.6046659617015194,-2.20049239317244,-1.3422345080342082,-0.5508448775795894,"Transición Urbana (Vulnerabilidad Media, Servicios Básicos)",Muy Baja,"<b>DIPAS</b><hr>Tipología: Transición Urbana (Vulnerabilidad Media, Servicios Básicos)<br>Pob: 500.0<br>Score Infra: Muy Baja"
DUCASSE,-0.40015551791642806,-0.2926705696882562,-0.1608696886262467,0.5411406435314153,-0.35247373213133265,-0.31179283249633316,-0.31679235383650955,-0.48584923172746025,3.7818826836198247,7.470615247788452,-0.515131282861834,-0.28378320797232354,0.32441586554464696,-0.5890128406586342,-0.44690291629477147,0.038948927865702525,-0.4167327248757193,-0.2757577768833604,2.6410668946896796,0.6775508510652563,0.8528028654224415,-0.49430000374546906,-0.2968260885977624,0.2968260885977624,1.555998590510569,0.0,0.0,-0.2992479247016861,-0.3407833487914546,0.0340317929337837,0.5487572054570931,-0.040696876810483125,0.39709002759836504,-1.504633885663426,1.8153931182840382,"Núcleo Consolidado (Alto Estándar, Alta Infraestructura)",Muy Alta,"<b>DUCASSE</b><hr>Tipología: Núcleo Consolidado (Alto Estándar, Alta Infraestructura)<br>Pob: 936.0<br>Score Infra: Muy Alta"
EJERCITO ARGENTINO,-0.21905414923833255,-0.16340808734076126,-0.34380379838576913,-0.691018054630464,0.04236078866884495,0.3820164434189307,-0.31679235383650955,-0.48584923172746025,2.394980244462005,3.8295728386212278,-0.1572627513680309,-0.28378320797232354,0.32441586554464696,0.11059121466121254,-0.44690291629477147,0.45767355255307934,-0.4167327248757193,-0.2757577768833604,2.0350684455044012,0.024842911598224108,0.8528028654224415,-0.49430000374546906,-0.2968260885977624,0.2968260885977624,1.3718395229911162,0.0,0.0,-0.3113834149781408,1.0691703214445203,1.0854675135062708,0.6117949601371644,1.0872412929715896,0.39709002759836504,-0.5515330606646568,1.8153931182840382,"Núcleo Consolidado (Alto Estándar, Alta Infraestructura)",Muy Alta,"<b>EJERCITO ARGENTINO</b><hr>Tipología: Núcleo Consolidado (Alto Estándar, Alta Infraestructura)<br>Pob: 1845.0<br>Score Infra: Muy Alta"
EL BALCON,-0.4870204208247335,-0.39663060868262456,-0.4047818349722766,-0.9179480019178317,-0.5498909925314214,-0.6586974704539651,-0.31679235383650955,-0.48584923172746025,-0.9335856095167617,-0.5780048145812022,-0.5454591245138511,-0.28378320797232354,-1.0337319105490443,-1.2349599477828588,-0.44690291629477147,-0.7611141943048213,-0.4167327248757193,-0.2757577768833604,-0.7341143412789614,-0.6477192617689459,-1.1726039399558572,-0.49430000374546906,-0.2968260885977624,0.2968260885977624,-1.0302819582976035,0.0,0.0,-0.40239959205155107,-0.04089612566407335,-0.08106882949848238,-0.3320724200163815,-0.6046659617015194,-0.9018959917281483,-1.3422345080342082,-0.5508448775795894,"Transición Urbana (Vulnerabilidad Media, Servicios Básicos)",Muy Baja,"<b>EL BALCON</b><hr>Tipología: Transición Urbana (Vulnerabilidad Media, Servicios Básicos)<br>Pob: 500.0<br>Score Infra: Muy Baja"
EL BOSQUE,-0.2698581635539699,-0.2827696135935545,-0.35904830753239597,-0.6573331405799954,-0.5498909925314214,-0.6586974704539651,-0.31679235383650955,-0.48584923172746025,-0.47128479646415516,-0.5780048145812022,-0.5454591245138511,-0.28378320797232354,0.32441586554464696,-0.04315657920701341,-0.44690291629477147,-0.7611141943048213,-0.4167327248757193,-0.2757577768833604,-0.46256566911239344,0.13280030843022375,-1.1726039399558572,-0.49430000374546906,-0.2968260885977624,0.2968260885977624,-0.854176494313987,0.0,0.0,0.6473203168617806,-1.292663514554285,-1.1191962056118911,-0.5169383339377813,-0.6046659617015194,-0.9018959917281483,1.0930636217446639,-0.5508448775795894,"Transición Urbana (Vulnerabilidad Media, Servicios Básicos)",Muy Baja,"<b>EL BOSQUE</b><hr>Tipología: Transición Urbana (Vulnerabilidad Media, Servicios Básicos)<br>Pob: 1590.0<br>Score Infra: Muy Baja"
EL CABILDO,0.41928334828049924,0.22547946593446833,0.2659765674793056,0.2539324289958406,0.4371953094690225,1.0758257193341945,-0.31679235383650955,1.9142459730061934,1.0080778053041857,-0.003103381554798346,-0.46660673621860643,-0.28378320797232354,0.32441586554464696,1.1486467893688312,-0.44690291629477147,-0.020868875661065663,0.6676515123592494,-0.2757577768833604,-0.3720494450568707,-0.4020231172547399,0.8528028654224415,2.0230629019273323,-0.2968260885977624,0.2968260885977624,-0.0719031375331053,0.0,0.0,-0.06867360944904678,0.42169029384884815,0.10804863505636342,-0.39252637004084084,2.215179462753662,1.6956864290426572,0.8970763131345628,-0.5508448775795894,"Transición Urbana (Vulnerabilidad Media, Servicios Básicos)",Media,"<b>EL CABILDO</b><hr>Tipología: Transición Urbana (Vulnerabilidad Media, Servicios Básicos)<br>Pob: 5049.0<br>Score Infra: Media"
EL CERRITO,0.14235166240310343,-0.0005923648945548148,0.395554895225634,1.1049197313234693,-0.35247373213133265,-0.31179283249633316,-0.31679235383650955,1.9142459730061934,-0.28636447124311254,-0.38637100357240095,-0.515131282861834,-0.28378320797232354,1.682563641638338,0.8163864563113237,-0.44690291629477147,-0.5592291074019788,1.078403117372495,-0.2757577768833604,-0.7049650487865049,0.031047359692017166,0.8528028654224415,2.0230629019273323,-0.2968260885977624,0.2968260885977624,-0.4214295309883928,0.0,0.0,0.02234256762436343,-0.39862894467350724,-0.5130697735597427,-0.4551393897090308,-0.040696876810483125,1.6956864290426572,1.2152959891287018,-0.5508448775795894,"Transición Urbana (Vulnerabilidad Media, Servicios Básicos)",Media,"<b>EL CERRITO</b><hr>Tipología: Transición Urbana (Vulnerabilidad Media, Servicios Básicos)<br>Pob: 3659.0<br>Score Infra: Media"
EL PRADO,-0.4870204208247335,-0.39663060868262456,-0.4047818349722766,-0.9179480019178317,-0.5498909925314214,-0.6586974704539651,-0.31679235383650955,-0.48584923172746025,-0.6562051216851977,-0.5780048145812022,-0.5454591245138511,-0.28378320797232354,-1.0337319105490443,-1.2349599477828588,-0.44690291629477147,-0.7611141943048213,-0.4167327248757193,-0.2757577768833604,0.18638963216703167,-0.6477192617689459,-1.1726039399558572,-0.49430000374546906,-0.2968260885977624,0.2968260885977624,-0.4337783897433415,0.0,0.0,-0.40239959205155107,-0.04089612566407335,-0.08106882949848238,-0.3320724200163815,-0.6046659617015194,-0.9018959917281483,-1.3422345080342082,-0.5508448775795894,"Transición Urbana (Vulnerabilidad Media, Servicios Básicos)",Media,"<b>EL PRADO</b><hr>Tipología: Transición Urbana (Vulnerabilidad Media, Servicios Básicos)<br>Pob: 500.0<br>Score Infra: Media"
EL PUEBLITO,-0.32464680644338273,-0.32402359732147845,0.5403777321185892,5.7037969443190315,-0.5498909925314214,-0.6586974704539651,-0.31679235383650955,-0.48584923172746025,-1.0260457721272829,-0.7696386255900036,-0.5454591245138511,-0.28378320797232354,-1.0337319105490443,-0.2392108129987104,-0.44690291629477147,-0.7611141943048213,-0.4167327248757193,-0.2757577768833604,-1.0409489990942924,-0.6477192617689459,-1.1726039399558572,-0.49430000374546906,-0.2968260885977624,-3.3689761055846037,-1.228937512181561,0.0,0.0,-0.15968978652245705,-0.8011545980125295,-0.7851099952513106,-0.5312023514201333,-0.6046659617015194,-2.20049239317244,1.1869020680933162,-0.5508448775795894,"Transición Urbana (Vulnerabilidad Media, Servicios Básicos)",Muy Baja,"<b>EL PUEBLITO</b><hr>Tipología: Transición Urbana (Vulnerabilidad Media, Servicios Básicos)<br>Pob: 1315.0<br>Score Infra: Muy Baja"
EL QUEBRACHAL,-0.4870204208247335,-0.39663060868262456,-0.3666705621057094,-0.4747254486221917,-0.5498909925314214,-0.6586974704539651,-0.31679235383650955,-0.48584923172746025,-0.28636447124311254,-0.5780048145812022,-0.5454591245138511,-0.28378320797232354,-1.0337319105490443,-1.2349599477828588,-0.44690291629477147,-0.7611141943048213,-0.4167327248757193,-0.2757577768833604,1.4137282634283557,-0.6477192617689459,-1.1726039399558572,-0.49430000374546906,-0.2968260885977624,0.2968260885977624,0.361917639597267,0.0,0.0,0.7990139453174644,-1.4309896949702752,-1.1946091276991901,-0.47825205327224624,-0.6046659617015194,-0.9018959917281483,-1.3422345080342082,1.8153931182840382,"Núcleo Consolidado (Alto Estándar, Alta Infraestructura)",Alta,"<b>EL QUEBRACHAL</b><hr>Tipología: Núcleo Consolidado (Alto Estándar, Alta Infraestructura)<br>Pob: 500.0<br>Score Infra: Alta"
EL QUEBRACHO,0.28221212534262274,0.052762787393560134,0.6318447869983504,1.452406213107251,-0.15505647173124384,0.035111805461298766,-0.31679235383650955,-0.48584923172746025,0.08347617919897267,-0.003103381554798346,0.898146138122168,-0.28378320797232354,1.682563641638338,0.9979945886657383,-0.44690291629477147,-0.41716182402590457,-0.4167327248757193,-0.2757577768833604,-0.6190513445982122,-0.07815092675874105,0.8528028654224415,-0.49430000374546906,-0.2968260885977624,0.2968260885977624,-0.7843785970034074,0.0,0.0,0.058749038453727566,-0.29258022470498074,-0.4996599235884025,-0.49265764909189197,0.5232722080805532,0.39709002759836504,1.7535685531470808,-0.5508448775795894,"Transición Urbana (Vulnerabilidad Media, Servicios Básicos)",Muy Baja,"<b>EL QUEBRACHO</b><hr>Tipología: Transición Urbana (Vulnerabilidad Media, Servicios Básicos)<br>Pob: 4361.0<br>Score Infra: Muy Baja"
EL REFUGIO,-0.34735918931390297,-0.3229234910887338,-0.3895373258256497,-0.8115745891268782,-0.35247373213133265,-0.6586974704539651,0.040503131997361934,-0.48584923172746025,-0.5637449590746765,-0.19473719256359964,0.3401138517250513,-0.28378320797232354,-1.0337319105490443,-0.33207860795267313,3.286924956751673,-0.14050448271460195,-0.4167327248757193,-0.2757577768833604,-0.40273291083840385,-0.6477192617689459,0.8528028654224415,-0.49430000374546906,-0.2968260885977624,0.2968260885977624,-0.5062608215658666,0.0,0.0,-0.20823174762827587,-0.7045254672916209,-0.6650391416486281,-0.3823327297556861,-0.8866505041470376,0.39709002759836504,0.5549641913911353,-0.5508448775795894,"Transición Urbana (Vulnerabilidad Media, Servicios Básicos)",Baja,"<b>EL REFUGIO</b><hr>Tipología: Transición Urbana (Vulnerabilidad Media, Servicios Básicos)<br>Pob: 1201.0<br>Score Infra: Baja"
EL TREBOL,-0.3348076093065102,-0.2800193480116929,-0.35904830753239597,-0.6591060307931779,-0.5498909925314214,-0.6586974704539651,-0.31679235383650955,-0.48584923172746025,-0.5637449590746765,-0.003103381554798346,-0.18152502468964465,-0.28378320797232354,0.32441586554464696,-0.27945352414542785,-0.44690291629477147,-0.7611141943048213,-0.4167327248757193,-0.2757577768833604,-0.433416376619937,0.3338244266691196,-1.1726039399558572,-0.49430000374546906,-0.2968260885977624,0.2968260885977624,-0.8353847527303694,0.0,0.0,-0.2992479247016861,0.05961906811861355,0.11003122252165135,-0.37858090381739995,-0.6046659617015194,-0.9018959917281483,-0.35883529168670397,-0.5508448775795894,"Transición Urbana (Vulnerabilidad Media, Servicios Básicos)",Muy Baja,"<b>EL TREBOL</b><hr>Tipología: Transición Urbana (Vulnerabilidad Media, Servicios Básicos)<br>Pob: 1264.0<br>Score Infra: Muy Baja"
EL VIEJO ALGARROBO,-0.4870204208247335,-0.39663060868262456,-0.37429281667902287,-0.5633699592813196,-0.35247373213133265,-0.31179283249633316,-0.31679235383650955,-0.48584923172746025,1.100537967914707,-0.5780048145812022,-0.5454591245138511,-0.28378320797232354,0.32441586554464696,-1.2349599477828588,-0.44690291629477147,0.7343308938643821,-0.4167327248757193,-0.2757577768833604,2.6410668946896796,1.8340599757482867,0.8528028654224415,-0.49430000374546906,-0.2968260885977624,0.2968260885977624,1.9023035425515222,0.0,0.0,-0.25677370873409466,-1.051050074982334,-0.7832375640170939,0.32888604763979723,-0.040696876810483125,0.39709002759836504,-1.3422345080342082,1.8153931182840382,"Núcleo Consolidado (Alto Estándar, Alta Infraestructura)",Muy Alta,"<b>EL VIEJO ALGARROBO</b><hr>Tipología: Núcleo Consolidado (Alto Estándar, Alta Infraestructura)<br>Pob: 500.0<br>Score Infra: Muy Alta"
EMAUS,-0.4870204208247335,-0.39663060868262456,-0.39715958039896315,-0.8293034912587037,-0.5498909925314214,-0.6586974704539651,-0.31679235383650955,-0.48584923172746025,-0.8411254469062404,-0.5780048145812022,-0.5090657145314306,-0.28378320797232354,-1.0337319105490443,-1.2349599477828588,-0.44690291629477147,-0.7611141943048213,-0.4167327248757193,-0.2757577768833604,-0.4272796834636304,-0.6477192617689459,-1.1726039399558572,-0.49430000374546906,-0.2968260885977624,0.2968260885977624,-0.8310894975112567,0.0,0.0,-0.39026410177509635,3.704746074798699,4.365999841177224,0.7801669977638348,-0.6046659617015194,-0.9018959917281483,-1.3422345080342082,-0.5508448775795894,"Transición Urbana (Vulnerabilidad Media, Servicios Básicos)",Muy Baja,"<b>EMAUS</b><hr>Tipología: Transición Urbana (Vulnerabilidad Media, Servicios Básicos)<br>Pob: 500.0<br>Score Infra: Muy Baja"
EMPALME,0.09593073951861911,0.12041932070735538,-0.3133147800925154,-0.7317945295336629,0.8320298302692002,1.0758257193341945,0.3977986178312334,-0.48584923172746025,-0.37882463385363385,0.7634318624804068,-0.06627922641197928,2.831525786212739,-1.0337319105490443,0.7482834066784174,0.6209718553965115,0.7642397956277661,-0.4167327248757193,3.976094957602642,-0.7279776481226548,-0.6477192617689459,0.8528028654224415,-0.49430000374546906,3.368976105584603,0.2968260885977624,0.33077703925870056,0.0,0.0,-0.020131648343227997,-0.35485093152435004,-0.23487720558982134,-0.3679979231046872,-0.040696876810483125,0.39709002759836504,-0.4673900995475992,-0.5508448775795894,"Transición Urbana (Vulnerabilidad Media, Servicios Básicos)",Alta,"<b>EMPALME</b><hr>Tipología: Transición Urbana (Vulnerabilidad Media, Servicios Básicos)<br>Pob: 3426.0<br>Score Infra: Alta"
EMPALME CASAS DE OBREROS Y EMPLEADOS,-0.3409837835958622,-0.3003713133174687,-0.30569252551920195,-0.30275509794348326,-0.5498909925314214,-0.6586974704539651,-0.31679235383650955,-0.48584923172746025,0.9156176426936644,1.3383332955068108,-0.39988548458416856,-0.28378320797232354,0.32441586554464696,-0.30525013385486116,-0.44690291629477147,-0.7611141943048213,-0.4167327248757193,-0.2757577768833604,1.5717481122032513,0.35864221904429183,-1.1726039399558572,-0.49430000374546906,-0.2968260885977624,0.2968260885977624,0.4644668579535803,0.0,0.0,-0.29318017956345876,-0.061844470349201895,-0.08106882949848238,0.08898155509542645,-0.6046659617015194,-0.9018959917281483,0.022058770983103514,1.8153931182840382,"Núcleo Consolidado (Alto Estándar, Alta Infraestructura)",Alta,"<b>EMPALME CASAS DE OBREROS Y EMPLEADOS</b><hr>Tipología: Núcleo Consolidado (Alto Estándar, Alta Infraestructura)<br>Pob: 1233.0<br>Score Infra: Alta"
ESCOBAR,-0.15231162062759326,-0.10345229765617849,-0.3514260529590825,-0.7495234316654884,0.23977804906893374,0.035111805461298766,0.3977986178312334,-0.48584923172746025,0.5457769922515792,-0.003103381554798346,2.2204400341501183,-0.28378320797232354,-1.0337319105490443,0.28291256752023064,1.4200110202284506,0.6072180613699998,-0.4167327248757193,-0.2757577768833604,0.15570616638549856,-0.6477192617689459,0.8528028654224415,-0.49430000374546906,-0.2968260885977624,0.2968260885977624,0.22822782090238727,0.0,0.0,-0.13541880596954767,-0.4551998972614906,-0.3155506073156373,-0.31288855531306947,-0.6046659617015194,0.39709002759836504,-0.5214078029807722,-0.5508448775795894,"Transición Urbana (Vulnerabilidad Media, Servicios Básicos)",Alta,"<b>ESCOBAR</b><hr>Tipología: Transición Urbana (Vulnerabilidad Media, Servicios Básicos)<br>Pob: 2180.0<br>Score Infra: Alta"
ESCUELA DE SUBOFICIALES,-0.4870204208247335,-0.39663060868262456,-0.4047818349722766,-0.9179480019178317,-0.5498909925314214,-0.6586974704539651,-0.31679235383650955,1.9142459730061934,-0.8411254469062404,-0.5780048145812022,-0.5454591245138511,-0.28378320797232354,0.32441586554464696,-1.2349599477828588,-0.44690291629477147,-0.7611141943048213,3.2290985212218493,-0.2757577768833604,-0.4272796834636304,1.8340599757482867,-1.1726039399558572,2.0230629019273323,-0.2968260885977624,0.2968260885977624,0.361917639597267,0.0,0.0,-0.40239959205155107,-0.04089612566407335,-0.08106882949848238,-0.3320724200163815,-0.6046659617015194,0.39709002759836504,-1.3422345080342082,-0.5508448775795894,"Transición Urbana (Vulnerabilidad Media, Servicios Básicos)",Alta,"<b>ESCUELA DE SUBOFICIALES</b><hr>Tipología: Transición Urbana (Vulnerabilidad Media, Servicios Básicos)<br>Pob: 500.0<br>Score Infra: Alta"
ESTACION FLORES,0.18558488242856738,0.05661315920816637,0.5403777321185892,1.2290220462462484,0.4371953094690225,1.0758257193341945,-0.31679235383650955,1.9142459730061934,0.17593634180949397,-0.38637100357240095,1.1953589863119367,-0.28378320797232354,0.32441586554464696,0.87623459083721,-0.44690291629477147,0.2034478875643149,0.996252796369846,-0.2757577768833604,-0.5270009472536129,-0.3275697401292229,0.8528028654224415,2.0230629019273323,-0.2968260885977624,0.2968260885977624,0.04729019479726924,0.0,0.0,0.02234256762436343,-0.3342959932136808,-0.4296120200208159,-0.4110023430576838,2.215179462753662,1.6956864290426572,0.88287935261687,-0.5508448775795894,"Transición Urbana (Vulnerabilidad Media, Servicios Básicos)",Alta,"<b>ESTACION FLORES</b><hr>Tipología: Transición Urbana (Vulnerabilidad Media, Servicios Básicos)<br>Pob: 3876.0<br>Score Infra: Alta"
ESTADIO CORDOBA,-0.4870204208247335,-0.39663060868262456,-0.4047818349722766,-0.9179480019178317,-0.5498909925314214,-0.6586974704539651,-0.31679235383650955,-0.48584923172746025,-0.6562051216851977,-0.7696386255900036,-0.5454591245138511,-0.28378320797232354,-1.0337319105490443,-1.2349599477828588,-0.44690291629477147,-0.7611141943048213,-0.4167327248757193,-0.2757577768833604,0.18638963216703167,-0.6477192617689459,-1.1726039399558572,-0.49430000374546906,-0.2968260885977624,0.2968260885977624,-0.4337783897433415,0.0,0.0,-0.40239959205155107,-0.04089612566407335,-0.08106882949848238,-0.3320724200163815,-0.6046659617015194,-0.9018959917281483,-1.3422345080342082,-0.5508448775795894,"Transición Urbana (Vulnerabilidad Media, Servicios Básicos)",Media,"<b>ESTADIO CORDOBA</b><hr>Tipología: Transición Urbana (Vulnerabilidad Media, Servicios Básicos)<br>Pob: 500.0<br>Score Infra: Media"
FERIAR,-0.4870204208247335,-0.39663060868262456,-0.4047818349722766,-0.9179480019178317,-0.5498909925314214,-0.6586974704539651,-0.31679235383650955,-0.48584923172746025,-0.10144414602206994,-0.38637100357240095,-0.5454591245138511,-0.28378320797232354,0.32441586554464696,-1.2349599477828588,-0.44690291629477147,-0.7611141943048213,-0.4167327248757193,-0.2757577768833604,2.0273975790590177,1.8340599757482867,-1.1726039399558572,-0.49430000374546906,-0.2968260885977624,0.2968260885977624,0.7597656542675713,0.0,0.0,-0.40239959205155107,-0.04089612566407335,-0.08106882949848238,-0.3320724200163815,-0.6046659617015194,-0.9018959917281483,-1.3422345080342082,1.8153931182840382,"Núcleo Consolidado (Alto Estándar, Alta Infraestructura)",Muy Alta,"<b>FERIAR</b><hr>Tipología: Núcleo Consolidado (Alto Estándar, Alta Infraestructura)<br>Pob: 500.0<br>Score Infra: Muy Alta"
FERRER,-0.21925338066702132,-0.25251669219307693,0.6547115507182907,4.4166786495484915,-0.5498909925314214,-0.6586974704539651,-0.31679235383650955,1.9142459730061934,0.17593634180949397,0.18853042945400297,-0.4180821895753789,-0.28378320797232354,1.682563641638338,0.10955935027283484,-0.44690291629477147,-0.7611141943048213,2.551632207353336,-0.2757577768833604,0.04064316970474941,0.6986459745841528,-1.1726039399558572,2.0230629019273323,-0.2968260885977624,0.2968260885977624,0.4435274887604063,0.0,0.0,-0.27497694414877677,0.33887768132962165,-0.015533062218912243,-0.006194482150341139,-0.6046659617015194,0.39709002759836504,1.2397078358725395,-0.5508448775795894,"Transición Urbana (Vulnerabilidad Media, Servicios Básicos)",Alta,"<b>FERRER</b><hr>Tipología: Transición Urbana (Vulnerabilidad Media, Servicios Básicos)<br>Pob: 1844.0<br>Score Infra: Alta"
FERREYRA,0.1839910309990572,0.059363424790027965,0.36506587693238024,0.8230301874274424,0.4371953094690225,0.7289210813765625,0.040503131997361934,-0.48584923172746025,0.7306973174726218,-0.38637100357240095,-0.14513161470722402,5.9468347803978014,0.32441586554464696,0.8741708620604547,0.2998626583145174,0.2034478875643149,-0.4167327248757193,3.976094957602642,-0.28766991415765475,-0.32632885051046434,0.8528028654224415,-0.49430000374546906,3.368976105584603,0.2968260885977624,0.3366830151849806,0.0,0.0,0.13762972525068312,-0.5814747103959017,-0.6018833893380836,-0.4152496931764983,0.24128766563503504,0.39709002759836504,0.8375183324261924,-0.5508448775795894,"Transición Urbana (Vulnerabilidad Media, Servicios Básicos)",Alta,"<b>FERREYRA</b><hr>Tipología: Transición Urbana (Vulnerabilidad Media, Servicios Básicos)<br>Pob: 3868.0<br>Score Infra: Alta"
FERREYRA SEGUNDA SECCION,-0.39955782363036174,-0.38837981193703974,-0.1608696886262467,1.720112635297818,-0.5498909925314214,-0.6586974704539651,-0.31679235383650955,-0.48584923172746025,-0.47128479646415516,-0.38637100357240095,-0.5454591245138511,-0.28378320797232354,-1.0337319105490443,-0.585917247493502,-0.44690291629477147,-0.7611141943048213,-0.4167327248757193,-0.2757577768833604,-0.060612267374309844,-0.6477192617689459,-1.1726039399558572,-0.49430000374546906,-0.2968260885977624,0.2968260885977624,-0.5937766466552857,0.0,0.0,-0.3417221406692776,0.4652706803216338,-0.04361981159965671,-0.11248441887367329,-0.6046659617015194,-0.9018959917281483,1.8908635493730614,-0.5508448775795894,"Transición Urbana (Vulnerabilidad Media, Servicios Básicos)",Baja,"<b>FERREYRA SEGUNDA SECCION</b><hr>Tipología: Transición Urbana (Vulnerabilidad Media, Servicios Básicos)<br>Pob: 939.0<br>Score Infra: Baja"
FERROVIARIO MITRE,-0.3609069264647396,-0.3141226412267767,-0.08464714289311237,1.2095202539012404,0.6346125698691113,1.0758257193341945,0.040503131997361934,-0.48584923172746025,-0.19390430863259123,0.9550656734892082,-0.460541167888203,-0.28378320797232354,0.32441586554464696,-0.3919267424785595,0.17664633850398476,2.830571046205563,-0.4167327248757193,-0.2757577768833604,0.1771845924325718,0.4479862715949123,0.8528028654224415,-0.49430000374546906,-0.2968260885977624,0.2968260885977624,1.3503632468955533,0.0,0.0,-0.29318017956345876,-0.17713650727834612,-0.1590875840198278,0.41344370958852855,0.5232722080805532,0.39709002759836504,-0.06606626442550195,1.8153931182840382,"Núcleo Consolidado (Alto Estándar, Alta Infraestructura)",Muy Alta,"<b>FERROVIARIO MITRE</b><hr>Tipología: Núcleo Consolidado (Alto Estándar, Alta Infraestructura)<br>Pob: 1133.0<br>Score Infra: Muy Alta"
FINCA LA DOROTEA,-0.4870204208247335,-0.39663060868262456,-0.32855928923914224,-0.03150289532655163,-0.5498909925314214,-0.6586974704539651,-0.31679235383650955,-0.48584923172746025,-0.8411254469062404,-0.5780048145812022,-0.4726723045490099,-0.28378320797232354,0.32441586554464696,-1.2349599477828588,-0.44690291629477147,-0.7611141943048213,-0.4167327248757193,-0.2757577768833604,-0.4272796834636304,1.8340599757482867,-1.1726039399558572,-0.49430000374546906,-0.2968260885977624,0.2968260885977624,-0.8310894975112567,0.0,0.0,-0.3113834149781408,-0.7916430126443242,-0.5023700702096493,-0.3563531048622709,-0.6046659617015194,-0.9018959917281483,-1.3422345080342082,-0.5508448775795894,"Transición Urbana (Vulnerabilidad Media, Servicios Básicos)",Muy Baja,"<b>FINCA LA DOROTEA</b><hr>Tipología: Transición Urbana (Vulnerabilidad Media, Servicios Básicos)<br>Pob: 500.0<br>Score Infra: Muy Baja"
FINCAS DEL SUR,-0.4870204208247335,-0.39663060868262456,-0.4047818349722766,-0.9179480019178317,-0.5498909925314214,-0.6586974704539651,-0.31679235383650955,-0.48584923172746025,-1.0260457721272829,-0.7696386255900036,0.5888021532715925,-0.28378320797232354,-1.0337319105490443,-1.2349599477828588,-0.44690291629477147,-0.7611141943048213,-0.4167327248757193,-0.2757577768833604,-1.0409489990942924,-0.6477192617689459,-1.1726039399558572,-0.49430000374546906,-0.2968260885977624,-3.3689761055846037,-1.228937512181561,0.0,0.0,-0.04440262889613742,-1.307525982783879,-1.060931367491512,-0.5312023514201333,-0.6046659617015194,-2.20049239317244,-1.3422345080342082,-0.5508448775795894,"Transición Urbana (Vulnerabilidad Media, Servicios Básicos)",Muy Baja,"<b>FINCAS DEL SUR</b><hr>Tipología: Transición Urbana (Vulnerabilidad Media, Servicios Básicos)<br>Pob: 500.0<br>Score Infra: Muy Baja"
GENERAL ARENALES,-0.12481768346854245,-0.1645081935735059,0.052553439426529444,0.7928910538033389,0.04236078866884495,0.3820164434189307,-0.31679235383650955,4.3143411777398475,-0.10144414602206994,-0.5780048145812022,-0.29677082296731006,-0.28378320797232354,1.682563641638338,0.3458562952112493,-0.44690291629477147,0.2034478875643149,3.2290985212218493,-0.2757577768833604,-0.3797203115022541,0.42316847921974005,0.8528028654224415,2.0230629019273323,-0.2968260885977624,0.2968260885977624,0.8735899175740551,0.0,0.0,-0.17789302193713913,-0.183275012238688,-0.30702796408354416,-0.1565860709406969,1.0872412929715896,1.6956864290426572,0.781596158679671,-0.5508448775795894,"Transición Urbana (Vulnerabilidad Media, Servicios Básicos)",Muy Alta,"<b>GENERAL ARENALES</b><hr>Tipología: Transición Urbana (Vulnerabilidad Media, Servicios Básicos)<br>Pob: 2318.0<br>Score Infra: Muy Alta"
GENERAL ARTIGAS,-0.2774289578441433,-0.24756621414572608,-0.34380379838576913,-0.6165566656767965,-0.15505647173124384,0.035111805461298766,-0.31679235383650955,-0.48584923172746025,-0.10144414602206994,-0.19473719256359964,-0.13300047804641713,-0.28378320797232354,-1.0337319105490443,-0.06792132452806995,-0.44690291629477147,0.2034478875643149,-0.4167327248757193,-0.2757577768833604,-0.05294140092892646,-0.6477192617689459,0.8528028654224415,-0.49430000374546906,-0.2968260885977624,0.2968260885977624,-0.10787589999317322,0.0,0.0,-0.19609625735182115,-0.5361016135967105,-0.4731818708651895,-0.3138442090898027,0.5232722080805532,0.39709002759836504,0.034351261187447885,-0.5508448775795894,"Transición Urbana (Vulnerabilidad Media, Servicios Básicos)",Media,"<b>GENERAL ARTIGAS</b><hr>Tipología: Transición Urbana (Vulnerabilidad Media, Servicios Básicos)<br>Pob: 1552.0<br>Score Infra: Media"
GENERAL BELGRANO,0.041739790915272586,-0.017093958385724386,-0.17611419777287357,-0.3204840000753089,-0.15505647173124384,0.035111805461298766,-0.31679235383650955,-0.48584923172746025,-0.28636447124311254,-0.19473719256359964,0.7707692031836957,-0.28378320797232354,0.32441586554464696,0.6636705268314754,-0.44690291629477147,-0.29004899153152225,-0.4167327248757193,-0.2757577768833604,-0.651268983668822,-0.25435725262246456,0.8528028654224415,-0.49430000374546906,-0.2968260885977624,0.2968260885977624,-0.7414260448122814,0.0,0.0,-0.22643498304295792,0.7736251782419427,0.4725952621613538,-0.4203819079033991,0.5232722080805532,0.39709002759836504,0.4649346856691806,-0.5508448775795894,"Transición Urbana (Vulnerabilidad Media, Servicios Básicos)",Baja,"<b>GENERAL BELGRANO</b><hr>Tipología: Transición Urbana (Vulnerabilidad Media, Servicios Básicos)<br>Pob: 3154.0<br>Score Infra: Baja"
GENERAL BUSTOS,2.5331288066683912,2.206770791107562,1.4474260263428878,-0.0439131268188296,2.6087851738699994,2.463444271164722,2.1842760470005906,-0.48584923172746025,1.7477591061883562,0.7634318624804068,2.1658499191764875,-0.28378320797232354,1.682563641638338,2.316717277011999,1.1885136920995711,0.0015628006614724081,-0.4167327248757193,-0.2757577768833604,-0.7463877275915747,-0.488885390567843,0.8528028654224415,-0.49430000374546906,-0.2968260885977624,0.2968260885977624,-0.6582054749419747,0.0,0.0,0.6533880620000079,0.38421641188119443,0.3412009546783303,-0.509576260398503,-0.46367369047876034,0.39709002759836504,-0.1747942059512467,-0.5508448775795894,"Transición Urbana (Vulnerabilidad Media, Servicios Básicos)",Baja,"<b>GENERAL BUSTOS</b><hr>Tipología: Transición Urbana (Vulnerabilidad Media, Servicios Básicos)<br>Pob: 15659.0<br>Score Infra: Baja"
GENERAL MOSCONI,0.07560913379236416,-0.03854602992424483,0.43366616809220115,1.3743990437272184,-0.35247373213133265,-0.31179283249633316,-0.31679235383650955,1.9142459730061934,0.4533168296410579,0.3801642404628043,0.33404828339464787,-0.28378320797232354,0.32441586554464696,0.7173274750270975,-0.44690291629477147,-0.5367974310794408,1.2317503832441066,-0.2757577768833604,-0.3030116470484214,-0.27421148652260247,0.8528028654224415,2.0230629019273323,-0.2968260885977624,0.2968260885977624,-0.09928538955494808,0.0,0.0,-0.22036723790473056,0.8159890286026229,0.34210489862040033,-0.2829801315597509,-0.040696876810483125,1.6956864290426572,1.0920248197555646,-0.5508448775795894,"Transición Urbana (Vulnerabilidad Media, Servicios Básicos)",Media,"<b>GENERAL MOSCONI</b><hr>Tipología: Transición Urbana (Vulnerabilidad Media, Servicios Básicos)<br>Pob: 3324.0<br>Score Infra: Media"
GENERAL PAZ,1.3108439916627628,1.8085323348540028,0.4107994043722608,-0.4676338877694614,3.990705996670621,3.85106282299525,3.256162504502205,-0.48584923172746025,1.9326794314093987,1.7216009175244136,0.8496215914789405,2.831525786212739,0.32441586554464696,1.8038806759884534,1.1773122084804317,1.040897136939069,-0.4167327248757193,2.5888205812881524,-0.5254667739645363,-0.5174258517992912,0.8528028654224415,-0.49430000374546906,3.368976105584603,0.2968260885977624,0.404870191788393,0.0,0.0,0.28325560856813947,0.26569712281835034,0.8409885381145337,-0.43588473583707193,-0.45087159225173384,0.39709002759836504,-1.7529075610582012,-0.5508448775795894,"Transición Urbana (Vulnerabilidad Media, Servicios Básicos)",Alta,"<b>GENERAL PAZ</b><hr>Tipología: Transición Urbana (Vulnerabilidad Media, Servicios Básicos)<br>Pob: 9524.0<br>Score Infra: Alta"
GENERAL PUEYRREDON,4.199102013363919,3.8596804058063805,3.87130298065656,0.3354853788022384,2.806202434270088,0.7289210813765625,4.32804896200382,-0.48584923172746025,3.4120420331777397,1.5299671065156122,0.679785678227644,-0.28378320797232354,0.32441586554464696,2.758355235237506,2.4094754065857584,-0.23023118800475417,-0.4167327248757193,-0.2757577768833604,-0.7341143412789614,-0.5956018977810841,0.8528028654224415,-0.49430000374546906,-0.2968260885977624,0.2968260885977624,-0.7655868554197898,0.0,0.0,1.5150078716282918,0.09412813488939388,0.15974246581211976,-0.5215396298998304,-0.9672416863779667,0.39709002759836504,-0.4313782972588175,-0.5508448775795894,"Transición Urbana (Vulnerabilidad Media, Servicios Básicos)",Baja,"<b>GENERAL PUEYRREDON</b><hr>Tipología: Transición Urbana (Vulnerabilidad Media, Servicios Básicos)<br>Pob: 24021.0<br>Score Infra: Baja"
GENERAL SAVIO,0.38740631969029543,0.2133782973742773,1.9809838464748282,3.3210324978016694,-0.5498909925314214,-0.6586974704539651,-0.31679235383650955,-0.48584923172746025,-0.19390430863259123,-0.5780048145812022,-0.12086934138561026,-0.28378320797232354,0.32441586554464696,1.1156271289407558,-0.44690291629477147,-0.7611141943048213,-0.4167327248757193,-0.2757577768833604,-0.7586611139041879,-0.39333688992342963,-1.1726039399558572,-0.49430000374546906,-0.2968260885977624,0.2968260885977624,-1.0458522584668866,0.0,0.0,-0.21429949276650323,1.7894851490662145,1.1206212260722033,-0.49226830866433396,-0.6046659617015194,-0.9018959917281483,0.7957931191973638,-0.5508448775795894,"Transición Urbana (Vulnerabilidad Media, Servicios Básicos)",Muy Baja,"<b>GENERAL SAVIO</b><hr>Tipología: Transición Urbana (Vulnerabilidad Media, Servicios Básicos)<br>Pob: 4889.0<br>Score Infra: Muy Baja"
GRANADERO PRINGLES,-0.14653390919561882,-0.161207874875272,-0.28282576179926167,-0.4658609975562789,-0.5498909925314214,-0.6586974704539651,-0.31679235383650955,-0.48584923172746025,0.7306973174726218,-0.003103381554798346,-0.3938199162537651,-0.28378320797232354,0.32441586554464696,0.2963268045691362,-0.44690291629477147,-0.7611141943048213,-0.4167327248757193,-0.2757577768833604,0.27844002951163094,-0.0855962644712927,-1.1726039399558572,-0.49430000374546906,-0.2968260885977624,0.2968260885977624,-0.3736448166757652,0.0,0.0,-0.28711243442523143,0.9293635700320947,0.6053319477442807,-0.23445415645229556,-0.6046659617015194,-0.9018959917281483,0.4194005318136536,-0.5508448775795894,"Transición Urbana (Vulnerabilidad Media, Servicios Básicos)",Media,"<b>GRANADERO PRINGLES</b><hr>Tipología: Transición Urbana (Vulnerabilidad Media, Servicios Básicos)<br>Pob: 2209.0<br>Score Infra: Media"
GRANJA DE FUNES,0.18359256814167965,0.16882399494811945,-0.19898096149281388,-0.5279121550176684,0.4371953094690225,1.0758257193341945,-0.31679235383650955,-0.48584923172746025,1.7477591061883562,1.3383332955068108,-0.24218070799367908,-0.28378320797232354,0.32441586554464696,0.8731389976720779,-0.44690291629477147,0.2034478875643149,-0.4167327248757193,-0.2757577768833604,0.14956947322919192,-0.32632885051046434,0.8528028654224415,-0.49430000374546906,-0.2968260885977624,0.2968260885977624,0.023129384189760863,0.0,0.0,0.26505237315345753,-0.7540368330748778,-0.6242495419519556,-0.45616583265441096,2.215179462753662,0.39709002759836504,-0.21998209247707393,-0.5508448775795894,"Transición Urbana (Vulnerabilidad Media, Servicios Básicos)",Alta,"<b>GRANJA DE FUNES</b><hr>Tipología: Transición Urbana (Vulnerabilidad Media, Servicios Básicos)<br>Pob: 3866.0<br>Score Infra: Alta"
GUARNICION AEREA CORDOBA,-0.4870204208247335,-0.39663060868262456,-0.4047818349722766,-0.9179480019178317,-0.5498909925314214,-0.6586974704539651,-0.31679235383650955,-0.48584923172746025,-1.0260457721272829,-0.7696386255900036,-0.5454591245138511,-0.28378320797232354,-1.0337319105490443,-1.2349599477828588,-0.44690291629477147,-0.7611141943048213,-0.4167327248757193,-0.2757577768833604,-1.0409489990942924,-0.6477192617689459,-1.1726039399558572,-0.49430000374546906,-0.2968260885977624,-3.3689761055846037,-1.228937512181561,0.0,0.0,6.253916824583852,-1.4739363811186166,-1.241108763544968,-0.5312023514201333,-0.6046659617015194,-2.20049239317244,-1.3422345080342082,-0.5508448775795894,"Transición Urbana (Vulnerabilidad Media, Servicios Básicos)",Muy Baja,"<b>GUARNICION AEREA CORDOBA</b><hr>Tipología: Transición Urbana (Vulnerabilidad Media, Servicios Básicos)<br>Pob: 500.0<br>Score Infra: Muy Baja"
GUARNICION MILITAR CORDOBA,-0.4870204208247335,-0.39663060868262456,-0.4047818349722766,-0.9179480019178317,-0.5498909925314214,-0.6586974704539651,-0.31679235383650955,-0.48584923172746025,-1.0260457721272829,-0.7696386255900036,-0.5333279878530442,-0.28378320797232354,-1.0337319105490443,-1.2349599477828588,-0.44690291629477147,-0.7611141943048213,-0.4167327248757193,-0.2757577768833604,-1.0409489990942924,-0.6477192617689459,-1.1726039399558572,-0.49430000374546906,-0.2968260885977624,-3.3689761055846037,-1.228937512181561,0.0,0.0,14.63954060561405,-1.4792095041189988,-1.2468180694385895,-0.5312023514201333,-0.6046659617015194,-2.20049239317244,-1.3422345080342082,-0.5508448775795894,"Transición Urbana (Vulnerabilidad Media, Servicios Básicos)",Muy Baja,"<b>GUARNICION MILITAR CORDOBA</b><hr>Tipología: Transición Urbana (Vulnerabilidad Media, Servicios Básicos)<br>Pob: 500.0<br>Score Infra: Muy Baja"
GUAYAQUIL,-0.4696872865288102,-0.39663060868262456,-0.4047818349722766,-0.9179480019178317,-0.15505647173124384,0.035111805461298766,-0.31679235383650955,-0.48584923172746025,0.2683965044200153,-0.003103381554798346,-0.023820248099155183,-0.28378320797232354,0.32441586554464696,-1.0698616456424819,-0.44690291629477147,1.7886196810236705,-0.4167327248757193,-0.2757577768833604,2.61805429535353,1.4667566485957362,0.8528028654224415,-0.49430000374546906,-0.2968260885977624,0.2968260885977624,2.412902006723532,0.0,0.0,-0.3538576309457323,0.039324283962621887,0.15298743406555457,2.4698336641968783,0.5232722080805532,0.39709002759836504,-0.5891030659370879,1.8153931182840382,"Núcleo Consolidado (Alto Estándar, Alta Infraestructura)",Muy Alta,"<b>GUAYAQUIL</b><hr>Tipología: Núcleo Consolidado (Alto Estándar, Alta Infraestructura)<br>Pob: 587.0<br>Score Infra: Muy Alta"
GUEMES,1.7220576604763922,2.4267920376564893,2.857543122405873,0.505682839267764,2.806202434270088,4.197967460952882,0.7550941036651048,1.9142459730061934,2.7648208949040907,3.254671405594824,0.25519589509940316,-0.28378320797232354,-1.0337319105490443,2.006126096110415,0.21025078936140268,0.33803794549954314,0.05426244887280245,-0.2757577768833604,-0.4978516547611565,-0.6477192617689459,0.8528028654224415,2.0230629019273323,-0.2968260885977624,0.2968260885977624,-0.1749892627918076,0.0,0.0,0.31359433425927624,0.5545770609612152,1.287406466806429,-0.472305763105906,0.9462490217488304,1.6956864290426572,-1.908554725758273,-0.5508448775795894,"Transición Urbana (Vulnerabilidad Media, Servicios Básicos)",Media,"<b>GUEMES</b><hr>Tipología: Transición Urbana (Vulnerabilidad Media, Servicios Básicos)<br>Pob: 11588.0<br>Score Infra: Media"
GUINAZU,-0.3154821607236991,-0.30147141955021334,-0.0922693974664258,1.030458342369802,0.4371953094690225,1.0758257193341945,-0.31679235383650955,1.9142459730061934,0.8231574800831432,-0.38637100357240095,-0.4848034412098168,2.831525786212739,0.32441586554464696,-0.20309555940550372,-0.44690291629477147,1.983027542485667,3.2290985212218493,3.976094957602642,1.2142857358483905,0.264334608018637,0.8528028654224415,2.0230629019273323,3.368976105584603,0.2968260885977624,3.389535662169258,0.0,0.0,-0.19609625735182115,-0.6526821980384651,-0.6350937235408635,0.36428063196325106,2.215179462753662,1.6956864290426572,0.646725033761589,1.8153931182840382,"Núcleo Consolidado (Alto Estándar, Alta Infraestructura)",Muy Alta,"<b>GUINAZU</b><hr>Tipología: Núcleo Consolidado (Alto Estándar, Alta Infraestructura)<br>Pob: 1361.0<br>Score Infra: Muy Alta"
GUINAZU SUD,-0.4870204208247335,-0.39663060868262456,-0.38191507125233626,-0.6520144699404476,-0.5498909925314214,-0.6586974704539651,-0.31679235383650955,1.9142459730061934,0.08347617919897267,-0.38637100357240095,-0.5211968511922374,-0.28378320797232354,0.32441586554464696,-1.2349599477828588,-0.44690291629477147,-0.7611141943048213,3.2290985212218493,-0.2757577768833604,2.6410668946896796,1.8340599757482867,-1.1726039399558572,2.0230629019273323,-0.2968260885977624,0.2968260885977624,2.350620806046399,0.0,0.0,-0.37812861149864163,1.110675451418602,1.5573249031027778,5.36818999069155,-0.6046659617015194,0.39709002759836504,-1.3422345080342082,1.8153931182840382,"Núcleo Consolidado (Alto Estándar, Alta Infraestructura)",Muy Alta,"<b>GUINAZU SUD</b><hr>Tipología: Núcleo Consolidado (Alto Estándar, Alta Infraestructura)<br>Pob: 500.0<br>Score Infra: Muy Alta"
HIPOLITO IRIGOYEN,0.07341758807678764,-0.01544379903660743,0.2278652946127384,0.7290670061287665,-0.5498909925314214,-0.6586974704539651,-0.31679235383650955,1.9142459730061934,-0.47128479646415516,-0.003103381554798346,-0.405951052914572,-0.28378320797232354,0.32441586554464696,0.7142318818619653,-0.44690291629477147,-0.7611141943048213,1.23722707131095,-0.2757577768833604,-0.7632636337714179,-0.2729705969038438,-1.1726039399558572,2.0230629019273323,-0.2968260885977624,0.2968260885977624,-0.5078715422730339,0.0,0.0,-0.22643498304295792,0.8874064699451603,0.47840629826123243,-0.36729003141821814,-0.6046659617015194,0.39709002759836504,0.7526828366497353,-0.5508448775795894,"Transición Urbana (Vulnerabilidad Media, Servicios Básicos)",Baja,"<b>HIPOLITO IRIGOYEN</b><hr>Tipología: Transición Urbana (Vulnerabilidad Media, Servicios Básicos)<br>Pob: 3313.0<br>Score Infra: Baja"
HOGAR PROPIO,0.3529392825271375,0.3629927450275481,0.022064421133275707,-0.2903448664512054,-0.15505647173124384,0.035111805461298766,-0.31679235383650955,1.9142459730061934,0.7306973174726218,0.18853042945400297,-0.4362788945665892,-0.28378320797232354,3.0407114177320294,1.0784800109591715,-0.44690291629477147,-0.4470707257892887,0.7443251452950553,-0.2757577768833604,-0.42267716359640034,0.14148653576153408,0.8528028654224415,2.0230629019273323,-0.2968260885977624,0.2968260885977624,-0.2920349675126259,0.0,0.0,-0.11114782541663827,0.5555443380152612,0.598864580484873,-0.4025430374043783,0.5232722080805532,1.6956864290426572,-0.50617204047398,-0.5508448775795894,"Transición Urbana (Vulnerabilidad Media, Servicios Básicos)",Media,"<b>HOGAR PROPIO</b><hr>Tipología: Transición Urbana (Vulnerabilidad Media, Servicios Básicos)<br>Pob: 4716.0<br>Score Infra: Media"
HORIZONTE,-0.1849855749325522,-0.15405718436243185,-0.3209370346658288,-0.6130108852504313,-0.5498909925314214,-0.6586974704539651,-0.31679235383650955,-0.48584923172746025,-0.10144414602206994,0.3801642404628043,0.5948677216019959,-0.28378320797232354,-1.0337319105490443,0.20139528083841987,-0.44690291629477147,-0.7611141943048213,-0.4167327248757193,-0.2757577768833604,-0.27999904771227146,-0.6477192617689459,-1.1726039399558572,-0.49430000374546906,-0.2968260885977624,0.2968260885977624,-0.7355200688860016,0.0,0.0,-0.22643498304295792,-0.04073411038921947,-0.009722026119033821,-0.41903691369910784,-0.6046659617015194,-0.9018959917281483,-0.22534923608742177,-0.5508448775795894,"Transición Urbana (Vulnerabilidad Media, Servicios Básicos)",Baja,"<b>HORIZONTE</b><hr>Tipología: Transición Urbana (Vulnerabilidad Media, Servicios Básicos)<br>Pob: 2016.0<br>Score Infra: Baja"
INAUDI,-0.2555135006883782,-0.25416685154219393,-0.37429281667902287,-0.763706553370949,0.23977804906893374,0.7289210813765625,-0.31679235383650955,1.9142459730061934,-0.37882463385363385,-0.5780048145812022,-0.2300495713328722,2.831525786212739,0.32441586554464696,0.002245453881590716,-0.44690291629477147,1.040897136939069,2.8802334913639327,3.976094957602642,-0.3950620443930206,0.09929628872374104,0.8528028654224415,2.0230629019273323,3.368976105584603,0.2968260885977624,1.7632446548327518,0.0,0.0,-0.22036723790473056,-0.333703071679436,-0.3918955039208881,0.1263228415566703,1.6512103778626257,1.6956864290426572,0.5984207412684629,1.8153931182840382,"Núcleo Consolidado (Alto Estándar, Alta Infraestructura)",Muy Alta,"<b>INAUDI</b><hr>Tipología: Núcleo Consolidado (Alto Estándar, Alta Infraestructura)<br>Pob: 1662.0<br>Score Infra: Muy Alta"
INDEPENDENCIA,-0.42466098364514726,-0.34492561574362657,-0.3514260529590825,-0.4960001311803824,-0.35247373213133265,-0.6586974704539651,0.040503131997361934,-0.48584923172746025,0.4533168296410579,0.9550656734892082,-0.3149675279585204,-0.28378320797232354,-1.0337319105490443,-0.7345057194198413,3.286924956751673,0.15858453491923874,-0.4167327248757193,-0.2757577768833604,1.9783040338085647,-0.6477192617689459,0.8528028654224415,-0.49430000374546906,-0.2968260885977624,0.2968260885977624,1.1860697347644964,0.0,0.0,-0.32958665039282287,-0.07740889408948247,0.1249006846848101,0.7954928527758903,-0.8866505041470376,0.39709002759836504,-0.8829108951873901,1.8153931182840382,"Núcleo Consolidado (Alto Estándar, Alta Infraestructura)",Muy Alta,"<b>INDEPENDENCIA</b><hr>Tipología: Núcleo Consolidado (Alto Estándar, Alta Infraestructura)<br>Pob: 813.0<br>Score Infra: Muy Alta"
INDUSTRIAL ESTE,-0.35692229789096414,-0.2943207290373732,-0.39715958039896315,-0.8718528563750851,-0.5498909925314214,-0.6586974704539651,-0.31679235383650955,-0.48584923172746025,0.2683965044200153,1.1466994844980094,0.4674907866635236,-0.28378320797232354,-1.0337319105490443,-0.37438504787614413,-0.44690291629477147,-0.7611141943048213,-0.4167327248757193,-0.2757577768833604,0.821537373844767,-0.6477192617689459,-1.1726039399558572,-0.49430000374546906,-0.2968260885977624,0.2968260885977624,-0.021970795610921353,0.0,0.0,-0.2992479247016861,-0.07588297873855038,0.024118799433845168,-0.06314436832677853,-0.6046659617015194,-0.9018959917281483,-0.4990735602151332,-0.5508448775795894,"Transición Urbana (Vulnerabilidad Media, Servicios Básicos)",Alta,"<b>INDUSTRIAL ESTE</b><hr>Tipología: Transición Urbana (Vulnerabilidad Media, Servicios Básicos)<br>Pob: 1153.0<br>Score Infra: Alta"
INDUSTRIAL OESTE,-0.2636819892646179,-0.24646610791298143,-0.2980702709458885,-0.3931724988157939,-0.5498909925314214,-0.6586974704539651,-0.31679235383650955,-0.48584923172746025,0.7306973174726218,-0.19473719256359964,0.34617942005545477,-0.28378320797232354,-1.0337319105490443,-0.02355115582784353,-0.44690291629477147,-0.7611141943048213,-0.4167327248757193,-0.2757577768833604,0.7571020957035475,-0.6477192617689459,-1.1726039399558572,-0.49430000374546906,-0.2968260885977624,0.2968260885977624,-0.06384953399726918,0.0,0.0,-0.2385704733194126,-0.23747265998962344,-0.2672735296220485,-0.24673607721253407,-0.6046659617015194,-0.9018959917281483,0.2628876987893321,-0.5508448775795894,"Transición Urbana (Vulnerabilidad Media, Servicios Básicos)",Media,"<b>INDUSTRIAL OESTE</b><hr>Tipología: Transición Urbana (Vulnerabilidad Media, Servicios Básicos)<br>Pob: 1621.0<br>Score Infra: Media"
IPONA,-0.39099087219674444,-0.2855198791754161,-0.34380379838576913,-0.5651428494945022,0.04236078866884495,-0.6586974704539651,0.7550941036651048,-0.48584923172746025,1.377918455746271,2.488136161559619,-0.460541167888203,-0.28378320797232354,0.32441586554464696,-0.5394833500165211,3.286924956751673,1.5194395651532138,-0.4167327248757193,-0.2757577768833604,2.6410668946896796,0.6155063701273255,0.8528028654224415,-0.49430000374546906,-0.2968260885977624,0.2968260885977624,2.2937086743931574,0.0,0.0,-0.32351890525459553,0.08422166971461509,0.48570739258925805,1.255126924800263,-1.0276427753697968,0.39709002759836504,-1.4412669643283582,1.8153931182840382,"Núcleo Consolidado (Alto Estándar, Alta Infraestructura)",Muy Alta,"<b>IPONA</b><hr>Tipología: Núcleo Consolidado (Alto Estándar, Alta Infraestructura)<br>Pob: 982.0<br>Score Infra: Muy Alta"
IPV ANEXO LOS GIGANTES,0.45733655116005506,0.2711338745933708,-0.13038067033299297,-0.4658609975562789,0.04236078866884495,0.3820164434189307,-0.31679235383650955,-0.48584923172746025,-0.008983983411548631,-0.38637100357240095,-0.5454591245138511,-0.28378320797232354,0.32441586554464696,1.1868257717387942,-0.44690291629477147,-0.33491234417659843,-0.4167327248757193,-0.2757577768833604,-0.7187726083881948,-0.4107093445860502,0.8528028654224415,-0.49430000374546906,-0.2968260885977624,0.2968260885977624,-0.8080025007085265,0.0,0.0,-0.2385704733194126,2.544139661023266,1.6904768793620486,-0.4284164785448231,1.0872412929715896,0.39709002759836504,0.7454112227260391,-0.5508448775795894,"Transición Urbana (Vulnerabilidad Media, Servicios Básicos)",Muy Baja,"<b>IPV ANEXO LOS GIGANTES</b><hr>Tipología: Transición Urbana (Vulnerabilidad Media, Servicios Básicos)<br>Pob: 5240.0<br>Score Infra: Muy Baja"
IRUPE,-0.48243809796489173,-0.39663060868262456,-0.32855928923914224,-0.03150289532655163,0.04236078866884495,0.3820164434189307,-0.31679235383650955,-0.48584923172746025,-0.47128479646415516,0.3801642404628043,-0.2725085496456963,-0.28378320797232354,0.32441586554464696,-1.1895579146942548,-0.44690291629477147,2.830571046205563,-0.4167327248757193,-0.2757577768833604,0.718747763476631,1.7248616892975286,0.8528028654224415,-0.49430000374546906,-0.2968260885977624,0.2968260885977624,1.700963454155619,0.0,0.0,-0.31745116011636815,-0.7081386341238196,-0.44887149728568365,0.8484431509237774,1.0872412929715896,0.39709002759836504,-1.1431307934568082,1.8153931182840382,"Núcleo Consolidado (Alto Estándar, Alta Infraestructura)",Muy Alta,"<b>IRUPE</b><hr>Tipología: Núcleo Consolidado (Alto Estándar, Alta Infraestructura)<br>Pob: 523.0<br>Score Infra: Muy Alta"
ITUZAINGO,0.04931058520544599,0.006558325618285333,-0.26758125265263477,-0.5757801907735977,1.2268643510693777,1.4227303572918264,0.7550941036651048,-0.48584923172746025,0.4533168296410579,-0.003103381554798346,-0.4302133262361858,2.831525786212739,-1.0337319105490443,0.6760528994920041,0.7964617654296945,1.3474633800137554,-0.4167327248757193,3.976094957602642,-0.27232818126688824,-0.6477192617689459,0.8528028654224415,-0.49430000374546906,3.368976105584603,0.2968260885977624,0.9165424697651811,0.0,0.0,-0.11721557055486562,-0.0739869206385093,-0.13624631595343129,-0.230277595502128,-0.1816891480332422,0.39709002759836504,0.2526728125631872,-0.5508448775795894,"Transición Urbana (Vulnerabilidad Media, Servicios Básicos)",Muy Alta,"<b>ITUZAINGO</b><hr>Tipología: Transición Urbana (Vulnerabilidad Media, Servicios Básicos)<br>Pob: 3192.0<br>Score Infra: Muy Alta"
ITUZAINGO ANEXO,0.624890182687314,0.3640928512602927,0.6470892961449772,0.6280122639773609,-0.35247373213133265,-0.31179283249633316,-0.31679235383650955,1.9142459730061934,2.2100599192409627,0.18853042945400297,-0.405951052914572,-0.28378320797232354,5.757006969919413,1.3405735656070192,-0.44690291629477147,-0.641478587251285,0.4814441180865779,-0.2757577768833604,-0.1572651845861391,0.37229200485063674,0.8528028654224415,2.0230629019273323,-0.2968260885977624,0.2968260885977624,-0.30277310556040743,0.0,0.0,0.16190070580359256,-0.126445192155056,-0.29519254493549113,-0.46554539750012625,-0.040696876810483125,1.6956864290426572,0.9801804722625209,-0.5508448775795894,"Transición Urbana (Vulnerabilidad Media, Servicios Básicos)",Media,"<b>ITUZAINGO ANEXO</b><hr>Tipología: Transición Urbana (Vulnerabilidad Media, Servicios Básicos)<br>Pob: 6081.0<br>Score Infra: Media"
ITUZAINGO II,-0.2772297264154545,-0.28992030410639463,-0.08464714289311237,0.9719529653347774,-0.5498909925314214,-0.6586974704539651,-0.31679235383650955,-0.48584923172746025,-0.8411254469062404,-0.5780048145812022,-0.5454591245138511,-0.28378320797232354,0.32441586554464696,-0.06688946013969226,-0.44690291629477147,-0.7611141943048213,-0.4167327248757193,-0.2757577768833604,-0.8430406448034039,0.15141365271160304,-1.1726039399558572,-0.49430000374546906,-0.2968260885977624,0.2968260885977624,-1.1006167625105723,0.0,0.0,0.3378653148121857,-1.2192252299384396,-1.06993727133345,-0.5242650128927363,-0.6046659617015194,-0.9018959917281483,1.1536604044421337,-0.5508448775795894,"Transición Urbana (Vulnerabilidad Media, Servicios Básicos)",Muy Baja,"<b>ITUZAINGO II</b><hr>Tipología: Transición Urbana (Vulnerabilidad Media, Servicios Básicos)<br>Pob: 1553.0<br>Score Infra: Muy Baja"
JARDIN,0.7763060684907822,0.9350479860547599,-0.06178037917317206,-0.6130108852504313,1.819116132269644,2.1165396332070903,1.1123895894989762,-0.48584923172746025,0.17593634180949397,1.7216009175244136,-0.2300495713328722,-0.28378320797232354,0.32441586554464696,1.4623335634355474,0.7964617654296945,0.5474002578432317,-0.4167327248757193,-0.2757577768833604,-0.749456074169728,-0.46654937743018793,0.8528028654224415,-0.49430000374546906,-0.2968260885977624,0.2968260885977624,-0.3881413030402703,0.0,0.0,0.16796845094181984,0.02690586606411673,0.3149344513514532,-0.47223497393725905,-0.15349069378869035,0.39709002759836504,-1.151614343034454,-0.5508448775795894,"Transición Urbana (Vulnerabilidad Media, Servicios Básicos)",Media,"<b>JARDIN</b><hr>Tipología: Transición Urbana (Vulnerabilidad Media, Servicios Básicos)<br>Pob: 6841.0<br>Score Infra: Media"
JARDIN DEL CLARET,-0.4870204208247335,-0.39663060868262456,-0.39715958039896315,-0.8293034912587037,-0.5498909925314214,-0.6586974704539651,-0.31679235383650955,-0.48584923172746025,-0.008983983411548631,-0.003103381554798346,-0.5454591245138511,-0.28378320797232354,-1.0337319105490443,-1.2349599477828588,-0.44690291629477147,-0.7611141943048213,-0.4167327248757193,-0.2757577768833604,2.3342322368743487,-0.6477192617689459,-1.1726039399558572,-0.49430000374546906,-0.2968260885977624,0.2968260885977624,0.9584212081515288,0.0,0.0,-0.29318017956345876,-0.9069350288209035,-0.6272000549744027,0.2698832755725995,-0.6046659617015194,-0.9018959917281483,-1.3422345080342082,1.8153931182840382,"Núcleo Consolidado (Alto Estándar, Alta Infraestructura)",Muy Alta,"<b>JARDIN DEL CLARET</b><hr>Tipología: Núcleo Consolidado (Alto Estándar, Alta Infraestructura)<br>Pob: 500.0<br>Score Infra: Muy Alta"
JARDIN DEL PILAR,-0.16207396063334317,-0.15845760929341038,-0.12275841575967954,0.11919277279396592,-0.15505647173124384,0.035111805461298766,-0.31679235383650955,-0.48584923172746025,0.08347617919897267,-0.19473719256359964,0.15814680181294807,-0.28378320797232354,0.32441586554464696,0.2591796865875518,-0.44690291629477147,-0.05825500286529578,-0.4167327248757193,-0.2757577768833604,-0.1772094373441356,-0.06574203057115482,0.8528028654224415,-0.49430000374546906,-0.2968260885977624,0.2968260885977624,-0.31888031263207955,0.0,0.0,-0.2021640024900485,-0.14328255747907684,-0.1738402053055626,-0.3494157663348739,0.5232722080805532,0.39709002759836504,0.157968697890285,-0.5508448775795894,"Transición Urbana (Vulnerabilidad Media, Servicios Básicos)",Media,"<b>JARDIN DEL PILAR</b><hr>Tipología: Transición Urbana (Vulnerabilidad Media, Servicios Básicos)<br>Pob: 2131.0<br>Score Infra: Media"
JARDIN DEL SUD,-0.2913751578523575,-0.25856727647317246,-0.38191507125233626,-0.7991643576346001,-0.5498909925314214,-0.6586974704539651,-0.31679235383650955,-0.48584923172746025,-0.37882463385363385,-0.38637100357240095,-0.3149675279585204,-0.28378320797232354,0.32441586554464696,-0.11538708639342857,-0.44690291629477147,-0.7611141943048213,-0.4167327248757193,-0.2757577768833604,-0.3168192066501112,0.1898812308931201,-1.1726039399558572,-0.49430000374546906,-0.2968260885977624,0.2968260885977624,-0.7596808794935098,0.0,0.0,-0.15968978652245705,-0.7145126391916343,-0.617993836435881,-0.4538651846733865,-0.6046659617015194,-0.9018959917281483,0.01859609768610564,-0.5508448775795894,"Transición Urbana (Vulnerabilidad Media, Servicios Básicos)",Baja,"<b>JARDIN DEL SUD</b><hr>Tipología: Transición Urbana (Vulnerabilidad Media, Servicios Básicos)<br>Pob: 1482.0<br>Score Infra: Baja"
JARDIN ESPINOSA,-0.28480052070562795,-0.2398654705165136,-0.38191507125233626,-0.808028808700513,0.6346125698691113,-0.6586974704539651,1.8269805611667191,-0.48584923172746025,-0.47128479646415516,-0.19473719256359964,1.5471619494753364,-0.28378320797232354,0.32441586554464696,-0.0926860698491265,3.286924956751673,2.1998670802702014,-0.4167327248757193,-0.2757577768833604,-0.433416376619937,0.1712678866117408,0.8528028654224415,-0.49430000374546906,-0.2968260885977624,0.2968260885977624,0.6400354150348078,0.0,0.0,-0.11114782541663827,-0.8283923395580205,-0.6837636225112914,-0.27452082590644544,-1.0880438643616266,0.39709002759836504,-0.26239984036530284,1.8153931182840382,"Núcleo Consolidado (Alto Estándar, Alta Infraestructura)",Alta,"<b>JARDIN ESPINOSA</b><hr>Tipología: Núcleo Consolidado (Alto Estándar, Alta Infraestructura)<br>Pob: 1515.0<br>Score Infra: Alta"
JARDIN HIPODROMO,-0.15071776919808308,-0.15240702501331488,-0.19135870691950044,-0.14674075918341808,0.04236078866884495,-0.6586974704539651,0.7550941036651048,-0.48584923172746025,-0.8411254469062404,-0.5780048145812022,-0.3756232112625548,-0.28378320797232354,1.682563641638338,0.28600816068536283,3.286924956751673,0.26326569109108305,-0.4167327248757193,-0.2757577768833604,-0.9013392297883167,0.48645384977642947,0.8528028654224415,-0.49430000374546906,-0.2968260885977624,0.2968260885977624,-0.6281386884081865,0.0,0.0,-0.27497694414877677,0.6788244522592172,0.4713039457718249,-0.3425846115604473,-1.0276427753697968,0.39709002759836504,0.2116401339937582,-0.5508448775795894,"Transición Urbana (Vulnerabilidad Media, Servicios Básicos)",Baja,"<b>JARDIN HIPODROMO</b><hr>Tipología: Transición Urbana (Vulnerabilidad Media, Servicios Básicos)<br>Pob: 2188.0<br>Score Infra: Baja"
JARDINES DEL JOCKEY,-0.48383271796571314,-0.39663060868262456,-0.39715958039896315,-0.8293034912587037,-0.5498909925314214,-0.6586974704539651,-0.31679235383650955,-0.48584923172746025,-0.37882463385363385,-0.003103381554798346,-0.5454591245138511,-0.28378320797232354,-1.0337319105490443,-1.2029721517431602,-0.44690291629477147,-0.7611141943048213,-0.4167327248757193,-0.2757577768833604,1.0409241541827285,-0.6477192617689459,-1.1726039399558572,-0.49430000374546906,-0.2968260885977624,0.2968260885977624,0.12030953352218354,0.0,0.0,-0.28711243442523143,-0.9197991910627653,-0.6600500361826277,-0.06307357915813162,-0.6046659617015194,-0.9018959917281483,-1.2037275761542778,1.8153931182840382,"Núcleo Consolidado (Alto Estándar, Alta Infraestructura)",Alta,"<b>JARDINES DEL JOCKEY</b><hr>Tipología: Núcleo Consolidado (Alto Estándar, Alta Infraestructura)<br>Pob: 516.0<br>Score Infra: Alta"
JERONIMO LUIS DE CABRERA,0.06524909950054791,0.003808060036423738,-0.03891361545323176,-0.0013637617024481183,-0.35247373213133265,-0.31179283249633316,-0.31679235383650955,-0.48584923172746025,0.4533168296410579,0.18853042945400297,-0.4848034412098168,-0.28378320797232354,1.682563641638338,0.7008176448130597,-0.44690291629477147,-0.5293202056385947,-0.4167327248757193,-0.2757577768833604,-0.2907382607358081,0.11046429529256868,0.8528028654224415,-0.49430000374546906,-0.2968260885977624,0.2968260885977624,-0.6270648746034084,0.0,0.0,-0.25677370873409466,1.3458711810208757,0.9206919358637363,-0.36587424804527996,-0.040696876810483125,0.39709002759836504,0.4339437596610462,-0.5508448775795894,"Transición Urbana (Vulnerabilidad Media, Servicios Básicos)",Baja,"<b>JERONIMO LUIS DE CABRERA</b><hr>Tipología: Transición Urbana (Vulnerabilidad Media, Servicios Básicos)<br>Pob: 3272.0<br>Score Infra: Baja"
JOCKEY CLUB,-0.48383271796571314,-0.39663060868262456,-0.4047818349722766,-0.9179480019178317,-0.5498909925314214,-0.6586974704539651,-0.31679235383650955,-0.48584923172746025,-0.8411254469062404,-0.19473719256359964,0.03683543520487923,-0.28378320797232354,0.32441586554464696,-1.2029721517431602,-0.44690291629477147,-0.7611141943048213,-0.4167327248757193,-0.2757577768833604,-0.44568976293255025,1.7571248193852524,-1.1726039399558572,-0.49430000374546906,-0.2968260885977624,0.2968260885977624,-0.8429014493638163,0.0,0.0,0.03447805790081814,-1.3346684493035146,-1.0953125259289775,-0.4958431616810028,-0.6046659617015194,-0.9018959917281483,-1.2037275761542778,-0.5508448775795894,"Transición Urbana (Vulnerabilidad Media, Servicios Básicos)",Muy Baja,"<b>JOCKEY CLUB</b><hr>Tipología: Transición Urbana (Vulnerabilidad Media, Servicios Básicos)<br>Pob: 516.0<br>Score Infra: Muy Baja"
JOSE HERNANDEZ,0.05747907378168573,0.01645928171298708,-0.0694026337464855,-0.09709983321430637,-0.35247373213133265,-0.31179283249633316,-0.31679235383650955,1.9142459730061934,-0.19390430863259123,-0.19473719256359964,-0.2907052546369066,-0.28378320797232354,0.32441586554464696,0.688435272152531,-0.44690291629477147,-0.5293202056385947,1.2755638877788529,-0.2757577768833604,-0.6144488247309823,-0.2642843695725335,0.8528028654224415,2.0230629019273323,-0.2968260885977624,0.2968260885977624,-0.28344445707440064,0.0,0.0,-0.19609625735182115,0.4899296043790103,0.3198557554044483,-0.3478937992089654,-0.040696876810483125,1.6956864290426572,0.21527594095560634,-0.5508448775795894,"Transición Urbana (Vulnerabilidad Media, Servicios Básicos)",Media,"<b>JOSE HERNANDEZ</b><hr>Tipología: Transición Urbana (Vulnerabilidad Media, Servicios Básicos)<br>Pob: 3233.0<br>Score Infra: Media"
JOSE I RUCCI,-0.4870204208247335,-0.39663060868262456,-0.4047818349722766,-0.9179480019178317,-0.5498909925314214,-0.6586974704539651,-0.31679235383650955,-0.48584923172746025,-0.28636447124311254,-0.19473719256359964,-0.5454591245138511,-0.28378320797232354,0.32441586554464696,-1.2349599477828588,-0.44690291629477147,-0.7611141943048213,-0.4167327248757193,-0.2757577768833604,1.4137282634283557,1.8340599757482867,-1.1726039399558572,-0.49430000374546906,-0.2968260885977624,0.2968260885977624,0.361917639597267,0.0,0.0,-0.39633184691332374,8.892887321558892,9.983349717326119,9.956212983619265,-0.6046659617015194,-0.9018959917281483,-1.3422345080342082,-0.5508448775795894,"Transición Urbana (Vulnerabilidad Media, Servicios Básicos)",Alta,"<b>JOSE I RUCCI</b><hr>Tipología: Transición Urbana (Vulnerabilidad Media, Servicios Básicos)<br>Pob: 500.0<br>Score Infra: Alta"
JOSE IGNACIO DIAZ SECCION 1,0.30651835964265317,0.15122229522420524,0.2507320583326787,0.3567600613604291,-0.5498909925314214,-0.6586974704539651,-0.31679235383650955,1.9142459730061934,-0.37882463385363385,-0.38637100357240095,-0.5454591245138511,-0.28378320797232354,0.32441586554464696,1.0258549271519262,-0.44690291629477147,-0.7611141943048213,0.8045687140303313,-0.2757577768833604,-0.8016179659983342,-0.3710008767857745,-1.1726039399558572,2.0230629019273323,-0.2968260885977624,0.2968260885977624,-0.6743126820136469,0.0,0.0,-0.06867360944904678,0.20812753605062534,-0.029831745461155346,-0.46473132206068685,-0.6046659617015194,0.39709002759836504,0.8189930302872519,-0.5508448775795894,"Transición Urbana (Vulnerabilidad Media, Servicios Básicos)",Baja,"<b>JOSE IGNACIO DIAZ SECCION 1</b><hr>Tipología: Transición Urbana (Vulnerabilidad Media, Servicios Básicos)<br>Pob: 4483.0<br>Score Infra: Baja"
JOSE IGNACIO DIAZ SECCION 2,-0.14753006633906268,-0.17770946836644155,-0.008424597159978028,0.6244664835509955,-0.5498909925314214,-0.6586974704539651,-0.31679235383650955,-0.48584923172746025,-0.10144414602206994,-0.38637100357240095,-0.5454591245138511,-0.28378320797232354,-1.0337319105490443,0.2932312114040049,-0.44690291629477147,-0.7611141943048213,-0.4167327248757193,-0.2757577768833604,-0.344434325853491,-0.6477192617689459,-1.1726039399558572,-0.49430000374546906,-0.2968260885977624,0.2968260885977624,-0.7773988072723492,0.0,0.0,-0.17789302193713913,-0.24721534592152447,-0.34346484788168524,-0.4507504612529225,-0.6046659617015194,-0.9018959917281483,0.7104382224263567,-0.5508448775795894,"Transición Urbana (Vulnerabilidad Media, Servicios Básicos)",Baja,"<b>JOSE IGNACIO DIAZ SECCION 2</b><hr>Tipología: Transición Urbana (Vulnerabilidad Media, Servicios Básicos)<br>Pob: 2204.0<br>Score Infra: Baja"
JOSE IGNACIO DIAZ SECCION 3,1.779436311938759,1.1468184358581028,3.208166832778291,1.8778998642710656,0.6346125698691113,1.4227303572918264,-0.31679235383650955,1.9142459730061934,-0.28636447124311254,-0.19473719256359964,0.17027793847375494,2.831525786212739,-1.0337319105490443,2.03089084143147,-0.44690291629477147,-0.37977569682167445,0.04330907273911589,2.0159049096538495,-0.9381593887261566,-0.6477192617689459,0.8528028654224415,2.0230629019273323,3.368976105584603,0.2968260885977624,-0.5003548456395869,0.0,0.0,1.2662303209609704,-0.58718621057907,-0.6373226317982206,-0.5137528213486705,2.7791485476446987,1.6956864290426572,1.1695887016083253,-0.5508448775795894,"Transición Urbana (Vulnerabilidad Media, Servicios Básicos)",Baja,"<b>JOSE IGNACIO DIAZ SECCION 3</b><hr>Tipología: Transición Urbana (Vulnerabilidad Media, Servicios Básicos)<br>Pob: 11876.0<br>Score Infra: Baja"
JUAN B JUSTO,0.0285905166218135,-0.05944804834639296,-0.22184772521275417,-0.3949453890289764,-0.35247373213133265,-0.31179283249633316,-0.31679235383650955,-0.48584923172746025,-0.28636447124311254,-0.19473719256359964,-0.41201662124497546,-0.28378320797232354,0.32441586554464696,0.6420013746755501,-0.44690291629477147,-0.5218429801977488,-0.4167327248757193,-0.2757577768833604,-0.6435981172234387,-0.24567102529115423,0.8528028654224415,-0.49430000374546906,-0.2968260885977624,0.2968260885977624,-0.8520288667044308,0.0,0.0,-0.13541880596954767,-0.02694243300782689,-0.21341696299047586,-0.4747479894242243,-0.040696876810483125,0.39709002759836504,0.905559862712208,-0.5508448775795894,"Transición Urbana (Vulnerabilidad Media, Servicios Básicos)",Muy Baja,"<b>JUAN B JUSTO</b><hr>Tipología: Transición Urbana (Vulnerabilidad Media, Servicios Básicos)<br>Pob: 3088.0<br>Score Infra: Muy Baja"
JUAN XXIII,-0.39198702934018836,-0.3372248721144141,-0.3895373258256497,-0.8027101380609653,-0.5498909925314214,-0.6586974704539651,-0.31679235383650955,-0.48584923172746025,0.3608566670305366,0.18853042945400297,-0.12086934138561026,-0.28378320797232354,0.32441586554464696,-0.5446426719584078,-0.44690291629477147,-0.7611141943048213,-0.4167327248757193,-0.2757577768833604,1.3140069996383732,0.6229517078398772,-1.1726039399558572,-0.49430000374546906,-0.2968260885977624,0.2968260885977624,0.297488811310578,0.0,0.0,-0.32351890525459553,0.07623990117955949,0.07952979912314546,0.24284181314948072,-0.6046659617015194,-0.9018959917281483,-0.17860314657794513,1.8153931182840382,"Núcleo Consolidado (Alto Estándar, Alta Infraestructura)",Alta,"<b>JUAN XXIII</b><hr>Tipología: Núcleo Consolidado (Alto Estándar, Alta Infraestructura)<br>Pob: 977.0<br>Score Infra: Alta"
JUNIORS,0.7125520113103745,0.8184367253838283,-0.2599589980793213,-0.7778896750764094,0.8320298302692002,1.4227303572918264,0.040503131997361934,-0.48584923172746025,0.6382371548621005,0.18853042945400297,-0.0116891114383483,-0.28378320797232354,0.32441586554464696,1.4128040727934343,0.08703446955087002,0.038948927865702525,-0.4167327248757193,-0.2757577768833604,-0.6175171713091356,-0.4578631500988776,0.8528028654224415,-0.49430000374546906,-0.2968260885977624,0.2968260885977624,-0.5556562565856614,0.0,0.0,0.16190070580359256,-0.028261009481973458,0.20372479865789914,-0.4834904517521174,0.8052567505260714,0.39709002759836504,-0.9840209554597387,-0.5508448775795894,"Transición Urbana (Vulnerabilidad Media, Servicios Básicos)",Baja,"<b>JUNIORS</b><hr>Tipología: Transición Urbana (Vulnerabilidad Media, Servicios Básicos)<br>Pob: 6521.0<br>Score Infra: Baja"
KAIROS,-0.4220709750721932,-0.39663060868262456,-0.22946997978606762,1.1208757432421124,-0.5498909925314214,-0.6586974704539651,-0.31679235383650955,1.9142459730061934,-0.37882463385363385,-0.5780048145812022,-0.4362788945665892,-0.28378320797232354,1.682563641638338,-0.7179958892058036,-0.44690291629477147,-0.7611141943048213,3.2290985212218493,-0.2757577768833604,0.25849577675363455,2.356474505245664,-1.1726039399558572,2.0230629019273323,-0.2968260885977624,0.2968260885977624,0.8064765547754207,0.0,0.0,-0.365993121222187,1.3735412815053067,0.6210999050201294,1.7051336698886566,-0.6046659617015194,0.39709002759836504,1.4798442290193685,-0.5508448775795894,"Transición Urbana (Vulnerabilidad Media, Servicios Básicos)",Muy Alta,"<b>KAIROS</b><hr>Tipología: Transición Urbana (Vulnerabilidad Media, Servicios Básicos)<br>Pob: 826.0<br>Score Infra: Muy Alta"
KENNEDY,-0.37266158075737726,-0.32732391601971234,-0.34380379838576913,-0.48358989968810445,0.04236078866884495,0.3820164434189307,-0.31679235383650955,-0.48584923172746025,-0.8411254469062404,-0.5780048145812022,0.1763435068041584,-0.28378320797232354,-1.0337319105490443,-0.44764741945093606,-0.44690291629477147,1.3250317036912174,-0.4167327248757193,-0.2757577768833604,-0.7555927673260345,-0.6477192617689459,0.8528028654224415,-0.49430000374546906,-0.2968260885977624,0.2968260885977624,-0.0042528678320819064,0.0,0.0,-0.33565439553105025,0.5428098170468733,0.41342822147736635,0.20273974911100734,1.0872412929715896,0.39709002759836504,0.03331245919834852,-0.5508448775795894,"Transición Urbana (Vulnerabilidad Media, Servicios Básicos)",Alta,"<b>KENNEDY</b><hr>Tipología: Transición Urbana (Vulnerabilidad Media, Servicios Básicos)<br>Pob: 1074.0<br>Score Infra: Alta"
LA CAROLINA,-0.44717413508697873,-0.39663060868262456,-0.4047818349722766,-0.9179480019178317,-0.15505647173124384,0.035111805461298766,-0.31679235383650955,-0.48584923172746025,-1.0260457721272829,-0.7696386255900036,-0.515131282861834,-0.28378320797232354,0.32441586554464696,-0.8882535132880672,-0.44690291629477147,1.3773722817771394,-0.4167327248757193,-0.2757577768833604,-1.0409489990942924,1.1255120034371167,0.8528028654224415,-0.49430000374546906,-0.2968260885977624,-3.3689761055846037,-0.16317731093924792,0.0,0.0,0.08908776414486434,-1.3040520241576132,-1.112650026933721,-0.4444502252433477,0.5232722080805532,-0.9018959917281483,0.38910214046491876,-0.5508448775795894,"Transición Urbana (Vulnerabilidad Media, Servicios Básicos)",Media,"<b>LA CAROLINA</b><hr>Tipología: Transición Urbana (Vulnerabilidad Media, Servicios Básicos)<br>Pob: 700.0<br>Score Infra: Media"
LA DOROTEA,-0.4818404036788254,-0.39663060868262456,-0.28282576179926167,0.5003641686282164,-0.35247373213133265,-0.31179283249633316,-0.31679235383650955,-0.48584923172746025,-0.7486652842957191,-0.5780048145812022,-0.5454591245138511,-0.28378320797232354,-1.0337319105490443,-1.1833667283639904,-0.44690291629477147,0.6595586394559219,-0.4167327248757193,-0.2757577768833604,-0.16647022432059896,-0.6477192617689459,0.8528028654224415,-0.49430000374546906,-0.2968260885977624,0.2968260885977624,0.04567947409010205,0.0,0.0,-0.365993121222187,0.3359130321532679,0.6210999050201294,0.8692551665059683,-0.040696876810483125,0.39709002759836504,-1.1171607437293218,-0.5508448775795894,"Transición Urbana (Vulnerabilidad Media, Servicios Básicos)",Alta,"<b>LA DOROTEA</b><hr>Tipología: Transición Urbana (Vulnerabilidad Media, Servicios Básicos)<br>Pob: 526.0<br>Score Infra: Alta"
LA ESPERANZA,-0.4870204208247335,-0.39663060868262456,-0.39715958039896315,-0.8293034912587037,-0.5498909925314214,-0.6586974704539651,-0.31679235383650955,-0.48584923172746025,-0.28636447124311254,-0.19473719256359964,-0.5090657145314306,-0.28378320797232354,-1.0337319105490443,-1.2349599477828588,-0.44690291629477147,-0.7611141943048213,-0.4167327248757193,-0.2757577768833604,1.4137282634283557,-0.6477192617689459,-1.1726039399558572,-0.49430000374546906,-0.2968260885977624,0.2968260885977624,0.361917639597267,0.0,0.0,-0.384196356636869,1.9753656661294898,2.493549901185426,2.9646145584544406,-0.6046659617015194,-0.9018959917281483,-1.3422345080342082,1.8153931182840382,"Núcleo Consolidado (Alto Estándar, Alta Infraestructura)",Alta,"<b>LA ESPERANZA</b><hr>Tipología: Núcleo Consolidado (Alto Estándar, Alta Infraestructura)<br>Pob: 500.0<br>Score Infra: Alta"
LA FLORESTA,-0.2698581635539699,-0.3053217913648196,0.14402049430629066,2.5693270474122643,-0.15505647173124384,0.035111805461298766,-0.31679235383650955,-0.48584923172746025,-0.7486652842957191,-0.5780048145812022,0.625195563254013,-0.28378320797232354,1.682563641638338,-0.04315657920701341,-0.44690291629477147,0.1810162112417768,-0.4167327248757193,-0.2757577768833604,-0.7509902474588046,0.9133198786293935,0.8528028654224415,-0.49430000374546906,-0.2968260885977624,0.2968260885977624,-0.5717634636573338,0.0,0.0,0.3621362953650951,-1.221517558266908,-1.0881793903622485,-0.4968342100420596,0.5232722080805532,0.39709002759836504,1.850869672792731,-0.5508448775795894,"Transición Urbana (Vulnerabilidad Media, Servicios Básicos)",Baja,"<b>LA FLORESTA</b><hr>Tipología: Transición Urbana (Vulnerabilidad Media, Servicios Básicos)<br>Pob: 1590.0<br>Score Infra: Baja"
LA FRANCE,0.05449060235135412,0.05221273427718782,-0.17611419777287357,-0.3949453890289764,1.029447090669289,1.0758257193341945,0.7550941036651048,-0.48584923172746025,0.5457769922515792,0.7634318624804068,0.7465069298620819,2.831525786212739,0.32441586554464696,0.684307814599022,0.953282536097645,1.100714940465837,-0.4167327248757193,3.976094957602642,-0.23090550246181848,-0.2618025903350163,0.8528028654224415,-0.49430000374546906,3.368976105584603,0.2968260885977624,0.8204361342375366,0.0,0.0,-0.22036723790473056,0.7426633058992671,0.6510591418085895,-0.08087705507282895,-0.3226814192560013,0.39709002759836504,-0.1869135624907408,-0.5508448775795894,"Transición Urbana (Vulnerabilidad Media, Servicios Básicos)",Muy Alta,"<b>LA FRANCE</b><hr>Tipología: Transición Urbana (Vulnerabilidad Media, Servicios Básicos)<br>Pob: 3218.0<br>Score Infra: Muy Alta"
LA FRATERNIDAD,-0.4870204208247335,-0.39663060868262456,-0.3666705621057094,-0.4747254486221917,-0.35247373213133265,-0.31179283249633316,-0.31679235383650955,-0.48584923172746025,1.2854582931357497,0.7634318624804068,-0.23611513966327563,-0.28378320797232354,1.682563641638338,-1.2349599477828588,-0.44690291629477147,0.7343308938643821,-0.4167327248757193,-0.2757577768833604,2.6410668946896796,4.3158392132655194,0.8528028654224415,-0.49430000374546906,-0.2968260885977624,0.2968260885977624,1.9023035425515222,0.0,0.0,-0.365993121222187,0.24598523670771466,0.6210999050201294,2.9091512448195886,-0.040696876810483125,0.39709002759836504,-1.3422345080342082,1.8153931182840382,"Núcleo Consolidado (Alto Estándar, Alta Infraestructura)",Muy Alta,"<b>LA FRATERNIDAD</b><hr>Tipología: Núcleo Consolidado (Alto Estándar, Alta Infraestructura)<br>Pob: 500.0<br>Score Infra: Muy Alta"
LA HORTENSIA,-0.3031298121449951,-0.302571525782958,-0.18373645234618702,0.4684521447909304,-0.5498909925314214,-0.6586974704539651,-0.31679235383650955,-0.48584923172746025,-0.9335856095167617,-0.5780048145812022,0.9102772747829749,-0.28378320797232354,-1.0337319105490443,-0.1576935263168996,-0.44690291629477147,-0.7611141943048213,-0.4167327248757193,-0.2757577768833604,-0.9335568688589265,-0.6477192617689459,-1.1726039399558572,-0.49430000374546906,-0.2968260885977624,0.2968260885977624,-1.1591396148709812,0.0,0.0,-0.22036723790473056,-0.49903184632704917,-0.5566710815634227,-0.5158764964080778,-0.6046659617015194,-0.9018959917281483,0.9701387197012256,-0.5508448775795894,"Transición Urbana (Vulnerabilidad Media, Servicios Básicos)",Muy Baja,"<b>LA HORTENSIA</b><hr>Tipología: Transición Urbana (Vulnerabilidad Media, Servicios Básicos)<br>Pob: 1423.0<br>Score Infra: Muy Baja"
LA SALLE,-0.4457795150861573,-0.3911300775189014,-0.38191507125233626,-0.6644247014327256,-0.15505647173124384,0.035111805461298766,-0.31679235383650955,1.9142459730061934,-0.008983983411548631,-0.003103381554798346,-0.5211968511922374,-0.28378320797232354,-1.0337319105490443,-0.8789667337926707,-0.44690291629477147,1.3549406054546016,3.2290985212218493,-0.2757577768833604,1.3462246387089831,-0.6477192617689459,0.8528028654224415,2.0230629019273323,-0.2968260885977624,0.2968260885977624,2.565920473904418,0.0,0.0,-0.3113834149781408,-0.5052576158231614,-0.4649210523108237,1.1365904619010159,0.5232722080805532,1.6956864290426572,0.15831496521998478,1.8153931182840382,"Núcleo Consolidado (Alto Estándar, Alta Infraestructura)",Muy Alta,"<b>LA SALLE</b><hr>Tipología: Núcleo Consolidado (Alto Estándar, Alta Infraestructura)<br>Pob: 707.0<br>Score Infra: Muy Alta"
LA TOMA,-0.4870204208247335,-0.39663060868262456,-0.26758125265263477,0.6776531899464724,-0.5498909925314214,-0.6586974704539651,-0.31679235383650955,1.9142459730061934,-1.0260457721272829,-0.7696386255900036,-0.515131282861834,-0.28378320797232354,1.682563641638338,-1.2349599477828588,-0.44690291629477147,-0.7611141943048213,3.2290985212218493,-0.2757577768833604,-1.0409489990942924,4.3158392132655194,-1.1726039399558572,2.0230629019273323,-0.2968260885977624,-3.3689761055846037,-0.03593037507303724,0.0,0.0,-0.31745116011636815,-0.7422321307807345,-0.44887149728568365,0.030545096377404,-0.6046659617015194,-0.9018959917281483,-1.3422345080342082,-0.5508448775795894,"Transición Urbana (Vulnerabilidad Media, Servicios Básicos)",Alta,"<b>LA TOMA</b><hr>Tipología: Transición Urbana (Vulnerabilidad Media, Servicios Básicos)<br>Pob: 500.0<br>Score Infra: Alta"
LAMADRID,-0.11923920346525678,-0.14030585645312385,-0.1608696886262467,-0.06696069959020286,-0.5498909925314214,-0.6586974704539651,-0.31679235383650955,1.9142459730061934,-0.37882463385363385,-0.5780048145812022,-0.4726723045490099,-0.28378320797232354,0.32441586554464696,0.358238667871778,-0.44690291629477147,-0.7611141943048213,1.9163363915995162,-0.2757577768833604,-0.5837653589494491,-0.1191002841777754,-1.1726039399558572,2.0230629019273323,-0.2968260885977624,0.2968260885977624,-0.16908328686552784,0.0,0.0,-0.23250272818118525,0.25537330280911724,0.0847767409484611,-0.28167053193978314,-0.6046659617015194,0.39709002759836504,0.4280572150561491,-0.5508448775795894,"Transición Urbana (Vulnerabilidad Media, Servicios Básicos)",Media,"<b>LAMADRID</b><hr>Tipología: Transición Urbana (Vulnerabilidad Media, Servicios Básicos)<br>Pob: 2346.0<br>Score Infra: Media"
LAS CANITAS,-0.4870204208247335,-0.39663060868262456,-0.4047818349722766,-0.9179480019178317,-0.5498909925314214,-0.6586974704539651,-0.31679235383650955,-0.48584923172746025,-0.9335856095167617,-0.38637100357240095,-0.5454591245138511,-0.28378320797232354,-1.0337319105490443,-1.2349599477828588,-0.44690291629477147,-0.7611141943048213,-0.4167327248757193,-0.2757577768833604,-0.7341143412789614,-0.6477192617689459,-1.1726039399558572,-0.49430000374546906,-0.2968260885977624,0.2968260885977624,-1.0302819582976035,0.0,0.0,-0.3417221406692776,-0.4457669226094562,-0.12788005974189012,-0.4002423894233537,-0.6046659617015194,-0.9018959917281483,-1.3422345080342082,-0.5508448775795894,"Transición Urbana (Vulnerabilidad Media, Servicios Básicos)",Muy Baja,"<b>LAS CANITAS</b><hr>Tipología: Transición Urbana (Vulnerabilidad Media, Servicios Básicos)<br>Pob: 500.0<br>Score Infra: Muy Baja"
LAS CANUELAS,-0.4870204208247335,-0.39663060868262456,-0.4047818349722766,-0.9179480019178317,-0.5498909925314214,-0.6586974704539651,-0.31679235383650955,-0.48584923172746025,-1.0260457721272829,-0.7696386255900036,-0.5454591245138511,-0.28378320797232354,-1.0337319105490443,-1.2349599477828588,-0.44690291629477147,-0.7611141943048213,-0.4167327248757193,-0.2757577768833604,-1.0409489990942924,-0.6477192617689459,-1.1726039399558572,-0.49430000374546906,-0.2968260885977624,-3.3689761055846037,-1.228937512181561,0.0,0.0,-0.01406390320500064,-1.321265758000239,-1.075807851342016,-0.5312023514201333,-0.6046659617015194,-2.20049239317244,-1.3422345080342082,-0.5508448775795894,"Transición Urbana (Vulnerabilidad Media, Servicios Básicos)",Muy Baja,"<b>LAS CANUELAS</b><hr>Tipología: Transición Urbana (Vulnerabilidad Media, Servicios Básicos)<br>Pob: 500.0<br>Score Infra: Muy Baja"
LAS CORTADERAS,-0.4870204208247335,-0.39663060868262456,-0.26758125265263477,0.6776531899464724,-0.35247373213133265,-0.31179283249633316,-0.31679235383650955,1.9142459730061934,1.1929981305252284,-0.19473719256359964,-0.5454591245138511,-0.28378320797232354,-1.0337319105490443,-1.2349599477828588,-0.44690291629477147,0.7343308938643821,3.2290985212218493,-0.2757577768833604,2.6410668946896796,-0.6477192617689459,0.8528028654224415,2.0230629019273323,-0.2968260885977624,0.2968260885977624,3.0958475865624346,0.0,0.0,-0.37812861149864163,1.110675451418602,1.5573249031027778,6.596382066715401,-0.040696876810483125,1.6956864290426572,-1.3422345080342082,1.8153931182840382,"Núcleo Consolidado (Alto Estándar, Alta Infraestructura)",Muy Alta,"<b>LAS CORTADERAS</b><hr>Tipología: Núcleo Consolidado (Alto Estándar, Alta Infraestructura)<br>Pob: 500.0<br>Score Infra: Muy Alta"
LAS DALIAS,-0.4573349379501062,-0.39663060868262456,-0.3514260529590825,-0.29743642730393566,-0.5498909925314214,-0.6586974704539651,-0.31679235383650955,-0.48584923172746025,-0.5637449590746765,-0.38637100357240095,-0.26644298131529287,-0.28378320797232354,0.32441586554464696,-0.9666752068047458,-0.44690291629477147,-0.7611141943048213,-0.4167327248757193,-0.2757577768833604,0.14036443349473204,1.2644916407380817,-1.1726039399558572,-0.49430000374546906,-0.2968260885977624,0.2968260885977624,-0.4633082693747406,0.0,0.0,-0.3538576309457323,0.2001566626121879,0.15298743406555457,0.09970611414543298,-0.6046659617015194,-0.9018959917281483,-0.05238870490235844,-0.5508448775795894,"Transición Urbana (Vulnerabilidad Media, Servicios Básicos)",Baja,"<b>LAS DALIAS</b><hr>Tipología: Transición Urbana (Vulnerabilidad Media, Servicios Básicos)<br>Pob: 649.0<br>Score Infra: Baja"
LAS FLORES,0.21766114244746,0.19962696946496933,-0.10751390661305267,-0.3789893771103334,1.029447090669289,1.0758257193341945,0.7550941036651048,-0.48584923172746025,0.9156176426936644,1.7216009175244136,1.4258505828672674,-0.28378320797232354,-1.0337319105490443,0.918541030760682,0.953282536097645,0.71937644298269,-0.4167327248757193,-0.2757577768833604,-0.24317888877443172,-0.6477192617689459,0.8528028654224415,-0.49430000374546906,-0.2968260885977624,0.2968260885977624,0.025813918701706236,0.0,0.0,0.028410312762590786,-0.30342186271577054,-0.23548000340503078,-0.414683379827323,-0.3226814192560013,0.39709002759836504,-0.22708057273592072,-0.5508448775795894,"Transición Urbana (Vulnerabilidad Media, Servicios Básicos)",Alta,"<b>LAS FLORES</b><hr>Tipología: Transición Urbana (Vulnerabilidad Media, Servicios Básicos)<br>Pob: 4037.0<br>Score Infra: Alta"
LAS HUERTILLAS,-0.3609069264647396,-0.3537264656055837,-0.19898096149281388,0.8035283950824343,-0.35247373213133265,-0.31179283249633316,-0.31679235383650955,-0.48584923172746025,-0.9335856095167617,-0.5780048145812022,-0.5030001462010271,-0.28378320797232354,1.682563641638338,-0.3919267424785595,-0.44690291629477147,-0.10311835551037184,-0.4167327248757193,-0.2757577768833604,-0.9059417496555467,1.5424509153400117,0.8528028654224415,-0.49430000374546906,-0.2968260885977624,0.2968260885977624,-0.8133715697324173,0.0,0.0,0.21651041204763868,-1.2528789382381489,-1.0982497258322184,-0.5043378619186317,-0.040696876810483125,0.39709002759836504,1.3854863816761662,-0.5508448775795894,"Transición Urbana (Vulnerabilidad Media, Servicios Básicos)",Muy Baja,"<b>LAS HUERTILLAS</b><hr>Tipología: Transición Urbana (Vulnerabilidad Media, Servicios Básicos)<br>Pob: 1133.0<br>Score Infra: Muy Baja"
LAS LILAS,-0.14095542919233314,-0.20411201795231287,0.022064421133275707,0.8868542351020144,-0.15505647173124384,0.035111805461298766,-0.31679235383650955,1.9142459730061934,-0.47128479646415516,-0.5780048145812022,-0.2300495713328722,-0.28378320797232354,0.32441586554464696,0.3087091772296649,-0.44690291629477147,-0.09564113006952582,2.031346841003225,-0.2757577768833604,-0.6297905576217487,-0.09304160218384447,0.8528028654224415,2.0230629019273323,-0.2968260885977624,0.2968260885977624,0.17024187544436734,0.0,0.0,-0.03226713861968271,-0.7223543901707224,-0.7448676939530713,-0.37999668719033813,0.5232722080805532,1.6956864290426572,1.371289421158474,-0.5508448775795894,"Transición Urbana (Vulnerabilidad Media, Servicios Básicos)",Alta,"<b>LAS LILAS</b><hr>Tipología: Transición Urbana (Vulnerabilidad Media, Servicios Básicos)<br>Pob: 2237.0<br>Score Infra: Alta"
LAS MAGNOLIAS,-0.09672605202342532,-0.08475049169951963,-0.21422547063944075,-0.3399857924203171,-0.5498909925314214,-0.6586974704539651,-0.31679235383650955,-0.48584923172746025,2.117599756630441,0.7634318624804068,-0.3816887795929582,-0.28378320797232354,1.682563641638338,0.4067362941255134,-0.44690291629477147,-0.7611141943048213,-0.4167327248757193,-0.2757577768833604,1.0808126596987215,0.36112399828180924,-1.1726039399558572,-0.49430000374546906,-0.2968260885977624,0.2968260885977624,0.14608106483685895,0.0,0.0,-0.19609625735182115,0.017503563703133107,0.015858037052978027,-0.2646103422958783,-0.6046659617015194,-0.9018959917281483,-0.11991083419382464,-0.5508448775795894,"Transición Urbana (Vulnerabilidad Media, Servicios Básicos)",Alta,"<b>LAS MAGNOLIAS</b><hr>Tipología: Transición Urbana (Vulnerabilidad Media, Servicios Básicos)<br>Pob: 2459.0<br>Score Infra: Alta"
LAS MARGARITAS,-0.18179787207353182,-0.15240702501331488,-0.2599589980793213,-0.3949453890289764,-0.15505647173124384,0.035111805461298766,-0.31679235383650955,1.9142459730061934,-0.37882463385363385,0.5717980514716056,0.6979823832188544,-0.28378320797232354,0.32441586554464696,0.2096501959454387,-0.44690291629477147,-0.028346101101911686,2.2777978040111724,-0.2757577768833604,-0.513193387651923,-0.03720156933970671,0.8528028654224415,2.0230629019273323,-0.2968260885977624,0.2968260885977624,0.35977001198771064,0.0,0.0,-0.22643498304295792,-0.029284401471744468,-0.003910933845656522,-0.17007140756793288,0.5232722080805532,1.6956864290426572,-0.2076896022727303,-0.5508448775795894,"Transición Urbana (Vulnerabilidad Media, Servicios Básicos)",Alta,"<b>LAS MARGARITAS</b><hr>Tipología: Transición Urbana (Vulnerabilidad Media, Servicios Básicos)<br>Pob: 2032.0<br>Score Infra: Alta"
LAS PALMAS,0.6370432998373292,0.5896146289729436,0.02968667570658914,-0.4109014009476195,2.016533392669733,1.4227303572918264,2.1842760470005906,1.9142459730061934,0.3608566670305366,-0.003103381554798346,2.0688008258900323,2.831525786212739,0.32441586554464696,1.3508922094907942,1.5618964794042156,0.8240575991545344,0.4759674300197346,3.976094957602642,-0.6666107165595885,-0.4454542539112915,0.8528028654224415,2.0230629019273323,3.368976105584603,0.2968260885977624,0.6921153845665479,0.0,0.0,0.23471364746232076,-0.26946894393407794,-0.1851235513077879,-0.41057760804580234,-0.675162097312899,1.6956864290426572,-0.33494284593741636,-0.5508448775795894,"Transición Urbana (Vulnerabilidad Media, Servicios Básicos)",Alta,"<b>LAS PALMAS</b><hr>Tipología: Transición Urbana (Vulnerabilidad Media, Servicios Básicos)<br>Pob: 6142.0<br>Score Infra: Alta"
LAS PALMAS ANEXO,-0.4145001807820198,-0.380129015191455,-0.38191507125233626,-0.687472274204099,-0.5498909925314214,-0.6586974704539651,-0.31679235383650955,-0.48584923172746025,-0.28636447124311254,-0.38637100357240095,-0.5454591245138511,-0.28378320797232354,-1.0337319105490443,-0.6715619917288227,-0.44690291629477147,-0.7611141943048213,-0.4167327248757193,-0.2757577768833604,0.3796954665906902,-0.6477192617689459,-1.1726039399558572,-0.49430000374546906,-0.2968260885977624,0.2968260885977624,-0.30814217458429805,0.0,0.0,-0.32958665039282287,0.010789507105440821,-0.17469128998529798,-0.025342952269329727,-0.6046659617015194,-0.9018959917281483,0.8331899908049447,-0.5508448775795894,"Transición Urbana (Vulnerabilidad Media, Servicios Básicos)",Media,"<b>LAS PALMAS ANEXO</b><hr>Tipología: Transición Urbana (Vulnerabilidad Media, Servicios Básicos)<br>Pob: 864.0<br>Score Infra: Media"
LAS PLAYAS,-0.015041166261027998,-0.06769884509197774,-0.03129136087991833,0.17060658897626016,-0.5498909925314214,-0.6586974704539651,-0.31679235383650955,-0.48584923172746025,-0.7486652842957191,-0.5780048145812022,0.41896624002029603,-0.28378320797232354,-1.0337319105490443,0.565643409935626,-0.44690291629477147,-0.7611141943048213,-0.4167327248757193,-0.2757577768833604,-0.8798608037412436,-0.6477192617689459,-1.1726039399558572,-0.49430000374546906,-0.2968260885977624,0.2968260885977624,-1.1247775731180805,0.0,0.0,-0.21429949276650323,0.4372212437018047,0.19466451886915978,-0.5090453416336511,-0.6046659617015194,-0.9018959917281483,0.553925389402036,-0.5508448775795894,"Transición Urbana (Vulnerabilidad Media, Servicios Básicos)",Muy Baja,"<b>LAS PLAYAS</b><hr>Tipología: Transición Urbana (Vulnerabilidad Media, Servicios Básicos)<br>Pob: 2869.0<br>Score Infra: Muy Baja"
LAS ROSAS,-0.41191017220906573,-0.316322853692266,-0.39715958039896315,-0.8665341857355374,0.23977804906893374,-0.6586974704539651,1.1123895894989762,-0.48584923172746025,-0.8411254469062404,-0.5780048145812022,0.8071626131661164,-0.28378320797232354,-1.0337319105490443,-0.6560840259031627,3.286924956751673,2.648500606720962,-0.4167327248757193,-0.2757577768833604,-0.691157489184815,-0.6477192617689459,0.8528028654224415,-0.49430000374546906,-0.2968260885977624,0.2968260885977624,0.6969475466880496,0.0,0.0,-0.21429949276650323,-0.8962984053996207,-0.6243813249800501,-0.12165161621344787,-1.0558412296143485,0.39709002759836504,-1.2821571263312885,1.8153931182840382,"Núcleo Consolidado (Alto Estándar, Alta Infraestructura)",Muy Alta,"<b>LAS ROSAS</b><hr>Tipología: Núcleo Consolidado (Alto Estándar, Alta Infraestructura)<br>Pob: 877.0<br>Score Infra: Muy Alta"
LAS VIOLETAS,0.059471388068573466,-0.047896932902574255,0.34219911321243995,1.1651979985716765,0.4371953094690225,1.0758257193341945,-0.31679235383650955,1.9142459730061934,-0.37882463385363385,-0.38637100357240095,-0.5333279878530442,-0.28378320797232354,1.682563641638338,0.6925627297060418,-0.44690291629477147,0.3903785235854653,1.2700871997120098,-0.2757577768833604,-0.7095675686537348,0.11790963300512033,0.8528028654224415,2.0230629019273323,-0.2968260885977624,0.2968260885977624,0.11171902308395824,0.0,0.0,-0.23250272818118525,0.9201965602529343,0.4218177335173947,-0.21555344842357116,2.215179462753662,1.6956864290426572,1.0617264284068297,-0.5508448775795894,"Transición Urbana (Vulnerabilidad Media, Servicios Básicos)",Alta,"<b>LAS VIOLETAS</b><hr>Tipología: Transición Urbana (Vulnerabilidad Media, Servicios Básicos)<br>Pob: 3243.0<br>Score Infra: Alta"
LICEO GENERAL PAZ,-0.46151879795257045,-0.39663060868262456,-0.2980702709458885,0.3230751473099604,-0.5498909925314214,-0.6586974704539651,-0.31679235383650955,-0.48584923172746025,-1.0260457721272829,-0.7696386255900036,-0.460541167888203,2.831525786212739,0.32441586554464696,-1.000726731621199,-0.44690291629477147,-0.7611141943048213,-0.4167327248757193,3.976094957602642,-1.0409489990942924,1.3277770112947713,-1.1726039399558572,-0.49430000374546906,3.368976105584603,-3.3689761055846037,-0.6324339436272991,0.0,0.0,0.41067825647091394,-1.3861368857278742,-1.1675090096506924,-0.50186024101599,-0.6046659617015194,-2.20049239317244,-0.23417905299476674,-0.5508448775795894,"Transición Urbana (Vulnerabilidad Media, Servicios Básicos)",Baja,"<b>LICEO GENERAL PAZ</b><hr>Tipología: Transición Urbana (Vulnerabilidad Media, Servicios Básicos)<br>Pob: 628.0<br>Score Infra: Baja"
LOMAS DE SAN MARTIN,-0.24116883782278645,-0.1986114867885897,-0.38191507125233626,-0.8222119304059734,-0.5498909925314214,-0.6586974704539651,-0.31679235383650955,-0.48584923172746025,-0.37882463385363385,-0.003103381554798346,1.322735921250409,-0.28378320797232354,-1.0337319105490443,0.04661562258181622,-0.44690291629477147,-0.7611141943048213,-0.4167327248757193,-0.2757577768833604,-0.4211429903073237,-0.6477192617689459,-1.1726039399558572,-0.49430000374546906,-0.2968260885977624,0.2968260885977624,-0.8273311491945332,0.0,0.0,-0.24463821845763997,-0.09935871605575555,-0.04145926649029235,-0.42937213232155635,-0.6046659617015194,-0.9018959917281483,-0.30966533086932885,-0.5508448775795894,"Transición Urbana (Vulnerabilidad Media, Servicios Básicos)",Muy Baja,"<b>LOMAS DE SAN MARTIN</b><hr>Tipología: Transición Urbana (Vulnerabilidad Media, Servicios Básicos)<br>Pob: 1734.0<br>Score Infra: Muy Baja"
LOS ALAMOS,-0.19534560922436844,-0.22171371767622708,-0.15324743405293328,0.21138306387945913,-0.5498909925314214,-0.6586974704539651,-0.31679235383650955,-0.48584923172746025,-0.47128479646415516,-0.19473719256359964,0.6737201098972406,-0.28378320797232354,0.32441586554464696,0.17456680674060884,-0.44690291629477147,-0.7611141943048213,-0.4167327248757193,-0.2757577768833604,-0.5730261459259126,-0.01610644582081024,-1.1726039399558572,-0.49430000374546906,-0.2968260885977624,0.2968260885977624,-0.9255851123317339,0.0,0.0,-0.28104468928700405,0.5545067097659091,0.20354358295089459,-0.431212650706376,-0.6046659617015194,-0.9018959917281483,0.8937867735024144,-0.5508448775795894,"Transición Urbana (Vulnerabilidad Media, Servicios Básicos)",Muy Baja,"<b>LOS ALAMOS</b><hr>Tipología: Transición Urbana (Vulnerabilidad Media, Servicios Básicos)<br>Pob: 1964.0<br>Score Infra: Muy Baja"
LOS ANGELES,-0.43402486079351965,-0.3515262531400944,-0.4047818349722766,-0.9179480019178317,0.04236078866884495,-0.6586974704539651,0.7550941036651048,-0.48584923172746025,0.3608566670305366,1.7216009175244136,-0.5211968511922374,-0.28378320797232354,-1.0337319105490443,-0.7964175827224822,3.286924956751673,2.169958178506817,-0.4167327248757193,-0.2757577768833604,1.9629623009177979,-0.6477192617689459,0.8528028654224415,-0.49430000374546906,-0.2968260885977624,0.2968260885977624,2.178273690379507,0.0,0.0,-0.26284145387232205,-0.7922445257404735,-0.5626140692118919,0.4453696246482841,-1.0276427753697968,0.39709002759836504,-0.9677463909638472,1.8153931182840382,"Núcleo Consolidado (Alto Estándar, Alta Infraestructura)",Muy Alta,"<b>LOS ANGELES</b><hr>Tipología: Núcleo Consolidado (Alto Estándar, Alta Infraestructura)<br>Pob: 766.0<br>Score Infra: Muy Alta"
LOS ARBOLES,-0.4870204208247335,-0.39663060868262456,-0.4047818349722766,-0.9179480019178317,-0.5498909925314214,-0.6586974704539651,-0.31679235383650955,-0.48584923172746025,-1.0260457721272829,-0.7696386255900036,-0.5454591245138511,-0.28378320797232354,-1.0337319105490443,-1.2349599477828588,-0.44690291629477147,-0.7611141943048213,-0.4167327248757193,-0.2757577768833604,-1.0409489990942924,-0.6477192617689459,-1.1726039399558572,-0.49430000374546906,-0.2968260885977624,-3.3689761055846037,-1.228937512181561,0.0,0.0,-0.40239959205155107,-0.04089612566407335,-0.08106882949848238,-0.3320724200163815,-0.6046659617015194,-2.20049239317244,-1.3422345080342082,-0.5508448775795894,"Transición Urbana (Vulnerabilidad Media, Servicios Básicos)",Muy Baja,"<b>LOS ARBOLES</b><hr>Tipología: Transición Urbana (Vulnerabilidad Media, Servicios Básicos)<br>Pob: 500.0<br>Score Infra: Muy Baja"
LOS BOULEVARES,1.8593281148429575,1.407543613018582,1.256869662010052,0.19188127153445092,1.029447090669289,2.1165396332070903,-0.31679235383650955,1.9142459730061934,4.15172333406191,-0.19473719256359964,2.147653214185277,2.831525786212739,1.682563641638338,2.065974230636301,-0.44690291629477147,-0.27509454064983024,0.02687900853858611,1.9340598137060923,-0.34136597927533774,-0.4454542539112915,0.8528028654224415,2.0230629019273323,3.368976105584603,0.2968260885977624,-0.07834602036177424,0.0,0.0,5.829174664907937,-1.2353141125010727,-1.0610055726833758,-0.5238048832965315,3.9070867174267714,1.6956864290426572,0.4374064329580441,-0.5508448775795894,"Transición Urbana (Vulnerabilidad Media, Servicios Básicos)",Media,"<b>LOS BOULEVARES</b><hr>Tipología: Transición Urbana (Vulnerabilidad Media, Servicios Básicos)<br>Pob: 12277.0<br>Score Infra: Media"
LOS CEIBOS,-0.4220709750721932,-0.3696780059803809,-0.3514260529590825,-0.4197658520135323,-0.5498909925314214,-0.6586974704539651,-0.31679235383650955,-0.48584923172746025,-0.28636447124311254,0.18853042945400297,-0.405951052914572,-0.28378320797232354,0.32441586554464696,-0.7179958892058036,-0.44690291629477147,-0.7611141943048213,-0.4167327248757193,-0.2757577768833604,0.4456649180209863,0.8549980665477384,-1.1726039399558572,-0.49430000374546906,-0.2968260885977624,0.2968260885977624,-0.2657265292955612,0.0,0.0,-0.32958665039282287,-0.05492695560437658,-0.08574993567077341,-0.002053315784497014,-0.6046659617015194,-0.9018959917281483,0.07278693478412811,-0.5508448775795894,"Transición Urbana (Vulnerabilidad Media, Servicios Básicos)",Media,"<b>LOS CEIBOS</b><hr>Tipología: Transición Urbana (Vulnerabilidad Media, Servicios Básicos)<br>Pob: 826.0<br>Score Infra: Media"
LOS CHINGOLOS,-0.1993302377981439,-0.24646610791298143,-0.08464714289311237,0.6563785073882819,0.23977804906893374,0.7289210813765625,-0.31679235383650955,-0.48584923172746025,-0.5637449590746765,-0.5780048145812022,-0.24824627632408253,-0.28378320797232354,0.32441586554464696,0.1642481628568355,-0.44690291629477147,0.7791942465094582,-0.4167327248757193,-0.2757577768833604,-0.6466664638015921,-0.00990199772701718,0.8528028654224415,-0.49430000374546906,-0.2968260885977624,0.2968260885977624,-0.20612986313037393,0.0,0.0,-0.26284145387232205,0.27064770945370376,-0.09612984329241775,-0.23802900946896438,1.6512103778626257,0.39709002759836504,1.4450443623845357,-0.5508448775795894,"Transición Urbana (Vulnerabilidad Media, Servicios Básicos)",Media,"<b>LOS CHINGOLOS</b><hr>Tipología: Transición Urbana (Vulnerabilidad Media, Servicios Básicos)<br>Pob: 1944.0<br>Score Infra: Media"
LOS CIELOS,-0.4870204208247335,-0.39663060868262456,-0.4047818349722766,-0.9179480019178317,-0.5498909925314214,-0.6586974704539651,-0.31679235383650955,-0.48584923172746025,-1.0260457721272829,-0.7696386255900036,-0.5454591245138511,-0.28378320797232354,-1.0337319105490443,-1.2349599477828588,-0.44690291629477147,-0.7611141943048213,-0.4167327248757193,-0.2757577768833604,-1.0409489990942924,-0.6477192617689459,-1.1726039399558572,-0.49430000374546906,-0.2968260885977624,-3.3689761055846037,-1.228937512181561,0.0,0.0,-0.40239959205155107,-0.04089612566407335,-0.08106882949848238,-0.3320724200163815,-0.6046659617015194,-2.20049239317244,-1.3422345080342082,-0.5508448775795894,"Transición Urbana (Vulnerabilidad Media, Servicios Básicos)",Muy Baja,"<b>LOS CIELOS</b><hr>Tipología: Transición Urbana (Vulnerabilidad Media, Servicios Básicos)<br>Pob: 500.0<br>Score Infra: Muy Baja"
LOS EUCALIPTUS,-0.23977421782196504,-0.24261573609837522,-0.29044801637257506,-0.36480625540487294,-0.15505647173124384,-0.31179283249633316,0.040503131997361934,-0.48584923172746025,-0.6562051216851977,-0.19473719256359964,-0.3574265062713445,-0.28378320797232354,0.32441586554464696,0.05074308013532611,1.4200110202284506,0.09876673139247055,-0.4167327248757193,-0.2757577768833604,-0.6880891426066618,0.06455137939849986,0.8528028654224415,-0.49430000374546906,-0.2968260885977624,0.2968260885977624,-0.5717634636573338,0.0,0.0,-0.28104468928700405,0.32311561016040447,0.09681393530406562,-0.31458749536059527,-0.6046659617015194,0.39709002759836504,0.6091550284891578,-0.5508448775795894,"Transición Urbana (Vulnerabilidad Media, Servicios Básicos)",Baja,"<b>LOS EUCALIPTUS</b><hr>Tipología: Transición Urbana (Vulnerabilidad Media, Servicios Básicos)<br>Pob: 1741.0<br>Score Infra: Baja"
LOS FILTROS,-0.4168909579262851,-0.39663060868262456,-0.1608696886262467,1.9186763391742645,-0.15505647173124384,0.035111805461298766,-0.31679235383650955,-0.48584923172746025,-0.37882463385363385,-0.38637100357240095,-0.4726723045490099,-0.28378320797232354,-1.0337319105490443,-0.6860080931661059,-0.44690291629477147,0.9960337842939927,-0.4167327248757193,-0.2757577768833604,0.2201414445267182,-0.6477192617689459,0.8528028654224415,-0.49430000374546906,-0.2968260885977624,0.2968260885977624,0.4639299510511913,0.0,0.0,-0.28104468928700405,-0.5993359035135579,-0.6896150473567795,0.026793270439117906,0.5232722080805532,0.39709002759836504,1.7049179933242549,1.8153931182840382,"Núcleo Consolidado (Alto Estándar, Alta Infraestructura)",Alta,"<b>LOS FILTROS</b><hr>Tipología: Núcleo Consolidado (Alto Estándar, Alta Infraestructura)<br>Pob: 852.0<br>Score Infra: Alta"
LOS FRESNOS,-0.3740562007581987,-0.37132816532949786,-0.1151361611863661,1.8211673774492236,-0.35247373213133265,-0.31179283249633316,-0.31679235383650955,-0.48584923172746025,-1.0260457721272829,-0.7696386255900036,-0.5454591245138511,-0.28378320797232354,1.682563641638338,-0.45383860578120044,-0.44690291629477147,-0.05825500286529578,-0.4167327248757193,-0.2757577768833604,-1.0409489990942924,1.6777078837847008,0.8528028654224415,-0.49430000374546906,-0.2968260885977624,-3.3689761055846037,-0.8788742118238845,0.0,0.0,-0.31745116011636815,0.09824675119441698,-0.264301389802578,-0.36636977222580835,-0.040696876810483125,-0.9018959917281483,1.838923449918087,-0.5508448775795894,"Transición Urbana (Vulnerabilidad Media, Servicios Básicos)",Muy Baja,"<b>LOS FRESNOS</b><hr>Tipología: Transición Urbana (Vulnerabilidad Media, Servicios Básicos)<br>Pob: 1067.0<br>Score Infra: Muy Baja"
LOS GIGANTES,0.2983498710664135,0.18037511039193815,-0.03129136087991833,-0.22297503835026813,0.04236078866884495,0.3820164434189307,-0.31679235383650955,-0.48584923172746025,-0.008983983411548631,-0.38637100357240095,-0.29677082296731006,-0.28378320797232354,0.32441586554464696,1.0165681476565296,-0.44690291629477147,-0.2526628643272921,-0.4167327248757193,-0.2757577768833604,-0.660474023403282,-0.36851909754825724,0.8528028654224415,-0.49430000374546906,-0.2968260885977624,0.2968260885977624,-0.7290771860573325,0.0,0.0,0.03447805790081814,-0.2030772135121471,-0.27689588143939525,-0.4854371538899074,1.0872412929715896,0.39709002759836504,0.48674952744026956,-0.5508448775795894,"Transición Urbana (Vulnerabilidad Media, Servicios Básicos)",Baja,"<b>LOS GIGANTES</b><hr>Tipología: Transición Urbana (Vulnerabilidad Media, Servicios Básicos)<br>Pob: 4442.0<br>Score Infra: Baja"
LOS GRANADOS,0.09772382237681806,-0.002242524243671772,-0.0922693974664258,-0.12546607662522735,0.23977804906893374,0.3820164434189307,0.040503131997361934,-0.48584923172746025,-0.47128479646415516,-0.38637100357240095,-0.4848034412098168,-0.28378320797232354,0.32441586554464696,0.7513789998435496,0.48655405196683954,0.10624395683331657,-0.4167327248757193,-0.2757577768833604,-0.7724686735058778,-0.2866203827101886,0.8528028654224415,-0.49430000374546906,-0.2968260885977624,0.2968260885977624,-0.6227696193842959,0.0,0.0,-0.1293510608313203,0.10071728179842923,-0.1066589477267723,-0.44239733935258735,-0.040696876810483125,0.39709002759836504,0.8148378223308537,-0.5508448775795894,"Transición Urbana (Vulnerabilidad Media, Servicios Básicos)",Baja,"<b>LOS GRANADOS</b><hr>Tipología: Transición Urbana (Vulnerabilidad Media, Servicios Básicos)<br>Pob: 3435.0<br>Score Infra: Baja"
LOS HORNILLOS,-0.44199411794107063,-0.39663060868262456,-0.25233674350600793,0.8549422112647285,-0.5498909925314214,-0.6586974704539651,-0.31679235383650955,-0.48584923172746025,0.7306973174726218,0.18853042945400297,-0.5393935561834478,-0.28378320797232354,0.32441586554464696,-0.8511063953064819,-0.44690291629477147,-0.7611141943048213,-0.4167327248757193,-0.2757577768833604,2.6410668946896796,1.0609857432616687,-1.1726039399558572,-0.49430000374546906,-0.2968260885977624,0.2968260885977624,1.1570767620354865,0.0,0.0,-0.3720608663604143,1.5298772641568257,0.9955899154878886,2.6146683032484517,-0.6046659617015194,-0.9018959917281483,0.6141759047698051,1.8153931182840382,"Núcleo Consolidado (Alto Estándar, Alta Infraestructura)",Muy Alta,"<b>LOS HORNILLOS</b><hr>Tipología: Núcleo Consolidado (Alto Estándar, Alta Infraestructura)<br>Pob: 726.0<br>Score Infra: Muy Alta"
LOS JACARANDAES,-0.32663912073027046,-0.33117428783431857,0.1287759851596638,2.9717731258047055,-0.5498909925314214,-0.6586974704539651,-0.31679235383650955,-0.48584923172746025,-1.0260457721272829,-0.7696386255900036,-0.5090657145314306,-0.28378320797232354,0.32441586554464696,-0.24643386371735243,-0.44690291629477147,-0.7611141943048213,-0.4167327248757193,-0.2757577768833604,-1.0409489990942924,0.3028021862001542,-1.1726039399558572,-0.49430000374546906,-0.2968260885977624,-3.3689761055846037,-1.228937512181561,0.0,0.0,-0.3113834149781408,0.32207798191105247,-0.056726942586171086,-0.5312023514201333,-0.6046659617015194,-2.20049239317244,1.4121489660630537,-0.5508448775795894,"Transición Urbana (Vulnerabilidad Media, Servicios Básicos)",Muy Baja,"<b>LOS JACARANDAES</b><hr>Tipología: Transición Urbana (Vulnerabilidad Media, Servicios Básicos)<br>Pob: 1305.0<br>Score Infra: Muy Baja"
LOS JOSEFINOS,-0.4870204208247335,-0.39663060868262456,-0.3361815438124557,-0.12014740598567963,-0.5498909925314214,-0.6586974704539651,-0.31679235383650955,1.9142459730061934,-1.0260457721272829,-0.7696386255900036,-0.5454591245138511,-0.28378320797232354,0.32441586554464696,-1.2349599477828588,-0.44690291629477147,-0.7611141943048213,3.2290985212218493,-0.2757577768833604,-1.0409489990942924,1.8340599757482867,-1.1726039399558572,2.0230629019273323,-0.2968260885977624,-3.3689761055846037,-0.03593037507303724,0.0,0.0,-0.3720608663604143,0.5918613267425825,0.9955899154878886,1.0417329759141594,-0.6046659617015194,-0.9018959917281483,-1.3422345080342082,-0.5508448775795894,"Transición Urbana (Vulnerabilidad Media, Servicios Básicos)",Alta,"<b>LOS JOSEFINOS</b><hr>Tipología: Transición Urbana (Vulnerabilidad Media, Servicios Básicos)<br>Pob: 500.0<br>Score Infra: Alta"
LOS NARANJOS,-0.2648773778367505,-0.19806143367221737,-0.3514260529590825,-0.6963367252700117,0.6346125698691113,0.3820164434189307,0.7550941036651048,-0.48584923172746025,-0.19390430863259123,0.5717980514716056,2.0627352575596287,2.831525786212739,0.32441586554464696,-0.026646748992975713,1.4200110202284506,2.0204136696898973,-0.4167327248757193,3.976094957602642,-0.18641447707859546,0.12039141224263762,0.8528028654224415,-0.49430000374546906,3.368976105584603,0.2968260885977624,1.3074106947044273,0.0,0.0,-0.25070596359586733,-0.1427794737986609,0.009183277236142888,0.13761371395585215,-0.6046659617015194,0.39709002759836504,-0.6864041855827389,1.8153931182840382,"Núcleo Consolidado (Alto Estándar, Alta Infraestructura)",Muy Alta,"<b>LOS NARANJOS</b><hr>Tipología: Núcleo Consolidado (Alto Estándar, Alta Infraestructura)<br>Pob: 1615.0<br>Score Infra: Muy Alta"
LOS OLMOS,-0.2162649092366897,-0.20906249599966376,-0.24471448893269448,-0.23006659920299838,-0.15505647173124384,-0.6586974704539651,0.3977986178312334,-0.48584923172746025,0.17593634180949397,0.7634318624804068,-0.20578729801125845,-0.28378320797232354,0.32441586554464696,0.11781426537985368,3.286924956751673,0.04642615330654855,-0.4167327248757193,-0.2757577768833604,0.031438129970289545,0.019879353123189638,0.8528028654224415,-0.49430000374546906,-0.2968260885977624,0.2968260885977624,-0.1314998036982926,0.0,0.0,-0.18396076707536646,-0.41175577213041,-0.40718716610073813,-0.3302319016315619,-0.9806641505983733,0.39709002759836504,0.2786428622906743,-0.5508448775795894,"Transición Urbana (Vulnerabilidad Media, Servicios Básicos)",Media,"<b>LOS OLMOS</b><hr>Tipología: Transición Urbana (Vulnerabilidad Media, Servicios Básicos)<br>Pob: 1859.0<br>Score Infra: Media"
LOS OLMOS SUD,-0.09134680344882842,-0.15680744994429344,-0.03891361545323176,0.42058410903500115,-0.35247373213133265,-0.31179283249633316,-0.31679235383650955,1.9142459730061934,0.7306973174726218,-0.003103381554798346,-0.4302133262361858,-0.28378320797232354,1.682563641638338,0.41808680239766444,-0.44690291629477147,-0.46202517667098064,1.7848958779952775,-0.2757577768833604,0.13115939376027205,0.3511968813317403,0.8528028654224415,2.0230629019273323,-0.2968260885977624,0.2968260885977624,0.4000380296668913,0.0,0.0,-0.14755429624600236,-0.25504097215761773,-0.4007227760367648,-0.2755118742675021,-0.040696876810483125,1.6956864290426572,1.0968725623713615,-0.5508448775795894,"Transición Urbana (Vulnerabilidad Media, Servicios Básicos)",Alta,"<b>LOS OLMOS SUD</b><hr>Tipología: Transición Urbana (Vulnerabilidad Media, Servicios Básicos)<br>Pob: 2486.0<br>Score Infra: Alta"
LOS PARAISOS,0.4252602911411625,0.3943457726607703,-0.09989165203973924,-0.485362789901287,0.04236078866884495,-0.6586974704539651,0.7550941036651048,-0.48584923172746025,1.5628387809673134,0.3801642404628043,1.6624077477530017,-0.28378320797232354,0.32441586554464696,1.1548379756990954,3.286924956751673,-0.31995789329490637,-0.4167327248757193,-0.2757577768833604,-0.19561951681305548,-0.40326400687349856,0.8528028654224415,-0.49430000374546906,-0.2968260885977624,0.2968260885977624,-0.46116064176518445,0.0,0.0,-0.11114782541663827,0.712485610729757,0.6655706102641411,-0.42576188472056403,-1.0276427753697968,0.39709002759836504,-0.302220583280783,-0.5508448775795894,"Transición Urbana (Vulnerabilidad Media, Servicios Básicos)",Baja,"<b>LOS PARAISOS</b><hr>Tipología: Transición Urbana (Vulnerabilidad Media, Servicios Básicos)<br>Pob: 5079.0<br>Score Infra: Baja"
LOS PINOS,-0.2078971892317612,-0.2140129740470146,-0.24471448893269448,-0.21765636771072042,-0.15505647173124384,0.035111805461298766,-0.31679235383650955,1.9142459730061934,-0.37882463385363385,-0.003103381554798346,0.4250318083506995,-0.28378320797232354,0.32441586554464696,0.14154714631253346,-0.44690291629477147,0.023994476984010478,2.464005198283844,-0.2757577768833604,-0.4763732287140833,0.004988677698086229,0.8528028654224415,2.0230629019273323,-0.2968260885977624,0.2968260885977624,0.47090974078224906,0.0,0.0,-0.30531566983991343,0.9822689555612871,0.6164187988478382,0.16918568317237304,0.5232722080805532,1.6956864290426572,0.516009116799905,-0.5508448775795894,"Transición Urbana (Vulnerabilidad Media, Servicios Básicos)",Alta,"<b>LOS PINOS</b><hr>Tipología: Transición Urbana (Vulnerabilidad Media, Servicios Básicos)<br>Pob: 1901.0<br>Score Infra: Alta"
LOS PLATANOS,0.8085815599383636,0.6847738181053548,0.03730893027990258,-0.44281342478490554,1.029447090669289,1.7696349952494583,0.040503131997361934,-0.48584923172746025,-0.008983983411548631,0.18853042945400297,0.18240907513456184,-0.28378320797232354,-1.0337319105490443,1.4860664443682263,0.019825567836034067,0.09128950595162452,-0.4167327248757193,-0.2757577768833604,-0.8000837927092576,-0.6477192617689459,0.8528028654224415,-0.49430000374546906,-0.2968260885977624,0.2968260885977624,-0.6480042437965823,0.0,0.0,0.1558329606653652,0.0962810474862795,0.07116949730247318,-0.4895783202557515,1.0872412929715896,0.39709002759836504,-0.07299161101949847,-0.5508448775795894,"Transición Urbana (Vulnerabilidad Media, Servicios Básicos)",Baja,"<b>LOS PLATANOS</b><hr>Tipología: Transición Urbana (Vulnerabilidad Media, Servicios Básicos)<br>Pob: 7003.0<br>Score Infra: Baja"
LOS ROBLES,0.10649000523912412,0.02030965352759331,0.6928228235848579,1.746705988495556,0.23977804906893374,0.7289210813765625,-0.31679235383650955,-0.48584923172746025,-0.28636447124311254,-0.38637100357240095,0.6858512465580475,-0.28378320797232354,0.32441586554464696,0.7647932368924552,-0.44690291629477147,0.09876673139247055,-0.4167327248757193,-0.2757577768833604,-0.6880891426066618,-0.291583941185223,0.8528028654224415,-0.49430000374546906,-0.2968260885977624,0.2968260885977624,-0.5717634636573338,0.0,0.0,-0.05653811917259213,-0.2167605417517425,-0.30724103016434656,-0.4552101788776777,1.6512103778626257,0.39709002759836504,0.6167729097425538,-0.5508448775795894,"Transición Urbana (Vulnerabilidad Media, Servicios Básicos)",Baja,"<b>LOS ROBLES</b><hr>Tipología: Transición Urbana (Vulnerabilidad Media, Servicios Básicos)<br>Pob: 3479.0<br>Score Infra: Baja"
LOS SAUCES,-0.26089274926297507,-0.24866632037847072,-0.23709223435938104,-0.08646249193521093,-0.15505647173124384,0.035111805461298766,-0.31679235383650955,1.9142459730061934,-0.19390430863259123,-0.38637100357240095,-0.4484100312273961,-0.28378320797232354,0.32441586554464696,-0.014264376332446982,-0.44690291629477147,0.1511073094783927,2.9350003720323654,-0.2757577768833604,-0.1971536901021321,0.11170518491132728,0.8528028654224415,2.0230629019273323,-0.2968260885977624,0.2968260885977624,0.8692946623549423,0.0,0.0,-0.27497694414877677,0.13234024785133172,0.0031914186437510244,0.12749086283934433,0.5232722080805532,1.6956864290426572,0.36503656105078086,-0.5508448775795894,"Transición Urbana (Vulnerabilidad Media, Servicios Básicos)",Muy Alta,"<b>LOS SAUCES</b><hr>Tipología: Transición Urbana (Vulnerabilidad Media, Servicios Básicos)<br>Pob: 1635.0<br>Score Infra: Muy Alta"
LOS SOLES,-0.4870204208247335,-0.39663060868262456,-0.4047818349722766,-0.9179480019178317,-0.5498909925314214,-0.6586974704539651,-0.31679235383650955,-0.48584923172746025,-0.5637449590746765,-0.5780048145812022,-0.5454591245138511,-0.28378320797232354,-1.0337319105490443,-1.2349599477828588,-0.44690291629477147,-0.7611141943048213,-0.4167327248757193,-0.2757577768833604,0.4932242899823627,-0.6477192617689459,-1.1726039399558572,-0.49430000374546906,-0.2968260885977624,0.2968260885977624,-0.23458592895699487,0.0,0.0,-0.40239959205155107,-0.04089612566407335,-0.08106882949848238,-0.3320724200163815,-0.6046659617015194,-0.9018959917281483,-1.3422345080342082,-0.5508448775795894,"Transición Urbana (Vulnerabilidad Media, Servicios Básicos)",Media,"<b>LOS SOLES</b><hr>Tipología: Transición Urbana (Vulnerabilidad Media, Servicios Básicos)<br>Pob: 500.0<br>Score Infra: Media"
LOS SUENOS,-0.4870204208247335,-0.39663060868262456,-0.4047818349722766,-0.9179480019178317,-0.5498909925314214,-0.6586974704539651,-0.31679235383650955,-0.48584923172746025,-0.9335856095167617,-0.5780048145812022,-0.5454591245138511,-0.28378320797232354,-1.0337319105490443,-1.2349599477828588,-0.44690291629477147,-0.7611141943048213,-0.4167327248757193,-0.2757577768833604,-0.7341143412789614,-0.6477192617689459,-1.1726039399558572,-0.49430000374546906,-0.2968260885977624,0.2968260885977624,-1.0302819582976035,0.0,0.0,-0.40239959205155107,-0.04089612566407335,-0.08106882949848238,-0.3320724200163815,-0.6046659617015194,-0.9018959917281483,-1.3422345080342082,-0.5508448775795894,"Transición Urbana (Vulnerabilidad Media, Servicios Básicos)",Muy Baja,"<b>LOS SUENOS</b><hr>Tipología: Transición Urbana (Vulnerabilidad Media, Servicios Básicos)<br>Pob: 500.0<br>Score Infra: Muy Baja"
LOURDES,-0.3051221264318829,-0.3317243409506909,-0.023669106306604897,1.869035413205153,-0.35247373213133265,-0.31179283249633316,-0.31679235383650955,-0.48584923172746025,1.377918455746271,0.3801642404628043,-0.5030001462010271,-0.28378320797232354,0.32441586554464696,-0.16491657703554166,-0.44690291629477147,-0.23023118800475417,-0.4167327248757193,-0.2757577768833604,1.7819298528067526,0.23083058831215444,0.8528028654224415,-0.49430000374546906,-0.2968260885977624,0.2968260885977624,0.8649994071358299,0.0,0.0,-0.32351890525459553,0.7722490133999568,0.12274013957544573,0.5306351782834846,-0.040696876810483125,0.39709002759836504,2.0224451346589944,1.8153931182840382,"Núcleo Consolidado (Alto Estándar, Alta Infraestructura)",Muy Alta,"<b>LOURDES</b><hr>Tipología: Núcleo Consolidado (Alto Estándar, Alta Infraestructura)<br>Pob: 1413.0<br>Score Infra: Muy Alta"
MAIPU SECCION 1,-0.18379018636041955,-0.1331551659402837,-0.3514260529590825,-0.735340309960028,-0.5498909925314214,-0.6586974704539651,-0.31679235383650955,-0.48584923172746025,0.5457769922515792,1.5299671065156122,-0.5454591245138511,-0.28378320797232354,0.32441586554464696,0.20449087400355204,-0.44690291629477147,-0.7611141943048213,-0.4167327248757193,-0.2757577768833604,0.24929073701917456,-0.03347890048343083,-1.1726039399558572,-0.49430000374546906,-0.2968260885977624,0.2968260885977624,-0.39297346516177184,0.0,0.0,-0.2385704733194126,0.07074136381828805,0.1613094255600717,-0.3270817836267745,-0.6046659617015194,-0.9018959917281483,-0.5148287237164755,-0.5508448775795894,"Transición Urbana (Vulnerabilidad Media, Servicios Básicos)",Media,"<b>MAIPU SECCION 1</b><hr>Tipología: Transición Urbana (Vulnerabilidad Media, Servicios Básicos)<br>Pob: 2022.0<br>Score Infra: Media"
MAIPU SECCION 2,-0.13179078347264955,-0.08640065104863659,-0.34380379838576913,-0.7317945295336629,-0.5498909925314214,-0.6586974704539651,-0.31679235383650955,-0.48584923172746025,0.17593634180949397,1.3383332955068108,-0.5454591245138511,-0.28378320797232354,0.32441586554464696,0.33037832938558925,-0.44690291629477147,-0.7611141943048213,-0.4167327248757193,-0.2757577768833604,-0.1680043976096756,-0.10420960875267199,-1.1726039399558572,-0.49430000374546906,-0.2968260885977624,0.2968260885977624,-0.6630376370634764,0.0,0.0,-0.18396076707536646,-0.1673366687824709,-0.059223573738625496,-0.4275670085210602,-0.6046659617015194,-0.9018959917281483,-0.4969959562369345,-0.5508448775795894,"Transición Urbana (Vulnerabilidad Media, Servicios Básicos)",Baja,"<b>MAIPU SECCION 2</b><hr>Tipología: Transición Urbana (Vulnerabilidad Media, Servicios Básicos)<br>Pob: 2283.0<br>Score Infra: Baja"
MALDONADO,1.010801460057469,0.5236082550082652,2.331607556847246,2.4806825367531364,0.8320298302692002,1.7696349952494583,-0.31679235383650955,-0.48584923172746025,-0.10144414602206994,-0.38637100357240095,-0.46660673621860643,-0.28378320797232354,-1.0337319105490443,1.6264000011875477,-0.44690291629477147,-0.11059558095121787,-0.4167327248757193,-0.2757577768833604,-0.8491773379597105,-0.6477192617689459,0.8528028654224415,-0.49430000374546906,-0.2968260885977624,0.2968260885977624,-0.7806202486866837,0.0,0.0,0.7383364939351909,-0.5983203559933521,-0.6917066114096646,-0.5154871559805198,3.343117632535735,0.39709002759836504,1.7409297956130374,-0.5508448775795894,"Transición Urbana (Vulnerabilidad Media, Servicios Básicos)",Baja,"<b>MALDONADO</b><hr>Tipología: Transición Urbana (Vulnerabilidad Media, Servicios Básicos)<br>Pob: 8018.0<br>Score Infra: Baja"
MANANTIALES I-MANANTIALES II,-0.4870204208247335,-0.39663060868262456,-0.4047818349722766,-0.9179480019178317,-0.5498909925314214,-0.6586974704539651,-0.31679235383650955,-0.48584923172746025,-0.9335856095167617,-0.5780048145812022,-0.5454591245138511,-0.28378320797232354,-1.0337319105490443,-1.2349599477828588,-0.44690291629477147,-0.7611141943048213,-0.4167327248757193,-0.2757577768833604,-0.7341143412789614,-0.6477192617689459,-1.1726039399558572,-0.49430000374546906,-0.2968260885977624,0.2968260885977624,-1.0302819582976035,0.0,0.0,-0.23250272818118525,-0.04089612566407335,-0.08106882949848238,-0.3320724200163815,-0.6046659617015194,-0.9018959917281483,-1.3422345080342082,-0.5508448775795894,"Transición Urbana (Vulnerabilidad Media, Servicios Básicos)",Muy Baja,"<b>MANANTIALES I-MANANTIALES II</b><hr>Tipología: Transición Urbana (Vulnerabilidad Media, Servicios Básicos)<br>Pob: 500.0<br>Score Infra: Muy Baja"
MARCELO T DE ALVEAR,-0.039148169132369647,-0.09355134156147674,-0.03891361545323176,0.21492884430582418,-0.5498909925314214,-0.6586974704539651,-0.31679235383650955,-0.48584923172746025,-0.28636447124311254,-0.38637100357240095,1.0497853463822542,-0.28378320797232354,0.32441586554464696,0.5212732412353995,-0.44690291629477147,-0.7611141943048213,-0.4167327248757193,-0.2757577768833604,-0.5945045719729858,-0.19603544054080957,-1.1726039399558572,-0.49430000374546906,-0.2968260885977624,0.2968260885977624,-0.9395446917938498,0.0,0.0,-0.23250272818118525,0.5533208459448548,0.2553034737411945,-0.46306777659748455,-0.6046659617015194,-0.9018959917281483,0.6645578012411298,-0.5508448775795894,"Transición Urbana (Vulnerabilidad Media, Servicios Básicos)",Muy Baja,"<b>MARCELO T DE ALVEAR</b><hr>Tipología: Transición Urbana (Vulnerabilidad Media, Servicios Básicos)<br>Pob: 2748.0<br>Score Infra: Muy Baja"
MARCOS SASTRE,-0.36668463789671407,-0.3520763062564667,-0.26758125265263477,0.21847462473218937,-0.35247373213133265,-0.31179283249633316,-0.31679235383650955,-0.48584923172746025,-0.008983983411548631,-0.19473719256359964,-0.3452953696105376,-0.28378320797232354,0.32441586554464696,-0.41875521657637055,-0.44690291629477147,-0.08068667918783377,-0.4167327248757193,-0.2757577768833604,0.4870875968260562,0.47652673282636054,0.8528028654224415,-0.49430000374546906,-0.2968260885977624,0.2968260885977624,0.10044397813378758,0.0,0.0,-0.2992479247016861,-0.13569919668664238,-0.32283513046152845,-0.015680230749026847,-0.040696876810483125,0.39709002759836504,1.131499295341344,-0.5508448775795894,"Transición Urbana (Vulnerabilidad Media, Servicios Básicos)",Alta,"<b>MARCOS SASTRE</b><hr>Tipología: Transición Urbana (Vulnerabilidad Media, Servicios Básicos)<br>Pob: 1104.0<br>Score Infra: Alta"
MARECHAL,0.12203005667684849,0.08576597437589928,0.06017569399984288,0.08550785874349737,-0.35247373213133265,-0.31179283249633316,-0.31679235383650955,-0.48584923172746025,0.7306973174726218,-0.003103381554798346,-0.42414775790578235,-0.28378320797232354,0.32441586554464696,0.7874942534367572,-0.44690291629477147,-0.5517518819611329,-0.4167327248757193,-0.2757577768833604,-0.2217004627273586,-0.29902927889777475,0.8528028654224415,-0.49430000374546906,-0.2968260885977624,0.2968260885977624,-0.5937766466552857,0.0,0.0,-0.15362204138422972,0.3170163898055833,0.2242318893302596,-0.42908897564696874,-0.040696876810483125,0.39709002759836504,0.047509419716041335,-0.5508448775795894,"Transición Urbana (Vulnerabilidad Media, Servicios Básicos)",Baja,"<b>MARECHAL</b><hr>Tipología: Transición Urbana (Vulnerabilidad Media, Servicios Básicos)<br>Pob: 3557.0<br>Score Infra: Baja"
MARIA LASTENIA,-0.4870204208247335,-0.39663060868262456,-0.3209370346658288,0.057141615332576376,0.23977804906893374,0.7289210813765625,-0.31679235383650955,-0.48584923172746025,0.8231574800831432,0.18853042945400297,-0.4484100312273961,-0.28378320797232354,0.32441586554464696,-1.2349599477828588,-0.44690291629477147,2.830571046205563,-0.4167327248757193,-0.2757577768833604,2.6410668946896796,1.8340599757482867,0.8528028654224415,-0.49430000374546906,-0.2968260885977624,0.2968260885977624,2.9471243746006617,0.0,0.0,0.9871140446025123,-1.4380838970534002,-1.2022902357463372,-0.4109669484733603,1.6512103778626257,0.39709002759836504,-1.3422345080342082,1.8153931182840382,"Núcleo Consolidado (Alto Estándar, Alta Infraestructura)",Muy Alta,"<b>MARIA LASTENIA</b><hr>Tipología: Núcleo Consolidado (Alto Estándar, Alta Infraestructura)<br>Pob: 500.0<br>Score Infra: Muy Alta"
MARIANO BALCARCE,-0.18936866636370522,-0.14580638761684706,-0.32855928923914224,-0.6484686895140825,-0.35247373213133265,-0.6586974704539651,0.040503131997361934,-0.48584923172746025,-0.47128479646415516,0.5717980514716056,-0.3028363912977135,-0.28378320797232354,0.32441586554464696,0.19004477256626884,3.286924956751673,-0.3872529222625205,-0.4167327248757193,-0.2757577768833604,-0.5791628390822192,-0.024792673152120588,0.8528028654224415,-0.49430000374546906,-0.2968260885977624,0.2968260885977624,-0.7435736724218377,0.0,0.0,-0.2689091990105494,0.39754186213758785,0.42364157467518293,-0.3857660044350611,-0.8866505041470376,0.39709002759836504,-0.40800525250407915,-0.5508448775795894,"Transición Urbana (Vulnerabilidad Media, Servicios Básicos)",Baja,"<b>MARIANO BALCARCE</b><hr>Tipología: Transición Urbana (Vulnerabilidad Media, Servicios Básicos)<br>Pob: 1994.0<br>Score Infra: Baja"
MARIANO FRAGUEIRO,0.13657395097112898,0.023059919109454905,0.27359882205261904,0.7202025550628539,0.04236078866884495,0.3820164434189307,-0.31679235383650955,-0.48584923172746025,1.8402192687988774,0.7634318624804068,-0.3938199162537651,-0.28378320797232354,0.32441586554464696,0.8081315412043039,-0.44690291629477147,-0.14050448271460195,-0.4167327248757193,-0.2757577768833604,0.2692349897771709,-0.30647461661032643,0.8528028654224415,-0.49430000374546906,-0.2968260885977624,0.2968260885977624,-0.07082932372832712,0.0,0.0,-0.22643498304295792,1.1142534841582776,0.6139975525307217,-0.267937433222283,1.0872412929715896,0.39709002759836504,0.8556973672354332,-0.5508448775795894,"Transición Urbana (Vulnerabilidad Media, Servicios Básicos)",Media,"<b>MARIANO FRAGUEIRO</b><hr>Tipología: Transición Urbana (Vulnerabilidad Media, Servicios Básicos)<br>Pob: 3630.0<br>Score Infra: Media"
MARQUES ANEXO,1.500910774631853,0.9807023947136624,1.3483367168898133,0.590781569500527,-0.35247373213133265,-0.31179283249633316,-0.31679235383650955,-0.48584923172746025,-1.0260457721272829,-0.7696386255900036,-0.5454591245138511,-0.28378320797232354,-1.0337319105490443,1.901907792884301,-0.44690291629477147,-0.6863419398963612,-0.4167327248757193,-0.2757577768833604,-1.0409489990942924,-0.6477192617689459,0.8528028654224415,-0.49430000374546906,-0.2968260885977624,-3.3689761055846037,-1.191890935916715,0.0,0.0,-0.03226713861968271,2.081283126124473,1.238701459399275,-0.527202763391583,-0.040696876810483125,-0.9018959917281483,1.0383533836520913,-0.5508448775795894,"Transición Urbana (Vulnerabilidad Media, Servicios Básicos)",Muy Baja,"<b>MARQUES ANEXO</b><hr>Tipología: Transición Urbana (Vulnerabilidad Media, Servicios Básicos)<br>Pob: 10478.0<br>Score Infra: Muy Baja"
MARQUES DE SOBREMONTE,4.3160508620042295,3.6407592654901975,2.1867847199542907,-0.11837451577249711,1.819116132269644,2.1165396332070903,1.1123895894989762,1.9142459730061934,2.2100599192409627,-0.003103381554798346,8.03732006300702,2.831525786212739,1.682563641638338,2.7831199805585634,0.7964617654296945,-0.3947301477033665,-0.19218851413514496,0.842791867735992,-0.8230963920454074,-0.547207202649498,0.8528028654224415,2.0230629019273323,3.368976105584603,0.2968260885977624,-0.674849588916036,0.0,0.0,1.2358915952698337,0.4080089786080566,0.3173469346027628,-0.5176816202085739,-0.15349069378869035,1.6956864290426572,-0.020012709575424868,-0.5508448775795894,"Transición Urbana (Vulnerabilidad Media, Servicios Básicos)",Baja,"<b>MARQUES DE SOBREMONTE</b><hr>Tipología: Transición Urbana (Vulnerabilidad Media, Servicios Básicos)<br>Pob: 24608.0<br>Score Infra: Baja"
MAULLER,0.5557568769323095,0.3695933824240159,0.5479999866919026,0.47377081543047794,0.8320298302692002,1.7696349952494583,-0.31679235383650955,-0.48584923172746025,0.3608566670305366,-0.5780048145812022,-0.5454591245138511,2.831525786212739,3.0407114177320294,1.279693566692756,-0.44690291629477147,0.1511073094783927,-0.4167327248757193,3.976094957602642,-0.6389955973562087,0.0012660088418104591,0.8528028654224415,-0.49430000374546906,3.368976105584603,0.2968260885977624,0.08272605035494814,0.0,0.0,0.10729099955954634,-0.06678555230979143,-0.1860597388381469,-0.4282749002075293,3.343117632535735,0.39709002759836504,0.5613701369905818,-0.5508448775795894,"Transición Urbana (Vulnerabilidad Media, Servicios Básicos)",Alta,"<b>MAULLER</b><hr>Tipología: Transición Urbana (Vulnerabilidad Media, Servicios Básicos)<br>Pob: 5734.0<br>Score Infra: Alta"
MAURIZI,-0.4360171750804074,-0.366377687282147,-0.3209370346658288,-0.15383232003614836,-0.35247373213133265,-0.31179283249633316,-0.31679235383650955,-0.48584923172746025,-0.7486652842957191,-0.19473719256359964,-0.5393935561834478,-0.28378320797232354,-1.0337319105490443,-0.8098318197713886,-0.44690291629477147,0.22587956388685296,-0.4167327248757193,-0.2757577768833604,-0.4318822033308603,-0.6477192617689459,0.8528028654224415,-0.49430000374546906,-0.2968260885977624,0.2968260885977624,-0.3425042163371989,0.0,0.0,-0.33565439553105025,-0.05712797264690227,0.05085378974039299,3.4964690586695196e-05,-0.040696876810483125,0.39709002759836504,-0.5376823674766638,-0.5508448775795894,"Transición Urbana (Vulnerabilidad Media, Servicios Básicos)",Media,"<b>MAURIZI</b><hr>Tipología: Transición Urbana (Vulnerabilidad Media, Servicios Básicos)<br>Pob: 756.0<br>Score Infra: Media"
MERCANTIL,-0.44259181222713695,-0.3889298650534121,-0.38191507125233626,-0.6697433720722733,0.4371953094690225,0.7289210813765625,0.040503131997361934,-0.48584923172746025,-0.28636447124311254,-0.38637100357240095,-0.01775467976875174,-0.28378320797232354,-1.0337319105490443,-0.8552338528599919,0.2998626583145174,2.830571046205563,-0.4167327248757193,-0.2757577768833604,0.6573808319135648,-0.6477192617689459,0.8528028654224415,-0.49430000374546906,-0.2968260885977624,0.2968260885977624,1.6612323433788274,0.0,0.0,-0.347789885807505,0.18372754174659234,0.08433094806228994,1.5857831315499695,0.24128766563503504,0.39709002759836504,0.17874473767227456,1.8153931182840382,"Núcleo Consolidado (Alto Estándar, Alta Infraestructura)",Muy Alta,"<b>MERCANTIL</b><hr>Tipología: Núcleo Consolidado (Alto Estándar, Alta Infraestructura)<br>Pob: 723.0<br>Score Infra: Muy Alta"
MILITAR GENERAL DEHEZA,-0.422270206500882,-0.39663060868262456,-0.3895373258256497,-0.7406589805995757,-0.15505647173124384,0.035111805461298766,-0.31679235383650955,-0.48584923172746025,-0.7486652842957191,-0.38637100357240095,-0.5454591245138511,-0.28378320797232354,-1.0337319105490443,-0.7190277535941813,-0.44690291629477147,1.0483743623799147,-0.4167327248757193,-0.2757577768833604,-0.48250992187038994,-0.6477192617689459,0.8528028654224415,-0.49430000374546906,-0.2968260885977624,0.2968260885977624,0.03440442913993153,0.0,0.0,-0.17789302193713913,-1.0206690669336458,-0.9477095238988227,-0.3061281897072898,0.5232722080805532,0.39709002759836504,1.471187545776873,-0.5508448775795894,"Transición Urbana (Vulnerabilidad Media, Servicios Básicos)",Alta,"<b>MILITAR GENERAL DEHEZA</b><hr>Tipología: Transición Urbana (Vulnerabilidad Media, Servicios Básicos)<br>Pob: 825.0<br>Score Infra: Alta"
MIRADOR,0.043732105202160323,0.019209547294848674,0.4107994043722608,1.065916146633453,-0.5498909925314214,-0.6586974704539651,-0.31679235383650955,-0.48584923172746025,0.17593634180949397,-0.003103381554798346,-0.460541167888203,-0.28378320797232354,0.32441586554464696,0.6667661199966076,-0.44690291629477147,-0.7611141943048213,-0.4167327248757193,-0.2757577768833604,-0.41040377728378713,-0.2555981422412232,-1.1726039399558572,-0.49430000374546906,-0.2968260885977624,0.2968260885977624,-0.8203513594634753,0.0,0.0,-0.21429949276650323,0.6347053291993681,0.48096820301924764,-0.4443086469060539,-0.6046659617015194,-0.9018959917281483,0.05945564259068515,-0.5508448775795894,"Transición Urbana (Vulnerabilidad Media, Servicios Básicos)",Muy Baja,"<b>MIRADOR</b><hr>Tipología: Transición Urbana (Vulnerabilidad Media, Servicios Básicos)<br>Pob: 3164.0<br>Score Infra: Muy Baja"
MIRADOR DEL CHATEAU,-0.43641563793778493,-0.34822593444186045,-0.4047818349722766,-0.9179480019178317,-0.5498909925314214,-0.6586974704539651,-0.31679235383650955,-0.48584923172746025,-0.10144414602206994,-0.003103381554798346,-0.11480377305520681,-0.28378320797232354,0.32441586554464696,-0.8118955485481432,-0.44690291629477147,-0.7611141943048213,-0.4167327248757193,-0.2757577768833604,0.9933647822213523,0.9977003727049792,-1.1726039399558572,-0.49430000374546906,-0.2968260885977624,0.2968260885977624,0.08970584008600622,0.0,0.0,-0.09901233514018355,-1.1704464919569202,-0.9277906821054925,-0.3573441532233276,-0.6046659617015194,-0.9018959917281483,-1.1377636498464612,-0.5508448775795894,"Transición Urbana (Vulnerabilidad Media, Servicios Básicos)",Alta,"<b>MIRADOR DEL CHATEAU</b><hr>Tipología: Transición Urbana (Vulnerabilidad Media, Servicios Básicos)<br>Pob: 754.0<br>Score Infra: Alta"
MIRALTA,0.11625234524487404,-0.017644011502096706,0.7004450781581714,1.9736359357829236,-0.5498909925314214,-0.6586974704539651,-0.31679235383650955,1.9142459730061934,-0.10144414602206994,-0.38637100357240095,-0.515131282861834,-0.28378320797232354,1.682563641638338,0.7792393383297392,-0.44690291629477147,-0.7611141943048213,1.1331699980409278,-0.2757577768833604,-0.606777958285599,0.05586515206718951,-1.1726039399558572,2.0230629019273323,-0.2968260885977624,0.2968260885977624,-0.44022127257201044,0.0,0.0,-0.19609625735182115,0.669988632664685,0.21742175138140926,-0.3782623525584889,-0.6046659617015194,0.39709002759836504,1.20023336028676,-0.5508448775795894,"Transición Urbana (Vulnerabilidad Media, Servicios Básicos)",Baja,"<b>MIRALTA</b><hr>Tipología: Transición Urbana (Vulnerabilidad Media, Servicios Básicos)<br>Pob: 3528.0<br>Score Infra: Baja"
MIRIZZI,-0.44856875508780014,-0.39663060868262456,-0.2752035072259482,0.5890086792873445,0.04236078866884495,0.3820164434189307,-0.31679235383650955,-0.48584923172746025,0.7306973174726218,0.18853042945400297,-0.4726723045490099,-0.28378320797232354,1.682563641638338,-0.8996040215602182,-0.44690291629477147,2.476524421581504,-0.4167327248757193,-0.2757577768833604,2.6410668946896796,2.9334881779684205,0.8528028654224415,-0.49430000374546906,-0.2968260885977624,0.2968260885977624,2.770482003714655,0.0,0.0,-0.25677370873409466,-0.8841648579606927,-0.7832375640170939,0.5673747568112298,1.0872412929715896,0.39709002759836504,0.32850535776744905,1.8153931182840382,"Núcleo Consolidado (Alto Estándar, Alta Infraestructura)",Muy Alta,"<b>MIRIZZI</b><hr>Tipología: Núcleo Consolidado (Alto Estándar, Alta Infraestructura)<br>Pob: 693.0<br>Score Infra: Muy Alta"
MUTUAL DE LOS DOCENTES,-0.4413964236550043,-0.393880343100763,-0.39715958039896315,-0.8310763814718862,-0.5498909925314214,-0.6586974704539651,-0.31679235383650955,-0.48584923172746025,-0.7486652842957191,-0.5780048145812022,-0.21791843467206531,-0.28378320797232354,-1.0337319105490443,-0.846978937752973,-0.44690291629477147,-0.7611141943048213,-0.4167327248757193,-0.2757577768833604,-0.4088696039947105,-0.6477192617689459,-1.1726039399558572,-0.49430000374546906,-0.2968260885977624,0.2968260885977624,-0.819277545658697,0.0,0.0,-0.28104468928700405,-0.7269641781838587,-0.6755716726664072,-0.3961720122261566,-0.6046659617015194,-0.9018959917281483,0.48623012644571945,-0.5508448775795894,"Transición Urbana (Vulnerabilidad Media, Servicios Básicos)",Muy Baja,"<b>MUTUAL DE LOS DOCENTES</b><hr>Tipología: Transición Urbana (Vulnerabilidad Media, Servicios Básicos)<br>Pob: 729.0<br>Score Infra: Muy Baja"
NICOLAS AVELLANEDA,-0.2316057292457253,-0.23601509870190737,-0.28282576179926167,-0.3417586826334996,0.6346125698691113,1.4227303572918264,-0.31679235383650955,1.9142459730061934,0.2683965044200153,0.18853042945400297,-0.4848034412098168,-0.28378320797232354,1.682563641638338,0.07447596106800496,-0.44690291629477147,1.7587107792602865,2.6556892806233585,-0.2757577768833604,0.16491120611995855,0.7445588904782217,0.8528028654224415,2.0230629019273323,-0.2968260885977624,0.2968260885977624,1.8137139036573247,0.0,0.0,-0.2992479247016861,0.6919619257819583,0.3743770792203645,0.6486761170022034,2.7791485476446987,1.6956864290426572,0.6003252115818121,1.8153931182840382,"Núcleo Consolidado (Alto Estándar, Alta Infraestructura)",Muy Alta,"<b>NICOLAS AVELLANEDA</b><hr>Tipología: Núcleo Consolidado (Alto Estándar, Alta Infraestructura)<br>Pob: 1782.0<br>Score Infra: Muy Alta"
NUESTRO HOGAR I,-0.4680934350993,-0.39663060868262456,-0.26758125265263477,0.6776531899464724,-0.5498909925314214,-0.6586974704539651,-0.31679235383650955,1.9142459730061934,0.5457769922515792,-0.003103381554798346,-0.5454591245138511,-0.28378320797232354,0.32441586554464696,-1.0564474085935764,-0.44690291629477147,-0.7611141943048213,3.2290985212218493,-0.2757577768833604,2.6410668946896796,1.438216187364288,-1.1726039399558572,2.0230629019273323,-0.2968260885977624,0.2968260885977624,2.350620806046399,0.0,0.0,-0.35992537608395964,0.2805728519369709,0.35360709657380013,2.8398840432985892,-0.6046659617015194,0.39709002759836504,-0.5198495999971228,1.8153931182840382,"Núcleo Consolidado (Alto Estándar, Alta Infraestructura)",Muy Alta,"<b>NUESTRO HOGAR I</b><hr>Tipología: Núcleo Consolidado (Alto Estándar, Alta Infraestructura)<br>Pob: 595.0<br>Score Infra: Muy Alta"
NUESTRO HOGAR II,-0.4150978750680861,-0.3916801306352737,-0.15324743405293328,1.8814456446974306,0.23977804906893374,0.7289210813765625,-0.31679235383650955,-0.48584923172746025,-0.19390430863259123,-0.38637100357240095,-0.5454591245138511,-0.28378320797232354,0.32441586554464696,-0.6756894492823317,-0.44690291629477147,2.715795635688577,-0.4167327248757193,-0.2757577768833604,0.562262087990812,0.7929535856098076,0.8528028654224415,-0.49430000374546906,-0.2968260885977624,0.2968260885977624,1.542575917950842,0.0,0.0,-0.32351890525459553,-0.10893683414730941,-0.3482530207426159,0.8742458028955754,1.6512103778626257,0.39709002759836504,1.461838327874978,1.8153931182840382,"Núcleo Consolidado (Alto Estándar, Alta Infraestructura)",Muy Alta,"<b>NUESTRO HOGAR II</b><hr>Tipología: Núcleo Consolidado (Alto Estándar, Alta Infraestructura)<br>Pob: 861.0<br>Score Infra: Muy Alta"
NUESTRO HOGAR III,1.6328019804238214,1.0269068564889372,4.244793454748917,2.96113578452561,-0.35247373213133265,-0.31179283249633316,-0.31679235383650955,1.9142459730061934,0.6382371548621005,-0.5780048145812022,-0.5272624195226409,-0.28378320797232354,1.682563641638338,1.9648515205753194,-0.44690291629477147,-0.6938191653372072,0.07616920114017557,-0.2757577768833604,-0.7924129262638743,-0.42435913039239503,0.8528028654224415,2.0230629019273323,-0.2968260885977624,0.2968260885977624,-0.8729682358976046,0.0,0.0,-0.020131648343227997,2.1861853706402905,1.2345501816673023,-0.49396724871185976,-0.040696876810483125,1.6956864290426572,1.2473257171259358,-0.5508448775795894,"Transición Urbana (Vulnerabilidad Media, Servicios Básicos)",Muy Baja,"<b>NUESTRO HOGAR III</b><hr>Tipología: Transición Urbana (Vulnerabilidad Media, Servicios Básicos)<br>Pob: 11140.0<br>Score Infra: Muy Baja"
NUEVA CORDOBA,6.7958844548933985,10.494421095489294,1.4626705354895146,-0.6998825056963768,3.5958714758704433,2.1165396332070903,4.32804896200382,-0.48584923172746025,3.042201382735654,5.745910948709241,1.5410963811449327,2.831525786212739,0.32441586554464696,3.2051525154049005,1.8643365371209775,-0.33491234417659843,-0.4167327248757193,0.46084808664645716,-0.8583823776941704,-0.6142152420624634,0.8528028654224415,-0.49430000374546906,3.368976105584603,0.2968260885977624,-0.7951167350511888,0.0,0.0,0.3500008050886404,4.718107208520316,7.808891724308982,-0.5081250824412413,-0.8060593219161085,0.39709002759836504,-2.4627555869428432,-0.5508448775795894,"Transición Urbana (Vulnerabilidad Media, Servicios Básicos)",Muy Baja,"<b>NUEVA CORDOBA</b><hr>Tipología: Transición Urbana (Vulnerabilidad Media, Servicios Básicos)<br>Pob: 37055.0<br>Score Infra: Muy Baja"
NUEVA CORDOBA ANEXA,-0.2714520149834801,-0.23161467377092884,-0.35904830753239597,-0.7052011763359244,-0.5498909925314214,-0.6586974704539651,-0.31679235383650955,1.9142459730061934,-0.28636447124311254,-0.003103381554798346,-0.5454591245138511,-0.28378320797232354,0.32441586554464696,-0.048315901148900074,-0.44690291629477147,-0.7611141943048213,3.0445341333692313,-0.2757577768833604,-0.264657314821505,0.13652297728649962,-1.1726039399558572,2.0230629019273323,-0.2968260885977624,0.2968260885977624,0.4070178193979494,0.0,0.0,-0.28711243442523143,0.24452892545974908,0.2268999058274353,0.036420597375097334,-0.6046659617015194,0.39709002759836504,-0.19262697343078766,-0.5508448775795894,"Transición Urbana (Vulnerabilidad Media, Servicios Básicos)",Alta,"<b>NUEVA CORDOBA ANEXA</b><hr>Tipología: Transición Urbana (Vulnerabilidad Media, Servicios Básicos)<br>Pob: 1582.0<br>Score Infra: Alta"
NUEVA ITALIA,0.08019145665220596,0.036811247018762885,0.006819911986648839,0.05182294469302865,0.23977804906893374,-0.31179283249633316,0.7550941036651048,-0.48584923172746025,-0.5637449590746765,-0.5780048145812022,1.322735921250409,-0.28378320797232354,-1.0337319105490443,0.7245505257457386,2.353467988490062,0.13615285859670068,-0.4167327248757193,-0.2757577768833604,-0.8123571790218708,-0.6477192617689459,0.8528028654224415,-0.49430000374546906,-0.2968260885977624,0.2968260885977624,-0.6335077574320773,0.0,0.0,-0.13541880596954767,0.09521471843955027,0.010000320775628646,-0.4420079989250294,-0.8866505041470376,0.39709002759836504,0.19467303483846707,-0.5508448775795894,"Transición Urbana (Vulnerabilidad Media, Servicios Básicos)",Baja,"<b>NUEVA ITALIA</b><hr>Tipología: Transición Urbana (Vulnerabilidad Media, Servicios Básicos)<br>Pob: 3347.0<br>Score Infra: Baja"
NUEVO URCA,-0.4870204208247335,-0.39663060868262456,-0.4047818349722766,-0.9179480019178317,-0.5498909925314214,-0.6586974704539651,-0.31679235383650955,-0.48584923172746025,-0.6562051216851977,-0.5780048145812022,0.18240907513456184,-0.28378320797232354,0.32441586554464696,-1.2349599477828588,-0.44690291629477147,-0.7611141943048213,-0.4167327248757193,-0.2757577768833604,0.18638963216703167,1.8340599757482867,-1.1726039399558572,-0.49430000374546906,-0.2968260885977624,0.2968260885977624,-0.4337783897433415,0.0,0.0,-0.26284145387232205,-1.0322524638747674,-0.76288483811933,-0.30329662296141346,-0.6046659617015194,-0.9018959917281483,-1.3422345080342082,-0.5508448775795894,"Transición Urbana (Vulnerabilidad Media, Servicios Básicos)",Media,"<b>NUEVO URCA</b><hr>Tipología: Transición Urbana (Vulnerabilidad Media, Servicios Básicos)<br>Pob: 500.0<br>Score Infra: Media"
OBRERO,-0.0923429605922723,-0.0011424180109271338,-0.30569252551920195,-0.6679704818590907,-0.5498909925314214,-0.6586974704539651,-0.31679235383650955,1.9142459730061934,0.9156176426936644,1.7216009175244136,0.9345395481045887,-0.28378320797232354,0.32441586554464696,0.41602307362090996,-0.44690291629477147,-0.7611141943048213,1.790372566062121,-0.2757577768833604,0.25696160346455793,-0.14764074540922353,-1.1726039399558572,2.0230629019273323,-0.2968260885977624,0.2968260885977624,0.3345353875754242,0.0,0.0,-0.22643498304295792,0.2920225401018809,0.5287687609228428,-0.1758053302283324,-0.6046659617015194,0.39709002759836504,-0.9964865793289326,-0.5508448775795894,"Transición Urbana (Vulnerabilidad Media, Servicios Básicos)",Alta,"<b>OBRERO</b><hr>Tipología: Transición Urbana (Vulnerabilidad Media, Servicios Básicos)<br>Pob: 2481.0<br>Score Infra: Alta"
OBSERVATORIO,0.7314789970358081,0.7914841226815846,0.570866750411843,0.04295849362711589,0.8320298302692002,0.3820164434189307,1.1123895894989762,-0.48584923172746025,-0.10144414602206994,0.18853042945400297,0.061097708526493,-0.28378320797232354,0.32441586554464696,1.4272501742307184,1.6851127992147479,0.0314717024248565,-0.4167327248757193,-0.2757577768833604,-0.8092888324437175,-0.46034492933639487,0.8528028654224415,-0.49430000374546906,-0.2968260885977624,0.2968260885977624,-0.6839770062566503,0.0,0.0,0.08908776414486434,0.21165383264578838,0.38530990259031794,-0.48685293726284556,-0.7174597786797267,0.39709002759836504,-0.8169469688795733,-0.5508448775795894,"Transición Urbana (Vulnerabilidad Media, Servicios Básicos)",Baja,"<b>OBSERVATORIO</b><hr>Tipología: Transición Urbana (Vulnerabilidad Media, Servicios Básicos)<br>Pob: 6616.0<br>Score Infra: Baja"
OMBU,-0.25172810354329145,-0.19476111497398346,-0.3666705621057094,-0.7619336631577664,-0.5498909925314214,-0.6586974704539651,-0.31679235383650955,-0.48584923172746025,0.08347617919897267,1.3383332955068108,0.8738838648005542,-0.28378320797232354,0.32441586554464696,0.01462782654211853,-0.44690291629477147,-0.7611141943048213,-0.4167327248757193,-0.2757577768833604,0.05445072930643929,0.0906100613924308,-1.1726039399558572,-0.49430000374546906,-0.2968260885977624,0.2968260885977624,-0.5191465872232044,0.0,0.0,-0.22643498304295792,-0.28046201341157817,-0.15306129107269537,-0.36983844148950684,-0.6046659617015194,-0.9018959917281483,-0.5376823674766638,-0.5508448775795894,"Transición Urbana (Vulnerabilidad Media, Servicios Básicos)",Baja,"<b>OMBU</b><hr>Tipología: Transición Urbana (Vulnerabilidad Media, Servicios Básicos)<br>Pob: 1681.0<br>Score Infra: Baja"
ONA,-0.3210606407269848,-0.28386971982629916,-0.3361815438124557,-0.5243663745913033,0.8320298302692002,0.7289210813765625,0.7550941036651048,-0.48584923172746025,-0.37882463385363385,-0.19473719256359964,-0.5454591245138511,-0.28378320797232354,1.682563641638338,-0.22476471156142808,1.154909241242153,2.830571046205563,-0.4167327248757193,-0.2757577768833604,-0.23550802232904847,1.2136151663689785,0.8528028654224415,-0.49430000374546906,-0.2968260885977624,0.2968260885977624,1.082983609505794,0.0,0.0,-0.2689091990105494,-0.22597839531512118,-0.21724698448303167,0.16157584754283047,-0.46367369047876034,0.39709002759836504,0.027945315588000664,1.8153931182840382,"Núcleo Consolidado (Alto Estándar, Alta Infraestructura)",Muy Alta,"<b>ONA</b><hr>Tipología: Núcleo Consolidado (Alto Estándar, Alta Infraestructura)<br>Pob: 1333.0<br>Score Infra: Muy Alta"
OSN,-0.189567897792394,-0.1903606900430049,-0.34380379838576913,-0.6715162622854559,-0.5498909925314214,-0.6586974704539651,-0.31679235383650955,-0.48584923172746025,-0.008983983411548631,-0.003103381554798346,-0.3331642329497307,-0.28378320797232354,0.32441586554464696,0.19004477256626884,-0.44690291629477147,-0.7611141943048213,-0.4167327248757193,-0.2757577768833604,-0.19408534352397885,-0.024792673152120588,-1.1726039399558572,-0.49430000374546906,-0.2968260885977624,0.2968260885977624,-0.6802186579399268,0.0,0.0,-0.31745116011636815,1.4708806895154618,1.0557758310924117,-0.27282188585891964,-0.6046659617015194,-0.9018959917281483,0.3304098280807983,-0.5508448775795894,"Transición Urbana (Vulnerabilidad Media, Servicios Básicos)",Baja,"<b>OSN</b><hr>Tipología: Transición Urbana (Vulnerabilidad Media, Servicios Básicos)<br>Pob: 1993.0<br>Score Infra: Baja"
PADRE CLARET,-0.41310556078119837,-0.3658276341657747,-0.4047818349722766,-0.9179480019178317,0.6346125698691113,-0.6586974704539651,1.8269805611667191,-0.48584923172746025,-0.10144414602206994,1.7216009175244136,-0.254311844654486,-0.28378320797232354,0.32441586554464696,-0.6633070766218039,3.286924956751673,2.830571046205563,-0.4167327248757193,-0.2757577768833604,0.7202819367657077,0.7768220205659456,0.8528028654224415,-0.49430000374546906,-0.2968260885977624,0.2968260885977624,1.7020372679603974,0.0,0.0,-0.20823174762827587,-0.9185362937204788,-0.8019620448797573,0.07259386255366727,-1.0880438643616266,0.39709002759836504,0.21995054990655385,1.8153931182840382,"Núcleo Consolidado (Alto Estándar, Alta Infraestructura)",Muy Alta,"<b>PADRE CLARET</b><hr>Tipología: Núcleo Consolidado (Alto Estándar, Alta Infraestructura)<br>Pob: 871.0<br>Score Infra: Muy Alta"
PALERMO BAJO,-0.206303337802251,-0.14030585645312385,-0.38191507125233626,-0.8381679423246164,-0.5498909925314214,-0.6586974704539651,-0.31679235383650955,-0.48584923172746025,0.9156176426936644,0.18853042945400297,-0.5454591245138511,-0.28378320797232354,-1.0337319105490443,0.14567460386604242,-0.44690291629477147,-0.7611141943048213,-0.4167327248757193,-0.2757577768833604,0.6466416188900282,-0.6477192617689459,-1.1726039399558572,-0.49430000374546906,-0.2968260885977624,0.2968260885977624,-0.13525815201501612,0.0,0.0,-0.17789302193713913,-0.41267498624394594,-0.24022705726486798,-0.33635516471951943,-0.6046659617015194,-0.9018959917281483,-0.707872760024128,-0.5508448775795894,"Transición Urbana (Vulnerabilidad Media, Servicios Básicos)",Media,"<b>PALERMO BAJO</b><hr>Tipología: Transición Urbana (Vulnerabilidad Media, Servicios Básicos)<br>Pob: 1909.0<br>Score Infra: Media"
PALMAR,-0.3824239207631272,-0.3509762000237221,-0.32855928923914224,-0.292117756664388,-0.15505647173124384,0.035111805461298766,-0.31679235383650955,-0.48584923172746025,-0.7486652842957191,-0.5780048145812022,-0.21185286634166187,-0.28378320797232354,0.32441586554464696,-0.4961450457046724,-0.44690291629477147,0.6969447666601519,-0.4167327248757193,-0.2757577768833604,-0.5914362253948324,0.5633890061394635,0.8528028654224415,-0.49430000374546906,-0.2968260885977624,0.2968260885977624,-0.21096202525187566,0.0,0.0,-0.25677370873409466,-0.5970877158908169,-0.5889708433512789,-0.25158513526484727,0.5232722080805532,0.39709002759836504,0.6001520779169626,-0.5508448775795894,"Transición Urbana (Vulnerabilidad Media, Servicios Básicos)",Media,"<b>PALMAR</b><hr>Tipología: Transición Urbana (Vulnerabilidad Media, Servicios Básicos)<br>Pob: 1025.0<br>Score Infra: Media"
PALMAS DEL CLARET,-0.4625149550960143,-0.39058002440252904,-0.4047818349722766,-0.9179480019178317,-0.5498909925314214,-0.6586974704539651,-0.31679235383650955,-0.48584923172746025,-0.9335856095167617,-0.5780048145812022,-0.5454591245138511,-0.28378320797232354,-1.0337319105490443,-1.0089816467282178,-0.44690291629477147,-0.7611141943048213,-0.4167327248757193,-0.2757577768833604,-0.7939470995529508,-0.6477192617689459,-1.1726039399558572,-0.49430000374546906,-0.2968260885977624,0.2968260885977624,-1.0689392552696169,0.0,0.0,-0.3720608663604143,1.1023744254237855,1.1191716127631641,-0.3202506288523479,-0.6046659617015194,-0.9018959917281483,-0.5586315409235035,-0.5508448775795894,"Transición Urbana (Vulnerabilidad Media, Servicios Básicos)",Muy Baja,"<b>PALMAS DEL CLARET</b><hr>Tipología: Transición Urbana (Vulnerabilidad Media, Servicios Básicos)<br>Pob: 623.0<br>Score Infra: Muy Baja"
PANAMERICANO,0.07999222522351718,0.08301570879403769,-0.2066032160661273,-0.48713568011446956,0.23977804906893374,0.7289210813765625,-0.31679235383650955,-0.48584923172746025,0.17593634180949397,0.18853042945400297,0.06716327685689644,-0.28378320797232354,0.32441586554464696,0.7245505257457386,-0.44690291629477147,0.13615285859670068,-0.4167327248757193,-0.2757577768833604,-0.44415558964347357,-0.2766932657601196,0.8528028654224415,-0.49430000374546906,-0.2968260885977624,0.2968260885977624,-0.39512109277132823,0.0,0.0,-0.05653811917259213,-0.2651832072232142,-0.19489403264136868,-0.43475210913872137,1.6512103778626257,0.39709002759836504,-0.2665550483217003,-0.5508448775795894,"Transición Urbana (Vulnerabilidad Media, Servicios Básicos)",Media,"<b>PANAMERICANO</b><hr>Tipología: Transición Urbana (Vulnerabilidad Media, Servicios Básicos)<br>Pob: 3346.0<br>Score Infra: Media"
PARQUE ALAMEDA,-0.4559403179492848,-0.39663060868262456,-0.38191507125233626,-0.6520144699404476,-0.5498909925314214,-0.6586974704539651,-0.31679235383650955,-0.48584923172746025,-1.0260457721272829,-0.7696386255900036,-0.39988548458416856,-0.28378320797232354,0.32441586554464696,-0.9553246985325948,-0.44690291629477147,-0.7611141943048213,-0.4167327248757193,-0.2757577768833604,-1.0409489990942924,1.2433965172191854,-1.1726039399558572,-0.49430000374546906,-0.2968260885977624,-3.3689761055846037,-1.228937512181561,0.0,0.0,-0.26284145387232205,-0.8914959298205797,-0.76288483811933,-0.5312023514201333,-0.6046659617015194,-2.20049239317244,0.008208077795110486,-0.5508448775795894,"Transición Urbana (Vulnerabilidad Media, Servicios Básicos)",Muy Baja,"<b>PARQUE ALAMEDA</b><hr>Tipología: Transición Urbana (Vulnerabilidad Media, Servicios Básicos)<br>Pob: 656.0<br>Score Infra: Muy Baja"
PARQUE ATLANTICA,-0.13856465204806787,-0.10290224453980616,-0.2752035072259482,-0.5066374724594778,-0.35247373213133265,-0.31179283249633316,-0.31679235383650955,-0.48584923172746025,-0.10144414602206994,0.18853042945400297,-0.24824627632408253,-0.28378320797232354,-1.0337319105490443,0.3149003635599293,-0.44690291629477147,-0.43211627490759663,-0.4167327248757193,-0.2757577768833604,-0.3582418854551809,-0.6477192617689459,0.8528028654224415,-0.49430000374546906,-0.2968260885977624,0.2968260885977624,-0.6227696193842959,0.0,0.0,-0.2021640024900485,-0.06907642795871081,-0.001915257955157,-0.4101174784495974,-0.040696876810483125,0.39709002759836504,-0.3657606382807005,-0.5508448775795894,"Transición Urbana (Vulnerabilidad Media, Servicios Básicos)",Baja,"<b>PARQUE ATLANTICA</b><hr>Tipología: Transición Urbana (Vulnerabilidad Media, Servicios Básicos)<br>Pob: 2249.0<br>Score Infra: Baja"
PARQUE CAPITAL,0.20471109958268968,0.1930263320685015,-0.35904830753239597,-0.8346221618982514,0.04236078866884495,0.035111805461298766,0.040503131997361934,-0.48584923172746025,0.08347617919897267,-0.19473719256359964,2.869455845503287,-0.28378320797232354,0.32441586554464696,0.9009993361582675,0.7964617654296945,-0.19284506080052405,-0.4167327248757193,-0.2757577768833604,-0.5776286657931425,-0.3350150778417746,0.8528028654224415,-0.49430000374546906,-0.2968260885977624,0.2968260885977624,-0.6453197092846369,0.0,0.0,0.03447805790081814,-0.3385453299255573,-0.25895153812753136,-0.47775652909171784,-0.3226814192560013,0.39709002759836504,-0.26430431067865207,-0.5508448775795894,"Transición Urbana (Vulnerabilidad Media, Servicios Básicos)",Baja,"<b>PARQUE CAPITAL</b><hr>Tipología: Transición Urbana (Vulnerabilidad Media, Servicios Básicos)<br>Pob: 3972.0<br>Score Infra: Baja"
PARQUE CAPITAL SUD,-0.29914518357121966,-0.26351775452052334,-0.3895373258256497,-0.8381679423246164,-0.5498909925314214,-0.6586974704539651,-0.31679235383650955,-0.48584923172746025,0.17593634180949397,-0.19473719256359964,-0.33922980128013414,-0.28378320797232354,0.32441586554464696,-0.14324742487961636,-0.44690291629477147,-0.7611141943048213,-0.4167327248757193,-0.2757577768833604,0.3413411343637738,0.21221724403077513,-1.1726039399558572,-0.49430000374546906,-0.2968260885977624,0.2968260885977624,-0.33283989209419557,0.0,0.0,-0.23250272818118525,-0.4138969180229479,-0.3646112491434502,-0.32021523426802445,-0.6046659617015194,-0.9018959917281483,-0.018281372926925932,-0.5508448775795894,"Transición Urbana (Vulnerabilidad Media, Servicios Básicos)",Media,"<b>PARQUE CAPITAL SUD</b><hr>Tipología: Transición Urbana (Vulnerabilidad Media, Servicios Básicos)<br>Pob: 1443.0<br>Score Infra: Media"
PARQUE CHACABUCO,-0.35473075217538763,-0.2932206228046286,-0.39715958039896315,-0.8718528563750851,-0.5498909925314214,-0.6586974704539651,-0.31679235383650955,-0.48584923172746025,-0.6562051216851977,-0.38637100357240095,0.4553596500027167,-0.28378320797232354,0.32441586554464696,-0.3650982683807485,-0.44690291629477147,-0.7611141943048213,-0.4167327248757193,-0.2757577768833604,-0.513193387651923,0.4182049207447055,-1.1726039399558572,-0.49430000374546906,-0.2968260885977624,0.2968260885977624,-0.8869278153597204,0.0,0.0,-0.23250272818118525,-0.6206813900348436,-0.47294582982339367,-0.4506796720842756,-0.6046659617015194,-0.9018959917281483,-0.4765661837846447,-0.5508448775795894,"Transición Urbana (Vulnerabilidad Media, Servicios Básicos)",Muy Baja,"<b>PARQUE CHACABUCO</b><hr>Tipología: Transición Urbana (Vulnerabilidad Media, Servicios Básicos)<br>Pob: 1164.0<br>Score Infra: Muy Baja"
PARQUE CHATEAU CARRERAS,-0.4870204208247335,-0.39663060868262456,-0.3895373258256497,-0.7406589805995757,-0.5498909925314214,-0.6586974704539651,-0.31679235383650955,-0.48584923172746025,-1.0260457721272829,-0.7696386255900036,-0.06021365808157583,-0.28378320797232354,-1.0337319105490443,-1.2349599477828588,-0.44690291629477147,-0.7611141943048213,-0.4167327248757193,-0.2757577768833604,-1.0409489990942924,-0.6477192617689459,-1.1726039399558572,-0.49430000374546906,-0.2968260885977624,-3.3689761055846037,-1.228937512181561,0.0,0.0,1.2116206147169244,-1.4443865963079194,-1.2091143047228805,-0.5312023514201333,-0.6046659617015194,-2.20049239317244,-1.3422345080342082,-0.5508448775795894,"Transición Urbana (Vulnerabilidad Media, Servicios Básicos)",Muy Baja,"<b>PARQUE CHATEAU CARRERAS</b><hr>Tipología: Transición Urbana (Vulnerabilidad Media, Servicios Básicos)<br>Pob: 500.0<br>Score Infra: Muy Baja"
PARQUE COREMA,-0.4702849808148765,-0.38562954635517815,-0.39715958039896315,-0.8381679423246164,-0.35247373213133265,-0.31179283249633316,-0.31679235383650955,-0.48584923172746025,-1.0260457721272829,-0.7696386255900036,-0.5393935561834478,-0.28378320797232354,-1.0337319105490443,-1.0750209675843685,-0.44690291629477147,0.5174913560798475,-0.4167327248757193,-0.2757577768833604,-1.0409489990942924,-0.6477192617689459,0.8528028654224415,-0.49430000374546906,-0.2968260885977624,-3.3689761055846037,-0.5916290190457295,0.0,0.0,-0.31745116011636815,-0.6177167408584898,-0.3686236098129859,-0.23109167094156743,-0.040696876810483125,-0.9018959917281483,-1.074742995841093,-0.5508448775795894,"Transición Urbana (Vulnerabilidad Media, Servicios Básicos)",Baja,"<b>PARQUE COREMA</b><hr>Tipología: Transición Urbana (Vulnerabilidad Media, Servicios Básicos)<br>Pob: 584.0<br>Score Infra: Baja"
PARQUE DE LA VEGA II,-0.46789420367061124,-0.39663060868262456,-0.23709223435938104,1.0322312325829845,-0.5498909925314214,-0.6586974704539651,-0.31679235383650955,-0.48584923172746025,0.8231574800831432,-0.19473719256359964,-0.5454591245138511,-0.28378320797232354,0.32441586554464696,-1.054383679816821,-0.44690291629477147,-0.7611141943048213,-0.4167327248757193,-0.2757577768833604,2.6410668946896796,1.4344935185080123,-1.1726039399558572,-0.49430000374546906,-0.2968260885977624,0.2968260885977624,1.1570767620354865,0.0,0.0,-0.25070596359586733,-0.9886540226704429,-0.8019620448797573,0.09797177951358378,-0.6046659617015194,-0.9018959917281483,-0.5111929167546273,1.8153931182840382,"Núcleo Consolidado (Alto Estándar, Alta Infraestructura)",Muy Alta,"<b>PARQUE DE LA VEGA II</b><hr>Tipología: Núcleo Consolidado (Alto Estándar, Alta Infraestructura)<br>Pob: 596.0<br>Score Infra: Muy Alta"
PARQUE DE LA VEGA III,-0.46789420367061124,-0.39663060868262456,-0.39715958039896315,-0.8293034912587037,-0.5498909925314214,-0.6586974704539651,-0.31679235383650955,-0.48584923172746025,-0.37882463385363385,-0.38637100357240095,-0.5454591245138511,-0.28378320797232354,-1.0337319105490443,-1.054383679816821,-0.44690291629477147,-0.7611141943048213,-0.4167327248757193,-0.2757577768833604,0.7601704422817007,-0.6477192617689459,-1.1726039399558572,-0.49430000374546906,-0.2968260885977624,0.2968260885977624,-0.06170190638771282,0.0,0.0,-0.2689091990105494,-0.9211893223809872,-0.7406818695193601,-0.18143306913576157,-0.6046659617015194,-0.9018959917281483,-0.5111929167546273,-0.5508448775795894,"Transición Urbana (Vulnerabilidad Media, Servicios Básicos)",Media,"<b>PARQUE DE LA VEGA III</b><hr>Tipología: Transición Urbana (Vulnerabilidad Media, Servicios Básicos)<br>Pob: 596.0<br>Score Infra: Media"
PARQUE DE LA VIDA,-0.4870204208247335,-0.39663060868262456,-0.4047818349722766,-0.9179480019178317,-0.5498909925314214,-0.6586974704539651,-0.31679235383650955,-0.48584923172746025,-0.9335856095167617,-0.5780048145812022,-0.5454591245138511,-0.28378320797232354,-1.0337319105490443,-1.2349599477828588,-0.44690291629477147,-0.7611141943048213,-0.4167327248757193,-0.2757577768833604,-0.7341143412789614,-0.6477192617689459,-1.1726039399558572,-0.49430000374546906,-0.2968260885977624,0.2968260885977624,-1.0302819582976035,0.0,0.0,-0.40239959205155107,-0.04089612566407335,-0.08106882949848238,-0.3320724200163815,-0.6046659617015194,-0.9018959917281483,-1.3422345080342082,-0.5508448775795894,"Transición Urbana (Vulnerabilidad Media, Servicios Básicos)",Muy Baja,"<b>PARQUE DE LA VIDA</b><hr>Tipología: Transición Urbana (Vulnerabilidad Media, Servicios Básicos)<br>Pob: 500.0<br>Score Infra: Muy Baja"
PARQUE DEL ESTE,-0.45135799508944296,-0.39663060868262456,-0.22184772521275417,1.2095202539012404,-0.15505647173124384,0.035111805461298766,-0.31679235383650955,-0.48584923172746025,-0.19390430863259123,-0.5780048145812022,-0.19365616135045155,-0.28378320797232354,0.32441586554464696,-0.9202413093277649,-0.44690291629477147,1.4446673107447539,-0.4167327248757193,-0.2757577768833604,0.9918306089322756,1.180111146662496,0.8528028654224415,-0.49430000374546906,-0.2968260885977624,0.2968260885977624,1.1876804554716638,0.0,0.0,0.08302001900663698,-1.3072577766339863,-1.1109162880679464,-0.3320724200163815,0.5232722080805532,0.39709002759836504,0.20731179237251046,1.8153931182840382,"Núcleo Consolidado (Alto Estándar, Alta Infraestructura)",Muy Alta,"<b>PARQUE DEL ESTE</b><hr>Tipología: Núcleo Consolidado (Alto Estándar, Alta Infraestructura)<br>Pob: 679.0<br>Score Infra: Muy Alta"
PARQUE DON BOSCO,0.3479584968099182,0.25518233421857356,-0.22184772521275417,-0.6112379950372487,-0.35247373213133265,-0.31179283249633316,-0.31679235383650955,1.9142459730061934,0.6382371548621005,-0.38637100357240095,0.9588018214262024,-0.28378320797232354,0.32441586554464696,1.0733206890172857,-0.44690291629477147,-0.604092460047055,0.7498018333618984,-0.2757577768833604,-0.45182645608885685,-0.38340977297336065,0.8528028654224415,2.0230629019273323,-0.2968260885977624,0.2968260885977624,-0.3870674892354921,0.0,0.0,0.0041393322096814275,-0.030405890836209086,-0.09015157868672607,-0.44837902410325114,-0.040696876810483125,1.6956864290426572,0.19346109918451743,-0.5508448775795894,"Transición Urbana (Vulnerabilidad Media, Servicios Básicos)",Media,"<b>PARQUE DON BOSCO</b><hr>Tipología: Transición Urbana (Vulnerabilidad Media, Servicios Básicos)<br>Pob: 4691.0<br>Score Infra: Media"
PARQUE FUTURA,-0.01862733197742593,-0.11995389114734806,0.11353147601303691,0.7964368342297039,0.4371953094690225,0.035111805461298766,0.7550941036651048,-0.48584923172746025,-0.37882463385363385,-0.5780048145812022,-0.24824627632408253,-0.28378320797232354,0.32441586554464696,0.5594522236053625,1.7933938075330949,0.5474002578432317,-0.4167327248757193,-0.2757577768833604,-0.6635423699814352,-0.21216700558467164,0.8528028654224415,-0.49430000374546906,-0.2968260885977624,0.2968260885977624,-0.3323029851918064,0.0,0.0,0.28325560856813947,-0.9598061311127373,-0.9018812737102421,-0.4788891557900684,-0.7456582329242785,0.39709002759836504,1.3508596487061844,-0.5508448775795894,"Transición Urbana (Vulnerabilidad Media, Servicios Básicos)",Media,"<b>PARQUE FUTURA</b><hr>Tipología: Transición Urbana (Vulnerabilidad Media, Servicios Básicos)<br>Pob: 2851.0<br>Score Infra: Media"
PARQUE JORGE NEWBERY,-0.007071909113477039,-0.0044427367091610485,-0.28282576179926167,-0.6076922146108836,-0.15505647173124384,0.035111805461298766,-0.31679235383650955,-0.48584923172746025,1.7477591061883562,-0.003103381554798346,0.37650726170747195,-0.28378320797232354,1.682563641638338,0.5800895113729092,-0.44690291629477147,-0.2451856388864462,-0.4167327248757193,-0.2757577768833604,0.5407836619437391,0.20601279593698207,0.8528028654224415,-0.49430000374546906,-0.2968260885977624,0.2968260885977624,0.05319617072354916,0.0,0.0,-0.11721557055486562,-0.1989438628859832,-0.1601499372284051,-0.3513624684726639,0.5232722080805532,0.39709002759836504,-0.15419129983410743,-0.5508448775795894,"Transición Urbana (Vulnerabilidad Media, Servicios Básicos)",Alta,"<b>PARQUE JORGE NEWBERY</b><hr>Tipología: Transición Urbana (Vulnerabilidad Media, Servicios Básicos)<br>Pob: 2909.0<br>Score Infra: Alta"
PARQUE LATINO,-0.3264398893015817,-0.2690182856842465,-0.37429281667902287,-0.7530692120918536,0.4371953094690225,0.3820164434189307,0.3977986178312334,-0.48584923172746025,0.08347617919897267,0.5717980514716056,0.1763435068041584,-0.28378320797232354,0.32441586554464696,-0.24643386371735243,1.0466282329238064,2.1026631495392034,-0.4167327248757193,-0.2757577768833604,0.36895625356715356,0.3028021862001542,0.8528028654224415,-0.49430000374546906,-0.2968260885977624,0.2968260885977624,1.1119765822348042,0.0,0.0,-0.20823174762827587,-0.6364311134278934,-0.49300780169156816,-0.04895114001307349,-0.41669506570733705,0.39709002759836504,-0.43657230720431506,1.8153931182840382,"Núcleo Consolidado (Alto Estándar, Alta Infraestructura)",Muy Alta,"<b>PARQUE LATINO</b><hr>Tipología: Núcleo Consolidado (Alto Estándar, Alta Infraestructura)<br>Pob: 1306.0<br>Score Infra: Muy Alta"
PARQUE LICEO SECCION 1,0.14912553097852174,0.10281762098344117,0.03730893027990258,0.009273579576647331,-0.5498909925314214,-0.6586974704539651,-0.31679235383650955,-0.48584923172746025,-0.8411254469062404,-0.5780048145812022,-0.5454591245138511,-0.28378320797232354,0.32441586554464696,0.8256732358067201,-0.44690291629477147,-0.7611141943048213,-0.4167327248757193,-0.2757577768833604,-0.9581036414841531,-0.3114381750853609,-1.1726039399558572,-0.49430000374546906,-0.2968260885977624,0.2968260885977624,-1.1752468219426535,0.0,0.0,1.1448754181964234,-1.18284920016373,-1.0072706778501208,-0.5298219626315186,-0.6046659617015194,-0.9018959917281483,0.09996892016556487,-0.5508448775795894,"Transición Urbana (Vulnerabilidad Media, Servicios Básicos)",Muy Baja,"<b>PARQUE LICEO SECCION 1</b><hr>Tipología: Transición Urbana (Vulnerabilidad Media, Servicios Básicos)<br>Pob: 3693.0<br>Score Infra: Muy Baja"
PARQUE LICEO SECCION 2,0.9725490257492245,0.6006156913003899,0.7919121330379325,0.46490636436456517,-0.15505647173124384,0.035111805461298766,-0.31679235383650955,1.9142459730061934,0.2683965044200153,-0.38637100357240095,-0.5454591245138511,-0.28378320797232354,0.32441586554464696,1.6006033914781133,-0.44690291629477147,-0.5667063328428249,0.28428334768022007,-0.2757577768833604,-0.7663319803495712,-0.488885390567843,0.8528028654224415,2.0230629019273323,-0.2968260885977624,0.2968260885977624,-0.7247819308382201,0.0,0.0,0.18010394121827455,0.20837121266870326,-0.0734619828166977,-0.4965864479517954,0.5232722080805532,1.6956864290426572,1.0603413590880306,-0.5508448775795894,"Transición Urbana (Vulnerabilidad Media, Servicios Básicos)",Baja,"<b>PARQUE LICEO SECCION 2</b><hr>Tipología: Transición Urbana (Vulnerabilidad Media, Servicios Básicos)<br>Pob: 7826.0<br>Score Infra: Baja"
PARQUE LICEO SECCION 3,0.5276652454871923,0.2777345119898386,0.8452679150511265,1.1208757432421124,2.016533392669733,2.463444271164722,1.1123895894989762,1.9142459730061934,1.2854582931357497,-0.003103381554798346,2.0688008258900323,-0.28378320797232354,0.32441586554464696,1.2538969569833216,0.7031160686035333,0.9736021079714545,0.5635944390892271,-0.2757577768833604,-0.35517353887702763,-0.4256000200111536,0.8528028654224415,2.0230629019273323,-0.2968260885977624,0.2968260885977624,0.4005749365692803,0.0,0.0,0.11942648983600106,-0.13375451532683663,-0.31991506347541,-0.4062948633426644,-0.040696876810483125,1.6956864290426572,1.1200724734612504,-0.5508448775795894,"Transición Urbana (Vulnerabilidad Media, Servicios Básicos)",Alta,"<b>PARQUE LICEO SECCION 3</b><hr>Tipología: Transición Urbana (Vulnerabilidad Media, Servicios Básicos)<br>Pob: 5593.0<br>Score Infra: Alta"
PARQUE LOS MOLINOS,-0.4145001807820198,-0.36142720923479615,-0.35904830753239597,-0.5155019235253905,-0.5498909925314214,-0.6586974704539651,-0.31679235383650955,-0.48584923172746025,0.3608566670305366,0.5717980514716056,-0.30890195962811695,-0.28378320797232354,-1.0337319105490443,-0.6715619917288227,-0.44690291629477147,-0.7611141943048213,-0.4167327248757193,-0.2757577768833604,1.6223758307427807,-0.6477192617689459,-1.1726039399558572,-0.49430000374546906,-0.2968260885977624,0.2968260885977624,0.4972181789993138,0.0,0.0,-0.30531566983991343,-0.36275666266129314,-0.32448730540710136,0.18001642597534992,-0.6046659617015194,-0.9018959917281483,-0.0044306797389329034,1.8153931182840382,"Núcleo Consolidado (Alto Estándar, Alta Infraestructura)",Alta,"<b>PARQUE LOS MOLINOS</b><hr>Tipología: Núcleo Consolidado (Alto Estándar, Alta Infraestructura)<br>Pob: 864.0<br>Score Infra: Alta"
PARQUE MODELO,-0.4870204208247335,-0.39663060868262456,-0.4047818349722766,-0.9179480019178317,-0.5498909925314214,-0.6586974704539651,-0.31679235383650955,-0.48584923172746025,-0.37882463385363385,-0.19473719256359964,-0.5454591245138511,-0.28378320797232354,0.32441586554464696,-1.2349599477828588,-0.44690291629477147,-0.7611141943048213,-0.4167327248757193,-0.2757577768833604,1.1068936056130247,1.8340599757482867,-1.1726039399558572,-0.49430000374546906,-0.2968260885977624,0.2968260885977624,0.16326208571330925,0.0,0.0,-0.33565439553105025,-0.5400967728926257,-0.23001370406705154,0.3031541848366462,-0.6046659617015194,-0.9018959917281483,-1.3422345080342082,1.8153931182840382,"Núcleo Consolidado (Alto Estándar, Alta Infraestructura)",Alta,"<b>PARQUE MODELO</b><hr>Tipología: Núcleo Consolidado (Alto Estándar, Alta Infraestructura)<br>Pob: 500.0<br>Score Infra: Alta"
PARQUE MONTECRISTO,-0.27703049498676574,-0.2503164797275877,-0.35904830753239597,-0.6892451644172815,0.04236078866884495,0.3820164434189307,-0.31679235383650955,-0.48584923172746025,-0.37882463385363385,-0.38637100357240095,-0.38775434792336166,-0.28378320797232354,1.682563641638338,-0.06688946013969226,-0.44690291629477147,0.6819903157784599,-0.4167327248757193,-0.2757577768833604,-0.3505710190097976,0.9493056775733931,0.8528028654224415,-0.49430000374546906,-0.2968260885977624,0.2968260885977624,-0.06223881329010198,0.0,0.0,-0.28711243442523143,0.21394620247938684,0.1263789464782175,-0.12639449051279072,1.0872412929715896,0.39709002759836504,0.10308532613286296,-0.5508448775795894,"Transición Urbana (Vulnerabilidad Media, Servicios Básicos)",Media,"<b>PARQUE MONTECRISTO</b><hr>Tipología: Transición Urbana (Vulnerabilidad Media, Servicios Básicos)<br>Pob: 1554.0<br>Score Infra: Media"
PARQUE REPUBLICA,0.8900672142720721,0.5170076176117975,1.1272913342637236,0.9967734283193334,0.8320298302692002,1.7696349952494583,-0.31679235383650955,1.9142459730061934,0.3608566670305366,-0.38637100357240095,-0.1875905930200481,2.831525786212739,0.32441586554464696,1.5448827145057358,-0.44690291629477147,-0.05825500286529578,0.322620164148123,3.4072715407657275,-0.731045994700808,-0.4801991632365327,0.8528028654224415,2.0230629019273323,3.368976105584603,0.2968260885977624,0.08057842274539193,0.0,0.0,0.19223943149472925,0.08617637456330945,-0.18462675288474134,-0.4431052310390565,3.343117632535735,1.6956864290426572,1.2249914743602974,-0.5508448775795894,"Transición Urbana (Vulnerabilidad Media, Servicios Básicos)",Alta,"<b>PARQUE REPUBLICA</b><hr>Tipología: Transición Urbana (Vulnerabilidad Media, Servicios Básicos)<br>Pob: 7412.0<br>Score Infra: Alta"
PARQUE SAN CARLOS,-0.4374117950812288,-0.3795789620750827,-0.3895373258256497,-0.763706553370949,-0.35247373213133265,-0.31179283249633316,-0.31679235383650955,-0.48584923172746025,-0.28636447124311254,-0.38637100357240095,-0.5272624195226409,-0.28378320797232354,-1.0337319105490443,-0.8191185992667843,-0.44690291629477147,0.240834014768545,-0.4167327248757193,-0.2757577768833604,0.5975480736395752,-0.6477192617689459,0.8528028654224415,-0.49430000374546906,-0.2968260885977624,0.2968260885977624,0.3323877599658679,0.0,0.0,-0.3417221406692776,0.07097194556785907,0.046257786418725584,0.49807216070590693,-0.040696876810483125,0.39709002759836504,-0.05689018018845644,1.8153931182840382,"Núcleo Consolidado (Alto Estándar, Alta Infraestructura)",Alta,"<b>PARQUE SAN CARLOS</b><hr>Tipología: Núcleo Consolidado (Alto Estándar, Alta Infraestructura)<br>Pob: 749.0<br>Score Infra: Alta"
PARQUE SAN VICENTE,-0.32225602929911745,-0.25856727647317246,-0.38191507125233626,-0.7991643576346001,-0.5498909925314214,-0.6586974704539651,-0.31679235383650955,-0.48584923172746025,0.7306973174726218,0.5717980514716056,0.34617942005545477,-0.28378320797232354,-1.0337319105490443,-0.22992403350331475,-0.44690291629477147,-0.7611141943048213,-0.4167327248757193,-0.2757577768833604,1.1559871508634778,-0.6477192617689459,-1.1726039399558572,-0.49430000374546906,-0.2968260885977624,0.2968260885977624,0.19493959295426475,0.0,0.0,-0.29318017956345876,0.046530031082552194,0.1561082089627479,-0.009733940582686536,-0.6046659617015194,-0.9018959917281483,-0.5762911747381942,-0.5508448775795894,"Transición Urbana (Vulnerabilidad Media, Servicios Básicos)",Alta,"<b>PARQUE SAN VICENTE</b><hr>Tipología: Transición Urbana (Vulnerabilidad Media, Servicios Básicos)<br>Pob: 1327.0<br>Score Infra: Alta"
PARQUE SARMIENTO,-0.4870204208247335,-0.39663060868262456,-0.4047818349722766,-0.9179480019178317,0.04236078866884495,0.3820164434189307,-0.31679235383650955,-0.48584923172746025,-0.37882463385363385,1.5299671065156122,4.980273624483684,-0.28378320797232354,-1.0337319105490443,-1.2349599477828588,-0.44690291629477147,2.830571046205563,-0.4167327248757193,-0.2757577768833604,1.1068936056130247,-0.6477192617689459,0.8528028654224415,-0.49430000374546906,-0.2968260885977624,0.2968260885977624,1.952772791376095,0.0,0.0,-0.40239959205155107,-0.04089612566407335,-0.08106882949848238,-0.3320724200163815,1.0872412929715896,0.39709002759836504,-1.3422345080342082,1.8153931182840382,"Núcleo Consolidado (Alto Estándar, Alta Infraestructura)",Muy Alta,"<b>PARQUE SARMIENTO</b><hr>Tipología: Núcleo Consolidado (Alto Estándar, Alta Infraestructura)<br>Pob: 500.0<br>Score Infra: Muy Alta"
PARQUE TABLADA,-0.39119010362543327,-0.32897407536882933,-0.39715958039896315,-0.8629884053091724,-0.5498909925314214,-0.6586974704539651,-0.31679235383650955,-0.48584923172746025,0.4533168296410579,-0.003103381554798346,-0.3634920746017479,-0.28378320797232354,0.32441586554464696,-0.5405152144048988,-0.44690291629477147,-0.7611141943048213,-0.4167327248757193,-0.2757577768833604,1.4612876353897317,0.616747259746084,-1.1726039399558572,-0.49430000374546906,-0.2968260885977624,0.2968260885977624,0.39252133303344416,0.0,0.0,-0.25677370873409466,-0.6351340781162033,-0.49534838286446314,-0.08583229687811252,-0.6046659617015194,-0.9018959917281483,-0.4121604604604774,1.8153931182840382,"Núcleo Consolidado (Alto Estándar, Alta Infraestructura)",Alta,"<b>PARQUE TABLADA</b><hr>Tipología: Núcleo Consolidado (Alto Estándar, Alta Infraestructura)<br>Pob: 981.0<br>Score Infra: Alta"
PARQUE VELEZ SARSFIELD,0.02002356518819622,0.04561209688071999,-0.34380379838576913,-0.7761167848632269,-0.35247373213133265,-0.31179283249633316,-0.31679235383650955,-0.48584923172746025,0.17593634180949397,-0.19473719256359964,5.617158299176046,-0.28378320797232354,0.32441586554464696,0.6275552732382678,-0.44690291629477147,-0.5143657547569027,-0.4167327248757193,-0.2757577768833604,-0.38585700465856076,-0.2407074668161198,0.8528028654224415,-0.49430000374546906,-0.2968260885977624,0.2968260885977624,-0.6812924717447051,0.0,0.0,-0.007996158066773285,-0.511217316683575,-0.3836855223829015,-0.4756682486166341,-0.040696876810483125,0.39709002759836504,-0.4196052080490232,-0.5508448775795894,"Transición Urbana (Vulnerabilidad Media, Servicios Básicos)",Baja,"<b>PARQUE VELEZ SARSFIELD</b><hr>Tipología: Transición Urbana (Vulnerabilidad Media, Servicios Básicos)<br>Pob: 3045.0<br>Score Infra: Baja"
PASO DE LOS ANDES,-0.08277985201521115,-0.010493320989256559,-0.21422547063944075,-0.42685741286626255,0.6346125698691113,0.3820164434189307,0.7550941036651048,-0.48584923172746025,0.08347617919897267,2.6797699725684203,0.898146138122168,2.831525786212739,-1.0337319105490443,0.43562849700007983,1.4200110202284506,1.0109882351756847,-0.4167327248757193,3.976094957602642,-0.31375086007195785,-0.6477192617689459,0.8528028654224415,-0.49430000374546906,3.368976105584603,0.2968260885977624,0.722182171100336,0.0,0.0,-0.17182527679891177,-0.10225735132288545,0.0820314297169898,-0.19272394153494335,-0.6046659617015194,0.39709002759836504,-0.8162544342201737,-0.5508448775795894,"Transición Urbana (Vulnerabilidad Media, Servicios Básicos)",Muy Alta,"<b>PASO DE LOS ANDES</b><hr>Tipología: Transición Urbana (Vulnerabilidad Media, Servicios Básicos)<br>Pob: 2529.0<br>Score Infra: Muy Alta"
PATRIA,-0.2300118778162151,-0.15460723747880414,-0.3666705621057094,-0.779662565289592,-0.15505647173124384,-0.6586974704539651,0.3977986178312334,-0.48584923172746025,0.7306973174726218,0.7634318624804068,-0.5454591245138511,-0.28378320797232354,-1.0337319105490443,0.07963528300989162,3.286924956751673,0.07633505506993264,-0.4167327248757193,-0.2757577768833604,0.5868088606160385,-0.6477192617689459,0.8528028654224415,-0.49430000374546906,-0.2968260885977624,0.2968260885977624,0.24326121416928148,0.0,0.0,-0.25070596359586733,0.002488481110624511,0.18669153332244792,-0.1429945505604906,-0.9806641505983733,0.39709002759836504,-0.8282006570948175,-0.5508448775795894,"Transición Urbana (Vulnerabilidad Media, Servicios Básicos)",Alta,"<b>PATRIA</b><hr>Tipología: Transición Urbana (Vulnerabilidad Media, Servicios Básicos)<br>Pob: 1790.0<br>Score Infra: Alta"
PATRICIOS,0.3559277539574691,0.2634331309641583,0.10590922143972348,-0.06873358980338538,0.6346125698691113,1.4227303572918264,-0.31679235383650955,-0.48584923172746025,-0.28636447124311254,-0.5780048145812022,2.2810957174541526,5.9468347803978014,0.32441586554464696,1.0815756041243036,-0.44690291629477147,0.18849343668262283,-0.4167327248757193,3.976094957602642,-0.7816737132403376,-0.3858915522108779,0.8528028654224415,-0.49430000374546906,3.368976105584603,0.2968260885977624,0.008632897825255954,0.0,0.0,-0.09901233514018355,0.48021252711230317,0.32150793035002134,-0.36803331768901065,2.7791485476446987,0.39709002759836504,0.18012980699107448,-0.5508448775795894,"Transición Urbana (Vulnerabilidad Media, Servicios Básicos)",Alta,"<b>PATRICIOS</b><hr>Tipología: Transición Urbana (Vulnerabilidad Media, Servicios Básicos)<br>Pob: 4731.0<br>Score Infra: Alta"
PATRICIOS ESTE,-0.07859599201274689,-0.147456546965964,-0.016046851733291463,0.46667925457774767,-0.35247373213133265,-0.31179283249633316,-0.31679235383650955,1.9142459730061934,-0.9335856095167617,-0.5780048145812022,-0.4848034412098168,-0.28378320797232354,0.32441586554464696,0.44388341210709864,-0.44690291629477147,-0.46950240211182664,1.7301289973268448,-0.2757577768833604,-0.9811162408203029,-0.16129053121556833,0.8528028654224415,2.0230629019273323,-0.2968260885977624,0.2968260885977624,-0.3425042163371989,0.0,0.0,-0.2385704733194126,0.47656928981343827,0.10721642467221203,-0.3147644682822125,-0.040696876810483125,1.6956864290426572,1.090466616771915,-0.5508448775795894,"Transición Urbana (Vulnerabilidad Media, Servicios Básicos)",Media,"<b>PATRICIOS ESTE</b><hr>Tipología: Transición Urbana (Vulnerabilidad Media, Servicios Básicos)<br>Pob: 2550.0<br>Score Infra: Media"
PATRICIOS NORTE,-0.2300118778162151,-0.2398654705165136,-0.10751390661305267,0.5074557294809465,-0.5498909925314214,-0.6586974704539651,-0.31679235383650955,-0.48584923172746025,0.2683965044200153,0.18853042945400297,0.8314248864877302,-0.28378320797232354,0.32441586554464696,0.07963528300989162,-0.44690291629477147,-0.7611141943048213,-0.4167327248757193,-0.2757577768833604,0.15877451296365191,0.04593803511712058,-1.1726039399558572,-0.49430000374546906,-0.2968260885977624,0.2968260885977624,-0.45149631752218095,0.0,0.0,-0.29318017956345876,0.5803321147486422,0.26221365669133906,-0.2464883151222699,-0.6046659617015194,-0.9018959917281483,0.7192680393337024,-0.5508448775795894,"Transición Urbana (Vulnerabilidad Media, Servicios Básicos)",Baja,"<b>PATRICIOS NORTE</b><hr>Tipología: Transición Urbana (Vulnerabilidad Media, Servicios Básicos)<br>Pob: 1790.0<br>Score Infra: Baja"
PATRICIOS OESTE,0.45155883972808064,0.24693153747298877,0.4641551863854549,0.5570966554500584,0.04236078866884495,0.3820164434189307,-0.31679235383650955,-0.48584923172746025,0.4533168296410579,0.3801642404628043,-0.28463968630650316,-0.28378320797232354,0.32441586554464696,1.1816664497969065,-0.44690291629477147,-0.3274351187357524,-0.4167327248757193,-0.2757577768833604,-0.5699577993477594,-0.4094684549672916,0.8528028654224415,-0.49430000374546906,-0.2968260885977624,0.2968260885977624,-0.7076009099617695,0.0,0.0,-0.0929445900019562,0.6370286826124922,0.25762433801602425,-0.46381106286827706,1.0872412929715896,0.39709002759836504,0.9147359469492535,-0.5508448775795894,"Transición Urbana (Vulnerabilidad Media, Servicios Básicos)",Baja,"<b>PATRICIOS OESTE</b><hr>Tipología: Transición Urbana (Vulnerabilidad Media, Servicios Básicos)<br>Pob: 5211.0<br>Score Infra: Baja"
PIEDRAS BLANCAS,-0.4870204208247335,-0.39663060868262456,-0.4047818349722766,-0.9179480019178317,-0.5498909925314214,-0.6586974704539651,-0.31679235383650955,-0.48584923172746025,-0.5637449590746765,-0.5780048145812022,-0.5454591245138511,-0.28378320797232354,-1.0337319105490443,-1.2349599477828588,-0.44690291629477147,-0.7611141943048213,-0.4167327248757193,-0.2757577768833604,0.4932242899823627,-0.6477192617689459,-1.1726039399558572,-0.49430000374546906,-0.2968260885977624,0.2968260885977624,-0.23458592895699487,0.0,0.0,-0.37812861149864163,1.110675451418602,1.5573249031027778,1.1075669027557837,-0.6046659617015194,-0.9018959917281483,-1.3422345080342082,-0.5508448775795894,"Transición Urbana (Vulnerabilidad Media, Servicios Básicos)",Media,"<b>PIEDRAS BLANCAS</b><hr>Tipología: Transición Urbana (Vulnerabilidad Media, Servicios Básicos)<br>Pob: 500.0<br>Score Infra: Media"
POETA LUGONES,0.9751390343221786,0.9185463925635904,-0.2980702709458885,-0.8222119304059734,0.8320298302692002,1.4227303572918264,0.040503131997361934,-0.48584923172746025,1.8402192687988774,0.18853042945400297,5.471584659246362,-0.28378320797232354,0.32441586554464696,1.6026671202548688,0.08703446955087002,-0.09564113006952582,-0.4167327248757193,-0.2757577768833604,-0.4349505499090136,-0.488885390567843,0.8528028654224415,-0.49430000374546906,-0.2968260885977624,0.2968260885977624,-0.5046501008586994,0.0,0.0,0.5198976689590062,-0.413136253505913,-0.2938135978878941,-0.4997719605409062,0.8052567505260714,0.39709002759836504,-0.4324170992479169,-0.5508448775795894,"Transición Urbana (Vulnerabilidad Media, Servicios Básicos)",Baja,"<b>POETA LUGONES</b><hr>Tipología: Transición Urbana (Vulnerabilidad Media, Servicios Básicos)<br>Pob: 7839.0<br>Score Infra: Baja"
POLICARPIO CABRAL,-0.48363348653702437,-0.39663060868262456,-0.3666705621057094,-0.4747254486221917,-0.5498909925314214,-0.6586974704539651,-0.31679235383650955,-0.48584923172746025,-0.10144414602206994,-0.38637100357240095,-0.5454591245138511,-0.28378320797232354,-1.0337319105490443,-1.2009084229664058,-0.44690291629477147,-0.7611141943048213,-0.4167327248757193,-0.2757577768833604,1.9261421419799585,-0.6477192617689459,-1.1726039399558572,-0.49430000374546906,-0.2968260885977624,0.2968260885977624,0.6937261052737149,0.0,0.0,-0.35992537608395964,0.049329987903168615,0.35360709657380013,1.2794783988147995,-0.6046659617015194,-0.9018959917281483,-1.1950708929117826,1.8153931182840382,"Núcleo Consolidado (Alto Estándar, Alta Infraestructura)",Muy Alta,"<b>POLICARPIO CABRAL</b><hr>Tipología: Núcleo Consolidado (Alto Estándar, Alta Infraestructura)<br>Pob: 517.0<br>Score Infra: Muy Alta"
POLICIAL,1.2781700373578038,0.8266875221294131,1.9733615919015148,1.363761702448123,-0.5498909925314214,-0.6586974704539651,-0.31679235383650955,1.9142459730061934,-0.8411254469062404,-0.5780048145812022,-0.15119718303762747,-0.28378320797232354,0.32441586554464696,1.7853071169976602,-0.44690291629477147,-0.7611141943048213,0.1692728982765113,-0.2757577768833604,-1.0087313600236827,-0.514944072561774,-1.1726039399558572,2.0230629019273323,-0.2968260885977624,0.2968260885977624,-1.0163223788354876,0.0,0.0,0.08302001900663698,0.9446549315222758,0.4507069775014459,-0.5136820321800236,-0.6046659617015194,0.39709002759836504,1.0148072052325035,-0.5508448775795894,"Transición Urbana (Vulnerabilidad Media, Servicios Básicos)",Muy Baja,"<b>POLICIAL</b><hr>Tipología: Transición Urbana (Vulnerabilidad Media, Servicios Básicos)<br>Pob: 9360.0<br>Score Infra: Muy Baja"
PORTAL DE CORDOBA,-0.14155312347839946,-0.21236281469789767,-0.25233674350600793,-0.2548870621875542,-0.5498909925314214,-0.6586974704539651,-0.31679235383650955,-0.48584923172746025,-0.7486652842957191,-0.5780048145812022,-0.3149675279585204,-0.28378320797232354,-1.0337319105490443,0.3076773128412872,-0.44690291629477147,-0.7611141943048213,-0.4167327248757193,-0.2757577768833604,-0.8353697783580206,-0.6477192617689459,-1.1726039399558572,-0.49430000374546906,-0.2968260885977624,0.2968260885977624,-1.0957846003890706,0.0,0.0,-0.25677370873409466,0.44832274533136224,0.0008508936443550727,-0.49463974581400544,-0.6046659617015194,-0.9018959917281483,1.5589663138557788,-0.5508448775795894,"Transición Urbana (Vulnerabilidad Media, Servicios Básicos)",Muy Baja,"<b>PORTAL DE CORDOBA</b><hr>Tipología: Transición Urbana (Vulnerabilidad Media, Servicios Básicos)<br>Pob: 2234.0<br>Score Infra: Muy Baja"
PORTAL DEL JACARANDA,-0.4870204208247335,-0.39663060868262456,-0.3895373258256497,-0.7406589805995757,-0.35247373213133265,-0.6586974704539651,0.040503131997361934,-0.48584923172746025,-0.19390430863259123,-0.19473719256359964,-0.5454591245138511,-0.28378320797232354,-1.0337319105490443,-1.2349599477828588,3.286924956751673,0.7343308938643821,-0.4167327248757193,-0.2757577768833604,1.7205629212436866,-0.6477192617689459,0.8528028654224415,-0.49430000374546906,-0.2968260885977624,0.2968260885977624,1.30579997399726,0.0,0.0,-0.347789885807505,-0.330474885680312,-0.003050074977136561,1.325455963850966,-0.8866505041470376,0.39709002759836504,-1.3422345080342082,1.8153931182840382,"Núcleo Consolidado (Alto Estándar, Alta Infraestructura)",Muy Alta,"<b>PORTAL DEL JACARANDA</b><hr>Tipología: Núcleo Consolidado (Alto Estándar, Alta Infraestructura)<br>Pob: 500.0<br>Score Infra: Muy Alta"
POSTA DE VARGAS,-0.44338873794189204,-0.39663060868262456,-0.3666705621057094,-0.4747254486221917,0.04236078866884495,0.3820164434189307,-0.31679235383650955,-0.48584923172746025,-0.6562051216851977,-0.38637100357240095,-0.5272624195226409,-0.28378320797232354,0.32441586554464696,-0.8614250391902563,-0.44690291629477147,2.356888814527968,-0.4167327248757193,-0.2757577768833604,-0.18794865036767222,1.0783581979242893,0.8528028654224415,-0.49430000374546906,-0.2968260885977624,0.2968260885977624,0.8773482658907785,0.0,0.0,-0.3538576309457323,0.38174160624879466,0.15298743406555457,1.204441880049077,1.0872412929715896,0.39709002759836504,0.5535791220723362,1.8153931182840382,"Núcleo Consolidado (Alto Estándar, Alta Infraestructura)",Muy Alta,"<b>POSTA DE VARGAS</b><hr>Tipología: Núcleo Consolidado (Alto Estándar, Alta Infraestructura)<br>Pob: 719.0<br>Score Infra: Muy Alta"
PRIMERA JUNTA,-0.4306379265058105,-0.3674777935148916,-0.38191507125233626,-0.706974066549107,-0.5498909925314214,-0.6586974704539651,-0.31679235383650955,-0.48584923172746025,-0.10144414602206994,-0.003103381554798346,-0.5454591245138511,-0.28378320797232354,0.32441586554464696,-0.7737165661781811,-0.44690291629477147,-0.7611141943048213,-0.4167327248757193,-0.2757577768833604,0.9181902910565961,0.936896781385807,-1.1726039399558572,-0.49430000374546906,-0.2968260885977624,0.2968260885977624,0.04084731196860031,0.0,0.0,-0.3417221406692776,0.1415306665237977,0.16983948369400123,0.3058795678295522,-0.6046659617015194,-0.9018959917281483,-0.31226233584207763,-0.5508448775795894,"Transición Urbana (Vulnerabilidad Media, Servicios Básicos)",Alta,"<b>PRIMERA JUNTA</b><hr>Tipología: Transición Urbana (Vulnerabilidad Media, Servicios Básicos)<br>Pob: 783.0<br>Score Infra: Alta"
PROVIDENCIA,0.40912254541737175,0.5142573520299358,0.7233118418781116,0.4950454979886687,-0.5498909925314214,-0.6586974704539651,-0.31679235383650955,-0.48584923172746025,1.7477591061883562,3.254671405594824,1.9110960492995428,-0.28378320797232354,0.32441586554464696,1.1383281454850578,-0.44690291629477147,-0.7611141943048213,-0.4167327248757193,-0.2757577768833604,-0.12044502564829934,-0.3995413380172227,-1.1726039399558572,-0.49430000374546906,-0.2968260885977624,0.2968260885977624,-0.6324339436272991,0.0,0.0,-0.03226713861968271,0.21695432827938843,0.4577977582501087,-0.4667488133671237,-0.6046659617015194,-0.9018959917281483,-1.0082596685387268,-0.5508448775795894,"Transición Urbana (Vulnerabilidad Media, Servicios Básicos)",Baja,"<b>PROVIDENCIA</b><hr>Tipología: Transición Urbana (Vulnerabilidad Media, Servicios Básicos)<br>Pob: 4998.0<br>Score Infra: Baja"
PUENTE BLANCO,-0.35612537217620904,-0.3119224287612874,-0.2980702709458885,-0.21765636771072042,-0.5498909925314214,-0.6586974704539651,-0.31679235383650955,-0.48584923172746025,-0.5637449590746765,-0.38637100357240095,-0.13300047804641713,-0.28378320797232354,0.32441586554464696,-0.37128945471101193,-0.44690291629477147,-0.7611141943048213,-0.4167327248757193,-0.2757577768833604,-0.37818613821317737,0.42440936883849867,-1.1726039399558572,-0.49430000374546906,-0.2968260885977624,0.2968260885977624,-0.7994119902703013,0.0,0.0,-0.29318017956345876,-0.1494664067939152,-0.1466045406045535,-0.37390881868670406,-0.6046659617015194,-0.9018959917281483,-0.011875427327478713,-0.5508448775795894,"Transición Urbana (Vulnerabilidad Media, Servicios Básicos)",Muy Baja,"<b>PUENTE BLANCO</b><hr>Tipología: Transición Urbana (Vulnerabilidad Media, Servicios Básicos)<br>Pob: 1157.0<br>Score Infra: Muy Baja"
QUEBRADA DE LAS ROSAS,0.37804244254192304,0.3200886019505072,-0.25233674350600793,-0.6821536035645511,0.04236078866884495,0.3820164434189307,-0.31679235383650955,-0.48584923172746025,0.9156176426936644,0.5717980514716056,2.899783687155304,-0.28378320797232354,-1.0337319105490443,1.1053084850569823,-0.44690291629477147,-0.2975262169723683,-0.4167327248757193,-0.2757577768833604,-0.3751177916350241,-0.6477192617689459,0.8528028654224415,-0.49430000374546906,-0.2968260885977624,0.2968260885977624,-0.566394394633443,0.0,0.0,0.5745073752030524,-0.8592714506715278,-0.72694772993967,-0.5040900998283676,1.0872412929715896,0.39709002759836504,-0.09290198247723816,-0.5508448775795894,"Transición Urbana (Vulnerabilidad Media, Servicios Básicos)",Baja,"<b>QUEBRADA DE LAS ROSAS</b><hr>Tipología: Transición Urbana (Vulnerabilidad Media, Servicios Básicos)<br>Pob: 4842.0<br>Score Infra: Baja"
QUINTA SANTA ANA,-0.457534169378795,-0.37352837779498715,-0.4047818349722766,-0.9179480019178317,-0.5498909925314214,-0.6586974704539651,-0.31679235383650955,-0.48584923172746025,-0.6562051216851977,-0.19473719256359964,-0.47873787287941333,-0.28378320797232354,-1.0337319105490443,-0.9687389355815013,-0.44690291629477147,-0.7611141943048213,-0.4167327248757193,-0.2757577768833604,-0.09436407973399621,-0.6477192617689459,-1.1726039399558572,-0.49430000374546906,-0.2968260885977624,0.2968260885977624,-0.6152529227508488,0.0,0.0,-0.31745116011636815,-0.522847884204912,-0.28035100100121685,-0.2422409650034554,-0.6046659617015194,-0.9018959917281483,-1.0345759855959131,-0.5508448775795894,"Transición Urbana (Vulnerabilidad Media, Servicios Básicos)",Baja,"<b>QUINTA SANTA ANA</b><hr>Tipología: Transición Urbana (Vulnerabilidad Media, Servicios Básicos)<br>Pob: 648.0<br>Score Infra: Baja"
QUINTAS DE ARGUELLO,-0.4573349379501062,-0.393880343100763,-0.3895373258256497,-0.7442047610259407,0.8320298302692002,1.0758257193341945,0.3977986178312334,-0.48584923172746025,-0.10144414602206994,-0.19473719256359964,-0.5454591245138511,2.831525786212739,0.32441586554464696,-0.9666752068047458,0.6209718553965115,2.830571046205563,-0.4167327248757193,3.976094957602642,1.323212039372833,1.2644916407380817,0.8528028654224415,-0.49430000374546906,3.368976105584603,0.2968260885977624,2.6894090614539055,0.0,0.0,-0.3538576309457323,0.2001566626121879,0.18809587079148515,2.6976686034869517,-0.040696876810483125,0.39709002759836504,-0.1893374337986393,1.8153931182840382,"Núcleo Consolidado (Alto Estándar, Alta Infraestructura)",Muy Alta,"<b>QUINTAS DE ARGUELLO</b><hr>Tipología: Núcleo Consolidado (Alto Estándar, Alta Infraestructura)<br>Pob: 649.0<br>Score Infra: Muy Alta"
QUINTAS DE FLORES,-0.4870204208247335,-0.39663060868262456,-0.4047818349722766,-0.9179480019178317,-0.5498909925314214,-0.6586974704539651,-0.31679235383650955,-0.48584923172746025,-0.10144414602206994,-0.5780048145812022,-0.515131282861834,-0.28378320797232354,-1.0337319105490443,-1.2349599477828588,-0.44690291629477147,-0.7611141943048213,-0.4167327248757193,-0.2757577768833604,2.0273975790590177,-0.6477192617689459,-1.1726039399558572,-0.49430000374546906,-0.2968260885977624,0.2968260885977624,0.7597656542675713,0.0,0.0,-0.26284145387232205,-1.0322524638747674,-0.76288483811933,0.0387920345247688,-0.6046659617015194,-0.9018959917281483,-1.3422345080342082,1.8153931182840382,"Núcleo Consolidado (Alto Estándar, Alta Infraestructura)",Muy Alta,"<b>QUINTAS DE FLORES</b><hr>Tipología: Núcleo Consolidado (Alto Estándar, Alta Infraestructura)<br>Pob: 500.0<br>Score Infra: Muy Alta"
QUINTAS DE ITALIA,-0.4870204208247335,-0.39663060868262456,-0.38191507125233626,-0.6520144699404476,-0.5498909925314214,-0.6586974704539651,-0.31679235383650955,-0.48584923172746025,-1.0260457721272829,-0.7696386255900036,-0.2300495713328722,-0.28378320797232354,-1.0337319105490443,-1.2349599477828588,-0.44690291629477147,-0.7611141943048213,-0.4167327248757193,-0.2757577768833604,-1.0409489990942924,-0.6477192617689459,-1.1726039399558572,-0.49430000374546906,-0.2968260885977624,-3.3689761055846037,-1.228937512181561,0.0,0.0,-0.15362204138422972,-1.2303151101316043,-0.9773329555116864,-0.5312023514201333,-0.6046659617015194,-2.20049239317244,-1.3422345080342082,-0.5508448775795894,"Transición Urbana (Vulnerabilidad Media, Servicios Básicos)",Muy Baja,"<b>QUINTAS DE ITALIA</b><hr>Tipología: Transición Urbana (Vulnerabilidad Media, Servicios Básicos)<br>Pob: 500.0<br>Score Infra: Muy Baja"
QUINTAS DE SAN JORGE,-0.28041742927447494,-0.31962317239049987,-0.05415812459985863,1.4807724565181721,-0.35247373213133265,-0.31179283249633316,-0.31679235383650955,1.9142459730061934,-0.6562051216851977,-0.38637100357240095,-0.3756232112625548,-0.28378320797232354,1.682563641638338,-0.07823996841184329,-0.44690291629477147,-0.27509454064983024,3.148591206639253,-0.2757577768833604,-0.642063943934362,0.9666781322360138,0.8528028654224415,2.0230629019273323,-0.2968260885977624,0.2968260885977624,0.4386953266389046,0.0,0.0,-0.347789885807505,2.0606817643259276,0.8707599307231351,0.6903001481665852,-0.040696876810483125,1.6956864290426572,2.156104323923128,-0.5508448775795894,"Transición Urbana (Vulnerabilidad Media, Servicios Básicos)",Alta,"<b>QUINTAS DE SAN JORGE</b><hr>Tipología: Transición Urbana (Vulnerabilidad Media, Servicios Básicos)<br>Pob: 1537.0<br>Score Infra: Alta"
RAMON J CARCANO,-0.1819971035022206,-0.2140129740470146,-0.023669106306604897,0.7485687984737749,0.04236078866884495,0.3820164434189307,-0.31679235383650955,-0.48584923172746025,-0.47128479646415516,-0.003103381554798346,-0.2785741179760997,-0.28378320797232354,0.32441586554464696,0.2096501959454387,-0.44690291629477147,0.34551517094038914,-0.4167327248757193,-0.2757577768833604,-0.5883678788166791,-0.03720156933970671,0.8528028654224415,-0.49430000374546906,-0.2968260885977624,0.2968260885977624,-0.3843829547235467,0.0,0.0,0.5077621786825515,-1.202405442036963,-1.0521213406397552,-0.49407343246483015,1.0872412929715896,0.39709002759836504,0.9391477936930912,-0.5508448775795894,"Transición Urbana (Vulnerabilidad Media, Servicios Básicos)",Media,"<b>RAMON J CARCANO</b><hr>Tipología: Transición Urbana (Vulnerabilidad Media, Servicios Básicos)<br>Pob: 2031.0<br>Score Infra: Media"
RECREO DEL NORTE,-0.18179787207353182,-0.238765364283769,0.06017569399984288,1.303483435199916,-0.5498909925314214,-0.6586974704539651,-0.31679235383650955,-0.48584923172746025,-1.0260457721272829,-0.7696386255900036,-0.45447559955779954,-0.28378320797232354,-1.0337319105490443,0.2096501959454387,-0.44690291629477147,-0.7611141943048213,-0.4167327248757193,-0.2757577768833604,-1.0409489990942924,-0.6477192617689459,-1.1726039399558572,-0.49430000374546906,-0.2968260885977624,-3.3689761055846037,-1.228937512181561,0.0,0.0,-0.09901233514018355,-0.6400109308881579,-0.7042201570347666,-0.5312023514201333,-0.6046659617015194,-2.20049239317244,1.5534260365805823,-0.5508448775795894,"Transición Urbana (Vulnerabilidad Media, Servicios Básicos)",Muy Baja,"<b>RECREO DEL NORTE</b><hr>Tipología: Transición Urbana (Vulnerabilidad Media, Servicios Básicos)<br>Pob: 2032.0<br>Score Infra: Muy Baja"
REMEDIOS DE ESCALADA,0.3228553367951327,0.1842254822065444,0.7385563510247385,1.198882912622145,0.8320298302692002,1.7696349952494583,-0.31679235383650955,-0.48584923172746025,-1.0260457721272829,-0.7696386255900036,-0.44234446289699264,-0.28378320797232354,0.32441586554464696,1.044428486142719,-0.44690291629477147,0.38290129814461926,-0.4167327248757193,-0.2757577768833604,-1.0409489990942924,-0.37596443526080897,0.8528028654224415,-0.49430000374546906,-0.2968260885977624,-3.3689761055846037,-0.6587423818443638,0.0,0.0,1.0781302216759225,-1.0951351015779094,-0.9621946469834552,-0.5158057072394309,3.343117632535735,-0.9018959917281483,0.622140053352901,-0.5508448775795894,"Transición Urbana (Vulnerabilidad Media, Servicios Básicos)",Baja,"<b>REMEDIOS DE ESCALADA</b><hr>Tipología: Transición Urbana (Vulnerabilidad Media, Servicios Básicos)<br>Pob: 4565.0<br>Score Infra: Baja"
RENACIMIENTO,-0.003485743397079108,-0.12215410361283734,0.1363982397329772,0.8833084546756494,-0.35247373213133265,-0.31179283249633316,-0.31679235383650955,-0.48584923172746025,0.17593634180949397,-0.5780048145812022,-0.5333279878530442,-0.28378320797232354,0.32441586554464696,0.5862806977031736,-0.44690291629477147,-0.5068885293160567,-0.4167327248757193,-0.2757577768833604,-0.3597760587442575,-0.22333501215349916,0.8528028654224415,-0.49430000374546906,-0.2968260885977624,0.2968260885977624,-0.6608900094539201,0.0,0.0,-0.24463821845763997,0.8528647386370904,0.25885285243393796,-0.3871817878079993,-0.040696876810483125,0.39709002759836504,1.579222952643219,-0.5508448775795894,"Transición Urbana (Vulnerabilidad Media, Servicios Básicos)",Baja,"<b>RENACIMIENTO</b><hr>Tipología: Transición Urbana (Vulnerabilidad Media, Servicios Básicos)<br>Pob: 2927.0<br>Score Infra: Baja"
RENE FAVALORO,-0.38501392933608125,-0.3438255095108819,-0.39715958039896315,-0.8576697346696247,0.04236078866884495,0.3820164434189307,-0.31679235383650955,-0.48584923172746025,-0.5637449590746765,-0.5780048145812022,1.0740476197038678,-0.28378320797232354,0.32441586554464696,-0.5085274183652002,-0.44690291629477147,1.4521445361855996,-0.4167327248757193,-0.2757577768833604,-0.2830673942904247,0.5782796815645671,0.8528028654224415,-0.49430000374546906,-0.2968260885977624,0.2968260885977624,0.3651390810116014,0.0,0.0,-0.33565439553105025,0.4258408068462563,0.26022775498962414,0.42413287405421174,1.0872412929715896,0.39709002759836504,0.24869073827163926,1.8153931182840382,"Núcleo Consolidado (Alto Estándar, Alta Infraestructura)",Alta,"<b>RENE FAVALORO</b><hr>Tipología: Núcleo Consolidado (Alto Estándar, Alta Infraestructura)<br>Pob: 1012.0<br>Score Infra: Alta"
RENE FAVALORO II,-0.2806166607031637,-0.2481162672620984,-0.3361815438124557,-0.5793259711999627,-0.5498909925314214,-0.6586974704539651,-0.31679235383650955,-0.48584923172746025,-0.6562051216851977,-0.38637100357240095,-0.5454591245138511,-0.28378320797232354,0.32441586554464696,-0.07823996841184329,-0.44690291629477147,-0.7611141943048213,-0.4167327248757193,-0.2757577768833604,-0.642063943934362,0.16009988004291326,-1.1726039399558572,-0.49430000374546906,-0.2968260885977624,0.2968260885977624,-0.9706852921324162,0.0,0.0,-0.30531566983991343,0.5088510667944194,0.39874649114706867,-0.4248062309438308,-0.6046659617015194,-0.9018959917281483,-0.012394828322028779,-0.5508448775795894,"Transición Urbana (Vulnerabilidad Media, Servicios Básicos)",Muy Baja,"<b>RENE FAVALORO II</b><hr>Tipología: Transición Urbana (Vulnerabilidad Media, Servicios Básicos)<br>Pob: 1536.0<br>Score Infra: Muy Baja"
RES CHATEAU CARRERAS CO VI CO,-0.4870204208247335,-0.39663060868262456,-0.4047818349722766,-0.9179480019178317,-0.5498909925314214,-0.6586974704539651,-0.31679235383650955,-0.48584923172746025,-0.5637449590746765,-0.38637100357240095,-0.5454591245138511,-0.28378320797232354,-1.0337319105490443,-1.2349599477828588,-0.44690291629477147,-0.7611141943048213,-0.4167327248757193,-0.2757577768833604,0.4932242899823627,-0.6477192617689459,-1.1726039399558572,-0.49430000374546906,-0.2968260885977624,0.2968260885977624,-0.23458592895699487,0.0,0.0,-0.37812861149864163,1.110675451418602,1.5573249031027778,1.1075669027557837,-0.6046659617015194,-0.9018959917281483,-1.3422345080342082,-0.5508448775795894,"Transición Urbana (Vulnerabilidad Media, Servicios Básicos)",Media,"<b>RES CHATEAU CARRERAS CO VI CO</b><hr>Tipología: Transición Urbana (Vulnerabilidad Media, Servicios Básicos)<br>Pob: 500.0<br>Score Infra: Media"
RESIDENCIAL AMERICA,0.7828807056375118,0.6941247210836842,-0.023669106306604897,-0.5119561430990254,0.6346125698691113,0.3820164434189307,0.7550941036651048,-0.48584923172746025,0.17593634180949397,-0.003103381554798346,-0.1572627513680309,2.831525786212739,0.32441586554464696,1.467492885377435,1.4200110202284506,-0.11059558095121787,-0.4167327248757193,3.680088527258252,-0.7509902474588046,-0.46779026704894655,0.8528028654224415,-0.49430000374546906,3.368976105584603,0.2968260885977624,-0.1621034971344699,0.0,0.0,0.1133587446977737,0.19487696104870483,0.19131758946595273,-0.44844981327189803,-0.6046659617015194,0.39709002759836504,-0.21877015682312506,-0.5508448775795894,"Transición Urbana (Vulnerabilidad Media, Servicios Básicos)",Media,"<b>RESIDENCIAL AMERICA</b><hr>Tipología: Transición Urbana (Vulnerabilidad Media, Servicios Básicos)<br>Pob: 6874.0<br>Score Infra: Media"
RESIDENCIAL ARAGON,-0.24415730925311807,-0.2690182856842465,0.014442166559962272,1.3389412394635674,-0.5498909925314214,-0.6586974704539651,-0.31679235383650955,-0.48584923172746025,-0.5637449590746765,-0.5780048145812022,-0.515131282861834,-0.28378320797232354,-1.0337319105490443,0.03732884308642059,-0.44690291629477147,-0.7611141943048213,-0.4167327248757193,-0.2757577768833604,-0.5945045719729858,-0.6477192617689459,-1.1726039399558572,-0.49430000374546906,-0.2968260885977624,0.2968260885977624,-0.9395446917938498,0.0,0.0,-0.31745116011636815,1.0647233373037075,0.4820036491219182,-0.39493320177483565,-0.6046659617015194,-0.9018959917281483,1.2187586624257005,-0.5508448775795894,"Transición Urbana (Vulnerabilidad Media, Servicios Básicos)",Muy Baja,"<b>RESIDENCIAL ARAGON</b><hr>Tipología: Transición Urbana (Vulnerabilidad Media, Servicios Básicos)<br>Pob: 1719.0<br>Score Infra: Muy Baja"
RESIDENCIAL OLIVOS,-0.393182417912321,-0.33557471276529716,-0.37429281667902287,-0.6892451644172815,-0.35247373213133265,-0.31179283249633316,-0.31679235383650955,-0.48584923172746025,-0.7486652842957191,-0.19473719256359964,0.17027793847375494,-0.28378320797232354,0.32441586554464696,-0.5518657226770498,-0.44690291629477147,0.009040026102318431,-0.4167327248757193,-0.2757577768833604,-0.566889452769606,0.6303970455524289,0.8528028654224415,-0.49430000374546906,-0.2968260885977624,0.2968260885977624,-0.537938328806822,0.0,0.0,-0.28104468928700405,-0.4758581418406654,-0.37785212923051587,-0.3034382012987073,-0.040696876810483125,0.39709002759836504,-0.2649968453380516,-0.5508448775795894,"Transición Urbana (Vulnerabilidad Media, Servicios Básicos)",Baja,"<b>RESIDENCIAL OLIVOS</b><hr>Tipología: Transición Urbana (Vulnerabilidad Media, Servicios Básicos)<br>Pob: 971.0<br>Score Infra: Baja"
RESIDENCIAL SAN CARLOS,-0.01524039768971677,-0.007193002291022644,-0.2752035072259482,-0.586417532052693,-0.5498909925314214,-0.6586974704539651,-0.31679235383650955,-0.48584923172746025,-0.008983983411548631,0.5717980514716056,3.5306027935172613,5.9468347803978014,-1.0337319105490443,0.565643409935626,-0.44690291629477147,-0.7611141943048213,-0.4167327248757193,3.976094957602642,-0.45182645608885685,-0.6477192617689459,-1.1726039399558572,-0.49430000374546906,3.368976105584603,0.2968260885977624,-0.2506931360286671,0.0,0.0,-0.13541880596954767,-0.13070525794303076,-0.09213326737603404,-0.38463337773671064,-0.6046659617015194,-0.9018959917281483,-0.20197619133268344,-0.5508448775795894,"Transición Urbana (Vulnerabilidad Media, Servicios Básicos)",Media,"<b>RESIDENCIAL SAN CARLOS</b><hr>Tipología: Transición Urbana (Vulnerabilidad Media, Servicios Básicos)<br>Pob: 2868.0<br>Score Infra: Media"
RESIDENCIAL SAN JORGE,-0.14035773490626682,-0.18541021199565402,0.14402049430629066,1.268025630936265,-0.15505647173124384,0.035111805461298766,-0.31679235383650955,-0.48584923172746025,-0.9335856095167617,-0.5780048145812022,-0.3574265062713445,-0.28378320797232354,0.32441586554464696,0.3107729060064194,-0.44690291629477147,-0.09564113006952582,-0.4167327248757193,-0.2757577768833604,-0.971911201085843,-0.09428249180260305,0.8528028654224415,-0.49430000374546906,-0.2968260885977624,0.2968260885977624,-0.8525657736068197,0.0,0.0,-0.3417221406692776,3.1651793851356387,2.029182292699285,-0.28308631531272127,0.5232722080805532,0.39709002759836504,0.9701387197012256,-0.5508448775795894,"Transición Urbana (Vulnerabilidad Media, Servicios Básicos)",Muy Baja,"<b>RESIDENCIAL SAN JORGE</b><hr>Tipología: Transición Urbana (Vulnerabilidad Media, Servicios Básicos)<br>Pob: 2240.0<br>Score Infra: Muy Baja"
RESIDENCIAL SAN ROQUE,2.1147428064219658,1.362439257476052,3.4139677062577536,1.695292172313262,1.029447090669289,2.1165396332070903,-0.31679235383650955,1.9142459730061934,0.08347617919897267,-0.38637100357240095,0.0004420252224585829,-0.28378320797232354,1.682563641638338,2.1681288050856593,-0.44690291629477147,-0.31995789329490637,-0.011457807929316855,-0.2757577768833604,-0.9044075763664702,-0.46406759819267074,0.8528028654224415,2.0230629019273323,-0.2968260885977624,0.2968260885977624,-0.7881369453201308,0.0,0.0,0.550236394650143,0.3088597809105119,-0.035569475145150166,-0.5126909838189669,3.9070867174267714,1.6956864290426572,1.2379764992240407,-0.5508448775795894,"Transición Urbana (Vulnerabilidad Media, Servicios Básicos)",Muy Baja,"<b>RESIDENCIAL SAN ROQUE</b><hr>Tipología: Transición Urbana (Vulnerabilidad Media, Servicios Básicos)<br>Pob: 13559.0<br>Score Infra: Muy Baja"
RESIDENCIAL SANTA ANA,-0.27842511498758715,-0.24591605479660913,-0.30569252551920195,-0.43217608350581016,-0.5498909925314214,-0.6586974704539651,-0.31679235383650955,-0.48584923172746025,0.5457769922515792,0.3801642404628043,-0.5454591245138511,-0.28378320797232354,0.32441586554464696,-0.07101691769320213,-0.44690291629477147,-0.7611141943048213,-0.4167327248757193,-0.2757577768833604,0.6451074456009516,0.1538954319491202,-1.1726039399558572,-0.49430000374546906,-0.2968260885977624,0.2968260885977624,-0.13633196581979432,0.0,0.0,-0.22643498304295792,-0.3763531621689827,-0.33320385955691917,-0.2828385532224571,-0.6046659617015194,-0.9018959917281483,-0.020012709575424868,-0.5508448775795894,"Transición Urbana (Vulnerabilidad Media, Servicios Básicos)",Media,"<b>RESIDENCIAL SANTA ANA</b><hr>Tipología: Transición Urbana (Vulnerabilidad Media, Servicios Básicos)<br>Pob: 1547.0<br>Score Infra: Media"
RESIDENCIAL SANTA ROSA,-0.040542789133191065,-0.11445335998362487,-0.07702488831979894,0.15110479663125212,0.6346125698691113,0.7289210813765625,0.3977986178312334,-0.48584923172746025,-0.37882463385363385,-0.38637100357240095,-0.5454591245138511,-0.28378320797232354,0.32441586554464696,0.5181776480702683,0.7964617654296945,0.8763981772404563,-0.4167327248757193,-0.2757577768833604,-0.6497348103797453,-0.19479455092205097,0.8528028654224415,-0.49430000374546906,-0.2968260885977624,0.2968260885977624,-0.1594189626225245,0.0,0.0,-0.23250272818118525,0.5481327046980945,0.17906800311153132,-0.27940527854308206,-0.2286677728046655,0.39709002759836504,0.9852013485431683,-0.5508448775795894,"Transición Urbana (Vulnerabilidad Media, Servicios Básicos)",Media,"<b>RESIDENCIAL SANTA ROSA</b><hr>Tipología: Transición Urbana (Vulnerabilidad Media, Servicios Básicos)<br>Pob: 2741.0<br>Score Infra: Media"
RESIDENCIAL SUD,-0.39796397220085156,-0.3515262531400944,-0.3666705621057094,-0.6041464341845185,-0.35247373213133265,-0.31179283249633316,-0.31679235383650955,-0.48584923172746025,2.5799005696830477,1.1466994844980094,-0.3634920746017479,-0.28378320797232354,0.32441586554464696,-0.5776623323864831,-0.44690291629477147,0.0314717024248565,-0.4167327248757193,-0.2757577768833604,2.6410668946896796,0.662660175640153,0.8528028654224415,-0.49430000374546906,-0.2968260885977624,0.2968260885977624,1.5522402421938455,0.0,0.0,-0.28711243442523143,-0.449043648858085,-0.41761706813628013,0.43376020099019125,-0.040696876810483125,0.39709002759836504,0.1435986037077427,1.8153931182840382,"Núcleo Consolidado (Alto Estándar, Alta Infraestructura)",Muy Alta,"<b>RESIDENCIAL SUD</b><hr>Tipología: Núcleo Consolidado (Alto Estándar, Alta Infraestructura)<br>Pob: 947.0<br>Score Infra: Muy Alta"
RESIDENCIAL VELEZ SARSFIELD,0.043134410916094,0.05056257492807086,-0.35904830753239597,-0.8133474793400607,-0.15505647173124384,0.035111805461298766,-0.31679235383650955,-0.48584923172746025,0.2683965044200153,0.18853042945400297,1.7109322943962293,-0.28378320797232354,0.32441586554464696,0.665734255608229,-0.44690291629477147,-0.29004899153152225,-0.4167327248757193,-0.2757577768833604,-0.36131023203333423,-0.2555981422412232,0.8528028654224415,-0.49430000374546906,-0.2968260885977624,0.2968260885977624,-0.5535086289761052,0.0,0.0,-0.12328331569309295,-0.05733304949410416,-0.01431190652933636,-0.4343981632954868,0.5232722080805532,0.39709002759836504,-0.26811325130534974,-0.5508448775795894,"Transición Urbana (Vulnerabilidad Media, Servicios Básicos)",Baja,"<b>RESIDENCIAL VELEZ SARSFIELD</b><hr>Tipología: Transición Urbana (Vulnerabilidad Media, Servicios Básicos)<br>Pob: 3161.0<br>Score Infra: Baja"
RIVADAVIA,0.031977450909522656,0.07861528386305913,-0.21422547063944075,-0.50131880181993,-0.5498909925314214,-0.6586974704539651,-0.31679235383650955,-0.48584923172746025,0.2683965044200153,1.3383332955068108,-0.32103309628892385,-0.28378320797232354,0.32441586554464696,0.6471606966174377,-0.44690291629477147,-0.7611141943048213,-0.4167327248757193,-0.2757577768833604,-0.34903684572072097,-0.24815280452867144,-1.1726039399558572,-0.49430000374546906,-0.2968260885977624,0.2968260885977624,-0.7806202486866837,0.0,0.0,-0.19609625735182115,0.41180229845690786,0.5065500637432196,-0.4442732523217304,-0.6046659617015194,-0.9018959917281483,-0.6181895216318731,-0.5508448775795894,"Transición Urbana (Vulnerabilidad Media, Servicios Básicos)",Baja,"<b>RIVADAVIA</b><hr>Tipología: Transición Urbana (Vulnerabilidad Media, Servicios Básicos)<br>Pob: 3105.0<br>Score Infra: Baja"
RIVERA INDARTE,-0.23957498639327626,-0.2222637707925994,-0.22946997978606762,-0.1290118570515924,-0.5498909925314214,-0.6586974704539651,-0.31679235383650955,-0.48584923172746025,-0.47128479646415516,-0.38637100357240095,1.2802769429375849,-0.28378320797232354,0.32441586554464696,0.05074308013532611,-0.44690291629477147,-0.7611141943048213,-0.4167327248757193,-0.2757577768833604,-0.513193387651923,0.06455137939849986,-1.1726039399558572,-0.49430000374546906,-0.2968260885977624,0.2968260885977624,-0.8869278153597204,0.0,0.0,0.2529168828770028,-1.1486639771695726,-0.9824454179809671,-0.5103195466692955,-0.6046659617015194,-0.9018959917281483,0.16298957417093307,-0.5508448775795894,"Transición Urbana (Vulnerabilidad Media, Servicios Básicos)",Muy Baja,"<b>RIVERA INDARTE</b><hr>Tipología: Transición Urbana (Vulnerabilidad Media, Servicios Básicos)<br>Pob: 1742.0<br>Score Infra: Muy Baja"
ROCIO,-0.4870204208247335,-0.39663060868262456,-0.4047818349722766,-0.9179480019178317,-0.5498909925314214,-0.6586974704539651,-0.31679235383650955,-0.48584923172746025,-0.7486652842957191,-0.5780048145812022,-0.5454591245138511,-0.28378320797232354,0.32441586554464696,-1.2349599477828588,-0.44690291629477147,-0.7611141943048213,-0.4167327248757193,-0.2757577768833604,-0.12044502564829934,1.8340599757482867,-1.1726039399558572,-0.49430000374546906,-0.2968260885977624,0.2968260885977624,-0.6324339436272991,0.0,0.0,-0.40239959205155107,-0.04089612566407335,-0.08106882949848238,-0.3320724200163815,-0.6046659617015194,-0.9018959917281483,-1.3422345080342082,-0.5508448775795894,"Transición Urbana (Vulnerabilidad Media, Servicios Básicos)",Baja,"<b>ROCIO</b><hr>Tipología: Transición Urbana (Vulnerabilidad Media, Servicios Básicos)<br>Pob: 500.0<br>Score Infra: Baja"
ROCIO DEL SUR,-0.4870204208247335,-0.39663060868262456,-0.4047818349722766,-0.9179480019178317,-0.5498909925314214,-0.6586974704539651,-0.31679235383650955,-0.48584923172746025,-0.6562051216851977,-0.5780048145812022,-0.5454591245138511,-0.28378320797232354,-1.0337319105490443,-1.2349599477828588,-0.44690291629477147,-0.7611141943048213,-0.4167327248757193,-0.2757577768833604,0.18638963216703167,-0.6477192617689459,-1.1726039399558572,-0.49430000374546906,-0.2968260885977624,0.2968260885977624,-0.4337783897433415,0.0,0.0,-0.365993121222187,0.24598523670771466,0.6210999050201294,0.3424421734356801,-0.6046659617015194,-0.9018959917281483,-1.3422345080342082,-0.5508448775795894,"Transición Urbana (Vulnerabilidad Media, Servicios Básicos)",Media,"<b>ROCIO DEL SUR</b><hr>Tipología: Transición Urbana (Vulnerabilidad Media, Servicios Básicos)<br>Pob: 500.0<br>Score Infra: Media"
ROGELIO MARTINEZ,-0.34676149502783665,-0.2921205165718839,-0.38191507125233626,-0.7814354555027746,1.2268643510693777,2.463444271164722,-0.31679235383650955,-0.48584923172746025,0.08347617919897267,0.5717980514716056,-0.46660673621860643,-0.28378320797232354,0.32441586554464696,-0.3300148791759177,-0.44690291629477147,2.830571046205563,-0.4167327248757193,-0.2757577768833604,0.4886217701151328,0.3834600114194643,0.8528028654224415,-0.49430000374546906,-0.2968260885977624,0.2968260885977624,1.5522402421938455,0.0,0.0,-0.20823174762827587,-0.7025799143240858,-0.5667355188160224,0.04176517960793892,4.4710558023178075,0.39709002759836504,-0.32559362803552055,1.8153931182840382,"Núcleo Consolidado (Alto Estándar, Alta Infraestructura)",Muy Alta,"<b>ROGELIO MARTINEZ</b><hr>Tipología: Núcleo Consolidado (Alto Estándar, Alta Infraestructura)<br>Pob: 1204.0<br>Score Infra: Muy Alta"
ROSEDAL,-0.12561460918329756,-0.09135112909598746,-0.35904830753239597,-0.7778896750764094,-0.15505647173124384,0.035111805461298766,-0.31679235383650955,-0.48584923172746025,-0.9335856095167617,-0.5780048145812022,0.582736584941189,-0.28378320797232354,1.682563641638338,0.3437925664344948,-0.44690291629477147,-0.11807280639206388,-0.4167327248757193,-0.2757577768833604,-0.9749795476639963,0.42440936883849867,0.8528028654224415,-0.49430000374546906,-0.2968260885977624,0.2968260885977624,-0.8659884461665467,0.0,0.0,-0.19609625735182115,-0.07100000395992451,-0.003967949946899299,-0.46083791778510685,0.5232722080805532,0.39709002759836504,-0.3642024352970511,-0.5508448775795894,"Transición Urbana (Vulnerabilidad Media, Servicios Básicos)",Muy Baja,"<b>ROSEDAL</b><hr>Tipología: Transición Urbana (Vulnerabilidad Media, Servicios Básicos)<br>Pob: 2314.0<br>Score Infra: Muy Baja"
ROSEDAL ANEXO,-0.4041401464902036,-0.34822593444186045,-0.35904830753239597,-0.5491868375758592,0.04236078866884495,0.3820164434189307,-0.31679235383650955,-0.48584923172746025,-0.5637449590746765,-0.19473719256359964,-0.5454591245138511,-0.28378320797232354,1.682563641638338,-0.6117138572029363,-0.44690291629477147,1.691415750292672,-0.4167327248757193,-0.2757577768833604,-0.20329038325843873,2.061142775981113,0.8528028654224415,-0.49430000374546906,-0.2968260885977624,0.2968260885977624,0.5358754759713271,0.0,0.0,-0.31745116011636815,-0.12558450027478352,-0.09578089351811135,0.29982709391024154,1.0872412929715896,0.39709002759836504,-0.16388678506570223,1.8153931182840382,"Núcleo Consolidado (Alto Estándar, Alta Infraestructura)",Alta,"<b>ROSEDAL ANEXO</b><hr>Tipología: Núcleo Consolidado (Alto Estándar, Alta Infraestructura)<br>Pob: 916.0<br>Score Infra: Alta"
SACHI,-0.3768454407598415,-0.366377687282147,-0.19135870691950044,1.0286854521566193,-0.15505647173124384,0.035111805461298766,-0.31679235383650955,-0.48584923172746025,-0.10144414602206994,-0.38637100357240095,-0.5333279878530442,-0.28378320797232354,0.32441586554464696,-0.46828470721848364,-0.44690291629477147,0.6595586394559219,-0.4167327248757193,-0.2757577768833604,0.41651562552852994,0.5311258760517396,0.8528028654224415,-0.49430000374546906,-0.2968260885977624,0.2968260885977624,0.42366193337201064,0.0,0.0,-0.3113834149781408,-0.026565109871232576,-0.2964005560263569,0.19509451889714136,0.5232722080805532,0.39709002759836504,1.47880542703027,1.8153931182840382,"Núcleo Consolidado (Alto Estándar, Alta Infraestructura)",Alta,"<b>SACHI</b><hr>Tipología: Núcleo Consolidado (Alto Estándar, Alta Infraestructura)<br>Pob: 1053.0<br>Score Infra: Alta"
SAN ANTONIO,-0.4870204208247335,-0.39663060868262456,-0.37429281667902287,-0.5633699592813196,-0.5498909925314214,-0.6586974704539651,-0.31679235383650955,-0.48584923172746025,-0.008983983411548631,-0.38637100357240095,-0.5333279878530442,-0.28378320797232354,0.32441586554464696,-1.2349599477828588,-0.44690291629477147,-0.7611141943048213,-0.4167327248757193,-0.2757577768833604,2.3342322368743487,1.8340599757482867,-1.1726039399558572,-0.49430000374546906,-0.2968260885977624,0.2968260885977624,0.9584212081515288,0.0,0.0,-0.28104468928700405,-0.9645810472854757,-0.6896150473567795,0.18978533124862323,-0.6046659617015194,-0.9018959917281483,-1.3422345080342082,1.8153931182840382,"Núcleo Consolidado (Alto Estándar, Alta Infraestructura)",Muy Alta,"<b>SAN ANTONIO</b><hr>Tipología: Núcleo Consolidado (Alto Estándar, Alta Infraestructura)<br>Pob: 500.0<br>Score Infra: Muy Alta"
SAN CAYETANO,-0.4870204208247335,-0.39663060868262456,-0.35904830753239597,-0.38608093796306364,-0.5498909925314214,-0.6586974704539651,-0.31679235383650955,-0.48584923172746025,-0.19390430863259123,0.9550656734892082,-0.460541167888203,-0.28378320797232354,-1.0337319105490443,-1.2349599477828588,-0.44690291629477147,-0.7611141943048213,-0.4167327248757193,-0.2757577768833604,1.7205629212436866,-0.6477192617689459,-1.1726039399558572,-0.49430000374546906,-0.2968260885977624,0.2968260885977624,0.5605731934812245,0.0,0.0,-0.3720608663604143,0.5918613267425825,0.9955899154878886,1.8282006395813057,-0.6046659617015194,-0.9018959917281483,-1.3422345080342082,1.8153931182840382,"Núcleo Consolidado (Alto Estándar, Alta Infraestructura)",Alta,"<b>SAN CAYETANO</b><hr>Tipología: Núcleo Consolidado (Alto Estándar, Alta Infraestructura)<br>Pob: 500.0<br>Score Infra: Alta"
SAN DANIEL,-0.31588062358107666,-0.25636706400768317,-0.30569252551920195,-0.4109014009476195,-0.5498909925314214,-0.6586974704539651,-0.31679235383650955,1.9142459730061934,-0.28636447124311254,1.3383332955068108,0.41290067168989264,-0.28378320797232354,0.32441586554464696,-0.2051592881822582,-0.44690291629477147,-0.7611141943048213,3.2290985212218493,-0.2757577768833604,-0.1373209318281426,0.26557549763739574,-1.1726039399558572,2.0230629019273323,-0.2968260885977624,0.2968260885977624,0.549835055433443,0.0,0.0,-0.28104468928700405,-0.07325838109207432,0.026597061852204458,0.05510893789788108,-0.6046659617015194,0.39709002759836504,-0.499419827544833,-0.5508448775795894,"Transición Urbana (Vulnerabilidad Media, Servicios Básicos)",Alta,"<b>SAN DANIEL</b><hr>Tipología: Transición Urbana (Vulnerabilidad Media, Servicios Básicos)<br>Pob: 1359.0<br>Score Infra: Alta"
SAN FELIPE,-0.07799829772668057,-0.13975580333675156,-0.0694026337464855,0.25215953878265795,0.4371953094690225,1.0758257193341945,-0.31679235383650955,-0.48584923172746025,-0.6562051216851977,-0.19473719256359964,-0.42414775790578235,-0.28378320797232354,0.32441586554464696,0.44491527649547546,-0.44690291629477147,0.704421992100998,-0.4167327248757193,-0.2757577768833604,-0.8000837927092576,-0.16129053121556833,0.8528028654224415,-0.49430000374546906,-0.2968260885977624,0.2968260885977624,-0.3425042163371989,0.0,0.0,0.08302001900663698,-0.8211289418125562,-0.7830034890477549,-0.45814792937652443,2.215179462753662,0.39709002759836504,0.9562880265132325,-0.5508448775795894,"Transición Urbana (Vulnerabilidad Media, Servicios Básicos)",Media,"<b>SAN FELIPE</b><hr>Tipología: Transición Urbana (Vulnerabilidad Media, Servicios Básicos)<br>Pob: 2553.0<br>Score Infra: Media"
SAN FERNANDO,0.2290173338827201,0.38004439163508996,0.09066471229309661,-0.20347324600525993,0.23977804906893374,0.035111805461298766,0.3977986178312334,-0.48584923172746025,-0.19390430863259123,-0.003103381554798346,0.9466706847653956,-0.28378320797232354,-1.0337319105490443,0.9329871321979643,1.4200110202284506,-0.028346101101911686,-0.4167327248757193,-0.2757577768833604,-0.7034308754974282,-0.6477192617689459,0.8528028654224415,-0.49430000374546906,-0.2968260885977624,0.2968260885977624,-0.6453197092846369,0.0,0.0,-0.08687684486372885,0.15047022819070027,0.49002842663448815,-0.4572276701841146,-0.6046659617015194,0.39709002759836504,-1.273500443088793,-0.5508448775795894,"Transición Urbana (Vulnerabilidad Media, Servicios Básicos)",Baja,"<b>SAN FERNANDO</b><hr>Tipología: Transición Urbana (Vulnerabilidad Media, Servicios Básicos)<br>Pob: 4094.0<br>Score Infra: Baja"
SAN FRANCISCO,-0.3628992407516273,-0.30752200383030887,-0.3895373258256497,-0.8204390401927909,-0.35247373213133265,-0.31179283249633316,-0.31679235383650955,-0.48584923172746025,-0.47128479646415516,-0.003103381554798346,0.26126146342980655,-0.28378320797232354,-1.0337319105490443,-0.40121352197395516,-0.44690291629477147,-0.09564113006952582,-0.4167327248757193,-0.2757577768833604,-0.2217004627273586,-0.6477192617689459,0.8528028654224415,-0.49430000374546906,-0.2968260885977624,0.2968260885977624,-0.36666502694470726,0.0,0.0,-0.24463821845763997,-0.5870439932512138,-0.4692420863560537,-0.31257000405415836,-0.040696876810483125,0.39709002759836504,-0.2996235783080342,-0.5508448775795894,"Transición Urbana (Vulnerabilidad Media, Servicios Básicos)",Media,"<b>SAN FRANCISCO</b><hr>Tipología: Transición Urbana (Vulnerabilidad Media, Servicios Básicos)<br>Pob: 1123.0<br>Score Infra: Media"
SAN IGNACIO,-0.03137814341350746,-0.09135112909598746,0.220243040039425,1.0074107695984285,-0.35247373213133265,-0.31179283249633316,-0.31679235383650955,-0.48584923172746025,0.5457769922515792,-0.19473719256359964,0.5524087432891718,-0.28378320797232354,0.32441586554464696,0.5357193426726827,-0.44690291629477147,-0.49193407843436476,-0.4167327248757193,-0.2757577768833604,-0.10510329275753284,-0.20223988863460268,0.8528028654224415,-0.49430000374546906,-0.2968260885977624,0.2968260885977624,-0.4885428937870272,0.0,0.0,-0.10508008027841091,-0.3030400985302689,-0.3858196097743492,-0.43160199113393394,-0.040696876810483125,0.39709002759836504,0.7204799749876513,-0.5508448775795894,"Transición Urbana (Vulnerabilidad Media, Servicios Básicos)",Baja,"<b>SAN IGNACIO</b><hr>Tipología: Transición Urbana (Vulnerabilidad Media, Servicios Básicos)<br>Pob: 2787.0<br>Score Infra: Baja"
SAN JAVIER,-0.2604942864055975,-0.2794692948953206,-0.13038067033299297,0.6280122639773609,-0.15505647173124384,0.035111805461298766,-0.31679235383650955,-0.48584923172746025,-0.37882463385363385,-0.5780048145812022,-0.4848034412098168,-0.28378320797232354,-1.0337319105490443,-0.013232511944070198,-0.44690291629477147,0.1511073094783927,-0.4167327248757193,-0.2757577768833604,-0.384322831369484,-0.6477192617689459,0.8528028654224415,-0.49430000374546906,-0.2968260885977624,0.2968260885977624,-0.34894709916586786,0.0,0.0,0.3075265891210489,-1.1930366343158683,-1.0530623590910075,-0.4816145387829744,0.5232722080805532,0.39709002759836504,1.1919229443739636,-0.5508448775795894,"Transición Urbana (Vulnerabilidad Media, Servicios Básicos)",Media,"<b>SAN JAVIER</b><hr>Tipología: Transición Urbana (Vulnerabilidad Media, Servicios Básicos)<br>Pob: 1637.0<br>Score Infra: Media"
SAN JOSE,-0.47745731224767235,-0.39663060868262456,-0.3895373258256497,-0.7406589805995757,-0.35247373213133265,-0.31179283249633316,-0.31679235383650955,-0.48584923172746025,0.3608566670305366,-0.003103381554798346,0.3401138517250513,-0.28378320797232354,0.32441586554464696,-1.1410602884405194,-0.44690291629477147,0.5997408359291538,-0.4167327248757193,-0.2757577768833604,2.6410668946896796,1.6169042924655288,0.8528028654224415,-0.49430000374546906,-0.2968260885977624,0.2968260885977624,1.8351901797528876,0.0,0.0,-0.31745116011636815,-0.6710804882905511,-0.44887149728568365,0.9116224839411425,-0.040696876810483125,0.39709002759836504,-0.9267137123944174,1.8153931182840382,"Núcleo Consolidado (Alto Estándar, Alta Infraestructura)",Muy Alta,"<b>SAN JOSE</b><hr>Tipología: Núcleo Consolidado (Alto Estándar, Alta Infraestructura)<br>Pob: 548.0<br>Score Infra: Muy Alta"
SAN LORENZO,-0.19056405493583786,-0.16670840603899517,-0.2752035072259482,-0.43040319329262766,-0.15505647173124384,0.035111805461298766,-0.31679235383650955,1.9142459730061934,1.4703786183567922,0.7634318624804068,-0.17545945635924123,-0.28378320797232354,0.32441586554464696,0.18694917940113664,-0.44690291629477147,-0.005914424779373616,2.3380413727464484,-0.2757577768833604,1.0424583274718053,-0.02355178353336189,0.8528028654224415,2.0230629019273323,-0.2968260885977624,0.2968260885977624,1.399221775012959,0.0,0.0,-0.18396076707536646,-0.33739242117770213,-0.28703828750827587,-0.04994218837413025,0.5232722080805532,1.6956864290426572,-0.10121239839003382,1.8153931182840382,"Núcleo Consolidado (Alto Estándar, Alta Infraestructura)",Muy Alta,"<b>SAN LORENZO</b><hr>Tipología: Núcleo Consolidado (Alto Estándar, Alta Infraestructura)<br>Pob: 1988.0<br>Score Infra: Muy Alta"
SAN LORENZO NORTE,-0.4870204208247335,-0.39663060868262456,-0.3666705621057094,-0.4747254486221917,-0.5498909925314214,-0.6586974704539651,-0.31679235383650955,-0.48584923172746025,-0.6562051216851977,-0.38637100357240095,-0.2603774129848894,-0.28378320797232354,0.32441586554464696,-1.2349599477828588,-0.44690291629477147,-0.7611141943048213,-0.4167327248757193,-0.2757577768833604,0.18638963216703167,1.8340599757482867,-1.1726039399558572,-0.49430000374546906,-0.2968260885977624,0.2968260885977624,-0.4337783897433415,0.0,0.0,-0.3720608663604143,0.5918613267425825,0.9955899154878886,0.5171852362405722,-0.6046659617015194,-0.9018959917281483,-1.3422345080342082,-0.5508448775795894,"Transición Urbana (Vulnerabilidad Media, Servicios Básicos)",Media,"<b>SAN LORENZO NORTE</b><hr>Tipología: Transición Urbana (Vulnerabilidad Media, Servicios Básicos)<br>Pob: 500.0<br>Score Infra: Media"
SAN LUIS DE FRANCIA,-0.4870204208247335,-0.39663060868262456,-0.37429281667902287,-0.5633699592813196,-0.35247373213133265,-0.31179283249633316,-0.31679235383650955,-0.48584923172746025,-0.47128479646415516,-0.5780048145812022,-0.4302133262361858,-0.28378320797232354,-1.0337319105490443,-1.2349599477828588,-0.44690291629477147,0.7343308938643821,-0.4167327248757193,-0.2757577768833604,0.8000589477976937,-0.6477192617689459,0.8528028654224415,-0.49430000374546906,-0.2968260885977624,0.2968260885977624,0.7092964054429982,0.0,0.0,-0.35992537608395964,-0.0010691103525388662,0.35360709657380013,1.2941317567247093,-0.040696876810483125,0.39709002759836504,-1.3422345080342082,1.8153931182840382,"Núcleo Consolidado (Alto Estándar, Alta Infraestructura)",Muy Alta,"<b>SAN LUIS DE FRANCIA</b><hr>Tipología: Núcleo Consolidado (Alto Estándar, Alta Infraestructura)<br>Pob: 500.0<br>Score Infra: Muy Alta"
SAN MARCELO,-0.4870204208247335,-0.39663060868262456,-0.4047818349722766,-0.9179480019178317,-0.5498909925314214,-0.6586974704539651,-0.31679235383650955,-0.48584923172746025,0.2683965044200153,1.3383332955068108,-0.4969345778706236,-0.28378320797232354,-1.0337319105490443,-1.2349599477828588,-0.44690291629477147,-0.7611141943048213,-0.4167327248757193,-0.2757577768833604,2.6410668946896796,-0.6477192617689459,-1.1726039399558572,-0.49430000374546906,-0.2968260885977624,0.2968260885977624,1.1570767620354865,0.0,0.0,-0.347789885807505,-0.330474885680312,-0.003050074977136561,1.2165114333033749,-0.6046659617015194,-0.9018959917281483,-1.3422345080342082,1.8153931182840382,"Núcleo Consolidado (Alto Estándar, Alta Infraestructura)",Muy Alta,"<b>SAN MARCELO</b><hr>Tipología: Núcleo Consolidado (Alto Estándar, Alta Infraestructura)<br>Pob: 500.0<br>Score Infra: Muy Alta"
SAN MARTIN,2.0346517720890787,1.8904902491934783,1.1730248617036043,-0.07582515065611563,3.5958714758704433,3.85106282299525,2.541571532834462,1.9142459730061934,0.7306973174726218,0.18853042945400297,3.8702746200198543,-0.28378320797232354,-1.0337319105490443,2.1371728734343374,0.9756855033359237,0.43524187623054145,-0.0005044317956302941,-0.2757577768833604,-0.820028045467254,-0.6477192617689459,0.8528028654224415,2.0230629019273323,-0.2968260885977624,0.2968260885977624,-0.3532423543849804,0.0,0.0,0.4774234529914147,0.3996496379056269,0.43695413214666795,-0.4913834440562476,-0.2913247381360596,1.6956864290426572,-0.4436707874631611,-0.5508448775795894,"Transición Urbana (Vulnerabilidad Media, Servicios Básicos)",Media,"<b>SAN MARTIN</b><hr>Tipología: Transición Urbana (Vulnerabilidad Media, Servicios Básicos)<br>Pob: 13157.0<br>Score Infra: Media"
SAN MARTIN ANEXO,0.041540559486583806,0.0863160274922716,-0.12275841575967954,-0.30984665879621354,-0.5498909925314214,-0.6586974704539651,-0.31679235383650955,-0.48584923172746025,0.08347617919897267,-0.19473719256359964,0.37650726170747195,-0.28378320797232354,-1.0337319105490443,0.6626386624430968,-0.44690291629477147,-0.7611141943048213,-0.4167327248757193,-0.2757577768833604,-0.4564289759560868,-0.6477192617689459,-1.1726039399558572,-0.49430000374546906,-0.2968260885977624,0.2968260885977624,-0.8498812390948743,0.0,0.0,-0.19609625735182115,0.44110004336583736,0.5296802882872456,-0.4577231943646429,-0.6046659617015194,-0.9018959917281483,-0.606589566086929,-0.5508448775795894,"Transición Urbana (Vulnerabilidad Media, Servicios Básicos)",Muy Baja,"<b>SAN MARTIN ANEXO</b><hr>Tipología: Transición Urbana (Vulnerabilidad Media, Servicios Básicos)<br>Pob: 3153.0<br>Score Infra: Muy Baja"
SAN MARTIN NORTE,-0.19913100636945513,-0.1986114867885897,-0.14562517947961984,0.15819635748398236,-0.5498909925314214,-0.6586974704539651,-0.31679235383650955,1.9142459730061934,0.17593634180949397,0.5717980514716056,0.12175339183052741,-0.28378320797232354,-1.0337319105490443,0.1652800272452123,-0.44690291629477147,-0.7611141943048213,2.3982849414817244,-0.2757577768833604,-0.016121241991086842,-0.6477192617689459,-1.1726039399558572,2.0230629019273323,-0.2968260885977624,0.2968260885977624,0.35654857057337624,0.0,0.0,-0.26284145387232205,0.2715499894742102,0.11635253868427928,-0.07677128329130828,-0.6046659617015194,0.39709002759836504,0.34270231828514186,-0.5508448775795894,"Transición Urbana (Vulnerabilidad Media, Servicios Básicos)",Alta,"<b>SAN MARTIN NORTE</b><hr>Tipología: Transición Urbana (Vulnerabilidad Media, Servicios Básicos)<br>Pob: 1945.0<br>Score Infra: Alta"
SAN NICOLAS,-0.17562169778417983,-0.1788095745991862,-0.0694026337464855,0.3904449754108977,-0.5498909925314214,-0.6586974704539651,-0.31679235383650955,-0.48584923172746025,-0.37882463385363385,-0.38637100357240095,0.625195563254013,-0.28378320797232354,0.32441586554464696,0.2251281617710987,-0.44690291629477147,-0.7611141943048213,-0.4167327248757193,-0.2757577768833604,-0.5208642540973063,-0.045887796671017056,-1.1726039399558572,-0.49430000374546906,-0.2968260885977624,0.2968260885977624,-0.8917599774812223,0.0,0.0,-0.2689091990105494,0.46262943911803805,0.2704411081874407,-0.43015081317667236,-0.6046659617015194,-0.9018959917281483,0.32227254583285214,-0.5508448775795894,"Transición Urbana (Vulnerabilidad Media, Servicios Básicos)",Muy Baja,"<b>SAN NICOLAS</b><hr>Tipología: Transición Urbana (Vulnerabilidad Media, Servicios Básicos)<br>Pob: 2063.0<br>Score Infra: Muy Baja"
SAN PABLO,-0.15031930634070553,-0.13700553775488994,-0.21422547063944075,-0.2584328426139193,-0.5498909925314214,-0.6586974704539651,-0.31679235383650955,-0.48584923172746025,0.3608566670305366,0.3801642404628043,-0.1269349097160137,-0.28378320797232354,0.32441586554464696,0.28704002507374055,-0.44690291629477147,-0.7611141943048213,-0.4167327248757193,-0.2757577768833604,0.009959703923216283,-0.08063270599625824,-1.1726039399558572,-0.49430000374546906,-0.2968260885977624,0.2968260885977624,-0.5476026530498254,0.0,0.0,-0.23250272818118525,0.13975188116849854,0.09681393530406562,-0.3707940952662401,-0.6046659617015194,-0.9018959917281483,-0.02832312548822053,-0.5508448775795894,"Transición Urbana (Vulnerabilidad Media, Servicios Básicos)",Baja,"<b>SAN PABLO</b><hr>Tipología: Transición Urbana (Vulnerabilidad Media, Servicios Básicos)<br>Pob: 2190.0<br>Score Infra: Baja"
SAN PEDRO NOLASCO,-0.39099087219674444,-0.3608771561184238,-0.2066032160661273,0.8212572972142599,-0.35247373213133265,-0.31179283249633316,-0.31679235383650955,-0.48584923172746025,-0.19390430863259123,-0.5780048145812022,-0.45447559955779954,-0.28378320797232354,1.682563641638338,-0.5394833500165211,-0.44690291629477147,0.0015628006614724081,-0.4167327248757193,-0.2757577768833604,0.3643537336999237,1.8799728916423557,0.8528028654224415,-0.49430000374546906,-0.2968260885977624,0.2968260885977624,0.0617866811617743,0.0,0.0,-0.15362204138422972,-0.9863459223925842,-0.8882774004741798,-0.3236839035317229,-0.040696876810483125,0.39709002759836504,0.7452380890611896,-0.5508448775795894,"Transición Urbana (Vulnerabilidad Media, Servicios Básicos)",Alta,"<b>SAN PEDRO NOLASCO</b><hr>Tipología: Transición Urbana (Vulnerabilidad Media, Servicios Básicos)<br>Pob: 982.0<br>Score Infra: Alta"
SAN RAFAEL,0.44378881400921844,0.4273489596431094,-0.25233674350600793,-0.7087469567622896,0.4371953094690225,0.035111805461298766,0.7550941036651048,-0.48584923172746025,-0.19390430863259123,-0.38637100357240095,0.9830640947478162,-0.28378320797232354,-1.0337319105490443,1.1734115346898886,1.7933938075330949,-0.03582332654275771,-0.4167327248757193,-0.2757577768833604,-0.7740028467949543,-0.6477192617689459,0.8528028654224415,-0.49430000374546906,-0.2968260885977624,0.2968260885977624,-0.6947151443044318,0.0,0.0,-0.007996158066773285,0.16787046533486444,0.21607459853411118,-0.47701324282092533,-0.7456582329242785,0.39709002759836504,-0.39709783161853474,-0.5508448775795894,"Transición Urbana (Vulnerabilidad Media, Servicios Básicos)",Baja,"<b>SAN RAFAEL</b><hr>Tipología: Transición Urbana (Vulnerabilidad Media, Servicios Básicos)<br>Pob: 5172.0<br>Score Infra: Baja"
SAN RAMON,-0.4870204208247335,-0.39663060868262456,-0.3209370346658288,0.057141615332576376,0.04236078866884495,0.3820164434189307,-0.31679235383650955,-0.48584923172746025,-0.7486652842957191,-0.5780048145812022,-0.5454591245138511,-0.28378320797232354,-1.0337319105490443,-1.2349599477828588,-0.44690291629477147,2.830571046205563,-0.4167327248757193,-0.2757577768833604,-0.12044502564829934,-0.6477192617689459,0.8528028654224415,-0.49430000374546906,-0.2968260885977624,0.2968260885977624,1.1570767620354865,0.0,0.0,0.2407813926005481,-1.3855057172163585,-1.1453623268964814,-0.38282825393621445,1.0872412929715896,0.39709002759836504,-1.3422345080342082,1.8153931182840382,"Núcleo Consolidado (Alto Estándar, Alta Infraestructura)",Muy Alta,"<b>SAN RAMON</b><hr>Tipología: Núcleo Consolidado (Alto Estándar, Alta Infraestructura)<br>Pob: 500.0<br>Score Infra: Muy Alta"
SAN SALVADOR,-0.1680509034940064,-0.1502068125478256,-0.37429281667902287,-0.808028808700513,-0.5498909925314214,-0.6586974704539651,-0.31679235383650955,-0.48584923172746025,0.4533168296410579,0.9550656734892082,1.5107685394929156,-0.28378320797232354,0.32441586554464696,0.2447335851502686,-0.44690291629477147,-0.7611141943048213,-0.4167327248757193,-0.2757577768833604,0.1280910471821188,-0.05705580323984459,-1.1726039399558572,-0.49430000374546906,-0.2968260885977624,0.2968260885977624,-0.47136187291057674,0.0,0.0,-0.19609625735182115,-0.20100872234962888,-0.18074920861223323,-0.38431482647779946,-0.6046659617015194,-0.9018959917281483,-0.05706331385330595,-0.5508448775795894,"Transición Urbana (Vulnerabilidad Media, Servicios Básicos)",Baja,"<b>SAN SALVADOR</b><hr>Tipología: Transición Urbana (Vulnerabilidad Media, Servicios Básicos)<br>Pob: 2101.0<br>Score Infra: Baja"
SAN VICENTE,3.028418138388683,2.646813284205417,1.8132942458619326,-0.017319773621091133,6.162295861071597,7.32010920257157,3.6134579903360766,-0.48584923172746025,2.8572810575146117,0.9550656734892082,1.1043754613558852,2.831525786212739,0.32441586554464696,2.4684013421034683,0.7628573145722765,0.6371269631333839,-0.4167327248757193,1.2247356488255272,-0.6865549693175851,-0.579470332737222,0.8528028654224415,-0.49430000374546906,3.368976105584603,0.2968260885977624,-0.09176869292150111,0.0,0.0,1.17521414388756,-0.03510557896086937,-0.012724387280837796,-0.5023557651965184,-0.040696876810483125,0.39709002759836504,-0.1908956367822887,-0.5508448775795894,"Transición Urbana (Vulnerabilidad Media, Servicios Básicos)",Media,"<b>SAN VICENTE</b><hr>Tipología: Transición Urbana (Vulnerabilidad Media, Servicios Básicos)<br>Pob: 18145.0<br>Score Infra: Media"
SANTA CECILIA,-0.36967310932704567,-0.3322743940670632,-0.09989165203973924,1.319439447118559,-0.15505647173124384,0.035111805461298766,-0.31679235383650955,-0.48584923172746025,-0.37882463385363385,-0.19473719256359964,-0.3028363912977135,-0.28378320797232354,0.32441586554464696,-0.4332013180136538,-0.44690291629477147,0.6146952868108458,-0.4167327248757193,-0.2757577768833604,-0.05447557421800322,0.4914174082514638,0.8528028654224415,-0.49430000374546906,-0.2968260885977624,0.2968260885977624,0.09614872291467501,0.0,0.0,-0.32351890525459553,0.2550312382804357,0.11841910553021563,0.14076383196063957,0.5232722080805532,0.39709002759836504,0.2770846593070249,-0.5508448775795894,"Transición Urbana (Vulnerabilidad Media, Servicios Básicos)",Alta,"<b>SANTA CECILIA</b><hr>Tipología: Transición Urbana (Vulnerabilidad Media, Servicios Básicos)<br>Pob: 1089.0<br>Score Infra: Alta"
SANTA CLARA DE ASIS,-0.2202495378104652,-0.2420656829820029,-0.34380379838576913,-0.6236482265295267,0.04236078866884495,-0.6586974704539651,0.7550941036651048,-0.48584923172746025,-0.28636447124311254,-0.38637100357240095,0.6676545415668371,-0.28378320797232354,0.32441586554464696,0.10749562149608034,3.286924956751673,0.45767355255307934,-0.4167327248757193,-0.2757577768833604,-0.3735836183459475,0.0273246908357414,0.8528028654224415,-0.49430000374546906,-0.2968260885977624,0.2968260885977624,-0.1889488422539235,0.0,0.0,-0.28104468928700405,0.4248031785969043,0.09962261024214007,-0.188405802247482,-1.0276427753697968,0.39709002759836504,0.9488432789246868,-0.5508448775795894,"Transición Urbana (Vulnerabilidad Media, Servicios Básicos)",Media,"<b>SANTA CLARA DE ASIS</b><hr>Tipología: Transición Urbana (Vulnerabilidad Media, Servicios Básicos)<br>Pob: 1839.0<br>Score Infra: Media"
SANTA ISABEL ANEXO,-0.3154821607236991,-0.3262238097869677,-0.22184772521275417,0.37980763413180235,-0.15505647173124384,-0.6586974704539651,0.3977986178312334,-0.48584923172746025,-0.28636447124311254,-0.38637100357240095,-0.5454591245138511,-0.28378320797232354,-1.0337319105490443,-0.20309555940550372,3.286924956751673,0.33803794549954314,-0.4167327248757193,-0.2757577768833604,-0.1388551051172192,-0.6477192617689459,0.8528028654224415,-0.49430000374546906,-0.2968260885977624,0.2968260885977624,-0.0966008550430027,0.0,0.0,-0.29318017956345876,0.08572932280835864,-0.22774407002309244,-0.11648400690222362,-0.9806641505983733,0.39709002759836504,1.5134321600002518,-0.5508448775795894,"Transición Urbana (Vulnerabilidad Media, Servicios Básicos)",Media,"<b>SANTA ISABEL ANEXO</b><hr>Tipología: Transición Urbana (Vulnerabilidad Media, Servicios Básicos)<br>Pob: 1361.0<br>Score Infra: Media"
SANTA ISABEL SECCION 1,0.12721007382275662,0.05056257492807086,-0.06178037917317206,-0.13078474726477493,-0.5498909925314214,-0.6586974704539651,-0.31679235383650955,1.9142459730061934,0.17593634180949397,0.3801642404628043,-0.5454591245138511,-0.28378320797232354,0.32441586554464696,0.7947173041553983,-0.44690291629477147,-0.7611141943048213,1.1112632457735547,-0.2757577768833604,-0.4840440951594666,-0.301511058135292,-1.1726039399558572,2.0230629019273323,-0.2968260885977624,0.2968260885977624,-0.3677388407494855,0.0,0.0,0.07695227386840964,-0.5421744159363032,-0.53104933765533,-0.4593513452435218,-0.6046659617015194,0.39709002759836504,0.4531615964593863,-0.5508448775795894,"Transición Urbana (Vulnerabilidad Media, Servicios Básicos)",Media,"<b>SANTA ISABEL SECCION 1</b><hr>Tipología: Transición Urbana (Vulnerabilidad Media, Servicios Básicos)<br>Pob: 3583.0<br>Score Infra: Media"
SANTA ISABEL SECCION 2,0.6312655884053547,0.45485161546172537,0.3574436223590668,0.09614520002259265,-0.5498909925314214,-0.6586974704539651,-0.31679235383650955,1.9142459730061934,0.7306973174726218,0.18853042945400297,-0.5454591245138511,-0.28378320797232354,0.32441586554464696,1.3457328875489067,-0.44690291629477147,-0.7611141943048213,0.4814441180865779,-0.2757577768833604,-0.5638211061914526,-0.4442133642925329,-1.1726039399558572,2.0230629019273323,-0.2968260885977624,0.2968260885977624,-0.6259910607986303,0.0,0.0,0.13762972525068312,-0.05799709006855937,-0.14807729739508216,-0.4865343860039344,-0.6046659617015194,0.39709002759836504,0.38408126418427146,-0.5508448775795894,"Transición Urbana (Vulnerabilidad Media, Servicios Básicos)",Baja,"<b>SANTA ISABEL SECCION 2</b><hr>Tipología: Transición Urbana (Vulnerabilidad Media, Servicios Básicos)<br>Pob: 6113.0<br>Score Infra: Baja"
SANTA ISABEL SECCION 3,0.21965345673434775,0.08246565567766537,-0.016046851733291463,-0.0740522604429331,1.819116132269644,2.1165396332070903,1.1123895894989762,-0.48584923172746025,0.2683965044200153,-0.19473719256359964,0.07322884518729988,-0.28378320797232354,1.682563641638338,0.9206047595374356,0.7964617654296945,1.4596217616264457,-0.4167327248757193,-0.2757577768833604,-0.5101250410737698,-0.03471979010218942,0.8528028654224415,-0.49430000374546906,-0.2968260885977624,0.2968260885977624,0.2217849380737185,0.0,0.0,-0.10508008027841091,0.23059729278008373,-0.023557839731482216,-0.3360366134606083,-0.15349069378869035,0.39709002759836504,0.8716256644016257,-0.5508448775795894,"Transición Urbana (Vulnerabilidad Media, Servicios Básicos)",Alta,"<b>SANTA ISABEL SECCION 3</b><hr>Tipología: Transición Urbana (Vulnerabilidad Media, Servicios Básicos)<br>Pob: 4047.0<br>Score Infra: Alta"
SANTA RITA,-0.3585161493204743,-0.28937025099002234,-0.30569252551920195,-0.3346671217807694,-0.35247373213133265,-0.31179283249633316,-0.31679235383650955,1.9142459730061934,0.2683965044200153,0.18853042945400297,0.952736253095799,-0.28378320797232354,-1.0337319105490443,-0.3816080985947862,-0.44690291629477147,-0.11059558095121787,3.2290985212218493,-0.2757577768833604,0.8353449334464569,-0.6477192617689459,0.8528028654224415,2.0230629019273323,-0.2968260885977624,0.2968260885977624,1.5044555278812177,0.0,0.0,-0.30531566983991343,0.001710259923610482,0.13543321570258926,0.5950179271678474,-0.040696876810483125,1.6956864290426572,-0.6519505862776066,1.8153931182840382,"Núcleo Consolidado (Alto Estándar, Alta Infraestructura)",Muy Alta,"<b>SANTA RITA</b><hr>Tipología: Núcleo Consolidado (Alto Estándar, Alta Infraestructura)<br>Pob: 1145.0<br>Score Infra: Muy Alta"
SARGENTO CABRAL,0.12999931382439944,0.07641507139756985,0.18975402174617126,0.3868991949845326,-0.35247373213133265,-0.31179283249633316,-0.31679235383650955,1.9142459730061934,-0.19390430863259123,-0.003103381554798346,-0.33922980128013414,-0.28378320797232354,0.32441586554464696,0.7988447617089092,-0.44690291629477147,-0.5517518819611329,1.1057865577067114,-0.2757577768833604,-0.6574056768251286,-0.3027519477540506,0.8528028654224415,2.0230629019273323,-0.2968260885977624,0.2968260885977624,-0.37794007189487777,0.0,0.0,-0.18396076707536646,0.5901319532445174,0.4026474035950614,-0.37535999664396563,-0.040696876810483125,1.6956864290426572,0.20454165373491215,-0.5508448775795894,"Transición Urbana (Vulnerabilidad Media, Servicios Básicos)",Media,"<b>SARGENTO CABRAL</b><hr>Tipología: Transición Urbana (Vulnerabilidad Media, Servicios Básicos)<br>Pob: 3597.0<br>Score Infra: Media"
SARMIENTO,-0.08716294344636417,-0.07484953560481789,-0.2752035072259482,-0.5332308256572161,0.4371953094690225,0.3820164434189307,0.3977986178312334,-0.48584923172746025,0.08347617919897267,0.7634318624804068,-0.405951052914572,-0.28378320797232354,0.32441586554464696,0.42634171750468325,1.0466282329238064,0.726853668423536,-0.4167327248757193,-0.2757577768833604,-0.3060799936265746,-0.152604303884258,0.8528028654224415,-0.49430000374546906,-0.2968260885977624,0.2968260885977624,-0.011232657563139853,0.0,0.0,-0.22036723790473056,0.2508275157064007,0.21852320134512468,-0.2636192939348216,-0.41669506570733705,0.39709002759836504,-0.14137940863521375,-0.5508448775795894,"Transición Urbana (Vulnerabilidad Media, Servicios Básicos)",Alta,"<b>SARMIENTO</b><hr>Tipología: Transición Urbana (Vulnerabilidad Media, Servicios Básicos)<br>Pob: 2507.0<br>Score Infra: Alta"
SEP,-0.3796346807614844,-0.3460257219763712,-0.3514260529590825,-0.4924543507540173,-0.15505647173124384,0.035111805461298766,-0.31679235383650955,-0.48584923172746025,-0.19390430863259123,0.3801642404628043,-0.3816887795929582,-0.28378320797232354,0.32441586554464696,-0.4816989442673892,-0.44690291629477147,0.6745130903376139,-0.4167327248757193,-0.2757577768833604,0.28764506924609096,0.5460165514768429,0.8528028654224415,-0.49430000374546906,-0.2968260885977624,0.2968260885977624,0.3474211532327621,0.0,0.0,-0.365993121222187,2.1102573385452548,1.4824269234786254,1.2007608432794379,0.5232722080805532,0.39709002759836504,0.4898659334075676,-0.5508448775795894,"Transición Urbana (Vulnerabilidad Media, Servicios Básicos)",Alta,"<b>SEP</b><hr>Tipología: Transición Urbana (Vulnerabilidad Media, Servicios Básicos)<br>Pob: 1039.0<br>Score Infra: Alta"
SEP SEGUNDA ETAPA,-0.06066516343075724,-0.08915091663049819,-0.28282576179926167,-0.5438681669363116,-0.5498909925314214,-0.6586974704539651,-0.31679235383650955,-0.48584923172746025,-0.47128479646415516,-0.19473719256359964,-0.5454591245138511,-0.28378320797232354,-1.0337319105490443,0.4799986657003053,-0.44690291629477147,-0.7611141943048213,-0.4167327248757193,-0.2757577768833604,-0.6926916624738916,-0.6477192617689459,-1.1726039399558572,-0.49430000374546906,-0.2968260885977624,0.2968260885977624,-1.0034366131781496,0.0,0.0,-0.3113834149781408,2.1690562657576815,1.5910290023596714,-0.4320975153144623,-0.6046659617015194,-0.9018959917281483,0.3515321351924876,-0.5508448775795894,"Transición Urbana (Vulnerabilidad Media, Servicios Básicos)",Muy Baja,"<b>SEP SEGUNDA ETAPA</b><hr>Tipología: Transición Urbana (Vulnerabilidad Media, Servicios Básicos)<br>Pob: 2640.0<br>Score Infra: Muy Baja"
SMATA,-0.13019693204313934,-0.17715941525006923,-0.3895373258256497,-0.8594426248828072,0.23977804906893374,0.7289210813765625,-0.31679235383650955,-0.48584923172746025,-0.6562051216851977,-0.38637100357240095,-0.06627922641197928,-0.28378320797232354,1.682563641638338,0.33347392255072145,-0.44690291629477147,0.5474002578432317,-0.4167327248757193,-0.2757577768833604,-0.7724686735058778,0.43557737540732616,0.8528028654224415,-0.49430000374546906,-0.2968260885977624,0.2968260885977624,-0.40317469630716435,0.0,0.0,-0.22036723790473056,0.10140904779970715,-0.12975249097610683,-0.349734317593785,1.6512103778626257,0.39709002759836504,0.9512671502325852,-0.5508448775795894,"Transición Urbana (Vulnerabilidad Media, Servicios Básicos)",Media,"<b>SMATA</b><hr>Tipología: Transición Urbana (Vulnerabilidad Media, Servicios Básicos)<br>Pob: 2291.0<br>Score Infra: Media"
SOLARES DE SANTA MARIA- ALTOS DE MANANTIALES,-0.45713570652141744,-0.39663060868262456,-0.39715958039896315,-0.8293034912587037,-0.5498909925314214,-0.6586974704539651,-0.31679235383650955,-0.48584923172746025,-1.0260457721272829,-0.7696386255900036,-0.5454591245138511,-0.28378320797232354,0.32441586554464696,-0.9646114780279914,-0.44690291629477147,-0.7611141943048213,-0.4167327248757193,-0.2757577768833604,-1.0409489990942924,1.260768971881806,-1.1726039399558572,-0.49430000374546906,-0.2968260885977624,-3.3689761055846037,-1.228937512181561,0.0,0.0,-0.23250272818118525,-0.04089612566407335,-0.08106882949848238,-0.3320724200163815,-0.6046659617015194,-2.20049239317244,-0.04373202165986299,-0.5508448775795894,"Transición Urbana (Vulnerabilidad Media, Servicios Básicos)",Muy Baja,"<b>SOLARES DE SANTA MARIA- ALTOS DE MANANTIALES</b><hr>Tipología: Transición Urbana (Vulnerabilidad Media, Servicios Básicos)<br>Pob: 650.0<br>Score Infra: Muy Baja"
SUAREZ,-0.027393514839731983,-0.08750075728138124,0.25835431290599215,1.106692621536652,0.23977804906893374,0.7289210813765625,-0.31679235383650955,-0.48584923172746025,-0.37882463385363385,-0.38637100357240095,-0.38775434792336166,-0.28378320797232354,-1.0337319105490443,0.5429423933913249,-0.44690291629477147,0.30812904373615907,-0.4167327248757193,-0.2757577768833604,-0.6589398501142052,-0.6477192617689459,0.8528028654224415,-0.49430000374546906,-0.2968260885977624,0.2968260885977624,-0.4488117830102356,0.0,0.0,-0.19002851221359382,0.1809605399991752,-0.028372695004324627,-0.384279431893476,1.6512103778626257,0.39709002759836504,0.7071486827942084,-0.5508448775795894,"Transición Urbana (Vulnerabilidad Media, Servicios Básicos)",Baja,"<b>SUAREZ</b><hr>Tipología: Transición Urbana (Vulnerabilidad Media, Servicios Básicos)<br>Pob: 2807.0<br>Score Infra: Baja"
TABLADA PARK,-0.43761102650991757,-0.3608771561184238,-0.4047818349722766,-0.9179480019178317,-0.5498909925314214,-0.6586974704539651,-0.31679235383650955,-0.48584923172746025,-0.37882463385363385,1.3383332955068108,-0.44234446289699264,-0.28378320797232354,-1.0337319105490443,-0.820150463655162,-0.44690291629477147,-0.7611141943048213,-0.4167327248757193,-0.2757577768833604,0.39503719948145666,-0.6477192617689459,-1.1726039399558572,-0.49430000374546906,-0.2968260885977624,0.2968260885977624,-0.2984778503412947,0.0,0.0,-0.23250272818118525,-0.9290052156641014,-0.7197079770722917,-0.3121452690422769,-0.6046659617015194,-0.9018959917281483,-0.7837053052283899,-0.5508448775795894,"Transición Urbana (Vulnerabilidad Media, Servicios Básicos)",Media,"<b>TABLADA PARK</b><hr>Tipología: Transición Urbana (Vulnerabilidad Media, Servicios Básicos)<br>Pob: 748.0<br>Score Infra: Media"
TALLERES ESTE,0.5175044426240648,0.43394959703957725,0.04493118485321601,-0.30630087836984843,0.23977804906893374,0.7289210813765625,-0.31679235383650955,-0.48584923172746025,0.6382371548621005,0.5717980514716056,-0.3574265062713445,-0.28378320797232354,1.682563641638338,1.2446101774879252,-0.44690291629477147,-0.22275396256390814,-0.4167327248757193,-0.2757577768833604,-0.5423426801443795,-0.19975810939708546,0.8528028654224415,-0.49430000374546906,-0.2968260885977624,0.2968260885977624,-0.6378030126511899,0.0,0.0,-0.03833488375791006,0.43345008759235953,0.3495946797307658,-0.46625328918659537,1.6512103778626257,0.39709002759836504,-0.05948718516120523,-0.5508448775795894,"Transición Urbana (Vulnerabilidad Media, Servicios Básicos)",Baja,"<b>TALLERES ESTE</b><hr>Tipología: Transición Urbana (Vulnerabilidad Media, Servicios Básicos)<br>Pob: 5542.0<br>Score Infra: Baja"
TALLERES OESTE,0.5938100798118653,0.5098569270989572,0.06779794857315631,-0.324029780501674,0.8320298302692002,1.7696349952494583,-0.31679235383650955,-0.48584923172746025,1.4703786183567922,0.9550656734892082,-0.5454591245138511,-0.28378320797232354,-1.0337319105490443,1.3137450915092082,-0.44690291629477147,0.12119840771500862,-0.4167327248757193,-0.2757577768833604,-0.34136597927533774,-0.6477192617689459,0.8528028654224415,-0.49430000374546906,-0.2968260885977624,0.2968260885977624,-0.33606133350852996,0.0,0.0,0.4410169821620506,-0.5987984328329586,-0.5045253911836288,-0.4888704285692824,3.343117632535735,0.39709002759836504,-0.11956456686412485,-0.5508448775795894,"Transición Urbana (Vulnerabilidad Media, Servicios Básicos)",Media,"<b>TALLERES OESTE</b><hr>Tipología: Transición Urbana (Vulnerabilidad Media, Servicios Básicos)<br>Pob: 5925.0<br>Score Infra: Media"
TALLERES SUD,0.19833569386464892,0.058263318557283325,0.7004450781581714,1.585372979095943,-0.5498909925314214,-0.6586974704539651,-0.31679235383650955,-0.48584923172746025,-0.6562051216851977,-0.5780048145812022,-0.4362788945665892,-0.28378320797232354,0.32441586554464696,0.8927444210512477,-0.44690291629477147,-0.7611141943048213,-0.4167327248757193,-0.2757577768833604,-0.8844633236084735,-0.3325332986042574,-1.1726039399558572,-0.49430000374546906,-0.2968260885977624,0.2968260885977624,-1.127462107630026,0.0,0.0,-0.11114782541663827,0.2200445304739137,-0.04947123644514485,-0.5172568851966924,-0.6046659617015194,-0.9018959917281483,0.9715237890200248,-0.5508448775795894,"Transición Urbana (Vulnerabilidad Media, Servicios Básicos)",Muy Baja,"<b>TALLERES SUD</b><hr>Tipología: Transición Urbana (Vulnerabilidad Media, Servicios Básicos)<br>Pob: 3940.0<br>Score Infra: Muy Baja"
TEJAS DEL SUR,-0.29695363785564316,-0.2833196667099268,-0.3666705621057094,-0.6998825056963768,-0.5498909925314214,-0.6586974704539651,-0.31679235383650955,-0.48584923172746025,-1.0260457721272829,-0.7696386255900036,-0.5272624195226409,-0.28378320797232354,-1.0337319105490443,-0.13499250977259752,-0.44690291629477147,-0.7611141943048213,-0.4167327248757193,-0.2757577768833604,-1.0409489990942924,-0.6477192617689459,-1.1726039399558572,-0.49430000374546906,-0.2968260885977624,-3.3689761055846037,-1.228937512181561,0.0,0.0,-0.23250272818118525,-0.40574412759983397,-0.43683430293007924,-0.5312023514201333,-0.6046659617015194,-2.20049239317244,0.5298598099878981,-0.5508448775795894,"Transición Urbana (Vulnerabilidad Media, Servicios Básicos)",Muy Baja,"<b>TEJAS DEL SUR</b><hr>Tipología: Transición Urbana (Vulnerabilidad Media, Servicios Básicos)<br>Pob: 1454.0<br>Score Infra: Muy Baja"
TEJAS II,-0.4497641436599328,-0.39663060868262456,-0.35904830753239597,-0.38608093796306364,-0.5498909925314214,-0.6586974704539651,-0.31679235383650955,-0.48584923172746025,-0.9335856095167617,-0.5780048145812022,-0.5454591245138511,-0.28378320797232354,-1.0337319105490443,-0.9078589366672372,-0.44690291629477147,-0.7611141943048213,-0.4167327248757193,-0.2757577768833604,-0.8169596988891008,-0.6477192617689459,-1.1726039399558572,-0.49430000374546906,-0.2968260885977624,0.2968260885977624,-1.0839726485365109,0.0,0.0,-0.11114782541663827,-1.186374085584474,-1.017293771407632,-0.5113105950303521,-0.6046659617015194,-0.9018959917281483,0.2765652583124756,-0.5508448775795894,"Transición Urbana (Vulnerabilidad Media, Servicios Básicos)",Muy Baja,"<b>TEJAS II</b><hr>Tipología: Transición Urbana (Vulnerabilidad Media, Servicios Básicos)<br>Pob: 687.0<br>Score Infra: Muy Baja"
TENIENTE BENJAMIN MATIENZO,0.782681474208823,0.6374692500973353,-0.06178037917317206,-0.5350037158703986,0.6346125698691113,0.035111805461298766,1.1123895894989762,-0.48584923172746025,0.5457769922515792,-0.003103381554798346,1.116506598016692,-0.28378320797232354,0.32441586554464696,1.467492885377435,2.043560275027207,-0.11059558095121787,-0.4167327248757193,-0.2757577768833604,-0.6620081966923587,-0.46779026704894655,0.8528028654224415,-0.49430000374546906,-0.2968260885977624,0.2968260885977624,-0.6592792887467529,0.0,0.0,0.1983071766329566,-0.042664078180449275,-0.0711391524694114,-0.4932593570253907,-0.8302535956579339,0.39709002759836504,0.05027955835363963,-0.5508448775795894,"Transición Urbana (Vulnerabilidad Media, Servicios Básicos)",Baja,"<b>TENIENTE BENJAMIN MATIENZO</b><hr>Tipología: Transición Urbana (Vulnerabilidad Media, Servicios Básicos)<br>Pob: 6873.0<br>Score Infra: Baja"
TEODORO FELDS,0.11904158524651688,0.18532558843928904,-0.3666705621057094,-0.8470323933905293,-0.15505647173124384,-0.31179283249633316,0.040503131997361934,-0.48584923172746025,1.1929981305252284,0.5717980514716056,1.4501128561888812,-0.28378320797232354,0.32441586554464696,0.7833667958832482,1.4200110202284506,-0.3423895696174443,-0.4167327248757193,-0.2757577768833604,-0.0007795091003202093,-0.29778838927901613,0.8528028654224415,-0.49430000374546906,-0.2968260885977624,0.2968260885977624,-0.34626256465392247,0.0,0.0,0.052681293315500206,-0.503320695922661,-0.3091332344701273,-0.45361742258312227,-0.6046659617015194,0.39709002759836504,-0.7958246617678839,-0.5508448775795894,"Transición Urbana (Vulnerabilidad Media, Servicios Básicos)",Media,"<b>TEODORO FELDS</b><hr>Tipología: Transición Urbana (Vulnerabilidad Media, Servicios Básicos)<br>Pob: 3542.0<br>Score Infra: Media"
TRANVIARIOS,-0.13936157776282296,-0.11060298816901863,-0.28282576179926167,-0.5243663745913033,-0.5498909925314214,-0.6586974704539651,-0.31679235383650955,-0.48584923172746025,0.8231574800831432,0.3801642404628043,-0.4726723045490099,-0.28378320797232354,0.32441586554464696,0.31283663478317386,-0.44690291629477147,-0.7611141943048213,-0.4167327248757193,-0.2757577768833604,0.3259994014730073,-0.09552338142136164,-1.1726039399558572,-0.49430000374546906,-0.2968260885977624,0.2968260885977624,-0.3430411232395879,0.0,0.0,-0.2385704733194126,0.24214217296058949,0.24660995072586916,-0.31490604661950633,-0.6046659617015194,-0.9018959917281483,-0.2720953255968977,-0.5508448775795894,"Transición Urbana (Vulnerabilidad Media, Servicios Básicos)",Media,"<b>TRANVIARIOS</b><hr>Tipología: Transición Urbana (Vulnerabilidad Media, Servicios Básicos)<br>Pob: 2245.0<br>Score Infra: Media"
UOCRA,-0.20690103208831734,-0.18651031822839867,-0.21422547063944075,-0.15560521024933086,0.04236078866884495,0.3820164434189307,-0.31679235383650955,-0.48584923172746025,0.4533168296410579,-0.38637100357240095,-0.11480377305520681,-0.28378320797232354,0.32441586554464696,0.14361087508928794,-0.44690291629477147,0.4128101999080034,-0.4167327248757193,-0.2757577768833604,0.24622239044102132,0.003747788079327639,0.8528028654224415,-0.49430000374546906,-0.2968260885977624,0.2968260885977624,0.190107430832763,0.0,0.0,-0.21429949276650323,-0.2074471433791633,-0.1967378715647158,-0.22942812547836508,1.0872412929715896,0.39709002759836504,-0.0006217391122344746,-0.5508448775795894,"Transición Urbana (Vulnerabilidad Media, Servicios Básicos)",Alta,"<b>UOCRA</b><hr>Tipología: Transición Urbana (Vulnerabilidad Media, Servicios Básicos)<br>Pob: 1906.0<br>Score Infra: Alta"
URCA,0.07242143093334377,0.08356576191041,-0.2599589980793213,-0.6041464341845185,0.4371953094690225,0.3820164434189307,0.3977986178312334,-0.48584923172746025,0.17593634180949397,-0.19473719256359964,0.34617942005545477,-0.28378320797232354,-1.0337319105490443,0.7121681530852099,1.0466282329238064,0.36794684726292726,-0.4167327248757193,-0.2757577768833604,-0.4380188964871669,-0.6477192617689459,0.8528028654224415,-0.49430000374546906,-0.2968260885977624,0.2968260885977624,-0.2753908535385645,0.0,0.0,-0.0019284129285459283,-0.44325146270224713,-0.3381051096708566,-0.4359555250057188,-0.41669506570733705,0.39709002759836504,-0.33303837562406713,-0.5508448775795894,"Transición Urbana (Vulnerabilidad Media, Servicios Básicos)",Media,"<b>URCA</b><hr>Tipología: Transición Urbana (Vulnerabilidad Media, Servicios Básicos)<br>Pob: 3308.0<br>Score Infra: Media"
URITORCO,-0.4870204208247335,-0.39663060868262456,-0.39715958039896315,-0.8293034912587037,-0.5498909925314214,-0.6586974704539651,-0.31679235383650955,-0.48584923172746025,-0.10144414602206994,0.5717980514716056,-0.29677082296731006,-0.28378320797232354,-1.0337319105490443,-1.2349599477828588,-0.44690291629477147,-0.7611141943048213,-0.4167327248757193,-0.2757577768833604,2.0273975790590177,-0.6477192617689459,-1.1726039399558572,-0.49430000374546906,-0.2968260885977624,0.2968260885977624,0.7597656542675713,0.0,0.0,-0.3538576309457323,-0.18635986027144655,0.15298743406555457,1.1075669027557837,-0.6046659617015194,-0.9018959917281483,-1.3422345080342082,1.8153931182840382,"Núcleo Consolidado (Alto Estándar, Alta Infraestructura)",Muy Alta,"<b>URITORCO</b><hr>Tipología: Núcleo Consolidado (Alto Estándar, Alta Infraestructura)<br>Pob: 500.0<br>Score Infra: Muy Alta"
URQUIZA,0.5246767740568606,0.352541735816474,0.8147788967578729,0.8974915763811099,-0.35247373213133265,-0.31179283249633316,-0.31679235383650955,1.9142459730061934,-0.6562051216851977,-0.38637100357240095,-0.44234446289699264,-0.28378320797232354,0.32441586554464696,1.251833228206568,-0.44690291629477147,-0.626524136369593,0.5635944390892271,-0.2757577768833604,-0.9304885222807733,-0.4256000200111536,0.8528028654224415,2.0230629019273323,-0.2968260885977624,0.2968260885977624,-0.7693452037365132,0.0,0.0,-0.06867360944904678,0.621292240861034,0.34397732985461693,-0.476128378212839,-0.040696876810483125,1.6956864290426572,0.5122001761732066,-0.5508448775795894,"Transición Urbana (Vulnerabilidad Media, Servicios Básicos)",Baja,"<b>URQUIZA</b><hr>Tipología: Transición Urbana (Vulnerabilidad Media, Servicios Básicos)<br>Pob: 5578.0<br>Score Infra: Baja"
VALLE DEL CERRO,-0.44697490365828996,-0.38782975882066745,-0.4047818349722766,-0.9179480019178317,-0.35247373213133265,-0.6586974704539651,0.040503131997361934,-0.48584923172746025,-0.5637449590746765,-0.38637100357240095,-0.15119718303762747,-0.28378320797232354,0.32441586554464696,-0.8872216488996896,3.286924956751673,0.30812904373615907,-0.4167327248757193,-0.2757577768833604,0.05291655601736266,1.1230302241995995,0.8528028654224415,-0.49430000374546906,-0.2968260885977624,0.2968260885977624,0.012928153044368526,0.0,0.0,-0.25677370873409466,-0.8772473432158675,-0.7457885461182684,-0.19006934771068434,-0.8866505041470376,0.39709002759836504,-0.05169617024295886,-0.5508448775795894,"Transición Urbana (Vulnerabilidad Media, Servicios Básicos)",Alta,"<b>VALLE DEL CERRO</b><hr>Tipología: Transición Urbana (Vulnerabilidad Media, Servicios Básicos)<br>Pob: 701.0<br>Score Infra: Alta"
VASQUEZ,-0.4870204208247335,-0.39663060868262456,-0.30569252551920195,0.23443063665083239,-0.5498909925314214,-0.6586974704539651,-0.31679235383650955,-0.48584923172746025,-0.6562051216851977,-0.5780048145812022,-0.5454591245138511,-0.28378320797232354,-1.0337319105490443,-1.2349599477828588,-0.44690291629477147,-0.7611141943048213,-0.4167327248757193,-0.2757577768833604,0.18638963216703167,-0.6477192617689459,-1.1726039399558572,-0.49430000374546906,-0.2968260885977624,0.2968260885977624,-0.4337783897433415,0.0,0.0,-0.35992537608395964,-0.0010691103525388662,0.35360709657380013,0.21764086911118147,-0.6046659617015194,-0.9018959917281483,-1.3422345080342082,-0.5508448775795894,"Transición Urbana (Vulnerabilidad Media, Servicios Básicos)",Media,"<b>VASQUEZ</b><hr>Tipología: Transición Urbana (Vulnerabilidad Media, Servicios Básicos)<br>Pob: 500.0<br>Score Infra: Media"
VICOR,-0.4870204208247335,-0.39663060868262456,-0.38191507125233626,-0.6520144699404476,0.04236078866884495,0.3820164434189307,-0.31679235383650955,1.9142459730061934,-0.10144414602206994,-0.38637100357240095,-0.10873820472480336,-0.28378320797232354,1.682563641638338,-1.2349599477828588,-0.44690291629477147,2.830571046205563,3.2290985212218493,-0.2757577768833604,2.0273975790590177,4.3158392132655194,0.8528028654224415,2.0230629019273323,-0.2968260885977624,0.2968260885977624,3.7422834970388807,0.0,0.0,-0.3720608663604143,0.5918613267425825,0.9955899154878886,6.023166773597065,1.0872412929715896,1.6956864290426572,-1.3422345080342082,1.8153931182840382,"Núcleo Consolidado (Alto Estándar, Alta Infraestructura)",Muy Alta,"<b>VICOR</b><hr>Tipología: Núcleo Consolidado (Alto Estándar, Alta Infraestructura)<br>Pob: 500.0<br>Score Infra: Muy Alta"
VILLA 4 DE AGOSTO,-0.26388122069330666,-0.3256737566705954,0.21262078546611154,3.4469077029376316,-0.5498909925314214,-0.6586974704539651,-0.31679235383650955,1.9142459730061934,-0.6562051216851977,-0.5780048145812022,-0.5454591245138511,-0.28378320797232354,-1.0337319105490443,-0.02355115582784353,-0.44690291629477147,-0.7611141943048213,2.962383812366582,-0.2757577768833604,-0.6620081966923587,-0.6477192617689459,-1.1726039399558572,2.0230629019273323,-0.2968260885977624,0.2968260885977624,0.1224571611317396,0.0,0.0,-0.3417221406692776,1.8785203559391108,0.5967580742813171,0.3596793360012021,-0.6046659617015194,0.39709002759836504,2.8545255279276764,-0.5508448775795894,"Transición Urbana (Vulnerabilidad Media, Servicios Básicos)",Alta,"<b>VILLA 4 DE AGOSTO</b><hr>Tipología: Transición Urbana (Vulnerabilidad Media, Servicios Básicos)<br>Pob: 1620.0<br>Score Infra: Alta"
VILLA 9 DE JULIO,1.1490680715674784,0.804135344358148,1.6379823906757236,1.0765534879125485,-0.15505647173124384,0.035111805461298766,-0.31679235383650955,4.3143411777398475,-0.10144414602206994,-0.38637100357240095,2.3174891274365734,-0.28378320797232354,1.682563641638338,1.7120447454228682,-0.44690291629477147,-0.589138009165363,0.8429055304982341,-0.2757577768833604,-0.8645190708504772,-0.3623146494544642,0.8528028654224415,2.0230629019273323,-0.2968260885977624,0.2968260885977624,-0.616863643458016,0.0,0.0,0.8050816904556916,-0.5748708291657255,-0.5786794651636827,-0.5109212546027943,0.5232722080805532,1.6956864290426572,0.6590175239659325,-0.5508448775795894,"Transición Urbana (Vulnerabilidad Media, Servicios Básicos)",Baja,"<b>VILLA 9 DE JULIO</b><hr>Tipología: Transición Urbana (Vulnerabilidad Media, Servicios Básicos)<br>Pob: 8712.0<br>Score Infra: Baja"
VILLA ADELA,0.14733244812032278,0.09181655865599479,0.022064421133275707,-0.004909542128813163,1.4242816114694665,2.1165396332070903,0.3977986178312334,1.9142459730061934,0.2683965044200153,-0.19473719256359964,1.1407688713383057,-0.28378320797232354,0.32441586554464696,0.8236095070299648,0.2998626583145174,1.2652139001644493,1.0674497412388084,-0.2757577768833604,-0.4579631492451635,-0.3114381750853609,0.8528028654224415,2.0230629019273323,-0.2968260885977624,0.2968260885977624,0.6443306702539201,0.0,0.0,-0.08080909972550149,-0.04089612566407335,-0.09820348799919805,-0.29819980281883607,0.5232722080805532,1.6956864290426572,0.1917297625360185,-0.5508448775795894,"Transición Urbana (Vulnerabilidad Media, Servicios Básicos)",Alta,"<b>VILLA ADELA</b><hr>Tipología: Transición Urbana (Vulnerabilidad Media, Servicios Básicos)<br>Pob: 3684.0<br>Score Infra: Alta"
VILLA ALBERDI,-0.18538403778992973,-0.20576217730142984,-0.0694026337464855,0.5074557294809465,-0.35247373213133265,-0.31179283249633316,-0.31679235383650955,-0.48584923172746025,0.3608566670305366,0.3801642404628043,-0.47873787287941333,-0.28378320797232354,-1.0337319105490443,0.20036341645004216,-0.44690291629477147,-0.3872529222625205,-0.4167327248757193,-0.2757577768833604,0.10201010126781566,-0.6477192617689459,0.8528028654224415,-0.49430000374546906,-0.2968260885977624,0.2968260885977624,-0.30169929175562926,0.0,0.0,-0.22036723790473056,-0.0902063160823459,-0.22711992627835348,-0.32743572947000904,-0.040696876810483125,0.39709002759836504,0.7040322768269103,-0.5508448775795894,"Transición Urbana (Vulnerabilidad Media, Servicios Básicos)",Media,"<b>VILLA ALBERDI</b><hr>Tipología: Transición Urbana (Vulnerabilidad Media, Servicios Básicos)<br>Pob: 2014.0<br>Score Infra: Media"
VILLA ALBERTO,-0.4121094036377545,-0.39663060868262456,-0.21422547063944075,1.2981647645603684,0.04236078866884495,0.3820164434189307,-0.31679235383650955,-0.48584923172746025,-0.5637449590746765,-0.5780048145812022,-0.5272624195226409,-0.28378320797232354,0.32441586554464696,-0.6571158902915395,-0.44690291629477147,1.7960969064645165,-0.4167327248757193,-0.2757577768833604,-0.16493605103152234,0.7693766828533939,0.8528028654224415,-0.49430000374546906,-0.2968260885977624,0.2968260885977624,0.613190069915354,0.0,0.0,-0.08080909972550149,-1.140390510581059,-1.0393745626477955,-0.30205781251009256,1.0872412929715896,0.39709002759836504,1.9126783911441503,1.8153931182840382,"Núcleo Consolidado (Alto Estándar, Alta Infraestructura)",Alta,"<b>VILLA ALBERTO</b><hr>Tipología: Núcleo Consolidado (Alto Estándar, Alta Infraestructura)<br>Pob: 876.0<br>Score Infra: Alta"
VILLA ALICIA RISLER,0.02341049947590538,-0.06824889820835006,0.3574436223590668,1.3070292156262815,-0.15505647173124384,0.035111805461298766,-0.31679235383650955,-0.48584923172746025,-0.008983983411548631,-0.5780048145812022,-0.029885816429558624,-0.28378320797232354,0.32441586554464696,0.6327145951801536,-0.44690291629477147,-0.27509454064983024,-0.4167327248757193,-0.2757577768833604,-0.4901807883157732,-0.2419483564348784,0.8528028654224415,-0.49430000374546906,-0.2968260885977624,0.2968260885977624,-0.6297494091153537,0.0,0.0,-0.15968978652245705,0.10521367779647635,-0.1320930721490018,-0.4324514611576969,0.5232722080805532,0.39709002759836504,0.9810461405867701,-0.5508448775795894,"Transición Urbana (Vulnerabilidad Media, Servicios Básicos)",Baja,"<b>VILLA ALICIA RISLER</b><hr>Tipología: Transición Urbana (Vulnerabilidad Media, Servicios Básicos)<br>Pob: 3062.0<br>Score Infra: Baja"
VILLA ALLENDE PARQUE,0.5292590969167025,0.3250390799978581,0.6470892961449772,0.7007007627178459,0.04236078866884495,0.3820164434189307,-0.31679235383650955,1.9142459730061934,1.655298943577835,-0.19473719256359964,-0.029885816429558624,-0.28378320797232354,0.32441586554464696,1.2559606857600771,-0.44690291629477147,-0.3573440204991364,0.5635944390892271,-0.2757577768833604,-0.2462472353525851,-0.4256000200111536,0.8528028654224415,2.0230629019273323,-0.2968260885977624,0.2968260885977624,-0.19163337676586886,0.0,0.0,0.3924750210562319,-0.596104210330951,-0.6029963548690449,-0.4789953395430388,1.0872412929715896,1.6956864290426572,0.7429873514181405,-0.5508448775795894,"Transición Urbana (Vulnerabilidad Media, Servicios Básicos)",Media,"<b>VILLA ALLENDE PARQUE</b><hr>Tipología: Transición Urbana (Vulnerabilidad Media, Servicios Básicos)<br>Pob: 5601.0<br>Score Infra: Media"
VILLA ARGENTINA,-0.39417857505576487,-0.3344746065325525,-0.38191507125233626,-0.7477505414523059,-0.5498909925314214,-0.6586974704539651,-0.31679235383650955,-0.48584923172746025,-0.37882463385363385,-0.19473719256359964,0.03683543520487923,-0.28378320797232354,-1.0337319105490443,-0.5570250446189365,-0.44690291629477147,-0.7611141943048213,-0.4167327248757193,-0.2757577768833604,0.07132663548628254,-0.6477192617689459,-1.1726039399558572,-0.49430000374546906,-0.2968260885977624,0.2968260885977624,-0.5078715422730339,0.0,0.0,-0.32351890525459553,0.05868003530551487,0.10113496934929572,-0.1655409007745308,-0.6046659617015194,-0.9018959917281483,-0.32715183101917,-0.5508448775795894,"Transición Urbana (Vulnerabilidad Media, Servicios Básicos)",Baja,"<b>VILLA ARGENTINA</b><hr>Tipología: Transición Urbana (Vulnerabilidad Media, Servicios Básicos)<br>Pob: 966.0<br>Score Infra: Baja"
VILLA ASPACIA,-0.12461845203985368,-0.1727589903190907,-0.07702488831979894,0.3372582690154209,-0.5498909925314214,-0.6586974704539651,-0.31679235383650955,-0.48584923172746025,-0.28636447124311254,-0.38637100357240095,-0.2300495713328722,-0.28378320797232354,0.32441586554464696,0.3458562952112493,-0.44690291629477147,-0.7611141943048213,-0.4167327248757193,-0.2757577768833604,-0.5116592143628463,-0.11289583608398235,-1.1726039399558572,-0.49430000374546906,-0.2968260885977624,0.2968260885977624,-0.8858540015549423,0.0,0.0,-0.15362204138422972,-0.3096098417910414,-0.41970823897467396,-0.47602219445986865,-0.6046659617015194,-0.9018959917281483,0.9438224026440387,-0.5508448775795894,"Transición Urbana (Vulnerabilidad Media, Servicios Básicos)",Muy Baja,"<b>VILLA ASPACIA</b><hr>Tipología: Transición Urbana (Vulnerabilidad Media, Servicios Básicos)<br>Pob: 2319.0<br>Score Infra: Muy Baja"
VILLA AVALOS,-0.3148844664376328,-0.3141226412267767,0.2659765674793056,3.5390979940231246,-0.5498909925314214,-0.6586974704539651,-0.31679235383650955,-0.48584923172746025,-1.0260457721272829,-0.7696386255900036,-0.44234446289699264,-0.28378320797232354,1.682563641638338,-0.20103183062874833,-0.44690291629477147,-0.7611141943048213,-0.4167327248757193,-0.2757577768833604,-1.0409489990942924,1.1714249193311856,-1.1726039399558572,-0.49430000374546906,-0.2968260885977624,-3.3689761055846037,-1.228937512181561,0.0,0.0,0.028410312762590786,-1.0847120843080382,-0.9744384474675045,-0.5312023514201333,-0.6046659617015194,-2.20049239317244,1.076615923583922,-0.5508448775795894,"Transición Urbana (Vulnerabilidad Media, Servicios Básicos)",Muy Baja,"<b>VILLA AVALOS</b><hr>Tipología: Transición Urbana (Vulnerabilidad Media, Servicios Básicos)<br>Pob: 1364.0<br>Score Infra: Muy Baja"
VILLA AZALAIS,0.9434612371606635,0.7172269519713216,0.6623338052916041,0.19719994217399864,1.029447090669289,1.4227303572918264,0.3977986178312334,1.9142459730061934,-0.28636447124311254,-0.5780048145812022,-0.21791843467206531,-0.28378320797232354,0.32441586554464696,1.5820298324873203,0.48655405196683954,0.016517251543164455,0.2952367238139066,-0.2757577768833604,-0.8813949770303202,-0.48640361133032584,0.8528028654224415,2.0230629019273323,-0.2968260885977624,0.2968260885977624,-0.5051870077610885,0.0,0.0,0.13156198011245576,0.327737766702273,0.16894581950220464,-0.4769778482366019,0.14727401918369923,1.6956864290426572,0.3054785803424113,-0.5508448775795894,"Transición Urbana (Vulnerabilidad Media, Servicios Básicos)",Baja,"<b>VILLA AZALAIS</b><hr>Tipología: Transición Urbana (Vulnerabilidad Media, Servicios Básicos)<br>Pob: 7680.0<br>Score Infra: Baja"
VILLA AZALAIS ANEXO,-0.4870204208247335,-0.39663060868262456,-0.30569252551920195,0.23443063665083239,-0.5498909925314214,-0.6586974704539651,-0.31679235383650955,-0.48584923172746025,-0.8411254469062404,-0.38637100357240095,-0.5454591245138511,-0.28378320797232354,-1.0337319105490443,-1.2349599477828588,-0.44690291629477147,-0.7611141943048213,-0.4167327248757193,-0.2757577768833604,-0.4272796834636304,-0.6477192617689459,-1.1726039399558572,-0.49430000374546906,-0.2968260885977624,0.2968260885977624,-0.8310894975112567,0.0,0.0,-0.32351890525459553,-0.6852196051149567,-0.3871423833231848,-0.3294532207764459,-0.6046659617015194,-0.9018959917281483,-1.3422345080342082,-0.5508448775795894,"Transición Urbana (Vulnerabilidad Media, Servicios Básicos)",Muy Baja,"<b>VILLA AZALAIS ANEXO</b><hr>Tipología: Transición Urbana (Vulnerabilidad Media, Servicios Básicos)<br>Pob: 500.0<br>Score Infra: Muy Baja"
VILLA AZALAIS OESTE,-0.3632977036090049,-0.33117428783431857,-0.2980702709458885,-0.13964919833068784,0.6346125698691113,1.4227303572918264,-0.31679235383650955,1.9142459730061934,-0.19390430863259123,-0.19473719256359964,-0.47873787287941333,-0.28378320797232354,-1.0337319105490443,-0.4032772507507106,-0.44690291629477147,2.830571046205563,3.2290985212218493,-0.2757577768833604,0.19099215203426154,-0.6477192617689459,0.8528028654224415,2.0230629019273323,-0.2968260885977624,0.2968260885977624,2.5524978013446913,0.0,0.0,-0.2689091990105494,-0.42595766546390146,-0.43683430293007924,0.6019198711109208,2.7791485476446987,1.6956864290426572,0.41351398720875643,1.8153931182840382,"Núcleo Consolidado (Alto Estándar, Alta Infraestructura)",Muy Alta,"<b>VILLA AZALAIS OESTE</b><hr>Tipología: Núcleo Consolidado (Alto Estándar, Alta Infraestructura)<br>Pob: 1121.0<br>Score Infra: Muy Alta"
VILLA BELGRANO,0.439804185435443,0.3481413108854955,-0.22184772521275417,-0.6449229090877174,1.4242816114694665,0.035111805461298766,2.541571532834462,-0.48584923172746025,0.4533168296410579,-0.19473719256359964,1.9838828692643842,-0.28378320797232354,-1.0337319105490443,1.1692840771363797,2.5401593821423845,0.6894675412193059,-0.4167327248757193,-0.2757577768833604,-0.5638211061914526,-0.6477192617689459,0.8528028654224415,-0.49430000374546906,-0.2968260885977624,0.2968260885977624,-0.19700244578975962,0.0,0.0,1.1691463987493327,-1.0705873905162986,-0.9143090424027351,-0.5049395698521305,-0.9806641505983733,0.39709002759836504,0.06932426148713024,-0.5508448775795894,"Transición Urbana (Vulnerabilidad Media, Servicios Básicos)",Media,"<b>VILLA BELGRANO</b><hr>Tipología: Transición Urbana (Vulnerabilidad Media, Servicios Básicos)<br>Pob: 5152.0<br>Score Infra: Media"
VILLA BUSTOS,-0.14454159490873109,-0.2107126553487807,0.006819911986648839,0.8620337721174586,0.4371953094690225,1.0758257193341945,-0.31679235383650955,1.9142459730061934,-0.10144414602206994,-0.38637100357240095,-0.405951052914572,-0.28378320797232354,0.32441586554464696,0.30045426212264603,-0.44690291629477147,0.9212615298855324,2.053253593270598,-0.2757577768833604,-0.34903684572072097,-0.08807804370880999,0.8528028654224415,2.0230629019273323,-0.2968260885977624,0.2968260885977624,0.866073220940608,0.0,0.0,-0.20823174762827587,-0.04433449364138624,-0.3069330870441361,-0.09960079017993607,2.215179462753662,1.6956864290426572,1.470321877452624,-0.5508448775795894,"Transición Urbana (Vulnerabilidad Media, Servicios Básicos)",Muy Alta,"<b>VILLA BUSTOS</b><hr>Tipología: Transición Urbana (Vulnerabilidad Media, Servicios Básicos)<br>Pob: 2219.0<br>Score Infra: Muy Alta"
VILLA CABRERA,0.6958165713005176,0.778282847888649,-0.19135870691950044,-0.7052011763359244,1.029447090669289,0.7289210813765625,1.1123895894989762,-0.48584923172746025,0.3608566670305366,1.7216009175244136,4.034044964940747,-0.28378320797232354,0.32441586554464696,1.3993898357445287,1.4200110202284506,0.16606176036008477,-0.4167327248757193,-0.2757577768833604,-0.6834866227394317,-0.45538137086136043,0.8528028654224415,-0.49430000374546906,-0.2968260885977624,0.2968260885977624,-0.5352537942948766,0.0,0.0,0.28325560856813947,-0.301233566995582,-0.09009967437387045,-0.49074634153842545,-0.6046659617015194,0.39709002759836504,-0.8997048606778316,-0.5508448775795894,"Transición Urbana (Vulnerabilidad Media, Servicios Básicos)",Baja,"<b>VILLA CABRERA</b><hr>Tipología: Transición Urbana (Vulnerabilidad Media, Servicios Básicos)<br>Pob: 6437.0<br>Score Infra: Baja"
VILLA CENTENARIO,-0.12222767489558839,-0.04074624238973411,-0.30569252551920195,-0.6466957993008999,0.04236078866884495,0.3820164434189307,-0.31679235383650955,-0.48584923172746025,-0.7486652842957191,0.9550656734892082,-0.44234446289699264,-0.28378320797232354,-1.0337319105490443,0.35101561715313595,-0.44690291629477147,0.2034478875643149,-0.4167327248757193,-0.2757577768833604,-0.8430406448034039,-0.6477192617689459,0.8528028654224415,-0.49430000374546906,-0.2968260885977624,0.2968260885977624,-0.6200850848723505,0.0,0.0,-0.10508008027841091,-0.49616600011259887,-0.28035100100121685,-0.4492992832956609,1.0872412929715896,0.39709002759836504,-0.9057645389475784,-0.5508448775795894,"Transición Urbana (Vulnerabilidad Media, Servicios Básicos)",Baja,"<b>VILLA CENTENARIO</b><hr>Tipología: Transición Urbana (Vulnerabilidad Media, Servicios Básicos)<br>Pob: 2331.0<br>Score Infra: Baja"
VILLA CLARET,-0.4870204208247335,-0.39663060868262456,-0.37429281667902287,-0.5633699592813196,-0.35247373213133265,-0.6586974704539651,0.040503131997361934,-0.48584923172746025,-0.008983983411548631,-0.003103381554798346,-0.47873787287941333,-0.28378320797232354,-1.0337319105490443,-1.2349599477828588,3.286924956751673,0.7343308938643821,-0.4167327248757193,-0.2757577768833604,2.3342322368743487,-0.6477192617689459,0.8528028654224415,-0.49430000374546906,-0.2968260885977624,0.2968260885977624,1.7036479886675644,0.0,0.0,-0.365993121222187,0.24598523670771466,0.6210999050201294,2.6908728432968485,-0.8866505041470376,0.39709002759836504,-1.3422345080342082,1.8153931182840382,"Núcleo Consolidado (Alto Estándar, Alta Infraestructura)",Muy Alta,"<b>VILLA CLARET</b><hr>Tipología: Núcleo Consolidado (Alto Estándar, Alta Infraestructura)<br>Pob: 500.0<br>Score Infra: Muy Alta"
VILLA CLAUDINA,-0.4870204208247335,-0.39663060868262456,-0.35904830753239597,-0.38608093796306364,0.04236078866884495,0.3820164434189307,-0.31679235383650955,-0.48584923172746025,-0.19390430863259123,-0.38637100357240095,-0.5454591245138511,-0.28378320797232354,-1.0337319105490443,-1.2349599477828588,-0.44690291629477147,2.830571046205563,-0.4167327248757193,-0.2757577768833604,1.7205629212436866,-0.6477192617689459,0.8528028654224415,-0.49430000374546906,-0.2968260885977624,0.2968260885977624,2.350620806046399,0.0,0.0,-0.37812861149864163,1.110675451418602,1.5573249031027778,5.36818999069155,1.0872412929715896,0.39709002759836504,-1.3422345080342082,1.8153931182840382,"Núcleo Consolidado (Alto Estándar, Alta Infraestructura)",Muy Alta,"<b>VILLA CLAUDINA</b><hr>Tipología: Núcleo Consolidado (Alto Estándar, Alta Infraestructura)<br>Pob: 500.0<br>Score Infra: Muy Alta"
VILLA CORINA,0.33421152823039274,0.24858169682210574,0.18975402174617126,0.0890536391698624,0.8320298302692002,-0.31179283249633316,1.8269805611667191,-0.48584923172746025,0.3608566670305366,-0.38637100357240095,-0.3149675279585204,-0.28378320797232354,0.32441586554464696,1.0578427231916248,2.7529875709060314,0.36794684726292726,-0.4167327248757193,-0.2757577768833604,-0.5423426801443795,-0.3796871041170848,0.8528028654224415,-0.49430000374546906,-0.2968260885977624,0.2968260885977624,-0.3430411232395879,0.0,0.0,-0.05653811917259213,0.19938298623690598,0.10174141844192477,-0.42873502980373424,-1.0075090790391865,0.39709002759836504,0.1577955642254355,-0.5508448775795894,"Transición Urbana (Vulnerabilidad Media, Servicios Básicos)",Media,"<b>VILLA CORINA</b><hr>Tipología: Transición Urbana (Vulnerabilidad Media, Servicios Básicos)<br>Pob: 4622.0<br>Score Infra: Media"
VILLA CORNU,0.8625732771130213,0.5428601140812964,0.6928228235848579,0.42058410903500115,0.04236078866884495,0.3820164434189307,-0.31679235383650955,-0.48584923172746025,-1.0260457721272829,-0.7696386255900036,-0.46660673621860643,-0.28378320797232354,-1.0337319105490443,1.525277291126566,-0.44690291629477147,-0.4545479512301347,-0.4167327248757193,-0.2757577768833604,-1.0409489990942924,-0.6477192617689459,0.8528028654224415,-0.49430000374546906,-0.2968260885977624,-3.3689761055846037,-1.0759190450006748,0.0,0.0,0.058749038453727566,0.502843738797361,0.15890042506568516,-0.517929382298838,1.0872412929715896,-0.9018959917281483,0.9299717094560457,-0.5508448775795894,"Transición Urbana (Vulnerabilidad Media, Servicios Básicos)",Muy Baja,"<b>VILLA CORNU</b><hr>Tipología: Transición Urbana (Vulnerabilidad Media, Servicios Básicos)<br>Pob: 7274.0<br>Score Infra: Muy Baja"
VILLA CORONEL OLMEDO,0.15430554812442987,0.07201464646659131,0.09828696686641004,0.19365416174763342,0.6346125698691113,1.4227303572918264,-0.31679235383650955,1.9142459730061934,1.100537967914707,-0.003103381554798346,-0.26644298131529287,-0.28378320797232354,0.32441586554464696,0.8328962865253613,-0.44690291629477147,0.44271910167138745,1.056496365105122,-0.2757577768833604,-0.09282990644491959,-0.31391995432287817,0.8528028654224415,2.0230629019273323,-0.2968260885977624,0.2968260885977624,0.4676882993679147,0.0,0.0,-0.1293510608313203,0.23168902296635716,0.06186154855769437,-0.2826615803008398,2.7791485476446987,1.6956864290426572,0.45004519049208824,-0.5508448775795894,"Transición Urbana (Vulnerabilidad Media, Servicios Básicos)",Alta,"<b>VILLA CORONEL OLMEDO</b><hr>Tipología: Transición Urbana (Vulnerabilidad Media, Servicios Básicos)<br>Pob: 3719.0<br>Score Infra: Alta"
VILLA EL LIBERTADOR,11.097888694570095,7.789259869170228,15.571463750692681,1.546369394405927,4.582957777870887,5.238681374825778,2.898867018668334,1.9142459730061934,0.9156176426936644,0.3801642404628043,0.33404828339464787,2.831525786212739,-1.0337319105490443,3.678778269670106,0.845001527779298,-0.43211627490759663,-0.3236290277393835,0.18803110015393215,-0.9857187606875327,-0.6477192617689459,0.8528028654224415,2.0230629019273323,3.368976105584603,0.2968260885977624,-0.9336387158675701,0.0,0.0,3.857157494984049,0.2503604377262373,-0.044500050325249244,-0.5284415738429039,-0.15349069378869035,1.6956864290426572,1.0618995620716791,-0.5508448775795894,"Transición Urbana (Vulnerabilidad Media, Servicios Básicos)",Muy Baja,"<b>VILLA EL LIBERTADOR</b><hr>Tipología: Transición Urbana (Vulnerabilidad Media, Servicios Básicos)<br>Pob: 58648.0<br>Score Infra: Muy Baja"
VILLA ESQUIU,-0.420477123642683,-0.3834293338896889,-0.26758125265263477,0.5074557294809465,0.23977804906893374,0.7289210813765625,-0.31679235383650955,1.9142459730061934,-0.37882463385363385,-0.5780048145812022,-0.5454591245138511,-0.28378320797232354,-1.0337319105490443,-0.708709109710407,-0.44690291629477147,2.8279540173012667,3.2290985212218493,-0.2757577768833604,0.24622239044102132,-0.6477192617689459,0.8528028654224415,2.0230629019273323,-0.2968260885977624,0.2968260885977624,2.586859843097592,0.0,0.0,1.4968046362136096,-1.4280991947086203,-1.2111491897155153,-0.4508212504215694,1.6512103778626257,1.6956864290426572,0.7755364804099236,1.8153931182840382,"Núcleo Consolidado (Alto Estándar, Alta Infraestructura)",Muy Alta,"<b>VILLA ESQUIU</b><hr>Tipología: Núcleo Consolidado (Alto Estándar, Alta Infraestructura)<br>Pob: 834.0<br>Score Infra: Muy Alta"
VILLA EUCARISTICA,-0.30691520929008187,-0.3053217913648196,-0.35904830753239597,-0.6271940069558919,0.04236078866884495,-0.6586974704539651,0.7550941036651048,-0.48584923172746025,-1.0260457721272829,-0.7696386255900036,-0.49086900954022017,-0.28378320797232354,1.682563641638338,-0.1711077633658051,3.286924956751673,0.8390120500362264,-0.4167327248757193,-0.2757577768833604,-1.0409489990942924,1.1205484449620824,0.8528028654224415,-0.49430000374546906,-0.2968260885977624,-3.3689761055846037,-0.4316307621337853,0.0,0.0,2.4433728777770765,-1.4212702311585947,-1.207513135314183,-0.5199822681895984,-1.0276427753697968,-0.9018959917281483,0.9710043880254755,-0.5508448775795894,"Transición Urbana (Vulnerabilidad Media, Servicios Básicos)",Media,"<b>VILLA EUCARISTICA</b><hr>Tipología: Transición Urbana (Vulnerabilidad Media, Servicios Básicos)<br>Pob: 1404.0<br>Score Infra: Media"
VILLA GENERAL URQUIZA,0.610744751250411,0.3316397173943259,1.5846266086625296,2.1190129332638934,0.6346125698691113,0.3820164434189307,0.7550941036651048,1.9142459730061934,0.08347617919897267,-0.003103381554798346,-0.2725085496456963,-0.28378320797232354,1.682563641638338,1.3281911929464922,1.4200110202284506,-0.01339165022021964,0.49239749422026446,-0.2757577768833604,-0.7341143412789614,-0.23450301872232668,0.8528028654224415,2.0230629019273323,-0.2968260885977624,0.2968260885977624,-0.36022214411603837,0.0,0.0,0.13156198011245576,-0.06608930375447611,-0.27852715984342885,-0.46611171084930153,-0.6046659617015194,1.6956864290426572,1.1571230777391315,-0.5508448775795894,"Transición Urbana (Vulnerabilidad Media, Servicios Básicos)",Media,"<b>VILLA GENERAL URQUIZA</b><hr>Tipología: Transición Urbana (Vulnerabilidad Media, Servicios Básicos)<br>Pob: 6010.0<br>Score Infra: Media"
VILLA GRAN PARQUE,-0.47088267510094284,-0.39663060868262456,-0.3209370346658288,0.057141615332576376,-0.5498909925314214,-0.6586974704539651,-0.31679235383650955,-0.48584923172746025,-1.0260457721272829,-0.7696386255900036,-0.05414808975117239,-0.28378320797232354,0.32441586554464696,-1.0812121539146329,-0.44690291629477147,-0.7611141943048213,-0.4167327248757193,-0.2757577768833604,-1.0409489990942924,1.487851772114633,-1.1726039399558572,-0.49430000374546906,-0.2968260885977624,-3.3689761055846037,-1.228937512181561,0.0,0.0,1.9700887569953431,-1.4525582300600417,-1.2226167847936782,-0.5312023514201333,-0.6046659617015194,-2.20049239317244,-0.6410431653920622,-0.5508448775795894,"Transición Urbana (Vulnerabilidad Media, Servicios Básicos)",Muy Baja,"<b>VILLA GRAN PARQUE</b><hr>Tipología: Transición Urbana (Vulnerabilidad Media, Servicios Básicos)<br>Pob: 581.0<br>Score Infra: Muy Baja"
VILLA LA MERCED,-0.322654492156495,-0.35262635937283904,0.06017569399984288,2.945179772606967,0.04236078866884495,0.3820164434189307,-0.31679235383650955,1.9142459730061934,-0.47128479646415516,-0.5780048145812022,-0.5454591245138511,-0.28378320797232354,-1.0337319105490443,-0.23095589789169152,-0.44690291629477147,0.9287387553263784,3.2290985212218493,-0.2757577768833604,-0.3459684991425676,-0.6477192617689459,0.8528028654224415,2.0230629019273323,-0.2968260885977624,0.2968260885977624,1.2564045389774652,0.0,0.0,-0.1293510608313203,-0.8723474343442122,-0.9018260551609595,-0.16709826248476276,1.0872412929715896,1.6956864290426572,2.522282025080693,1.8153931182840382,"Núcleo Consolidado (Alto Estándar, Alta Infraestructura)",Muy Alta,"<b>VILLA LA MERCED</b><hr>Tipología: Núcleo Consolidado (Alto Estándar, Alta Infraestructura)<br>Pob: 1325.0<br>Score Infra: Muy Alta"
VILLA MAFEKIN,-0.20351409780060817,-0.20851244288329143,-0.0694026337464855,0.521638851186407,0.04236078866884495,0.3820164434189307,-0.31679235383650955,-0.48584923172746025,0.2683965044200153,-0.19473719256359964,-0.5454591245138511,-0.28378320797232354,0.32441586554464696,0.15289765458468446,-0.44690291629477147,0.4053329744671573,-0.4167327248757193,-0.2757577768833604,0.07592915535351255,-0.002456660014465421,0.8528028654224415,-0.49430000374546906,-0.2968260885977624,0.2968260885977624,0.07628316752627935,0.0,0.0,-0.1657575316606844,-0.46013408937050454,-0.47068243103779706,-0.310587907332045,1.0872412929715896,0.39709002759836504,0.4722062995928769,-0.5508448775795894,"Transición Urbana (Vulnerabilidad Media, Servicios Básicos)",Alta,"<b>VILLA MAFEKIN</b><hr>Tipología: Transición Urbana (Vulnerabilidad Media, Servicios Básicos)<br>Pob: 1923.0<br>Score Infra: Alta"
VILLA MARTA,-0.39119010362543327,-0.31962317239049987,-0.3895373258256497,-0.8133474793400607,-0.5498909925314214,-0.6586974704539651,-0.31679235383650955,-0.48584923172746025,-0.28636447124311254,-0.19473719256359964,-0.3695576429321514,-0.28378320797232354,-1.0337319105490443,-0.5405152144048988,-0.44690291629477147,-0.7611141943048213,-0.4167327248757193,-0.2757577768833604,0.20940223150318155,-0.6477192617689459,-1.1726039399558572,-0.49430000374546906,-0.2968260885977624,0.2968260885977624,-0.4187449964764474,0.0,0.0,-0.31745116011636815,-0.02923328790418143,0.11286349032920556,-0.14968412699762337,-0.6046659617015194,-0.9018959917281483,-0.6751504973674947,-0.5508448775795894,"Transición Urbana (Vulnerabilidad Media, Servicios Básicos)",Media,"<b>VILLA MARTA</b><hr>Tipología: Transición Urbana (Vulnerabilidad Media, Servicios Básicos)<br>Pob: 981.0<br>Score Infra: Media"
VILLA MARTINEZ,0.10987693952683328,-0.052297357833552806,0.8833791879176938,2.7093853742536864,0.04236078866884495,0.3820164434189307,-0.31679235383650955,-0.48584923172746025,-0.19390430863259123,-0.38637100357240095,-0.5211968511922374,-0.28378320797232354,0.32441586554464696,0.7699525588343428,-0.44690291629477147,-0.11807280639206388,-0.4167327248757193,-0.2757577768833604,-0.6466664638015921,-0.2928248308039817,0.8528028654224415,-0.49430000374546906,-0.2968260885977624,0.2968260885977624,-0.652836405918084,0.0,0.0,-0.17789302193713913,0.4774417691506235,0.002685351593408974,-0.4285580568821169,1.0872412929715896,0.39709002759836504,1.6571331018256796,-0.5508448775795894,"Transición Urbana (Vulnerabilidad Media, Servicios Básicos)",Baja,"<b>VILLA MARTINEZ</b><hr>Tipología: Transición Urbana (Vulnerabilidad Media, Servicios Básicos)<br>Pob: 3496.0<br>Score Infra: Baja"
VILLA PAEZ,0.38182783968700973,0.27883461822258326,0.395554895225634,0.38512630477134996,0.8320298302692002,0.7289210813765625,0.7550941036651048,1.9142459730061934,0.08347617919897267,-0.003103381554798346,0.3037204417426307,-0.28378320797232354,0.32441586554464696,1.1094359426104932,1.154909241242153,0.31560626917700507,0.7114650168939957,-0.2757577768833604,-0.6620081966923587,-0.39209600030467096,0.8528028654224415,2.0230629019273323,-0.2968260885977624,0.2968260885977624,-0.07780911345938507,0.0,0.0,-0.05653811917259213,0.2863981384339632,0.15594395765236918,-0.398083319779623,-0.46367369047876034,1.6956864290426572,0.2230669558738527,-0.5508448775795894,"Transición Urbana (Vulnerabilidad Media, Servicios Básicos)",Media,"<b>VILLA PAEZ</b><hr>Tipología: Transición Urbana (Vulnerabilidad Media, Servicios Básicos)<br>Pob: 4861.0<br>Score Infra: Media"
VILLA QUISQUIZACATE,-0.2923713149958014,-0.27506886996434204,-0.30569252551920195,-0.37012492604442065,-0.35247373213133265,-0.31179283249633316,-0.31679235383650955,-0.48584923172746025,-0.47128479646415516,-0.38637100357240095,0.37650726170747195,-0.28378320797232354,0.32441586554464696,-0.11951454394693753,-0.44690291629477147,-0.2526628643272921,-0.4167327248757193,-0.2757577768833604,-0.41807464372917047,0.19236301013063728,0.8528028654224415,-0.49430000374546906,-0.2968260885977624,0.2968260885977624,-0.5717634636573338,0.0,0.0,0.10122325442131899,-1.1140995218028418,-0.9664218151122548,-0.4789953395430388,-0.040696876810483125,0.39709002759836504,0.40347223464746185,-0.5508448775795894,"Transición Urbana (Vulnerabilidad Media, Servicios Básicos)",Baja,"<b>VILLA QUISQUIZACATE</b><hr>Tipología: Transición Urbana (Vulnerabilidad Media, Servicios Básicos)<br>Pob: 1477.0<br>Score Infra: Baja"
VILLA RETIRO,-0.4053355350623362,-0.36472752793303004,-0.28282576179926167,0.18124393025535562,0.6346125698691113,0.3820164434189307,0.7550941036651048,-0.48584923172746025,-0.7486652842957191,-0.38637100357240095,-0.22398400300246876,-0.28378320797232354,0.32441586554464696,-0.6179050435331997,1.4200110202284506,2.830571046205563,-0.4167327248757193,-0.2757577768833604,-0.5346718136989963,0.7160184292467734,0.8528028654224415,-0.49430000374546906,-0.2968260885977624,0.2968260885977624,0.888623310840949,0.0,0.0,1.2480270855462885,-1.4139656395716313,-1.1980678423649325,-0.4798802041511251,-0.6046659617015194,0.39709002759836504,0.43602136363924493,1.8153931182840382,"Núcleo Consolidado (Alto Estándar, Alta Infraestructura)",Muy Alta,"<b>VILLA RETIRO</b><hr>Tipología: Núcleo Consolidado (Alto Estándar, Alta Infraestructura)<br>Pob: 910.0<br>Score Infra: Muy Alta"
VILLA REVOL,0.27543825676720446,0.23097999709819153,0.03730893027990258,-0.15028653960978314,-0.15505647173124384,0.035111805461298766,-0.31679235383650955,-0.48584923172746025,-0.10144414602206994,-0.003103381554798346,1.2620802379463745,-0.28378320797232354,0.32441586554464696,0.9897396735587185,-0.44690291629477147,-0.41716182402590457,-0.4167327248757193,-0.2757577768833604,-0.6865549693175851,-0.36107375983570555,0.8528028654224415,-0.49430000374546906,-0.2968260885977624,0.2968260885977624,-0.8278680560969224,0.0,0.0,-0.11721557055486562,0.4271654430693791,0.3513874569437387,-0.474960356930165,0.5232722080805532,0.39709002759836504,-0.08407216556989243,-0.5508448775795894,"Transición Urbana (Vulnerabilidad Media, Servicios Básicos)",Muy Baja,"<b>VILLA REVOL</b><hr>Tipología: Transición Urbana (Vulnerabilidad Media, Servicios Básicos)<br>Pob: 4327.0<br>Score Infra: Muy Baja"
VILLA REVOL ANEXO,-0.4121094036377545,-0.36472752793303004,-0.16849194319956015,1.2130660343276054,-0.35247373213133265,-0.31179283249633316,-0.31679235383650955,-0.48584923172746025,-0.47128479646415516,0.18853042945400297,-0.4484100312273961,2.831525786212739,-1.0337319105490443,-0.6571158902915395,-0.44690291629477147,0.09128950595162452,-0.4167327248757193,3.976094957602642,0.009959703923216283,-0.6477192617689459,0.8528028654224415,-0.49430000374546906,3.368976105584603,0.2968260885977624,0.47359427529419446,0.0,0.0,-0.28711243442523143,-0.5265927053093884,-0.4885730724848449,0.05949786635398935,-0.040696876810483125,0.39709002759836504,0.20783119336706052,-0.5508448775795894,"Transición Urbana (Vulnerabilidad Media, Servicios Básicos)",Alta,"<b>VILLA REVOL ANEXO</b><hr>Tipología: Transición Urbana (Vulnerabilidad Media, Servicios Básicos)<br>Pob: 876.0<br>Score Infra: Alta"
VILLA RIVADAVIA,-0.4121094036377545,-0.38232922765694427,-0.03129136087991833,2.9256779802619586,0.4371953094690225,1.0758257193341945,-0.31679235383650955,1.9142459730061934,1.100537967914707,-0.5780048145812022,-0.5454591245138511,-0.28378320797232354,0.32441586554464696,-0.6571158902915395,-0.44690291629477147,2.830571046205563,3.2290985212218493,-0.2757577768833604,2.6410668946896796,0.7693766828533939,0.8528028654224415,2.0230629019273323,-0.2968260885977624,0.2968260885977624,4.1401315117091855,0.0,0.0,-0.29318017956345876,-0.4734370023413223,-0.5460605255558639,1.4351791752536731,2.215179462753662,1.6956864290426572,1.0402578539654406,1.8153931182840382,"Núcleo Consolidado (Alto Estándar, Alta Infraestructura)",Muy Alta,"<b>VILLA RIVADAVIA</b><hr>Tipología: Núcleo Consolidado (Alto Estándar, Alta Infraestructura)<br>Pob: 876.0<br>Score Infra: Muy Alta"
VILLA RIVERA INDARTE,0.30452604535576544,0.15727287950430077,0.06779794857315631,-0.0066824323419958425,2.016533392669733,1.0758257193341945,2.541571532834462,1.9142459730061934,0.8231574800831432,-0.38637100357240095,0.18847464346496529,-0.28378320797232354,0.32441586554464696,1.0237911983751726,1.8494012256287917,1.4147584089813696,0.8100454020971747,-0.2757577768833604,-0.35517353887702763,-0.36975998716701586,0.8528028654224415,2.0230629019273323,-0.2968260885977624,0.2968260885977624,0.701242801907162,0.0,0.0,0.8232849258703738,-1.0238594210067984,-0.9156994488440795,-0.46819999132438533,-0.7926368576957018,1.6956864290426572,0.7455843563908894,-0.5508448775795894,"Transición Urbana (Vulnerabilidad Media, Servicios Básicos)",Muy Alta,"<b>VILLA RIVERA INDARTE</b><hr>Tipología: Transición Urbana (Vulnerabilidad Media, Servicios Básicos)<br>Pob: 4473.0<br>Score Infra: Muy Alta"
VILLA SAN CARLOS,-0.4856258008239121,-0.39663060868262456,-0.29044801637257506,0.4117196579690884,1.2268643510693777,1.4227303572918264,0.7550941036651048,-0.48584923172746025,-0.28636447124311254,-0.003103381554798346,-0.5211968511922374,-0.28378320797232354,0.32441586554464696,-1.2215457107339525,0.7964617654296945,2.830571046205563,-0.4167327248757193,-0.2757577768833604,1.3799764510686694,1.7993150664230453,0.8528028654224415,-0.49430000374546906,-0.2968260885977624,0.2968260885977624,2.12995206916449,0.0,0.0,-0.28711243442523143,-0.9296293490560866,-0.6600500361826277,0.6341997320139109,-0.1816891480332422,0.39709002759836504,-1.2816377253367386,1.8153931182840382,"Núcleo Consolidado (Alto Estándar, Alta Infraestructura)",Muy Alta,"<b>VILLA SAN CARLOS</b><hr>Tipología: Núcleo Consolidado (Alto Estándar, Alta Infraestructura)<br>Pob: 507.0<br>Score Infra: Muy Alta"
VILLA SAN ISIDRO,-0.4184848093557953,-0.368027846631264,-0.3514260529590825,-0.42508452265308,-0.5498909925314214,-0.6586974704539651,-0.31679235383650955,-0.48584923172746025,-0.19390430863259123,-0.19473719256359964,-0.38775434792336166,-0.28378320797232354,-1.0337319105490443,-0.6963267370498792,-0.44690291629477147,-0.7611141943048213,-0.4167327248757193,-0.2757577768833604,0.5944797270614219,-0.6477192617689459,-1.1726039399558572,-0.49430000374546906,-0.2968260885977624,0.2968260885977624,-0.16908328686552784,0.0,0.0,-0.32958665039282287,-0.023798108123815418,-0.07170656098040118,0.05103856070068385,-0.6046659617015194,-0.9018959917281483,0.1280165738712507,-0.5508448775795894,"Transición Urbana (Vulnerabilidad Media, Servicios Básicos)",Media,"<b>VILLA SAN ISIDRO</b><hr>Tipología: Transición Urbana (Vulnerabilidad Media, Servicios Básicos)<br>Pob: 844.0<br>Score Infra: Media"
VILLA SERRANA,-0.36967310932704567,-0.3553766249547006,-0.016046851733291463,2.3707633435358173,-0.15505647173124384,-0.31179283249633316,0.040503131997361934,-0.48584923172746025,-0.47128479646415516,-0.5780048145812022,-0.5393935561834478,-0.28378320797232354,1.682563641638338,-0.4332013180136538,1.4200110202284506,0.6146952868108458,-0.4167327248757193,-0.2757577768833604,-0.19561951681305548,1.6317949678906323,0.8528028654224415,-0.49430000374546906,-0.2968260885977624,0.2968260885977624,0.0043376426061432355,0.0,0.0,-0.29318017956345876,-0.2278649902455281,-0.3931437914103659,-0.0795320608685377,-0.6046659617015194,0.39709002759836504,1.185516998774517,-0.5508448775795894,"Transición Urbana (Vulnerabilidad Media, Servicios Básicos)",Alta,"<b>VILLA SERRANA</b><hr>Tipología: Transición Urbana (Vulnerabilidad Media, Servicios Básicos)<br>Pob: 1089.0<br>Score Infra: Alta"
VILLA SIBURU,-0.3210606407269848,-0.3058718444811919,-0.07702488831979894,1.170516669211224,0.23977804906893374,0.7289210813765625,-0.31679235383650955,1.9142459730061934,-0.28636447124311254,-0.003103381554798346,0.061097708526493,-0.28378320797232354,0.32441586554464696,-0.22476471156142808,-0.44690291629477147,1.4820534379489838,3.2290985212218493,-0.2757577768833604,-0.12044502564829934,0.2829479523000163,0.8528028654224415,2.0230629019273323,-0.2968260885977624,0.2968260885977624,1.6784133642552779,0.0,0.0,-0.11721557055486562,-0.8948171080634107,-0.8151090590503925,-0.12342134542962062,1.6512103778626257,1.6956864290426572,0.6524384447016358,1.8153931182840382,"Núcleo Consolidado (Alto Estándar, Alta Infraestructura)",Muy Alta,"<b>VILLA SIBURU</b><hr>Tipología: Núcleo Consolidado (Alto Estándar, Alta Infraestructura)<br>Pob: 1333.0<br>Score Infra: Muy Alta"
VILLA SILVANO FUNES,-0.40234706363200456,-0.3559266780710729,-0.29044801637257506,0.05182294469302865,-0.5498909925314214,-0.6586974704539651,-0.31679235383650955,-0.48584923172746025,1.0080778053041857,0.5717980514716056,-0.3756232112625548,-0.28378320797232354,0.32441586554464696,-0.601395213319162,-0.44690291629477147,-0.7611141943048213,-0.4167327248757193,-0.2757577768833604,2.6073150823299933,0.6936824161091184,-1.1726039399558572,-0.49430000374546906,-0.2968260885977624,0.2968260885977624,1.1356004859399236,0.0,0.0,-0.27497694414877677,-0.5692940961395829,-0.5184196252347893,0.21105747642701914,-0.6046659617015194,-0.9018959917281483,0.17424326238617732,1.8153931182840382,"Núcleo Consolidado (Alto Estándar, Alta Infraestructura)",Muy Alta,"<b>VILLA SILVANO FUNES</b><hr>Tipología: Núcleo Consolidado (Alto Estándar, Alta Infraestructura)<br>Pob: 925.0<br>Score Infra: Muy Alta"
VILLA SOLFERINO,-0.4543464665197746,-0.39663060868262456,-0.3666705621057094,-0.4747254486221917,-0.5498909925314214,-0.6586974704539651,-0.31679235383650955,-0.48584923172746025,-0.37882463385363385,-0.19473719256359964,-0.47873787287941333,-0.28378320797232354,0.32441586554464696,-0.9429423258720669,-0.44690291629477147,-0.7611141943048213,-0.4167327248757193,-0.2757577768833604,0.5760696475925019,1.2210605040815303,-1.1726039399558572,-0.49430000374546906,-0.2968260885977624,0.2968260885977624,-0.18089523871808735,0.0,0.0,-0.32351890525459553,-0.4234180080659174,-0.3871423833231848,0.000247332196527474,-0.6046659617015194,-0.9018959917281483,0.07746154373507562,-0.5508448775795894,"Transición Urbana (Vulnerabilidad Media, Servicios Básicos)",Media,"<b>VILLA SOLFERINO</b><hr>Tipología: Transición Urbana (Vulnerabilidad Media, Servicios Básicos)<br>Pob: 664.0<br>Score Infra: Media"
VILLA UNION,0.37804244254192304,0.17102420741360874,1.2111361345701714,2.1331960549693543,0.23977804906893374,0.7289210813765625,-0.31679235383650955,1.9142459730061934,0.4533168296410579,-0.38637100357240095,-0.4969345778706236,-0.28378320797232354,0.32441586554464696,1.1053084850569823,-0.44690291629477147,-0.14050448271460195,0.7169417049608388,-0.2757577768833604,-0.5346718136989963,-0.3908551106859124,0.8528028654224415,2.0230629019273323,-0.2968260885977624,0.2968260885977624,-0.22062634949487897,0.0,0.0,0.1558329606653652,-0.3911786493277697,-0.499113636312947,-0.45896200481596383,1.6512103778626257,1.6956864290426572,1.1339231666492435,-0.5508448775795894,"Transición Urbana (Vulnerabilidad Media, Servicios Básicos)",Media,"<b>VILLA UNION</b><hr>Tipología: Transición Urbana (Vulnerabilidad Media, Servicios Básicos)<br>Pob: 4842.0<br>Score Infra: Media"
VILLA WARCALDE,-0.46231572366732554,-0.39663060868262456,-0.25233674350600793,0.8549422112647285,0.04236078866884495,-0.6586974704539651,0.7550941036651048,-0.48584923172746025,-0.5637449590746765,-0.5780048145812022,-0.4848034412098168,-0.28378320797232354,-1.0337319105490443,-1.0069179179514633,3.286924956751673,2.830571046205563,-0.4167327248757193,-0.2757577768833604,0.1879238054561083,-0.6477192617689459,0.8528028654224415,-0.49430000374546906,-0.2968260885977624,0.2968260885977624,1.3573430366266113,0.0,0.0,0.3075265891210489,-1.3727148322814657,-1.1553269438417821,-0.3854828477604735,-1.0276427753697968,0.39709002759836504,-0.2688057859647493,1.8153931182840382,"Núcleo Consolidado (Alto Estándar, Alta Infraestructura)",Muy Alta,"<b>VILLA WARCALDE</b><hr>Tipología: Núcleo Consolidado (Alto Estándar, Alta Infraestructura)<br>Pob: 624.0<br>Score Infra: Muy Alta"
VIVERO NORTE,-0.2736435606990566,-0.26351775452052334,-0.2752035072259482,-0.235385269842546,-0.15505647173124384,0.035111805461298766,-0.31679235383650955,1.9142459730061934,-0.28636447124311254,-0.38637100357240095,0.37650726170747195,-0.28378320797232354,-1.0337319105490443,-0.05553895186754122,-0.44690291629477147,0.18849343668262283,3.0719175737034474,-0.2757577768833604,-0.26005479495427497,-0.6477192617689459,0.8528028654224415,2.0230629019273323,-0.2968260885977624,0.2968260885977624,0.8918447522552837,0.0,0.0,-0.27497694414877677,0.06909433649809159,-0.06903163514287786,0.1345697797040351,0.5232722080805532,1.6956864290426572,0.4831137204784214,-0.5508448775795894,"Transición Urbana (Vulnerabilidad Media, Servicios Básicos)",Muy Alta,"<b>VIVERO NORTE</b><hr>Tipología: Transición Urbana (Vulnerabilidad Media, Servicios Básicos)<br>Pob: 1571.0<br>Score Infra: Muy Alta"
YAPEYU,4.417858122064192,3.463642162018311,2.842298613259246,0.12805722385987883,1.029447090669289,2.1165396332070903,-0.31679235383650955,1.9142459730061934,-0.47128479646415516,-0.38637100357240095,-0.3634920746017479,-0.28378320797232354,0.32441586554464696,2.80375726832611,-0.44690291629477147,-0.5218429801977488,-0.19766520220198822,-0.2757577768833604,-1.0041288401564525,-0.5980836770186012,0.8528028654224415,2.0230629019273323,-0.2968260885977624,0.2968260885977624,-1.0141747512259311,0.0,0.0,0.1133587446977737,4.64935400222338,3.5187713036113855,-0.5145315022037865,3.9070867174267714,1.6956864290426572,0.35447540749493617,-0.5508448775795894,"Transición Urbana (Vulnerabilidad Media, Servicios Básicos)",Muy Baja,"<b>YAPEYU</b><hr>Tipología: Transición Urbana (Vulnerabilidad Media, Servicios Básicos)<br>Pob: 25119.0<br>Score Infra: Muy Baja"
YOFRE H,0.12621391667931275,0.05221273427718782,0.03730893027990258,0.09437230980941014,-0.15505647173124384,0.035111805461298766,-0.31679235383650955,-0.48584923172746025,-1.0260457721272829,-0.7696386255900036,1.0740476197038678,-0.28378320797232354,-1.0337319105490443,0.7936854397670215,-0.44690291629477147,-0.3423895696174443,-0.4167327248757193,-0.2757577768833604,-1.0409489990942924,-0.6477192617689459,0.8528028654224415,-0.49430000374546906,-0.2968260885977624,-3.3689761055846037,-1.020080727152211,0.0,0.0,0.3621362953650951,-0.8940882157233708,-0.7983954770963928,-0.520265424864186,0.5232722080805532,-0.9018959917281483,0.4266721457373499,-0.5508448775795894,"Transición Urbana (Vulnerabilidad Media, Servicios Básicos)",Muy Baja,"<b>YOFRE H</b><hr>Tipología: Transición Urbana (Vulnerabilidad Media, Servicios Básicos)<br>Pob: 3578.0<br>Score Infra: Muy Baja"
YOFRE I,0.4617196425912081,0.36354279814392043,0.09828696686641004,-0.17865278302070414,-0.5498909925314214,-0.6586974704539651,-0.31679235383650955,1.9142459730061934,0.3608566670305366,-0.38637100357240095,-0.2785741179760997,-0.28378320797232354,0.32441586554464696,1.190953229292303,-0.44690291629477147,-0.7611141943048213,0.6238380078245032,-0.2757577768833604,-0.6037096117074456,-0.41195023420480886,-1.1726039399558572,2.0230629019273323,-0.2968260885977624,0.2968260885977624,-0.6050516916054564,0.0,0.0,-0.23250272818118525,2.4166047106377118,1.922452645052456,-0.38431482647779946,-0.6046659617015194,0.39709002759836504,0.08819583095577056,-0.5508448775795894,"Transición Urbana (Vulnerabilidad Media, Servicios Básicos)",Baja,"<b>YOFRE I</b><hr>Tipología: Transición Urbana (Vulnerabilidad Media, Servicios Básicos)<br>Pob: 5262.0<br>Score Infra: Baja"
YOFRE NORTE,0.795033822787527,0.6924745617345672,0.052553439426529444,-0.43040319329262766,1.2268643510693777,0.7289210813765625,1.4696850753328476,-0.48584923172746025,0.6382371548621005,-0.003103381554798346,-0.26644298131529287,-0.28378320797232354,0.32441586554464696,1.4757478004844529,1.6291053811190517,0.2109251130051609,-0.4167327248757193,-0.2757577768833604,-0.642063943934362,-0.4690311566677052,0.8528028654224415,-0.49430000374546906,-0.2968260885977624,0.2968260885977624,-0.4858583592750818,0.0,0.0,0.046613548177272854,0.4614566909180556,0.40349084867896534,-0.46501447873527446,-0.6986796081528552,0.39709002759836504,-0.16284798307660286,-0.5508448775795894,"Transición Urbana (Vulnerabilidad Media, Servicios Básicos)",Baja,"<b>YOFRE NORTE</b><hr>Tipología: Transición Urbana (Vulnerabilidad Media, Servicios Básicos)<br>Pob: 6935.0<br>Score Infra: Baja"
YOFRE SUD,0.4346241682895348,0.34209072660539996,0.014442166559962272,-0.2867990860248403,0.04236078866884495,0.3820164434189307,-0.31679235383650955,-0.48584923172746025,0.08347617919897267,-0.19473719256359964,1.4015883095456536,-0.28378320797232354,0.32441586554464696,1.164124755194492,-0.44690291629477147,-0.31995789329490637,-0.4167327248757193,-0.2757577768833604,-0.6819524494503552,-0.40574578611101575,0.8528028654224415,-0.49430000374546906,-0.2968260885977624,0.2968260885977624,-0.7763249934675712,0.0,0.0,-0.12328331569309295,0.8291624040627917,0.6329044849173625,-0.46632407835524226,1.0872412929715896,0.39709002759836504,0.08109735069692378,-0.5508448775795894,"Transición Urbana (Vulnerabilidad Media, Servicios Básicos)",Baja,"<b>YOFRE SUD</b><hr>Tipología: Transición Urbana (Vulnerabilidad Media, Servicios Básicos)<br>Pob: 5126.0<br>Score Infra: Baja"
ZEPA,-0.3752515893303313,-0.366377687282147,-0.13038067033299297,1.585372979095943,0.23977804906893374,0.7289210813765625,-0.31679235383650955,1.9142459730061934,-0.5637449590746765,-0.19473719256359964,-0.4848034412098168,2.831525786212739,1.682563641638338,-0.46002979211146483,-0.44690291629477147,2.0577997968941273,3.2290985212218493,3.976094957602642,-0.31835337993918783,1.691357669591046,0.8528028654224415,2.0230629019273323,3.368976105584603,0.2968260885977624,2.433841375916706,0.0,0.0,-0.2385704733194126,-0.6678962354715045,-0.7208225716347173,0.36311261068057715,1.6512103778626257,1.6956864290426572,1.533169397793142,1.8153931182840382,"Núcleo Consolidado (Alto Estándar, Alta Infraestructura)",Muy Alta,"<b>ZEPA</b><hr>Tipología: Núcleo Consolidado (Alto Estándar, Alta Infraestructura)<br>Pob: 1061.0<br>Score Infra: Muy Alta"
