{
"type": "FeatureCollection",
"name": "dataset_gis_v13",
"crs": { "type": "name", "properties": { "name": "urn:ogc:def:crs:OGC:1.3:CRS84" } },
"features": [
{ "type": "Feature", "properties": { "barrio": "1 DE MAYO", "poblacion": 19996.0, "infraestructura_score": 0.0391, "categoria_infraestructura": "Muy Baja", "cluster_descripcion": "Cluster 2: Vulnerabilidad Alta / Infraestructura Escasa", "tooltip_html": "<b>1 DE MAYO</b><hr>Pob: 19996.0<br>Cluster: Cluster 2: Vulnerabilidad Alta / Infraestructura Escasa<br>Infr: Muy Baja" }, "geometry": { "type": "Point", "coordinates": [ -64.117694942404498, -31.435959219356199 ] } },
{ "type": "Feature", "properties": { "barrio": "2 DE SEPTIEMBRE", "poblacion": 2624.0, "infraestructura_score": 0.2311, "categoria_infraestructura": "Alta", "cluster_descripcion": "Cluster 2: Vulnerabilidad Alta / Infraestructura Escasa", "tooltip_html": "<b>2 DE SEPTIEMBRE</b><hr>Pob: 2624.0<br>Cluster: Cluster 2: Vulnerabilidad Alta / Infraestructura Escasa<br>Infr: Alta" }, "geometry": { "type": "Point", "coordinates": [ -64.241927756780498, -31.333631355996499 ] } },
{ "type": "Feature", "properties": { "barrio": "20 DE JUNIO", "poblacion": 661.0, "infraestructura_score": 0.6667, "categoria_infraestructura": "Muy Alta", "cluster_descripcion": "Cluster 1: Urbano Consolidado (Alta Infraestructura)", "tooltip_html": "<b>20 DE JUNIO</b><hr>Pob: 661.0<br>Cluster: Cluster 1: Urbano Consolidado (Alta Infraestructura)<br>Infr: Muy Alta" }, "geometry": { "type": "Point", "coordinates": [ -64.163794098630902, -31.38667683145 ] } },
{ "type": "Feature", "properties": { "barrio": "23 DE ABRIL", "poblacion": 1879.0, "infraestructura_score": 0.0296, "categoria_infraestructura": "Muy Baja", "cluster_descripcion": "Cluster 2: Vulnerabilidad Alta / Infraestructura Escasa", "tooltip_html": "<b>23 DE ABRIL</b><hr>Pob: 1879.0<br>Cluster: Cluster 2: Vulnerabilidad Alta / Infraestructura Escasa<br>Infr: Muy Baja" }, "geometry": { "type": "Point", "coordinates": [ -64.127962082695603, -31.457686116578799 ] } },
{ "type": "Feature", "properties": { "barrio": "25 DE MAYO", "poblacion": 500.0, "infraestructura_score": 0.7778, "categoria_infraestructura": "Muy Alta", "cluster_descripcion": "Cluster 1: Urbano Consolidado (Alta Infraestructura)", "tooltip_html": "<b>25 DE MAYO</b><hr>Pob: 500.0<br>Cluster: Cluster 1: Urbano Consolidado (Alta Infraestructura)<br>Infr: Muy Alta" }, "geometry": { "type": "Point", "coordinates": [ -64.082323111252904, -31.490098672510101 ] } },
{ "type": "Feature", "properties": { "barrio": "4 DE FEBRERO", "poblacion": 854.0, "infraestructura_score": 0.0433, "categoria_infraestructura": "Muy Baja", "cluster_descripcion": "Cluster 2: Vulnerabilidad Alta / Infraestructura Escasa", "tooltip_html": "<b>4 DE FEBRERO</b><hr>Pob: 854.0<br>Cluster: Cluster 2: Vulnerabilidad Alta / Infraestructura Escasa<br>Infr: Muy Baja" }, "geometry": { "type": "Point", "coordinates": [ -64.145696556247103, -31.4561267034649 ] } },
{ "type": "Feature", "properties": { "barrio": "ACHAVAL PENA", "poblacion": 754.0, "infraestructura_score": 0.1474, "categoria_infraestructura": "Baja", "cluster_descripcion": "Cluster 2: Vulnerabilidad Alta / Infraestructura Escasa", "tooltip_html": "<b>ACHAVAL PENA</b><hr>Pob: 754.0<br>Cluster: Cluster 2: Vulnerabilidad Alta / Infraestructura Escasa<br>Infr: Baja" }, "geometry": { "type": "Point", "coordinates": [ -64.204058596153303, -31.436225387802999 ] } },
{ "type": "Feature", "properties": { "barrio": "ACOSTA", "poblacion": 5512.0, "infraestructura_score": 0.1487, "categoria_infraestructura": "Media", "cluster_descripcion": "Cluster 2: Vulnerabilidad Alta / Infraestructura Escasa", "tooltip_html": "<b>ACOSTA</b><hr>Pob: 5512.0<br>Cluster: Cluster 2: Vulnerabilidad Alta / Infraestructura Escasa<br>Infr: Media" }, "geometry": { "type": "Point", "coordinates": [ -64.123510842969694, -31.423604569836499 ] } },
{ "type": "Feature", "properties": { "barrio": "AERONAUTICO- VILLA ZEPELLIN", "poblacion": 928.0, "infraestructura_score": 0.4987, "categoria_infraestructura": "Muy Alta", "cluster_descripcion": "Cluster 1: Urbano Consolidado (Alta Infraestructura)", "tooltip_html": "<b>AERONAUTICO- VILLA ZEPELLIN</b><hr>Pob: 928.0<br>Cluster: Cluster 1: Urbano Consolidado (Alta Infraestructura)<br>Infr: Muy Alta" }, "geometry": { "type": "Point", "coordinates": [ -64.270881350096005, -31.4304095651434 ] } },
{ "type": "Feature", "properties": { "barrio": "AEROPUERTO", "poblacion": 500.0, "infraestructura_score": 0.4351, "categoria_infraestructura": "Muy Alta", "cluster_descripcion": "Cluster 1: Urbano Consolidado (Alta Infraestructura)", "tooltip_html": "<b>AEROPUERTO</b><hr>Pob: 500.0<br>Cluster: Cluster 1: Urbano Consolidado (Alta Infraestructura)<br>Infr: Muy Alta" }, "geometry": { "type": "Point", "coordinates": [ -64.195735685938203, -31.3249626672809 ] } },
{ "type": "Feature", "properties": { "barrio": "AIRES DEL SUR", "poblacion": 500.0, "infraestructura_score": 0.0741, "categoria_infraestructura": "Muy Baja", "cluster_descripcion": "Cluster 2: Vulnerabilidad Alta / Infraestructura Escasa", "tooltip_html": "<b>AIRES DEL SUR</b><hr>Pob: 500.0<br>Cluster: Cluster 2: Vulnerabilidad Alta / Infraestructura Escasa<br>Infr: Muy Baja" }, "geometry": { "type": "Point", "coordinates": [ -64.184434853089698, -31.464244055340099 ] } },
{ "type": "Feature", "properties": { "barrio": "ALBERDI", "poblacion": 32729.0, "infraestructura_score": 0.1507, "categoria_infraestructura": "Media", "cluster_descripcion": "Cluster 2: Vulnerabilidad Alta / Infraestructura Escasa", "tooltip_html": "<b>ALBERDI</b><hr>Pob: 32729.0<br>Cluster: Cluster 2: Vulnerabilidad Alta / Infraestructura Escasa<br>Infr: Media" }, "geometry": { "type": "Point", "coordinates": [ -64.202174218064897, -31.408369589323001 ] } },
{ "type": "Feature", "properties": { "barrio": "ALBORADA NORTE", "poblacion": 500.0, "infraestructura_score": 0.4444, "categoria_infraestructura": "Muy Alta", "cluster_descripcion": "Cluster 1: Urbano Consolidado (Alta Infraestructura)", "tooltip_html": "<b>ALBORADA NORTE</b><hr>Pob: 500.0<br>Cluster: Cluster 1: Urbano Consolidado (Alta Infraestructura)<br>Infr: Muy Alta" }, "geometry": { "type": "Point", "coordinates": [ -64.268301940807305, -31.3416624086498 ] } },
{ "type": "Feature", "properties": { "barrio": "ALBORADA SUR", "poblacion": 500.0, "infraestructura_score": 0.2593, "categoria_infraestructura": "Alta", "cluster_descripcion": "Cluster 1: Urbano Consolidado (Alta Infraestructura)", "tooltip_html": "<b>ALBORADA SUR</b><hr>Pob: 500.0<br>Cluster: Cluster 1: Urbano Consolidado (Alta Infraestructura)<br>Infr: Alta" }, "geometry": { "type": "Point", "coordinates": [ -64.225114426046304, -31.362050061794299 ] } },
{ "type": "Feature", "properties": { "barrio": "ALEJANDRO CENTENO", "poblacion": 1231.0, "infraestructura_score": 0.2628, "categoria_infraestructura": "Alta", "cluster_descripcion": "Cluster 2: Vulnerabilidad Alta / Infraestructura Escasa", "tooltip_html": "<b>ALEJANDRO CENTENO</b><hr>Pob: 1231.0<br>Cluster: Cluster 2: Vulnerabilidad Alta / Infraestructura Escasa<br>Infr: Alta" }, "geometry": { "type": "Point", "coordinates": [ -64.231473963748002, -31.358280528973498 ] } },
{ "type": "Feature", "properties": { "barrio": "ALMIRANTE BROWN", "poblacion": 1019.0, "infraestructura_score": 0.2451, "categoria_infraestructura": "Alta", "cluster_descripcion": "Cluster 2: Vulnerabilidad Alta / Infraestructura Escasa", "tooltip_html": "<b>ALMIRANTE BROWN</b><hr>Pob: 1019.0<br>Cluster: Cluster 2: Vulnerabilidad Alta / Infraestructura Escasa<br>Infr: Alta" }, "geometry": { "type": "Point", "coordinates": [ -64.091113885027895, -31.461644015416699 ] } },
{ "type": "Feature", "properties": { "barrio": "ALTA CORDOBA", "poblacion": 34575.0, "infraestructura_score": 0.1033, "categoria_infraestructura": "Baja", "cluster_descripcion": "Cluster 2: Vulnerabilidad Alta / Infraestructura Escasa", "tooltip_html": "<b>ALTA CORDOBA</b><hr>Pob: 34575.0<br>Cluster: Cluster 2: Vulnerabilidad Alta / Infraestructura Escasa<br>Infr: Baja" }, "geometry": { "type": "Point", "coordinates": [ -64.184249472869794, -31.3903799365102 ] } },
{ "type": "Feature", "properties": { "barrio": "ALTAMIRA", "poblacion": 6103.0, "infraestructura_score": 0.1293, "categoria_infraestructura": "Baja", "cluster_descripcion": "Cluster 2: Vulnerabilidad Alta / Infraestructura Escasa", "tooltip_html": "<b>ALTAMIRA</b><hr>Pob: 6103.0<br>Cluster: Cluster 2: Vulnerabilidad Alta / Infraestructura Escasa<br>Infr: Baja" }, "geometry": { "type": "Point", "coordinates": [ -64.131257437785905, -31.425157900948101 ] } },
{ "type": "Feature", "properties": { "barrio": "ALTO ALBERDI", "poblacion": 30472.0, "infraestructura_score": 0.1782, "categoria_infraestructura": "Media", "cluster_descripcion": "Cluster 2: Vulnerabilidad Alta / Infraestructura Escasa", "tooltip_html": "<b>ALTO ALBERDI</b><hr>Pob: 30472.0<br>Cluster: Cluster 2: Vulnerabilidad Alta / Infraestructura Escasa<br>Infr: Media" }, "geometry": { "type": "Point", "coordinates": [ -64.219940676278, -31.4077929131874 ] } },
{ "type": "Feature", "properties": { "barrio": "ALTO DE DON BOSCO", "poblacion": 675.0, "infraestructura_score": 0.0, "categoria_infraestructura": "Muy Baja", "cluster_descripcion": "Cluster 2: Vulnerabilidad Alta / Infraestructura Escasa", "tooltip_html": "<b>ALTO DE DON BOSCO</b><hr>Pob: 675.0<br>Cluster: Cluster 2: Vulnerabilidad Alta / Infraestructura Escasa<br>Infr: Muy Baja" }, "geometry": { "type": "Point", "coordinates": [ -64.265764553635805, -31.3869535266229 ] } },
{ "type": "Feature", "properties": { "barrio": "ALTO DE SANTA ANA", "poblacion": 1508.0, "infraestructura_score": 0.0737, "categoria_infraestructura": "Muy Baja", "cluster_descripcion": "Cluster 2: Vulnerabilidad Alta / Infraestructura Escasa", "tooltip_html": "<b>ALTO DE SANTA ANA</b><hr>Pob: 1508.0<br>Cluster: Cluster 2: Vulnerabilidad Alta / Infraestructura Escasa<br>Infr: Muy Baja" }, "geometry": { "type": "Point", "coordinates": [ -64.248946867237095, -31.4064423364043 ] } },
{ "type": "Feature", "properties": { "barrio": "ALTO HERMOSO", "poblacion": 500.0, "infraestructura_score": 0.2963, "categoria_infraestructura": "Alta", "cluster_descripcion": "Cluster 1: Urbano Consolidado (Alta Infraestructura)", "tooltip_html": "<b>ALTO HERMOSO</b><hr>Pob: 500.0<br>Cluster: Cluster 1: Urbano Consolidado (Alta Infraestructura)<br>Infr: Alta" }, "geometry": { "type": "Point", "coordinates": [ -64.305293755477607, -31.330293964089599 ] } },
{ "type": "Feature", "properties": { "barrio": "ALTO PALERMO", "poblacion": 923.0, "infraestructura_score": 0.5194, "categoria_infraestructura": "Muy Alta", "cluster_descripcion": "Cluster 1: Urbano Consolidado (Alta Infraestructura)", "tooltip_html": "<b>ALTO PALERMO</b><hr>Pob: 923.0<br>Cluster: Cluster 1: Urbano Consolidado (Alta Infraestructura)<br>Infr: Muy Alta" }, "geometry": { "type": "Point", "coordinates": [ -64.224736294399193, -31.3756925958522 ] } },
{ "type": "Feature", "properties": { "barrio": "ALTO VERDE", "poblacion": 3956.0, "infraestructura_score": 0.1383, "categoria_infraestructura": "Baja", "cluster_descripcion": "Cluster 2: Vulnerabilidad Alta / Infraestructura Escasa", "tooltip_html": "<b>ALTO VERDE</b><hr>Pob: 3956.0<br>Cluster: Cluster 2: Vulnerabilidad Alta / Infraestructura Escasa<br>Infr: Baja" }, "geometry": { "type": "Point", "coordinates": [ -64.214132596461397, -31.373535822628799 ] } },
{ "type": "Feature", "properties": { "barrio": "ALTOS DE VELEZ SARSFIELD", "poblacion": 1678.0, "infraestructura_score": 0.152, "categoria_infraestructura": "Media", "cluster_descripcion": "Cluster 2: Vulnerabilidad Alta / Infraestructura Escasa", "tooltip_html": "<b>ALTOS DE VELEZ SARSFIELD</b><hr>Pob: 1678.0<br>Cluster: Cluster 2: Vulnerabilidad Alta / Infraestructura Escasa<br>Infr: Media" }, "geometry": { "type": "Point", "coordinates": [ -64.214097503870207, -31.4483323168207 ] } },
{ "type": "Feature", "properties": { "barrio": "ALTOS DE VILLA CABRERA", "poblacion": 1164.0, "infraestructura_score": 0.346, "categoria_infraestructura": "Alta", "cluster_descripcion": "Cluster 1: Urbano Consolidado (Alta Infraestructura)", "tooltip_html": "<b>ALTOS DE VILLA CABRERA</b><hr>Pob: 1164.0<br>Cluster: Cluster 1: Urbano Consolidado (Alta Infraestructura)<br>Infr: Alta" }, "geometry": { "type": "Point", "coordinates": [ -64.219623094015105, -31.381247201843902 ] } },
{ "type": "Feature", "properties": { "barrio": "ALTOS SAN MARTIN", "poblacion": 1279.0, "infraestructura_score": 0.1013, "categoria_infraestructura": "Baja", "cluster_descripcion": "Cluster 2: Vulnerabilidad Alta / Infraestructura Escasa", "tooltip_html": "<b>ALTOS SAN MARTIN</b><hr>Pob: 1279.0<br>Cluster: Cluster 2: Vulnerabilidad Alta / Infraestructura Escasa<br>Infr: Baja" }, "geometry": { "type": "Point", "coordinates": [ -64.214357851734704, -31.377232595889801 ] } },
{ "type": "Feature", "properties": { "barrio": "ALTOS SUD DE SAN VICENTE", "poblacion": 1023.0, "infraestructura_score": 0.0724, "categoria_infraestructura": "Muy Baja", "cluster_descripcion": "Cluster 2: Vulnerabilidad Alta / Infraestructura Escasa", "tooltip_html": "<b>ALTOS SUD DE SAN VICENTE</b><hr>Pob: 1023.0<br>Cluster: Cluster 2: Vulnerabilidad Alta / Infraestructura Escasa<br>Infr: Muy Baja" }, "geometry": { "type": "Point", "coordinates": [ -64.140888844494398, -31.4371311914398 ] } },
{ "type": "Feature", "properties": { "barrio": "AMEGHINO NORTE", "poblacion": 3781.0, "infraestructura_score": 0.1895, "categoria_infraestructura": "Media", "cluster_descripcion": "Cluster 2: Vulnerabilidad Alta / Infraestructura Escasa", "tooltip_html": "<b>AMEGHINO NORTE</b><hr>Pob: 3781.0<br>Cluster: Cluster 2: Vulnerabilidad Alta / Infraestructura Escasa<br>Infr: Media" }, "geometry": { "type": "Point", "coordinates": [ -64.237200841710703, -31.4291728661583 ] } },
{ "type": "Feature", "properties": { "barrio": "AMEGHINO SUD", "poblacion": 3449.0, "infraestructura_score": 0.1986, "categoria_infraestructura": "Media", "cluster_descripcion": "Cluster 2: Vulnerabilidad Alta / Infraestructura Escasa", "tooltip_html": "<b>AMEGHINO SUD</b><hr>Pob: 3449.0<br>Cluster: Cluster 2: Vulnerabilidad Alta / Infraestructura Escasa<br>Infr: Media" }, "geometry": { "type": "Point", "coordinates": [ -64.2375798932284, -31.434434412078101 ] } },
{ "type": "Feature", "properties": { "barrio": "AMPLIACION ALTAMIRA", "poblacion": 1897.0, "infraestructura_score": 0.332, "categoria_infraestructura": "Alta", "cluster_descripcion": "Cluster 2: Vulnerabilidad Alta / Infraestructura Escasa", "tooltip_html": "<b>AMPLIACION ALTAMIRA</b><hr>Pob: 1897.0<br>Cluster: Cluster 2: Vulnerabilidad Alta / Infraestructura Escasa<br>Infr: Alta" }, "geometry": { "type": "Point", "coordinates": [ -64.130149050924004, -31.418800365534 ] } },
{ "type": "Feature", "properties": { "barrio": "AMPLIACION BENJAMIN MATIENZO", "poblacion": 2024.0, "infraestructura_score": 0.2105, "categoria_infraestructura": "Media", "cluster_descripcion": "Cluster 2: Vulnerabilidad Alta / Infraestructura Escasa", "tooltip_html": "<b>AMPLIACION BENJAMIN MATIENZO</b><hr>Pob: 2024.0<br>Cluster: Cluster 2: Vulnerabilidad Alta / Infraestructura Escasa<br>Infr: Media" }, "geometry": { "type": "Point", "coordinates": [ -64.234915849134495, -31.446298400218549 ] } },
{ "type": "Feature", "properties": { "barrio": "AMPLIACION CABO FARINA", "poblacion": 500.0, "infraestructura_score": 0.1111, "categoria_infraestructura": "Baja", "cluster_descripcion": "Cluster 2: Vulnerabilidad Alta / Infraestructura Escasa", "tooltip_html": "<b>AMPLIACION CABO FARINA</b><hr>Pob: 500.0<br>Cluster: Cluster 2: Vulnerabilidad Alta / Infraestructura Escasa<br>Infr: Baja" }, "geometry": { "type": "Point", "coordinates": [ -64.214878000792098, -31.461542095923502 ] } },
{ "type": "Feature", "properties": { "barrio": "AMPLIACION EMPALME", "poblacion": 3115.0, "infraestructura_score": 0.2559, "categoria_infraestructura": "Alta", "cluster_descripcion": "Cluster 2: Vulnerabilidad Alta / Infraestructura Escasa", "tooltip_html": "<b>AMPLIACION EMPALME</b><hr>Pob: 3115.0<br>Cluster: Cluster 2: Vulnerabilidad Alta / Infraestructura Escasa<br>Infr: Alta" }, "geometry": { "type": "Point", "coordinates": [ -64.125216128004894, -31.4317354197924 ] } },
{ "type": "Feature", "properties": { "barrio": "AMPLIACION GENERAL ARTIGAS", "poblacion": 2325.0, "infraestructura_score": 0.008, "categoria_infraestructura": "Muy Baja", "cluster_descripcion": "Cluster 2: Vulnerabilidad Alta / Infraestructura Escasa", "tooltip_html": "<b>AMPLIACION GENERAL ARTIGAS</b><hr>Pob: 2325.0<br>Cluster: Cluster 2: Vulnerabilidad Alta / Infraestructura Escasa<br>Infr: Muy Baja" }, "geometry": { "type": "Point", "coordinates": [ -64.195887521265902, -31.4632233206896 ] } },
{ "type": "Feature", "properties": { "barrio": "AMPLIACION JARDIN ESPINOSA", "poblacion": 519.0, "infraestructura_score": 0.3569, "categoria_infraestructura": "Alta", "cluster_descripcion": "Cluster 1: Urbano Consolidado (Alta Infraestructura)", "tooltip_html": "<b>AMPLIACION JARDIN ESPINOSA</b><hr>Pob: 519.0<br>Cluster: Cluster 1: Urbano Consolidado (Alta Infraestructura)<br>Infr: Alta" }, "geometry": { "type": "Point", "coordinates": [ -64.173298057738705, -31.4554158322251 ] } },
{ "type": "Feature", "properties": { "barrio": "AMPLIACION JOSE IGNACIO DIAZ SECCION 2", "poblacion": 1883.0, "infraestructura_score": 0.2927, "categoria_infraestructura": "Alta", "cluster_descripcion": "Cluster 2: Vulnerabilidad Alta / Infraestructura Escasa", "tooltip_html": "<b>AMPLIACION JOSE IGNACIO DIAZ SECCION 2</b><hr>Pob: 1883.0<br>Cluster: Cluster 2: Vulnerabilidad Alta / Infraestructura Escasa<br>Infr: Alta" }, "geometry": { "type": "Point", "coordinates": [ -64.146600727316596, -31.4509219153054 ] } },
{ "type": "Feature", "properties": { "barrio": "AMPLIACION JOSE IGNACIO DIAZ SECCION 3", "poblacion": 668.0, "infraestructura_score": 0.2494, "categoria_infraestructura": "Alta", "cluster_descripcion": "Cluster 2: Vulnerabilidad Alta / Infraestructura Escasa", "tooltip_html": "<b>AMPLIACION JOSE IGNACIO DIAZ SECCION 3</b><hr>Pob: 668.0<br>Cluster: Cluster 2: Vulnerabilidad Alta / Infraestructura Escasa<br>Infr: Alta" }, "geometry": { "type": "Point", "coordinates": [ -64.143218137555806, -31.4507822343279 ] } },
{ "type": "Feature", "properties": { "barrio": "AMPLIACION KENNEDY", "poblacion": 500.0, "infraestructura_score": 0.4444, "categoria_infraestructura": "Muy Alta", "cluster_descripcion": "Cluster 1: Urbano Consolidado (Alta Infraestructura)", "tooltip_html": "<b>AMPLIACION KENNEDY</b><hr>Pob: 500.0<br>Cluster: Cluster 1: Urbano Consolidado (Alta Infraestructura)<br>Infr: Muy Alta" }, "geometry": { "type": "Point", "coordinates": [ -64.194388163618299, -31.4562968531853 ] } },
{ "type": "Feature", "properties": { "barrio": "AMPLIACION LAS PALMAS", "poblacion": 1750.0, "infraestructura_score": 0.2802, "categoria_infraestructura": "Alta", "cluster_descripcion": "Cluster 2: Vulnerabilidad Alta / Infraestructura Escasa", "tooltip_html": "<b>AMPLIACION LAS PALMAS</b><hr>Pob: 1750.0<br>Cluster: Cluster 2: Vulnerabilidad Alta / Infraestructura Escasa<br>Infr: Alta" }, "geometry": { "type": "Point", "coordinates": [ -64.242859773251197, -31.4010828106417 ] } },
{ "type": "Feature", "properties": { "barrio": "AMPLIACION LOS ALAMOS", "poblacion": 795.0, "infraestructura_score": 0.1398, "categoria_infraestructura": "Baja", "cluster_descripcion": "Cluster 2: Vulnerabilidad Alta / Infraestructura Escasa", "tooltip_html": "<b>AMPLIACION LOS ALAMOS</b><hr>Pob: 795.0<br>Cluster: Cluster 2: Vulnerabilidad Alta / Infraestructura Escasa<br>Infr: Baja" }, "geometry": { "type": "Point", "coordinates": [ -64.154291942821402, -31.364416650738601 ] } },
{ "type": "Feature", "properties": { "barrio": "AMPLIACION LOS PLATANOS", "poblacion": 1060.0, "infraestructura_score": 0.0874, "categoria_infraestructura": "Baja", "cluster_descripcion": "Cluster 2: Vulnerabilidad Alta / Infraestructura Escasa", "tooltip_html": "<b>AMPLIACION LOS PLATANOS</b><hr>Pob: 1060.0<br>Cluster: Cluster 2: Vulnerabilidad Alta / Infraestructura Escasa<br>Infr: Baja" }, "geometry": { "type": "Point", "coordinates": [ -64.234140557603595, -31.4186010236435 ] } },
{ "type": "Feature", "properties": { "barrio": "AMPLIACION PALMAR", "poblacion": 1356.0, "infraestructura_score": 0.2522, "categoria_infraestructura": "Alta", "cluster_descripcion": "Cluster 2: Vulnerabilidad Alta / Infraestructura Escasa", "tooltip_html": "<b>AMPLIACION PALMAR</b><hr>Pob: 1356.0<br>Cluster: Cluster 2: Vulnerabilidad Alta / Infraestructura Escasa<br>Infr: Alta" }, "geometry": { "type": "Point", "coordinates": [ -64.120252778461307, -31.3875352636237 ] } },
{ "type": "Feature", "properties": { "barrio": "AMPLIACION PANAMERICANO", "poblacion": 1545.0, "infraestructura_score": 0.048, "categoria_infraestructura": "Muy Baja", "cluster_descripcion": "Cluster 2: Vulnerabilidad Alta / Infraestructura Escasa", "tooltip_html": "<b>AMPLIACION PANAMERICANO</b><hr>Pob: 1545.0<br>Cluster: Cluster 2: Vulnerabilidad Alta / Infraestructura Escasa<br>Infr: Muy Baja" }, "geometry": { "type": "Point", "coordinates": [ -64.179988667288896, -31.365476066006 ] } },
{ "type": "Feature", "properties": { "barrio": "AMPLIACION PARQUE SAN CARLOS", "poblacion": 1070.0, "infraestructura_score": 0.0693, "categoria_infraestructura": "Muy Baja", "cluster_descripcion": "Cluster 2: Vulnerabilidad Alta / Infraestructura Escasa", "tooltip_html": "<b>AMPLIACION PARQUE SAN CARLOS</b><hr>Pob: 1070.0<br>Cluster: Cluster 2: Vulnerabilidad Alta / Infraestructura Escasa<br>Infr: Muy Baja" }, "geometry": { "type": "Point", "coordinates": [ -64.156384165343695, -31.449958521527599 ] } },
{ "type": "Feature", "properties": { "barrio": "AMPLIACION POETA LUGONES", "poblacion": 2830.0, "infraestructura_score": 0.0832, "categoria_infraestructura": "Baja", "cluster_descripcion": "Cluster 2: Vulnerabilidad Alta / Infraestructura Escasa", "tooltip_html": "<b>AMPLIACION POETA LUGONES</b><hr>Pob: 2830.0<br>Cluster: Cluster 2: Vulnerabilidad Alta / Infraestructura Escasa<br>Infr: Baja" }, "geometry": { "type": "Point", "coordinates": [ -64.222766984913207, -31.359759551625402 ] } },
{ "type": "Feature", "properties": { "barrio": "AMPLIACION PRIMERO DE MAYO", "poblacion": 1690.0, "infraestructura_score": 0.1893, "categoria_infraestructura": "Media", "cluster_descripcion": "Cluster 2: Vulnerabilidad Alta / Infraestructura Escasa", "tooltip_html": "<b>AMPLIACION PRIMERO DE MAYO</b><hr>Pob: 1690.0<br>Cluster: Cluster 2: Vulnerabilidad Alta / Infraestructura Escasa<br>Infr: Media" }, "geometry": { "type": "Point", "coordinates": [ -64.112337093766101, -31.4437153991218 ] } },
{ "type": "Feature", "properties": { "barrio": "AMPLIACION PUEYRREDON", "poblacion": 1809.0, "infraestructura_score": 0.3349, "categoria_infraestructura": "Alta", "cluster_descripcion": "Cluster 1: Urbano Consolidado (Alta Infraestructura)", "tooltip_html": "<b>AMPLIACION PUEYRREDON</b><hr>Pob: 1809.0<br>Cluster: Cluster 1: Urbano Consolidado (Alta Infraestructura)<br>Infr: Alta" }, "geometry": { "type": "Point", "coordinates": [ -64.145082179747703, -31.393666954667999 ] } },
{ "type": "Feature", "properties": { "barrio": "AMPLIACION RESIDENCIAL AMERICA", "poblacion": 5488.0, "infraestructura_score": 0.1192, "categoria_infraestructura": "Baja", "cluster_descripcion": "Cluster 2: Vulnerabilidad Alta / Infraestructura Escasa", "tooltip_html": "<b>AMPLIACION RESIDENCIAL AMERICA</b><hr>Pob: 5488.0<br>Cluster: Cluster 2: Vulnerabilidad Alta / Infraestructura Escasa<br>Infr: Baja" }, "geometry": { "type": "Point", "coordinates": [ -64.161233126445296, -31.376008249887999 ] } },
{ "type": "Feature", "properties": { "barrio": "AMPLIACION ROSEDAL", "poblacion": 3123.0, "infraestructura_score": 0.1542, "categoria_infraestructura": "Media", "cluster_descripcion": "Cluster 2: Vulnerabilidad Alta / Infraestructura Escasa", "tooltip_html": "<b>AMPLIACION ROSEDAL</b><hr>Pob: 3123.0<br>Cluster: Cluster 2: Vulnerabilidad Alta / Infraestructura Escasa<br>Infr: Media" }, "geometry": { "type": "Point", "coordinates": [ -64.224239317809406, -31.4399633501796 ] } },
{ "type": "Feature", "properties": { "barrio": "AMPLIACION SAN FERNANDO", "poblacion": 3375.0, "infraestructura_score": 0.0274, "categoria_infraestructura": "Muy Baja", "cluster_descripcion": "Cluster 2: Vulnerabilidad Alta / Infraestructura Escasa", "tooltip_html": "<b>AMPLIACION SAN FERNANDO</b><hr>Pob: 3375.0<br>Cluster: Cluster 2: Vulnerabilidad Alta / Infraestructura Escasa<br>Infr: Muy Baja" }, "geometry": { "type": "Point", "coordinates": [ -64.191618433940107, -31.4534767190212 ] } },
{ "type": "Feature", "properties": { "barrio": "AMPLIACION SAN PABLO", "poblacion": 2247.0, "infraestructura_score": 0.1648, "categoria_infraestructura": "Media", "cluster_descripcion": "Cluster 2: Vulnerabilidad Alta / Infraestructura Escasa", "tooltip_html": "<b>AMPLIACION SAN PABLO</b><hr>Pob: 2247.0<br>Cluster: Cluster 2: Vulnerabilidad Alta / Infraestructura Escasa<br>Infr: Media" }, "geometry": { "type": "Point", "coordinates": [ -64.159721455458893, -31.4520403999847 ] } },
{ "type": "Feature", "properties": { "barrio": "AMPLIACION URCA", "poblacion": 2059.0, "infraestructura_score": 0.0, "categoria_infraestructura": "Muy Baja", "cluster_descripcion": "Cluster 2: Vulnerabilidad Alta / Infraestructura Escasa", "tooltip_html": "<b>AMPLIACION URCA</b><hr>Pob: 2059.0<br>Cluster: Cluster 2: Vulnerabilidad Alta / Infraestructura Escasa<br>Infr: Muy Baja" }, "geometry": { "type": "Point", "coordinates": [ -64.239705764308695, -31.386101477602399 ] } },
{ "type": "Feature", "properties": { "barrio": "AMPLIACION VELEZ SARSFIELD", "poblacion": 1625.0, "infraestructura_score": 0.1139, "categoria_infraestructura": "Baja", "cluster_descripcion": "Cluster 2: Vulnerabilidad Alta / Infraestructura Escasa", "tooltip_html": "<b>AMPLIACION VELEZ SARSFIELD</b><hr>Pob: 1625.0<br>Cluster: Cluster 2: Vulnerabilidad Alta / Infraestructura Escasa<br>Infr: Baja" }, "geometry": { "type": "Point", "coordinates": [ -64.215583946543802, -31.4536351703001 ] } },
{ "type": "Feature", "properties": { "barrio": "ANA MARIA ZUMARAN", "poblacion": 3542.0, "infraestructura_score": 0.1687, "categoria_infraestructura": "Media", "cluster_descripcion": "Cluster 2: Vulnerabilidad Alta / Infraestructura Escasa", "tooltip_html": "<b>ANA MARIA ZUMARAN</b><hr>Pob: 3542.0<br>Cluster: Cluster 2: Vulnerabilidad Alta / Infraestructura Escasa<br>Infr: Media" }, "geometry": { "type": "Point", "coordinates": [ -64.201274173708399, -31.378893984669901 ] } },
{ "type": "Feature", "properties": { "barrio": "ANEXO LOS ALAMOS", "poblacion": 757.0, "infraestructura_score": 0.1713, "categoria_infraestructura": "Media", "cluster_descripcion": "Cluster 2: Vulnerabilidad Alta / Infraestructura Escasa", "tooltip_html": "<b>ANEXO LOS ALAMOS</b><hr>Pob: 757.0<br>Cluster: Cluster 2: Vulnerabilidad Alta / Infraestructura Escasa<br>Infr: Media" }, "geometry": { "type": "Point", "coordinates": [ -64.159451401446503, -31.366664245274499 ] } },
{ "type": "Feature", "properties": { "barrio": "APEADERO LA TABLADA", "poblacion": 500.0, "infraestructura_score": 0.0741, "categoria_infraestructura": "Muy Baja", "cluster_descripcion": "Cluster 2: Vulnerabilidad Alta / Infraestructura Escasa", "tooltip_html": "<b>APEADERO LA TABLADA</b><hr>Pob: 500.0<br>Cluster: Cluster 2: Vulnerabilidad Alta / Infraestructura Escasa<br>Infr: Muy Baja" }, "geometry": { "type": "Point", "coordinates": [ -64.235597500668902, -31.3520184390118 ] } },
{ "type": "Feature", "properties": { "barrio": "ARGUELLO", "poblacion": 14865.0, "infraestructura_score": 0.1304, "categoria_infraestructura": "Baja", "cluster_descripcion": "Cluster 2: Vulnerabilidad Alta / Infraestructura Escasa", "tooltip_html": "<b>ARGUELLO</b><hr>Pob: 14865.0<br>Cluster: Cluster 2: Vulnerabilidad Alta / Infraestructura Escasa<br>Infr: Baja" }, "geometry": { "type": "Point", "coordinates": [ -64.262051826128001, -31.346172242985901 ] } },
{ "type": "Feature", "properties": { "barrio": "ARGUELLO II", "poblacion": 2677.0, "infraestructura_score": 0.0728, "categoria_infraestructura": "Muy Baja", "cluster_descripcion": "Cluster 2: Vulnerabilidad Alta / Infraestructura Escasa", "tooltip_html": "<b>ARGUELLO II</b><hr>Pob: 2677.0<br>Cluster: Cluster 2: Vulnerabilidad Alta / Infraestructura Escasa<br>Infr: Muy Baja" }, "geometry": { "type": "Point", "coordinates": [ -64.242239248677905, -31.324724991938499 ] } },
{ "type": "Feature", "properties": { "barrio": "ARGUELLO NORTE", "poblacion": 15574.0, "infraestructura_score": 0.1269, "categoria_infraestructura": "Baja", "cluster_descripcion": "Cluster 2: Vulnerabilidad Alta / Infraestructura Escasa", "tooltip_html": "<b>ARGUELLO NORTE</b><hr>Pob: 15574.0<br>Cluster: Cluster 2: Vulnerabilidad Alta / Infraestructura Escasa<br>Infr: Baja" }, "geometry": { "type": "Point", "coordinates": [ -64.248844893565604, -31.330818058016099 ] } },
{ "type": "Feature", "properties": { "barrio": "ARTURO CAPDEVILA", "poblacion": 1818.0, "infraestructura_score": 0.336, "categoria_infraestructura": "Alta", "cluster_descripcion": "Cluster 1: Urbano Consolidado (Alta Infraestructura)", "tooltip_html": "<b>ARTURO CAPDEVILA</b><hr>Pob: 1818.0<br>Cluster: Cluster 1: Urbano Consolidado (Alta Infraestructura)<br>Infr: Alta" }, "geometry": { "type": "Point", "coordinates": [ -64.131224666199003, -31.376191018105601 ] } },
{ "type": "Feature", "properties": { "barrio": "ATE", "poblacion": 968.0, "infraestructura_score": 0.2487, "categoria_infraestructura": "Alta", "cluster_descripcion": "Cluster 2: Vulnerabilidad Alta / Infraestructura Escasa", "tooltip_html": "<b>ATE</b><hr>Pob: 968.0<br>Cluster: Cluster 2: Vulnerabilidad Alta / Infraestructura Escasa<br>Infr: Alta" }, "geometry": { "type": "Point", "coordinates": [ -64.230755913667096, -31.434176445062398 ] } },
{ "type": "Feature", "properties": { "barrio": "AVENIDA", "poblacion": 1121.0, "infraestructura_score": 0.2686, "categoria_infraestructura": "Alta", "cluster_descripcion": "Cluster 2: Vulnerabilidad Alta / Infraestructura Escasa", "tooltip_html": "<b>AVENIDA</b><hr>Pob: 1121.0<br>Cluster: Cluster 2: Vulnerabilidad Alta / Infraestructura Escasa<br>Infr: Alta" }, "geometry": { "type": "Point", "coordinates": [ -64.216962995784399, -31.4281121539283 ] } },
{ "type": "Feature", "properties": { "barrio": "AYACUCHO", "poblacion": 4356.0, "infraestructura_score": 0.2253, "categoria_infraestructura": "Alta", "cluster_descripcion": "Cluster 2: Vulnerabilidad Alta / Infraestructura Escasa", "tooltip_html": "<b>AYACUCHO</b><hr>Pob: 4356.0<br>Cluster: Cluster 2: Vulnerabilidad Alta / Infraestructura Escasa<br>Infr: Alta" }, "geometry": { "type": "Point", "coordinates": [ -64.171042655952405, -31.379086057275799 ] } },
{ "type": "Feature", "properties": { "barrio": "BAJADA DE PIEDRA", "poblacion": 889.0, "infraestructura_score": 0.25, "categoria_infraestructura": "Alta", "cluster_descripcion": "Cluster 2: Vulnerabilidad Alta / Infraestructura Escasa", "tooltip_html": "<b>BAJADA DE PIEDRA</b><hr>Pob: 889.0<br>Cluster: Cluster 2: Vulnerabilidad Alta / Infraestructura Escasa<br>Infr: Alta" }, "geometry": { "type": "Point", "coordinates": [ -64.145069147668806, -31.414768303163999 ] } },
{ "type": "Feature", "properties": { "barrio": "BAJADA SAN ROQUE", "poblacion": 500.0, "infraestructura_score": 0.2869, "categoria_infraestructura": "Alta", "cluster_descripcion": "Cluster 1: Urbano Consolidado (Alta Infraestructura)", "tooltip_html": "<b>BAJADA SAN ROQUE</b><hr>Pob: 500.0<br>Cluster: Cluster 1: Urbano Consolidado (Alta Infraestructura)<br>Infr: Alta" }, "geometry": { "type": "Point", "coordinates": [ -64.205017536623899, -31.4270086711897 ] } },
{ "type": "Feature", "properties": { "barrio": "BAJO GALAN", "poblacion": 810.0, "infraestructura_score": 0.6409, "categoria_infraestructura": "Muy Alta", "cluster_descripcion": "Cluster 1: Urbano Consolidado (Alta Infraestructura)", "tooltip_html": "<b>BAJO GALAN</b><hr>Pob: 810.0<br>Cluster: Cluster 1: Urbano Consolidado (Alta Infraestructura)<br>Infr: Muy Alta" }, "geometry": { "type": "Point", "coordinates": [ -64.202096041365195, -31.393145323592002 ] } },
{ "type": "Feature", "properties": { "barrio": "BAJO GENERAL PAZ", "poblacion": 1223.0, "infraestructura_score": 0.6714, "categoria_infraestructura": "Muy Alta", "cluster_descripcion": "Cluster 1: Urbano Consolidado (Alta Infraestructura)", "tooltip_html": "<b>BAJO GENERAL PAZ</b><hr>Pob: 1223.0<br>Cluster: Cluster 1: Urbano Consolidado (Alta Infraestructura)<br>Infr: Muy Alta" }, "geometry": { "type": "Point", "coordinates": [ -64.158649829748896, -31.415001699413001 ] } },
{ "type": "Feature", "properties": { "barrio": "BARRANCAS DEL SUR", "poblacion": 500.0, "infraestructura_score": 0.1111, "categoria_infraestructura": "Baja", "cluster_descripcion": "Cluster 2: Vulnerabilidad Alta / Infraestructura Escasa", "tooltip_html": "<b>BARRANCAS DEL SUR</b><hr>Pob: 500.0<br>Cluster: Cluster 2: Vulnerabilidad Alta / Infraestructura Escasa<br>Infr: Baja" }, "geometry": { "type": "Point", "coordinates": [ -64.184364632092894, -31.4629669528025 ] } },
{ "type": "Feature", "properties": { "barrio": "BELLA VISTA", "poblacion": 4607.0, "infraestructura_score": 0.1118, "categoria_infraestructura": "Baja", "cluster_descripcion": "Cluster 2: Vulnerabilidad Alta / Infraestructura Escasa", "tooltip_html": "<b>BELLA VISTA</b><hr>Pob: 4607.0<br>Cluster: Cluster 2: Vulnerabilidad Alta / Infraestructura Escasa<br>Infr: Baja" }, "geometry": { "type": "Point", "coordinates": [ -64.201761038570297, -31.4310760948932 ] } },
{ "type": "Feature", "properties": { "barrio": "BELLA VISTA OESTE", "poblacion": 1828.0, "infraestructura_score": 0.0406, "categoria_infraestructura": "Muy Baja", "cluster_descripcion": "Cluster 2: Vulnerabilidad Alta / Infraestructura Escasa", "tooltip_html": "<b>BELLA VISTA OESTE</b><hr>Pob: 1828.0<br>Cluster: Cluster 2: Vulnerabilidad Alta / Infraestructura Escasa<br>Infr: Muy Baja" }, "geometry": { "type": "Point", "coordinates": [ -64.207623259201299, -31.432582224074199 ] } },
{ "type": "Feature", "properties": { "barrio": "BETANIA", "poblacion": 1992.0, "infraestructura_score": 0.093, "categoria_infraestructura": "Baja", "cluster_descripcion": "Cluster 2: Vulnerabilidad Alta / Infraestructura Escasa", "tooltip_html": "<b>BETANIA</b><hr>Pob: 1992.0<br>Cluster: Cluster 2: Vulnerabilidad Alta / Infraestructura Escasa<br>Infr: Baja" }, "geometry": { "type": "Point", "coordinates": [ -64.091001881744504, -31.456813713872201 ] } },
{ "type": "Feature", "properties": { "barrio": "BH_CAMINO A 60 CUADRAS", "poblacion": 1615.0, "infraestructura_score": 0.0, "categoria_infraestructura": "Muy Baja", "cluster_descripcion": "Cluster 2: Vulnerabilidad Alta / Infraestructura Escasa", "tooltip_html": "<b>BH_CAMINO A 60 CUADRAS</b><hr>Pob: 1615.0<br>Cluster: Cluster 2: Vulnerabilidad Alta / Infraestructura Escasa<br>Infr: Muy Baja" }, "geometry": { "type": "Point", "coordinates": [ -64.143523025115101, -31.4988602721623 ] } },
{ "type": "Feature", "properties": { "barrio": "BIALET MASSE", "poblacion": 2091.0, "infraestructura_score": 0.2392, "categoria_infraestructura": "Alta", "cluster_descripcion": "Cluster 2: Vulnerabilidad Alta / Infraestructura Escasa", "tooltip_html": "<b>BIALET MASSE</b><hr>Pob: 2091.0<br>Cluster: Cluster 2: Vulnerabilidad Alta / Infraestructura Escasa<br>Infr: Alta" }, "geometry": { "type": "Point", "coordinates": [ -64.165146714212298, -31.4525117900242 ] } },
{ "type": "Feature", "properties": { "barrio": "BOEDO", "poblacion": 2664.0, "infraestructura_score": 0.0417, "categoria_infraestructura": "Muy Baja", "cluster_descripcion": "Cluster 2: Vulnerabilidad Alta / Infraestructura Escasa", "tooltip_html": "<b>BOEDO</b><hr>Pob: 2664.0<br>Cluster: Cluster 2: Vulnerabilidad Alta / Infraestructura Escasa<br>Infr: Muy Baja" }, "geometry": { "type": "Point", "coordinates": [ -64.108167199937597, -31.4319549557882 ] } },
{ "type": "Feature", "properties": { "barrio": "BRIGADIER SAN MARTIN", "poblacion": 500.0, "infraestructura_score": 0.7778, "categoria_infraestructura": "Muy Alta", "cluster_descripcion": "Cluster 1: Urbano Consolidado (Alta Infraestructura)", "tooltip_html": "<b>BRIGADIER SAN MARTIN</b><hr>Pob: 500.0<br>Cluster: Cluster 1: Urbano Consolidado (Alta Infraestructura)<br>Infr: Muy Alta" }, "geometry": { "type": "Point", "coordinates": [ -64.239460453251397, -31.341122602252401 ] } },
{ "type": "Feature", "properties": { "barrio": "CABANA DEL PILAR", "poblacion": 500.0, "infraestructura_score": 0.4444, "categoria_infraestructura": "Muy Alta", "cluster_descripcion": "Cluster 1: Urbano Consolidado (Alta Infraestructura)", "tooltip_html": "<b>CABANA DEL PILAR</b><hr>Pob: 500.0<br>Cluster: Cluster 1: Urbano Consolidado (Alta Infraestructura)<br>Infr: Muy Alta" }, "geometry": { "type": "Point", "coordinates": [ -64.167683330608, -31.4422675134741 ] } },
{ "type": "Feature", "properties": { "barrio": "CABO FARINA", "poblacion": 4574.0, "infraestructura_score": 0.1055, "categoria_infraestructura": "Baja", "cluster_descripcion": "Cluster 2: Vulnerabilidad Alta / Infraestructura Escasa", "tooltip_html": "<b>CABO FARINA</b><hr>Pob: 4574.0<br>Cluster: Cluster 2: Vulnerabilidad Alta / Infraestructura Escasa<br>Infr: Baja" }, "geometry": { "type": "Point", "coordinates": [ -64.207475724787244, -31.465487959144749 ] } },
{ "type": "Feature", "properties": { "barrio": "CACERES", "poblacion": 875.0, "infraestructura_score": 0.4817, "categoria_infraestructura": "Muy Alta", "cluster_descripcion": "Cluster 1: Urbano Consolidado (Alta Infraestructura)", "tooltip_html": "<b>CACERES</b><hr>Pob: 875.0<br>Cluster: Cluster 1: Urbano Consolidado (Alta Infraestructura)<br>Infr: Muy Alta" }, "geometry": { "type": "Point", "coordinates": [ -64.199555604683098, -31.433453444177701 ] } },
{ "type": "Feature", "properties": { "barrio": "CALIFORNIA", "poblacion": 600.0, "infraestructura_score": 0.3627, "categoria_infraestructura": "Muy Alta", "cluster_descripcion": "Cluster 1: Urbano Consolidado (Alta Infraestructura)", "tooltip_html": "<b>CALIFORNIA</b><hr>Pob: 600.0<br>Cluster: Cluster 1: Urbano Consolidado (Alta Infraestructura)<br>Infr: Muy Alta" }, "geometry": { "type": "Point", "coordinates": [ -64.204911494895896, -31.451219523821599 ] } },
{ "type": "Feature", "properties": { "barrio": "CAMINO A SAN CARLOS", "poblacion": 1123.0, "infraestructura_score": 0.0, "categoria_infraestructura": "Muy Baja", "cluster_descripcion": "Cluster 2: Vulnerabilidad Alta / Infraestructura Escasa", "tooltip_html": "<b>CAMINO A SAN CARLOS</b><hr>Pob: 1123.0<br>Cluster: Cluster 2: Vulnerabilidad Alta / Infraestructura Escasa<br>Infr: Muy Baja" }, "geometry": { "type": "Point", "coordinates": [ -64.160200942176203, -31.498433296584999 ] } },
{ "type": "Feature", "properties": { "barrio": "CAMINO A VILLA POSSE", "poblacion": 500.0, "infraestructura_score": 0.4257, "categoria_infraestructura": "Muy Alta", "cluster_descripcion": "Cluster 1: Urbano Consolidado (Alta Infraestructura)", "tooltip_html": "<b>CAMINO A VILLA POSSE</b><hr>Pob: 500.0<br>Cluster: Cluster 1: Urbano Consolidado (Alta Infraestructura)<br>Infr: Muy Alta" }, "geometry": { "type": "Point", "coordinates": [ -64.101634099028601, -31.445431402889199 ] } },
{ "type": "Feature", "properties": { "barrio": "CAMPING GRL SAN MARTIN", "poblacion": 500.0, "infraestructura_score": 0.0, "categoria_infraestructura": "Muy Baja", "cluster_descripcion": "Cluster 2: Vulnerabilidad Alta / Infraestructura Escasa", "tooltip_html": "<b>CAMPING GRL SAN MARTIN</b><hr>Pob: 500.0<br>Cluster: Cluster 2: Vulnerabilidad Alta / Infraestructura Escasa<br>Infr: Muy Baja" }, "geometry": { "type": "Point", "coordinates": [ -64.261887727931494, -31.364375318901899 ] } },
{ "type": "Feature", "properties": { "barrio": "CARBO", "poblacion": 1444.0, "infraestructura_score": 0.6326, "categoria_infraestructura": "Muy Alta", "cluster_descripcion": "Cluster 1: Urbano Consolidado (Alta Infraestructura)", "tooltip_html": "<b>CARBO</b><hr>Pob: 1444.0<br>Cluster: Cluster 1: Urbano Consolidado (Alta Infraestructura)<br>Infr: Muy Alta" }, "geometry": { "type": "Point", "coordinates": [ -64.206221582679802, -31.481475590576999 ] } },
{ "type": "Feature", "properties": { "barrio": "CAROLA LORENZINI", "poblacion": 500.0, "infraestructura_score": 0.2593, "categoria_infraestructura": "Alta", "cluster_descripcion": "Cluster 1: Urbano Consolidado (Alta Infraestructura)", "tooltip_html": "<b>CAROLA LORENZINI</b><hr>Pob: 500.0<br>Cluster: Cluster 1: Urbano Consolidado (Alta Infraestructura)<br>Infr: Alta" }, "geometry": { "type": "Point", "coordinates": [ -64.2143267353581, -31.428791330017098 ] } },
{ "type": "Feature", "properties": { "barrio": "CARRARA", "poblacion": 500.0, "infraestructura_score": 0.5926, "categoria_infraestructura": "Muy Alta", "cluster_descripcion": "Cluster 1: Urbano Consolidado (Alta Infraestructura)", "tooltip_html": "<b>CARRARA</b><hr>Pob: 500.0<br>Cluster: Cluster 1: Urbano Consolidado (Alta Infraestructura)<br>Infr: Muy Alta" }, "geometry": { "type": "Point", "coordinates": [ -64.257101507556101, -31.453972787190501 ] } },
{ "type": "Feature", "properties": { "barrio": "CASEROS", "poblacion": 1497.0, "infraestructura_score": 0.1702, "categoria_infraestructura": "Media", "cluster_descripcion": "Cluster 2: Vulnerabilidad Alta / Infraestructura Escasa", "tooltip_html": "<b>CASEROS</b><hr>Pob: 1497.0<br>Cluster: Cluster 2: Vulnerabilidad Alta / Infraestructura Escasa<br>Infr: Media" }, "geometry": { "type": "Point", "coordinates": [ -64.208252034811693, -31.4142417872261 ] } },
{ "type": "Feature", "properties": { "barrio": "CENTRO", "poblacion": 28200.0, "infraestructura_score": 0.2024, "categoria_infraestructura": "Media", "cluster_descripcion": "Cluster 2: Vulnerabilidad Alta / Infraestructura Escasa", "tooltip_html": "<b>CENTRO</b><hr>Pob: 28200.0<br>Cluster: Cluster 2: Vulnerabilidad Alta / Infraestructura Escasa<br>Infr: Media" }, "geometry": { "type": "Point", "coordinates": [ -64.183450035512706, -31.417804293232201 ] } },
{ "type": "Feature", "properties": { "barrio": "CENTRO AMERICA", "poblacion": 5529.0, "infraestructura_score": 0.116, "categoria_infraestructura": "Baja", "cluster_descripcion": "Cluster 2: Vulnerabilidad Alta / Infraestructura Escasa", "tooltip_html": "<b>CENTRO AMERICA</b><hr>Pob: 5529.0<br>Cluster: Cluster 2: Vulnerabilidad Alta / Infraestructura Escasa<br>Infr: Baja" }, "geometry": { "type": "Point", "coordinates": [ -64.169598089564005, -31.371116868511599 ] } },
{ "type": "Feature", "properties": { "barrio": "CERRO CHICO", "poblacion": 2719.0, "infraestructura_score": 0.1702, "categoria_infraestructura": "Media", "cluster_descripcion": "Cluster 2: Vulnerabilidad Alta / Infraestructura Escasa", "tooltip_html": "<b>CERRO CHICO</b><hr>Pob: 2719.0<br>Cluster: Cluster 2: Vulnerabilidad Alta / Infraestructura Escasa<br>Infr: Media" }, "geometry": { "type": "Point", "coordinates": [ -64.221899804956195, -31.3661094460602 ] } },
{ "type": "Feature", "properties": { "barrio": "CERRO DE LAS ROSAS", "poblacion": 5947.0, "infraestructura_score": 0.3667, "categoria_infraestructura": "Muy Alta", "cluster_descripcion": "Cluster 2: Vulnerabilidad Alta / Infraestructura Escasa", "tooltip_html": "<b>CERRO DE LAS ROSAS</b><hr>Pob: 5947.0<br>Cluster: Cluster 2: Vulnerabilidad Alta / Infraestructura Escasa<br>Infr: Muy Alta" }, "geometry": { "type": "Point", "coordinates": [ -64.233811404979505, -31.372120565705501 ] } },
{ "type": "Feature", "properties": { "barrio": "CERRO NORTE", "poblacion": 5374.0, "infraestructura_score": 0.0842, "categoria_infraestructura": "Baja", "cluster_descripcion": "Cluster 2: Vulnerabilidad Alta / Infraestructura Escasa", "tooltip_html": "<b>CERRO NORTE</b><hr>Pob: 5374.0<br>Cluster: Cluster 2: Vulnerabilidad Alta / Infraestructura Escasa<br>Infr: Baja" }, "geometry": { "type": "Point", "coordinates": [ -64.276873385826903, -31.3209690442071 ] } },
{ "type": "Feature", "properties": { "barrio": "CERVECEROS", "poblacion": 3893.0, "infraestructura_score": 0.227, "categoria_infraestructura": "Alta", "cluster_descripcion": "Cluster 2: Vulnerabilidad Alta / Infraestructura Escasa", "tooltip_html": "<b>CERVECEROS</b><hr>Pob: 3893.0<br>Cluster: Cluster 2: Vulnerabilidad Alta / Infraestructura Escasa<br>Infr: Alta" }, "geometry": { "type": "Point", "coordinates": [ -64.159002291346795, -31.464596235155899 ] } },
{ "type": "Feature", "properties": { "barrio": "CHATEAU CARRERAS", "poblacion": 1624.0, "infraestructura_score": 0.6156, "categoria_infraestructura": "Muy Alta", "cluster_descripcion": "Cluster 1: Urbano Consolidado (Alta Infraestructura)", "tooltip_html": "<b>CHATEAU CARRERAS</b><hr>Pob: 1624.0<br>Cluster: Cluster 1: Urbano Consolidado (Alta Infraestructura)<br>Infr: Muy Alta" }, "geometry": { "type": "Point", "coordinates": [ -64.255217739636294, -31.381692368558699 ] } },
{ "type": "Feature", "properties": { "barrio": "CIRCUNVALACION", "poblacion": 500.0, "infraestructura_score": 0.4444, "categoria_infraestructura": "Muy Alta", "cluster_descripcion": "Cluster 1: Urbano Consolidado (Alta Infraestructura)", "tooltip_html": "<b>CIRCUNVALACION</b><hr>Pob: 500.0<br>Cluster: Cluster 1: Urbano Consolidado (Alta Infraestructura)<br>Infr: Muy Alta" }, "geometry": { "type": "Point", "coordinates": [ -64.203435508242634, -31.41451436457093 ] } },
{ "type": "Feature", "properties": { "barrio": "CIUDAD AMPLIACION CABILDO", "poblacion": 2593.0, "infraestructura_score": 0.2003, "categoria_infraestructura": "Media", "cluster_descripcion": "Cluster 2: Vulnerabilidad Alta / Infraestructura Escasa", "tooltip_html": "<b>CIUDAD AMPLIACION CABILDO</b><hr>Pob: 2593.0<br>Cluster: Cluster 2: Vulnerabilidad Alta / Infraestructura Escasa<br>Infr: Media" }, "geometry": { "type": "Point", "coordinates": [ -64.227458711807898, -31.484919927022599 ] } },
{ "type": "Feature", "properties": { "barrio": "CIUDAD AMPLIACION FERREYRA", "poblacion": 500.0, "infraestructura_score": 0.3333, "categoria_infraestructura": "Alta", "cluster_descripcion": "Cluster 1: Urbano Consolidado (Alta Infraestructura)", "tooltip_html": "<b>CIUDAD AMPLIACION FERREYRA</b><hr>Pob: 500.0<br>Cluster: Cluster 1: Urbano Consolidado (Alta Infraestructura)<br>Infr: Alta" }, "geometry": { "type": "Point", "coordinates": [ -64.119219823282606, -31.4735017733638 ] } },
{ "type": "Feature", "properties": { "barrio": "CIUDAD DE JUAN PABLO II", "poblacion": 2125.0, "infraestructura_score": 0.1479, "categoria_infraestructura": "Media", "cluster_descripcion": "Cluster 2: Vulnerabilidad Alta / Infraestructura Escasa", "tooltip_html": "<b>CIUDAD DE JUAN PABLO II</b><hr>Pob: 2125.0<br>Cluster: Cluster 2: Vulnerabilidad Alta / Infraestructura Escasa<br>Infr: Media" }, "geometry": { "type": "Point", "coordinates": [ -64.157828175751106, -31.363520824950498 ] } },
{ "type": "Feature", "properties": { "barrio": "CIUDAD DE LAS ARTES", "poblacion": 500.0, "infraestructura_score": 0.3333, "categoria_infraestructura": "Alta", "cluster_descripcion": "Cluster 1: Urbano Consolidado (Alta Infraestructura)", "tooltip_html": "<b>CIUDAD DE LAS ARTES</b><hr>Pob: 500.0<br>Cluster: Cluster 1: Urbano Consolidado (Alta Infraestructura)<br>Infr: Alta" }, "geometry": { "type": "Point", "coordinates": [ -64.174936278587495, -31.437258984795601 ] } },
{ "type": "Feature", "properties": { "barrio": "CIUDAD DE LOS CUARTETOS", "poblacion": 2204.0, "infraestructura_score": 0.2246, "categoria_infraestructura": "Alta", "cluster_descripcion": "Cluster 2: Vulnerabilidad Alta / Infraestructura Escasa", "tooltip_html": "<b>CIUDAD DE LOS CUARTETOS</b><hr>Pob: 2204.0<br>Cluster: Cluster 2: Vulnerabilidad Alta / Infraestructura Escasa<br>Infr: Alta" }, "geometry": { "type": "Point", "coordinates": [ -64.130385948895693, -31.3566522536983 ] } },
{ "type": "Feature", "properties": { "barrio": "CIUDAD DE MIS SUENOS", "poblacion": 2147.0, "infraestructura_score": 0.3738, "categoria_infraestructura": "Muy Alta", "cluster_descripcion": "Cluster 2: Vulnerabilidad Alta / Infraestructura Escasa", "tooltip_html": "<b>CIUDAD DE MIS SUENOS</b><hr>Pob: 2147.0<br>Cluster: Cluster 2: Vulnerabilidad Alta / Infraestructura Escasa<br>Infr: Muy Alta" }, "geometry": { "type": "Point", "coordinates": [ -64.086363859368007, -31.477817458291302 ] } },
{ "type": "Feature", "properties": { "barrio": "CIUDAD EVITA", "poblacion": 2662.0, "infraestructura_score": 0.2382, "categoria_infraestructura": "Alta", "cluster_descripcion": "Cluster 2: Vulnerabilidad Alta / Infraestructura Escasa", "tooltip_html": "<b>CIUDAD EVITA</b><hr>Pob: 2662.0<br>Cluster: Cluster 2: Vulnerabilidad Alta / Infraestructura Escasa<br>Infr: Alta" }, "geometry": { "type": "Point", "coordinates": [ -64.1087832676033, -31.448407952165098 ] } },
{ "type": "Feature", "properties": { "barrio": "CIUDAD MI ESPERANZA", "poblacion": 1492.0, "infraestructura_score": 0.0961, "categoria_infraestructura": "Baja", "cluster_descripcion": "Cluster 2: Vulnerabilidad Alta / Infraestructura Escasa", "tooltip_html": "<b>CIUDAD MI ESPERANZA</b><hr>Pob: 1492.0<br>Cluster: Cluster 2: Vulnerabilidad Alta / Infraestructura Escasa<br>Infr: Baja" }, "geometry": { "type": "Point", "coordinates": [ -64.0647579740385, -31.403922472016401 ] } },
{ "type": "Feature", "properties": { "barrio": "CIUDAD OBISPO ANGELELLI", "poblacion": 1828.0, "infraestructura_score": 0.4029, "categoria_infraestructura": "Muy Alta", "cluster_descripcion": "Cluster 1: Urbano Consolidado (Alta Infraestructura)", "tooltip_html": "<b>CIUDAD OBISPO ANGELELLI</b><hr>Pob: 1828.0<br>Cluster: Cluster 1: Urbano Consolidado (Alta Infraestructura)<br>Infr: Muy Alta" }, "geometry": { "type": "Point", "coordinates": [ -64.193764629989701, -31.5051491986518 ] } },
{ "type": "Feature", "properties": { "barrio": "CIUDAD PARQUE LAS ROSAS", "poblacion": 1385.0, "infraestructura_score": 0.178, "categoria_infraestructura": "Media", "cluster_descripcion": "Cluster 2: Vulnerabilidad Alta / Infraestructura Escasa", "tooltip_html": "<b>CIUDAD PARQUE LAS ROSAS</b><hr>Pob: 1385.0<br>Cluster: Cluster 2: Vulnerabilidad Alta / Infraestructura Escasa<br>Infr: Media" }, "geometry": { "type": "Point", "coordinates": [ -64.241105406189504, -31.448819916147301 ] } },
{ "type": "Feature", "properties": { "barrio": "CIUDAD UNIVERSITARIA", "poblacion": 500.0, "infraestructura_score": 0.7778, "categoria_infraestructura": "Muy Alta", "cluster_descripcion": "Cluster 1: Urbano Consolidado (Alta Infraestructura)", "tooltip_html": "<b>CIUDAD UNIVERSITARIA</b><hr>Pob: 500.0<br>Cluster: Cluster 1: Urbano Consolidado (Alta Infraestructura)<br>Infr: Muy Alta" }, "geometry": { "type": "Point", "coordinates": [ -64.188505625432796, -31.4381745010519 ] } },
{ "type": "Feature", "properties": { "barrio": "CIUDAD VILLA RETIRO", "poblacion": 1402.0, "infraestructura_score": 0.1785, "categoria_infraestructura": "Media", "cluster_descripcion": "Cluster 2: Vulnerabilidad Alta / Infraestructura Escasa", "tooltip_html": "<b>CIUDAD VILLA RETIRO</b><hr>Pob: 1402.0<br>Cluster: Cluster 2: Vulnerabilidad Alta / Infraestructura Escasa<br>Infr: Media" }, "geometry": { "type": "Point", "coordinates": [ -64.140444276692406, -31.3475166725032 ] } },
{ "type": "Feature", "properties": { "barrio": "CIUDADELA", "poblacion": 1442.0, "infraestructura_score": 0.0513, "categoria_infraestructura": "Muy Baja", "cluster_descripcion": "Cluster 2: Vulnerabilidad Alta / Infraestructura Escasa", "tooltip_html": "<b>CIUDADELA</b><hr>Pob: 1442.0<br>Cluster: Cluster 2: Vulnerabilidad Alta / Infraestructura Escasa<br>Infr: Muy Baja" }, "geometry": { "type": "Point", "coordinates": [ -64.201786649785106, -31.4460153622855 ] } },
{ "type": "Feature", "properties": { "barrio": "CLAROS DEL BOSQUE", "poblacion": 500.0, "infraestructura_score": 0.1481, "categoria_infraestructura": "Media", "cluster_descripcion": "Cluster 2: Vulnerabilidad Alta / Infraestructura Escasa", "tooltip_html": "<b>CLAROS DEL BOSQUE</b><hr>Pob: 500.0<br>Cluster: Cluster 2: Vulnerabilidad Alta / Infraestructura Escasa<br>Infr: Media" }, "geometry": { "type": "Point", "coordinates": [ -64.150132865599105, -31.456977552862998 ] } },
{ "type": "Feature", "properties": { "barrio": "COFICO", "poblacion": 500.0, "infraestructura_score": 0.7778, "categoria_infraestructura": "Muy Alta", "cluster_descripcion": "Cluster 1: Urbano Consolidado (Alta Infraestructura)", "tooltip_html": "<b>COFICO</b><hr>Pob: 500.0<br>Cluster: Cluster 1: Urbano Consolidado (Alta Infraestructura)<br>Infr: Muy Alta" }, "geometry": { "type": "Point", "coordinates": [ -64.185285139536802, -31.4031901115249 ] } },
{ "type": "Feature", "properties": { "barrio": "COLINAS DE BELLA VISTA", "poblacion": 817.0, "infraestructura_score": 0.4428, "categoria_infraestructura": "Muy Alta", "cluster_descripcion": "Cluster 1: Urbano Consolidado (Alta Infraestructura)", "tooltip_html": "<b>COLINAS DE BELLA VISTA</b><hr>Pob: 817.0<br>Cluster: Cluster 1: Urbano Consolidado (Alta Infraestructura)<br>Infr: Muy Alta" }, "geometry": { "type": "Point", "coordinates": [ -64.208524863791794, -31.436452678148001 ] } },
{ "type": "Feature", "properties": { "barrio": "COLINAS DE VELEZ SARSFIELD", "poblacion": 1642.0, "infraestructura_score": 0.3723, "categoria_infraestructura": "Muy Alta", "cluster_descripcion": "Cluster 1: Urbano Consolidado (Alta Infraestructura)", "tooltip_html": "<b>COLINAS DE VELEZ SARSFIELD</b><hr>Pob: 1642.0<br>Cluster: Cluster 1: Urbano Consolidado (Alta Infraestructura)<br>Infr: Muy Alta" }, "geometry": { "type": "Point", "coordinates": [ -64.199062320261305, -31.438146876299601 ] } },
{ "type": "Feature", "properties": { "barrio": "COLINAS DEL CERRO", "poblacion": 2264.0, "infraestructura_score": 0.2128, "categoria_infraestructura": "Media", "cluster_descripcion": "Cluster 2: Vulnerabilidad Alta / Infraestructura Escasa", "tooltip_html": "<b>COLINAS DEL CERRO</b><hr>Pob: 2264.0<br>Cluster: Cluster 2: Vulnerabilidad Alta / Infraestructura Escasa<br>Infr: Media" }, "geometry": { "type": "Point", "coordinates": [ -64.2425945373611, -31.379477514073699 ] } },
{ "type": "Feature", "properties": { "barrio": "COLON", "poblacion": 3862.0, "infraestructura_score": 0.2554, "categoria_infraestructura": "Alta", "cluster_descripcion": "Cluster 2: Vulnerabilidad Alta / Infraestructura Escasa", "tooltip_html": "<b>COLON</b><hr>Pob: 3862.0<br>Cluster: Cluster 2: Vulnerabilidad Alta / Infraestructura Escasa<br>Infr: Alta" }, "geometry": { "type": "Point", "coordinates": [ -64.154530623164305, -31.436618122344001 ] } },
{ "type": "Feature", "properties": { "barrio": "COLONIA LOLA", "poblacion": 9418.0, "infraestructura_score": 0.043, "categoria_infraestructura": "Muy Baja", "cluster_descripcion": "Cluster 2: Vulnerabilidad Alta / Infraestructura Escasa", "tooltip_html": "<b>COLONIA LOLA</b><hr>Pob: 9418.0<br>Cluster: Cluster 2: Vulnerabilidad Alta / Infraestructura Escasa<br>Infr: Muy Baja" }, "geometry": { "type": "Point", "coordinates": [ -64.1166371703697, -31.413698402747151 ] } },
{ "type": "Feature", "properties": { "barrio": "COMANDANTE ESPORA", "poblacion": 1567.0, "infraestructura_score": 0.1181, "categoria_infraestructura": "Baja", "cluster_descripcion": "Cluster 2: Vulnerabilidad Alta / Infraestructura Escasa", "tooltip_html": "<b>COMANDANTE ESPORA</b><hr>Pob: 1567.0<br>Cluster: Cluster 2: Vulnerabilidad Alta / Infraestructura Escasa<br>Infr: Baja" }, "geometry": { "type": "Point", "coordinates": [ -64.223980108742396, -31.417200830004798 ] } },
{ "type": "Feature", "properties": { "barrio": "COMERCIAL", "poblacion": 6575.0, "infraestructura_score": 0.1433, "categoria_infraestructura": "Baja", "cluster_descripcion": "Cluster 2: Vulnerabilidad Alta / Infraestructura Escasa", "tooltip_html": "<b>COMERCIAL</b><hr>Pob: 6575.0<br>Cluster: Cluster 2: Vulnerabilidad Alta / Infraestructura Escasa<br>Infr: Baja" }, "geometry": { "type": "Point", "coordinates": [ -64.202236231271698, -31.488879537458502 ] } },
{ "type": "Feature", "properties": { "barrio": "CONGRESO", "poblacion": 2534.0, "infraestructura_score": 0.1828, "categoria_infraestructura": "Media", "cluster_descripcion": "Cluster 2: Vulnerabilidad Alta / Infraestructura Escasa", "tooltip_html": "<b>CONGRESO</b><hr>Pob: 2534.0<br>Cluster: Cluster 2: Vulnerabilidad Alta / Infraestructura Escasa<br>Infr: Media" }, "geometry": { "type": "Point", "coordinates": [ -64.235805899028506, -31.4681013129692 ] } },
{ "type": "Feature", "properties": { "barrio": "CONSORCIO 16 DE NOVIEMBRE", "poblacion": 785.0, "infraestructura_score": 0.9094, "categoria_infraestructura": "Muy Alta", "cluster_descripcion": "Cluster 1: Urbano Consolidado (Alta Infraestructura)", "tooltip_html": "<b>CONSORCIO 16 DE NOVIEMBRE</b><hr>Pob: 785.0<br>Cluster: Cluster 1: Urbano Consolidado (Alta Infraestructura)<br>Infr: Muy Alta" }, "geometry": { "type": "Point", "coordinates": [ -64.256874832935495, -31.318339045152001 ] } },
{ "type": "Feature", "properties": { "barrio": "CONSORCIO ESPERANZA", "poblacion": 500.0, "infraestructura_score": 0.2222, "categoria_infraestructura": "Media", "cluster_descripcion": "Cluster 2: Vulnerabilidad Alta / Infraestructura Escasa", "tooltip_html": "<b>CONSORCIO ESPERANZA</b><hr>Pob: 500.0<br>Cluster: Cluster 2: Vulnerabilidad Alta / Infraestructura Escasa<br>Infr: Media" }, "geometry": { "type": "Point", "coordinates": [ -64.234352759439304, -31.420751186943999 ] } },
{ "type": "Feature", "properties": { "barrio": "COOPERATIVA 16 DE NOVIEMBRE", "poblacion": 5676.0, "infraestructura_score": 0.1027, "categoria_infraestructura": "Baja", "cluster_descripcion": "Cluster 2: Vulnerabilidad Alta / Infraestructura Escasa", "tooltip_html": "<b>COOPERATIVA 16 DE NOVIEMBRE</b><hr>Pob: 5676.0<br>Cluster: Cluster 2: Vulnerabilidad Alta / Infraestructura Escasa<br>Infr: Baja" }, "geometry": { "type": "Point", "coordinates": [ -64.261432872389662, -31.313277089012065 ] } },
{ "type": "Feature", "properties": { "barrio": "COOPERATIVA EL FUTURO", "poblacion": 500.0, "infraestructura_score": 0.1111, "categoria_infraestructura": "Baja", "cluster_descripcion": "Cluster 2: Vulnerabilidad Alta / Infraestructura Escasa", "tooltip_html": "<b>COOPERATIVA EL FUTURO</b><hr>Pob: 500.0<br>Cluster: Cluster 2: Vulnerabilidad Alta / Infraestructura Escasa<br>Infr: Baja" }, "geometry": { "type": "Point", "coordinates": [ -64.108101277920696, -31.440182349523202 ] } },
{ "type": "Feature", "properties": { "barrio": "COOPERATIVA LA HERMOSA", "poblacion": 500.0, "infraestructura_score": 0.0, "categoria_infraestructura": "Muy Baja", "cluster_descripcion": "Cluster 2: Vulnerabilidad Alta / Infraestructura Escasa", "tooltip_html": "<b>COOPERATIVA LA HERMOSA</b><hr>Pob: 500.0<br>Cluster: Cluster 2: Vulnerabilidad Alta / Infraestructura Escasa<br>Infr: Muy Baja" }, "geometry": { "type": "Point", "coordinates": [ -64.108104347353006, -31.438734758829899 ] } },
{ "type": "Feature", "properties": { "barrio": "COOPERATIVA LA UNIDAD", "poblacion": 2120.0, "infraestructura_score": 0.0698, "categoria_infraestructura": "Muy Baja", "cluster_descripcion": "Cluster 2: Vulnerabilidad Alta / Infraestructura Escasa", "tooltip_html": "<b>COOPERATIVA LA UNIDAD</b><hr>Pob: 2120.0<br>Cluster: Cluster 2: Vulnerabilidad Alta / Infraestructura Escasa<br>Infr: Muy Baja" }, "geometry": { "type": "Point", "coordinates": [ -64.112884039505502, -31.430630677950798 ] } },
{ "type": "Feature", "properties": { "barrio": "CORDOBA IV", "poblacion": 500.0, "infraestructura_score": 0.4257, "categoria_infraestructura": "Muy Alta", "cluster_descripcion": "Cluster 1: Urbano Consolidado (Alta Infraestructura)", "tooltip_html": "<b>CORDOBA IV</b><hr>Pob: 500.0<br>Cluster: Cluster 1: Urbano Consolidado (Alta Infraestructura)<br>Infr: Muy Alta" }, "geometry": { "type": "Point", "coordinates": [ -64.2635715412857, -31.389649848724201 ] } },
{ "type": "Feature", "properties": { "barrio": "CORDOBA V", "poblacion": 500.0, "infraestructura_score": 0.0741, "categoria_infraestructura": "Muy Baja", "cluster_descripcion": "Cluster 2: Vulnerabilidad Alta / Infraestructura Escasa", "tooltip_html": "<b>CORDOBA V</b><hr>Pob: 500.0<br>Cluster: Cluster 2: Vulnerabilidad Alta / Infraestructura Escasa<br>Infr: Muy Baja" }, "geometry": { "type": "Point", "coordinates": [ -64.262488817918197, -31.3849544927415 ] } },
{ "type": "Feature", "properties": { "barrio": "CORRAL DE PALOS", "poblacion": 1244.0, "infraestructura_score": 0.1043, "categoria_infraestructura": "Baja", "cluster_descripcion": "Cluster 2: Vulnerabilidad Alta / Infraestructura Escasa", "tooltip_html": "<b>CORRAL DE PALOS</b><hr>Pob: 1244.0<br>Cluster: Cluster 2: Vulnerabilidad Alta / Infraestructura Escasa<br>Infr: Baja" }, "geometry": { "type": "Point", "coordinates": [ -64.141051484461002, -31.439641102746901 ] } },
{ "type": "Feature", "properties": { "barrio": "COSTA VERDE", "poblacion": 500.0, "infraestructura_score": 0.4444, "categoria_infraestructura": "Muy Alta", "cluster_descripcion": "Cluster 1: Urbano Consolidado (Alta Infraestructura)", "tooltip_html": "<b>COSTA VERDE</b><hr>Pob: 500.0<br>Cluster: Cluster 1: Urbano Consolidado (Alta Infraestructura)<br>Infr: Muy Alta" }, "geometry": { "type": "Point", "coordinates": [ -64.250469001840898, -31.381222125591101 ] } },
{ "type": "Feature", "properties": { "barrio": "COUNTRY ALTOS DEL CHATEAU", "poblacion": 1120.0, "infraestructura_score": 0.0618, "categoria_infraestructura": "Muy Baja", "cluster_descripcion": "Cluster 2: Vulnerabilidad Alta / Infraestructura Escasa", "tooltip_html": "<b>COUNTRY ALTOS DEL CHATEAU</b><hr>Pob: 1120.0<br>Cluster: Cluster 2: Vulnerabilidad Alta / Infraestructura Escasa<br>Infr: Muy Baja" }, "geometry": { "type": "Point", "coordinates": [ -64.266809952847595, -31.374793804328448 ] } },
{ "type": "Feature", "properties": { "barrio": "COUNTRY BARRANCAS", "poblacion": 500.0, "infraestructura_score": 0.2222, "categoria_infraestructura": "Media", "cluster_descripcion": "Cluster 2: Vulnerabilidad Alta / Infraestructura Escasa", "tooltip_html": "<b>COUNTRY BARRANCAS</b><hr>Pob: 500.0<br>Cluster: Cluster 2: Vulnerabilidad Alta / Infraestructura Escasa<br>Infr: Media" }, "geometry": { "type": "Point", "coordinates": [ -64.246288053041198, -31.380506148248902 ] } },
{ "type": "Feature", "properties": { "barrio": "COUNTRY CLUB", "poblacion": 500.0, "infraestructura_score": 0.2222, "categoria_infraestructura": "Media", "cluster_descripcion": "Cluster 2: Vulnerabilidad Alta / Infraestructura Escasa", "tooltip_html": "<b>COUNTRY CLUB</b><hr>Pob: 500.0<br>Cluster: Cluster 2: Vulnerabilidad Alta / Infraestructura Escasa<br>Infr: Media" }, "geometry": { "type": "Point", "coordinates": [ -64.187278985351696, -31.453336410891801 ] } },
{ "type": "Feature", "properties": { "barrio": "COUNTRY FORTIN DEL POZO", "poblacion": 500.0, "infraestructura_score": 0.037, "categoria_infraestructura": "Muy Baja", "cluster_descripcion": "Cluster 2: Vulnerabilidad Alta / Infraestructura Escasa", "tooltip_html": "<b>COUNTRY FORTIN DEL POZO</b><hr>Pob: 500.0<br>Cluster: Cluster 2: Vulnerabilidad Alta / Infraestructura Escasa<br>Infr: Muy Baja" }, "geometry": { "type": "Point", "coordinates": [ -64.175790757753902, -31.474020631974799 ] } },
{ "type": "Feature", "properties": { "barrio": "COUNTRY JOCKEY CLUB", "poblacion": 1555.0, "infraestructura_score": 0.0, "categoria_infraestructura": "Muy Baja", "cluster_descripcion": "Cluster 2: Vulnerabilidad Alta / Infraestructura Escasa", "tooltip_html": "<b>COUNTRY JOCKEY CLUB</b><hr>Pob: 1555.0<br>Cluster: Cluster 2: Vulnerabilidad Alta / Infraestructura Escasa<br>Infr: Muy Baja" }, "geometry": { "type": "Point", "coordinates": [ -64.176659020741397, -31.4634727942897 ] } },
{ "type": "Feature", "properties": { "barrio": "COUNTRY LA RESERVA", "poblacion": 795.0, "infraestructura_score": 0.0, "categoria_infraestructura": "Muy Baja", "cluster_descripcion": "Cluster 2: Vulnerabilidad Alta / Infraestructura Escasa", "tooltip_html": "<b>COUNTRY LA RESERVA</b><hr>Pob: 795.0<br>Cluster: Cluster 2: Vulnerabilidad Alta / Infraestructura Escasa<br>Infr: Muy Baja" }, "geometry": { "type": "Point", "coordinates": [ -64.268355787394398, -31.3672636397445 ] } },
{ "type": "Feature", "properties": { "barrio": "COUNTRY LA SANTINA - COUNTRY CAMPINA DEL SUR", "poblacion": 500.0, "infraestructura_score": 0.3333, "categoria_infraestructura": "Alta", "cluster_descripcion": "Cluster 1: Urbano Consolidado (Alta Infraestructura)", "tooltip_html": "<b>COUNTRY LA SANTINA - COUNTRY CAMPINA DEL SUR</b><hr>Pob: 500.0<br>Cluster: Cluster 1: Urbano Consolidado (Alta Infraestructura)<br>Infr: Alta" }, "geometry": { "type": "Point", "coordinates": [ -64.173676120465402, -31.477364978202701 ] } },
{ "type": "Feature", "properties": { "barrio": "COUNTRY LAS DELICIAS", "poblacion": 776.0, "infraestructura_score": 0.0, "categoria_infraestructura": "Muy Baja", "cluster_descripcion": "Cluster 2: Vulnerabilidad Alta / Infraestructura Escasa", "tooltip_html": "<b>COUNTRY LAS DELICIAS</b><hr>Pob: 776.0<br>Cluster: Cluster 2: Vulnerabilidad Alta / Infraestructura Escasa<br>Infr: Muy Baja" }, "geometry": { "type": "Point", "coordinates": [ -64.299457900815497, -31.361935253570302 ] } },
{ "type": "Feature", "properties": { "barrio": "COUNTRY LOMAS DE LA CAROLINA", "poblacion": 1572.0, "infraestructura_score": 0.0235, "categoria_infraestructura": "Muy Baja", "cluster_descripcion": "Cluster 2: Vulnerabilidad Alta / Infraestructura Escasa", "tooltip_html": "<b>COUNTRY LOMAS DE LA CAROLINA</b><hr>Pob: 1572.0<br>Cluster: Cluster 2: Vulnerabilidad Alta / Infraestructura Escasa<br>Infr: Muy Baja" }, "geometry": { "type": "Point", "coordinates": [ -64.305620917096505, -31.3556553169784 ] } },
{ "type": "Feature", "properties": { "barrio": "COUNTRY LOS ALGARROBOS", "poblacion": 500.0, "infraestructura_score": 0.1481, "categoria_infraestructura": "Media", "cluster_descripcion": "Cluster 2: Vulnerabilidad Alta / Infraestructura Escasa", "tooltip_html": "<b>COUNTRY LOS ALGARROBOS</b><hr>Pob: 500.0<br>Cluster: Cluster 2: Vulnerabilidad Alta / Infraestructura Escasa<br>Infr: Media" }, "geometry": { "type": "Point", "coordinates": [ -64.240689521780695, -31.483351000404198 ] } },
{ "type": "Feature", "properties": { "barrio": "COUNTRY LOS MIMBRES", "poblacion": 500.0, "infraestructura_score": 0.1111, "categoria_infraestructura": "Baja", "cluster_descripcion": "Cluster 2: Vulnerabilidad Alta / Infraestructura Escasa", "tooltip_html": "<b>COUNTRY LOS MIMBRES</b><hr>Pob: 500.0<br>Cluster: Cluster 2: Vulnerabilidad Alta / Infraestructura Escasa<br>Infr: Baja" }, "geometry": { "type": "Point", "coordinates": [ -64.1839627867177, -31.493384547455101 ] } },
{ "type": "Feature", "properties": { "barrio": "COUNTRY RANCH CLUB", "poblacion": 500.0, "infraestructura_score": 0.1111, "categoria_infraestructura": "Baja", "cluster_descripcion": "Cluster 2: Vulnerabilidad Alta / Infraestructura Escasa", "tooltip_html": "<b>COUNTRY RANCH CLUB</b><hr>Pob: 500.0<br>Cluster: Cluster 2: Vulnerabilidad Alta / Infraestructura Escasa<br>Infr: Baja" }, "geometry": { "type": "Point", "coordinates": [ -64.219181088996194, -31.452719803409298 ] } },
{ "type": "Feature", "properties": { "barrio": "COUNTRY VALLE ESCONDIDO", "poblacion": 6660.0, "infraestructura_score": 0.0187, "categoria_infraestructura": "Muy Baja", "cluster_descripcion": "Cluster 2: Vulnerabilidad Alta / Infraestructura Escasa", "tooltip_html": "<b>COUNTRY VALLE ESCONDIDO</b><hr>Pob: 6660.0<br>Cluster: Cluster 2: Vulnerabilidad Alta / Infraestructura Escasa<br>Infr: Muy Baja" }, "geometry": { "type": "Point", "coordinates": [ -64.280614112077004, -31.365093628436902 ] } },
{ "type": "Feature", "properties": { "barrio": "CRISOL NORTE", "poblacion": 1224.0, "infraestructura_score": 0.7778, "categoria_infraestructura": "Muy Alta", "cluster_descripcion": "Cluster 1: Urbano Consolidado (Alta Infraestructura)", "tooltip_html": "<b>CRISOL NORTE</b><hr>Pob: 1224.0<br>Cluster: Cluster 1: Urbano Consolidado (Alta Infraestructura)<br>Infr: Muy Alta" }, "geometry": { "type": "Point", "coordinates": [ -64.167176368667995, -31.428051362203998 ] } },
{ "type": "Feature", "properties": { "barrio": "CRISOL SUD", "poblacion": 3336.0, "infraestructura_score": 0.2402, "categoria_infraestructura": "Alta", "cluster_descripcion": "Cluster 2: Vulnerabilidad Alta / Infraestructura Escasa", "tooltip_html": "<b>CRISOL SUD</b><hr>Pob: 3336.0<br>Cluster: Cluster 2: Vulnerabilidad Alta / Infraestructura Escasa<br>Infr: Alta" }, "geometry": { "type": "Point", "coordinates": [ -64.167425431100298, -31.434958282136201 ] } },
{ "type": "Feature", "properties": { "barrio": "CUPANI", "poblacion": 2255.0, "infraestructura_score": 0.3163, "categoria_infraestructura": "Alta", "cluster_descripcion": "Cluster 2: Vulnerabilidad Alta / Infraestructura Escasa", "tooltip_html": "<b>CUPANI</b><hr>Pob: 2255.0<br>Cluster: Cluster 2: Vulnerabilidad Alta / Infraestructura Escasa<br>Infr: Alta" }, "geometry": { "type": "Point", "coordinates": [ -64.207695161941402, -31.421473588853299 ] } },
{ "type": "Feature", "properties": { "barrio": "DE LOS BIOQUIMICOS", "poblacion": 1265.0, "infraestructura_score": 0.1904, "categoria_infraestructura": "Media", "cluster_descripcion": "Cluster 2: Vulnerabilidad Alta / Infraestructura Escasa", "tooltip_html": "<b>DE LOS BIOQUIMICOS</b><hr>Pob: 1265.0<br>Cluster: Cluster 2: Vulnerabilidad Alta / Infraestructura Escasa<br>Infr: Media" }, "geometry": { "type": "Point", "coordinates": [ -64.266813895788502, -31.320428853528298 ] } },
{ "type": "Feature", "properties": { "barrio": "DE LOS DOCENTES", "poblacion": 500.0, "infraestructura_score": 0.1111, "categoria_infraestructura": "Baja", "cluster_descripcion": "Cluster 2: Vulnerabilidad Alta / Infraestructura Escasa", "tooltip_html": "<b>DE LOS DOCENTES</b><hr>Pob: 500.0<br>Cluster: Cluster 2: Vulnerabilidad Alta / Infraestructura Escasa<br>Infr: Baja" }, "geometry": { "type": "Point", "coordinates": [ -64.152411891778598, -31.4590670929175 ] } },
{ "type": "Feature", "properties": { "barrio": "DEAN FUNES", "poblacion": 2124.0, "infraestructura_score": 0.3006, "categoria_infraestructura": "Alta", "cluster_descripcion": "Cluster 2: Vulnerabilidad Alta / Infraestructura Escasa", "tooltip_html": "<b>DEAN FUNES</b><hr>Pob: 2124.0<br>Cluster: Cluster 2: Vulnerabilidad Alta / Infraestructura Escasa<br>Infr: Alta" }, "geometry": { "type": "Point", "coordinates": [ -64.117895792127101, -31.445859707152199 ] } },
{ "type": "Feature", "properties": { "barrio": "DIPAS", "poblacion": 500.0, "infraestructura_score": 0.0, "categoria_infraestructura": "Muy Baja", "cluster_descripcion": "Cluster 2: Vulnerabilidad Alta / Infraestructura Escasa", "tooltip_html": "<b>DIPAS</b><hr>Pob: 500.0<br>Cluster: Cluster 2: Vulnerabilidad Alta / Infraestructura Escasa<br>Infr: Muy Baja" }, "geometry": { "type": "Point", "coordinates": [ -64.294493647769201, -31.3563236095696 ] } },
{ "type": "Feature", "properties": { "barrio": "DUCASSE", "poblacion": 936.0, "infraestructura_score": 0.5187, "categoria_infraestructura": "Muy Alta", "cluster_descripcion": "Cluster 1: Urbano Consolidado (Alta Infraestructura)", "tooltip_html": "<b>DUCASSE</b><hr>Pob: 936.0<br>Cluster: Cluster 1: Urbano Consolidado (Alta Infraestructura)<br>Infr: Muy Alta" }, "geometry": { "type": "Point", "coordinates": [ -64.190885543401194, -31.404888252086 ] } },
{ "type": "Feature", "properties": { "barrio": "EJERCITO ARGENTINO", "poblacion": 1845.0, "infraestructura_score": 0.4844, "categoria_infraestructura": "Muy Alta", "cluster_descripcion": "Cluster 1: Urbano Consolidado (Alta Infraestructura)", "tooltip_html": "<b>EJERCITO ARGENTINO</b><hr>Pob: 1845.0<br>Cluster: Cluster 1: Urbano Consolidado (Alta Infraestructura)<br>Infr: Muy Alta" }, "geometry": { "type": "Point", "coordinates": [ -64.196191342289694, -31.447568948722999 ] } },
{ "type": "Feature", "properties": { "barrio": "EL BALCON", "poblacion": 500.0, "infraestructura_score": 0.037, "categoria_infraestructura": "Muy Baja", "cluster_descripcion": "Cluster 2: Vulnerabilidad Alta / Infraestructura Escasa", "tooltip_html": "<b>EL BALCON</b><hr>Pob: 500.0<br>Cluster: Cluster 2: Vulnerabilidad Alta / Infraestructura Escasa<br>Infr: Muy Baja" }, "geometry": { "type": "Point", "coordinates": [ -64.274779653245602, -31.374720195908498 ] } },
{ "type": "Feature", "properties": { "barrio": "EL BOSQUE", "poblacion": 1590.0, "infraestructura_score": 0.0698, "categoria_infraestructura": "Muy Baja", "cluster_descripcion": "Cluster 2: Vulnerabilidad Alta / Infraestructura Escasa", "tooltip_html": "<b>EL BOSQUE</b><hr>Pob: 1590.0<br>Cluster: Cluster 2: Vulnerabilidad Alta / Infraestructura Escasa<br>Infr: Muy Baja" }, "geometry": { "type": "Point", "coordinates": [ -64.307387518257002, -31.338038471300202 ] } },
{ "type": "Feature", "properties": { "barrio": "EL CABILDO", "poblacion": 5049.0, "infraestructura_score": 0.2155, "categoria_infraestructura": "Media", "cluster_descripcion": "Cluster 2: Vulnerabilidad Alta / Infraestructura Escasa", "tooltip_html": "<b>EL CABILDO</b><hr>Pob: 5049.0<br>Cluster: Cluster 2: Vulnerabilidad Alta / Infraestructura Escasa<br>Infr: Media" }, "geometry": { "type": "Point", "coordinates": [ -64.235110543777594, -31.485906822712501 ] } },
{ "type": "Feature", "properties": { "barrio": "EL CERRITO", "poblacion": 3659.0, "infraestructura_score": 0.1504, "categoria_infraestructura": "Media", "cluster_descripcion": "Cluster 2: Vulnerabilidad Alta / Infraestructura Escasa", "tooltip_html": "<b>EL CERRITO</b><hr>Pob: 3659.0<br>Cluster: Cluster 2: Vulnerabilidad Alta / Infraestructura Escasa<br>Infr: Media" }, "geometry": { "type": "Point", "coordinates": [ -64.250254806682804, -31.322168725286801 ] } },
{ "type": "Feature", "properties": { "barrio": "EL PRADO", "poblacion": 500.0, "infraestructura_score": 0.1481, "categoria_infraestructura": "Media", "cluster_descripcion": "Cluster 2: Vulnerabilidad Alta / Infraestructura Escasa", "tooltip_html": "<b>EL PRADO</b><hr>Pob: 500.0<br>Cluster: Cluster 2: Vulnerabilidad Alta / Infraestructura Escasa<br>Infr: Media" }, "geometry": { "type": "Point", "coordinates": [ -64.270311185880303, -31.375753313966001 ] } },
{ "type": "Feature", "properties": { "barrio": "EL PUEBLITO", "poblacion": 1315.0, "infraestructura_score": 0.0, "categoria_infraestructura": "Muy Baja", "cluster_descripcion": "Cluster 2: Vulnerabilidad Alta / Infraestructura Escasa", "tooltip_html": "<b>EL PUEBLITO</b><hr>Pob: 1315.0<br>Cluster: Cluster 2: Vulnerabilidad Alta / Infraestructura Escasa<br>Infr: Muy Baja" }, "geometry": { "type": "Point", "coordinates": [ -64.2568328545741, -31.406440544694199 ] } },
{ "type": "Feature", "properties": { "barrio": "EL QUEBRACHAL", "poblacion": 500.0, "infraestructura_score": 0.2963, "categoria_infraestructura": "Alta", "cluster_descripcion": "Cluster 1: Urbano Consolidado (Alta Infraestructura)", "tooltip_html": "<b>EL QUEBRACHAL</b><hr>Pob: 500.0<br>Cluster: Cluster 1: Urbano Consolidado (Alta Infraestructura)<br>Infr: Alta" }, "geometry": { "type": "Point", "coordinates": [ -64.066675338554404, -31.338007652155699 ] } },
{ "type": "Feature", "properties": { "barrio": "EL QUEBRACHO", "poblacion": 4361.0, "infraestructura_score": 0.0828, "categoria_infraestructura": "Muy Baja", "cluster_descripcion": "Cluster 2: Vulnerabilidad Alta / Infraestructura Escasa", "tooltip_html": "<b>EL QUEBRACHO</b><hr>Pob: 4361.0<br>Cluster: Cluster 2: Vulnerabilidad Alta / Infraestructura Escasa<br>Infr: Muy Baja" }, "geometry": { "type": "Point", "coordinates": [ -64.137715162198305, -31.477337154760502 ] } },
{ "type": "Feature", "properties": { "barrio": "EL REFUGIO", "poblacion": 1201.0, "infraestructura_score": 0.1346, "categoria_infraestructura": "Baja", "cluster_descripcion": "Cluster 2: Vulnerabilidad Alta / Infraestructura Escasa", "tooltip_html": "<b>EL REFUGIO</b><hr>Pob: 1201.0<br>Cluster: Cluster 2: Vulnerabilidad Alta / Infraestructura Escasa<br>Infr: Baja" }, "geometry": { "type": "Point", "coordinates": [ -64.281819993740797, -31.3442649511605 ] } },
{ "type": "Feature", "properties": { "barrio": "EL TREBOL", "poblacion": 1264.0, "infraestructura_score": 0.0733, "categoria_infraestructura": "Muy Baja", "cluster_descripcion": "Cluster 2: Vulnerabilidad Alta / Infraestructura Escasa", "tooltip_html": "<b>EL TREBOL</b><hr>Pob: 1264.0<br>Cluster: Cluster 2: Vulnerabilidad Alta / Infraestructura Escasa<br>Infr: Muy Baja" }, "geometry": { "type": "Point", "coordinates": [ -64.225553745173201, -31.423085777625801 ] } },
{ "type": "Feature", "properties": { "barrio": "EL VIEJO ALGARROBO", "poblacion": 500.0, "infraestructura_score": 0.5832, "categoria_infraestructura": "Muy Alta", "cluster_descripcion": "Cluster 1: Urbano Consolidado (Alta Infraestructura)", "tooltip_html": "<b>EL VIEJO ALGARROBO</b><hr>Pob: 500.0<br>Cluster: Cluster 1: Urbano Consolidado (Alta Infraestructura)<br>Infr: Muy Alta" }, "geometry": { "type": "Point", "coordinates": [ -64.165811955432105, -31.502436349363801 ] } },
{ "type": "Feature", "properties": { "barrio": "EMAUS", "poblacion": 500.0, "infraestructura_score": 0.0741, "categoria_infraestructura": "Muy Baja", "cluster_descripcion": "Cluster 2: Vulnerabilidad Alta / Infraestructura Escasa", "tooltip_html": "<b>EMAUS</b><hr>Pob: 500.0<br>Cluster: Cluster 2: Vulnerabilidad Alta / Infraestructura Escasa<br>Infr: Muy Baja" }, "geometry": { "type": "Point", "coordinates": [ -64.143047957670802, -31.437126400126601 ] } },
{ "type": "Feature", "properties": { "barrio": "EMPALME", "poblacion": 3426.0, "infraestructura_score": 0.2905, "categoria_infraestructura": "Alta", "cluster_descripcion": "Cluster 2: Vulnerabilidad Alta / Infraestructura Escasa", "tooltip_html": "<b>EMPALME</b><hr>Pob: 3426.0<br>Cluster: Cluster 2: Vulnerabilidad Alta / Infraestructura Escasa<br>Infr: Alta" }, "geometry": { "type": "Point", "coordinates": [ -64.130487667634995, -31.434511209477499 ] } },
{ "type": "Feature", "properties": { "barrio": "EMPALME CASAS DE OBREROS Y EMPLEADOS", "poblacion": 1233.0, "infraestructura_score": 0.3154, "categoria_infraestructura": "Alta", "cluster_descripcion": "Cluster 1: Urbano Consolidado (Alta Infraestructura)", "tooltip_html": "<b>EMPALME CASAS DE OBREROS Y EMPLEADOS</b><hr>Pob: 1233.0<br>Cluster: Cluster 1: Urbano Consolidado (Alta Infraestructura)<br>Infr: Alta" }, "geometry": { "type": "Point", "coordinates": [ -64.125166606526804, -31.438740145805699 ] } },
{ "type": "Feature", "properties": { "barrio": "ESCOBAR", "poblacion": 2180.0, "infraestructura_score": 0.2714, "categoria_infraestructura": "Alta", "cluster_descripcion": "Cluster 2: Vulnerabilidad Alta / Infraestructura Escasa", "tooltip_html": "<b>ESCOBAR</b><hr>Pob: 2180.0<br>Cluster: Cluster 2: Vulnerabilidad Alta / Infraestructura Escasa<br>Infr: Alta" }, "geometry": { "type": "Point", "coordinates": [ -64.220642257480094, -31.3918891605182 ] } },
{ "type": "Feature", "properties": { "barrio": "ESCUELA DE SUBOFICIALES", "poblacion": 500.0, "infraestructura_score": 0.2963, "categoria_infraestructura": "Alta", "cluster_descripcion": "Cluster 2: Vulnerabilidad Alta / Infraestructura Escasa", "tooltip_html": "<b>ESCUELA DE SUBOFICIALES</b><hr>Pob: 500.0<br>Cluster: Cluster 2: Vulnerabilidad Alta / Infraestructura Escasa<br>Infr: Alta" }, "geometry": { "type": "Point", "coordinates": [ -64.2575368439051, -31.427217543488201 ] } },
{ "type": "Feature", "properties": { "barrio": "ESTACION FLORES", "poblacion": 3876.0, "infraestructura_score": 0.2377, "categoria_infraestructura": "Alta", "cluster_descripcion": "Cluster 2: Vulnerabilidad Alta / Infraestructura Escasa", "tooltip_html": "<b>ESTACION FLORES</b><hr>Pob: 3876.0<br>Cluster: Cluster 2: Vulnerabilidad Alta / Infraestructura Escasa<br>Infr: Alta" }, "geometry": { "type": "Point", "coordinates": [ -64.247507893428605, -31.4487314083608 ] } },
{ "type": "Feature", "properties": { "barrio": "ESTADIO CORDOBA", "poblacion": 500.0, "infraestructura_score": 0.1481, "categoria_infraestructura": "Media", "cluster_descripcion": "Cluster 2: Vulnerabilidad Alta / Infraestructura Escasa", "tooltip_html": "<b>ESTADIO CORDOBA</b><hr>Pob: 500.0<br>Cluster: Cluster 2: Vulnerabilidad Alta / Infraestructura Escasa<br>Infr: Media" }, "geometry": { "type": "Point", "coordinates": [ -64.246768960644204, -31.367880134314799 ] } },
{ "type": "Feature", "properties": { "barrio": "FERIAR", "poblacion": 500.0, "infraestructura_score": 0.3704, "categoria_infraestructura": "Muy Alta", "cluster_descripcion": "Cluster 1: Urbano Consolidado (Alta Infraestructura)", "tooltip_html": "<b>FERIAR</b><hr>Pob: 500.0<br>Cluster: Cluster 1: Urbano Consolidado (Alta Infraestructura)<br>Infr: Muy Alta" }, "geometry": { "type": "Point", "coordinates": [ -64.2556701915654, -31.3702867943909 ] } },
{ "type": "Feature", "properties": { "barrio": "FERRER", "poblacion": 1844.0, "infraestructura_score": 0.3115, "categoria_infraestructura": "Alta", "cluster_descripcion": "Cluster 2: Vulnerabilidad Alta / Infraestructura Escasa", "tooltip_html": "<b>FERRER</b><hr>Pob: 1844.0<br>Cluster: Cluster 2: Vulnerabilidad Alta / Infraestructura Escasa<br>Infr: Alta" }, "geometry": { "type": "Point", "coordinates": [ -64.211781294758794, -31.443774924318902 ] } },
{ "type": "Feature", "properties": { "barrio": "FERREYRA", "poblacion": 3868.0, "infraestructura_score": 0.2916, "categoria_infraestructura": "Alta", "cluster_descripcion": "Cluster 2: Vulnerabilidad Alta / Infraestructura Escasa", "tooltip_html": "<b>FERREYRA</b><hr>Pob: 3868.0<br>Cluster: Cluster 2: Vulnerabilidad Alta / Infraestructura Escasa<br>Infr: Alta" }, "geometry": { "type": "Point", "coordinates": [ -64.110608987788297, -31.466354017313499 ] } },
{ "type": "Feature", "properties": { "barrio": "FERREYRA SEGUNDA SECCION", "poblacion": 939.0, "infraestructura_score": 0.1183, "categoria_infraestructura": "Baja", "cluster_descripcion": "Cluster 2: Vulnerabilidad Alta / Infraestructura Escasa", "tooltip_html": "<b>FERREYRA SEGUNDA SECCION</b><hr>Pob: 939.0<br>Cluster: Cluster 2: Vulnerabilidad Alta / Infraestructura Escasa<br>Infr: Baja" }, "geometry": { "type": "Point", "coordinates": [ -64.1175953235484, -31.471061970725899 ] } },
{ "type": "Feature", "properties": { "barrio": "FERROVIARIO MITRE", "poblacion": 1133.0, "infraestructura_score": 0.4804, "categoria_infraestructura": "Muy Alta", "cluster_descripcion": "Cluster 1: Urbano Consolidado (Alta Infraestructura)", "tooltip_html": "<b>FERROVIARIO MITRE</b><hr>Pob: 1133.0<br>Cluster: Cluster 1: Urbano Consolidado (Alta Infraestructura)<br>Infr: Muy Alta" }, "geometry": { "type": "Point", "coordinates": [ -64.136352474103006, -31.433451462628799 ] } },
{ "type": "Feature", "properties": { "barrio": "FINCA LA DOROTEA", "poblacion": 500.0, "infraestructura_score": 0.0741, "categoria_infraestructura": "Muy Baja", "cluster_descripcion": "Cluster 2: Vulnerabilidad Alta / Infraestructura Escasa", "tooltip_html": "<b>FINCA LA DOROTEA</b><hr>Pob: 500.0<br>Cluster: Cluster 2: Vulnerabilidad Alta / Infraestructura Escasa<br>Infr: Muy Baja" }, "geometry": { "type": "Point", "coordinates": [ -64.115140691779303, -31.376429050003399 ] } },
{ "type": "Feature", "properties": { "barrio": "FINCAS DEL SUR", "poblacion": 500.0, "infraestructura_score": 0.0, "categoria_infraestructura": "Muy Baja", "cluster_descripcion": "Cluster 2: Vulnerabilidad Alta / Infraestructura Escasa", "tooltip_html": "<b>FINCAS DEL SUR</b><hr>Pob: 500.0<br>Cluster: Cluster 2: Vulnerabilidad Alta / Infraestructura Escasa<br>Infr: Muy Baja" }, "geometry": { "type": "Point", "coordinates": [ -64.1572739805666, -31.486771654520499 ] } },
{ "type": "Feature", "properties": { "barrio": "GENERAL ARENALES", "poblacion": 2318.0, "infraestructura_score": 0.3916, "categoria_infraestructura": "Muy Alta", "cluster_descripcion": "Cluster 2: Vulnerabilidad Alta / Infraestructura Escasa", "tooltip_html": "<b>GENERAL ARENALES</b><hr>Pob: 2318.0<br>Cluster: Cluster 2: Vulnerabilidad Alta / Infraestructura Escasa<br>Infr: Muy Alta" }, "geometry": { "type": "Point", "coordinates": [ -64.060237111781802, -31.368780268192399 ] } },
{ "type": "Feature", "properties": { "barrio": "GENERAL ARTIGAS", "poblacion": 1552.0, "infraestructura_score": 0.2088, "categoria_infraestructura": "Media", "cluster_descripcion": "Cluster 2: Vulnerabilidad Alta / Infraestructura Escasa", "tooltip_html": "<b>GENERAL ARTIGAS</b><hr>Pob: 1552.0<br>Cluster: Cluster 2: Vulnerabilidad Alta / Infraestructura Escasa<br>Infr: Media" }, "geometry": { "type": "Point", "coordinates": [ -64.199621502356095, -31.461519585210802 ] } },
{ "type": "Feature", "properties": { "barrio": "GENERAL BELGRANO", "poblacion": 3154.0, "infraestructura_score": 0.0908, "categoria_infraestructura": "Baja", "cluster_descripcion": "Cluster 2: Vulnerabilidad Alta / Infraestructura Escasa", "tooltip_html": "<b>GENERAL BELGRANO</b><hr>Pob: 3154.0<br>Cluster: Cluster 2: Vulnerabilidad Alta / Infraestructura Escasa<br>Infr: Baja" }, "geometry": { "type": "Point", "coordinates": [ -64.137287829952498, -31.370429393451499 ] } },
{ "type": "Feature", "properties": { "barrio": "GENERAL BUSTOS", "poblacion": 15659.0, "infraestructura_score": 0.1063, "categoria_infraestructura": "Baja", "cluster_descripcion": "Cluster 2: Vulnerabilidad Alta / Infraestructura Escasa", "tooltip_html": "<b>GENERAL BUSTOS</b><hr>Pob: 15659.0<br>Cluster: Cluster 2: Vulnerabilidad Alta / Infraestructura Escasa<br>Infr: Baja" }, "geometry": { "type": "Point", "coordinates": [ -64.169649855879896, -31.390333612325101 ] } },
{ "type": "Feature", "properties": { "barrio": "GENERAL MOSCONI", "poblacion": 3324.0, "infraestructura_score": 0.2104, "categoria_infraestructura": "Media", "cluster_descripcion": "Cluster 2: Vulnerabilidad Alta / Infraestructura Escasa", "tooltip_html": "<b>GENERAL MOSCONI</b><hr>Pob: 3324.0<br>Cluster: Cluster 2: Vulnerabilidad Alta / Infraestructura Escasa<br>Infr: Media" }, "geometry": { "type": "Point", "coordinates": [ -64.150441056565597, -31.3651885926033 ] } },
{ "type": "Feature", "properties": { "barrio": "GENERAL PAZ", "poblacion": 9524.0, "infraestructura_score": 0.3043, "categoria_infraestructura": "Alta", "cluster_descripcion": "Cluster 2: Vulnerabilidad Alta / Infraestructura Escasa", "tooltip_html": "<b>GENERAL PAZ</b><hr>Pob: 9524.0<br>Cluster: Cluster 2: Vulnerabilidad Alta / Infraestructura Escasa<br>Infr: Alta" }, "geometry": { "type": "Point", "coordinates": [ -64.165690699503102, -31.412557487445401 ] } },
{ "type": "Feature", "properties": { "barrio": "GENERAL PUEYRREDON", "poblacion": 24021.0, "infraestructura_score": 0.0863, "categoria_infraestructura": "Baja", "cluster_descripcion": "Cluster 2: Vulnerabilidad Alta / Infraestructura Escasa", "tooltip_html": "<b>GENERAL PUEYRREDON</b><hr>Pob: 24021.0<br>Cluster: Cluster 2: Vulnerabilidad Alta / Infraestructura Escasa<br>Infr: Baja" }, "geometry": { "type": "Point", "coordinates": [ -64.1624596839047, -31.4020774327923 ] } },
{ "type": "Feature", "properties": { "barrio": "GENERAL SAVIO", "poblacion": 4889.0, "infraestructura_score": 0.0341, "categoria_infraestructura": "Muy Baja", "cluster_descripcion": "Cluster 2: Vulnerabilidad Alta / Infraestructura Escasa", "tooltip_html": "<b>GENERAL SAVIO</b><hr>Pob: 4889.0<br>Cluster: Cluster 2: Vulnerabilidad Alta / Infraestructura Escasa<br>Infr: Muy Baja" }, "geometry": { "type": "Point", "coordinates": [ -64.158089161032095, -31.371992117919 ] } },
{ "type": "Feature", "properties": { "barrio": "GRANADERO PRINGLES", "poblacion": 2209.0, "infraestructura_score": 0.1593, "categoria_infraestructura": "Media", "cluster_descripcion": "Cluster 2: Vulnerabilidad Alta / Infraestructura Escasa", "tooltip_html": "<b>GRANADERO PRINGLES</b><hr>Pob: 2209.0<br>Cluster: Cluster 2: Vulnerabilidad Alta / Infraestructura Escasa<br>Infr: Media" }, "geometry": { "type": "Point", "coordinates": [ -64.197608374872104, -31.375551588209099 ] } },
{ "type": "Feature", "properties": { "barrio": "GRANJA DE FUNES", "poblacion": 3866.0, "infraestructura_score": 0.2332, "categoria_infraestructura": "Alta", "cluster_descripcion": "Cluster 2: Vulnerabilidad Alta / Infraestructura Escasa", "tooltip_html": "<b>GRANJA DE FUNES</b><hr>Pob: 3866.0<br>Cluster: Cluster 2: Vulnerabilidad Alta / Infraestructura Escasa<br>Infr: Alta" }, "geometry": { "type": "Point", "coordinates": [ -64.244571976219902, -31.349164455122001 ] } },
{ "type": "Feature", "properties": { "barrio": "GUARNICION AEREA CORDOBA", "poblacion": 500.0, "infraestructura_score": 0.0, "categoria_infraestructura": "Muy Baja", "cluster_descripcion": "Cluster 2: Vulnerabilidad Alta / Infraestructura Escasa", "tooltip_html": "<b>GUARNICION AEREA CORDOBA</b><hr>Pob: 500.0<br>Cluster: Cluster 2: Vulnerabilidad Alta / Infraestructura Escasa<br>Infr: Muy Baja" }, "geometry": { "type": "Point", "coordinates": [ -64.281543425375602, -31.443769278157902 ] } },
{ "type": "Feature", "properties": { "barrio": "GUARNICION MILITAR CORDOBA", "poblacion": 500.0, "infraestructura_score": 0.0, "categoria_infraestructura": "Muy Baja", "cluster_descripcion": "Cluster 2: Vulnerabilidad Alta / Infraestructura Escasa", "tooltip_html": "<b>GUARNICION MILITAR CORDOBA</b><hr>Pob: 500.0<br>Cluster: Cluster 2: Vulnerabilidad Alta / Infraestructura Escasa<br>Infr: Muy Baja" }, "geometry": { "type": "Point", "coordinates": [ -64.292549876520098, -31.3932530580866 ] } },
{ "type": "Feature", "properties": { "barrio": "GUAYAQUIL", "poblacion": 587.0, "infraestructura_score": 0.6783, "categoria_infraestructura": "Muy Alta", "cluster_descripcion": "Cluster 1: Urbano Consolidado (Alta Infraestructura)", "tooltip_html": "<b>GUAYAQUIL</b><hr>Pob: 587.0<br>Cluster: Cluster 1: Urbano Consolidado (Alta Infraestructura)<br>Infr: Muy Alta" }, "geometry": { "type": "Point", "coordinates": [ -64.155065277441295, -31.382844844148 ] } },
{ "type": "Feature", "properties": { "barrio": "GUEMES", "poblacion": 11588.0, "infraestructura_score": 0.1963, "categoria_infraestructura": "Media", "cluster_descripcion": "Cluster 2: Vulnerabilidad Alta / Infraestructura Escasa", "tooltip_html": "<b>GUEMES</b><hr>Pob: 11588.0<br>Cluster: Cluster 2: Vulnerabilidad Alta / Infraestructura Escasa<br>Infr: Media" }, "geometry": { "type": "Point", "coordinates": [ -64.193679039325303, -31.4281317736306 ] } },
{ "type": "Feature", "properties": { "barrio": "GUINAZU", "poblacion": 1361.0, "infraestructura_score": 0.8602, "categoria_infraestructura": "Muy Alta", "cluster_descripcion": "Cluster 1: Urbano Consolidado (Alta Infraestructura)", "tooltip_html": "<b>GUINAZU</b><hr>Pob: 1361.0<br>Cluster: Cluster 1: Urbano Consolidado (Alta Infraestructura)<br>Infr: Muy Alta" }, "geometry": { "type": "Point", "coordinates": [ -64.173293525659403, -31.312246344435199 ] } },
{ "type": "Feature", "properties": { "barrio": "GUINAZU SUD", "poblacion": 500.0, "infraestructura_score": 0.6667, "categoria_infraestructura": "Muy Alta", "cluster_descripcion": "Cluster 1: Urbano Consolidado (Alta Infraestructura)", "tooltip_html": "<b>GUINAZU SUD</b><hr>Pob: 500.0<br>Cluster: Cluster 1: Urbano Consolidado (Alta Infraestructura)<br>Infr: Muy Alta" }, "geometry": { "type": "Point", "coordinates": [ -64.183134064619694, -31.335667108704001 ] } },
{ "type": "Feature", "properties": { "barrio": "HIPOLITO IRIGOYEN", "poblacion": 3313.0, "infraestructura_score": 0.1343, "categoria_infraestructura": "Baja", "cluster_descripcion": "Cluster 2: Vulnerabilidad Alta / Infraestructura Escasa", "tooltip_html": "<b>HIPOLITO IRIGOYEN</b><hr>Pob: 3313.0<br>Cluster: Cluster 2: Vulnerabilidad Alta / Infraestructura Escasa<br>Infr: Baja" }, "geometry": { "type": "Point", "coordinates": [ -64.186296574919893, -31.372810139673799 ] } },
{ "type": "Feature", "properties": { "barrio": "HOGAR PROPIO", "poblacion": 4716.0, "infraestructura_score": 0.1745, "categoria_infraestructura": "Media", "cluster_descripcion": "Cluster 2: Vulnerabilidad Alta / Infraestructura Escasa", "tooltip_html": "<b>HOGAR PROPIO</b><hr>Pob: 4716.0<br>Cluster: Cluster 2: Vulnerabilidad Alta / Infraestructura Escasa<br>Infr: Media" }, "geometry": { "type": "Point", "coordinates": [ -64.154169755154598, -31.4073366174112 ] } },
{ "type": "Feature", "properties": { "barrio": "HORIZONTE", "poblacion": 2016.0, "infraestructura_score": 0.0919, "categoria_infraestructura": "Baja", "cluster_descripcion": "Cluster 2: Vulnerabilidad Alta / Infraestructura Escasa", "tooltip_html": "<b>HORIZONTE</b><hr>Pob: 2016.0<br>Cluster: Cluster 2: Vulnerabilidad Alta / Infraestructura Escasa<br>Infr: Baja" }, "geometry": { "type": "Point", "coordinates": [ -64.206522191129594, -31.458659818396999 ] } },
{ "type": "Feature", "properties": { "barrio": "INAUDI", "poblacion": 1662.0, "infraestructura_score": 0.5573, "categoria_infraestructura": "Muy Alta", "cluster_descripcion": "Cluster 1: Urbano Consolidado (Alta Infraestructura)", "tooltip_html": "<b>INAUDI</b><hr>Pob: 1662.0<br>Cluster: Cluster 1: Urbano Consolidado (Alta Infraestructura)<br>Infr: Muy Alta" }, "geometry": { "type": "Point", "coordinates": [ -64.194287019464298, -31.476444820122101 ] } },
{ "type": "Feature", "properties": { "barrio": "INDEPENDENCIA", "poblacion": 813.0, "infraestructura_score": 0.4498, "categoria_infraestructura": "Muy Alta", "cluster_descripcion": "Cluster 1: Urbano Consolidado (Alta Infraestructura)", "tooltip_html": "<b>INDEPENDENCIA</b><hr>Pob: 813.0<br>Cluster: Cluster 1: Urbano Consolidado (Alta Infraestructura)<br>Infr: Muy Alta" }, "geometry": { "type": "Point", "coordinates": [ -64.190151577784505, -31.401174726175899 ] } },
{ "type": "Feature", "properties": { "barrio": "INDUSTRIAL ESTE", "poblacion": 1153.0, "infraestructura_score": 0.2248, "categoria_infraestructura": "Alta", "cluster_descripcion": "Cluster 2: Vulnerabilidad Alta / Infraestructura Escasa", "tooltip_html": "<b>INDUSTRIAL ESTE</b><hr>Pob: 1153.0<br>Cluster: Cluster 2: Vulnerabilidad Alta / Infraestructura Escasa<br>Infr: Alta" }, "geometry": { "type": "Point", "coordinates": [ -64.164209964880101, -31.429515067724498 ] } },
{ "type": "Feature", "properties": { "barrio": "INDUSTRIAL OESTE", "poblacion": 1621.0, "infraestructura_score": 0.217, "categoria_infraestructura": "Media", "cluster_descripcion": "Cluster 2: Vulnerabilidad Alta / Infraestructura Escasa", "tooltip_html": "<b>INDUSTRIAL OESTE</b><hr>Pob: 1621.0<br>Cluster: Cluster 2: Vulnerabilidad Alta / Infraestructura Escasa<br>Infr: Media" }, "geometry": { "type": "Point", "coordinates": [ -64.266555392910604, -31.409302206900701 ] } },
{ "type": "Feature", "properties": { "barrio": "IPONA", "poblacion": 982.0, "infraestructura_score": 0.6561, "categoria_infraestructura": "Muy Alta", "cluster_descripcion": "Cluster 1: Urbano Consolidado (Alta Infraestructura)", "tooltip_html": "<b>IPONA</b><hr>Pob: 982.0<br>Cluster: Cluster 1: Urbano Consolidado (Alta Infraestructura)<br>Infr: Muy Alta" }, "geometry": { "type": "Point", "coordinates": [ -64.188372230409797, -31.444761206534299 ] } },
{ "type": "Feature", "properties": { "barrio": "IPV ANEXO LOS GIGANTES", "poblacion": 5240.0, "infraestructura_score": 0.0784, "categoria_infraestructura": "Muy Baja", "cluster_descripcion": "Cluster 2: Vulnerabilidad Alta / Infraestructura Escasa", "tooltip_html": "<b>IPV ANEXO LOS GIGANTES</b><hr>Pob: 5240.0<br>Cluster: Cluster 2: Vulnerabilidad Alta / Infraestructura Escasa<br>Infr: Muy Baja" }, "geometry": { "type": "Point", "coordinates": [ -64.16327334385565, -31.3648676647868 ] } },
{ "type": "Feature", "properties": { "barrio": "IRUPE", "poblacion": 523.0, "infraestructura_score": 0.5457, "categoria_infraestructura": "Muy Alta", "cluster_descripcion": "Cluster 1: Urbano Consolidado (Alta Infraestructura)", "tooltip_html": "<b>IRUPE</b><hr>Pob: 523.0<br>Cluster: Cluster 1: Urbano Consolidado (Alta Infraestructura)<br>Infr: Muy Alta" }, "geometry": { "type": "Point", "coordinates": [ -64.202540669052496, -31.459166131371699 ] } },
{ "type": "Feature", "properties": { "barrio": "ITUZAINGO", "poblacion": 3192.0, "infraestructura_score": 0.3996, "categoria_infraestructura": "Muy Alta", "cluster_descripcion": "Cluster 2: Vulnerabilidad Alta / Infraestructura Escasa", "tooltip_html": "<b>ITUZAINGO</b><hr>Pob: 3192.0<br>Cluster: Cluster 2: Vulnerabilidad Alta / Infraestructura Escasa<br>Infr: Muy Alta" }, "geometry": { "type": "Point", "coordinates": [ -64.097148361854096, -31.4647362980865 ] } },
{ "type": "Feature", "properties": { "barrio": "ITUZAINGO ANEXO", "poblacion": 6081.0, "infraestructura_score": 0.1725, "categoria_infraestructura": "Media", "cluster_descripcion": "Cluster 2: Vulnerabilidad Alta / Infraestructura Escasa", "tooltip_html": "<b>ITUZAINGO ANEXO</b><hr>Pob: 6081.0<br>Cluster: Cluster 2: Vulnerabilidad Alta / Infraestructura Escasa<br>Infr: Media" }, "geometry": { "type": "Point", "coordinates": [ -64.082901932701205, -31.463692599206599 ] } },
{ "type": "Feature", "properties": { "barrio": "ITUZAINGO II", "poblacion": 1553.0, "infraestructura_score": 0.0239, "categoria_infraestructura": "Muy Baja", "cluster_descripcion": "Cluster 2: Vulnerabilidad Alta / Infraestructura Escasa", "tooltip_html": "<b>ITUZAINGO II</b><hr>Pob: 1553.0<br>Cluster: Cluster 2: Vulnerabilidad Alta / Infraestructura Escasa<br>Infr: Muy Baja" }, "geometry": { "type": "Point", "coordinates": [ -64.087896921299006, -31.474834392517799 ] } },
{ "type": "Feature", "properties": { "barrio": "JARDIN", "poblacion": 6841.0, "infraestructura_score": 0.1566, "categoria_infraestructura": "Media", "cluster_descripcion": "Cluster 2: Vulnerabilidad Alta / Infraestructura Escasa", "tooltip_html": "<b>JARDIN</b><hr>Pob: 6841.0<br>Cluster: Cluster 2: Vulnerabilidad Alta / Infraestructura Escasa<br>Infr: Media" }, "geometry": { "type": "Point", "coordinates": [ -64.181705235798702, -31.446325616333599 ] } },
{ "type": "Feature", "properties": { "barrio": "JARDIN DEL CLARET", "poblacion": 500.0, "infraestructura_score": 0.4074, "categoria_infraestructura": "Muy Alta", "cluster_descripcion": "Cluster 1: Urbano Consolidado (Alta Infraestructura)", "tooltip_html": "<b>JARDIN DEL CLARET</b><hr>Pob: 500.0<br>Cluster: Cluster 1: Urbano Consolidado (Alta Infraestructura)<br>Infr: Muy Alta" }, "geometry": { "type": "Point", "coordinates": [ -64.229589572366805, -31.348129492987301 ] } },
{ "type": "Feature", "properties": { "barrio": "JARDIN DEL PILAR", "poblacion": 2131.0, "infraestructura_score": 0.1695, "categoria_infraestructura": "Media", "cluster_descripcion": "Cluster 2: Vulnerabilidad Alta / Infraestructura Escasa", "tooltip_html": "<b>JARDIN DEL PILAR</b><hr>Pob: 2131.0<br>Cluster: Cluster 2: Vulnerabilidad Alta / Infraestructura Escasa<br>Infr: Media" }, "geometry": { "type": "Point", "coordinates": [ -64.1528930609459, -31.444115899277602 ] } },
{ "type": "Feature", "properties": { "barrio": "JARDIN DEL SUD", "poblacion": 1482.0, "infraestructura_score": 0.0874, "categoria_infraestructura": "Baja", "cluster_descripcion": "Cluster 2: Vulnerabilidad Alta / Infraestructura Escasa", "tooltip_html": "<b>JARDIN DEL SUD</b><hr>Pob: 1482.0<br>Cluster: Cluster 2: Vulnerabilidad Alta / Infraestructura Escasa<br>Infr: Baja" }, "geometry": { "type": "Point", "coordinates": [ -64.164584989732404, -31.456050472194299 ] } },
{ "type": "Feature", "properties": { "barrio": "JARDIN ESPINOSA", "poblacion": 1515.0, "infraestructura_score": 0.3481, "categoria_infraestructura": "Alta", "cluster_descripcion": "Cluster 1: Urbano Consolidado (Alta Infraestructura)", "tooltip_html": "<b>JARDIN ESPINOSA</b><hr>Pob: 1515.0<br>Cluster: Cluster 1: Urbano Consolidado (Alta Infraestructura)<br>Infr: Alta" }, "geometry": { "type": "Point", "coordinates": [ -64.171256726383106, -31.4534509945975 ] } },
{ "type": "Feature", "properties": { "barrio": "JARDIN HIPODROMO", "poblacion": 2188.0, "infraestructura_score": 0.1119, "categoria_infraestructura": "Baja", "cluster_descripcion": "Cluster 2: Vulnerabilidad Alta / Infraestructura Escasa", "tooltip_html": "<b>JARDIN HIPODROMO</b><hr>Pob: 2188.0<br>Cluster: Cluster 2: Vulnerabilidad Alta / Infraestructura Escasa<br>Infr: Baja" }, "geometry": { "type": "Point", "coordinates": [ -64.190803813576508, -31.4589242324741 ] } },
{ "type": "Feature", "properties": { "barrio": "JARDINES DEL JOCKEY", "poblacion": 516.0, "infraestructura_score": 0.2513, "categoria_infraestructura": "Alta", "cluster_descripcion": "Cluster 1: Urbano Consolidado (Alta Infraestructura)", "tooltip_html": "<b>JARDINES DEL JOCKEY</b><hr>Pob: 516.0<br>Cluster: Cluster 1: Urbano Consolidado (Alta Infraestructura)<br>Infr: Alta" }, "geometry": { "type": "Point", "coordinates": [ -64.176203327793402, -31.454521384429398 ] } },
{ "type": "Feature", "properties": { "barrio": "JERONIMO LUIS DE CABRERA", "poblacion": 3272.0, "infraestructura_score": 0.1121, "categoria_infraestructura": "Baja", "cluster_descripcion": "Cluster 2: Vulnerabilidad Alta / Infraestructura Escasa", "tooltip_html": "<b>JERONIMO LUIS DE CABRERA</b><hr>Pob: 3272.0<br>Cluster: Cluster 2: Vulnerabilidad Alta / Infraestructura Escasa<br>Infr: Baja" }, "geometry": { "type": "Point", "coordinates": [ -64.182586923342996, -31.355929776680497 ] } },
{ "type": "Feature", "properties": { "barrio": "JOCKEY CLUB", "poblacion": 516.0, "infraestructura_score": 0.0719, "categoria_infraestructura": "Muy Baja", "cluster_descripcion": "Cluster 2: Vulnerabilidad Alta / Infraestructura Escasa", "tooltip_html": "<b>JOCKEY CLUB</b><hr>Pob: 516.0<br>Cluster: Cluster 2: Vulnerabilidad Alta / Infraestructura Escasa<br>Infr: Muy Baja" }, "geometry": { "type": "Point", "coordinates": [ -64.179156207240055, -31.453509629395349 ] } },
{ "type": "Feature", "properties": { "barrio": "JOSE HERNANDEZ", "poblacion": 3233.0, "infraestructura_score": 0.1761, "categoria_infraestructura": "Media", "cluster_descripcion": "Cluster 2: Vulnerabilidad Alta / Infraestructura Escasa", "tooltip_html": "<b>JOSE HERNANDEZ</b><hr>Pob: 3233.0<br>Cluster: Cluster 2: Vulnerabilidad Alta / Infraestructura Escasa<br>Infr: Media" }, "geometry": { "type": "Point", "coordinates": [ -64.157034835906501, -31.444224882036099 ] } },
{ "type": "Feature", "properties": { "barrio": "JOSE I RUCCI", "poblacion": 500.0, "infraestructura_score": 0.2963, "categoria_infraestructura": "Alta", "cluster_descripcion": "Cluster 2: Vulnerabilidad Alta / Infraestructura Escasa", "tooltip_html": "<b>JOSE I RUCCI</b><hr>Pob: 500.0<br>Cluster: Cluster 2: Vulnerabilidad Alta / Infraestructura Escasa<br>Infr: Alta" }, "geometry": { "type": "Point", "coordinates": [ -64.129443226832095, -31.460980208160802 ] } },
{ "type": "Feature", "properties": { "barrio": "JOSE IGNACIO DIAZ SECCION 1", "poblacion": 4483.0, "infraestructura_score": 0.1033, "categoria_infraestructura": "Baja", "cluster_descripcion": "Cluster 2: Vulnerabilidad Alta / Infraestructura Escasa", "tooltip_html": "<b>JOSE IGNACIO DIAZ SECCION 1</b><hr>Pob: 4483.0<br>Cluster: Cluster 2: Vulnerabilidad Alta / Infraestructura Escasa<br>Infr: Baja" }, "geometry": { "type": "Point", "coordinates": [ -64.137927985940394, -31.443406605121201 ] } },
{ "type": "Feature", "properties": { "barrio": "JOSE IGNACIO DIAZ SECCION 2", "poblacion": 2204.0, "infraestructura_score": 0.0841, "categoria_infraestructura": "Baja", "cluster_descripcion": "Cluster 2: Vulnerabilidad Alta / Infraestructura Escasa", "tooltip_html": "<b>JOSE IGNACIO DIAZ SECCION 2</b><hr>Pob: 2204.0<br>Cluster: Cluster 2: Vulnerabilidad Alta / Infraestructura Escasa<br>Infr: Baja" }, "geometry": { "type": "Point", "coordinates": [ -64.145422010933103, -31.445119854089 ] } },
{ "type": "Feature", "properties": { "barrio": "JOSE IGNACIO DIAZ SECCION 3", "poblacion": 11876.0, "infraestructura_score": 0.1357, "categoria_infraestructura": "Baja", "cluster_descripcion": "Cluster 2: Vulnerabilidad Alta / Infraestructura Escasa", "tooltip_html": "<b>JOSE IGNACIO DIAZ SECCION 3</b><hr>Pob: 11876.0<br>Cluster: Cluster 2: Vulnerabilidad Alta / Infraestructura Escasa<br>Infr: Baja" }, "geometry": { "type": "Point", "coordinates": [ -64.132274731737709, -31.451379751202701 ] } },
{ "type": "Feature", "properties": { "barrio": "JUAN B JUSTO", "poblacion": 3088.0, "infraestructura_score": 0.0702, "categoria_infraestructura": "Muy Baja", "cluster_descripcion": "Cluster 2: Vulnerabilidad Alta / Infraestructura Escasa", "tooltip_html": "<b>JUAN B JUSTO</b><hr>Pob: 3088.0<br>Cluster: Cluster 2: Vulnerabilidad Alta / Infraestructura Escasa<br>Infr: Muy Baja" }, "geometry": { "type": "Point", "coordinates": [ -64.181551189376506, -31.359664403448701 ] } },
{ "type": "Feature", "properties": { "barrio": "JUAN XXIII", "poblacion": 977.0, "infraestructura_score": 0.2843, "categoria_infraestructura": "Alta", "cluster_descripcion": "Cluster 1: Urbano Consolidado (Alta Infraestructura)", "tooltip_html": "<b>JUAN XXIII</b><hr>Pob: 977.0<br>Cluster: Cluster 1: Urbano Consolidado (Alta Infraestructura)<br>Infr: Alta" }, "geometry": { "type": "Point", "coordinates": [ -64.224871196558993, -31.420515602471699 ] } },
{ "type": "Feature", "properties": { "barrio": "JUNIORS", "poblacion": 6521.0, "infraestructura_score": 0.1254, "categoria_infraestructura": "Baja", "cluster_descripcion": "Cluster 2: Vulnerabilidad Alta / Infraestructura Escasa", "tooltip_html": "<b>JUNIORS</b><hr>Pob: 6521.0<br>Cluster: Cluster 2: Vulnerabilidad Alta / Infraestructura Escasa<br>Infr: Baja" }, "geometry": { "type": "Point", "coordinates": [ -64.165308207835196, -31.4192717920482 ] } },
{ "type": "Feature", "properties": { "barrio": "KAIROS", "poblacion": 826.0, "infraestructura_score": 0.3791, "categoria_infraestructura": "Muy Alta", "cluster_descripcion": "Cluster 2: Vulnerabilidad Alta / Infraestructura Escasa", "tooltip_html": "<b>KAIROS</b><hr>Pob: 826.0<br>Cluster: Cluster 2: Vulnerabilidad Alta / Infraestructura Escasa<br>Infr: Muy Alta" }, "geometry": { "type": "Point", "coordinates": [ -64.249717310439806, -31.482680219511799 ] } },
{ "type": "Feature", "properties": { "barrio": "KENNEDY", "poblacion": 1074.0, "infraestructura_score": 0.2281, "categoria_infraestructura": "Alta", "cluster_descripcion": "Cluster 2: Vulnerabilidad Alta / Infraestructura Escasa", "tooltip_html": "<b>KENNEDY</b><hr>Pob: 1074.0<br>Cluster: Cluster 2: Vulnerabilidad Alta / Infraestructura Escasa<br>Infr: Alta" }, "geometry": { "type": "Point", "coordinates": [ -64.191107152072206, -31.4580417689364 ] } },
{ "type": "Feature", "properties": { "barrio": "LA CAROLINA", "poblacion": 700.0, "infraestructura_score": 0.1985, "categoria_infraestructura": "Media", "cluster_descripcion": "Cluster 2: Vulnerabilidad Alta / Infraestructura Escasa", "tooltip_html": "<b>LA CAROLINA</b><hr>Pob: 700.0<br>Cluster: Cluster 2: Vulnerabilidad Alta / Infraestructura Escasa<br>Infr: Media" }, "geometry": { "type": "Point", "coordinates": [ -64.286202023493402, -31.352759985372 ] } },
{ "type": "Feature", "properties": { "barrio": "LA DOROTEA", "poblacion": 526.0, "infraestructura_score": 0.2374, "categoria_infraestructura": "Alta", "cluster_descripcion": "Cluster 2: Vulnerabilidad Alta / Infraestructura Escasa", "tooltip_html": "<b>LA DOROTEA</b><hr>Pob: 526.0<br>Cluster: Cluster 2: Vulnerabilidad Alta / Infraestructura Escasa<br>Infr: Alta" }, "geometry": { "type": "Point", "coordinates": [ -64.1116311003492, -31.378828630782799 ] } },
{ "type": "Feature", "properties": { "barrio": "LA ESPERANZA", "poblacion": 500.0, "infraestructura_score": 0.2963, "categoria_infraestructura": "Alta", "cluster_descripcion": "Cluster 1: Urbano Consolidado (Alta Infraestructura)", "tooltip_html": "<b>LA ESPERANZA</b><hr>Pob: 500.0<br>Cluster: Cluster 1: Urbano Consolidado (Alta Infraestructura)<br>Infr: Alta" }, "geometry": { "type": "Point", "coordinates": [ -64.2421336446981, -31.4838140058101 ] } },
{ "type": "Feature", "properties": { "barrio": "LA FLORESTA", "poblacion": 1590.0, "infraestructura_score": 0.1224, "categoria_infraestructura": "Baja", "cluster_descripcion": "Cluster 2: Vulnerabilidad Alta / Infraestructura Escasa", "tooltip_html": "<b>LA FLORESTA</b><hr>Pob: 1590.0<br>Cluster: Cluster 2: Vulnerabilidad Alta / Infraestructura Escasa<br>Infr: Baja" }, "geometry": { "type": "Point", "coordinates": [ -64.058429069502097, -31.3892085271405 ] } },
{ "type": "Feature", "properties": { "barrio": "LA FRANCE", "poblacion": 3218.0, "infraestructura_score": 0.3817, "categoria_infraestructura": "Muy Alta", "cluster_descripcion": "Cluster 2: Vulnerabilidad Alta / Infraestructura Escasa", "tooltip_html": "<b>LA FRANCE</b><hr>Pob: 3218.0<br>Cluster: Cluster 2: Vulnerabilidad Alta / Infraestructura Escasa<br>Infr: Muy Alta" }, "geometry": { "type": "Point", "coordinates": [ -64.208593867613203, -31.373065947038 ] } },
{ "type": "Feature", "properties": { "barrio": "LA FRATERNIDAD", "poblacion": 500.0, "infraestructura_score": 0.5832, "categoria_infraestructura": "Muy Alta", "cluster_descripcion": "Cluster 1: Urbano Consolidado (Alta Infraestructura)", "tooltip_html": "<b>LA FRATERNIDAD</b><hr>Pob: 500.0<br>Cluster: Cluster 1: Urbano Consolidado (Alta Infraestructura)<br>Infr: Muy Alta" }, "geometry": { "type": "Point", "coordinates": [ -64.183960741754703, -31.376857778827102 ] } },
{ "type": "Feature", "properties": { "barrio": "LA HORTENSIA", "poblacion": 1423.0, "infraestructura_score": 0.013, "categoria_infraestructura": "Muy Baja", "cluster_descripcion": "Cluster 2: Vulnerabilidad Alta / Infraestructura Escasa", "tooltip_html": "<b>LA HORTENSIA</b><hr>Pob: 1423.0<br>Cluster: Cluster 2: Vulnerabilidad Alta / Infraestructura Escasa<br>Infr: Muy Baja" }, "geometry": { "type": "Point", "coordinates": [ -64.139948474011305, -31.384397950571401 ] } },
{ "type": "Feature", "properties": { "barrio": "LA SALLE", "poblacion": 707.0, "infraestructura_score": 0.7068, "categoria_infraestructura": "Muy Alta", "cluster_descripcion": "Cluster 1: Urbano Consolidado (Alta Infraestructura)", "tooltip_html": "<b>LA SALLE</b><hr>Pob: 707.0<br>Cluster: Cluster 1: Urbano Consolidado (Alta Infraestructura)<br>Infr: Muy Alta" }, "geometry": { "type": "Point", "coordinates": [ -64.275515246264007, -31.345477818391501 ] } },
{ "type": "Feature", "properties": { "barrio": "LA TOMA", "poblacion": 500.0, "infraestructura_score": 0.2222, "categoria_infraestructura": "Alta", "cluster_descripcion": "Cluster 2: Vulnerabilidad Alta / Infraestructura Escasa", "tooltip_html": "<b>LA TOMA</b><hr>Pob: 500.0<br>Cluster: Cluster 2: Vulnerabilidad Alta / Infraestructura Escasa<br>Infr: Alta" }, "geometry": { "type": "Point", "coordinates": [ -64.261844975413794, -31.4051127349579 ] } },
{ "type": "Feature", "properties": { "barrio": "LAMADRID", "poblacion": 2346.0, "infraestructura_score": 0.1974, "categoria_infraestructura": "Media", "cluster_descripcion": "Cluster 2: Vulnerabilidad Alta / Infraestructura Escasa", "tooltip_html": "<b>LAMADRID</b><hr>Pob: 2346.0<br>Cluster: Cluster 2: Vulnerabilidad Alta / Infraestructura Escasa<br>Infr: Media" }, "geometry": { "type": "Point", "coordinates": [ -64.234560072184806, -31.414254225410399 ] } },
{ "type": "Feature", "properties": { "barrio": "LAS CANITAS", "poblacion": 500.0, "infraestructura_score": 0.037, "categoria_infraestructura": "Muy Baja", "cluster_descripcion": "Cluster 2: Vulnerabilidad Alta / Infraestructura Escasa", "tooltip_html": "<b>LAS CANITAS</b><hr>Pob: 500.0<br>Cluster: Cluster 2: Vulnerabilidad Alta / Infraestructura Escasa<br>Infr: Muy Baja" }, "geometry": { "type": "Point", "coordinates": [ -64.189132214288193, -31.465078409608399 ] } },
{ "type": "Feature", "properties": { "barrio": "LAS CANUELAS", "poblacion": 500.0, "infraestructura_score": 0.0, "categoria_infraestructura": "Muy Baja", "cluster_descripcion": "Cluster 2: Vulnerabilidad Alta / Infraestructura Escasa", "tooltip_html": "<b>LAS CANUELAS</b><hr>Pob: 500.0<br>Cluster: Cluster 2: Vulnerabilidad Alta / Infraestructura Escasa<br>Infr: Muy Baja" }, "geometry": { "type": "Point", "coordinates": [ -64.154596359611205, -31.475993631788999 ] } },
{ "type": "Feature", "properties": { "barrio": "LAS CORTADERAS", "poblacion": 500.0, "infraestructura_score": 0.8055, "categoria_infraestructura": "Muy Alta", "cluster_descripcion": "Cluster 1: Urbano Consolidado (Alta Infraestructura)", "tooltip_html": "<b>LAS CORTADERAS</b><hr>Pob: 500.0<br>Cluster: Cluster 1: Urbano Consolidado (Alta Infraestructura)<br>Infr: Muy Alta" }, "geometry": { "type": "Point", "coordinates": [ -64.229590962206998, -31.331589253103498 ] } },
{ "type": "Feature", "properties": { "barrio": "LAS DALIAS", "poblacion": 649.0, "infraestructura_score": 0.1426, "categoria_infraestructura": "Baja", "cluster_descripcion": "Cluster 2: Vulnerabilidad Alta / Infraestructura Escasa", "tooltip_html": "<b>LAS DALIAS</b><hr>Pob: 649.0<br>Cluster: Cluster 2: Vulnerabilidad Alta / Infraestructura Escasa<br>Infr: Baja" }, "geometry": { "type": "Point", "coordinates": [ -64.237297768407103, -31.4096984739965 ] } },
{ "type": "Feature", "properties": { "barrio": "LAS FLORES", "poblacion": 4037.0, "infraestructura_score": 0.2337, "categoria_infraestructura": "Alta", "cluster_descripcion": "Cluster 2: Vulnerabilidad Alta / Infraestructura Escasa", "tooltip_html": "<b>LAS FLORES</b><hr>Pob: 4037.0<br>Cluster: Cluster 2: Vulnerabilidad Alta / Infraestructura Escasa<br>Infr: Alta" }, "geometry": { "type": "Point", "coordinates": [ -64.197192719419704, -31.4500092193326 ] } },
{ "type": "Feature", "properties": { "barrio": "LAS HUERTILLAS", "poblacion": 1133.0, "infraestructura_score": 0.0774, "categoria_infraestructura": "Muy Baja", "cluster_descripcion": "Cluster 2: Vulnerabilidad Alta / Infraestructura Escasa", "tooltip_html": "<b>LAS HUERTILLAS</b><hr>Pob: 1133.0<br>Cluster: Cluster 2: Vulnerabilidad Alta / Infraestructura Escasa<br>Infr: Muy Baja" }, "geometry": { "type": "Point", "coordinates": [ -64.196333901865003, -31.4711647618496 ] } },
{ "type": "Feature", "properties": { "barrio": "LAS LILAS", "poblacion": 2237.0, "infraestructura_score": 0.2606, "categoria_infraestructura": "Alta", "cluster_descripcion": "Cluster 2: Vulnerabilidad Alta / Infraestructura Escasa", "tooltip_html": "<b>LAS LILAS</b><hr>Pob: 2237.0<br>Cluster: Cluster 2: Vulnerabilidad Alta / Infraestructura Escasa<br>Infr: Alta" }, "geometry": { "type": "Point", "coordinates": [ -64.131916861512494, -31.4453296898999 ] } },
{ "type": "Feature", "properties": { "barrio": "LAS MAGNOLIAS", "poblacion": 2459.0, "infraestructura_score": 0.2561, "categoria_infraestructura": "Alta", "cluster_descripcion": "Cluster 2: Vulnerabilidad Alta / Infraestructura Escasa", "tooltip_html": "<b>LAS MAGNOLIAS</b><hr>Pob: 2459.0<br>Cluster: Cluster 2: Vulnerabilidad Alta / Infraestructura Escasa<br>Infr: Alta" }, "geometry": { "type": "Point", "coordinates": [ -64.210238870092894, -31.3678491335932 ] } },
{ "type": "Feature", "properties": { "barrio": "LAS MARGARITAS", "poblacion": 2032.0, "infraestructura_score": 0.2959, "categoria_infraestructura": "Alta", "cluster_descripcion": "Cluster 2: Vulnerabilidad Alta / Infraestructura Escasa", "tooltip_html": "<b>LAS MARGARITAS</b><hr>Pob: 2032.0<br>Cluster: Cluster 2: Vulnerabilidad Alta / Infraestructura Escasa<br>Infr: Alta" }, "geometry": { "type": "Point", "coordinates": [ -64.209939672718804, -31.3784736934929 ] } },
{ "type": "Feature", "properties": { "barrio": "LAS PALMAS", "poblacion": 6142.0, "infraestructura_score": 0.3578, "categoria_infraestructura": "Alta", "cluster_descripcion": "Cluster 2: Vulnerabilidad Alta / Infraestructura Escasa", "tooltip_html": "<b>LAS PALMAS</b><hr>Pob: 6142.0<br>Cluster: Cluster 2: Vulnerabilidad Alta / Infraestructura Escasa<br>Infr: Alta" }, "geometry": { "type": "Point", "coordinates": [ -64.2392888497874, -31.4039268357349 ] } },
{ "type": "Feature", "properties": { "barrio": "LAS PALMAS ANEXO", "poblacion": 864.0, "infraestructura_score": 0.1715, "categoria_infraestructura": "Media", "cluster_descripcion": "Cluster 2: Vulnerabilidad Alta / Infraestructura Escasa", "tooltip_html": "<b>LAS PALMAS ANEXO</b><hr>Pob: 864.0<br>Cluster: Cluster 2: Vulnerabilidad Alta / Infraestructura Escasa<br>Infr: Media" }, "geometry": { "type": "Point", "coordinates": [ -64.239700723411104, -31.412859285695401 ] } },
{ "type": "Feature", "properties": { "barrio": "LAS PLAYAS", "poblacion": 2869.0, "infraestructura_score": 0.0194, "categoria_infraestructura": "Muy Baja", "cluster_descripcion": "Cluster 2: Vulnerabilidad Alta / Infraestructura Escasa", "tooltip_html": "<b>LAS PLAYAS</b><hr>Pob: 2869.0<br>Cluster: Cluster 2: Vulnerabilidad Alta / Infraestructura Escasa<br>Infr: Muy Baja" }, "geometry": { "type": "Point", "coordinates": [ -64.247489470892006, -31.439564782512999 ] } },
{ "type": "Feature", "properties": { "barrio": "LAS ROSAS", "poblacion": 877.0, "infraestructura_score": 0.3587, "categoria_infraestructura": "Muy Alta", "cluster_descripcion": "Cluster 1: Urbano Consolidado (Alta Infraestructura)", "tooltip_html": "<b>LAS ROSAS</b><hr>Pob: 877.0<br>Cluster: Cluster 1: Urbano Consolidado (Alta Infraestructura)<br>Infr: Muy Alta" }, "geometry": { "type": "Point", "coordinates": [ -64.228107327415202, -31.391393991088002 ] } },
{ "type": "Feature", "properties": { "barrio": "LAS VIOLETAS", "poblacion": 3243.0, "infraestructura_score": 0.2497, "categoria_infraestructura": "Alta", "cluster_descripcion": "Cluster 2: Vulnerabilidad Alta / Infraestructura Escasa", "tooltip_html": "<b>LAS VIOLETAS</b><hr>Pob: 3243.0<br>Cluster: Cluster 2: Vulnerabilidad Alta / Infraestructura Escasa<br>Infr: Alta" }, "geometry": { "type": "Point", "coordinates": [ -64.250395030447507, -31.409331288914601 ] } },
{ "type": "Feature", "properties": { "barrio": "LICEO GENERAL PAZ", "poblacion": 628.0, "infraestructura_score": 0.1111, "categoria_infraestructura": "Baja", "cluster_descripcion": "Cluster 2: Vulnerabilidad Alta / Infraestructura Escasa", "tooltip_html": "<b>LICEO GENERAL PAZ</b><hr>Pob: 628.0<br>Cluster: Cluster 2: Vulnerabilidad Alta / Infraestructura Escasa<br>Infr: Baja" }, "geometry": { "type": "Point", "coordinates": [ -64.166702082437894, -31.335575800530599 ] } },
{ "type": "Feature", "properties": { "barrio": "LOMAS DE SAN MARTIN", "poblacion": 1734.0, "infraestructura_score": 0.0748, "categoria_infraestructura": "Muy Baja", "cluster_descripcion": "Cluster 2: Vulnerabilidad Alta / Infraestructura Escasa", "tooltip_html": "<b>LOMAS DE SAN MARTIN</b><hr>Pob: 1734.0<br>Cluster: Cluster 2: Vulnerabilidad Alta / Infraestructura Escasa<br>Infr: Muy Baja" }, "geometry": { "type": "Point", "coordinates": [ -64.205947698293699, -31.3825174083115 ] } },
{ "type": "Feature", "properties": { "barrio": "LOS ALAMOS", "poblacion": 1964.0, "infraestructura_score": 0.0565, "categoria_infraestructura": "Muy Baja", "cluster_descripcion": "Cluster 2: Vulnerabilidad Alta / Infraestructura Escasa", "tooltip_html": "<b>LOS ALAMOS</b><hr>Pob: 1964.0<br>Cluster: Cluster 2: Vulnerabilidad Alta / Infraestructura Escasa<br>Infr: Muy Baja" }, "geometry": { "type": "Point", "coordinates": [ -64.156910128232795, -31.3678133678231 ] } },
{ "type": "Feature", "properties": { "barrio": "LOS ANGELES", "poblacion": 766.0, "infraestructura_score": 0.6346, "categoria_infraestructura": "Muy Alta", "cluster_descripcion": "Cluster 1: Urbano Consolidado (Alta Infraestructura)", "tooltip_html": "<b>LOS ANGELES</b><hr>Pob: 766.0<br>Cluster: Cluster 1: Urbano Consolidado (Alta Infraestructura)<br>Infr: Muy Alta" }, "geometry": { "type": "Point", "coordinates": [ -64.237017009270303, -31.359507855743001 ] } },
{ "type": "Feature", "properties": { "barrio": "LOS ARBOLES", "poblacion": 500.0, "infraestructura_score": 0.0, "categoria_infraestructura": "Muy Baja", "cluster_descripcion": "Cluster 2: Vulnerabilidad Alta / Infraestructura Escasa", "tooltip_html": "<b>LOS ARBOLES</b><hr>Pob: 500.0<br>Cluster: Cluster 2: Vulnerabilidad Alta / Infraestructura Escasa<br>Infr: Muy Baja" }, "geometry": { "type": "Point", "coordinates": [ -64.284736687991398, -31.366312829787699 ] } },
{ "type": "Feature", "properties": { "barrio": "LOS BOULEVARES", "poblacion": 12277.0, "infraestructura_score": 0.2143, "categoria_infraestructura": "Media", "cluster_descripcion": "Cluster 2: Vulnerabilidad Alta / Infraestructura Escasa", "tooltip_html": "<b>LOS BOULEVARES</b><hr>Pob: 12277.0<br>Cluster: Cluster 2: Vulnerabilidad Alta / Infraestructura Escasa<br>Infr: Media" }, "geometry": { "type": "Point", "coordinates": [ -64.219264358542105, -31.345159466376899 ] } },
{ "type": "Feature", "properties": { "barrio": "LOS CEIBOS", "poblacion": 826.0, "infraestructura_score": 0.1794, "categoria_infraestructura": "Media", "cluster_descripcion": "Cluster 2: Vulnerabilidad Alta / Infraestructura Escasa", "tooltip_html": "<b>LOS CEIBOS</b><hr>Pob: 826.0<br>Cluster: Cluster 2: Vulnerabilidad Alta / Infraestructura Escasa<br>Infr: Media" }, "geometry": { "type": "Point", "coordinates": [ -64.148095989398101, -31.429311789067999 ] } },
{ "type": "Feature", "properties": { "barrio": "LOS CHINGOLOS", "poblacion": 1944.0, "infraestructura_score": 0.1905, "categoria_infraestructura": "Media", "cluster_descripcion": "Cluster 2: Vulnerabilidad Alta / Infraestructura Escasa", "tooltip_html": "<b>LOS CHINGOLOS</b><hr>Pob: 1944.0<br>Cluster: Cluster 2: Vulnerabilidad Alta / Infraestructura Escasa<br>Infr: Media" }, "geometry": { "type": "Point", "coordinates": [ -64.169066378748994, -31.340792625601999 ] } },
{ "type": "Feature", "properties": { "barrio": "LOS CIELOS", "poblacion": 500.0, "infraestructura_score": 0.0, "categoria_infraestructura": "Muy Baja", "cluster_descripcion": "Cluster 2: Vulnerabilidad Alta / Infraestructura Escasa", "tooltip_html": "<b>LOS CIELOS</b><hr>Pob: 500.0<br>Cluster: Cluster 2: Vulnerabilidad Alta / Infraestructura Escasa<br>Infr: Muy Baja" }, "geometry": { "type": "Point", "coordinates": [ -64.28265773622033, -31.371485929537101 ] } },
{ "type": "Feature", "properties": { "barrio": "LOS EUCALIPTUS", "poblacion": 1741.0, "infraestructura_score": 0.1224, "categoria_infraestructura": "Baja", "cluster_descripcion": "Cluster 2: Vulnerabilidad Alta / Infraestructura Escasa", "tooltip_html": "<b>LOS EUCALIPTUS</b><hr>Pob: 1741.0<br>Cluster: Cluster 2: Vulnerabilidad Alta / Infraestructura Escasa<br>Infr: Baja" }, "geometry": { "type": "Point", "coordinates": [ -64.088516655311395, -31.4678374607454 ] } },
{ "type": "Feature", "properties": { "barrio": "LOS FILTROS", "poblacion": 852.0, "infraestructura_score": 0.3153, "categoria_infraestructura": "Alta", "cluster_descripcion": "Cluster 1: Urbano Consolidado (Alta Infraestructura)", "tooltip_html": "<b>LOS FILTROS</b><hr>Pob: 852.0<br>Cluster: Cluster 1: Urbano Consolidado (Alta Infraestructura)<br>Infr: Alta" }, "geometry": { "type": "Point", "coordinates": [ -64.248496868616201, -31.413308127997901 ] } },
{ "type": "Feature", "properties": { "barrio": "LOS FRESNOS", "poblacion": 1067.0, "infraestructura_score": 0.0652, "categoria_infraestructura": "Muy Baja", "cluster_descripcion": "Cluster 2: Vulnerabilidad Alta / Infraestructura Escasa", "tooltip_html": "<b>LOS FRESNOS</b><hr>Pob: 1067.0<br>Cluster: Cluster 2: Vulnerabilidad Alta / Infraestructura Escasa<br>Infr: Muy Baja" }, "geometry": { "type": "Point", "coordinates": [ -64.081578537093606, -31.4709007424932 ] } },
{ "type": "Feature", "properties": { "barrio": "LOS GIGANTES", "poblacion": 4442.0, "infraestructura_score": 0.0931, "categoria_infraestructura": "Baja", "cluster_descripcion": "Cluster 2: Vulnerabilidad Alta / Infraestructura Escasa", "tooltip_html": "<b>LOS GIGANTES</b><hr>Pob: 4442.0<br>Cluster: Cluster 2: Vulnerabilidad Alta / Infraestructura Escasa<br>Infr: Baja" }, "geometry": { "type": "Point", "coordinates": [ -64.169506476040098, -31.362636222678901 ] } },
{ "type": "Feature", "properties": { "barrio": "LOS GRANADOS", "poblacion": 3435.0, "infraestructura_score": 0.1129, "categoria_infraestructura": "Baja", "cluster_descripcion": "Cluster 2: Vulnerabilidad Alta / Infraestructura Escasa", "tooltip_html": "<b>LOS GRANADOS</b><hr>Pob: 3435.0<br>Cluster: Cluster 2: Vulnerabilidad Alta / Infraestructura Escasa<br>Infr: Baja" }, "geometry": { "type": "Point", "coordinates": [ -64.236995839038499, -31.4233609670665 ] } },
{ "type": "Feature", "properties": { "barrio": "LOS HORNILLOS", "poblacion": 726.0, "infraestructura_score": 0.4444, "categoria_infraestructura": "Muy Alta", "cluster_descripcion": "Cluster 1: Urbano Consolidado (Alta Infraestructura)", "tooltip_html": "<b>LOS HORNILLOS</b><hr>Pob: 726.0<br>Cluster: Cluster 1: Urbano Consolidado (Alta Infraestructura)<br>Infr: Muy Alta" }, "geometry": { "type": "Point", "coordinates": [ -64.172095336098494, -31.340913220344898 ] } },
{ "type": "Feature", "properties": { "barrio": "LOS JACARANDAES", "poblacion": 1305.0, "infraestructura_score": 0.0, "categoria_infraestructura": "Muy Baja", "cluster_descripcion": "Cluster 2: Vulnerabilidad Alta / Infraestructura Escasa", "tooltip_html": "<b>LOS JACARANDAES</b><hr>Pob: 1305.0<br>Cluster: Cluster 2: Vulnerabilidad Alta / Infraestructura Escasa<br>Infr: Muy Baja" }, "geometry": { "type": "Point", "coordinates": [ -64.236454716346699, -31.417197922717101 ] } },
{ "type": "Feature", "properties": { "barrio": "LOS JOSEFINOS", "poblacion": 500.0, "infraestructura_score": 0.2222, "categoria_infraestructura": "Alta", "cluster_descripcion": "Cluster 2: Vulnerabilidad Alta / Infraestructura Escasa", "tooltip_html": "<b>LOS JOSEFINOS</b><hr>Pob: 500.0<br>Cluster: Cluster 2: Vulnerabilidad Alta / Infraestructura Escasa<br>Infr: Alta" }, "geometry": { "type": "Point", "coordinates": [ -64.123880379689396, -31.414200620776199 ] } },
{ "type": "Feature", "properties": { "barrio": "LOS NARANJOS", "poblacion": 1615.0, "infraestructura_score": 0.4724, "categoria_infraestructura": "Muy Alta", "cluster_descripcion": "Cluster 1: Urbano Consolidado (Alta Infraestructura)", "tooltip_html": "<b>LOS NARANJOS</b><hr>Pob: 1615.0<br>Cluster: Cluster 1: Urbano Consolidado (Alta Infraestructura)<br>Infr: Muy Alta" }, "geometry": { "type": "Point", "coordinates": [ -64.226563138602003, -31.429664756605501 ] } },
{ "type": "Feature", "properties": { "barrio": "LOS OLMOS", "poblacion": 1859.0, "infraestructura_score": 0.2044, "categoria_infraestructura": "Media", "cluster_descripcion": "Cluster 2: Vulnerabilidad Alta / Infraestructura Escasa", "tooltip_html": "<b>LOS OLMOS</b><hr>Pob: 1859.0<br>Cluster: Cluster 2: Vulnerabilidad Alta / Infraestructura Escasa<br>Infr: Media" }, "geometry": { "type": "Point", "coordinates": [ -64.217253093653497, -31.459796582155398 ] } },
{ "type": "Feature", "properties": { "barrio": "LOS OLMOS SUD", "poblacion": 2486.0, "infraestructura_score": 0.3034, "categoria_infraestructura": "Alta", "cluster_descripcion": "Cluster 2: Vulnerabilidad Alta / Infraestructura Escasa", "tooltip_html": "<b>LOS OLMOS SUD</b><hr>Pob: 2486.0<br>Cluster: Cluster 2: Vulnerabilidad Alta / Infraestructura Escasa<br>Infr: Alta" }, "geometry": { "type": "Point", "coordinates": [ -64.215451219676154, -31.465400290473603 ] } },
{ "type": "Feature", "properties": { "barrio": "LOS PARAISOS", "poblacion": 5079.0, "infraestructura_score": 0.143, "categoria_infraestructura": "Baja", "cluster_descripcion": "Cluster 2: Vulnerabilidad Alta / Infraestructura Escasa", "tooltip_html": "<b>LOS PARAISOS</b><hr>Pob: 5079.0<br>Cluster: Cluster 2: Vulnerabilidad Alta / Infraestructura Escasa<br>Infr: Baja" }, "geometry": { "type": "Point", "coordinates": [ -64.194648050397305, -31.3830882690084 ] } },
{ "type": "Feature", "properties": { "barrio": "LOS PINOS", "poblacion": 1901.0, "infraestructura_score": 0.3166, "categoria_infraestructura": "Alta", "cluster_descripcion": "Cluster 2: Vulnerabilidad Alta / Infraestructura Escasa", "tooltip_html": "<b>LOS PINOS</b><hr>Pob: 1901.0<br>Cluster: Cluster 2: Vulnerabilidad Alta / Infraestructura Escasa<br>Infr: Alta" }, "geometry": { "type": "Point", "coordinates": [ -64.141031965328096, -31.393666951683802 ] } },
{ "type": "Feature", "properties": { "barrio": "LOS PLATANOS", "poblacion": 7003.0, "infraestructura_score": 0.1082, "categoria_infraestructura": "Baja", "cluster_descripcion": "Cluster 2: Vulnerabilidad Alta / Infraestructura Escasa", "tooltip_html": "<b>LOS PLATANOS</b><hr>Pob: 7003.0<br>Cluster: Cluster 2: Vulnerabilidad Alta / Infraestructura Escasa<br>Infr: Baja" }, "geometry": { "type": "Point", "coordinates": [ -64.230713018813603, -31.422208075158601 ] } },
{ "type": "Feature", "properties": { "barrio": "LOS ROBLES", "poblacion": 3479.0, "infraestructura_score": 0.1224, "categoria_infraestructura": "Baja", "cluster_descripcion": "Cluster 2: Vulnerabilidad Alta / Infraestructura Escasa", "tooltip_html": "<b>LOS ROBLES</b><hr>Pob: 3479.0<br>Cluster: Cluster 2: Vulnerabilidad Alta / Infraestructura Escasa<br>Infr: Baja" }, "geometry": { "type": "Point", "coordinates": [ -64.264908632223097, -31.401036267702199 ] } },
{ "type": "Feature", "properties": { "barrio": "LOS SAUCES", "poblacion": 1635.0, "infraestructura_score": 0.3908, "categoria_infraestructura": "Muy Alta", "cluster_descripcion": "Cluster 2: Vulnerabilidad Alta / Infraestructura Escasa", "tooltip_html": "<b>LOS SAUCES</b><hr>Pob: 1635.0<br>Cluster: Cluster 2: Vulnerabilidad Alta / Infraestructura Escasa<br>Infr: Muy Alta" }, "geometry": { "type": "Point", "coordinates": [ -64.0988703018824, -31.461186855039202 ] } },
{ "type": "Feature", "properties": { "barrio": "LOS SOLES", "poblacion": 500.0, "infraestructura_score": 0.1852, "categoria_infraestructura": "Media", "cluster_descripcion": "Cluster 2: Vulnerabilidad Alta / Infraestructura Escasa", "tooltip_html": "<b>LOS SOLES</b><hr>Pob: 500.0<br>Cluster: Cluster 2: Vulnerabilidad Alta / Infraestructura Escasa<br>Infr: Media" }, "geometry": { "type": "Point", "coordinates": [ -64.278633279906558, -31.373214275765321 ] } },
{ "type": "Feature", "properties": { "barrio": "LOS SUENOS", "poblacion": 500.0, "infraestructura_score": 0.037, "categoria_infraestructura": "Muy Baja", "cluster_descripcion": "Cluster 2: Vulnerabilidad Alta / Infraestructura Escasa", "tooltip_html": "<b>LOS SUENOS</b><hr>Pob: 500.0<br>Cluster: Cluster 2: Vulnerabilidad Alta / Infraestructura Escasa<br>Infr: Muy Baja" }, "geometry": { "type": "Point", "coordinates": [ -64.283269093921405, -31.360445359551498 ] } },
{ "type": "Feature", "properties": { "barrio": "LOURDES", "poblacion": 1413.0, "infraestructura_score": 0.39, "categoria_infraestructura": "Muy Alta", "cluster_descripcion": "Cluster 1: Urbano Consolidado (Alta Infraestructura)", "tooltip_html": "<b>LOURDES</b><hr>Pob: 1413.0<br>Cluster: Cluster 1: Urbano Consolidado (Alta Infraestructura)<br>Infr: Muy Alta" }, "geometry": { "type": "Point", "coordinates": [ -64.255983863229304, -31.331651556266301 ] } },
{ "type": "Feature", "properties": { "barrio": "MAIPU SECCION 1", "poblacion": 2022.0, "infraestructura_score": 0.1557, "categoria_infraestructura": "Media", "cluster_descripcion": "Cluster 2: Vulnerabilidad Alta / Infraestructura Escasa", "tooltip_html": "<b>MAIPU SECCION 1</b><hr>Pob: 2022.0<br>Cluster: Cluster 2: Vulnerabilidad Alta / Infraestructura Escasa<br>Infr: Media" }, "geometry": { "type": "Point", "coordinates": [ -64.159547185407106, -31.436176405854699 ] } },
{ "type": "Feature", "properties": { "barrio": "MAIPU SECCION 2", "poblacion": 2283.0, "infraestructura_score": 0.1054, "categoria_infraestructura": "Baja", "cluster_descripcion": "Cluster 2: Vulnerabilidad Alta / Infraestructura Escasa", "tooltip_html": "<b>MAIPU SECCION 2</b><hr>Pob: 2283.0<br>Cluster: Cluster 2: Vulnerabilidad Alta / Infraestructura Escasa<br>Infr: Baja" }, "geometry": { "type": "Point", "coordinates": [ -64.159805647332007, -31.429699517301898 ] } },
{ "type": "Feature", "properties": { "barrio": "MALDONADO", "poblacion": 8018.0, "infraestructura_score": 0.0835, "categoria_infraestructura": "Baja", "cluster_descripcion": "Cluster 2: Vulnerabilidad Alta / Infraestructura Escasa", "tooltip_html": "<b>MALDONADO</b><hr>Pob: 8018.0<br>Cluster: Cluster 2: Vulnerabilidad Alta / Infraestructura Escasa<br>Infr: Baja" }, "geometry": { "type": "Point", "coordinates": [ -64.127450781326999, -31.412245483126 ] } },
{ "type": "Feature", "properties": { "barrio": "MANANTIALES I-MANANTIALES II", "poblacion": 500.0, "infraestructura_score": 0.037, "categoria_infraestructura": "Muy Baja", "cluster_descripcion": "Cluster 2: Vulnerabilidad Alta / Infraestructura Escasa", "tooltip_html": "<b>MANANTIALES I-MANANTIALES II</b><hr>Pob: 500.0<br>Cluster: Cluster 2: Vulnerabilidad Alta / Infraestructura Escasa<br>Infr: Muy Baja" }, "geometry": { "type": "Point", "coordinates": [ -64.227513212621204, -31.450175544294702 ] } },
{ "type": "Feature", "properties": { "barrio": "MARCELO T DE ALVEAR", "poblacion": 2748.0, "infraestructura_score": 0.0539, "categoria_infraestructura": "Muy Baja", "cluster_descripcion": "Cluster 2: Vulnerabilidad Alta / Infraestructura Escasa", "tooltip_html": "<b>MARCELO T DE ALVEAR</b><hr>Pob: 2748.0<br>Cluster: Cluster 2: Vulnerabilidad Alta / Infraestructura Escasa<br>Infr: Muy Baja" }, "geometry": { "type": "Point", "coordinates": [ -64.1718542573729, -31.368041149278199 ] } },
{ "type": "Feature", "properties": { "barrio": "MARCOS SASTRE", "poblacion": 1104.0, "infraestructura_score": 0.2476, "categoria_infraestructura": "Alta", "cluster_descripcion": "Cluster 2: Vulnerabilidad Alta / Infraestructura Escasa", "tooltip_html": "<b>MARCOS SASTRE</b><hr>Pob: 1104.0<br>Cluster: Cluster 2: Vulnerabilidad Alta / Infraestructura Escasa<br>Infr: Alta" }, "geometry": { "type": "Point", "coordinates": [ -64.149863964445004, -31.445119005385401 ] } },
{ "type": "Feature", "properties": { "barrio": "MARECHAL", "poblacion": 3557.0, "infraestructura_score": 0.1183, "categoria_infraestructura": "Baja", "cluster_descripcion": "Cluster 2: Vulnerabilidad Alta / Infraestructura Escasa", "tooltip_html": "<b>MARECHAL</b><hr>Pob: 3557.0<br>Cluster: Cluster 2: Vulnerabilidad Alta / Infraestructura Escasa<br>Infr: Baja" }, "geometry": { "type": "Point", "coordinates": [ -64.214265251913702, -31.395529223901701 ] } },
{ "type": "Feature", "properties": { "barrio": "MARIA LASTENIA", "poblacion": 500.0, "infraestructura_score": 0.7778, "categoria_infraestructura": "Muy Alta", "cluster_descripcion": "Cluster 1: Urbano Consolidado (Alta Infraestructura)", "tooltip_html": "<b>MARIA LASTENIA</b><hr>Pob: 500.0<br>Cluster: Cluster 1: Urbano Consolidado (Alta Infraestructura)<br>Infr: Muy Alta" }, "geometry": { "type": "Point", "coordinates": [ -64.181920702164703, -31.326660354553201 ] } },
{ "type": "Feature", "properties": { "barrio": "MARIANO BALCARCE", "poblacion": 1994.0, "infraestructura_score": 0.0904, "categoria_infraestructura": "Baja", "cluster_descripcion": "Cluster 2: Vulnerabilidad Alta / Infraestructura Escasa", "tooltip_html": "<b>MARIANO BALCARCE</b><hr>Pob: 1994.0<br>Cluster: Cluster 2: Vulnerabilidad Alta / Infraestructura Escasa<br>Infr: Baja" }, "geometry": { "type": "Point", "coordinates": [ -64.221593149356906, -31.4336980595615 ] } },
{ "type": "Feature", "properties": { "barrio": "MARIANO FRAGUEIRO", "poblacion": 3630.0, "infraestructura_score": 0.2157, "categoria_infraestructura": "Media", "cluster_descripcion": "Cluster 2: Vulnerabilidad Alta / Infraestructura Escasa", "tooltip_html": "<b>MARIANO FRAGUEIRO</b><hr>Pob: 3630.0<br>Cluster: Cluster 2: Vulnerabilidad Alta / Infraestructura Escasa<br>Infr: Media" }, "geometry": { "type": "Point", "coordinates": [ -64.185670828933297, -31.366072814557199 ] } },
{ "type": "Feature", "properties": { "barrio": "MARQUES ANEXO", "poblacion": 10478.0, "infraestructura_score": 0.0069, "categoria_infraestructura": "Muy Baja", "cluster_descripcion": "Cluster 2: Vulnerabilidad Alta / Infraestructura Escasa", "tooltip_html": "<b>MARQUES ANEXO</b><hr>Pob: 10478.0<br>Cluster: Cluster 2: Vulnerabilidad Alta / Infraestructura Escasa<br>Infr: Muy Baja" }, "geometry": { "type": "Point", "coordinates": [ -64.191612669231461, -31.371435791089649 ] } },
{ "type": "Feature", "properties": { "barrio": "MARQUES DE SOBREMONTE", "poblacion": 24608.0, "infraestructura_score": 0.1032, "categoria_infraestructura": "Baja", "cluster_descripcion": "Cluster 2: Vulnerabilidad Alta / Infraestructura Escasa", "tooltip_html": "<b>MARQUES DE SOBREMONTE</b><hr>Pob: 24608.0<br>Cluster: Cluster 2: Vulnerabilidad Alta / Infraestructura Escasa<br>Infr: Baja" }, "geometry": { "type": "Point", "coordinates": [ -64.194027955290551, -31.368628936555549 ] } },
{ "type": "Feature", "properties": { "barrio": "MAULLER", "poblacion": 5734.0, "infraestructura_score": 0.2443, "categoria_infraestructura": "Alta", "cluster_descripcion": "Cluster 2: Vulnerabilidad Alta / Infraestructura Escasa", "tooltip_html": "<b>MAULLER</b><hr>Pob: 5734.0<br>Cluster: Cluster 2: Vulnerabilidad Alta / Infraestructura Escasa<br>Infr: Alta" }, "geometry": { "type": "Point", "coordinates": [ -64.1388534120657, -31.414774668451699 ] } },
{ "type": "Feature", "properties": { "barrio": "MAURIZI", "poblacion": 756.0, "infraestructura_score": 0.1651, "categoria_infraestructura": "Media", "cluster_descripcion": "Cluster 2: Vulnerabilidad Alta / Infraestructura Escasa", "tooltip_html": "<b>MAURIZI</b><hr>Pob: 756.0<br>Cluster: Cluster 2: Vulnerabilidad Alta / Infraestructura Escasa<br>Infr: Media" }, "geometry": { "type": "Point", "coordinates": [ -64.208159781047399, -31.427417470563899 ] } },
{ "type": "Feature", "properties": { "barrio": "MERCANTIL", "poblacion": 723.0, "infraestructura_score": 0.5383, "categoria_infraestructura": "Muy Alta", "cluster_descripcion": "Cluster 1: Urbano Consolidado (Alta Infraestructura)", "tooltip_html": "<b>MERCANTIL</b><hr>Pob: 723.0<br>Cluster: Cluster 1: Urbano Consolidado (Alta Infraestructura)<br>Infr: Muy Alta" }, "geometry": { "type": "Point", "coordinates": [ -64.258703891217095, -31.3183526871751 ] } },
{ "type": "Feature", "properties": { "barrio": "MILITAR GENERAL DEHEZA", "poblacion": 825.0, "infraestructura_score": 0.2353, "categoria_infraestructura": "Alta", "cluster_descripcion": "Cluster 2: Vulnerabilidad Alta / Infraestructura Escasa", "tooltip_html": "<b>MILITAR GENERAL DEHEZA</b><hr>Pob: 825.0<br>Cluster: Cluster 2: Vulnerabilidad Alta / Infraestructura Escasa<br>Infr: Alta" }, "geometry": { "type": "Point", "coordinates": [ -64.271838120499098, -31.396103834301901 ] } },
{ "type": "Feature", "properties": { "barrio": "MIRADOR", "poblacion": 3164.0, "infraestructura_score": 0.0761, "categoria_infraestructura": "Muy Baja", "cluster_descripcion": "Cluster 2: Vulnerabilidad Alta / Infraestructura Escasa", "tooltip_html": "<b>MIRADOR</b><hr>Pob: 3164.0<br>Cluster: Cluster 2: Vulnerabilidad Alta / Infraestructura Escasa<br>Infr: Muy Baja" }, "geometry": { "type": "Point", "coordinates": [ -64.138580494946794, -31.428913305405501 ] } },
{ "type": "Feature", "properties": { "barrio": "MIRADOR DEL CHATEAU", "poblacion": 754.0, "infraestructura_score": 0.2456, "categoria_infraestructura": "Alta", "cluster_descripcion": "Cluster 2: Vulnerabilidad Alta / Infraestructura Escasa", "tooltip_html": "<b>MIRADOR DEL CHATEAU</b><hr>Pob: 754.0<br>Cluster: Cluster 2: Vulnerabilidad Alta / Infraestructura Escasa<br>Infr: Alta" }, "geometry": { "type": "Point", "coordinates": [ -64.262489670154707, -31.385114152134548 ] } },
{ "type": "Feature", "properties": { "barrio": "MIRALTA", "poblacion": 3528.0, "infraestructura_score": 0.1469, "categoria_infraestructura": "Baja", "cluster_descripcion": "Cluster 2: Vulnerabilidad Alta / Infraestructura Escasa", "tooltip_html": "<b>MIRALTA</b><hr>Pob: 3528.0<br>Cluster: Cluster 2: Vulnerabilidad Alta / Infraestructura Escasa<br>Infr: Baja" }, "geometry": { "type": "Point", "coordinates": [ -64.112222744239702, -31.424436450164698 ] } },
{ "type": "Feature", "properties": { "barrio": "MIRIZZI", "poblacion": 693.0, "infraestructura_score": 0.7449, "categoria_infraestructura": "Muy Alta", "cluster_descripcion": "Cluster 1: Urbano Consolidado (Alta Infraestructura)", "tooltip_html": "<b>MIRIZZI</b><hr>Pob: 693.0<br>Cluster: Cluster 1: Urbano Consolidado (Alta Infraestructura)<br>Infr: Muy Alta" }, "geometry": { "type": "Point", "coordinates": [ -64.205844332568404, -31.473677699954699 ] } },
{ "type": "Feature", "properties": { "barrio": "MUTUAL DE LOS DOCENTES", "poblacion": 729.0, "infraestructura_score": 0.0763, "categoria_infraestructura": "Muy Baja", "cluster_descripcion": "Cluster 2: Vulnerabilidad Alta / Infraestructura Escasa", "tooltip_html": "<b>MUTUAL DE LOS DOCENTES</b><hr>Pob: 729.0<br>Cluster: Cluster 2: Vulnerabilidad Alta / Infraestructura Escasa<br>Infr: Muy Baja" }, "geometry": { "type": "Point", "coordinates": [ -64.224130061235698, -31.456900459757499 ] } },
{ "type": "Feature", "properties": { "barrio": "NICOLAS AVELLANEDA", "poblacion": 1782.0, "infraestructura_score": 0.5667, "categoria_infraestructura": "Muy Alta", "cluster_descripcion": "Cluster 1: Urbano Consolidado (Alta Infraestructura)", "tooltip_html": "<b>NICOLAS AVELLANEDA</b><hr>Pob: 1782.0<br>Cluster: Cluster 1: Urbano Consolidado (Alta Infraestructura)<br>Infr: Muy Alta" }, "geometry": { "type": "Point", "coordinates": [ -64.103709947958194, -31.462315474899601 ] } },
{ "type": "Feature", "properties": { "barrio": "NUESTRO HOGAR I", "poblacion": 595.0, "infraestructura_score": 0.6667, "categoria_infraestructura": "Muy Alta", "cluster_descripcion": "Cluster 1: Urbano Consolidado (Alta Infraestructura)", "tooltip_html": "<b>NUESTRO HOGAR I</b><hr>Pob: 595.0<br>Cluster: Cluster 1: Urbano Consolidado (Alta Infraestructura)<br>Infr: Muy Alta" }, "geometry": { "type": "Point", "coordinates": [ -64.148980939281103, -31.4713698368511 ] } },
{ "type": "Feature", "properties": { "barrio": "NUESTRO HOGAR II", "poblacion": 861.0, "infraestructura_score": 0.5162, "categoria_infraestructura": "Muy Alta", "cluster_descripcion": "Cluster 1: Urbano Consolidado (Alta Infraestructura)", "tooltip_html": "<b>NUESTRO HOGAR II</b><hr>Pob: 861.0<br>Cluster: Cluster 1: Urbano Consolidado (Alta Infraestructura)<br>Infr: Muy Alta" }, "geometry": { "type": "Point", "coordinates": [ -64.098225340701305, -31.387682870043999 ] } },
{ "type": "Feature", "properties": { "barrio": "NUESTRO HOGAR III", "poblacion": 11140.0, "infraestructura_score": 0.0663, "categoria_infraestructura": "Muy Baja", "cluster_descripcion": "Cluster 2: Vulnerabilidad Alta / Infraestructura Escasa", "tooltip_html": "<b>NUESTRO HOGAR III</b><hr>Pob: 11140.0<br>Cluster: Cluster 2: Vulnerabilidad Alta / Infraestructura Escasa<br>Infr: Muy Baja" }, "geometry": { "type": "Point", "coordinates": [ -64.199822373738144, -31.500914714046051 ] } },
{ "type": "Feature", "properties": { "barrio": "NUEVA CORDOBA", "poblacion": 37055.0, "infraestructura_score": 0.0808, "categoria_infraestructura": "Muy Baja", "cluster_descripcion": "Cluster 2: Vulnerabilidad Alta / Infraestructura Escasa", "tooltip_html": "<b>NUEVA CORDOBA</b><hr>Pob: 37055.0<br>Cluster: Cluster 2: Vulnerabilidad Alta / Infraestructura Escasa<br>Infr: Muy Baja" }, "geometry": { "type": "Point", "coordinates": [ -64.186098312365004, -31.426755004301999 ] } },
{ "type": "Feature", "properties": { "barrio": "NUEVA CORDOBA ANEXA", "poblacion": 1582.0, "infraestructura_score": 0.3047, "categoria_infraestructura": "Alta", "cluster_descripcion": "Cluster 2: Vulnerabilidad Alta / Infraestructura Escasa", "tooltip_html": "<b>NUEVA CORDOBA ANEXA</b><hr>Pob: 1582.0<br>Cluster: Cluster 2: Vulnerabilidad Alta / Infraestructura Escasa<br>Infr: Alta" }, "geometry": { "type": "Point", "coordinates": [ -64.164017889066002, -31.436348182683702 ] } },
{ "type": "Feature", "properties": { "barrio": "NUEVA ITALIA", "poblacion": 3347.0, "infraestructura_score": 0.1109, "categoria_infraestructura": "Baja", "cluster_descripcion": "Cluster 2: Vulnerabilidad Alta / Infraestructura Escasa", "tooltip_html": "<b>NUEVA ITALIA</b><hr>Pob: 3347.0<br>Cluster: Cluster 2: Vulnerabilidad Alta / Infraestructura Escasa<br>Infr: Baja" }, "geometry": { "type": "Point", "coordinates": [ -64.145272221827796, -31.385955030077699 ] } },
{ "type": "Feature", "properties": { "barrio": "NUEVO URCA", "poblacion": 500.0, "infraestructura_score": 0.1481, "categoria_infraestructura": "Media", "cluster_descripcion": "Cluster 2: Vulnerabilidad Alta / Infraestructura Escasa", "tooltip_html": "<b>NUEVO URCA</b><hr>Pob: 500.0<br>Cluster: Cluster 2: Vulnerabilidad Alta / Infraestructura Escasa<br>Infr: Media" }, "geometry": { "type": "Point", "coordinates": [ -64.267490568659895, -31.382847547197901 ] } },
{ "type": "Feature", "properties": { "barrio": "OBRERO", "poblacion": 2481.0, "infraestructura_score": 0.2912, "categoria_infraestructura": "Alta", "cluster_descripcion": "Cluster 2: Vulnerabilidad Alta / Infraestructura Escasa", "tooltip_html": "<b>OBRERO</b><hr>Pob: 2481.0<br>Cluster: Cluster 2: Vulnerabilidad Alta / Infraestructura Escasa<br>Infr: Alta" }, "geometry": { "type": "Point", "coordinates": [ -64.212220088355707, -31.413433506470898 ] } },
{ "type": "Feature", "properties": { "barrio": "OBSERVATORIO", "poblacion": 6616.0, "infraestructura_score": 0.1015, "categoria_infraestructura": "Baja", "cluster_descripcion": "Cluster 2: Vulnerabilidad Alta / Infraestructura Escasa", "tooltip_html": "<b>OBSERVATORIO</b><hr>Pob: 6616.0<br>Cluster: Cluster 2: Vulnerabilidad Alta / Infraestructura Escasa<br>Infr: Baja" }, "geometry": { "type": "Point", "coordinates": [ -64.202882347086401, -31.423136195629301 ] } },
{ "type": "Feature", "properties": { "barrio": "OMBU", "poblacion": 1681.0, "infraestructura_score": 0.1322, "categoria_infraestructura": "Baja", "cluster_descripcion": "Cluster 2: Vulnerabilidad Alta / Infraestructura Escasa", "tooltip_html": "<b>OMBU</b><hr>Pob: 1681.0<br>Cluster: Cluster 2: Vulnerabilidad Alta / Infraestructura Escasa<br>Infr: Baja" }, "geometry": { "type": "Point", "coordinates": [ -64.217536936629998, -31.389320277386201 ] } },
{ "type": "Feature", "properties": { "barrio": "ONA", "poblacion": 1333.0, "infraestructura_score": 0.4306, "categoria_infraestructura": "Muy Alta", "cluster_descripcion": "Cluster 1: Urbano Consolidado (Alta Infraestructura)", "tooltip_html": "<b>ONA</b><hr>Pob: 1333.0<br>Cluster: Cluster 1: Urbano Consolidado (Alta Infraestructura)<br>Infr: Muy Alta" }, "geometry": { "type": "Point", "coordinates": [ -64.165399184834897, -31.4492916492839 ] } },
{ "type": "Feature", "properties": { "barrio": "OSN", "poblacion": 1993.0, "infraestructura_score": 0.1022, "categoria_infraestructura": "Baja", "cluster_descripcion": "Cluster 2: Vulnerabilidad Alta / Infraestructura Escasa", "tooltip_html": "<b>OSN</b><hr>Pob: 1993.0<br>Cluster: Cluster 2: Vulnerabilidad Alta / Infraestructura Escasa<br>Infr: Baja" }, "geometry": { "type": "Point", "coordinates": [ -64.158241257610001, -31.459904377305101 ] } },
{ "type": "Feature", "properties": { "barrio": "PADRE CLARET", "poblacion": 871.0, "infraestructura_score": 0.5459, "categoria_infraestructura": "Muy Alta", "cluster_descripcion": "Cluster 1: Urbano Consolidado (Alta Infraestructura)", "tooltip_html": "<b>PADRE CLARET</b><hr>Pob: 871.0<br>Cluster: Cluster 1: Urbano Consolidado (Alta Infraestructura)<br>Infr: Muy Alta" }, "geometry": { "type": "Point", "coordinates": [ -64.237238422405994, -31.3544915100643 ] } },
{ "type": "Feature", "properties": { "barrio": "PALERMO BAJO", "poblacion": 1909.0, "infraestructura_score": 0.2037, "categoria_infraestructura": "Media", "cluster_descripcion": "Cluster 2: Vulnerabilidad Alta / Infraestructura Escasa", "tooltip_html": "<b>PALERMO BAJO</b><hr>Pob: 1909.0<br>Cluster: Cluster 2: Vulnerabilidad Alta / Infraestructura Escasa<br>Infr: Media" }, "geometry": { "type": "Point", "coordinates": [ -64.224618552733702, -31.3869413360447 ] } },
{ "type": "Feature", "properties": { "barrio": "PALMAR", "poblacion": 1025.0, "infraestructura_score": 0.1896, "categoria_infraestructura": "Media", "cluster_descripcion": "Cluster 2: Vulnerabilidad Alta / Infraestructura Escasa", "tooltip_html": "<b>PALMAR</b><hr>Pob: 1025.0<br>Cluster: Cluster 2: Vulnerabilidad Alta / Infraestructura Escasa<br>Infr: Media" }, "geometry": { "type": "Point", "coordinates": [ -64.124670196820702, -31.389975772145299 ] } },
{ "type": "Feature", "properties": { "barrio": "PALMAS DEL CLARET", "poblacion": 623.0, "infraestructura_score": 0.0298, "categoria_infraestructura": "Muy Baja", "cluster_descripcion": "Cluster 2: Vulnerabilidad Alta / Infraestructura Escasa", "tooltip_html": "<b>PALMAS DEL CLARET</b><hr>Pob: 623.0<br>Cluster: Cluster 2: Vulnerabilidad Alta / Infraestructura Escasa<br>Infr: Muy Baja" }, "geometry": { "type": "Point", "coordinates": [ -64.230894562263302, -31.3514066893432 ] } },
{ "type": "Feature", "properties": { "barrio": "PANAMERICANO", "poblacion": 3346.0, "infraestructura_score": 0.1553, "categoria_infraestructura": "Media", "cluster_descripcion": "Cluster 2: Vulnerabilidad Alta / Infraestructura Escasa", "tooltip_html": "<b>PANAMERICANO</b><hr>Pob: 3346.0<br>Cluster: Cluster 2: Vulnerabilidad Alta / Infraestructura Escasa<br>Infr: Media" }, "geometry": { "type": "Point", "coordinates": [ -64.179953156214196, -31.372803701513799 ] } },
{ "type": "Feature", "properties": { "barrio": "PARQUE ALAMEDA", "poblacion": 656.0, "infraestructura_score": 0.0, "categoria_infraestructura": "Muy Baja", "cluster_descripcion": "Cluster 2: Vulnerabilidad Alta / Infraestructura Escasa", "tooltip_html": "<b>PARQUE ALAMEDA</b><hr>Pob: 656.0<br>Cluster: Cluster 2: Vulnerabilidad Alta / Infraestructura Escasa<br>Infr: Muy Baja" }, "geometry": { "type": "Point", "coordinates": [ -64.184246771633198, -31.466730466922201 ] } },
{ "type": "Feature", "properties": { "barrio": "PARQUE ATLANTICA", "poblacion": 2249.0, "infraestructura_score": 0.1129, "categoria_infraestructura": "Baja", "cluster_descripcion": "Cluster 2: Vulnerabilidad Alta / Infraestructura Escasa", "tooltip_html": "<b>PARQUE ATLANTICA</b><hr>Pob: 2249.0<br>Cluster: Cluster 2: Vulnerabilidad Alta / Infraestructura Escasa<br>Infr: Baja" }, "geometry": { "type": "Point", "coordinates": [ -64.210043924567898, -31.4538400218945 ] } },
{ "type": "Feature", "properties": { "barrio": "PARQUE CAPITAL", "poblacion": 3972.0, "infraestructura_score": 0.1087, "categoria_infraestructura": "Baja", "cluster_descripcion": "Cluster 2: Vulnerabilidad Alta / Infraestructura Escasa", "tooltip_html": "<b>PARQUE CAPITAL</b><hr>Pob: 3972.0<br>Cluster: Cluster 2: Vulnerabilidad Alta / Infraestructura Escasa<br>Infr: Baja" }, "geometry": { "type": "Point", "coordinates": [ -64.215934182276399, -31.435161451182299 ] } },
{ "type": "Feature", "properties": { "barrio": "PARQUE CAPITAL SUD", "poblacion": 1443.0, "infraestructura_score": 0.1669, "categoria_infraestructura": "Media", "cluster_descripcion": "Cluster 2: Vulnerabilidad Alta / Infraestructura Escasa", "tooltip_html": "<b>PARQUE CAPITAL SUD</b><hr>Pob: 1443.0<br>Cluster: Cluster 2: Vulnerabilidad Alta / Infraestructura Escasa<br>Infr: Media" }, "geometry": { "type": "Point", "coordinates": [ -64.217149079153302, -31.442678207254499 ] } },
{ "type": "Feature", "properties": { "barrio": "PARQUE CHACABUCO", "poblacion": 1164.0, "infraestructura_score": 0.0637, "categoria_infraestructura": "Muy Baja", "cluster_descripcion": "Cluster 2: Vulnerabilidad Alta / Infraestructura Escasa", "tooltip_html": "<b>PARQUE CHACABUCO</b><hr>Pob: 1164.0<br>Cluster: Cluster 2: Vulnerabilidad Alta / Infraestructura Escasa<br>Infr: Muy Baja" }, "geometry": { "type": "Point", "coordinates": [ -64.2116422926307, -31.382522710673999 ] } },
{ "type": "Feature", "properties": { "barrio": "PARQUE CHATEAU CARRERAS", "poblacion": 500.0, "infraestructura_score": 0.0, "categoria_infraestructura": "Muy Baja", "cluster_descripcion": "Cluster 2: Vulnerabilidad Alta / Infraestructura Escasa", "tooltip_html": "<b>PARQUE CHATEAU CARRERAS</b><hr>Pob: 500.0<br>Cluster: Cluster 2: Vulnerabilidad Alta / Infraestructura Escasa<br>Infr: Muy Baja" }, "geometry": { "type": "Point", "coordinates": [ -64.264744414762504, -31.362619796751702 ] } },
{ "type": "Feature", "properties": { "barrio": "PARQUE COREMA", "poblacion": 584.0, "infraestructura_score": 0.1187, "categoria_infraestructura": "Baja", "cluster_descripcion": "Cluster 2: Vulnerabilidad Alta / Infraestructura Escasa", "tooltip_html": "<b>PARQUE COREMA</b><hr>Pob: 584.0<br>Cluster: Cluster 2: Vulnerabilidad Alta / Infraestructura Escasa<br>Infr: Baja" }, "geometry": { "type": "Point", "coordinates": [ -64.228319679796996, -31.367945597451001 ] } },
{ "type": "Feature", "properties": { "barrio": "PARQUE DE LA VEGA II", "poblacion": 596.0, "infraestructura_score": 0.4444, "categoria_infraestructura": "Muy Alta", "cluster_descripcion": "Cluster 1: Urbano Consolidado (Alta Infraestructura)", "tooltip_html": "<b>PARQUE DE LA VEGA II</b><hr>Pob: 596.0<br>Cluster: Cluster 1: Urbano Consolidado (Alta Infraestructura)<br>Infr: Muy Alta" }, "geometry": { "type": "Point", "coordinates": [ -64.261252051731304, -31.4086410569058 ] } },
{ "type": "Feature", "properties": { "barrio": "PARQUE DE LA VEGA III", "poblacion": 596.0, "infraestructura_score": 0.2174, "categoria_infraestructura": "Media", "cluster_descripcion": "Cluster 2: Vulnerabilidad Alta / Infraestructura Escasa", "tooltip_html": "<b>PARQUE DE LA VEGA III</b><hr>Pob: 596.0<br>Cluster: Cluster 2: Vulnerabilidad Alta / Infraestructura Escasa<br>Infr: Media" }, "geometry": { "type": "Point", "coordinates": [ -64.2671597598804, -31.403547906987601 ] } },
{ "type": "Feature", "properties": { "barrio": "PARQUE DE LA VIDA", "poblacion": 500.0, "infraestructura_score": 0.037, "categoria_infraestructura": "Muy Baja", "cluster_descripcion": "Cluster 2: Vulnerabilidad Alta / Infraestructura Escasa", "tooltip_html": "<b>PARQUE DE LA VIDA</b><hr>Pob: 500.0<br>Cluster: Cluster 2: Vulnerabilidad Alta / Infraestructura Escasa<br>Infr: Muy Baja" }, "geometry": { "type": "Point", "coordinates": [ -64.226100094867704, -31.4442273592752 ] } },
{ "type": "Feature", "properties": { "barrio": "PARQUE DEL ESTE", "poblacion": 679.0, "infraestructura_score": 0.4501, "categoria_infraestructura": "Muy Alta", "cluster_descripcion": "Cluster 1: Urbano Consolidado (Alta Infraestructura)", "tooltip_html": "<b>PARQUE DEL ESTE</b><hr>Pob: 679.0<br>Cluster: Cluster 1: Urbano Consolidado (Alta Infraestructura)<br>Infr: Muy Alta" }, "geometry": { "type": "Point", "coordinates": [ -64.145508991196394, -31.4051586405003 ] } },
{ "type": "Feature", "properties": { "barrio": "PARQUE DON BOSCO", "poblacion": 4691.0, "infraestructura_score": 0.1568, "categoria_infraestructura": "Media", "cluster_descripcion": "Cluster 2: Vulnerabilidad Alta / Infraestructura Escasa", "tooltip_html": "<b>PARQUE DON BOSCO</b><hr>Pob: 4691.0<br>Cluster: Cluster 2: Vulnerabilidad Alta / Infraestructura Escasa<br>Infr: Media" }, "geometry": { "type": "Point", "coordinates": [ -64.272025814382005, -31.3884319827078 ] } },
{ "type": "Feature", "properties": { "barrio": "PARQUE FUTURA", "poblacion": 2851.0, "infraestructura_score": 0.167, "categoria_infraestructura": "Media", "cluster_descripcion": "Cluster 2: Vulnerabilidad Alta / Infraestructura Escasa", "tooltip_html": "<b>PARQUE FUTURA</b><hr>Pob: 2851.0<br>Cluster: Cluster 2: Vulnerabilidad Alta / Infraestructura Escasa<br>Infr: Media" }, "geometry": { "type": "Point", "coordinates": [ -64.252989970087697, -31.488906450635 ] } },
{ "type": "Feature", "properties": { "barrio": "PARQUE JORGE NEWBERY", "poblacion": 2909.0, "infraestructura_score": 0.2388, "categoria_infraestructura": "Alta", "cluster_descripcion": "Cluster 2: Vulnerabilidad Alta / Infraestructura Escasa", "tooltip_html": "<b>PARQUE JORGE NEWBERY</b><hr>Pob: 2909.0<br>Cluster: Cluster 2: Vulnerabilidad Alta / Infraestructura Escasa<br>Infr: Alta" }, "geometry": { "type": "Point", "coordinates": [ -64.180513219247999, -31.350399915225999 ] } },
{ "type": "Feature", "properties": { "barrio": "PARQUE LATINO", "poblacion": 1306.0, "infraestructura_score": 0.436, "categoria_infraestructura": "Muy Alta", "cluster_descripcion": "Cluster 1: Urbano Consolidado (Alta Infraestructura)", "tooltip_html": "<b>PARQUE LATINO</b><hr>Pob: 1306.0<br>Cluster: Cluster 1: Urbano Consolidado (Alta Infraestructura)<br>Infr: Muy Alta" }, "geometry": { "type": "Point", "coordinates": [ -64.212454823349404, -31.4596532315616 ] } },
{ "type": "Feature", "properties": { "barrio": "PARQUE LICEO SECCION 1", "poblacion": 3693.0, "infraestructura_score": 0.01, "categoria_infraestructura": "Muy Baja", "cluster_descripcion": "Cluster 2: Vulnerabilidad Alta / Infraestructura Escasa", "tooltip_html": "<b>PARQUE LICEO SECCION 1</b><hr>Pob: 3693.0<br>Cluster: Cluster 2: Vulnerabilidad Alta / Infraestructura Escasa<br>Infr: Muy Baja" }, "geometry": { "type": "Point", "coordinates": [ -64.162530344231499, -31.349706199340201 ] } },
{ "type": "Feature", "properties": { "barrio": "PARQUE LICEO SECCION 2", "poblacion": 7826.0, "infraestructura_score": 0.0939, "categoria_infraestructura": "Baja", "cluster_descripcion": "Cluster 2: Vulnerabilidad Alta / Infraestructura Escasa", "tooltip_html": "<b>PARQUE LICEO SECCION 2</b><hr>Pob: 7826.0<br>Cluster: Cluster 2: Vulnerabilidad Alta / Infraestructura Escasa<br>Infr: Baja" }, "geometry": { "type": "Point", "coordinates": [ -64.162011892770906, -31.355627886988199 ] } },
{ "type": "Feature", "properties": { "barrio": "PARQUE LICEO SECCION 3", "poblacion": 5593.0, "infraestructura_score": 0.3035, "categoria_infraestructura": "Alta", "cluster_descripcion": "Cluster 2: Vulnerabilidad Alta / Infraestructura Escasa", "tooltip_html": "<b>PARQUE LICEO SECCION 3</b><hr>Pob: 5593.0<br>Cluster: Cluster 2: Vulnerabilidad Alta / Infraestructura Escasa<br>Infr: Alta" }, "geometry": { "type": "Point", "coordinates": [ -64.151343264266202, -31.355218226534099 ] } },
{ "type": "Feature", "properties": { "barrio": "PARQUE LOS MOLINOS", "poblacion": 864.0, "infraestructura_score": 0.3215, "categoria_infraestructura": "Alta", "cluster_descripcion": "Cluster 1: Urbano Consolidado (Alta Infraestructura)", "tooltip_html": "<b>PARQUE LOS MOLINOS</b><hr>Pob: 864.0<br>Cluster: Cluster 1: Urbano Consolidado (Alta Infraestructura)<br>Infr: Alta" }, "geometry": { "type": "Point", "coordinates": [ -64.200896789754694, -31.456102512108799 ] } },
{ "type": "Feature", "properties": { "barrio": "PARQUE MODELO", "poblacion": 500.0, "infraestructura_score": 0.2593, "categoria_infraestructura": "Alta", "cluster_descripcion": "Cluster 1: Urbano Consolidado (Alta Infraestructura)", "tooltip_html": "<b>PARQUE MODELO</b><hr>Pob: 500.0<br>Cluster: Cluster 1: Urbano Consolidado (Alta Infraestructura)<br>Infr: Alta" }, "geometry": { "type": "Point", "coordinates": [ -64.251024139409907, -31.364714273949801 ] } },
{ "type": "Feature", "properties": { "barrio": "PARQUE MONTECRISTO", "poblacion": 1554.0, "infraestructura_score": 0.2173, "categoria_infraestructura": "Media", "cluster_descripcion": "Cluster 2: Vulnerabilidad Alta / Infraestructura Escasa", "tooltip_html": "<b>PARQUE MONTECRISTO</b><hr>Pob: 1554.0<br>Cluster: Cluster 2: Vulnerabilidad Alta / Infraestructura Escasa<br>Infr: Media" }, "geometry": { "type": "Point", "coordinates": [ -64.139965992748103, -31.388625609382299 ] } },
{ "type": "Feature", "properties": { "barrio": "PARQUE REPUBLICA", "poblacion": 7412.0, "infraestructura_score": 0.2439, "categoria_infraestructura": "Alta", "cluster_descripcion": "Cluster 2: Vulnerabilidad Alta / Infraestructura Escasa", "tooltip_html": "<b>PARQUE REPUBLICA</b><hr>Pob: 7412.0<br>Cluster: Cluster 2: Vulnerabilidad Alta / Infraestructura Escasa<br>Infr: Alta" }, "geometry": { "type": "Point", "coordinates": [ -64.258582064064996, -31.416129481320802 ] } },
{ "type": "Feature", "properties": { "barrio": "PARQUE SAN CARLOS", "poblacion": 749.0, "infraestructura_score": 0.2908, "categoria_infraestructura": "Alta", "cluster_descripcion": "Cluster 1: Urbano Consolidado (Alta Infraestructura)", "tooltip_html": "<b>PARQUE SAN CARLOS</b><hr>Pob: 749.0<br>Cluster: Cluster 1: Urbano Consolidado (Alta Infraestructura)<br>Infr: Alta" }, "geometry": { "type": "Point", "coordinates": [ -64.1599280417188, -31.449427472358401 ] } },
{ "type": "Feature", "properties": { "barrio": "PARQUE SAN VICENTE", "poblacion": 1327.0, "infraestructura_score": 0.2652, "categoria_infraestructura": "Alta", "cluster_descripcion": "Cluster 2: Vulnerabilidad Alta / Infraestructura Escasa", "tooltip_html": "<b>PARQUE SAN VICENTE</b><hr>Pob: 1327.0<br>Cluster: Cluster 2: Vulnerabilidad Alta / Infraestructura Escasa<br>Infr: Alta" }, "geometry": { "type": "Point", "coordinates": [ -64.137349148795394, -31.424995969264199 ] } },
{ "type": "Feature", "properties": { "barrio": "PARQUE SARMIENTO", "poblacion": 500.0, "infraestructura_score": 0.5926, "categoria_infraestructura": "Muy Alta", "cluster_descripcion": "Cluster 1: Urbano Consolidado (Alta Infraestructura)", "tooltip_html": "<b>PARQUE SARMIENTO</b><hr>Pob: 500.0<br>Cluster: Cluster 1: Urbano Consolidado (Alta Infraestructura)<br>Infr: Muy Alta" }, "geometry": { "type": "Point", "coordinates": [ -64.178907850644094, -31.432880129359098 ] } },
{ "type": "Feature", "properties": { "barrio": "PARQUE TABLADA", "poblacion": 981.0, "infraestructura_score": 0.302, "categoria_infraestructura": "Alta", "cluster_descripcion": "Cluster 1: Urbano Consolidado (Alta Infraestructura)", "tooltip_html": "<b>PARQUE TABLADA</b><hr>Pob: 981.0<br>Cluster: Cluster 1: Urbano Consolidado (Alta Infraestructura)<br>Infr: Alta" }, "geometry": { "type": "Point", "coordinates": [ -64.231240817875801, -31.387178177056299 ] } },
{ "type": "Feature", "properties": { "barrio": "PARQUE VELEZ SARSFIELD", "poblacion": 3045.0, "infraestructura_score": 0.102, "categoria_infraestructura": "Baja", "cluster_descripcion": "Cluster 2: Vulnerabilidad Alta / Infraestructura Escasa", "tooltip_html": "<b>PARQUE VELEZ SARSFIELD</b><hr>Pob: 3045.0<br>Cluster: Cluster 2: Vulnerabilidad Alta / Infraestructura Escasa<br>Infr: Baja" }, "geometry": { "type": "Point", "coordinates": [ -64.204002556582296, -31.441159548532301 ] } },
{ "type": "Feature", "properties": { "barrio": "PASO DE LOS ANDES", "poblacion": 2529.0, "infraestructura_score": 0.3634, "categoria_infraestructura": "Muy Alta", "cluster_descripcion": "Cluster 2: Vulnerabilidad Alta / Infraestructura Escasa", "tooltip_html": "<b>PASO DE LOS ANDES</b><hr>Pob: 2529.0<br>Cluster: Cluster 2: Vulnerabilidad Alta / Infraestructura Escasa<br>Infr: Muy Alta" }, "geometry": { "type": "Point", "coordinates": [ -64.203280297451002, -31.415953870289801 ] } },
{ "type": "Feature", "properties": { "barrio": "PATRIA", "poblacion": 1790.0, "infraestructura_score": 0.2742, "categoria_infraestructura": "Alta", "cluster_descripcion": "Cluster 2: Vulnerabilidad Alta / Infraestructura Escasa", "tooltip_html": "<b>PATRIA</b><hr>Pob: 1790.0<br>Cluster: Cluster 2: Vulnerabilidad Alta / Infraestructura Escasa<br>Infr: Alta" }, "geometry": { "type": "Point", "coordinates": [ -64.160185804521902, -31.409026465430699 ] } },
{ "type": "Feature", "properties": { "barrio": "PATRICIOS", "poblacion": 4731.0, "infraestructura_score": 0.2305, "categoria_infraestructura": "Alta", "cluster_descripcion": "Cluster 2: Vulnerabilidad Alta / Infraestructura Escasa", "tooltip_html": "<b>PATRICIOS</b><hr>Pob: 4731.0<br>Cluster: Cluster 2: Vulnerabilidad Alta / Infraestructura Escasa<br>Infr: Alta" }, "geometry": { "type": "Point", "coordinates": [ -64.138041194422499, -31.3756246362009 ] } },
{ "type": "Feature", "properties": { "barrio": "PATRICIOS ESTE", "poblacion": 2550.0, "infraestructura_score": 0.1651, "categoria_infraestructura": "Media", "cluster_descripcion": "Cluster 2: Vulnerabilidad Alta / Infraestructura Escasa", "tooltip_html": "<b>PATRICIOS ESTE</b><hr>Pob: 2550.0<br>Cluster: Cluster 2: Vulnerabilidad Alta / Infraestructura Escasa<br>Infr: Media" }, "geometry": { "type": "Point", "coordinates": [ -64.134933983075499, -31.366499929653902 ] } },
{ "type": "Feature", "properties": { "barrio": "PATRICIOS NORTE", "poblacion": 1790.0, "infraestructura_score": 0.1448, "categoria_infraestructura": "Baja", "cluster_descripcion": "Cluster 2: Vulnerabilidad Alta / Infraestructura Escasa", "tooltip_html": "<b>PATRICIOS NORTE</b><hr>Pob: 1790.0<br>Cluster: Cluster 2: Vulnerabilidad Alta / Infraestructura Escasa<br>Infr: Baja" }, "geometry": { "type": "Point", "coordinates": [ -64.139790254481895, -31.3665348992504 ] } },
{ "type": "Feature", "properties": { "barrio": "PATRICIOS OESTE", "poblacion": 5211.0, "infraestructura_score": 0.0971, "categoria_infraestructura": "Baja", "cluster_descripcion": "Cluster 2: Vulnerabilidad Alta / Infraestructura Escasa", "tooltip_html": "<b>PATRICIOS OESTE</b><hr>Pob: 5211.0<br>Cluster: Cluster 2: Vulnerabilidad Alta / Infraestructura Escasa<br>Infr: Baja" }, "geometry": { "type": "Point", "coordinates": [ -64.144607787168994, -31.366869744123001 ] } },
{ "type": "Feature", "properties": { "barrio": "PIEDRAS BLANCAS", "poblacion": 500.0, "infraestructura_score": 0.1852, "categoria_infraestructura": "Media", "cluster_descripcion": "Cluster 2: Vulnerabilidad Alta / Infraestructura Escasa", "tooltip_html": "<b>PIEDRAS BLANCAS</b><hr>Pob: 500.0<br>Cluster: Cluster 2: Vulnerabilidad Alta / Infraestructura Escasa<br>Infr: Media" }, "geometry": { "type": "Point", "coordinates": [ -64.1625623852958, -31.482836769504701 ] } },
{ "type": "Feature", "properties": { "barrio": "POETA LUGONES", "poblacion": 7839.0, "infraestructura_score": 0.1349, "categoria_infraestructura": "Baja", "cluster_descripcion": "Cluster 2: Vulnerabilidad Alta / Infraestructura Escasa", "tooltip_html": "<b>POETA LUGONES</b><hr>Pob: 7839.0<br>Cluster: Cluster 2: Vulnerabilidad Alta / Infraestructura Escasa<br>Infr: Baja" }, "geometry": { "type": "Point", "coordinates": [ -64.211930715689803, -31.3609843553083 ] } },
{ "type": "Feature", "properties": { "barrio": "POLICARPIO CABRAL", "poblacion": 517.0, "infraestructura_score": 0.3581, "categoria_infraestructura": "Muy Alta", "cluster_descripcion": "Cluster 1: Urbano Consolidado (Alta Infraestructura)", "tooltip_html": "<b>POLICARPIO CABRAL</b><hr>Pob: 517.0<br>Cluster: Cluster 1: Urbano Consolidado (Alta Infraestructura)<br>Infr: Muy Alta" }, "geometry": { "type": "Point", "coordinates": [ -64.137900695588399, -31.4365154316367 ] } },
{ "type": "Feature", "properties": { "barrio": "POLICIAL", "poblacion": 9360.0, "infraestructura_score": 0.0396, "categoria_infraestructura": "Muy Baja", "cluster_descripcion": "Cluster 2: Vulnerabilidad Alta / Infraestructura Escasa", "tooltip_html": "<b>POLICIAL</b><hr>Pob: 9360.0<br>Cluster: Cluster 2: Vulnerabilidad Alta / Infraestructura Escasa<br>Infr: Muy Baja" }, "geometry": { "type": "Point", "coordinates": [ -64.264963098143397, -31.315519812503251 ] } },
{ "type": "Feature", "properties": { "barrio": "PORTAL DE CORDOBA", "poblacion": 2234.0, "infraestructura_score": 0.0248, "categoria_infraestructura": "Muy Baja", "cluster_descripcion": "Cluster 2: Vulnerabilidad Alta / Infraestructura Escasa", "tooltip_html": "<b>PORTAL DE CORDOBA</b><hr>Pob: 2234.0<br>Cluster: Cluster 2: Vulnerabilidad Alta / Infraestructura Escasa<br>Infr: Muy Baja" }, "geometry": { "type": "Point", "coordinates": [ -64.109445494429295, -31.4442984208467 ] } },
{ "type": "Feature", "properties": { "barrio": "PORTAL DEL JACARANDA", "poblacion": 500.0, "infraestructura_score": 0.4721, "categoria_infraestructura": "Muy Alta", "cluster_descripcion": "Cluster 1: Urbano Consolidado (Alta Infraestructura)", "tooltip_html": "<b>PORTAL DEL JACARANDA</b><hr>Pob: 500.0<br>Cluster: Cluster 1: Urbano Consolidado (Alta Infraestructura)<br>Infr: Muy Alta" }, "geometry": { "type": "Point", "coordinates": [ -64.288991381410696, -31.3439690435074 ] } },
{ "type": "Feature", "properties": { "barrio": "POSTA DE VARGAS", "poblacion": 719.0, "infraestructura_score": 0.3923, "categoria_infraestructura": "Muy Alta", "cluster_descripcion": "Cluster 1: Urbano Consolidado (Alta Infraestructura)", "tooltip_html": "<b>POSTA DE VARGAS</b><hr>Pob: 719.0<br>Cluster: Cluster 1: Urbano Consolidado (Alta Infraestructura)<br>Infr: Muy Alta" }, "geometry": { "type": "Point", "coordinates": [ -64.194160517463104, -31.479894648273401 ] } },
{ "type": "Feature", "properties": { "barrio": "PRIMERA JUNTA", "poblacion": 783.0, "infraestructura_score": 0.2365, "categoria_infraestructura": "Alta", "cluster_descripcion": "Cluster 2: Vulnerabilidad Alta / Infraestructura Escasa", "tooltip_html": "<b>PRIMERA JUNTA</b><hr>Pob: 783.0<br>Cluster: Cluster 2: Vulnerabilidad Alta / Infraestructura Escasa<br>Infr: Alta" }, "geometry": { "type": "Point", "coordinates": [ -64.227764470851398, -31.426221702012299 ] } },
{ "type": "Feature", "properties": { "barrio": "PROVIDENCIA", "poblacion": 4998.0, "infraestructura_score": 0.1111, "categoria_infraestructura": "Baja", "cluster_descripcion": "Cluster 2: Vulnerabilidad Alta / Infraestructura Escasa", "tooltip_html": "<b>PROVIDENCIA</b><hr>Pob: 4998.0<br>Cluster: Cluster 2: Vulnerabilidad Alta / Infraestructura Escasa<br>Infr: Baja" }, "geometry": { "type": "Point", "coordinates": [ -64.200771842818597, -31.400788548213299 ] } },
{ "type": "Feature", "properties": { "barrio": "PUENTE BLANCO", "poblacion": 1157.0, "infraestructura_score": 0.08, "categoria_infraestructura": "Muy Baja", "cluster_descripcion": "Cluster 2: Vulnerabilidad Alta / Infraestructura Escasa", "tooltip_html": "<b>PUENTE BLANCO</b><hr>Pob: 1157.0<br>Cluster: Cluster 2: Vulnerabilidad Alta / Infraestructura Escasa<br>Infr: Muy Baja" }, "geometry": { "type": "Point", "coordinates": [ -64.235425989044899, -31.410208843848199 ] } },
{ "type": "Feature", "properties": { "barrio": "QUEBRADA DE LAS ROSAS", "poblacion": 4842.0, "infraestructura_score": 0.1234, "categoria_infraestructura": "Baja", "cluster_descripcion": "Cluster 2: Vulnerabilidad Alta / Infraestructura Escasa", "tooltip_html": "<b>QUEBRADA DE LAS ROSAS</b><hr>Pob: 4842.0<br>Cluster: Cluster 2: Vulnerabilidad Alta / Infraestructura Escasa<br>Infr: Baja" }, "geometry": { "type": "Point", "coordinates": [ -64.255763652992798, -31.391120467937899 ] } },
{ "type": "Feature", "properties": { "barrio": "QUINTA SANTA ANA", "poblacion": 648.0, "infraestructura_score": 0.1143, "categoria_infraestructura": "Baja", "cluster_descripcion": "Cluster 2: Vulnerabilidad Alta / Infraestructura Escasa", "tooltip_html": "<b>QUINTA SANTA ANA</b><hr>Pob: 648.0<br>Cluster: Cluster 2: Vulnerabilidad Alta / Infraestructura Escasa<br>Infr: Baja" }, "geometry": { "type": "Point", "coordinates": [ -64.204155579347599, -31.4116430526547 ] } },
{ "type": "Feature", "properties": { "barrio": "QUINTAS DE ARGUELLO", "poblacion": 649.0, "infraestructura_score": 0.7298, "categoria_infraestructura": "Muy Alta", "cluster_descripcion": "Cluster 1: Urbano Consolidado (Alta Infraestructura)", "tooltip_html": "<b>QUINTAS DE ARGUELLO</b><hr>Pob: 649.0<br>Cluster: Cluster 1: Urbano Consolidado (Alta Infraestructura)<br>Infr: Muy Alta" }, "geometry": { "type": "Point", "coordinates": [ -64.271305642959902, -31.3400189964185 ] } },
{ "type": "Feature", "properties": { "barrio": "QUINTAS DE FLORES", "poblacion": 500.0, "infraestructura_score": 0.3704, "categoria_infraestructura": "Muy Alta", "cluster_descripcion": "Cluster 1: Urbano Consolidado (Alta Infraestructura)", "tooltip_html": "<b>QUINTAS DE FLORES</b><hr>Pob: 500.0<br>Cluster: Cluster 1: Urbano Consolidado (Alta Infraestructura)<br>Infr: Muy Alta" }, "geometry": { "type": "Point", "coordinates": [ -64.163666961067193, -31.489414830170599 ] } },
{ "type": "Feature", "properties": { "barrio": "QUINTAS DE ITALIA", "poblacion": 500.0, "infraestructura_score": 0.0, "categoria_infraestructura": "Muy Baja", "cluster_descripcion": "Cluster 2: Vulnerabilidad Alta / Infraestructura Escasa", "tooltip_html": "<b>QUINTAS DE ITALIA</b><hr>Pob: 500.0<br>Cluster: Cluster 2: Vulnerabilidad Alta / Infraestructura Escasa<br>Infr: Muy Baja" }, "geometry": { "type": "Point", "coordinates": [ -64.177191210218993, -31.497984297096401 ] } },
{ "type": "Feature", "properties": { "barrio": "QUINTAS DE SAN JORGE", "poblacion": 1537.0, "infraestructura_score": 0.3106, "categoria_infraestructura": "Alta", "cluster_descripcion": "Cluster 2: Vulnerabilidad Alta / Infraestructura Escasa", "tooltip_html": "<b>QUINTAS DE SAN JORGE</b><hr>Pob: 1537.0<br>Cluster: Cluster 2: Vulnerabilidad Alta / Infraestructura Escasa<br>Infr: Alta" }, "geometry": { "type": "Point", "coordinates": [ -64.130640825516394, -31.374043152268801 ] } },
{ "type": "Feature", "properties": { "barrio": "RAMON J CARCANO", "poblacion": 2031.0, "infraestructura_score": 0.1573, "categoria_infraestructura": "Media", "cluster_descripcion": "Cluster 2: Vulnerabilidad Alta / Infraestructura Escasa", "tooltip_html": "<b>RAMON J CARCANO</b><hr>Pob: 2031.0<br>Cluster: Cluster 2: Vulnerabilidad Alta / Infraestructura Escasa<br>Infr: Media" }, "geometry": { "type": "Point", "coordinates": [ -64.137670360633194, -31.463692802931 ] } },
{ "type": "Feature", "properties": { "barrio": "RECREO DEL NORTE", "poblacion": 2032.0, "infraestructura_score": 0.0, "categoria_infraestructura": "Muy Baja", "cluster_descripcion": "Cluster 2: Vulnerabilidad Alta / Infraestructura Escasa", "tooltip_html": "<b>RECREO DEL NORTE</b><hr>Pob: 2032.0<br>Cluster: Cluster 2: Vulnerabilidad Alta / Infraestructura Escasa<br>Infr: Muy Baja" }, "geometry": { "type": "Point", "coordinates": [ -64.167325622174005, -31.312353963476699 ] } },
{ "type": "Feature", "properties": { "barrio": "REMEDIOS DE ESCALADA", "poblacion": 4565.0, "infraestructura_score": 0.1062, "categoria_infraestructura": "Baja", "cluster_descripcion": "Cluster 2: Vulnerabilidad Alta / Infraestructura Escasa", "tooltip_html": "<b>REMEDIOS DE ESCALADA</b><hr>Pob: 4565.0<br>Cluster: Cluster 2: Vulnerabilidad Alta / Infraestructura Escasa<br>Infr: Baja" }, "geometry": { "type": "Point", "coordinates": [ -64.186992017723199, -31.342130023804302 ] } },
{ "type": "Feature", "properties": { "barrio": "RENACIMIENTO", "poblacion": 2927.0, "infraestructura_score": 0.1058, "categoria_infraestructura": "Baja", "cluster_descripcion": "Cluster 2: Vulnerabilidad Alta / Infraestructura Escasa", "tooltip_html": "<b>RENACIMIENTO</b><hr>Pob: 2927.0<br>Cluster: Cluster 2: Vulnerabilidad Alta / Infraestructura Escasa<br>Infr: Baja" }, "geometry": { "type": "Point", "coordinates": [ -64.121277022138301, -31.418324140871199 ] } },
{ "type": "Feature", "properties": { "barrio": "RENE FAVALORO", "poblacion": 1012.0, "infraestructura_score": 0.2969, "categoria_infraestructura": "Alta", "cluster_descripcion": "Cluster 1: Urbano Consolidado (Alta Infraestructura)", "tooltip_html": "<b>RENE FAVALORO</b><hr>Pob: 1012.0<br>Cluster: Cluster 1: Urbano Consolidado (Alta Infraestructura)<br>Infr: Alta" }, "geometry": { "type": "Point", "coordinates": [ -64.231910285769303, -31.409199946721799 ] } },
{ "type": "Feature", "properties": { "barrio": "RENE FAVALORO II", "poblacion": 1536.0, "infraestructura_score": 0.0481, "categoria_infraestructura": "Muy Baja", "cluster_descripcion": "Cluster 2: Vulnerabilidad Alta / Infraestructura Escasa", "tooltip_html": "<b>RENE FAVALORO II</b><hr>Pob: 1536.0<br>Cluster: Cluster 2: Vulnerabilidad Alta / Infraestructura Escasa<br>Infr: Muy Baja" }, "geometry": { "type": "Point", "coordinates": [ -64.236142398795707, -31.448824229476902 ] } },
{ "type": "Feature", "properties": { "barrio": "RES CHATEAU CARRERAS CO VI CO", "poblacion": 500.0, "infraestructura_score": 0.1852, "categoria_infraestructura": "Media", "cluster_descripcion": "Cluster 2: Vulnerabilidad Alta / Infraestructura Escasa", "tooltip_html": "<b>RES CHATEAU CARRERAS CO VI CO</b><hr>Pob: 500.0<br>Cluster: Cluster 2: Vulnerabilidad Alta / Infraestructura Escasa<br>Infr: Media" }, "geometry": { "type": "Point", "coordinates": [ -64.262581205756206, -31.391122781028798 ] } },
{ "type": "Feature", "properties": { "barrio": "RESIDENCIAL AMERICA", "poblacion": 6874.0, "infraestructura_score": 0.1987, "categoria_infraestructura": "Media", "cluster_descripcion": "Cluster 2: Vulnerabilidad Alta / Infraestructura Escasa", "tooltip_html": "<b>RESIDENCIAL AMERICA</b><hr>Pob: 6874.0<br>Cluster: Cluster 2: Vulnerabilidad Alta / Infraestructura Escasa<br>Infr: Media" }, "geometry": { "type": "Point", "coordinates": [ -64.161888299370403, -31.3823716514569 ] } },
{ "type": "Feature", "properties": { "barrio": "RESIDENCIAL ARAGON", "poblacion": 1719.0, "infraestructura_score": 0.0539, "categoria_infraestructura": "Muy Baja", "cluster_descripcion": "Cluster 2: Vulnerabilidad Alta / Infraestructura Escasa", "tooltip_html": "<b>RESIDENCIAL ARAGON</b><hr>Pob: 1719.0<br>Cluster: Cluster 2: Vulnerabilidad Alta / Infraestructura Escasa<br>Infr: Muy Baja" }, "geometry": { "type": "Point", "coordinates": [ -64.130776697851502, -31.371526199782299 ] } },
{ "type": "Feature", "properties": { "barrio": "RESIDENCIAL OLIVOS", "poblacion": 971.0, "infraestructura_score": 0.1287, "categoria_infraestructura": "Baja", "cluster_descripcion": "Cluster 2: Vulnerabilidad Alta / Infraestructura Escasa", "tooltip_html": "<b>RESIDENCIAL OLIVOS</b><hr>Pob: 971.0<br>Cluster: Cluster 2: Vulnerabilidad Alta / Infraestructura Escasa<br>Infr: Baja" }, "geometry": { "type": "Point", "coordinates": [ -64.2106558663057, -31.432758770391601 ] } },
{ "type": "Feature", "properties": { "barrio": "RESIDENCIAL SAN CARLOS", "poblacion": 2868.0, "infraestructura_score": 0.1822, "categoria_infraestructura": "Media", "cluster_descripcion": "Cluster 2: Vulnerabilidad Alta / Infraestructura Escasa", "tooltip_html": "<b>RESIDENCIAL SAN CARLOS</b><hr>Pob: 2868.0<br>Cluster: Cluster 2: Vulnerabilidad Alta / Infraestructura Escasa<br>Infr: Media" }, "geometry": { "type": "Point", "coordinates": [ -64.165739386770895, -31.4440185024215 ] } },
{ "type": "Feature", "properties": { "barrio": "RESIDENCIAL SAN JORGE", "poblacion": 2240.0, "infraestructura_score": 0.0701, "categoria_infraestructura": "Muy Baja", "cluster_descripcion": "Cluster 2: Vulnerabilidad Alta / Infraestructura Escasa", "tooltip_html": "<b>RESIDENCIAL SAN JORGE</b><hr>Pob: 2240.0<br>Cluster: Cluster 2: Vulnerabilidad Alta / Infraestructura Escasa<br>Infr: Muy Baja" }, "geometry": { "type": "Point", "coordinates": [ -64.129823770533193, -31.368856127022799 ] } },
{ "type": "Feature", "properties": { "barrio": "RESIDENCIAL SAN ROQUE", "poblacion": 13559.0, "infraestructura_score": 0.0821, "categoria_infraestructura": "Muy Baja", "cluster_descripcion": "Cluster 2: Vulnerabilidad Alta / Infraestructura Escasa", "tooltip_html": "<b>RESIDENCIAL SAN ROQUE</b><hr>Pob: 13559.0<br>Cluster: Cluster 2: Vulnerabilidad Alta / Infraestructura Escasa<br>Infr: Muy Baja" }, "geometry": { "type": "Point", "coordinates": [ -64.247294783415398, -31.427038231408599 ] } },
{ "type": "Feature", "properties": { "barrio": "RESIDENCIAL SANTA ANA", "poblacion": 1547.0, "infraestructura_score": 0.2035, "categoria_infraestructura": "Media", "cluster_descripcion": "Cluster 2: Vulnerabilidad Alta / Infraestructura Escasa", "tooltip_html": "<b>RESIDENCIAL SANTA ANA</b><hr>Pob: 1547.0<br>Cluster: Cluster 2: Vulnerabilidad Alta / Infraestructura Escasa<br>Infr: Media" }, "geometry": { "type": "Point", "coordinates": [ -64.214955153921693, -31.423846153847499 ] } },
{ "type": "Feature", "properties": { "barrio": "RESIDENCIAL SANTA ROSA", "poblacion": 2741.0, "infraestructura_score": 0.1992, "categoria_infraestructura": "Media", "cluster_descripcion": "Cluster 2: Vulnerabilidad Alta / Infraestructura Escasa", "tooltip_html": "<b>RESIDENCIAL SANTA ROSA</b><hr>Pob: 2741.0<br>Cluster: Cluster 2: Vulnerabilidad Alta / Infraestructura Escasa<br>Infr: Media" }, "geometry": { "type": "Point", "coordinates": [ -64.205335465474803, -31.477688749882098 ] } },
{ "type": "Feature", "properties": { "barrio": "RESIDENCIAL SUD", "poblacion": 947.0, "infraestructura_score": 0.518, "categoria_infraestructura": "Muy Alta", "cluster_descripcion": "Cluster 1: Urbano Consolidado (Alta Infraestructura)", "tooltip_html": "<b>RESIDENCIAL SUD</b><hr>Pob: 947.0<br>Cluster: Cluster 1: Urbano Consolidado (Alta Infraestructura)<br>Infr: Muy Alta" }, "geometry": { "type": "Point", "coordinates": [ -64.225444751209594, -31.466375472889698 ] } },
{ "type": "Feature", "properties": { "barrio": "RESIDENCIAL VELEZ SARSFIELD", "poblacion": 3161.0, "infraestructura_score": 0.1258, "categoria_infraestructura": "Baja", "cluster_descripcion": "Cluster 2: Vulnerabilidad Alta / Infraestructura Escasa", "tooltip_html": "<b>RESIDENCIAL VELEZ SARSFIELD</b><hr>Pob: 3161.0<br>Cluster: Cluster 2: Vulnerabilidad Alta / Infraestructura Escasa<br>Infr: Baja" }, "geometry": { "type": "Point", "coordinates": [ -64.209124718755405, -31.448884180452399 ] } },
{ "type": "Feature", "properties": { "barrio": "RIVADAVIA", "poblacion": 3105.0, "infraestructura_score": 0.0835, "categoria_infraestructura": "Baja", "cluster_descripcion": "Cluster 2: Vulnerabilidad Alta / Infraestructura Escasa", "tooltip_html": "<b>RIVADAVIA</b><hr>Pob: 3105.0<br>Cluster: Cluster 2: Vulnerabilidad Alta / Infraestructura Escasa<br>Infr: Baja" }, "geometry": { "type": "Point", "coordinates": [ -64.1487458501079, -31.432367391206 ] } },
{ "type": "Feature", "properties": { "barrio": "RIVERA INDARTE", "poblacion": 1742.0, "infraestructura_score": 0.0637, "categoria_infraestructura": "Muy Baja", "cluster_descripcion": "Cluster 2: Vulnerabilidad Alta / Infraestructura Escasa", "tooltip_html": "<b>RIVERA INDARTE</b><hr>Pob: 1742.0<br>Cluster: Cluster 2: Vulnerabilidad Alta / Infraestructura Escasa<br>Infr: Muy Baja" }, "geometry": { "type": "Point", "coordinates": [ -64.296330832544996, -31.333982397703 ] } },
{ "type": "Feature", "properties": { "barrio": "ROCIO", "poblacion": 500.0, "infraestructura_score": 0.1111, "categoria_infraestructura": "Baja", "cluster_descripcion": "Cluster 2: Vulnerabilidad Alta / Infraestructura Escasa", "tooltip_html": "<b>ROCIO</b><hr>Pob: 500.0<br>Cluster: Cluster 2: Vulnerabilidad Alta / Infraestructura Escasa<br>Infr: Baja" }, "geometry": { "type": "Point", "coordinates": [ -64.280486929841871, -31.368172478299101 ] } },
{ "type": "Feature", "properties": { "barrio": "ROCIO DEL SUR", "poblacion": 500.0, "infraestructura_score": 0.1481, "categoria_infraestructura": "Media", "cluster_descripcion": "Cluster 2: Vulnerabilidad Alta / Infraestructura Escasa", "tooltip_html": "<b>ROCIO DEL SUR</b><hr>Pob: 500.0<br>Cluster: Cluster 2: Vulnerabilidad Alta / Infraestructura Escasa<br>Infr: Media" }, "geometry": { "type": "Point", "coordinates": [ -64.191269302892707, -31.4868760584956 ] } },
{ "type": "Feature", "properties": { "barrio": "ROGELIO MARTINEZ", "poblacion": 1204.0, "infraestructura_score": 0.518, "categoria_infraestructura": "Muy Alta", "cluster_descripcion": "Cluster 1: Urbano Consolidado (Alta Infraestructura)", "tooltip_html": "<b>ROGELIO MARTINEZ</b><hr>Pob: 1204.0<br>Cluster: Cluster 1: Urbano Consolidado (Alta Infraestructura)<br>Infr: Muy Alta" }, "geometry": { "type": "Point", "coordinates": [ -64.178200671303102, -31.438234606536898 ] } },
{ "type": "Feature", "properties": { "barrio": "ROSEDAL", "poblacion": 2314.0, "infraestructura_score": 0.0676, "categoria_infraestructura": "Muy Baja", "cluster_descripcion": "Cluster 2: Vulnerabilidad Alta / Infraestructura Escasa", "tooltip_html": "<b>ROSEDAL</b><hr>Pob: 2314.0<br>Cluster: Cluster 2: Vulnerabilidad Alta / Infraestructura Escasa<br>Infr: Muy Baja" }, "geometry": { "type": "Point", "coordinates": [ -64.226239429100104, -31.433977630522499 ] } },
{ "type": "Feature", "properties": { "barrio": "ROSEDAL ANEXO", "poblacion": 916.0, "infraestructura_score": 0.3287, "categoria_infraestructura": "Alta", "cluster_descripcion": "Cluster 1: Urbano Consolidado (Alta Infraestructura)", "tooltip_html": "<b>ROSEDAL ANEXO</b><hr>Pob: 916.0<br>Cluster: Cluster 1: Urbano Consolidado (Alta Infraestructura)<br>Infr: Alta" }, "geometry": { "type": "Point", "coordinates": [ -64.228573884051102, -31.4394090528371 ] } },
{ "type": "Feature", "properties": { "barrio": "SACHI", "poblacion": 1053.0, "infraestructura_score": 0.3078, "categoria_infraestructura": "Alta", "cluster_descripcion": "Cluster 1: Urbano Consolidado (Alta Infraestructura)", "tooltip_html": "<b>SACHI</b><hr>Pob: 1053.0<br>Cluster: Cluster 1: Urbano Consolidado (Alta Infraestructura)<br>Infr: Alta" }, "geometry": { "type": "Point", "coordinates": [ -64.266307545617096, -31.453728814029802 ] } },
{ "type": "Feature", "properties": { "barrio": "SAN ANTONIO", "poblacion": 500.0, "infraestructura_score": 0.4074, "categoria_infraestructura": "Muy Alta", "cluster_descripcion": "Cluster 1: Urbano Consolidado (Alta Infraestructura)", "tooltip_html": "<b>SAN ANTONIO</b><hr>Pob: 500.0<br>Cluster: Cluster 1: Urbano Consolidado (Alta Infraestructura)<br>Infr: Muy Alta" }, "geometry": { "type": "Point", "coordinates": [ -64.190516921807799, -31.4744328449938 ] } },
{ "type": "Feature", "properties": { "barrio": "SAN CAYETANO", "poblacion": 500.0, "infraestructura_score": 0.3333, "categoria_infraestructura": "Alta", "cluster_descripcion": "Cluster 1: Urbano Consolidado (Alta Infraestructura)", "tooltip_html": "<b>SAN CAYETANO</b><hr>Pob: 500.0<br>Cluster: Cluster 1: Urbano Consolidado (Alta Infraestructura)<br>Infr: Alta" }, "geometry": { "type": "Point", "coordinates": [ -64.143519364687705, -31.436681628397199 ] } },
{ "type": "Feature", "properties": { "barrio": "SAN DANIEL", "poblacion": 1359.0, "infraestructura_score": 0.3313, "categoria_infraestructura": "Alta", "cluster_descripcion": "Cluster 2: Vulnerabilidad Alta / Infraestructura Escasa", "tooltip_html": "<b>SAN DANIEL</b><hr>Pob: 1359.0<br>Cluster: Cluster 2: Vulnerabilidad Alta / Infraestructura Escasa<br>Infr: Alta" }, "geometry": { "type": "Point", "coordinates": [ -64.202706933683601, -31.448964866865101 ] } },
{ "type": "Feature", "properties": { "barrio": "SAN FELIPE", "poblacion": 2553.0, "infraestructura_score": 0.1651, "categoria_infraestructura": "Media", "cluster_descripcion": "Cluster 2: Vulnerabilidad Alta / Infraestructura Escasa", "tooltip_html": "<b>SAN FELIPE</b><hr>Pob: 2553.0<br>Cluster: Cluster 2: Vulnerabilidad Alta / Infraestructura Escasa<br>Infr: Media" }, "geometry": { "type": "Point", "coordinates": [ -64.136040573816004, -31.456762922523801 ] } },
{ "type": "Feature", "properties": { "barrio": "SAN FERNANDO", "poblacion": 4094.0, "infraestructura_score": 0.1087, "categoria_infraestructura": "Baja", "cluster_descripcion": "Cluster 2: Vulnerabilidad Alta / Infraestructura Escasa", "tooltip_html": "<b>SAN FERNANDO</b><hr>Pob: 4094.0<br>Cluster: Cluster 2: Vulnerabilidad Alta / Infraestructura Escasa<br>Infr: Baja" }, "geometry": { "type": "Point", "coordinates": [ -64.190485210172099, -31.447577162001298 ] } },
{ "type": "Feature", "properties": { "barrio": "SAN FRANCISCO", "poblacion": 1123.0, "infraestructura_score": 0.1606, "categoria_infraestructura": "Media", "cluster_descripcion": "Cluster 2: Vulnerabilidad Alta / Infraestructura Escasa", "tooltip_html": "<b>SAN FRANCISCO</b><hr>Pob: 1123.0<br>Cluster: Cluster 2: Vulnerabilidad Alta / Infraestructura Escasa<br>Infr: Media" }, "geometry": { "type": "Point", "coordinates": [ -64.2113739415651, -31.426119682310699 ] } },
{ "type": "Feature", "properties": { "barrio": "SAN IGNACIO", "poblacion": 2787.0, "infraestructura_score": 0.1379, "categoria_infraestructura": "Baja", "cluster_descripcion": "Cluster 2: Vulnerabilidad Alta / Infraestructura Escasa", "tooltip_html": "<b>SAN IGNACIO</b><hr>Pob: 2787.0<br>Cluster: Cluster 2: Vulnerabilidad Alta / Infraestructura Escasa<br>Infr: Baja" }, "geometry": { "type": "Point", "coordinates": [ -64.248328176960499, -31.3901313573677 ] } },
{ "type": "Feature", "properties": { "barrio": "SAN JAVIER", "poblacion": 1637.0, "infraestructura_score": 0.1639, "categoria_infraestructura": "Media", "cluster_descripcion": "Cluster 2: Vulnerabilidad Alta / Infraestructura Escasa", "tooltip_html": "<b>SAN JAVIER</b><hr>Pob: 1637.0<br>Cluster: Cluster 2: Vulnerabilidad Alta / Infraestructura Escasa<br>Infr: Media" }, "geometry": { "type": "Point", "coordinates": [ -64.101693838953807, -31.455673193755899 ] } },
{ "type": "Feature", "properties": { "barrio": "SAN JOSE", "poblacion": 548.0, "infraestructura_score": 0.5707, "categoria_infraestructura": "Muy Alta", "cluster_descripcion": "Cluster 1: Urbano Consolidado (Alta Infraestructura)", "tooltip_html": "<b>SAN JOSE</b><hr>Pob: 548.0<br>Cluster: Cluster 1: Urbano Consolidado (Alta Infraestructura)<br>Infr: Muy Alta" }, "geometry": { "type": "Point", "coordinates": [ -64.289280525716805, -31.339664385095901 ] } },
{ "type": "Feature", "properties": { "barrio": "SAN LORENZO", "poblacion": 1988.0, "infraestructura_score": 0.4895, "categoria_infraestructura": "Muy Alta", "cluster_descripcion": "Cluster 1: Urbano Consolidado (Alta Infraestructura)", "tooltip_html": "<b>SAN LORENZO</b><hr>Pob: 1988.0<br>Cluster: Cluster 1: Urbano Consolidado (Alta Infraestructura)<br>Infr: Muy Alta" }, "geometry": { "type": "Point", "coordinates": [ -64.110482692988697, -31.455585011412701 ] } },
{ "type": "Feature", "properties": { "barrio": "SAN LORENZO NORTE", "poblacion": 500.0, "infraestructura_score": 0.1481, "categoria_infraestructura": "Media", "cluster_descripcion": "Cluster 2: Vulnerabilidad Alta / Infraestructura Escasa", "tooltip_html": "<b>SAN LORENZO NORTE</b><hr>Pob: 500.0<br>Cluster: Cluster 2: Vulnerabilidad Alta / Infraestructura Escasa<br>Infr: Media" }, "geometry": { "type": "Point", "coordinates": [ -64.216724630122897, -31.375034879287 ] } },
{ "type": "Feature", "properties": { "barrio": "SAN LUIS DE FRANCIA", "poblacion": 500.0, "infraestructura_score": 0.361, "categoria_infraestructura": "Muy Alta", "cluster_descripcion": "Cluster 1: Urbano Consolidado (Alta Infraestructura)", "tooltip_html": "<b>SAN LUIS DE FRANCIA</b><hr>Pob: 500.0<br>Cluster: Cluster 1: Urbano Consolidado (Alta Infraestructura)<br>Infr: Muy Alta" }, "geometry": { "type": "Point", "coordinates": [ -64.253727618805399, -31.480037185052002 ] } },
{ "type": "Feature", "properties": { "barrio": "SAN MARCELO", "poblacion": 500.0, "infraestructura_score": 0.4444, "categoria_infraestructura": "Muy Alta", "cluster_descripcion": "Cluster 1: Urbano Consolidado (Alta Infraestructura)", "tooltip_html": "<b>SAN MARCELO</b><hr>Pob: 500.0<br>Cluster: Cluster 1: Urbano Consolidado (Alta Infraestructura)<br>Infr: Muy Alta" }, "geometry": { "type": "Point", "coordinates": [ -64.235621405674394, -31.3625836463826 ] } },
{ "type": "Feature", "properties": { "barrio": "SAN MARTIN", "poblacion": 13157.0, "infraestructura_score": 0.1631, "categoria_infraestructura": "Media", "cluster_descripcion": "Cluster 2: Vulnerabilidad Alta / Infraestructura Escasa", "tooltip_html": "<b>SAN MARTIN</b><hr>Pob: 13157.0<br>Cluster: Cluster 2: Vulnerabilidad Alta / Infraestructura Escasa<br>Infr: Media" }, "geometry": { "type": "Point", "coordinates": [ -64.196540458098994, -31.393809327289102 ] } },
{ "type": "Feature", "properties": { "barrio": "SAN MARTIN ANEXO", "poblacion": 3153.0, "infraestructura_score": 0.0706, "categoria_infraestructura": "Muy Baja", "cluster_descripcion": "Cluster 2: Vulnerabilidad Alta / Infraestructura Escasa", "tooltip_html": "<b>SAN MARTIN ANEXO</b><hr>Pob: 3153.0<br>Cluster: Cluster 2: Vulnerabilidad Alta / Infraestructura Escasa<br>Infr: Muy Baja" }, "geometry": { "type": "Point", "coordinates": [ -64.203113972154199, -31.381012472971399 ] } },
{ "type": "Feature", "properties": { "barrio": "SAN MARTIN NORTE", "poblacion": 1945.0, "infraestructura_score": 0.2953, "categoria_infraestructura": "Alta", "cluster_descripcion": "Cluster 2: Vulnerabilidad Alta / Infraestructura Escasa", "tooltip_html": "<b>SAN MARTIN NORTE</b><hr>Pob: 1945.0<br>Cluster: Cluster 2: Vulnerabilidad Alta / Infraestructura Escasa<br>Infr: Alta" }, "geometry": { "type": "Point", "coordinates": [ -64.202524437143396, -31.3727739384295 ] } },
{ "type": "Feature", "properties": { "barrio": "SAN NICOLAS", "poblacion": 2063.0, "infraestructura_score": 0.0628, "categoria_infraestructura": "Muy Baja", "cluster_descripcion": "Cluster 2: Vulnerabilidad Alta / Infraestructura Escasa", "tooltip_html": "<b>SAN NICOLAS</b><hr>Pob: 2063.0<br>Cluster: Cluster 2: Vulnerabilidad Alta / Infraestructura Escasa<br>Infr: Muy Baja" }, "geometry": { "type": "Point", "coordinates": [ -64.151307802430395, -31.380675844601601 ] } },
{ "type": "Feature", "properties": { "barrio": "SAN PABLO", "poblacion": 2190.0, "infraestructura_score": 0.1269, "categoria_infraestructura": "Baja", "cluster_descripcion": "Cluster 2: Vulnerabilidad Alta / Infraestructura Escasa", "tooltip_html": "<b>SAN PABLO</b><hr>Pob: 2190.0<br>Cluster: Cluster 2: Vulnerabilidad Alta / Infraestructura Escasa<br>Infr: Baja" }, "geometry": { "type": "Point", "coordinates": [ -64.160920567727402, -31.4442248614309 ] } },
{ "type": "Feature", "properties": { "barrio": "SAN PEDRO NOLASCO", "poblacion": 982.0, "infraestructura_score": 0.2404, "categoria_infraestructura": "Alta", "cluster_descripcion": "Cluster 2: Vulnerabilidad Alta / Infraestructura Escasa", "tooltip_html": "<b>SAN PEDRO NOLASCO</b><hr>Pob: 982.0<br>Cluster: Cluster 2: Vulnerabilidad Alta / Infraestructura Escasa<br>Infr: Alta" }, "geometry": { "type": "Point", "coordinates": [ -64.240216005579896, -31.466073357489002 ] } },
{ "type": "Feature", "properties": { "barrio": "SAN RAFAEL", "poblacion": 5172.0, "infraestructura_score": 0.0995, "categoria_infraestructura": "Baja", "cluster_descripcion": "Cluster 2: Vulnerabilidad Alta / Infraestructura Escasa", "tooltip_html": "<b>SAN RAFAEL</b><hr>Pob: 5172.0<br>Cluster: Cluster 2: Vulnerabilidad Alta / Infraestructura Escasa<br>Infr: Baja" }, "geometry": { "type": "Point", "coordinates": [ -64.221991291085899, -31.425400209762302 ] } },
{ "type": "Feature", "properties": { "barrio": "SAN RAMON", "poblacion": 500.0, "infraestructura_score": 0.4444, "categoria_infraestructura": "Muy Alta", "cluster_descripcion": "Cluster 1: Urbano Consolidado (Alta Infraestructura)", "tooltip_html": "<b>SAN RAMON</b><hr>Pob: 500.0<br>Cluster: Cluster 1: Urbano Consolidado (Alta Infraestructura)<br>Infr: Muy Alta" }, "geometry": { "type": "Point", "coordinates": [ -64.100772327435195, -31.340878023571499 ] } },
{ "type": "Feature", "properties": { "barrio": "SAN SALVADOR", "poblacion": 2101.0, "infraestructura_score": 0.1411, "categoria_infraestructura": "Baja", "cluster_descripcion": "Cluster 2: Vulnerabilidad Alta / Infraestructura Escasa", "tooltip_html": "<b>SAN SALVADOR</b><hr>Pob: 2101.0<br>Cluster: Cluster 2: Vulnerabilidad Alta / Infraestructura Escasa<br>Infr: Baja" }, "geometry": { "type": "Point", "coordinates": [ -64.232386926928498, -31.400940068771799 ] } },
{ "type": "Feature", "properties": { "barrio": "SAN VICENTE", "poblacion": 18145.0, "infraestructura_score": 0.2118, "categoria_infraestructura": "Media", "cluster_descripcion": "Cluster 2: Vulnerabilidad Alta / Infraestructura Escasa", "tooltip_html": "<b>SAN VICENTE</b><hr>Pob: 18145.0<br>Cluster: Cluster 2: Vulnerabilidad Alta / Infraestructura Escasa<br>Infr: Media" }, "geometry": { "type": "Point", "coordinates": [ -64.153975059953694, -31.424320515993699 ] } },
{ "type": "Feature", "properties": { "barrio": "SANTA CECILIA", "poblacion": 1089.0, "infraestructura_score": 0.2468, "categoria_infraestructura": "Alta", "cluster_descripcion": "Cluster 2: Vulnerabilidad Alta / Infraestructura Escasa", "tooltip_html": "<b>SANTA CECILIA</b><hr>Pob: 1089.0<br>Cluster: Cluster 2: Vulnerabilidad Alta / Infraestructura Escasa<br>Infr: Alta" }, "geometry": { "type": "Point", "coordinates": [ -64.227724269632702, -31.357632029265901 ] } },
{ "type": "Feature", "properties": { "barrio": "SANTA CLARA DE ASIS", "poblacion": 1839.0, "infraestructura_score": 0.1937, "categoria_infraestructura": "Media", "cluster_descripcion": "Cluster 2: Vulnerabilidad Alta / Infraestructura Escasa", "tooltip_html": "<b>SANTA CLARA DE ASIS</b><hr>Pob: 1839.0<br>Cluster: Cluster 2: Vulnerabilidad Alta / Infraestructura Escasa<br>Infr: Media" }, "geometry": { "type": "Point", "coordinates": [ -64.140798012536195, -31.380728813508501 ] } },
{ "type": "Feature", "properties": { "barrio": "SANTA ISABEL ANEXO", "poblacion": 1361.0, "infraestructura_score": 0.2109, "categoria_infraestructura": "Media", "cluster_descripcion": "Cluster 2: Vulnerabilidad Alta / Infraestructura Escasa", "tooltip_html": "<b>SANTA ISABEL ANEXO</b><hr>Pob: 1361.0<br>Cluster: Cluster 2: Vulnerabilidad Alta / Infraestructura Escasa<br>Infr: Media" }, "geometry": { "type": "Point", "coordinates": [ -64.246541585743998, -31.476253531180401 ] } },
{ "type": "Feature", "properties": { "barrio": "SANTA ISABEL SECCION 1", "poblacion": 3583.0, "infraestructura_score": 0.1604, "categoria_infraestructura": "Media", "cluster_descripcion": "Cluster 2: Vulnerabilidad Alta / Infraestructura Escasa", "tooltip_html": "<b>SANTA ISABEL SECCION 1</b><hr>Pob: 3583.0<br>Cluster: Cluster 2: Vulnerabilidad Alta / Infraestructura Escasa<br>Infr: Media" }, "geometry": { "type": "Point", "coordinates": [ -64.232406285714603, -31.470699157260199 ] } },
{ "type": "Feature", "properties": { "barrio": "SANTA ISABEL SECCION 2", "poblacion": 6113.0, "infraestructura_score": 0.1123, "categoria_infraestructura": "Baja", "cluster_descripcion": "Cluster 2: Vulnerabilidad Alta / Infraestructura Escasa", "tooltip_html": "<b>SANTA ISABEL SECCION 2</b><hr>Pob: 6113.0<br>Cluster: Cluster 2: Vulnerabilidad Alta / Infraestructura Escasa<br>Infr: Baja" }, "geometry": { "type": "Point", "coordinates": [ -64.231421473532805, -31.476569498700801 ] } },
{ "type": "Feature", "properties": { "barrio": "SANTA ISABEL SECCION 3", "poblacion": 4047.0, "infraestructura_score": 0.2702, "categoria_infraestructura": "Alta", "cluster_descripcion": "Cluster 2: Vulnerabilidad Alta / Infraestructura Escasa", "tooltip_html": "<b>SANTA ISABEL SECCION 3</b><hr>Pob: 4047.0<br>Cluster: Cluster 2: Vulnerabilidad Alta / Infraestructura Escasa<br>Infr: Alta" }, "geometry": { "type": "Point", "coordinates": [ -64.241772169909595, -31.4780759649089 ] } },
{ "type": "Feature", "properties": { "barrio": "SANTA RITA", "poblacion": 1145.0, "infraestructura_score": 0.5091, "categoria_infraestructura": "Muy Alta", "cluster_descripcion": "Cluster 1: Urbano Consolidado (Alta Infraestructura)", "tooltip_html": "<b>SANTA RITA</b><hr>Pob: 1145.0<br>Cluster: Cluster 1: Urbano Consolidado (Alta Infraestructura)<br>Infr: Muy Alta" }, "geometry": { "type": "Point", "coordinates": [ -64.172693293309194, -31.447511153190899 ] } },
{ "type": "Feature", "properties": { "barrio": "SARGENTO CABRAL", "poblacion": 3597.0, "infraestructura_score": 0.1585, "categoria_infraestructura": "Media", "cluster_descripcion": "Cluster 2: Vulnerabilidad Alta / Infraestructura Escasa", "tooltip_html": "<b>SARGENTO CABRAL</b><hr>Pob: 3597.0<br>Cluster: Cluster 2: Vulnerabilidad Alta / Infraestructura Escasa<br>Infr: Media" }, "geometry": { "type": "Point", "coordinates": [ -64.193003966038304, -31.376155393463801 ] } },
{ "type": "Feature", "properties": { "barrio": "SARMIENTO", "poblacion": 2507.0, "infraestructura_score": 0.2268, "categoria_infraestructura": "Alta", "cluster_descripcion": "Cluster 2: Vulnerabilidad Alta / Infraestructura Escasa", "tooltip_html": "<b>SARMIENTO</b><hr>Pob: 2507.0<br>Cluster: Cluster 2: Vulnerabilidad Alta / Infraestructura Escasa<br>Infr: Alta" }, "geometry": { "type": "Point", "coordinates": [ -64.154266606956796, -31.430143821805402 ] } },
{ "type": "Feature", "properties": { "barrio": "SEP", "poblacion": 1039.0, "infraestructura_score": 0.2936, "categoria_infraestructura": "Alta", "cluster_descripcion": "Cluster 2: Vulnerabilidad Alta / Infraestructura Escasa", "tooltip_html": "<b>SEP</b><hr>Pob: 1039.0<br>Cluster: Cluster 2: Vulnerabilidad Alta / Infraestructura Escasa<br>Infr: Alta" }, "geometry": { "type": "Point", "coordinates": [ -64.165690570845697, -31.459045886122102 ] } },
{ "type": "Feature", "properties": { "barrio": "SEP SEGUNDA ETAPA", "poblacion": 2640.0, "infraestructura_score": 0.042, "categoria_infraestructura": "Muy Baja", "cluster_descripcion": "Cluster 2: Vulnerabilidad Alta / Infraestructura Escasa", "tooltip_html": "<b>SEP SEGUNDA ETAPA</b><hr>Pob: 2640.0<br>Cluster: Cluster 2: Vulnerabilidad Alta / Infraestructura Escasa<br>Infr: Muy Baja" }, "geometry": { "type": "Point", "coordinates": [ -64.163901564558003, -31.459818195198 ] } },
{ "type": "Feature", "properties": { "barrio": "SMATA", "poblacion": 2291.0, "infraestructura_score": 0.1538, "categoria_infraestructura": "Media", "cluster_descripcion": "Cluster 2: Vulnerabilidad Alta / Infraestructura Escasa", "tooltip_html": "<b>SMATA</b><hr>Pob: 2291.0<br>Cluster: Cluster 2: Vulnerabilidad Alta / Infraestructura Escasa<br>Infr: Media" }, "geometry": { "type": "Point", "coordinates": [ -64.223530271459694, -31.454401816722601 ] } },
{ "type": "Feature", "properties": { "barrio": "SOLARES DE SANTA MARIA- ALTOS DE MANANTIALES", "poblacion": 650.0, "infraestructura_score": 0.0, "categoria_infraestructura": "Muy Baja", "cluster_descripcion": "Cluster 2: Vulnerabilidad Alta / Infraestructura Escasa", "tooltip_html": "<b>SOLARES DE SANTA MARIA- ALTOS DE MANANTIALES</b><hr>Pob: 650.0<br>Cluster: Cluster 2: Vulnerabilidad Alta / Infraestructura Escasa<br>Infr: Muy Baja" }, "geometry": { "type": "Point", "coordinates": [ -64.224447160524093, -31.460576017594899 ] } },
{ "type": "Feature", "properties": { "barrio": "SUAREZ", "poblacion": 2807.0, "infraestructura_score": 0.1453, "categoria_infraestructura": "Baja", "cluster_descripcion": "Cluster 2: Vulnerabilidad Alta / Infraestructura Escasa", "tooltip_html": "<b>SUAREZ</b><hr>Pob: 2807.0<br>Cluster: Cluster 2: Vulnerabilidad Alta / Infraestructura Escasa<br>Infr: Baja" }, "geometry": { "type": "Point", "coordinates": [ -64.210448800224597, -31.438652540263099 ] } },
{ "type": "Feature", "properties": { "barrio": "TABLADA PARK", "poblacion": 748.0, "infraestructura_score": 0.1733, "categoria_infraestructura": "Media", "cluster_descripcion": "Cluster 2: Vulnerabilidad Alta / Infraestructura Escasa", "tooltip_html": "<b>TABLADA PARK</b><hr>Pob: 748.0<br>Cluster: Cluster 2: Vulnerabilidad Alta / Infraestructura Escasa<br>Infr: Media" }, "geometry": { "type": "Point", "coordinates": [ -64.2262528800577, -31.371014347978001 ] } },
{ "type": "Feature", "properties": { "barrio": "TALLERES ESTE", "poblacion": 5542.0, "infraestructura_score": 0.1101, "categoria_infraestructura": "Baja", "cluster_descripcion": "Cluster 2: Vulnerabilidad Alta / Infraestructura Escasa", "tooltip_html": "<b>TALLERES ESTE</b><hr>Pob: 5542.0<br>Cluster: Cluster 2: Vulnerabilidad Alta / Infraestructura Escasa<br>Infr: Baja" }, "geometry": { "type": "Point", "coordinates": [ -64.150664447062098, -31.388961448415799 ] } },
{ "type": "Feature", "properties": { "barrio": "TALLERES OESTE", "poblacion": 5925.0, "infraestructura_score": 0.1663, "categoria_infraestructura": "Media", "cluster_descripcion": "Cluster 2: Vulnerabilidad Alta / Infraestructura Escasa", "tooltip_html": "<b>TALLERES OESTE</b><hr>Pob: 5925.0<br>Cluster: Cluster 2: Vulnerabilidad Alta / Infraestructura Escasa<br>Infr: Media" }, "geometry": { "type": "Point", "coordinates": [ -64.158942619612304, -31.390196226412801 ] } },
{ "type": "Feature", "properties": { "barrio": "TALLERES SUD", "poblacion": 3940.0, "infraestructura_score": 0.0189, "categoria_infraestructura": "Muy Baja", "cluster_descripcion": "Cluster 2: Vulnerabilidad Alta / Infraestructura Escasa", "tooltip_html": "<b>TALLERES SUD</b><hr>Pob: 3940.0<br>Cluster: Cluster 2: Vulnerabilidad Alta / Infraestructura Escasa<br>Infr: Muy Baja" }, "geometry": { "type": "Point", "coordinates": [ -64.134242534103095, -31.439533425260901 ] } },
{ "type": "Feature", "properties": { "barrio": "TEJAS DEL SUR", "poblacion": 1454.0, "infraestructura_score": 0.0, "categoria_infraestructura": "Muy Baja", "cluster_descripcion": "Cluster 2: Vulnerabilidad Alta / Infraestructura Escasa", "tooltip_html": "<b>TEJAS DEL SUR</b><hr>Pob: 1454.0<br>Cluster: Cluster 2: Vulnerabilidad Alta / Infraestructura Escasa<br>Infr: Muy Baja" }, "geometry": { "type": "Point", "coordinates": [ -64.190162283759904, -31.462377651235201 ] } },
{ "type": "Feature", "properties": { "barrio": "TEJAS II", "poblacion": 687.0, "infraestructura_score": 0.027, "categoria_infraestructura": "Muy Baja", "cluster_descripcion": "Cluster 2: Vulnerabilidad Alta / Infraestructura Escasa", "tooltip_html": "<b>TEJAS II</b><hr>Pob: 687.0<br>Cluster: Cluster 2: Vulnerabilidad Alta / Infraestructura Escasa<br>Infr: Muy Baja" }, "geometry": { "type": "Point", "coordinates": [ -64.199231769997297, -31.478659775233101 ] } },
{ "type": "Feature", "properties": { "barrio": "TENIENTE BENJAMIN MATIENZO", "poblacion": 6873.0, "infraestructura_score": 0.1061, "categoria_infraestructura": "Baja", "cluster_descripcion": "Cluster 2: Vulnerabilidad Alta / Infraestructura Escasa", "tooltip_html": "<b>TENIENTE BENJAMIN MATIENZO</b><hr>Pob: 6873.0<br>Cluster: Cluster 2: Vulnerabilidad Alta / Infraestructura Escasa<br>Infr: Baja" }, "geometry": { "type": "Point", "coordinates": [ -64.2375452199026, -31.441394842937399 ] } },
{ "type": "Feature", "properties": { "barrio": "TEODORO FELDS", "poblacion": 3542.0, "infraestructura_score": 0.1644, "categoria_infraestructura": "Media", "cluster_descripcion": "Cluster 2: Vulnerabilidad Alta / Infraestructura Escasa", "tooltip_html": "<b>TEODORO FELDS</b><hr>Pob: 3542.0<br>Cluster: Cluster 2: Vulnerabilidad Alta / Infraestructura Escasa<br>Infr: Media" }, "geometry": { "type": "Point", "coordinates": [ -64.249188644474003, -31.400399552587999 ] } },
{ "type": "Feature", "properties": { "barrio": "TRANVIARIOS", "poblacion": 2245.0, "infraestructura_score": 0.165, "categoria_infraestructura": "Media", "cluster_descripcion": "Cluster 2: Vulnerabilidad Alta / Infraestructura Escasa", "tooltip_html": "<b>TRANVIARIOS</b><hr>Pob: 2245.0<br>Cluster: Cluster 2: Vulnerabilidad Alta / Infraestructura Escasa<br>Infr: Media" }, "geometry": { "type": "Point", "coordinates": [ -64.228177351827696, -31.409506522260902 ] } },
{ "type": "Feature", "properties": { "barrio": "UOCRA", "poblacion": 1906.0, "infraestructura_score": 0.2643, "categoria_infraestructura": "Alta", "cluster_descripcion": "Cluster 2: Vulnerabilidad Alta / Infraestructura Escasa", "tooltip_html": "<b>UOCRA</b><hr>Pob: 1906.0<br>Cluster: Cluster 2: Vulnerabilidad Alta / Infraestructura Escasa<br>Infr: Alta" }, "geometry": { "type": "Point", "coordinates": [ -64.265347841710494, -31.322606288629601 ] } },
{ "type": "Feature", "properties": { "barrio": "URCA", "poblacion": 3308.0, "infraestructura_score": 0.1776, "categoria_infraestructura": "Media", "cluster_descripcion": "Cluster 2: Vulnerabilidad Alta / Infraestructura Escasa", "tooltip_html": "<b>URCA</b><hr>Pob: 3308.0<br>Cluster: Cluster 2: Vulnerabilidad Alta / Infraestructura Escasa<br>Infr: Media" }, "geometry": { "type": "Point", "coordinates": [ -64.237176476033994, -31.382529143732899 ] } },
{ "type": "Feature", "properties": { "barrio": "URITORCO", "poblacion": 500.0, "infraestructura_score": 0.3704, "categoria_infraestructura": "Muy Alta", "cluster_descripcion": "Cluster 1: Urbano Consolidado (Alta Infraestructura)", "tooltip_html": "<b>URITORCO</b><hr>Pob: 500.0<br>Cluster: Cluster 1: Urbano Consolidado (Alta Infraestructura)<br>Infr: Muy Alta" }, "geometry": { "type": "Point", "coordinates": [ -64.234855153455598, -31.400702464821499 ] } },
{ "type": "Feature", "properties": { "barrio": "URQUIZA", "poblacion": 5578.0, "infraestructura_score": 0.0856, "categoria_infraestructura": "Baja", "cluster_descripcion": "Cluster 2: Vulnerabilidad Alta / Infraestructura Escasa", "tooltip_html": "<b>URQUIZA</b><hr>Pob: 5578.0<br>Cluster: Cluster 2: Vulnerabilidad Alta / Infraestructura Escasa<br>Infr: Baja" }, "geometry": { "type": "Point", "coordinates": [ -64.147482320187606, -31.438642250908 ] } },
{ "type": "Feature", "properties": { "barrio": "VALLE DEL CERRO", "poblacion": 701.0, "infraestructura_score": 0.2313, "categoria_infraestructura": "Alta", "cluster_descripcion": "Cluster 2: Vulnerabilidad Alta / Infraestructura Escasa", "tooltip_html": "<b>VALLE DEL CERRO</b><hr>Pob: 701.0<br>Cluster: Cluster 2: Vulnerabilidad Alta / Infraestructura Escasa<br>Infr: Alta" }, "geometry": { "type": "Point", "coordinates": [ -64.240357525310102, -31.371418496264202 ] } },
{ "type": "Feature", "properties": { "barrio": "VASQUEZ", "poblacion": 500.0, "infraestructura_score": 0.1481, "categoria_infraestructura": "Media", "cluster_descripcion": "Cluster 2: Vulnerabilidad Alta / Infraestructura Escasa", "tooltip_html": "<b>VASQUEZ</b><hr>Pob: 500.0<br>Cluster: Cluster 2: Vulnerabilidad Alta / Infraestructura Escasa<br>Infr: Media" }, "geometry": { "type": "Point", "coordinates": [ -64.131141552493403, -31.4814988423669 ] } },
{ "type": "Feature", "properties": { "barrio": "VICOR", "poblacion": 500.0, "infraestructura_score": 0.9259, "categoria_infraestructura": "Muy Alta", "cluster_descripcion": "Cluster 1: Urbano Consolidado (Alta Infraestructura)", "tooltip_html": "<b>VICOR</b><hr>Pob: 500.0<br>Cluster: Cluster 1: Urbano Consolidado (Alta Infraestructura)<br>Infr: Muy Alta" }, "geometry": { "type": "Point", "coordinates": [ -64.247608871777203, -31.477971099691398 ] } },
{ "type": "Feature", "properties": { "barrio": "VILLA 4 DE AGOSTO", "poblacion": 1620.0, "infraestructura_score": 0.2517, "categoria_infraestructura": "Alta", "cluster_descripcion": "Cluster 2: Vulnerabilidad Alta / Infraestructura Escasa", "tooltip_html": "<b>VILLA 4 DE AGOSTO</b><hr>Pob: 1620.0<br>Cluster: Cluster 2: Vulnerabilidad Alta / Infraestructura Escasa<br>Infr: Alta" }, "geometry": { "type": "Point", "coordinates": [ -64.190822008843099, -31.370938944816899 ] } },
{ "type": "Feature", "properties": { "barrio": "VILLA 9 DE JULIO", "poblacion": 8712.0, "infraestructura_score": 0.114, "categoria_infraestructura": "Baja", "cluster_descripcion": "Cluster 2: Vulnerabilidad Alta / Infraestructura Escasa", "tooltip_html": "<b>VILLA 9 DE JULIO</b><hr>Pob: 8712.0<br>Cluster: Cluster 2: Vulnerabilidad Alta / Infraestructura Escasa<br>Infr: Baja" }, "geometry": { "type": "Point", "coordinates": [ -64.270839671136002, -31.329018947508999 ] } },
{ "type": "Feature", "properties": { "barrio": "VILLA ADELA", "poblacion": 3684.0, "infraestructura_score": 0.3489, "categoria_infraestructura": "Alta", "cluster_descripcion": "Cluster 2: Vulnerabilidad Alta / Infraestructura Escasa", "tooltip_html": "<b>VILLA ADELA</b><hr>Pob: 3684.0<br>Cluster: Cluster 2: Vulnerabilidad Alta / Infraestructura Escasa<br>Infr: Alta" }, "geometry": { "type": "Point", "coordinates": [ -64.247507386986001, -31.435445900999799 ] } },
{ "type": "Feature", "properties": { "barrio": "VILLA ALBERDI", "poblacion": 2014.0, "infraestructura_score": 0.1727, "categoria_infraestructura": "Media", "cluster_descripcion": "Cluster 2: Vulnerabilidad Alta / Infraestructura Escasa", "tooltip_html": "<b>VILLA ALBERDI</b><hr>Pob: 2014.0<br>Cluster: Cluster 2: Vulnerabilidad Alta / Infraestructura Escasa<br>Infr: Media" }, "geometry": { "type": "Point", "coordinates": [ -64.235837618934198, -31.3934888286527 ] } },
{ "type": "Feature", "properties": { "barrio": "VILLA ALBERTO", "poblacion": 876.0, "infraestructura_score": 0.3431, "categoria_infraestructura": "Alta", "cluster_descripcion": "Cluster 1: Urbano Consolidado (Alta Infraestructura)", "tooltip_html": "<b>VILLA ALBERTO</b><hr>Pob: 876.0<br>Cluster: Cluster 1: Urbano Consolidado (Alta Infraestructura)<br>Infr: Alta" }, "geometry": { "type": "Point", "coordinates": [ -64.2666051276845, -31.416141639399299 ] } },
{ "type": "Feature", "properties": { "barrio": "VILLA ALICIA RISLER", "poblacion": 3062.0, "infraestructura_score": 0.1116, "categoria_infraestructura": "Baja", "cluster_descripcion": "Cluster 2: Vulnerabilidad Alta / Infraestructura Escasa", "tooltip_html": "<b>VILLA ALICIA RISLER</b><hr>Pob: 3062.0<br>Cluster: Cluster 2: Vulnerabilidad Alta / Infraestructura Escasa<br>Infr: Baja" }, "geometry": { "type": "Point", "coordinates": [ -64.180431145491397, -31.311435463252199 ] } },
{ "type": "Feature", "properties": { "barrio": "VILLA ALLENDE PARQUE", "poblacion": 5601.0, "infraestructura_score": 0.1932, "categoria_infraestructura": "Media", "cluster_descripcion": "Cluster 2: Vulnerabilidad Alta / Infraestructura Escasa", "tooltip_html": "<b>VILLA ALLENDE PARQUE</b><hr>Pob: 5601.0<br>Cluster: Cluster 2: Vulnerabilidad Alta / Infraestructura Escasa<br>Infr: Media" }, "geometry": { "type": "Point", "coordinates": [ -64.282173590419802, -31.313883841242198 ] } },
{ "type": "Feature", "properties": { "barrio": "VILLA ARGENTINA", "poblacion": 966.0, "infraestructura_score": 0.1343, "categoria_infraestructura": "Baja", "cluster_descripcion": "Cluster 2: Vulnerabilidad Alta / Infraestructura Escasa", "tooltip_html": "<b>VILLA ARGENTINA</b><hr>Pob: 966.0<br>Cluster: Cluster 2: Vulnerabilidad Alta / Infraestructura Escasa<br>Infr: Baja" }, "geometry": { "type": "Point", "coordinates": [ -64.135452635797293, -31.431052918483001 ] } },
{ "type": "Feature", "properties": { "barrio": "VILLA ASPACIA", "poblacion": 2319.0, "infraestructura_score": 0.0639, "categoria_infraestructura": "Muy Baja", "cluster_descripcion": "Cluster 2: Vulnerabilidad Alta / Infraestructura Escasa", "tooltip_html": "<b>VILLA ASPACIA</b><hr>Pob: 2319.0<br>Cluster: Cluster 2: Vulnerabilidad Alta / Infraestructura Escasa<br>Infr: Muy Baja" }, "geometry": { "type": "Point", "coordinates": [ -64.247452237944799, -31.443086304447199 ] } },
{ "type": "Feature", "properties": { "barrio": "VILLA AVALOS", "poblacion": 1364.0, "infraestructura_score": 0.0, "categoria_infraestructura": "Muy Baja", "cluster_descripcion": "Cluster 2: Vulnerabilidad Alta / Infraestructura Escasa", "tooltip_html": "<b>VILLA AVALOS</b><hr>Pob: 1364.0<br>Cluster: Cluster 2: Vulnerabilidad Alta / Infraestructura Escasa<br>Infr: Muy Baja" }, "geometry": { "type": "Point", "coordinates": [ -64.2431944869072, -31.4159890689732 ] } },
{ "type": "Feature", "properties": { "barrio": "VILLA AZALAIS", "poblacion": 7680.0, "infraestructura_score": 0.1348, "categoria_infraestructura": "Baja", "cluster_descripcion": "Cluster 2: Vulnerabilidad Alta / Infraestructura Escasa", "tooltip_html": "<b>VILLA AZALAIS</b><hr>Pob: 7680.0<br>Cluster: Cluster 2: Vulnerabilidad Alta / Infraestructura Escasa<br>Infr: Baja" }, "geometry": { "type": "Point", "coordinates": [ -64.151905506119604, -31.373360591093199 ] } },
{ "type": "Feature", "properties": { "barrio": "VILLA AZALAIS ANEXO", "poblacion": 500.0, "infraestructura_score": 0.0741, "categoria_infraestructura": "Muy Baja", "cluster_descripcion": "Cluster 2: Vulnerabilidad Alta / Infraestructura Escasa", "tooltip_html": "<b>VILLA AZALAIS ANEXO</b><hr>Pob: 500.0<br>Cluster: Cluster 2: Vulnerabilidad Alta / Infraestructura Escasa<br>Infr: Muy Baja" }, "geometry": { "type": "Point", "coordinates": [ -64.161743519470306, -31.365152444676799 ] } },
{ "type": "Feature", "properties": { "barrio": "VILLA AZALAIS OESTE", "poblacion": 1121.0, "infraestructura_score": 0.7043, "categoria_infraestructura": "Muy Alta", "cluster_descripcion": "Cluster 1: Urbano Consolidado (Alta Infraestructura)", "tooltip_html": "<b>VILLA AZALAIS OESTE</b><hr>Pob: 1121.0<br>Cluster: Cluster 1: Urbano Consolidado (Alta Infraestructura)<br>Infr: Muy Alta" }, "geometry": { "type": "Point", "coordinates": [ -64.174890521404706, -31.367927764313599 ] } },
{ "type": "Feature", "properties": { "barrio": "VILLA BELGRANO", "poblacion": 5152.0, "infraestructura_score": 0.1922, "categoria_infraestructura": "Media", "cluster_descripcion": "Cluster 2: Vulnerabilidad Alta / Infraestructura Escasa", "tooltip_html": "<b>VILLA BELGRANO</b><hr>Pob: 5152.0<br>Cluster: Cluster 2: Vulnerabilidad Alta / Infraestructura Escasa<br>Infr: Media" }, "geometry": { "type": "Point", "coordinates": [ -64.250273210831196, -31.359322355069398 ] } },
{ "type": "Feature", "properties": { "barrio": "VILLA BUSTOS", "poblacion": 2219.0, "infraestructura_score": 0.3902, "categoria_infraestructura": "Muy Alta", "cluster_descripcion": "Cluster 2: Vulnerabilidad Alta / Infraestructura Escasa", "tooltip_html": "<b>VILLA BUSTOS</b><hr>Pob: 2219.0<br>Cluster: Cluster 2: Vulnerabilidad Alta / Infraestructura Escasa<br>Infr: Muy Alta" }, "geometry": { "type": "Point", "coordinates": [ -64.111819673319204, -31.4380459286388 ] } },
{ "type": "Feature", "properties": { "barrio": "VILLA CABRERA", "poblacion": 6437.0, "infraestructura_score": 0.1292, "categoria_infraestructura": "Baja", "cluster_descripcion": "Cluster 2: Vulnerabilidad Alta / Infraestructura Escasa", "tooltip_html": "<b>VILLA CABRERA</b><hr>Pob: 6437.0<br>Cluster: Cluster 2: Vulnerabilidad Alta / Infraestructura Escasa<br>Infr: Baja" }, "geometry": { "type": "Point", "coordinates": [ -64.210776657421306, -31.387389622533199 ] } },
{ "type": "Feature", "properties": { "barrio": "VILLA CENTENARIO", "poblacion": 2331.0, "infraestructura_score": 0.1134, "categoria_infraestructura": "Baja", "cluster_descripcion": "Cluster 2: Vulnerabilidad Alta / Infraestructura Escasa", "tooltip_html": "<b>VILLA CENTENARIO</b><hr>Pob: 2331.0<br>Cluster: Cluster 2: Vulnerabilidad Alta / Infraestructura Escasa<br>Infr: Baja" }, "geometry": { "type": "Point", "coordinates": [ -64.230890084963505, -31.365513647496499 ] } },
{ "type": "Feature", "properties": { "barrio": "VILLA CLARET", "poblacion": 500.0, "infraestructura_score": 0.5462, "categoria_infraestructura": "Muy Alta", "cluster_descripcion": "Cluster 1: Urbano Consolidado (Alta Infraestructura)", "tooltip_html": "<b>VILLA CLARET</b><hr>Pob: 500.0<br>Cluster: Cluster 1: Urbano Consolidado (Alta Infraestructura)<br>Infr: Muy Alta" }, "geometry": { "type": "Point", "coordinates": [ -64.238479952603996, -31.346764951577001 ] } },
{ "type": "Feature", "properties": { "barrio": "VILLA CLAUDINA", "poblacion": 500.0, "infraestructura_score": 0.6667, "categoria_infraestructura": "Muy Alta", "cluster_descripcion": "Cluster 1: Urbano Consolidado (Alta Infraestructura)", "tooltip_html": "<b>VILLA CLAUDINA</b><hr>Pob: 500.0<br>Cluster: Cluster 1: Urbano Consolidado (Alta Infraestructura)<br>Infr: Muy Alta" }, "geometry": { "type": "Point", "coordinates": [ -64.122556491781907, -31.3886748687489 ] } },
{ "type": "Feature", "properties": { "barrio": "VILLA CORINA", "poblacion": 4622.0, "infraestructura_score": 0.165, "categoria_infraestructura": "Media", "cluster_descripcion": "Cluster 2: Vulnerabilidad Alta / Infraestructura Escasa", "tooltip_html": "<b>VILLA CORINA</b><hr>Pob: 4622.0<br>Cluster: Cluster 2: Vulnerabilidad Alta / Infraestructura Escasa<br>Infr: Media" }, "geometry": { "type": "Point", "coordinates": [ -64.144697534858196, -31.375312240754301 ] } },
{ "type": "Feature", "properties": { "barrio": "VILLA CORNU", "poblacion": 7274.0, "infraestructura_score": 0.0285, "categoria_infraestructura": "Muy Baja", "cluster_descripcion": "Cluster 2: Vulnerabilidad Alta / Infraestructura Escasa", "tooltip_html": "<b>VILLA CORNU</b><hr>Pob: 7274.0<br>Cluster: Cluster 2: Vulnerabilidad Alta / Infraestructura Escasa<br>Infr: Muy Baja" }, "geometry": { "type": "Point", "coordinates": [ -64.264164524590953, -31.315163784747249 ] } },
{ "type": "Feature", "properties": { "barrio": "VILLA CORONEL OLMEDO", "poblacion": 3719.0, "infraestructura_score": 0.316, "categoria_infraestructura": "Alta", "cluster_descripcion": "Cluster 2: Vulnerabilidad Alta / Infraestructura Escasa", "tooltip_html": "<b>VILLA CORONEL OLMEDO</b><hr>Pob: 3719.0<br>Cluster: Cluster 2: Vulnerabilidad Alta / Infraestructura Escasa<br>Infr: Alta" }, "geometry": { "type": "Point", "coordinates": [ -64.141566795508197, -31.4808392426478 ] } },
{ "type": "Feature", "properties": { "barrio": "VILLA EL LIBERTADOR", "poblacion": 58648.0, "infraestructura_score": 0.055, "categoria_infraestructura": "Muy Baja", "cluster_descripcion": "Cluster 2: Vulnerabilidad Alta / Infraestructura Escasa", "tooltip_html": "<b>VILLA EL LIBERTADOR</b><hr>Pob: 58648.0<br>Cluster: Cluster 2: Vulnerabilidad Alta / Infraestructura Escasa<br>Infr: Muy Baja" }, "geometry": { "type": "Point", "coordinates": [ -64.224058251340551, -31.483166369366401 ] } },
{ "type": "Feature", "properties": { "barrio": "VILLA ESQUIU", "poblacion": 834.0, "infraestructura_score": 0.7107, "categoria_infraestructura": "Muy Alta", "cluster_descripcion": "Cluster 1: Urbano Consolidado (Alta Infraestructura)", "tooltip_html": "<b>VILLA ESQUIU</b><hr>Pob: 834.0<br>Cluster: Cluster 1: Urbano Consolidado (Alta Infraestructura)<br>Infr: Muy Alta" }, "geometry": { "type": "Point", "coordinates": [ -64.106364790417004, -31.358173170560399 ] } },
{ "type": "Feature", "properties": { "barrio": "VILLA EUCARISTICA", "poblacion": 1404.0, "infraestructura_score": 0.1485, "categoria_infraestructura": "Media", "cluster_descripcion": "Cluster 2: Vulnerabilidad Alta / Infraestructura Escasa", "tooltip_html": "<b>VILLA EUCARISTICA</b><hr>Pob: 1404.0<br>Cluster: Cluster 2: Vulnerabilidad Alta / Infraestructura Escasa<br>Infr: Media" }, "geometry": { "type": "Point", "coordinates": [ -64.178837298163799, -31.482104897379799 ] } },
{ "type": "Feature", "properties": { "barrio": "VILLA GENERAL URQUIZA", "poblacion": 6010.0, "infraestructura_score": 0.1618, "categoria_infraestructura": "Media", "cluster_descripcion": "Cluster 2: Vulnerabilidad Alta / Infraestructura Escasa", "tooltip_html": "<b>VILLA GENERAL URQUIZA</b><hr>Pob: 6010.0<br>Cluster: Cluster 2: Vulnerabilidad Alta / Infraestructura Escasa<br>Infr: Media" }, "geometry": { "type": "Point", "coordinates": [ -64.241797442003204, -31.390991333013101 ] } },
{ "type": "Feature", "properties": { "barrio": "VILLA GRAN PARQUE", "poblacion": 581.0, "infraestructura_score": 0.0, "categoria_infraestructura": "Muy Baja", "cluster_descripcion": "Cluster 2: Vulnerabilidad Alta / Infraestructura Escasa", "tooltip_html": "<b>VILLA GRAN PARQUE</b><hr>Pob: 581.0<br>Cluster: Cluster 2: Vulnerabilidad Alta / Infraestructura Escasa<br>Infr: Muy Baja" }, "geometry": { "type": "Point", "coordinates": [ -64.161610637320607, -31.327102952856301 ] } },
{ "type": "Feature", "properties": { "barrio": "VILLA LA MERCED", "poblacion": 1325.0, "infraestructura_score": 0.4629, "categoria_infraestructura": "Muy Alta", "cluster_descripcion": "Cluster 1: Urbano Consolidado (Alta Infraestructura)", "tooltip_html": "<b>VILLA LA MERCED</b><hr>Pob: 1325.0<br>Cluster: Cluster 1: Urbano Consolidado (Alta Infraestructura)<br>Infr: Muy Alta" }, "geometry": { "type": "Point", "coordinates": [ -64.064223857116303, -31.408270845020201 ] } },
{ "type": "Feature", "properties": { "barrio": "VILLA MAFEKIN", "poblacion": 1923.0, "infraestructura_score": 0.2431, "categoria_infraestructura": "Alta", "cluster_descripcion": "Cluster 2: Vulnerabilidad Alta / Infraestructura Escasa", "tooltip_html": "<b>VILLA MAFEKIN</b><hr>Pob: 1923.0<br>Cluster: Cluster 2: Vulnerabilidad Alta / Infraestructura Escasa<br>Infr: Alta" }, "geometry": { "type": "Point", "coordinates": [ -64.256949126076805, -31.402248111278499 ] } },
{ "type": "Feature", "properties": { "barrio": "VILLA MARTA", "poblacion": 981.0, "infraestructura_score": 0.1509, "categoria_infraestructura": "Media", "cluster_descripcion": "Cluster 2: Vulnerabilidad Alta / Infraestructura Escasa", "tooltip_html": "<b>VILLA MARTA</b><hr>Pob: 981.0<br>Cluster: Cluster 2: Vulnerabilidad Alta / Infraestructura Escasa<br>Infr: Media" }, "geometry": { "type": "Point", "coordinates": [ -64.228181478438501, -31.360819163349898 ] } },
{ "type": "Feature", "properties": { "barrio": "VILLA MARTINEZ", "poblacion": 3496.0, "infraestructura_score": 0.1073, "categoria_infraestructura": "Baja", "cluster_descripcion": "Cluster 2: Vulnerabilidad Alta / Infraestructura Escasa", "tooltip_html": "<b>VILLA MARTINEZ</b><hr>Pob: 3496.0<br>Cluster: Cluster 2: Vulnerabilidad Alta / Infraestructura Escasa<br>Infr: Baja" }, "geometry": { "type": "Point", "coordinates": [ -64.250731021989907, -31.416085792792199 ] } },
{ "type": "Feature", "properties": { "barrio": "VILLA PAEZ", "poblacion": 4861.0, "infraestructura_score": 0.2144, "categoria_infraestructura": "Media", "cluster_descripcion": "Cluster 2: Vulnerabilidad Alta / Infraestructura Escasa", "tooltip_html": "<b>VILLA PAEZ</b><hr>Pob: 4861.0<br>Cluster: Cluster 2: Vulnerabilidad Alta / Infraestructura Escasa<br>Infr: Media" }, "geometry": { "type": "Point", "coordinates": [ -64.206000590895798, -31.395934836050198 ] } },
{ "type": "Feature", "properties": { "barrio": "VILLA QUISQUIZACATE", "poblacion": 1477.0, "infraestructura_score": 0.1224, "categoria_infraestructura": "Baja", "cluster_descripcion": "Cluster 2: Vulnerabilidad Alta / Infraestructura Escasa", "tooltip_html": "<b>VILLA QUISQUIZACATE</b><hr>Pob: 1477.0<br>Cluster: Cluster 2: Vulnerabilidad Alta / Infraestructura Escasa<br>Infr: Baja" }, "geometry": { "type": "Point", "coordinates": [ -64.281848605384795, -31.3331577606987 ] } },
{ "type": "Feature", "properties": { "barrio": "VILLA RETIRO", "poblacion": 910.0, "infraestructura_score": 0.3944, "categoria_infraestructura": "Muy Alta", "cluster_descripcion": "Cluster 1: Urbano Consolidado (Alta Infraestructura)", "tooltip_html": "<b>VILLA RETIRO</b><hr>Pob: 910.0<br>Cluster: Cluster 1: Urbano Consolidado (Alta Infraestructura)<br>Infr: Muy Alta" }, "geometry": { "type": "Point", "coordinates": [ -64.145948137302, -31.336307674505548 ] } },
{ "type": "Feature", "properties": { "barrio": "VILLA REVOL", "poblacion": 4327.0, "infraestructura_score": 0.0747, "categoria_infraestructura": "Muy Baja", "cluster_descripcion": "Cluster 2: Vulnerabilidad Alta / Infraestructura Escasa", "tooltip_html": "<b>VILLA REVOL</b><hr>Pob: 4327.0<br>Cluster: Cluster 2: Vulnerabilidad Alta / Infraestructura Escasa<br>Infr: Muy Baja" }, "geometry": { "type": "Point", "coordinates": [ -64.172706597505197, -31.443555025435899 ] } },
{ "type": "Feature", "properties": { "barrio": "VILLA REVOL ANEXO", "poblacion": 876.0, "infraestructura_score": 0.3171, "categoria_infraestructura": "Alta", "cluster_descripcion": "Cluster 2: Vulnerabilidad Alta / Infraestructura Escasa", "tooltip_html": "<b>VILLA REVOL ANEXO</b><hr>Pob: 876.0<br>Cluster: Cluster 2: Vulnerabilidad Alta / Infraestructura Escasa<br>Infr: Alta" }, "geometry": { "type": "Point", "coordinates": [ -64.1699676689109, -31.437058030005801 ] } },
{ "type": "Feature", "properties": { "barrio": "VILLA RIVADAVIA", "poblacion": 876.0, "infraestructura_score": 1.0, "categoria_infraestructura": "Muy Alta", "cluster_descripcion": "Cluster 1: Urbano Consolidado (Alta Infraestructura)", "tooltip_html": "<b>VILLA RIVADAVIA</b><hr>Pob: 876.0<br>Cluster: Cluster 1: Urbano Consolidado (Alta Infraestructura)<br>Infr: Muy Alta" }, "geometry": { "type": "Point", "coordinates": [ -64.194591589564197, -31.513059677159202 ] } },
{ "type": "Feature", "properties": { "barrio": "VILLA RIVERA INDARTE", "poblacion": 4473.0, "infraestructura_score": 0.3595, "categoria_infraestructura": "Muy Alta", "cluster_descripcion": "Cluster 2: Vulnerabilidad Alta / Infraestructura Escasa", "tooltip_html": "<b>VILLA RIVERA INDARTE</b><hr>Pob: 4473.0<br>Cluster: Cluster 2: Vulnerabilidad Alta / Infraestructura Escasa<br>Infr: Muy Alta" }, "geometry": { "type": "Point", "coordinates": [ -64.293945633209901, -31.3254407068763 ] } },
{ "type": "Feature", "properties": { "barrio": "VILLA SAN CARLOS", "poblacion": 507.0, "infraestructura_score": 0.6256, "categoria_infraestructura": "Muy Alta", "cluster_descripcion": "Cluster 1: Urbano Consolidado (Alta Infraestructura)", "tooltip_html": "<b>VILLA SAN CARLOS</b><hr>Pob: 507.0<br>Cluster: Cluster 1: Urbano Consolidado (Alta Infraestructura)<br>Infr: Muy Alta" }, "geometry": { "type": "Point", "coordinates": [ -64.1700416939278, -31.462097760029899 ] } },
{ "type": "Feature", "properties": { "barrio": "VILLA SAN ISIDRO", "poblacion": 844.0, "infraestructura_score": 0.1974, "categoria_infraestructura": "Media", "cluster_descripcion": "Cluster 2: Vulnerabilidad Alta / Infraestructura Escasa", "tooltip_html": "<b>VILLA SAN ISIDRO</b><hr>Pob: 844.0<br>Cluster: Cluster 2: Vulnerabilidad Alta / Infraestructura Escasa<br>Infr: Media" }, "geometry": { "type": "Point", "coordinates": [ -64.188108734735906, -31.457571253641401 ] } },
{ "type": "Feature", "properties": { "barrio": "VILLA SERRANA", "poblacion": 1089.0, "infraestructura_score": 0.2297, "categoria_infraestructura": "Alta", "cluster_descripcion": "Cluster 2: Vulnerabilidad Alta / Infraestructura Escasa", "tooltip_html": "<b>VILLA SERRANA</b><hr>Pob: 1089.0<br>Cluster: Cluster 2: Vulnerabilidad Alta / Infraestructura Escasa<br>Infr: Alta" }, "geometry": { "type": "Point", "coordinates": [ -64.278904648241394, -31.330162350551401 ] } },
{ "type": "Feature", "properties": { "barrio": "VILLA SIBURU", "poblacion": 1333.0, "infraestructura_score": 0.5415, "categoria_infraestructura": "Muy Alta", "cluster_descripcion": "Cluster 1: Urbano Consolidado (Alta Infraestructura)", "tooltip_html": "<b>VILLA SIBURU</b><hr>Pob: 1333.0<br>Cluster: Cluster 1: Urbano Consolidado (Alta Infraestructura)<br>Infr: Muy Alta" }, "geometry": { "type": "Point", "coordinates": [ -64.230544053367595, -31.3956863950044 ] } },
{ "type": "Feature", "properties": { "barrio": "VILLA SILVANO FUNES", "poblacion": 925.0, "infraestructura_score": 0.4404, "categoria_infraestructura": "Muy Alta", "cluster_descripcion": "Cluster 1: Urbano Consolidado (Alta Infraestructura)", "tooltip_html": "<b>VILLA SILVANO FUNES</b><hr>Pob: 925.0<br>Cluster: Cluster 1: Urbano Consolidado (Alta Infraestructura)<br>Infr: Muy Alta" }, "geometry": { "type": "Point", "coordinates": [ -64.251239453436, -31.3403524658703 ] } },
{ "type": "Feature", "properties": { "barrio": "VILLA SOLFERINO", "poblacion": 664.0, "infraestructura_score": 0.1952, "categoria_infraestructura": "Media", "cluster_descripcion": "Cluster 2: Vulnerabilidad Alta / Infraestructura Escasa", "tooltip_html": "<b>VILLA SOLFERINO</b><hr>Pob: 664.0<br>Cluster: Cluster 2: Vulnerabilidad Alta / Infraestructura Escasa<br>Infr: Media" }, "geometry": { "type": "Point", "coordinates": [ -64.275511466466298, -31.341833627199001 ] } },
{ "type": "Feature", "properties": { "barrio": "VILLA UNION", "poblacion": 4842.0, "infraestructura_score": 0.1878, "categoria_infraestructura": "Media", "cluster_descripcion": "Cluster 2: Vulnerabilidad Alta / Infraestructura Escasa", "tooltip_html": "<b>VILLA UNION</b><hr>Pob: 4842.0<br>Cluster: Cluster 2: Vulnerabilidad Alta / Infraestructura Escasa<br>Infr: Media" }, "geometry": { "type": "Point", "coordinates": [ -64.265193153366695, -31.425044723947899 ] } },
{ "type": "Feature", "properties": { "barrio": "VILLA WARCALDE", "poblacion": 624.0, "infraestructura_score": 0.4817, "categoria_infraestructura": "Muy Alta", "cluster_descripcion": "Cluster 1: Urbano Consolidado (Alta Infraestructura)", "tooltip_html": "<b>VILLA WARCALDE</b><hr>Pob: 624.0<br>Cluster: Cluster 1: Urbano Consolidado (Alta Infraestructura)<br>Infr: Muy Alta" }, "geometry": { "type": "Point", "coordinates": [ -64.294956131485506, -31.3436875418139 ] } },
{ "type": "Feature", "properties": { "barrio": "VIVERO NORTE", "poblacion": 1571.0, "infraestructura_score": 0.395, "categoria_infraestructura": "Muy Alta", "cluster_descripcion": "Cluster 2: Vulnerabilidad Alta / Infraestructura Escasa", "tooltip_html": "<b>VIVERO NORTE</b><hr>Pob: 1571.0<br>Cluster: Cluster 2: Vulnerabilidad Alta / Infraestructura Escasa<br>Infr: Muy Alta" }, "geometry": { "type": "Point", "coordinates": [ -64.144663686219602, -31.382311576231 ] } },
{ "type": "Feature", "properties": { "barrio": "YAPEYU", "poblacion": 25119.0, "infraestructura_score": 0.04, "categoria_infraestructura": "Muy Baja", "cluster_descripcion": "Cluster 2: Vulnerabilidad Alta / Infraestructura Escasa", "tooltip_html": "<b>YAPEYU</b><hr>Pob: 25119.0<br>Cluster: Cluster 2: Vulnerabilidad Alta / Infraestructura Escasa<br>Infr: Muy Baja" }, "geometry": { "type": "Point", "coordinates": [ -64.146169870818937, -31.410369494566265 ] } },
{ "type": "Feature", "properties": { "barrio": "YOFRE H", "poblacion": 3578.0, "infraestructura_score": 0.0389, "categoria_infraestructura": "Muy Baja", "cluster_descripcion": "Cluster 2: Vulnerabilidad Alta / Infraestructura Escasa", "tooltip_html": "<b>YOFRE H</b><hr>Pob: 3578.0<br>Cluster: Cluster 2: Vulnerabilidad Alta / Infraestructura Escasa<br>Infr: Muy Baja" }, "geometry": { "type": "Point", "coordinates": [ -64.125560074900449, -31.382342542470951 ] } },
{ "type": "Feature", "properties": { "barrio": "YOFRE I", "poblacion": 5262.0, "infraestructura_score": 0.1162, "categoria_infraestructura": "Baja", "cluster_descripcion": "Cluster 2: Vulnerabilidad Alta / Infraestructura Escasa", "tooltip_html": "<b>YOFRE I</b><hr>Pob: 5262.0<br>Cluster: Cluster 2: Vulnerabilidad Alta / Infraestructura Escasa<br>Infr: Baja" }, "geometry": { "type": "Point", "coordinates": [ -64.127717322127637, -31.390017827593901 ] } },
{ "type": "Feature", "properties": { "barrio": "YOFRE NORTE", "poblacion": 6935.0, "infraestructura_score": 0.1384, "categoria_infraestructura": "Baja", "cluster_descripcion": "Cluster 2: Vulnerabilidad Alta / Infraestructura Escasa", "tooltip_html": "<b>YOFRE NORTE</b><hr>Pob: 6935.0<br>Cluster: Cluster 2: Vulnerabilidad Alta / Infraestructura Escasa<br>Infr: Baja" }, "geometry": { "type": "Point", "coordinates": [ -64.134090779460294, -31.383963889503001 ] } },
{ "type": "Feature", "properties": { "barrio": "YOFRE SUD", "poblacion": 5126.0, "infraestructura_score": 0.0843, "categoria_infraestructura": "Baja", "cluster_descripcion": "Cluster 2: Vulnerabilidad Alta / Infraestructura Escasa", "tooltip_html": "<b>YOFRE SUD</b><hr>Pob: 5126.0<br>Cluster: Cluster 2: Vulnerabilidad Alta / Infraestructura Escasa<br>Infr: Baja" }, "geometry": { "type": "Point", "coordinates": [ -64.135461097676099, -31.392268965840199 ] } },
{ "type": "Feature", "properties": { "barrio": "ZEPA", "poblacion": 1061.0, "infraestructura_score": 0.6822, "categoria_infraestructura": "Muy Alta", "cluster_descripcion": "Cluster 1: Urbano Consolidado (Alta Infraestructura)", "tooltip_html": "<b>ZEPA</b><hr>Pob: 1061.0<br>Cluster: Cluster 1: Urbano Consolidado (Alta Infraestructura)<br>Infr: Muy Alta" }, "geometry": { "type": "Point", "coordinates": [ -64.106439209292304, -31.3894472257739 ] } }
]
}
