{
"type": "FeatureCollection",
"name": "dataset_gis_v16",
"crs": { "type": "name", "properties": { "name": "urn:ogc:def:crs:OGC:1.3:CRS84" } },
"features": [
{ "type": "Feature", "properties": { "barrio": "1 DE MAYO", "poblacion": 19996.0, "infraestructura_score": 0.0391, "categoria_infraestructura": "Muy Baja", "cluster_descripcion": "Transición Urbana Mixta", "tooltip_html": "<b>1 DE MAYO</b><hr>Tipología: <span style='color:#38bdf8'>Transición Urbana Mixta</span><br>Pob: 19996.0<br>Score Infra: <b style='color:#e2e8f0'>Muy Baja</b>" }, "geometry": { "type": "Point", "coordinates": [ -64.1177, -31.436 ] } },
{ "type": "Feature", "properties": { "barrio": "2 DE SEPTIEMBRE", "poblacion": 2624.0, "infraestructura_score": 0.2311, "categoria_infraestructura": "Alta", "cluster_descripcion": "Vulnerabilidad y Periferia NBI", "tooltip_html": "<b>2 DE SEPTIEMBRE</b><hr>Tipología: <span style='color:#38bdf8'>Vulnerabilidad y Periferia NBI</span><br>Pob: 2624.0<br>Score Infra: <b style='color:#e2e8f0'>Alta</b>" }, "geometry": { "type": "Point", "coordinates": [ -64.2419, -31.3336 ] } },
{ "type": "Feature", "properties": { "barrio": "20 DE JUNIO", "poblacion": 661.0, "infraestructura_score": 0.6667, "categoria_infraestructura": "Muy Alta", "cluster_descripcion": "Núcleo Consolidado (Alta Infraestructura)", "tooltip_html": "<b>20 DE JUNIO</b><hr>Tipología: <span style='color:#38bdf8'>Núcleo Consolidado (Alta Infraestructura)</span><br>Pob: 661.0<br>Score Infra: <b style='color:#e2e8f0'>Muy Alta</b>" }, "geometry": { "type": "Point", "coordinates": [ -64.1638, -31.3867 ] } },
{ "type": "Feature", "properties": { "barrio": "23 DE ABRIL", "poblacion": 1879.0, "infraestructura_score": 0.0296, "categoria_infraestructura": "Muy Baja", "cluster_descripcion": "Vulnerabilidad y Periferia NBI", "tooltip_html": "<b>23 DE ABRIL</b><hr>Tipología: <span style='color:#38bdf8'>Vulnerabilidad y Periferia NBI</span><br>Pob: 1879.0<br>Score Infra: <b style='color:#e2e8f0'>Muy Baja</b>" }, "geometry": { "type": "Point", "coordinates": [ -64.128, -31.4577 ] } },
{ "type": "Feature", "properties": { "barrio": "25 DE MAYO", "poblacion": 500.0, "infraestructura_score": 0.7778, "categoria_infraestructura": "Muy Alta", "cluster_descripcion": "Núcleo Consolidado (Alta Infraestructura)", "tooltip_html": "<b>25 DE MAYO</b><hr>Tipología: <span style='color:#38bdf8'>Núcleo Consolidado (Alta Infraestructura)</span><br>Pob: 500.0<br>Score Infra: <b style='color:#e2e8f0'>Muy Alta</b>" }, "geometry": { "type": "Point", "coordinates": [ -64.0823, -31.4901 ] } },
{ "type": "Feature", "properties": { "barrio": "4 DE FEBRERO", "poblacion": 854.0, "infraestructura_score": 0.0433, "categoria_infraestructura": "Muy Baja", "cluster_descripcion": "Transición Urbana Mixta", "tooltip_html": "<b>4 DE FEBRERO</b><hr>Tipología: <span style='color:#38bdf8'>Transición Urbana Mixta</span><br>Pob: 854.0<br>Score Infra: <b style='color:#e2e8f0'>Muy Baja</b>" }, "geometry": { "type": "Point", "coordinates": [ -64.1457, -31.4561 ] } },
{ "type": "Feature", "properties": { "barrio": "ACHAVAL PENA", "poblacion": 754.0, "infraestructura_score": 0.1474, "categoria_infraestructura": "Baja", "cluster_descripcion": "Transición Urbana Mixta", "tooltip_html": "<b>ACHAVAL PENA</b><hr>Tipología: <span style='color:#38bdf8'>Transición Urbana Mixta</span><br>Pob: 754.0<br>Score Infra: <b style='color:#e2e8f0'>Baja</b>" }, "geometry": { "type": "Point", "coordinates": [ -64.2041, -31.4362 ] } },
{ "type": "Feature", "properties": { "barrio": "ACOSTA", "poblacion": 5512.0, "infraestructura_score": 0.1487, "categoria_infraestructura": "Media", "cluster_descripcion": "Transición Urbana Mixta", "tooltip_html": "<b>ACOSTA</b><hr>Tipología: <span style='color:#38bdf8'>Transición Urbana Mixta</span><br>Pob: 5512.0<br>Score Infra: <b style='color:#e2e8f0'>Media</b>" }, "geometry": { "type": "Point", "coordinates": [ -64.1235, -31.4236 ] } },
{ "type": "Feature", "properties": { "barrio": "AERONAUTICO- VILLA ZEPELLIN", "poblacion": 928.0, "infraestructura_score": 0.4987, "categoria_infraestructura": "Muy Alta", "cluster_descripcion": "Núcleo Consolidado (Alta Infraestructura)", "tooltip_html": "<b>AERONAUTICO- VILLA ZEPELLIN</b><hr>Tipología: <span style='color:#38bdf8'>Núcleo Consolidado (Alta Infraestructura)</span><br>Pob: 928.0<br>Score Infra: <b style='color:#e2e8f0'>Muy Alta</b>" }, "geometry": { "type": "Point", "coordinates": [ -64.2709, -31.4304 ] } },
{ "type": "Feature", "properties": { "barrio": "AEROPUERTO", "poblacion": 500.0, "infraestructura_score": 0.4351, "categoria_infraestructura": "Muy Alta", "cluster_descripcion": "Núcleo Consolidado (Alta Infraestructura)", "tooltip_html": "<b>AEROPUERTO</b><hr>Tipología: <span style='color:#38bdf8'>Núcleo Consolidado (Alta Infraestructura)</span><br>Pob: 500.0<br>Score Infra: <b style='color:#e2e8f0'>Muy Alta</b>" }, "geometry": { "type": "Point", "coordinates": [ -64.1957, -31.325 ] } },
{ "type": "Feature", "properties": { "barrio": "AIRES DEL SUR", "poblacion": 500.0, "infraestructura_score": 0.0741, "categoria_infraestructura": "Muy Baja", "cluster_descripcion": "Transición Urbana Mixta", "tooltip_html": "<b>AIRES DEL SUR</b><hr>Tipología: <span style='color:#38bdf8'>Transición Urbana Mixta</span><br>Pob: 500.0<br>Score Infra: <b style='color:#e2e8f0'>Muy Baja</b>" }, "geometry": { "type": "Point", "coordinates": [ -64.1844, -31.4642 ] } },
{ "type": "Feature", "properties": { "barrio": "ALBERDI", "poblacion": 32729.0, "infraestructura_score": 0.1507, "categoria_infraestructura": "Media", "cluster_descripcion": "Transición Urbana Mixta", "tooltip_html": "<b>ALBERDI</b><hr>Tipología: <span style='color:#38bdf8'>Transición Urbana Mixta</span><br>Pob: 32729.0<br>Score Infra: <b style='color:#e2e8f0'>Media</b>" }, "geometry": { "type": "Point", "coordinates": [ -64.2022, -31.4084 ] } },
{ "type": "Feature", "properties": { "barrio": "ALBORADA NORTE", "poblacion": 500.0, "infraestructura_score": 0.4444, "categoria_infraestructura": "Muy Alta", "cluster_descripcion": "Núcleo Consolidado (Alta Infraestructura)", "tooltip_html": "<b>ALBORADA NORTE</b><hr>Tipología: <span style='color:#38bdf8'>Núcleo Consolidado (Alta Infraestructura)</span><br>Pob: 500.0<br>Score Infra: <b style='color:#e2e8f0'>Muy Alta</b>" }, "geometry": { "type": "Point", "coordinates": [ -64.2683, -31.3417 ] } },
{ "type": "Feature", "properties": { "barrio": "ALBORADA SUR", "poblacion": 500.0, "infraestructura_score": 0.2593, "categoria_infraestructura": "Alta", "cluster_descripcion": "Transición Urbana Mixta", "tooltip_html": "<b>ALBORADA SUR</b><hr>Tipología: <span style='color:#38bdf8'>Transición Urbana Mixta</span><br>Pob: 500.0<br>Score Infra: <b style='color:#e2e8f0'>Alta</b>" }, "geometry": { "type": "Point", "coordinates": [ -64.2251, -31.3621 ] } },
{ "type": "Feature", "properties": { "barrio": "ALEJANDRO CENTENO", "poblacion": 1231.0, "infraestructura_score": 0.2628, "categoria_infraestructura": "Alta", "cluster_descripcion": "Transición Urbana Mixta", "tooltip_html": "<b>ALEJANDRO CENTENO</b><hr>Tipología: <span style='color:#38bdf8'>Transición Urbana Mixta</span><br>Pob: 1231.0<br>Score Infra: <b style='color:#e2e8f0'>Alta</b>" }, "geometry": { "type": "Point", "coordinates": [ -64.2315, -31.3583 ] } },
{ "type": "Feature", "properties": { "barrio": "ALMIRANTE BROWN", "poblacion": 1019.0, "infraestructura_score": 0.2451, "categoria_infraestructura": "Alta", "cluster_descripcion": "Transición Urbana Mixta", "tooltip_html": "<b>ALMIRANTE BROWN</b><hr>Tipología: <span style='color:#38bdf8'>Transición Urbana Mixta</span><br>Pob: 1019.0<br>Score Infra: <b style='color:#e2e8f0'>Alta</b>" }, "geometry": { "type": "Point", "coordinates": [ -64.0911, -31.4616 ] } },
{ "type": "Feature", "properties": { "barrio": "ALTA CORDOBA", "poblacion": 34575.0, "infraestructura_score": 0.1033, "categoria_infraestructura": "Baja", "cluster_descripcion": "Transición Urbana Mixta", "tooltip_html": "<b>ALTA CORDOBA</b><hr>Tipología: <span style='color:#38bdf8'>Transición Urbana Mixta</span><br>Pob: 34575.0<br>Score Infra: <b style='color:#e2e8f0'>Baja</b>" }, "geometry": { "type": "Point", "coordinates": [ -64.1842, -31.3904 ] } },
{ "type": "Feature", "properties": { "barrio": "ALTAMIRA", "poblacion": 6103.0, "infraestructura_score": 0.1293, "categoria_infraestructura": "Baja", "cluster_descripcion": "Transición Urbana Mixta", "tooltip_html": "<b>ALTAMIRA</b><hr>Tipología: <span style='color:#38bdf8'>Transición Urbana Mixta</span><br>Pob: 6103.0<br>Score Infra: <b style='color:#e2e8f0'>Baja</b>" }, "geometry": { "type": "Point", "coordinates": [ -64.1313, -31.4252 ] } },
{ "type": "Feature", "properties": { "barrio": "ALTO ALBERDI", "poblacion": 30472.0, "infraestructura_score": 0.1782, "categoria_infraestructura": "Media", "cluster_descripcion": "Transición Urbana Mixta", "tooltip_html": "<b>ALTO ALBERDI</b><hr>Tipología: <span style='color:#38bdf8'>Transición Urbana Mixta</span><br>Pob: 30472.0<br>Score Infra: <b style='color:#e2e8f0'>Media</b>" }, "geometry": { "type": "Point", "coordinates": [ -64.2199, -31.4078 ] } },
{ "type": "Feature", "properties": { "barrio": "ALTO DE DON BOSCO", "poblacion": 675.0, "infraestructura_score": 0.0, "categoria_infraestructura": "Muy Baja", "cluster_descripcion": "Transición Urbana Mixta", "tooltip_html": "<b>ALTO DE DON BOSCO</b><hr>Tipología: <span style='color:#38bdf8'>Transición Urbana Mixta</span><br>Pob: 675.0<br>Score Infra: <b style='color:#e2e8f0'>Muy Baja</b>" }, "geometry": { "type": "Point", "coordinates": [ -64.2658, -31.387 ] } },
{ "type": "Feature", "properties": { "barrio": "ALTO DE SANTA ANA", "poblacion": 1508.0, "infraestructura_score": 0.0737, "categoria_infraestructura": "Muy Baja", "cluster_descripcion": "Transición Urbana Mixta", "tooltip_html": "<b>ALTO DE SANTA ANA</b><hr>Tipología: <span style='color:#38bdf8'>Transición Urbana Mixta</span><br>Pob: 1508.0<br>Score Infra: <b style='color:#e2e8f0'>Muy Baja</b>" }, "geometry": { "type": "Point", "coordinates": [ -64.2489, -31.4064 ] } },
{ "type": "Feature", "properties": { "barrio": "ALTO HERMOSO", "poblacion": 500.0, "infraestructura_score": 0.2963, "categoria_infraestructura": "Alta", "cluster_descripcion": "Transición Urbana Mixta", "tooltip_html": "<b>ALTO HERMOSO</b><hr>Tipología: <span style='color:#38bdf8'>Transición Urbana Mixta</span><br>Pob: 500.0<br>Score Infra: <b style='color:#e2e8f0'>Alta</b>" }, "geometry": { "type": "Point", "coordinates": [ -64.3053, -31.3303 ] } },
{ "type": "Feature", "properties": { "barrio": "ALTO PALERMO", "poblacion": 923.0, "infraestructura_score": 0.5194, "categoria_infraestructura": "Muy Alta", "cluster_descripcion": "Núcleo Consolidado (Alta Infraestructura)", "tooltip_html": "<b>ALTO PALERMO</b><hr>Tipología: <span style='color:#38bdf8'>Núcleo Consolidado (Alta Infraestructura)</span><br>Pob: 923.0<br>Score Infra: <b style='color:#e2e8f0'>Muy Alta</b>" }, "geometry": { "type": "Point", "coordinates": [ -64.2247, -31.3757 ] } },
{ "type": "Feature", "properties": { "barrio": "ALTO VERDE", "poblacion": 3956.0, "infraestructura_score": 0.1383, "categoria_infraestructura": "Baja", "cluster_descripcion": "Transición Urbana Mixta", "tooltip_html": "<b>ALTO VERDE</b><hr>Tipología: <span style='color:#38bdf8'>Transición Urbana Mixta</span><br>Pob: 3956.0<br>Score Infra: <b style='color:#e2e8f0'>Baja</b>" }, "geometry": { "type": "Point", "coordinates": [ -64.2141, -31.3735 ] } },
{ "type": "Feature", "properties": { "barrio": "ALTOS DE VELEZ SARSFIELD", "poblacion": 1678.0, "infraestructura_score": 0.152, "categoria_infraestructura": "Media", "cluster_descripcion": "Transición Urbana Mixta", "tooltip_html": "<b>ALTOS DE VELEZ SARSFIELD</b><hr>Tipología: <span style='color:#38bdf8'>Transición Urbana Mixta</span><br>Pob: 1678.0<br>Score Infra: <b style='color:#e2e8f0'>Media</b>" }, "geometry": { "type": "Point", "coordinates": [ -64.2141, -31.4483 ] } },
{ "type": "Feature", "properties": { "barrio": "ALTOS DE VILLA CABRERA", "poblacion": 1164.0, "infraestructura_score": 0.346, "categoria_infraestructura": "Alta", "cluster_descripcion": "Transición Urbana Mixta", "tooltip_html": "<b>ALTOS DE VILLA CABRERA</b><hr>Tipología: <span style='color:#38bdf8'>Transición Urbana Mixta</span><br>Pob: 1164.0<br>Score Infra: <b style='color:#e2e8f0'>Alta</b>" }, "geometry": { "type": "Point", "coordinates": [ -64.2196, -31.3812 ] } },
{ "type": "Feature", "properties": { "barrio": "ALTOS SAN MARTIN", "poblacion": 1279.0, "infraestructura_score": 0.1013, "categoria_infraestructura": "Baja", "cluster_descripcion": "Transición Urbana Mixta", "tooltip_html": "<b>ALTOS SAN MARTIN</b><hr>Tipología: <span style='color:#38bdf8'>Transición Urbana Mixta</span><br>Pob: 1279.0<br>Score Infra: <b style='color:#e2e8f0'>Baja</b>" }, "geometry": { "type": "Point", "coordinates": [ -64.2144, -31.3772 ] } },
{ "type": "Feature", "properties": { "barrio": "ALTOS SUD DE SAN VICENTE", "poblacion": 1023.0, "infraestructura_score": 0.0724, "categoria_infraestructura": "Muy Baja", "cluster_descripcion": "Transición Urbana Mixta", "tooltip_html": "<b>ALTOS SUD DE SAN VICENTE</b><hr>Tipología: <span style='color:#38bdf8'>Transición Urbana Mixta</span><br>Pob: 1023.0<br>Score Infra: <b style='color:#e2e8f0'>Muy Baja</b>" }, "geometry": { "type": "Point", "coordinates": [ -64.1409, -31.4371 ] } },
{ "type": "Feature", "properties": { "barrio": "AMEGHINO NORTE", "poblacion": 3781.0, "infraestructura_score": 0.1895, "categoria_infraestructura": "Media", "cluster_descripcion": "Vulnerabilidad y Periferia NBI", "tooltip_html": "<b>AMEGHINO NORTE</b><hr>Tipología: <span style='color:#38bdf8'>Vulnerabilidad y Periferia NBI</span><br>Pob: 3781.0<br>Score Infra: <b style='color:#e2e8f0'>Media</b>" }, "geometry": { "type": "Point", "coordinates": [ -64.2372, -31.4292 ] } },
{ "type": "Feature", "properties": { "barrio": "AMEGHINO SUD", "poblacion": 3449.0, "infraestructura_score": 0.1986, "categoria_infraestructura": "Media", "cluster_descripcion": "Transición Urbana Mixta", "tooltip_html": "<b>AMEGHINO SUD</b><hr>Tipología: <span style='color:#38bdf8'>Transición Urbana Mixta</span><br>Pob: 3449.0<br>Score Infra: <b style='color:#e2e8f0'>Media</b>" }, "geometry": { "type": "Point", "coordinates": [ -64.2376, -31.4344 ] } },
{ "type": "Feature", "properties": { "barrio": "AMPLIACION ALTAMIRA", "poblacion": 1897.0, "infraestructura_score": 0.332, "categoria_infraestructura": "Alta", "cluster_descripcion": "Transición Urbana Mixta", "tooltip_html": "<b>AMPLIACION ALTAMIRA</b><hr>Tipología: <span style='color:#38bdf8'>Transición Urbana Mixta</span><br>Pob: 1897.0<br>Score Infra: <b style='color:#e2e8f0'>Alta</b>" }, "geometry": { "type": "Point", "coordinates": [ -64.1301, -31.4188 ] } },
{ "type": "Feature", "properties": { "barrio": "AMPLIACION BENJAMIN MATIENZO", "poblacion": 2024.0, "infraestructura_score": 0.2105, "categoria_infraestructura": "Media", "cluster_descripcion": "Vulnerabilidad y Periferia NBI", "tooltip_html": "<b>AMPLIACION BENJAMIN MATIENZO</b><hr>Tipología: <span style='color:#38bdf8'>Vulnerabilidad y Periferia NBI</span><br>Pob: 2024.0<br>Score Infra: <b style='color:#e2e8f0'>Media</b>" }, "geometry": { "type": "Point", "coordinates": [ -64.2349, -31.4463 ] } },
{ "type": "Feature", "properties": { "barrio": "AMPLIACION CABO FARINA", "poblacion": 500.0, "infraestructura_score": 0.1111, "categoria_infraestructura": "Baja", "cluster_descripcion": "Transición Urbana Mixta", "tooltip_html": "<b>AMPLIACION CABO FARINA</b><hr>Tipología: <span style='color:#38bdf8'>Transición Urbana Mixta</span><br>Pob: 500.0<br>Score Infra: <b style='color:#e2e8f0'>Baja</b>" }, "geometry": { "type": "Point", "coordinates": [ -64.2149, -31.4615 ] } },
{ "type": "Feature", "properties": { "barrio": "AMPLIACION EMPALME", "poblacion": 3115.0, "infraestructura_score": 0.2559, "categoria_infraestructura": "Alta", "cluster_descripcion": "Transición Urbana Mixta", "tooltip_html": "<b>AMPLIACION EMPALME</b><hr>Tipología: <span style='color:#38bdf8'>Transición Urbana Mixta</span><br>Pob: 3115.0<br>Score Infra: <b style='color:#e2e8f0'>Alta</b>" }, "geometry": { "type": "Point", "coordinates": [ -64.1252, -31.4317 ] } },
{ "type": "Feature", "properties": { "barrio": "AMPLIACION GENERAL ARTIGAS", "poblacion": 2325.0, "infraestructura_score": 0.008, "categoria_infraestructura": "Muy Baja", "cluster_descripcion": "Transición Urbana Mixta", "tooltip_html": "<b>AMPLIACION GENERAL ARTIGAS</b><hr>Tipología: <span style='color:#38bdf8'>Transición Urbana Mixta</span><br>Pob: 2325.0<br>Score Infra: <b style='color:#e2e8f0'>Muy Baja</b>" }, "geometry": { "type": "Point", "coordinates": [ -64.1959, -31.4632 ] } },
{ "type": "Feature", "properties": { "barrio": "AMPLIACION JARDIN ESPINOSA", "poblacion": 519.0, "infraestructura_score": 0.3569, "categoria_infraestructura": "Alta", "cluster_descripcion": "Transición Urbana Mixta", "tooltip_html": "<b>AMPLIACION JARDIN ESPINOSA</b><hr>Tipología: <span style='color:#38bdf8'>Transición Urbana Mixta</span><br>Pob: 519.0<br>Score Infra: <b style='color:#e2e8f0'>Alta</b>" }, "geometry": { "type": "Point", "coordinates": [ -64.1733, -31.4554 ] } },
{ "type": "Feature", "properties": { "barrio": "AMPLIACION JOSE IGNACIO DIAZ SECCION 2", "poblacion": 1883.0, "infraestructura_score": 0.2927, "categoria_infraestructura": "Alta", "cluster_descripcion": "Vulnerabilidad y Periferia NBI", "tooltip_html": "<b>AMPLIACION JOSE IGNACIO DIAZ SECCION 2</b><hr>Tipología: <span style='color:#38bdf8'>Vulnerabilidad y Periferia NBI</span><br>Pob: 1883.0<br>Score Infra: <b style='color:#e2e8f0'>Alta</b>" }, "geometry": { "type": "Point", "coordinates": [ -64.1466, -31.4509 ] } },
{ "type": "Feature", "properties": { "barrio": "AMPLIACION JOSE IGNACIO DIAZ SECCION 3", "poblacion": 668.0, "infraestructura_score": 0.2494, "categoria_infraestructura": "Alta", "cluster_descripcion": "Transición Urbana Mixta", "tooltip_html": "<b>AMPLIACION JOSE IGNACIO DIAZ SECCION 3</b><hr>Tipología: <span style='color:#38bdf8'>Transición Urbana Mixta</span><br>Pob: 668.0<br>Score Infra: <b style='color:#e2e8f0'>Alta</b>" }, "geometry": { "type": "Point", "coordinates": [ -64.1432, -31.4508 ] } },
{ "type": "Feature", "properties": { "barrio": "AMPLIACION KENNEDY", "poblacion": 500.0, "infraestructura_score": 0.4444, "categoria_infraestructura": "Muy Alta", "cluster_descripcion": "Núcleo Consolidado (Alta Infraestructura)", "tooltip_html": "<b>AMPLIACION KENNEDY</b><hr>Tipología: <span style='color:#38bdf8'>Núcleo Consolidado (Alta Infraestructura)</span><br>Pob: 500.0<br>Score Infra: <b style='color:#e2e8f0'>Muy Alta</b>" }, "geometry": { "type": "Point", "coordinates": [ -64.1944, -31.4563 ] } },
{ "type": "Feature", "properties": { "barrio": "AMPLIACION LAS PALMAS", "poblacion": 1750.0, "infraestructura_score": 0.2802, "categoria_infraestructura": "Alta", "cluster_descripcion": "Transición Urbana Mixta", "tooltip_html": "<b>AMPLIACION LAS PALMAS</b><hr>Tipología: <span style='color:#38bdf8'>Transición Urbana Mixta</span><br>Pob: 1750.0<br>Score Infra: <b style='color:#e2e8f0'>Alta</b>" }, "geometry": { "type": "Point", "coordinates": [ -64.2429, -31.4011 ] } },
{ "type": "Feature", "properties": { "barrio": "AMPLIACION LOS ALAMOS", "poblacion": 795.0, "infraestructura_score": 0.1398, "categoria_infraestructura": "Baja", "cluster_descripcion": "Transición Urbana Mixta", "tooltip_html": "<b>AMPLIACION LOS ALAMOS</b><hr>Tipología: <span style='color:#38bdf8'>Transición Urbana Mixta</span><br>Pob: 795.0<br>Score Infra: <b style='color:#e2e8f0'>Baja</b>" }, "geometry": { "type": "Point", "coordinates": [ -64.1543, -31.3644 ] } },
{ "type": "Feature", "properties": { "barrio": "AMPLIACION LOS PLATANOS", "poblacion": 1060.0, "infraestructura_score": 0.0874, "categoria_infraestructura": "Baja", "cluster_descripcion": "Transición Urbana Mixta", "tooltip_html": "<b>AMPLIACION LOS PLATANOS</b><hr>Tipología: <span style='color:#38bdf8'>Transición Urbana Mixta</span><br>Pob: 1060.0<br>Score Infra: <b style='color:#e2e8f0'>Baja</b>" }, "geometry": { "type": "Point", "coordinates": [ -64.2341, -31.4186 ] } },
{ "type": "Feature", "properties": { "barrio": "AMPLIACION PALMAR", "poblacion": 1356.0, "infraestructura_score": 0.2522, "categoria_infraestructura": "Alta", "cluster_descripcion": "Transición Urbana Mixta", "tooltip_html": "<b>AMPLIACION PALMAR</b><hr>Tipología: <span style='color:#38bdf8'>Transición Urbana Mixta</span><br>Pob: 1356.0<br>Score Infra: <b style='color:#e2e8f0'>Alta</b>" }, "geometry": { "type": "Point", "coordinates": [ -64.1203, -31.3875 ] } },
{ "type": "Feature", "properties": { "barrio": "AMPLIACION PANAMERICANO", "poblacion": 1545.0, "infraestructura_score": 0.048, "categoria_infraestructura": "Muy Baja", "cluster_descripcion": "Transición Urbana Mixta", "tooltip_html": "<b>AMPLIACION PANAMERICANO</b><hr>Tipología: <span style='color:#38bdf8'>Transición Urbana Mixta</span><br>Pob: 1545.0<br>Score Infra: <b style='color:#e2e8f0'>Muy Baja</b>" }, "geometry": { "type": "Point", "coordinates": [ -64.18, -31.3655 ] } },
{ "type": "Feature", "properties": { "barrio": "AMPLIACION PARQUE SAN CARLOS", "poblacion": 1070.0, "infraestructura_score": 0.0693, "categoria_infraestructura": "Muy Baja", "cluster_descripcion": "Transición Urbana Mixta", "tooltip_html": "<b>AMPLIACION PARQUE SAN CARLOS</b><hr>Tipología: <span style='color:#38bdf8'>Transición Urbana Mixta</span><br>Pob: 1070.0<br>Score Infra: <b style='color:#e2e8f0'>Muy Baja</b>" }, "geometry": { "type": "Point", "coordinates": [ -64.1564, -31.45 ] } },
{ "type": "Feature", "properties": { "barrio": "AMPLIACION POETA LUGONES", "poblacion": 2830.0, "infraestructura_score": 0.0832, "categoria_infraestructura": "Baja", "cluster_descripcion": "Transición Urbana Mixta", "tooltip_html": "<b>AMPLIACION POETA LUGONES</b><hr>Tipología: <span style='color:#38bdf8'>Transición Urbana Mixta</span><br>Pob: 2830.0<br>Score Infra: <b style='color:#e2e8f0'>Baja</b>" }, "geometry": { "type": "Point", "coordinates": [ -64.2228, -31.3598 ] } },
{ "type": "Feature", "properties": { "barrio": "AMPLIACION PRIMERO DE MAYO", "poblacion": 1690.0, "infraestructura_score": 0.1893, "categoria_infraestructura": "Media", "cluster_descripcion": "Vulnerabilidad y Periferia NBI", "tooltip_html": "<b>AMPLIACION PRIMERO DE MAYO</b><hr>Tipología: <span style='color:#38bdf8'>Vulnerabilidad y Periferia NBI</span><br>Pob: 1690.0<br>Score Infra: <b style='color:#e2e8f0'>Media</b>" }, "geometry": { "type": "Point", "coordinates": [ -64.1123, -31.4437 ] } },
{ "type": "Feature", "properties": { "barrio": "AMPLIACION PUEYRREDON", "poblacion": 1809.0, "infraestructura_score": 0.3349, "categoria_infraestructura": "Alta", "cluster_descripcion": "Transición Urbana Mixta", "tooltip_html": "<b>AMPLIACION PUEYRREDON</b><hr>Tipología: <span style='color:#38bdf8'>Transición Urbana Mixta</span><br>Pob: 1809.0<br>Score Infra: <b style='color:#e2e8f0'>Alta</b>" }, "geometry": { "type": "Point", "coordinates": [ -64.1451, -31.3937 ] } },
{ "type": "Feature", "properties": { "barrio": "AMPLIACION RESIDENCIAL AMERICA", "poblacion": 5488.0, "infraestructura_score": 0.1192, "categoria_infraestructura": "Baja", "cluster_descripcion": "Transición Urbana Mixta", "tooltip_html": "<b>AMPLIACION RESIDENCIAL AMERICA</b><hr>Tipología: <span style='color:#38bdf8'>Transición Urbana Mixta</span><br>Pob: 5488.0<br>Score Infra: <b style='color:#e2e8f0'>Baja</b>" }, "geometry": { "type": "Point", "coordinates": [ -64.1612, -31.376 ] } },
{ "type": "Feature", "properties": { "barrio": "AMPLIACION ROSEDAL", "poblacion": 3123.0, "infraestructura_score": 0.1542, "categoria_infraestructura": "Media", "cluster_descripcion": "Transición Urbana Mixta", "tooltip_html": "<b>AMPLIACION ROSEDAL</b><hr>Tipología: <span style='color:#38bdf8'>Transición Urbana Mixta</span><br>Pob: 3123.0<br>Score Infra: <b style='color:#e2e8f0'>Media</b>" }, "geometry": { "type": "Point", "coordinates": [ -64.2242, -31.44 ] } },
{ "type": "Feature", "properties": { "barrio": "AMPLIACION SAN FERNANDO", "poblacion": 3375.0, "infraestructura_score": 0.0274, "categoria_infraestructura": "Muy Baja", "cluster_descripcion": "Transición Urbana Mixta", "tooltip_html": "<b>AMPLIACION SAN FERNANDO</b><hr>Tipología: <span style='color:#38bdf8'>Transición Urbana Mixta</span><br>Pob: 3375.0<br>Score Infra: <b style='color:#e2e8f0'>Muy Baja</b>" }, "geometry": { "type": "Point", "coordinates": [ -64.1916, -31.4535 ] } },
{ "type": "Feature", "properties": { "barrio": "AMPLIACION SAN PABLO", "poblacion": 2247.0, "infraestructura_score": 0.1648, "categoria_infraestructura": "Media", "cluster_descripcion": "Transición Urbana Mixta", "tooltip_html": "<b>AMPLIACION SAN PABLO</b><hr>Tipología: <span style='color:#38bdf8'>Transición Urbana Mixta</span><br>Pob: 2247.0<br>Score Infra: <b style='color:#e2e8f0'>Media</b>" }, "geometry": { "type": "Point", "coordinates": [ -64.1597, -31.452 ] } },
{ "type": "Feature", "properties": { "barrio": "AMPLIACION URCA", "poblacion": 2059.0, "infraestructura_score": 0.0, "categoria_infraestructura": "Muy Baja", "cluster_descripcion": "Transición Urbana Mixta", "tooltip_html": "<b>AMPLIACION URCA</b><hr>Tipología: <span style='color:#38bdf8'>Transición Urbana Mixta</span><br>Pob: 2059.0<br>Score Infra: <b style='color:#e2e8f0'>Muy Baja</b>" }, "geometry": { "type": "Point", "coordinates": [ -64.2397, -31.3861 ] } },
{ "type": "Feature", "properties": { "barrio": "AMPLIACION VELEZ SARSFIELD", "poblacion": 1625.0, "infraestructura_score": 0.1139, "categoria_infraestructura": "Baja", "cluster_descripcion": "Transición Urbana Mixta", "tooltip_html": "<b>AMPLIACION VELEZ SARSFIELD</b><hr>Tipología: <span style='color:#38bdf8'>Transición Urbana Mixta</span><br>Pob: 1625.0<br>Score Infra: <b style='color:#e2e8f0'>Baja</b>" }, "geometry": { "type": "Point", "coordinates": [ -64.2156, -31.4536 ] } },
{ "type": "Feature", "properties": { "barrio": "ANA MARIA ZUMARAN", "poblacion": 3542.0, "infraestructura_score": 0.1687, "categoria_infraestructura": "Media", "cluster_descripcion": "Transición Urbana Mixta", "tooltip_html": "<b>ANA MARIA ZUMARAN</b><hr>Tipología: <span style='color:#38bdf8'>Transición Urbana Mixta</span><br>Pob: 3542.0<br>Score Infra: <b style='color:#e2e8f0'>Media</b>" }, "geometry": { "type": "Point", "coordinates": [ -64.2013, -31.3789 ] } },
{ "type": "Feature", "properties": { "barrio": "ANEXO LOS ALAMOS", "poblacion": 757.0, "infraestructura_score": 0.1713, "categoria_infraestructura": "Media", "cluster_descripcion": "Anillos Densos Poblacionales", "tooltip_html": "<b>ANEXO LOS ALAMOS</b><hr>Tipología: <span style='color:#38bdf8'>Anillos Densos Poblacionales</span><br>Pob: 757.0<br>Score Infra: <b style='color:#e2e8f0'>Media</b>" }, "geometry": { "type": "Point", "coordinates": [ -64.1595, -31.3667 ] } },
{ "type": "Feature", "properties": { "barrio": "APEADERO LA TABLADA", "poblacion": 500.0, "infraestructura_score": 0.0741, "categoria_infraestructura": "Muy Baja", "cluster_descripcion": "Transición Urbana Mixta", "tooltip_html": "<b>APEADERO LA TABLADA</b><hr>Tipología: <span style='color:#38bdf8'>Transición Urbana Mixta</span><br>Pob: 500.0<br>Score Infra: <b style='color:#e2e8f0'>Muy Baja</b>" }, "geometry": { "type": "Point", "coordinates": [ -64.2356, -31.352 ] } },
{ "type": "Feature", "properties": { "barrio": "ARGUELLO", "poblacion": 14865.0, "infraestructura_score": 0.1304, "categoria_infraestructura": "Baja", "cluster_descripcion": "Transición Urbana Mixta", "tooltip_html": "<b>ARGUELLO</b><hr>Tipología: <span style='color:#38bdf8'>Transición Urbana Mixta</span><br>Pob: 14865.0<br>Score Infra: <b style='color:#e2e8f0'>Baja</b>" }, "geometry": { "type": "Point", "coordinates": [ -64.2621, -31.3462 ] } },
{ "type": "Feature", "properties": { "barrio": "ARGUELLO II", "poblacion": 2677.0, "infraestructura_score": 0.0728, "categoria_infraestructura": "Muy Baja", "cluster_descripcion": "Vulnerabilidad y Periferia NBI", "tooltip_html": "<b>ARGUELLO II</b><hr>Tipología: <span style='color:#38bdf8'>Vulnerabilidad y Periferia NBI</span><br>Pob: 2677.0<br>Score Infra: <b style='color:#e2e8f0'>Muy Baja</b>" }, "geometry": { "type": "Point", "coordinates": [ -64.2422, -31.3247 ] } },
{ "type": "Feature", "properties": { "barrio": "ARGUELLO NORTE", "poblacion": 15574.0, "infraestructura_score": 0.1269, "categoria_infraestructura": "Baja", "cluster_descripcion": "Vulnerabilidad y Periferia NBI", "tooltip_html": "<b>ARGUELLO NORTE</b><hr>Tipología: <span style='color:#38bdf8'>Vulnerabilidad y Periferia NBI</span><br>Pob: 15574.0<br>Score Infra: <b style='color:#e2e8f0'>Baja</b>" }, "geometry": { "type": "Point", "coordinates": [ -64.2488, -31.3308 ] } },
{ "type": "Feature", "properties": { "barrio": "ARTURO CAPDEVILA", "poblacion": 1818.0, "infraestructura_score": 0.336, "categoria_infraestructura": "Alta", "cluster_descripcion": "Transición Urbana Mixta", "tooltip_html": "<b>ARTURO CAPDEVILA</b><hr>Tipología: <span style='color:#38bdf8'>Transición Urbana Mixta</span><br>Pob: 1818.0<br>Score Infra: <b style='color:#e2e8f0'>Alta</b>" }, "geometry": { "type": "Point", "coordinates": [ -64.1312, -31.3762 ] } },
{ "type": "Feature", "properties": { "barrio": "ATE", "poblacion": 968.0, "infraestructura_score": 0.2487, "categoria_infraestructura": "Alta", "cluster_descripcion": "Transición Urbana Mixta", "tooltip_html": "<b>ATE</b><hr>Tipología: <span style='color:#38bdf8'>Transición Urbana Mixta</span><br>Pob: 968.0<br>Score Infra: <b style='color:#e2e8f0'>Alta</b>" }, "geometry": { "type": "Point", "coordinates": [ -64.2308, -31.4342 ] } },
{ "type": "Feature", "properties": { "barrio": "AVENIDA", "poblacion": 1121.0, "infraestructura_score": 0.2686, "categoria_infraestructura": "Alta", "cluster_descripcion": "Transición Urbana Mixta", "tooltip_html": "<b>AVENIDA</b><hr>Tipología: <span style='color:#38bdf8'>Transición Urbana Mixta</span><br>Pob: 1121.0<br>Score Infra: <b style='color:#e2e8f0'>Alta</b>" }, "geometry": { "type": "Point", "coordinates": [ -64.217, -31.4281 ] } },
{ "type": "Feature", "properties": { "barrio": "AYACUCHO", "poblacion": 4356.0, "infraestructura_score": 0.2253, "categoria_infraestructura": "Alta", "cluster_descripcion": "Transición Urbana Mixta", "tooltip_html": "<b>AYACUCHO</b><hr>Tipología: <span style='color:#38bdf8'>Transición Urbana Mixta</span><br>Pob: 4356.0<br>Score Infra: <b style='color:#e2e8f0'>Alta</b>" }, "geometry": { "type": "Point", "coordinates": [ -64.171, -31.3791 ] } },
{ "type": "Feature", "properties": { "barrio": "BAJADA DE PIEDRA", "poblacion": 889.0, "infraestructura_score": 0.25, "categoria_infraestructura": "Alta", "cluster_descripcion": "Vulnerabilidad y Periferia NBI", "tooltip_html": "<b>BAJADA DE PIEDRA</b><hr>Tipología: <span style='color:#38bdf8'>Vulnerabilidad y Periferia NBI</span><br>Pob: 889.0<br>Score Infra: <b style='color:#e2e8f0'>Alta</b>" }, "geometry": { "type": "Point", "coordinates": [ -64.1451, -31.4148 ] } },
{ "type": "Feature", "properties": { "barrio": "BAJADA SAN ROQUE", "poblacion": 500.0, "infraestructura_score": 0.2869, "categoria_infraestructura": "Alta", "cluster_descripcion": "Transición Urbana Mixta", "tooltip_html": "<b>BAJADA SAN ROQUE</b><hr>Tipología: <span style='color:#38bdf8'>Transición Urbana Mixta</span><br>Pob: 500.0<br>Score Infra: <b style='color:#e2e8f0'>Alta</b>" }, "geometry": { "type": "Point", "coordinates": [ -64.205, -31.427 ] } },
{ "type": "Feature", "properties": { "barrio": "BAJO GALAN", "poblacion": 810.0, "infraestructura_score": 0.6409, "categoria_infraestructura": "Muy Alta", "cluster_descripcion": "Núcleo Consolidado (Alta Infraestructura)", "tooltip_html": "<b>BAJO GALAN</b><hr>Tipología: <span style='color:#38bdf8'>Núcleo Consolidado (Alta Infraestructura)</span><br>Pob: 810.0<br>Score Infra: <b style='color:#e2e8f0'>Muy Alta</b>" }, "geometry": { "type": "Point", "coordinates": [ -64.2021, -31.3931 ] } },
{ "type": "Feature", "properties": { "barrio": "BAJO GENERAL PAZ", "poblacion": 1223.0, "infraestructura_score": 0.6714, "categoria_infraestructura": "Muy Alta", "cluster_descripcion": "Núcleo Consolidado (Alta Infraestructura)", "tooltip_html": "<b>BAJO GENERAL PAZ</b><hr>Tipología: <span style='color:#38bdf8'>Núcleo Consolidado (Alta Infraestructura)</span><br>Pob: 1223.0<br>Score Infra: <b style='color:#e2e8f0'>Muy Alta</b>" }, "geometry": { "type": "Point", "coordinates": [ -64.1586, -31.415 ] } },
{ "type": "Feature", "properties": { "barrio": "BARRANCAS DEL SUR", "poblacion": 500.0, "infraestructura_score": 0.1111, "categoria_infraestructura": "Baja", "cluster_descripcion": "Transición Urbana Mixta", "tooltip_html": "<b>BARRANCAS DEL SUR</b><hr>Tipología: <span style='color:#38bdf8'>Transición Urbana Mixta</span><br>Pob: 500.0<br>Score Infra: <b style='color:#e2e8f0'>Baja</b>" }, "geometry": { "type": "Point", "coordinates": [ -64.1844, -31.463 ] } },
{ "type": "Feature", "properties": { "barrio": "BELLA VISTA", "poblacion": 4607.0, "infraestructura_score": 0.1118, "categoria_infraestructura": "Baja", "cluster_descripcion": "Transición Urbana Mixta", "tooltip_html": "<b>BELLA VISTA</b><hr>Tipología: <span style='color:#38bdf8'>Transición Urbana Mixta</span><br>Pob: 4607.0<br>Score Infra: <b style='color:#e2e8f0'>Baja</b>" }, "geometry": { "type": "Point", "coordinates": [ -64.2018, -31.4311 ] } },
{ "type": "Feature", "properties": { "barrio": "BELLA VISTA OESTE", "poblacion": 1828.0, "infraestructura_score": 0.0406, "categoria_infraestructura": "Muy Baja", "cluster_descripcion": "Transición Urbana Mixta", "tooltip_html": "<b>BELLA VISTA OESTE</b><hr>Tipología: <span style='color:#38bdf8'>Transición Urbana Mixta</span><br>Pob: 1828.0<br>Score Infra: <b style='color:#e2e8f0'>Muy Baja</b>" }, "geometry": { "type": "Point", "coordinates": [ -64.2076, -31.4326 ] } },
{ "type": "Feature", "properties": { "barrio": "BETANIA", "poblacion": 1992.0, "infraestructura_score": 0.093, "categoria_infraestructura": "Baja", "cluster_descripcion": "Vulnerabilidad y Periferia NBI", "tooltip_html": "<b>BETANIA</b><hr>Tipología: <span style='color:#38bdf8'>Vulnerabilidad y Periferia NBI</span><br>Pob: 1992.0<br>Score Infra: <b style='color:#e2e8f0'>Baja</b>" }, "geometry": { "type": "Point", "coordinates": [ -64.091, -31.4568 ] } },
{ "type": "Feature", "properties": { "barrio": "BH_CAMINO A 60 CUADRAS", "poblacion": 1615.0, "infraestructura_score": 0.0, "categoria_infraestructura": "Muy Baja", "cluster_descripcion": "Vulnerabilidad y Periferia NBI", "tooltip_html": "<b>BH_CAMINO A 60 CUADRAS</b><hr>Tipología: <span style='color:#38bdf8'>Vulnerabilidad y Periferia NBI</span><br>Pob: 1615.0<br>Score Infra: <b style='color:#e2e8f0'>Muy Baja</b>" }, "geometry": { "type": "Point", "coordinates": [ -64.1435, -31.4989 ] } },
{ "type": "Feature", "properties": { "barrio": "BIALET MASSE", "poblacion": 2091.0, "infraestructura_score": 0.2392, "categoria_infraestructura": "Alta", "cluster_descripcion": "Transición Urbana Mixta", "tooltip_html": "<b>BIALET MASSE</b><hr>Tipología: <span style='color:#38bdf8'>Transición Urbana Mixta</span><br>Pob: 2091.0<br>Score Infra: <b style='color:#e2e8f0'>Alta</b>" }, "geometry": { "type": "Point", "coordinates": [ -64.1651, -31.4525 ] } },
{ "type": "Feature", "properties": { "barrio": "BOEDO", "poblacion": 2664.0, "infraestructura_score": 0.0417, "categoria_infraestructura": "Muy Baja", "cluster_descripcion": "Vulnerabilidad y Periferia NBI", "tooltip_html": "<b>BOEDO</b><hr>Tipología: <span style='color:#38bdf8'>Vulnerabilidad y Periferia NBI</span><br>Pob: 2664.0<br>Score Infra: <b style='color:#e2e8f0'>Muy Baja</b>" }, "geometry": { "type": "Point", "coordinates": [ -64.1082, -31.432 ] } },
{ "type": "Feature", "properties": { "barrio": "BRIGADIER SAN MARTIN", "poblacion": 500.0, "infraestructura_score": 0.7778, "categoria_infraestructura": "Muy Alta", "cluster_descripcion": "Núcleo Consolidado (Alta Infraestructura)", "tooltip_html": "<b>BRIGADIER SAN MARTIN</b><hr>Tipología: <span style='color:#38bdf8'>Núcleo Consolidado (Alta Infraestructura)</span><br>Pob: 500.0<br>Score Infra: <b style='color:#e2e8f0'>Muy Alta</b>" }, "geometry": { "type": "Point", "coordinates": [ -64.2395, -31.3411 ] } },
{ "type": "Feature", "properties": { "barrio": "CABANA DEL PILAR", "poblacion": 500.0, "infraestructura_score": 0.4444, "categoria_infraestructura": "Muy Alta", "cluster_descripcion": "Núcleo Consolidado (Alta Infraestructura)", "tooltip_html": "<b>CABANA DEL PILAR</b><hr>Tipología: <span style='color:#38bdf8'>Núcleo Consolidado (Alta Infraestructura)</span><br>Pob: 500.0<br>Score Infra: <b style='color:#e2e8f0'>Muy Alta</b>" }, "geometry": { "type": "Point", "coordinates": [ -64.1677, -31.4423 ] } },
{ "type": "Feature", "properties": { "barrio": "CABO FARINA", "poblacion": 4574.0, "infraestructura_score": 0.1055, "categoria_infraestructura": "Baja", "cluster_descripcion": "Vulnerabilidad y Periferia NBI", "tooltip_html": "<b>CABO FARINA</b><hr>Tipología: <span style='color:#38bdf8'>Vulnerabilidad y Periferia NBI</span><br>Pob: 4574.0<br>Score Infra: <b style='color:#e2e8f0'>Baja</b>" }, "geometry": { "type": "Point", "coordinates": [ -64.2075, -31.4655 ] } },
{ "type": "Feature", "properties": { "barrio": "CACERES", "poblacion": 875.0, "infraestructura_score": 0.4817, "categoria_infraestructura": "Muy Alta", "cluster_descripcion": "Núcleo Consolidado (Alta Infraestructura)", "tooltip_html": "<b>CACERES</b><hr>Tipología: <span style='color:#38bdf8'>Núcleo Consolidado (Alta Infraestructura)</span><br>Pob: 875.0<br>Score Infra: <b style='color:#e2e8f0'>Muy Alta</b>" }, "geometry": { "type": "Point", "coordinates": [ -64.1996, -31.4335 ] } },
{ "type": "Feature", "properties": { "barrio": "CALIFORNIA", "poblacion": 600.0, "infraestructura_score": 0.3627, "categoria_infraestructura": "Muy Alta", "cluster_descripcion": "Núcleo Consolidado (Alta Infraestructura)", "tooltip_html": "<b>CALIFORNIA</b><hr>Tipología: <span style='color:#38bdf8'>Núcleo Consolidado (Alta Infraestructura)</span><br>Pob: 600.0<br>Score Infra: <b style='color:#e2e8f0'>Muy Alta</b>" }, "geometry": { "type": "Point", "coordinates": [ -64.2049, -31.4512 ] } },
{ "type": "Feature", "properties": { "barrio": "CAMINO A SAN CARLOS", "poblacion": 1123.0, "infraestructura_score": 0.0, "categoria_infraestructura": "Muy Baja", "cluster_descripcion": "Vulnerabilidad y Periferia NBI", "tooltip_html": "<b>CAMINO A SAN CARLOS</b><hr>Tipología: <span style='color:#38bdf8'>Vulnerabilidad y Periferia NBI</span><br>Pob: 1123.0<br>Score Infra: <b style='color:#e2e8f0'>Muy Baja</b>" }, "geometry": { "type": "Point", "coordinates": [ -64.1602, -31.4984 ] } },
{ "type": "Feature", "properties": { "barrio": "CAMINO A VILLA POSSE", "poblacion": 500.0, "infraestructura_score": 0.4257, "categoria_infraestructura": "Muy Alta", "cluster_descripcion": "Núcleo Consolidado (Alta Infraestructura)", "tooltip_html": "<b>CAMINO A VILLA POSSE</b><hr>Tipología: <span style='color:#38bdf8'>Núcleo Consolidado (Alta Infraestructura)</span><br>Pob: 500.0<br>Score Infra: <b style='color:#e2e8f0'>Muy Alta</b>" }, "geometry": { "type": "Point", "coordinates": [ -64.1016, -31.4454 ] } },
{ "type": "Feature", "properties": { "barrio": "CAMPING GRL SAN MARTIN", "poblacion": 500.0, "infraestructura_score": 0.0, "categoria_infraestructura": "Muy Baja", "cluster_descripcion": "Transición Urbana Mixta", "tooltip_html": "<b>CAMPING GRL SAN MARTIN</b><hr>Tipología: <span style='color:#38bdf8'>Transición Urbana Mixta</span><br>Pob: 500.0<br>Score Infra: <b style='color:#e2e8f0'>Muy Baja</b>" }, "geometry": { "type": "Point", "coordinates": [ -64.2619, -31.3644 ] } },
{ "type": "Feature", "properties": { "barrio": "CARBO", "poblacion": 1444.0, "infraestructura_score": 0.6326, "categoria_infraestructura": "Muy Alta", "cluster_descripcion": "Núcleo Consolidado (Alta Infraestructura)", "tooltip_html": "<b>CARBO</b><hr>Tipología: <span style='color:#38bdf8'>Núcleo Consolidado (Alta Infraestructura)</span><br>Pob: 1444.0<br>Score Infra: <b style='color:#e2e8f0'>Muy Alta</b>" }, "geometry": { "type": "Point", "coordinates": [ -64.2062, -31.4815 ] } },
{ "type": "Feature", "properties": { "barrio": "CAROLA LORENZINI", "poblacion": 500.0, "infraestructura_score": 0.2593, "categoria_infraestructura": "Alta", "cluster_descripcion": "Transición Urbana Mixta", "tooltip_html": "<b>CAROLA LORENZINI</b><hr>Tipología: <span style='color:#38bdf8'>Transición Urbana Mixta</span><br>Pob: 500.0<br>Score Infra: <b style='color:#e2e8f0'>Alta</b>" }, "geometry": { "type": "Point", "coordinates": [ -64.2143, -31.4288 ] } },
{ "type": "Feature", "properties": { "barrio": "CARRARA", "poblacion": 500.0, "infraestructura_score": 0.5926, "categoria_infraestructura": "Muy Alta", "cluster_descripcion": "Núcleo Consolidado (Alta Infraestructura)", "tooltip_html": "<b>CARRARA</b><hr>Tipología: <span style='color:#38bdf8'>Núcleo Consolidado (Alta Infraestructura)</span><br>Pob: 500.0<br>Score Infra: <b style='color:#e2e8f0'>Muy Alta</b>" }, "geometry": { "type": "Point", "coordinates": [ -64.2571, -31.454 ] } },
{ "type": "Feature", "properties": { "barrio": "CASEROS", "poblacion": 1497.0, "infraestructura_score": 0.1702, "categoria_infraestructura": "Media", "cluster_descripcion": "Transición Urbana Mixta", "tooltip_html": "<b>CASEROS</b><hr>Tipología: <span style='color:#38bdf8'>Transición Urbana Mixta</span><br>Pob: 1497.0<br>Score Infra: <b style='color:#e2e8f0'>Media</b>" }, "geometry": { "type": "Point", "coordinates": [ -64.2083, -31.4142 ] } },
{ "type": "Feature", "properties": { "barrio": "CENTRO", "poblacion": 28200.0, "infraestructura_score": 0.2024, "categoria_infraestructura": "Media", "cluster_descripcion": "Transición Urbana Mixta", "tooltip_html": "<b>CENTRO</b><hr>Tipología: <span style='color:#38bdf8'>Transición Urbana Mixta</span><br>Pob: 28200.0<br>Score Infra: <b style='color:#e2e8f0'>Media</b>" }, "geometry": { "type": "Point", "coordinates": [ -64.1835, -31.4178 ] } },
{ "type": "Feature", "properties": { "barrio": "CENTRO AMERICA", "poblacion": 5529.0, "infraestructura_score": 0.116, "categoria_infraestructura": "Baja", "cluster_descripcion": "Transición Urbana Mixta", "tooltip_html": "<b>CENTRO AMERICA</b><hr>Tipología: <span style='color:#38bdf8'>Transición Urbana Mixta</span><br>Pob: 5529.0<br>Score Infra: <b style='color:#e2e8f0'>Baja</b>" }, "geometry": { "type": "Point", "coordinates": [ -64.1696, -31.3711 ] } },
{ "type": "Feature", "properties": { "barrio": "CERRO CHICO", "poblacion": 2719.0, "infraestructura_score": 0.1702, "categoria_infraestructura": "Media", "cluster_descripcion": "Transición Urbana Mixta", "tooltip_html": "<b>CERRO CHICO</b><hr>Tipología: <span style='color:#38bdf8'>Transición Urbana Mixta</span><br>Pob: 2719.0<br>Score Infra: <b style='color:#e2e8f0'>Media</b>" }, "geometry": { "type": "Point", "coordinates": [ -64.2219, -31.3661 ] } },
{ "type": "Feature", "properties": { "barrio": "CERRO DE LAS ROSAS", "poblacion": 5947.0, "infraestructura_score": 0.3667, "categoria_infraestructura": "Muy Alta", "cluster_descripcion": "Transición Urbana Mixta", "tooltip_html": "<b>CERRO DE LAS ROSAS</b><hr>Tipología: <span style='color:#38bdf8'>Transición Urbana Mixta</span><br>Pob: 5947.0<br>Score Infra: <b style='color:#e2e8f0'>Muy Alta</b>" }, "geometry": { "type": "Point", "coordinates": [ -64.2338, -31.3721 ] } },
{ "type": "Feature", "properties": { "barrio": "CERRO NORTE", "poblacion": 5374.0, "infraestructura_score": 0.0842, "categoria_infraestructura": "Baja", "cluster_descripcion": "Transición Urbana Mixta", "tooltip_html": "<b>CERRO NORTE</b><hr>Tipología: <span style='color:#38bdf8'>Transición Urbana Mixta</span><br>Pob: 5374.0<br>Score Infra: <b style='color:#e2e8f0'>Baja</b>" }, "geometry": { "type": "Point", "coordinates": [ -64.2769, -31.321 ] } },
{ "type": "Feature", "properties": { "barrio": "CERVECEROS", "poblacion": 3893.0, "infraestructura_score": 0.227, "categoria_infraestructura": "Alta", "cluster_descripcion": "Transición Urbana Mixta", "tooltip_html": "<b>CERVECEROS</b><hr>Tipología: <span style='color:#38bdf8'>Transición Urbana Mixta</span><br>Pob: 3893.0<br>Score Infra: <b style='color:#e2e8f0'>Alta</b>" }, "geometry": { "type": "Point", "coordinates": [ -64.159, -31.4646 ] } },
{ "type": "Feature", "properties": { "barrio": "CHATEAU CARRERAS", "poblacion": 1624.0, "infraestructura_score": 0.6156, "categoria_infraestructura": "Muy Alta", "cluster_descripcion": "Núcleo Consolidado (Alta Infraestructura)", "tooltip_html": "<b>CHATEAU CARRERAS</b><hr>Tipología: <span style='color:#38bdf8'>Núcleo Consolidado (Alta Infraestructura)</span><br>Pob: 1624.0<br>Score Infra: <b style='color:#e2e8f0'>Muy Alta</b>" }, "geometry": { "type": "Point", "coordinates": [ -64.2552, -31.3817 ] } },
{ "type": "Feature", "properties": { "barrio": "CIRCUNVALACION", "poblacion": 500.0, "infraestructura_score": 0.4444, "categoria_infraestructura": "Muy Alta", "cluster_descripcion": "Núcleo Consolidado (Alta Infraestructura)", "tooltip_html": "<b>CIRCUNVALACION</b><hr>Tipología: <span style='color:#38bdf8'>Núcleo Consolidado (Alta Infraestructura)</span><br>Pob: 500.0<br>Score Infra: <b style='color:#e2e8f0'>Muy Alta</b>" }, "geometry": { "type": "Point", "coordinates": [ -64.2034, -31.4145 ] } },
{ "type": "Feature", "properties": { "barrio": "CIUDAD AMPLIACION CABILDO", "poblacion": 2593.0, "infraestructura_score": 0.2003, "categoria_infraestructura": "Media", "cluster_descripcion": "Vulnerabilidad y Periferia NBI", "tooltip_html": "<b>CIUDAD AMPLIACION CABILDO</b><hr>Tipología: <span style='color:#38bdf8'>Vulnerabilidad y Periferia NBI</span><br>Pob: 2593.0<br>Score Infra: <b style='color:#e2e8f0'>Media</b>" }, "geometry": { "type": "Point", "coordinates": [ -64.2275, -31.4849 ] } },
{ "type": "Feature", "properties": { "barrio": "CIUDAD AMPLIACION FERREYRA", "poblacion": 500.0, "infraestructura_score": 0.3333, "categoria_infraestructura": "Alta", "cluster_descripcion": "Transición Urbana Mixta", "tooltip_html": "<b>CIUDAD AMPLIACION FERREYRA</b><hr>Tipología: <span style='color:#38bdf8'>Transición Urbana Mixta</span><br>Pob: 500.0<br>Score Infra: <b style='color:#e2e8f0'>Alta</b>" }, "geometry": { "type": "Point", "coordinates": [ -64.1192, -31.4735 ] } },
{ "type": "Feature", "properties": { "barrio": "CIUDAD DE JUAN PABLO II", "poblacion": 2125.0, "infraestructura_score": 0.1479, "categoria_infraestructura": "Media", "cluster_descripcion": "Transición Urbana Mixta", "tooltip_html": "<b>CIUDAD DE JUAN PABLO II</b><hr>Tipología: <span style='color:#38bdf8'>Transición Urbana Mixta</span><br>Pob: 2125.0<br>Score Infra: <b style='color:#e2e8f0'>Media</b>" }, "geometry": { "type": "Point", "coordinates": [ -64.1578, -31.3635 ] } },
{ "type": "Feature", "properties": { "barrio": "CIUDAD DE LAS ARTES", "poblacion": 500.0, "infraestructura_score": 0.3333, "categoria_infraestructura": "Alta", "cluster_descripcion": "Transición Urbana Mixta", "tooltip_html": "<b>CIUDAD DE LAS ARTES</b><hr>Tipología: <span style='color:#38bdf8'>Transición Urbana Mixta</span><br>Pob: 500.0<br>Score Infra: <b style='color:#e2e8f0'>Alta</b>" }, "geometry": { "type": "Point", "coordinates": [ -64.1749, -31.4373 ] } },
{ "type": "Feature", "properties": { "barrio": "CIUDAD DE LOS CUARTETOS", "poblacion": 2204.0, "infraestructura_score": 0.2246, "categoria_infraestructura": "Alta", "cluster_descripcion": "Vulnerabilidad y Periferia NBI", "tooltip_html": "<b>CIUDAD DE LOS CUARTETOS</b><hr>Tipología: <span style='color:#38bdf8'>Vulnerabilidad y Periferia NBI</span><br>Pob: 2204.0<br>Score Infra: <b style='color:#e2e8f0'>Alta</b>" }, "geometry": { "type": "Point", "coordinates": [ -64.1304, -31.3567 ] } },
{ "type": "Feature", "properties": { "barrio": "CIUDAD DE MIS SUENOS", "poblacion": 2147.0, "infraestructura_score": 0.3738, "categoria_infraestructura": "Muy Alta", "cluster_descripcion": "Vulnerabilidad y Periferia NBI", "tooltip_html": "<b>CIUDAD DE MIS SUENOS</b><hr>Tipología: <span style='color:#38bdf8'>Vulnerabilidad y Periferia NBI</span><br>Pob: 2147.0<br>Score Infra: <b style='color:#e2e8f0'>Muy Alta</b>" }, "geometry": { "type": "Point", "coordinates": [ -64.0864, -31.4778 ] } },
{ "type": "Feature", "properties": { "barrio": "CIUDAD EVITA", "poblacion": 2662.0, "infraestructura_score": 0.2382, "categoria_infraestructura": "Alta", "cluster_descripcion": "Vulnerabilidad y Periferia NBI", "tooltip_html": "<b>CIUDAD EVITA</b><hr>Tipología: <span style='color:#38bdf8'>Vulnerabilidad y Periferia NBI</span><br>Pob: 2662.0<br>Score Infra: <b style='color:#e2e8f0'>Alta</b>" }, "geometry": { "type": "Point", "coordinates": [ -64.1088, -31.4484 ] } },
{ "type": "Feature", "properties": { "barrio": "CIUDAD MI ESPERANZA", "poblacion": 1492.0, "infraestructura_score": 0.0961, "categoria_infraestructura": "Baja", "cluster_descripcion": "Vulnerabilidad y Periferia NBI", "tooltip_html": "<b>CIUDAD MI ESPERANZA</b><hr>Tipología: <span style='color:#38bdf8'>Vulnerabilidad y Periferia NBI</span><br>Pob: 1492.0<br>Score Infra: <b style='color:#e2e8f0'>Baja</b>" }, "geometry": { "type": "Point", "coordinates": [ -64.0648, -31.4039 ] } },
{ "type": "Feature", "properties": { "barrio": "CIUDAD OBISPO ANGELELLI", "poblacion": 1828.0, "infraestructura_score": 0.4029, "categoria_infraestructura": "Muy Alta", "cluster_descripcion": "Vulnerabilidad y Periferia NBI", "tooltip_html": "<b>CIUDAD OBISPO ANGELELLI</b><hr>Tipología: <span style='color:#38bdf8'>Vulnerabilidad y Periferia NBI</span><br>Pob: 1828.0<br>Score Infra: <b style='color:#e2e8f0'>Muy Alta</b>" }, "geometry": { "type": "Point", "coordinates": [ -64.1938, -31.5051 ] } },
{ "type": "Feature", "properties": { "barrio": "CIUDAD PARQUE LAS ROSAS", "poblacion": 1385.0, "infraestructura_score": 0.178, "categoria_infraestructura": "Media", "cluster_descripcion": "Transición Urbana Mixta", "tooltip_html": "<b>CIUDAD PARQUE LAS ROSAS</b><hr>Tipología: <span style='color:#38bdf8'>Transición Urbana Mixta</span><br>Pob: 1385.0<br>Score Infra: <b style='color:#e2e8f0'>Media</b>" }, "geometry": { "type": "Point", "coordinates": [ -64.2411, -31.4488 ] } },
{ "type": "Feature", "properties": { "barrio": "CIUDAD UNIVERSITARIA", "poblacion": 500.0, "infraestructura_score": 0.7778, "categoria_infraestructura": "Muy Alta", "cluster_descripcion": "Núcleo Consolidado (Alta Infraestructura)", "tooltip_html": "<b>CIUDAD UNIVERSITARIA</b><hr>Tipología: <span style='color:#38bdf8'>Núcleo Consolidado (Alta Infraestructura)</span><br>Pob: 500.0<br>Score Infra: <b style='color:#e2e8f0'>Muy Alta</b>" }, "geometry": { "type": "Point", "coordinates": [ -64.1885, -31.4382 ] } },
{ "type": "Feature", "properties": { "barrio": "CIUDAD VILLA RETIRO", "poblacion": 1402.0, "infraestructura_score": 0.1785, "categoria_infraestructura": "Media", "cluster_descripcion": "Vulnerabilidad y Periferia NBI", "tooltip_html": "<b>CIUDAD VILLA RETIRO</b><hr>Tipología: <span style='color:#38bdf8'>Vulnerabilidad y Periferia NBI</span><br>Pob: 1402.0<br>Score Infra: <b style='color:#e2e8f0'>Media</b>" }, "geometry": { "type": "Point", "coordinates": [ -64.1404, -31.3475 ] } },
{ "type": "Feature", "properties": { "barrio": "CIUDADELA", "poblacion": 1442.0, "infraestructura_score": 0.0513, "categoria_infraestructura": "Muy Baja", "cluster_descripcion": "Transición Urbana Mixta", "tooltip_html": "<b>CIUDADELA</b><hr>Tipología: <span style='color:#38bdf8'>Transición Urbana Mixta</span><br>Pob: 1442.0<br>Score Infra: <b style='color:#e2e8f0'>Muy Baja</b>" }, "geometry": { "type": "Point", "coordinates": [ -64.2018, -31.446 ] } },
{ "type": "Feature", "properties": { "barrio": "CLAROS DEL BOSQUE", "poblacion": 500.0, "infraestructura_score": 0.1481, "categoria_infraestructura": "Media", "cluster_descripcion": "Transición Urbana Mixta", "tooltip_html": "<b>CLAROS DEL BOSQUE</b><hr>Tipología: <span style='color:#38bdf8'>Transición Urbana Mixta</span><br>Pob: 500.0<br>Score Infra: <b style='color:#e2e8f0'>Media</b>" }, "geometry": { "type": "Point", "coordinates": [ -64.1501, -31.457 ] } },
{ "type": "Feature", "properties": { "barrio": "COFICO", "poblacion": 500.0, "infraestructura_score": 0.7778, "categoria_infraestructura": "Muy Alta", "cluster_descripcion": "Núcleo Consolidado (Alta Infraestructura)", "tooltip_html": "<b>COFICO</b><hr>Tipología: <span style='color:#38bdf8'>Núcleo Consolidado (Alta Infraestructura)</span><br>Pob: 500.0<br>Score Infra: <b style='color:#e2e8f0'>Muy Alta</b>" }, "geometry": { "type": "Point", "coordinates": [ -64.1853, -31.4032 ] } },
{ "type": "Feature", "properties": { "barrio": "COLINAS DE BELLA VISTA", "poblacion": 817.0, "infraestructura_score": 0.4428, "categoria_infraestructura": "Muy Alta", "cluster_descripcion": "Núcleo Consolidado (Alta Infraestructura)", "tooltip_html": "<b>COLINAS DE BELLA VISTA</b><hr>Tipología: <span style='color:#38bdf8'>Núcleo Consolidado (Alta Infraestructura)</span><br>Pob: 817.0<br>Score Infra: <b style='color:#e2e8f0'>Muy Alta</b>" }, "geometry": { "type": "Point", "coordinates": [ -64.2085, -31.4365 ] } },
{ "type": "Feature", "properties": { "barrio": "COLINAS DE VELEZ SARSFIELD", "poblacion": 1642.0, "infraestructura_score": 0.3723, "categoria_infraestructura": "Muy Alta", "cluster_descripcion": "Transición Urbana Mixta", "tooltip_html": "<b>COLINAS DE VELEZ SARSFIELD</b><hr>Tipología: <span style='color:#38bdf8'>Transición Urbana Mixta</span><br>Pob: 1642.0<br>Score Infra: <b style='color:#e2e8f0'>Muy Alta</b>" }, "geometry": { "type": "Point", "coordinates": [ -64.1991, -31.4381 ] } },
{ "type": "Feature", "properties": { "barrio": "COLINAS DEL CERRO", "poblacion": 2264.0, "infraestructura_score": 0.2128, "categoria_infraestructura": "Media", "cluster_descripcion": "Transición Urbana Mixta", "tooltip_html": "<b>COLINAS DEL CERRO</b><hr>Tipología: <span style='color:#38bdf8'>Transición Urbana Mixta</span><br>Pob: 2264.0<br>Score Infra: <b style='color:#e2e8f0'>Media</b>" }, "geometry": { "type": "Point", "coordinates": [ -64.2426, -31.3795 ] } },
{ "type": "Feature", "properties": { "barrio": "COLON", "poblacion": 3862.0, "infraestructura_score": 0.2554, "categoria_infraestructura": "Alta", "cluster_descripcion": "Transición Urbana Mixta", "tooltip_html": "<b>COLON</b><hr>Tipología: <span style='color:#38bdf8'>Transición Urbana Mixta</span><br>Pob: 3862.0<br>Score Infra: <b style='color:#e2e8f0'>Alta</b>" }, "geometry": { "type": "Point", "coordinates": [ -64.1545, -31.4366 ] } },
{ "type": "Feature", "properties": { "barrio": "COLONIA LOLA", "poblacion": 9418.0, "infraestructura_score": 0.043, "categoria_infraestructura": "Muy Baja", "cluster_descripcion": "Vulnerabilidad y Periferia NBI", "tooltip_html": "<b>COLONIA LOLA</b><hr>Tipología: <span style='color:#38bdf8'>Vulnerabilidad y Periferia NBI</span><br>Pob: 9418.0<br>Score Infra: <b style='color:#e2e8f0'>Muy Baja</b>" }, "geometry": { "type": "Point", "coordinates": [ -64.1166, -31.4137 ] } },
{ "type": "Feature", "properties": { "barrio": "COMANDANTE ESPORA", "poblacion": 1567.0, "infraestructura_score": 0.1181, "categoria_infraestructura": "Baja", "cluster_descripcion": "Transición Urbana Mixta", "tooltip_html": "<b>COMANDANTE ESPORA</b><hr>Tipología: <span style='color:#38bdf8'>Transición Urbana Mixta</span><br>Pob: 1567.0<br>Score Infra: <b style='color:#e2e8f0'>Baja</b>" }, "geometry": { "type": "Point", "coordinates": [ -64.224, -31.4172 ] } },
{ "type": "Feature", "properties": { "barrio": "COMERCIAL", "poblacion": 6575.0, "infraestructura_score": 0.1433, "categoria_infraestructura": "Baja", "cluster_descripcion": "Vulnerabilidad y Periferia NBI", "tooltip_html": "<b>COMERCIAL</b><hr>Tipología: <span style='color:#38bdf8'>Vulnerabilidad y Periferia NBI</span><br>Pob: 6575.0<br>Score Infra: <b style='color:#e2e8f0'>Baja</b>" }, "geometry": { "type": "Point", "coordinates": [ -64.2022, -31.4889 ] } },
{ "type": "Feature", "properties": { "barrio": "CONGRESO", "poblacion": 2534.0, "infraestructura_score": 0.1828, "categoria_infraestructura": "Media", "cluster_descripcion": "Transición Urbana Mixta", "tooltip_html": "<b>CONGRESO</b><hr>Tipología: <span style='color:#38bdf8'>Transición Urbana Mixta</span><br>Pob: 2534.0<br>Score Infra: <b style='color:#e2e8f0'>Media</b>" }, "geometry": { "type": "Point", "coordinates": [ -64.2358, -31.4681 ] } },
{ "type": "Feature", "properties": { "barrio": "CONSORCIO 16 DE NOVIEMBRE", "poblacion": 785.0, "infraestructura_score": 0.9094, "categoria_infraestructura": "Muy Alta", "cluster_descripcion": "Núcleo Consolidado (Alta Infraestructura)", "tooltip_html": "<b>CONSORCIO 16 DE NOVIEMBRE</b><hr>Tipología: <span style='color:#38bdf8'>Núcleo Consolidado (Alta Infraestructura)</span><br>Pob: 785.0<br>Score Infra: <b style='color:#e2e8f0'>Muy Alta</b>" }, "geometry": { "type": "Point", "coordinates": [ -64.2569, -31.3183 ] } },
{ "type": "Feature", "properties": { "barrio": "CONSORCIO ESPERANZA", "poblacion": 500.0, "infraestructura_score": 0.2222, "categoria_infraestructura": "Media", "cluster_descripcion": "Transición Urbana Mixta", "tooltip_html": "<b>CONSORCIO ESPERANZA</b><hr>Tipología: <span style='color:#38bdf8'>Transición Urbana Mixta</span><br>Pob: 500.0<br>Score Infra: <b style='color:#e2e8f0'>Media</b>" }, "geometry": { "type": "Point", "coordinates": [ -64.2344, -31.4208 ] } },
{ "type": "Feature", "properties": { "barrio": "COOPERATIVA 16 DE NOVIEMBRE", "poblacion": 5676.0, "infraestructura_score": 0.1027, "categoria_infraestructura": "Baja", "cluster_descripcion": "Vulnerabilidad y Periferia NBI", "tooltip_html": "<b>COOPERATIVA 16 DE NOVIEMBRE</b><hr>Tipología: <span style='color:#38bdf8'>Vulnerabilidad y Periferia NBI</span><br>Pob: 5676.0<br>Score Infra: <b style='color:#e2e8f0'>Baja</b>" }, "geometry": { "type": "Point", "coordinates": [ -64.2614, -31.3133 ] } },
{ "type": "Feature", "properties": { "barrio": "COOPERATIVA EL FUTURO", "poblacion": 500.0, "infraestructura_score": 0.1111, "categoria_infraestructura": "Baja", "cluster_descripcion": "Transición Urbana Mixta", "tooltip_html": "<b>COOPERATIVA EL FUTURO</b><hr>Tipología: <span style='color:#38bdf8'>Transición Urbana Mixta</span><br>Pob: 500.0<br>Score Infra: <b style='color:#e2e8f0'>Baja</b>" }, "geometry": { "type": "Point", "coordinates": [ -64.1081, -31.4402 ] } },
{ "type": "Feature", "properties": { "barrio": "COOPERATIVA LA HERMOSA", "poblacion": 500.0, "infraestructura_score": 0.0, "categoria_infraestructura": "Muy Baja", "cluster_descripcion": "Vulnerabilidad y Periferia NBI", "tooltip_html": "<b>COOPERATIVA LA HERMOSA</b><hr>Tipología: <span style='color:#38bdf8'>Vulnerabilidad y Periferia NBI</span><br>Pob: 500.0<br>Score Infra: <b style='color:#e2e8f0'>Muy Baja</b>" }, "geometry": { "type": "Point", "coordinates": [ -64.1081, -31.4387 ] } },
{ "type": "Feature", "properties": { "barrio": "COOPERATIVA LA UNIDAD", "poblacion": 2120.0, "infraestructura_score": 0.0698, "categoria_infraestructura": "Muy Baja", "cluster_descripcion": "Transición Urbana Mixta", "tooltip_html": "<b>COOPERATIVA LA UNIDAD</b><hr>Tipología: <span style='color:#38bdf8'>Transición Urbana Mixta</span><br>Pob: 2120.0<br>Score Infra: <b style='color:#e2e8f0'>Muy Baja</b>" }, "geometry": { "type": "Point", "coordinates": [ -64.1129, -31.4306 ] } },
{ "type": "Feature", "properties": { "barrio": "CORDOBA IV", "poblacion": 500.0, "infraestructura_score": 0.4257, "categoria_infraestructura": "Muy Alta", "cluster_descripcion": "Núcleo Consolidado (Alta Infraestructura)", "tooltip_html": "<b>CORDOBA IV</b><hr>Tipología: <span style='color:#38bdf8'>Núcleo Consolidado (Alta Infraestructura)</span><br>Pob: 500.0<br>Score Infra: <b style='color:#e2e8f0'>Muy Alta</b>" }, "geometry": { "type": "Point", "coordinates": [ -64.2636, -31.3896 ] } },
{ "type": "Feature", "properties": { "barrio": "CORDOBA V", "poblacion": 500.0, "infraestructura_score": 0.0741, "categoria_infraestructura": "Muy Baja", "cluster_descripcion": "Transición Urbana Mixta", "tooltip_html": "<b>CORDOBA V</b><hr>Tipología: <span style='color:#38bdf8'>Transición Urbana Mixta</span><br>Pob: 500.0<br>Score Infra: <b style='color:#e2e8f0'>Muy Baja</b>" }, "geometry": { "type": "Point", "coordinates": [ -64.2625, -31.385 ] } },
{ "type": "Feature", "properties": { "barrio": "CORRAL DE PALOS", "poblacion": 1244.0, "infraestructura_score": 0.1043, "categoria_infraestructura": "Baja", "cluster_descripcion": "Transición Urbana Mixta", "tooltip_html": "<b>CORRAL DE PALOS</b><hr>Tipología: <span style='color:#38bdf8'>Transición Urbana Mixta</span><br>Pob: 1244.0<br>Score Infra: <b style='color:#e2e8f0'>Baja</b>" }, "geometry": { "type": "Point", "coordinates": [ -64.1411, -31.4396 ] } },
{ "type": "Feature", "properties": { "barrio": "COSTA VERDE", "poblacion": 500.0, "infraestructura_score": 0.4444, "categoria_infraestructura": "Muy Alta", "cluster_descripcion": "Núcleo Consolidado (Alta Infraestructura)", "tooltip_html": "<b>COSTA VERDE</b><hr>Tipología: <span style='color:#38bdf8'>Núcleo Consolidado (Alta Infraestructura)</span><br>Pob: 500.0<br>Score Infra: <b style='color:#e2e8f0'>Muy Alta</b>" }, "geometry": { "type": "Point", "coordinates": [ -64.2505, -31.3812 ] } },
{ "type": "Feature", "properties": { "barrio": "COUNTRY ALTOS DEL CHATEAU", "poblacion": 1120.0, "infraestructura_score": 0.0618, "categoria_infraestructura": "Muy Baja", "cluster_descripcion": "Transición Urbana Mixta", "tooltip_html": "<b>COUNTRY ALTOS DEL CHATEAU</b><hr>Tipología: <span style='color:#38bdf8'>Transición Urbana Mixta</span><br>Pob: 1120.0<br>Score Infra: <b style='color:#e2e8f0'>Muy Baja</b>" }, "geometry": { "type": "Point", "coordinates": [ -64.2668, -31.3748 ] } },
{ "type": "Feature", "properties": { "barrio": "COUNTRY BARRANCAS", "poblacion": 500.0, "infraestructura_score": 0.2222, "categoria_infraestructura": "Media", "cluster_descripcion": "Transición Urbana Mixta", "tooltip_html": "<b>COUNTRY BARRANCAS</b><hr>Tipología: <span style='color:#38bdf8'>Transición Urbana Mixta</span><br>Pob: 500.0<br>Score Infra: <b style='color:#e2e8f0'>Media</b>" }, "geometry": { "type": "Point", "coordinates": [ -64.2463, -31.3805 ] } },
{ "type": "Feature", "properties": { "barrio": "COUNTRY CLUB", "poblacion": 500.0, "infraestructura_score": 0.2222, "categoria_infraestructura": "Media", "cluster_descripcion": "Transición Urbana Mixta", "tooltip_html": "<b>COUNTRY CLUB</b><hr>Tipología: <span style='color:#38bdf8'>Transición Urbana Mixta</span><br>Pob: 500.0<br>Score Infra: <b style='color:#e2e8f0'>Media</b>" }, "geometry": { "type": "Point", "coordinates": [ -64.1873, -31.4533 ] } },
{ "type": "Feature", "properties": { "barrio": "COUNTRY FORTIN DEL POZO", "poblacion": 500.0, "infraestructura_score": 0.037, "categoria_infraestructura": "Muy Baja", "cluster_descripcion": "Transición Urbana Mixta", "tooltip_html": "<b>COUNTRY FORTIN DEL POZO</b><hr>Tipología: <span style='color:#38bdf8'>Transición Urbana Mixta</span><br>Pob: 500.0<br>Score Infra: <b style='color:#e2e8f0'>Muy Baja</b>" }, "geometry": { "type": "Point", "coordinates": [ -64.1758, -31.474 ] } },
{ "type": "Feature", "properties": { "barrio": "COUNTRY JOCKEY CLUB", "poblacion": 1555.0, "infraestructura_score": 0.0, "categoria_infraestructura": "Muy Baja", "cluster_descripcion": "Transición Urbana Mixta", "tooltip_html": "<b>COUNTRY JOCKEY CLUB</b><hr>Tipología: <span style='color:#38bdf8'>Transición Urbana Mixta</span><br>Pob: 1555.0<br>Score Infra: <b style='color:#e2e8f0'>Muy Baja</b>" }, "geometry": { "type": "Point", "coordinates": [ -64.1767, -31.4635 ] } },
{ "type": "Feature", "properties": { "barrio": "COUNTRY LA RESERVA", "poblacion": 795.0, "infraestructura_score": 0.0, "categoria_infraestructura": "Muy Baja", "cluster_descripcion": "Transición Urbana Mixta", "tooltip_html": "<b>COUNTRY LA RESERVA</b><hr>Tipología: <span style='color:#38bdf8'>Transición Urbana Mixta</span><br>Pob: 795.0<br>Score Infra: <b style='color:#e2e8f0'>Muy Baja</b>" }, "geometry": { "type": "Point", "coordinates": [ -64.2684, -31.3673 ] } },
{ "type": "Feature", "properties": { "barrio": "COUNTRY LA SANTINA - COUNTRY CAMPINA DEL SUR", "poblacion": 500.0, "infraestructura_score": 0.3333, "categoria_infraestructura": "Alta", "cluster_descripcion": "Transición Urbana Mixta", "tooltip_html": "<b>COUNTRY LA SANTINA - COUNTRY CAMPINA DEL SUR</b><hr>Tipología: <span style='color:#38bdf8'>Transición Urbana Mixta</span><br>Pob: 500.0<br>Score Infra: <b style='color:#e2e8f0'>Alta</b>" }, "geometry": { "type": "Point", "coordinates": [ -64.1737, -31.4774 ] } },
{ "type": "Feature", "properties": { "barrio": "COUNTRY LAS DELICIAS", "poblacion": 776.0, "infraestructura_score": 0.0, "categoria_infraestructura": "Muy Baja", "cluster_descripcion": "Transición Urbana Mixta", "tooltip_html": "<b>COUNTRY LAS DELICIAS</b><hr>Tipología: <span style='color:#38bdf8'>Transición Urbana Mixta</span><br>Pob: 776.0<br>Score Infra: <b style='color:#e2e8f0'>Muy Baja</b>" }, "geometry": { "type": "Point", "coordinates": [ -64.2995, -31.3619 ] } },
{ "type": "Feature", "properties": { "barrio": "COUNTRY LOMAS DE LA CAROLINA", "poblacion": 1572.0, "infraestructura_score": 0.0235, "categoria_infraestructura": "Muy Baja", "cluster_descripcion": "Transición Urbana Mixta", "tooltip_html": "<b>COUNTRY LOMAS DE LA CAROLINA</b><hr>Tipología: <span style='color:#38bdf8'>Transición Urbana Mixta</span><br>Pob: 1572.0<br>Score Infra: <b style='color:#e2e8f0'>Muy Baja</b>" }, "geometry": { "type": "Point", "coordinates": [ -64.3056, -31.3557 ] } },
{ "type": "Feature", "properties": { "barrio": "COUNTRY LOS ALGARROBOS", "poblacion": 500.0, "infraestructura_score": 0.1481, "categoria_infraestructura": "Media", "cluster_descripcion": "Transición Urbana Mixta", "tooltip_html": "<b>COUNTRY LOS ALGARROBOS</b><hr>Tipología: <span style='color:#38bdf8'>Transición Urbana Mixta</span><br>Pob: 500.0<br>Score Infra: <b style='color:#e2e8f0'>Media</b>" }, "geometry": { "type": "Point", "coordinates": [ -64.2407, -31.4834 ] } },
{ "type": "Feature", "properties": { "barrio": "COUNTRY LOS MIMBRES", "poblacion": 500.0, "infraestructura_score": 0.1111, "categoria_infraestructura": "Baja", "cluster_descripcion": "Transición Urbana Mixta", "tooltip_html": "<b>COUNTRY LOS MIMBRES</b><hr>Tipología: <span style='color:#38bdf8'>Transición Urbana Mixta</span><br>Pob: 500.0<br>Score Infra: <b style='color:#e2e8f0'>Baja</b>" }, "geometry": { "type": "Point", "coordinates": [ -64.184, -31.4934 ] } },
{ "type": "Feature", "properties": { "barrio": "COUNTRY RANCH CLUB", "poblacion": 500.0, "infraestructura_score": 0.1111, "categoria_infraestructura": "Baja", "cluster_descripcion": "Transición Urbana Mixta", "tooltip_html": "<b>COUNTRY RANCH CLUB</b><hr>Tipología: <span style='color:#38bdf8'>Transición Urbana Mixta</span><br>Pob: 500.0<br>Score Infra: <b style='color:#e2e8f0'>Baja</b>" }, "geometry": { "type": "Point", "coordinates": [ -64.2192, -31.4527 ] } },
{ "type": "Feature", "properties": { "barrio": "COUNTRY VALLE ESCONDIDO", "poblacion": 6660.0, "infraestructura_score": 0.0187, "categoria_infraestructura": "Muy Baja", "cluster_descripcion": "Transición Urbana Mixta", "tooltip_html": "<b>COUNTRY VALLE ESCONDIDO</b><hr>Tipología: <span style='color:#38bdf8'>Transición Urbana Mixta</span><br>Pob: 6660.0<br>Score Infra: <b style='color:#e2e8f0'>Muy Baja</b>" }, "geometry": { "type": "Point", "coordinates": [ -64.2806, -31.3651 ] } },
{ "type": "Feature", "properties": { "barrio": "CRISOL NORTE", "poblacion": 1224.0, "infraestructura_score": 0.7778, "categoria_infraestructura": "Muy Alta", "cluster_descripcion": "Núcleo Consolidado (Alta Infraestructura)", "tooltip_html": "<b>CRISOL NORTE</b><hr>Tipología: <span style='color:#38bdf8'>Núcleo Consolidado (Alta Infraestructura)</span><br>Pob: 1224.0<br>Score Infra: <b style='color:#e2e8f0'>Muy Alta</b>" }, "geometry": { "type": "Point", "coordinates": [ -64.1672, -31.4281 ] } },
{ "type": "Feature", "properties": { "barrio": "CRISOL SUD", "poblacion": 3336.0, "infraestructura_score": 0.2402, "categoria_infraestructura": "Alta", "cluster_descripcion": "Transición Urbana Mixta", "tooltip_html": "<b>CRISOL SUD</b><hr>Tipología: <span style='color:#38bdf8'>Transición Urbana Mixta</span><br>Pob: 3336.0<br>Score Infra: <b style='color:#e2e8f0'>Alta</b>" }, "geometry": { "type": "Point", "coordinates": [ -64.1674, -31.435 ] } },
{ "type": "Feature", "properties": { "barrio": "CUPANI", "poblacion": 2255.0, "infraestructura_score": 0.3163, "categoria_infraestructura": "Alta", "cluster_descripcion": "Transición Urbana Mixta", "tooltip_html": "<b>CUPANI</b><hr>Tipología: <span style='color:#38bdf8'>Transición Urbana Mixta</span><br>Pob: 2255.0<br>Score Infra: <b style='color:#e2e8f0'>Alta</b>" }, "geometry": { "type": "Point", "coordinates": [ -64.2077, -31.4215 ] } },
{ "type": "Feature", "properties": { "barrio": "DE LOS BIOQUIMICOS", "poblacion": 1265.0, "infraestructura_score": 0.1904, "categoria_infraestructura": "Media", "cluster_descripcion": "Transición Urbana Mixta", "tooltip_html": "<b>DE LOS BIOQUIMICOS</b><hr>Tipología: <span style='color:#38bdf8'>Transición Urbana Mixta</span><br>Pob: 1265.0<br>Score Infra: <b style='color:#e2e8f0'>Media</b>" }, "geometry": { "type": "Point", "coordinates": [ -64.2668, -31.3204 ] } },
{ "type": "Feature", "properties": { "barrio": "DE LOS DOCENTES", "poblacion": 500.0, "infraestructura_score": 0.1111, "categoria_infraestructura": "Baja", "cluster_descripcion": "Anillos Densos Poblacionales", "tooltip_html": "<b>DE LOS DOCENTES</b><hr>Tipología: <span style='color:#38bdf8'>Anillos Densos Poblacionales</span><br>Pob: 500.0<br>Score Infra: <b style='color:#e2e8f0'>Baja</b>" }, "geometry": { "type": "Point", "coordinates": [ -64.1524, -31.4591 ] } },
{ "type": "Feature", "properties": { "barrio": "DEAN FUNES", "poblacion": 2124.0, "infraestructura_score": 0.3006, "categoria_infraestructura": "Alta", "cluster_descripcion": "Transición Urbana Mixta", "tooltip_html": "<b>DEAN FUNES</b><hr>Tipología: <span style='color:#38bdf8'>Transición Urbana Mixta</span><br>Pob: 2124.0<br>Score Infra: <b style='color:#e2e8f0'>Alta</b>" }, "geometry": { "type": "Point", "coordinates": [ -64.1179, -31.4459 ] } },
{ "type": "Feature", "properties": { "barrio": "DIPAS", "poblacion": 500.0, "infraestructura_score": 0.0, "categoria_infraestructura": "Muy Baja", "cluster_descripcion": "Transición Urbana Mixta", "tooltip_html": "<b>DIPAS</b><hr>Tipología: <span style='color:#38bdf8'>Transición Urbana Mixta</span><br>Pob: 500.0<br>Score Infra: <b style='color:#e2e8f0'>Muy Baja</b>" }, "geometry": { "type": "Point", "coordinates": [ -64.2945, -31.3563 ] } },
{ "type": "Feature", "properties": { "barrio": "DUCASSE", "poblacion": 936.0, "infraestructura_score": 0.5187, "categoria_infraestructura": "Muy Alta", "cluster_descripcion": "Núcleo Consolidado (Alta Infraestructura)", "tooltip_html": "<b>DUCASSE</b><hr>Tipología: <span style='color:#38bdf8'>Núcleo Consolidado (Alta Infraestructura)</span><br>Pob: 936.0<br>Score Infra: <b style='color:#e2e8f0'>Muy Alta</b>" }, "geometry": { "type": "Point", "coordinates": [ -64.1909, -31.4049 ] } },
{ "type": "Feature", "properties": { "barrio": "EJERCITO ARGENTINO", "poblacion": 1845.0, "infraestructura_score": 0.4844, "categoria_infraestructura": "Muy Alta", "cluster_descripcion": "Núcleo Consolidado (Alta Infraestructura)", "tooltip_html": "<b>EJERCITO ARGENTINO</b><hr>Tipología: <span style='color:#38bdf8'>Núcleo Consolidado (Alta Infraestructura)</span><br>Pob: 1845.0<br>Score Infra: <b style='color:#e2e8f0'>Muy Alta</b>" }, "geometry": { "type": "Point", "coordinates": [ -64.1962, -31.4476 ] } },
{ "type": "Feature", "properties": { "barrio": "EL BALCON", "poblacion": 500.0, "infraestructura_score": 0.037, "categoria_infraestructura": "Muy Baja", "cluster_descripcion": "Transición Urbana Mixta", "tooltip_html": "<b>EL BALCON</b><hr>Tipología: <span style='color:#38bdf8'>Transición Urbana Mixta</span><br>Pob: 500.0<br>Score Infra: <b style='color:#e2e8f0'>Muy Baja</b>" }, "geometry": { "type": "Point", "coordinates": [ -64.2748, -31.3747 ] } },
{ "type": "Feature", "properties": { "barrio": "EL BOSQUE", "poblacion": 1590.0, "infraestructura_score": 0.0698, "categoria_infraestructura": "Muy Baja", "cluster_descripcion": "Transición Urbana Mixta", "tooltip_html": "<b>EL BOSQUE</b><hr>Tipología: <span style='color:#38bdf8'>Transición Urbana Mixta</span><br>Pob: 1590.0<br>Score Infra: <b style='color:#e2e8f0'>Muy Baja</b>" }, "geometry": { "type": "Point", "coordinates": [ -64.3074, -31.338 ] } },
{ "type": "Feature", "properties": { "barrio": "EL CABILDO", "poblacion": 5049.0, "infraestructura_score": 0.2155, "categoria_infraestructura": "Media", "cluster_descripcion": "Transición Urbana Mixta", "tooltip_html": "<b>EL CABILDO</b><hr>Tipología: <span style='color:#38bdf8'>Transición Urbana Mixta</span><br>Pob: 5049.0<br>Score Infra: <b style='color:#e2e8f0'>Media</b>" }, "geometry": { "type": "Point", "coordinates": [ -64.2351, -31.4859 ] } },
{ "type": "Feature", "properties": { "barrio": "EL CERRITO", "poblacion": 3659.0, "infraestructura_score": 0.1504, "categoria_infraestructura": "Media", "cluster_descripcion": "Vulnerabilidad y Periferia NBI", "tooltip_html": "<b>EL CERRITO</b><hr>Tipología: <span style='color:#38bdf8'>Vulnerabilidad y Periferia NBI</span><br>Pob: 3659.0<br>Score Infra: <b style='color:#e2e8f0'>Media</b>" }, "geometry": { "type": "Point", "coordinates": [ -64.2503, -31.3222 ] } },
{ "type": "Feature", "properties": { "barrio": "EL PRADO", "poblacion": 500.0, "infraestructura_score": 0.1481, "categoria_infraestructura": "Media", "cluster_descripcion": "Transición Urbana Mixta", "tooltip_html": "<b>EL PRADO</b><hr>Tipología: <span style='color:#38bdf8'>Transición Urbana Mixta</span><br>Pob: 500.0<br>Score Infra: <b style='color:#e2e8f0'>Media</b>" }, "geometry": { "type": "Point", "coordinates": [ -64.2703, -31.3758 ] } },
{ "type": "Feature", "properties": { "barrio": "EL PUEBLITO", "poblacion": 1315.0, "infraestructura_score": 0.0, "categoria_infraestructura": "Muy Baja", "cluster_descripcion": "Vulnerabilidad y Periferia NBI", "tooltip_html": "<b>EL PUEBLITO</b><hr>Tipología: <span style='color:#38bdf8'>Vulnerabilidad y Periferia NBI</span><br>Pob: 1315.0<br>Score Infra: <b style='color:#e2e8f0'>Muy Baja</b>" }, "geometry": { "type": "Point", "coordinates": [ -64.2568, -31.4064 ] } },
{ "type": "Feature", "properties": { "barrio": "EL QUEBRACHAL", "poblacion": 500.0, "infraestructura_score": 0.2963, "categoria_infraestructura": "Alta", "cluster_descripcion": "Transición Urbana Mixta", "tooltip_html": "<b>EL QUEBRACHAL</b><hr>Tipología: <span style='color:#38bdf8'>Transición Urbana Mixta</span><br>Pob: 500.0<br>Score Infra: <b style='color:#e2e8f0'>Alta</b>" }, "geometry": { "type": "Point", "coordinates": [ -64.0667, -31.338 ] } },
{ "type": "Feature", "properties": { "barrio": "EL QUEBRACHO", "poblacion": 4361.0, "infraestructura_score": 0.0828, "categoria_infraestructura": "Muy Baja", "cluster_descripcion": "Vulnerabilidad y Periferia NBI", "tooltip_html": "<b>EL QUEBRACHO</b><hr>Tipología: <span style='color:#38bdf8'>Vulnerabilidad y Periferia NBI</span><br>Pob: 4361.0<br>Score Infra: <b style='color:#e2e8f0'>Muy Baja</b>" }, "geometry": { "type": "Point", "coordinates": [ -64.1377, -31.4773 ] } },
{ "type": "Feature", "properties": { "barrio": "EL REFUGIO", "poblacion": 1201.0, "infraestructura_score": 0.1346, "categoria_infraestructura": "Baja", "cluster_descripcion": "Transición Urbana Mixta", "tooltip_html": "<b>EL REFUGIO</b><hr>Tipología: <span style='color:#38bdf8'>Transición Urbana Mixta</span><br>Pob: 1201.0<br>Score Infra: <b style='color:#e2e8f0'>Baja</b>" }, "geometry": { "type": "Point", "coordinates": [ -64.2818, -31.3443 ] } },
{ "type": "Feature", "properties": { "barrio": "EL TREBOL", "poblacion": 1264.0, "infraestructura_score": 0.0733, "categoria_infraestructura": "Muy Baja", "cluster_descripcion": "Transición Urbana Mixta", "tooltip_html": "<b>EL TREBOL</b><hr>Tipología: <span style='color:#38bdf8'>Transición Urbana Mixta</span><br>Pob: 1264.0<br>Score Infra: <b style='color:#e2e8f0'>Muy Baja</b>" }, "geometry": { "type": "Point", "coordinates": [ -64.2256, -31.4231 ] } },
{ "type": "Feature", "properties": { "barrio": "EL VIEJO ALGARROBO", "poblacion": 500.0, "infraestructura_score": 0.5832, "categoria_infraestructura": "Muy Alta", "cluster_descripcion": "Núcleo Consolidado (Alta Infraestructura)", "tooltip_html": "<b>EL VIEJO ALGARROBO</b><hr>Tipología: <span style='color:#38bdf8'>Núcleo Consolidado (Alta Infraestructura)</span><br>Pob: 500.0<br>Score Infra: <b style='color:#e2e8f0'>Muy Alta</b>" }, "geometry": { "type": "Point", "coordinates": [ -64.1658, -31.5024 ] } },
{ "type": "Feature", "properties": { "barrio": "EMAUS", "poblacion": 500.0, "infraestructura_score": 0.0741, "categoria_infraestructura": "Muy Baja", "cluster_descripcion": "Anillos Densos Poblacionales", "tooltip_html": "<b>EMAUS</b><hr>Tipología: <span style='color:#38bdf8'>Anillos Densos Poblacionales</span><br>Pob: 500.0<br>Score Infra: <b style='color:#e2e8f0'>Muy Baja</b>" }, "geometry": { "type": "Point", "coordinates": [ -64.143, -31.4371 ] } },
{ "type": "Feature", "properties": { "barrio": "EMPALME", "poblacion": 3426.0, "infraestructura_score": 0.2905, "categoria_infraestructura": "Alta", "cluster_descripcion": "Transición Urbana Mixta", "tooltip_html": "<b>EMPALME</b><hr>Tipología: <span style='color:#38bdf8'>Transición Urbana Mixta</span><br>Pob: 3426.0<br>Score Infra: <b style='color:#e2e8f0'>Alta</b>" }, "geometry": { "type": "Point", "coordinates": [ -64.1305, -31.4345 ] } },
{ "type": "Feature", "properties": { "barrio": "EMPALME CASAS DE OBREROS Y EMPLEADOS", "poblacion": 1233.0, "infraestructura_score": 0.3154, "categoria_infraestructura": "Alta", "cluster_descripcion": "Transición Urbana Mixta", "tooltip_html": "<b>EMPALME CASAS DE OBREROS Y EMPLEADOS</b><hr>Tipología: <span style='color:#38bdf8'>Transición Urbana Mixta</span><br>Pob: 1233.0<br>Score Infra: <b style='color:#e2e8f0'>Alta</b>" }, "geometry": { "type": "Point", "coordinates": [ -64.1252, -31.4387 ] } },
{ "type": "Feature", "properties": { "barrio": "ESCOBAR", "poblacion": 2180.0, "infraestructura_score": 0.2714, "categoria_infraestructura": "Alta", "cluster_descripcion": "Transición Urbana Mixta", "tooltip_html": "<b>ESCOBAR</b><hr>Tipología: <span style='color:#38bdf8'>Transición Urbana Mixta</span><br>Pob: 2180.0<br>Score Infra: <b style='color:#e2e8f0'>Alta</b>" }, "geometry": { "type": "Point", "coordinates": [ -64.2206, -31.3919 ] } },
{ "type": "Feature", "properties": { "barrio": "ESCUELA DE SUBOFICIALES", "poblacion": 500.0, "infraestructura_score": 0.2963, "categoria_infraestructura": "Alta", "cluster_descripcion": "Transición Urbana Mixta", "tooltip_html": "<b>ESCUELA DE SUBOFICIALES</b><hr>Tipología: <span style='color:#38bdf8'>Transición Urbana Mixta</span><br>Pob: 500.0<br>Score Infra: <b style='color:#e2e8f0'>Alta</b>" }, "geometry": { "type": "Point", "coordinates": [ -64.2575, -31.4272 ] } },
{ "type": "Feature", "properties": { "barrio": "ESTACION FLORES", "poblacion": 3876.0, "infraestructura_score": 0.2377, "categoria_infraestructura": "Alta", "cluster_descripcion": "Vulnerabilidad y Periferia NBI", "tooltip_html": "<b>ESTACION FLORES</b><hr>Tipología: <span style='color:#38bdf8'>Vulnerabilidad y Periferia NBI</span><br>Pob: 3876.0<br>Score Infra: <b style='color:#e2e8f0'>Alta</b>" }, "geometry": { "type": "Point", "coordinates": [ -64.2475, -31.4487 ] } },
{ "type": "Feature", "properties": { "barrio": "ESTADIO CORDOBA", "poblacion": 500.0, "infraestructura_score": 0.1481, "categoria_infraestructura": "Media", "cluster_descripcion": "Transición Urbana Mixta", "tooltip_html": "<b>ESTADIO CORDOBA</b><hr>Tipología: <span style='color:#38bdf8'>Transición Urbana Mixta</span><br>Pob: 500.0<br>Score Infra: <b style='color:#e2e8f0'>Media</b>" }, "geometry": { "type": "Point", "coordinates": [ -64.2468, -31.3679 ] } },
{ "type": "Feature", "properties": { "barrio": "FERIAR", "poblacion": 500.0, "infraestructura_score": 0.3704, "categoria_infraestructura": "Muy Alta", "cluster_descripcion": "Transición Urbana Mixta", "tooltip_html": "<b>FERIAR</b><hr>Tipología: <span style='color:#38bdf8'>Transición Urbana Mixta</span><br>Pob: 500.0<br>Score Infra: <b style='color:#e2e8f0'>Muy Alta</b>" }, "geometry": { "type": "Point", "coordinates": [ -64.2557, -31.3703 ] } },
{ "type": "Feature", "properties": { "barrio": "FERRER", "poblacion": 1844.0, "infraestructura_score": 0.3115, "categoria_infraestructura": "Alta", "cluster_descripcion": "Vulnerabilidad y Periferia NBI", "tooltip_html": "<b>FERRER</b><hr>Tipología: <span style='color:#38bdf8'>Vulnerabilidad y Periferia NBI</span><br>Pob: 1844.0<br>Score Infra: <b style='color:#e2e8f0'>Alta</b>" }, "geometry": { "type": "Point", "coordinates": [ -64.2118, -31.4438 ] } },
{ "type": "Feature", "properties": { "barrio": "FERREYRA", "poblacion": 3868.0, "infraestructura_score": 0.2916, "categoria_infraestructura": "Alta", "cluster_descripcion": "Vulnerabilidad y Periferia NBI", "tooltip_html": "<b>FERREYRA</b><hr>Tipología: <span style='color:#38bdf8'>Vulnerabilidad y Periferia NBI</span><br>Pob: 3868.0<br>Score Infra: <b style='color:#e2e8f0'>Alta</b>" }, "geometry": { "type": "Point", "coordinates": [ -64.1106, -31.4664 ] } },
{ "type": "Feature", "properties": { "barrio": "FERREYRA SEGUNDA SECCION", "poblacion": 939.0, "infraestructura_score": 0.1183, "categoria_infraestructura": "Baja", "cluster_descripcion": "Vulnerabilidad y Periferia NBI", "tooltip_html": "<b>FERREYRA SEGUNDA SECCION</b><hr>Tipología: <span style='color:#38bdf8'>Vulnerabilidad y Periferia NBI</span><br>Pob: 939.0<br>Score Infra: <b style='color:#e2e8f0'>Baja</b>" }, "geometry": { "type": "Point", "coordinates": [ -64.1176, -31.4711 ] } },
{ "type": "Feature", "properties": { "barrio": "FERROVIARIO MITRE", "poblacion": 1133.0, "infraestructura_score": 0.4804, "categoria_infraestructura": "Muy Alta", "cluster_descripcion": "Núcleo Consolidado (Alta Infraestructura)", "tooltip_html": "<b>FERROVIARIO MITRE</b><hr>Tipología: <span style='color:#38bdf8'>Núcleo Consolidado (Alta Infraestructura)</span><br>Pob: 1133.0<br>Score Infra: <b style='color:#e2e8f0'>Muy Alta</b>" }, "geometry": { "type": "Point", "coordinates": [ -64.1364, -31.4335 ] } },
{ "type": "Feature", "properties": { "barrio": "FINCA LA DOROTEA", "poblacion": 500.0, "infraestructura_score": 0.0741, "categoria_infraestructura": "Muy Baja", "cluster_descripcion": "Transición Urbana Mixta", "tooltip_html": "<b>FINCA LA DOROTEA</b><hr>Tipología: <span style='color:#38bdf8'>Transición Urbana Mixta</span><br>Pob: 500.0<br>Score Infra: <b style='color:#e2e8f0'>Muy Baja</b>" }, "geometry": { "type": "Point", "coordinates": [ -64.1151, -31.3764 ] } },
{ "type": "Feature", "properties": { "barrio": "FINCAS DEL SUR", "poblacion": 500.0, "infraestructura_score": 0.0, "categoria_infraestructura": "Muy Baja", "cluster_descripcion": "Transición Urbana Mixta", "tooltip_html": "<b>FINCAS DEL SUR</b><hr>Tipología: <span style='color:#38bdf8'>Transición Urbana Mixta</span><br>Pob: 500.0<br>Score Infra: <b style='color:#e2e8f0'>Muy Baja</b>" }, "geometry": { "type": "Point", "coordinates": [ -64.1573, -31.4868 ] } },
{ "type": "Feature", "properties": { "barrio": "GENERAL ARENALES", "poblacion": 2318.0, "infraestructura_score": 0.3916, "categoria_infraestructura": "Muy Alta", "cluster_descripcion": "Vulnerabilidad y Periferia NBI", "tooltip_html": "<b>GENERAL ARENALES</b><hr>Tipología: <span style='color:#38bdf8'>Vulnerabilidad y Periferia NBI</span><br>Pob: 2318.0<br>Score Infra: <b style='color:#e2e8f0'>Muy Alta</b>" }, "geometry": { "type": "Point", "coordinates": [ -64.0602, -31.3688 ] } },
{ "type": "Feature", "properties": { "barrio": "GENERAL ARTIGAS", "poblacion": 1552.0, "infraestructura_score": 0.2088, "categoria_infraestructura": "Media", "cluster_descripcion": "Transición Urbana Mixta", "tooltip_html": "<b>GENERAL ARTIGAS</b><hr>Tipología: <span style='color:#38bdf8'>Transición Urbana Mixta</span><br>Pob: 1552.0<br>Score Infra: <b style='color:#e2e8f0'>Media</b>" }, "geometry": { "type": "Point", "coordinates": [ -64.1996, -31.4615 ] } },
{ "type": "Feature", "properties": { "barrio": "GENERAL BELGRANO", "poblacion": 3154.0, "infraestructura_score": 0.0908, "categoria_infraestructura": "Baja", "cluster_descripcion": "Transición Urbana Mixta", "tooltip_html": "<b>GENERAL BELGRANO</b><hr>Tipología: <span style='color:#38bdf8'>Transición Urbana Mixta</span><br>Pob: 3154.0<br>Score Infra: <b style='color:#e2e8f0'>Baja</b>" }, "geometry": { "type": "Point", "coordinates": [ -64.1373, -31.3704 ] } },
{ "type": "Feature", "properties": { "barrio": "GENERAL BUSTOS", "poblacion": 15659.0, "infraestructura_score": 0.1063, "categoria_infraestructura": "Baja", "cluster_descripcion": "Transición Urbana Mixta", "tooltip_html": "<b>GENERAL BUSTOS</b><hr>Tipología: <span style='color:#38bdf8'>Transición Urbana Mixta</span><br>Pob: 15659.0<br>Score Infra: <b style='color:#e2e8f0'>Baja</b>" }, "geometry": { "type": "Point", "coordinates": [ -64.1696, -31.3903 ] } },
{ "type": "Feature", "properties": { "barrio": "GENERAL MOSCONI", "poblacion": 3324.0, "infraestructura_score": 0.2104, "categoria_infraestructura": "Media", "cluster_descripcion": "Vulnerabilidad y Periferia NBI", "tooltip_html": "<b>GENERAL MOSCONI</b><hr>Tipología: <span style='color:#38bdf8'>Vulnerabilidad y Periferia NBI</span><br>Pob: 3324.0<br>Score Infra: <b style='color:#e2e8f0'>Media</b>" }, "geometry": { "type": "Point", "coordinates": [ -64.1504, -31.3652 ] } },
{ "type": "Feature", "properties": { "barrio": "GENERAL PAZ", "poblacion": 9524.0, "infraestructura_score": 0.3043, "categoria_infraestructura": "Alta", "cluster_descripcion": "Transición Urbana Mixta", "tooltip_html": "<b>GENERAL PAZ</b><hr>Tipología: <span style='color:#38bdf8'>Transición Urbana Mixta</span><br>Pob: 9524.0<br>Score Infra: <b style='color:#e2e8f0'>Alta</b>" }, "geometry": { "type": "Point", "coordinates": [ -64.1657, -31.4126 ] } },
{ "type": "Feature", "properties": { "barrio": "GENERAL PUEYRREDON", "poblacion": 24021.0, "infraestructura_score": 0.0863, "categoria_infraestructura": "Baja", "cluster_descripcion": "Transición Urbana Mixta", "tooltip_html": "<b>GENERAL PUEYRREDON</b><hr>Tipología: <span style='color:#38bdf8'>Transición Urbana Mixta</span><br>Pob: 24021.0<br>Score Infra: <b style='color:#e2e8f0'>Baja</b>" }, "geometry": { "type": "Point", "coordinates": [ -64.1625, -31.4021 ] } },
{ "type": "Feature", "properties": { "barrio": "GENERAL SAVIO", "poblacion": 4889.0, "infraestructura_score": 0.0341, "categoria_infraestructura": "Muy Baja", "cluster_descripcion": "Vulnerabilidad y Periferia NBI", "tooltip_html": "<b>GENERAL SAVIO</b><hr>Tipología: <span style='color:#38bdf8'>Vulnerabilidad y Periferia NBI</span><br>Pob: 4889.0<br>Score Infra: <b style='color:#e2e8f0'>Muy Baja</b>" }, "geometry": { "type": "Point", "coordinates": [ -64.1581, -31.372 ] } },
{ "type": "Feature", "properties": { "barrio": "GRANADERO PRINGLES", "poblacion": 2209.0, "infraestructura_score": 0.1593, "categoria_infraestructura": "Media", "cluster_descripcion": "Transición Urbana Mixta", "tooltip_html": "<b>GRANADERO PRINGLES</b><hr>Tipología: <span style='color:#38bdf8'>Transición Urbana Mixta</span><br>Pob: 2209.0<br>Score Infra: <b style='color:#e2e8f0'>Media</b>" }, "geometry": { "type": "Point", "coordinates": [ -64.1976, -31.3756 ] } },
{ "type": "Feature", "properties": { "barrio": "GRANJA DE FUNES", "poblacion": 3866.0, "infraestructura_score": 0.2332, "categoria_infraestructura": "Alta", "cluster_descripcion": "Transición Urbana Mixta", "tooltip_html": "<b>GRANJA DE FUNES</b><hr>Tipología: <span style='color:#38bdf8'>Transición Urbana Mixta</span><br>Pob: 3866.0<br>Score Infra: <b style='color:#e2e8f0'>Alta</b>" }, "geometry": { "type": "Point", "coordinates": [ -64.2446, -31.3492 ] } },
{ "type": "Feature", "properties": { "barrio": "GUARNICION AEREA CORDOBA", "poblacion": 500.0, "infraestructura_score": 0.0, "categoria_infraestructura": "Muy Baja", "cluster_descripcion": "Transición Urbana Mixta", "tooltip_html": "<b>GUARNICION AEREA CORDOBA</b><hr>Tipología: <span style='color:#38bdf8'>Transición Urbana Mixta</span><br>Pob: 500.0<br>Score Infra: <b style='color:#e2e8f0'>Muy Baja</b>" }, "geometry": { "type": "Point", "coordinates": [ -64.2815, -31.4438 ] } },
{ "type": "Feature", "properties": { "barrio": "GUARNICION MILITAR CORDOBA", "poblacion": 500.0, "infraestructura_score": 0.0, "categoria_infraestructura": "Muy Baja", "cluster_descripcion": "Transición Urbana Mixta", "tooltip_html": "<b>GUARNICION MILITAR CORDOBA</b><hr>Tipología: <span style='color:#38bdf8'>Transición Urbana Mixta</span><br>Pob: 500.0<br>Score Infra: <b style='color:#e2e8f0'>Muy Baja</b>" }, "geometry": { "type": "Point", "coordinates": [ -64.2925, -31.3933 ] } },
{ "type": "Feature", "properties": { "barrio": "GUAYAQUIL", "poblacion": 587.0, "infraestructura_score": 0.6783, "categoria_infraestructura": "Muy Alta", "cluster_descripcion": "Núcleo Consolidado (Alta Infraestructura)", "tooltip_html": "<b>GUAYAQUIL</b><hr>Tipología: <span style='color:#38bdf8'>Núcleo Consolidado (Alta Infraestructura)</span><br>Pob: 587.0<br>Score Infra: <b style='color:#e2e8f0'>Muy Alta</b>" }, "geometry": { "type": "Point", "coordinates": [ -64.1551, -31.3828 ] } },
{ "type": "Feature", "properties": { "barrio": "GUEMES", "poblacion": 11588.0, "infraestructura_score": 0.1963, "categoria_infraestructura": "Media", "cluster_descripcion": "Transición Urbana Mixta", "tooltip_html": "<b>GUEMES</b><hr>Tipología: <span style='color:#38bdf8'>Transición Urbana Mixta</span><br>Pob: 11588.0<br>Score Infra: <b style='color:#e2e8f0'>Media</b>" }, "geometry": { "type": "Point", "coordinates": [ -64.1937, -31.4281 ] } },
{ "type": "Feature", "properties": { "barrio": "GUINAZU", "poblacion": 1361.0, "infraestructura_score": 0.8602, "categoria_infraestructura": "Muy Alta", "cluster_descripcion": "Núcleo Consolidado (Alta Infraestructura)", "tooltip_html": "<b>GUINAZU</b><hr>Tipología: <span style='color:#38bdf8'>Núcleo Consolidado (Alta Infraestructura)</span><br>Pob: 1361.0<br>Score Infra: <b style='color:#e2e8f0'>Muy Alta</b>" }, "geometry": { "type": "Point", "coordinates": [ -64.1733, -31.3122 ] } },
{ "type": "Feature", "properties": { "barrio": "GUINAZU SUD", "poblacion": 500.0, "infraestructura_score": 0.6667, "categoria_infraestructura": "Muy Alta", "cluster_descripcion": "Núcleo Consolidado (Alta Infraestructura)", "tooltip_html": "<b>GUINAZU SUD</b><hr>Tipología: <span style='color:#38bdf8'>Núcleo Consolidado (Alta Infraestructura)</span><br>Pob: 500.0<br>Score Infra: <b style='color:#e2e8f0'>Muy Alta</b>" }, "geometry": { "type": "Point", "coordinates": [ -64.1831, -31.3357 ] } },
{ "type": "Feature", "properties": { "barrio": "HIPOLITO IRIGOYEN", "poblacion": 3313.0, "infraestructura_score": 0.1343, "categoria_infraestructura": "Baja", "cluster_descripcion": "Transición Urbana Mixta", "tooltip_html": "<b>HIPOLITO IRIGOYEN</b><hr>Tipología: <span style='color:#38bdf8'>Transición Urbana Mixta</span><br>Pob: 3313.0<br>Score Infra: <b style='color:#e2e8f0'>Baja</b>" }, "geometry": { "type": "Point", "coordinates": [ -64.1863, -31.3728 ] } },
{ "type": "Feature", "properties": { "barrio": "HOGAR PROPIO", "poblacion": 4716.0, "infraestructura_score": 0.1745, "categoria_infraestructura": "Media", "cluster_descripcion": "Transición Urbana Mixta", "tooltip_html": "<b>HOGAR PROPIO</b><hr>Tipología: <span style='color:#38bdf8'>Transición Urbana Mixta</span><br>Pob: 4716.0<br>Score Infra: <b style='color:#e2e8f0'>Media</b>" }, "geometry": { "type": "Point", "coordinates": [ -64.1542, -31.4073 ] } },
{ "type": "Feature", "properties": { "barrio": "HORIZONTE", "poblacion": 2016.0, "infraestructura_score": 0.0919, "categoria_infraestructura": "Baja", "cluster_descripcion": "Transición Urbana Mixta", "tooltip_html": "<b>HORIZONTE</b><hr>Tipología: <span style='color:#38bdf8'>Transición Urbana Mixta</span><br>Pob: 2016.0<br>Score Infra: <b style='color:#e2e8f0'>Baja</b>" }, "geometry": { "type": "Point", "coordinates": [ -64.2065, -31.4587 ] } },
{ "type": "Feature", "properties": { "barrio": "INAUDI", "poblacion": 1662.0, "infraestructura_score": 0.5573, "categoria_infraestructura": "Muy Alta", "cluster_descripcion": "Núcleo Consolidado (Alta Infraestructura)", "tooltip_html": "<b>INAUDI</b><hr>Tipología: <span style='color:#38bdf8'>Núcleo Consolidado (Alta Infraestructura)</span><br>Pob: 1662.0<br>Score Infra: <b style='color:#e2e8f0'>Muy Alta</b>" }, "geometry": { "type": "Point", "coordinates": [ -64.1943, -31.4764 ] } },
{ "type": "Feature", "properties": { "barrio": "INDEPENDENCIA", "poblacion": 813.0, "infraestructura_score": 0.4498, "categoria_infraestructura": "Muy Alta", "cluster_descripcion": "Núcleo Consolidado (Alta Infraestructura)", "tooltip_html": "<b>INDEPENDENCIA</b><hr>Tipología: <span style='color:#38bdf8'>Núcleo Consolidado (Alta Infraestructura)</span><br>Pob: 813.0<br>Score Infra: <b style='color:#e2e8f0'>Muy Alta</b>" }, "geometry": { "type": "Point", "coordinates": [ -64.1902, -31.4012 ] } },
{ "type": "Feature", "properties": { "barrio": "INDUSTRIAL ESTE", "poblacion": 1153.0, "infraestructura_score": 0.2248, "categoria_infraestructura": "Alta", "cluster_descripcion": "Transición Urbana Mixta", "tooltip_html": "<b>INDUSTRIAL ESTE</b><hr>Tipología: <span style='color:#38bdf8'>Transición Urbana Mixta</span><br>Pob: 1153.0<br>Score Infra: <b style='color:#e2e8f0'>Alta</b>" }, "geometry": { "type": "Point", "coordinates": [ -64.1642, -31.4295 ] } },
{ "type": "Feature", "properties": { "barrio": "INDUSTRIAL OESTE", "poblacion": 1621.0, "infraestructura_score": 0.217, "categoria_infraestructura": "Media", "cluster_descripcion": "Transición Urbana Mixta", "tooltip_html": "<b>INDUSTRIAL OESTE</b><hr>Tipología: <span style='color:#38bdf8'>Transición Urbana Mixta</span><br>Pob: 1621.0<br>Score Infra: <b style='color:#e2e8f0'>Media</b>" }, "geometry": { "type": "Point", "coordinates": [ -64.2666, -31.4093 ] } },
{ "type": "Feature", "properties": { "barrio": "IPONA", "poblacion": 982.0, "infraestructura_score": 0.6561, "categoria_infraestructura": "Muy Alta", "cluster_descripcion": "Núcleo Consolidado (Alta Infraestructura)", "tooltip_html": "<b>IPONA</b><hr>Tipología: <span style='color:#38bdf8'>Núcleo Consolidado (Alta Infraestructura)</span><br>Pob: 982.0<br>Score Infra: <b style='color:#e2e8f0'>Muy Alta</b>" }, "geometry": { "type": "Point", "coordinates": [ -64.1884, -31.4448 ] } },
{ "type": "Feature", "properties": { "barrio": "IPV ANEXO LOS GIGANTES", "poblacion": 5240.0, "infraestructura_score": 0.0784, "categoria_infraestructura": "Muy Baja", "cluster_descripcion": "Anillos Densos Poblacionales", "tooltip_html": "<b>IPV ANEXO LOS GIGANTES</b><hr>Tipología: <span style='color:#38bdf8'>Anillos Densos Poblacionales</span><br>Pob: 5240.0<br>Score Infra: <b style='color:#e2e8f0'>Muy Baja</b>" }, "geometry": { "type": "Point", "coordinates": [ -64.1633, -31.3649 ] } },
{ "type": "Feature", "properties": { "barrio": "IRUPE", "poblacion": 523.0, "infraestructura_score": 0.5457, "categoria_infraestructura": "Muy Alta", "cluster_descripcion": "Núcleo Consolidado (Alta Infraestructura)", "tooltip_html": "<b>IRUPE</b><hr>Tipología: <span style='color:#38bdf8'>Núcleo Consolidado (Alta Infraestructura)</span><br>Pob: 523.0<br>Score Infra: <b style='color:#e2e8f0'>Muy Alta</b>" }, "geometry": { "type": "Point", "coordinates": [ -64.2025, -31.4592 ] } },
{ "type": "Feature", "properties": { "barrio": "ITUZAINGO", "poblacion": 3192.0, "infraestructura_score": 0.3996, "categoria_infraestructura": "Muy Alta", "cluster_descripcion": "Transición Urbana Mixta", "tooltip_html": "<b>ITUZAINGO</b><hr>Tipología: <span style='color:#38bdf8'>Transición Urbana Mixta</span><br>Pob: 3192.0<br>Score Infra: <b style='color:#e2e8f0'>Muy Alta</b>" }, "geometry": { "type": "Point", "coordinates": [ -64.0971, -31.4647 ] } },
{ "type": "Feature", "properties": { "barrio": "ITUZAINGO ANEXO", "poblacion": 6081.0, "infraestructura_score": 0.1725, "categoria_infraestructura": "Media", "cluster_descripcion": "Transición Urbana Mixta", "tooltip_html": "<b>ITUZAINGO ANEXO</b><hr>Tipología: <span style='color:#38bdf8'>Transición Urbana Mixta</span><br>Pob: 6081.0<br>Score Infra: <b style='color:#e2e8f0'>Media</b>" }, "geometry": { "type": "Point", "coordinates": [ -64.0829, -31.4637 ] } },
{ "type": "Feature", "properties": { "barrio": "ITUZAINGO II", "poblacion": 1553.0, "infraestructura_score": 0.0239, "categoria_infraestructura": "Muy Baja", "cluster_descripcion": "Vulnerabilidad y Periferia NBI", "tooltip_html": "<b>ITUZAINGO II</b><hr>Tipología: <span style='color:#38bdf8'>Vulnerabilidad y Periferia NBI</span><br>Pob: 1553.0<br>Score Infra: <b style='color:#e2e8f0'>Muy Baja</b>" }, "geometry": { "type": "Point", "coordinates": [ -64.0879, -31.4748 ] } },
{ "type": "Feature", "properties": { "barrio": "JARDIN", "poblacion": 6841.0, "infraestructura_score": 0.1566, "categoria_infraestructura": "Media", "cluster_descripcion": "Transición Urbana Mixta", "tooltip_html": "<b>JARDIN</b><hr>Tipología: <span style='color:#38bdf8'>Transición Urbana Mixta</span><br>Pob: 6841.0<br>Score Infra: <b style='color:#e2e8f0'>Media</b>" }, "geometry": { "type": "Point", "coordinates": [ -64.1817, -31.4463 ] } },
{ "type": "Feature", "properties": { "barrio": "JARDIN DEL CLARET", "poblacion": 500.0, "infraestructura_score": 0.4074, "categoria_infraestructura": "Muy Alta", "cluster_descripcion": "Núcleo Consolidado (Alta Infraestructura)", "tooltip_html": "<b>JARDIN DEL CLARET</b><hr>Tipología: <span style='color:#38bdf8'>Núcleo Consolidado (Alta Infraestructura)</span><br>Pob: 500.0<br>Score Infra: <b style='color:#e2e8f0'>Muy Alta</b>" }, "geometry": { "type": "Point", "coordinates": [ -64.2296, -31.3481 ] } },
{ "type": "Feature", "properties": { "barrio": "JARDIN DEL PILAR", "poblacion": 2131.0, "infraestructura_score": 0.1695, "categoria_infraestructura": "Media", "cluster_descripcion": "Transición Urbana Mixta", "tooltip_html": "<b>JARDIN DEL PILAR</b><hr>Tipología: <span style='color:#38bdf8'>Transición Urbana Mixta</span><br>Pob: 2131.0<br>Score Infra: <b style='color:#e2e8f0'>Media</b>" }, "geometry": { "type": "Point", "coordinates": [ -64.1529, -31.4441 ] } },
{ "type": "Feature", "properties": { "barrio": "JARDIN DEL SUD", "poblacion": 1482.0, "infraestructura_score": 0.0874, "categoria_infraestructura": "Baja", "cluster_descripcion": "Transición Urbana Mixta", "tooltip_html": "<b>JARDIN DEL SUD</b><hr>Tipología: <span style='color:#38bdf8'>Transición Urbana Mixta</span><br>Pob: 1482.0<br>Score Infra: <b style='color:#e2e8f0'>Baja</b>" }, "geometry": { "type": "Point", "coordinates": [ -64.1646, -31.4561 ] } },
{ "type": "Feature", "properties": { "barrio": "JARDIN ESPINOSA", "poblacion": 1515.0, "infraestructura_score": 0.3481, "categoria_infraestructura": "Alta", "cluster_descripcion": "Transición Urbana Mixta", "tooltip_html": "<b>JARDIN ESPINOSA</b><hr>Tipología: <span style='color:#38bdf8'>Transición Urbana Mixta</span><br>Pob: 1515.0<br>Score Infra: <b style='color:#e2e8f0'>Alta</b>" }, "geometry": { "type": "Point", "coordinates": [ -64.1713, -31.4535 ] } },
{ "type": "Feature", "properties": { "barrio": "JARDIN HIPODROMO", "poblacion": 2188.0, "infraestructura_score": 0.1119, "categoria_infraestructura": "Baja", "cluster_descripcion": "Transición Urbana Mixta", "tooltip_html": "<b>JARDIN HIPODROMO</b><hr>Tipología: <span style='color:#38bdf8'>Transición Urbana Mixta</span><br>Pob: 2188.0<br>Score Infra: <b style='color:#e2e8f0'>Baja</b>" }, "geometry": { "type": "Point", "coordinates": [ -64.1908, -31.4589 ] } },
{ "type": "Feature", "properties": { "barrio": "JARDINES DEL JOCKEY", "poblacion": 516.0, "infraestructura_score": 0.2513, "categoria_infraestructura": "Alta", "cluster_descripcion": "Transición Urbana Mixta", "tooltip_html": "<b>JARDINES DEL JOCKEY</b><hr>Tipología: <span style='color:#38bdf8'>Transición Urbana Mixta</span><br>Pob: 516.0<br>Score Infra: <b style='color:#e2e8f0'>Alta</b>" }, "geometry": { "type": "Point", "coordinates": [ -64.1762, -31.4545 ] } },
{ "type": "Feature", "properties": { "barrio": "JERONIMO LUIS DE CABRERA", "poblacion": 3272.0, "infraestructura_score": 0.1121, "categoria_infraestructura": "Baja", "cluster_descripcion": "Transición Urbana Mixta", "tooltip_html": "<b>JERONIMO LUIS DE CABRERA</b><hr>Tipología: <span style='color:#38bdf8'>Transición Urbana Mixta</span><br>Pob: 3272.0<br>Score Infra: <b style='color:#e2e8f0'>Baja</b>" }, "geometry": { "type": "Point", "coordinates": [ -64.1826, -31.3559 ] } },
{ "type": "Feature", "properties": { "barrio": "JOCKEY CLUB", "poblacion": 516.0, "infraestructura_score": 0.0719, "categoria_infraestructura": "Muy Baja", "cluster_descripcion": "Transición Urbana Mixta", "tooltip_html": "<b>JOCKEY CLUB</b><hr>Tipología: <span style='color:#38bdf8'>Transición Urbana Mixta</span><br>Pob: 516.0<br>Score Infra: <b style='color:#e2e8f0'>Muy Baja</b>" }, "geometry": { "type": "Point", "coordinates": [ -64.1792, -31.4535 ] } },
{ "type": "Feature", "properties": { "barrio": "JOSE HERNANDEZ", "poblacion": 3233.0, "infraestructura_score": 0.1761, "categoria_infraestructura": "Media", "cluster_descripcion": "Transición Urbana Mixta", "tooltip_html": "<b>JOSE HERNANDEZ</b><hr>Tipología: <span style='color:#38bdf8'>Transición Urbana Mixta</span><br>Pob: 3233.0<br>Score Infra: <b style='color:#e2e8f0'>Media</b>" }, "geometry": { "type": "Point", "coordinates": [ -64.157, -31.4442 ] } },
{ "type": "Feature", "properties": { "barrio": "JOSE I RUCCI", "poblacion": 500.0, "infraestructura_score": 0.2963, "categoria_infraestructura": "Alta", "cluster_descripcion": "Anillos Densos Poblacionales", "tooltip_html": "<b>JOSE I RUCCI</b><hr>Tipología: <span style='color:#38bdf8'>Anillos Densos Poblacionales</span><br>Pob: 500.0<br>Score Infra: <b style='color:#e2e8f0'>Alta</b>" }, "geometry": { "type": "Point", "coordinates": [ -64.1294, -31.461 ] } },
{ "type": "Feature", "properties": { "barrio": "JOSE IGNACIO DIAZ SECCION 1", "poblacion": 4483.0, "infraestructura_score": 0.1033, "categoria_infraestructura": "Baja", "cluster_descripcion": "Transición Urbana Mixta", "tooltip_html": "<b>JOSE IGNACIO DIAZ SECCION 1</b><hr>Tipología: <span style='color:#38bdf8'>Transición Urbana Mixta</span><br>Pob: 4483.0<br>Score Infra: <b style='color:#e2e8f0'>Baja</b>" }, "geometry": { "type": "Point", "coordinates": [ -64.1379, -31.4434 ] } },
{ "type": "Feature", "properties": { "barrio": "JOSE IGNACIO DIAZ SECCION 2", "poblacion": 2204.0, "infraestructura_score": 0.0841, "categoria_infraestructura": "Baja", "cluster_descripcion": "Transición Urbana Mixta", "tooltip_html": "<b>JOSE IGNACIO DIAZ SECCION 2</b><hr>Tipología: <span style='color:#38bdf8'>Transición Urbana Mixta</span><br>Pob: 2204.0<br>Score Infra: <b style='color:#e2e8f0'>Baja</b>" }, "geometry": { "type": "Point", "coordinates": [ -64.1454, -31.4451 ] } },
{ "type": "Feature", "properties": { "barrio": "JOSE IGNACIO DIAZ SECCION 3", "poblacion": 11876.0, "infraestructura_score": 0.1357, "categoria_infraestructura": "Baja", "cluster_descripcion": "Vulnerabilidad y Periferia NBI", "tooltip_html": "<b>JOSE IGNACIO DIAZ SECCION 3</b><hr>Tipología: <span style='color:#38bdf8'>Vulnerabilidad y Periferia NBI</span><br>Pob: 11876.0<br>Score Infra: <b style='color:#e2e8f0'>Baja</b>" }, "geometry": { "type": "Point", "coordinates": [ -64.1323, -31.4514 ] } },
{ "type": "Feature", "properties": { "barrio": "JUAN B JUSTO", "poblacion": 3088.0, "infraestructura_score": 0.0702, "categoria_infraestructura": "Muy Baja", "cluster_descripcion": "Transición Urbana Mixta", "tooltip_html": "<b>JUAN B JUSTO</b><hr>Tipología: <span style='color:#38bdf8'>Transición Urbana Mixta</span><br>Pob: 3088.0<br>Score Infra: <b style='color:#e2e8f0'>Muy Baja</b>" }, "geometry": { "type": "Point", "coordinates": [ -64.1816, -31.3597 ] } },
{ "type": "Feature", "properties": { "barrio": "JUAN XXIII", "poblacion": 977.0, "infraestructura_score": 0.2843, "categoria_infraestructura": "Alta", "cluster_descripcion": "Transición Urbana Mixta", "tooltip_html": "<b>JUAN XXIII</b><hr>Tipología: <span style='color:#38bdf8'>Transición Urbana Mixta</span><br>Pob: 977.0<br>Score Infra: <b style='color:#e2e8f0'>Alta</b>" }, "geometry": { "type": "Point", "coordinates": [ -64.2249, -31.4205 ] } },
{ "type": "Feature", "properties": { "barrio": "JUNIORS", "poblacion": 6521.0, "infraestructura_score": 0.1254, "categoria_infraestructura": "Baja", "cluster_descripcion": "Transición Urbana Mixta", "tooltip_html": "<b>JUNIORS</b><hr>Tipología: <span style='color:#38bdf8'>Transición Urbana Mixta</span><br>Pob: 6521.0<br>Score Infra: <b style='color:#e2e8f0'>Baja</b>" }, "geometry": { "type": "Point", "coordinates": [ -64.1653, -31.4193 ] } },
{ "type": "Feature", "properties": { "barrio": "KAIROS", "poblacion": 826.0, "infraestructura_score": 0.3791, "categoria_infraestructura": "Muy Alta", "cluster_descripcion": "Vulnerabilidad y Periferia NBI", "tooltip_html": "<b>KAIROS</b><hr>Tipología: <span style='color:#38bdf8'>Vulnerabilidad y Periferia NBI</span><br>Pob: 826.0<br>Score Infra: <b style='color:#e2e8f0'>Muy Alta</b>" }, "geometry": { "type": "Point", "coordinates": [ -64.2497, -31.4827 ] } },
{ "type": "Feature", "properties": { "barrio": "KENNEDY", "poblacion": 1074.0, "infraestructura_score": 0.2281, "categoria_infraestructura": "Alta", "cluster_descripcion": "Transición Urbana Mixta", "tooltip_html": "<b>KENNEDY</b><hr>Tipología: <span style='color:#38bdf8'>Transición Urbana Mixta</span><br>Pob: 1074.0<br>Score Infra: <b style='color:#e2e8f0'>Alta</b>" }, "geometry": { "type": "Point", "coordinates": [ -64.1911, -31.458 ] } },
{ "type": "Feature", "properties": { "barrio": "LA CAROLINA", "poblacion": 700.0, "infraestructura_score": 0.1985, "categoria_infraestructura": "Media", "cluster_descripcion": "Transición Urbana Mixta", "tooltip_html": "<b>LA CAROLINA</b><hr>Tipología: <span style='color:#38bdf8'>Transición Urbana Mixta</span><br>Pob: 700.0<br>Score Infra: <b style='color:#e2e8f0'>Media</b>" }, "geometry": { "type": "Point", "coordinates": [ -64.2862, -31.3528 ] } },
{ "type": "Feature", "properties": { "barrio": "LA DOROTEA", "poblacion": 526.0, "infraestructura_score": 0.2374, "categoria_infraestructura": "Alta", "cluster_descripcion": "Transición Urbana Mixta", "tooltip_html": "<b>LA DOROTEA</b><hr>Tipología: <span style='color:#38bdf8'>Transición Urbana Mixta</span><br>Pob: 526.0<br>Score Infra: <b style='color:#e2e8f0'>Alta</b>" }, "geometry": { "type": "Point", "coordinates": [ -64.1116, -31.3788 ] } },
{ "type": "Feature", "properties": { "barrio": "LA ESPERANZA", "poblacion": 500.0, "infraestructura_score": 0.2963, "categoria_infraestructura": "Alta", "cluster_descripcion": "Transición Urbana Mixta", "tooltip_html": "<b>LA ESPERANZA</b><hr>Tipología: <span style='color:#38bdf8'>Transición Urbana Mixta</span><br>Pob: 500.0<br>Score Infra: <b style='color:#e2e8f0'>Alta</b>" }, "geometry": { "type": "Point", "coordinates": [ -64.2421, -31.4838 ] } },
{ "type": "Feature", "properties": { "barrio": "LA FLORESTA", "poblacion": 1590.0, "infraestructura_score": 0.1224, "categoria_infraestructura": "Baja", "cluster_descripcion": "Vulnerabilidad y Periferia NBI", "tooltip_html": "<b>LA FLORESTA</b><hr>Tipología: <span style='color:#38bdf8'>Vulnerabilidad y Periferia NBI</span><br>Pob: 1590.0<br>Score Infra: <b style='color:#e2e8f0'>Baja</b>" }, "geometry": { "type": "Point", "coordinates": [ -64.0584, -31.3892 ] } },
{ "type": "Feature", "properties": { "barrio": "LA FRANCE", "poblacion": 3218.0, "infraestructura_score": 0.3817, "categoria_infraestructura": "Muy Alta", "cluster_descripcion": "Transición Urbana Mixta", "tooltip_html": "<b>LA FRANCE</b><hr>Tipología: <span style='color:#38bdf8'>Transición Urbana Mixta</span><br>Pob: 3218.0<br>Score Infra: <b style='color:#e2e8f0'>Muy Alta</b>" }, "geometry": { "type": "Point", "coordinates": [ -64.2086, -31.3731 ] } },
{ "type": "Feature", "properties": { "barrio": "LA FRATERNIDAD", "poblacion": 500.0, "infraestructura_score": 0.5832, "categoria_infraestructura": "Muy Alta", "cluster_descripcion": "Núcleo Consolidado (Alta Infraestructura)", "tooltip_html": "<b>LA FRATERNIDAD</b><hr>Tipología: <span style='color:#38bdf8'>Núcleo Consolidado (Alta Infraestructura)</span><br>Pob: 500.0<br>Score Infra: <b style='color:#e2e8f0'>Muy Alta</b>" }, "geometry": { "type": "Point", "coordinates": [ -64.184, -31.3769 ] } },
{ "type": "Feature", "properties": { "barrio": "LA HORTENSIA", "poblacion": 1423.0, "infraestructura_score": 0.013, "categoria_infraestructura": "Muy Baja", "cluster_descripcion": "Transición Urbana Mixta", "tooltip_html": "<b>LA HORTENSIA</b><hr>Tipología: <span style='color:#38bdf8'>Transición Urbana Mixta</span><br>Pob: 1423.0<br>Score Infra: <b style='color:#e2e8f0'>Muy Baja</b>" }, "geometry": { "type": "Point", "coordinates": [ -64.1399, -31.3844 ] } },
{ "type": "Feature", "properties": { "barrio": "LA SALLE", "poblacion": 707.0, "infraestructura_score": 0.7068, "categoria_infraestructura": "Muy Alta", "cluster_descripcion": "Núcleo Consolidado (Alta Infraestructura)", "tooltip_html": "<b>LA SALLE</b><hr>Tipología: <span style='color:#38bdf8'>Núcleo Consolidado (Alta Infraestructura)</span><br>Pob: 707.0<br>Score Infra: <b style='color:#e2e8f0'>Muy Alta</b>" }, "geometry": { "type": "Point", "coordinates": [ -64.2755, -31.3455 ] } },
{ "type": "Feature", "properties": { "barrio": "LA TOMA", "poblacion": 500.0, "infraestructura_score": 0.2222, "categoria_infraestructura": "Alta", "cluster_descripcion": "Transición Urbana Mixta", "tooltip_html": "<b>LA TOMA</b><hr>Tipología: <span style='color:#38bdf8'>Transición Urbana Mixta</span><br>Pob: 500.0<br>Score Infra: <b style='color:#e2e8f0'>Alta</b>" }, "geometry": { "type": "Point", "coordinates": [ -64.2618, -31.4051 ] } },
{ "type": "Feature", "properties": { "barrio": "LAMADRID", "poblacion": 2346.0, "infraestructura_score": 0.1974, "categoria_infraestructura": "Media", "cluster_descripcion": "Transición Urbana Mixta", "tooltip_html": "<b>LAMADRID</b><hr>Tipología: <span style='color:#38bdf8'>Transición Urbana Mixta</span><br>Pob: 2346.0<br>Score Infra: <b style='color:#e2e8f0'>Media</b>" }, "geometry": { "type": "Point", "coordinates": [ -64.2346, -31.4143 ] } },
{ "type": "Feature", "properties": { "barrio": "LAS CANITAS", "poblacion": 500.0, "infraestructura_score": 0.037, "categoria_infraestructura": "Muy Baja", "cluster_descripcion": "Transición Urbana Mixta", "tooltip_html": "<b>LAS CANITAS</b><hr>Tipología: <span style='color:#38bdf8'>Transición Urbana Mixta</span><br>Pob: 500.0<br>Score Infra: <b style='color:#e2e8f0'>Muy Baja</b>" }, "geometry": { "type": "Point", "coordinates": [ -64.1891, -31.4651 ] } },
{ "type": "Feature", "properties": { "barrio": "LAS CANUELAS", "poblacion": 500.0, "infraestructura_score": 0.0, "categoria_infraestructura": "Muy Baja", "cluster_descripcion": "Transición Urbana Mixta", "tooltip_html": "<b>LAS CANUELAS</b><hr>Tipología: <span style='color:#38bdf8'>Transición Urbana Mixta</span><br>Pob: 500.0<br>Score Infra: <b style='color:#e2e8f0'>Muy Baja</b>" }, "geometry": { "type": "Point", "coordinates": [ -64.1546, -31.476 ] } },
{ "type": "Feature", "properties": { "barrio": "LAS CORTADERAS", "poblacion": 500.0, "infraestructura_score": 0.8055, "categoria_infraestructura": "Muy Alta", "cluster_descripcion": "Núcleo Consolidado (Alta Infraestructura)", "tooltip_html": "<b>LAS CORTADERAS</b><hr>Tipología: <span style='color:#38bdf8'>Núcleo Consolidado (Alta Infraestructura)</span><br>Pob: 500.0<br>Score Infra: <b style='color:#e2e8f0'>Muy Alta</b>" }, "geometry": { "type": "Point", "coordinates": [ -64.2296, -31.3316 ] } },
{ "type": "Feature", "properties": { "barrio": "LAS DALIAS", "poblacion": 649.0, "infraestructura_score": 0.1426, "categoria_infraestructura": "Baja", "cluster_descripcion": "Transición Urbana Mixta", "tooltip_html": "<b>LAS DALIAS</b><hr>Tipología: <span style='color:#38bdf8'>Transición Urbana Mixta</span><br>Pob: 649.0<br>Score Infra: <b style='color:#e2e8f0'>Baja</b>" }, "geometry": { "type": "Point", "coordinates": [ -64.2373, -31.4097 ] } },
{ "type": "Feature", "properties": { "barrio": "LAS FLORES", "poblacion": 4037.0, "infraestructura_score": 0.2337, "categoria_infraestructura": "Alta", "cluster_descripcion": "Transición Urbana Mixta", "tooltip_html": "<b>LAS FLORES</b><hr>Tipología: <span style='color:#38bdf8'>Transición Urbana Mixta</span><br>Pob: 4037.0<br>Score Infra: <b style='color:#e2e8f0'>Alta</b>" }, "geometry": { "type": "Point", "coordinates": [ -64.1972, -31.45 ] } },
{ "type": "Feature", "properties": { "barrio": "LAS HUERTILLAS", "poblacion": 1133.0, "infraestructura_score": 0.0774, "categoria_infraestructura": "Muy Baja", "cluster_descripcion": "Transición Urbana Mixta", "tooltip_html": "<b>LAS HUERTILLAS</b><hr>Tipología: <span style='color:#38bdf8'>Transición Urbana Mixta</span><br>Pob: 1133.0<br>Score Infra: <b style='color:#e2e8f0'>Muy Baja</b>" }, "geometry": { "type": "Point", "coordinates": [ -64.1963, -31.4712 ] } },
{ "type": "Feature", "properties": { "barrio": "LAS LILAS", "poblacion": 2237.0, "infraestructura_score": 0.2606, "categoria_infraestructura": "Alta", "cluster_descripcion": "Vulnerabilidad y Periferia NBI", "tooltip_html": "<b>LAS LILAS</b><hr>Tipología: <span style='color:#38bdf8'>Vulnerabilidad y Periferia NBI</span><br>Pob: 2237.0<br>Score Infra: <b style='color:#e2e8f0'>Alta</b>" }, "geometry": { "type": "Point", "coordinates": [ -64.1319, -31.4453 ] } },
{ "type": "Feature", "properties": { "barrio": "LAS MAGNOLIAS", "poblacion": 2459.0, "infraestructura_score": 0.2561, "categoria_infraestructura": "Alta", "cluster_descripcion": "Transición Urbana Mixta", "tooltip_html": "<b>LAS MAGNOLIAS</b><hr>Tipología: <span style='color:#38bdf8'>Transición Urbana Mixta</span><br>Pob: 2459.0<br>Score Infra: <b style='color:#e2e8f0'>Alta</b>" }, "geometry": { "type": "Point", "coordinates": [ -64.2102, -31.3678 ] } },
{ "type": "Feature", "properties": { "barrio": "LAS MARGARITAS", "poblacion": 2032.0, "infraestructura_score": 0.2959, "categoria_infraestructura": "Alta", "cluster_descripcion": "Transición Urbana Mixta", "tooltip_html": "<b>LAS MARGARITAS</b><hr>Tipología: <span style='color:#38bdf8'>Transición Urbana Mixta</span><br>Pob: 2032.0<br>Score Infra: <b style='color:#e2e8f0'>Alta</b>" }, "geometry": { "type": "Point", "coordinates": [ -64.2099, -31.3785 ] } },
{ "type": "Feature", "properties": { "barrio": "LAS PALMAS", "poblacion": 6142.0, "infraestructura_score": 0.3578, "categoria_infraestructura": "Alta", "cluster_descripcion": "Transición Urbana Mixta", "tooltip_html": "<b>LAS PALMAS</b><hr>Tipología: <span style='color:#38bdf8'>Transición Urbana Mixta</span><br>Pob: 6142.0<br>Score Infra: <b style='color:#e2e8f0'>Alta</b>" }, "geometry": { "type": "Point", "coordinates": [ -64.2393, -31.4039 ] } },
{ "type": "Feature", "properties": { "barrio": "LAS PALMAS ANEXO", "poblacion": 864.0, "infraestructura_score": 0.1715, "categoria_infraestructura": "Media", "cluster_descripcion": "Transición Urbana Mixta", "tooltip_html": "<b>LAS PALMAS ANEXO</b><hr>Tipología: <span style='color:#38bdf8'>Transición Urbana Mixta</span><br>Pob: 864.0<br>Score Infra: <b style='color:#e2e8f0'>Media</b>" }, "geometry": { "type": "Point", "coordinates": [ -64.2397, -31.4129 ] } },
{ "type": "Feature", "properties": { "barrio": "LAS PLAYAS", "poblacion": 2869.0, "infraestructura_score": 0.0194, "categoria_infraestructura": "Muy Baja", "cluster_descripcion": "Transición Urbana Mixta", "tooltip_html": "<b>LAS PLAYAS</b><hr>Tipología: <span style='color:#38bdf8'>Transición Urbana Mixta</span><br>Pob: 2869.0<br>Score Infra: <b style='color:#e2e8f0'>Muy Baja</b>" }, "geometry": { "type": "Point", "coordinates": [ -64.2475, -31.4396 ] } },
{ "type": "Feature", "properties": { "barrio": "LAS ROSAS", "poblacion": 877.0, "infraestructura_score": 0.3587, "categoria_infraestructura": "Muy Alta", "cluster_descripcion": "Transición Urbana Mixta", "tooltip_html": "<b>LAS ROSAS</b><hr>Tipología: <span style='color:#38bdf8'>Transición Urbana Mixta</span><br>Pob: 877.0<br>Score Infra: <b style='color:#e2e8f0'>Muy Alta</b>" }, "geometry": { "type": "Point", "coordinates": [ -64.2281, -31.3914 ] } },
{ "type": "Feature", "properties": { "barrio": "LAS VIOLETAS", "poblacion": 3243.0, "infraestructura_score": 0.2497, "categoria_infraestructura": "Alta", "cluster_descripcion": "Vulnerabilidad y Periferia NBI", "tooltip_html": "<b>LAS VIOLETAS</b><hr>Tipología: <span style='color:#38bdf8'>Vulnerabilidad y Periferia NBI</span><br>Pob: 3243.0<br>Score Infra: <b style='color:#e2e8f0'>Alta</b>" }, "geometry": { "type": "Point", "coordinates": [ -64.2504, -31.4093 ] } },
{ "type": "Feature", "properties": { "barrio": "LICEO GENERAL PAZ", "poblacion": 628.0, "infraestructura_score": 0.1111, "categoria_infraestructura": "Baja", "cluster_descripcion": "Transición Urbana Mixta", "tooltip_html": "<b>LICEO GENERAL PAZ</b><hr>Tipología: <span style='color:#38bdf8'>Transición Urbana Mixta</span><br>Pob: 628.0<br>Score Infra: <b style='color:#e2e8f0'>Baja</b>" }, "geometry": { "type": "Point", "coordinates": [ -64.1667, -31.3356 ] } },
{ "type": "Feature", "properties": { "barrio": "LOMAS DE SAN MARTIN", "poblacion": 1734.0, "infraestructura_score": 0.0748, "categoria_infraestructura": "Muy Baja", "cluster_descripcion": "Transición Urbana Mixta", "tooltip_html": "<b>LOMAS DE SAN MARTIN</b><hr>Tipología: <span style='color:#38bdf8'>Transición Urbana Mixta</span><br>Pob: 1734.0<br>Score Infra: <b style='color:#e2e8f0'>Muy Baja</b>" }, "geometry": { "type": "Point", "coordinates": [ -64.2059, -31.3825 ] } },
{ "type": "Feature", "properties": { "barrio": "LOS ALAMOS", "poblacion": 1964.0, "infraestructura_score": 0.0565, "categoria_infraestructura": "Muy Baja", "cluster_descripcion": "Transición Urbana Mixta", "tooltip_html": "<b>LOS ALAMOS</b><hr>Tipología: <span style='color:#38bdf8'>Transición Urbana Mixta</span><br>Pob: 1964.0<br>Score Infra: <b style='color:#e2e8f0'>Muy Baja</b>" }, "geometry": { "type": "Point", "coordinates": [ -64.1569, -31.3678 ] } },
{ "type": "Feature", "properties": { "barrio": "LOS ANGELES", "poblacion": 766.0, "infraestructura_score": 0.6346, "categoria_infraestructura": "Muy Alta", "cluster_descripcion": "Núcleo Consolidado (Alta Infraestructura)", "tooltip_html": "<b>LOS ANGELES</b><hr>Tipología: <span style='color:#38bdf8'>Núcleo Consolidado (Alta Infraestructura)</span><br>Pob: 766.0<br>Score Infra: <b style='color:#e2e8f0'>Muy Alta</b>" }, "geometry": { "type": "Point", "coordinates": [ -64.237, -31.3595 ] } },
{ "type": "Feature", "properties": { "barrio": "LOS ARBOLES", "poblacion": 500.0, "infraestructura_score": 0.0, "categoria_infraestructura": "Muy Baja", "cluster_descripcion": "Transición Urbana Mixta", "tooltip_html": "<b>LOS ARBOLES</b><hr>Tipología: <span style='color:#38bdf8'>Transición Urbana Mixta</span><br>Pob: 500.0<br>Score Infra: <b style='color:#e2e8f0'>Muy Baja</b>" }, "geometry": { "type": "Point", "coordinates": [ -64.2847, -31.3663 ] } },
{ "type": "Feature", "properties": { "barrio": "LOS BOULEVARES", "poblacion": 12277.0, "infraestructura_score": 0.2143, "categoria_infraestructura": "Media", "cluster_descripcion": "Transición Urbana Mixta", "tooltip_html": "<b>LOS BOULEVARES</b><hr>Tipología: <span style='color:#38bdf8'>Transición Urbana Mixta</span><br>Pob: 12277.0<br>Score Infra: <b style='color:#e2e8f0'>Media</b>" }, "geometry": { "type": "Point", "coordinates": [ -64.2193, -31.3452 ] } },
{ "type": "Feature", "properties": { "barrio": "LOS CEIBOS", "poblacion": 826.0, "infraestructura_score": 0.1794, "categoria_infraestructura": "Media", "cluster_descripcion": "Transición Urbana Mixta", "tooltip_html": "<b>LOS CEIBOS</b><hr>Tipología: <span style='color:#38bdf8'>Transición Urbana Mixta</span><br>Pob: 826.0<br>Score Infra: <b style='color:#e2e8f0'>Media</b>" }, "geometry": { "type": "Point", "coordinates": [ -64.1481, -31.4293 ] } },
{ "type": "Feature", "properties": { "barrio": "LOS CHINGOLOS", "poblacion": 1944.0, "infraestructura_score": 0.1905, "categoria_infraestructura": "Media", "cluster_descripcion": "Transición Urbana Mixta", "tooltip_html": "<b>LOS CHINGOLOS</b><hr>Tipología: <span style='color:#38bdf8'>Transición Urbana Mixta</span><br>Pob: 1944.0<br>Score Infra: <b style='color:#e2e8f0'>Media</b>" }, "geometry": { "type": "Point", "coordinates": [ -64.1691, -31.3408 ] } },
{ "type": "Feature", "properties": { "barrio": "LOS CIELOS", "poblacion": 500.0, "infraestructura_score": 0.0, "categoria_infraestructura": "Muy Baja", "cluster_descripcion": "Transición Urbana Mixta", "tooltip_html": "<b>LOS CIELOS</b><hr>Tipología: <span style='color:#38bdf8'>Transición Urbana Mixta</span><br>Pob: 500.0<br>Score Infra: <b style='color:#e2e8f0'>Muy Baja</b>" }, "geometry": { "type": "Point", "coordinates": [ -64.2827, -31.3715 ] } },
{ "type": "Feature", "properties": { "barrio": "LOS EUCALIPTUS", "poblacion": 1741.0, "infraestructura_score": 0.1224, "categoria_infraestructura": "Baja", "cluster_descripcion": "Transición Urbana Mixta", "tooltip_html": "<b>LOS EUCALIPTUS</b><hr>Tipología: <span style='color:#38bdf8'>Transición Urbana Mixta</span><br>Pob: 1741.0<br>Score Infra: <b style='color:#e2e8f0'>Baja</b>" }, "geometry": { "type": "Point", "coordinates": [ -64.0885, -31.4678 ] } },
{ "type": "Feature", "properties": { "barrio": "LOS FILTROS", "poblacion": 852.0, "infraestructura_score": 0.3153, "categoria_infraestructura": "Alta", "cluster_descripcion": "Vulnerabilidad y Periferia NBI", "tooltip_html": "<b>LOS FILTROS</b><hr>Tipología: <span style='color:#38bdf8'>Vulnerabilidad y Periferia NBI</span><br>Pob: 852.0<br>Score Infra: <b style='color:#e2e8f0'>Alta</b>" }, "geometry": { "type": "Point", "coordinates": [ -64.2485, -31.4133 ] } },
{ "type": "Feature", "properties": { "barrio": "LOS FRESNOS", "poblacion": 1067.0, "infraestructura_score": 0.0652, "categoria_infraestructura": "Muy Baja", "cluster_descripcion": "Vulnerabilidad y Periferia NBI", "tooltip_html": "<b>LOS FRESNOS</b><hr>Tipología: <span style='color:#38bdf8'>Vulnerabilidad y Periferia NBI</span><br>Pob: 1067.0<br>Score Infra: <b style='color:#e2e8f0'>Muy Baja</b>" }, "geometry": { "type": "Point", "coordinates": [ -64.0816, -31.4709 ] } },
{ "type": "Feature", "properties": { "barrio": "LOS GIGANTES", "poblacion": 4442.0, "infraestructura_score": 0.0931, "categoria_infraestructura": "Baja", "cluster_descripcion": "Transición Urbana Mixta", "tooltip_html": "<b>LOS GIGANTES</b><hr>Tipología: <span style='color:#38bdf8'>Transición Urbana Mixta</span><br>Pob: 4442.0<br>Score Infra: <b style='color:#e2e8f0'>Baja</b>" }, "geometry": { "type": "Point", "coordinates": [ -64.1695, -31.3626 ] } },
{ "type": "Feature", "properties": { "barrio": "LOS GRANADOS", "poblacion": 3435.0, "infraestructura_score": 0.1129, "categoria_infraestructura": "Baja", "cluster_descripcion": "Transición Urbana Mixta", "tooltip_html": "<b>LOS GRANADOS</b><hr>Tipología: <span style='color:#38bdf8'>Transición Urbana Mixta</span><br>Pob: 3435.0<br>Score Infra: <b style='color:#e2e8f0'>Baja</b>" }, "geometry": { "type": "Point", "coordinates": [ -64.237, -31.4234 ] } },
{ "type": "Feature", "properties": { "barrio": "LOS HORNILLOS", "poblacion": 726.0, "infraestructura_score": 0.4444, "categoria_infraestructura": "Muy Alta", "cluster_descripcion": "Núcleo Consolidado (Alta Infraestructura)", "tooltip_html": "<b>LOS HORNILLOS</b><hr>Tipología: <span style='color:#38bdf8'>Núcleo Consolidado (Alta Infraestructura)</span><br>Pob: 726.0<br>Score Infra: <b style='color:#e2e8f0'>Muy Alta</b>" }, "geometry": { "type": "Point", "coordinates": [ -64.1721, -31.3409 ] } },
{ "type": "Feature", "properties": { "barrio": "LOS JACARANDAES", "poblacion": 1305.0, "infraestructura_score": 0.0, "categoria_infraestructura": "Muy Baja", "cluster_descripcion": "Vulnerabilidad y Periferia NBI", "tooltip_html": "<b>LOS JACARANDAES</b><hr>Tipología: <span style='color:#38bdf8'>Vulnerabilidad y Periferia NBI</span><br>Pob: 1305.0<br>Score Infra: <b style='color:#e2e8f0'>Muy Baja</b>" }, "geometry": { "type": "Point", "coordinates": [ -64.2365, -31.4172 ] } },
{ "type": "Feature", "properties": { "barrio": "LOS JOSEFINOS", "poblacion": 500.0, "infraestructura_score": 0.2222, "categoria_infraestructura": "Alta", "cluster_descripcion": "Transición Urbana Mixta", "tooltip_html": "<b>LOS JOSEFINOS</b><hr>Tipología: <span style='color:#38bdf8'>Transición Urbana Mixta</span><br>Pob: 500.0<br>Score Infra: <b style='color:#e2e8f0'>Alta</b>" }, "geometry": { "type": "Point", "coordinates": [ -64.1239, -31.4142 ] } },
{ "type": "Feature", "properties": { "barrio": "LOS NARANJOS", "poblacion": 1615.0, "infraestructura_score": 0.4724, "categoria_infraestructura": "Muy Alta", "cluster_descripcion": "Núcleo Consolidado (Alta Infraestructura)", "tooltip_html": "<b>LOS NARANJOS</b><hr>Tipología: <span style='color:#38bdf8'>Núcleo Consolidado (Alta Infraestructura)</span><br>Pob: 1615.0<br>Score Infra: <b style='color:#e2e8f0'>Muy Alta</b>" }, "geometry": { "type": "Point", "coordinates": [ -64.2266, -31.4297 ] } },
{ "type": "Feature", "properties": { "barrio": "LOS OLMOS", "poblacion": 1859.0, "infraestructura_score": 0.2044, "categoria_infraestructura": "Media", "cluster_descripcion": "Transición Urbana Mixta", "tooltip_html": "<b>LOS OLMOS</b><hr>Tipología: <span style='color:#38bdf8'>Transición Urbana Mixta</span><br>Pob: 1859.0<br>Score Infra: <b style='color:#e2e8f0'>Media</b>" }, "geometry": { "type": "Point", "coordinates": [ -64.2173, -31.4598 ] } },
{ "type": "Feature", "properties": { "barrio": "LOS OLMOS SUD", "poblacion": 2486.0, "infraestructura_score": 0.3034, "categoria_infraestructura": "Alta", "cluster_descripcion": "Transición Urbana Mixta", "tooltip_html": "<b>LOS OLMOS SUD</b><hr>Tipología: <span style='color:#38bdf8'>Transición Urbana Mixta</span><br>Pob: 2486.0<br>Score Infra: <b style='color:#e2e8f0'>Alta</b>" }, "geometry": { "type": "Point", "coordinates": [ -64.2155, -31.4654 ] } },
{ "type": "Feature", "properties": { "barrio": "LOS PARAISOS", "poblacion": 5079.0, "infraestructura_score": 0.143, "categoria_infraestructura": "Baja", "cluster_descripcion": "Transición Urbana Mixta", "tooltip_html": "<b>LOS PARAISOS</b><hr>Tipología: <span style='color:#38bdf8'>Transición Urbana Mixta</span><br>Pob: 5079.0<br>Score Infra: <b style='color:#e2e8f0'>Baja</b>" }, "geometry": { "type": "Point", "coordinates": [ -64.1946, -31.3831 ] } },
{ "type": "Feature", "properties": { "barrio": "LOS PINOS", "poblacion": 1901.0, "infraestructura_score": 0.3166, "categoria_infraestructura": "Alta", "cluster_descripcion": "Transición Urbana Mixta", "tooltip_html": "<b>LOS PINOS</b><hr>Tipología: <span style='color:#38bdf8'>Transición Urbana Mixta</span><br>Pob: 1901.0<br>Score Infra: <b style='color:#e2e8f0'>Alta</b>" }, "geometry": { "type": "Point", "coordinates": [ -64.141, -31.3937 ] } },
{ "type": "Feature", "properties": { "barrio": "LOS PLATANOS", "poblacion": 7003.0, "infraestructura_score": 0.1082, "categoria_infraestructura": "Baja", "cluster_descripcion": "Transición Urbana Mixta", "tooltip_html": "<b>LOS PLATANOS</b><hr>Tipología: <span style='color:#38bdf8'>Transición Urbana Mixta</span><br>Pob: 7003.0<br>Score Infra: <b style='color:#e2e8f0'>Baja</b>" }, "geometry": { "type": "Point", "coordinates": [ -64.2307, -31.4222 ] } },
{ "type": "Feature", "properties": { "barrio": "LOS ROBLES", "poblacion": 3479.0, "infraestructura_score": 0.1224, "categoria_infraestructura": "Baja", "cluster_descripcion": "Vulnerabilidad y Periferia NBI", "tooltip_html": "<b>LOS ROBLES</b><hr>Tipología: <span style='color:#38bdf8'>Vulnerabilidad y Periferia NBI</span><br>Pob: 3479.0<br>Score Infra: <b style='color:#e2e8f0'>Baja</b>" }, "geometry": { "type": "Point", "coordinates": [ -64.2649, -31.401 ] } },
{ "type": "Feature", "properties": { "barrio": "LOS SAUCES", "poblacion": 1635.0, "infraestructura_score": 0.3908, "categoria_infraestructura": "Muy Alta", "cluster_descripcion": "Núcleo Consolidado (Alta Infraestructura)", "tooltip_html": "<b>LOS SAUCES</b><hr>Tipología: <span style='color:#38bdf8'>Núcleo Consolidado (Alta Infraestructura)</span><br>Pob: 1635.0<br>Score Infra: <b style='color:#e2e8f0'>Muy Alta</b>" }, "geometry": { "type": "Point", "coordinates": [ -64.0989, -31.4612 ] } },
{ "type": "Feature", "properties": { "barrio": "LOS SOLES", "poblacion": 500.0, "infraestructura_score": 0.1852, "categoria_infraestructura": "Media", "cluster_descripcion": "Transición Urbana Mixta", "tooltip_html": "<b>LOS SOLES</b><hr>Tipología: <span style='color:#38bdf8'>Transición Urbana Mixta</span><br>Pob: 500.0<br>Score Infra: <b style='color:#e2e8f0'>Media</b>" }, "geometry": { "type": "Point", "coordinates": [ -64.2786, -31.3732 ] } },
{ "type": "Feature", "properties": { "barrio": "LOS SUENOS", "poblacion": 500.0, "infraestructura_score": 0.037, "categoria_infraestructura": "Muy Baja", "cluster_descripcion": "Transición Urbana Mixta", "tooltip_html": "<b>LOS SUENOS</b><hr>Tipología: <span style='color:#38bdf8'>Transición Urbana Mixta</span><br>Pob: 500.0<br>Score Infra: <b style='color:#e2e8f0'>Muy Baja</b>" }, "geometry": { "type": "Point", "coordinates": [ -64.2833, -31.3604 ] } },
{ "type": "Feature", "properties": { "barrio": "LOURDES", "poblacion": 1413.0, "infraestructura_score": 0.39, "categoria_infraestructura": "Muy Alta", "cluster_descripcion": "Vulnerabilidad y Periferia NBI", "tooltip_html": "<b>LOURDES</b><hr>Tipología: <span style='color:#38bdf8'>Vulnerabilidad y Periferia NBI</span><br>Pob: 1413.0<br>Score Infra: <b style='color:#e2e8f0'>Muy Alta</b>" }, "geometry": { "type": "Point", "coordinates": [ -64.256, -31.3317 ] } },
{ "type": "Feature", "properties": { "barrio": "MAIPU SECCION 1", "poblacion": 2022.0, "infraestructura_score": 0.1557, "categoria_infraestructura": "Media", "cluster_descripcion": "Transición Urbana Mixta", "tooltip_html": "<b>MAIPU SECCION 1</b><hr>Tipología: <span style='color:#38bdf8'>Transición Urbana Mixta</span><br>Pob: 2022.0<br>Score Infra: <b style='color:#e2e8f0'>Media</b>" }, "geometry": { "type": "Point", "coordinates": [ -64.1595, -31.4362 ] } },
{ "type": "Feature", "properties": { "barrio": "MAIPU SECCION 2", "poblacion": 2283.0, "infraestructura_score": 0.1054, "categoria_infraestructura": "Baja", "cluster_descripcion": "Transición Urbana Mixta", "tooltip_html": "<b>MAIPU SECCION 2</b><hr>Tipología: <span style='color:#38bdf8'>Transición Urbana Mixta</span><br>Pob: 2283.0<br>Score Infra: <b style='color:#e2e8f0'>Baja</b>" }, "geometry": { "type": "Point", "coordinates": [ -64.1598, -31.4297 ] } },
{ "type": "Feature", "properties": { "barrio": "MALDONADO", "poblacion": 8018.0, "infraestructura_score": 0.0835, "categoria_infraestructura": "Baja", "cluster_descripcion": "Vulnerabilidad y Periferia NBI", "tooltip_html": "<b>MALDONADO</b><hr>Tipología: <span style='color:#38bdf8'>Vulnerabilidad y Periferia NBI</span><br>Pob: 8018.0<br>Score Infra: <b style='color:#e2e8f0'>Baja</b>" }, "geometry": { "type": "Point", "coordinates": [ -64.1275, -31.4122 ] } },
{ "type": "Feature", "properties": { "barrio": "MANANTIALES I-MANANTIALES II", "poblacion": 500.0, "infraestructura_score": 0.037, "categoria_infraestructura": "Muy Baja", "cluster_descripcion": "Transición Urbana Mixta", "tooltip_html": "<b>MANANTIALES I-MANANTIALES II</b><hr>Tipología: <span style='color:#38bdf8'>Transición Urbana Mixta</span><br>Pob: 500.0<br>Score Infra: <b style='color:#e2e8f0'>Muy Baja</b>" }, "geometry": { "type": "Point", "coordinates": [ -64.2275, -31.4502 ] } },
{ "type": "Feature", "properties": { "barrio": "MARCELO T DE ALVEAR", "poblacion": 2748.0, "infraestructura_score": 0.0539, "categoria_infraestructura": "Muy Baja", "cluster_descripcion": "Transición Urbana Mixta", "tooltip_html": "<b>MARCELO T DE ALVEAR</b><hr>Tipología: <span style='color:#38bdf8'>Transición Urbana Mixta</span><br>Pob: 2748.0<br>Score Infra: <b style='color:#e2e8f0'>Muy Baja</b>" }, "geometry": { "type": "Point", "coordinates": [ -64.1719, -31.368 ] } },
{ "type": "Feature", "properties": { "barrio": "MARCOS SASTRE", "poblacion": 1104.0, "infraestructura_score": 0.2476, "categoria_infraestructura": "Alta", "cluster_descripcion": "Transición Urbana Mixta", "tooltip_html": "<b>MARCOS SASTRE</b><hr>Tipología: <span style='color:#38bdf8'>Transición Urbana Mixta</span><br>Pob: 1104.0<br>Score Infra: <b style='color:#e2e8f0'>Alta</b>" }, "geometry": { "type": "Point", "coordinates": [ -64.1499, -31.4451 ] } },
{ "type": "Feature", "properties": { "barrio": "MARECHAL", "poblacion": 3557.0, "infraestructura_score": 0.1183, "categoria_infraestructura": "Baja", "cluster_descripcion": "Transición Urbana Mixta", "tooltip_html": "<b>MARECHAL</b><hr>Tipología: <span style='color:#38bdf8'>Transición Urbana Mixta</span><br>Pob: 3557.0<br>Score Infra: <b style='color:#e2e8f0'>Baja</b>" }, "geometry": { "type": "Point", "coordinates": [ -64.2143, -31.3955 ] } },
{ "type": "Feature", "properties": { "barrio": "MARIA LASTENIA", "poblacion": 500.0, "infraestructura_score": 0.7778, "categoria_infraestructura": "Muy Alta", "cluster_descripcion": "Núcleo Consolidado (Alta Infraestructura)", "tooltip_html": "<b>MARIA LASTENIA</b><hr>Tipología: <span style='color:#38bdf8'>Núcleo Consolidado (Alta Infraestructura)</span><br>Pob: 500.0<br>Score Infra: <b style='color:#e2e8f0'>Muy Alta</b>" }, "geometry": { "type": "Point", "coordinates": [ -64.1819, -31.3267 ] } },
{ "type": "Feature", "properties": { "barrio": "MARIANO BALCARCE", "poblacion": 1994.0, "infraestructura_score": 0.0904, "categoria_infraestructura": "Baja", "cluster_descripcion": "Transición Urbana Mixta", "tooltip_html": "<b>MARIANO BALCARCE</b><hr>Tipología: <span style='color:#38bdf8'>Transición Urbana Mixta</span><br>Pob: 1994.0<br>Score Infra: <b style='color:#e2e8f0'>Baja</b>" }, "geometry": { "type": "Point", "coordinates": [ -64.2216, -31.4337 ] } },
{ "type": "Feature", "properties": { "barrio": "MARIANO FRAGUEIRO", "poblacion": 3630.0, "infraestructura_score": 0.2157, "categoria_infraestructura": "Media", "cluster_descripcion": "Transición Urbana Mixta", "tooltip_html": "<b>MARIANO FRAGUEIRO</b><hr>Tipología: <span style='color:#38bdf8'>Transición Urbana Mixta</span><br>Pob: 3630.0<br>Score Infra: <b style='color:#e2e8f0'>Media</b>" }, "geometry": { "type": "Point", "coordinates": [ -64.1857, -31.3661 ] } },
{ "type": "Feature", "properties": { "barrio": "MARQUES ANEXO", "poblacion": 10478.0, "infraestructura_score": 0.0069, "categoria_infraestructura": "Muy Baja", "cluster_descripcion": "Transición Urbana Mixta", "tooltip_html": "<b>MARQUES ANEXO</b><hr>Tipología: <span style='color:#38bdf8'>Transición Urbana Mixta</span><br>Pob: 10478.0<br>Score Infra: <b style='color:#e2e8f0'>Muy Baja</b>" }, "geometry": { "type": "Point", "coordinates": [ -64.1916, -31.3714 ] } },
{ "type": "Feature", "properties": { "barrio": "MARQUES DE SOBREMONTE", "poblacion": 24608.0, "infraestructura_score": 0.1032, "categoria_infraestructura": "Baja", "cluster_descripcion": "Transición Urbana Mixta", "tooltip_html": "<b>MARQUES DE SOBREMONTE</b><hr>Tipología: <span style='color:#38bdf8'>Transición Urbana Mixta</span><br>Pob: 24608.0<br>Score Infra: <b style='color:#e2e8f0'>Baja</b>" }, "geometry": { "type": "Point", "coordinates": [ -64.194, -31.3686 ] } },
{ "type": "Feature", "properties": { "barrio": "MAULLER", "poblacion": 5734.0, "infraestructura_score": 0.2443, "categoria_infraestructura": "Alta", "cluster_descripcion": "Transición Urbana Mixta", "tooltip_html": "<b>MAULLER</b><hr>Tipología: <span style='color:#38bdf8'>Transición Urbana Mixta</span><br>Pob: 5734.0<br>Score Infra: <b style='color:#e2e8f0'>Alta</b>" }, "geometry": { "type": "Point", "coordinates": [ -64.1389, -31.4148 ] } },
{ "type": "Feature", "properties": { "barrio": "MAURIZI", "poblacion": 756.0, "infraestructura_score": 0.1651, "categoria_infraestructura": "Media", "cluster_descripcion": "Transición Urbana Mixta", "tooltip_html": "<b>MAURIZI</b><hr>Tipología: <span style='color:#38bdf8'>Transición Urbana Mixta</span><br>Pob: 756.0<br>Score Infra: <b style='color:#e2e8f0'>Media</b>" }, "geometry": { "type": "Point", "coordinates": [ -64.2082, -31.4274 ] } },
{ "type": "Feature", "properties": { "barrio": "MERCANTIL", "poblacion": 723.0, "infraestructura_score": 0.5383, "categoria_infraestructura": "Muy Alta", "cluster_descripcion": "Núcleo Consolidado (Alta Infraestructura)", "tooltip_html": "<b>MERCANTIL</b><hr>Tipología: <span style='color:#38bdf8'>Núcleo Consolidado (Alta Infraestructura)</span><br>Pob: 723.0<br>Score Infra: <b style='color:#e2e8f0'>Muy Alta</b>" }, "geometry": { "type": "Point", "coordinates": [ -64.2587, -31.3184 ] } },
{ "type": "Feature", "properties": { "barrio": "MILITAR GENERAL DEHEZA", "poblacion": 825.0, "infraestructura_score": 0.2353, "categoria_infraestructura": "Alta", "cluster_descripcion": "Transición Urbana Mixta", "tooltip_html": "<b>MILITAR GENERAL DEHEZA</b><hr>Tipología: <span style='color:#38bdf8'>Transición Urbana Mixta</span><br>Pob: 825.0<br>Score Infra: <b style='color:#e2e8f0'>Alta</b>" }, "geometry": { "type": "Point", "coordinates": [ -64.2718, -31.3961 ] } },
{ "type": "Feature", "properties": { "barrio": "MIRADOR", "poblacion": 3164.0, "infraestructura_score": 0.0761, "categoria_infraestructura": "Muy Baja", "cluster_descripcion": "Vulnerabilidad y Periferia NBI", "tooltip_html": "<b>MIRADOR</b><hr>Tipología: <span style='color:#38bdf8'>Vulnerabilidad y Periferia NBI</span><br>Pob: 3164.0<br>Score Infra: <b style='color:#e2e8f0'>Muy Baja</b>" }, "geometry": { "type": "Point", "coordinates": [ -64.1386, -31.4289 ] } },
{ "type": "Feature", "properties": { "barrio": "MIRADOR DEL CHATEAU", "poblacion": 754.0, "infraestructura_score": 0.2456, "categoria_infraestructura": "Alta", "cluster_descripcion": "Transición Urbana Mixta", "tooltip_html": "<b>MIRADOR DEL CHATEAU</b><hr>Tipología: <span style='color:#38bdf8'>Transición Urbana Mixta</span><br>Pob: 754.0<br>Score Infra: <b style='color:#e2e8f0'>Alta</b>" }, "geometry": { "type": "Point", "coordinates": [ -64.2625, -31.3851 ] } },
{ "type": "Feature", "properties": { "barrio": "MIRALTA", "poblacion": 3528.0, "infraestructura_score": 0.1469, "categoria_infraestructura": "Baja", "cluster_descripcion": "Vulnerabilidad y Periferia NBI", "tooltip_html": "<b>MIRALTA</b><hr>Tipología: <span style='color:#38bdf8'>Vulnerabilidad y Periferia NBI</span><br>Pob: 3528.0<br>Score Infra: <b style='color:#e2e8f0'>Baja</b>" }, "geometry": { "type": "Point", "coordinates": [ -64.1122, -31.4244 ] } },
{ "type": "Feature", "properties": { "barrio": "MIRIZZI", "poblacion": 693.0, "infraestructura_score": 0.7449, "categoria_infraestructura": "Muy Alta", "cluster_descripcion": "Núcleo Consolidado (Alta Infraestructura)", "tooltip_html": "<b>MIRIZZI</b><hr>Tipología: <span style='color:#38bdf8'>Núcleo Consolidado (Alta Infraestructura)</span><br>Pob: 693.0<br>Score Infra: <b style='color:#e2e8f0'>Muy Alta</b>" }, "geometry": { "type": "Point", "coordinates": [ -64.2058, -31.4737 ] } },
{ "type": "Feature", "properties": { "barrio": "MUTUAL DE LOS DOCENTES", "poblacion": 729.0, "infraestructura_score": 0.0763, "categoria_infraestructura": "Muy Baja", "cluster_descripcion": "Transición Urbana Mixta", "tooltip_html": "<b>MUTUAL DE LOS DOCENTES</b><hr>Tipología: <span style='color:#38bdf8'>Transición Urbana Mixta</span><br>Pob: 729.0<br>Score Infra: <b style='color:#e2e8f0'>Muy Baja</b>" }, "geometry": { "type": "Point", "coordinates": [ -64.2241, -31.4569 ] } },
{ "type": "Feature", "properties": { "barrio": "NICOLAS AVELLANEDA", "poblacion": 1782.0, "infraestructura_score": 0.5667, "categoria_infraestructura": "Muy Alta", "cluster_descripcion": "Núcleo Consolidado (Alta Infraestructura)", "tooltip_html": "<b>NICOLAS AVELLANEDA</b><hr>Tipología: <span style='color:#38bdf8'>Núcleo Consolidado (Alta Infraestructura)</span><br>Pob: 1782.0<br>Score Infra: <b style='color:#e2e8f0'>Muy Alta</b>" }, "geometry": { "type": "Point", "coordinates": [ -64.1037, -31.4623 ] } },
{ "type": "Feature", "properties": { "barrio": "NUESTRO HOGAR I", "poblacion": 595.0, "infraestructura_score": 0.6667, "categoria_infraestructura": "Muy Alta", "cluster_descripcion": "Núcleo Consolidado (Alta Infraestructura)", "tooltip_html": "<b>NUESTRO HOGAR I</b><hr>Tipología: <span style='color:#38bdf8'>Núcleo Consolidado (Alta Infraestructura)</span><br>Pob: 595.0<br>Score Infra: <b style='color:#e2e8f0'>Muy Alta</b>" }, "geometry": { "type": "Point", "coordinates": [ -64.149, -31.4714 ] } },
{ "type": "Feature", "properties": { "barrio": "NUESTRO HOGAR II", "poblacion": 861.0, "infraestructura_score": 0.5162, "categoria_infraestructura": "Muy Alta", "cluster_descripcion": "Núcleo Consolidado (Alta Infraestructura)", "tooltip_html": "<b>NUESTRO HOGAR II</b><hr>Tipología: <span style='color:#38bdf8'>Núcleo Consolidado (Alta Infraestructura)</span><br>Pob: 861.0<br>Score Infra: <b style='color:#e2e8f0'>Muy Alta</b>" }, "geometry": { "type": "Point", "coordinates": [ -64.0982, -31.3877 ] } },
{ "type": "Feature", "properties": { "barrio": "NUESTRO HOGAR III", "poblacion": 11140.0, "infraestructura_score": 0.0663, "categoria_infraestructura": "Muy Baja", "cluster_descripcion": "Vulnerabilidad y Periferia NBI", "tooltip_html": "<b>NUESTRO HOGAR III</b><hr>Tipología: <span style='color:#38bdf8'>Vulnerabilidad y Periferia NBI</span><br>Pob: 11140.0<br>Score Infra: <b style='color:#e2e8f0'>Muy Baja</b>" }, "geometry": { "type": "Point", "coordinates": [ -64.1998, -31.5009 ] } },
{ "type": "Feature", "properties": { "barrio": "NUEVA CORDOBA", "poblacion": 37055.0, "infraestructura_score": 0.0808, "categoria_infraestructura": "Muy Baja", "cluster_descripcion": "Anillos Densos Poblacionales", "tooltip_html": "<b>NUEVA CORDOBA</b><hr>Tipología: <span style='color:#38bdf8'>Anillos Densos Poblacionales</span><br>Pob: 37055.0<br>Score Infra: <b style='color:#e2e8f0'>Muy Baja</b>" }, "geometry": { "type": "Point", "coordinates": [ -64.1861, -31.4268 ] } },
{ "type": "Feature", "properties": { "barrio": "NUEVA CORDOBA ANEXA", "poblacion": 1582.0, "infraestructura_score": 0.3047, "categoria_infraestructura": "Alta", "cluster_descripcion": "Transición Urbana Mixta", "tooltip_html": "<b>NUEVA CORDOBA ANEXA</b><hr>Tipología: <span style='color:#38bdf8'>Transición Urbana Mixta</span><br>Pob: 1582.0<br>Score Infra: <b style='color:#e2e8f0'>Alta</b>" }, "geometry": { "type": "Point", "coordinates": [ -64.164, -31.4363 ] } },
{ "type": "Feature", "properties": { "barrio": "NUEVA ITALIA", "poblacion": 3347.0, "infraestructura_score": 0.1109, "categoria_infraestructura": "Baja", "cluster_descripcion": "Transición Urbana Mixta", "tooltip_html": "<b>NUEVA ITALIA</b><hr>Tipología: <span style='color:#38bdf8'>Transición Urbana Mixta</span><br>Pob: 3347.0<br>Score Infra: <b style='color:#e2e8f0'>Baja</b>" }, "geometry": { "type": "Point", "coordinates": [ -64.1453, -31.386 ] } },
{ "type": "Feature", "properties": { "barrio": "NUEVO URCA", "poblacion": 500.0, "infraestructura_score": 0.1481, "categoria_infraestructura": "Media", "cluster_descripcion": "Transición Urbana Mixta", "tooltip_html": "<b>NUEVO URCA</b><hr>Tipología: <span style='color:#38bdf8'>Transición Urbana Mixta</span><br>Pob: 500.0<br>Score Infra: <b style='color:#e2e8f0'>Media</b>" }, "geometry": { "type": "Point", "coordinates": [ -64.2675, -31.3828 ] } },
{ "type": "Feature", "properties": { "barrio": "OBRERO", "poblacion": 2481.0, "infraestructura_score": 0.2912, "categoria_infraestructura": "Alta", "cluster_descripcion": "Transición Urbana Mixta", "tooltip_html": "<b>OBRERO</b><hr>Tipología: <span style='color:#38bdf8'>Transición Urbana Mixta</span><br>Pob: 2481.0<br>Score Infra: <b style='color:#e2e8f0'>Alta</b>" }, "geometry": { "type": "Point", "coordinates": [ -64.2122, -31.4134 ] } },
{ "type": "Feature", "properties": { "barrio": "OBSERVATORIO", "poblacion": 6616.0, "infraestructura_score": 0.1015, "categoria_infraestructura": "Baja", "cluster_descripcion": "Transición Urbana Mixta", "tooltip_html": "<b>OBSERVATORIO</b><hr>Tipología: <span style='color:#38bdf8'>Transición Urbana Mixta</span><br>Pob: 6616.0<br>Score Infra: <b style='color:#e2e8f0'>Baja</b>" }, "geometry": { "type": "Point", "coordinates": [ -64.2029, -31.4231 ] } },
{ "type": "Feature", "properties": { "barrio": "OMBU", "poblacion": 1681.0, "infraestructura_score": 0.1322, "categoria_infraestructura": "Baja", "cluster_descripcion": "Transición Urbana Mixta", "tooltip_html": "<b>OMBU</b><hr>Tipología: <span style='color:#38bdf8'>Transición Urbana Mixta</span><br>Pob: 1681.0<br>Score Infra: <b style='color:#e2e8f0'>Baja</b>" }, "geometry": { "type": "Point", "coordinates": [ -64.2175, -31.3893 ] } },
{ "type": "Feature", "properties": { "barrio": "ONA", "poblacion": 1333.0, "infraestructura_score": 0.4306, "categoria_infraestructura": "Muy Alta", "cluster_descripcion": "Núcleo Consolidado (Alta Infraestructura)", "tooltip_html": "<b>ONA</b><hr>Tipología: <span style='color:#38bdf8'>Núcleo Consolidado (Alta Infraestructura)</span><br>Pob: 1333.0<br>Score Infra: <b style='color:#e2e8f0'>Muy Alta</b>" }, "geometry": { "type": "Point", "coordinates": [ -64.1654, -31.4493 ] } },
{ "type": "Feature", "properties": { "barrio": "OSN", "poblacion": 1993.0, "infraestructura_score": 0.1022, "categoria_infraestructura": "Baja", "cluster_descripcion": "Transición Urbana Mixta", "tooltip_html": "<b>OSN</b><hr>Tipología: <span style='color:#38bdf8'>Transición Urbana Mixta</span><br>Pob: 1993.0<br>Score Infra: <b style='color:#e2e8f0'>Baja</b>" }, "geometry": { "type": "Point", "coordinates": [ -64.1582, -31.4599 ] } },
{ "type": "Feature", "properties": { "barrio": "PADRE CLARET", "poblacion": 871.0, "infraestructura_score": 0.5459, "categoria_infraestructura": "Muy Alta", "cluster_descripcion": "Núcleo Consolidado (Alta Infraestructura)", "tooltip_html": "<b>PADRE CLARET</b><hr>Tipología: <span style='color:#38bdf8'>Núcleo Consolidado (Alta Infraestructura)</span><br>Pob: 871.0<br>Score Infra: <b style='color:#e2e8f0'>Muy Alta</b>" }, "geometry": { "type": "Point", "coordinates": [ -64.2372, -31.3545 ] } },
{ "type": "Feature", "properties": { "barrio": "PALERMO BAJO", "poblacion": 1909.0, "infraestructura_score": 0.2037, "categoria_infraestructura": "Media", "cluster_descripcion": "Transición Urbana Mixta", "tooltip_html": "<b>PALERMO BAJO</b><hr>Tipología: <span style='color:#38bdf8'>Transición Urbana Mixta</span><br>Pob: 1909.0<br>Score Infra: <b style='color:#e2e8f0'>Media</b>" }, "geometry": { "type": "Point", "coordinates": [ -64.2246, -31.3869 ] } },
{ "type": "Feature", "properties": { "barrio": "PALMAR", "poblacion": 1025.0, "infraestructura_score": 0.1896, "categoria_infraestructura": "Media", "cluster_descripcion": "Transición Urbana Mixta", "tooltip_html": "<b>PALMAR</b><hr>Tipología: <span style='color:#38bdf8'>Transición Urbana Mixta</span><br>Pob: 1025.0<br>Score Infra: <b style='color:#e2e8f0'>Media</b>" }, "geometry": { "type": "Point", "coordinates": [ -64.1247, -31.39 ] } },
{ "type": "Feature", "properties": { "barrio": "PALMAS DEL CLARET", "poblacion": 623.0, "infraestructura_score": 0.0298, "categoria_infraestructura": "Muy Baja", "cluster_descripcion": "Transición Urbana Mixta", "tooltip_html": "<b>PALMAS DEL CLARET</b><hr>Tipología: <span style='color:#38bdf8'>Transición Urbana Mixta</span><br>Pob: 623.0<br>Score Infra: <b style='color:#e2e8f0'>Muy Baja</b>" }, "geometry": { "type": "Point", "coordinates": [ -64.2309, -31.3514 ] } },
{ "type": "Feature", "properties": { "barrio": "PANAMERICANO", "poblacion": 3346.0, "infraestructura_score": 0.1553, "categoria_infraestructura": "Media", "cluster_descripcion": "Transición Urbana Mixta", "tooltip_html": "<b>PANAMERICANO</b><hr>Tipología: <span style='color:#38bdf8'>Transición Urbana Mixta</span><br>Pob: 3346.0<br>Score Infra: <b style='color:#e2e8f0'>Media</b>" }, "geometry": { "type": "Point", "coordinates": [ -64.18, -31.3728 ] } },
{ "type": "Feature", "properties": { "barrio": "PARQUE ALAMEDA", "poblacion": 656.0, "infraestructura_score": 0.0, "categoria_infraestructura": "Muy Baja", "cluster_descripcion": "Transición Urbana Mixta", "tooltip_html": "<b>PARQUE ALAMEDA</b><hr>Tipología: <span style='color:#38bdf8'>Transición Urbana Mixta</span><br>Pob: 656.0<br>Score Infra: <b style='color:#e2e8f0'>Muy Baja</b>" }, "geometry": { "type": "Point", "coordinates": [ -64.1842, -31.4667 ] } },
{ "type": "Feature", "properties": { "barrio": "PARQUE ATLANTICA", "poblacion": 2249.0, "infraestructura_score": 0.1129, "categoria_infraestructura": "Baja", "cluster_descripcion": "Transición Urbana Mixta", "tooltip_html": "<b>PARQUE ATLANTICA</b><hr>Tipología: <span style='color:#38bdf8'>Transición Urbana Mixta</span><br>Pob: 2249.0<br>Score Infra: <b style='color:#e2e8f0'>Baja</b>" }, "geometry": { "type": "Point", "coordinates": [ -64.21, -31.4538 ] } },
{ "type": "Feature", "properties": { "barrio": "PARQUE CAPITAL", "poblacion": 3972.0, "infraestructura_score": 0.1087, "categoria_infraestructura": "Baja", "cluster_descripcion": "Transición Urbana Mixta", "tooltip_html": "<b>PARQUE CAPITAL</b><hr>Tipología: <span style='color:#38bdf8'>Transición Urbana Mixta</span><br>Pob: 3972.0<br>Score Infra: <b style='color:#e2e8f0'>Baja</b>" }, "geometry": { "type": "Point", "coordinates": [ -64.2159, -31.4352 ] } },
{ "type": "Feature", "properties": { "barrio": "PARQUE CAPITAL SUD", "poblacion": 1443.0, "infraestructura_score": 0.1669, "categoria_infraestructura": "Media", "cluster_descripcion": "Transición Urbana Mixta", "tooltip_html": "<b>PARQUE CAPITAL SUD</b><hr>Tipología: <span style='color:#38bdf8'>Transición Urbana Mixta</span><br>Pob: 1443.0<br>Score Infra: <b style='color:#e2e8f0'>Media</b>" }, "geometry": { "type": "Point", "coordinates": [ -64.2171, -31.4427 ] } },
{ "type": "Feature", "properties": { "barrio": "PARQUE CHACABUCO", "poblacion": 1164.0, "infraestructura_score": 0.0637, "categoria_infraestructura": "Muy Baja", "cluster_descripcion": "Transición Urbana Mixta", "tooltip_html": "<b>PARQUE CHACABUCO</b><hr>Tipología: <span style='color:#38bdf8'>Transición Urbana Mixta</span><br>Pob: 1164.0<br>Score Infra: <b style='color:#e2e8f0'>Muy Baja</b>" }, "geometry": { "type": "Point", "coordinates": [ -64.2116, -31.3825 ] } },
{ "type": "Feature", "properties": { "barrio": "PARQUE CHATEAU CARRERAS", "poblacion": 500.0, "infraestructura_score": 0.0, "categoria_infraestructura": "Muy Baja", "cluster_descripcion": "Transición Urbana Mixta", "tooltip_html": "<b>PARQUE CHATEAU CARRERAS</b><hr>Tipología: <span style='color:#38bdf8'>Transición Urbana Mixta</span><br>Pob: 500.0<br>Score Infra: <b style='color:#e2e8f0'>Muy Baja</b>" }, "geometry": { "type": "Point", "coordinates": [ -64.2647, -31.3626 ] } },
{ "type": "Feature", "properties": { "barrio": "PARQUE COREMA", "poblacion": 584.0, "infraestructura_score": 0.1187, "categoria_infraestructura": "Baja", "cluster_descripcion": "Transición Urbana Mixta", "tooltip_html": "<b>PARQUE COREMA</b><hr>Tipología: <span style='color:#38bdf8'>Transición Urbana Mixta</span><br>Pob: 584.0<br>Score Infra: <b style='color:#e2e8f0'>Baja</b>" }, "geometry": { "type": "Point", "coordinates": [ -64.2283, -31.3679 ] } },
{ "type": "Feature", "properties": { "barrio": "PARQUE DE LA VEGA II", "poblacion": 596.0, "infraestructura_score": 0.4444, "categoria_infraestructura": "Muy Alta", "cluster_descripcion": "Núcleo Consolidado (Alta Infraestructura)", "tooltip_html": "<b>PARQUE DE LA VEGA II</b><hr>Tipología: <span style='color:#38bdf8'>Núcleo Consolidado (Alta Infraestructura)</span><br>Pob: 596.0<br>Score Infra: <b style='color:#e2e8f0'>Muy Alta</b>" }, "geometry": { "type": "Point", "coordinates": [ -64.2613, -31.4086 ] } },
{ "type": "Feature", "properties": { "barrio": "PARQUE DE LA VEGA III", "poblacion": 596.0, "infraestructura_score": 0.2174, "categoria_infraestructura": "Media", "cluster_descripcion": "Transición Urbana Mixta", "tooltip_html": "<b>PARQUE DE LA VEGA III</b><hr>Tipología: <span style='color:#38bdf8'>Transición Urbana Mixta</span><br>Pob: 596.0<br>Score Infra: <b style='color:#e2e8f0'>Media</b>" }, "geometry": { "type": "Point", "coordinates": [ -64.2672, -31.4035 ] } },
{ "type": "Feature", "properties": { "barrio": "PARQUE DE LA VIDA", "poblacion": 500.0, "infraestructura_score": 0.037, "categoria_infraestructura": "Muy Baja", "cluster_descripcion": "Transición Urbana Mixta", "tooltip_html": "<b>PARQUE DE LA VIDA</b><hr>Tipología: <span style='color:#38bdf8'>Transición Urbana Mixta</span><br>Pob: 500.0<br>Score Infra: <b style='color:#e2e8f0'>Muy Baja</b>" }, "geometry": { "type": "Point", "coordinates": [ -64.2261, -31.4442 ] } },
{ "type": "Feature", "properties": { "barrio": "PARQUE DEL ESTE", "poblacion": 679.0, "infraestructura_score": 0.4501, "categoria_infraestructura": "Muy Alta", "cluster_descripcion": "Núcleo Consolidado (Alta Infraestructura)", "tooltip_html": "<b>PARQUE DEL ESTE</b><hr>Tipología: <span style='color:#38bdf8'>Núcleo Consolidado (Alta Infraestructura)</span><br>Pob: 679.0<br>Score Infra: <b style='color:#e2e8f0'>Muy Alta</b>" }, "geometry": { "type": "Point", "coordinates": [ -64.1455, -31.4052 ] } },
{ "type": "Feature", "properties": { "barrio": "PARQUE DON BOSCO", "poblacion": 4691.0, "infraestructura_score": 0.1568, "categoria_infraestructura": "Media", "cluster_descripcion": "Transición Urbana Mixta", "tooltip_html": "<b>PARQUE DON BOSCO</b><hr>Tipología: <span style='color:#38bdf8'>Transición Urbana Mixta</span><br>Pob: 4691.0<br>Score Infra: <b style='color:#e2e8f0'>Media</b>" }, "geometry": { "type": "Point", "coordinates": [ -64.272, -31.3884 ] } },
{ "type": "Feature", "properties": { "barrio": "PARQUE FUTURA", "poblacion": 2851.0, "infraestructura_score": 0.167, "categoria_infraestructura": "Media", "cluster_descripcion": "Vulnerabilidad y Periferia NBI", "tooltip_html": "<b>PARQUE FUTURA</b><hr>Tipología: <span style='color:#38bdf8'>Vulnerabilidad y Periferia NBI</span><br>Pob: 2851.0<br>Score Infra: <b style='color:#e2e8f0'>Media</b>" }, "geometry": { "type": "Point", "coordinates": [ -64.253, -31.4889 ] } },
{ "type": "Feature", "properties": { "barrio": "PARQUE JORGE NEWBERY", "poblacion": 2909.0, "infraestructura_score": 0.2388, "categoria_infraestructura": "Alta", "cluster_descripcion": "Transición Urbana Mixta", "tooltip_html": "<b>PARQUE JORGE NEWBERY</b><hr>Tipología: <span style='color:#38bdf8'>Transición Urbana Mixta</span><br>Pob: 2909.0<br>Score Infra: <b style='color:#e2e8f0'>Alta</b>" }, "geometry": { "type": "Point", "coordinates": [ -64.1805, -31.3504 ] } },
{ "type": "Feature", "properties": { "barrio": "PARQUE LATINO", "poblacion": 1306.0, "infraestructura_score": 0.436, "categoria_infraestructura": "Muy Alta", "cluster_descripcion": "Núcleo Consolidado (Alta Infraestructura)", "tooltip_html": "<b>PARQUE LATINO</b><hr>Tipología: <span style='color:#38bdf8'>Núcleo Consolidado (Alta Infraestructura)</span><br>Pob: 1306.0<br>Score Infra: <b style='color:#e2e8f0'>Muy Alta</b>" }, "geometry": { "type": "Point", "coordinates": [ -64.2125, -31.4597 ] } },
{ "type": "Feature", "properties": { "barrio": "PARQUE LICEO SECCION 1", "poblacion": 3693.0, "infraestructura_score": 0.01, "categoria_infraestructura": "Muy Baja", "cluster_descripcion": "Transición Urbana Mixta", "tooltip_html": "<b>PARQUE LICEO SECCION 1</b><hr>Tipología: <span style='color:#38bdf8'>Transición Urbana Mixta</span><br>Pob: 3693.0<br>Score Infra: <b style='color:#e2e8f0'>Muy Baja</b>" }, "geometry": { "type": "Point", "coordinates": [ -64.1625, -31.3497 ] } },
{ "type": "Feature", "properties": { "barrio": "PARQUE LICEO SECCION 2", "poblacion": 7826.0, "infraestructura_score": 0.0939, "categoria_infraestructura": "Baja", "cluster_descripcion": "Transición Urbana Mixta", "tooltip_html": "<b>PARQUE LICEO SECCION 2</b><hr>Tipología: <span style='color:#38bdf8'>Transición Urbana Mixta</span><br>Pob: 7826.0<br>Score Infra: <b style='color:#e2e8f0'>Baja</b>" }, "geometry": { "type": "Point", "coordinates": [ -64.162, -31.3556 ] } },
{ "type": "Feature", "properties": { "barrio": "PARQUE LICEO SECCION 3", "poblacion": 5593.0, "infraestructura_score": 0.3035, "categoria_infraestructura": "Alta", "cluster_descripcion": "Vulnerabilidad y Periferia NBI", "tooltip_html": "<b>PARQUE LICEO SECCION 3</b><hr>Tipología: <span style='color:#38bdf8'>Vulnerabilidad y Periferia NBI</span><br>Pob: 5593.0<br>Score Infra: <b style='color:#e2e8f0'>Alta</b>" }, "geometry": { "type": "Point", "coordinates": [ -64.1513, -31.3552 ] } },
{ "type": "Feature", "properties": { "barrio": "PARQUE LOS MOLINOS", "poblacion": 864.0, "infraestructura_score": 0.3215, "categoria_infraestructura": "Alta", "cluster_descripcion": "Transición Urbana Mixta", "tooltip_html": "<b>PARQUE LOS MOLINOS</b><hr>Tipología: <span style='color:#38bdf8'>Transición Urbana Mixta</span><br>Pob: 864.0<br>Score Infra: <b style='color:#e2e8f0'>Alta</b>" }, "geometry": { "type": "Point", "coordinates": [ -64.2009, -31.4561 ] } },
{ "type": "Feature", "properties": { "barrio": "PARQUE MODELO", "poblacion": 500.0, "infraestructura_score": 0.2593, "categoria_infraestructura": "Alta", "cluster_descripcion": "Transición Urbana Mixta", "tooltip_html": "<b>PARQUE MODELO</b><hr>Tipología: <span style='color:#38bdf8'>Transición Urbana Mixta</span><br>Pob: 500.0<br>Score Infra: <b style='color:#e2e8f0'>Alta</b>" }, "geometry": { "type": "Point", "coordinates": [ -64.251, -31.3647 ] } },
{ "type": "Feature", "properties": { "barrio": "PARQUE MONTECRISTO", "poblacion": 1554.0, "infraestructura_score": 0.2173, "categoria_infraestructura": "Media", "cluster_descripcion": "Transición Urbana Mixta", "tooltip_html": "<b>PARQUE MONTECRISTO</b><hr>Tipología: <span style='color:#38bdf8'>Transición Urbana Mixta</span><br>Pob: 1554.0<br>Score Infra: <b style='color:#e2e8f0'>Media</b>" }, "geometry": { "type": "Point", "coordinates": [ -64.14, -31.3886 ] } },
{ "type": "Feature", "properties": { "barrio": "PARQUE REPUBLICA", "poblacion": 7412.0, "infraestructura_score": 0.2439, "categoria_infraestructura": "Alta", "cluster_descripcion": "Vulnerabilidad y Periferia NBI", "tooltip_html": "<b>PARQUE REPUBLICA</b><hr>Tipología: <span style='color:#38bdf8'>Vulnerabilidad y Periferia NBI</span><br>Pob: 7412.0<br>Score Infra: <b style='color:#e2e8f0'>Alta</b>" }, "geometry": { "type": "Point", "coordinates": [ -64.2586, -31.4161 ] } },
{ "type": "Feature", "properties": { "barrio": "PARQUE SAN CARLOS", "poblacion": 749.0, "infraestructura_score": 0.2908, "categoria_infraestructura": "Alta", "cluster_descripcion": "Transición Urbana Mixta", "tooltip_html": "<b>PARQUE SAN CARLOS</b><hr>Tipología: <span style='color:#38bdf8'>Transición Urbana Mixta</span><br>Pob: 749.0<br>Score Infra: <b style='color:#e2e8f0'>Alta</b>" }, "geometry": { "type": "Point", "coordinates": [ -64.1599, -31.4494 ] } },
{ "type": "Feature", "properties": { "barrio": "PARQUE SAN VICENTE", "poblacion": 1327.0, "infraestructura_score": 0.2652, "categoria_infraestructura": "Alta", "cluster_descripcion": "Transición Urbana Mixta", "tooltip_html": "<b>PARQUE SAN VICENTE</b><hr>Tipología: <span style='color:#38bdf8'>Transición Urbana Mixta</span><br>Pob: 1327.0<br>Score Infra: <b style='color:#e2e8f0'>Alta</b>" }, "geometry": { "type": "Point", "coordinates": [ -64.1373, -31.425 ] } },
{ "type": "Feature", "properties": { "barrio": "PARQUE SARMIENTO", "poblacion": 500.0, "infraestructura_score": 0.5926, "categoria_infraestructura": "Muy Alta", "cluster_descripcion": "Núcleo Consolidado (Alta Infraestructura)", "tooltip_html": "<b>PARQUE SARMIENTO</b><hr>Tipología: <span style='color:#38bdf8'>Núcleo Consolidado (Alta Infraestructura)</span><br>Pob: 500.0<br>Score Infra: <b style='color:#e2e8f0'>Muy Alta</b>" }, "geometry": { "type": "Point", "coordinates": [ -64.1789, -31.4329 ] } },
{ "type": "Feature", "properties": { "barrio": "PARQUE TABLADA", "poblacion": 981.0, "infraestructura_score": 0.302, "categoria_infraestructura": "Alta", "cluster_descripcion": "Transición Urbana Mixta", "tooltip_html": "<b>PARQUE TABLADA</b><hr>Tipología: <span style='color:#38bdf8'>Transición Urbana Mixta</span><br>Pob: 981.0<br>Score Infra: <b style='color:#e2e8f0'>Alta</b>" }, "geometry": { "type": "Point", "coordinates": [ -64.2312, -31.3872 ] } },
{ "type": "Feature", "properties": { "barrio": "PARQUE VELEZ SARSFIELD", "poblacion": 3045.0, "infraestructura_score": 0.102, "categoria_infraestructura": "Baja", "cluster_descripcion": "Transición Urbana Mixta", "tooltip_html": "<b>PARQUE VELEZ SARSFIELD</b><hr>Tipología: <span style='color:#38bdf8'>Transición Urbana Mixta</span><br>Pob: 3045.0<br>Score Infra: <b style='color:#e2e8f0'>Baja</b>" }, "geometry": { "type": "Point", "coordinates": [ -64.204, -31.4412 ] } },
{ "type": "Feature", "properties": { "barrio": "PASO DE LOS ANDES", "poblacion": 2529.0, "infraestructura_score": 0.3634, "categoria_infraestructura": "Muy Alta", "cluster_descripcion": "Transición Urbana Mixta", "tooltip_html": "<b>PASO DE LOS ANDES</b><hr>Tipología: <span style='color:#38bdf8'>Transición Urbana Mixta</span><br>Pob: 2529.0<br>Score Infra: <b style='color:#e2e8f0'>Muy Alta</b>" }, "geometry": { "type": "Point", "coordinates": [ -64.2033, -31.416 ] } },
{ "type": "Feature", "properties": { "barrio": "PATRIA", "poblacion": 1790.0, "infraestructura_score": 0.2742, "categoria_infraestructura": "Alta", "cluster_descripcion": "Transición Urbana Mixta", "tooltip_html": "<b>PATRIA</b><hr>Tipología: <span style='color:#38bdf8'>Transición Urbana Mixta</span><br>Pob: 1790.0<br>Score Infra: <b style='color:#e2e8f0'>Alta</b>" }, "geometry": { "type": "Point", "coordinates": [ -64.1602, -31.409 ] } },
{ "type": "Feature", "properties": { "barrio": "PATRICIOS", "poblacion": 4731.0, "infraestructura_score": 0.2305, "categoria_infraestructura": "Alta", "cluster_descripcion": "Transición Urbana Mixta", "tooltip_html": "<b>PATRICIOS</b><hr>Tipología: <span style='color:#38bdf8'>Transición Urbana Mixta</span><br>Pob: 4731.0<br>Score Infra: <b style='color:#e2e8f0'>Alta</b>" }, "geometry": { "type": "Point", "coordinates": [ -64.138, -31.3756 ] } },
{ "type": "Feature", "properties": { "barrio": "PATRICIOS ESTE", "poblacion": 2550.0, "infraestructura_score": 0.1651, "categoria_infraestructura": "Media", "cluster_descripcion": "Transición Urbana Mixta", "tooltip_html": "<b>PATRICIOS ESTE</b><hr>Tipología: <span style='color:#38bdf8'>Transición Urbana Mixta</span><br>Pob: 2550.0<br>Score Infra: <b style='color:#e2e8f0'>Media</b>" }, "geometry": { "type": "Point", "coordinates": [ -64.1349, -31.3665 ] } },
{ "type": "Feature", "properties": { "barrio": "PATRICIOS NORTE", "poblacion": 1790.0, "infraestructura_score": 0.1448, "categoria_infraestructura": "Baja", "cluster_descripcion": "Transición Urbana Mixta", "tooltip_html": "<b>PATRICIOS NORTE</b><hr>Tipología: <span style='color:#38bdf8'>Transición Urbana Mixta</span><br>Pob: 1790.0<br>Score Infra: <b style='color:#e2e8f0'>Baja</b>" }, "geometry": { "type": "Point", "coordinates": [ -64.1398, -31.3665 ] } },
{ "type": "Feature", "properties": { "barrio": "PATRICIOS OESTE", "poblacion": 5211.0, "infraestructura_score": 0.0971, "categoria_infraestructura": "Baja", "cluster_descripcion": "Transición Urbana Mixta", "tooltip_html": "<b>PATRICIOS OESTE</b><hr>Tipología: <span style='color:#38bdf8'>Transición Urbana Mixta</span><br>Pob: 5211.0<br>Score Infra: <b style='color:#e2e8f0'>Baja</b>" }, "geometry": { "type": "Point", "coordinates": [ -64.1446, -31.3669 ] } },
{ "type": "Feature", "properties": { "barrio": "PIEDRAS BLANCAS", "poblacion": 500.0, "infraestructura_score": 0.1852, "categoria_infraestructura": "Media", "cluster_descripcion": "Transición Urbana Mixta", "tooltip_html": "<b>PIEDRAS BLANCAS</b><hr>Tipología: <span style='color:#38bdf8'>Transición Urbana Mixta</span><br>Pob: 500.0<br>Score Infra: <b style='color:#e2e8f0'>Media</b>" }, "geometry": { "type": "Point", "coordinates": [ -64.1626, -31.4828 ] } },
{ "type": "Feature", "properties": { "barrio": "POETA LUGONES", "poblacion": 7839.0, "infraestructura_score": 0.1349, "categoria_infraestructura": "Baja", "cluster_descripcion": "Transición Urbana Mixta", "tooltip_html": "<b>POETA LUGONES</b><hr>Tipología: <span style='color:#38bdf8'>Transición Urbana Mixta</span><br>Pob: 7839.0<br>Score Infra: <b style='color:#e2e8f0'>Baja</b>" }, "geometry": { "type": "Point", "coordinates": [ -64.2119, -31.361 ] } },
{ "type": "Feature", "properties": { "barrio": "POLICARPIO CABRAL", "poblacion": 517.0, "infraestructura_score": 0.3581, "categoria_infraestructura": "Muy Alta", "cluster_descripcion": "Transición Urbana Mixta", "tooltip_html": "<b>POLICARPIO CABRAL</b><hr>Tipología: <span style='color:#38bdf8'>Transición Urbana Mixta</span><br>Pob: 517.0<br>Score Infra: <b style='color:#e2e8f0'>Muy Alta</b>" }, "geometry": { "type": "Point", "coordinates": [ -64.1379, -31.4365 ] } },
{ "type": "Feature", "properties": { "barrio": "POLICIAL", "poblacion": 9360.0, "infraestructura_score": 0.0396, "categoria_infraestructura": "Muy Baja", "cluster_descripcion": "Vulnerabilidad y Periferia NBI", "tooltip_html": "<b>POLICIAL</b><hr>Tipología: <span style='color:#38bdf8'>Vulnerabilidad y Periferia NBI</span><br>Pob: 9360.0<br>Score Infra: <b style='color:#e2e8f0'>Muy Baja</b>" }, "geometry": { "type": "Point", "coordinates": [ -64.265, -31.3155 ] } },
{ "type": "Feature", "properties": { "barrio": "PORTAL DE CORDOBA", "poblacion": 2234.0, "infraestructura_score": 0.0248, "categoria_infraestructura": "Muy Baja", "cluster_descripcion": "Transición Urbana Mixta", "tooltip_html": "<b>PORTAL DE CORDOBA</b><hr>Tipología: <span style='color:#38bdf8'>Transición Urbana Mixta</span><br>Pob: 2234.0<br>Score Infra: <b style='color:#e2e8f0'>Muy Baja</b>" }, "geometry": { "type": "Point", "coordinates": [ -64.1094, -31.4443 ] } },
{ "type": "Feature", "properties": { "barrio": "PORTAL DEL JACARANDA", "poblacion": 500.0, "infraestructura_score": 0.4721, "categoria_infraestructura": "Muy Alta", "cluster_descripcion": "Núcleo Consolidado (Alta Infraestructura)", "tooltip_html": "<b>PORTAL DEL JACARANDA</b><hr>Tipología: <span style='color:#38bdf8'>Núcleo Consolidado (Alta Infraestructura)</span><br>Pob: 500.0<br>Score Infra: <b style='color:#e2e8f0'>Muy Alta</b>" }, "geometry": { "type": "Point", "coordinates": [ -64.289, -31.344 ] } },
{ "type": "Feature", "properties": { "barrio": "POSTA DE VARGAS", "poblacion": 719.0, "infraestructura_score": 0.3923, "categoria_infraestructura": "Muy Alta", "cluster_descripcion": "Núcleo Consolidado (Alta Infraestructura)", "tooltip_html": "<b>POSTA DE VARGAS</b><hr>Tipología: <span style='color:#38bdf8'>Núcleo Consolidado (Alta Infraestructura)</span><br>Pob: 719.0<br>Score Infra: <b style='color:#e2e8f0'>Muy Alta</b>" }, "geometry": { "type": "Point", "coordinates": [ -64.1942, -31.4799 ] } },
{ "type": "Feature", "properties": { "barrio": "PRIMERA JUNTA", "poblacion": 783.0, "infraestructura_score": 0.2365, "categoria_infraestructura": "Alta", "cluster_descripcion": "Transición Urbana Mixta", "tooltip_html": "<b>PRIMERA JUNTA</b><hr>Tipología: <span style='color:#38bdf8'>Transición Urbana Mixta</span><br>Pob: 783.0<br>Score Infra: <b style='color:#e2e8f0'>Alta</b>" }, "geometry": { "type": "Point", "coordinates": [ -64.2278, -31.4262 ] } },
{ "type": "Feature", "properties": { "barrio": "PROVIDENCIA", "poblacion": 4998.0, "infraestructura_score": 0.1111, "categoria_infraestructura": "Baja", "cluster_descripcion": "Transición Urbana Mixta", "tooltip_html": "<b>PROVIDENCIA</b><hr>Tipología: <span style='color:#38bdf8'>Transición Urbana Mixta</span><br>Pob: 4998.0<br>Score Infra: <b style='color:#e2e8f0'>Baja</b>" }, "geometry": { "type": "Point", "coordinates": [ -64.2008, -31.4008 ] } },
{ "type": "Feature", "properties": { "barrio": "PUENTE BLANCO", "poblacion": 1157.0, "infraestructura_score": 0.08, "categoria_infraestructura": "Muy Baja", "cluster_descripcion": "Transición Urbana Mixta", "tooltip_html": "<b>PUENTE BLANCO</b><hr>Tipología: <span style='color:#38bdf8'>Transición Urbana Mixta</span><br>Pob: 1157.0<br>Score Infra: <b style='color:#e2e8f0'>Muy Baja</b>" }, "geometry": { "type": "Point", "coordinates": [ -64.2354, -31.4102 ] } },
{ "type": "Feature", "properties": { "barrio": "QUEBRADA DE LAS ROSAS", "poblacion": 4842.0, "infraestructura_score": 0.1234, "categoria_infraestructura": "Baja", "cluster_descripcion": "Transición Urbana Mixta", "tooltip_html": "<b>QUEBRADA DE LAS ROSAS</b><hr>Tipología: <span style='color:#38bdf8'>Transición Urbana Mixta</span><br>Pob: 4842.0<br>Score Infra: <b style='color:#e2e8f0'>Baja</b>" }, "geometry": { "type": "Point", "coordinates": [ -64.2558, -31.3911 ] } },
{ "type": "Feature", "properties": { "barrio": "QUINTA SANTA ANA", "poblacion": 648.0, "infraestructura_score": 0.1143, "categoria_infraestructura": "Baja", "cluster_descripcion": "Transición Urbana Mixta", "tooltip_html": "<b>QUINTA SANTA ANA</b><hr>Tipología: <span style='color:#38bdf8'>Transición Urbana Mixta</span><br>Pob: 648.0<br>Score Infra: <b style='color:#e2e8f0'>Baja</b>" }, "geometry": { "type": "Point", "coordinates": [ -64.2042, -31.4116 ] } },
{ "type": "Feature", "properties": { "barrio": "QUINTAS DE ARGUELLO", "poblacion": 649.0, "infraestructura_score": 0.7298, "categoria_infraestructura": "Muy Alta", "cluster_descripcion": "Núcleo Consolidado (Alta Infraestructura)", "tooltip_html": "<b>QUINTAS DE ARGUELLO</b><hr>Tipología: <span style='color:#38bdf8'>Núcleo Consolidado (Alta Infraestructura)</span><br>Pob: 649.0<br>Score Infra: <b style='color:#e2e8f0'>Muy Alta</b>" }, "geometry": { "type": "Point", "coordinates": [ -64.2713, -31.34 ] } },
{ "type": "Feature", "properties": { "barrio": "QUINTAS DE FLORES", "poblacion": 500.0, "infraestructura_score": 0.3704, "categoria_infraestructura": "Muy Alta", "cluster_descripcion": "Transición Urbana Mixta", "tooltip_html": "<b>QUINTAS DE FLORES</b><hr>Tipología: <span style='color:#38bdf8'>Transición Urbana Mixta</span><br>Pob: 500.0<br>Score Infra: <b style='color:#e2e8f0'>Muy Alta</b>" }, "geometry": { "type": "Point", "coordinates": [ -64.1637, -31.4894 ] } },
{ "type": "Feature", "properties": { "barrio": "QUINTAS DE ITALIA", "poblacion": 500.0, "infraestructura_score": 0.0, "categoria_infraestructura": "Muy Baja", "cluster_descripcion": "Transición Urbana Mixta", "tooltip_html": "<b>QUINTAS DE ITALIA</b><hr>Tipología: <span style='color:#38bdf8'>Transición Urbana Mixta</span><br>Pob: 500.0<br>Score Infra: <b style='color:#e2e8f0'>Muy Baja</b>" }, "geometry": { "type": "Point", "coordinates": [ -64.1772, -31.498 ] } },
{ "type": "Feature", "properties": { "barrio": "QUINTAS DE SAN JORGE", "poblacion": 1537.0, "infraestructura_score": 0.3106, "categoria_infraestructura": "Alta", "cluster_descripcion": "Vulnerabilidad y Periferia NBI", "tooltip_html": "<b>QUINTAS DE SAN JORGE</b><hr>Tipología: <span style='color:#38bdf8'>Vulnerabilidad y Periferia NBI</span><br>Pob: 1537.0<br>Score Infra: <b style='color:#e2e8f0'>Alta</b>" }, "geometry": { "type": "Point", "coordinates": [ -64.1306, -31.374 ] } },
{ "type": "Feature", "properties": { "barrio": "RAMON J CARCANO", "poblacion": 2031.0, "infraestructura_score": 0.1573, "categoria_infraestructura": "Media", "cluster_descripcion": "Vulnerabilidad y Periferia NBI", "tooltip_html": "<b>RAMON J CARCANO</b><hr>Tipología: <span style='color:#38bdf8'>Vulnerabilidad y Periferia NBI</span><br>Pob: 2031.0<br>Score Infra: <b style='color:#e2e8f0'>Media</b>" }, "geometry": { "type": "Point", "coordinates": [ -64.1377, -31.4637 ] } },
{ "type": "Feature", "properties": { "barrio": "RECREO DEL NORTE", "poblacion": 2032.0, "infraestructura_score": 0.0, "categoria_infraestructura": "Muy Baja", "cluster_descripcion": "Vulnerabilidad y Periferia NBI", "tooltip_html": "<b>RECREO DEL NORTE</b><hr>Tipología: <span style='color:#38bdf8'>Vulnerabilidad y Periferia NBI</span><br>Pob: 2032.0<br>Score Infra: <b style='color:#e2e8f0'>Muy Baja</b>" }, "geometry": { "type": "Point", "coordinates": [ -64.1673, -31.3124 ] } },
{ "type": "Feature", "properties": { "barrio": "REMEDIOS DE ESCALADA", "poblacion": 4565.0, "infraestructura_score": 0.1062, "categoria_infraestructura": "Baja", "cluster_descripcion": "Vulnerabilidad y Periferia NBI", "tooltip_html": "<b>REMEDIOS DE ESCALADA</b><hr>Tipología: <span style='color:#38bdf8'>Vulnerabilidad y Periferia NBI</span><br>Pob: 4565.0<br>Score Infra: <b style='color:#e2e8f0'>Baja</b>" }, "geometry": { "type": "Point", "coordinates": [ -64.187, -31.3421 ] } },
{ "type": "Feature", "properties": { "barrio": "RENACIMIENTO", "poblacion": 2927.0, "infraestructura_score": 0.1058, "categoria_infraestructura": "Baja", "cluster_descripcion": "Vulnerabilidad y Periferia NBI", "tooltip_html": "<b>RENACIMIENTO</b><hr>Tipología: <span style='color:#38bdf8'>Vulnerabilidad y Periferia NBI</span><br>Pob: 2927.0<br>Score Infra: <b style='color:#e2e8f0'>Baja</b>" }, "geometry": { "type": "Point", "coordinates": [ -64.1213, -31.4183 ] } },
{ "type": "Feature", "properties": { "barrio": "RENE FAVALORO", "poblacion": 1012.0, "infraestructura_score": 0.2969, "categoria_infraestructura": "Alta", "cluster_descripcion": "Transición Urbana Mixta", "tooltip_html": "<b>RENE FAVALORO</b><hr>Tipología: <span style='color:#38bdf8'>Transición Urbana Mixta</span><br>Pob: 1012.0<br>Score Infra: <b style='color:#e2e8f0'>Alta</b>" }, "geometry": { "type": "Point", "coordinates": [ -64.2319, -31.4092 ] } },
{ "type": "Feature", "properties": { "barrio": "RENE FAVALORO II", "poblacion": 1536.0, "infraestructura_score": 0.0481, "categoria_infraestructura": "Muy Baja", "cluster_descripcion": "Transición Urbana Mixta", "tooltip_html": "<b>RENE FAVALORO II</b><hr>Tipología: <span style='color:#38bdf8'>Transición Urbana Mixta</span><br>Pob: 1536.0<br>Score Infra: <b style='color:#e2e8f0'>Muy Baja</b>" }, "geometry": { "type": "Point", "coordinates": [ -64.2361, -31.4488 ] } },
{ "type": "Feature", "properties": { "barrio": "RES CHATEAU CARRERAS CO VI CO", "poblacion": 500.0, "infraestructura_score": 0.1852, "categoria_infraestructura": "Media", "cluster_descripcion": "Transición Urbana Mixta", "tooltip_html": "<b>RES CHATEAU CARRERAS CO VI CO</b><hr>Tipología: <span style='color:#38bdf8'>Transición Urbana Mixta</span><br>Pob: 500.0<br>Score Infra: <b style='color:#e2e8f0'>Media</b>" }, "geometry": { "type": "Point", "coordinates": [ -64.2626, -31.3911 ] } },
{ "type": "Feature", "properties": { "barrio": "RESIDENCIAL AMERICA", "poblacion": 6874.0, "infraestructura_score": 0.1987, "categoria_infraestructura": "Media", "cluster_descripcion": "Transición Urbana Mixta", "tooltip_html": "<b>RESIDENCIAL AMERICA</b><hr>Tipología: <span style='color:#38bdf8'>Transición Urbana Mixta</span><br>Pob: 6874.0<br>Score Infra: <b style='color:#e2e8f0'>Media</b>" }, "geometry": { "type": "Point", "coordinates": [ -64.1619, -31.3824 ] } },
{ "type": "Feature", "properties": { "barrio": "RESIDENCIAL ARAGON", "poblacion": 1719.0, "infraestructura_score": 0.0539, "categoria_infraestructura": "Muy Baja", "cluster_descripcion": "Vulnerabilidad y Periferia NBI", "tooltip_html": "<b>RESIDENCIAL ARAGON</b><hr>Tipología: <span style='color:#38bdf8'>Vulnerabilidad y Periferia NBI</span><br>Pob: 1719.0<br>Score Infra: <b style='color:#e2e8f0'>Muy Baja</b>" }, "geometry": { "type": "Point", "coordinates": [ -64.1308, -31.3715 ] } },
{ "type": "Feature", "properties": { "barrio": "RESIDENCIAL OLIVOS", "poblacion": 971.0, "infraestructura_score": 0.1287, "categoria_infraestructura": "Baja", "cluster_descripcion": "Transición Urbana Mixta", "tooltip_html": "<b>RESIDENCIAL OLIVOS</b><hr>Tipología: <span style='color:#38bdf8'>Transición Urbana Mixta</span><br>Pob: 971.0<br>Score Infra: <b style='color:#e2e8f0'>Baja</b>" }, "geometry": { "type": "Point", "coordinates": [ -64.2107, -31.4328 ] } },
{ "type": "Feature", "properties": { "barrio": "RESIDENCIAL SAN CARLOS", "poblacion": 2868.0, "infraestructura_score": 0.1822, "categoria_infraestructura": "Media", "cluster_descripcion": "Transición Urbana Mixta", "tooltip_html": "<b>RESIDENCIAL SAN CARLOS</b><hr>Tipología: <span style='color:#38bdf8'>Transición Urbana Mixta</span><br>Pob: 2868.0<br>Score Infra: <b style='color:#e2e8f0'>Media</b>" }, "geometry": { "type": "Point", "coordinates": [ -64.1657, -31.444 ] } },
{ "type": "Feature", "properties": { "barrio": "RESIDENCIAL SAN JORGE", "poblacion": 2240.0, "infraestructura_score": 0.0701, "categoria_infraestructura": "Muy Baja", "cluster_descripcion": "Anillos Densos Poblacionales", "tooltip_html": "<b>RESIDENCIAL SAN JORGE</b><hr>Tipología: <span style='color:#38bdf8'>Anillos Densos Poblacionales</span><br>Pob: 2240.0<br>Score Infra: <b style='color:#e2e8f0'>Muy Baja</b>" }, "geometry": { "type": "Point", "coordinates": [ -64.1298, -31.3689 ] } },
{ "type": "Feature", "properties": { "barrio": "RESIDENCIAL SAN ROQUE", "poblacion": 13559.0, "infraestructura_score": 0.0821, "categoria_infraestructura": "Muy Baja", "cluster_descripcion": "Vulnerabilidad y Periferia NBI", "tooltip_html": "<b>RESIDENCIAL SAN ROQUE</b><hr>Tipología: <span style='color:#38bdf8'>Vulnerabilidad y Periferia NBI</span><br>Pob: 13559.0<br>Score Infra: <b style='color:#e2e8f0'>Muy Baja</b>" }, "geometry": { "type": "Point", "coordinates": [ -64.2473, -31.427 ] } },
{ "type": "Feature", "properties": { "barrio": "RESIDENCIAL SANTA ANA", "poblacion": 1547.0, "infraestructura_score": 0.2035, "categoria_infraestructura": "Media", "cluster_descripcion": "Transición Urbana Mixta", "tooltip_html": "<b>RESIDENCIAL SANTA ANA</b><hr>Tipología: <span style='color:#38bdf8'>Transición Urbana Mixta</span><br>Pob: 1547.0<br>Score Infra: <b style='color:#e2e8f0'>Media</b>" }, "geometry": { "type": "Point", "coordinates": [ -64.215, -31.4238 ] } },
{ "type": "Feature", "properties": { "barrio": "RESIDENCIAL SANTA ROSA", "poblacion": 2741.0, "infraestructura_score": 0.1992, "categoria_infraestructura": "Media", "cluster_descripcion": "Transición Urbana Mixta", "tooltip_html": "<b>RESIDENCIAL SANTA ROSA</b><hr>Tipología: <span style='color:#38bdf8'>Transición Urbana Mixta</span><br>Pob: 2741.0<br>Score Infra: <b style='color:#e2e8f0'>Media</b>" }, "geometry": { "type": "Point", "coordinates": [ -64.2053, -31.4777 ] } },
{ "type": "Feature", "properties": { "barrio": "RESIDENCIAL SUD", "poblacion": 947.0, "infraestructura_score": 0.518, "categoria_infraestructura": "Muy Alta", "cluster_descripcion": "Núcleo Consolidado (Alta Infraestructura)", "tooltip_html": "<b>RESIDENCIAL SUD</b><hr>Tipología: <span style='color:#38bdf8'>Núcleo Consolidado (Alta Infraestructura)</span><br>Pob: 947.0<br>Score Infra: <b style='color:#e2e8f0'>Muy Alta</b>" }, "geometry": { "type": "Point", "coordinates": [ -64.2254, -31.4664 ] } },
{ "type": "Feature", "properties": { "barrio": "RESIDENCIAL VELEZ SARSFIELD", "poblacion": 3161.0, "infraestructura_score": 0.1258, "categoria_infraestructura": "Baja", "cluster_descripcion": "Transición Urbana Mixta", "tooltip_html": "<b>RESIDENCIAL VELEZ SARSFIELD</b><hr>Tipología: <span style='color:#38bdf8'>Transición Urbana Mixta</span><br>Pob: 3161.0<br>Score Infra: <b style='color:#e2e8f0'>Baja</b>" }, "geometry": { "type": "Point", "coordinates": [ -64.2091, -31.4489 ] } },
{ "type": "Feature", "properties": { "barrio": "RIVADAVIA", "poblacion": 3105.0, "infraestructura_score": 0.0835, "categoria_infraestructura": "Baja", "cluster_descripcion": "Transición Urbana Mixta", "tooltip_html": "<b>RIVADAVIA</b><hr>Tipología: <span style='color:#38bdf8'>Transición Urbana Mixta</span><br>Pob: 3105.0<br>Score Infra: <b style='color:#e2e8f0'>Baja</b>" }, "geometry": { "type": "Point", "coordinates": [ -64.1487, -31.4324 ] } },
{ "type": "Feature", "properties": { "barrio": "RIVERA INDARTE", "poblacion": 1742.0, "infraestructura_score": 0.0637, "categoria_infraestructura": "Muy Baja", "cluster_descripcion": "Transición Urbana Mixta", "tooltip_html": "<b>RIVERA INDARTE</b><hr>Tipología: <span style='color:#38bdf8'>Transición Urbana Mixta</span><br>Pob: 1742.0<br>Score Infra: <b style='color:#e2e8f0'>Muy Baja</b>" }, "geometry": { "type": "Point", "coordinates": [ -64.2963, -31.334 ] } },
{ "type": "Feature", "properties": { "barrio": "ROCIO", "poblacion": 500.0, "infraestructura_score": 0.1111, "categoria_infraestructura": "Baja", "cluster_descripcion": "Transición Urbana Mixta", "tooltip_html": "<b>ROCIO</b><hr>Tipología: <span style='color:#38bdf8'>Transición Urbana Mixta</span><br>Pob: 500.0<br>Score Infra: <b style='color:#e2e8f0'>Baja</b>" }, "geometry": { "type": "Point", "coordinates": [ -64.2805, -31.3682 ] } },
{ "type": "Feature", "properties": { "barrio": "ROCIO DEL SUR", "poblacion": 500.0, "infraestructura_score": 0.1481, "categoria_infraestructura": "Media", "cluster_descripcion": "Transición Urbana Mixta", "tooltip_html": "<b>ROCIO DEL SUR</b><hr>Tipología: <span style='color:#38bdf8'>Transición Urbana Mixta</span><br>Pob: 500.0<br>Score Infra: <b style='color:#e2e8f0'>Media</b>" }, "geometry": { "type": "Point", "coordinates": [ -64.1913, -31.4869 ] } },
{ "type": "Feature", "properties": { "barrio": "ROGELIO MARTINEZ", "poblacion": 1204.0, "infraestructura_score": 0.518, "categoria_infraestructura": "Muy Alta", "cluster_descripcion": "Núcleo Consolidado (Alta Infraestructura)", "tooltip_html": "<b>ROGELIO MARTINEZ</b><hr>Tipología: <span style='color:#38bdf8'>Núcleo Consolidado (Alta Infraestructura)</span><br>Pob: 1204.0<br>Score Infra: <b style='color:#e2e8f0'>Muy Alta</b>" }, "geometry": { "type": "Point", "coordinates": [ -64.1782, -31.4382 ] } },
{ "type": "Feature", "properties": { "barrio": "ROSEDAL", "poblacion": 2314.0, "infraestructura_score": 0.0676, "categoria_infraestructura": "Muy Baja", "cluster_descripcion": "Transición Urbana Mixta", "tooltip_html": "<b>ROSEDAL</b><hr>Tipología: <span style='color:#38bdf8'>Transición Urbana Mixta</span><br>Pob: 2314.0<br>Score Infra: <b style='color:#e2e8f0'>Muy Baja</b>" }, "geometry": { "type": "Point", "coordinates": [ -64.2262, -31.434 ] } },
{ "type": "Feature", "properties": { "barrio": "ROSEDAL ANEXO", "poblacion": 916.0, "infraestructura_score": 0.3287, "categoria_infraestructura": "Alta", "cluster_descripcion": "Transición Urbana Mixta", "tooltip_html": "<b>ROSEDAL ANEXO</b><hr>Tipología: <span style='color:#38bdf8'>Transición Urbana Mixta</span><br>Pob: 916.0<br>Score Infra: <b style='color:#e2e8f0'>Alta</b>" }, "geometry": { "type": "Point", "coordinates": [ -64.2286, -31.4394 ] } },
{ "type": "Feature", "properties": { "barrio": "SACHI", "poblacion": 1053.0, "infraestructura_score": 0.3078, "categoria_infraestructura": "Alta", "cluster_descripcion": "Vulnerabilidad y Periferia NBI", "tooltip_html": "<b>SACHI</b><hr>Tipología: <span style='color:#38bdf8'>Vulnerabilidad y Periferia NBI</span><br>Pob: 1053.0<br>Score Infra: <b style='color:#e2e8f0'>Alta</b>" }, "geometry": { "type": "Point", "coordinates": [ -64.2663, -31.4537 ] } },
{ "type": "Feature", "properties": { "barrio": "SAN ANTONIO", "poblacion": 500.0, "infraestructura_score": 0.4074, "categoria_infraestructura": "Muy Alta", "cluster_descripcion": "Núcleo Consolidado (Alta Infraestructura)", "tooltip_html": "<b>SAN ANTONIO</b><hr>Tipología: <span style='color:#38bdf8'>Núcleo Consolidado (Alta Infraestructura)</span><br>Pob: 500.0<br>Score Infra: <b style='color:#e2e8f0'>Muy Alta</b>" }, "geometry": { "type": "Point", "coordinates": [ -64.1905, -31.4744 ] } },
{ "type": "Feature", "properties": { "barrio": "SAN CAYETANO", "poblacion": 500.0, "infraestructura_score": 0.3333, "categoria_infraestructura": "Alta", "cluster_descripcion": "Transición Urbana Mixta", "tooltip_html": "<b>SAN CAYETANO</b><hr>Tipología: <span style='color:#38bdf8'>Transición Urbana Mixta</span><br>Pob: 500.0<br>Score Infra: <b style='color:#e2e8f0'>Alta</b>" }, "geometry": { "type": "Point", "coordinates": [ -64.1435, -31.4367 ] } },
{ "type": "Feature", "properties": { "barrio": "SAN DANIEL", "poblacion": 1359.0, "infraestructura_score": 0.3313, "categoria_infraestructura": "Alta", "cluster_descripcion": "Transición Urbana Mixta", "tooltip_html": "<b>SAN DANIEL</b><hr>Tipología: <span style='color:#38bdf8'>Transición Urbana Mixta</span><br>Pob: 1359.0<br>Score Infra: <b style='color:#e2e8f0'>Alta</b>" }, "geometry": { "type": "Point", "coordinates": [ -64.2027, -31.449 ] } },
{ "type": "Feature", "properties": { "barrio": "SAN FELIPE", "poblacion": 2553.0, "infraestructura_score": 0.1651, "categoria_infraestructura": "Media", "cluster_descripcion": "Transición Urbana Mixta", "tooltip_html": "<b>SAN FELIPE</b><hr>Tipología: <span style='color:#38bdf8'>Transición Urbana Mixta</span><br>Pob: 2553.0<br>Score Infra: <b style='color:#e2e8f0'>Media</b>" }, "geometry": { "type": "Point", "coordinates": [ -64.136, -31.4568 ] } },
{ "type": "Feature", "properties": { "barrio": "SAN FERNANDO", "poblacion": 4094.0, "infraestructura_score": 0.1087, "categoria_infraestructura": "Baja", "cluster_descripcion": "Transición Urbana Mixta", "tooltip_html": "<b>SAN FERNANDO</b><hr>Tipología: <span style='color:#38bdf8'>Transición Urbana Mixta</span><br>Pob: 4094.0<br>Score Infra: <b style='color:#e2e8f0'>Baja</b>" }, "geometry": { "type": "Point", "coordinates": [ -64.1905, -31.4476 ] } },
{ "type": "Feature", "properties": { "barrio": "SAN FRANCISCO", "poblacion": 1123.0, "infraestructura_score": 0.1606, "categoria_infraestructura": "Media", "cluster_descripcion": "Transición Urbana Mixta", "tooltip_html": "<b>SAN FRANCISCO</b><hr>Tipología: <span style='color:#38bdf8'>Transición Urbana Mixta</span><br>Pob: 1123.0<br>Score Infra: <b style='color:#e2e8f0'>Media</b>" }, "geometry": { "type": "Point", "coordinates": [ -64.2114, -31.4261 ] } },
{ "type": "Feature", "properties": { "barrio": "SAN IGNACIO", "poblacion": 2787.0, "infraestructura_score": 0.1379, "categoria_infraestructura": "Baja", "cluster_descripcion": "Vulnerabilidad y Periferia NBI", "tooltip_html": "<b>SAN IGNACIO</b><hr>Tipología: <span style='color:#38bdf8'>Vulnerabilidad y Periferia NBI</span><br>Pob: 2787.0<br>Score Infra: <b style='color:#e2e8f0'>Baja</b>" }, "geometry": { "type": "Point", "coordinates": [ -64.2483, -31.3901 ] } },
{ "type": "Feature", "properties": { "barrio": "SAN JAVIER", "poblacion": 1637.0, "infraestructura_score": 0.1639, "categoria_infraestructura": "Media", "cluster_descripcion": "Transición Urbana Mixta", "tooltip_html": "<b>SAN JAVIER</b><hr>Tipología: <span style='color:#38bdf8'>Transición Urbana Mixta</span><br>Pob: 1637.0<br>Score Infra: <b style='color:#e2e8f0'>Media</b>" }, "geometry": { "type": "Point", "coordinates": [ -64.1017, -31.4557 ] } },
{ "type": "Feature", "properties": { "barrio": "SAN JOSE", "poblacion": 548.0, "infraestructura_score": 0.5707, "categoria_infraestructura": "Muy Alta", "cluster_descripcion": "Núcleo Consolidado (Alta Infraestructura)", "tooltip_html": "<b>SAN JOSE</b><hr>Tipología: <span style='color:#38bdf8'>Núcleo Consolidado (Alta Infraestructura)</span><br>Pob: 548.0<br>Score Infra: <b style='color:#e2e8f0'>Muy Alta</b>" }, "geometry": { "type": "Point", "coordinates": [ -64.2893, -31.3397 ] } },
{ "type": "Feature", "properties": { "barrio": "SAN LORENZO", "poblacion": 1988.0, "infraestructura_score": 0.4895, "categoria_infraestructura": "Muy Alta", "cluster_descripcion": "Núcleo Consolidado (Alta Infraestructura)", "tooltip_html": "<b>SAN LORENZO</b><hr>Tipología: <span style='color:#38bdf8'>Núcleo Consolidado (Alta Infraestructura)</span><br>Pob: 1988.0<br>Score Infra: <b style='color:#e2e8f0'>Muy Alta</b>" }, "geometry": { "type": "Point", "coordinates": [ -64.1105, -31.4556 ] } },
{ "type": "Feature", "properties": { "barrio": "SAN LORENZO NORTE", "poblacion": 500.0, "infraestructura_score": 0.1481, "categoria_infraestructura": "Media", "cluster_descripcion": "Transición Urbana Mixta", "tooltip_html": "<b>SAN LORENZO NORTE</b><hr>Tipología: <span style='color:#38bdf8'>Transición Urbana Mixta</span><br>Pob: 500.0<br>Score Infra: <b style='color:#e2e8f0'>Media</b>" }, "geometry": { "type": "Point", "coordinates": [ -64.2167, -31.375 ] } },
{ "type": "Feature", "properties": { "barrio": "SAN LUIS DE FRANCIA", "poblacion": 500.0, "infraestructura_score": 0.361, "categoria_infraestructura": "Muy Alta", "cluster_descripcion": "Transición Urbana Mixta", "tooltip_html": "<b>SAN LUIS DE FRANCIA</b><hr>Tipología: <span style='color:#38bdf8'>Transición Urbana Mixta</span><br>Pob: 500.0<br>Score Infra: <b style='color:#e2e8f0'>Muy Alta</b>" }, "geometry": { "type": "Point", "coordinates": [ -64.2537, -31.48 ] } },
{ "type": "Feature", "properties": { "barrio": "SAN MARCELO", "poblacion": 500.0, "infraestructura_score": 0.4444, "categoria_infraestructura": "Muy Alta", "cluster_descripcion": "Núcleo Consolidado (Alta Infraestructura)", "tooltip_html": "<b>SAN MARCELO</b><hr>Tipología: <span style='color:#38bdf8'>Núcleo Consolidado (Alta Infraestructura)</span><br>Pob: 500.0<br>Score Infra: <b style='color:#e2e8f0'>Muy Alta</b>" }, "geometry": { "type": "Point", "coordinates": [ -64.2356, -31.3626 ] } },
{ "type": "Feature", "properties": { "barrio": "SAN MARTIN", "poblacion": 13157.0, "infraestructura_score": 0.1631, "categoria_infraestructura": "Media", "cluster_descripcion": "Transición Urbana Mixta", "tooltip_html": "<b>SAN MARTIN</b><hr>Tipología: <span style='color:#38bdf8'>Transición Urbana Mixta</span><br>Pob: 13157.0<br>Score Infra: <b style='color:#e2e8f0'>Media</b>" }, "geometry": { "type": "Point", "coordinates": [ -64.1965, -31.3938 ] } },
{ "type": "Feature", "properties": { "barrio": "SAN MARTIN ANEXO", "poblacion": 3153.0, "infraestructura_score": 0.0706, "categoria_infraestructura": "Muy Baja", "cluster_descripcion": "Transición Urbana Mixta", "tooltip_html": "<b>SAN MARTIN ANEXO</b><hr>Tipología: <span style='color:#38bdf8'>Transición Urbana Mixta</span><br>Pob: 3153.0<br>Score Infra: <b style='color:#e2e8f0'>Muy Baja</b>" }, "geometry": { "type": "Point", "coordinates": [ -64.2031, -31.381 ] } },
{ "type": "Feature", "properties": { "barrio": "SAN MARTIN NORTE", "poblacion": 1945.0, "infraestructura_score": 0.2953, "categoria_infraestructura": "Alta", "cluster_descripcion": "Transición Urbana Mixta", "tooltip_html": "<b>SAN MARTIN NORTE</b><hr>Tipología: <span style='color:#38bdf8'>Transición Urbana Mixta</span><br>Pob: 1945.0<br>Score Infra: <b style='color:#e2e8f0'>Alta</b>" }, "geometry": { "type": "Point", "coordinates": [ -64.2025, -31.3728 ] } },
{ "type": "Feature", "properties": { "barrio": "SAN NICOLAS", "poblacion": 2063.0, "infraestructura_score": 0.0628, "categoria_infraestructura": "Muy Baja", "cluster_descripcion": "Transición Urbana Mixta", "tooltip_html": "<b>SAN NICOLAS</b><hr>Tipología: <span style='color:#38bdf8'>Transición Urbana Mixta</span><br>Pob: 2063.0<br>Score Infra: <b style='color:#e2e8f0'>Muy Baja</b>" }, "geometry": { "type": "Point", "coordinates": [ -64.1513, -31.3807 ] } },
{ "type": "Feature", "properties": { "barrio": "SAN PABLO", "poblacion": 2190.0, "infraestructura_score": 0.1269, "categoria_infraestructura": "Baja", "cluster_descripcion": "Transición Urbana Mixta", "tooltip_html": "<b>SAN PABLO</b><hr>Tipología: <span style='color:#38bdf8'>Transición Urbana Mixta</span><br>Pob: 2190.0<br>Score Infra: <b style='color:#e2e8f0'>Baja</b>" }, "geometry": { "type": "Point", "coordinates": [ -64.1609, -31.4442 ] } },
{ "type": "Feature", "properties": { "barrio": "SAN PEDRO NOLASCO", "poblacion": 982.0, "infraestructura_score": 0.2404, "categoria_infraestructura": "Alta", "cluster_descripcion": "Transición Urbana Mixta", "tooltip_html": "<b>SAN PEDRO NOLASCO</b><hr>Tipología: <span style='color:#38bdf8'>Transición Urbana Mixta</span><br>Pob: 982.0<br>Score Infra: <b style='color:#e2e8f0'>Alta</b>" }, "geometry": { "type": "Point", "coordinates": [ -64.2402, -31.4661 ] } },
{ "type": "Feature", "properties": { "barrio": "SAN RAFAEL", "poblacion": 5172.0, "infraestructura_score": 0.0995, "categoria_infraestructura": "Baja", "cluster_descripcion": "Transición Urbana Mixta", "tooltip_html": "<b>SAN RAFAEL</b><hr>Tipología: <span style='color:#38bdf8'>Transición Urbana Mixta</span><br>Pob: 5172.0<br>Score Infra: <b style='color:#e2e8f0'>Baja</b>" }, "geometry": { "type": "Point", "coordinates": [ -64.222, -31.4254 ] } },
{ "type": "Feature", "properties": { "barrio": "SAN RAMON", "poblacion": 500.0, "infraestructura_score": 0.4444, "categoria_infraestructura": "Muy Alta", "cluster_descripcion": "Núcleo Consolidado (Alta Infraestructura)", "tooltip_html": "<b>SAN RAMON</b><hr>Tipología: <span style='color:#38bdf8'>Núcleo Consolidado (Alta Infraestructura)</span><br>Pob: 500.0<br>Score Infra: <b style='color:#e2e8f0'>Muy Alta</b>" }, "geometry": { "type": "Point", "coordinates": [ -64.1008, -31.3409 ] } },
{ "type": "Feature", "properties": { "barrio": "SAN SALVADOR", "poblacion": 2101.0, "infraestructura_score": 0.1411, "categoria_infraestructura": "Baja", "cluster_descripcion": "Transición Urbana Mixta", "tooltip_html": "<b>SAN SALVADOR</b><hr>Tipología: <span style='color:#38bdf8'>Transición Urbana Mixta</span><br>Pob: 2101.0<br>Score Infra: <b style='color:#e2e8f0'>Baja</b>" }, "geometry": { "type": "Point", "coordinates": [ -64.2324, -31.4009 ] } },
{ "type": "Feature", "properties": { "barrio": "SAN VICENTE", "poblacion": 18145.0, "infraestructura_score": 0.2118, "categoria_infraestructura": "Media", "cluster_descripcion": "Transición Urbana Mixta", "tooltip_html": "<b>SAN VICENTE</b><hr>Tipología: <span style='color:#38bdf8'>Transición Urbana Mixta</span><br>Pob: 18145.0<br>Score Infra: <b style='color:#e2e8f0'>Media</b>" }, "geometry": { "type": "Point", "coordinates": [ -64.154, -31.4243 ] } },
{ "type": "Feature", "properties": { "barrio": "SANTA CECILIA", "poblacion": 1089.0, "infraestructura_score": 0.2468, "categoria_infraestructura": "Alta", "cluster_descripcion": "Vulnerabilidad y Periferia NBI", "tooltip_html": "<b>SANTA CECILIA</b><hr>Tipología: <span style='color:#38bdf8'>Vulnerabilidad y Periferia NBI</span><br>Pob: 1089.0<br>Score Infra: <b style='color:#e2e8f0'>Alta</b>" }, "geometry": { "type": "Point", "coordinates": [ -64.2277, -31.3576 ] } },
{ "type": "Feature", "properties": { "barrio": "SANTA CLARA DE ASIS", "poblacion": 1839.0, "infraestructura_score": 0.1937, "categoria_infraestructura": "Media", "cluster_descripcion": "Transición Urbana Mixta", "tooltip_html": "<b>SANTA CLARA DE ASIS</b><hr>Tipología: <span style='color:#38bdf8'>Transición Urbana Mixta</span><br>Pob: 1839.0<br>Score Infra: <b style='color:#e2e8f0'>Media</b>" }, "geometry": { "type": "Point", "coordinates": [ -64.1408, -31.3807 ] } },
{ "type": "Feature", "properties": { "barrio": "SANTA ISABEL ANEXO", "poblacion": 1361.0, "infraestructura_score": 0.2109, "categoria_infraestructura": "Media", "cluster_descripcion": "Transición Urbana Mixta", "tooltip_html": "<b>SANTA ISABEL ANEXO</b><hr>Tipología: <span style='color:#38bdf8'>Transición Urbana Mixta</span><br>Pob: 1361.0<br>Score Infra: <b style='color:#e2e8f0'>Media</b>" }, "geometry": { "type": "Point", "coordinates": [ -64.2465, -31.4763 ] } },
{ "type": "Feature", "properties": { "barrio": "SANTA ISABEL SECCION 1", "poblacion": 3583.0, "infraestructura_score": 0.1604, "categoria_infraestructura": "Media", "cluster_descripcion": "Transición Urbana Mixta", "tooltip_html": "<b>SANTA ISABEL SECCION 1</b><hr>Tipología: <span style='color:#38bdf8'>Transición Urbana Mixta</span><br>Pob: 3583.0<br>Score Infra: <b style='color:#e2e8f0'>Media</b>" }, "geometry": { "type": "Point", "coordinates": [ -64.2324, -31.4707 ] } },
{ "type": "Feature", "properties": { "barrio": "SANTA ISABEL SECCION 2", "poblacion": 6113.0, "infraestructura_score": 0.1123, "categoria_infraestructura": "Baja", "cluster_descripcion": "Transición Urbana Mixta", "tooltip_html": "<b>SANTA ISABEL SECCION 2</b><hr>Tipología: <span style='color:#38bdf8'>Transición Urbana Mixta</span><br>Pob: 6113.0<br>Score Infra: <b style='color:#e2e8f0'>Baja</b>" }, "geometry": { "type": "Point", "coordinates": [ -64.2314, -31.4766 ] } },
{ "type": "Feature", "properties": { "barrio": "SANTA ISABEL SECCION 3", "poblacion": 4047.0, "infraestructura_score": 0.2702, "categoria_infraestructura": "Alta", "cluster_descripcion": "Transición Urbana Mixta", "tooltip_html": "<b>SANTA ISABEL SECCION 3</b><hr>Tipología: <span style='color:#38bdf8'>Transición Urbana Mixta</span><br>Pob: 4047.0<br>Score Infra: <b style='color:#e2e8f0'>Alta</b>" }, "geometry": { "type": "Point", "coordinates": [ -64.2418, -31.4781 ] } },
{ "type": "Feature", "properties": { "barrio": "SANTA RITA", "poblacion": 1145.0, "infraestructura_score": 0.5091, "categoria_infraestructura": "Muy Alta", "cluster_descripcion": "Núcleo Consolidado (Alta Infraestructura)", "tooltip_html": "<b>SANTA RITA</b><hr>Tipología: <span style='color:#38bdf8'>Núcleo Consolidado (Alta Infraestructura)</span><br>Pob: 1145.0<br>Score Infra: <b style='color:#e2e8f0'>Muy Alta</b>" }, "geometry": { "type": "Point", "coordinates": [ -64.1727, -31.4475 ] } },
{ "type": "Feature", "properties": { "barrio": "SARGENTO CABRAL", "poblacion": 3597.0, "infraestructura_score": 0.1585, "categoria_infraestructura": "Media", "cluster_descripcion": "Transición Urbana Mixta", "tooltip_html": "<b>SARGENTO CABRAL</b><hr>Tipología: <span style='color:#38bdf8'>Transición Urbana Mixta</span><br>Pob: 3597.0<br>Score Infra: <b style='color:#e2e8f0'>Media</b>" }, "geometry": { "type": "Point", "coordinates": [ -64.193, -31.3762 ] } },
{ "type": "Feature", "properties": { "barrio": "SARMIENTO", "poblacion": 2507.0, "infraestructura_score": 0.2268, "categoria_infraestructura": "Alta", "cluster_descripcion": "Transición Urbana Mixta", "tooltip_html": "<b>SARMIENTO</b><hr>Tipología: <span style='color:#38bdf8'>Transición Urbana Mixta</span><br>Pob: 2507.0<br>Score Infra: <b style='color:#e2e8f0'>Alta</b>" }, "geometry": { "type": "Point", "coordinates": [ -64.1543, -31.4301 ] } },
{ "type": "Feature", "properties": { "barrio": "SEP", "poblacion": 1039.0, "infraestructura_score": 0.2936, "categoria_infraestructura": "Alta", "cluster_descripcion": "Anillos Densos Poblacionales", "tooltip_html": "<b>SEP</b><hr>Tipología: <span style='color:#38bdf8'>Anillos Densos Poblacionales</span><br>Pob: 1039.0<br>Score Infra: <b style='color:#e2e8f0'>Alta</b>" }, "geometry": { "type": "Point", "coordinates": [ -64.1657, -31.459 ] } },
{ "type": "Feature", "properties": { "barrio": "SEP SEGUNDA ETAPA", "poblacion": 2640.0, "infraestructura_score": 0.042, "categoria_infraestructura": "Muy Baja", "cluster_descripcion": "Anillos Densos Poblacionales", "tooltip_html": "<b>SEP SEGUNDA ETAPA</b><hr>Tipología: <span style='color:#38bdf8'>Anillos Densos Poblacionales</span><br>Pob: 2640.0<br>Score Infra: <b style='color:#e2e8f0'>Muy Baja</b>" }, "geometry": { "type": "Point", "coordinates": [ -64.1639, -31.4598 ] } },
{ "type": "Feature", "properties": { "barrio": "SMATA", "poblacion": 2291.0, "infraestructura_score": 0.1538, "categoria_infraestructura": "Media", "cluster_descripcion": "Transición Urbana Mixta", "tooltip_html": "<b>SMATA</b><hr>Tipología: <span style='color:#38bdf8'>Transición Urbana Mixta</span><br>Pob: 2291.0<br>Score Infra: <b style='color:#e2e8f0'>Media</b>" }, "geometry": { "type": "Point", "coordinates": [ -64.2235, -31.4544 ] } },
{ "type": "Feature", "properties": { "barrio": "SOLARES DE SANTA MARIA- ALTOS DE MANANTIALES", "poblacion": 650.0, "infraestructura_score": 0.0, "categoria_infraestructura": "Muy Baja", "cluster_descripcion": "Transición Urbana Mixta", "tooltip_html": "<b>SOLARES DE SANTA MARIA- ALTOS DE MANANTIALES</b><hr>Tipología: <span style='color:#38bdf8'>Transición Urbana Mixta</span><br>Pob: 650.0<br>Score Infra: <b style='color:#e2e8f0'>Muy Baja</b>" }, "geometry": { "type": "Point", "coordinates": [ -64.2244, -31.4606 ] } },
{ "type": "Feature", "properties": { "barrio": "SUAREZ", "poblacion": 2807.0, "infraestructura_score": 0.1453, "categoria_infraestructura": "Baja", "cluster_descripcion": "Vulnerabilidad y Periferia NBI", "tooltip_html": "<b>SUAREZ</b><hr>Tipología: <span style='color:#38bdf8'>Vulnerabilidad y Periferia NBI</span><br>Pob: 2807.0<br>Score Infra: <b style='color:#e2e8f0'>Baja</b>" }, "geometry": { "type": "Point", "coordinates": [ -64.2104, -31.4387 ] } },
{ "type": "Feature", "properties": { "barrio": "TABLADA PARK", "poblacion": 748.0, "infraestructura_score": 0.1733, "categoria_infraestructura": "Media", "cluster_descripcion": "Transición Urbana Mixta", "tooltip_html": "<b>TABLADA PARK</b><hr>Tipología: <span style='color:#38bdf8'>Transición Urbana Mixta</span><br>Pob: 748.0<br>Score Infra: <b style='color:#e2e8f0'>Media</b>" }, "geometry": { "type": "Point", "coordinates": [ -64.2263, -31.371 ] } },
{ "type": "Feature", "properties": { "barrio": "TALLERES ESTE", "poblacion": 5542.0, "infraestructura_score": 0.1101, "categoria_infraestructura": "Baja", "cluster_descripcion": "Transición Urbana Mixta", "tooltip_html": "<b>TALLERES ESTE</b><hr>Tipología: <span style='color:#38bdf8'>Transición Urbana Mixta</span><br>Pob: 5542.0<br>Score Infra: <b style='color:#e2e8f0'>Baja</b>" }, "geometry": { "type": "Point", "coordinates": [ -64.1507, -31.389 ] } },
{ "type": "Feature", "properties": { "barrio": "TALLERES OESTE", "poblacion": 5925.0, "infraestructura_score": 0.1663, "categoria_infraestructura": "Media", "cluster_descripcion": "Transición Urbana Mixta", "tooltip_html": "<b>TALLERES OESTE</b><hr>Tipología: <span style='color:#38bdf8'>Transición Urbana Mixta</span><br>Pob: 5925.0<br>Score Infra: <b style='color:#e2e8f0'>Media</b>" }, "geometry": { "type": "Point", "coordinates": [ -64.1589, -31.3902 ] } },
{ "type": "Feature", "properties": { "barrio": "TALLERES SUD", "poblacion": 3940.0, "infraestructura_score": 0.0189, "categoria_infraestructura": "Muy Baja", "cluster_descripcion": "Vulnerabilidad y Periferia NBI", "tooltip_html": "<b>TALLERES SUD</b><hr>Tipología: <span style='color:#38bdf8'>Vulnerabilidad y Periferia NBI</span><br>Pob: 3940.0<br>Score Infra: <b style='color:#e2e8f0'>Muy Baja</b>" }, "geometry": { "type": "Point", "coordinates": [ -64.1342, -31.4395 ] } },
{ "type": "Feature", "properties": { "barrio": "TEJAS DEL SUR", "poblacion": 1454.0, "infraestructura_score": 0.0, "categoria_infraestructura": "Muy Baja", "cluster_descripcion": "Transición Urbana Mixta", "tooltip_html": "<b>TEJAS DEL SUR</b><hr>Tipología: <span style='color:#38bdf8'>Transición Urbana Mixta</span><br>Pob: 1454.0<br>Score Infra: <b style='color:#e2e8f0'>Muy Baja</b>" }, "geometry": { "type": "Point", "coordinates": [ -64.1902, -31.4624 ] } },
{ "type": "Feature", "properties": { "barrio": "TEJAS II", "poblacion": 687.0, "infraestructura_score": 0.027, "categoria_infraestructura": "Muy Baja", "cluster_descripcion": "Transición Urbana Mixta", "tooltip_html": "<b>TEJAS II</b><hr>Tipología: <span style='color:#38bdf8'>Transición Urbana Mixta</span><br>Pob: 687.0<br>Score Infra: <b style='color:#e2e8f0'>Muy Baja</b>" }, "geometry": { "type": "Point", "coordinates": [ -64.1992, -31.4787 ] } },
{ "type": "Feature", "properties": { "barrio": "TENIENTE BENJAMIN MATIENZO", "poblacion": 6873.0, "infraestructura_score": 0.1061, "categoria_infraestructura": "Baja", "cluster_descripcion": "Transición Urbana Mixta", "tooltip_html": "<b>TENIENTE BENJAMIN MATIENZO</b><hr>Tipología: <span style='color:#38bdf8'>Transición Urbana Mixta</span><br>Pob: 6873.0<br>Score Infra: <b style='color:#e2e8f0'>Baja</b>" }, "geometry": { "type": "Point", "coordinates": [ -64.2375, -31.4414 ] } },
{ "type": "Feature", "properties": { "barrio": "TEODORO FELDS", "poblacion": 3542.0, "infraestructura_score": 0.1644, "categoria_infraestructura": "Media", "cluster_descripcion": "Transición Urbana Mixta", "tooltip_html": "<b>TEODORO FELDS</b><hr>Tipología: <span style='color:#38bdf8'>Transición Urbana Mixta</span><br>Pob: 3542.0<br>Score Infra: <b style='color:#e2e8f0'>Media</b>" }, "geometry": { "type": "Point", "coordinates": [ -64.2492, -31.4004 ] } },
{ "type": "Feature", "properties": { "barrio": "TRANVIARIOS", "poblacion": 2245.0, "infraestructura_score": 0.165, "categoria_infraestructura": "Media", "cluster_descripcion": "Transición Urbana Mixta", "tooltip_html": "<b>TRANVIARIOS</b><hr>Tipología: <span style='color:#38bdf8'>Transición Urbana Mixta</span><br>Pob: 2245.0<br>Score Infra: <b style='color:#e2e8f0'>Media</b>" }, "geometry": { "type": "Point", "coordinates": [ -64.2282, -31.4095 ] } },
{ "type": "Feature", "properties": { "barrio": "UOCRA", "poblacion": 1906.0, "infraestructura_score": 0.2643, "categoria_infraestructura": "Alta", "cluster_descripcion": "Transición Urbana Mixta", "tooltip_html": "<b>UOCRA</b><hr>Tipología: <span style='color:#38bdf8'>Transición Urbana Mixta</span><br>Pob: 1906.0<br>Score Infra: <b style='color:#e2e8f0'>Alta</b>" }, "geometry": { "type": "Point", "coordinates": [ -64.2653, -31.3226 ] } },
{ "type": "Feature", "properties": { "barrio": "URCA", "poblacion": 3308.0, "infraestructura_score": 0.1776, "categoria_infraestructura": "Media", "cluster_descripcion": "Transición Urbana Mixta", "tooltip_html": "<b>URCA</b><hr>Tipología: <span style='color:#38bdf8'>Transición Urbana Mixta</span><br>Pob: 3308.0<br>Score Infra: <b style='color:#e2e8f0'>Media</b>" }, "geometry": { "type": "Point", "coordinates": [ -64.2372, -31.3825 ] } },
{ "type": "Feature", "properties": { "barrio": "URITORCO", "poblacion": 500.0, "infraestructura_score": 0.3704, "categoria_infraestructura": "Muy Alta", "cluster_descripcion": "Transición Urbana Mixta", "tooltip_html": "<b>URITORCO</b><hr>Tipología: <span style='color:#38bdf8'>Transición Urbana Mixta</span><br>Pob: 500.0<br>Score Infra: <b style='color:#e2e8f0'>Muy Alta</b>" }, "geometry": { "type": "Point", "coordinates": [ -64.2349, -31.4007 ] } },
{ "type": "Feature", "properties": { "barrio": "URQUIZA", "poblacion": 5578.0, "infraestructura_score": 0.0856, "categoria_infraestructura": "Baja", "cluster_descripcion": "Transición Urbana Mixta", "tooltip_html": "<b>URQUIZA</b><hr>Tipología: <span style='color:#38bdf8'>Transición Urbana Mixta</span><br>Pob: 5578.0<br>Score Infra: <b style='color:#e2e8f0'>Baja</b>" }, "geometry": { "type": "Point", "coordinates": [ -64.1475, -31.4386 ] } },
{ "type": "Feature", "properties": { "barrio": "VALLE DEL CERRO", "poblacion": 701.0, "infraestructura_score": 0.2313, "categoria_infraestructura": "Alta", "cluster_descripcion": "Transición Urbana Mixta", "tooltip_html": "<b>VALLE DEL CERRO</b><hr>Tipología: <span style='color:#38bdf8'>Transición Urbana Mixta</span><br>Pob: 701.0<br>Score Infra: <b style='color:#e2e8f0'>Alta</b>" }, "geometry": { "type": "Point", "coordinates": [ -64.2404, -31.3714 ] } },
{ "type": "Feature", "properties": { "barrio": "VASQUEZ", "poblacion": 500.0, "infraestructura_score": 0.1481, "categoria_infraestructura": "Media", "cluster_descripcion": "Transición Urbana Mixta", "tooltip_html": "<b>VASQUEZ</b><hr>Tipología: <span style='color:#38bdf8'>Transición Urbana Mixta</span><br>Pob: 500.0<br>Score Infra: <b style='color:#e2e8f0'>Media</b>" }, "geometry": { "type": "Point", "coordinates": [ -64.1311, -31.4815 ] } },
{ "type": "Feature", "properties": { "barrio": "VICOR", "poblacion": 500.0, "infraestructura_score": 0.9259, "categoria_infraestructura": "Muy Alta", "cluster_descripcion": "Núcleo Consolidado (Alta Infraestructura)", "tooltip_html": "<b>VICOR</b><hr>Tipología: <span style='color:#38bdf8'>Núcleo Consolidado (Alta Infraestructura)</span><br>Pob: 500.0<br>Score Infra: <b style='color:#e2e8f0'>Muy Alta</b>" }, "geometry": { "type": "Point", "coordinates": [ -64.2476, -31.478 ] } },
{ "type": "Feature", "properties": { "barrio": "VILLA 4 DE AGOSTO", "poblacion": 1620.0, "infraestructura_score": 0.2517, "categoria_infraestructura": "Alta", "cluster_descripcion": "Vulnerabilidad y Periferia NBI", "tooltip_html": "<b>VILLA 4 DE AGOSTO</b><hr>Tipología: <span style='color:#38bdf8'>Vulnerabilidad y Periferia NBI</span><br>Pob: 1620.0<br>Score Infra: <b style='color:#e2e8f0'>Alta</b>" }, "geometry": { "type": "Point", "coordinates": [ -64.1908, -31.3709 ] } },
{ "type": "Feature", "properties": { "barrio": "VILLA 9 DE JULIO", "poblacion": 8712.0, "infraestructura_score": 0.114, "categoria_infraestructura": "Baja", "cluster_descripcion": "Vulnerabilidad y Periferia NBI", "tooltip_html": "<b>VILLA 9 DE JULIO</b><hr>Tipología: <span style='color:#38bdf8'>Vulnerabilidad y Periferia NBI</span><br>Pob: 8712.0<br>Score Infra: <b style='color:#e2e8f0'>Baja</b>" }, "geometry": { "type": "Point", "coordinates": [ -64.2708, -31.329 ] } },
{ "type": "Feature", "properties": { "barrio": "VILLA ADELA", "poblacion": 3684.0, "infraestructura_score": 0.3489, "categoria_infraestructura": "Alta", "cluster_descripcion": "Transición Urbana Mixta", "tooltip_html": "<b>VILLA ADELA</b><hr>Tipología: <span style='color:#38bdf8'>Transición Urbana Mixta</span><br>Pob: 3684.0<br>Score Infra: <b style='color:#e2e8f0'>Alta</b>" }, "geometry": { "type": "Point", "coordinates": [ -64.2475, -31.4354 ] } },
{ "type": "Feature", "properties": { "barrio": "VILLA ALBERDI", "poblacion": 2014.0, "infraestructura_score": 0.1727, "categoria_infraestructura": "Media", "cluster_descripcion": "Transición Urbana Mixta", "tooltip_html": "<b>VILLA ALBERDI</b><hr>Tipología: <span style='color:#38bdf8'>Transición Urbana Mixta</span><br>Pob: 2014.0<br>Score Infra: <b style='color:#e2e8f0'>Media</b>" }, "geometry": { "type": "Point", "coordinates": [ -64.2358, -31.3935 ] } },
{ "type": "Feature", "properties": { "barrio": "VILLA ALBERTO", "poblacion": 876.0, "infraestructura_score": 0.3431, "categoria_infraestructura": "Alta", "cluster_descripcion": "Vulnerabilidad y Periferia NBI", "tooltip_html": "<b>VILLA ALBERTO</b><hr>Tipología: <span style='color:#38bdf8'>Vulnerabilidad y Periferia NBI</span><br>Pob: 876.0<br>Score Infra: <b style='color:#e2e8f0'>Alta</b>" }, "geometry": { "type": "Point", "coordinates": [ -64.2666, -31.4161 ] } },
{ "type": "Feature", "properties": { "barrio": "VILLA ALICIA RISLER", "poblacion": 3062.0, "infraestructura_score": 0.1116, "categoria_infraestructura": "Baja", "cluster_descripcion": "Vulnerabilidad y Periferia NBI", "tooltip_html": "<b>VILLA ALICIA RISLER</b><hr>Tipología: <span style='color:#38bdf8'>Vulnerabilidad y Periferia NBI</span><br>Pob: 3062.0<br>Score Infra: <b style='color:#e2e8f0'>Baja</b>" }, "geometry": { "type": "Point", "coordinates": [ -64.1804, -31.3114 ] } },
{ "type": "Feature", "properties": { "barrio": "VILLA ALLENDE PARQUE", "poblacion": 5601.0, "infraestructura_score": 0.1932, "categoria_infraestructura": "Media", "cluster_descripcion": "Transición Urbana Mixta", "tooltip_html": "<b>VILLA ALLENDE PARQUE</b><hr>Tipología: <span style='color:#38bdf8'>Transición Urbana Mixta</span><br>Pob: 5601.0<br>Score Infra: <b style='color:#e2e8f0'>Media</b>" }, "geometry": { "type": "Point", "coordinates": [ -64.2822, -31.3139 ] } },
{ "type": "Feature", "properties": { "barrio": "VILLA ARGENTINA", "poblacion": 966.0, "infraestructura_score": 0.1343, "categoria_infraestructura": "Baja", "cluster_descripcion": "Transición Urbana Mixta", "tooltip_html": "<b>VILLA ARGENTINA</b><hr>Tipología: <span style='color:#38bdf8'>Transición Urbana Mixta</span><br>Pob: 966.0<br>Score Infra: <b style='color:#e2e8f0'>Baja</b>" }, "geometry": { "type": "Point", "coordinates": [ -64.1355, -31.4311 ] } },
{ "type": "Feature", "properties": { "barrio": "VILLA ASPACIA", "poblacion": 2319.0, "infraestructura_score": 0.0639, "categoria_infraestructura": "Muy Baja", "cluster_descripcion": "Transición Urbana Mixta", "tooltip_html": "<b>VILLA ASPACIA</b><hr>Tipología: <span style='color:#38bdf8'>Transición Urbana Mixta</span><br>Pob: 2319.0<br>Score Infra: <b style='color:#e2e8f0'>Muy Baja</b>" }, "geometry": { "type": "Point", "coordinates": [ -64.2475, -31.4431 ] } },
{ "type": "Feature", "properties": { "barrio": "VILLA AVALOS", "poblacion": 1364.0, "infraestructura_score": 0.0, "categoria_infraestructura": "Muy Baja", "cluster_descripcion": "Vulnerabilidad y Periferia NBI", "tooltip_html": "<b>VILLA AVALOS</b><hr>Tipología: <span style='color:#38bdf8'>Vulnerabilidad y Periferia NBI</span><br>Pob: 1364.0<br>Score Infra: <b style='color:#e2e8f0'>Muy Baja</b>" }, "geometry": { "type": "Point", "coordinates": [ -64.2432, -31.416 ] } },
{ "type": "Feature", "properties": { "barrio": "VILLA AZALAIS", "poblacion": 7680.0, "infraestructura_score": 0.1348, "categoria_infraestructura": "Baja", "cluster_descripcion": "Transición Urbana Mixta", "tooltip_html": "<b>VILLA AZALAIS</b><hr>Tipología: <span style='color:#38bdf8'>Transición Urbana Mixta</span><br>Pob: 7680.0<br>Score Infra: <b style='color:#e2e8f0'>Baja</b>" }, "geometry": { "type": "Point", "coordinates": [ -64.1519, -31.3734 ] } },
{ "type": "Feature", "properties": { "barrio": "VILLA AZALAIS ANEXO", "poblacion": 500.0, "infraestructura_score": 0.0741, "categoria_infraestructura": "Muy Baja", "cluster_descripcion": "Transición Urbana Mixta", "tooltip_html": "<b>VILLA AZALAIS ANEXO</b><hr>Tipología: <span style='color:#38bdf8'>Transición Urbana Mixta</span><br>Pob: 500.0<br>Score Infra: <b style='color:#e2e8f0'>Muy Baja</b>" }, "geometry": { "type": "Point", "coordinates": [ -64.1617, -31.3652 ] } },
{ "type": "Feature", "properties": { "barrio": "VILLA AZALAIS OESTE", "poblacion": 1121.0, "infraestructura_score": 0.7043, "categoria_infraestructura": "Muy Alta", "cluster_descripcion": "Núcleo Consolidado (Alta Infraestructura)", "tooltip_html": "<b>VILLA AZALAIS OESTE</b><hr>Tipología: <span style='color:#38bdf8'>Núcleo Consolidado (Alta Infraestructura)</span><br>Pob: 1121.0<br>Score Infra: <b style='color:#e2e8f0'>Muy Alta</b>" }, "geometry": { "type": "Point", "coordinates": [ -64.1749, -31.3679 ] } },
{ "type": "Feature", "properties": { "barrio": "VILLA BELGRANO", "poblacion": 5152.0, "infraestructura_score": 0.1922, "categoria_infraestructura": "Media", "cluster_descripcion": "Transición Urbana Mixta", "tooltip_html": "<b>VILLA BELGRANO</b><hr>Tipología: <span style='color:#38bdf8'>Transición Urbana Mixta</span><br>Pob: 5152.0<br>Score Infra: <b style='color:#e2e8f0'>Media</b>" }, "geometry": { "type": "Point", "coordinates": [ -64.2503, -31.3593 ] } },
{ "type": "Feature", "properties": { "barrio": "VILLA BUSTOS", "poblacion": 2219.0, "infraestructura_score": 0.3902, "categoria_infraestructura": "Muy Alta", "cluster_descripcion": "Vulnerabilidad y Periferia NBI", "tooltip_html": "<b>VILLA BUSTOS</b><hr>Tipología: <span style='color:#38bdf8'>Vulnerabilidad y Periferia NBI</span><br>Pob: 2219.0<br>Score Infra: <b style='color:#e2e8f0'>Muy Alta</b>" }, "geometry": { "type": "Point", "coordinates": [ -64.1118, -31.438 ] } },
{ "type": "Feature", "properties": { "barrio": "VILLA CABRERA", "poblacion": 6437.0, "infraestructura_score": 0.1292, "categoria_infraestructura": "Baja", "cluster_descripcion": "Transición Urbana Mixta", "tooltip_html": "<b>VILLA CABRERA</b><hr>Tipología: <span style='color:#38bdf8'>Transición Urbana Mixta</span><br>Pob: 6437.0<br>Score Infra: <b style='color:#e2e8f0'>Baja</b>" }, "geometry": { "type": "Point", "coordinates": [ -64.2108, -31.3874 ] } },
{ "type": "Feature", "properties": { "barrio": "VILLA CENTENARIO", "poblacion": 2331.0, "infraestructura_score": 0.1134, "categoria_infraestructura": "Baja", "cluster_descripcion": "Transición Urbana Mixta", "tooltip_html": "<b>VILLA CENTENARIO</b><hr>Tipología: <span style='color:#38bdf8'>Transición Urbana Mixta</span><br>Pob: 2331.0<br>Score Infra: <b style='color:#e2e8f0'>Baja</b>" }, "geometry": { "type": "Point", "coordinates": [ -64.2309, -31.3655 ] } },
{ "type": "Feature", "properties": { "barrio": "VILLA CLARET", "poblacion": 500.0, "infraestructura_score": 0.5462, "categoria_infraestructura": "Muy Alta", "cluster_descripcion": "Núcleo Consolidado (Alta Infraestructura)", "tooltip_html": "<b>VILLA CLARET</b><hr>Tipología: <span style='color:#38bdf8'>Núcleo Consolidado (Alta Infraestructura)</span><br>Pob: 500.0<br>Score Infra: <b style='color:#e2e8f0'>Muy Alta</b>" }, "geometry": { "type": "Point", "coordinates": [ -64.2385, -31.3468 ] } },
{ "type": "Feature", "properties": { "barrio": "VILLA CLAUDINA", "poblacion": 500.0, "infraestructura_score": 0.6667, "categoria_infraestructura": "Muy Alta", "cluster_descripcion": "Núcleo Consolidado (Alta Infraestructura)", "tooltip_html": "<b>VILLA CLAUDINA</b><hr>Tipología: <span style='color:#38bdf8'>Núcleo Consolidado (Alta Infraestructura)</span><br>Pob: 500.0<br>Score Infra: <b style='color:#e2e8f0'>Muy Alta</b>" }, "geometry": { "type": "Point", "coordinates": [ -64.1226, -31.3887 ] } },
{ "type": "Feature", "properties": { "barrio": "VILLA CORINA", "poblacion": 4622.0, "infraestructura_score": 0.165, "categoria_infraestructura": "Media", "cluster_descripcion": "Transición Urbana Mixta", "tooltip_html": "<b>VILLA CORINA</b><hr>Tipología: <span style='color:#38bdf8'>Transición Urbana Mixta</span><br>Pob: 4622.0<br>Score Infra: <b style='color:#e2e8f0'>Media</b>" }, "geometry": { "type": "Point", "coordinates": [ -64.1447, -31.3753 ] } },
{ "type": "Feature", "properties": { "barrio": "VILLA CORNU", "poblacion": 7274.0, "infraestructura_score": 0.0285, "categoria_infraestructura": "Muy Baja", "cluster_descripcion": "Transición Urbana Mixta", "tooltip_html": "<b>VILLA CORNU</b><hr>Tipología: <span style='color:#38bdf8'>Transición Urbana Mixta</span><br>Pob: 7274.0<br>Score Infra: <b style='color:#e2e8f0'>Muy Baja</b>" }, "geometry": { "type": "Point", "coordinates": [ -64.2642, -31.3152 ] } },
{ "type": "Feature", "properties": { "barrio": "VILLA CORONEL OLMEDO", "poblacion": 3719.0, "infraestructura_score": 0.316, "categoria_infraestructura": "Alta", "cluster_descripcion": "Transición Urbana Mixta", "tooltip_html": "<b>VILLA CORONEL OLMEDO</b><hr>Tipología: <span style='color:#38bdf8'>Transición Urbana Mixta</span><br>Pob: 3719.0<br>Score Infra: <b style='color:#e2e8f0'>Alta</b>" }, "geometry": { "type": "Point", "coordinates": [ -64.1416, -31.4808 ] } },
{ "type": "Feature", "properties": { "barrio": "VILLA EL LIBERTADOR", "poblacion": 58648.0, "infraestructura_score": 0.055, "categoria_infraestructura": "Muy Baja", "cluster_descripcion": "Vulnerabilidad y Periferia NBI", "tooltip_html": "<b>VILLA EL LIBERTADOR</b><hr>Tipología: <span style='color:#38bdf8'>Vulnerabilidad y Periferia NBI</span><br>Pob: 58648.0<br>Score Infra: <b style='color:#e2e8f0'>Muy Baja</b>" }, "geometry": { "type": "Point", "coordinates": [ -64.2241, -31.4832 ] } },
{ "type": "Feature", "properties": { "barrio": "VILLA ESQUIU", "poblacion": 834.0, "infraestructura_score": 0.7107, "categoria_infraestructura": "Muy Alta", "cluster_descripcion": "Núcleo Consolidado (Alta Infraestructura)", "tooltip_html": "<b>VILLA ESQUIU</b><hr>Tipología: <span style='color:#38bdf8'>Núcleo Consolidado (Alta Infraestructura)</span><br>Pob: 834.0<br>Score Infra: <b style='color:#e2e8f0'>Muy Alta</b>" }, "geometry": { "type": "Point", "coordinates": [ -64.1064, -31.3582 ] } },
{ "type": "Feature", "properties": { "barrio": "VILLA EUCARISTICA", "poblacion": 1404.0, "infraestructura_score": 0.1485, "categoria_infraestructura": "Media", "cluster_descripcion": "Transición Urbana Mixta", "tooltip_html": "<b>VILLA EUCARISTICA</b><hr>Tipología: <span style='color:#38bdf8'>Transición Urbana Mixta</span><br>Pob: 1404.0<br>Score Infra: <b style='color:#e2e8f0'>Media</b>" }, "geometry": { "type": "Point", "coordinates": [ -64.1788, -31.4821 ] } },
{ "type": "Feature", "properties": { "barrio": "VILLA GENERAL URQUIZA", "poblacion": 6010.0, "infraestructura_score": 0.1618, "categoria_infraestructura": "Media", "cluster_descripcion": "Vulnerabilidad y Periferia NBI", "tooltip_html": "<b>VILLA GENERAL URQUIZA</b><hr>Tipología: <span style='color:#38bdf8'>Vulnerabilidad y Periferia NBI</span><br>Pob: 6010.0<br>Score Infra: <b style='color:#e2e8f0'>Media</b>" }, "geometry": { "type": "Point", "coordinates": [ -64.2418, -31.391 ] } },
{ "type": "Feature", "properties": { "barrio": "VILLA GRAN PARQUE", "poblacion": 581.0, "infraestructura_score": 0.0, "categoria_infraestructura": "Muy Baja", "cluster_descripcion": "Transición Urbana Mixta", "tooltip_html": "<b>VILLA GRAN PARQUE</b><hr>Tipología: <span style='color:#38bdf8'>Transición Urbana Mixta</span><br>Pob: 581.0<br>Score Infra: <b style='color:#e2e8f0'>Muy Baja</b>" }, "geometry": { "type": "Point", "coordinates": [ -64.1616, -31.3271 ] } },
{ "type": "Feature", "properties": { "barrio": "VILLA LA MERCED", "poblacion": 1325.0, "infraestructura_score": 0.4629, "categoria_infraestructura": "Muy Alta", "cluster_descripcion": "Vulnerabilidad y Periferia NBI", "tooltip_html": "<b>VILLA LA MERCED</b><hr>Tipología: <span style='color:#38bdf8'>Vulnerabilidad y Periferia NBI</span><br>Pob: 1325.0<br>Score Infra: <b style='color:#e2e8f0'>Muy Alta</b>" }, "geometry": { "type": "Point", "coordinates": [ -64.0642, -31.4083 ] } },
{ "type": "Feature", "properties": { "barrio": "VILLA MAFEKIN", "poblacion": 1923.0, "infraestructura_score": 0.2431, "categoria_infraestructura": "Alta", "cluster_descripcion": "Transición Urbana Mixta", "tooltip_html": "<b>VILLA MAFEKIN</b><hr>Tipología: <span style='color:#38bdf8'>Transición Urbana Mixta</span><br>Pob: 1923.0<br>Score Infra: <b style='color:#e2e8f0'>Alta</b>" }, "geometry": { "type": "Point", "coordinates": [ -64.2569, -31.4022 ] } },
{ "type": "Feature", "properties": { "barrio": "VILLA MARTA", "poblacion": 981.0, "infraestructura_score": 0.1509, "categoria_infraestructura": "Media", "cluster_descripcion": "Transición Urbana Mixta", "tooltip_html": "<b>VILLA MARTA</b><hr>Tipología: <span style='color:#38bdf8'>Transición Urbana Mixta</span><br>Pob: 981.0<br>Score Infra: <b style='color:#e2e8f0'>Media</b>" }, "geometry": { "type": "Point", "coordinates": [ -64.2282, -31.3608 ] } },
{ "type": "Feature", "properties": { "barrio": "VILLA MARTINEZ", "poblacion": 3496.0, "infraestructura_score": 0.1073, "categoria_infraestructura": "Baja", "cluster_descripcion": "Vulnerabilidad y Periferia NBI", "tooltip_html": "<b>VILLA MARTINEZ</b><hr>Tipología: <span style='color:#38bdf8'>Vulnerabilidad y Periferia NBI</span><br>Pob: 3496.0<br>Score Infra: <b style='color:#e2e8f0'>Baja</b>" }, "geometry": { "type": "Point", "coordinates": [ -64.2507, -31.4161 ] } },
{ "type": "Feature", "properties": { "barrio": "VILLA PAEZ", "poblacion": 4861.0, "infraestructura_score": 0.2144, "categoria_infraestructura": "Media", "cluster_descripcion": "Transición Urbana Mixta", "tooltip_html": "<b>VILLA PAEZ</b><hr>Tipología: <span style='color:#38bdf8'>Transición Urbana Mixta</span><br>Pob: 4861.0<br>Score Infra: <b style='color:#e2e8f0'>Media</b>" }, "geometry": { "type": "Point", "coordinates": [ -64.206, -31.3959 ] } },
{ "type": "Feature", "properties": { "barrio": "VILLA QUISQUIZACATE", "poblacion": 1477.0, "infraestructura_score": 0.1224, "categoria_infraestructura": "Baja", "cluster_descripcion": "Transición Urbana Mixta", "tooltip_html": "<b>VILLA QUISQUIZACATE</b><hr>Tipología: <span style='color:#38bdf8'>Transición Urbana Mixta</span><br>Pob: 1477.0<br>Score Infra: <b style='color:#e2e8f0'>Baja</b>" }, "geometry": { "type": "Point", "coordinates": [ -64.2818, -31.3332 ] } },
{ "type": "Feature", "properties": { "barrio": "VILLA RETIRO", "poblacion": 910.0, "infraestructura_score": 0.3944, "categoria_infraestructura": "Muy Alta", "cluster_descripcion": "Núcleo Consolidado (Alta Infraestructura)", "tooltip_html": "<b>VILLA RETIRO</b><hr>Tipología: <span style='color:#38bdf8'>Núcleo Consolidado (Alta Infraestructura)</span><br>Pob: 910.0<br>Score Infra: <b style='color:#e2e8f0'>Muy Alta</b>" }, "geometry": { "type": "Point", "coordinates": [ -64.1459, -31.3363 ] } },
{ "type": "Feature", "properties": { "barrio": "VILLA REVOL", "poblacion": 4327.0, "infraestructura_score": 0.0747, "categoria_infraestructura": "Muy Baja", "cluster_descripcion": "Transición Urbana Mixta", "tooltip_html": "<b>VILLA REVOL</b><hr>Tipología: <span style='color:#38bdf8'>Transición Urbana Mixta</span><br>Pob: 4327.0<br>Score Infra: <b style='color:#e2e8f0'>Muy Baja</b>" }, "geometry": { "type": "Point", "coordinates": [ -64.1727, -31.4436 ] } },
{ "type": "Feature", "properties": { "barrio": "VILLA REVOL ANEXO", "poblacion": 876.0, "infraestructura_score": 0.3171, "categoria_infraestructura": "Alta", "cluster_descripcion": "Vulnerabilidad y Periferia NBI", "tooltip_html": "<b>VILLA REVOL ANEXO</b><hr>Tipología: <span style='color:#38bdf8'>Vulnerabilidad y Periferia NBI</span><br>Pob: 876.0<br>Score Infra: <b style='color:#e2e8f0'>Alta</b>" }, "geometry": { "type": "Point", "coordinates": [ -64.17, -31.4371 ] } },
{ "type": "Feature", "properties": { "barrio": "VILLA RIVADAVIA", "poblacion": 876.0, "infraestructura_score": 1.0, "categoria_infraestructura": "Muy Alta", "cluster_descripcion": "Núcleo Consolidado (Alta Infraestructura)", "tooltip_html": "<b>VILLA RIVADAVIA</b><hr>Tipología: <span style='color:#38bdf8'>Núcleo Consolidado (Alta Infraestructura)</span><br>Pob: 876.0<br>Score Infra: <b style='color:#e2e8f0'>Muy Alta</b>" }, "geometry": { "type": "Point", "coordinates": [ -64.1946, -31.5131 ] } },
{ "type": "Feature", "properties": { "barrio": "VILLA RIVERA INDARTE", "poblacion": 4473.0, "infraestructura_score": 0.3595, "categoria_infraestructura": "Muy Alta", "cluster_descripcion": "Transición Urbana Mixta", "tooltip_html": "<b>VILLA RIVERA INDARTE</b><hr>Tipología: <span style='color:#38bdf8'>Transición Urbana Mixta</span><br>Pob: 4473.0<br>Score Infra: <b style='color:#e2e8f0'>Muy Alta</b>" }, "geometry": { "type": "Point", "coordinates": [ -64.2939, -31.3254 ] } },
{ "type": "Feature", "properties": { "barrio": "VILLA SAN CARLOS", "poblacion": 507.0, "infraestructura_score": 0.6256, "categoria_infraestructura": "Muy Alta", "cluster_descripcion": "Núcleo Consolidado (Alta Infraestructura)", "tooltip_html": "<b>VILLA SAN CARLOS</b><hr>Tipología: <span style='color:#38bdf8'>Núcleo Consolidado (Alta Infraestructura)</span><br>Pob: 507.0<br>Score Infra: <b style='color:#e2e8f0'>Muy Alta</b>" }, "geometry": { "type": "Point", "coordinates": [ -64.17, -31.4621 ] } },
{ "type": "Feature", "properties": { "barrio": "VILLA SAN ISIDRO", "poblacion": 844.0, "infraestructura_score": 0.1974, "categoria_infraestructura": "Media", "cluster_descripcion": "Transición Urbana Mixta", "tooltip_html": "<b>VILLA SAN ISIDRO</b><hr>Tipología: <span style='color:#38bdf8'>Transición Urbana Mixta</span><br>Pob: 844.0<br>Score Infra: <b style='color:#e2e8f0'>Media</b>" }, "geometry": { "type": "Point", "coordinates": [ -64.1881, -31.4576 ] } },
{ "type": "Feature", "properties": { "barrio": "VILLA SERRANA", "poblacion": 1089.0, "infraestructura_score": 0.2297, "categoria_infraestructura": "Alta", "cluster_descripcion": "Vulnerabilidad y Periferia NBI", "tooltip_html": "<b>VILLA SERRANA</b><hr>Tipología: <span style='color:#38bdf8'>Vulnerabilidad y Periferia NBI</span><br>Pob: 1089.0<br>Score Infra: <b style='color:#e2e8f0'>Alta</b>" }, "geometry": { "type": "Point", "coordinates": [ -64.2789, -31.3302 ] } },
{ "type": "Feature", "properties": { "barrio": "VILLA SIBURU", "poblacion": 1333.0, "infraestructura_score": 0.5415, "categoria_infraestructura": "Muy Alta", "cluster_descripcion": "Núcleo Consolidado (Alta Infraestructura)", "tooltip_html": "<b>VILLA SIBURU</b><hr>Tipología: <span style='color:#38bdf8'>Núcleo Consolidado (Alta Infraestructura)</span><br>Pob: 1333.0<br>Score Infra: <b style='color:#e2e8f0'>Muy Alta</b>" }, "geometry": { "type": "Point", "coordinates": [ -64.2305, -31.3957 ] } },
{ "type": "Feature", "properties": { "barrio": "VILLA SILVANO FUNES", "poblacion": 925.0, "infraestructura_score": 0.4404, "categoria_infraestructura": "Muy Alta", "cluster_descripcion": "Núcleo Consolidado (Alta Infraestructura)", "tooltip_html": "<b>VILLA SILVANO FUNES</b><hr>Tipología: <span style='color:#38bdf8'>Núcleo Consolidado (Alta Infraestructura)</span><br>Pob: 925.0<br>Score Infra: <b style='color:#e2e8f0'>Muy Alta</b>" }, "geometry": { "type": "Point", "coordinates": [ -64.2512, -31.3404 ] } },
{ "type": "Feature", "properties": { "barrio": "VILLA SOLFERINO", "poblacion": 664.0, "infraestructura_score": 0.1952, "categoria_infraestructura": "Media", "cluster_descripcion": "Transición Urbana Mixta", "tooltip_html": "<b>VILLA SOLFERINO</b><hr>Tipología: <span style='color:#38bdf8'>Transición Urbana Mixta</span><br>Pob: 664.0<br>Score Infra: <b style='color:#e2e8f0'>Media</b>" }, "geometry": { "type": "Point", "coordinates": [ -64.2755, -31.3418 ] } },
{ "type": "Feature", "properties": { "barrio": "VILLA UNION", "poblacion": 4842.0, "infraestructura_score": 0.1878, "categoria_infraestructura": "Media", "cluster_descripcion": "Vulnerabilidad y Periferia NBI", "tooltip_html": "<b>VILLA UNION</b><hr>Tipología: <span style='color:#38bdf8'>Vulnerabilidad y Periferia NBI</span><br>Pob: 4842.0<br>Score Infra: <b style='color:#e2e8f0'>Media</b>" }, "geometry": { "type": "Point", "coordinates": [ -64.2652, -31.425 ] } },
{ "type": "Feature", "properties": { "barrio": "VILLA WARCALDE", "poblacion": 624.0, "infraestructura_score": 0.4817, "categoria_infraestructura": "Muy Alta", "cluster_descripcion": "Núcleo Consolidado (Alta Infraestructura)", "tooltip_html": "<b>VILLA WARCALDE</b><hr>Tipología: <span style='color:#38bdf8'>Núcleo Consolidado (Alta Infraestructura)</span><br>Pob: 624.0<br>Score Infra: <b style='color:#e2e8f0'>Muy Alta</b>" }, "geometry": { "type": "Point", "coordinates": [ -64.295, -31.3437 ] } },
{ "type": "Feature", "properties": { "barrio": "VIVERO NORTE", "poblacion": 1571.0, "infraestructura_score": 0.395, "categoria_infraestructura": "Muy Alta", "cluster_descripcion": "Núcleo Consolidado (Alta Infraestructura)", "tooltip_html": "<b>VIVERO NORTE</b><hr>Tipología: <span style='color:#38bdf8'>Núcleo Consolidado (Alta Infraestructura)</span><br>Pob: 1571.0<br>Score Infra: <b style='color:#e2e8f0'>Muy Alta</b>" }, "geometry": { "type": "Point", "coordinates": [ -64.1447, -31.3823 ] } },
{ "type": "Feature", "properties": { "barrio": "YAPEYU", "poblacion": 25119.0, "infraestructura_score": 0.04, "categoria_infraestructura": "Muy Baja", "cluster_descripcion": "Anillos Densos Poblacionales", "tooltip_html": "<b>YAPEYU</b><hr>Tipología: <span style='color:#38bdf8'>Anillos Densos Poblacionales</span><br>Pob: 25119.0<br>Score Infra: <b style='color:#e2e8f0'>Muy Baja</b>" }, "geometry": { "type": "Point", "coordinates": [ -64.1462, -31.4104 ] } },
{ "type": "Feature", "properties": { "barrio": "YOFRE H", "poblacion": 3578.0, "infraestructura_score": 0.0389, "categoria_infraestructura": "Muy Baja", "cluster_descripcion": "Transición Urbana Mixta", "tooltip_html": "<b>YOFRE H</b><hr>Tipología: <span style='color:#38bdf8'>Transición Urbana Mixta</span><br>Pob: 3578.0<br>Score Infra: <b style='color:#e2e8f0'>Muy Baja</b>" }, "geometry": { "type": "Point", "coordinates": [ -64.1256, -31.3823 ] } },
{ "type": "Feature", "properties": { "barrio": "YOFRE I", "poblacion": 5262.0, "infraestructura_score": 0.1162, "categoria_infraestructura": "Baja", "cluster_descripcion": "Anillos Densos Poblacionales", "tooltip_html": "<b>YOFRE I</b><hr>Tipología: <span style='color:#38bdf8'>Anillos Densos Poblacionales</span><br>Pob: 5262.0<br>Score Infra: <b style='color:#e2e8f0'>Baja</b>" }, "geometry": { "type": "Point", "coordinates": [ -64.1277, -31.39 ] } },
{ "type": "Feature", "properties": { "barrio": "YOFRE NORTE", "poblacion": 6935.0, "infraestructura_score": 0.1384, "categoria_infraestructura": "Baja", "cluster_descripcion": "Transición Urbana Mixta", "tooltip_html": "<b>YOFRE NORTE</b><hr>Tipología: <span style='color:#38bdf8'>Transición Urbana Mixta</span><br>Pob: 6935.0<br>Score Infra: <b style='color:#e2e8f0'>Baja</b>" }, "geometry": { "type": "Point", "coordinates": [ -64.1341, -31.384 ] } },
{ "type": "Feature", "properties": { "barrio": "YOFRE SUD", "poblacion": 5126.0, "infraestructura_score": 0.0843, "categoria_infraestructura": "Baja", "cluster_descripcion": "Transición Urbana Mixta", "tooltip_html": "<b>YOFRE SUD</b><hr>Tipología: <span style='color:#38bdf8'>Transición Urbana Mixta</span><br>Pob: 5126.0<br>Score Infra: <b style='color:#e2e8f0'>Baja</b>" }, "geometry": { "type": "Point", "coordinates": [ -64.1355, -31.3923 ] } },
{ "type": "Feature", "properties": { "barrio": "ZEPA", "poblacion": 1061.0, "infraestructura_score": 0.6822, "categoria_infraestructura": "Muy Alta", "cluster_descripcion": "Núcleo Consolidado (Alta Infraestructura)", "tooltip_html": "<b>ZEPA</b><hr>Tipología: <span style='color:#38bdf8'>Núcleo Consolidado (Alta Infraestructura)</span><br>Pob: 1061.0<br>Score Infra: <b style='color:#e2e8f0'>Muy Alta</b>" }, "geometry": { "type": "Point", "coordinates": [ -64.1064, -31.3894 ] } }
]
}
