barrio,poblacion,hogares,nbi,pct_nbi,escuelas_total,escuelas_estatales,escuelas_privadas,dispensarios_municipales,paradas_colectivo,lineas_colectivo,luminarias_reportes,comisarias,centros_vecinales,poblacion_log,pct_escuelas_privadas,escuelas_por_1000_hab,dispensarios_por_10000_hab,comisarias_por_10000_hab,paradas_por_1000_hab,centros_vecinales_por_10000_hab,tiene_escuela,tiene_dispensario,tiene_comisaria,tiene_transporte,infraestructura_score,centroide_lat,centroide_lon,area_barrio_km2,densidad_poblacional,densidad_hogares,infraestructura_por_km2,educacion_ratio_publico_privado,servicios_basicos_score,tamano_promedio_hogar,cluster_barrio,cluster_descripcion,categoria_infraestructura,tooltip_html
1 DE MAYO,19996.0,5576.0,342.0,6.13,7,5,2,0,16,3,38,0,2,9.903,0.286,0.35,0.0,0.0,0.8,1.0,1,0,0,1,0.0391,-31.4359592193562,-64.1176949424045,1.13,17695.58,4934.51,0.035,2.0,0.67,3.59,1,Cluster 2: Vulnerabilidad Alta / Infraestructura Escasa,Muy Baja,<b>1 DE MAYO</b><hr>Pob: 19996.0<br>Cluster: Cluster 2: Vulnerabilidad Alta / Infraestructura Escasa<br>Infr: Muy Baja
2 DE SEPTIEMBRE,2624.0,588.0,126.0,21.43,1,1,0,1,11,3,0,0,1,7.873,0.0,0.38,3.81,0.0,4.19,3.81,1,1,0,1,0.2311,-31.3336313559965,-64.2419277567805,0.24,10933.33,2450.0,0.963,2.0,1.0,4.46,1,Cluster 2: Vulnerabilidad Alta / Infraestructura Escasa,Alta,<b>2 DE SEPTIEMBRE</b><hr>Pob: 2624.0<br>Cluster: Cluster 2: Vulnerabilidad Alta / Infraestructura Escasa<br>Infr: Alta
20 DE JUNIO,661.0,200.0,28.0,14.0,0,0,0,1,16,5,5,0,0,6.495,0.0,0.0,6.656999999999986,0.0,24.0,0.0,0,1,0,1,0.6667,-31.38667683145,-64.1637940986309,0.04,16525.0,5000.0,16.667,1.0,0.67,3.3,0,Cluster 1: Urbano Consolidado (Alta Infraestructura),Muy Alta,<b>20 DE JUNIO</b><hr>Pob: 661.0<br>Cluster: Cluster 1: Urbano Consolidado (Alta Infraestructura)<br>Infr: Muy Alta
23 DE ABRIL,1879.0,424.0,69.0,16.27,0,0,0,0,3,1,30,0,1,7.539,0.0,0.0,0.0,0.0,1.6,5.32,0,0,0,1,0.0296,-31.4576861165788,-64.1279620826956,0.18,10438.89,2355.56,0.164,1.0,0.33,4.43,1,Cluster 2: Vulnerabilidad Alta / Infraestructura Escasa,Muy Baja,<b>23 DE ABRIL</b><hr>Pob: 1879.0<br>Cluster: Cluster 2: Vulnerabilidad Alta / Infraestructura Escasa<br>Infr: Muy Baja
25 DE MAYO,500.0,200.0,31.0,15.5,5,5,0,0,12,1,4,0,4,6.217,0.0,4.8035,0.0,0.0,24.0,80.0,1,0,0,1,0.7778,-31.4900986725101,-64.0823231112529,0.18,2777.78,1111.11,4.321,6.0,0.67,2.5,0,Cluster 1: Urbano Consolidado (Alta Infraestructura),Muy Alta,<b>25 DE MAYO</b><hr>Pob: 500.0<br>Cluster: Cluster 1: Urbano Consolidado (Alta Infraestructura)<br>Infr: Muy Alta
4 DE FEBRERO,854.0,207.0,16.0,7.73,0,0,0,0,2,2,11,0,1,6.751,0.0,0.0,0.0,0.0,2.34,11.71,0,0,0,1,0.0433,-31.4561267034649,-64.1456965562471,0.25,3416.0,828.0,0.173,1.0,0.33,4.13,1,Cluster 2: Vulnerabilidad Alta / Infraestructura Escasa,Muy Baja,<b>4 DE FEBRERO</b><hr>Pob: 854.0<br>Cluster: Cluster 2: Vulnerabilidad Alta / Infraestructura Escasa<br>Infr: Muy Baja
ACHAVAL PENA,754.0,218.0,10.0,4.59,0,0,0,0,6,1,78,0,0,6.627,0.0,0.0,0.0,0.0,7.96,0.0,0,0,0,1,0.1474,-31.436225387803,-64.2040585961533,8.08,93.32,26.98,0.018,1.0,0.33,3.46,1,Cluster 2: Vulnerabilidad Alta / Infraestructura Escasa,Baja,<b>ACHAVAL PENA</b><hr>Pob: 754.0<br>Cluster: Cluster 2: Vulnerabilidad Alta / Infraestructura Escasa<br>Infr: Baja
ACOSTA,5512.0,1519.0,137.0,9.02,7,7,0,0,18,3,15,0,1,8.615,0.0,1.27,0.0,0.0,3.27,1.81,1,0,0,1,0.1487,-31.4236045698365,-64.1235108429697,0.62,8890.32,2450.0,0.24,8.0,0.67,3.63,1,Cluster 2: Vulnerabilidad Alta / Infraestructura Escasa,Media,<b>ACOSTA</b><hr>Pob: 5512.0<br>Cluster: Cluster 2: Vulnerabilidad Alta / Infraestructura Escasa<br>Infr: Media
AERONAUTICO- VILLA ZEPELLIN,928.0,256.0,7.0,2.73,4,4,0,0,10,1,0,0,0,6.834,0.0,4.31,0.0,0.0,10.78,0.0,1,0,0,1,0.4987,-31.4304095651434,-64.270881350096,0.0,0.0,0.0,0.0,5.0,0.67,3.62,0,Cluster 1: Urbano Consolidado (Alta Infraestructura),Muy Alta,<b>AERONAUTICO- VILLA ZEPELLIN</b><hr>Pob: 928.0<br>Cluster: Cluster 1: Urbano Consolidado (Alta Infraestructura)<br>Infr: Muy Alta
AEROPUERTO,500.0,200.0,5.0,2.5,1,1,0,0,8,2,0,0,0,6.217,0.0,2.0,0.0,0.0,16.0,0.0,1,0,0,1,0.4351,-31.3249626672809,-64.1957356859382,3.11,160.77,64.31,0.14,2.0,0.67,2.5,0,Cluster 1: Urbano Consolidado (Alta Infraestructura),Muy Alta,<b>AEROPUERTO</b><hr>Pob: 500.0<br>Cluster: Cluster 1: Urbano Consolidado (Alta Infraestructura)<br>Infr: Muy Alta
AIRES DEL SUR,500.0,200.0,0.0,0.0,0,0,0,0,2,2,0,0,0,6.217,0.0,0.0,0.0,0.0,4.0,0.0,0,0,0,1,0.0741,-31.4642440553401,-64.1844348530897,0.06,8333.33,3333.33,1.235,1.0,0.33,2.5,1,Cluster 2: Vulnerabilidad Alta / Infraestructura Escasa,Muy Baja,<b>AIRES DEL SUR</b><hr>Pob: 500.0<br>Cluster: Cluster 2: Vulnerabilidad Alta / Infraestructura Escasa<br>Infr: Muy Baja
ALBERDI,32729.0,15505.0,858.0,5.53,38,14,24,0,47,27,354,2,2,10.396,0.632,1.16,0.0,0.61,1.44,0.61,1,0,1,1,0.1507,-31.408369589323,-64.2021742180649,2.5,13091.6,6202.0,0.06,0.6,0.67,2.11,1,Cluster 2: Vulnerabilidad Alta / Infraestructura Escasa,Media,<b>ALBERDI</b><hr>Pob: 32729.0<br>Cluster: Cluster 2: Vulnerabilidad Alta / Infraestructura Escasa<br>Infr: Media
ALBORADA NORTE,500.0,200.0,2.0,1.0,0,0,0,0,17,5,0,0,0,6.217,0.0,0.0,0.0,0.0,24.0,0.0,0,0,0,1,0.4444,-31.3416624086498,-64.2683019408073,0.06,8333.33,3333.33,7.407,1.0,0.33,2.5,0,Cluster 1: Urbano Consolidado (Alta Infraestructura),Muy Alta,<b>ALBORADA NORTE</b><hr>Pob: 500.0<br>Cluster: Cluster 1: Urbano Consolidado (Alta Infraestructura)<br>Infr: Muy Alta
ALBORADA SUR,500.0,200.0,1.0,0.5,0,0,0,0,7,3,23,0,0,6.217,0.0,0.0,0.0,0.0,14.0,0.0,0,0,0,1,0.2593,-31.3620500617943,-64.2251144260463,0.06,8333.33,3333.33,4.322,1.0,0.33,2.5,0,Cluster 1: Urbano Consolidado (Alta Infraestructura),Alta,<b>ALBORADA SUR</b><hr>Pob: 500.0<br>Cluster: Cluster 1: Urbano Consolidado (Alta Infraestructura)<br>Infr: Alta
ALEJANDRO CENTENO,1231.0,432.0,2.0,0.46,2,2,0,0,10,3,21,0,1,7.116,0.0,1.62,0.0,0.0,8.12,8.12,1,0,0,1,0.2628,-31.3582805289735,-64.231473963748,0.25,4924.0,1728.0,1.051,3.0,0.67,2.85,1,Cluster 2: Vulnerabilidad Alta / Infraestructura Escasa,Alta,<b>ALEJANDRO CENTENO</b><hr>Pob: 1231.0<br>Cluster: Cluster 2: Vulnerabilidad Alta / Infraestructura Escasa<br>Infr: Alta
ALMIRANTE BROWN,1019.0,246.0,13.0,5.28,2,2,0,0,6,4,16,0,2,6.928,0.0,1.96,0.0,0.0,5.89,19.63,1,0,0,1,0.2451,-31.4616440154167,-64.0911138850279,0.13,7838.46,1892.31,1.885,3.0,0.67,4.14,1,Cluster 2: Vulnerabilidad Alta / Infraestructura Escasa,Alta,<b>ALMIRANTE BROWN</b><hr>Pob: 1019.0<br>Cluster: Cluster 2: Vulnerabilidad Alta / Infraestructura Escasa<br>Infr: Alta
ALTA CORDOBA,34575.0,12560.0,372.0,2.96,33,13,20,0,31,9,544,1,0,10.451,0.606,0.95,0.0,0.29,0.9,0.0,1,0,1,1,0.1033,-31.3903799365102,-64.1842494728698,4.78,7233.26,2627.62,0.022,0.67,0.67,2.75,1,Cluster 2: Vulnerabilidad Alta / Infraestructura Escasa,Baja,<b>ALTA CORDOBA</b><hr>Pob: 34575.0<br>Cluster: Cluster 2: Vulnerabilidad Alta / Infraestructura Escasa<br>Infr: Baja
ALTAMIRA,6103.0,1895.0,36.0,1.9,2,1,1,1,17,4,91,0,0,8.717,0.5,0.33,1.64,0.0,2.79,0.0,1,1,0,1,0.1293,-31.4251579009481,-64.1312574377859,0.72,8476.39,2631.94,0.18,1.0,1.0,3.22,1,Cluster 2: Vulnerabilidad Alta / Infraestructura Escasa,Baja,<b>ALTAMIRA</b><hr>Pob: 6103.0<br>Cluster: Cluster 2: Vulnerabilidad Alta / Infraestructura Escasa<br>Infr: Baja
ALTO ALBERDI,30472.0,10101.0,389.0,3.85,40,15,25,1,48,14,369,2,2,10.325,0.625,1.31,0.33,0.66,1.58,0.66,1,1,1,1,0.1782,-31.4077929131874,-64.219940676278,3.88,7853.61,2603.35,0.046,0.62,1.0,3.02,1,Cluster 2: Vulnerabilidad Alta / Infraestructura Escasa,Media,<b>ALTO ALBERDI</b><hr>Pob: 30472.0<br>Cluster: Cluster 2: Vulnerabilidad Alta / Infraestructura Escasa<br>Infr: Media
ALTO DE DON BOSCO,675.0,212.0,0.0,0.0,0,0,0,0,0,0,0,0,0,6.516,0.0,0.0,0.0,0.0,0.0,0.0,0,0,0,0,0.0,-31.3869535266229,-64.2657645536358,0.83,813.25,255.42,0.0,1.0,0.0,3.18,1,Cluster 2: Vulnerabilidad Alta / Infraestructura Escasa,Muy Baja,<b>ALTO DE DON BOSCO</b><hr>Pob: 675.0<br>Cluster: Cluster 2: Vulnerabilidad Alta / Infraestructura Escasa<br>Infr: Muy Baja
ALTO DE SANTA ANA,1508.0,424.0,20.0,4.72,0,0,0,0,6,2,63,0,0,7.319,0.0,0.0,0.0,0.0,3.98,0.0,0,0,0,1,0.0737,-31.4064423364043,-64.2489468672371,0.63,2393.65,673.02,0.117,1.0,0.33,3.56,1,Cluster 2: Vulnerabilidad Alta / Infraestructura Escasa,Muy Baja,<b>ALTO DE SANTA ANA</b><hr>Pob: 1508.0<br>Cluster: Cluster 2: Vulnerabilidad Alta / Infraestructura Escasa<br>Infr: Muy Baja
ALTO HERMOSO,500.0,200.0,0.0,0.0,0,0,0,0,8,3,0,0,0,6.217,0.0,0.0,0.0,0.0,16.0,0.0,0,0,0,1,0.2963,-31.3302939640896,-64.3052937554776,0.52,961.54,384.62,0.57,1.0,0.33,2.5,0,Cluster 1: Urbano Consolidado (Alta Infraestructura),Alta,<b>ALTO HERMOSO</b><hr>Pob: 500.0<br>Cluster: Cluster 1: Urbano Consolidado (Alta Infraestructura)<br>Infr: Alta
ALTO PALERMO,923.0,311.0,0.0,0.0,1,1,0,0,25,13,158,0,0,6.829,0.0,1.08,0.0,0.0,24.0,0.0,1,0,0,1,0.5194,-31.3756925958522,-64.2247362943992,0.26,3550.0,1196.15,1.998,2.0,0.67,2.97,0,Cluster 1: Urbano Consolidado (Alta Infraestructura),Muy Alta,<b>ALTO PALERMO</b><hr>Pob: 923.0<br>Cluster: Cluster 1: Urbano Consolidado (Alta Infraestructura)<br>Infr: Muy Alta
ALTO VERDE,3956.0,1287.0,3.0,0.23,6,2,4,0,7,2,592,0,0,8.283,0.667,1.52,0.0,0.0,1.77,0.0,1,0,0,1,0.1383,-31.3735358226288,-64.2141325964614,0.9,4395.56,1430.0,0.154,0.6,0.67,3.07,1,Cluster 2: Vulnerabilidad Alta / Infraestructura Escasa,Baja,<b>ALTO VERDE</b><hr>Pob: 3956.0<br>Cluster: Cluster 2: Vulnerabilidad Alta / Infraestructura Escasa<br>Infr: Baja
ALTOS DE VELEZ SARSFIELD,1678.0,544.0,7.0,1.29,1,1,0,0,10,4,170,0,1,7.426,0.0,0.6,0.0,0.0,5.96,5.96,1,0,0,1,0.152,-31.4483323168207,-64.2140975038702,0.21,7990.48,2590.48,0.724,2.0,0.67,3.08,1,Cluster 2: Vulnerabilidad Alta / Infraestructura Escasa,Media,<b>ALTOS DE VELEZ SARSFIELD</b><hr>Pob: 1678.0<br>Cluster: Cluster 2: Vulnerabilidad Alta / Infraestructura Escasa<br>Infr: Media
ALTOS DE VILLA CABRERA,1164.0,400.0,5.0,1.25,1,1,0,0,18,13,173,0,0,7.06,0.0,0.86,0.0,0.0,15.46,0.0,1,0,0,1,0.346,-31.3812472018439,-64.2196230940151,0.23,5060.87,1739.13,1.504,2.0,0.67,2.91,0,Cluster 1: Urbano Consolidado (Alta Infraestructura),Alta,<b>ALTOS DE VILLA CABRERA</b><hr>Pob: 1164.0<br>Cluster: Cluster 1: Urbano Consolidado (Alta Infraestructura)<br>Infr: Alta
ALTOS SAN MARTIN,1279.0,440.0,3.0,0.68,0,0,0,0,7,2,177,0,0,7.155,0.0,0.0,0.0,0.0,5.47,0.0,0,0,0,1,0.1013,-31.3772325958898,-64.2143578517347,0.22,5813.64,2000.0,0.46,1.0,0.33,2.91,1,Cluster 2: Vulnerabilidad Alta / Infraestructura Escasa,Baja,<b>ALTOS SAN MARTIN</b><hr>Pob: 1279.0<br>Cluster: Cluster 2: Vulnerabilidad Alta / Infraestructura Escasa<br>Infr: Baja
ALTOS SUD DE SAN VICENTE,1023.0,275.0,21.0,7.64,0,0,0,0,4,2,7,0,0,6.931,0.0,0.0,0.0,0.0,3.91,0.0,0,0,0,1,0.0724,-31.4371311914398,-64.1408888444944,0.08,12787.5,3437.5,0.905,1.0,0.33,3.72,1,Cluster 2: Vulnerabilidad Alta / Infraestructura Escasa,Muy Baja,<b>ALTOS SUD DE SAN VICENTE</b><hr>Pob: 1023.0<br>Cluster: Cluster 2: Vulnerabilidad Alta / Infraestructura Escasa<br>Infr: Muy Baja
AMEGHINO NORTE,3781.0,1008.0,124.0,12.3,1,1,0,1,17,7,79,0,1,8.238,0.0,0.26,2.64,0.0,4.5,2.64,1,1,0,1,0.1895,-31.4291728661583,-64.2372008417107,0.52,7271.15,1938.46,0.364,2.0,1.0,3.75,1,Cluster 2: Vulnerabilidad Alta / Infraestructura Escasa,Media,<b>AMEGHINO NORTE</b><hr>Pob: 3781.0<br>Cluster: Cluster 2: Vulnerabilidad Alta / Infraestructura Escasa<br>Infr: Media
AMEGHINO SUD,3449.0,1093.0,18.0,1.65,4,4,0,0,22,8,343,0,1,8.146,0.0,1.16,0.0,0.0,6.38,2.9,1,0,0,1,0.1986,-31.4344344120781,-64.2375798932284,0.53,6507.55,2062.26,0.375,5.0,0.67,3.16,1,Cluster 2: Vulnerabilidad Alta / Infraestructura Escasa,Media,<b>AMEGHINO SUD</b><hr>Pob: 3449.0<br>Cluster: Cluster 2: Vulnerabilidad Alta / Infraestructura Escasa<br>Infr: Media
AMPLIACION ALTAMIRA,1897.0,504.0,37.0,7.34,0,0,0,1,16,2,9,0,2,7.549,0.0,0.0,5.27,0.0,8.43,10.54,0,1,0,1,0.332,-31.418800365534,-64.130149050924,0.17,11158.82,2964.71,1.953,1.0,0.67,3.76,1,Cluster 2: Vulnerabilidad Alta / Infraestructura Escasa,Alta,<b>AMPLIACION ALTAMIRA</b><hr>Pob: 1897.0<br>Cluster: Cluster 2: Vulnerabilidad Alta / Infraestructura Escasa<br>Infr: Alta
AMPLIACION BENJAMIN MATIENZO,2024.0,512.0,54.0,10.55,4,4,0,0,8,3,40,0,0,7.613,0.0,1.98,0.0,0.0,3.95,0.0,1,0,0,1,0.2105,-31.44629840021855,-64.2349158491345,0.42,4819.05,1219.05,0.501,5.0,0.67,3.95,1,Cluster 2: Vulnerabilidad Alta / Infraestructura Escasa,Media,<b>AMPLIACION BENJAMIN MATIENZO</b><hr>Pob: 2024.0<br>Cluster: Cluster 2: Vulnerabilidad Alta / Infraestructura Escasa<br>Infr: Media
AMPLIACION CABO FARINA,500.0,200.0,12.0,6.0,0,0,0,0,3,1,17,0,1,6.217,0.0,0.0,0.0,0.0,6.0,20.0,0,0,0,1,0.1111,-31.4615420959235,-64.2148780007921,0.05,10000.0,4000.0,2.222,1.0,0.33,2.5,1,Cluster 2: Vulnerabilidad Alta / Infraestructura Escasa,Baja,<b>AMPLIACION CABO FARINA</b><hr>Pob: 500.0<br>Cluster: Cluster 2: Vulnerabilidad Alta / Infraestructura Escasa<br>Infr: Baja
AMPLIACION EMPALME,3115.0,940.0,25.0,2.66,0,0,0,1,25,3,19,0,1,8.044,0.0,0.0,3.21,0.0,8.03,3.21,0,1,0,1,0.2559,-31.4317354197924,-64.1252161280049,0.35,8900.0,2685.71,0.731,1.0,0.67,3.31,1,Cluster 2: Vulnerabilidad Alta / Infraestructura Escasa,Alta,<b>AMPLIACION EMPALME</b><hr>Pob: 3115.0<br>Cluster: Cluster 2: Vulnerabilidad Alta / Infraestructura Escasa<br>Infr: Alta
AMPLIACION GENERAL ARTIGAS,2325.0,661.0,20.0,3.03,0,0,0,0,1,0,80,0,2,7.752,0.0,0.0,0.0,0.0,0.43,8.6,0,0,0,1,0.008,-31.4632233206896,-64.1958875212659,0.5,4650.0,1322.0,0.016,1.0,0.33,3.52,1,Cluster 2: Vulnerabilidad Alta / Infraestructura Escasa,Muy Baja,<b>AMPLIACION GENERAL ARTIGAS</b><hr>Pob: 2325.0<br>Cluster: Cluster 2: Vulnerabilidad Alta / Infraestructura Escasa<br>Infr: Muy Baja
AMPLIACION JARDIN ESPINOSA,519.0,200.0,0.0,0.0,0,0,0,0,10,4,128,0,0,6.254,0.0,0.0,0.0,0.0,19.27,0.0,0,0,0,1,0.3569,-31.4554158322251,-64.1732980577387,0.19,2731.58,1052.63,1.878,1.0,0.33,2.6,0,Cluster 1: Urbano Consolidado (Alta Infraestructura),Alta,<b>AMPLIACION JARDIN ESPINOSA</b><hr>Pob: 519.0<br>Cluster: Cluster 1: Urbano Consolidado (Alta Infraestructura)<br>Infr: Alta
AMPLIACION JOSE IGNACIO DIAZ SECCION 2,1883.0,430.0,56.0,13.02,1,1,0,1,8,2,0,0,1,7.541,0.0,0.53,5.31,0.0,4.25,5.31,1,1,0,1,0.2927,-31.4509219153054,-64.1466007273166,0.22,8559.09,1954.55,1.33,2.0,1.0,4.38,1,Cluster 2: Vulnerabilidad Alta / Infraestructura Escasa,Alta,<b>AMPLIACION JOSE IGNACIO DIAZ SECCION 2</b><hr>Pob: 1883.0<br>Cluster: Cluster 2: Vulnerabilidad Alta / Infraestructura Escasa<br>Infr: Alta
AMPLIACION JOSE IGNACIO DIAZ SECCION 3,668.0,200.0,22.0,11.0,0,0,0,0,9,3,0,0,1,6.506,0.0,0.0,0.0,0.0,13.47,14.97,0,0,0,1,0.2494,-31.4507822343279,-64.1432181375558,0.17,3929.41,1176.47,1.467,1.0,0.33,3.34,1,Cluster 2: Vulnerabilidad Alta / Infraestructura Escasa,Alta,<b>AMPLIACION JOSE IGNACIO DIAZ SECCION 3</b><hr>Pob: 668.0<br>Cluster: Cluster 2: Vulnerabilidad Alta / Infraestructura Escasa<br>Infr: Alta
AMPLIACION KENNEDY,500.0,200.0,7.0,3.5,0,0,0,0,12,3,20,0,0,6.217,0.0,0.0,0.0,0.0,24.0,0.0,0,0,0,1,0.4444,-31.4562968531853,-64.1943881636183,0.06,8333.33,3333.33,7.407,1.0,0.33,2.5,0,Cluster 1: Urbano Consolidado (Alta Infraestructura),Muy Alta,<b>AMPLIACION KENNEDY</b><hr>Pob: 500.0<br>Cluster: Cluster 1: Urbano Consolidado (Alta Infraestructura)<br>Infr: Muy Alta
AMPLIACION LAS PALMAS,1750.0,513.0,12.0,2.34,2,2,0,0,19,8,182,0,1,7.468,0.0,1.14,0.0,0.0,10.86,5.71,1,0,0,1,0.2802,-31.4010828106417,-64.2428597732512,0.23,7608.7,2230.43,1.218,3.0,0.67,3.41,1,Cluster 2: Vulnerabilidad Alta / Infraestructura Escasa,Alta,<b>AMPLIACION LAS PALMAS</b><hr>Pob: 1750.0<br>Cluster: Cluster 2: Vulnerabilidad Alta / Infraestructura Escasa<br>Infr: Alta
AMPLIACION LOS ALAMOS,795.0,200.0,4.0,2.0,0,0,0,0,6,6,0,0,0,6.68,0.0,0.0,0.0,0.0,7.55,0.0,0,0,0,1,0.1398,-31.3644166507386,-64.1542919428214,0.09,8833.33,2222.22,1.553,1.0,0.33,3.98,1,Cluster 2: Vulnerabilidad Alta / Infraestructura Escasa,Baja,<b>AMPLIACION LOS ALAMOS</b><hr>Pob: 795.0<br>Cluster: Cluster 2: Vulnerabilidad Alta / Infraestructura Escasa<br>Infr: Baja
AMPLIACION LOS PLATANOS,1060.0,281.0,10.0,3.56,0,0,0,0,5,2,18,0,1,6.967,0.0,0.0,0.0,0.0,4.72,9.43,0,0,0,1,0.0874,-31.4186010236435,-64.2341405576036,0.09,11777.78,3122.22,0.971,1.0,0.33,3.77,1,Cluster 2: Vulnerabilidad Alta / Infraestructura Escasa,Baja,<b>AMPLIACION LOS PLATANOS</b><hr>Pob: 1060.0<br>Cluster: Cluster 2: Vulnerabilidad Alta / Infraestructura Escasa<br>Infr: Baja
AMPLIACION PALMAR,1356.0,380.0,6.0,1.58,2,2,0,0,11,2,7,0,1,7.213,0.0,1.47,0.0,0.0,8.11,7.37,1,0,0,1,0.2522,-31.3875352636237,-64.1202527784613,0.16,8475.0,2375.0,1.576,3.0,0.67,3.57,1,Cluster 2: Vulnerabilidad Alta / Infraestructura Escasa,Alta,<b>AMPLIACION PALMAR</b><hr>Pob: 1356.0<br>Cluster: Cluster 2: Vulnerabilidad Alta / Infraestructura Escasa<br>Infr: Alta
AMPLIACION PANAMERICANO,1545.0,528.0,10.0,1.89,0,0,0,0,4,3,54,0,1,7.343,0.0,0.0,0.0,0.0,2.59,6.47,0,0,0,1,0.048,-31.365476066006,-64.1799886672889,0.56,2758.93,942.86,0.086,1.0,0.33,2.93,1,Cluster 2: Vulnerabilidad Alta / Infraestructura Escasa,Muy Baja,<b>AMPLIACION PANAMERICANO</b><hr>Pob: 1545.0<br>Cluster: Cluster 2: Vulnerabilidad Alta / Infraestructura Escasa<br>Infr: Muy Baja
AMPLIACION PARQUE SAN CARLOS,1070.0,311.0,4.0,1.29,0,0,0,0,4,2,0,0,0,6.976,0.0,0.0,0.0,0.0,3.74,0.0,0,0,0,1,0.0693,-31.4499585215276,-64.1563841653437,0.11,9727.27,2827.27,0.63,1.0,0.33,3.44,1,Cluster 2: Vulnerabilidad Alta / Infraestructura Escasa,Muy Baja,<b>AMPLIACION PARQUE SAN CARLOS</b><hr>Pob: 1070.0<br>Cluster: Cluster 2: Vulnerabilidad Alta / Infraestructura Escasa<br>Infr: Muy Baja
AMPLIACION POETA LUGONES,2830.0,839.0,2.0,0.24,1,1,0,0,9,2,147,0,1,7.948,0.0,0.35,0.0,0.0,3.18,3.53,1,0,0,1,0.0832,-31.3597595516254,-64.2227669849132,0.49,5775.51,1712.24,0.17,2.0,0.67,3.37,1,Cluster 2: Vulnerabilidad Alta / Infraestructura Escasa,Baja,<b>AMPLIACION POETA LUGONES</b><hr>Pob: 2830.0<br>Cluster: Cluster 2: Vulnerabilidad Alta / Infraestructura Escasa<br>Infr: Baja
AMPLIACION PRIMERO DE MAYO,1690.0,389.0,40.0,10.28,3,0,3,0,6,3,0,0,1,7.433,1.0,1.78,0.0,0.0,3.55,5.92,1,0,0,1,0.1893,-31.4437153991218,-64.1123370937661,0.13,13000.0,2992.31,1.456,0.25,0.67,4.34,1,Cluster 2: Vulnerabilidad Alta / Infraestructura Escasa,Media,<b>AMPLIACION PRIMERO DE MAYO</b><hr>Pob: 1690.0<br>Cluster: Cluster 2: Vulnerabilidad Alta / Infraestructura Escasa<br>Infr: Media
AMPLIACION PUEYRREDON,1809.0,553.0,14.0,2.53,5,4,1,0,14,5,18,0,1,7.501,0.2,2.76,0.0,0.0,7.74,5.53,1,0,0,1,0.3349,-31.393666954668,-64.1450821797477,0.23,7865.22,2404.35,1.456,2.5,0.67,3.27,0,Cluster 1: Urbano Consolidado (Alta Infraestructura),Alta,<b>AMPLIACION PUEYRREDON</b><hr>Pob: 1809.0<br>Cluster: Cluster 1: Urbano Consolidado (Alta Infraestructura)<br>Infr: Alta
AMPLIACION RESIDENCIAL AMERICA,5488.0,1603.0,53.0,3.31,7,4,3,0,9,1,133,0,2,8.611,0.429,1.28,0.0,0.0,1.64,3.64,1,0,0,1,0.1192,-31.376008249888,-64.1612331264453,0.59,9301.69,2716.95,0.202,1.25,0.67,3.42,1,Cluster 2: Vulnerabilidad Alta / Infraestructura Escasa,Baja,<b>AMPLIACION RESIDENCIAL AMERICA</b><hr>Pob: 5488.0<br>Cluster: Cluster 2: Vulnerabilidad Alta / Infraestructura Escasa<br>Infr: Baja
AMPLIACION ROSEDAL,3123.0,814.0,40.0,4.91,0,0,0,1,8,3,276,0,1,8.047,0.0,0.0,3.2,0.0,2.56,3.2,0,1,0,1,0.1542,-31.4399633501796,-64.2242393178094,0.32,9759.38,2543.75,0.482,1.0,0.67,3.84,1,Cluster 2: Vulnerabilidad Alta / Infraestructura Escasa,Media,<b>AMPLIACION ROSEDAL</b><hr>Pob: 3123.0<br>Cluster: Cluster 2: Vulnerabilidad Alta / Infraestructura Escasa<br>Infr: Media
AMPLIACION SAN FERNANDO,3375.0,1000.0,48.0,4.8,0,0,0,0,5,1,80,0,0,8.124,0.0,0.0,0.0,0.0,1.48,0.0,0,0,0,1,0.0274,-31.4534767190212,-64.1916184339401,0.36,9375.0,2777.78,0.076,1.0,0.33,3.38,1,Cluster 2: Vulnerabilidad Alta / Infraestructura Escasa,Muy Baja,<b>AMPLIACION SAN FERNANDO</b><hr>Pob: 3375.0<br>Cluster: Cluster 2: Vulnerabilidad Alta / Infraestructura Escasa<br>Infr: Muy Baja
AMPLIACION SAN PABLO,2247.0,735.0,2.0,0.27,4,4,0,0,5,2,66,0,1,7.718,0.0,1.78,0.0,0.0,2.23,4.45,1,0,0,1,0.1648,-31.4520403999847,-64.1597214554589,0.18,12483.33,4083.33,0.916,5.0,0.67,3.06,1,Cluster 2: Vulnerabilidad Alta / Infraestructura Escasa,Media,<b>AMPLIACION SAN PABLO</b><hr>Pob: 2247.0<br>Cluster: Cluster 2: Vulnerabilidad Alta / Infraestructura Escasa<br>Infr: Media
AMPLIACION URCA,2059.0,630.0,3.0,0.48,0,0,0,0,0,0,0,0,0,7.63,0.0,0.0,0.0,0.0,0.0,0.0,0,0,0,0,0.0,-31.3861014776024,-64.2397057643087,0.5,4118.0,1260.0,0.0,1.0,0.0,3.27,1,Cluster 2: Vulnerabilidad Alta / Infraestructura Escasa,Muy Baja,<b>AMPLIACION URCA</b><hr>Pob: 2059.0<br>Cluster: Cluster 2: Vulnerabilidad Alta / Infraestructura Escasa<br>Infr: Muy Baja
AMPLIACION VELEZ SARSFIELD,1625.0,449.0,14.0,3.12,0,0,0,0,10,4,49,0,0,7.394,0.0,0.0,0.0,0.0,6.15,0.0,0,0,0,1,0.1139,-31.4536351703001,-64.2155839465438,0.19,8552.63,2363.16,0.599,1.0,0.33,3.62,1,Cluster 2: Vulnerabilidad Alta / Infraestructura Escasa,Baja,<b>AMPLIACION VELEZ SARSFIELD</b><hr>Pob: 1625.0<br>Cluster: Cluster 2: Vulnerabilidad Alta / Infraestructura Escasa<br>Infr: Baja
ANA MARIA ZUMARAN,3542.0,1198.0,36.0,3.01,7,4,3,0,6,4,269,0,1,8.173,0.429,1.98,0.0,0.0,1.69,2.82,1,0,0,1,0.1687,-31.3788939846699,-64.2012741737084,0.4,8855.0,2995.0,0.422,1.25,0.67,2.96,1,Cluster 2: Vulnerabilidad Alta / Infraestructura Escasa,Media,<b>ANA MARIA ZUMARAN</b><hr>Pob: 3542.0<br>Cluster: Cluster 2: Vulnerabilidad Alta / Infraestructura Escasa<br>Infr: Media
ANEXO LOS ALAMOS,757.0,218.0,3.0,1.38,0,0,0,0,7,3,0,0,0,6.631,0.0,0.0,0.0,0.0,9.25,0.0,0,0,0,1,0.1713,-31.3666642452745,-64.1594514014465,0.04,18925.0,5450.0,4.282,1.0,0.33,3.47,1,Cluster 2: Vulnerabilidad Alta / Infraestructura Escasa,Media,<b>ANEXO LOS ALAMOS</b><hr>Pob: 757.0<br>Cluster: Cluster 2: Vulnerabilidad Alta / Infraestructura Escasa<br>Infr: Media
APEADERO LA TABLADA,500.0,200.0,3.0,1.5,0,0,0,0,2,2,33,0,0,6.217,0.0,0.0,0.0,0.0,4.0,0.0,0,0,0,1,0.0741,-31.3520184390118,-64.2355975006689,0.09,5555.56,2222.22,0.823,1.0,0.33,2.5,1,Cluster 2: Vulnerabilidad Alta / Infraestructura Escasa,Muy Baja,<b>APEADERO LA TABLADA</b><hr>Pob: 500.0<br>Cluster: Cluster 2: Vulnerabilidad Alta / Infraestructura Escasa<br>Infr: Muy Baja
ARGUELLO,14865.0,4354.0,87.0,2.0,24,5,19,0,15,3,533,0,1,9.607,0.792,1.61,0.0,0.0,1.01,0.67,1,0,0,1,0.1304,-31.3461722429859,-64.262051826128,4.98,2984.94,874.3,0.026,0.3,0.67,3.41,1,Cluster 2: Vulnerabilidad Alta / Infraestructura Escasa,Baja,<b>ARGUELLO</b><hr>Pob: 14865.0<br>Cluster: Cluster 2: Vulnerabilidad Alta / Infraestructura Escasa<br>Infr: Baja
ARGUELLO II,2677.0,623.0,91.0,14.61,2,2,0,0,3,1,0,0,0,7.893,0.0,0.75,0.0,0.0,1.12,0.0,1,0,0,1,0.0728,-31.3247249919385,-64.2422392486779,0.34,7873.53,1832.35,0.214,3.0,0.67,4.3,1,Cluster 2: Vulnerabilidad Alta / Infraestructura Escasa,Muy Baja,<b>ARGUELLO II</b><hr>Pob: 2677.0<br>Cluster: Cluster 2: Vulnerabilidad Alta / Infraestructura Escasa<br>Infr: Muy Baja
ARGUELLO NORTE,15574.0,4079.0,539.0,13.21,13,11,2,0,20,3,59,1,1,9.653,0.154,0.83,0.0,0.64,1.28,0.64,1,0,1,1,0.1269,-31.3308180580161,-64.2488448935656,2.98,5226.17,1368.79,0.043,4.0,0.67,3.82,1,Cluster 2: Vulnerabilidad Alta / Infraestructura Escasa,Baja,<b>ARGUELLO NORTE</b><hr>Pob: 15574.0<br>Cluster: Cluster 2: Vulnerabilidad Alta / Infraestructura Escasa<br>Infr: Baja
ARTURO CAPDEVILA,1818.0,484.0,7.0,1.45,4,4,0,0,18,3,24,0,0,7.506,0.0,2.2,0.0,0.0,9.9,0.0,1,0,0,1,0.336,-31.3761910181056,-64.131224666199,0.15,12120.0,3226.67,2.24,5.0,0.67,3.76,0,Cluster 1: Urbano Consolidado (Alta Infraestructura),Alta,<b>ARTURO CAPDEVILA</b><hr>Pob: 1818.0<br>Cluster: Cluster 1: Urbano Consolidado (Alta Infraestructura)<br>Infr: Alta
ATE,968.0,324.0,6.0,1.85,0,0,0,0,13,8,189,0,1,6.876,0.0,0.0,0.0,0.0,13.43,10.33,0,0,0,1,0.2487,-31.4341764450624,-64.2307559136671,0.18,5377.78,1800.0,1.382,1.0,0.33,2.99,1,Cluster 2: Vulnerabilidad Alta / Infraestructura Escasa,Alta,<b>ATE</b><hr>Pob: 968.0<br>Cluster: Cluster 2: Vulnerabilidad Alta / Infraestructura Escasa<br>Infr: Alta
AVENIDA,1121.0,352.0,4.0,1.14,3,0,3,0,5,5,72,0,0,7.023,1.0,2.68,0.0,0.0,4.46,0.0,1,0,0,1,0.2686,-31.4281121539283,-64.2169629957844,0.16,7006.25,2200.0,1.679,0.25,0.67,3.18,1,Cluster 2: Vulnerabilidad Alta / Infraestructura Escasa,Alta,<b>AVENIDA</b><hr>Pob: 1121.0<br>Cluster: Cluster 2: Vulnerabilidad Alta / Infraestructura Escasa<br>Infr: Alta
AYACUCHO,4356.0,1435.0,15.0,1.05,4,2,2,0,38,8,185,0,2,8.38,0.5,0.92,0.0,0.0,8.72,4.59,1,0,0,1,0.2253,-31.3790860572758,-64.1710426559524,0.68,6405.88,2110.29,0.331,1.0,0.67,3.04,1,Cluster 2: Vulnerabilidad Alta / Infraestructura Escasa,Alta,<b>AYACUCHO</b><hr>Pob: 4356.0<br>Cluster: Cluster 2: Vulnerabilidad Alta / Infraestructura Escasa<br>Infr: Alta
BAJADA DE PIEDRA,889.0,225.0,26.0,11.56,0,0,0,0,12,4,19,0,1,6.791,0.0,0.0,0.0,0.0,13.5,11.25,0,0,0,1,0.25,-31.414768303164,-64.1450691476688,0.25,3556.0,900.0,1.0,1.0,0.33,3.95,1,Cluster 2: Vulnerabilidad Alta / Infraestructura Escasa,Alta,<b>BAJADA DE PIEDRA</b><hr>Pob: 889.0<br>Cluster: Cluster 2: Vulnerabilidad Alta / Infraestructura Escasa<br>Infr: Alta
BAJADA SAN ROQUE,500.0,200.0,3.0,1.5,1,1,0,0,4,3,0,0,0,6.217,0.0,2.0,0.0,0.0,8.0,0.0,1,0,0,1,0.2869,-31.4270086711897,-64.2050175366239,0.05,10000.0,4000.0,5.738,2.0,0.67,2.5,0,Cluster 1: Urbano Consolidado (Alta Infraestructura),Alta,<b>BAJADA SAN ROQUE</b><hr>Pob: 500.0<br>Cluster: Cluster 1: Urbano Consolidado (Alta Infraestructura)<br>Infr: Alta
BAJO GALAN,810.0,301.0,6.0,1.99,1,1,0,0,29,17,57,1,1,6.698,0.0,1.23,0.0,1.5584999999999962,24.0,12.35,1,0,1,1,0.6409,-31.393145323592,-64.2020960413652,0.17,4764.71,1770.59,3.77,2.0,0.67,2.69,0,Cluster 1: Urbano Consolidado (Alta Infraestructura),Muy Alta,<b>BAJO GALAN</b><hr>Pob: 810.0<br>Cluster: Cluster 1: Urbano Consolidado (Alta Infraestructura)<br>Infr: Muy Alta
BAJO GENERAL PAZ,1223.0,423.0,7.0,1.65,4,3,1,0,33,11,22,0,1,7.11,0.25,3.27,0.0,0.0,24.0,8.18,1,0,0,1,0.6714,-31.415001699413,-64.1586498297489,0.14,8735.71,3021.43,4.796,2.0,0.67,2.89,0,Cluster 1: Urbano Consolidado (Alta Infraestructura),Muy Alta,<b>BAJO GENERAL PAZ</b><hr>Pob: 1223.0<br>Cluster: Cluster 1: Urbano Consolidado (Alta Infraestructura)<br>Infr: Muy Alta
BARRANCAS DEL SUR,500.0,200.0,0.0,0.0,0,0,0,0,3,2,0,0,0,6.217,0.0,0.0,0.0,0.0,6.0,0.0,0,0,0,1,0.1111,-31.4629669528025,-64.1843646320929,0.12,4166.67,1666.67,0.926,1.0,0.33,2.5,1,Cluster 2: Vulnerabilidad Alta / Infraestructura Escasa,Baja,<b>BARRANCAS DEL SUR</b><hr>Pob: 500.0<br>Cluster: Cluster 2: Vulnerabilidad Alta / Infraestructura Escasa<br>Infr: Baja
BELLA VISTA,4607.0,1364.0,118.0,8.65,5,5,0,0,9,5,249,0,0,8.436,0.0,1.09,0.0,0.0,1.95,0.0,1,0,0,1,0.1118,-31.4310760948932,-64.2017610385703,0.52,8859.62,2623.08,0.215,6.0,0.67,3.38,1,Cluster 2: Vulnerabilidad Alta / Infraestructura Escasa,Baja,<b>BELLA VISTA</b><hr>Pob: 4607.0<br>Cluster: Cluster 2: Vulnerabilidad Alta / Infraestructura Escasa<br>Infr: Baja
BELLA VISTA OESTE,1828.0,532.0,28.0,5.26,0,0,0,0,4,1,31,0,1,7.512,0.0,0.0,0.0,0.0,2.19,5.47,0,0,0,1,0.0406,-31.4325822240742,-64.2076232592013,0.17,10752.94,3129.41,0.239,1.0,0.33,3.44,1,Cluster 2: Vulnerabilidad Alta / Infraestructura Escasa,Muy Baja,<b>BELLA VISTA OESTE</b><hr>Pob: 1828.0<br>Cluster: Cluster 2: Vulnerabilidad Alta / Infraestructura Escasa<br>Infr: Muy Baja
BETANIA,1992.0,480.0,65.0,13.54,0,0,0,0,10,2,15,0,4,7.597,0.0,0.0,0.0,0.0,5.02,20.08,0,0,0,1,0.093,-31.4568137138722,-64.0910018817445,0.92,2165.22,521.74,0.101,1.0,0.33,4.15,1,Cluster 2: Vulnerabilidad Alta / Infraestructura Escasa,Baja,<b>BETANIA</b><hr>Pob: 1992.0<br>Cluster: Cluster 2: Vulnerabilidad Alta / Infraestructura Escasa<br>Infr: Baja
BH_CAMINO A 60 CUADRAS,1615.0,422.0,89.0,21.09,0,0,0,0,0,0,0,0,1,7.388,0.0,0.0,0.0,0.0,0.0,6.19,0,0,0,0,0.0,-31.4988602721623,-64.1435230251151,0.0,0.0,0.0,0.0,1.0,0.0,3.83,1,Cluster 2: Vulnerabilidad Alta / Infraestructura Escasa,Muy Baja,<b>BH_CAMINO A 60 CUADRAS</b><hr>Pob: 1615.0<br>Cluster: Cluster 2: Vulnerabilidad Alta / Infraestructura Escasa<br>Infr: Muy Baja
BIALET MASSE,2091.0,591.0,20.0,3.38,0,0,0,1,9,2,138,0,1,7.646,0.0,0.0,4.78,0.0,4.3,4.78,0,1,0,1,0.2392,-31.4525117900242,-64.1651467142123,0.21,9957.14,2814.29,1.139,1.0,0.67,3.54,1,Cluster 2: Vulnerabilidad Alta / Infraestructura Escasa,Alta,<b>BIALET MASSE</b><hr>Pob: 2091.0<br>Cluster: Cluster 2: Vulnerabilidad Alta / Infraestructura Escasa<br>Infr: Alta
BOEDO,2664.0,567.0,154.0,27.16,0,0,0,0,6,1,38,0,1,7.888,0.0,0.0,0.0,0.0,2.25,3.75,0,0,0,1,0.0417,-31.4319549557882,-64.1081671999376,0.22,12109.09,2577.27,0.19,1.0,0.33,4.7,1,Cluster 2: Vulnerabilidad Alta / Infraestructura Escasa,Muy Baja,<b>BOEDO</b><hr>Pob: 2664.0<br>Cluster: Cluster 2: Vulnerabilidad Alta / Infraestructura Escasa<br>Infr: Muy Baja
BRIGADIER SAN MARTIN,500.0,200.0,0.0,0.0,5,5,0,0,32,4,43,0,3,6.217,0.0,4.8035,0.0,0.0,24.0,60.0,1,0,0,1,0.7778,-31.3411226022524,-64.2394604532514,0.06,8333.33,3333.33,12.963,6.0,0.67,2.5,0,Cluster 1: Urbano Consolidado (Alta Infraestructura),Muy Alta,<b>BRIGADIER SAN MARTIN</b><hr>Pob: 500.0<br>Cluster: Cluster 1: Urbano Consolidado (Alta Infraestructura)<br>Infr: Muy Alta
CABANA DEL PILAR,500.0,200.0,0.0,0.0,0,0,0,0,12,8,122,0,0,6.217,0.0,0.0,0.0,0.0,24.0,0.0,0,0,0,1,0.4444,-31.4422675134741,-64.167683330608,0.0,0.0,0.0,0.0,1.0,0.33,2.5,0,Cluster 1: Urbano Consolidado (Alta Infraestructura),Muy Alta,<b>CABANA DEL PILAR</b><hr>Pob: 500.0<br>Cluster: Cluster 1: Urbano Consolidado (Alta Infraestructura)<br>Infr: Muy Alta
CABO FARINA,4574.0,1294.0,158.0,12.21,0,0,0,1,8,4,146,0,0,8.428,0.0,0.0,2.19,0.0,1.75,0.0,0,1,0,1,0.1055,-31.46548795914475,-64.20747572478724,0.74,6181.08,1748.65,0.143,1.0,0.67,3.53,1,Cluster 2: Vulnerabilidad Alta / Infraestructura Escasa,Baja,<b>CABO FARINA</b><hr>Pob: 4574.0<br>Cluster: Cluster 2: Vulnerabilidad Alta / Infraestructura Escasa<br>Infr: Baja
CACERES,875.0,248.0,21.0,8.47,2,2,0,0,10,3,63,1,0,6.775,0.0,2.29,0.0,1.5584999999999962,11.43,0.0,1,0,1,1,0.4817,-31.4334534441777,-64.1995556046831,0.12,7291.67,2066.67,4.014,3.0,0.67,3.53,0,Cluster 1: Urbano Consolidado (Alta Infraestructura),Muy Alta,<b>CACERES</b><hr>Pob: 875.0<br>Cluster: Cluster 1: Urbano Consolidado (Alta Infraestructura)<br>Infr: Muy Alta
CALIFORNIA,600.0,200.0,12.0,6.0,1,1,0,0,8,8,70,0,0,6.399,0.0,1.67,0.0,0.0,13.33,0.0,1,0,0,1,0.3627,-31.4512195238216,-64.2049114948959,0.06,10000.0,3333.33,6.045,2.0,0.67,3.0,0,Cluster 1: Urbano Consolidado (Alta Infraestructura),Muy Alta,<b>CALIFORNIA</b><hr>Pob: 600.0<br>Cluster: Cluster 1: Urbano Consolidado (Alta Infraestructura)<br>Infr: Muy Alta
CAMINO A SAN CARLOS,1123.0,316.0,58.0,18.35,0,0,0,0,0,0,0,0,0,7.025,0.0,0.0,0.0,0.0,0.0,0.0,0,0,0,0,0.0,-31.498433296585,-64.1602009421762,14.86,75.57,21.27,0.0,1.0,0.0,3.55,1,Cluster 2: Vulnerabilidad Alta / Infraestructura Escasa,Muy Baja,<b>CAMINO A SAN CARLOS</b><hr>Pob: 1123.0<br>Cluster: Cluster 2: Vulnerabilidad Alta / Infraestructura Escasa<br>Infr: Muy Baja
CAMINO A VILLA POSSE,500.0,200.0,5.0,2.5,2,2,0,0,4,1,0,0,1,6.217,0.0,4.0,0.0,0.0,8.0,20.0,1,0,0,1,0.4257,-31.4454314028892,-64.1016340990286,1.22,409.84,163.93,0.349,3.0,0.67,2.5,0,Cluster 1: Urbano Consolidado (Alta Infraestructura),Muy Alta,<b>CAMINO A VILLA POSSE</b><hr>Pob: 500.0<br>Cluster: Cluster 1: Urbano Consolidado (Alta Infraestructura)<br>Infr: Muy Alta
CAMPING GRL SAN MARTIN,500.0,200.0,0.0,0.0,0,0,0,0,0,0,0,0,1,6.217,0.0,0.0,0.0,0.0,0.0,20.0,0,0,0,0,0.0,-31.3643753189019,-64.2618877279315,0.0,0.0,0.0,0.0,1.0,0.0,2.5,1,Cluster 2: Vulnerabilidad Alta / Infraestructura Escasa,Muy Baja,<b>CAMPING GRL SAN MARTIN</b><hr>Pob: 500.0<br>Cluster: Cluster 2: Vulnerabilidad Alta / Infraestructura Escasa<br>Infr: Muy Baja
CARBO,1444.0,395.0,29.0,7.34,0,0,0,1,32,3,15,0,2,7.276,0.0,0.0,6.656999999999986,0.0,22.16,13.85,0,1,0,1,0.6326,-31.481475590577,-64.2062215826798,0.15,9626.67,2633.33,4.217,1.0,0.67,3.66,0,Cluster 1: Urbano Consolidado (Alta Infraestructura),Muy Alta,<b>CARBO</b><hr>Pob: 1444.0<br>Cluster: Cluster 1: Urbano Consolidado (Alta Infraestructura)<br>Infr: Muy Alta
CAROLA LORENZINI,500.0,200.0,3.0,1.5,0,0,0,0,7,6,10,0,1,6.217,0.0,0.0,0.0,0.0,14.0,20.0,0,0,0,1,0.2593,-31.4287913300171,-64.2143267353581,0.07,7142.86,2857.14,3.704,1.0,0.33,2.5,0,Cluster 1: Urbano Consolidado (Alta Infraestructura),Alta,<b>CAROLA LORENZINI</b><hr>Pob: 500.0<br>Cluster: Cluster 1: Urbano Consolidado (Alta Infraestructura)<br>Infr: Alta
CARRARA,500.0,200.0,11.0,5.5,0,0,0,1,10,2,9,0,0,6.217,0.0,0.0,6.656999999999986,0.0,20.0,0.0,0,1,0,1,0.5926,-31.4539727871905,-64.2571015075561,0.13,3846.15,1538.46,4.558,1.0,0.67,2.5,0,Cluster 1: Urbano Consolidado (Alta Infraestructura),Muy Alta,<b>CARRARA</b><hr>Pob: 500.0<br>Cluster: Cluster 1: Urbano Consolidado (Alta Infraestructura)<br>Infr: Muy Alta
CASEROS,1497.0,619.0,6.0,0.97,1,1,0,0,10,4,2,0,0,7.312,0.0,0.67,0.0,0.0,6.68,0.0,1,0,0,1,0.1702,-31.4142417872261,-64.2082520348117,0.14,10692.86,4421.43,1.216,2.0,0.67,2.42,1,Cluster 2: Vulnerabilidad Alta / Infraestructura Escasa,Media,<b>CASEROS</b><hr>Pob: 1497.0<br>Cluster: Cluster 2: Vulnerabilidad Alta / Infraestructura Escasa<br>Infr: Media
CENTRO,28200.0,14423.0,568.0,3.94,40,19,21,0,120,64,1419,1,2,10.247,0.525,1.42,0.0,0.35,4.26,0.71,1,0,1,1,0.2024,-31.4178042932322,-64.1834500355127,3.12,9038.46,4622.76,0.065,0.91,0.67,1.96,1,Cluster 2: Vulnerabilidad Alta / Infraestructura Escasa,Media,<b>CENTRO</b><hr>Pob: 28200.0<br>Cluster: Cluster 2: Vulnerabilidad Alta / Infraestructura Escasa<br>Infr: Media
CENTRO AMERICA,5529.0,1658.0,36.0,2.17,5,5,0,0,16,2,330,0,1,8.618,0.0,0.9,0.0,0.0,2.89,1.81,1,0,0,1,0.116,-31.3711168685116,-64.169598089564,0.67,8252.24,2474.63,0.173,6.0,0.67,3.33,1,Cluster 2: Vulnerabilidad Alta / Infraestructura Escasa,Baja,<b>CENTRO AMERICA</b><hr>Pob: 5529.0<br>Cluster: Cluster 2: Vulnerabilidad Alta / Infraestructura Escasa<br>Infr: Baja
CERRO CHICO,2719.0,1019.0,6.0,0.59,0,0,0,0,25,6,99,0,0,7.908,0.0,0.0,0.0,0.0,9.19,0.0,0,0,0,1,0.1702,-31.3661094460602,-64.2218998049562,0.66,4119.7,1543.94,0.258,1.0,0.33,2.67,1,Cluster 2: Vulnerabilidad Alta / Infraestructura Escasa,Media,<b>CERRO CHICO</b><hr>Pob: 2719.0<br>Cluster: Cluster 2: Vulnerabilidad Alta / Infraestructura Escasa<br>Infr: Media
CERRO DE LAS ROSAS,5947.0,1944.0,3.0,0.15,19,5,14,0,11,10,308,1,1,8.691,0.737,3.19,0.0,1.5584999999999962,1.85,1.68,1,0,1,1,0.3667,-31.3721205657055,-64.2338114049795,2.28,2608.33,852.63,0.161,0.4,0.67,3.06,1,Cluster 2: Vulnerabilidad Alta / Infraestructura Escasa,Muy Alta,<b>CERRO DE LAS ROSAS</b><hr>Pob: 5947.0<br>Cluster: Cluster 2: Vulnerabilidad Alta / Infraestructura Escasa<br>Infr: Muy Alta
CERRO NORTE,5374.0,1449.0,111.0,7.66,2,2,0,0,17,2,108,0,0,8.59,0.0,0.37,0.0,0.0,3.16,0.0,1,0,0,1,0.0842,-31.3209690442071,-64.2768733858269,0.93,5778.49,1558.06,0.091,3.0,0.67,3.71,1,Cluster 2: Vulnerabilidad Alta / Infraestructura Escasa,Baja,<b>CERRO NORTE</b><hr>Pob: 5374.0<br>Cluster: Cluster 2: Vulnerabilidad Alta / Infraestructura Escasa<br>Infr: Baja
CERVECEROS,3893.0,1094.0,17.0,1.55,5,5,0,1,11,2,68,0,1,8.267,0.0,1.28,2.57,0.0,2.83,2.57,1,1,0,1,0.227,-31.4645962351559,-64.1590022913468,0.39,9982.05,2805.13,0.582,6.0,1.0,3.56,1,Cluster 2: Vulnerabilidad Alta / Infraestructura Escasa,Alta,<b>CERVECEROS</b><hr>Pob: 3893.0<br>Cluster: Cluster 2: Vulnerabilidad Alta / Infraestructura Escasa<br>Infr: Alta
CHATEAU CARRERAS,1624.0,514.0,3.0,0.58,11,4,7,0,15,4,113,1,0,7.393,0.636,4.8035,0.0,1.5584999999999962,9.24,0.0,1,0,1,1,0.6156,-31.3816923685587,-64.2552177396363,0.99,1640.4,519.19,0.622,0.62,0.67,3.16,0,Cluster 1: Urbano Consolidado (Alta Infraestructura),Muy Alta,<b>CHATEAU CARRERAS</b><hr>Pob: 1624.0<br>Cluster: Cluster 1: Urbano Consolidado (Alta Infraestructura)<br>Infr: Muy Alta
CIRCUNVALACION,500.0,200.0,0.0,0.0,0,0,0,0,15,18,0,0,1,6.217,0.0,0.0,0.0,0.0,24.0,20.0,0,0,0,1,0.4444,-31.41451436457093,-64.20343550824263,0.0,0.0,0.0,0.0,1.0,0.33,2.5,0,Cluster 1: Urbano Consolidado (Alta Infraestructura),Muy Alta,<b>CIRCUNVALACION</b><hr>Pob: 500.0<br>Cluster: Cluster 1: Urbano Consolidado (Alta Infraestructura)<br>Infr: Muy Alta
CIUDAD AMPLIACION CABILDO,2593.0,577.0,93.0,16.12,2,2,0,0,5,2,0,1,3,7.861,0.0,0.77,0.0,1.5584999999999962,1.93,11.57,1,0,1,1,0.2003,-31.4849199270226,-64.2274587118079,0.31,8364.52,1861.29,0.646,3.0,0.67,4.49,1,Cluster 2: Vulnerabilidad Alta / Infraestructura Escasa,Media,<b>CIUDAD AMPLIACION CABILDO</b><hr>Pob: 2593.0<br>Cluster: Cluster 2: Vulnerabilidad Alta / Infraestructura Escasa<br>Infr: Media
CIUDAD AMPLIACION FERREYRA,500.0,200.0,0.0,0.0,4,4,0,0,0,0,0,0,1,6.217,0.0,4.8035,0.0,0.0,0.0,20.0,1,0,0,0,0.3333,-31.4735017733638,-64.1192198232826,0.18,2777.78,1111.11,1.852,5.0,0.33,2.5,0,Cluster 1: Urbano Consolidado (Alta Infraestructura),Alta,<b>CIUDAD AMPLIACION FERREYRA</b><hr>Pob: 500.0<br>Cluster: Cluster 1: Urbano Consolidado (Alta Infraestructura)<br>Infr: Alta
CIUDAD DE JUAN PABLO II,2125.0,552.0,45.0,8.15,4,4,0,0,2,1,3,0,1,7.662,0.0,1.88,0.0,0.0,0.94,4.71,1,0,0,1,0.1479,-31.3635208249505,-64.1578281757511,0.27,7870.37,2044.44,0.548,5.0,0.67,3.85,1,Cluster 2: Vulnerabilidad Alta / Infraestructura Escasa,Media,<b>CIUDAD DE JUAN PABLO II</b><hr>Pob: 2125.0<br>Cluster: Cluster 2: Vulnerabilidad Alta / Infraestructura Escasa<br>Infr: Media
CIUDAD DE LAS ARTES,500.0,200.0,0.0,0.0,0,0,0,0,9,5,0,0,0,6.217,0.0,0.0,0.0,0.0,18.0,0.0,0,0,0,1,0.3333,-31.4372589847956,-64.1749362785875,0.0,0.0,0.0,0.0,1.0,0.33,2.5,0,Cluster 1: Urbano Consolidado (Alta Infraestructura),Alta,<b>CIUDAD DE LAS ARTES</b><hr>Pob: 500.0<br>Cluster: Cluster 1: Urbano Consolidado (Alta Infraestructura)<br>Infr: Alta
CIUDAD DE LOS CUARTETOS,2204.0,489.0,68.0,13.91,2,2,0,0,6,1,0,1,2,7.698,0.0,0.91,0.0,1.5584999999999962,2.72,9.07,1,0,1,1,0.2246,-31.3566522536983,-64.1303859488957,0.3,7346.67,1630.0,0.749,3.0,0.67,4.51,1,Cluster 2: Vulnerabilidad Alta / Infraestructura Escasa,Alta,<b>CIUDAD DE LOS CUARTETOS</b><hr>Pob: 2204.0<br>Cluster: Cluster 2: Vulnerabilidad Alta / Infraestructura Escasa<br>Infr: Alta
CIUDAD DE MIS SUENOS,2147.0,511.0,85.0,16.63,6,6,0,0,8,1,0,1,0,7.672,0.0,2.79,0.0,1.5584999999999962,3.73,0.0,1,0,1,1,0.3738,-31.4778174582913,-64.086363859368,0.3,7156.67,1703.33,1.246,7.0,0.67,4.2,1,Cluster 2: Vulnerabilidad Alta / Infraestructura Escasa,Muy Alta,<b>CIUDAD DE MIS SUENOS</b><hr>Pob: 2147.0<br>Cluster: Cluster 2: Vulnerabilidad Alta / Infraestructura Escasa<br>Infr: Muy Alta
CIUDAD EVITA,2662.0,638.0,95.0,14.89,3,3,0,0,7,2,0,1,1,7.887,0.0,1.13,0.0,1.5584999999999962,2.63,3.76,1,0,1,1,0.2382,-31.4484079521651,-64.1087832676033,0.4,6655.0,1595.0,0.595,4.0,0.67,4.17,1,Cluster 2: Vulnerabilidad Alta / Infraestructura Escasa,Alta,<b>CIUDAD EVITA</b><hr>Pob: 2662.0<br>Cluster: Cluster 2: Vulnerabilidad Alta / Infraestructura Escasa<br>Infr: Alta
CIUDAD MI ESPERANZA,1492.0,349.0,50.0,14.33,1,1,0,0,4,1,0,0,1,7.309,0.0,0.67,0.0,0.0,2.68,6.7,1,0,0,1,0.0961,-31.4039224720164,-64.0647579740385,0.19,7852.63,1836.84,0.506,2.0,0.67,4.28,1,Cluster 2: Vulnerabilidad Alta / Infraestructura Escasa,Baja,<b>CIUDAD MI ESPERANZA</b><hr>Pob: 1492.0<br>Cluster: Cluster 2: Vulnerabilidad Alta / Infraestructura Escasa<br>Infr: Baja
CIUDAD OBISPO ANGELELLI,1828.0,403.0,81.0,20.1,5,5,0,0,21,2,0,0,1,7.512,0.0,2.74,0.0,0.0,11.49,5.47,1,0,0,1,0.4029,-31.5051491986518,-64.1937646299897,0.24,7616.67,1679.17,1.679,6.0,0.67,4.54,0,Cluster 1: Urbano Consolidado (Alta Infraestructura),Muy Alta,<b>CIUDAD OBISPO ANGELELLI</b><hr>Pob: 1828.0<br>Cluster: Cluster 1: Urbano Consolidado (Alta Infraestructura)<br>Infr: Muy Alta
CIUDAD PARQUE LAS ROSAS,1385.0,325.0,26.0,8.0,0,0,0,0,5,2,0,1,1,7.234,0.0,0.0,0.0,1.5584999999999962,3.61,7.22,0,0,1,1,0.178,-31.4488199161473,-64.2411054061895,0.21,6595.24,1547.62,0.848,1.0,0.33,4.26,1,Cluster 2: Vulnerabilidad Alta / Infraestructura Escasa,Media,<b>CIUDAD PARQUE LAS ROSAS</b><hr>Pob: 1385.0<br>Cluster: Cluster 2: Vulnerabilidad Alta / Infraestructura Escasa<br>Infr: Media
CIUDAD UNIVERSITARIA,500.0,200.0,0.0,0.0,10,8,2,0,77,21,41,0,0,6.217,0.2,4.8035,0.0,0.0,24.0,0.0,1,0,0,1,0.7778,-31.4381745010519,-64.1885056254328,0.0,0.0,0.0,0.0,3.0,0.67,2.5,0,Cluster 1: Urbano Consolidado (Alta Infraestructura),Muy Alta,<b>CIUDAD UNIVERSITARIA</b><hr>Pob: 500.0<br>Cluster: Cluster 1: Urbano Consolidado (Alta Infraestructura)<br>Infr: Muy Alta
CIUDAD VILLA RETIRO,1402.0,316.0,57.0,18.04,2,2,0,0,6,2,0,0,0,7.246,0.0,1.43,0.0,0.0,4.28,0.0,1,0,0,1,0.1785,-31.3475166725032,-64.1404442766924,0.11,12745.45,2872.73,1.623,3.0,0.67,4.44,1,Cluster 2: Vulnerabilidad Alta / Infraestructura Escasa,Media,<b>CIUDAD VILLA RETIRO</b><hr>Pob: 1402.0<br>Cluster: Cluster 2: Vulnerabilidad Alta / Infraestructura Escasa<br>Infr: Media
CIUDADELA,1442.0,469.0,10.0,2.13,0,0,0,0,4,3,111,0,0,7.274,0.0,0.0,0.0,0.0,2.77,0.0,0,0,0,1,0.0513,-31.4460153622855,-64.2017866497851,0.22,6554.55,2131.82,0.233,1.0,0.33,3.07,1,Cluster 2: Vulnerabilidad Alta / Infraestructura Escasa,Muy Baja,<b>CIUDADELA</b><hr>Pob: 1442.0<br>Cluster: Cluster 2: Vulnerabilidad Alta / Infraestructura Escasa<br>Infr: Muy Baja
CLAROS DEL BOSQUE,500.0,200.0,5.0,2.5,0,0,0,0,4,3,5,0,0,6.217,0.0,0.0,0.0,0.0,8.0,0.0,0,0,0,1,0.1481,-31.456977552863,-64.1501328655991,0.11,4545.45,1818.18,1.346,1.0,0.33,2.5,1,Cluster 2: Vulnerabilidad Alta / Infraestructura Escasa,Media,<b>CLAROS DEL BOSQUE</b><hr>Pob: 500.0<br>Cluster: Cluster 2: Vulnerabilidad Alta / Infraestructura Escasa<br>Infr: Media
COFICO,500.0,200.0,1.0,0.5,4,4,0,0,36,22,2,0,1,6.217,0.0,4.8035,0.0,0.0,24.0,20.0,1,0,0,1,0.7778,-31.4031901115249,-64.1852851395368,0.07,7142.86,2857.14,11.111,5.0,0.67,2.5,0,Cluster 1: Urbano Consolidado (Alta Infraestructura),Muy Alta,<b>COFICO</b><hr>Pob: 500.0<br>Cluster: Cluster 1: Urbano Consolidado (Alta Infraestructura)<br>Infr: Muy Alta
COLINAS DE BELLA VISTA,817.0,242.0,13.0,5.37,1,1,0,1,6,2,21,0,0,6.707,0.0,1.22,6.656999999999986,0.0,7.34,0.0,1,1,0,1,0.4428,-31.436452678148,-64.2085248637918,0.1,8170.0,2420.0,4.428,2.0,1.0,3.38,0,Cluster 1: Urbano Consolidado (Alta Infraestructura),Muy Alta,<b>COLINAS DE BELLA VISTA</b><hr>Pob: 817.0<br>Cluster: Cluster 1: Urbano Consolidado (Alta Infraestructura)<br>Infr: Muy Alta
COLINAS DE VELEZ SARSFIELD,1642.0,581.0,4.0,0.69,4,1,3,0,18,9,317,0,1,7.404,0.75,2.44,0.0,0.0,10.96,6.09,1,0,0,1,0.3723,-31.4381468762996,-64.1990623202613,0.29,5662.07,2003.45,1.284,0.5,0.67,2.83,0,Cluster 1: Urbano Consolidado (Alta Infraestructura),Muy Alta,<b>COLINAS DE VELEZ SARSFIELD</b><hr>Pob: 1642.0<br>Cluster: Cluster 1: Urbano Consolidado (Alta Infraestructura)<br>Infr: Muy Alta
COLINAS DEL CERRO,2264.0,674.0,27.0,4.01,4,4,0,0,11,3,300,0,0,7.725,0.0,1.77,0.0,0.0,4.86,0.0,1,0,0,1,0.2128,-31.3794775140737,-64.2425945373611,0.45,5031.11,1497.78,0.473,5.0,0.67,3.36,1,Cluster 2: Vulnerabilidad Alta / Infraestructura Escasa,Media,<b>COLINAS DEL CERRO</b><hr>Pob: 2264.0<br>Cluster: Cluster 2: Vulnerabilidad Alta / Infraestructura Escasa<br>Infr: Media
COLON,3862.0,1259.0,30.0,2.38,11,5,6,0,12,4,281,0,1,8.259,0.545,2.85,0.0,0.0,3.11,2.59,1,0,0,1,0.2554,-31.436618122344,-64.1545306231643,0.48,8045.83,2622.92,0.532,0.86,0.67,3.07,1,Cluster 2: Vulnerabilidad Alta / Infraestructura Escasa,Alta,<b>COLON</b><hr>Pob: 3862.0<br>Cluster: Cluster 2: Vulnerabilidad Alta / Infraestructura Escasa<br>Infr: Alta
COLONIA LOLA,9418.0,2368.0,292.0,12.33,1,1,0,1,0,0,11,0,1,9.15,0.0,0.11,1.06,0.0,0.0,1.06,1,1,0,0,0.043,-31.41369840274715,-64.1166371703697,1.33,7081.2,1780.45,0.032,2.0,0.67,3.98,1,Cluster 2: Vulnerabilidad Alta / Infraestructura Escasa,Muy Baja,<b>COLONIA LOLA</b><hr>Pob: 9418.0<br>Cluster: Cluster 2: Vulnerabilidad Alta / Infraestructura Escasa<br>Infr: Muy Baja
COMANDANTE ESPORA,1567.0,500.0,10.0,2.0,0,0,0,0,10,3,20,0,1,7.358,0.0,0.0,0.0,0.0,6.38,6.38,0,0,0,1,0.1181,-31.4172008300048,-64.2239801087424,0.21,7461.9,2380.95,0.562,1.0,0.33,3.13,1,Cluster 2: Vulnerabilidad Alta / Infraestructura Escasa,Baja,<b>COMANDANTE ESPORA</b><hr>Pob: 1567.0<br>Cluster: Cluster 2: Vulnerabilidad Alta / Infraestructura Escasa<br>Infr: Baja
COMERCIAL,6575.0,1700.0,215.0,12.65,2,2,0,0,5,1,37,1,0,8.791,0.0,0.3,0.0,1.52,0.76,0.0,1,0,1,1,0.1433,-31.4888795374585,-64.2022362312717,1.42,4630.28,1197.18,0.101,3.0,0.67,3.87,1,Cluster 2: Vulnerabilidad Alta / Infraestructura Escasa,Baja,<b>COMERCIAL</b><hr>Pob: 6575.0<br>Cluster: Cluster 2: Vulnerabilidad Alta / Infraestructura Escasa<br>Infr: Baja
CONGRESO,2534.0,657.0,39.0,5.94,4,4,0,0,10,5,97,0,1,7.838,0.0,1.58,0.0,0.0,3.95,3.95,1,0,0,1,0.1828,-31.4681013129692,-64.2358058990285,0.4,6335.0,1642.5,0.457,5.0,0.67,3.86,1,Cluster 2: Vulnerabilidad Alta / Infraestructura Escasa,Media,<b>CONGRESO</b><hr>Pob: 2534.0<br>Cluster: Cluster 2: Vulnerabilidad Alta / Infraestructura Escasa<br>Infr: Media
CONSORCIO 16 DE NOVIEMBRE,785.0,213.0,12.0,5.63,6,6,0,2,15,3,28,0,3,6.667,0.0,4.8035,6.656999999999986,0.0,19.11,38.22,1,1,0,1,0.9094,-31.318339045152,-64.2568748329355,0.09,8722.22,2366.67,10.104,7.0,1.0,3.69,0,Cluster 1: Urbano Consolidado (Alta Infraestructura),Muy Alta,<b>CONSORCIO 16 DE NOVIEMBRE</b><hr>Pob: 785.0<br>Cluster: Cluster 1: Urbano Consolidado (Alta Infraestructura)<br>Infr: Muy Alta
CONSORCIO ESPERANZA,500.0,200.0,3.0,1.5,0,0,0,0,6,2,4,0,0,6.217,0.0,0.0,0.0,0.0,12.0,0.0,0,0,0,1,0.2222,-31.420751186944,-64.2343527594393,0.04,12500.0,5000.0,5.555,1.0,0.33,2.5,1,Cluster 2: Vulnerabilidad Alta / Infraestructura Escasa,Media,<b>CONSORCIO ESPERANZA</b><hr>Pob: 500.0<br>Cluster: Cluster 2: Vulnerabilidad Alta / Infraestructura Escasa<br>Infr: Media
COOPERATIVA 16 DE NOVIEMBRE,5676.0,1377.0,174.0,12.64,2,2,0,1,6,1,140,0,1,8.644,0.0,0.35,1.76,0.0,1.06,1.76,1,1,0,1,0.1027,-31.313277089012065,-64.26143287238966,0.4,14190.0,3442.5,0.257,3.0,1.0,4.12,1,Cluster 2: Vulnerabilidad Alta / Infraestructura Escasa,Baja,<b>COOPERATIVA 16 DE NOVIEMBRE</b><hr>Pob: 5676.0<br>Cluster: Cluster 2: Vulnerabilidad Alta / Infraestructura Escasa<br>Infr: Baja
COOPERATIVA EL FUTURO,500.0,200.0,12.0,6.0,0,0,0,0,3,2,0,0,0,6.217,0.0,0.0,0.0,0.0,6.0,0.0,0,0,0,1,0.1111,-31.4401823495232,-64.1081012779207,0.04,12500.0,5000.0,2.778,1.0,0.33,2.5,1,Cluster 2: Vulnerabilidad Alta / Infraestructura Escasa,Baja,<b>COOPERATIVA EL FUTURO</b><hr>Pob: 500.0<br>Cluster: Cluster 2: Vulnerabilidad Alta / Infraestructura Escasa<br>Infr: Baja
COOPERATIVA LA HERMOSA,500.0,200.0,24.0,12.0,0,0,0,0,0,0,0,0,1,6.217,0.0,0.0,0.0,0.0,0.0,20.0,0,0,0,0,0.0,-31.4387347588299,-64.108104347353,0.04,12500.0,5000.0,0.0,1.0,0.0,2.5,1,Cluster 2: Vulnerabilidad Alta / Infraestructura Escasa,Muy Baja,<b>COOPERATIVA LA HERMOSA</b><hr>Pob: 500.0<br>Cluster: Cluster 2: Vulnerabilidad Alta / Infraestructura Escasa<br>Infr: Muy Baja
COOPERATIVA LA UNIDAD,2120.0,508.0,32.0,6.3,0,0,0,0,8,3,0,0,1,7.66,0.0,0.0,0.0,0.0,3.77,4.72,0,0,0,1,0.0698,-31.4306306779508,-64.1128840395055,0.21,10095.24,2419.05,0.332,1.0,0.33,4.17,1,Cluster 2: Vulnerabilidad Alta / Infraestructura Escasa,Muy Baja,<b>COOPERATIVA LA UNIDAD</b><hr>Pob: 2120.0<br>Cluster: Cluster 2: Vulnerabilidad Alta / Infraestructura Escasa<br>Infr: Muy Baja
CORDOBA IV,500.0,200.0,0.0,0.0,2,0,2,0,4,1,0,0,0,6.217,1.0,4.0,0.0,0.0,8.0,0.0,1,0,0,1,0.4257,-31.3896498487242,-64.2635715412857,0.09,5555.56,2222.22,4.73,0.33,0.67,2.5,0,Cluster 1: Urbano Consolidado (Alta Infraestructura),Muy Alta,<b>CORDOBA IV</b><hr>Pob: 500.0<br>Cluster: Cluster 1: Urbano Consolidado (Alta Infraestructura)<br>Infr: Muy Alta
CORDOBA V,500.0,200.0,1.0,0.5,0,0,0,0,2,2,0,0,0,6.217,0.0,0.0,0.0,0.0,4.0,0.0,0,0,0,1,0.0741,-31.3849544927415,-64.2624888179182,0.06,8333.33,3333.33,1.235,1.0,0.33,2.5,1,Cluster 2: Vulnerabilidad Alta / Infraestructura Escasa,Muy Baja,<b>CORDOBA V</b><hr>Pob: 500.0<br>Cluster: Cluster 2: Vulnerabilidad Alta / Infraestructura Escasa<br>Infr: Muy Baja
CORRAL DE PALOS,1244.0,342.0,23.0,6.73,0,0,0,0,7,2,0,0,1,7.127,0.0,0.0,0.0,0.0,5.63,8.04,0,0,0,1,0.1043,-31.4396411027469,-64.141051484461,0.13,9569.23,2630.77,0.802,1.0,0.33,3.64,1,Cluster 2: Vulnerabilidad Alta / Infraestructura Escasa,Baja,<b>CORRAL DE PALOS</b><hr>Pob: 1244.0<br>Cluster: Cluster 2: Vulnerabilidad Alta / Infraestructura Escasa<br>Infr: Baja
COSTA VERDE,500.0,200.0,0.0,0.0,0,0,0,1,6,2,0,0,0,6.217,0.0,0.0,6.656999999999986,0.0,12.0,0.0,0,1,0,1,0.4444,-31.3812221255911,-64.2504690018409,0.09,5555.56,2222.22,4.938,1.0,0.67,2.5,0,Cluster 1: Urbano Consolidado (Alta Infraestructura),Muy Alta,<b>COSTA VERDE</b><hr>Pob: 500.0<br>Cluster: Cluster 1: Urbano Consolidado (Alta Infraestructura)<br>Infr: Muy Alta
COUNTRY ALTOS DEL CHATEAU,1120.0,252.0,0.0,0.0,1,0,1,0,0,0,0,0,0,7.022,1.0,0.89,0.0,0.0,0.0,0.0,1,0,0,0,0.0618,-31.374793804328448,-64.2668099528476,0.46,2434.78,547.83,0.134,0.5,0.33,4.44,1,Cluster 2: Vulnerabilidad Alta / Infraestructura Escasa,Muy Baja,<b>COUNTRY ALTOS DEL CHATEAU</b><hr>Pob: 1120.0<br>Cluster: Cluster 2: Vulnerabilidad Alta / Infraestructura Escasa<br>Infr: Muy Baja
COUNTRY BARRANCAS,500.0,200.0,0.0,0.0,0,0,0,0,6,1,0,0,0,6.217,0.0,0.0,0.0,0.0,12.0,0.0,0,0,0,1,0.2222,-31.3805061482489,-64.2462880530412,0.14,3571.43,1428.57,1.587,1.0,0.33,2.5,1,Cluster 2: Vulnerabilidad Alta / Infraestructura Escasa,Media,<b>COUNTRY BARRANCAS</b><hr>Pob: 500.0<br>Cluster: Cluster 2: Vulnerabilidad Alta / Infraestructura Escasa<br>Infr: Media
COUNTRY CLUB,500.0,200.0,0.0,0.0,0,0,0,0,6,2,0,0,0,6.217,0.0,0.0,0.0,0.0,12.0,0.0,0,0,0,1,0.2222,-31.4533364108918,-64.1872789853517,0.04,12500.0,5000.0,5.555,1.0,0.33,2.5,1,Cluster 2: Vulnerabilidad Alta / Infraestructura Escasa,Media,<b>COUNTRY CLUB</b><hr>Pob: 500.0<br>Cluster: Cluster 2: Vulnerabilidad Alta / Infraestructura Escasa<br>Infr: Media
COUNTRY FORTIN DEL POZO,500.0,200.0,6.0,3.0,0,0,0,0,1,2,0,0,0,6.217,0.0,0.0,0.0,0.0,2.0,0.0,0,0,0,1,0.037,-31.4740206319748,-64.1757907577539,0.47,1063.83,425.53,0.079,1.0,0.33,2.5,1,Cluster 2: Vulnerabilidad Alta / Infraestructura Escasa,Muy Baja,<b>COUNTRY FORTIN DEL POZO</b><hr>Pob: 500.0<br>Cluster: Cluster 2: Vulnerabilidad Alta / Infraestructura Escasa<br>Infr: Muy Baja
COUNTRY JOCKEY CLUB,1555.0,379.0,7.0,1.85,0,0,0,0,0,0,0,0,0,7.35,0.0,0.0,0.0,0.0,0.0,0.0,0,0,0,0,0.0,-31.4634727942897,-64.1766590207414,1.22,1274.59,310.66,0.0,1.0,0.0,4.1,1,Cluster 2: Vulnerabilidad Alta / Infraestructura Escasa,Muy Baja,<b>COUNTRY JOCKEY CLUB</b><hr>Pob: 1555.0<br>Cluster: Cluster 2: Vulnerabilidad Alta / Infraestructura Escasa<br>Infr: Muy Baja
COUNTRY LA RESERVA,795.0,207.0,2.0,0.97,0,0,0,0,0,0,0,0,0,6.68,0.0,0.0,0.0,0.0,0.0,0.0,0,0,0,0,0.0,-31.3672636397445,-64.2683557873944,0.39,2038.46,530.77,0.0,1.0,0.0,3.84,1,Cluster 2: Vulnerabilidad Alta / Infraestructura Escasa,Muy Baja,<b>COUNTRY LA RESERVA</b><hr>Pob: 795.0<br>Cluster: Cluster 2: Vulnerabilidad Alta / Infraestructura Escasa<br>Infr: Muy Baja
COUNTRY LA SANTINA - COUNTRY CAMPINA DEL SUR,500.0,200.0,0.0,0.0,0,0,0,0,9,2,0,0,0,6.217,0.0,0.0,0.0,0.0,18.0,0.0,0,0,0,1,0.3333,-31.4773649782027,-64.1736761204654,0.0,0.0,0.0,0.0,1.0,0.33,2.5,0,Cluster 1: Urbano Consolidado (Alta Infraestructura),Alta,<b>COUNTRY LA SANTINA - COUNTRY CAMPINA DEL SUR</b><hr>Pob: 500.0<br>Cluster: Cluster 1: Urbano Consolidado (Alta Infraestructura)<br>Infr: Alta
COUNTRY LAS DELICIAS,776.0,213.0,2.0,0.94,0,0,0,0,0,0,0,0,0,6.655,0.0,0.0,0.0,0.0,0.0,0.0,0,0,0,0,0.0,-31.3619352535703,-64.2994579008155,1.33,583.46,160.15,0.0,1.0,0.0,3.64,1,Cluster 2: Vulnerabilidad Alta / Infraestructura Escasa,Muy Baja,<b>COUNTRY LAS DELICIAS</b><hr>Pob: 776.0<br>Cluster: Cluster 2: Vulnerabilidad Alta / Infraestructura Escasa<br>Infr: Muy Baja
COUNTRY LOMAS DE LA CAROLINA,1572.0,383.0,0.0,0.0,0,0,0,0,2,1,0,0,0,7.361,0.0,0.0,0.0,0.0,1.27,0.0,0,0,0,1,0.0235,-31.3556553169784,-64.3056209170965,1.44,1091.67,265.97,0.016,1.0,0.33,4.1,1,Cluster 2: Vulnerabilidad Alta / Infraestructura Escasa,Muy Baja,<b>COUNTRY LOMAS DE LA CAROLINA</b><hr>Pob: 1572.0<br>Cluster: Cluster 2: Vulnerabilidad Alta / Infraestructura Escasa<br>Infr: Muy Baja
COUNTRY LOS ALGARROBOS,500.0,200.0,0.0,0.0,0,0,0,0,4,2,0,0,0,6.217,0.0,0.0,0.0,0.0,8.0,0.0,0,0,0,1,0.1481,-31.4833510004042,-64.2406895217807,0.09,5555.56,2222.22,1.646,1.0,0.33,2.5,1,Cluster 2: Vulnerabilidad Alta / Infraestructura Escasa,Media,<b>COUNTRY LOS ALGARROBOS</b><hr>Pob: 500.0<br>Cluster: Cluster 2: Vulnerabilidad Alta / Infraestructura Escasa<br>Infr: Media
COUNTRY LOS MIMBRES,500.0,200.0,0.0,0.0,0,0,0,0,3,1,0,0,0,6.217,0.0,0.0,0.0,0.0,6.0,0.0,0,0,0,1,0.1111,-31.4933845474551,-64.1839627867177,0.18,2777.78,1111.11,0.617,1.0,0.33,2.5,1,Cluster 2: Vulnerabilidad Alta / Infraestructura Escasa,Baja,<b>COUNTRY LOS MIMBRES</b><hr>Pob: 500.0<br>Cluster: Cluster 2: Vulnerabilidad Alta / Infraestructura Escasa<br>Infr: Baja
COUNTRY RANCH CLUB,500.0,200.0,0.0,0.0,0,0,0,0,3,1,0,0,0,6.217,0.0,0.0,0.0,0.0,6.0,0.0,0,0,0,1,0.1111,-31.4527198034093,-64.2191810889962,0.06,8333.33,3333.33,1.852,1.0,0.33,2.5,1,Cluster 2: Vulnerabilidad Alta / Infraestructura Escasa,Baja,<b>COUNTRY RANCH CLUB</b><hr>Pob: 500.0<br>Cluster: Cluster 2: Vulnerabilidad Alta / Infraestructura Escasa<br>Infr: Baja
COUNTRY VALLE ESCONDIDO,6660.0,1818.0,8.0,0.44,1,0,1,0,3,1,0,0,0,8.804,1.0,0.15,0.0,0.0,0.45,0.0,1,0,0,1,0.0187,-31.365093628436902,-64.280614112077,5.38,1237.92,337.92,0.003,0.5,0.67,3.66,1,Cluster 2: Vulnerabilidad Alta / Infraestructura Escasa,Muy Baja,<b>COUNTRY VALLE ESCONDIDO</b><hr>Pob: 6660.0<br>Cluster: Cluster 2: Vulnerabilidad Alta / Infraestructura Escasa<br>Infr: Muy Baja
CRISOL NORTE,1224.0,541.0,5.0,0.92,8,4,4,0,41,20,121,0,1,7.111,0.5,4.8035,0.0,0.0,24.0,8.17,1,0,0,1,0.7778,-31.428051362204,-64.167176368668,0.24,5100.0,2254.17,3.241,1.0,0.67,2.26,0,Cluster 1: Urbano Consolidado (Alta Infraestructura),Muy Alta,<b>CRISOL NORTE</b><hr>Pob: 1224.0<br>Cluster: Cluster 1: Urbano Consolidado (Alta Infraestructura)<br>Infr: Muy Alta
CRISOL SUD,3336.0,1124.0,10.0,0.89,7,4,3,0,17,8,152,0,1,8.113,0.429,2.1,0.0,0.0,5.1,3.0,1,0,0,1,0.2402,-31.4349582821362,-64.1674254311003,0.52,6415.38,2161.54,0.462,1.25,0.67,2.97,1,Cluster 2: Vulnerabilidad Alta / Infraestructura Escasa,Alta,<b>CRISOL SUD</b><hr>Pob: 3336.0<br>Cluster: Cluster 2: Vulnerabilidad Alta / Infraestructura Escasa<br>Infr: Alta
CUPANI,2255.0,674.0,32.0,4.75,2,0,2,1,13,6,6,0,1,7.721,1.0,0.89,4.43,0.0,5.76,4.43,1,1,0,1,0.3163,-31.4214735888533,-64.2076951619414,0.19,11868.42,3547.37,1.665,0.33,1.0,3.35,1,Cluster 2: Vulnerabilidad Alta / Infraestructura Escasa,Alta,<b>CUPANI</b><hr>Pob: 2255.0<br>Cluster: Cluster 2: Vulnerabilidad Alta / Infraestructura Escasa<br>Infr: Alta
DE LOS BIOQUIMICOS,1265.0,348.0,25.0,7.18,0,0,0,0,13,1,0,0,1,7.144,0.0,0.0,0.0,0.0,10.28,7.91,0,0,0,1,0.1904,-31.3204288535283,-64.2668138957885,0.17,7441.18,2047.06,1.12,1.0,0.33,3.64,1,Cluster 2: Vulnerabilidad Alta / Infraestructura Escasa,Media,<b>DE LOS BIOQUIMICOS</b><hr>Pob: 1265.0<br>Cluster: Cluster 2: Vulnerabilidad Alta / Infraestructura Escasa<br>Infr: Media
DE LOS DOCENTES,500.0,200.0,0.0,0.0,0,0,0,0,3,3,0,0,2,6.217,0.0,0.0,0.0,0.0,6.0,40.0,0,0,0,1,0.1111,-31.4590670929175,-64.1524118917786,0.01,50000.0,20000.0,11.11,1.0,0.33,2.5,1,Cluster 2: Vulnerabilidad Alta / Infraestructura Escasa,Baja,<b>DE LOS DOCENTES</b><hr>Pob: 500.0<br>Cluster: Cluster 2: Vulnerabilidad Alta / Infraestructura Escasa<br>Infr: Baja
DEAN FUNES,2124.0,682.0,22.0,3.23,2,1,1,0,27,10,87,0,1,7.662,0.5,0.94,0.0,0.0,12.71,4.71,1,0,0,1,0.3006,-31.4458597071522,-64.1178957921271,0.74,2870.27,921.62,0.406,1.0,0.67,3.11,1,Cluster 2: Vulnerabilidad Alta / Infraestructura Escasa,Alta,<b>DEAN FUNES</b><hr>Pob: 2124.0<br>Cluster: Cluster 2: Vulnerabilidad Alta / Infraestructura Escasa<br>Infr: Alta
DIPAS,500.0,200.0,0.0,0.0,0,0,0,0,0,0,0,0,0,6.217,0.0,0.0,0.0,0.0,0.0,0.0,0,0,0,0,0.0,-31.3563236095696,-64.2944936477692,0.0,0.0,0.0,0.0,1.0,0.0,2.5,1,Cluster 2: Vulnerabilidad Alta / Infraestructura Escasa,Muy Baja,<b>DIPAS</b><hr>Pob: 500.0<br>Cluster: Cluster 2: Vulnerabilidad Alta / Infraestructura Escasa<br>Infr: Muy Baja
DUCASSE,936.0,389.0,32.0,8.23,1,1,0,0,52,43,5,0,1,6.843,0.0,1.07,0.0,0.0,24.0,10.68,1,0,0,1,0.5187,-31.404888252086,-64.1908855434012,0.17,5505.88,2288.24,3.051,2.0,0.67,2.41,0,Cluster 1: Urbano Consolidado (Alta Infraestructura),Muy Alta,<b>DUCASSE</b><hr>Pob: 936.0<br>Cluster: Cluster 1: Urbano Consolidado (Alta Infraestructura)<br>Infr: Muy Alta
EJERCITO ARGENTINO,1845.0,624.0,8.0,1.28,3,3,0,0,37,24,64,0,1,7.521,0.0,1.63,0.0,0.0,20.05,5.42,1,0,0,1,0.4844,-31.447568948723,-64.1961913422897,0.15,12300.0,4160.0,3.229,4.0,0.67,2.96,0,Cluster 1: Urbano Consolidado (Alta Infraestructura),Muy Alta,<b>EJERCITO ARGENTINO</b><hr>Pob: 1845.0<br>Cluster: Cluster 1: Urbano Consolidado (Alta Infraestructura)<br>Infr: Muy Alta
EL BALCON,500.0,200.0,0.0,0.0,0,0,0,0,1,1,0,0,0,6.217,0.0,0.0,0.0,0.0,2.0,0.0,0,0,0,1,0.037,-31.3747201959085,-64.2747796532456,0.0,0.0,0.0,0.0,1.0,0.33,2.5,1,Cluster 2: Vulnerabilidad Alta / Infraestructura Escasa,Muy Baja,<b>EL BALCON</b><hr>Pob: 500.0<br>Cluster: Cluster 2: Vulnerabilidad Alta / Infraestructura Escasa<br>Infr: Muy Baja
EL BOSQUE,1590.0,407.0,6.0,1.47,0,0,0,0,6,1,0,0,1,7.372,0.0,0.0,0.0,0.0,3.77,6.29,0,0,0,1,0.0698,-31.3380384713002,-64.307387518257,1.73,919.08,235.26,0.04,1.0,0.33,3.91,1,Cluster 2: Vulnerabilidad Alta / Infraestructura Escasa,Muy Baja,<b>EL BOSQUE</b><hr>Pob: 1590.0<br>Cluster: Cluster 2: Vulnerabilidad Alta / Infraestructura Escasa<br>Infr: Muy Baja
EL CABILDO,5049.0,1331.0,88.0,6.61,5,5,0,1,22,4,13,0,1,8.527,0.0,0.99,1.98,0.0,4.36,1.98,1,1,0,1,0.2155,-31.4859068227125,-64.2351105437776,0.55,9180.0,2420.0,0.392,6.0,1.0,3.79,1,Cluster 2: Vulnerabilidad Alta / Infraestructura Escasa,Media,<b>EL CABILDO</b><hr>Pob: 5049.0<br>Cluster: Cluster 2: Vulnerabilidad Alta / Infraestructura Escasa<br>Infr: Media
EL CERRITO,3659.0,920.0,105.0,11.41,1,1,0,1,8,2,5,0,2,8.205,0.0,0.27,2.73,0.0,2.19,5.47,1,1,0,1,0.1504,-31.3221687252868,-64.2502548066828,0.7,5227.14,1314.29,0.215,2.0,1.0,3.98,1,Cluster 2: Vulnerabilidad Alta / Infraestructura Escasa,Media,<b>EL CERRITO</b><hr>Pob: 3659.0<br>Cluster: Cluster 2: Vulnerabilidad Alta / Infraestructura Escasa<br>Infr: Media
EL PRADO,500.0,200.0,0.0,0.0,0,0,0,0,4,1,0,0,0,6.217,0.0,0.0,0.0,0.0,8.0,0.0,0,0,0,1,0.1481,-31.375753313966,-64.2703111858803,0.0,0.0,0.0,0.0,1.0,0.33,2.5,1,Cluster 2: Vulnerabilidad Alta / Infraestructura Escasa,Media,<b>EL PRADO</b><hr>Pob: 500.0<br>Cluster: Cluster 2: Vulnerabilidad Alta / Infraestructura Escasa<br>Infr: Media
EL PUEBLITO,1315.0,332.0,124.0,37.35,0,0,0,0,0,0,0,0,0,7.182,0.0,0.0,0.0,0.0,0.0,0.0,0,0,0,0,0.0,-31.4064405446942,-64.2568328545741,0.4,3287.5,830.0,0.0,1.0,0.0,3.96,1,Cluster 2: Vulnerabilidad Alta / Infraestructura Escasa,Muy Baja,<b>EL PUEBLITO</b><hr>Pob: 1315.0<br>Cluster: Cluster 2: Vulnerabilidad Alta / Infraestructura Escasa<br>Infr: Muy Baja
EL QUEBRACHAL,500.0,200.0,5.0,2.5,0,0,0,0,8,1,0,0,0,6.217,0.0,0.0,0.0,0.0,16.0,0.0,0,0,0,1,0.2963,-31.3380076521557,-64.0666753385544,1.98,252.53,101.01,0.15,1.0,0.33,2.5,0,Cluster 1: Urbano Consolidado (Alta Infraestructura),Alta,<b>EL QUEBRACHAL</b><hr>Pob: 500.0<br>Cluster: Cluster 1: Urbano Consolidado (Alta Infraestructura)<br>Infr: Alta
EL QUEBRACHO,4361.0,1017.0,136.0,13.37,2,2,0,0,12,4,238,0,2,8.381,0.0,0.46,0.0,0.0,2.75,4.59,1,0,0,1,0.0828,-31.4773371547605,-64.1377151621983,0.76,5738.16,1338.16,0.109,3.0,0.67,4.29,1,Cluster 2: Vulnerabilidad Alta / Infraestructura Escasa,Muy Baja,<b>EL QUEBRACHO</b><hr>Pob: 4361.0<br>Cluster: Cluster 2: Vulnerabilidad Alta / Infraestructura Escasa<br>Infr: Muy Baja
EL REFUGIO,1201.0,334.0,2.0,0.6,1,0,1,0,5,3,146,0,0,7.092,1.0,0.83,0.0,0.0,4.16,0.0,1,0,0,1,0.1346,-31.3442649511605,-64.2818199937408,0.32,3753.12,1043.75,0.421,0.5,0.67,3.6,1,Cluster 2: Vulnerabilidad Alta / Infraestructura Escasa,Baja,<b>EL REFUGIO</b><hr>Pob: 1201.0<br>Cluster: Cluster 2: Vulnerabilidad Alta / Infraestructura Escasa<br>Infr: Baja
EL TREBOL,1264.0,412.0,6.0,1.46,0,0,0,0,5,4,60,0,1,7.143,0.0,0.0,0.0,0.0,3.96,7.91,0,0,0,1,0.0733,-31.4230857776258,-64.2255537451732,0.17,7435.29,2423.53,0.431,1.0,0.33,3.07,1,Cluster 2: Vulnerabilidad Alta / Infraestructura Escasa,Muy Baja,<b>EL TREBOL</b><hr>Pob: 1264.0<br>Cluster: Cluster 2: Vulnerabilidad Alta / Infraestructura Escasa<br>Infr: Muy Baja
EL VIEJO ALGARROBO,500.0,200.0,4.0,2.0,1,1,0,0,23,1,0,0,1,6.217,0.0,2.0,0.0,0.0,24.0,20.0,1,0,0,1,0.5832,-31.5024363493638,-64.1658119554321,0.24,2083.33,833.33,2.43,2.0,0.67,2.5,0,Cluster 1: Urbano Consolidado (Alta Infraestructura),Muy Alta,<b>EL VIEJO ALGARROBO</b><hr>Pob: 500.0<br>Cluster: Cluster 1: Urbano Consolidado (Alta Infraestructura)<br>Infr: Muy Alta
EMAUS,500.0,200.0,1.0,0.5,0,0,0,0,2,1,6,0,0,6.217,0.0,0.0,0.0,0.0,4.0,0.0,0,0,0,1,0.0741,-31.4371264001266,-64.1430479576708,0.02,25000.0,10000.0,3.705,1.0,0.33,2.5,1,Cluster 2: Vulnerabilidad Alta / Infraestructura Escasa,Muy Baja,<b>EMAUS</b><hr>Pob: 500.0<br>Cluster: Cluster 2: Vulnerabilidad Alta / Infraestructura Escasa<br>Infr: Muy Baja
EMPALME,3426.0,1140.0,12.0,1.05,7,5,2,0,7,8,79,1,0,8.139,0.286,2.04,0.0,1.5584999999999962,2.04,0.0,1,0,1,1,0.2905,-31.4345112094775,-64.130487667635,0.63,5438.1,1809.52,0.461,2.0,0.67,3.01,1,Cluster 2: Vulnerabilidad Alta / Infraestructura Escasa,Alta,<b>EMPALME</b><hr>Pob: 3426.0<br>Cluster: Cluster 2: Vulnerabilidad Alta / Infraestructura Escasa<br>Infr: Alta
EMPALME CASAS DE OBREROS Y EMPLEADOS,1233.0,375.0,13.0,3.47,0,0,0,0,21,11,24,0,1,7.118,0.0,0.0,0.0,0.0,17.03,8.11,0,0,0,1,0.3154,-31.4387401458057,-64.1251666065268,0.18,6850.0,2083.33,1.752,1.0,0.33,3.29,0,Cluster 1: Urbano Consolidado (Alta Infraestructura),Alta,<b>EMPALME CASAS DE OBREROS Y EMPLEADOS</b><hr>Pob: 1233.0<br>Cluster: Cluster 1: Urbano Consolidado (Alta Infraestructura)<br>Infr: Alta
ESCOBAR,2180.0,733.0,7.0,0.95,4,2,2,0,17,4,456,0,0,7.688,0.5,1.83,0.0,0.0,7.8,0.0,1,0,0,1,0.2714,-31.3918891605182,-64.2206422574801,0.44,4954.55,1665.91,0.617,1.0,0.67,2.97,1,Cluster 2: Vulnerabilidad Alta / Infraestructura Escasa,Alta,<b>ESCOBAR</b><hr>Pob: 2180.0<br>Cluster: Cluster 2: Vulnerabilidad Alta / Infraestructura Escasa<br>Infr: Alta
ESCUELA DE SUBOFICIALES,500.0,200.0,0.0,0.0,0,0,0,1,2,1,0,0,1,6.217,0.0,0.0,6.656999999999986,0.0,4.0,20.0,0,1,0,1,0.2963,-31.4272175434882,-64.2575368439051,0.0,0.0,0.0,0.0,1.0,0.67,2.5,1,Cluster 2: Vulnerabilidad Alta / Infraestructura Escasa,Alta,<b>ESCUELA DE SUBOFICIALES</b><hr>Pob: 500.0<br>Cluster: Cluster 2: Vulnerabilidad Alta / Infraestructura Escasa<br>Infr: Alta
ESTACION FLORES,3876.0,1024.0,124.0,12.11,5,5,0,1,13,2,287,0,1,8.263,0.0,1.29,2.58,0.0,3.35,2.58,1,1,0,1,0.2377,-31.4487314083608,-64.2475078934286,0.7,5537.14,1462.86,0.34,6.0,1.0,3.79,1,Cluster 2: Vulnerabilidad Alta / Infraestructura Escasa,Alta,<b>ESTACION FLORES</b><hr>Pob: 3876.0<br>Cluster: Cluster 2: Vulnerabilidad Alta / Infraestructura Escasa<br>Infr: Alta
ESTADIO CORDOBA,500.0,200.0,0.0,0.0,0,0,0,0,4,0,0,0,0,6.217,0.0,0.0,0.0,0.0,8.0,0.0,0,0,0,1,0.1481,-31.3678801343148,-64.2467689606442,0.0,0.0,0.0,0.0,1.0,0.33,2.5,1,Cluster 2: Vulnerabilidad Alta / Infraestructura Escasa,Media,<b>ESTADIO CORDOBA</b><hr>Pob: 500.0<br>Cluster: Cluster 2: Vulnerabilidad Alta / Infraestructura Escasa<br>Infr: Media
FERIAR,500.0,200.0,0.0,0.0,0,0,0,0,10,2,0,0,1,6.217,0.0,0.0,0.0,0.0,20.0,20.0,0,0,0,1,0.3704,-31.3702867943909,-64.2556701915654,0.0,0.0,0.0,0.0,1.0,0.33,2.5,0,Cluster 1: Urbano Consolidado (Alta Infraestructura),Muy Alta,<b>FERIAR</b><hr>Pob: 500.0<br>Cluster: Cluster 1: Urbano Consolidado (Alta Infraestructura)<br>Infr: Muy Alta
FERRER,1844.0,462.0,139.0,30.09,0,0,0,1,13,5,21,0,2,7.52,0.0,0.0,5.42,0.0,7.05,10.85,0,1,0,1,0.3115,-31.4437749243189,-64.2117812947588,0.21,8780.95,2200.0,1.483,1.0,0.67,3.99,1,Cluster 2: Vulnerabilidad Alta / Infraestructura Escasa,Alta,<b>FERRER</b><hr>Pob: 1844.0<br>Cluster: Cluster 2: Vulnerabilidad Alta / Infraestructura Escasa<br>Infr: Alta
FERREYRA,3868.0,1029.0,101.0,9.82,5,4,1,0,19,2,66,2,1,8.261,0.2,1.29,0.0,1.5584999999999962,4.91,2.59,1,0,1,1,0.2916,-31.4663540173135,-64.1106089877883,0.89,4346.07,1156.18,0.328,2.5,0.67,3.76,1,Cluster 2: Vulnerabilidad Alta / Infraestructura Escasa,Alta,<b>FERREYRA</b><hr>Pob: 3868.0<br>Cluster: Cluster 2: Vulnerabilidad Alta / Infraestructura Escasa<br>Infr: Alta
FERREYRA SEGUNDA SECCION,939.0,215.0,32.0,14.88,0,0,0,0,6,2,0,0,0,6.846,0.0,0.0,0.0,0.0,6.39,0.0,0,0,0,1,0.1183,-31.4710619707259,-64.1175953235484,0.1,9390.0,2150.0,1.183,1.0,0.33,4.37,1,Cluster 2: Vulnerabilidad Alta / Infraestructura Escasa,Baja,<b>FERREYRA SEGUNDA SECCION</b><hr>Pob: 939.0<br>Cluster: Cluster 2: Vulnerabilidad Alta / Infraestructura Escasa<br>Infr: Baja
FERROVIARIO MITRE,1133.0,350.0,42.0,12.0,6,5,1,0,9,9,14,0,1,7.034,0.167,4.8035,0.0,0.0,7.94,8.83,1,0,0,1,0.4804,-31.4334514626288,-64.136352474103,0.18,6294.44,1944.44,2.669,3.0,0.67,3.24,0,Cluster 1: Urbano Consolidado (Alta Infraestructura),Muy Alta,<b>FERROVIARIO MITRE</b><hr>Pob: 1133.0<br>Cluster: Cluster 1: Urbano Consolidado (Alta Infraestructura)<br>Infr: Muy Alta
FINCA LA DOROTEA,500.0,200.0,10.0,5.0,0,0,0,0,2,1,12,0,1,6.217,0.0,0.0,0.0,0.0,4.0,20.0,0,0,0,1,0.0741,-31.3764290500034,-64.1151406917793,0.15,3333.33,1333.33,0.494,1.0,0.33,2.5,1,Cluster 2: Vulnerabilidad Alta / Infraestructura Escasa,Muy Baja,<b>FINCA LA DOROTEA</b><hr>Pob: 500.0<br>Cluster: Cluster 2: Vulnerabilidad Alta / Infraestructura Escasa<br>Infr: Muy Baja
FINCAS DEL SUR,500.0,200.0,0.0,0.0,0,0,0,0,0,0,187,0,0,6.217,0.0,0.0,0.0,0.0,0.0,0.0,0,0,0,0,0.0,-31.4867716545205,-64.1572739805666,0.59,847.46,338.98,0.0,1.0,0.0,2.5,1,Cluster 2: Vulnerabilidad Alta / Infraestructura Escasa,Muy Baja,<b>FINCAS DEL SUR</b><hr>Pob: 500.0<br>Cluster: Cluster 2: Vulnerabilidad Alta / Infraestructura Escasa<br>Infr: Muy Baja
GENERAL ARENALES,2318.0,622.0,60.0,9.65,3,3,0,2,10,1,41,0,2,7.749,0.0,1.29,6.656999999999986,0.0,4.31,8.63,1,1,0,1,0.3916,-31.3687802681924,-64.0602371117818,0.37,6264.86,1681.08,1.058,4.0,1.0,3.73,1,Cluster 2: Vulnerabilidad Alta / Infraestructura Escasa,Muy Alta,<b>GENERAL ARENALES</b><hr>Pob: 2318.0<br>Cluster: Cluster 2: Vulnerabilidad Alta / Infraestructura Escasa<br>Infr: Muy Alta
GENERAL ARTIGAS,1552.0,471.0,8.0,1.7,2,2,0,0,10,3,68,0,0,7.348,0.0,1.29,0.0,0.0,6.44,0.0,1,0,0,1,0.2088,-31.4615195852108,-64.1996215023561,0.34,4564.71,1385.29,0.614,3.0,0.67,3.3,1,Cluster 2: Vulnerabilidad Alta / Infraestructura Escasa,Media,<b>GENERAL ARTIGAS</b><hr>Pob: 1552.0<br>Cluster: Cluster 2: Vulnerabilidad Alta / Infraestructura Escasa<br>Infr: Media
GENERAL BELGRANO,3154.0,890.0,30.0,3.37,2,2,0,0,8,3,217,0,1,8.057,0.0,0.63,0.0,0.0,2.54,3.17,1,0,0,1,0.0908,-31.3704293934515,-64.1372878299525,0.29,10875.86,3068.97,0.313,3.0,0.67,3.54,1,Cluster 2: Vulnerabilidad Alta / Infraestructura Escasa,Baja,<b>GENERAL BELGRANO</b><hr>Pob: 3154.0<br>Cluster: Cluster 2: Vulnerabilidad Alta / Infraestructura Escasa<br>Infr: Baja
GENERAL BUSTOS,15659.0,4933.0,243.0,4.93,16,9,7,0,30,8,447,0,2,9.659,0.438,1.02,0.0,0.0,1.92,1.28,1,0,0,1,0.1063,-31.3903336123251,-64.1696498558799,1.74,8999.43,2835.06,0.061,1.25,0.67,3.17,1,Cluster 2: Vulnerabilidad Alta / Infraestructura Escasa,Baja,<b>GENERAL BUSTOS</b><hr>Pob: 15659.0<br>Cluster: Cluster 2: Vulnerabilidad Alta / Infraestructura Escasa<br>Infr: Baja
GENERAL MOSCONI,3324.0,851.0,110.0,12.93,1,1,0,1,16,6,145,0,1,8.109,0.0,0.3,3.01,0.0,4.81,3.01,1,1,0,1,0.2104,-31.3651885926033,-64.1504410565656,0.3,11080.0,2836.67,0.701,2.0,1.0,3.91,1,Cluster 2: Vulnerabilidad Alta / Infraestructura Escasa,Media,<b>GENERAL MOSCONI</b><hr>Pob: 3324.0<br>Cluster: Cluster 2: Vulnerabilidad Alta / Infraestructura Escasa<br>Infr: Media
GENERAL PAZ,9524.0,4209.0,107.0,2.54,23,13,10,0,32,13,230,1,1,9.162,0.435,2.41,0.0,1.05,3.36,1.05,1,0,1,1,0.3043,-31.4125574874454,-64.1656906995031,1.13,8428.32,3724.78,0.269,1.27,0.67,2.26,1,Cluster 2: Vulnerabilidad Alta / Infraestructura Escasa,Alta,<b>GENERAL PAZ</b><hr>Pob: 9524.0<br>Cluster: Cluster 2: Vulnerabilidad Alta / Infraestructura Escasa<br>Infr: Alta
GENERAL PUEYRREDON,24021.0,7938.0,561.0,7.07,17,4,13,0,48,12,202,0,1,10.087,0.765,0.71,0.0,0.0,2.0,0.42,1,0,0,1,0.0863,-31.4020774327923,-64.1624596839047,3.16,7601.58,2512.03,0.027,0.36,0.67,3.03,1,Cluster 2: Vulnerabilidad Alta / Infraestructura Escasa,Baja,<b>GENERAL PUEYRREDON</b><hr>Pob: 24021.0<br>Cluster: Cluster 2: Vulnerabilidad Alta / Infraestructura Escasa<br>Infr: Baja
GENERAL SAVIO,4889.0,1309.0,313.0,23.91,0,0,0,0,9,1,70,0,1,8.495,0.0,0.0,0.0,0.0,1.84,2.05,0,0,0,1,0.0341,-31.371992117919,-64.1580891610321,0.31,15770.97,4222.58,0.11,1.0,0.33,3.73,1,Cluster 2: Vulnerabilidad Alta / Infraestructura Escasa,Muy Baja,<b>GENERAL SAVIO</b><hr>Pob: 4889.0<br>Cluster: Cluster 2: Vulnerabilidad Alta / Infraestructura Escasa<br>Infr: Muy Baja
GRANADERO PRINGLES,2209.0,628.0,16.0,2.55,0,0,0,0,19,4,25,0,1,7.701,0.0,0.0,0.0,0.0,8.6,4.53,0,0,0,1,0.1593,-31.3755515882091,-64.1976083748721,0.19,11626.32,3305.26,0.838,1.0,0.33,3.52,1,Cluster 2: Vulnerabilidad Alta / Infraestructura Escasa,Media,<b>GRANADERO PRINGLES</b><hr>Pob: 2209.0<br>Cluster: Cluster 2: Vulnerabilidad Alta / Infraestructura Escasa<br>Infr: Media
GRANJA DE FUNES,3866.0,1228.0,27.0,2.2,5,5,0,0,30,11,50,0,1,8.26,0.0,1.29,0.0,0.0,7.76,2.59,1,0,0,1,0.2332,-31.349164455122,-64.2445719762199,1.1,3514.55,1116.36,0.212,6.0,0.67,3.15,1,Cluster 2: Vulnerabilidad Alta / Infraestructura Escasa,Alta,<b>GRANJA DE FUNES</b><hr>Pob: 3866.0<br>Cluster: Cluster 2: Vulnerabilidad Alta / Infraestructura Escasa<br>Infr: Alta
GUARNICION AEREA CORDOBA,500.0,200.0,0.0,0.0,0,0,0,0,0,0,0,0,0,6.217,0.0,0.0,0.0,0.0,0.0,0.0,0,0,0,0,0.0,-31.4437692781579,-64.2815434253756,10.97,45.58,18.23,0.0,1.0,0.0,2.5,1,Cluster 2: Vulnerabilidad Alta / Infraestructura Escasa,Muy Baja,<b>GUARNICION AEREA CORDOBA</b><hr>Pob: 500.0<br>Cluster: Cluster 2: Vulnerabilidad Alta / Infraestructura Escasa<br>Infr: Muy Baja
GUARNICION MILITAR CORDOBA,500.0,200.0,0.0,0.0,0,0,0,0,0,0,2,0,0,6.217,0.0,0.0,0.0,0.0,0.0,0.0,0,0,0,0,0.0,-31.3932530580866,-64.2925498765201,24.79,20.17,8.07,0.0,1.0,0.0,2.5,1,Cluster 2: Vulnerabilidad Alta / Infraestructura Escasa,Muy Baja,<b>GUARNICION MILITAR CORDOBA</b><hr>Pob: 500.0<br>Cluster: Cluster 2: Vulnerabilidad Alta / Infraestructura Escasa<br>Infr: Muy Baja
GUAYAQUIL,587.0,200.0,0.0,0.0,2,2,0,0,14,4,86,0,1,6.377,0.0,3.41,0.0,0.0,23.85,17.04,1,0,0,1,0.6783,-31.382844844148,-64.1550652774413,0.08,7337.5,2500.0,8.479,3.0,0.67,2.94,0,Cluster 1: Urbano Consolidado (Alta Infraestructura),Muy Alta,<b>GUAYAQUIL</b><hr>Pob: 587.0<br>Cluster: Cluster 1: Urbano Consolidado (Alta Infraestructura)<br>Infr: Muy Alta
GUEMES,11588.0,5333.0,428.0,8.03,17,14,3,1,41,21,132,0,0,9.358,0.176,1.47,0.86,0.0,3.54,0.0,1,1,0,1,0.1963,-31.4281317736306,-64.1936790393253,1.18,9820.34,4519.49,0.166,3.75,1.0,2.17,1,Cluster 2: Vulnerabilidad Alta / Infraestructura Escasa,Media,<b>GUEMES</b><hr>Pob: 11588.0<br>Cluster: Cluster 2: Vulnerabilidad Alta / Infraestructura Escasa<br>Infr: Media
GUINAZU,1361.0,373.0,41.0,10.99,5,5,0,1,20,2,10,1,1,7.217,0.0,3.67,6.656999999999986,1.5584999999999962,14.7,7.35,1,1,1,1,0.8602,-31.3122463444352,-64.1732935256594,0.34,4002.94,1097.06,2.53,6.0,1.0,3.65,0,Cluster 1: Urbano Consolidado (Alta Infraestructura),Muy Alta,<b>GUINAZU</b><hr>Pob: 1361.0<br>Cluster: Cluster 1: Urbano Consolidado (Alta Infraestructura)<br>Infr: Muy Alta
GUINAZU SUD,500.0,200.0,3.0,1.5,0,0,0,1,12,2,4,0,1,6.217,0.0,0.0,6.656999999999986,0.0,24.0,20.0,0,1,0,1,0.6667,-31.335667108704,-64.1831340646197,0.04,12500.0,5000.0,16.667,1.0,0.67,2.5,0,Cluster 1: Urbano Consolidado (Alta Infraestructura),Muy Alta,<b>GUINAZU SUD</b><hr>Pob: 500.0<br>Cluster: Cluster 1: Urbano Consolidado (Alta Infraestructura)<br>Infr: Muy Alta
HIPOLITO IRIGOYEN,3313.0,893.0,83.0,9.29,0,0,0,1,6,4,23,0,1,8.106,0.0,0.0,3.02,0.0,1.81,3.02,0,1,0,1,0.1343,-31.3728101396738,-64.1862965749199,0.29,11424.14,3079.31,0.463,1.0,0.67,3.71,1,Cluster 2: Vulnerabilidad Alta / Infraestructura Escasa,Baja,<b>HIPOLITO IRIGOYEN</b><hr>Pob: 3313.0<br>Cluster: Cluster 2: Vulnerabilidad Alta / Infraestructura Escasa<br>Infr: Baja
HOGAR PROPIO,4716.0,1581.0,56.0,3.54,2,2,0,1,19,5,18,0,3,8.459,0.0,0.42,2.12,0.0,4.03,6.36,1,1,0,1,0.1745,-31.4073366174112,-64.1541697551546,0.48,9825.0,3293.75,0.364,3.0,1.0,2.98,1,Cluster 2: Vulnerabilidad Alta / Infraestructura Escasa,Media,<b>HOGAR PROPIO</b><hr>Pob: 4716.0<br>Cluster: Cluster 2: Vulnerabilidad Alta / Infraestructura Escasa<br>Infr: Media
HORIZONTE,2016.0,641.0,11.0,1.72,0,0,0,0,10,6,188,0,0,7.609,0.0,0.0,0.0,0.0,4.96,0.0,0,0,0,1,0.0919,-31.458659818397,-64.2065221911296,0.29,6951.72,2210.34,0.317,1.0,0.33,3.15,1,Cluster 2: Vulnerabilidad Alta / Infraestructura Escasa,Baja,<b>HORIZONTE</b><hr>Pob: 2016.0<br>Cluster: Cluster 2: Vulnerabilidad Alta / Infraestructura Escasa<br>Infr: Baja
INAUDI,1662.0,459.0,4.0,0.87,4,4,0,1,7,1,52,1,1,7.416,0.0,2.41,6.02,1.5584999999999962,4.21,6.02,1,1,1,1,0.5573,-31.4764448201221,-64.1942870194643,0.3,5540.0,1530.0,1.858,5.0,1.0,3.62,0,Cluster 1: Urbano Consolidado (Alta Infraestructura),Muy Alta,<b>INAUDI</b><hr>Pob: 1662.0<br>Cluster: Cluster 1: Urbano Consolidado (Alta Infraestructura)<br>Infr: Muy Alta
INDEPENDENCIA,813.0,294.0,7.0,2.38,1,0,1,0,16,9,38,0,0,6.702,1.0,1.23,0.0,0.0,19.68,0.0,1,0,0,1,0.4498,-31.4011747261759,-64.1901515777845,0.12,6775.0,2450.0,3.748,0.5,0.67,2.77,0,Cluster 1: Urbano Consolidado (Alta Infraestructura),Muy Alta,<b>INDEPENDENCIA</b><hr>Pob: 813.0<br>Cluster: Cluster 1: Urbano Consolidado (Alta Infraestructura)<br>Infr: Muy Alta
INDUSTRIAL ESTE,1153.0,386.0,1.0,0.26,0,0,0,0,14,10,167,0,0,7.051,0.0,0.0,0.0,0.0,12.14,0.0,0,0,0,1,0.2248,-31.4295150677245,-64.1642099648801,0.17,6782.35,2270.59,1.322,1.0,0.33,2.99,1,Cluster 2: Vulnerabilidad Alta / Infraestructura Escasa,Alta,<b>INDUSTRIAL ESTE</b><hr>Pob: 1153.0<br>Cluster: Cluster 2: Vulnerabilidad Alta / Infraestructura Escasa<br>Infr: Alta
INDUSTRIAL OESTE,1621.0,473.0,14.0,2.96,0,0,0,0,19,3,147,0,0,7.391,0.0,0.0,0.0,0.0,11.72,0.0,0,0,0,1,0.217,-31.4093022069007,-64.2665553929106,0.27,6003.7,1751.85,0.804,1.0,0.33,3.43,1,Cluster 2: Vulnerabilidad Alta / Infraestructura Escasa,Media,<b>INDUSTRIAL OESTE</b><hr>Pob: 1621.0<br>Cluster: Cluster 2: Vulnerabilidad Alta / Infraestructura Escasa<br>Infr: Media
IPONA,982.0,402.0,8.0,1.99,3,0,3,0,26,17,14,0,1,6.891,1.0,3.05,0.0,0.0,24.0,10.18,1,0,0,1,0.6561,-31.4447612065343,-64.1883722304098,0.13,7553.85,3092.31,5.047,0.25,0.67,2.44,0,Cluster 1: Urbano Consolidado (Alta Infraestructura),Muy Alta,<b>IPONA</b><hr>Pob: 982.0<br>Cluster: Cluster 1: Urbano Consolidado (Alta Infraestructura)<br>Infr: Muy Alta
IPV ANEXO LOS GIGANTES,5240.0,1414.0,36.0,2.55,3,3,0,0,11,2,0,0,1,8.564,0.0,0.57,0.0,0.0,2.1,1.91,1,0,0,1,0.0784,-31.3648676647868,-64.16327334385565,0.27,19407.41,5237.04,0.29,4.0,0.67,3.71,1,Cluster 2: Vulnerabilidad Alta / Infraestructura Escasa,Muy Baja,<b>IPV ANEXO LOS GIGANTES</b><hr>Pob: 5240.0<br>Cluster: Cluster 2: Vulnerabilidad Alta / Infraestructura Escasa<br>Infr: Muy Baja
IRUPE,523.0,200.0,10.0,5.0,3,3,0,0,6,6,45,0,1,6.261,0.0,4.8035,0.0,0.0,11.47,19.12,1,0,0,1,0.5457,-31.4591661313717,-64.2025406690525,0.14,3735.71,1428.57,3.898,4.0,0.67,2.62,0,Cluster 1: Urbano Consolidado (Alta Infraestructura),Muy Alta,<b>IRUPE</b><hr>Pob: 523.0<br>Cluster: Cluster 1: Urbano Consolidado (Alta Infraestructura)<br>Infr: Muy Alta
ITUZAINGO,3192.0,933.0,18.0,1.93,9,6,3,0,16,4,19,1,0,8.069,0.333,2.82,0.0,1.5584999999999962,5.01,0.0,1,0,1,1,0.3996,-31.4647362980865,-64.0971483618541,0.47,6791.49,1985.11,0.85,1.75,0.67,3.42,1,Cluster 2: Vulnerabilidad Alta / Infraestructura Escasa,Muy Alta,<b>ITUZAINGO</b><hr>Pob: 3192.0<br>Cluster: Cluster 2: Vulnerabilidad Alta / Infraestructura Escasa<br>Infr: Muy Alta
ITUZAINGO ANEXO,6081.0,1583.0,138.0,8.72,1,1,0,1,35,5,23,0,5,8.713,0.0,0.16,1.64,0.0,5.76,8.22,1,1,0,1,0.1725,-31.4636925992066,-64.0829019327012,0.93,6538.71,1702.15,0.185,2.0,1.0,3.84,1,Cluster 2: Vulnerabilidad Alta / Infraestructura Escasa,Media,<b>ITUZAINGO ANEXO</b><hr>Pob: 6081.0<br>Cluster: Cluster 2: Vulnerabilidad Alta / Infraestructura Escasa<br>Infr: Media
ITUZAINGO II,1553.0,394.0,42.0,10.66,0,0,0,0,2,1,0,0,1,7.349,0.0,0.0,0.0,0.0,1.29,6.44,0,0,0,1,0.0239,-31.4748343925178,-64.087896921299,1.22,1272.95,322.95,0.02,1.0,0.33,3.94,1,Cluster 2: Vulnerabilidad Alta / Infraestructura Escasa,Muy Baja,<b>ITUZAINGO II</b><hr>Pob: 1553.0<br>Cluster: Cluster 2: Vulnerabilidad Alta / Infraestructura Escasa<br>Infr: Muy Baja
JARDIN,6841.0,2621.0,45.0,1.72,12,8,4,0,13,13,52,0,1,8.831,0.333,1.75,0.0,0.0,1.9,1.46,1,0,0,1,0.1566,-31.4463256163336,-64.1817052357987,0.94,7277.66,2788.3,0.167,1.8,0.67,2.61,1,Cluster 2: Vulnerabilidad Alta / Infraestructura Escasa,Media,<b>JARDIN</b><hr>Pob: 6841.0<br>Cluster: Cluster 2: Vulnerabilidad Alta / Infraestructura Escasa<br>Infr: Media
JARDIN DEL CLARET,500.0,200.0,1.0,0.5,0,0,0,0,11,4,0,0,0,6.217,0.0,0.0,0.0,0.0,22.0,0.0,0,0,0,1,0.4074,-31.3481294929873,-64.2295895723668,0.18,2777.78,1111.11,2.263,1.0,0.33,2.5,0,Cluster 1: Urbano Consolidado (Alta Infraestructura),Muy Alta,<b>JARDIN DEL CLARET</b><hr>Pob: 500.0<br>Cluster: Cluster 1: Urbano Consolidado (Alta Infraestructura)<br>Infr: Muy Alta
JARDIN DEL PILAR,2131.0,633.0,37.0,5.85,2,2,0,0,12,3,116,0,1,7.665,0.0,0.94,0.0,0.0,5.63,4.69,1,0,0,1,0.1695,-31.4441158992776,-64.1528930609459,0.33,6457.58,1918.18,0.514,3.0,0.67,3.37,1,Cluster 2: Vulnerabilidad Alta / Infraestructura Escasa,Media,<b>JARDIN DEL PILAR</b><hr>Pob: 2131.0<br>Cluster: Cluster 2: Vulnerabilidad Alta / Infraestructura Escasa<br>Infr: Media
JARDIN DEL SUD,1482.0,451.0,3.0,0.67,0,0,0,0,7,2,38,0,1,7.302,0.0,0.0,0.0,0.0,4.72,6.75,0,0,0,1,0.0874,-31.4560504721943,-64.1645849897324,0.4,3705.0,1127.5,0.218,1.0,0.33,3.29,1,Cluster 2: Vulnerabilidad Alta / Infraestructura Escasa,Baja,<b>JARDIN DEL SUD</b><hr>Pob: 1482.0<br>Cluster: Cluster 2: Vulnerabilidad Alta / Infraestructura Escasa<br>Infr: Baja
JARDIN ESPINOSA,1515.0,485.0,3.0,0.62,6,0,6,0,6,3,345,0,1,7.324,1.0,3.96,0.0,0.0,3.96,6.6,1,0,0,1,0.3481,-31.4534509945975,-64.1712567263831,0.48,3156.25,1010.42,0.725,0.14,0.67,3.12,0,Cluster 1: Urbano Consolidado (Alta Infraestructura),Alta,<b>JARDIN ESPINOSA</b><hr>Pob: 1515.0<br>Cluster: Cluster 1: Urbano Consolidado (Alta Infraestructura)<br>Infr: Alta
JARDIN HIPODROMO,2188.0,644.0,28.0,4.35,3,0,3,0,2,1,28,0,2,7.691,1.0,1.37,0.0,0.0,0.91,9.14,1,0,0,1,0.1119,-31.4589242324741,-64.19080381357651,0.21,10419.05,3066.67,0.533,0.25,0.67,3.4,1,Cluster 2: Vulnerabilidad Alta / Infraestructura Escasa,Baja,<b>JARDIN HIPODROMO</b><hr>Pob: 2188.0<br>Cluster: Cluster 2: Vulnerabilidad Alta / Infraestructura Escasa<br>Infr: Baja
JARDINES DEL JOCKEY,516.0,200.0,1.0,0.5,0,0,0,0,7,4,0,0,0,6.248,0.0,0.0,0.0,0.0,13.57,0.0,0,0,0,1,0.2513,-31.4545213844294,-64.1762033277934,0.19,2715.79,1052.63,1.323,1.0,0.33,2.58,0,Cluster 1: Urbano Consolidado (Alta Infraestructura),Alta,<b>JARDINES DEL JOCKEY</b><hr>Pob: 516.0<br>Cluster: Cluster 1: Urbano Consolidado (Alta Infraestructura)<br>Infr: Alta
JERONIMO LUIS DE CABRERA,3272.0,928.0,48.0,5.17,1,1,0,0,16,5,10,0,2,8.093,0.0,0.31,0.0,0.0,4.89,6.11,1,0,0,1,0.1121,-31.355929776680497,-64.182586923343,0.24,13633.33,3866.67,0.467,2.0,0.67,3.53,1,Cluster 2: Vulnerabilidad Alta / Infraestructura Escasa,Baja,<b>JERONIMO LUIS DE CABRERA</b><hr>Pob: 3272.0<br>Cluster: Cluster 2: Vulnerabilidad Alta / Infraestructura Escasa<br>Infr: Baja
JOCKEY CLUB,516.0,200.0,0.0,0.0,0,0,0,0,2,3,96,0,1,6.248,0.0,0.0,0.0,0.0,3.88,19.38,0,0,0,1,0.0719,-31.45350962939535,-64.17915620724006,0.72,716.67,277.78,0.1,1.0,0.33,2.58,1,Cluster 2: Vulnerabilidad Alta / Infraestructura Escasa,Muy Baja,<b>JOCKEY CLUB</b><hr>Pob: 516.0<br>Cluster: Cluster 2: Vulnerabilidad Alta / Infraestructura Escasa<br>Infr: Muy Baja
JOSE HERNANDEZ,3233.0,951.0,44.0,4.63,1,1,0,1,9,3,42,0,1,8.081,0.0,0.31,3.09,0.0,2.78,3.09,1,1,0,1,0.1761,-31.4442248820361,-64.1570348359065,0.34,9508.82,2797.06,0.518,2.0,1.0,3.4,1,Cluster 2: Vulnerabilidad Alta / Infraestructura Escasa,Media,<b>JOSE HERNANDEZ</b><hr>Pob: 3233.0<br>Cluster: Cluster 2: Vulnerabilidad Alta / Infraestructura Escasa<br>Infr: Media
JOSE I RUCCI,500.0,200.0,0.0,0.0,0,0,0,0,8,3,0,0,1,6.217,0.0,0.0,0.0,0.0,16.0,20.0,0,0,0,1,0.2963,-31.4609802081608,-64.1294432268321,0.01,50000.0,20000.0,29.63,1.0,0.33,2.5,1,Cluster 2: Vulnerabilidad Alta / Infraestructura Escasa,Alta,<b>JOSE I RUCCI</b><hr>Pob: 500.0<br>Cluster: Cluster 2: Vulnerabilidad Alta / Infraestructura Escasa<br>Infr: Alta
JOSE IGNACIO DIAZ SECCION 1,4483.0,1196.0,86.0,7.19,0,0,0,1,7,2,0,0,1,8.408,0.0,0.0,2.23,0.0,1.56,2.23,0,1,0,1,0.1033,-31.4434066051212,-64.1379279859404,0.55,8150.91,2174.55,0.188,1.0,0.67,3.75,1,Cluster 2: Vulnerabilidad Alta / Infraestructura Escasa,Baja,<b>JOSE IGNACIO DIAZ SECCION 1</b><hr>Pob: 4483.0<br>Cluster: Cluster 2: Vulnerabilidad Alta / Infraestructura Escasa<br>Infr: Baja
JOSE IGNACIO DIAZ SECCION 2,2204.0,598.0,52.0,8.7,0,0,0,0,10,2,0,0,0,7.698,0.0,0.0,0.0,0.0,4.54,0.0,0,0,0,1,0.0841,-31.445119854089,-64.1454220109331,0.37,5956.76,1616.22,0.227,1.0,0.33,3.69,1,Cluster 2: Vulnerabilidad Alta / Infraestructura Escasa,Baja,<b>JOSE IGNACIO DIAZ SECCION 2</b><hr>Pob: 2204.0<br>Cluster: Cluster 2: Vulnerabilidad Alta / Infraestructura Escasa<br>Infr: Baja
JOSE IGNACIO DIAZ SECCION 3,11876.0,3006.0,474.0,15.77,6,6,0,1,8,3,118,1,0,9.382,0.0,0.51,0.84,0.84,0.67,0.0,1,1,1,1,0.1357,-31.4513797512027,-64.13227473173771,2.75,4318.55,1093.09,0.049,7.0,1.0,3.95,1,Cluster 2: Vulnerabilidad Alta / Infraestructura Escasa,Baja,<b>JOSE IGNACIO DIAZ SECCION 3</b><hr>Pob: 11876.0<br>Cluster: Cluster 2: Vulnerabilidad Alta / Infraestructura Escasa<br>Infr: Baja
JUAN B JUSTO,3088.0,813.0,24.0,2.95,1,1,0,0,8,3,22,0,1,8.036,0.0,0.32,0.0,0.0,2.59,3.24,1,0,0,1,0.0702,-31.3596644034487,-64.1815511893765,0.44,7018.18,1847.73,0.16,2.0,0.67,3.8,1,Cluster 2: Vulnerabilidad Alta / Infraestructura Escasa,Muy Baja,<b>JUAN B JUSTO</b><hr>Pob: 3088.0<br>Cluster: Cluster 2: Vulnerabilidad Alta / Infraestructura Escasa<br>Infr: Muy Baja
JUAN XXIII,977.0,308.0,2.0,0.65,0,0,0,0,15,5,70,0,1,6.886,0.0,0.0,0.0,0.0,15.35,10.24,0,0,0,1,0.2843,-31.4205156024717,-64.224871196559,0.13,7515.38,2369.23,2.187,1.0,0.33,3.17,0,Cluster 1: Urbano Consolidado (Alta Infraestructura),Alta,<b>JUAN XXIII</b><hr>Pob: 977.0<br>Cluster: Cluster 1: Urbano Consolidado (Alta Infraestructura)<br>Infr: Alta
JUNIORS,6521.0,2409.0,19.0,0.79,7,6,1,0,18,5,88,0,1,8.783,0.143,1.07,0.0,0.0,2.76,1.53,1,0,0,1,0.1254,-31.4192717920482,-64.1653082078352,0.93,7011.83,2590.32,0.135,3.5,0.67,2.71,1,Cluster 2: Vulnerabilidad Alta / Infraestructura Escasa,Baja,<b>JUNIORS</b><hr>Pob: 6521.0<br>Cluster: Cluster 2: Vulnerabilidad Alta / Infraestructura Escasa<br>Infr: Baja
KAIROS,826.0,200.0,23.0,11.5,0,0,0,1,7,1,18,0,2,6.718,0.0,0.0,6.656999999999986,0.0,8.47,24.21,0,1,0,1,0.3791,-31.4826802195118,-64.2497173104398,0.06,13766.67,3333.33,6.318,1.0,0.67,4.13,1,Cluster 2: Vulnerabilidad Alta / Infraestructura Escasa,Muy Alta,<b>KAIROS</b><hr>Pob: 826.0<br>Cluster: Cluster 2: Vulnerabilidad Alta / Infraestructura Escasa<br>Infr: Muy Alta
KENNEDY,1074.0,326.0,8.0,2.45,3,3,0,0,2,1,119,0,0,6.98,0.0,2.79,0.0,0.0,1.86,0.0,1,0,0,1,0.2281,-31.4580417689364,-64.1911071520722,0.11,9763.64,2963.64,2.074,4.0,0.67,3.29,1,Cluster 2: Vulnerabilidad Alta / Infraestructura Escasa,Alta,<b>KENNEDY</b><hr>Pob: 1074.0<br>Cluster: Cluster 2: Vulnerabilidad Alta / Infraestructura Escasa<br>Infr: Alta
LA CAROLINA,700.0,200.0,0.0,0.0,2,2,0,0,0,0,5,0,1,6.553,0.0,2.86,0.0,0.0,0.0,14.29,1,0,0,0,0.1985,-31.352759985372,-64.2862020234934,0.81,864.2,246.91,0.245,3.0,0.33,3.5,1,Cluster 2: Vulnerabilidad Alta / Infraestructura Escasa,Media,<b>LA CAROLINA</b><hr>Pob: 700.0<br>Cluster: Cluster 2: Vulnerabilidad Alta / Infraestructura Escasa<br>Infr: Media
LA DOROTEA,526.0,200.0,16.0,8.0,1,1,0,0,3,1,0,0,0,6.267,0.0,1.9,0.0,0.0,5.7,0.0,1,0,0,1,0.2374,-31.3788286307828,-64.1116311003492,0.06,8766.67,3333.33,3.957,2.0,0.67,2.63,1,Cluster 2: Vulnerabilidad Alta / Infraestructura Escasa,Alta,<b>LA DOROTEA</b><hr>Pob: 526.0<br>Cluster: Cluster 2: Vulnerabilidad Alta / Infraestructura Escasa<br>Infr: Alta
LA ESPERANZA,500.0,200.0,1.0,0.5,0,0,0,0,8,3,6,0,0,6.217,0.0,0.0,0.0,0.0,16.0,0.0,0,0,0,1,0.2963,-31.4838140058101,-64.2421336446981,0.03,16666.67,6666.67,9.877,1.0,0.33,2.5,0,Cluster 1: Urbano Consolidado (Alta Infraestructura),Alta,<b>LA ESPERANZA</b><hr>Pob: 500.0<br>Cluster: Cluster 1: Urbano Consolidado (Alta Infraestructura)<br>Infr: Alta
LA FLORESTA,1590.0,366.0,72.0,19.67,2,2,0,0,3,1,193,0,2,7.372,0.0,1.26,0.0,0.0,1.89,12.58,1,0,0,1,0.1224,-31.3892085271405,-64.0584290695021,1.26,1261.9,290.48,0.097,3.0,0.67,4.34,1,Cluster 2: Vulnerabilidad Alta / Infraestructura Escasa,Baja,<b>LA FLORESTA</b><hr>Pob: 1590.0<br>Cluster: Cluster 2: Vulnerabilidad Alta / Infraestructura Escasa<br>Infr: Baja
LA FRANCE,3218.0,1016.0,30.0,2.95,8,5,3,0,17,8,213,1,1,8.077,0.375,2.49,0.0,1.5584999999999962,5.28,3.11,1,0,1,1,0.3817,-31.373065947038,-64.2085938676132,0.3,10726.67,3386.67,1.272,1.5,0.67,3.17,1,Cluster 2: Vulnerabilidad Alta / Infraestructura Escasa,Muy Alta,<b>LA FRANCE</b><hr>Pob: 3218.0<br>Cluster: Cluster 2: Vulnerabilidad Alta / Infraestructura Escasa<br>Infr: Muy Alta
LA FRATERNIDAD,500.0,200.0,5.0,2.5,1,1,0,0,25,8,51,0,2,6.217,0.0,2.0,0.0,0.0,24.0,40.0,1,0,0,1,0.5832,-31.3768577788271,-64.1839607417547,0.06,8333.33,3333.33,9.72,2.0,0.67,2.5,0,Cluster 1: Urbano Consolidado (Alta Infraestructura),Muy Alta,<b>LA FRATERNIDAD</b><hr>Pob: 500.0<br>Cluster: Cluster 1: Urbano Consolidado (Alta Infraestructura)<br>Infr: Muy Alta
LA HORTENSIA,1423.0,371.0,29.0,7.82,0,0,0,0,1,1,240,0,0,7.261,0.0,0.0,0.0,0.0,0.7,0.0,0,0,0,1,0.013,-31.3843979505714,-64.1399484740113,0.3,4743.33,1236.67,0.043,1.0,0.33,3.84,1,Cluster 2: Vulnerabilidad Alta / Infraestructura Escasa,Muy Baja,<b>LA HORTENSIA</b><hr>Pob: 1423.0<br>Cluster: Cluster 2: Vulnerabilidad Alta / Infraestructura Escasa<br>Infr: Muy Baja
LA SALLE,707.0,210.0,3.0,1.43,2,2,0,1,11,4,4,0,0,6.562,0.0,2.83,6.656999999999986,0.0,15.56,0.0,1,1,0,1,0.7068,-31.3454778183915,-64.275515246264,0.15,4713.33,1400.0,4.712,3.0,1.0,3.37,0,Cluster 1: Urbano Consolidado (Alta Infraestructura),Muy Alta,<b>LA SALLE</b><hr>Pob: 707.0<br>Cluster: Cluster 1: Urbano Consolidado (Alta Infraestructura)<br>Infr: Muy Alta
LA TOMA,500.0,200.0,18.0,9.0,0,0,0,1,0,0,5,0,2,6.217,0.0,0.0,6.656999999999986,0.0,0.0,40.0,0,1,0,0,0.2222,-31.4051127349579,-64.2618449754138,0.14,3571.43,1428.57,1.587,1.0,0.33,2.5,1,Cluster 2: Vulnerabilidad Alta / Infraestructura Escasa,Alta,<b>LA TOMA</b><hr>Pob: 500.0<br>Cluster: Cluster 2: Vulnerabilidad Alta / Infraestructura Escasa<br>Infr: Alta
LAMADRID,2346.0,666.0,32.0,4.8,0,0,0,1,7,1,12,0,1,7.761,0.0,0.0,4.26,0.0,2.98,4.26,0,1,0,1,0.1974,-31.4142542254104,-64.2345600721848,0.28,8378.57,2378.57,0.705,1.0,0.67,3.52,1,Cluster 2: Vulnerabilidad Alta / Infraestructura Escasa,Media,<b>LAMADRID</b><hr>Pob: 2346.0<br>Cluster: Cluster 2: Vulnerabilidad Alta / Infraestructura Escasa<br>Infr: Media
LAS CANITAS,500.0,200.0,0.0,0.0,0,0,0,0,1,2,0,0,0,6.217,0.0,0.0,0.0,0.0,2.0,0.0,0,0,0,1,0.037,-31.4650784096084,-64.1891322142882,0.1,5000.0,2000.0,0.37,1.0,0.33,2.5,1,Cluster 2: Vulnerabilidad Alta / Infraestructura Escasa,Muy Baja,<b>LAS CANITAS</b><hr>Pob: 500.0<br>Cluster: Cluster 2: Vulnerabilidad Alta / Infraestructura Escasa<br>Infr: Muy Baja
LAS CANUELAS,500.0,200.0,0.0,0.0,0,0,0,0,0,0,0,0,0,6.217,0.0,0.0,0.0,0.0,0.0,0.0,0,0,0,0,0.0,-31.475993631789,-64.1545963596112,0.64,781.25,312.5,0.0,1.0,0.0,2.5,1,Cluster 2: Vulnerabilidad Alta / Infraestructura Escasa,Muy Baja,<b>LAS CANUELAS</b><hr>Pob: 500.0<br>Cluster: Cluster 2: Vulnerabilidad Alta / Infraestructura Escasa<br>Infr: Muy Baja
LAS CORTADERAS,500.0,200.0,18.0,9.0,1,1,0,1,24,3,0,0,0,6.217,0.0,2.0,6.656999999999986,0.0,24.0,0.0,1,1,0,1,0.8055,-31.3315892531035,-64.229590962207,0.04,12500.0,5000.0,20.138,2.0,1.0,2.5,0,Cluster 1: Urbano Consolidado (Alta Infraestructura),Muy Alta,<b>LAS CORTADERAS</b><hr>Pob: 500.0<br>Cluster: Cluster 1: Urbano Consolidado (Alta Infraestructura)<br>Infr: Muy Alta
LAS DALIAS,649.0,200.0,7.0,3.5,0,0,0,0,5,2,46,0,1,6.477,0.0,0.0,0.0,0.0,7.7,15.41,0,0,0,1,0.1426,-31.4096984739965,-64.2372977684071,0.08,8112.5,2500.0,1.782,1.0,0.33,3.24,1,Cluster 2: Vulnerabilidad Alta / Infraestructura Escasa,Baja,<b>LAS DALIAS</b><hr>Pob: 649.0<br>Cluster: Cluster 2: Vulnerabilidad Alta / Infraestructura Escasa<br>Infr: Baja
LAS FLORES,4037.0,1284.0,39.0,3.04,8,5,3,0,21,13,325,0,0,8.304,0.375,1.98,0.0,0.0,5.2,0.0,1,0,0,1,0.2337,-31.4500092193326,-64.1971927194197,0.71,5685.92,1808.45,0.329,1.5,0.67,3.14,1,Cluster 2: Vulnerabilidad Alta / Infraestructura Escasa,Alta,<b>LAS FLORES</b><hr>Pob: 4037.0<br>Cluster: Cluster 2: Vulnerabilidad Alta / Infraestructura Escasa<br>Infr: Alta
LAS HUERTILLAS,1133.0,278.0,27.0,9.71,1,1,0,0,1,1,7,0,2,7.034,0.0,0.88,0.0,0.0,0.88,17.65,1,0,0,1,0.0774,-31.4711647618496,-64.196333901865,1.02,1110.78,272.55,0.076,2.0,0.67,4.08,1,Cluster 2: Vulnerabilidad Alta / Infraestructura Escasa,Muy Baja,<b>LAS HUERTILLAS</b><hr>Pob: 1133.0<br>Cluster: Cluster 2: Vulnerabilidad Alta / Infraestructura Escasa<br>Infr: Muy Baja
LAS LILAS,2237.0,550.0,56.0,10.18,2,2,0,1,6,1,52,0,1,7.713,0.0,0.89,4.47,0.0,2.68,4.47,1,1,0,1,0.2606,-31.4453296898999,-64.1319168615125,0.61,3667.21,901.64,0.427,3.0,1.0,4.07,1,Cluster 2: Vulnerabilidad Alta / Infraestructura Escasa,Alta,<b>LAS LILAS</b><hr>Pob: 2237.0<br>Cluster: Cluster 2: Vulnerabilidad Alta / Infraestructura Escasa<br>Infr: Alta
LAS MAGNOLIAS,2459.0,767.0,25.0,3.26,0,0,0,0,34,8,27,0,2,7.808,0.0,0.0,0.0,0.0,13.83,8.13,0,0,0,1,0.2561,-31.3678491335932,-64.2102388700929,0.34,7232.35,2255.88,0.753,1.0,0.33,3.21,1,Cluster 2: Vulnerabilidad Alta / Infraestructura Escasa,Alta,<b>LAS MAGNOLIAS</b><hr>Pob: 2459.0<br>Cluster: Cluster 2: Vulnerabilidad Alta / Infraestructura Escasa<br>Infr: Alta
LAS MARGARITAS,2032.0,644.0,19.0,2.95,2,2,0,1,7,7,205,0,1,7.617,0.0,0.98,4.92,0.0,3.44,4.92,1,1,0,1,0.2959,-31.3784736934929,-64.2099396727188,0.29,7006.9,2220.69,1.02,3.0,1.0,3.16,1,Cluster 2: Vulnerabilidad Alta / Infraestructura Escasa,Alta,<b>LAS MARGARITAS</b><hr>Pob: 2032.0<br>Cluster: Cluster 2: Vulnerabilidad Alta / Infraestructura Escasa<br>Infr: Alta
LAS PALMAS,6142.0,1993.0,57.0,2.86,13,6,7,1,15,4,431,1,1,8.723,0.538,2.12,1.63,1.5584999999999962,2.44,1.63,1,1,1,1,0.3578,-31.4039268357349,-64.2392888497874,1.05,5849.52,1898.1,0.341,0.88,1.0,3.08,1,Cluster 2: Vulnerabilidad Alta / Infraestructura Escasa,Alta,<b>LAS PALMAS</b><hr>Pob: 6142.0<br>Cluster: Cluster 2: Vulnerabilidad Alta / Infraestructura Escasa<br>Infr: Alta
LAS PALMAS ANEXO,864.0,230.0,3.0,1.3,0,0,0,0,8,2,0,0,0,6.763,0.0,0.0,0.0,0.0,9.26,0.0,0,0,0,1,0.1715,-31.4128592856954,-64.2397007234111,0.12,7200.0,1916.67,1.429,1.0,0.33,3.76,1,Cluster 2: Vulnerabilidad Alta / Infraestructura Escasa,Media,<b>LAS PALMAS ANEXO</b><hr>Pob: 864.0<br>Cluster: Cluster 2: Vulnerabilidad Alta / Infraestructura Escasa<br>Infr: Media
LAS PLAYAS,2869.0,798.0,49.0,6.14,0,0,0,0,3,1,159,0,0,7.962,0.0,0.0,0.0,0.0,1.05,0.0,0,0,0,1,0.0194,-31.439564782513,-64.247489470892,0.31,9254.84,2574.19,0.063,1.0,0.33,3.6,1,Cluster 2: Vulnerabilidad Alta / Infraestructura Escasa,Muy Baja,<b>LAS PLAYAS</b><hr>Pob: 2869.0<br>Cluster: Cluster 2: Vulnerabilidad Alta / Infraestructura Escasa<br>Infr: Muy Baja
LAS ROSAS,877.0,346.0,1.0,0.29,4,0,4,0,2,1,223,0,0,6.778,1.0,4.56,0.0,0.0,2.28,0.0,1,0,0,1,0.3587,-31.391393991088,-64.2281073274152,0.31,2829.03,1116.13,1.157,0.2,0.67,2.53,0,Cluster 1: Urbano Consolidado (Alta Infraestructura),Muy Alta,<b>LAS ROSAS</b><hr>Pob: 877.0<br>Cluster: Cluster 1: Urbano Consolidado (Alta Infraestructura)<br>Infr: Muy Alta
LAS VIOLETAS,3243.0,834.0,98.0,11.75,5,5,0,1,7,2,2,0,2,8.085,0.0,1.54,3.08,0.0,2.16,6.17,1,1,0,1,0.2497,-31.4093312889146,-64.2503950304475,0.28,11582.14,2978.57,0.892,6.0,1.0,3.89,1,Cluster 2: Vulnerabilidad Alta / Infraestructura Escasa,Alta,<b>LAS VIOLETAS</b><hr>Pob: 3243.0<br>Cluster: Cluster 2: Vulnerabilidad Alta / Infraestructura Escasa<br>Infr: Alta
LICEO GENERAL PAZ,628.0,200.0,14.0,7.0,0,0,0,0,0,0,14,1,1,6.444,0.0,0.0,0.0,1.5584999999999962,0.0,15.92,0,0,1,0,0.1111,-31.3355758005306,-64.1667020824379,1.34,468.66,149.25,0.083,1.0,0.0,3.14,1,Cluster 2: Vulnerabilidad Alta / Infraestructura Escasa,Baja,<b>LICEO GENERAL PAZ</b><hr>Pob: 628.0<br>Cluster: Cluster 2: Vulnerabilidad Alta / Infraestructura Escasa<br>Infr: Baja
LOMAS DE SAN MARTIN,1734.0,560.0,3.0,0.54,0,0,0,0,7,4,308,0,0,7.459,0.0,0.0,0.0,0.0,4.04,0.0,0,0,0,1,0.0748,-31.3825174083115,-64.2059476982937,0.26,6669.23,2153.85,0.288,1.0,0.33,3.1,1,Cluster 2: Vulnerabilidad Alta / Infraestructura Escasa,Muy Baja,<b>LOMAS DE SAN MARTIN</b><hr>Pob: 1734.0<br>Cluster: Cluster 2: Vulnerabilidad Alta / Infraestructura Escasa<br>Infr: Muy Baja
LOS ALAMOS,1964.0,518.0,33.0,6.37,0,0,0,0,6,3,201,0,1,7.583,0.0,0.0,0.0,0.0,3.05,5.09,0,0,0,1,0.0565,-31.3678133678231,-64.1569101282328,0.2,9820.0,2590.0,0.282,1.0,0.33,3.79,1,Cluster 2: Vulnerabilidad Alta / Infraestructura Escasa,Muy Baja,<b>LOS ALAMOS</b><hr>Pob: 1964.0<br>Cluster: Cluster 2: Vulnerabilidad Alta / Infraestructura Escasa<br>Infr: Muy Baja
LOS ANGELES,766.0,282.0,0.0,0.0,3,0,3,0,15,13,4,0,0,6.642,1.0,3.92,0.0,0.0,19.58,0.0,1,0,0,1,0.6346,-31.359507855743,-64.2370170092703,0.23,3330.43,1226.09,2.759,0.25,0.67,2.72,0,Cluster 1: Urbano Consolidado (Alta Infraestructura),Muy Alta,<b>LOS ANGELES</b><hr>Pob: 766.0<br>Cluster: Cluster 1: Urbano Consolidado (Alta Infraestructura)<br>Infr: Muy Alta
LOS ARBOLES,500.0,200.0,0.0,0.0,0,0,0,0,0,0,0,0,0,6.217,0.0,0.0,0.0,0.0,0.0,0.0,0,0,0,0,0.0,-31.3663128297877,-64.2847366879914,0.0,0.0,0.0,0.0,1.0,0.0,2.5,1,Cluster 2: Vulnerabilidad Alta / Infraestructura Escasa,Muy Baja,<b>LOS ARBOLES</b><hr>Pob: 500.0<br>Cluster: Cluster 2: Vulnerabilidad Alta / Infraestructura Escasa<br>Infr: Muy Baja
LOS BOULEVARES,12277.0,3480.0,218.0,6.26,8,8,0,1,56,3,444,1,2,9.416,0.0,0.65,0.81,0.81,4.56,1.63,1,1,1,1,0.2143,-31.3451594663769,-64.2192643585421,10.27,1195.42,338.85,0.021,9.0,1.0,3.53,1,Cluster 2: Vulnerabilidad Alta / Infraestructura Escasa,Media,<b>LOS BOULEVARES</b><hr>Pob: 12277.0<br>Cluster: Cluster 2: Vulnerabilidad Alta / Infraestructura Escasa<br>Infr: Media
LOS CEIBOS,826.0,249.0,7.0,2.81,0,0,0,0,8,5,23,0,1,6.718,0.0,0.0,0.0,0.0,9.69,12.11,0,0,0,1,0.1794,-31.429311789068,-64.1480959893981,0.12,6883.33,2075.0,1.495,1.0,0.33,3.32,1,Cluster 2: Vulnerabilidad Alta / Infraestructura Escasa,Media,<b>LOS CEIBOS</b><hr>Pob: 826.0<br>Cluster: Cluster 2: Vulnerabilidad Alta / Infraestructura Escasa<br>Infr: Media
LOS CHINGOLOS,1944.0,473.0,42.0,8.88,4,4,0,0,5,1,49,0,1,7.573,0.0,2.06,0.0,0.0,2.57,5.14,1,0,0,1,0.1905,-31.340792625602,-64.169066378749,0.23,8452.17,2056.52,0.828,5.0,0.67,4.11,1,Cluster 2: Vulnerabilidad Alta / Infraestructura Escasa,Media,<b>LOS CHINGOLOS</b><hr>Pob: 1944.0<br>Cluster: Cluster 2: Vulnerabilidad Alta / Infraestructura Escasa<br>Infr: Media
LOS CIELOS,500.0,200.0,0.0,0.0,0,0,0,0,0,0,0,0,0,6.217,0.0,0.0,0.0,0.0,0.0,0.0,0,0,0,0,0.0,-31.3714859295371,-64.28265773622033,0.0,0.0,0.0,0.0,1.0,0.0,2.5,1,Cluster 2: Vulnerabilidad Alta / Infraestructura Escasa,Muy Baja,<b>LOS CIELOS</b><hr>Pob: 500.0<br>Cluster: Cluster 2: Vulnerabilidad Alta / Infraestructura Escasa<br>Infr: Muy Baja
LOS EUCALIPTUS,1741.0,480.0,15.0,3.12,2,1,1,0,4,3,31,0,1,7.463,0.5,1.15,0.0,0.0,2.3,5.74,1,0,0,1,0.1224,-31.4678374607454,-64.0885166553114,0.2,8705.0,2400.0,0.612,1.0,0.67,3.63,1,Cluster 2: Vulnerabilidad Alta / Infraestructura Escasa,Baja,<b>LOS EUCALIPTUS</b><hr>Pob: 1741.0<br>Cluster: Cluster 2: Vulnerabilidad Alta / Infraestructura Escasa<br>Infr: Baja
LOS FILTROS,852.0,200.0,32.0,16.0,2,2,0,0,7,2,12,0,0,6.749,0.0,2.35,0.0,0.0,8.22,0.0,1,0,0,1,0.3153,-31.4133081279979,-64.2484968686162,0.2,4260.0,1000.0,1.576,3.0,0.67,4.26,0,Cluster 1: Urbano Consolidado (Alta Infraestructura),Alta,<b>LOS FILTROS</b><hr>Pob: 852.0<br>Cluster: Cluster 1: Urbano Consolidado (Alta Infraestructura)<br>Infr: Alta
LOS FRESNOS,1067.0,246.0,38.0,15.45,1,1,0,0,0,0,0,0,2,6.974,0.0,0.94,0.0,0.0,0.0,18.74,1,0,0,0,0.0652,-31.4709007424932,-64.0815785370936,0.14,7621.43,1757.14,0.466,2.0,0.33,4.34,1,Cluster 2: Vulnerabilidad Alta / Infraestructura Escasa,Muy Baja,<b>LOS FRESNOS</b><hr>Pob: 1067.0<br>Cluster: Cluster 2: Vulnerabilidad Alta / Infraestructura Escasa<br>Infr: Muy Baja
LOS GIGANTES,4442.0,1249.0,49.0,3.92,3,3,0,0,11,2,41,0,1,8.399,0.0,0.68,0.0,0.0,2.48,2.25,1,0,0,1,0.0931,-31.3626362226789,-64.1695064760401,0.72,6169.44,1734.72,0.129,4.0,0.67,3.56,1,Cluster 2: Vulnerabilidad Alta / Infraestructura Escasa,Baja,<b>LOS GIGANTES</b><hr>Pob: 4442.0<br>Cluster: Cluster 2: Vulnerabilidad Alta / Infraestructura Escasa<br>Infr: Baja
LOS GRANADOS,3435.0,917.0,41.0,4.47,4,3,1,0,6,2,10,0,1,8.142,0.25,1.16,0.0,0.0,1.75,2.91,1,0,0,1,0.1129,-31.4233609670665,-64.2369958390385,0.45,7633.33,2037.78,0.251,2.0,0.67,3.75,1,Cluster 2: Vulnerabilidad Alta / Infraestructura Escasa,Baja,<b>LOS GRANADOS</b><hr>Pob: 3435.0<br>Cluster: Cluster 2: Vulnerabilidad Alta / Infraestructura Escasa<br>Infr: Baja
LOS HORNILLOS,726.0,200.0,20.0,10.0,0,0,0,0,19,5,1,0,1,6.589,0.0,0.0,0.0,0.0,24.0,13.77,0,0,0,1,0.4444,-31.3409132203449,-64.1720953360985,0.05,14520.0,4000.0,8.888,1.0,0.33,3.63,0,Cluster 1: Urbano Consolidado (Alta Infraestructura),Muy Alta,<b>LOS HORNILLOS</b><hr>Pob: 726.0<br>Cluster: Cluster 1: Urbano Consolidado (Alta Infraestructura)<br>Infr: Muy Alta
LOS JACARANDAES,1305.0,319.0,70.0,21.94,0,0,0,0,0,0,6,0,1,7.175,0.0,0.0,0.0,0.0,0.0,7.66,0,0,0,0,0.0,-31.4171979227171,-64.2364547163467,0.15,8700.0,2126.67,0.0,1.0,0.0,4.09,1,Cluster 2: Vulnerabilidad Alta / Infraestructura Escasa,Muy Baja,<b>LOS JACARANDAES</b><hr>Pob: 1305.0<br>Cluster: Cluster 2: Vulnerabilidad Alta / Infraestructura Escasa<br>Infr: Muy Baja
LOS JOSEFINOS,500.0,200.0,9.0,4.5,0,0,0,1,0,0,0,0,1,6.217,0.0,0.0,6.656999999999986,0.0,0.0,20.0,0,1,0,0,0.2222,-31.4142006207762,-64.1238803796894,0.05,10000.0,4000.0,4.444,1.0,0.33,2.5,1,Cluster 2: Vulnerabilidad Alta / Infraestructura Escasa,Alta,<b>LOS JOSEFINOS</b><hr>Pob: 500.0<br>Cluster: Cluster 2: Vulnerabilidad Alta / Infraestructura Escasa<br>Infr: Alta
LOS NARANJOS,1615.0,561.0,7.0,1.25,6,3,3,0,9,7,430,1,1,7.388,0.5,3.72,0.0,1.5584999999999962,5.57,6.19,1,0,1,1,0.4724,-31.4296647566055,-64.226563138602,0.25,6460.0,2244.0,1.89,1.0,0.67,2.88,0,Cluster 1: Urbano Consolidado (Alta Infraestructura),Muy Alta,<b>LOS NARANJOS</b><hr>Pob: 1615.0<br>Cluster: Cluster 1: Urbano Consolidado (Alta Infraestructura)<br>Infr: Muy Alta
LOS OLMOS,1859.0,541.0,21.0,3.88,2,0,2,0,13,8,56,0,1,7.528,1.0,1.08,0.0,0.0,6.99,5.38,1,0,0,1,0.2044,-31.4597965821554,-64.2172530936535,0.36,5163.89,1502.78,0.568,0.33,0.67,3.44,1,Cluster 2: Vulnerabilidad Alta / Infraestructura Escasa,Media,<b>LOS OLMOS</b><hr>Pob: 1859.0<br>Cluster: Cluster 2: Vulnerabilidad Alta / Infraestructura Escasa<br>Infr: Media
LOS OLMOS SUD,2486.0,636.0,48.0,7.55,1,1,0,1,19,4,19,0,2,7.819,0.0,0.4,4.02,0.0,7.64,8.05,1,1,0,1,0.3034,-31.465400290473603,-64.21545121967615,0.42,5919.05,1514.29,0.722,2.0,1.0,3.91,1,Cluster 2: Vulnerabilidad Alta / Infraestructura Escasa,Alta,<b>LOS OLMOS SUD</b><hr>Pob: 2486.0<br>Cluster: Cluster 2: Vulnerabilidad Alta / Infraestructura Escasa<br>Infr: Alta
LOS PARAISOS,5079.0,1638.0,40.0,2.44,3,0,3,0,28,6,364,0,1,8.533,1.0,0.59,0.0,0.0,5.51,1.97,1,0,0,1,0.143,-31.3830882690084,-64.1946480503973,0.48,10581.25,3412.5,0.298,0.25,0.67,3.1,1,Cluster 2: Vulnerabilidad Alta / Infraestructura Escasa,Baja,<b>LOS PARAISOS</b><hr>Pob: 5079.0<br>Cluster: Cluster 2: Vulnerabilidad Alta / Infraestructura Escasa<br>Infr: Baja
LOS PINOS,1901.0,532.0,21.0,3.95,2,2,0,1,7,4,160,0,1,7.551,0.0,1.05,5.26,0.0,3.68,5.26,1,1,0,1,0.3166,-31.3936669516838,-64.1410319653281,0.16,11881.25,3325.0,1.979,3.0,1.0,3.57,1,Cluster 2: Vulnerabilidad Alta / Infraestructura Escasa,Alta,<b>LOS PINOS</b><hr>Pob: 1901.0<br>Cluster: Cluster 2: Vulnerabilidad Alta / Infraestructura Escasa<br>Infr: Alta
LOS PLATANOS,7003.0,2166.0,58.0,2.68,8,7,1,0,11,5,120,0,0,8.854,0.125,1.14,0.0,0.0,1.57,0.0,1,0,0,1,0.1082,-31.4222080751586,-64.2307130188136,0.92,7611.96,2354.35,0.118,4.0,0.67,3.23,1,Cluster 2: Vulnerabilidad Alta / Infraestructura Escasa,Baja,<b>LOS PLATANOS</b><hr>Pob: 7003.0<br>Cluster: Cluster 2: Vulnerabilidad Alta / Infraestructura Escasa<br>Infr: Baja
LOS ROBLES,3479.0,958.0,144.0,15.03,4,4,0,0,8,2,203,0,1,8.155,0.0,1.15,0.0,0.0,2.3,2.87,1,0,0,1,0.1224,-31.4010362677022,-64.2649086322231,0.57,6103.51,1680.7,0.215,5.0,0.67,3.63,1,Cluster 2: Vulnerabilidad Alta / Infraestructura Escasa,Baja,<b>LOS ROBLES</b><hr>Pob: 3479.0<br>Cluster: Cluster 2: Vulnerabilidad Alta / Infraestructura Escasa<br>Infr: Baja
LOS SAUCES,1635.0,469.0,22.0,4.69,2,2,0,1,9,2,16,0,1,7.4,0.0,1.22,6.12,0.0,5.5,6.12,1,1,0,1,0.3908,-31.4611868550392,-64.0988703018824,0.21,7785.71,2233.33,1.861,3.0,1.0,3.49,1,Cluster 2: Vulnerabilidad Alta / Infraestructura Escasa,Muy Alta,<b>LOS SAUCES</b><hr>Pob: 1635.0<br>Cluster: Cluster 2: Vulnerabilidad Alta / Infraestructura Escasa<br>Infr: Muy Alta
LOS SOLES,500.0,200.0,0.0,0.0,0,0,0,0,5,1,0,0,0,6.217,0.0,0.0,0.0,0.0,10.0,0.0,0,0,0,1,0.1852,-31.37321427576532,-64.27863327990656,0.0,0.0,0.0,0.0,1.0,0.33,2.5,1,Cluster 2: Vulnerabilidad Alta / Infraestructura Escasa,Media,<b>LOS SOLES</b><hr>Pob: 500.0<br>Cluster: Cluster 2: Vulnerabilidad Alta / Infraestructura Escasa<br>Infr: Media
LOS SUENOS,500.0,200.0,0.0,0.0,0,0,0,0,1,1,0,0,0,6.217,0.0,0.0,0.0,0.0,2.0,0.0,0,0,0,1,0.037,-31.3604453595515,-64.2832690939214,0.0,0.0,0.0,0.0,1.0,0.33,2.5,1,Cluster 2: Vulnerabilidad Alta / Infraestructura Escasa,Muy Baja,<b>LOS SUENOS</b><hr>Pob: 500.0<br>Cluster: Cluster 2: Vulnerabilidad Alta / Infraestructura Escasa<br>Infr: Muy Baja
LOURDES,1413.0,318.0,50.0,15.72,1,1,0,0,26,6,7,0,1,7.254,0.0,0.71,0.0,0.0,18.4,7.08,1,0,0,1,0.39,-31.3316515562663,-64.2559838632293,0.13,10869.23,2446.15,3.0,2.0,0.67,4.44,0,Cluster 1: Urbano Consolidado (Alta Infraestructura),Muy Alta,<b>LOURDES</b><hr>Pob: 1413.0<br>Cluster: Cluster 1: Urbano Consolidado (Alta Infraestructura)<br>Infr: Muy Alta
MAIPU SECCION 1,2022.0,679.0,7.0,1.03,0,0,0,0,17,12,0,0,1,7.612,0.0,0.0,0.0,0.0,8.41,4.95,0,0,0,1,0.1557,-31.4361764058547,-64.1595471854071,0.27,7488.89,2514.81,0.577,1.0,0.33,2.98,1,Cluster 2: Vulnerabilidad Alta / Infraestructura Escasa,Media,<b>MAIPU SECCION 1</b><hr>Pob: 2022.0<br>Cluster: Cluster 2: Vulnerabilidad Alta / Infraestructura Escasa<br>Infr: Media
MAIPU SECCION 2,2283.0,764.0,8.0,1.05,0,0,0,0,13,11,0,0,1,7.734,0.0,0.0,0.0,0.0,5.69,4.38,0,0,0,1,0.1054,-31.4296995173019,-64.159805647332,0.36,6341.67,2122.22,0.293,1.0,0.33,2.99,1,Cluster 2: Vulnerabilidad Alta / Infraestructura Escasa,Baja,<b>MAIPU SECCION 2</b><hr>Pob: 2283.0<br>Cluster: Cluster 2: Vulnerabilidad Alta / Infraestructura Escasa<br>Infr: Baja
MALDONADO,8018.0,1873.0,359.0,19.17,7,7,0,0,10,2,13,0,0,8.99,0.0,0.87,0.0,0.0,1.25,0.0,1,0,0,1,0.0835,-31.412245483126,-64.127450781327,1.88,4264.89,996.28,0.044,8.0,0.67,4.28,1,Cluster 2: Vulnerabilidad Alta / Infraestructura Escasa,Baja,<b>MALDONADO</b><hr>Pob: 8018.0<br>Cluster: Cluster 2: Vulnerabilidad Alta / Infraestructura Escasa<br>Infr: Baja
MANANTIALES I-MANANTIALES II,500.0,200.0,0.0,0.0,0,0,0,0,1,1,0,0,0,6.217,0.0,0.0,0.0,0.0,2.0,0.0,0,0,0,1,0.037,-31.4501755442947,-64.2275132126212,0.0,0.0,0.0,0.0,1.0,0.33,2.5,1,Cluster 2: Vulnerabilidad Alta / Infraestructura Escasa,Muy Baja,<b>MANANTIALES I-MANANTIALES II</b><hr>Pob: 500.0<br>Cluster: Cluster 2: Vulnerabilidad Alta / Infraestructura Escasa<br>Infr: Muy Baja
MARCELO T DE ALVEAR,2748.0,751.0,48.0,6.39,0,0,0,0,8,2,263,0,1,7.919,0.0,0.0,0.0,0.0,2.91,3.64,0,0,0,1,0.0539,-31.3680411492782,-64.1718542573729,0.28,9814.29,2682.14,0.192,1.0,0.33,3.66,1,Cluster 2: Vulnerabilidad Alta / Infraestructura Escasa,Muy Baja,<b>MARCELO T DE ALVEAR</b><hr>Pob: 2748.0<br>Cluster: Cluster 2: Vulnerabilidad Alta / Infraestructura Escasa<br>Infr: Muy Baja
MARCOS SASTRE,1104.0,281.0,18.0,6.41,1,1,0,0,11,3,33,0,1,7.008,0.0,0.91,0.0,0.0,9.96,9.06,1,0,0,1,0.2476,-31.4451190053854,-64.149863964445,0.17,6494.12,1652.94,1.456,2.0,0.67,3.93,1,Cluster 2: Vulnerabilidad Alta / Infraestructura Escasa,Alta,<b>MARCOS SASTRE</b><hr>Pob: 1104.0<br>Cluster: Cluster 2: Vulnerabilidad Alta / Infraestructura Escasa<br>Infr: Alta
MARECHAL,3557.0,1077.0,61.0,5.66,1,1,0,0,19,4,20,0,1,8.177,0.0,0.28,0.0,0.0,5.34,2.81,1,0,0,1,0.1183,-31.3955292239017,-64.2142652519137,0.41,8675.61,2626.83,0.289,2.0,0.67,3.3,1,Cluster 2: Vulnerabilidad Alta / Infraestructura Escasa,Baja,<b>MARECHAL</b><hr>Pob: 3557.0<br>Cluster: Cluster 2: Vulnerabilidad Alta / Infraestructura Escasa<br>Infr: Baja
MARIA LASTENIA,500.0,200.0,11.0,5.5,4,4,0,0,20,5,16,0,1,6.217,0.0,4.8035,0.0,0.0,24.0,20.0,1,0,0,1,0.7778,-31.3266603545532,-64.1819207021647,2.29,218.34,87.34,0.34,5.0,0.67,2.5,0,Cluster 1: Urbano Consolidado (Alta Infraestructura),Muy Alta,<b>MARIA LASTENIA</b><hr>Pob: 500.0<br>Cluster: Cluster 1: Urbano Consolidado (Alta Infraestructura)<br>Infr: Muy Alta
MARIANO BALCARCE,1994.0,656.0,10.0,1.52,1,0,1,0,6,7,40,0,1,7.598,1.0,0.5,0.0,0.0,3.01,5.02,1,0,0,1,0.0904,-31.4336980595615,-64.2215931493569,0.22,9063.64,2981.82,0.411,0.5,0.67,3.04,1,Cluster 2: Vulnerabilidad Alta / Infraestructura Escasa,Baja,<b>MARIANO BALCARCE</b><hr>Pob: 1994.0<br>Cluster: Cluster 2: Vulnerabilidad Alta / Infraestructura Escasa<br>Infr: Baja
MARIANO FRAGUEIRO,3630.0,963.0,89.0,9.24,3,3,0,0,31,8,25,0,1,8.197,0.0,0.83,0.0,0.0,8.54,2.75,1,0,0,1,0.2157,-31.3660728145572,-64.1856708289333,0.29,12517.24,3320.69,0.744,4.0,0.67,3.77,1,Cluster 2: Vulnerabilidad Alta / Infraestructura Escasa,Media,<b>MARIANO FRAGUEIRO</b><hr>Pob: 3630.0<br>Cluster: Cluster 2: Vulnerabilidad Alta / Infraestructura Escasa<br>Infr: Media
MARQUES ANEXO,10478.0,2704.0,230.0,8.51,1,1,0,0,0,0,0,0,0,9.257,0.0,0.1,0.0,0.0,0.0,0.0,1,0,0,0,0.0069,-31.37143579108965,-64.19161266923146,0.61,17177.05,4432.79,0.011,2.0,0.33,3.88,1,Cluster 2: Vulnerabilidad Alta / Infraestructura Escasa,Muy Baja,<b>MARQUES ANEXO</b><hr>Pob: 10478.0<br>Cluster: Cluster 2: Vulnerabilidad Alta / Infraestructura Escasa<br>Infr: Muy Baja
MARQUES DE SOBREMONTE,24608.0,7540.0,340.0,4.51,12,8,4,1,35,4,1415,1,2,10.111,0.333,0.49,0.41,0.41,1.42,0.81,1,1,1,1,0.1032,-31.36862893655555,-64.19402795529055,2.7,9114.07,2792.59,0.038,1.8,1.0,3.26,1,Cluster 2: Vulnerabilidad Alta / Infraestructura Escasa,Baja,<b>MARQUES DE SOBREMONTE</b><hr>Pob: 24608.0<br>Cluster: Cluster 2: Vulnerabilidad Alta / Infraestructura Escasa<br>Infr: Baja
MAULLER,5734.0,1593.0,125.0,7.85,7,7,0,0,15,1,0,1,3,8.654,0.0,1.22,0.0,1.5584999999999962,2.62,5.23,1,0,1,1,0.2443,-31.4147746684517,-64.1388534120657,0.84,6826.19,1896.43,0.291,8.0,0.67,3.6,1,Cluster 2: Vulnerabilidad Alta / Infraestructura Escasa,Alta,<b>MAULLER</b><hr>Pob: 5734.0<br>Cluster: Cluster 2: Vulnerabilidad Alta / Infraestructura Escasa<br>Infr: Alta
MAURIZI,756.0,255.0,11.0,4.31,1,1,0,0,3,3,1,0,0,6.629,0.0,1.32,0.0,0.0,3.97,0.0,1,0,0,1,0.1651,-31.4274174705639,-64.2081597810474,0.11,6872.73,2318.18,1.501,2.0,0.67,2.96,1,Cluster 2: Vulnerabilidad Alta / Infraestructura Escasa,Media,<b>MAURIZI</b><hr>Pob: 756.0<br>Cluster: Cluster 2: Vulnerabilidad Alta / Infraestructura Escasa<br>Infr: Media
MERCANTIL,723.0,214.0,3.0,1.4,5,4,1,0,8,2,87,0,0,6.585,0.2,4.8035,0.0,0.0,11.07,0.0,1,0,0,1,0.5383,-31.3183526871751,-64.2587038912171,0.09,8033.33,2377.78,5.981,2.5,0.67,3.38,0,Cluster 1: Urbano Consolidado (Alta Infraestructura),Muy Alta,<b>MERCANTIL</b><hr>Pob: 723.0<br>Cluster: Cluster 1: Urbano Consolidado (Alta Infraestructura)<br>Infr: Muy Alta
MILITAR GENERAL DEHEZA,825.0,200.0,2.0,1.0,2,2,0,0,3,2,0,0,0,6.717,0.0,2.42,0.0,0.0,3.64,0.0,1,0,0,1,0.2353,-31.3961038343019,-64.2718381204991,0.37,2229.73,540.54,0.636,3.0,0.67,4.12,1,Cluster 2: Vulnerabilidad Alta / Infraestructura Escasa,Alta,<b>MILITAR GENERAL DEHEZA</b><hr>Pob: 825.0<br>Cluster: Cluster 2: Vulnerabilidad Alta / Infraestructura Escasa<br>Infr: Alta
MIRADOR,3164.0,956.0,107.0,11.19,0,0,0,0,13,4,14,0,1,8.06,0.0,0.0,0.0,0.0,4.11,3.16,0,0,0,1,0.0761,-31.4289133054055,-64.1385804949468,0.31,10206.45,3083.87,0.245,1.0,0.33,3.31,1,Cluster 2: Vulnerabilidad Alta / Infraestructura Escasa,Muy Baja,<b>MIRADOR</b><hr>Pob: 3164.0<br>Cluster: Cluster 2: Vulnerabilidad Alta / Infraestructura Escasa<br>Infr: Muy Baja
MIRADOR DEL CHATEAU,754.0,288.0,0.0,0.0,0,0,0,0,10,4,71,0,1,6.627,0.0,0.0,0.0,0.0,13.26,13.26,0,0,0,1,0.2456,-31.38511415213455,-64.26248967015471,0.5,1508.0,576.0,0.491,1.0,0.33,2.62,1,Cluster 2: Vulnerabilidad Alta / Infraestructura Escasa,Alta,<b>MIRADOR DEL CHATEAU</b><hr>Pob: 754.0<br>Cluster: Cluster 2: Vulnerabilidad Alta / Infraestructura Escasa<br>Infr: Alta
MIRALTA,3528.0,889.0,145.0,16.31,0,0,0,1,10,2,5,0,2,8.169,0.0,0.0,2.83,0.0,2.83,5.67,0,1,0,1,0.1469,-31.4244364501647,-64.1122227442397,0.34,10376.47,2614.71,0.432,1.0,0.67,3.97,1,Cluster 2: Vulnerabilidad Alta / Infraestructura Escasa,Baja,<b>MIRALTA</b><hr>Pob: 3528.0<br>Cluster: Cluster 2: Vulnerabilidad Alta / Infraestructura Escasa<br>Infr: Baja
MIRIZZI,693.0,200.0,17.0,8.5,3,3,0,0,19,5,12,0,2,6.542,0.0,4.33,0.0,0.0,24.0,28.86,1,0,0,1,0.7449,-31.4736776999547,-64.2058443325684,0.24,2887.5,833.33,3.104,4.0,0.67,3.46,0,Cluster 1: Urbano Consolidado (Alta Infraestructura),Muy Alta,<b>MIRIZZI</b><hr>Pob: 693.0<br>Cluster: Cluster 1: Urbano Consolidado (Alta Infraestructura)<br>Infr: Muy Alta
MUTUAL DE LOS DOCENTES,729.0,205.0,1.0,0.49,0,0,0,0,3,1,54,0,0,6.593,0.0,0.0,0.0,0.0,4.12,0.0,0,0,0,1,0.0763,-31.4569004597575,-64.2241300612357,0.2,3645.0,1025.0,0.382,1.0,0.33,3.56,1,Cluster 2: Vulnerabilidad Alta / Infraestructura Escasa,Muy Baja,<b>MUTUAL DE LOS DOCENTES</b><hr>Pob: 729.0<br>Cluster: Cluster 2: Vulnerabilidad Alta / Infraestructura Escasa<br>Infr: Muy Baja
NICOLAS AVELLANEDA,1782.0,492.0,16.0,3.25,6,6,0,1,14,5,10,0,2,7.486,0.0,3.37,5.61,0.0,7.86,11.22,1,1,0,1,0.5667,-31.4623154748996,-64.1037099479582,0.17,10482.35,2894.12,3.334,7.0,1.0,3.62,0,Cluster 1: Urbano Consolidado (Alta Infraestructura),Muy Alta,<b>NICOLAS AVELLANEDA</b><hr>Pob: 1782.0<br>Cluster: Cluster 1: Urbano Consolidado (Alta Infraestructura)<br>Infr: Muy Alta
NUESTRO HOGAR I,595.0,200.0,18.0,9.0,0,0,0,1,17,4,0,0,1,6.39,0.0,0.0,6.656999999999986,0.0,24.0,16.81,0,1,0,1,0.6667,-31.4713698368511,-64.1489809392811,0.07,8500.0,2857.14,9.524,1.0,0.67,2.98,0,Cluster 1: Urbano Consolidado (Alta Infraestructura),Muy Alta,<b>NUESTRO HOGAR I</b><hr>Pob: 595.0<br>Cluster: Cluster 1: Urbano Consolidado (Alta Infraestructura)<br>Infr: Muy Alta
NUESTRO HOGAR II,861.0,209.0,33.0,15.79,4,4,0,0,9,2,0,0,1,6.759,0.0,4.65,0.0,0.0,10.45,11.61,1,0,0,1,0.5162,-31.387682870044,-64.0982253407013,0.13,6623.08,1607.69,3.971,5.0,0.67,4.12,0,Cluster 1: Urbano Consolidado (Alta Infraestructura),Muy Alta,<b>NUESTRO HOGAR II</b><hr>Pob: 861.0<br>Cluster: Cluster 1: Urbano Consolidado (Alta Infraestructura)<br>Infr: Muy Alta
NUESTRO HOGAR III,11140.0,2788.0,610.0,21.88,1,1,0,1,18,1,3,0,2,9.318,0.0,0.09,0.9,0.0,1.62,1.8,1,1,0,1,0.0663,-31.50091471404605,-64.19982237373814,0.63,17682.54,4425.4,0.105,2.0,1.0,4.0,1,Cluster 2: Vulnerabilidad Alta / Infraestructura Escasa,Muy Baja,<b>NUESTRO HOGAR III</b><hr>Pob: 11140.0<br>Cluster: Cluster 2: Vulnerabilidad Alta / Infraestructura Escasa<br>Infr: Muy Baja
NUEVA CORDOBA,37055.0,20000.0,245.0,1.23,21,8,13,0,44,34,344,1,1,10.52,0.619,0.57,0.0,0.27,1.19,0.27,1,0,1,1,0.0808,-31.426755004302,-64.186098312365,1.24,29883.06,16129.03,0.065,0.64,0.67,1.85,1,Cluster 2: Vulnerabilidad Alta / Infraestructura Escasa,Muy Baja,<b>NUEVA CORDOBA</b><hr>Pob: 37055.0<br>Cluster: Cluster 2: Vulnerabilidad Alta / Infraestructura Escasa<br>Infr: Muy Baja
NUEVA CORDOBA ANEXA,1582.0,500.0,6.0,1.2,0,0,0,1,8,4,0,0,1,7.367,0.0,0.0,6.32,0.0,5.06,6.32,0,1,0,1,0.3047,-31.4363481826837,-64.164017889066,0.19,8326.32,2631.58,1.604,1.0,0.67,3.16,1,Cluster 2: Vulnerabilidad Alta / Infraestructura Escasa,Alta,<b>NUEVA CORDOBA ANEXA</b><hr>Pob: 1582.0<br>Cluster: Cluster 2: Vulnerabilidad Alta / Infraestructura Escasa<br>Infr: Alta
NUEVA ITALIA,3347.0,988.0,54.0,5.47,4,1,3,0,5,1,308,0,0,8.116,0.75,1.2,0.0,0.0,1.49,0.0,1,0,0,1,0.1109,-31.3859550300777,-64.1452722218278,0.44,7606.82,2245.45,0.252,0.5,0.67,3.39,1,Cluster 2: Vulnerabilidad Alta / Infraestructura Escasa,Baja,<b>NUEVA ITALIA</b><hr>Pob: 3347.0<br>Cluster: Cluster 2: Vulnerabilidad Alta / Infraestructura Escasa<br>Infr: Baja
NUEVO URCA,500.0,200.0,0.0,0.0,0,0,0,0,4,1,120,0,1,6.217,0.0,0.0,0.0,0.0,8.0,20.0,0,0,0,1,0.1481,-31.3828475471979,-64.2674905686599,0.23,2173.91,869.57,0.644,1.0,0.33,2.5,1,Cluster 2: Vulnerabilidad Alta / Infraestructura Escasa,Media,<b>NUEVO URCA</b><hr>Pob: 500.0<br>Cluster: Cluster 2: Vulnerabilidad Alta / Infraestructura Escasa<br>Infr: Media
OBRERO,2481.0,919.0,13.0,1.41,0,0,0,1,21,13,244,0,1,7.817,0.0,0.0,4.03,0.0,8.46,4.03,0,1,0,1,0.2912,-31.4134335064709,-64.2122200883557,0.29,8555.17,3168.97,1.004,1.0,0.67,2.7,1,Cluster 2: Vulnerabilidad Alta / Infraestructura Escasa,Alta,<b>OBRERO</b><hr>Pob: 2481.0<br>Cluster: Cluster 2: Vulnerabilidad Alta / Infraestructura Escasa<br>Infr: Alta
OBSERVATORIO,6616.0,2360.0,128.0,5.42,7,3,4,0,10,5,100,0,1,8.797,0.571,1.06,0.0,0.0,1.51,1.51,1,0,0,1,0.1015,-31.4231361956293,-64.2028823470864,0.81,8167.9,2913.58,0.125,0.8,0.67,2.8,1,Cluster 2: Vulnerabilidad Alta / Infraestructura Escasa,Baja,<b>OBSERVATORIO</b><hr>Pob: 6616.0<br>Cluster: Cluster 2: Vulnerabilidad Alta / Infraestructura Escasa<br>Infr: Baja
OMBU,1681.0,567.0,5.0,0.88,0,0,0,0,12,11,234,0,1,7.428,0.0,0.0,0.0,0.0,7.14,5.95,0,0,0,1,0.1322,-31.3893202773862,-64.21753693663,0.29,5796.55,1955.17,0.456,1.0,0.33,2.96,1,Cluster 2: Vulnerabilidad Alta / Infraestructura Escasa,Baja,<b>OMBU</b><hr>Pob: 1681.0<br>Cluster: Cluster 2: Vulnerabilidad Alta / Infraestructura Escasa<br>Infr: Baja
ONA,1333.0,405.0,9.0,2.22,7,4,3,0,7,3,0,0,2,7.196,0.429,4.8035,0.0,0.0,5.25,15.0,1,0,0,1,0.4306,-31.4492916492839,-64.1653991848349,0.22,6059.09,1840.91,1.957,1.25,0.67,3.29,0,Cluster 1: Urbano Consolidado (Alta Infraestructura),Muy Alta,<b>ONA</b><hr>Pob: 1333.0<br>Cluster: Cluster 1: Urbano Consolidado (Alta Infraestructura)<br>Infr: Muy Alta
OSN,1993.0,575.0,8.0,1.39,0,0,0,0,11,4,35,0,1,7.598,0.0,0.0,0.0,0.0,5.52,5.02,0,0,0,1,0.1022,-31.4599043773051,-64.15824125761,0.14,14235.71,4107.14,0.73,1.0,0.33,3.47,1,Cluster 2: Vulnerabilidad Alta / Infraestructura Escasa,Baja,<b>OSN</b><hr>Pob: 1993.0<br>Cluster: Cluster 2: Vulnerabilidad Alta / Infraestructura Escasa<br>Infr: Baja
PADRE CLARET,871.0,256.0,0.0,0.0,6,0,6,0,10,13,48,0,1,6.771,1.0,4.8035,0.0,0.0,11.48,11.48,1,0,0,1,0.5459,-31.3544915100643,-64.237238422406,0.32,2721.88,800.0,1.706,0.14,0.67,3.4,0,Cluster 1: Urbano Consolidado (Alta Infraestructura),Muy Alta,<b>PADRE CLARET</b><hr>Pob: 871.0<br>Cluster: Cluster 1: Urbano Consolidado (Alta Infraestructura)<br>Infr: Muy Alta
PALERMO BAJO,1909.0,666.0,3.0,0.45,0,0,0,0,21,5,0,0,0,7.555,0.0,0.0,0.0,0.0,11.0,0.0,0,0,0,1,0.2037,-31.3869413360447,-64.2246185527337,0.37,5159.46,1800.0,0.551,1.0,0.33,2.87,1,Cluster 2: Vulnerabilidad Alta / Infraestructura Escasa,Media,<b>PALERMO BAJO</b><hr>Pob: 1909.0<br>Cluster: Cluster 2: Vulnerabilidad Alta / Infraestructura Escasa<br>Infr: Media
PALMAR,1025.0,283.0,10.0,3.53,2,2,0,0,3,1,55,0,1,6.933,0.0,1.95,0.0,0.0,2.93,9.76,1,0,0,1,0.1896,-31.3899757721453,-64.1246701968207,0.24,4270.83,1179.17,0.79,3.0,0.67,3.62,1,Cluster 2: Vulnerabilidad Alta / Infraestructura Escasa,Media,<b>PALMAR</b><hr>Pob: 1025.0<br>Cluster: Cluster 2: Vulnerabilidad Alta / Infraestructura Escasa<br>Infr: Media
PALMAS DEL CLARET,623.0,211.0,0.0,0.0,0,0,0,0,1,1,0,0,0,6.436,0.0,0.0,0.0,0.0,1.61,0.0,0,0,0,1,0.0298,-31.3514066893432,-64.2308945622633,0.05,12460.0,4220.0,0.596,1.0,0.33,2.95,1,Cluster 2: Vulnerabilidad Alta / Infraestructura Escasa,Muy Baja,<b>PALMAS DEL CLARET</b><hr>Pob: 623.0<br>Cluster: Cluster 2: Vulnerabilidad Alta / Infraestructura Escasa<br>Infr: Muy Baja
PANAMERICANO,3346.0,1072.0,26.0,2.43,4,4,0,0,13,5,101,0,1,8.116,0.0,1.2,0.0,0.0,3.89,2.99,1,0,0,1,0.1553,-31.3728037015138,-64.1799531562142,0.57,5870.18,1880.7,0.272,5.0,0.67,3.12,1,Cluster 2: Vulnerabilidad Alta / Infraestructura Escasa,Media,<b>PANAMERICANO</b><hr>Pob: 3346.0<br>Cluster: Cluster 2: Vulnerabilidad Alta / Infraestructura Escasa<br>Infr: Media
PARQUE ALAMEDA,656.0,200.0,3.0,1.5,0,0,0,0,0,0,24,0,1,6.488,0.0,0.0,0.0,0.0,0.0,15.24,0,0,0,0,0.0,-31.4667304669222,-64.1842467716332,0.23,2852.17,869.57,0.0,1.0,0.0,3.28,1,Cluster 2: Vulnerabilidad Alta / Infraestructura Escasa,Muy Baja,<b>PARQUE ALAMEDA</b><hr>Pob: 656.0<br>Cluster: Cluster 2: Vulnerabilidad Alta / Infraestructura Escasa<br>Infr: Muy Baja
PARQUE ATLANTICA,2249.0,734.0,17.0,2.32,1,1,0,0,10,5,49,0,0,7.719,0.0,0.44,0.0,0.0,4.45,0.0,1,0,0,1,0.1129,-31.4538400218945,-64.2100439245679,0.33,6815.15,2224.24,0.342,2.0,0.67,3.06,1,Cluster 2: Vulnerabilidad Alta / Infraestructura Escasa,Baja,<b>PARQUE ATLANTICA</b><hr>Pob: 2249.0<br>Cluster: Cluster 2: Vulnerabilidad Alta / Infraestructura Escasa<br>Infr: Baja
PARQUE CAPITAL,3972.0,1272.0,6.0,0.47,3,2,1,0,12,3,563,0,1,8.287,0.333,0.76,0.0,0.0,3.02,2.52,1,0,0,1,0.1087,-31.4351614511823,-64.2159341822764,0.72,5516.67,1766.67,0.151,1.5,0.67,3.12,1,Cluster 2: Vulnerabilidad Alta / Infraestructura Escasa,Baja,<b>PARQUE CAPITAL</b><hr>Pob: 3972.0<br>Cluster: Cluster 2: Vulnerabilidad Alta / Infraestructura Escasa<br>Infr: Baja
PARQUE CAPITAL SUD,1443.0,442.0,2.0,0.45,0,0,0,0,13,3,34,0,1,7.275,0.0,0.0,0.0,0.0,9.01,6.93,0,0,0,1,0.1669,-31.4426782072545,-64.2171490791533,0.28,5153.57,1578.57,0.596,1.0,0.33,3.26,1,Cluster 2: Vulnerabilidad Alta / Infraestructura Escasa,Media,<b>PARQUE CAPITAL SUD</b><hr>Pob: 1443.0<br>Cluster: Cluster 2: Vulnerabilidad Alta / Infraestructura Escasa<br>Infr: Media
PARQUE CHACABUCO,1164.0,388.0,1.0,0.26,0,0,0,0,4,2,165,0,1,7.06,0.0,0.0,0.0,0.0,3.44,8.59,0,0,0,1,0.0637,-31.382522710674,-64.2116422926307,0.28,4157.14,1385.71,0.228,1.0,0.33,3.0,1,Cluster 2: Vulnerabilidad Alta / Infraestructura Escasa,Muy Baja,<b>PARQUE CHACABUCO</b><hr>Pob: 1164.0<br>Cluster: Cluster 2: Vulnerabilidad Alta / Infraestructura Escasa<br>Infr: Muy Baja
PARQUE CHATEAU CARRERAS,500.0,200.0,2.0,1.0,0,0,0,0,0,0,80,0,0,6.217,0.0,0.0,0.0,0.0,0.0,0.0,0,0,0,0,0.0,-31.3626197967517,-64.2647444147625,2.66,187.97,75.19,0.0,1.0,0.0,2.5,1,Cluster 2: Vulnerabilidad Alta / Infraestructura Escasa,Muy Baja,<b>PARQUE CHATEAU CARRERAS</b><hr>Pob: 500.0<br>Cluster: Cluster 2: Vulnerabilidad Alta / Infraestructura Escasa<br>Infr: Muy Baja
PARQUE COREMA,584.0,220.0,1.0,0.45,1,1,0,0,0,0,1,0,0,6.372,0.0,1.71,0.0,0.0,0.0,0.0,1,0,0,0,0.1187,-31.367945597451,-64.228319679797,0.14,4171.43,1571.43,0.848,2.0,0.33,2.65,1,Cluster 2: Vulnerabilidad Alta / Infraestructura Escasa,Baja,<b>PARQUE COREMA</b><hr>Pob: 584.0<br>Cluster: Cluster 2: Vulnerabilidad Alta / Infraestructura Escasa<br>Infr: Baja
PARQUE DE LA VEGA II,596.0,200.0,22.0,11.0,0,0,0,0,20,3,0,0,1,6.392,0.0,0.0,0.0,0.0,24.0,16.78,0,0,0,1,0.4444,-31.4086410569058,-64.2612520517313,0.25,2384.0,800.0,1.778,1.0,0.33,2.98,0,Cluster 1: Urbano Consolidado (Alta Infraestructura),Muy Alta,<b>PARQUE DE LA VEGA II</b><hr>Pob: 596.0<br>Cluster: Cluster 1: Urbano Consolidado (Alta Infraestructura)<br>Infr: Muy Alta
PARQUE DE LA VEGA III,596.0,200.0,1.0,0.5,0,0,0,0,7,2,0,0,0,6.392,0.0,0.0,0.0,0.0,11.74,0.0,0,0,0,1,0.2174,-31.4035479069876,-64.2671597598804,0.22,2709.09,909.09,0.988,1.0,0.33,2.98,1,Cluster 2: Vulnerabilidad Alta / Infraestructura Escasa,Media,<b>PARQUE DE LA VEGA III</b><hr>Pob: 596.0<br>Cluster: Cluster 2: Vulnerabilidad Alta / Infraestructura Escasa<br>Infr: Media
PARQUE DE LA VIDA,500.0,200.0,0.0,0.0,0,0,0,0,1,1,0,0,0,6.217,0.0,0.0,0.0,0.0,2.0,0.0,0,0,0,1,0.037,-31.4442273592752,-64.2261000948677,0.0,0.0,0.0,0.0,1.0,0.33,2.5,1,Cluster 2: Vulnerabilidad Alta / Infraestructura Escasa,Muy Baja,<b>PARQUE DE LA VIDA</b><hr>Pob: 500.0<br>Cluster: Cluster 2: Vulnerabilidad Alta / Infraestructura Escasa<br>Infr: Muy Baja
PARQUE DEL ESTE,679.0,200.0,24.0,12.0,2,2,0,0,9,1,58,0,1,6.522,0.0,2.95,0.0,0.0,13.25,14.73,1,0,0,1,0.4501,-31.4051586405003,-64.1455089911964,0.8,848.75,250.0,0.563,3.0,0.67,3.4,0,Cluster 1: Urbano Consolidado (Alta Infraestructura),Muy Alta,<b>PARQUE DEL ESTE</b><hr>Pob: 679.0<br>Cluster: Cluster 1: Urbano Consolidado (Alta Infraestructura)<br>Infr: Muy Alta
PARQUE DON BOSCO,4691.0,1385.0,24.0,1.73,1,1,0,1,18,2,248,0,1,8.454,0.0,0.21,2.13,0.0,3.84,2.13,1,1,0,1,0.1568,-31.3884319827078,-64.272025814382,0.67,7001.49,2067.16,0.234,2.0,1.0,3.39,1,Cluster 2: Vulnerabilidad Alta / Infraestructura Escasa,Media,<b>PARQUE DON BOSCO</b><hr>Pob: 4691.0<br>Cluster: Cluster 2: Vulnerabilidad Alta / Infraestructura Escasa<br>Infr: Media
PARQUE FUTURA,2851.0,703.0,68.0,9.67,5,2,3,0,7,1,49,0,1,7.956,0.6,1.75,0.0,0.0,2.46,3.51,1,0,0,1,0.167,-31.488906450635,-64.2529899700877,1.13,2523.01,622.12,0.148,0.75,0.67,4.06,1,Cluster 2: Vulnerabilidad Alta / Infraestructura Escasa,Media,<b>PARQUE FUTURA</b><hr>Pob: 2851.0<br>Cluster: Cluster 2: Vulnerabilidad Alta / Infraestructura Escasa<br>Infr: Media
PARQUE JORGE NEWBERY,2909.0,913.0,16.0,1.75,2,2,0,0,30,4,152,0,2,7.976,0.0,0.69,0.0,0.0,10.31,6.88,1,0,0,1,0.2388,-31.350399915226,-64.180513219248,0.47,6189.36,1942.55,0.508,3.0,0.67,3.19,1,Cluster 2: Vulnerabilidad Alta / Infraestructura Escasa,Alta,<b>PARQUE JORGE NEWBERY</b><hr>Pob: 2909.0<br>Cluster: Cluster 2: Vulnerabilidad Alta / Infraestructura Escasa<br>Infr: Alta
PARQUE LATINO,1306.0,432.0,4.0,0.93,5,3,2,0,12,7,119,0,1,7.175,0.4,3.83,0.0,0.0,9.19,7.66,1,0,0,1,0.436,-31.4596532315616,-64.2124548233494,0.32,4081.25,1350.0,1.362,1.33,0.67,3.02,0,Cluster 1: Urbano Consolidado (Alta Infraestructura),Muy Alta,<b>PARQUE LATINO</b><hr>Pob: 1306.0<br>Cluster: Cluster 1: Urbano Consolidado (Alta Infraestructura)<br>Infr: Muy Alta
PARQUE LICEO SECCION 1,3693.0,1108.0,58.0,5.23,0,0,0,0,2,1,0,0,1,8.214,0.0,0.0,0.0,0.0,0.54,2.71,0,0,0,1,0.01,-31.3497061993402,-64.1625303442315,2.55,1448.24,434.51,0.004,1.0,0.33,3.33,1,Cluster 2: Vulnerabilidad Alta / Infraestructura Escasa,Muy Baja,<b>PARQUE LICEO SECCION 1</b><hr>Pob: 3693.0<br>Cluster: Cluster 2: Vulnerabilidad Alta / Infraestructura Escasa<br>Infr: Muy Baja
PARQUE LICEO SECCION 2,7826.0,2013.0,157.0,7.8,2,2,0,1,14,2,0,0,1,8.965,0.0,0.26,1.28,0.0,1.79,1.28,1,1,0,1,0.0939,-31.3556278869882,-64.1620118927709,0.96,8152.08,2096.88,0.098,3.0,1.0,3.89,1,Cluster 2: Vulnerabilidad Alta / Infraestructura Escasa,Baja,<b>PARQUE LICEO SECCION 2</b><hr>Pob: 7826.0<br>Cluster: Cluster 2: Vulnerabilidad Alta / Infraestructura Escasa<br>Infr: Baja
PARQUE LICEO SECCION 3,5593.0,1426.0,164.0,11.5,13,9,4,1,25,4,431,0,1,8.629,0.308,2.32,1.79,0.0,4.47,1.79,1,1,0,1,0.3035,-31.3552182265341,-64.1513432642662,0.86,6503.49,1658.14,0.353,2.0,1.0,3.92,1,Cluster 2: Vulnerabilidad Alta / Infraestructura Escasa,Alta,<b>PARQUE LICEO SECCION 3</b><hr>Pob: 5593.0<br>Cluster: Cluster 2: Vulnerabilidad Alta / Infraestructura Escasa<br>Infr: Alta
PARQUE LOS MOLINOS,864.0,264.0,6.0,2.27,0,0,0,0,15,7,39,0,0,6.763,0.0,0.0,0.0,0.0,17.36,0.0,0,0,0,1,0.3215,-31.4561025121088,-64.2008967897547,0.16,5400.0,1650.0,2.009,1.0,0.33,3.27,0,Cluster 1: Urbano Consolidado (Alta Infraestructura),Alta,<b>PARQUE LOS MOLINOS</b><hr>Pob: 864.0<br>Cluster: Cluster 1: Urbano Consolidado (Alta Infraestructura)<br>Infr: Alta
PARQUE MODELO,500.0,200.0,0.0,0.0,0,0,0,0,7,3,0,0,1,6.217,0.0,0.0,0.0,0.0,14.0,20.0,0,0,0,1,0.2593,-31.3647142739498,-64.2510241394099,0.11,4545.45,1818.18,2.357,1.0,0.33,2.5,0,Cluster 1: Urbano Consolidado (Alta Infraestructura),Alta,<b>PARQUE MODELO</b><hr>Pob: 500.0<br>Cluster: Cluster 1: Urbano Consolidado (Alta Infraestructura)<br>Infr: Alta
PARQUE MONTECRISTO,1554.0,466.0,6.0,1.29,3,3,0,0,7,2,26,0,2,7.349,0.0,1.93,0.0,0.0,4.5,12.87,1,0,0,1,0.2173,-31.3886256093823,-64.1399659927481,0.19,8178.95,2452.63,1.144,4.0,0.67,3.33,1,Cluster 2: Vulnerabilidad Alta / Infraestructura Escasa,Media,<b>PARQUE MONTECRISTO</b><hr>Pob: 1554.0<br>Cluster: Cluster 2: Vulnerabilidad Alta / Infraestructura Escasa<br>Infr: Media
PARQUE REPUBLICA,7412.0,1861.0,201.0,10.8,7,7,0,1,15,2,59,1,1,8.911,0.0,0.94,1.35,1.35,2.02,1.35,1,1,1,1,0.2439,-31.4161294813208,-64.258582064065,0.98,7563.27,1898.98,0.249,8.0,1.0,3.98,1,Cluster 2: Vulnerabilidad Alta / Infraestructura Escasa,Alta,<b>PARQUE REPUBLICA</b><hr>Pob: 7412.0<br>Cluster: Cluster 2: Vulnerabilidad Alta / Infraestructura Escasa<br>Infr: Alta
PARQUE SAN CARLOS,749.0,231.0,2.0,0.87,1,1,0,0,8,2,3,0,0,6.62,0.0,1.34,0.0,0.0,10.68,0.0,1,0,0,1,0.2908,-31.4494274723584,-64.1599280417188,0.1,7490.0,2310.0,2.908,2.0,0.67,3.24,0,Cluster 1: Urbano Consolidado (Alta Infraestructura),Alta,<b>PARQUE SAN CARLOS</b><hr>Pob: 749.0<br>Cluster: Cluster 1: Urbano Consolidado (Alta Infraestructura)<br>Infr: Alta
PARQUE SAN VICENTE,1327.0,451.0,3.0,0.67,0,0,0,0,19,7,147,0,0,7.191,0.0,0.0,0.0,0.0,14.32,0.0,0,0,0,1,0.2652,-31.4249959692642,-64.1373491487954,0.18,7372.22,2505.56,1.473,1.0,0.33,2.94,1,Cluster 2: Vulnerabilidad Alta / Infraestructura Escasa,Alta,<b>PARQUE SAN VICENTE</b><hr>Pob: 1327.0<br>Cluster: Cluster 2: Vulnerabilidad Alta / Infraestructura Escasa<br>Infr: Alta
PARQUE SARMIENTO,500.0,200.0,0.0,0.0,3,3,0,0,7,12,911,0,0,6.217,0.0,4.8035,0.0,0.0,14.0,0.0,1,0,0,1,0.5926,-31.4328801293591,-64.1789078506441,0.0,0.0,0.0,0.0,4.0,0.67,2.5,0,Cluster 1: Urbano Consolidado (Alta Infraestructura),Muy Alta,<b>PARQUE SARMIENTO</b><hr>Pob: 500.0<br>Cluster: Cluster 1: Urbano Consolidado (Alta Infraestructura)<br>Infr: Muy Alta
PARQUE TABLADA,981.0,323.0,1.0,0.31,0,0,0,0,16,4,30,0,1,6.89,0.0,0.0,0.0,0.0,16.31,10.19,0,0,0,1,0.302,-31.3871781770563,-64.2312408178758,0.24,4087.5,1345.83,1.258,1.0,0.33,3.04,0,Cluster 1: Urbano Consolidado (Alta Infraestructura),Alta,<b>PARQUE TABLADA</b><hr>Pob: 981.0<br>Cluster: Cluster 1: Urbano Consolidado (Alta Infraestructura)<br>Infr: Alta
PARQUE VELEZ SARSFIELD,3045.0,1004.0,8.0,0.8,1,1,0,0,13,3,1016,0,1,8.022,0.0,0.33,0.0,0.0,4.27,3.28,1,0,0,1,0.102,-31.4411595485323,-64.2040025565823,0.65,4684.62,1544.62,0.157,2.0,0.67,3.03,1,Cluster 2: Vulnerabilidad Alta / Infraestructura Escasa,Baja,<b>PARQUE VELEZ SARSFIELD</b><hr>Pob: 3045.0<br>Cluster: Cluster 2: Vulnerabilidad Alta / Infraestructura Escasa<br>Infr: Baja
PASO DE LOS ANDES,2529.0,902.0,25.0,2.77,6,3,3,0,12,18,238,1,0,7.836,0.5,2.37,0.0,1.5584999999999962,4.74,0.0,1,0,1,1,0.3634,-31.4159538702898,-64.203280297451,0.38,6655.26,2373.68,0.956,1.0,0.67,2.8,1,Cluster 2: Vulnerabilidad Alta / Infraestructura Escasa,Muy Alta,<b>PASO DE LOS ANDES</b><hr>Pob: 2529.0<br>Cluster: Cluster 2: Vulnerabilidad Alta / Infraestructura Escasa<br>Infr: Muy Alta
PATRIA,1790.0,640.0,5.0,0.78,2,0,2,0,19,8,0,0,0,7.491,1.0,1.12,0.0,0.0,10.61,0.0,1,0,0,1,0.2742,-31.4090264654307,-64.1601858045219,0.25,7160.0,2560.0,1.097,0.33,0.67,2.8,1,Cluster 2: Vulnerabilidad Alta / Infraestructura Escasa,Alta,<b>PATRIA</b><hr>Pob: 1790.0<br>Cluster: Cluster 2: Vulnerabilidad Alta / Infraestructura Escasa<br>Infr: Alta
PATRICIOS,4731.0,1400.0,67.0,4.79,6,6,0,0,8,1,466,2,1,8.462,0.0,1.27,0.0,1.5584999999999962,1.69,2.11,1,0,1,1,0.2305,-31.3756246362009,-64.1380411944225,0.5,9462.0,2800.0,0.461,7.0,0.67,3.38,1,Cluster 2: Vulnerabilidad Alta / Infraestructura Escasa,Alta,<b>PATRICIOS</b><hr>Pob: 4731.0<br>Cluster: Cluster 2: Vulnerabilidad Alta / Infraestructura Escasa<br>Infr: Alta
PATRICIOS ESTE,2550.0,653.0,51.0,7.81,1,1,0,1,1,1,10,0,1,7.844,0.0,0.39,3.92,0.0,0.39,3.92,1,1,0,1,0.1651,-31.3664999296539,-64.1349339830755,0.27,9444.44,2418.52,0.611,2.0,1.0,3.91,1,Cluster 2: Vulnerabilidad Alta / Infraestructura Escasa,Media,<b>PATRICIOS ESTE</b><hr>Pob: 2550.0<br>Cluster: Cluster 2: Vulnerabilidad Alta / Infraestructura Escasa<br>Infr: Media
PATRICIOS NORTE,1790.0,485.0,39.0,8.04,0,0,0,0,14,5,227,0,1,7.491,0.0,0.0,0.0,0.0,7.82,5.59,0,0,0,1,0.1448,-31.3665348992504,-64.1397902544819,0.18,9944.44,2694.44,0.804,1.0,0.33,3.69,1,Cluster 2: Vulnerabilidad Alta / Infraestructura Escasa,Baja,<b>PATRICIOS NORTE</b><hr>Pob: 1790.0<br>Cluster: Cluster 2: Vulnerabilidad Alta / Infraestructura Escasa<br>Infr: Baja
PATRICIOS OESTE,5211.0,1370.0,114.0,8.32,3,3,0,0,16,6,43,0,1,8.559,0.0,0.58,0.0,0.0,3.07,1.92,1,0,0,1,0.0971,-31.366869744123,-64.144607787169,0.51,10217.65,2686.27,0.19,4.0,0.67,3.8,1,Cluster 2: Vulnerabilidad Alta / Infraestructura Escasa,Baja,<b>PATRICIOS OESTE</b><hr>Pob: 5211.0<br>Cluster: Cluster 2: Vulnerabilidad Alta / Infraestructura Escasa<br>Infr: Baja
PIEDRAS BLANCAS,500.0,200.0,0.0,0.0,0,0,0,0,5,1,0,0,0,6.217,0.0,0.0,0.0,0.0,10.0,0.0,0,0,0,1,0.1852,-31.4828367695047,-64.1625623852958,0.04,12500.0,5000.0,4.63,1.0,0.33,2.5,1,Cluster 2: Vulnerabilidad Alta / Infraestructura Escasa,Media,<b>PIEDRAS BLANCAS</b><hr>Pob: 500.0<br>Cluster: Cluster 2: Vulnerabilidad Alta / Infraestructura Escasa<br>Infr: Media
POETA LUGONES,7839.0,2591.0,14.0,0.54,7,6,1,0,31,5,992,0,1,8.967,0.143,0.89,0.0,0.0,3.95,1.28,1,0,0,1,0.1349,-31.3609843553083,-64.2119307156898,1.52,5157.24,1704.61,0.089,3.5,0.67,3.03,1,Cluster 2: Vulnerabilidad Alta / Infraestructura Escasa,Baja,<b>POETA LUGONES</b><hr>Pob: 7839.0<br>Cluster: Cluster 2: Vulnerabilidad Alta / Infraestructura Escasa<br>Infr: Baja
POLICARPIO CABRAL,517.0,200.0,5.0,2.5,0,0,0,0,10,2,0,0,0,6.25,0.0,0.0,0.0,0.0,19.34,0.0,0,0,0,1,0.3581,-31.4365154316367,-64.1379006955884,0.07,7385.71,2857.14,5.116,1.0,0.33,2.58,0,Cluster 1: Urbano Consolidado (Alta Infraestructura),Muy Alta,<b>POLICARPIO CABRAL</b><hr>Pob: 517.0<br>Cluster: Cluster 1: Urbano Consolidado (Alta Infraestructura)<br>Infr: Muy Alta
POLICIAL,9360.0,2424.0,312.0,12.87,0,0,0,1,2,1,65,0,1,9.144,0.0,0.0,1.07,0.0,0.21,1.07,0,1,0,1,0.0396,-31.31551981250325,-64.2649630981434,0.8,11700.0,3030.0,0.05,1.0,0.67,3.86,1,Cluster 2: Vulnerabilidad Alta / Infraestructura Escasa,Muy Baja,<b>POLICIAL</b><hr>Pob: 9360.0<br>Cluster: Cluster 2: Vulnerabilidad Alta / Infraestructura Escasa<br>Infr: Muy Baja
PORTAL DE CORDOBA,2234.0,535.0,20.0,3.74,0,0,0,0,3,1,38,0,0,7.712,0.0,0.0,0.0,0.0,1.34,0.0,0,0,0,1,0.0248,-31.4442984208467,-64.1094454944293,0.24,9308.33,2229.17,0.103,1.0,0.33,4.18,1,Cluster 2: Vulnerabilidad Alta / Infraestructura Escasa,Muy Baja,<b>PORTAL DE CORDOBA</b><hr>Pob: 2234.0<br>Cluster: Cluster 2: Vulnerabilidad Alta / Infraestructura Escasa<br>Infr: Muy Baja
PORTAL DEL JACARANDA,500.0,200.0,2.0,1.0,1,0,1,0,9,3,0,0,0,6.217,1.0,2.0,0.0,0.0,18.0,0.0,1,0,0,1,0.4721,-31.3439690435074,-64.2889913814107,0.09,5555.56,2222.22,5.246,0.5,0.67,2.5,0,Cluster 1: Urbano Consolidado (Alta Infraestructura),Muy Alta,<b>PORTAL DEL JACARANDA</b><hr>Pob: 500.0<br>Cluster: Cluster 1: Urbano Consolidado (Alta Infraestructura)<br>Infr: Muy Alta
POSTA DE VARGAS,719.0,200.0,5.0,2.5,3,3,0,0,4,2,3,0,1,6.579,0.0,4.17,0.0,0.0,5.56,13.91,1,0,0,1,0.3923,-31.4798946482734,-64.1941605174631,0.08,8987.5,2500.0,4.904,4.0,0.67,3.6,0,Cluster 1: Urbano Consolidado (Alta Infraestructura),Muy Alta,<b>POSTA DE VARGAS</b><hr>Pob: 719.0<br>Cluster: Cluster 1: Urbano Consolidado (Alta Infraestructura)<br>Infr: Muy Alta
PRIMERA JUNTA,783.0,253.0,3.0,1.19,0,0,0,0,10,4,0,0,1,6.664,0.0,0.0,0.0,0.0,12.77,12.77,0,0,0,1,0.2365,-31.4262217020123,-64.2277644708514,0.1,7830.0,2530.0,2.365,1.0,0.33,3.09,1,Cluster 2: Vulnerabilidad Alta / Infraestructura Escasa,Alta,<b>PRIMERA JUNTA</b><hr>Pob: 783.0<br>Cluster: Cluster 2: Vulnerabilidad Alta / Infraestructura Escasa<br>Infr: Alta
PROVIDENCIA,4998.0,1856.0,148.0,7.97,0,0,0,0,30,21,405,0,1,8.517,0.0,0.0,0.0,0.0,6.0,2.0,0,0,0,1,0.1111,-31.4007885482133,-64.2007718428186,0.61,8193.44,3042.62,0.182,1.0,0.33,2.69,1,Cluster 2: Vulnerabilidad Alta / Infraestructura Escasa,Baja,<b>PROVIDENCIA</b><hr>Pob: 4998.0<br>Cluster: Cluster 2: Vulnerabilidad Alta / Infraestructura Escasa<br>Infr: Baja
PUENTE BLANCO,1157.0,354.0,14.0,3.95,0,0,0,0,5,2,68,0,1,7.054,0.0,0.0,0.0,0.0,4.32,8.64,0,0,0,1,0.08,-31.4102088438482,-64.2354259890449,0.18,6427.78,1966.67,0.444,1.0,0.33,3.27,1,Cluster 2: Vulnerabilidad Alta / Infraestructura Escasa,Muy Baja,<b>PUENTE BLANCO</b><hr>Pob: 1157.0<br>Cluster: Cluster 2: Vulnerabilidad Alta / Infraestructura Escasa<br>Infr: Muy Baja
QUEBRADA DE LAS ROSAS,4842.0,1503.0,20.0,1.33,3,3,0,0,21,7,568,0,0,8.485,0.0,0.62,0.0,0.0,4.34,0.0,1,0,0,1,0.1234,-31.3911204679379,-64.2557636529928,1.61,3007.45,933.54,0.077,4.0,0.67,3.22,1,Cluster 2: Vulnerabilidad Alta / Infraestructura Escasa,Baja,<b>QUEBRADA DE LAS ROSAS</b><hr>Pob: 4842.0<br>Cluster: Cluster 2: Vulnerabilidad Alta / Infraestructura Escasa<br>Infr: Baja
QUINTA SANTA ANA,648.0,242.0,0.0,0.0,0,0,0,0,4,3,11,0,0,6.475,0.0,0.0,0.0,0.0,6.17,0.0,0,0,0,1,0.1143,-31.4116430526547,-64.2041555793476,0.14,4628.57,1728.57,0.816,1.0,0.33,2.68,1,Cluster 2: Vulnerabilidad Alta / Infraestructura Escasa,Baja,<b>QUINTA SANTA ANA</b><hr>Pob: 648.0<br>Cluster: Cluster 2: Vulnerabilidad Alta / Infraestructura Escasa<br>Infr: Baja
QUINTAS DE ARGUELLO,649.0,205.0,2.0,0.98,7,5,2,0,10,3,0,1,1,6.477,0.286,4.8035,0.0,1.5584999999999962,15.41,15.41,1,0,1,1,0.7298,-31.3400189964185,-64.2713056429599,0.08,8112.5,2562.5,9.122,2.0,0.67,3.17,0,Cluster 1: Urbano Consolidado (Alta Infraestructura),Muy Alta,<b>QUINTAS DE ARGUELLO</b><hr>Pob: 649.0<br>Cluster: Cluster 1: Urbano Consolidado (Alta Infraestructura)<br>Infr: Muy Alta
QUINTAS DE FLORES,500.0,200.0,0.0,0.0,0,0,0,0,10,1,5,0,0,6.217,0.0,0.0,0.0,0.0,20.0,0.0,0,0,0,1,0.3704,-31.4894148301706,-64.1636669610672,0.23,2173.91,869.57,1.61,1.0,0.33,2.5,0,Cluster 1: Urbano Consolidado (Alta Infraestructura),Muy Alta,<b>QUINTAS DE FLORES</b><hr>Pob: 500.0<br>Cluster: Cluster 1: Urbano Consolidado (Alta Infraestructura)<br>Infr: Muy Alta
QUINTAS DE ITALIA,500.0,200.0,3.0,1.5,0,0,0,0,0,0,52,0,0,6.217,0.0,0.0,0.0,0.0,0.0,0.0,0,0,0,0,0.0,-31.4979842970964,-64.177191210219,0.41,1219.51,487.8,0.0,1.0,0.0,2.5,1,Cluster 2: Vulnerabilidad Alta / Infraestructura Escasa,Muy Baja,<b>QUINTAS DE ITALIA</b><hr>Pob: 500.0<br>Cluster: Cluster 2: Vulnerabilidad Alta / Infraestructura Escasa<br>Infr: Muy Baja
QUINTAS DE SAN JORGE,1537.0,340.0,46.0,13.53,1,1,0,1,4,2,28,0,2,7.338,0.0,0.65,6.51,0.0,2.6,13.01,1,1,0,1,0.3106,-31.3740431522688,-64.1306408255164,0.09,17077.78,3777.78,3.451,2.0,1.0,4.52,1,Cluster 2: Vulnerabilidad Alta / Infraestructura Escasa,Alta,<b>QUINTAS DE SAN JORGE</b><hr>Pob: 1537.0<br>Cluster: Cluster 2: Vulnerabilidad Alta / Infraestructura Escasa<br>Infr: Alta
RAMON J CARCANO,2031.0,532.0,50.0,9.4,3,3,0,0,6,4,44,0,1,7.617,0.0,1.48,0.0,0.0,2.95,4.92,1,0,0,1,0.1573,-31.463692802931,-64.1376703606332,1.5,1354.0,354.67,0.105,4.0,0.67,3.82,1,Cluster 2: Vulnerabilidad Alta / Infraestructura Escasa,Media,<b>RAMON J CARCANO</b><hr>Pob: 2031.0<br>Cluster: Cluster 2: Vulnerabilidad Alta / Infraestructura Escasa<br>Infr: Media
RECREO DEL NORTE,2032.0,487.0,61.0,12.53,0,0,0,0,0,0,15,0,0,7.617,0.0,0.0,0.0,0.0,0.0,0.0,0,0,0,0,0.0,-31.3123539634767,-64.167325622174,0.5,4064.0,974.0,0.0,1.0,0.0,4.17,1,Cluster 2: Vulnerabilidad Alta / Infraestructura Escasa,Muy Baja,<b>RECREO DEL NORTE</b><hr>Pob: 2032.0<br>Cluster: Cluster 2: Vulnerabilidad Alta / Infraestructura Escasa<br>Infr: Muy Baja
REMEDIOS DE ESCALADA,4565.0,1256.0,150.0,11.94,7,7,0,0,0,0,17,0,1,8.426,0.0,1.53,0.0,0.0,0.0,2.19,1,0,0,0,0.1062,-31.3421300238043,-64.1869920177232,2.44,1870.9,514.75,0.044,8.0,0.33,3.63,1,Cluster 2: Vulnerabilidad Alta / Infraestructura Escasa,Baja,<b>REMEDIOS DE ESCALADA</b><hr>Pob: 4565.0<br>Cluster: Cluster 2: Vulnerabilidad Alta / Infraestructura Escasa<br>Infr: Baja
RENACIMIENTO,2927.0,699.0,71.0,10.16,1,1,0,0,13,1,2,0,1,7.982,0.0,0.34,0.0,0.0,4.44,3.42,1,0,0,1,0.1058,-31.4183241408712,-64.1212770221383,0.26,11257.69,2688.46,0.407,2.0,0.67,4.19,1,Cluster 2: Vulnerabilidad Alta / Infraestructura Escasa,Baja,<b>RENACIMIENTO</b><hr>Pob: 2927.0<br>Cluster: Cluster 2: Vulnerabilidad Alta / Infraestructura Escasa<br>Infr: Baja
RENE FAVALORO,1012.0,296.0,1.0,0.34,3,3,0,0,5,1,267,0,1,6.921,0.0,2.96,0.0,0.0,4.94,9.88,1,0,0,1,0.2969,-31.4091999467218,-64.2319102857693,0.11,9200.0,2690.91,2.699,4.0,0.67,3.42,0,Cluster 1: Urbano Consolidado (Alta Infraestructura),Alta,<b>RENE FAVALORO</b><hr>Pob: 1012.0<br>Cluster: Cluster 1: Urbano Consolidado (Alta Infraestructura)<br>Infr: Alta
RENE FAVALORO II,1536.0,470.0,9.0,1.91,0,0,0,0,4,2,0,0,1,7.338,0.0,0.0,0.0,0.0,2.6,6.51,0,0,0,1,0.0481,-31.4488242294769,-64.2361423987957,0.16,9600.0,2937.5,0.301,1.0,0.33,3.27,1,Cluster 2: Vulnerabilidad Alta / Infraestructura Escasa,Muy Baja,<b>RENE FAVALORO II</b><hr>Pob: 1536.0<br>Cluster: Cluster 2: Vulnerabilidad Alta / Infraestructura Escasa<br>Infr: Muy Baja
RES CHATEAU CARRERAS CO VI CO,500.0,200.0,0.0,0.0,0,0,0,0,5,2,0,0,0,6.217,0.0,0.0,0.0,0.0,10.0,0.0,0,0,0,1,0.1852,-31.3911227810288,-64.2625812057562,0.04,12500.0,5000.0,4.63,1.0,0.33,2.5,1,Cluster 2: Vulnerabilidad Alta / Infraestructura Escasa,Media,<b>RES CHATEAU CARRERAS CO VI CO</b><hr>Pob: 500.0<br>Cluster: Cluster 2: Vulnerabilidad Alta / Infraestructura Escasa<br>Infr: Media
RESIDENCIAL AMERICA,6874.0,2183.0,50.0,2.29,6,3,3,0,13,4,64,1,1,8.836,0.5,0.87,0.0,1.45,1.89,1.45,1,0,1,1,0.1987,-31.3823716514569,-64.1618882993704,0.85,8087.06,2568.24,0.234,1.0,0.67,3.15,1,Cluster 2: Vulnerabilidad Alta / Infraestructura Escasa,Media,<b>RESIDENCIAL AMERICA</b><hr>Pob: 6874.0<br>Cluster: Cluster 2: Vulnerabilidad Alta / Infraestructura Escasa<br>Infr: Media
RESIDENCIAL ARAGON,1719.0,432.0,55.0,12.73,0,0,0,0,5,1,5,0,0,7.45,0.0,0.0,0.0,0.0,2.91,0.0,0,0,0,1,0.0539,-31.3715261997823,-64.1307766978515,0.14,12278.57,3085.71,0.385,1.0,0.33,3.98,1,Cluster 2: Vulnerabilidad Alta / Infraestructura Escasa,Muy Baja,<b>RESIDENCIAL ARAGON</b><hr>Pob: 1719.0<br>Cluster: Cluster 2: Vulnerabilidad Alta / Infraestructura Escasa<br>Infr: Muy Baja
RESIDENCIAL OLIVOS,971.0,311.0,4.0,1.29,1,1,0,0,3,3,118,0,1,6.879,0.0,1.03,0.0,0.0,3.09,10.3,1,0,0,1,0.1287,-31.4327587703916,-64.2106558663057,0.2,4855.0,1555.0,0.644,2.0,0.67,3.12,1,Cluster 2: Vulnerabilidad Alta / Infraestructura Escasa,Baja,<b>RESIDENCIAL OLIVOS</b><hr>Pob: 971.0<br>Cluster: Cluster 2: Vulnerabilidad Alta / Infraestructura Escasa<br>Infr: Baja
RESIDENCIAL SAN CARLOS,2868.0,908.0,17.0,1.87,0,0,0,0,11,7,672,2,0,7.962,0.0,0.0,0.0,1.5584999999999962,3.84,0.0,0,0,1,1,0.1822,-31.4440185024215,-64.1657393867709,0.44,6518.18,2063.64,0.414,1.0,0.33,3.16,1,Cluster 2: Vulnerabilidad Alta / Infraestructura Escasa,Media,<b>RESIDENCIAL SAN CARLOS</b><hr>Pob: 2868.0<br>Cluster: Cluster 2: Vulnerabilidad Alta / Infraestructura Escasa<br>Infr: Media
RESIDENCIAL SAN JORGE,2240.0,584.0,72.0,12.33,2,2,0,0,1,1,31,0,1,7.715,0.0,0.89,0.0,0.0,0.45,4.46,1,0,0,1,0.0701,-31.3688561270228,-64.12982377053319,0.1,22400.0,5840.0,0.701,3.0,0.67,3.84,1,Cluster 2: Vulnerabilidad Alta / Infraestructura Escasa,Muy Baja,<b>RESIDENCIAL SAN JORGE</b><hr>Pob: 2240.0<br>Cluster: Cluster 2: Vulnerabilidad Alta / Infraestructura Escasa<br>Infr: Muy Baja
RESIDENCIAL SAN ROQUE,13559.0,3398.0,501.0,14.74,8,8,0,1,12,2,90,0,2,9.515,0.0,0.59,0.74,0.0,0.89,1.48,1,1,0,1,0.0821,-31.4270382314086,-64.2472947834154,1.57,8636.31,2164.33,0.052,9.0,1.0,3.99,1,Cluster 2: Vulnerabilidad Alta / Infraestructura Escasa,Muy Baja,<b>RESIDENCIAL SAN ROQUE</b><hr>Pob: 13559.0<br>Cluster: Cluster 2: Vulnerabilidad Alta / Infraestructura Escasa<br>Infr: Muy Baja
RESIDENCIAL SANTA ANA,1547.0,474.0,13.0,2.74,0,0,0,0,17,6,0,0,1,7.345,0.0,0.0,0.0,0.0,10.99,6.46,0,0,0,1,0.2035,-31.4238461538475,-64.2149551539217,0.29,5334.48,1634.48,0.702,1.0,0.33,3.26,1,Cluster 2: Vulnerabilidad Alta / Infraestructura Escasa,Media,<b>RESIDENCIAL SANTA ANA</b><hr>Pob: 1547.0<br>Cluster: Cluster 2: Vulnerabilidad Alta / Infraestructura Escasa<br>Infr: Media
RESIDENCIAL SANTA ROSA,2741.0,713.0,43.0,6.03,6,4,2,0,7,2,0,0,1,7.916,0.333,2.19,0.0,0.0,2.55,3.65,1,0,0,1,0.1992,-31.4776887498821,-64.2053354654748,0.28,9789.29,2546.43,0.711,1.67,0.67,3.84,1,Cluster 2: Vulnerabilidad Alta / Infraestructura Escasa,Media,<b>RESIDENCIAL SANTA ROSA</b><hr>Pob: 2741.0<br>Cluster: Cluster 2: Vulnerabilidad Alta / Infraestructura Escasa<br>Infr: Media
RESIDENCIAL SUD,947.0,282.0,5.0,1.77,1,1,0,0,39,10,30,0,1,6.854,0.0,1.06,0.0,0.0,24.0,10.56,1,0,0,1,0.518,-31.4663754728897,-64.2254447512096,0.19,4984.21,1484.21,2.726,2.0,0.67,3.36,0,Cluster 1: Urbano Consolidado (Alta Infraestructura),Muy Alta,<b>RESIDENCIAL SUD</b><hr>Pob: 947.0<br>Cluster: Cluster 1: Urbano Consolidado (Alta Infraestructura)<br>Infr: Muy Alta
RESIDENCIAL VELEZ SARSFIELD,3161.0,1013.0,6.0,0.59,2,2,0,0,14,5,372,0,1,8.059,0.0,0.63,0.0,0.0,4.43,3.16,1,0,0,1,0.1258,-31.4488841804524,-64.2091247187554,0.46,6871.74,2202.17,0.273,3.0,0.67,3.12,1,Cluster 2: Vulnerabilidad Alta / Infraestructura Escasa,Baja,<b>RESIDENCIAL VELEZ SARSFIELD</b><hr>Pob: 3161.0<br>Cluster: Cluster 2: Vulnerabilidad Alta / Infraestructura Escasa<br>Infr: Baja
RIVADAVIA,3105.0,1064.0,25.0,2.35,0,0,0,0,14,11,37,0,1,8.041,0.0,0.0,0.0,0.0,4.51,3.22,0,0,0,1,0.0835,-31.432367391206,-64.1487458501079,0.34,9132.35,3129.41,0.246,1.0,0.33,2.92,1,Cluster 2: Vulnerabilidad Alta / Infraestructura Escasa,Baja,<b>RIVADAVIA</b><hr>Pob: 3105.0<br>Cluster: Cluster 2: Vulnerabilidad Alta / Infraestructura Escasa<br>Infr: Baja
RIVERA INDARTE,1742.0,517.0,23.0,4.45,0,0,0,0,6,2,301,0,1,7.463,0.0,0.0,0.0,0.0,3.44,5.74,0,0,0,1,0.0637,-31.333982397703,-64.296330832545,1.08,1612.96,478.7,0.059,1.0,0.33,3.37,1,Cluster 2: Vulnerabilidad Alta / Infraestructura Escasa,Muy Baja,<b>RIVERA INDARTE</b><hr>Pob: 1742.0<br>Cluster: Cluster 2: Vulnerabilidad Alta / Infraestructura Escasa<br>Infr: Muy Baja
ROCIO,500.0,200.0,0.0,0.0,0,0,0,0,3,1,0,0,1,6.217,0.0,0.0,0.0,0.0,6.0,20.0,0,0,0,1,0.1111,-31.3681724782991,-64.28048692984187,0.0,0.0,0.0,0.0,1.0,0.33,2.5,1,Cluster 2: Vulnerabilidad Alta / Infraestructura Escasa,Baja,<b>ROCIO</b><hr>Pob: 500.0<br>Cluster: Cluster 2: Vulnerabilidad Alta / Infraestructura Escasa<br>Infr: Baja
ROCIO DEL SUR,500.0,200.0,0.0,0.0,0,0,0,0,4,1,0,0,0,6.217,0.0,0.0,0.0,0.0,8.0,0.0,0,0,0,1,0.1481,-31.4868760584956,-64.1912693028927,0.06,8333.33,3333.33,2.468,1.0,0.33,2.5,1,Cluster 2: Vulnerabilidad Alta / Infraestructura Escasa,Media,<b>ROCIO DEL SUR</b><hr>Pob: 500.0<br>Cluster: Cluster 2: Vulnerabilidad Alta / Infraestructura Escasa<br>Infr: Media
ROGELIO MARTINEZ,1204.0,390.0,3.0,0.77,9,9,0,0,12,7,13,0,1,7.094,0.0,4.8035,0.0,0.0,9.97,8.31,1,0,0,1,0.518,-31.4382346065369,-64.1782006713031,0.32,3762.5,1218.75,1.619,10.0,0.67,3.09,0,Cluster 1: Urbano Consolidado (Alta Infraestructura),Muy Alta,<b>ROGELIO MARTINEZ</b><hr>Pob: 1204.0<br>Cluster: Cluster 1: Urbano Consolidado (Alta Infraestructura)<br>Infr: Muy Alta
ROSEDAL,2314.0,755.0,6.0,0.79,2,2,0,0,1,1,186,0,2,7.747,0.0,0.86,0.0,0.0,0.43,8.64,1,0,0,1,0.0676,-31.4339776305225,-64.2262394291001,0.34,6805.88,2220.59,0.199,3.0,0.67,3.06,1,Cluster 2: Vulnerabilidad Alta / Infraestructura Escasa,Muy Baja,<b>ROSEDAL</b><hr>Pob: 2314.0<br>Cluster: Cluster 2: Vulnerabilidad Alta / Infraestructura Escasa<br>Infr: Muy Baja
ROSEDAL ANEXO,916.0,288.0,6.0,2.08,3,3,0,0,5,3,0,0,2,6.821,0.0,3.28,0.0,0.0,5.46,21.83,1,0,0,1,0.3287,-31.4394090528371,-64.2285738840511,0.14,6542.86,2057.14,2.348,4.0,0.67,3.18,0,Cluster 1: Urbano Consolidado (Alta Infraestructura),Alta,<b>ROSEDAL ANEXO</b><hr>Pob: 916.0<br>Cluster: Cluster 1: Urbano Consolidado (Alta Infraestructura)<br>Infr: Alta
SACHI,1053.0,255.0,28.0,10.98,2,2,0,0,10,2,2,0,1,6.96,0.0,1.9,0.0,0.0,9.5,9.5,1,0,0,1,0.3078,-31.4537288140298,-64.2663075456171,0.15,7020.0,1700.0,2.052,3.0,0.67,4.13,0,Cluster 1: Urbano Consolidado (Alta Infraestructura),Alta,<b>SACHI</b><hr>Pob: 1053.0<br>Cluster: Cluster 1: Urbano Consolidado (Alta Infraestructura)<br>Infr: Alta
SAN ANTONIO,500.0,200.0,4.0,2.0,0,0,0,0,11,2,2,0,1,6.217,0.0,0.0,0.0,0.0,22.0,20.0,0,0,0,1,0.4074,-31.4744328449938,-64.1905169218078,0.2,2500.0,1000.0,2.037,1.0,0.33,2.5,0,Cluster 1: Urbano Consolidado (Alta Infraestructura),Muy Alta,<b>SAN ANTONIO</b><hr>Pob: 500.0<br>Cluster: Cluster 1: Urbano Consolidado (Alta Infraestructura)<br>Infr: Muy Alta
SAN CAYETANO,500.0,200.0,6.0,3.0,0,0,0,0,9,9,14,0,0,6.217,0.0,0.0,0.0,0.0,18.0,0.0,0,0,0,1,0.3333,-31.4366816283972,-64.1435193646877,0.05,10000.0,4000.0,6.666,1.0,0.33,2.5,0,Cluster 1: Urbano Consolidado (Alta Infraestructura),Alta,<b>SAN CAYETANO</b><hr>Pob: 500.0<br>Cluster: Cluster 1: Urbano Consolidado (Alta Infraestructura)<br>Infr: Alta
SAN DANIEL,1359.0,455.0,13.0,2.86,0,0,0,1,8,11,158,0,1,7.215,0.0,0.0,6.656999999999986,0.0,5.89,7.36,0,1,0,1,0.3313,-31.4489648668651,-64.2027069336836,0.2,6795.0,2275.0,1.656,1.0,0.67,2.99,1,Cluster 2: Vulnerabilidad Alta / Infraestructura Escasa,Alta,<b>SAN DANIEL</b><hr>Pob: 1359.0<br>Cluster: Cluster 2: Vulnerabilidad Alta / Infraestructura Escasa<br>Infr: Alta
SAN FELIPE,2553.0,667.0,44.0,6.6,5,5,0,0,4,3,20,0,1,7.845,0.0,1.96,0.0,0.0,1.57,3.92,1,0,0,1,0.1651,-31.4567629225238,-64.136040573816,0.8,3191.25,833.75,0.206,6.0,0.67,3.83,1,Cluster 2: Vulnerabilidad Alta / Infraestructura Escasa,Media,<b>SAN FELIPE</b><hr>Pob: 2553.0<br>Cluster: Cluster 2: Vulnerabilidad Alta / Infraestructura Escasa<br>Infr: Media
SAN FERNANDO,4094.0,1612.0,65.0,4.03,4,2,2,0,9,4,246,0,0,8.318,0.5,0.98,0.0,0.0,2.2,0.0,1,0,0,1,0.1087,-31.4475771620013,-64.1904852101721,0.52,7873.08,3100.0,0.209,1.0,0.67,2.54,1,Cluster 2: Vulnerabilidad Alta / Infraestructura Escasa,Baja,<b>SAN FERNANDO</b><hr>Pob: 4094.0<br>Cluster: Cluster 2: Vulnerabilidad Alta / Infraestructura Escasa<br>Infr: Baja
SAN FRANCISCO,1123.0,362.0,2.0,0.55,1,1,0,0,6,4,133,0,0,7.025,0.0,0.89,0.0,0.0,5.34,0.0,1,0,0,1,0.1606,-31.4261196823107,-64.2113739415651,0.26,4319.23,1392.31,0.618,2.0,0.67,3.1,1,Cluster 2: Vulnerabilidad Alta / Infraestructura Escasa,Media,<b>SAN FRANCISCO</b><hr>Pob: 1123.0<br>Cluster: Cluster 2: Vulnerabilidad Alta / Infraestructura Escasa<br>Infr: Media
SAN IGNACIO,2787.0,755.0,82.0,10.86,1,1,0,0,17,3,181,0,1,7.933,0.0,0.36,0.0,0.0,6.1,3.59,1,0,0,1,0.1379,-31.3901313573677,-64.2483281769605,0.49,5687.76,1540.82,0.281,2.0,0.67,3.69,1,Cluster 2: Vulnerabilidad Alta / Infraestructura Escasa,Baja,<b>SAN IGNACIO</b><hr>Pob: 2787.0<br>Cluster: Cluster 2: Vulnerabilidad Alta / Infraestructura Escasa<br>Infr: Baja
SAN JAVIER,1637.0,413.0,36.0,8.72,2,2,0,0,7,1,10,0,0,7.401,0.0,1.22,0.0,0.0,4.28,0.0,1,0,0,1,0.1639,-31.4556731937559,-64.1016938389538,1.17,1399.15,352.99,0.14,3.0,0.67,3.96,1,Cluster 2: Vulnerabilidad Alta / Infraestructura Escasa,Media,<b>SAN JAVIER</b><hr>Pob: 1637.0<br>Cluster: Cluster 2: Vulnerabilidad Alta / Infraestructura Escasa<br>Infr: Media
SAN JOSE,548.0,200.0,2.0,1.0,1,1,0,0,15,4,146,0,1,6.308,0.0,1.82,0.0,0.0,24.0,18.25,1,0,0,1,0.5707,-31.3396643850959,-64.2892805257168,0.14,3914.29,1428.57,4.076,2.0,0.67,2.74,0,Cluster 1: Urbano Consolidado (Alta Infraestructura),Muy Alta,<b>SAN JOSE</b><hr>Pob: 548.0<br>Cluster: Cluster 1: Urbano Consolidado (Alta Infraestructura)<br>Infr: Muy Alta
SAN LORENZO,1988.0,618.0,17.0,2.75,2,2,0,1,27,8,61,0,1,7.595,0.0,1.01,5.03,0.0,13.58,5.03,1,1,0,1,0.4895,-31.4555850114127,-64.1104826929887,0.36,5522.22,1716.67,1.36,3.0,1.0,3.22,0,Cluster 1: Urbano Consolidado (Alta Infraestructura),Muy Alta,<b>SAN LORENZO</b><hr>Pob: 1988.0<br>Cluster: Cluster 1: Urbano Consolidado (Alta Infraestructura)<br>Infr: Muy Alta
SAN LORENZO NORTE,500.0,200.0,5.0,2.5,0,0,0,0,4,2,47,0,1,6.217,0.0,0.0,0.0,0.0,8.0,20.0,0,0,0,1,0.1481,-31.375034879287,-64.2167246301229,0.05,10000.0,4000.0,2.962,1.0,0.33,2.5,1,Cluster 2: Vulnerabilidad Alta / Infraestructura Escasa,Media,<b>SAN LORENZO NORTE</b><hr>Pob: 500.0<br>Cluster: Cluster 2: Vulnerabilidad Alta / Infraestructura Escasa<br>Infr: Media
SAN LUIS DE FRANCIA,500.0,200.0,4.0,2.0,1,1,0,0,6,1,19,0,0,6.217,0.0,2.0,0.0,0.0,12.0,0.0,1,0,0,1,0.361,-31.480037185052,-64.2537276188054,0.07,7142.86,2857.14,5.157,2.0,0.67,2.5,0,Cluster 1: Urbano Consolidado (Alta Infraestructura),Muy Alta,<b>SAN LUIS DE FRANCIA</b><hr>Pob: 500.0<br>Cluster: Cluster 1: Urbano Consolidado (Alta Infraestructura)<br>Infr: Muy Alta
SAN MARCELO,500.0,200.0,0.0,0.0,0,0,0,0,14,11,8,0,0,6.217,0.0,0.0,0.0,0.0,24.0,0.0,0,0,0,1,0.4444,-31.3625836463826,-64.2356214056744,0.09,5555.56,2222.22,4.938,1.0,0.33,2.5,0,Cluster 1: Urbano Consolidado (Alta Infraestructura),Muy Alta,<b>SAN MARCELO</b><hr>Pob: 500.0<br>Cluster: Cluster 1: Urbano Consolidado (Alta Infraestructura)<br>Infr: Muy Alta
SAN MARTIN,13157.0,4358.0,207.0,4.75,21,13,8,1,19,5,728,0,0,9.485,0.381,1.6,0.76,0.0,1.44,0.0,1,1,0,1,0.1631,-31.3938093272891,-64.196540458099,1.45,9073.79,3005.52,0.112,1.56,1.0,3.02,1,Cluster 2: Vulnerabilidad Alta / Infraestructura Escasa,Media,<b>SAN MARTIN</b><hr>Pob: 13157.0<br>Cluster: Cluster 2: Vulnerabilidad Alta / Infraestructura Escasa<br>Infr: Media
SAN MARTIN ANEXO,3153.0,1078.0,37.0,3.43,0,0,0,0,12,3,152,0,0,8.056,0.0,0.0,0.0,0.0,3.81,0.0,0,0,0,1,0.0706,-31.3810124729714,-64.2031139721542,0.34,9273.53,3170.59,0.208,1.0,0.33,2.92,1,Cluster 2: Vulnerabilidad Alta / Infraestructura Escasa,Muy Baja,<b>SAN MARTIN ANEXO</b><hr>Pob: 3153.0<br>Cluster: Cluster 2: Vulnerabilidad Alta / Infraestructura Escasa<br>Infr: Muy Baja
SAN MARTIN NORTE,1945.0,560.0,34.0,6.07,0,0,0,1,13,7,110,0,0,7.574,0.0,0.0,5.14,0.0,6.68,0.0,0,1,0,1,0.2953,-31.3727739384295,-64.2025244371434,0.23,8456.52,2434.78,1.284,1.0,0.67,3.47,1,Cluster 2: Vulnerabilidad Alta / Infraestructura Escasa,Alta,<b>SAN MARTIN NORTE</b><hr>Pob: 1945.0<br>Cluster: Cluster 2: Vulnerabilidad Alta / Infraestructura Escasa<br>Infr: Alta
SAN NICOLAS,2063.0,596.0,44.0,7.38,0,0,0,0,7,2,193,0,1,7.632,0.0,0.0,0.0,0.0,3.39,4.85,0,0,0,1,0.0628,-31.3806758446016,-64.1513078024304,0.22,9377.27,2709.09,0.285,1.0,0.33,3.46,1,Cluster 2: Vulnerabilidad Alta / Infraestructura Escasa,Muy Baja,<b>SAN NICOLAS</b><hr>Pob: 2063.0<br>Cluster: Cluster 2: Vulnerabilidad Alta / Infraestructura Escasa<br>Infr: Muy Baja
SAN PABLO,2190.0,672.0,25.0,3.72,0,0,0,0,15,6,69,0,1,7.692,0.0,0.0,0.0,0.0,6.85,4.57,0,0,0,1,0.1269,-31.4442248614309,-64.1609205677274,0.28,7821.43,2400.0,0.453,1.0,0.33,3.26,1,Cluster 2: Vulnerabilidad Alta / Infraestructura Escasa,Baja,<b>SAN PABLO</b><hr>Pob: 2190.0<br>Cluster: Cluster 2: Vulnerabilidad Alta / Infraestructura Escasa<br>Infr: Baja
SAN PEDRO NOLASCO,982.0,265.0,26.0,9.81,1,1,0,0,9,1,15,0,2,6.891,0.0,1.02,0.0,0.0,9.16,20.37,1,0,0,1,0.2404,-31.466073357489,-64.2402160055799,0.41,2395.12,646.34,0.586,2.0,0.67,3.71,1,Cluster 2: Vulnerabilidad Alta / Infraestructura Escasa,Alta,<b>SAN PEDRO NOLASCO</b><hr>Pob: 982.0<br>Cluster: Cluster 2: Vulnerabilidad Alta / Infraestructura Escasa<br>Infr: Alta
SAN RAFAEL,5172.0,1698.0,20.0,1.18,5,2,3,0,9,2,252,0,0,8.551,0.6,0.97,0.0,0.0,1.74,0.0,1,0,0,1,0.0995,-31.4254002097623,-64.2219912910859,0.65,7956.92,2612.31,0.153,0.75,0.67,3.05,1,Cluster 2: Vulnerabilidad Alta / Infraestructura Escasa,Baja,<b>SAN RAFAEL</b><hr>Pob: 5172.0<br>Cluster: Cluster 2: Vulnerabilidad Alta / Infraestructura Escasa<br>Infr: Baja
SAN RAMON,500.0,200.0,11.0,5.5,3,3,0,0,3,1,0,0,0,6.217,0.0,4.8035,0.0,0.0,6.0,0.0,1,0,0,1,0.4444,-31.3408780235715,-64.1007723274352,1.06,471.7,188.68,0.419,4.0,0.67,2.5,0,Cluster 1: Urbano Consolidado (Alta Infraestructura),Muy Alta,<b>SAN RAMON</b><hr>Pob: 500.0<br>Cluster: Cluster 1: Urbano Consolidado (Alta Infraestructura)<br>Infr: Muy Alta
SAN SALVADOR,2101.0,648.0,4.0,0.62,0,0,0,0,16,9,339,0,1,7.651,0.0,0.0,0.0,0.0,7.62,4.76,0,0,0,1,0.1411,-31.4009400687718,-64.2323869269285,0.34,6179.41,1905.88,0.415,1.0,0.33,3.24,1,Cluster 2: Vulnerabilidad Alta / Infraestructura Escasa,Baja,<b>SAN SALVADOR</b><hr>Pob: 2101.0<br>Cluster: Cluster 2: Vulnerabilidad Alta / Infraestructura Escasa<br>Infr: Baja
SAN VICENTE,18145.0,5733.0,291.0,5.08,34,23,11,0,42,9,272,1,1,9.806,0.324,1.87,0.0,0.55,2.31,0.55,1,0,1,1,0.2118,-31.4243205159937,-64.1539750599537,2.6,6978.85,2205.0,0.081,2.0,0.67,3.17,1,Cluster 2: Vulnerabilidad Alta / Infraestructura Escasa,Media,<b>SAN VICENTE</b><hr>Pob: 18145.0<br>Cluster: Cluster 2: Vulnerabilidad Alta / Infraestructura Escasa<br>Infr: Media
SANTA CECILIA,1089.0,317.0,40.0,12.62,2,2,0,0,7,3,40,0,1,6.994,0.0,1.84,0.0,0.0,6.43,9.18,1,0,0,1,0.2468,-31.3576320292659,-64.2277242696327,0.13,8376.92,2438.46,1.898,3.0,0.67,3.44,1,Cluster 2: Vulnerabilidad Alta / Infraestructura Escasa,Alta,<b>SANTA CECILIA</b><hr>Pob: 1089.0<br>Cluster: Cluster 2: Vulnerabilidad Alta / Infraestructura Escasa<br>Infr: Alta
SANTA CLARA DE ASIS,1839.0,481.0,8.0,1.66,3,0,3,0,8,2,200,0,1,7.518,1.0,1.63,0.0,0.0,4.35,5.44,1,0,0,1,0.1937,-31.3807288135085,-64.1407980125362,0.2,9195.0,2405.0,0.968,0.25,0.67,3.82,1,Cluster 2: Vulnerabilidad Alta / Infraestructura Escasa,Media,<b>SANTA CLARA DE ASIS</b><hr>Pob: 1839.0<br>Cluster: Cluster 2: Vulnerabilidad Alta / Infraestructura Escasa<br>Infr: Media
SANTA ISABEL ANEXO,1361.0,328.0,24.0,7.32,2,0,2,0,8,2,0,0,0,7.217,1.0,1.47,0.0,0.0,5.88,0.0,1,0,0,1,0.2109,-31.4762535311804,-64.246541585744,0.18,7561.11,1822.22,1.172,0.33,0.67,4.15,1,Cluster 2: Vulnerabilidad Alta / Infraestructura Escasa,Media,<b>SANTA ISABEL ANEXO</b><hr>Pob: 1361.0<br>Cluster: Cluster 2: Vulnerabilidad Alta / Infraestructura Escasa<br>Infr: Media
SANTA ISABEL SECCION 1,3583.0,1013.0,45.0,4.44,0,0,0,1,13,6,0,0,1,8.184,0.0,0.0,2.79,0.0,3.63,2.79,0,1,0,1,0.1604,-31.4706991572602,-64.2324062857146,0.79,4535.44,1282.28,0.203,1.0,0.67,3.54,1,Cluster 2: Vulnerabilidad Alta / Infraestructura Escasa,Media,<b>SANTA ISABEL SECCION 1</b><hr>Pob: 3583.0<br>Cluster: Cluster 2: Vulnerabilidad Alta / Infraestructura Escasa<br>Infr: Media
SANTA ISABEL SECCION 2,6113.0,1748.0,100.0,5.72,0,0,0,1,19,5,0,0,1,8.718,0.0,0.0,1.64,0.0,3.11,1.64,0,1,0,1,0.1123,-31.4765694987008,-64.2314214735328,0.89,6868.54,1964.04,0.126,1.0,0.67,3.5,1,Cluster 2: Vulnerabilidad Alta / Infraestructura Escasa,Baja,<b>SANTA ISABEL SECCION 2</b><hr>Pob: 6113.0<br>Cluster: Cluster 2: Vulnerabilidad Alta / Infraestructura Escasa<br>Infr: Baja
SANTA ISABEL SECCION 3,4047.0,1071.0,51.0,4.76,12,8,4,0,14,3,102,0,2,8.306,0.333,2.97,0.0,0.0,3.46,4.94,1,0,0,1,0.2702,-31.4780759649089,-64.2417721699096,0.49,8259.18,2185.71,0.551,1.8,0.67,3.78,1,Cluster 2: Vulnerabilidad Alta / Infraestructura Escasa,Alta,<b>SANTA ISABEL SECCION 3</b><hr>Pob: 4047.0<br>Cluster: Cluster 2: Vulnerabilidad Alta / Infraestructura Escasa<br>Infr: Alta
SANTA RITA,1145.0,395.0,13.0,3.29,1,1,0,1,14,5,247,0,0,7.044,0.0,0.87,6.656999999999986,0.0,12.23,0.0,1,1,0,1,0.5091,-31.4475111531909,-64.1726932933092,0.16,7156.25,2468.75,3.182,2.0,1.0,2.9,0,Cluster 1: Urbano Consolidado (Alta Infraestructura),Muy Alta,<b>SANTA RITA</b><hr>Pob: 1145.0<br>Cluster: Cluster 1: Urbano Consolidado (Alta Infraestructura)<br>Infr: Muy Alta
SARGENTO CABRAL,3597.0,1060.0,78.0,7.36,1,1,0,1,9,4,34,0,1,8.188,0.0,0.28,2.78,0.0,2.5,2.78,1,1,0,1,0.1585,-31.3761553934638,-64.1930039660383,0.36,9991.67,2944.44,0.44,2.0,1.0,3.39,1,Cluster 2: Vulnerabilidad Alta / Infraestructura Escasa,Media,<b>SARGENTO CABRAL</b><hr>Pob: 3597.0<br>Cluster: Cluster 2: Vulnerabilidad Alta / Infraestructura Escasa<br>Infr: Media
SARMIENTO,2507.0,785.0,17.0,2.17,5,3,2,0,12,8,23,0,1,7.827,0.4,1.99,0.0,0.0,4.79,3.99,1,0,0,1,0.2268,-31.4301438218054,-64.1542666069568,0.3,8356.67,2616.67,0.756,1.33,0.67,3.19,1,Cluster 2: Vulnerabilidad Alta / Infraestructura Escasa,Alta,<b>SARMIENTO</b><hr>Pob: 2507.0<br>Cluster: Cluster 2: Vulnerabilidad Alta / Infraestructura Escasa<br>Infr: Alta
SEP,1039.0,292.0,7.0,2.4,2,2,0,0,9,6,27,0,1,6.947,0.0,1.92,0.0,0.0,8.66,9.62,1,0,0,1,0.2936,-31.4590458861221,-64.1656905708457,0.06,17316.67,4866.67,4.893,3.0,0.67,3.56,1,Cluster 2: Vulnerabilidad Alta / Infraestructura Escasa,Alta,<b>SEP</b><hr>Pob: 1039.0<br>Cluster: Cluster 2: Vulnerabilidad Alta / Infraestructura Escasa<br>Infr: Alta
SEP SEGUNDA ETAPA,2640.0,759.0,16.0,2.11,0,0,0,0,6,3,0,0,0,7.879,0.0,0.0,0.0,0.0,2.27,0.0,0,0,0,1,0.042,-31.459818195198,-64.163901564558,0.15,17600.0,5060.0,0.28,1.0,0.33,3.48,1,Cluster 2: Vulnerabilidad Alta / Infraestructura Escasa,Muy Baja,<b>SEP SEGUNDA ETAPA</b><hr>Pob: 2640.0<br>Cluster: Cluster 2: Vulnerabilidad Alta / Infraestructura Escasa<br>Infr: Muy Baja
SMATA,2291.0,599.0,2.0,0.33,4,4,0,0,4,2,79,0,2,7.737,0.0,1.75,0.0,0.0,1.75,8.73,1,0,0,1,0.1538,-31.4544018167226,-64.2235302714597,0.3,7636.67,1996.67,0.513,5.0,0.67,3.82,1,Cluster 2: Vulnerabilidad Alta / Infraestructura Escasa,Media,<b>SMATA</b><hr>Pob: 2291.0<br>Cluster: Cluster 2: Vulnerabilidad Alta / Infraestructura Escasa<br>Infr: Media
SOLARES DE SANTA MARIA- ALTOS DE MANANTIALES,650.0,200.0,1.0,0.5,0,0,0,0,0,0,0,0,1,6.479,0.0,0.0,0.0,0.0,0.0,15.38,0,0,0,0,0.0,-31.4605760175949,-64.2244471605241,0.0,0.0,0.0,0.0,1.0,0.0,3.25,1,Cluster 2: Vulnerabilidad Alta / Infraestructura Escasa,Muy Baja,<b>SOLARES DE SANTA MARIA- ALTOS DE MANANTIALES</b><hr>Pob: 650.0<br>Cluster: Cluster 2: Vulnerabilidad Alta / Infraestructura Escasa<br>Infr: Muy Baja
SUAREZ,2807.0,762.0,87.0,11.42,4,4,0,0,7,2,26,0,0,7.94,0.0,1.43,0.0,0.0,2.49,0.0,1,0,0,1,0.1453,-31.4386525402631,-64.2104488002246,0.35,8020.0,2177.14,0.415,5.0,0.67,3.68,1,Cluster 2: Vulnerabilidad Alta / Infraestructura Escasa,Baja,<b>SUAREZ</b><hr>Pob: 2807.0<br>Cluster: Cluster 2: Vulnerabilidad Alta / Infraestructura Escasa<br>Infr: Baja
TABLADA PARK,748.0,265.0,0.0,0.0,0,0,0,0,7,11,17,0,0,6.619,0.0,0.0,0.0,0.0,9.36,0.0,0,0,0,1,0.1733,-31.371014347978,-64.2262528800577,0.28,2671.43,946.43,0.619,1.0,0.33,2.82,1,Cluster 2: Vulnerabilidad Alta / Infraestructura Escasa,Media,<b>TABLADA PARK</b><hr>Pob: 748.0<br>Cluster: Cluster 2: Vulnerabilidad Alta / Infraestructura Escasa<br>Infr: Media
TALLERES ESTE,5542.0,1710.0,59.0,3.45,4,4,0,0,18,7,31,0,2,8.62,0.0,0.72,0.0,0.0,3.25,3.61,1,0,0,1,0.1101,-31.3889614484158,-64.1506644470621,0.6,9236.67,2850.0,0.184,5.0,0.67,3.24,1,Cluster 2: Vulnerabilidad Alta / Infraestructura Escasa,Baja,<b>TALLERES ESTE</b><hr>Pob: 5542.0<br>Cluster: Cluster 2: Vulnerabilidad Alta / Infraestructura Escasa<br>Infr: Baja
TALLERES OESTE,5925.0,1848.0,62.0,3.35,7,7,0,0,27,9,0,0,0,8.687,0.0,1.18,0.0,0.0,4.56,0.0,1,0,0,1,0.1663,-31.3901962264128,-64.1589426196123,1.39,4262.59,1329.5,0.12,8.0,0.67,3.21,1,Cluster 2: Vulnerabilidad Alta / Infraestructura Escasa,Media,<b>TALLERES OESTE</b><hr>Pob: 5925.0<br>Cluster: Cluster 2: Vulnerabilidad Alta / Infraestructura Escasa<br>Infr: Media
TALLERES SUD,3940.0,1027.0,145.0,14.12,0,0,0,0,4,1,18,0,1,8.279,0.0,0.0,0.0,0.0,1.02,2.54,0,0,0,1,0.0189,-31.4395334252609,-64.1342425341031,0.48,8208.33,2139.58,0.039,1.0,0.33,3.84,1,Cluster 2: Vulnerabilidad Alta / Infraestructura Escasa,Muy Baja,<b>TALLERES SUD</b><hr>Pob: 3940.0<br>Cluster: Cluster 2: Vulnerabilidad Alta / Infraestructura Escasa<br>Infr: Muy Baja
TEJAS DEL SUR,1454.0,406.0,5.0,1.23,0,0,0,0,0,0,3,0,0,7.283,0.0,0.0,0.0,0.0,0.0,0.0,0,0,0,0,0.0,-31.4623776512352,-64.1901622837599,0.28,5192.86,1450.0,0.0,1.0,0.0,3.58,1,Cluster 2: Vulnerabilidad Alta / Infraestructura Escasa,Muy Baja,<b>TEJAS DEL SUR</b><hr>Pob: 1454.0<br>Cluster: Cluster 2: Vulnerabilidad Alta / Infraestructura Escasa<br>Infr: Muy Baja
TEJAS II,687.0,200.0,6.0,3.0,0,0,0,0,1,1,0,0,0,6.534,0.0,0.0,0.0,0.0,1.46,0.0,0,0,0,1,0.027,-31.4786597752331,-64.1992317699973,0.48,1431.25,416.67,0.056,1.0,0.33,3.44,1,Cluster 2: Vulnerabilidad Alta / Infraestructura Escasa,Muy Baja,<b>TEJAS II</b><hr>Pob: 687.0<br>Cluster: Cluster 2: Vulnerabilidad Alta / Infraestructura Escasa<br>Infr: Muy Baja
TENIENTE BENJAMIN MATIENZO,6873.0,2080.0,45.0,2.16,6,2,4,0,17,4,274,0,1,8.836,0.667,0.87,0.0,0.0,2.47,1.45,1,0,0,1,0.1061,-31.4413948429374,-64.2375452199026,0.99,6942.42,2101.01,0.107,0.6,0.67,3.3,1,Cluster 2: Vulnerabilidad Alta / Infraestructura Escasa,Baja,<b>TENIENTE BENJAMIN MATIENZO</b><hr>Pob: 6873.0<br>Cluster: Cluster 2: Vulnerabilidad Alta / Infraestructura Escasa<br>Infr: Baja
TEODORO FELDS,3542.0,1258.0,5.0,0.4,2,1,1,0,24,7,329,0,1,8.173,0.5,0.56,0.0,0.0,6.78,2.82,1,0,0,1,0.1644,-31.400399552588,-64.249188644474,0.75,4722.67,1677.33,0.219,1.0,0.67,2.82,1,Cluster 2: Vulnerabilidad Alta / Infraestructura Escasa,Media,<b>TEODORO FELDS</b><hr>Pob: 3542.0<br>Cluster: Cluster 2: Vulnerabilidad Alta / Infraestructura Escasa<br>Infr: Media
TRANVIARIOS,2245.0,720.0,16.0,2.22,0,0,0,0,20,6,12,0,1,7.717,0.0,0.0,0.0,0.0,8.91,4.45,0,0,0,1,0.165,-31.4095065222609,-64.2281773518277,0.27,8314.81,2666.67,0.611,1.0,0.33,3.12,1,Cluster 2: Vulnerabilidad Alta / Infraestructura Escasa,Media,<b>TRANVIARIOS</b><hr>Pob: 2245.0<br>Cluster: Cluster 2: Vulnerabilidad Alta / Infraestructura Escasa<br>Infr: Media
UOCRA,1906.0,582.0,25.0,4.3,3,3,0,0,16,2,71,0,1,7.553,0.0,1.57,0.0,0.0,8.39,5.25,1,0,0,1,0.2643,-31.3226062886296,-64.2653478417105,0.31,6148.39,1877.42,0.853,4.0,0.67,3.27,1,Cluster 2: Vulnerabilidad Alta / Infraestructura Escasa,Alta,<b>UOCRA</b><hr>Pob: 1906.0<br>Cluster: Cluster 2: Vulnerabilidad Alta / Infraestructura Escasa<br>Infr: Alta
URCA,3308.0,1073.0,19.0,1.77,5,3,2,0,13,3,147,0,0,8.104,0.4,1.51,0.0,0.0,3.93,0.0,1,0,0,1,0.1776,-31.3825291437329,-64.237176476034,0.66,5012.12,1625.76,0.269,1.33,0.67,3.08,1,Cluster 2: Vulnerabilidad Alta / Infraestructura Escasa,Media,<b>URCA</b><hr>Pob: 3308.0<br>Cluster: Cluster 2: Vulnerabilidad Alta / Infraestructura Escasa<br>Infr: Media
URITORCO,500.0,200.0,1.0,0.5,0,0,0,0,10,7,41,0,0,6.217,0.0,0.0,0.0,0.0,20.0,0.0,0,0,0,1,0.3704,-31.4007024648215,-64.2348551534556,0.08,6250.0,2500.0,4.63,1.0,0.33,2.5,0,Cluster 1: Urbano Consolidado (Alta Infraestructura),Muy Alta,<b>URITORCO</b><hr>Pob: 500.0<br>Cluster: Cluster 1: Urbano Consolidado (Alta Infraestructura)<br>Infr: Muy Alta
URQUIZA,5578.0,1562.0,160.0,10.24,1,1,0,1,4,2,17,0,1,8.627,0.0,0.18,1.79,0.0,0.72,1.79,1,1,0,1,0.0856,-31.438642250908,-64.1474823201876,0.55,10141.82,2840.0,0.156,2.0,1.0,3.57,1,Cluster 2: Vulnerabilidad Alta / Infraestructura Escasa,Baja,<b>URQUIZA</b><hr>Pob: 5578.0<br>Cluster: Cluster 2: Vulnerabilidad Alta / Infraestructura Escasa<br>Infr: Baja
VALLE DEL CERRO,701.0,216.0,0.0,0.0,1,0,1,0,5,2,65,0,1,6.554,1.0,1.43,0.0,0.0,7.13,14.27,1,0,0,1,0.2313,-31.3714184962642,-64.2403575253101,0.24,2920.83,900.0,0.964,0.5,0.67,3.25,1,Cluster 2: Vulnerabilidad Alta / Infraestructura Escasa,Alta,<b>VALLE DEL CERRO</b><hr>Pob: 701.0<br>Cluster: Cluster 2: Vulnerabilidad Alta / Infraestructura Escasa<br>Infr: Alta
VASQUEZ,500.0,200.0,13.0,6.5,0,0,0,0,4,1,0,0,0,6.217,0.0,0.0,0.0,0.0,8.0,0.0,0,0,0,1,0.1481,-31.4814988423669,-64.1311415524934,0.07,7142.86,2857.14,2.116,1.0,0.33,2.5,1,Cluster 2: Vulnerabilidad Alta / Infraestructura Escasa,Media,<b>VASQUEZ</b><hr>Pob: 500.0<br>Cluster: Cluster 2: Vulnerabilidad Alta / Infraestructura Escasa<br>Infr: Media
VICOR,500.0,200.0,3.0,1.5,3,3,0,1,10,2,72,0,2,6.217,0.0,4.8035,6.656999999999986,0.0,20.0,40.0,1,1,0,1,0.9259,-31.4779710996914,-64.2476088717772,0.05,10000.0,4000.0,18.518,4.0,1.0,2.5,0,Cluster 1: Urbano Consolidado (Alta Infraestructura),Muy Alta,<b>VICOR</b><hr>Pob: 500.0<br>Cluster: Cluster 1: Urbano Consolidado (Alta Infraestructura)<br>Infr: Muy Alta
VILLA 4 DE AGOSTO,1620.0,329.0,81.0,24.62,0,0,0,1,4,1,0,0,0,7.391,0.0,0.0,6.17,0.0,2.47,0.0,0,1,0,1,0.2517,-31.3709389448169,-64.1908220088431,0.1,16200.0,3290.0,2.517,1.0,0.67,4.92,1,Cluster 2: Vulnerabilidad Alta / Infraestructura Escasa,Alta,<b>VILLA 4 DE AGOSTO</b><hr>Pob: 1620.0<br>Cluster: Cluster 2: Vulnerabilidad Alta / Infraestructura Escasa<br>Infr: Alta
VILLA 9 DE JULIO,8712.0,2383.0,268.0,11.25,2,2,0,2,10,2,472,0,2,9.073,0.0,0.23,2.3,0.0,1.15,2.3,1,1,0,1,0.114,-31.329018947509,-64.270839671136,1.99,4377.89,1197.49,0.057,3.0,1.0,3.66,1,Cluster 2: Vulnerabilidad Alta / Infraestructura Escasa,Baja,<b>VILLA 9 DE JULIO</b><hr>Pob: 8712.0<br>Cluster: Cluster 2: Vulnerabilidad Alta / Infraestructura Escasa<br>Infr: Baja
VILLA ADELA,3684.0,1088.0,56.0,5.15,10,8,2,1,14,3,278,0,1,8.212,0.2,2.71,2.71,0.0,3.8,2.71,1,1,0,1,0.3489,-31.4354459009998,-64.247507386986,0.53,6950.94,2052.83,0.658,3.0,1.0,3.39,1,Cluster 2: Vulnerabilidad Alta / Infraestructura Escasa,Alta,<b>VILLA ADELA</b><hr>Pob: 3684.0<br>Cluster: Cluster 2: Vulnerabilidad Alta / Infraestructura Escasa<br>Infr: Alta
VILLA ALBERDI,2014.0,547.0,44.0,8.04,1,1,0,0,15,6,11,0,0,7.608,0.0,0.5,0.0,0.0,7.45,0.0,1,0,0,1,0.1727,-31.3934888286527,-64.2358376189342,0.3,6713.33,1823.33,0.576,2.0,0.67,3.68,1,Cluster 2: Vulnerabilidad Alta / Infraestructura Escasa,Media,<b>VILLA ALBERDI</b><hr>Pob: 2014.0<br>Cluster: Cluster 2: Vulnerabilidad Alta / Infraestructura Escasa<br>Infr: Media
VILLA ALBERTO,876.0,200.0,25.0,12.5,3,3,0,0,5,1,3,0,1,6.777,0.0,3.42,0.0,0.0,5.71,11.42,1,0,0,1,0.3431,-31.4161416393993,-64.2666051276845,0.53,1652.83,377.36,0.647,4.0,0.67,4.38,0,Cluster 1: Urbano Consolidado (Alta Infraestructura),Alta,<b>VILLA ALBERTO</b><hr>Pob: 876.0<br>Cluster: Cluster 1: Urbano Consolidado (Alta Infraestructura)<br>Infr: Alta
VILLA ALICIA RISLER,3062.0,797.0,100.0,12.55,2,2,0,0,11,1,85,0,1,8.027,0.0,0.65,0.0,0.0,3.59,3.27,1,0,0,1,0.1116,-31.3114354632522,-64.1804311454914,0.4,7655.0,1992.5,0.279,3.0,0.67,3.84,1,Cluster 2: Vulnerabilidad Alta / Infraestructura Escasa,Baja,<b>VILLA ALICIA RISLER</b><hr>Pob: 3062.0<br>Cluster: Cluster 2: Vulnerabilidad Alta / Infraestructura Escasa<br>Infr: Baja
VILLA ALLENDE PARQUE,5601.0,1512.0,138.0,9.13,3,3,0,1,29,3,85,0,1,8.631,0.0,0.54,1.79,0.0,5.18,1.79,1,1,0,1,0.1932,-31.3138838412422,-64.2821735904198,1.31,4275.57,1154.2,0.147,4.0,1.0,3.7,1,Cluster 2: Vulnerabilidad Alta / Infraestructura Escasa,Media,<b>VILLA ALLENDE PARQUE</b><hr>Pob: 5601.0<br>Cluster: Cluster 2: Vulnerabilidad Alta / Infraestructura Escasa<br>Infr: Media
VILLA ARGENTINA,966.0,313.0,3.0,0.96,0,0,0,0,7,3,96,0,0,6.874,0.0,0.0,0.0,0.0,7.25,0.0,0,0,0,1,0.1343,-31.431052918483,-64.1354526357973,0.13,7430.77,2407.69,1.033,1.0,0.33,3.09,1,Cluster 2: Vulnerabilidad Alta / Infraestructura Escasa,Baja,<b>VILLA ARGENTINA</b><hr>Pob: 966.0<br>Cluster: Cluster 2: Vulnerabilidad Alta / Infraestructura Escasa<br>Infr: Baja
VILLA ASPACIA,2319.0,607.0,43.0,7.08,0,0,0,0,8,2,52,0,1,7.749,0.0,0.0,0.0,0.0,3.45,4.31,0,0,0,1,0.0639,-31.4430863044472,-64.2474522379448,0.41,5656.1,1480.49,0.156,1.0,0.33,3.82,1,Cluster 2: Vulnerabilidad Alta / Infraestructura Escasa,Muy Baja,<b>VILLA ASPACIA</b><hr>Pob: 2319.0<br>Cluster: Cluster 2: Vulnerabilidad Alta / Infraestructura Escasa<br>Infr: Muy Baja
VILLA AVALOS,1364.0,350.0,88.0,25.14,0,0,0,0,0,0,17,0,2,7.219,0.0,0.0,0.0,0.0,0.0,14.66,0,0,0,0,0.0,-31.4159890689732,-64.2431944869072,0.71,1921.13,492.96,0.0,1.0,0.0,3.9,1,Cluster 2: Vulnerabilidad Alta / Infraestructura Escasa,Muy Baja,<b>VILLA AVALOS</b><hr>Pob: 1364.0<br>Cluster: Cluster 2: Vulnerabilidad Alta / Infraestructura Escasa<br>Infr: Muy Baja
VILLA AZALAIS,7680.0,2225.0,140.0,6.29,8,6,2,1,8,1,54,0,1,8.947,0.25,1.04,1.3,0.0,1.04,1.3,1,1,0,1,0.1348,-31.3733605910932,-64.1519055061196,0.88,8727.27,2528.41,0.153,2.33,1.0,3.45,1,Cluster 2: Vulnerabilidad Alta / Infraestructura Escasa,Baja,<b>VILLA AZALAIS</b><hr>Pob: 7680.0<br>Cluster: Cluster 2: Vulnerabilidad Alta / Infraestructura Escasa<br>Infr: Baja
VILLA AZALAIS ANEXO,500.0,200.0,13.0,6.5,0,0,0,0,2,2,0,0,0,6.217,0.0,0.0,0.0,0.0,4.0,0.0,0,0,0,1,0.0741,-31.3651524446768,-64.1617435194703,0.13,3846.15,1538.46,0.57,1.0,0.33,2.5,1,Cluster 2: Vulnerabilidad Alta / Infraestructura Escasa,Muy Baja,<b>VILLA AZALAIS ANEXO</b><hr>Pob: 500.0<br>Cluster: Cluster 2: Vulnerabilidad Alta / Infraestructura Escasa<br>Infr: Muy Baja
VILLA AZALAIS OESTE,1121.0,319.0,14.0,4.39,6,6,0,1,9,3,11,0,0,7.023,0.0,4.8035,6.656999999999986,0.0,8.03,0.0,1,1,0,1,0.7043,-31.3679277643136,-64.1748905214047,0.22,5095.45,1450.0,3.201,7.0,1.0,3.51,0,Cluster 1: Urbano Consolidado (Alta Infraestructura),Muy Alta,<b>VILLA AZALAIS OESTE</b><hr>Pob: 1121.0<br>Cluster: Cluster 1: Urbano Consolidado (Alta Infraestructura)<br>Infr: Muy Alta
VILLA BELGRANO,5152.0,1554.0,24.0,1.54,10,2,8,0,16,3,417,0,0,8.547,0.8,1.94,0.0,0.0,3.11,0.0,1,0,0,1,0.1922,-31.3593223550694,-64.2502732108312,2.59,1989.19,600.0,0.074,0.33,0.67,3.32,1,Cluster 2: Vulnerabilidad Alta / Infraestructura Escasa,Media,<b>VILLA BELGRANO</b><hr>Pob: 5152.0<br>Cluster: Cluster 2: Vulnerabilidad Alta / Infraestructura Escasa<br>Infr: Media
VILLA BUSTOS,2219.0,538.0,54.0,10.04,5,5,0,1,10,2,23,0,1,7.705,0.0,2.25,4.51,0.0,4.51,4.51,1,1,0,1,0.3902,-31.4380459286388,-64.1118196733192,0.32,6934.38,1681.25,1.219,6.0,1.0,4.12,1,Cluster 2: Vulnerabilidad Alta / Infraestructura Escasa,Muy Alta,<b>VILLA BUSTOS</b><hr>Pob: 2219.0<br>Cluster: Cluster 2: Vulnerabilidad Alta / Infraestructura Escasa<br>Infr: Muy Alta
VILLA CABRERA,6437.0,2336.0,28.0,1.2,8,4,4,0,15,13,755,0,1,8.77,0.5,1.24,0.0,0.0,2.33,1.55,1,0,0,1,0.1292,-31.3873896225332,-64.2107766574213,1.13,5696.46,2067.26,0.114,1.0,0.67,2.76,1,Cluster 2: Vulnerabilidad Alta / Infraestructura Escasa,Baja,<b>VILLA CABRERA</b><hr>Pob: 6437.0<br>Cluster: Cluster 2: Vulnerabilidad Alta / Infraestructura Escasa<br>Infr: Baja
VILLA CENTENARIO,2331.0,847.0,13.0,1.53,3,3,0,0,3,9,17,0,0,7.754,0.0,1.29,0.0,0.0,1.29,0.0,1,0,0,1,0.1134,-31.3655136474965,-64.2308900849635,0.49,4757.14,1728.57,0.231,4.0,0.67,2.75,1,Cluster 2: Vulnerabilidad Alta / Infraestructura Escasa,Baja,<b>VILLA CENTENARIO</b><hr>Pob: 2331.0<br>Cluster: Cluster 2: Vulnerabilidad Alta / Infraestructura Escasa<br>Infr: Baja
VILLA CLARET,500.0,200.0,4.0,2.0,1,0,1,0,11,4,11,0,0,6.217,1.0,2.0,0.0,0.0,22.0,0.0,1,0,0,1,0.5462,-31.346764951577,-64.238479952604,0.06,8333.33,3333.33,9.103,0.5,0.67,2.5,0,Cluster 1: Urbano Consolidado (Alta Infraestructura),Muy Alta,<b>VILLA CLARET</b><hr>Pob: 500.0<br>Cluster: Cluster 1: Urbano Consolidado (Alta Infraestructura)<br>Infr: Muy Alta
VILLA CLAUDINA,500.0,200.0,6.0,3.0,3,3,0,0,9,2,0,0,0,6.217,0.0,4.8035,0.0,0.0,18.0,0.0,1,0,0,1,0.6667,-31.3886748687489,-64.1225564917819,0.04,12500.0,5000.0,16.667,4.0,0.67,2.5,0,Cluster 1: Urbano Consolidado (Alta Infraestructura),Muy Alta,<b>VILLA CLAUDINA</b><hr>Pob: 500.0<br>Cluster: Cluster 1: Urbano Consolidado (Alta Infraestructura)<br>Infr: Muy Alta
VILLA CORINA,4622.0,1373.0,78.0,5.68,7,1,6,0,15,2,38,0,1,8.439,0.857,1.51,0.0,0.0,3.25,2.16,1,0,0,1,0.165,-31.3753122407543,-64.1446975348582,0.57,8108.77,2408.77,0.289,0.29,0.67,3.37,1,Cluster 2: Vulnerabilidad Alta / Infraestructura Escasa,Media,<b>VILLA CORINA</b><hr>Pob: 4622.0<br>Cluster: Cluster 2: Vulnerabilidad Alta / Infraestructura Escasa<br>Infr: Media
VILLA CORNU,7274.0,1908.0,144.0,7.55,3,3,0,0,0,0,13,0,0,8.892,0.0,0.41,0.0,0.0,0.0,0.0,1,0,0,0,0.0285,-31.31516378474725,-64.26416452459095,0.76,9571.05,2510.53,0.038,4.0,0.33,3.81,1,Cluster 2: Vulnerabilidad Alta / Infraestructura Escasa,Muy Baja,<b>VILLA CORNU</b><hr>Pob: 7274.0<br>Cluster: Cluster 2: Vulnerabilidad Alta / Infraestructura Escasa<br>Infr: Muy Baja
VILLA CORONEL OLMEDO,3719.0,1052.0,66.0,6.27,6,6,0,1,23,4,46,0,1,8.221,0.0,1.61,2.69,0.0,6.18,2.69,1,1,0,1,0.316,-31.4808392426478,-64.1415667955082,0.45,8264.44,2337.78,0.702,7.0,1.0,3.54,1,Cluster 2: Vulnerabilidad Alta / Infraestructura Escasa,Alta,<b>VILLA CORONEL OLMEDO</b><hr>Pob: 3719.0<br>Cluster: Cluster 2: Vulnerabilidad Alta / Infraestructura Escasa<br>Infr: Alta
VILLA EL LIBERTADOR,58648.0,15082.0,2096.0,13.9,26,17,9,1,21,6,145,1,0,10.979,0.346,0.44,0.17,0.17,0.36,0.0,1,1,1,1,0.055,-31.4831663693664,-64.22405825134055,7.02,8354.42,2148.43,0.008,1.8,1.0,3.89,1,Cluster 2: Vulnerabilidad Alta / Infraestructura Escasa,Muy Baja,<b>VILLA EL LIBERTADOR</b><hr>Pob: 58648.0<br>Cluster: Cluster 2: Vulnerabilidad Alta / Infraestructura Escasa<br>Infr: Muy Baja
VILLA ESQUIU,834.0,224.0,18.0,8.04,4,4,0,1,7,1,0,0,0,6.727,0.0,4.8,6.656999999999986,0.0,8.39,0.0,1,1,0,1,0.7107,-31.3581731705604,-64.106364790417,3.13,266.45,71.57,0.227,5.0,1.0,3.72,0,Cluster 1: Urbano Consolidado (Alta Infraestructura),Muy Alta,<b>VILLA ESQUIU</b><hr>Pob: 834.0<br>Cluster: Cluster 1: Urbano Consolidado (Alta Infraestructura)<br>Infr: Muy Alta
VILLA EUCARISTICA,1404.0,366.0,6.0,1.64,3,0,3,0,0,0,9,0,2,7.248,1.0,2.14,0.0,0.0,0.0,14.25,1,0,0,0,0.1485,-31.4821048973798,-64.1788372981638,4.69,299.36,78.04,0.032,0.25,0.33,3.84,1,Cluster 2: Vulnerabilidad Alta / Infraestructura Escasa,Media,<b>VILLA EUCARISTICA</b><hr>Pob: 1404.0<br>Cluster: Cluster 2: Vulnerabilidad Alta / Infraestructura Escasa<br>Infr: Media
VILLA GENERAL URQUIZA,6010.0,1524.0,261.0,17.13,6,3,3,1,12,4,45,0,2,8.701,0.5,1.0,1.66,0.0,2.0,3.33,1,1,0,1,0.1618,-31.3909913330131,-64.2417974420032,0.88,6829.55,1731.82,0.184,1.0,1.0,3.94,1,Cluster 2: Vulnerabilidad Alta / Infraestructura Escasa,Media,<b>VILLA GENERAL URQUIZA</b><hr>Pob: 6010.0<br>Cluster: Cluster 2: Vulnerabilidad Alta / Infraestructura Escasa<br>Infr: Media
VILLA GRAN PARQUE,581.0,200.0,11.0,5.5,0,0,0,0,0,0,81,0,1,6.366,0.0,0.0,0.0,0.0,0.0,17.21,0,0,0,0,0.0,-31.3271029528563,-64.1616106373206,3.91,148.59,51.15,0.0,1.0,0.0,2.9,1,Cluster 2: Vulnerabilidad Alta / Infraestructura Escasa,Muy Baja,<b>VILLA GRAN PARQUE</b><hr>Pob: 581.0<br>Cluster: Cluster 2: Vulnerabilidad Alta / Infraestructura Escasa<br>Infr: Muy Baja
VILLA LA MERCED,1325.0,280.0,61.0,21.79,3,3,0,1,6,1,0,0,0,7.19,0.0,2.26,6.656999999999986,0.0,4.53,0.0,1,1,0,1,0.4629,-31.4082708450202,-64.0642238571163,0.45,2944.44,622.22,1.029,4.0,1.0,4.73,0,Cluster 1: Urbano Consolidado (Alta Infraestructura),Muy Alta,<b>VILLA LA MERCED</b><hr>Pob: 1325.0<br>Cluster: Cluster 1: Urbano Consolidado (Alta Infraestructura)<br>Infr: Muy Alta
VILLA MAFEKIN,1923.0,542.0,44.0,8.12,3,3,0,0,14,3,0,0,1,7.562,0.0,1.56,0.0,0.0,7.28,5.2,1,0,0,1,0.2431,-31.4022481112785,-64.2569491260768,0.39,4930.77,1389.74,0.623,4.0,0.67,3.55,1,Cluster 2: Vulnerabilidad Alta / Infraestructura Escasa,Alta,<b>VILLA MAFEKIN</b><hr>Pob: 1923.0<br>Cluster: Cluster 2: Vulnerabilidad Alta / Infraestructura Escasa<br>Infr: Alta
VILLA MARTA,981.0,340.0,2.0,0.59,0,0,0,0,8,3,29,0,0,6.89,0.0,0.0,0.0,0.0,8.15,0.0,0,0,0,1,0.1509,-31.3608191633499,-64.2281814784385,0.14,7007.14,2428.57,1.078,1.0,0.33,2.89,1,Cluster 2: Vulnerabilidad Alta / Infraestructura Escasa,Media,<b>VILLA MARTA</b><hr>Pob: 981.0<br>Cluster: Cluster 2: Vulnerabilidad Alta / Infraestructura Escasa<br>Infr: Media
VILLA MARTINEZ,3496.0,826.0,169.0,20.46,3,3,0,0,9,2,4,0,1,8.16,0.0,0.86,0.0,0.0,2.57,2.86,1,0,0,1,0.1073,-31.4160857927922,-64.2507310219899,0.37,9448.65,2232.43,0.29,4.0,0.67,4.23,1,Cluster 2: Vulnerabilidad Alta / Infraestructura Escasa,Baja,<b>VILLA MARTINEZ</b><hr>Pob: 3496.0<br>Cluster: Cluster 2: Vulnerabilidad Alta / Infraestructura Escasa<br>Infr: Baja
VILLA PAEZ,4861.0,1428.0,105.0,7.35,7,4,3,1,12,4,140,0,1,8.489,0.429,1.44,2.06,0.0,2.47,2.06,1,1,0,1,0.2144,-31.3959348360502,-64.2060005908958,0.57,8528.07,2505.26,0.376,1.25,1.0,3.4,1,Cluster 2: Vulnerabilidad Alta / Infraestructura Escasa,Media,<b>VILLA PAEZ</b><hr>Pob: 4861.0<br>Cluster: Cluster 2: Vulnerabilidad Alta / Infraestructura Escasa<br>Infr: Media
VILLA QUISQUIZACATE,1477.0,421.0,13.0,3.09,1,1,0,0,6,2,152,0,1,7.298,0.0,0.68,0.0,0.0,4.06,6.77,1,0,0,1,0.1224,-31.3331577606987,-64.2818486053848,0.83,1779.52,507.23,0.147,2.0,0.67,3.51,1,Cluster 2: Vulnerabilidad Alta / Infraestructura Escasa,Baja,<b>VILLA QUISQUIZACATE</b><hr>Pob: 1477.0<br>Cluster: Cluster 2: Vulnerabilidad Alta / Infraestructura Escasa<br>Infr: Baja
VILLA RETIRO,910.0,258.0,16.0,6.2,6,3,3,0,3,2,53,0,1,6.815,0.5,4.8035,0.0,0.0,3.3,10.99,1,0,0,1,0.3944,-31.336307674505548,-64.145948137302,2.72,334.56,94.85,0.145,1.0,0.67,3.53,0,Cluster 1: Urbano Consolidado (Alta Infraestructura),Muy Alta,<b>VILLA RETIRO</b><hr>Pob: 910.0<br>Cluster: Cluster 1: Urbano Consolidado (Alta Infraestructura)<br>Infr: Muy Alta
VILLA REVOL,4327.0,1341.0,58.0,4.33,2,2,0,0,10,4,298,0,1,8.373,0.0,0.46,0.0,0.0,2.31,2.31,1,0,0,1,0.0747,-31.4435550254359,-64.1727065975052,0.47,9206.38,2853.19,0.159,3.0,0.67,3.23,1,Cluster 2: Vulnerabilidad Alta / Infraestructura Escasa,Muy Baja,<b>VILLA REVOL</b><hr>Pob: 4327.0<br>Cluster: Cluster 2: Vulnerabilidad Alta / Infraestructura Escasa<br>Infr: Muy Baja
VILLA REVOL ANEXO,876.0,258.0,31.0,12.02,1,1,0,0,6,5,16,1,0,6.777,0.0,1.14,0.0,1.5584999999999962,6.85,0.0,1,0,1,1,0.3171,-31.4370580300058,-64.1699676689109,0.19,4610.53,1357.89,1.669,2.0,0.67,3.4,1,Cluster 2: Vulnerabilidad Alta / Infraestructura Escasa,Alta,<b>VILLA REVOL ANEXO</b><hr>Pob: 876.0<br>Cluster: Cluster 2: Vulnerabilidad Alta / Infraestructura Escasa<br>Infr: Alta
VILLA RIVADAVIA,876.0,226.0,49.0,21.68,5,5,0,1,23,1,0,0,1,6.777,0.0,4.8035,6.656999999999986,0.0,24.0,11.42,1,1,0,1,1.0,-31.5130596771592,-64.1945915895642,0.18,4866.67,1255.56,5.556,6.0,1.0,3.88,0,Cluster 1: Urbano Consolidado (Alta Infraestructura),Muy Alta,<b>VILLA RIVADAVIA</b><hr>Pob: 876.0<br>Cluster: Cluster 1: Urbano Consolidado (Alta Infraestructura)<br>Infr: Muy Alta
VILLA RIVERA INDARTE,4473.0,1207.0,62.0,5.14,13,5,8,1,20,2,121,0,1,8.406,0.615,2.91,2.24,0.0,4.47,2.24,1,1,0,1,0.3595,-31.3254407068763,-64.2939456332099,2.02,2214.36,597.52,0.178,0.67,1.0,3.71,1,Cluster 2: Vulnerabilidad Alta / Infraestructura Escasa,Muy Alta,<b>VILLA RIVERA INDARTE</b><hr>Pob: 4473.0<br>Cluster: Cluster 2: Vulnerabilidad Alta / Infraestructura Escasa<br>Infr: Muy Alta
VILLA SAN CARLOS,507.0,200.0,15.0,7.5,9,6,3,0,8,4,4,0,1,6.23,0.333,4.8035,0.0,0.0,15.78,19.72,1,0,0,1,0.6256,-31.4620977600299,-64.1700416939278,0.19,2668.42,1052.63,3.293,1.75,0.67,2.54,0,Cluster 1: Urbano Consolidado (Alta Infraestructura),Muy Alta,<b>VILLA SAN CARLOS</b><hr>Pob: 507.0<br>Cluster: Cluster 1: Urbano Consolidado (Alta Infraestructura)<br>Infr: Muy Alta
VILLA SAN ISIDRO,844.0,252.0,7.0,2.78,0,0,0,0,9,3,26,0,0,6.739,0.0,0.0,0.0,0.0,10.66,0.0,0,0,0,1,0.1974,-31.4575712536414,-64.1881087347359,0.12,7033.33,2100.0,1.645,1.0,0.33,3.35,1,Cluster 2: Vulnerabilidad Alta / Infraestructura Escasa,Media,<b>VILLA SAN ISIDRO</b><hr>Pob: 844.0<br>Cluster: Cluster 2: Vulnerabilidad Alta / Infraestructura Escasa<br>Infr: Media
VILLA SERRANA,1089.0,275.0,51.0,18.55,2,1,1,0,6,1,1,0,2,6.994,0.5,1.84,0.0,0.0,5.51,18.37,1,0,0,1,0.2297,-31.3301623505514,-64.2789046482414,0.18,6050.0,1527.78,1.276,1.0,0.67,3.96,1,Cluster 2: Vulnerabilidad Alta / Infraestructura Escasa,Alta,<b>VILLA SERRANA</b><hr>Pob: 1089.0<br>Cluster: Cluster 2: Vulnerabilidad Alta / Infraestructura Escasa<br>Infr: Alta
VILLA SIBURU,1333.0,365.0,43.0,11.78,4,4,0,1,8,4,100,0,1,7.196,0.0,3.0,6.656999999999986,0.0,6.0,7.5,1,1,0,1,0.5415,-31.3956863950044,-64.2305440533676,0.47,2836.17,776.6,1.152,5.0,1.0,3.65,0,Cluster 1: Urbano Consolidado (Alta Infraestructura),Muy Alta,<b>VILLA SIBURU</b><hr>Pob: 1333.0<br>Cluster: Cluster 1: Urbano Consolidado (Alta Infraestructura)<br>Infr: Muy Alta
VILLA SILVANO FUNES,925.0,274.0,15.0,5.47,0,0,0,0,22,7,28,0,1,6.831,0.0,0.0,0.0,0.0,23.78,10.81,0,0,0,1,0.4404,-31.3403524658703,-64.251239453436,0.21,4404.76,1304.76,2.097,1.0,0.33,3.38,0,Cluster 1: Urbano Consolidado (Alta Infraestructura),Muy Alta,<b>VILLA SILVANO FUNES</b><hr>Pob: 925.0<br>Cluster: Cluster 1: Urbano Consolidado (Alta Infraestructura)<br>Infr: Muy Alta
VILLA SOLFERINO,664.0,200.0,5.0,2.5,0,0,0,0,7,3,11,0,1,6.5,0.0,0.0,0.0,0.0,10.54,15.06,0,0,0,1,0.1952,-31.341833627199,-64.2755114664663,0.13,5107.69,1538.46,1.502,1.0,0.33,3.32,1,Cluster 2: Vulnerabilidad Alta / Infraestructura Escasa,Media,<b>VILLA SOLFERINO</b><hr>Pob: 664.0<br>Cluster: Cluster 2: Vulnerabilidad Alta / Infraestructura Escasa<br>Infr: Media
VILLA UNION,4842.0,1232.0,212.0,17.21,4,4,0,1,16,2,8,0,1,8.485,0.0,0.83,2.07,0.0,3.3,2.07,1,1,0,1,0.1878,-31.4250447239479,-64.2651931533667,0.92,5263.04,1339.13,0.204,5.0,1.0,3.93,1,Cluster 2: Vulnerabilidad Alta / Infraestructura Escasa,Media,<b>VILLA UNION</b><hr>Pob: 4842.0<br>Cluster: Cluster 2: Vulnerabilidad Alta / Infraestructura Escasa<br>Infr: Media
VILLA WARCALDE,624.0,200.0,20.0,10.0,3,0,3,0,5,1,10,0,0,6.438,1.0,4.8035,0.0,0.0,8.01,0.0,1,0,0,1,0.4817,-31.3436875418139,-64.2949561314855,1.17,533.33,170.94,0.412,0.25,0.67,3.12,0,Cluster 1: Urbano Consolidado (Alta Infraestructura),Muy Alta,<b>VILLA WARCALDE</b><hr>Pob: 624.0<br>Cluster: Cluster 1: Urbano Consolidado (Alta Infraestructura)<br>Infr: Muy Alta
VIVERO NORTE,1571.0,442.0,17.0,3.85,2,2,0,1,8,2,152,0,0,7.36,0.0,1.27,6.37,0.0,5.09,0.0,1,1,0,1,0.395,-31.382311576231,-64.1446636862196,0.21,7480.95,2104.76,1.881,3.0,1.0,3.55,1,Cluster 2: Vulnerabilidad Alta / Infraestructura Escasa,Muy Alta,<b>VIVERO NORTE</b><hr>Pob: 1571.0<br>Cluster: Cluster 2: Vulnerabilidad Alta / Infraestructura Escasa<br>Infr: Muy Alta
YAPEYU,25119.0,7218.0,426.0,5.9,8,8,0,1,6,2,30,0,1,10.131,0.0,0.32,0.4,0.0,0.24,0.4,1,1,0,1,0.04,-31.410369494566265,-64.14616987081894,0.85,29551.76,8491.76,0.047,9.0,1.0,3.48,1,Cluster 2: Vulnerabilidad Alta / Infraestructura Escasa,Muy Baja,<b>YAPEYU</b><hr>Pob: 25119.0<br>Cluster: Cluster 2: Vulnerabilidad Alta / Infraestructura Escasa<br>Infr: Muy Baja
YOFRE H,3578.0,1016.0,58.0,5.71,2,2,0,0,0,0,267,0,0,8.183,0.0,0.56,0.0,0.0,0.0,0.0,1,0,0,0,0.0389,-31.38234254247095,-64.12556007490045,1.26,2839.68,806.35,0.031,3.0,0.33,3.52,1,Cluster 2: Vulnerabilidad Alta / Infraestructura Escasa,Muy Baja,<b>YOFRE H</b><hr>Pob: 3578.0<br>Cluster: Cluster 2: Vulnerabilidad Alta / Infraestructura Escasa<br>Infr: Muy Baja
YOFRE I,5262.0,1582.0,66.0,4.17,0,0,0,1,15,2,44,0,1,8.568,0.0,0.0,1.9,0.0,2.85,1.9,0,1,0,1,0.1162,-31.3900178275939,-64.12771732212764,0.28,18792.86,5650.0,0.415,1.0,0.67,3.33,1,Cluster 2: Vulnerabilidad Alta / Infraestructura Escasa,Baja,<b>YOFRE I</b><hr>Pob: 5262.0<br>Cluster: Cluster 2: Vulnerabilidad Alta / Infraestructura Escasa<br>Infr: Baja
YOFRE NORTE,6935.0,2180.0,60.0,2.75,9,4,5,0,18,4,46,0,1,8.844,0.556,1.3,0.0,0.0,2.6,1.44,1,0,0,1,0.1384,-31.383963889503,-64.1340907794603,0.74,9371.62,2945.95,0.187,0.83,0.67,3.18,1,Cluster 2: Vulnerabilidad Alta / Infraestructura Escasa,Baja,<b>YOFRE NORTE</b><hr>Pob: 6935.0<br>Cluster: Cluster 2: Vulnerabilidad Alta / Infraestructura Escasa<br>Infr: Baja
YOFRE SUD,5126.0,1543.0,55.0,3.56,3,3,0,0,12,3,321,0,1,8.542,0.0,0.59,0.0,0.0,2.34,1.95,1,0,0,1,0.0843,-31.3922689658402,-64.1354610976761,0.46,11143.48,3354.35,0.183,4.0,0.67,3.32,1,Cluster 2: Vulnerabilidad Alta / Infraestructura Escasa,Baja,<b>YOFRE SUD</b><hr>Pob: 5126.0<br>Cluster: Cluster 2: Vulnerabilidad Alta / Infraestructura Escasa<br>Infr: Baja
ZEPA,1061.0,255.0,36.0,14.12,4,4,0,1,5,3,10,1,2,6.968,0.0,3.77,6.656999999999986,1.5584999999999962,4.71,18.85,1,1,1,1,0.6822,-31.3894472257739,-64.1064392092923,0.27,3929.63,944.44,2.527,5.0,1.0,4.16,0,Cluster 1: Urbano Consolidado (Alta Infraestructura),Muy Alta,<b>ZEPA</b><hr>Pob: 1061.0<br>Cluster: Cluster 1: Urbano Consolidado (Alta Infraestructura)<br>Infr: Muy Alta
