barrio,poblacion,hogares,nbi,pct_nbi,escuelas_total,escuelas_estatales,escuelas_privadas,dispensarios_municipales,paradas_colectivo,lineas_colectivo,luminarias_reportes,comisarias,centros_vecinales,poblacion_log,pct_escuelas_privadas,escuelas_por_1000_hab,dispensarios_por_10000_hab,comisarias_por_10000_hab,paradas_por_1000_hab,centros_vecinales_por_10000_hab,tiene_escuela,tiene_dispensario,tiene_comisaria,tiene_transporte,infraestructura_score,centroide_lat,centroide_lon,area_barrio_km2,densidad_poblacional,densidad_hogares,infraestructura_por_km2,educacion_ratio_publico_privado,tamano_promedio_hogar,cluster_barrio,cluster_barrio_str,cluster_descripcion,categoria_infraestructura,tooltip_html
1 DE MAYO,3.3788524434880727,2.5455135646794878,2.1897669837031786,0.16922287126528923,0.8248861171391112,1.0689531712988085,0.39275916217071455,-0.4889171865444709,0.4457179959649944,-0.20042968347886214,-0.31940471773047346,-0.2853478608449372,1.6748596541598555,2.558551086262831,0.6139020778240882,-0.5023409759346499,-0.41923022653073,-0.2772718104008337,-0.9201833783002596,-0.5236368020780688,0.8460434230488473,-0.49744243847086145,-0.29847421946995023,0.29027091864054483,-1.0236017594186895,-31.436,-64.1177,0.27953048004065584,2.1486436536638664,1.5137969818235346,-0.5109540662571735,-0.04221010194236202,0.5419474472764608,0.3229879685276647,Cluster 2,Area de Transición (Estrato 2),Muy Baja,<b>1 DE MAYO</b><hr>Tipología: <span style='color:#38bdf8'>Area de Transición (Estrato 2)</span><br>Pob: 19996.0<br>Score Infra: <b style='color:#e2e8f0'>Muy Baja</b>
2 DE SEPTIEMBRE,-0.06786061154282395,-0.1861339528612233,0.5505727335797597,2.8971855437901533,-0.35513137076247453,-0.31481413714624074,-0.3185713204273574,1.901887855657992,-0.01566240205973512,-0.20042968347886214,-0.5490765103497621,-0.2853478608449372,0.3188888414377209,0.46520778529056483,-0.4496412372007491,-0.47983143565910086,1.6586469539242847,-0.2772718104008337,-0.3995433496154725,-0.17570613763860599,0.8460434230488473,2.0102828441296667,-0.29847421946995023,0.29027091864054483,0.008843435000768242,-31.3336,-64.2419,-0.25790749583182104,0.8034810234455936,0.16190997242786448,-0.18499253544599778,-0.04221010194236202,2.0478958633105893,1.7854057149168137,Cluster 4,Area de Transición (Estrato 4),Alta,<b>2 DE SEPTIEMBRE</b><hr>Tipología: <span style='color:#38bdf8'>Area de Transición (Estrato 4)</span><br>Pob: 2624.0<br>Score Infra: <b style='color:#e2e8f0'>Alta</b>
20 DE JUNIO,-0.4573320441369783,-0.3986197661743339,-0.19313576879105077,1.5724298145836342,-0.5518009520794055,-0.660755964257503,-0.3185713204273574,1.901887855657992,0.4457179959649944,0.18167602888434883,-0.5188565376366978,-0.2853478608449372,-1.0370819712844137,-0.9557907707388849,-0.4496412372007491,-0.7649522791493887,3.2113284060910634,-0.2772718104008337,2.6428988239083124,-0.647455543871472,-1.181972429259419,2.0102828441296667,-0.29847421946995023,0.29027091864054483,2.3512034698399122,-31.3867,-64.1638,-0.37868007467956866,1.915789134579108,1.5494318073003177,5.331063369574158,-0.6057028633350752,0.03996464193175137,-0.40822090466690975,Cluster 1,Núcleo Urbano Consolidado Mayor,Muy Alta,<b>20 DE JUNIO</b><hr>Tipología: <span style='color:#38bdf8'>Núcleo Urbano Consolidado Mayor</span><br>Pob: 661.0<br>Score Infra: <b style='color:#e2e8f0'>Muy Alta</b>
23 DE ABRIL,-0.21567325407091617,-0.2759475440554247,0.1180075842416352,1.9771667601151008,-0.5518009520794055,-0.660755964257503,-0.3185713204273574,-0.4889171865444709,-0.7538710388993024,-0.5825353958420731,-0.36775667407137635,-0.2853478608449372,0.3188888414377209,0.12078578404685159,-0.4496412372007491,-0.7649522791493887,-0.41923022653073,-0.2772718104008337,-0.797318474775826,0.011260162469432766,-1.181972429259419,-0.49744243847086145,-0.29847421946995023,0.29027091864054483,-1.0746862872675689,-31.4577,-64.128,-0.2941392694861453,0.7051258589833032,0.11052269317870583,-0.4656426034612235,-0.6057028633350752,1.995966607585274,1.7854057149168137,Cluster 4,Area de Transición (Estrato 4),Muy Baja,<b>23 DE ABRIL</b><hr>Tipología: <span style='color:#38bdf8'>Area de Transición (Estrato 4)</span><br>Pob: 1879.0<br>Score Infra: <b style='color:#e2e8f0'>Muy Baja</b>
25 DE MAYO,-0.48927544742157275,-0.3986197661743339,-0.17036918198378107,1.8398771354194052,0.43154695450524927,1.0689531712988085,-0.3185713204273574,-0.4889171865444709,0.07661367754521078,-0.5825353958420731,-0.5249005321793108,-0.2853478608449372,4.386801279604125,-1.2424653705764666,-0.4496412372007491,2.839200277970605,-0.41923022653073,-0.2772718104008337,2.6428988239083124,9.258043799600777,0.8460434230488473,-0.49744243847086145,-0.29847421946995023,0.29027091864054483,2.9486235797357554,-31.4901,-64.0823,-0.2941392694861453,-0.8188401106261477,-0.566615168549539,0.9945105038470284,2.2117609436284904,-1.3448155107433089,-0.40822090466690975,Cluster 1,Núcleo Urbano Consolidado Mayor,Muy Alta,<b>25 DE MAYO</b><hr>Tipología: <span style='color:#38bdf8'>Núcleo Urbano Consolidado Mayor</span><br>Pob: 500.0<br>Score Infra: <b style='color:#e2e8f0'>Muy Alta</b>
4 DE FEBRERO,-0.4190396414417813,-0.39478625923311805,-0.2842021160201296,0.4545000134901117,-0.5518009520794055,-0.660755964257503,-0.3185713204273574,-0.4889171865444709,-0.8461471185042483,-0.39148253966046764,-0.4825925703810207,-0.2853478608449372,0.3188888414377209,-0.6918026500251407,-0.4496412372007491,-0.7649522791493887,-0.41923022653073,-0.2772718104008337,-0.6836684390157252,0.8024619225292788,-1.181972429259419,-0.49744243847086145,-0.29847421946995023,0.29027091864054483,-1.0010170207907636,-31.4561,-64.1457,-0.25186886688943366,-0.6918838913414562,-0.7206627397929665,-0.46248133861499435,-0.6057028633350752,1.4766740503321267,-1.1394297778614841,Cluster 0,Periferia Excluida NBI,Muy Baja,<b>4 DE FEBRERO</b><hr>Tipología: <span style='color:#38bdf8'>Periferia Excluida NBI</span><br>Pob: 854.0<br>Score Infra: <b style='color:#e2e8f0'>Muy Baja</b>
ACHAVAL PENA,-0.43888026459991447,-0.3887621768969216,-0.329735289634669,-0.10535637812610231,-0.5518009520794055,-0.660755964257503,-0.3185713204273574,-0.4889171865444709,-0.47704280008446465,-0.5825353958420731,-0.0776449360259591,-0.2853478608449372,-1.0370819712844137,-0.819671895995861,-0.4496412372007491,-0.7649522791493887,-0.41923022653073,-0.2772718104008337,0.1794575082434204,-0.647455543871472,-1.181972429259419,-0.49744243847086145,-0.29847421946995023,0.29027091864054483,-0.44123814194146405,-31.4362,-64.2041,4.476377594999886,-1.3528391899733687,-1.156518716330038,-0.5169253443000507,-0.6057028633350752,0.3169206724667637,-1.1394297778614841,Cluster 0,Periferia Excluida NBI,Baja,<b>ACHAVAL PENA</b><hr>Tipología: <span style='color:#38bdf8'>Periferia Excluida NBI</span><br>Pob: 754.0<br>Score Infra: <b style='color:#e2e8f0'>Baja</b>
ACOSTA,0.5051365852640624,0.3237224703204932,0.6340502185397486,0.6845047094088746,0.8248861171391112,1.7608368255213334,-0.3185713204273574,-0.4889171865444709,0.6302701551748863,-0.20042968347886214,-0.45841659221056924,-0.2853478608449372,0.3188888414377209,1.230360853921807,-0.4496412372007491,0.1879515925155208,-0.41923022653073,-0.2772718104008337,-0.5408379886685711,-0.42334362122541225,0.8460434230488473,-0.49744243847086145,-0.29847421946995023,0.29027091864054483,-0.434247627604249,-31.4236,-64.1235,-0.02843959602110056,0.39708068255872403,0.16190997242786448,-0.43894747809306683,3.3387464664139164,0.611186454910214,0.3229879685276647,Cluster 2,Area de Transición (Estrato 2),Media,<b>ACOSTA</b><hr>Tipología: <span style='color:#38bdf8'>Area de Transición (Estrato 2)</span><br>Pob: 5512.0<br>Score Infra: <b style='color:#e2e8f0'>Media</b>
AEROPUERTO,-0.48927544742157275,-0.3986197661743339,-0.36767960098011854,-0.4779996451572765,-0.35513137076247453,-0.31481413714624074,-0.3185713204273574,-0.4889171865444709,-0.2924906408745728,-0.39148253966046764,-0.5490765103497621,-0.2853478608449372,-1.0370819712844137,-1.2424653705764666,-0.4496412372007491,0.7356837392205475,-0.41923022653073,-0.2772718104008337,1.414249788663977,-0.647455543871472,0.8460434230488473,-0.49744243847086145,-0.29847421946995023,0.29027091864054483,1.105816454071442,-31.325,-64.1957,1.4751790106333573,-1.3394218777757683,-1.136206484919925,-0.4740726430511677,-0.04221010194236202,-1.3448155107433089,-0.40822090466690975,Cluster 1,Núcleo Urbano Consolidado Mayor,Muy Alta,<b>AEROPUERTO</b><hr>Tipología: <span style='color:#38bdf8'>Núcleo Urbano Consolidado Mayor</span><br>Pob: 500.0<br>Score Infra: <b style='color:#e2e8f0'>Muy Alta</b>
AIRES DEL SUR,-0.48927544742157275,-0.3986197661743339,-0.40562391232556805,-0.9237451798835615,-0.5518009520794055,-0.660755964257503,-0.3185713204273574,-0.4889171865444709,-0.8461471185042483,-0.39148253966046764,-0.5490765103497621,-0.2853478608449372,-1.0370819712844137,-1.2424653705764666,-0.4496412372007491,-0.7649522791493887,-0.41923022653073,-0.2772718104008337,-0.4287237642025255,-0.647455543871472,-1.181972429259419,-0.49744243847086145,-0.29847421946995023,0.29027091864054483,-0.8353956041859758,-31.4642,-64.1844,-0.36660281679479395,0.28628292539132033,0.6425529772897798,-0.08945208675996344,-0.6057028633350752,-1.3448155107433089,-1.1394297778614841,Cluster 0,Periferia Excluida NBI,Muy Baja,<b>AIRES DEL SUR</b><hr>Tipología: <span style='color:#38bdf8'>Periferia Excluida NBI</span><br>Pob: 500.0<br>Score Infra: <b style='color:#e2e8f0'>Muy Baja</b>
ALBERDI,5.905158990213171,7.983069338869889,6.105619914553568,0.0622439429309809,6.9216431379639705,4.18242961530017,8.217394470749506,-0.4889171865444709,3.3062764637183175,4.3848388648796695,1.59049755773519,5.916212314851698,1.6748596541598555,3.066934459356096,1.9005663680289615,0.10541661150517423,-0.41923022653073,1.3791124748735804,-0.8218914554807127,-0.5719261113774959,0.8460434230488473,-0.49744243847086145,3.3503731135501913,0.29027091864054483,-0.4234929901623796,-31.4084,-64.2022,1.106822645147727,1.2328091538638999,2.2034715114245094,-0.5021727750176483,-0.8310999678921603,-2.019895835172401,0.3229879685276647,Cluster 2,Area de Transición (Estrato 2),Media,<b>ALBERDI</b><hr>Tipología: <span style='color:#38bdf8'>Area de Transición (Estrato 2)</span><br>Pob: 32729.0<br>Score Infra: <b style='color:#e2e8f0'>Media</b>
ALBORADA NORTE,-0.48927544742157275,-0.3986197661743339,-0.3904461877873882,-0.7454469659930475,-0.5518009520794055,-0.660755964257503,-0.3185713204273574,-0.4889171865444709,0.5379940755699403,0.18167602888434883,-0.5490765103497621,-0.2853478608449372,-1.0370819712844137,-1.2424653705764666,-0.4496412372007491,-0.7649522791493887,-0.41923022653073,-0.2772718104008337,2.6428988239083124,-0.647455543871472,-1.181972429259419,-0.49744243847086145,-0.29847421946995023,0.29027091864054483,1.1558255181761345,-31.3417,-64.2683,-0.36660281679479395,0.28628292539132033,0.6425529772897798,2.0784730944540204,-0.6057028633350752,-1.3448155107433089,-0.40822090466690975,Cluster 1,Núcleo Urbano Consolidado Mayor,Muy Alta,<b>ALBORADA NORTE</b><hr>Tipología: <span style='color:#38bdf8'>Núcleo Urbano Consolidado Mayor</span><br>Pob: 500.0<br>Score Infra: <b style='color:#e2e8f0'>Muy Alta</b>
ALBORADA SUR,-0.48927544742157275,-0.3986197661743339,-0.39803505005647816,-0.8345960729383045,-0.5518009520794055,-0.660755964257503,-0.3185713204273574,-0.4889171865444709,-0.38476672047951876,-0.20042968347886214,-0.41006463586966635,-0.2853478608449372,-1.0370819712844137,-1.2424653705764666,-0.4496412372007491,-0.7649522791493887,-0.41923022653073,-0.2772718104008337,1.1070875298528935,-0.647455543871472,-1.181972429259419,-0.49744243847086145,-0.29847421946995023,0.29027091864054483,0.16048382293112595,-31.3621,-64.2251,-0.36660281679479395,0.28628292539132033,0.6425529772897798,0.9948617554966095,-0.6057028633350752,-1.3448155107433089,-1.1394297778614841,Cluster 0,Periferia Excluida NBI,Alta,<b>ALBORADA SUR</b><hr>Tipología: <span style='color:#38bdf8'>Periferia Excluida NBI</span><br>Pob: 500.0<br>Score Infra: <b style='color:#e2e8f0'>Alta</b>
ALEJANDRO CENTENO,-0.3442404921356192,-0.27156639326546367,-0.3904461877873882,-0.841728001493925,-0.15846178944554357,0.031127689965021584,-0.3185713204273574,-0.4889171865444709,-0.10793848166468102,-0.20042968347886214,-0.4221526249548921,-0.2853478608449372,0.3188888414377209,-0.3154133372887487,-0.4496412372007491,0.4505628957302597,-0.41923022653073,-0.2772718104008337,0.204030488948307,0.3579526394909614,0.8460434230488473,-0.49744243847086145,-0.29847421946995023,0.29027091864054483,0.17930443845439734,-31.3583,-64.2315,-0.25186886688943366,-0.3919089944699778,-0.23094915101445362,-0.15408239028286905,0.5212826594503511,-0.7389741939479697,-1.1394297778614841,Cluster 0,Periferia Excluida NBI,Alta,<b>ALEJANDRO CENTENO</b><hr>Tipología: <span style='color:#38bdf8'>Periferia Excluida NBI</span><br>Pob: 1231.0<br>Score Infra: <b style='color:#e2e8f0'>Alta</b>
ALMIRANTE BROWN,-0.3863026132308615,-0.37342814913205796,-0.3069687028273993,0.017669389458352405,-0.15846178944554357,0.031127689965021584,-0.3185713204273574,-0.4889171865444709,-0.47704280008446465,-0.009376827297256658,-0.4523725976679564,-0.2853478608449372,1.6748596541598555,-0.5092796134379041,-0.4496412372007491,0.7056710188531488,-0.41923022653073,-0.2772718104008337,-0.13845542962605137,1.7831063575330315,0.8460434230488473,-0.49744243847086145,-0.29847421946995023,0.29027091864054483,0.08412589709385376,-31.4616,-64.0911,-0.32433241419808223,0.18784222432050568,-0.14154377348978983,0.13886148546769198,0.5212826594503511,1.4939838022405647,-1.1394297778614841,Cluster 0,Periferia Excluida NBI,Alta,<b>ALMIRANTE BROWN</b><hr>Tipología: <span style='color:#38bdf8'>Periferia Excluida NBI</span><br>Pob: 1019.0<br>Score Infra: <b style='color:#e2e8f0'>Alta</b>
ALTA CORDOBA,6.271416893712309,6.370258204315479,2.4174328517758754,-0.3959824667676401,5.938295231379316,3.8364877881889075,6.794733505553362,-0.4889171865444709,1.8298591900391827,0.9458874536107709,2.7388565208316336,2.8154322270033805,-1.0370819712844137,3.123650657165689,1.8038806121176127,-0.05215017042366905,-0.41923022653073,0.5101895711230681,-0.9048252653597054,-0.647455543871472,0.8460434230488473,-0.49744243847086145,3.3503731135501913,0.29027091864054483,-0.6783778975346832,-31.3904,-64.1842,2.4836300440120502,0.06745442088110336,0.2585576698043527,-0.5155203377017267,-0.7916554745946704,-0.9120717130323523,0.3229879685276647,Cluster 2,Area de Transición (Estrato 2),Baja,<b>ALTA CORDOBA</b><hr>Tipología: <span style='color:#38bdf8'>Area de Transición (Estrato 2)</span><br>Pob: 34575.0<br>Score Infra: <b style='color:#e2e8f0'>Baja</b>
ALTAMIRA,0.6223946681286294,0.5296365574486623,-0.13242487063833155,-0.5849785734915849,-0.15846178944554357,-0.31481413714624074,0.037093920871678586,1.901887855657992,0.5379940755699403,-0.009376827297256658,0.0009269930280080778,-0.2853478608449372,-1.0370819712844137,1.3355436207686895,1.4097002226328827,-0.5173473361183492,0.47518409786460436,-0.2772718104008337,-0.6145569307832313,-0.647455543871472,0.8460434230488473,2.0102828441296667,-0.29847421946995023,0.29027091864054483,-0.5385676107903817,-31.4252,-64.1313,0.03194669340277324,0.3147407561250296,0.2609082950304897,-0.4600225770679274,-0.6057028633350752,-0.09851337333575402,0.3229879685276647,Cluster 2,Area de Transición (Estrato 2),Baja,<b>ALTAMIRA</b><hr>Tipología: <span style='color:#38bdf8'>Area de Transición (Estrato 2)</span><br>Pob: 6103.0<br>Score Infra: <b style='color:#e2e8f0'>Baja</b>
ALTO ALBERDI,5.457356125534105,5.023601980251203,2.5464435103504037,-0.2372970564050826,7.3149823005978325,4.528371442411432,8.573059712048542,1.901887855657992,3.3985525433232633,1.9011517345187983,1.681157475874383,5.916212314851698,1.6748596541598555,2.993719004001892,1.8745355875912908,0.21796431288291954,-0.23925661247557123,1.514881678584598,-0.800390097363937,-0.5657351742878258,0.8460434230488473,2.0102828441296667,3.3503731135501913,0.29027091864054483,-0.2756167253366761,-31.4078,-64.2199,1.9401534391971855,0.1908558978533988,0.24535172669362548,-0.5070902981117824,-0.819830112664306,-0.44470841150451945,0.3229879685276647,Cluster 2,Area de Transición (Estrato 2),Media,<b>ALTO ALBERDI</b><hr>Tipología: <span style='color:#38bdf8'>Area de Transición (Estrato 2)</span><br>Pob: 30472.0<br>Score Infra: <b style='color:#e2e8f0'>Media</b>
ALTO DE DON BOSCO,-0.4545543568948397,-0.39204803998939236,-0.40562391232556805,-0.9237451798835615,-0.5518009520794055,-0.660755964257503,-0.3185713204273574,-0.4889171865444709,-1.0306992777141402,-0.7735882520236786,-0.5490765103497621,-0.2853478608449372,-1.0370819712844137,-0.9341354952115856,-0.4496412372007491,-0.7649522791493887,-0.41923022653073,-0.2772718104008337,-1.0430482818246931,-0.647455543871472,-1.181972429259419,-0.49744243847086145,-0.29847421946995023,-3.445057481760149,-1.2338549214072352,-31.387,-64.2658,0.09837161176903442,-1.2096290258455946,-1.0322185249738562,-0.5232478739925088,-0.6057028633350752,-0.16775238096950712,-1.1394297778614841,Cluster 0,Periferia Excluida NBI,Muy Baja,<b>ALTO DE DON BOSCO</b><hr>Tipología: <span style='color:#38bdf8'>Periferia Excluida NBI</span><br>Pob: 675.0<br>Score Infra: <b style='color:#e2e8f0'>Muy Baja</b>
ALTO DE SANTA ANA,-0.28928196598759026,-0.2759475440554247,-0.25384666694377,-0.08217761032033552,-0.5518009520794055,-0.660755964257503,-0.3185713204273574,-0.4889171865444709,-0.47704280008446465,-0.39148253966046764,-0.16830485416515198,-0.2853478608449372,-1.0370819712844137,-0.10607900719152183,-0.4496412372007491,-0.7649522791493887,-0.41923022653073,-0.2772718104008337,-0.4317953867906364,-0.647455543871472,-1.181972429259419,-0.49744243847086145,-0.29847421946995023,0.29027091864054483,-0.8375465316743496,-31.4064,-64.2489,-0.022400967078713176,-0.8952521511667587,-0.8049914197806264,-0.48215143099153085,-0.6057028633350752,0.49001819155114645,-1.1394297778614841,Cluster 0,Periferia Excluida NBI,Muy Baja,<b>ALTO DE SANTA ANA</b><hr>Tipología: <span style='color:#38bdf8'>Periferia Excluida NBI</span><br>Pob: 1508.0<br>Score Infra: <b style='color:#e2e8f0'>Muy Baja</b>
ALTO HERMOSO,-0.48927544742157275,-0.3986197661743339,-0.40562391232556805,-0.9237451798835615,-0.5518009520794055,-0.660755964257503,-0.3185713204273574,-0.4889171865444709,-0.2924906408745728,-0.20042968347886214,-0.5490765103497621,-0.2853478608449372,-1.0370819712844137,-1.2424653705764666,-0.4496412372007491,-0.7649522791493887,-0.41923022653073,-0.2772718104008337,1.414249788663977,-0.647455543871472,-1.181972429259419,-0.49744243847086145,-0.29847421946995023,0.29027091864054483,0.3594446156057091,-31.3303,-64.3053,-0.08882588544497436,-1.1801308312454144,-0.9619174186736521,-0.32303443373133406,-0.6057028633350752,-1.3448155107433089,-1.1394297778614841,Cluster 0,Periferia Excluida NBI,Alta,<b>ALTO HERMOSO</b><hr>Tipología: <span style='color:#38bdf8'>Periferia Excluida NBI</span><br>Pob: 500.0<br>Score Infra: <b style='color:#e2e8f0'>Alta</b>
ALTO PALERMO,-0.4053496114626694,-0.33783129896362446,-0.40562391232556805,-0.9237451798835615,-0.35513137076247453,-0.31481413714624074,-0.3185713204273574,-0.4889171865444709,1.2762027124095074,1.7100988783371929,0.4058746273830697,-0.2853478608449372,-1.0370819712844137,-0.6113687694951725,-0.4496412372007491,0.045391170770376896,-0.41923022653073,-0.2772718104008337,2.6428988239083124,-0.647455543871472,0.8460434230488473,-0.49744243847086145,-0.29847421946995023,0.29027091864054483,1.5591244222462348,-31.3757,-64.2247,-0.24583023794704628,-0.6652282970571206,-0.5203426756720669,0.1785529218703459,-0.04221010194236202,-0.5312571710467104,-0.40822090466690975,Cluster 1,Núcleo Urbano Consolidado Mayor,Muy Alta,<b>ALTO PALERMO</b><hr>Tipología: <span style='color:#38bdf8'>Núcleo Urbano Consolidado Mayor</span><br>Pob: 923.0<br>Score Infra: <b style='color:#e2e8f0'>Muy Alta</b>
ALTO VERDE,0.19641648892351002,0.19666909741162295,-0.3828573255182983,-0.8827365906887432,0.6282165358221802,0.031127689965021584,1.1040896447687865,-0.4889171865444709,-0.38476672047951876,-0.39148253966046764,3.028968258877051,-0.2853478608449372,-1.0370819712844137,0.8880012598711695,2.030720270217316,0.37553109481176283,-0.41923022653073,-0.2772718104008337,-0.771209682776884,-0.647455543871472,0.8460434230488473,-0.49744243847086145,-0.29847421946995023,0.29027091864054483,-0.4901717423019696,-31.3735,-64.2141,0.14064201436574614,-0.4970275186760547,-0.3930987615211168,-0.4691551199570336,-0.8310999678921603,-0.35815965196232846,0.3229879685276647,Cluster 2,Area de Transición (Estrato 2),Baja,<b>ALTO VERDE</b><hr>Tipología: <span style='color:#38bdf8'>Area de Transición (Estrato 2)</span><br>Pob: 3956.0<br>Score Infra: <b style='color:#e2e8f0'>Baja</b>
ALTOS DE VELEZ SARSFIELD,-0.25555290661876384,-0.21023028220600903,-0.3525018764419387,-0.6937404839647985,-0.35513137076247453,-0.31481413714624074,-0.3185713204273574,-0.4889171865444709,-0.10793848166468102,-0.009376827297256658,0.478402561894424,-0.2853478608449372,0.3188888414377209,0.004259777638051034,-0.4496412372007491,-0.3147614736384079,-0.41923022653073,-0.2772718104008337,-0.1277047505676634,0.09050415721721074,0.8460434230488473,-0.49744243847086145,-0.29847421946995023,0.29027091864054483,-0.4165024758251646,-31.4483,-64.2141,-0.2760233826589832,0.21808239926904813,0.2383488223740928,-0.26894167969585875,-0.04221010194236202,-0.3408499000538898,0.3229879685276647,Cluster 2,Area de Transición (Estrato 2),Media,<b>ALTOS DE VELEZ SARSFIELD</b><hr>Tipología: <span style='color:#38bdf8'>Area de Transición (Estrato 2)</span><br>Pob: 1678.0<br>Score Infra: <b style='color:#e2e8f0'>Media</b>
ALTOS DE VILLA CABRERA,-0.35753370965156844,-0.28909099642530783,-0.36767960098011854,-0.700872412520419,-0.35513137076247453,-0.31481413714624074,-0.3185713204273574,-0.4889171865444709,0.6302701551748863,1.7100988783371929,0.49653454552226256,-0.2853478608449372,-1.0370819712844137,-0.37316073869488026,-0.4496412372007491,-0.11967879125031615,-0.41923022653073,-0.2772718104008337,1.3313159787849846,-0.647455543871472,0.8460434230488473,-0.49744243847086145,-0.29847421946995023,0.29027091864054483,0.6266973560361623,-31.3812,-64.2196,-0.2639461247742084,-0.3646824930543284,-0.22489302629989263,0.005034606977327778,-0.04221010194236202,-0.6351156824973401,-1.1394297778614841,Cluster 0,Periferia Excluida NBI,Alta,<b>ALTOS DE VILLA CABRERA</b><hr>Tipología: <span style='color:#38bdf8'>Periferia Excluida NBI</span><br>Pob: 1164.0<br>Score Infra: <b style='color:#e2e8f0'>Alta</b>
ALTOS SAN MARTIN,-0.33471699301971525,-0.2671852424755026,-0.3828573255182983,-0.8025023944380121,-0.5518009520794055,-0.660755964257503,-0.3185713204273574,-0.4889171865444709,-0.38476672047951876,-0.39148253966046764,0.520710523692714,-0.2853478608449372,-1.0370819712844137,-0.2751963970237637,-0.4496412372007491,-0.7649522791493887,-0.41923022653073,-0.2772718104008337,-0.20295950397637896,-0.647455543871472,-1.181972429259419,-0.49744243847086145,-0.29847421946995023,0.29027091864054483,-0.6891325349765526,-31.3772,-64.2144,-0.2699847537165958,-0.2149397191034379,-0.08294682196139196,-0.361672115185245,-0.6057028633350752,-0.6351156824973401,-1.1394297778614841,Cluster 0,Periferia Excluida NBI,Baja,<b>ALTOS SAN MARTIN</b><hr>Tipología: <span style='color:#38bdf8'>Periferia Excluida NBI</span><br>Pob: 1279.0<br>Score Infra: <b style='color:#e2e8f0'>Baja</b>
ALTOS SUD DE SAN VICENTE,-0.3855089883045362,-0.35754647751844915,-0.2462578046746801,0.4384531742399653,-0.5518009520794055,-0.660755964257503,-0.3185713204273574,-0.4889171865444709,-0.6615949592943564,-0.39148253966046764,-0.5067685485514721,-0.2853478608449372,-1.0370819712844137,-0.5061860026482898,-0.4496412372007491,-0.7649522791493887,-0.41923022653073,-0.2772718104008337,-0.4425460658490243,-0.647455543871472,-1.181972429259419,-0.49744243847086145,-0.29847421946995023,0.29027091864054483,-0.8445370460115648,-31.4371,-64.1409,-0.3545255589100192,1.1723168686260903,0.6992346045598439,-0.20536513112169624,-0.6057028633350752,0.7669742220861587,0.3229879685276647,Cluster 2,Area de Transición (Estrato 2),Muy Baja,<b>ALTOS SUD DE SAN VICENTE</b><hr>Tipología: <span style='color:#38bdf8'>Area de Transición (Estrato 2)</span><br>Pob: 1023.0<br>Score Infra: <b style='color:#e2e8f0'>Muy Baja</b>
AMEGHINO NORTE,0.16169539839677696,0.04387646361173153,0.5353950090415799,1.2693228509697607,-0.35513137076247453,-0.31481413714624074,-0.3185713204273574,1.901887855657992,0.5379940755699403,0.5637817412475599,-0.07160094148334624,-0.2853478608449372,0.3188888414377209,0.8415970980269568,-0.4496412372007491,-0.569869596761297,1.0205586859105402,-0.2772718104008337,-0.3519331994997546,-0.32057406553688766,0.8460434230488473,2.0102828441296667,-0.29847421946995023,0.29027091864054483,-0.21485302379011423,-31.4292,-64.2372,-0.08882588544497436,0.07499158854851726,-0.11643234890964714,-0.39539227354502177,-0.04221010194236202,0.8189034778114732,1.7854057149168137,Cluster 4,Area de Transición (Estrato 4),Media,<b>AMEGHINO NORTE</b><hr>Tipología: <span style='color:#38bdf8'>Area de Transición (Estrato 4)</span><br>Pob: 3781.0<br>Score Infra: <b style='color:#e2e8f0'>Media</b>
AMEGHINO SUD,0.0958245295117748,0.09042619075506762,-0.2690243914819498,-0.6295531269642134,0.23487737318831833,0.7230113441875463,-0.3185713204273574,-0.4889171865444709,0.9993744735946698,0.7548345974291654,1.5240136177664487,-0.2853478608449372,0.3188888414377209,0.7467263671454564,-0.4496412372007491,0.10541661150517423,-0.41923022653073,-0.2772718104008337,-0.06320067621733581,-0.28838119267060286,0.8460434230488473,-0.49744243847086145,-0.29847421946995023,0.29027091864054483,-0.1659194234296087,-31.4344,-64.2376,-0.08278725650258698,-0.07690551440311456,-0.049069524142113824,-0.3915285053996307,1.6482681822357772,-0.20237188478638365,0.3229879685276647,Cluster 2,Area de Transición (Estrato 2),Media,<b>AMEGHINO SUD</b><hr>Tipología: <span style='color:#38bdf8'>Area de Transición (Estrato 2)</span><br>Pob: 3449.0<br>Score Infra: <b style='color:#e2e8f0'>Media</b>
AMPLIACION ALTAMIRA,-0.21210194190245218,-0.23213603615581427,-0.12483600836924166,0.38496371007281116,-0.5518009520794055,-0.660755964257503,-0.3185713204273574,1.901887855657992,0.4457179959649944,-0.39148253966046764,-0.4946805594662464,-0.2853478608449372,1.6748596541598555,0.13109782001223289,-0.4496412372007491,-0.7649522791493887,2.4548938524713506,-0.2772718104008337,0.25164063906402506,0.657593994630997,-1.181972429259419,2.0102828441296667,-0.29847421946995023,0.29027091864054483,0.5514148939430771,-31.4188,-64.1301,-0.3001778984285327,0.8483360231110774,0.441977173850296,0.16274659763920057,-0.6057028633350752,0.8362132297199111,0.3229879685276647,Cluster 2,Area de Transición (Estrato 2),Alta,<b>AMPLIACION ALTAMIRA</b><hr>Tipología: <span style='color:#38bdf8'>Area de Transición (Estrato 2)</span><br>Pob: 1897.0<br>Score Infra: <b style='color:#e2e8f0'>Alta</b>
AMPLIACION BENJAMIN MATIENZO,-0.18690435049162304,-0.22775488536585323,0.004174650205286672,0.9573009766613612,0.23487737318831833,0.7230113441875463,-0.3185713204273574,-0.4889171865444709,-0.2924906408745728,-0.20042968347886214,-0.3073167286452478,-0.2853478608449372,-1.0370819712844137,0.19709485019066894,-0.4496412372007491,0.7206773790368481,-0.41923022653073,-0.2772718104008337,-0.4364028206728026,-0.647455543871472,0.8460434230488473,-0.49744243847086145,-0.29847421946995023,0.29027091864054483,-0.10192933065048611,-31.4463,-64.2349,-0.1492121748688482,-0.4127858946202839,-0.5078821854687027,-0.3472707975524236,1.6482681822357772,1.1650985159802387,1.7854057149168137,Cluster 4,Area de Transición (Estrato 4),Media,<b>AMPLIACION BENJAMIN MATIENZO</b><hr>Tipología: <span style='color:#38bdf8'>Area de Transición (Estrato 4)</span><br>Pob: 2024.0<br>Score Infra: <b style='color:#e2e8f0'>Media</b>
AMPLIACION CABO FARINA,-0.48927544742157275,-0.3986197661743339,-0.3145575650964892,0.14604410345952243,-0.5518009520794055,-0.660755964257503,-0.3185713204273574,-0.4889171865444709,-0.7538710388993024,-0.5825353958420731,-0.44632860312534356,-0.2853478608449372,0.3188888414377209,-1.2424653705764666,-0.4496412372007491,-0.7649522791493887,-0.41923022653073,-0.2772718104008337,-0.12156150539144173,1.8289192919965909,-1.181972429259419,-0.49744243847086145,-0.29847421946995023,0.29027091864054483,-0.6364348115113927,-31.4615,-64.2149,-0.3726414457371813,0.6178208308082879,1.0053055975464145,0.2572332913764918,-0.6057028633350752,-1.3448155107433089,-1.1394297778614841,Cluster 0,Periferia Excluida NBI,Baja,<b>AMPLIACION CABO FARINA</b><hr>Tipología: <span style='color:#38bdf8'>Periferia Excluida NBI</span><br>Pob: 500.0<br>Score Infra: <b style='color:#e2e8f0'>Baja</b>
AMPLIACION EMPALME,0.029556848163609966,0.006636681897062653,-0.2159023555983205,-0.44947193093479426,-0.5518009520794055,-0.660755964257503,-0.3185713204273574,1.901887855657992,1.2762027124095074,-0.20042968347886214,-0.4342406140401178,-0.2853478608449372,0.3188888414377209,0.6415436002985737,-0.4496412372007491,-0.7649522791493887,1.3314222010967234,-0.2772718104008337,0.19020818730180825,-0.2499973827146479,-1.181972429259419,2.0102828441296667,-0.29847421946995023,0.29027091864054483,0.14220093927994829,-31.4317,-64.1252,-0.19148257746555986,0.3990062508622492,0.290165961328957,-0.2664829181487917,-0.6057028633350752,0.05727439384019003,0.3229879685276647,Cluster 2,Area de Transición (Estrato 2),Alta,<b>AMPLIACION EMPALME</b><hr>Tipología: <span style='color:#38bdf8'>Area de Transición (Estrato 2)</span><br>Pob: 3115.0<br>Score Infra: <b style='color:#e2e8f0'>Alta</b>
AMPLIACION GENERAL ARTIGAS,-0.12718407478564217,-0.14615595190282876,-0.25384666694377,-0.38350159179530413,-0.5518009520794055,-0.660755964257503,-0.3185713204273574,-0.4889171865444709,-0.9384231981091942,-0.7735882520236786,-0.06555694694073338,-0.2853478608449372,1.6748596541598555,0.3404321501094589,-0.4496412372007491,-0.7649522791493887,-0.41923022653073,-0.2772718104008337,-0.9770083961803102,0.417385635551795,-1.181972429259419,-0.49744243847086145,-0.29847421946995023,0.29027091864054483,-1.1908363716397576,-31.4632,-64.1959,-0.10090314332974913,-0.44641371711108196,-0.45186439217453833,-0.5176278475992127,-0.6057028633350752,0.42077918391739333,0.3229879685276647,Cluster 2,Area de Transición (Estrato 2),Muy Baja,<b>AMPLIACION GENERAL ARTIGAS</b><hr>Tipología: <span style='color:#38bdf8'>Area de Transición (Estrato 2)</span><br>Pob: 2325.0<br>Score Infra: <b style='color:#e2e8f0'>Muy Baja</b>
AMPLIACION JARDIN ESPINOSA,-0.48550572902152744,-0.3986197661743339,-0.40562391232556805,-0.9237451798835615,-0.5518009520794055,-0.660755964257503,-0.3185713204273574,-0.4889171865444709,-0.10793848166468102,-0.009376827297256658,0.22455479110468388,-0.2853478608449372,-1.0370819712844137,-1.2043108375045584,-0.4496412372007491,-0.7649522791493887,-0.41923022653073,-0.2772718104008337,1.9164600818200992,-0.647455543871472,-1.181972429259419,-0.49744243847086145,-0.29847421946995023,0.29027091864054483,0.6853101300943504,-31.4554,-64.1733,-0.28810064054375795,-0.8280303229838816,-0.5984356692959472,0.13640272392062489,-0.6057028633350752,-1.171717991658926,-1.1394297778614841,Cluster 0,Periferia Excluida NBI,Alta,<b>AMPLIACION JARDIN ESPINOSA</b><hr>Tipología: <span style='color:#38bdf8'>Periferia Excluida NBI</span><br>Pob: 519.0<br>Score Infra: <b style='color:#e2e8f0'>Alta</b>
AMPLIACION JOSE IGNACIO DIAZ SECCION 2,-0.21487962914459083,-0.2726616809629539,0.019352374743466474,1.3976975649709305,-0.35513137076247453,-0.31481413714624074,-0.3185713204273574,1.901887855657992,-0.2924906408745728,-0.39148253966046764,-0.5490765103497621,-0.2853478608449372,0.3188888414377209,0.12284819123992839,-0.4496412372007491,-0.3672837342813556,2.476708835993188,-0.2772718104008337,-0.39032848185114005,0.01002197505149865,0.8460434230488473,2.0102828441296667,-0.29847421946995023,0.29027091864054483,0.3400862682103443,-31.4509,-64.1466,-0.2699847537165958,0.33119163409006375,-0.10767735819470688,-0.05608318004976766,-0.04221010194236202,1.9094178480430832,1.7854057149168137,Cluster 4,Area de Transición (Estrato 4),Alta,<b>AMPLIACION JOSE IGNACIO DIAZ SECCION 2</b><hr>Tipología: <span style='color:#38bdf8'>Area de Transición (Estrato 4)</span><br>Pob: 1883.0<br>Score Infra: <b style='color:#e2e8f0'>Alta</b>
AMPLIACION JOSE IGNACIO DIAZ SECCION 3,-0.45594320051590903,-0.3986197661743339,-0.2386689424055902,1.0375351729120923,-0.5518009520794055,-0.660755964257503,-0.3185713204273574,-0.4889171865444709,-0.20021456126962692,-0.20042968347886214,-0.5490765103497621,-0.2853478608449372,0.3188888414377209,-0.944447531176966,-0.4496412372007491,-0.7649522791493887,-0.41923022653073,-0.2772718104008337,1.0256895312679564,1.206111020775773,-1.181972429259419,-0.49744243847086145,-0.29847421946995023,0.29027091864054483,0.10724836759387285,-31.4508,-64.1432,-0.3001778984285327,-0.5897551699868239,-0.5310510794800238,-0.007961704057169505,-0.6057028633350752,0.10920364956550446,-1.1394297778614841,Cluster 0,Periferia Excluida NBI,Alta,<b>AMPLIACION JOSE IGNACIO DIAZ SECCION 3</b><hr>Tipología: <span style='color:#38bdf8'>Periferia Excluida NBI</span><br>Pob: 668.0<br>Score Infra: <b style='color:#e2e8f0'>Alta</b>
AMPLIACION KENNEDY,-0.48927544742157275,-0.3986197661743339,-0.3525018764419387,-0.2997014312667625,-0.5518009520794055,-0.660755964257503,-0.3185713204273574,-0.4889171865444709,0.07661367754521078,-0.20042968347886214,-0.428196619497505,-0.2853478608449372,-1.0370819712844137,-1.2424653705764666,-0.4496412372007491,-0.7649522791493887,-0.41923022653073,-0.2772718104008337,2.6428988239083124,-0.647455543871472,-1.181972429259419,-0.49744243847086145,-0.29847421946995023,0.29027091864054483,1.1558255181761345,-31.4563,-64.1944,-0.36660281679479395,0.28628292539132033,0.6425529772897798,2.0784730944540204,-0.6057028633350752,-1.3448155107433089,-0.40822090466690975,Cluster 1,Núcleo Urbano Consolidado Mayor,Muy Alta,<b>AMPLIACION KENNEDY</b><hr>Tipología: <span style='color:#38bdf8'>Núcleo Urbano Consolidado Mayor</span><br>Pob: 500.0<br>Score Infra: <b style='color:#e2e8f0'>Muy Alta</b>
AMPLIACION LAS PALMAS,-0.24126765794490798,-0.22720724151710808,-0.3145575650964892,-0.5065273593797588,-0.15846178944554357,0.031127689965021584,-0.3185713204273574,-0.4889171865444709,0.7225462347798322,0.7548345974291654,0.5509304964057783,-0.2853478608449372,0.3188888414377209,0.047570328692649454,-0.4496412372007491,0.09041025132147486,-0.41923022653073,-0.2772718104008337,0.6248427835194919,0.05954947176885995,0.8460434230488473,-0.49744243847086145,-0.29847421946995023,0.29027091864054483,0.2728697841986608,-31.4011,-64.2429,-0.2639461247742084,0.14213782624014035,0.042436180552199866,-0.09542336480284064,0.5212826594503511,0.23037191292457274,0.3229879685276647,Cluster 2,Area de Transición (Estrato 2),Alta,<b>AMPLIACION LAS PALMAS</b><hr>Tipología: <span style='color:#38bdf8'>Area de Transición (Estrato 2)</span><br>Pob: 1750.0<br>Score Infra: <b style='color:#e2e8f0'>Alta</b>
AMPLIACION LOS ALAMOS,-0.43074560910507986,-0.3986197661743339,-0.37526846324920843,-0.5671487521025335,-0.5518009520794055,-0.660755964257503,-0.3185713204273574,-0.4889171865444709,-0.47704280008446465,0.3727288850659543,-0.5490765103497621,-0.2853478608449372,-1.0370819712844137,-0.7650181053793438,-0.4496412372007491,-0.7649522791493887,-0.41923022653073,-0.2772718104008337,0.11648924518714819,-0.647455543871472,-1.181972429259419,-0.49744243847086145,-0.29847421946995023,0.29027091864054483,-0.48210576422056756,-31.3644,-64.1543,-0.34848692996763175,0.3857440980940652,0.0379689043701203,0.022245937806797164,-0.6057028633350752,1.217027771705553,-1.1394297778614841,Cluster 0,Periferia Excluida NBI,Baja,<b>AMPLIACION LOS ALAMOS</b><hr>Tipología: <span style='color:#38bdf8'>Periferia Excluida NBI</span><br>Pob: 795.0<br>Score Infra: <b style='color:#e2e8f0'>Baja</b>
AMPLIACION LOS PLATANOS,-0.3781679577360269,-0.3542606144259784,-0.329735289634669,-0.2890035384333317,-0.5518009520794055,-0.660755964257503,-0.3185713204273574,-0.4889171865444709,-0.5693188796894105,-0.39148253966046764,-0.44028460858273066,-0.2853478608449372,0.3188888414377209,-0.46906267317292,-0.4496412372007491,-0.7649522791493887,-0.41923022653073,-0.2772718104008337,-0.3181453510305354,0.5201551912403196,-1.181972429259419,-0.49744243847086145,-0.29847421946995023,0.29027091864054483,-0.7638772651975445,-31.4186,-64.2341,-0.34848692996763175,0.9714609980232595,0.5276824931486331,-0.1821825222493497,-0.6057028633350752,0.8535229816283497,-1.1394297778614841,Cluster 0,Periferia Excluida NBI,Baja,<b>AMPLIACION LOS PLATANOS</b><hr>Tipología: <span style='color:#38bdf8'>Periferia Excluida NBI</span><br>Pob: 1060.0<br>Score Infra: <b style='color:#e2e8f0'>Baja</b>
AMPLIACION PALMAR,-0.3194397131879527,-0.30004387340021044,-0.36009073871102865,-0.6420340019365494,-0.15846178944554357,0.031127689965021584,-0.3185713204273574,-0.4889171865444709,-0.01566240205973512,-0.39148253966046764,-0.5067685485514721,-0.2853478608449372,0.3188888414377209,-0.21538658842455627,-0.4496412372007491,0.33801519435251437,-0.41923022653073,-0.2772718104008337,0.2024946776542516,0.26508858314590916,0.8460434230488473,-0.49744243847086145,-0.29847421946995023,0.29027091864054483,0.12230486001248977,-31.3875,-64.1203,-0.3062165273709201,0.31446425406491607,0.12110050669632175,0.030324725747160403,0.5212826594503511,0.5073279434595843,-1.1394297778614841,Cluster 0,Periferia Excluida NBI,Alta,<b>AMPLIACION PALMAR</b><hr>Tipología: <span style='color:#38bdf8'>Periferia Excluida NBI</span><br>Pob: 1356.0<br>Score Infra: <b style='color:#e2e8f0'>Alta</b>
AMPLIACION PANAMERICANO,-0.281940935419081,-0.21899258378593114,-0.329735289634669,-0.5867615556304902,-0.5518009520794055,-0.660755964257503,-0.3185713204273574,-0.4889171865444709,-0.6615949592943564,-0.20042968347886214,-0.22270080504866774,-0.2853478608449372,0.3188888414377209,-0.08133012087460831,-0.4496412372007491,-0.7649522791493887,-0.41923022653073,-0.2772718104008337,-0.6452731566643396,0.1536517155318463,-1.181972429259419,-0.49744243847086145,-0.29847421946995023,0.29027091864054483,-0.9757436228023707,-31.3655,-64.18,-0.06467136967542482,-0.8225897968370413,-0.6581644033406331,-0.4930402321285421,-0.6057028633350752,-0.6004961786804636,-1.1394297778614841,Cluster 0,Periferia Excluida NBI,Muy Baja,<b>AMPLIACION PANAMERICANO</b><hr>Tipología: <span style='color:#38bdf8'>Periferia Excluida NBI</span><br>Pob: 1545.0<br>Score Infra: <b style='color:#e2e8f0'>Muy Baja</b>
AMPLIACION PARQUE SAN CARLOS,-0.37618389542021363,-0.33783129896362446,-0.37526846324920843,-0.6937404839647985,-0.5518009520794055,-0.660755964257503,-0.3185713204273574,-0.4889171865444709,-0.6615949592943564,-0.39148253966046764,-0.5490765103497621,-0.2853478608449372,-1.0370819712844137,-0.4597818408040771,-0.4496412372007491,-0.7649522791493887,-0.41923022653073,-0.2772718104008337,-0.4686548578479664,-0.647455543871472,-1.181972429259419,-0.49744243847086145,-0.29847421946995023,0.29027091864054483,-0.8612067340464622,-31.45,-64.1564,-0.336409672082857,0.5635687395458487,0.36719246758171953,-0.3019593347564736,-0.6057028633350752,0.2823011686498872,-1.1394297778614841,Cluster 0,Periferia Excluida NBI,Muy Baja,<b>AMPLIACION PARQUE SAN CARLOS</b><hr>Tipología: <span style='color:#38bdf8'>Periferia Excluida NBI</span><br>Pob: 1070.0<br>Score Infra: <b style='color:#e2e8f0'>Muy Baja</b>
AMPLIACION POETA LUGONES,-0.026988927837069604,-0.04867534682619553,-0.3904461877873882,-0.8809536085498381,-0.35513137076247453,-0.31481413714624074,-0.3185713204273574,-0.4889171865444709,-0.20021456126962692,-0.39148253966046764,0.3393906874143282,-0.2853478608449372,0.3188888414377209,0.5425480550309197,-0.4496412372007491,-0.5023409759346499,-0.41923022653073,-0.2772718104008337,-0.5546602903150699,-0.2103753853407589,0.8460434230488473,-0.49744243847086145,-0.29847421946995023,0.29027091864054483,-0.7864620038254703,-31.3598,-64.2228,-0.10694177227213653,-0.22252462813374924,-0.23952458008017513,-0.46353509356373745,-0.04221010194236202,0.16113290529081967,0.3229879685276647,Cluster 2,Area de Transición (Estrato 2),Muy Baja,<b>AMPLIACION POETA LUGONES</b><hr>Tipología: <span style='color:#38bdf8'>Area de Transición (Estrato 2)</span><br>Pob: 2830.0<br>Score Infra: <b style='color:#e2e8f0'>Muy Baja</b>
AMPLIACION PRIMERO DE MAYO,-0.25317203183978787,-0.2951150787615043,-0.10206942156197196,0.9091604589109222,0.038207791871387384,-0.660755964257503,0.7484244034697505,-0.4889171865444709,-0.47704280008446465,-0.20042968347886214,-0.5490765103497621,-0.2853478608449372,0.3188888414377209,0.011478202813817132,3.2690416824665145,0.5706137771998545,-0.41923022653073,-0.2772718104008337,-0.4978352724350194,0.0855514075454746,0.8460434230488473,-0.49744243847086145,-0.29847421946995023,0.29027091864054483,-0.2159284875343012,-31.4437,-64.1123,-0.32433241419808223,1.214587867024757,0.4569950572395037,-0.011825472202560638,-1.02832243437961,1.84017884040933,1.7854057149168137,Cluster 4,Area de Transición (Estrato 4),Media,<b>AMPLIACION PRIMERO DE MAYO</b><hr>Tipología: <span style='color:#38bdf8'>Area de Transición (Estrato 4)</span><br>Pob: 1690.0<br>Score Infra: <b style='color:#e2e8f0'>Media</b>
AMPLIACION PUEYRREDON,-0.2295616902816094,-0.20530148756730288,-0.2993798405583094,-0.47265069874056115,0.43154695450524927,0.7230113441875463,0.037093920871678586,-0.4889171865444709,0.2611658367551026,0.18167602888434883,-0.44028460858273066,-0.2853478608449372,0.3188888414377209,0.08160004737840587,0.2940953467327037,1.305925426201123,-0.41923022653073,-0.2772718104008337,0.1456696597742012,0.03726209824604742,0.8460434230488473,-0.49744243847086145,-0.29847421946995023,0.29027091864054483,0.5670091182337874,-31.3937,-64.1451,-0.2639461247742084,0.19316538628355664,0.13707061095259876,-0.011825472202560638,0.23953627875399452,-0.011964613793563056,0.3229879685276647,Cluster 2,Area de Transición (Estrato 2),Alta,<b>AMPLIACION PUEYRREDON</b><hr>Tipología: <span style='color:#38bdf8'>Area de Transición (Estrato 2)</span><br>Pob: 1809.0<br>Score Infra: <b style='color:#e2e8f0'>Alta</b>
AMPLIACION RESIDENCIAL AMERICA,0.5003748357061104,0.3697245536150842,-0.0034142120638032307,-0.33357809190596016,0.8248861171391112,0.7230113441875463,0.7484244034697505,-0.4889171865444709,-0.20021456126962692,-0.5825353958420731,0.25477476381774816,-0.2853478608449372,1.6748596541598555,1.226236039535655,1.1456737353365072,0.19545477260737049,-0.41923022653073,-0.2772718104008337,-0.7911752295996045,-0.19675532374348453,0.8460434230488473,-0.49744243847086145,-0.29847421946995023,0.29027091864054483,-0.5928785298718219,-31.376,-64.1612,-0.04655548284826272,0.47891136778818044,0.3071644641216688,-0.45229504077714516,-0.46482967298689687,0.24768166483301063,0.3229879685276647,Cluster 2,Area de Transición (Estrato 2),Baja,<b>AMPLIACION RESIDENCIAL AMERICA</b><hr>Tipología: <span style='color:#38bdf8'>Area de Transición (Estrato 2)</span><br>Pob: 5488.0<br>Score Infra: <b style='color:#e2e8f0'>Baja</b>
AMPLIACION ROSEDAL,0.03114409801626062,-0.0623664430448238,-0.10206942156197196,-0.04830094968113779,-0.5518009520794055,-0.660755964257503,-0.3185713204273574,1.901887855657992,-0.2924906408745728,-0.20042968347886214,1.1190659834113872,-0.2853478608449372,0.3188888414377209,0.6446372110881881,-0.4496412372007491,-0.7649522791493887,1.325968455216264,-0.2772718104008337,-0.6498805905465059,-0.2512355701325819,-1.181972429259419,2.0102828441296667,-0.29847421946995023,0.29027091864054483,-0.40467237463910827,-31.44,-64.2242,-0.209598464292722,0.5699561360568188,0.2129218045922929,-0.3539445788944628,-0.6057028633350752,0.9746912449874172,0.3229879685276647,Cluster 2,Area de Transición (Estrato 2),Media,<b>AMPLIACION ROSEDAL</b><hr>Tipología: <span style='color:#38bdf8'>Area de Transición (Estrato 2)</span><br>Pob: 3123.0<br>Score Infra: <b style='color:#e2e8f0'>Media</b>
AMPLIACION SAN FERNANDO,0.08114246837475624,0.03949531282177048,-0.04135852340925274,-0.06791375320909439,-0.5518009520794055,-0.660755964257503,-0.3185713204273574,-0.4889171865444709,-0.5693188796894105,-0.5825353958420731,-0.06555694694073338,-0.2853478608449372,-1.0370819712844137,0.7240398880216188,-0.4496412372007491,-0.7649522791493887,-0.41923022653073,-0.2772718104008337,-0.8157482103044912,-0.647455543871472,-1.181972429259419,-0.49744243847086145,-0.29847421946995023,0.29027091864054483,-1.086516388453625,-31.4535,-64.1916,-0.18544394852317247,0.4934943649298568,0.34026366146099896,-0.49655274862435217,-0.6057028633350752,0.17844265719925753,0.3229879685276647,Cluster 2,Area de Transición (Estrato 2),Muy Baja,<b>AMPLIACION SAN FERNANDO</b><hr>Tipología: <span style='color:#38bdf8'>Area de Transición (Estrato 2)</span><br>Pob: 3375.0<br>Score Infra: <b style='color:#e2e8f0'>Muy Baja</b>
AMPLIACION SAN PABLO,-0.14265976084898604,-0.1056303070956891,-0.3904461877873882,-0.8756046621331226,0.23487737318831833,0.7230113441875463,-0.3185713204273574,-0.4889171865444709,-0.5693188796894105,-0.39148253966046764,-0.1501728705373134,-0.2853478608449372,0.3188888414377209,0.30537122782716497,-0.4496412372007491,0.5706137771998545,-0.41923022653073,-0.2772718104008337,-0.7005623632503347,-0.09646214289082798,0.8460434230488473,-0.49744243847086145,-0.29847421946995023,0.29027091864054483,-0.3476727961972007,-31.452,-64.1597,-0.2941392694861453,1.1118106588241026,1.0506476346052072,-0.20150136297630514,1.6482681822357772,-0.3754694038707664,0.3229879685276647,Cluster 2,Area de Transición (Estrato 2),Media,<b>AMPLIACION SAN PABLO</b><hr>Tipología: <span style='color:#38bdf8'>Area de Transición (Estrato 2)</span><br>Pob: 2247.0<br>Score Infra: <b style='color:#e2e8f0'>Media</b>
AMPLIACION URCA,-0.17996013238627645,-0.1631329112139278,-0.3828573255182983,-0.8381620372161148,-0.5518009520794055,-0.660755964257503,-0.3185713204273574,-0.4889171865444709,-1.0306992777141402,-0.7735882520236786,-0.5490765103497621,-0.2853478608449372,-1.0370819712844137,0.21462531133181542,-0.4496412372007491,-0.7649522791493887,-0.41923022653073,-0.2772718104008337,-1.0430482818246931,-0.647455543871472,-1.181972429259419,-0.49744243847086145,-0.29847421946995023,-3.445057481760149,-1.2338549214072352,-31.3861,-64.2397,-0.10090314332974913,-0.5522404048668025,-0.4856002171792803,-0.5232478739925088,-0.6057028633350752,-0.011964613793563056,-1.1394297778614841,Cluster 0,Periferia Excluida NBI,Muy Baja,<b>AMPLIACION URCA</b><hr>Tipología: <span style='color:#38bdf8'>Periferia Excluida NBI</span><br>Pob: 2059.0<br>Score Infra: <b style='color:#e2e8f0'>Muy Baja</b>
AMPLIACION VELEZ SARSFIELD,-0.2660684368925745,-0.26225644783679647,-0.2993798405583094,-0.3674547525451578,-0.5518009520794055,-0.660755964257503,-0.3185713204273574,-0.4889171865444709,-0.10793848166468102,-0.009376827297256658,-0.25292077776173205,-0.2853478608449372,-1.0370819712844137,-0.028738737451166983,-0.4496412372007491,-0.7649522791493887,-0.41923022653073,-0.2772718104008337,-0.09852433598061039,-0.647455543871472,-1.181972429259419,-0.49744243847086145,-0.29847421946995023,0.29027091864054483,-0.6213783190927756,-31.4536,-64.2156,-0.28810064054375795,0.3299065957387441,0.11465805237283545,-0.3128481358934848,-0.6057028633350752,0.5938767030017761,0.3229879685276647,Cluster 2,Area de Transición (Estrato 2),Baja,<b>AMPLIACION VELEZ SARSFIELD</b><hr>Tipología: <span style='color:#38bdf8'>Area de Transición (Estrato 2)</span><br>Pob: 1625.0<br>Score Infra: <b style='color:#e2e8f0'>Baja</b>
ANA MARIA ZUMARAN,0.11427630904883865,0.14792879487330635,-0.13242487063833155,-0.38706755607311444,0.8248861171391112,0.7230113441875463,0.7484244034697505,-0.4889171865444709,-0.47704280008446465,-0.009376827297256658,1.0767580216130972,-0.2853478608449372,0.3188888414377209,0.7745688642519833,1.1456737353365072,0.7206773790368481,-0.41923022653073,-0.2772718104008337,-0.7834961731293273,-0.29828669201407515,0.8460434230488473,-0.49744243847086145,-0.29847421946995023,0.29027091864054483,-0.32670125318555554,-31.3789,-64.2013,-0.16128943275362292,0.3900547453190022,0.4584587567437417,-0.37501967786932333,-0.46482967298689687,-0.5485669229551491,0.3229879685276647,Cluster 2,Area de Transición (Estrato 2),Media,<b>ANA MARIA ZUMARAN</b><hr>Tipología: <span style='color:#38bdf8'>Area de Transición (Estrato 2)</span><br>Pob: 3542.0<br>Score Infra: <b style='color:#e2e8f0'>Media</b>
ANEXO LOS ALAMOS,-0.4382850459051705,-0.3887621768969216,-0.3828573255182983,-0.6776936447146522,-0.5518009520794055,-0.660755964257503,-0.3185713204273574,-0.4889171865444709,-0.38476672047951876,-0.20042968347886214,-0.5490765103497621,-0.2853478608449372,-1.0370819712844137,-0.8155470816097082,-0.4496412372007491,-0.7649522791493887,-0.41923022653073,-0.2772718104008337,0.3775771651765695,-0.647455543871472,-1.181972429259419,-0.49744243847086145,-0.29847421946995023,0.29027091864054483,-0.3127202245111253,-31.3667,-64.1595,-0.37868007467956866,2.3932027635522832,1.794288601689574,0.9808116895133692,-0.6057028633350752,0.3342304243752024,1.0541968417222392,Cluster 3,Area de Transición (Estrato 3),Media,<b>ANEXO LOS ALAMOS</b><hr>Tipología: <span style='color:#38bdf8'>Area de Transición (Estrato 3)</span><br>Pob: 757.0<br>Score Infra: <b style='color:#e2e8f0'>Media</b>
APEADERO LA TABLADA,-0.48927544742157275,-0.3986197661743339,-0.3828573255182983,-0.6562978590477905,-0.5518009520794055,-0.660755964257503,-0.3185713204273574,-0.4889171865444709,-0.8461471185042483,-0.39148253966046764,-0.3496246904435378,-0.2853478608449372,-1.0370819712844137,-1.2424653705764666,-0.4496412372007491,-0.7649522791493887,-0.41923022653073,-0.2772718104008337,-0.4287237642025255,-0.647455543871472,-1.181972429259419,-0.49744243847086145,-0.29847421946995023,0.29027091864054483,-0.8353956041859758,-31.352,-64.2356,-0.34848692996763175,-0.2662775980056867,0.0379689043701203,-0.23416776638733897,-0.6057028633350752,-1.3448155107433089,-1.1394297778614841,Cluster 0,Periferia Excluida NBI,Muy Baja,<b>APEADERO LA TABLADA</b><hr>Tipología: <span style='color:#38bdf8'>Periferia Excluida NBI</span><br>Pob: 500.0<br>Score Infra: <b style='color:#e2e8f0'>Muy Baja</b>
ARGUELLO,2.360830069244259,1.8762927815129384,0.2546071050852534,-0.5671487521025335,4.168268999526937,1.0689531712988085,6.439068264254326,-0.4889171865444709,0.3534419163600485,-0.20042968347886214,2.672372580862892,-0.2853478608449372,0.3188888414377209,2.253314821687564,2.495555635175724,0.44305971563841,-0.41923022653073,-0.2772718104008337,-0.8879313411250959,-0.5644969868698918,0.8460434230488473,-0.49744243847086145,-0.29847421946995023,0.29027091864054483,-0.5326525601973536,-31.3462,-64.2621,2.604402622859798,-0.7776313575519467,-0.6954696962813608,-0.5141153311034026,-1.0001477963099743,0.23037191292457274,0.3229879685276647,Cluster 2,Area de Transición (Estrato 2),Baja,<b>ARGUELLO</b><hr>Tipología: <span style='color:#38bdf8'>Area de Transición (Estrato 2)</span><br>Pob: 14865.0<br>Score Infra: <b style='color:#e2e8f0'>Baja</b>
ARGUELLO II,-0.05734508126901337,-0.16696641815514374,0.28496255416161304,1.6811917250568476,-0.15846178944554357,0.031127689965021584,-0.3185713204273574,-0.4889171865444709,-0.7538710388993024,-0.5825353958420731,-0.5490765103497621,-0.2853478608449372,-1.0370819712844137,0.48583185722132566,-0.4496412372007491,-0.20221377226066264,-0.41923022653073,-0.2772718104008337,-0.8710374168904862,-0.647455543871472,0.8460434230488473,-0.49744243847086145,-0.29847421946995023,0.29027091864054483,-0.8423861185231908,-31.3247,-64.2422,-0.1975212064079472,0.19481843097387616,-0.17416958102663388,-0.44808002098217303,0.5212826594503511,1.770939832775577,1.7854057149168137,Cluster 4,Area de Transición (Estrato 4),Muy Baja,<b>ARGUELLO II</b><hr>Tipología: <span style='color:#38bdf8'>Area de Transición (Estrato 4)</span><br>Pob: 2677.0<br>Score Infra: <b style='color:#e2e8f0'>Muy Baja</b>
ARGUELLO NORTE,2.5015000874354234,1.7256907231080274,3.6847728507138893,1.4315742256101283,2.0049036050406968,3.1446041339663826,0.39275916217071455,-0.4889171865444709,0.814822314384778,-0.20042968347886214,-0.19248083233560342,2.8154322270033805,0.3188888414377209,2.300750187128316,0.12303593242800952,-0.1421883315258652,-0.41923022653073,1.460573997100191,-0.8464644361855994,-0.568211549123694,0.8460434230488473,-0.49744243847086145,3.3503731135501913,0.29027091864054483,-0.5514731757206248,-31.3308,-64.2488,1.3966768343823213,-0.33180062935880095,-0.42640472682015323,-0.5081440530605255,1.0847754208430642,0.9400717411705407,1.7854057149168137,Cluster 4,Area de Transición (Estrato 4),Baja,<b>ARGUELLO NORTE</b><hr>Tipología: <span style='color:#38bdf8'>Area de Transición (Estrato 4)</span><br>Pob: 15574.0<br>Score Infra: <b style='color:#e2e8f0'>Baja</b>
ARTURO CAPDEVILA,-0.2277760341973774,-0.24308891313071687,-0.3525018764419387,-0.6652127697423161,0.23487737318831833,0.7230113441875463,-0.3185713204273574,-0.4889171865444709,0.6302701551748863,-0.20042968347886214,-0.4040206413270535,-0.2853478608449372,-1.0370819712844137,0.08675606536109608,-0.4496412372007491,0.8857473410575413,-0.41923022653073,-0.2772718104008337,0.47740489929017177,-0.647455543871472,0.8460434230488473,-0.49744243847086145,-0.29847421946995023,0.29027091864054483,0.5729241688268157,-31.3762,-64.1312,-0.31225515631330747,1.039536203067926,0.5845164757574285,0.26355582106895004,1.6482681822357772,0.8362132297199111,0.3229879685276647,Cluster 2,Area de Transición (Estrato 2),Alta,<b>ARTURO CAPDEVILA</b><hr>Tipología: <span style='color:#38bdf8'>Area de Transición (Estrato 2)</span><br>Pob: 1818.0<br>Score Infra: <b style='color:#e2e8f0'>Alta</b>
ATE,-0.39642133104150945,-0.3307119289299378,-0.36009073871102865,-0.5938934841861105,-0.5518009520794055,-0.660755964257503,-0.3185713204273574,-0.4889171865444709,0.1688897571501567,0.7548345974291654,0.5932384582040683,-0.2853478608449372,0.3188888414377209,-0.562902200457883,-0.4496412372007491,-0.7649522791493887,-0.41923022653073,-0.2772718104008337,1.0195462860917346,0.6315920588543824,-1.181972429259419,-0.49744243847086145,-0.29847421946995023,0.29027091864054483,0.10348424448921854,-31.4342,-64.2308,-0.2941392694861453,-0.30164201257187473,-0.19177206391217258,-0.03781809427155528,-0.6057028633350752,-0.4966376672298339,-1.1394297778614841,Cluster 0,Periferia Excluida NBI,Alta,<b>ATE</b><hr>Tipología: <span style='color:#38bdf8'>Periferia Excluida NBI</span><br>Pob: 968.0<br>Score Infra: <b style='color:#e2e8f0'>Alta</b>
AVENIDA,-0.3660651776095657,-0.3153779011650741,-0.37526846324920843,-0.7204852160483756,0.038207791871387384,-0.660755964257503,0.7484244034697505,-0.4889171865444709,-0.5693188796894105,0.18167602888434883,-0.11390890328163626,-0.2853478608449372,-1.0370819712844137,-0.41131527176678845,3.2690416824665145,1.245899985466326,-0.41923022653073,-0.2772718104008337,-0.35807644467597627,-0.647455543871472,0.8460434230488473,-0.49744243847086145,-0.29847421946995023,0.29027091864054483,0.2104928870358186,-31.4281,-64.217,-0.3062165273709201,0.022297059250603105,0.025878419989388682,0.06650364565400427,-1.02832243437961,-0.16775238096950712,-1.1394297778614841,Cluster 0,Periferia Excluida NBI,Alta,<b>AVENIDA</b><hr>Tipología: <span style='color:#38bdf8'>Periferia Excluida NBI</span><br>Pob: 1121.0<br>Score Infra: <b style='color:#e2e8f0'>Alta</b>
AYACUCHO,0.27577898155604275,0.2777203870259023,-0.2917909782892195,-0.7365320552985218,0.23487737318831833,0.031127689965021584,0.39275916217071455,-0.4889171865444709,2.4757917472738042,0.7548345974291654,0.5690624800336169,-0.2853478608449372,1.6748596541598555,0.9880280087353629,1.4097002226328827,-0.07465971069921802,-0.41923022653073,-0.2772718104008337,0.29617916659163235,-0.07912751903975157,0.8460434230488473,-0.49744243847086145,-0.29847421946995023,0.29027091864054483,-0.02234501358065287,-31.3791,-64.171,0.007792177633223758,-0.09712994926049072,-0.02293514228763399,-0.40698357798119505,-0.6057028633350752,-0.4100889076876429,0.3229879685276647,Cluster 2,Area de Transición (Estrato 2),Alta,<b>AYACUCHO</b><hr>Tipología: <span style='color:#38bdf8'>Area de Transición (Estrato 2)</span><br>Pob: 4356.0<br>Score Infra: <b style='color:#e2e8f0'>Alta</b>
BAJADA DE PIEDRA,-0.4120954233364347,-0.3849286699557057,-0.20831349332923058,1.1373821726907802,-0.5518009520794055,-0.660755964257503,-0.3185713204273574,-0.4889171865444709,0.07661367754521078,-0.009376827297256658,-0.4342406140401178,-0.2853478608449372,0.3188888414377209,-0.6505545061636182,-0.4496412372007491,-0.7649522791493887,-0.41923022653073,-0.2772718104008337,1.0302969651501226,0.7455053013043134,-1.181972429259419,-0.49744243847086145,-0.29847421946995023,0.29027091864054483,0.11047475882643361,-31.4148,-64.1451,-0.25186886688943366,-0.6640347629846877,-0.6814856526906855,-0.17199622441150045,-0.6057028633350752,1.1650985159802387,1.7854057149168137,Cluster 4,Area de Transición (Estrato 4),Alta,<b>BAJADA DE PIEDRA</b><hr>Tipología: <span style='color:#38bdf8'>Area de Transición (Estrato 4)</span><br>Pob: 889.0<br>Score Infra: <b style='color:#e2e8f0'>Alta</b>
BAJADA SAN ROQUE,-0.48927544742157275,-0.3986197661743339,-0.3828573255182983,-0.6562978590477905,-0.35513137076247453,-0.31481413714624074,-0.3185713204273574,-0.4889171865444709,-0.6615949592943564,-0.20042968347886214,-0.5490765103497621,-0.2853478608449372,-1.0370819712844137,-1.2424653705764666,-0.4496412372007491,0.7356837392205475,-0.41923022653073,-0.2772718104008337,0.18560075341964208,-0.647455543871472,0.8460434230488473,-0.49744243847086145,-0.29847421946995023,0.29027091864054483,0.30889781962892304,-31.427,-64.205,-0.3726414457371813,0.6178208308082879,1.0053055975464145,1.4922340913033176,-0.04221010194236202,-1.3448155107433089,-1.1394297778614841,Cluster 0,Periferia Excluida NBI,Alta,<b>BAJADA SAN ROQUE</b><hr>Tipología: <span style='color:#38bdf8'>Periferia Excluida NBI</span><br>Pob: 500.0<br>Score Infra: <b style='color:#e2e8f0'>Alta</b>
BAJO GALAN,-0.4277695156313599,-0.3433077374510758,-0.36009073871102865,-0.5689317342414386,-0.35513137076247453,-0.31481413714624074,-0.3185713204273574,-0.4889171865444709,1.645307030829291,2.4743103030636147,-0.20456882142082916,2.8154322270033805,0.3188888414377209,-0.746456440641658,-0.4496412372007491,0.15793887214812205,-0.41923022653073,3.954654269271583,2.6428988239083124,0.8817059172770567,0.8460434230488473,-0.49744243847086145,3.3503731135501913,0.29027091864054483,2.212468646839798,-31.3931,-64.2021,-0.3001778984285327,-0.42359533486961826,-0.20777481574103493,0.8009708449278927,-0.04221010194236202,-1.015930224482982,-0.40822090466690975,Cluster 1,Núcleo Urbano Consolidado Mayor,Muy Alta,<b>BAJO GALAN</b><hr>Tipología: <span style='color:#38bdf8'>Núcleo Urbano Consolidado Mayor</span><br>Pob: 810.0<br>Score Infra: <b style='color:#e2e8f0'>Muy Alta</b>
BAJO GENERAL PAZ,-0.3458277419882698,-0.2764951879041698,-0.3525018764419387,-0.6295531269642134,0.23487737318831833,0.37706951707628394,0.037093920871678586,-0.4889171865444709,2.0144113492490745,1.3279931659739819,-0.41610863041227925,-0.2853478608449372,0.3188888414377209,-0.3216005588679764,0.4800294927160669,1.6885876108854572,-0.41923022653073,-0.2772718104008337,2.6428988239083124,0.36538176399856565,0.8460434230488473,-0.49744243847086145,-0.29847421946995023,0.29027091864054483,2.3764768678283055,-31.415,-64.1586,-0.31829378525569485,0.3663252987355811,0.4728400124675373,1.1613550373980075,-0.04221010194236202,-0.6697351863142166,-0.40822090466690975,Cluster 1,Núcleo Urbano Consolidado Mayor,Muy Alta,<b>BAJO GENERAL PAZ</b><hr>Tipología: <span style='color:#38bdf8'>Núcleo Urbano Consolidado Mayor</span><br>Pob: 1223.0<br>Score Infra: <b style='color:#e2e8f0'>Muy Alta</b>
BARRANCAS DEL SUR,-0.48927544742157275,-0.3986197661743339,-0.40562391232556805,-0.9237451798835615,-0.5518009520794055,-0.660755964257503,-0.3185713204273574,-0.4889171865444709,-0.7538710388993024,-0.39148253966046764,-0.5490765103497621,-0.2853478608449372,-1.0370819712844137,-1.2424653705764666,-0.4496412372007491,-0.7649522791493887,-0.41923022653073,-0.2772718104008337,-0.12156150539144173,-0.647455543871472,-1.181972429259419,-0.49744243847086145,-0.29847421946995023,0.29027091864054483,-0.6364348115113927,-31.463,-64.1844,-0.3303710431404696,-0.5425588543159173,-0.2643204114586605,-0.19798884648049506,-0.6057028633350752,-1.3448155107433089,-1.1394297778614841,Cluster 0,Periferia Excluida NBI,Baja,<b>BARRANCAS DEL SUR</b><hr>Tipología: <span style='color:#38bdf8'>Periferia Excluida NBI</span><br>Pob: 500.0<br>Score Infra: <b style='color:#e2e8f0'>Baja</b>
BELLA VISTA,0.32557894568295703,0.238837673764998,0.4898618354270404,0.6185343702693845,0.43154695450524927,1.0689531712988085,-0.3185713204273574,-0.4889171865444709,-0.20021456126962692,0.18167602888434883,0.9558781307608399,-0.2853478608449372,-1.0370819712844137,1.0457754101414936,-0.4496412372007491,0.05289435086222658,-0.41923022653073,-0.2772718104008337,-0.7435650794838864,-0.647455543871472,0.8460434230488473,-0.49744243847086145,-0.29847421946995023,0.29027091864054483,-0.6326706884067385,-31.4311,-64.2018,-0.08882588544497436,0.39097376655477567,0.25608733681207,-0.44772876933259204,2.2117609436284904,0.17844265719925753,0.3229879685276647,Cluster 2,Area de Transición (Estrato 2),Baja,<b>BELLA VISTA</b><hr>Tipología: <span style='color:#38bdf8'>Area de Transición (Estrato 2)</span><br>Pob: 4607.0<br>Score Infra: <b style='color:#e2e8f0'>Baja</b>
BELLA VISTA OESTE,-0.22579197188156408,-0.2168020083909506,-0.19313576879105077,0.014103425180542044,-0.5518009520794055,-0.660755964257503,-0.3185713204273574,-0.4889171865444709,-0.6615949592943564,-0.5825353958420731,-0.3617126795287635,-0.2853478608449372,0.3188888414377209,0.09294328694032376,-0.4496412372007491,-0.7649522791493887,-0.41923022653073,-0.2772718104008337,-0.7067056084265563,0.02983297373844317,-1.181972429259419,-0.49744243847086145,-0.29847421946995023,0.29027091864054483,-1.0155357813372874,-31.4326,-64.2076,-0.3001778984285327,0.7675974215578973,0.5315947605967638,-0.4392987297426478,-0.6057028633350752,0.2823011686498872,0.3229879685276647,Cluster 2,Area de Transición (Estrato 2),Muy Baja,<b>BELLA VISTA OESTE</b><hr>Tipología: <span style='color:#38bdf8'>Area de Transición (Estrato 2)</span><br>Pob: 1828.0<br>Score Infra: <b style='color:#e2e8f0'>Muy Baja</b>
BETANIA,-0.19325334990222567,-0.2452794885256974,0.08765213516527559,1.4904126361939976,-0.5518009520794055,-0.660755964257503,-0.3185713204273574,-0.4889171865444709,-0.10793848166468102,-0.39148253966046764,-0.45841659221056924,-0.2853478608449372,4.386801279604125,0.18059559264605993,-0.4496412372007491,-0.7649522791493887,-0.41923022653073,-0.2772718104008337,-0.27207101220887286,1.8388247913400628,-1.181972429259419,-0.49744243847086145,-0.29847421946995023,0.29027091864054483,-0.7337642803603104,-31.4568,-64.091,0.1527192722505209,-0.9406919825277348,-0.8873068327921969,-0.487771457384827,-0.6057028633350752,1.511293554149004,1.7854057149168137,Cluster 4,Area de Transición (Estrato 4),Baja,<b>BETANIA</b><hr>Tipología: <span style='color:#38bdf8'>Area de Transición (Estrato 4)</span><br>Pob: 1992.0<br>Score Infra: <b style='color:#e2e8f0'>Baja</b>
BIALET MASSE,-0.17361113297567382,-0.1844910213149879,-0.25384666694377,-0.32109721693362425,-0.5518009520794055,-0.660755964257503,-0.3185713204273574,1.901887855657992,-0.20021456126962692,-0.39148253966046764,0.2849947365308125,-0.2853478608449372,0.3188888414377209,0.23112456887642444,-0.4496412372007491,-0.7649522791493887,2.1876603043288423,-0.2772718104008337,-0.382649425380863,-0.05560195809900493,-1.181972429259419,2.0102828441296667,-0.29847421946995023,0.29027091864054483,0.052399716640339086,-31.4525,-64.1651,-0.2760233826589832,0.6092950190842085,0.36012970937911387,-0.12317224511974029,-0.6057028633350752,0.4553986877342699,0.3229879685276647,Cluster 2,Area de Transición (Estrato 2),Alta,<b>BIALET MASSE</b><hr>Tipología: <span style='color:#38bdf8'>Area de Transición (Estrato 2)</span><br>Pob: 2091.0<br>Score Infra: <b style='color:#e2e8f0'>Alta</b>
BOEDO,-0.05992436227957069,-0.19763447368487103,0.763060877114277,3.9188343093827984,-0.5518009520794055,-0.660755964257503,-0.3185713204273574,-0.4889171865444709,-0.47704280008446465,-0.5825353958420731,-0.31940471773047346,-0.2853478608449372,0.3188888414377209,0.48067583923863544,-0.4496412372007491,-0.7649522791493887,-0.41923022653073,-0.2772718104008337,-0.6974907406622238,-0.1831352621462102,-1.181972429259419,-0.49744243847086145,-0.29847421946995023,0.29027091864054483,-1.0096207307442593,-31.432,-64.1082,-0.2699847537165958,1.0373659602795522,0.23116091514324372,-0.4565100605721173,-0.6057028633350752,2.463329909113108,1.7854057149168137,Cluster 4,Area de Transición (Estrato 4),Muy Baja,<b>BOEDO</b><hr>Tipología: <span style='color:#38bdf8'>Area de Transición (Estrato 4)</span><br>Pob: 2664.0<br>Score Infra: <b style='color:#e2e8f0'>Muy Baja</b>
BRIGADIER SAN MARTIN,-0.48927544742157275,-0.3986197661743339,-0.40562391232556805,-0.9237451798835615,0.43154695450524927,1.0689531712988085,-0.3185713204273574,-0.4889171865444709,1.9221352696441287,-0.009376827297256658,-0.2891847450174092,-0.2853478608449372,3.0308304668819903,-1.2424653705764666,-0.4496412372007491,2.839200277970605,-0.41923022653073,-0.2772718104008337,2.6428988239083124,6.7816689637327165,0.8460434230488473,-0.49744243847086145,-0.29847421946995023,0.29027091864054483,2.9486235797357554,-31.3411,-64.2395,-0.36660281679479395,0.28628292539132033,0.6425529772897798,4.030027259526102,2.2117609436284904,-1.3448155107433089,-0.40822090466690975,Cluster 1,Núcleo Urbano Consolidado Mayor,Muy Alta,<b>BRIGADIER SAN MARTIN</b><hr>Tipología: <span style='color:#38bdf8'>Núcleo Urbano Consolidado Mayor</span><br>Pob: 500.0<br>Score Infra: <b style='color:#e2e8f0'>Muy Alta</b>
CABANA DEL PILAR,-0.48927544742157275,-0.3986197661743339,-0.40562391232556805,-0.9237451798835615,-0.5518009520794055,-0.660755964257503,-0.3185713204273574,-0.4889171865444709,0.07661367754521078,0.7548345974291654,0.18829082384900672,-0.2853478608449372,-1.0370819712844137,-1.2424653705764666,-0.4496412372007491,-0.7649522791493887,-0.41923022653073,-0.2772718104008337,2.6428988239083124,-0.647455543871472,-1.181972429259419,-0.49744243847086145,-0.29847421946995023,0.29027091864054483,1.1558255181761345,-31.4423,-64.1677,-0.4028345904491182,-1.371402623246609,-1.1711992414691983,-0.5232478739925088,-0.6057028633350752,-1.3448155107433089,-0.40822090466690975,Cluster 1,Núcleo Urbano Consolidado Mayor,Muy Alta,<b>CABANA DEL PILAR</b><hr>Tipología: <span style='color:#38bdf8'>Núcleo Urbano Consolidado Mayor</span><br>Pob: 500.0<br>Score Infra: <b style='color:#e2e8f0'>Muy Alta</b>
CABO FARINA,0.3190315400407731,0.20050260435283887,0.7934163261906365,1.2532760117196144,-0.5518009520794055,-0.660755964257503,-0.3185713204273574,1.901887855657992,-0.2924906408745728,-0.009376827297256658,0.33334669287171537,-0.2853478608449372,-1.0370819712844137,1.03752578136919,-0.4496412372007491,-0.7649522791493887,0.775140121289869,-0.2772718104008337,-0.7742813053649948,-0.647455543871472,-1.181972429259419,2.0102828441296667,-0.29847421946995023,0.29027091864054483,-0.6665477963486269,-31.4655,-64.2075,0.04402395128754801,-0.14184769250764484,-0.21971294478303546,-0.47301888810242465,-0.6057028633350752,0.43808893582583125,1.7854057149168137,Cluster 4,Area de Transición (Estrato 4),Baja,<b>CABO FARINA</b><hr>Tipología: <span style='color:#38bdf8'>Area de Transición (Estrato 4)</span><br>Pob: 4574.0<br>Score Infra: <b style='color:#e2e8f0'>Baja</b>
CACERES,-0.41487311057857335,-0.3723328614345677,-0.2462578046746801,0.5864406917690921,-0.15846178944554357,0.031127689965021584,-0.3185713204273574,-0.4889171865444709,-0.10793848166468102,-0.20042968347886214,-0.16830485416515198,2.8154322270033805,-1.0370819712844137,-0.6670537637082272,-0.4496412372007491,0.9532759618841883,-0.41923022653073,3.954654269271583,0.7123840272806508,-0.647455543871472,0.8460434230488473,-0.49744243847086145,3.3503731135501913,0.29027091864054483,1.3563995064669978,-31.4335,-64.1996,-0.3303710431404696,0.07907347507623799,-0.04666992755709919,0.886676247425659,0.5212826594503511,0.43808893582583125,-0.40822090466690975,Cluster 1,Núcleo Urbano Consolidado Mayor,Muy Alta,<b>CACERES</b><hr>Tipología: <span style='color:#38bdf8'>Núcleo Urbano Consolidado Mayor</span><br>Pob: 875.0<br>Score Infra: <b style='color:#e2e8f0'>Muy Alta</b>
CALIFORNIA,-0.4694348242634396,-0.3986197661743339,-0.3145575650964892,0.14604410345952243,-0.35513137076247453,-0.31481413714624074,-0.3185713204273574,-0.4889171865444709,-0.2924906408745728,0.7548345974291654,-0.12599689236686198,-0.2853478608449372,-1.0370819712844137,-1.054786316006539,-0.4496412372007491,0.488078796189508,-0.41923022653073,-0.2772718104008337,1.0041881731511804,-0.647455543871472,0.8460434230488473,-0.49744243847086145,-0.29847421946995023,0.29027091864054483,0.7164985786757716,-31.4512,-64.2049,-0.36660281679479395,0.6178208308082879,0.6425529772897798,1.6000683477246869,-0.04221010194236202,-0.479327915321396,-0.40822090466690975,Cluster 1,Núcleo Urbano Consolidado Mayor,Muy Alta,<b>CALIFORNIA</b><hr>Tipología: <span style='color:#38bdf8'>Núcleo Urbano Consolidado Mayor</span><br>Pob: 600.0<br>Score Infra: <b style='color:#e2e8f0'>Muy Alta</b>
CAMINO A SAN CARLOS,-0.36566836514640305,-0.3350930797198988,0.03453009928164628,2.3480270450073704,-0.5518009520794055,-0.660755964257503,-0.3185713204273574,-0.4889171865444709,-1.0306992777141402,-0.7735882520236786,-0.5490765103497621,-0.2853478608449372,-1.0370819712844137,-0.4092528645737117,-0.4496412372007491,-0.7649522791493887,-0.41923022653073,-0.2772718104008337,-1.0430482818246931,-0.647455543871472,-1.181972429259419,-0.49744243847086145,-0.29847421946995023,-3.445057481760149,-1.2338549214072352,-31.4984,-64.1602,8.57056801793853,-1.3563700616043162,-1.159625676987733,-0.5232478739925088,-0.6057028633350752,0.47270843964270776,1.7854057149168137,Cluster 4,Area de Transición (Estrato 4),Muy Baja,<b>CAMINO A SAN CARLOS</b><hr>Tipología: <span style='color:#38bdf8'>Area de Transición (Estrato 4)</span><br>Pob: 1123.0<br>Score Infra: <b style='color:#e2e8f0'>Muy Baja</b>
CAMINO A VILLA POSSE,-0.48927544742157275,-0.3986197661743339,-0.36767960098011854,-0.4779996451572765,-0.15846178944554357,0.031127689965021584,-0.3185713204273574,-0.4889171865444709,-0.6615949592943564,-0.5825353958420731,-0.5490765103497621,-0.2853478608449372,0.3188888414377209,-1.2424653705764666,-0.4496412372007491,2.2363197575904836,-0.41923022653073,-0.2772718104008337,0.18560075341964208,1.8289192919965909,0.8460434230488473,-0.49744243847086145,-0.29847421946995023,0.29027091864054483,1.0552696580946561,-31.4454,-64.1016,0.3338781405221423,-1.289876289205623,-1.082000631904241,-0.40066104828873694,0.5212826594503511,-1.3448155107433089,-0.40822090466690975,Cluster 1,Núcleo Urbano Consolidado Mayor,Muy Alta,<b>CAMINO A VILLA POSSE</b><hr>Tipología: <span style='color:#38bdf8'>Núcleo Urbano Consolidado Mayor</span><br>Pob: 500.0<br>Score Infra: <b style='color:#e2e8f0'>Muy Alta</b>
CAMPING GRL SAN MARTIN,-0.48927544742157275,-0.3986197661743339,-0.40562391232556805,-0.9237451798835615,-0.5518009520794055,-0.660755964257503,-0.3185713204273574,-0.4889171865444709,-1.0306992777141402,-0.7735882520236786,-0.5490765103497621,-0.2853478608449372,0.3188888414377209,-1.2424653705764666,-0.4496412372007491,-0.7649522791493887,-0.41923022653073,-0.2772718104008337,-1.0430482818246931,1.8289192919965909,-1.181972429259419,-0.49744243847086145,-0.29847421946995023,-3.445057481760149,-1.2338549214072352,-31.3644,-64.2619,-0.4028345904491182,-1.371402623246609,-1.1711992414691983,-0.5232478739925088,-0.6057028633350752,-1.3448155107433089,-1.1394297778614841,Cluster 0,Periferia Excluida NBI,Muy Baja,<b>CAMPING GRL SAN MARTIN</b><hr>Tipología: <span style='color:#38bdf8'>Periferia Excluida NBI</span><br>Pob: 500.0<br>Score Infra: <b style='color:#e2e8f0'>Muy Baja</b>
CARBO,-0.3019799648087955,-0.29182921566903347,-0.18554690652196087,0.38496371007281116,-0.5518009520794055,-0.660755964257503,-0.3185713204273574,1.901887855657992,1.9221352696441287,-0.20042968347886214,-0.45841659221056924,-0.2853478608449372,1.6748596541598555,-0.15042076184265865,-0.4496412372007491,-0.7649522791493887,3.2113284060910634,-0.2772718104008337,2.3603095458021155,1.0674340299671614,-1.181972429259419,2.0102828441296667,-0.29847421946995023,0.29027091864054483,2.1678369014560404,-31.4815,-64.2062,-0.31225515631330747,0.5435571515980564,0.2616646304620475,0.9579803322906035,-0.6057028633350752,0.6631157106355291,-0.40822090466690975,Cluster 1,Núcleo Urbano Consolidado Mayor,Muy Alta,<b>CARBO</b><hr>Tipología: <span style='color:#38bdf8'>Núcleo Urbano Consolidado Mayor</span><br>Pob: 1444.0<br>Score Infra: <b style='color:#e2e8f0'>Muy Alta</b>
CAROLA LORENZINI,-0.48927544742157275,-0.3986197661743339,-0.3828573255182983,-0.6562978590477905,-0.5518009520794055,-0.660755964257503,-0.3185713204273574,-0.4889171865444709,-0.38476672047951876,0.3727288850659543,-0.48863656492363355,-0.2853478608449372,0.3188888414377209,-1.2424653705764666,-0.4496412372007491,-0.7649522791493887,-0.41923022653073,-0.2772718104008337,1.1070875298528935,1.8289192919965909,-1.181972429259419,-0.49744243847086145,-0.29847421946995023,0.29027091864054483,0.16048382293112595,-31.4288,-64.2143,-0.36056418785240657,0.049471840856446986,0.38344551746706856,0.7777882360555463,-0.6057028633350752,-1.3448155107433089,-1.1394297778614841,Cluster 0,Periferia Excluida NBI,Alta,<b>CAROLA LORENZINI</b><hr>Tipología: <span style='color:#38bdf8'>Periferia Excluida NBI</span><br>Pob: 500.0<br>Score Infra: <b style='color:#e2e8f0'>Alta</b>
CARRARA,-0.48927544742157275,-0.3986197661743339,-0.32214642736557914,0.05689499651426544,-0.5518009520794055,-0.660755964257503,-0.3185713204273574,1.901887855657992,-0.10793848166468102,-0.39148253966046764,-0.4946805594662464,-0.2853478608449372,-1.0370819712844137,-1.2424653705764666,-0.4496412372007491,-0.7649522791493887,3.2113284060910634,-0.2772718104008337,2.0285743062861448,-0.647455543871472,-1.181972429259419,2.0102828441296667,-0.29847421946995023,0.29027091864054483,1.9527441526186533,-31.454,-64.2571,-0.32433241419808223,-0.6063174444652848,-0.33408283281120843,1.0777571447977274,-0.6057028633350752,-1.3448155107433089,-0.40822090466690975,Cluster 1,Núcleo Urbano Consolidado Mayor,Muy Alta,<b>CARRARA</b><hr>Tipología: <span style='color:#38bdf8'>Núcleo Urbano Consolidado Mayor</span><br>Pob: 500.0<br>Score Infra: <b style='color:#e2e8f0'>Muy Alta</b>
CASEROS,-0.29146443453498494,-0.16915699355012426,-0.36009073871102865,-0.750795912409763,-0.35513137076247453,-0.31481413714624074,-0.3185713204273574,-0.4889171865444709,-0.10793848166468102,-0.009376827297256658,-0.5369885212645364,-0.2853478608449372,-1.0370819712844137,-0.11329743236728793,-0.4496412372007491,-0.26223921299546005,-0.41923022653073,-0.2772718104008337,-0.017126337395673274,-0.647455543871472,0.8460434230488473,-0.49744243847086145,-0.29847421946995023,0.29027091864054483,-0.3186352751041535,-31.4142,-64.2083,-0.31829378525569485,0.7556461670459356,1.234616706123002,-0.09612586810200265,-0.04221010194236202,-1.4832935260108149,0.3229879685276647,Cluster 2,Area de Transición (Estrato 2),Media,<b>CASEROS</b><hr>Tipología: <span style='color:#38bdf8'>Area de Transición (Estrato 2)</span><br>Pob: 1497.0<br>Score Infra: <b style='color:#e2e8f0'>Media</b>
CENTRO,5.006577167381319,7.390518694527658,3.9048498565174965,-0.2212502171549364,7.3149823005978325,5.9121387508564816,7.150398746852398,-0.4889171865444709,10.042430274879369,11.453794543599074,8.027351745617887,2.8154322270033805,1.6748596541598555,2.913285123471924,1.5026672956245644,0.30049929389326596,-0.41923022653073,0.6731126155762891,-0.38879267055708466,-0.5595442371981557,0.8460434230488473,-0.49744243847086145,3.3503731135501913,0.29027091864054483,-0.14548561229005694,-31.4178,-64.1835,1.4812176395757448,0.42654903880709316,1.3441656359327554,-0.5004165167697433,-0.6564172118604192,-2.279542113798975,0.3229879685276647,Cluster 2,Area de Transición (Estrato 2),Media,<b>CENTRO</b><hr>Tipología: <span style='color:#38bdf8'>Area de Transición (Estrato 2)</span><br>Pob: 28200.0<br>Score Infra: <b style='color:#e2e8f0'>Media</b>
CENTRO AMERICA,0.508509491200945,0.3998449652960664,-0.13242487063833155,-0.5368380557411462,0.43154695450524927,1.0689531712988085,-0.3185713204273574,-0.4889171865444709,0.4457179959649944,-0.39148253966046764,1.4454416887124815,-0.2853478608449372,0.3188888414377209,1.2334544647114212,-0.4496412372007491,-0.0896660708829174,-0.41923022653073,-0.2772718104008337,-0.599198817842677,-0.42334362122541225,0.8460434230488473,-0.49744243847086145,-0.29847421946995023,0.29027091864054483,-0.6100859497788128,-31.3711,-64.1696,0.0017535486908363716,0.2701523124023892,0.17531180097410318,-0.46248133861499435,2.2117609436284904,0.09189389765706657,0.3229879685276647,Cluster 2,Area de Transición (Estrato 2),Baja,<b>CENTRO AMERICA</b><hr>Tipología: <span style='color:#38bdf8'>Area de Transición (Estrato 2)</span><br>Pob: 5529.0<br>Score Infra: <b style='color:#e2e8f0'>Baja</b>
CERRO CHICO,-0.049012019542597436,0.04990054594792796,-0.36009073871102865,-0.8185492336881582,-0.5518009520794055,-0.660755964257503,-0.3185713204273574,-0.4889171865444709,1.2762027124095074,0.3727288850659543,0.04927894936891095,-0.2853478608449372,-1.0370819712844137,0.5012999111693972,-0.4496412372007491,-0.7649522791493887,-0.41923022653073,-0.2772718104008337,0.36836229741223686,-0.647455543871472,-1.181972429259419,-0.49744243847086145,-0.29847421946995023,0.29027091864054483,-0.3186352751041535,-31.3661,-64.2219,-0.004285080251551015,-0.5519022368796132,-0.331101021181757,-0.43262494840060867,-0.6057028633350752,-1.0505497282998586,0.3229879685276647,Cluster 2,Area de Transición (Estrato 2),Media,<b>CERRO CHICO</b><hr>Tipología: <span style='color:#38bdf8'>Area de Transición (Estrato 2)</span><br>Pob: 2719.0<br>Score Infra: <b style='color:#e2e8f0'>Media</b>
CERRO DE LAS ROSAS,0.5914432960019417,0.5564711060371738,-0.3828573255182983,-0.8970004477999843,3.1849210929422824,1.0689531712988085,4.660742057759147,-0.4889171865444709,-0.01566240205973512,1.1369403097923763,1.3124738087749985,2.8154322270033805,0.3188888414377209,1.3087323272587001,2.291028074594024,1.6285621701506596,-0.41923022653073,3.954654269271583,-0.7589231924244405,-0.4394400576585547,0.8460434230488473,-0.49744243847086145,3.3503731135501913,0.29027091864054483,0.7380078535595104,-31.3721,-64.2338,0.9739728084152045,-0.8525475020551081,-0.7072609112467279,-0.4666963584099665,-0.9437985201707031,-0.3754694038707664,0.3229879685276647,Cluster 2,Area de Transición (Estrato 2),Muy Alta,<b>CERRO DE LAS ROSAS</b><hr>Tipología: <span style='color:#38bdf8'>Area de Transición (Estrato 2)</span><br>Pob: 5947.0<br>Score Infra: <b style='color:#e2e8f0'>Muy Alta</b>
CERRO NORTE,0.47775652530583856,0.2853874009083341,0.4367397995434111,0.4420191385177757,-0.15846178944554357,0.031127689965021584,-0.3185713204273574,-0.4889171865444709,0.5379940755699403,-0.39148253966046764,0.10367490025242669,-0.2853478608449372,-1.0370819712844137,1.204580764008355,-0.4496412372007491,-0.4873346157509505,-0.41923022653073,-0.2772718104008337,-0.5577319129031807,-0.647455543871472,0.8460434230488473,-0.49744243847086145,-0.29847421946995023,0.29027091864054483,-0.7810846851045355,-31.321,-64.2769,0.15875790119290828,-0.22193183954444096,-0.32341795910003196,-0.4912839738806371,0.5212826594503511,0.7496644701777201,0.3229879685276647,Cluster 2,Area de Transición (Estrato 2),Baja,<b>CERRO NORTE</b><hr>Tipología: <span style='color:#38bdf8'>Area de Transición (Estrato 2)</span><br>Pob: 5374.0<br>Score Infra: <b style='color:#e2e8f0'>Baja</b>
CERVECEROS,0.1839168963338861,0.09097383460381275,-0.2766132537510397,-0.6473829483532648,0.43154695450524927,1.0689531712988085,-0.3185713204273574,1.901887855657992,-0.01566240205973512,-0.39148253966046764,-0.1380848814520877,-0.2853478608449372,0.3188888414377209,0.8715020023265605,-0.4496412372007491,0.19545477260737049,0.9823824647473245,-0.2772718104008337,-0.6084136856070096,-0.32924137746242593,0.8460434230488473,2.0102828441296667,-0.29847421946995023,0.29027091864054483,-0.013203571755063885,-31.4646,-64.159,-0.1673280616960103,0.6142501747082592,0.35514551329776817,-0.318819413936362,2.2117609436284904,0.49001819155114645,0.3229879685276647,Cluster 2,Area de Transición (Estrato 2),Alta,<b>CERVECEROS</b><hr>Tipología: <span style='color:#38bdf8'>Area de Transición (Estrato 2)</span><br>Pob: 3893.0<br>Score Infra: <b style='color:#e2e8f0'>Alta</b>
CHATEAU CARRERAS,-0.26626684312415577,-0.22665959766836297,-0.3828573255182983,-0.8203322158270634,1.6115644424068347,0.7230113441875463,2.1710853686658944,-0.4889171865444709,0.3534419163600485,-0.009376827297256658,0.133894872965491,2.8154322270033805,-1.0370819712844137,-0.02976994104770539,1.9154410997076308,2.839200277970605,-0.41923022653073,3.954654269271583,0.3760413538825141,-0.647455543871472,0.8460434230488473,-0.49744243847086145,3.3503731135501913,0.29027091864054483,2.076422483200151,-31.3817,-64.2552,0.19498967484723254,-1.0450904078434438,-0.8886943546270694,-0.3047693479531216,-0.819830112664306,-0.20237188478638365,-0.40822090466690975,Cluster 1,Núcleo Urbano Consolidado Mayor,Muy Alta,<b>CHATEAU CARRERAS</b><hr>Tipología: <span style='color:#38bdf8'>Núcleo Urbano Consolidado Mayor</span><br>Pob: 1624.0<br>Score Infra: <b style='color:#e2e8f0'>Muy Alta</b>
CIRCUNVALACION,-0.48927544742157275,-0.3986197661743339,-0.40562391232556805,-0.9237451798835615,-0.5518009520794055,-0.660755964257503,-0.3185713204273574,-0.4889171865444709,0.3534419163600485,2.6653631592452203,-0.5490765103497621,-0.2853478608449372,0.3188888414377209,-1.2424653705764666,-0.4496412372007491,-0.7649522791493887,-0.41923022653073,-0.2772718104008337,2.6428988239083124,1.8289192919965909,-1.181972429259419,-0.49744243847086145,-0.29847421946995023,0.29027091864054483,1.1558255181761345,-31.4145,-64.2034,-0.4028345904491182,-1.371402623246609,-1.1711992414691983,-0.5232478739925088,-0.6057028633350752,-1.3448155107433089,-0.40822090466690975,Cluster 1,Núcleo Urbano Consolidado Mayor,Muy Alta,<b>CIRCUNVALACION</b><hr>Tipología: <span style='color:#38bdf8'>Núcleo Urbano Consolidado Mayor</span><br>Pob: 500.0<br>Score Infra: <b style='color:#e2e8f0'>Muy Alta</b>
CIUDAD AMPLIACION CABILDO,-0.07401120472184525,-0.19215803519741972,0.3001402786997929,1.950422028031524,-0.15846178944554357,0.031127689965021584,-0.3185713204273574,-0.4889171865444709,-0.5693188796894105,-0.39148253966046764,-0.5490765103497621,2.8154322270033805,3.0308304668819903,0.45283334213210763,-0.4496412372007491,-0.18720741207696326,-0.41923022653073,3.954654269271583,-0.7466367020719973,0.7851272986782023,0.8460434230488473,-0.49744243847086145,3.3503731135501913,0.29027091864054483,-0.1567779816040197,-31.4849,-64.2275,-0.21563709323510938,0.29248731334451766,-0.1584225685163559,-0.2963393083631774,0.5212826594503511,2.0998251190359043,1.7854057149168137,Cluster 4,Area de Transición (Estrato 4),Media,<b>CIUDAD AMPLIACION CABILDO</b><hr>Tipología: <span style='color:#38bdf8'>Area de Transición (Estrato 4)</span><br>Pob: 2593.0<br>Score Infra: <b style='color:#e2e8f0'>Media</b>
CIUDAD AMPLIACION FERREYRA,-0.48927544742157275,-0.3986197661743339,-0.40562391232556805,-0.9237451798835615,0.23487737318831833,0.7230113441875463,-0.3185713204273574,-0.4889171865444709,-1.0306992777141402,-0.7735882520236786,-0.5490765103497621,-0.2853478608449372,0.3188888414377209,-1.2424653705764666,-0.4496412372007491,2.839200277970605,-0.41923022653073,-0.2772718104008337,-1.0430482818246931,1.8289192919965909,0.8460434230488473,-0.49744243847086145,-0.29847421946995023,-3.445057481760149,0.558405408280292,-31.4735,-64.1192,-0.2941392694861453,-0.8188401106261477,-0.566615168549539,0.12727018103151874,1.6482681822357772,-1.3448155107433089,-1.1394297778614841,Cluster 0,Periferia Excluida NBI,Alta,<b>CIUDAD AMPLIACION FERREYRA</b><hr>Tipología: <span style='color:#38bdf8'>Periferia Excluida NBI</span><br>Pob: 500.0<br>Score Infra: <b style='color:#e2e8f0'>Alta</b>
CIUDAD DE JUAN PABLO II,-0.16686532110190855,-0.205849131416048,-0.06412511021652245,0.5293852633241276,0.23487737318831833,0.7230113441875463,-0.3185713204273574,-0.4889171865444709,-0.8461471185042483,-0.5825353958420731,-0.5309445267219236,-0.2853478608449372,0.3188888414377209,0.24762382642103345,-0.4496412372007491,0.6456455781183512,-0.41923022653073,-0.2772718104008337,-0.8986820201834836,-0.06426927002454319,0.8460434230488473,-0.49744243847086145,-0.29847421946995023,0.29027091864054483,-0.4385494825809967,-31.3635,-64.1578,-0.2397916090046589,0.19418983636239484,-0.05876585319992847,-0.3307619700221162,1.6482681822357772,0.9920009968958559,0.3229879685276647,Cluster 2,Area de Transición (Estrato 2),Baja,<b>CIUDAD DE JUAN PABLO II</b><hr>Tipología: <span style='color:#38bdf8'>Area de Transición (Estrato 2)</span><br>Pob: 2125.0<br>Score Infra: <b style='color:#e2e8f0'>Baja</b>
CIUDAD DE LAS ARTES,-0.48927544742157275,-0.3986197661743339,-0.40562391232556805,-0.9237451798835615,-0.5518009520794055,-0.660755964257503,-0.3185713204273574,-0.4889171865444709,-0.20021456126962692,0.18167602888434883,-0.5490765103497621,-0.2853478608449372,-1.0370819712844137,-1.2424653705764666,-0.4496412372007491,-0.7649522791493887,-0.41923022653073,-0.2772718104008337,1.721412047475061,-0.647455543871472,-1.181972429259419,-0.49744243847086145,-0.29847421946995023,0.29027091864054483,0.558405408280292,-31.4373,-64.1749,-0.4028345904491182,-1.371402623246609,-1.1711992414691983,-0.5232478739925088,-0.6057028633350752,-1.3448155107433089,-1.1394297778614841,Cluster 0,Periferia Excluida NBI,Alta,<b>CIUDAD DE LAS ARTES</b><hr>Tipología: <span style='color:#38bdf8'>Periferia Excluida NBI</span><br>Pob: 500.0<br>Score Infra: <b style='color:#e2e8f0'>Alta</b>
CIUDAD DE LOS CUARTETOS,-0.15119122880698332,-0.24035069388699123,0.11041872197254529,1.556382975333488,-0.15846178944554357,0.031127689965021584,-0.3185713204273574,-0.4889171865444709,-0.47704280008446465,-0.5825353958420731,-0.5490765103497621,2.8154322270033805,1.6748596541598555,0.28474715589640415,-0.4496412372007491,-0.08216289079106771,-0.41923022653073,3.954654269271583,-0.6253076098416191,0.47558044419469453,0.8460434230488473,-0.49744243847086145,3.3503731135501913,0.29027091864054483,-0.026109136685307177,-31.3567,-64.1304,-0.22167572217749676,0.09001420407353992,-0.28427351957033614,-0.26016038845633355,0.5212826594503511,2.1344446228527802,1.7854057149168137,Cluster 4,Area de Transición (Estrato 4),Alta,<b>CIUDAD DE LOS CUARTETOS</b><hr>Tipología: <span style='color:#38bdf8'>Area de Transición (Estrato 4)</span><br>Pob: 2204.0<br>Score Infra: <b style='color:#e2e8f0'>Alta</b>
CIUDAD DE MIS SUENOS,-0.16250038400711925,-0.22830252921459834,0.23942938054707363,2.0413541171156857,0.6282165358221802,1.414894998410071,-0.3185713204273574,-0.4889171865444709,-0.2924906408745728,-0.5825353958420731,-0.5490765103497621,2.8154322270033805,-1.0370819712844137,0.25793586238641386,-0.4496412372007491,1.3284349664766724,-0.41923022653073,3.954654269271583,-0.47019066914202184,-0.647455543871472,0.8460434230488473,-0.49744243847086145,3.3503731135501913,0.29027091864054483,0.7761868164781465,-31.4778,-64.0864,-0.22167572217749676,0.052218958446496884,-0.24437274460908245,-0.08558831861457239,2.7752537050212034,1.597842313691195,1.7854057149168137,Cluster 4,Area de Transición (Estrato 4),Muy Alta,<b>CIUDAD DE MIS SUENOS</b><hr>Tipología: <span style='color:#38bdf8'>Area de Transición (Estrato 4)</span><br>Pob: 2147.0<br>Score Infra: <b style='color:#e2e8f0'>Muy Alta</b>
CIUDAD EVITA,-0.06032117474273335,-0.15875176042396677,0.31531800323797265,1.7311152249461916,0.038207791871387384,0.37706951707628394,-0.3185713204273574,-0.4889171865444709,-0.38476672047951876,-0.39148253966046764,-0.5490765103497621,2.8154322270033805,0.3188888414377209,0.47964463564209703,-0.4496412372007491,0.08290707122962516,-0.41923022653073,3.954654269271583,-0.6391299114881179,-0.18189707472827618,0.8460434230488473,-0.49744243847086145,3.3503731135501913,0.29027091864054483,0.04702239791940441,-31.4484,-64.1088,-0.16128943275362292,-0.047574414573075145,-0.30331793691172276,-0.31425314249180886,1.0847754208430642,1.5459130579658797,1.7854057149168137,Cluster 4,Area de Transición (Estrato 4),Alta,<b>CIUDAD EVITA</b><hr>Tipología: <span style='color:#38bdf8'>Area de Transición (Estrato 4)</span><br>Pob: 2662.0<br>Score Infra: <b style='color:#e2e8f0'>Alta</b>
CIUDAD MI ESPERANZA,-0.2924564656928916,-0.3170208327113095,-0.026180798871072938,1.6312682251675041,-0.35513137076247453,-0.31481413714624074,-0.3185713204273574,-0.4889171865444709,-0.6615949592943564,-0.5825353958420731,-0.5490765103497621,-0.2853478608449372,0.3188888414377209,-0.11639104315690223,-0.4496412372007491,-0.26223921299546005,-0.41923022653073,-0.2772718104008337,-0.6314508550178407,0.18213002614432908,0.8460434230488473,-0.49744243847086145,-0.29847421946995023,0.29027091864054483,-0.717094592325413,-31.4039,-64.0648,-0.28810064054375795,0.19066095395490149,-0.17172645434483885,-0.3455145393045186,-0.04221010194236202,1.7363203289587013,1.7854057149168137,Cluster 4,Area de Transición (Estrato 4),Baja,<b>CIUDAD MI ESPERANZA</b><hr>Tipología: <span style='color:#38bdf8'>Area de Transición (Estrato 4)</span><br>Pob: 1492.0<br>Score Infra: <b style='color:#e2e8f0'>Baja</b>
CIUDAD OBISPO ANGELELLI,-0.22579197188156408,-0.28744806487907243,0.20907393147071401,2.66004891931577,0.43154695450524927,1.0689531712988085,-0.3185713204273574,-0.4889171865444709,0.9070983939897239,-0.39148253966046764,-0.5490765103497621,-0.2853478608449372,0.3188888414377209,0.09294328694032376,-0.4496412372007491,1.2909190660174241,-0.41923022653073,-0.2772718104008337,0.7215988950449833,0.02983297373844317,0.8460434230488473,-0.49744243847086145,-0.29847421946995023,0.29027091864054483,0.9326667912573453,-31.5051,-64.1938,-0.25790749583182104,0.14372323733302214,-0.2575188338367367,0.06650364565400427,2.2117609436284904,2.1863738785780953,1.7854057149168137,Cluster 4,Area de Transición (Estrato 4),Muy Alta,<b>CIUDAD OBISPO ANGELELLI</b><hr>Tipología: <span style='color:#38bdf8'>Area de Transición (Estrato 4)</span><br>Pob: 1828.0<br>Score Infra: <b style='color:#e2e8f0'>Muy Alta</b>
CIUDAD PARQUE LAS ROSAS,-0.3136859324720941,-0.3301642850811926,-0.20831349332923058,0.5026405312405504,-0.5518009520794055,-0.660755964257503,-0.3185713204273574,-0.4889171865444709,-0.5693188796894105,-0.39148253966046764,-0.5490765103497621,2.8154322270033805,0.3188888414377209,-0.19373131289725706,-0.4496412372007491,-0.7649522791493887,-0.41923022653073,3.954654269271583,-0.4886204046706869,0.24651577187689866,-1.181972429259419,-0.49744243847086145,3.3503731135501913,0.29027091864054483,-0.27669218908086307,-31.4488,-64.2411,-0.2760233826589832,-0.05946201393450726,-0.3290986367298627,-0.22538647514781374,-0.6057028633350752,1.701700825141824,0.3229879685276647,Cluster 2,Area de Transición (Estrato 2),Media,<b>CIUDAD PARQUE LAS ROSAS</b><hr>Tipología: <span style='color:#38bdf8'>Area de Transición (Estrato 2)</span><br>Pob: 1385.0<br>Score Infra: <b style='color:#e2e8f0'>Media</b>
CIUDAD UNIVERSITARIA,-0.48927544742157275,-0.3986197661743339,-0.40562391232556805,-0.9237451798835615,1.414894861089904,2.106778652632596,0.39275916217071455,-0.4889171865444709,6.074558851866695,3.2385217277900367,-0.3012727341026349,-0.2853478608449372,-1.0370819712844137,-1.2424653705764666,0.2940953467327037,2.839200277970605,-0.41923022653073,-0.2772718104008337,2.6428988239083124,-0.647455543871472,0.8460434230488473,-0.49744243847086145,-0.29847421946995023,0.29027091864054483,2.9486235797357554,-31.4382,-64.1885,-0.4028345904491182,-1.371402623246609,-1.1711992414691983,-0.5232478739925088,0.5212826594503511,-1.3448155107433089,-0.40822090466690975,Cluster 1,Núcleo Urbano Consolidado Mayor,Muy Alta,<b>CIUDAD UNIVERSITARIA</b><hr>Tipología: <span style='color:#38bdf8'>Núcleo Urbano Consolidado Mayor</span><br>Pob: 500.0<br>Score Infra: <b style='color:#e2e8f0'>Muy Alta</b>
CIUDAD VILLA RETIRO,-0.3103130265352114,-0.3350930797198988,0.026941237012556376,2.2927545987013107,-0.15846178944554357,0.031127689965021584,-0.3185713204273574,-0.4889171865444709,-0.47704280008446465,-0.39148253966046764,-0.5490765103497621,-0.2853478608449372,-1.0370819712844137,-0.18135686973879986,-0.4496412372007491,0.30800247398511565,-0.41923022653073,-0.2772718104008337,-0.3857210479689738,-0.647455543871472,0.8460434230488473,-0.49744243847086145,-0.29847421946995023,0.29027091864054483,-0.2740035297203957,-31.3475,-64.1404,-0.336409672082857,1.1639521840017897,0.391928445077132,0.04683355327746778,0.5212826594503511,2.0132763594937138,1.7854057149168137,Cluster 4,Area de Transición (Estrato 4),Media,<b>CIUDAD VILLA RETIRO</b><hr>Tipología: <span style='color:#38bdf8'>Area de Transición (Estrato 4)</span><br>Pob: 1402.0<br>Score Infra: <b style='color:#e2e8f0'>Media</b>
CIUDADELA,-0.30237677727195816,-0.2513035708618938,-0.329735289634669,-0.5439699842967667,-0.5518009520794055,-0.660755964257503,-0.3185713204273574,-0.4889171865444709,-0.6615949592943564,-0.20042968347886214,0.12180688388026527,-0.2853478608449372,-1.0370819712844137,-0.15248316903573456,-0.4496412372007491,-0.7649522791493887,-0.41923022653073,-0.2772718104008337,-0.617628553371342,-0.647455543871472,-1.181972429259419,-0.49744243847086145,-0.29847421946995023,0.29027091864054483,-0.9579984710232864,-31.446,-64.2018,-0.2699847537165958,-0.06755616416905655,-0.011220104991632347,-0.44140623964013387,-0.6057028633350752,-0.35815965196232846,-1.1394297778614841,Cluster 0,Periferia Excluida NBI,Muy Baja,<b>CIUDADELA</b><hr>Tipología: <span style='color:#38bdf8'>Periferia Excluida NBI</span><br>Pob: 1442.0<br>Score Infra: <b style='color:#e2e8f0'>Muy Baja</b>
CLAROS DEL BOSQUE,-0.48927544742157275,-0.3986197661743339,-0.36767960098011854,-0.4779996451572765,-0.5518009520794055,-0.660755964257503,-0.3185713204273574,-0.4889171865444709,-0.6615949592943564,-0.20042968347886214,-0.5188565376366978,-0.2853478608449372,-1.0370819712844137,-1.2424653705764666,-0.4496412372007491,-0.7649522791493887,-0.41923022653073,-0.2772718104008337,0.18560075341964208,-0.647455543871472,-1.181972429259419,-0.49744243847086145,-0.29847421946995023,0.29027091864054483,-0.43747401883680975,-31.457,-64.1501,-0.336409672082857,-0.46721104832322596,-0.1818798494188466,-0.05046315365647152,-0.6057028633350752,-1.3448155107433089,-1.1394297778614841,Cluster 0,Periferia Excluida NBI,Media,<b>CLAROS DEL BOSQUE</b><hr>Tipología: <span style='color:#38bdf8'>Periferia Excluida NBI</span><br>Pob: 500.0<br>Score Infra: <b style='color:#e2e8f0'>Media</b>
COFICO,-0.48927544742157275,-0.3986197661743339,-0.39803505005647816,-0.8345960729383045,0.23487737318831833,0.7230113441875463,-0.3185713204273574,-0.4889171865444709,2.2912395880639123,3.4295745839716423,-0.5369885212645364,-0.2853478608449372,0.3188888414377209,-1.2424653705764666,-0.4496412372007491,2.839200277970605,-0.41923022653073,-0.2772718104008337,2.6428988239083124,1.8289192919965909,0.8460434230488473,-0.49744243847086145,-0.29847421946995023,0.29027091864054483,2.9486235797357554,-31.4032,-64.1853,-0.36056418785240657,0.049471840856446986,0.38344551746706856,3.379509204502076,1.6482681822357772,-1.3448155107433089,-0.40822090466690975,Cluster 1,Núcleo Urbano Consolidado Mayor,Muy Alta,<b>COFICO</b><hr>Tipología: <span style='color:#38bdf8'>Núcleo Urbano Consolidado Mayor</span><br>Pob: 500.0<br>Score Infra: <b style='color:#e2e8f0'>Muy Alta</b>
COLINAS DE BELLA VISTA,-0.42638067201029056,-0.3756187245270385,-0.3069687028273993,0.033716228708498636,-0.35513137076247453,-0.31481413714624074,-0.3185713204273574,1.901887855657992,-0.47704280008446465,-0.39148253966046764,-0.4221526249548921,-0.2853478608449372,-1.0370819712844137,-0.7371756082728159,-0.4496412372007491,0.15043569205627236,3.2113284060910634,-0.2772718104008337,0.08423720801198441,-0.647455543871472,0.8460434230488473,2.0102828441296667,-0.29847421946995023,0.29027091864054483,1.147221808222639,-31.4365,-64.2085,-0.3424483010252444,0.25379293871624176,0.14558618613524738,1.0320944303521964,-0.04221010194236202,0.17844265719925753,-0.40822090466690975,Cluster 1,Núcleo Urbano Consolidado Mayor,Muy Alta,<b>COLINAS DE BELLA VISTA</b><hr>Tipología: <span style='color:#38bdf8'>Núcleo Urbano Consolidado Mayor</span><br>Pob: 817.0<br>Score Infra: <b style='color:#e2e8f0'>Muy Alta</b>
COLINAS DE VELEZ SARSFIELD,-0.2626955309556918,-0.1899674598024392,-0.37526846324920843,-0.8007194122991068,0.23487737318831833,-0.31481413714624074,0.7484244034697505,-0.4889171865444709,0.6302701551748863,0.9458874536107709,1.3668697596585144,-0.2853478608449372,0.3188888414377209,-0.01842670148578658,2.339370952549699,1.0658236632619333,-0.41923022653073,-0.2772718104008337,0.6402008964600462,0.10660059365035313,0.8460434230488473,-0.49744243847086145,-0.29847421946995023,0.29027091864054483,0.7681208383967445,-31.4381,-64.1991,-0.22771435111988414,-0.2450903789965481,-0.08106958653774096,-0.07224075593049406,-0.8874492440314317,-0.7735936977648462,-1.1394297778614841,Cluster 0,Periferia Excluida NBI,Muy Alta,<b>COLINAS DE VELEZ SARSFIELD</b><hr>Tipología: <span style='color:#38bdf8'>Periferia Excluida NBI</span><br>Pob: 1642.0<br>Score Infra: <b style='color:#e2e8f0'>Muy Alta</b>
COLINAS DEL CERRO,-0.1392868549121034,-0.13903658186914208,-0.20072463106014068,-0.20876934218260043,0.23487737318831833,0.7230113441875463,-0.3185713204273574,-0.4889171865444709,-0.01566240205973512,-0.20042968347886214,1.2641218524340958,-0.2853478608449372,-1.0370819712844137,0.31258965300293107,-0.4496412372007491,0.5631105971080048,-0.41923022653073,-0.2772718104008337,-0.2966439929137594,-0.647455543871472,0.8460434230488473,-0.49744243847086145,-0.29847421946995023,0.29027091864054483,-0.08956149759233636,-31.3795,-64.2426,-0.13109628804168602,-0.3706024220535959,-0.3562178870239972,-0.3571058437406918,1.6482681822357772,0.143823153382381,0.3229879685276647,Cluster 2,Area de Transición (Estrato 2),Media,<b>COLINAS DEL CERRO</b><hr>Tipología: <span style='color:#38bdf8'>Area de Transición (Estrato 2)</span><br>Pob: 2264.0<br>Score Infra: <b style='color:#e2e8f0'>Media</b>
COLON,0.17776630315486483,0.1813350696467593,-0.17795804425287098,-0.49939543082413823,1.6115644424068347,1.0689531712988085,1.8154201273668584,-0.4889171865444709,0.07661367754521078,-0.009376827297256658,1.1492859561244515,-0.2853478608449372,0.3188888414377209,0.863252373554257,1.5770409540179098,1.3734540470277705,-0.41923022653073,-0.2772718104008337,-0.5654109693734578,-0.32676500262655783,0.8460434230488473,-0.49744243847086145,-0.29847421946995023,0.29027091864054483,0.13951227991948092,-31.4366,-64.1545,-0.1129804012145239,0.22909275108724206,0.25600027661850944,-0.3363819964154124,-0.6845918499300551,-0.35815965196232846,0.3229879685276647,Cluster 2,Area de Transición (Estrato 2),Alta,<b>COLON</b><hr>Tipología: <span style='color:#38bdf8'>Area de Transición (Estrato 2)</span><br>Pob: 3862.0<br>Score Infra: <b style='color:#e2e8f0'>Alta</b>
COLONIA LOLA,1.2801113258207444,0.7886720979051092,1.8103238702486835,1.274671797386476,-0.35513137076247453,-0.31481413714624074,-0.3185713204273574,1.901887855657992,-1.0306992777141402,-0.7735882520236786,-0.4825925703810207,-0.2853478608449372,0.3188888414377209,1.7820547780696703,-0.4496412372007491,-0.6824172981390423,0.1588668367979618,-0.2772718104008337,-1.0430482818246931,-0.5162076775704647,0.8460434230488473,2.0102828441296667,-0.29847421946995023,-3.445057481760149,-1.002630216407044,-31.4137,-64.1166,0.40030305888840356,0.037206289038744525,-0.20240973131286139,-0.5120078212059166,-0.04221010194236202,1.217027771705553,1.7854057149168137,Cluster 4,Area de Transición (Estrato 4),Muy Baja,<b>COLONIA LOLA</b><hr>Tipología: <span style='color:#38bdf8'>Area de Transición (Estrato 4)</span><br>Pob: 9418.0<br>Score Infra: <b style='color:#e2e8f0'>Muy Baja</b>
COMANDANTE ESPORA,-0.2775759983242917,-0.2343266115507948,-0.329735289634669,-0.5671487521025335,-0.5518009520794055,-0.660755964257503,-0.3185713204273574,-0.4889171865444709,-0.10793848166468102,-0.20042968347886214,-0.428196619497505,-0.2853478608449372,0.3188888414377209,-0.0658620669265377,-0.4496412372007491,-0.7649522791493887,-0.41923022653073,-0.2772718104008337,-0.06320067621733581,0.14250802877044003,-1.181972429259419,-0.49744243847086145,-0.29847421946995023,0.29027091864054483,-0.5987935804648501,-31.4172,-64.224,-0.2760233826589832,0.11293602593461441,0.12433805764435736,-0.3258444469279821,-0.6057028633350752,-0.25430114051169883,-1.1394297778614841,Cluster 0,Periferia Excluida NBI,Baja,<b>COMANDANTE ESPORA</b><hr>Tipología: <span style='color:#38bdf8'>Periferia Excluida NBI</span><br>Pob: 1567.0<br>Score Infra: <b style='color:#e2e8f0'>Baja</b>
COMERCIAL,0.7160424094350181,0.4228460069433619,1.225981475528761,1.3317272258314405,-0.15846178944554357,0.031127689965021584,-0.3185713204273574,-0.4889171865444709,-0.5693188796894105,-0.5825353958420731,-0.32544871227308636,2.8154322270033805,-1.0370819712844137,1.411852686912506,-0.4496412372007491,-0.5398568763938982,-0.41923022653073,3.8501119824140995,-0.9263266234764813,-0.647455543871472,0.8460434230488473,-0.49744243847086145,3.3503731135501913,0.29027091864054483,-0.46328514869729615,-31.4889,-64.2022,0.4546507193698899,-0.45033646576247827,-0.5197822256760205,-0.487771457384827,0.5212826594503511,1.0266205007127325,1.7854057149168137,Cluster 4,Area de Transición (Estrato 4),Baja,<b>COMERCIAL</b><hr>Tipología: <span style='color:#38bdf8'>Area de Transición (Estrato 4)</span><br>Pob: 6575.0<br>Score Infra: <b style='color:#e2e8f0'>Baja</b>
CONGRESO,-0.08571717238514383,-0.14834652729780928,-0.10965828383106185,0.13534621062609167,0.23487737318831833,0.7230113441875463,-0.3185713204273574,-0.4889171865444709,-0.10793848166468102,0.18167602888434883,0.03719096028368524,-0.2853478608449372,0.3188888414377209,0.4291156594117325,-0.4496412372007491,0.42055017536286093,-0.41923022653073,-0.2772718104008337,-0.4364028206728026,-0.15837151378752953,0.8460434230488473,-0.49744243847086145,-0.29847421946995023,0.29027091864054483,-0.2508810592203766,-31.4681,-64.2358,-0.16128943275362292,-0.11122956510283184,-0.27747194194841235,-0.362725870133988,1.6482681822357772,1.0093107488042938,0.3229879685276647,Cluster 2,Area de Transición (Estrato 2),Media,<b>CONGRESO</b><hr>Tipología: <span style='color:#38bdf8'>Area de Transición (Estrato 2)</span><br>Pob: 2534.0<br>Score Infra: <b style='color:#e2e8f0'>Media</b>
CONSORCIO 16 DE NOVIEMBRE,-0.4327296714208932,-0.39150039614064724,-0.3145575650964892,0.08007376432003224,0.6282165358221802,1.414894998410071,-0.3185713204273574,4.292692897860455,0.3534419163600485,-0.20042968347886214,-0.3798446631566021,-0.2853478608449372,3.0308304668819903,-0.7784237521343385,-0.4496412372007491,2.839200277970605,3.2113284060910634,-0.2772718104008337,1.8918871011152123,4.0848967674723955,0.8460434230488473,2.0102828441296667,-0.29847421946995023,0.29027091864054483,3.6562787234107583,-31.3183,-64.2569,-0.34848692996763175,0.3636418362960611,0.11656793536907177,3.025798793374,2.7752537050212034,0.7150449663608436,-0.40822090466690975,Cluster 1,Núcleo Urbano Consolidado Mayor,Muy Alta,<b>CONSORCIO 16 DE NOVIEMBRE</b><hr>Tipología: <span style='color:#38bdf8'>Núcleo Urbano Consolidado Mayor</span><br>Pob: 785.0<br>Score Infra: <b style='color:#e2e8f0'>Muy Alta</b>
CONSORCIO ESPERANZA,-0.48927544742157275,-0.3986197661743339,-0.3828573255182983,-0.6562978590477905,-0.5518009520794055,-0.660755964257503,-0.3185713204273574,-0.4889171865444709,-0.47704280008446465,-0.39148253966046764,-0.5249005321793108,-0.2853478608449372,-1.0370819712844137,-1.2424653705764666,-0.4496412372007491,-0.7649522791493887,-0.41923022653073,-0.2772718104008337,0.7999252710418097,-0.647455543871472,-1.181972429259419,-0.49744243847086145,-0.29847421946995023,0.29027091864054483,-0.03901470161555032,-31.4208,-64.2344,-0.37868007467956866,1.1151266943220122,1.5494318073003177,1.4279550394299927,-0.6057028633350752,-1.3448155107433089,-1.1394297778614841,Cluster 0,Periferia Excluida NBI,Media,<b>CONSORCIO ESPERANZA</b><hr>Tipología: <span style='color:#38bdf8'>Periferia Excluida NBI</span><br>Pob: 500.0<br>Score Infra: <b style='color:#e2e8f0'>Media</b>
COOPERATIVA 16 DE NOVIEMBRE,0.5376752072434008,0.2459570437986847,0.914838122496075,1.3299442436925355,-0.15846178944554357,0.031127689965021584,-0.3185713204273574,1.901887855657992,-0.47704280008446465,-0.5825353958420731,0.2970827256160382,-0.2853478608449372,0.3188888414377209,1.2602657582214107,-0.4496412372007491,-0.5023409759346499,0.5406290484301167,-0.2772718104008337,-0.8802522846548188,-0.42953455831508247,0.8460434230488473,2.0102828441296667,-0.29847421946995023,0.29027091864054483,-0.6816042887672441,-31.3133,-64.2614,-0.16128943275362292,1.4513054580572897,0.7019552356086134,-0.4329762000501897,0.5212826594503511,1.4593642984236888,1.7854057149168137,Cluster 4,Area de Transición (Estrato 4),Baja,<b>COOPERATIVA 16 DE NOVIEMBRE</b><hr>Tipología: <span style='color:#38bdf8'>Area de Transición (Estrato 4)</span><br>Pob: 5676.0<br>Score Infra: <b style='color:#e2e8f0'>Baja</b>
COOPERATIVA EL FUTURO,-0.48927544742157275,-0.3986197661743339,-0.3145575650964892,0.14604410345952243,-0.5518009520794055,-0.660755964257503,-0.3185713204273574,-0.4889171865444709,-0.7538710388993024,-0.39148253966046764,-0.5490765103497621,-0.2853478608449372,-1.0370819712844137,-1.2424653705764666,-0.4496412372007491,-0.7649522791493887,-0.41923022653073,-0.2772718104008337,-0.12156150539144173,-0.647455543871472,-1.181972429259419,-0.49744243847086145,-0.29847421946995023,0.29027091864054483,-0.6364348115113927,-31.4402,-64.1081,-0.37868007467956866,1.1151266943220122,1.5494318073003177,0.45252920854353246,-0.6057028633350752,-1.3448155107433089,-1.1394297778614841,Cluster 0,Periferia Excluida NBI,Baja,<b>COOPERATIVA EL FUTURO</b><hr>Tipología: <span style='color:#38bdf8'>Periferia Excluida NBI</span><br>Pob: 500.0<br>Score Infra: <b style='color:#e2e8f0'>Baja</b>
COOPERATIVA LA HERMOSA,-0.48927544742157275,-0.3986197661743339,-0.22349121786741039,1.2158333868026063,-0.5518009520794055,-0.660755964257503,-0.3185713204273574,-0.4889171865444709,-1.0306992777141402,-0.7735882520236786,-0.5490765103497621,-0.2853478608449372,0.3188888414377209,-1.2424653705764666,-0.4496412372007491,-0.7649522791493887,-0.41923022653073,-0.2772718104008337,-1.0430482818246931,1.8289192919965909,-1.181972429259419,-0.49744243847086145,-0.29847421946995023,-3.445057481760149,-1.2338549214072352,-31.4387,-64.1081,-0.37868007467956866,1.1151266943220122,1.5494318073003177,-0.5232478739925088,-0.6057028633350752,-1.3448155107433089,1.7854057149168137,Cluster 4,Area de Transición (Estrato 4),Muy Baja,<b>COOPERATIVA LA HERMOSA</b><hr>Tipología: <span style='color:#38bdf8'>Area de Transición (Estrato 4)</span><br>Pob: 500.0<br>Score Infra: <b style='color:#e2e8f0'>Muy Baja</b>
COOPERATIVA LA UNIDAD,-0.1678573522598152,-0.22994546076083375,-0.16278031971469117,0.1995335676266766,-0.5518009520794055,-0.660755964257503,-0.3185713204273574,-0.4889171865444709,-0.2924906408745728,-0.20042968347886214,-0.5490765103497621,-0.2853478608449372,0.3188888414377209,0.24556141922795754,-0.4496412372007491,-0.7649522791493887,-0.41923022653073,-0.2772718104008337,-0.4640474239658002,-0.06303108260660918,-1.181972429259419,-0.49744243847086145,-0.29847421946995023,0.29027091864054483,-0.8585180746859948,-31.4306,-64.1129,-0.2760233826589832,0.6367661949847067,0.14506926623598126,-0.40663232633161406,-0.6057028633350752,1.5459130579658797,0.3229879685276647,Cluster 2,Area de Transición (Estrato 2),Muy Baja,<b>COOPERATIVA LA UNIDAD</b><hr>Tipología: <span style='color:#38bdf8'>Area de Transición (Estrato 2)</span><br>Pob: 2120.0<br>Score Infra: <b style='color:#e2e8f0'>Muy Baja</b>
CORDOBA IV,-0.48927544742157275,-0.3986197661743339,-0.40562391232556805,-0.9237451798835615,-0.15846178944554357,-0.660755964257503,0.39275916217071455,-0.4889171865444709,-0.6615949592943564,-0.5825353958420731,-0.5490765103497621,-0.2853478608449372,-1.0370819712844137,-1.2424653705764666,3.2690416824665145,2.2363197575904836,-0.41923022653073,-0.2772718104008337,0.18560075341964208,-0.647455543871472,0.8460434230488473,-0.49744243847086145,-0.29847421946995023,0.29027091864054483,1.0552696580946561,-31.3896,-64.2636,-0.34848692996763175,-0.2662775980056867,0.0379689043701203,1.1381724285256611,-0.9832430134681929,-1.3448155107433089,-0.40822090466690975,Cluster 1,Núcleo Urbano Consolidado Mayor,Muy Alta,<b>CORDOBA IV</b><hr>Tipología: <span style='color:#38bdf8'>Núcleo Urbano Consolidado Mayor</span><br>Pob: 500.0<br>Score Infra: <b style='color:#e2e8f0'>Muy Alta</b>
CORDOBA V,-0.48927544742157275,-0.3986197661743339,-0.39803505005647816,-0.8345960729383045,-0.5518009520794055,-0.660755964257503,-0.3185713204273574,-0.4889171865444709,-0.8461471185042483,-0.39148253966046764,-0.5490765103497621,-0.2853478608449372,-1.0370819712844137,-1.2424653705764666,-0.4496412372007491,-0.7649522791493887,-0.41923022653073,-0.2772718104008337,-0.4287237642025255,-0.647455543871472,-1.181972429259419,-0.49744243847086145,-0.29847421946995023,0.29027091864054483,-0.8353956041859758,-31.385,-64.2625,-0.36660281679479395,0.28628292539132033,0.6425529772897798,-0.08945208675996344,-0.6057028633350752,-1.3448155107433089,-1.1394297778614841,Cluster 0,Periferia Excluida NBI,Muy Baja,<b>CORDOBA V</b><hr>Tipología: <span style='color:#38bdf8'>Periferia Excluida NBI</span><br>Pob: 500.0<br>Score Infra: <b style='color:#e2e8f0'>Muy Baja</b>
CORRAL DE PALOS,-0.34166121112506187,-0.3208543396525254,-0.23108008013650028,0.27620179959959773,-0.5518009520794055,-0.660755964257503,-0.3185713204273574,-0.4889171865444709,-0.38476672047951876,-0.39148253966046764,-0.5490765103497621,-0.2853478608449372,0.3188888414377209,-0.3040700977268299,-0.4496412372007491,-0.7649522791493887,-0.41923022653073,-0.2772718104008337,-0.17838652327149224,0.34804714014748916,-1.181972429259419,-0.49744243847086145,-0.29847421946995023,0.29027091864054483,-0.6730005788137485,-31.4396,-64.1411,-0.32433241419808223,0.532131052077965,0.26027166736507756,-0.2415440510285401,-0.6057028633350752,0.6284962068186526,0.3229879685276647,Cluster 2,Area de Transición (Estrato 2),Baja,<b>CORRAL DE PALOS</b><hr>Tipología: <span style='color:#38bdf8'>Area de Transición (Estrato 2)</span><br>Pob: 1244.0<br>Score Infra: <b style='color:#e2e8f0'>Baja</b>
COSTA VERDE,-0.48927544742157275,-0.3986197661743339,-0.40562391232556805,-0.9237451798835615,-0.5518009520794055,-0.660755964257503,-0.3185713204273574,1.901887855657992,-0.47704280008446465,-0.39148253966046764,-0.5490765103497621,-0.2853478608449372,-1.0370819712844137,-1.2424653705764666,-0.4496412372007491,-0.7649522791493887,3.2113284060910634,-0.2772718104008337,0.7999252710418097,-0.647455543871472,-1.181972429259419,2.0102828441296667,-0.29847421946995023,0.29027091864054483,1.1558255181761345,-31.3812,-64.2505,-0.34848692996763175,-0.2662775980056867,0.0379689043701203,1.2112327716385105,-0.6057028633350752,-1.3448155107433089,-0.40822090466690975,Cluster 1,Núcleo Urbano Consolidado Mayor,Muy Alta,<b>COSTA VERDE</b><hr>Tipología: <span style='color:#38bdf8'>Núcleo Urbano Consolidado Mayor</span><br>Pob: 500.0<br>Score Infra: <b style='color:#e2e8f0'>Muy Alta</b>
COUNTRY ALTOS DEL CHATEAU,-0.36626358384114704,-0.37014228603958715,-0.40562391232556805,-0.9237451798835615,-0.35513137076247453,-0.660755964257503,0.037093920871678586,-0.4889171865444709,-1.0306992777141402,-0.7735882520236786,-0.5490765103497621,-0.2853478608449372,-1.0370819712844137,-0.41234647536332597,3.2690416824665145,-0.09716925097476709,-0.41923022653073,-0.2772718104008337,-1.0430482818246931,-0.647455543871472,0.8460434230488473,-0.49744243847086145,-0.29847421946995023,-3.445057481760149,-0.9015366244534723,-31.3748,-64.2668,-0.12505765909929864,-0.8870704751002307,-0.8731105799797176,-0.4761801529486537,-0.8874492440314317,2.0132763594937138,-1.1394297778614841,Cluster 0,Periferia Excluida NBI,Muy Baja,<b>COUNTRY ALTOS DEL CHATEAU</b><hr>Tipología: <span style='color:#38bdf8'>Periferia Excluida NBI</span><br>Pob: 1120.0<br>Score Infra: <b style='color:#e2e8f0'>Muy Baja</b>
COUNTRY BARRANCAS,-0.48927544742157275,-0.3986197661743339,-0.40562391232556805,-0.9237451798835615,-0.5518009520794055,-0.660755964257503,-0.3185713204273574,-0.4889171865444709,-0.47704280008446465,-0.5825353958420731,-0.5490765103497621,-0.2853478608449372,-1.0370819712844137,-1.2424653705764666,-0.4496412372007491,-0.7649522791493887,-0.41923022653073,-0.2772718104008337,0.7999252710418097,-0.647455543871472,-1.181972429259419,-0.49744243847086145,-0.29847421946995023,0.29027091864054483,-0.03901470161555032,-31.3805,-64.2463,-0.31829378525569485,-0.660965391195081,-0.39387686200106486,0.034188493892551464,-0.6057028633350752,-1.3448155107433089,-1.1394297778614841,Cluster 0,Periferia Excluida NBI,Media,<b>COUNTRY BARRANCAS</b><hr>Tipología: <span style='color:#38bdf8'>Periferia Excluida NBI</span><br>Pob: 500.0<br>Score Infra: <b style='color:#e2e8f0'>Media</b>
COUNTRY CLUB,-0.48927544742157275,-0.3986197661743339,-0.40562391232556805,-0.9237451798835615,-0.5518009520794055,-0.660755964257503,-0.3185713204273574,-0.4889171865444709,-0.47704280008446465,-0.39148253966046764,-0.5490765103497621,-0.2853478608449372,-1.0370819712844137,-1.2424653705764666,-0.4496412372007491,-0.7649522791493887,-0.41923022653073,-0.2772718104008337,0.7999252710418097,-0.647455543871472,-1.181972429259419,-0.49744243847086145,-0.29847421946995023,0.29027091864054483,-0.03901470161555032,-31.4533,-64.1873,-0.37868007467956866,1.1151266943220122,1.5494318073003177,1.4279550394299927,-0.6057028633350752,-1.3448155107433089,-1.1394297778614841,Cluster 0,Periferia Excluida NBI,Media,<b>COUNTRY CLUB</b><hr>Tipología: <span style='color:#38bdf8'>Periferia Excluida NBI</span><br>Pob: 500.0<br>Score Infra: <b style='color:#e2e8f0'>Media</b>
COUNTRY FORTIN DEL POZO,-0.48927544742157275,-0.3986197661743339,-0.36009073871102865,-0.38885053821201954,-0.5518009520794055,-0.660755964257503,-0.3185713204273574,-0.4889171865444709,-0.9384231981091942,-0.39148253966046764,-0.5490765103497621,-0.2853478608449372,-1.0370819712844137,-1.2424653705764666,-0.4496412372007491,-0.7649522791493887,-0.41923022653073,-0.2772718104008337,-0.7358860230136093,-0.647455543871472,-1.181972429259419,-0.49744243847086145,-0.29847421946995023,0.29027091864054483,-1.034894128732652,-31.474,-64.1758,-0.11901903015691129,-1.159783064533887,-0.9396572154326199,-0.4954989936756092,-0.6057028633350752,-1.3448155107433089,-1.1394297778614841,Cluster 0,Periferia Excluida NBI,Muy Baja,<b>COUNTRY FORTIN DEL POZO</b><hr>Tipología: <span style='color:#38bdf8'>Periferia Excluida NBI</span><br>Pob: 500.0<br>Score Infra: <b style='color:#e2e8f0'>Muy Baja</b>
COUNTRY JOCKEY CLUB,-0.27995687310326767,-0.3005915172489556,-0.3525018764419387,-0.5938934841861105,-0.5518009520794055,-0.660755964257503,-0.3185713204273574,-0.4889171865444709,-1.0306992777141402,-0.7735882520236786,-0.5490765103497621,-0.2853478608449372,-1.0370819712844137,-0.07411169569884221,-0.4496412372007491,-0.7649522791493887,-0.41923022653073,-0.2772718104008337,-1.0430482818246931,-0.647455543871472,-1.181972429259419,-0.49744243847086145,-0.29847421946995023,-3.445057481760149,-1.2338549214072352,-31.4635,-64.1767,0.3338781405221423,-1.117858191016226,-1.0021609931470508,-0.5232478739925088,-0.6057028633350752,1.4247447946068115,-1.1394297778614841,Cluster 0,Periferia Excluida NBI,Muy Baja,<b>COUNTRY JOCKEY CLUB</b><hr>Tipología: <span style='color:#38bdf8'>Periferia Excluida NBI</span><br>Pob: 1555.0<br>Score Infra: <b style='color:#e2e8f0'>Muy Baja</b>
COUNTRY LA RESERVA,-0.43074560910507986,-0.39478625923311805,-0.3904461877873882,-0.750795912409763,-0.5518009520794055,-0.660755964257503,-0.3185713204273574,-0.4889171865444709,-1.0306992777141402,-0.7735882520236786,-0.5490765103497621,-0.2853478608449372,-1.0370819712844137,-0.7650181053793438,-0.4496412372007491,-0.7649522791493887,-0.41923022653073,-0.2772718104008337,-1.0430482818246931,-0.647455543871472,-1.181972429259419,-0.49744243847086145,-0.29847421946995023,-3.445057481760149,-1.2338549214072352,-31.3673,-64.2684,-0.1673280616960103,-0.9659073790313345,-0.8823933731181192,-0.5232478739925088,-0.6057028633350752,0.9746912449874172,-1.1394297778614841,Cluster 0,Periferia Excluida NBI,Muy Baja,<b>COUNTRY LA RESERVA</b><hr>Tipología: <span style='color:#38bdf8'>Periferia Excluida NBI</span><br>Pob: 795.0<br>Score Infra: <b style='color:#e2e8f0'>Muy Baja</b>
COUNTRY LAS DELICIAS,-0.43451532750512517,-0.39150039614064724,-0.3904461877873882,-0.7561448588264783,-0.5518009520794055,-0.660755964257503,-0.3185713204273574,-0.4889171865444709,-1.0306992777141402,-0.7735882520236786,-0.5490765103497621,-0.2853478608449372,-1.0370819712844137,-0.7907981952927947,-0.4496412372007491,-0.7649522791493887,-0.41923022653073,-0.2772718104008337,-1.0430482818246931,-0.647455543871472,-1.181972429259419,-0.49744243847086145,-0.29847421946995023,-3.445057481760149,-1.2338549214072352,-31.3619,-64.2995,0.40030305888840356,-1.255339391596322,-1.0840574289771108,-0.5232478739925088,-0.6057028633350752,0.6284962068186526,-1.1394297778614841,Cluster 0,Periferia Excluida NBI,Muy Baja,<b>COUNTRY LAS DELICIAS</b><hr>Tipología: <span style='color:#38bdf8'>Periferia Excluida NBI</span><br>Pob: 776.0<br>Score Infra: <b style='color:#e2e8f0'>Muy Baja</b>
COUNTRY LOMAS DE LA CAROLINA,-0.27658396716638506,-0.29840094185397503,-0.40562391232556805,-0.9237451798835615,-0.5518009520794055,-0.660755964257503,-0.3185713204273574,-0.4889171865444709,-0.8461471185042483,-0.5825353958420731,-0.5490765103497621,-0.2853478608449372,-1.0370819712844137,-0.0627684561369234,-0.4496412372007491,-0.7649522791493887,-0.41923022653073,-0.2772718104008337,-0.8480002474796549,-0.647455543871472,-1.181972429259419,-0.49744243847086145,-0.29847421946995023,0.29027091864054483,-1.1074879314652704,-31.3557,-64.3056,0.4667279772546647,-1.1542450664377981,-1.0264779934609527,-0.5176278475992127,-0.6057028633350752,1.4247447946068115,-1.1394297778614841,Cluster 0,Periferia Excluida NBI,Muy Baja,<b>COUNTRY LOMAS DE LA CAROLINA</b><hr>Tipología: <span style='color:#38bdf8'>Periferia Excluida NBI</span><br>Pob: 1572.0<br>Score Infra: <b style='color:#e2e8f0'>Muy Baja</b>
COUNTRY LOS ALGARROBOS,-0.48927544742157275,-0.3986197661743339,-0.40562391232556805,-0.9237451798835615,-0.5518009520794055,-0.660755964257503,-0.3185713204273574,-0.4889171865444709,-0.6615949592943564,-0.39148253966046764,-0.5490765103497621,-0.2853478608449372,-1.0370819712844137,-1.2424653705764666,-0.4496412372007491,-0.7649522791493887,-0.41923022653073,-0.2772718104008337,0.18560075341964208,-0.647455543871472,-1.181972429259419,-0.49744243847086145,-0.29847421946995023,0.29027091864054483,-0.43747401883680975,-31.4834,-64.2407,-0.34848692996763175,-0.2662775980056867,0.0379689043701203,0.05491234121783094,-0.6057028633350752,-1.3448155107433089,-1.1394297778614841,Cluster 0,Periferia Excluida NBI,Media,<b>COUNTRY LOS ALGARROBOS</b><hr>Tipología: <span style='color:#38bdf8'>Periferia Excluida NBI</span><br>Pob: 500.0<br>Score Infra: <b style='color:#e2e8f0'>Media</b>
COUNTRY LOS MIMBRES,-0.48927544742157275,-0.3986197661743339,-0.40562391232556805,-0.9237451798835615,-0.5518009520794055,-0.660755964257503,-0.3185713204273574,-0.4889171865444709,-0.7538710388993024,-0.5825353958420731,-0.5490765103497621,-0.2853478608449372,-1.0370819712844137,-1.2424653705764666,-0.4496412372007491,-0.7649522791493887,-0.41923022653073,-0.2772718104008337,-0.12156150539144173,-0.647455543871472,-1.181972429259419,-0.49744243847086145,-0.29847421946995023,0.29027091864054483,-0.6364348115113927,-31.4934,-64.184,-0.2941392694861453,-0.8188401106261477,-0.566615168549539,-0.30652560620102665,-0.6057028633350752,-1.3448155107433089,-1.1394297778614841,Cluster 0,Periferia Excluida NBI,Baja,<b>COUNTRY LOS MIMBRES</b><hr>Tipología: <span style='color:#38bdf8'>Periferia Excluida NBI</span><br>Pob: 500.0<br>Score Infra: <b style='color:#e2e8f0'>Baja</b>
COUNTRY RANCH CLUB,-0.48927544742157275,-0.3986197661743339,-0.40562391232556805,-0.9237451798835615,-0.5518009520794055,-0.660755964257503,-0.3185713204273574,-0.4889171865444709,-0.7538710388993024,-0.5825353958420731,-0.5490765103497621,-0.2853478608449372,-1.0370819712844137,-1.2424653705764666,-0.4496412372007491,-0.7649522791493887,-0.41923022653073,-0.2772718104008337,-0.12156150539144173,-0.647455543871472,-1.181972429259419,-0.49744243847086145,-0.29847421946995023,0.29027091864054483,-0.6364348115113927,-31.4527,-64.2192,-0.36660281679479395,0.28628292539132033,0.6425529772897798,0.12727018103151874,-0.6057028633350752,-1.3448155107433089,-1.1394297778614841,Cluster 0,Periferia Excluida NBI,Baja,<b>COUNTRY RANCH CLUB</b><hr>Tipología: <span style='color:#38bdf8'>Periferia Excluida NBI</span><br>Pob: 500.0<br>Score Infra: <b style='color:#e2e8f0'>Baja</b>
COUNTRY VALLE ESCONDIDO,0.7329069391194313,0.4874679810952873,-0.3449130141728488,-0.8452939657717352,-0.35513137076247453,-0.660755964257503,0.037093920871678586,-0.4889171865444709,-0.7538710388993024,-0.5825353958420731,-0.5490765103497621,-0.2853478608449372,-1.0370819712844137,1.4252583336675007,3.2690416824665145,-0.6524045777716435,-0.41923022653073,-0.2772718104008337,-0.9739367735921992,-0.647455543871472,0.8460434230488473,-0.49744243847086145,-0.29847421946995023,0.29027091864054483,-1.1332990613257568,-31.3651,-64.2806,2.8459477805552926,-1.1251526734222452,-0.9873281126691593,-0.5221941190437659,-0.8874492440314317,0.6631157106355291,0.3229879685276647,Cluster 2,Area de Transición (Estrato 2),Muy Baja,<b>COUNTRY VALLE ESCONDIDO</b><hr>Tipología: <span style='color:#38bdf8'>Area de Transición (Estrato 2)</span><br>Pob: 6660.0<br>Score Infra: <b style='color:#e2e8f0'>Muy Baja</b>
CRISOL NORTE,-0.3456293357566885,-0.21187321375224444,-0.36767960098011854,-0.7597108231042886,1.021555698456042,0.7230113441875463,1.1040896447687865,-0.4889171865444709,2.752619986088642,3.047468871608431,0.18224682930639385,-0.2853478608449372,0.3188888414377209,-0.3205693552714389,1.4097002226328827,2.839200277970605,-0.41923022653073,-0.2772718104008337,2.6428988239083124,0.3641435765806317,0.8460434230488473,-0.49744243847086145,-0.29847421946995023,0.29027091864054483,2.9486235797357554,-31.4281,-64.1672,-0.25790749583182104,-0.3568986616786116,0.05535373677175766,0.6151587222995394,-0.6057028633350752,-1.7602495565458274,-0.40822090466690975,Cluster 1,Núcleo Urbano Consolidado Mayor,Muy Alta,<b>CRISOL NORTE</b><hr>Tipología: <span style='color:#38bdf8'>Núcleo Urbano Consolidado Mayor</span><br>Pob: 1224.0<br>Score Infra: <b style='color:#e2e8f0'>Muy Alta</b>
CRISOL SUD,0.0734046253430843,0.10740315006616667,-0.329735289634669,-0.7650597695210041,0.8248861171391112,0.7230113441875463,0.7484244034697505,-0.4889171865444709,0.5379940755699403,0.7548345974291654,0.3696106601273925,-0.2853478608449372,0.3188888414377209,0.712696648459699,1.1456737353365072,0.8107155401390443,-0.41923022653073,-0.2772718104008337,-0.2597845218564295,-0.2759993184912625,0.8460434230488473,-0.49744243847086145,-0.29847421946995023,0.29027091864054483,0.05777703536127377,-31.435,-64.1674,-0.08882588544497436,-0.09524018697913857,0.004951325962253546,-0.36096961188608295,-0.46482967298689687,-0.5312571710467104,0.3229879685276647,Cluster 2,Area de Transición (Estrato 2),Alta,<b>CRISOL SUD</b><hr>Tipología: <span style='color:#38bdf8'>Area de Transición (Estrato 2)</span><br>Pob: 3336.0<br>Score Infra: <b style='color:#e2e8f0'>Alta</b>
CUPANI,-0.14107251099633542,-0.13903658186914208,-0.16278031971469117,-0.07682866390362005,-0.15846178944554357,-0.660755964257503,0.39275916217071455,1.901887855657992,0.1688897571501567,0.3727288850659543,-0.512812543094085,-0.2853478608449372,0.3188888414377209,0.30846483861677926,3.2690416824665145,-0.09716925097476709,1.9967791985127648,-0.2772718104008337,-0.15842097644877182,-0.0989385177266961,0.8460434230488473,2.0102828441296667,-0.29847421946995023,0.29027091864054483,0.4669909900244027,-31.4215,-64.2077,-0.28810064054375795,0.9894913194108129,0.7590177512255052,0.06158612255987014,-0.9832430134681929,0.1265134014739431,0.3229879685276647,Cluster 2,Area de Transición (Estrato 2),Alta,<b>CUPANI</b><hr>Tipología: <span style='color:#38bdf8'>Area de Transición (Estrato 2)</span><br>Pob: 2255.0<br>Score Infra: <b style='color:#e2e8f0'>Alta</b>
DE LOS BIOQUIMICOS,-0.3374946802618539,-0.3175684765600546,-0.2159023555983205,0.35643599585032887,-0.5518009520794055,-0.660755964257503,-0.3185713204273574,-0.4889171865444709,0.1688897571501567,-0.5825353958420731,-0.5490765103497621,-0.2853478608449372,0.3188888414377209,-0.2865396365856825,-0.4496412372007491,-0.7649522791493887,-0.41923022653073,-0.2772718104008337,0.5357657284642775,0.3319507037143469,-1.181972429259419,-0.49744243847086145,-0.29847421946995023,0.29027091864054483,-0.21001343694127295,-31.3204,-64.2668,-0.3001778984285327,0.1088143549378128,-0.0573402425303733,-0.1298460264617794,-0.6057028633350752,0.6284962068186526,-1.1394297778614841,Cluster 0,Periferia Excluida NBI,Media,<b>DE LOS BIOQUIMICOS</b><hr>Tipología: <span style='color:#38bdf8'>Periferia Excluida NBI</span><br>Pob: 1265.0<br>Score Infra: <b style='color:#e2e8f0'>Media</b>
DE LOS DOCENTES,-0.48927544742157275,-0.3986197661743339,-0.40562391232556805,-0.9237451798835615,-0.5518009520794055,-0.660755964257503,-0.3185713204273574,-0.4889171865444709,-0.7538710388993024,-0.20042968347886214,-0.5490765103497621,-0.2853478608449372,1.6748596541598555,-1.2424653705764666,-0.4496412372007491,-0.7649522791493887,-0.41923022653073,-0.2772718104008337,-0.12156150539144173,4.305294127864654,-1.181972429259419,-0.49744243847086145,-0.29847421946995023,0.29027091864054483,-0.6364348115113927,-31.4591,-64.1524,-0.3967959615067308,8.574714647027875,9.711324953608866,3.3791579528524944,-0.6057028633350752,-1.3448155107433089,1.0541968417222392,Cluster 3,Area de Transición (Estrato 3),Baja,<b>DE LOS DOCENTES</b><hr>Tipología: <span style='color:#38bdf8'>Area de Transición (Estrato 3)</span><br>Pob: 500.0<br>Score Infra: <b style='color:#e2e8f0'>Baja</b>
DEAN FUNES,-0.16706372733348987,-0.13465543107918101,-0.2386689424055902,-0.34784194901720134,-0.15846178944554357,-0.31481413714624074,0.037093920871678586,-0.4889171865444709,1.4607548716193994,1.1369403097923763,-0.02324898514244336,-0.2853478608449372,0.3188888414377209,0.24762382642103345,1.4097002226328827,-0.05965335051551873,-0.41923022653073,-0.2772718104008337,0.9089678729197446,-0.06426927002454319,0.8460434230488473,-0.49744243847086145,-0.29847421946995023,0.29027091864054483,0.38256708610572804,-31.4459,-64.1179,0.04402395128754801,-0.8004417828995941,-0.6697216440358061,-0.38063970426261945,-0.6057028633350752,-0.2889206443285754,-1.1394297778614841,Cluster 0,Periferia Excluida NBI,Alta,<b>DEAN FUNES</b><hr>Tipología: <span style='color:#38bdf8'>Periferia Excluida NBI</span><br>Pob: 2124.0<br>Score Infra: <b style='color:#e2e8f0'>Alta</b>
DIPAS,-0.48927544742157275,-0.3986197661743339,-0.40562391232556805,-0.9237451798835615,-0.5518009520794055,-0.660755964257503,-0.3185713204273574,-0.4889171865444709,-1.0306992777141402,-0.7735882520236786,-0.5490765103497621,-0.2853478608449372,-1.0370819712844137,-1.2424653705764666,-0.4496412372007491,-0.7649522791493887,-0.41923022653073,-0.2772718104008337,-1.0430482818246931,-0.647455543871472,-1.181972429259419,-0.49744243847086145,-0.29847421946995023,-3.445057481760149,-1.2338549214072352,-31.3563,-64.2945,-0.4028345904491182,-1.371402623246609,-1.1711992414691983,-0.5232478739925088,-0.6057028633350752,-1.3448155107433089,-1.1394297778614841,Cluster 0,Periferia Excluida NBI,Muy Baja,<b>DIPAS</b><hr>Tipología: <span style='color:#38bdf8'>Periferia Excluida NBI</span><br>Pob: 500.0<br>Score Infra: <b style='color:#e2e8f0'>Muy Baja</b>
DUCASSE,-0.4027703304521121,-0.2951150787615043,-0.16278031971469117,0.5436491204353687,-0.35513137076247453,-0.31481413714624074,-0.3185713204273574,-0.4889171865444709,3.767656861743047,7.441684563785358,-0.5188565376366978,-0.2853478608449372,0.3188888414377209,-0.5969319191436394,-0.4496412372007491,0.03788799067852721,-0.41923022653073,-0.2772718104008337,2.6428988239083124,0.6749286184820735,0.8460434230488473,-0.49744243847086145,-0.29847421946995023,0.29027091864054483,1.555360299141581,-31.4049,-64.1909,-0.3001778984285327,-0.27616006012543143,0.07389211673807299,0.5484209088791479,-0.04221010194236202,-1.5006032779192529,-0.40822090466690975,Cluster 1,Núcleo Urbano Consolidado Mayor,Muy Alta,<b>DUCASSE</b><hr>Tipología: <span style='color:#38bdf8'>Núcleo Urbano Consolidado Mayor</span><br>Pob: 936.0<br>Score Infra: <b style='color:#e2e8f0'>Muy Alta</b>
EJERCITO ARGENTINO,-0.22241906594468144,-0.1664187743063986,-0.3449130141728488,-0.6955234661037035,0.038207791871387384,0.37706951707628394,-0.3185713204273574,-0.4889171865444709,2.3835156676688585,3.811680296334853,-0.16226085962253914,-0.2853478608449372,0.3188888414377209,0.10222411930916668,-0.4496412372007491,0.45806607582210923,-0.41923022653073,-0.2772718104008337,2.036253362756422,0.023642036648773034,0.8460434230488473,-0.49744243847086145,-0.29847421946995023,0.29027091864054483,1.3709182670135216,-31.4476,-64.1962,-0.31225515631330747,1.0753422252409142,1.092365791107039,0.6109437025045673,1.0847754208430642,-0.5485669229551491,-0.40822090466690975,Cluster 1,Núcleo Urbano Consolidado Mayor,Muy Alta,<b>EJERCITO ARGENTINO</b><hr>Tipología: <span style='color:#38bdf8'>Núcleo Urbano Consolidado Mayor</span><br>Pob: 1845.0<br>Score Infra: <b style='color:#e2e8f0'>Muy Alta</b>
EL BALCON,-0.48927544742157275,-0.3986197661743339,-0.40562391232556805,-0.9237451798835615,-0.5518009520794055,-0.660755964257503,-0.3185713204273574,-0.4889171865444709,-0.9384231981091942,-0.5825353958420731,-0.5490765103497621,-0.2853478608449372,-1.0370819712844137,-1.2424653705764666,-0.4496412372007491,-0.7649522791493887,-0.41923022653073,-0.2772718104008337,-0.7358860230136093,-0.647455543871472,-1.181972429259419,-0.49744243847086145,-0.29847421946995023,0.29027091864054483,-1.034894128732652,-31.3747,-64.2748,-0.4028345904491182,-1.371402623246609,-1.1711992414691983,-0.5232478739925088,-0.6057028633350752,-1.3448155107433089,-1.1394297778614841,Cluster 0,Periferia Excluida NBI,Muy Baja,<b>EL BALCON</b><hr>Tipología: <span style='color:#38bdf8'>Periferia Excluida NBI</span><br>Pob: 500.0<br>Score Infra: <b style='color:#e2e8f0'>Muy Baja</b>
EL BOSQUE,-0.27301265499792104,-0.2852574894840919,-0.36009073871102865,-0.6616468054645059,-0.5518009520794055,-0.660755964257503,-0.3185713204273574,-0.4889171865444709,-0.47704280008446465,-0.5825353958420731,-0.5490765103497621,-0.2853478608449372,0.3188888414377209,-0.051425216575004595,-0.4496412372007491,-0.7649522791493887,-0.41923022653073,-0.2772718104008337,-0.4640474239658002,0.13136434200903377,-1.181972429259419,-0.49744243847086145,-0.29847421946995023,0.29027091864054483,-0.8585180746859948,-31.338,-64.3074,0.6418482165838987,-1.1885770740313315,-1.043188109362495,-0.5091978080092685,-0.6057028633350752,1.0958595083464855,-1.1394297778614841,Cluster 0,Periferia Excluida NBI,Muy Baja,<b>EL BOSQUE</b><hr>Tipología: <span style='color:#38bdf8'>Periferia Excluida NBI</span><br>Pob: 1590.0<br>Score Infra: <b style='color:#e2e8f0'>Muy Baja</b>
EL CABILDO,0.4132745000419057,0.2207654267564087,0.26219596735434336,0.254806013932736,0.43154695450524927,1.0689531712988085,-0.3185713204273574,1.901887855657992,0.9993744735946698,-0.009376827297256658,-0.470504581295795,-0.2853478608449372,0.3188888414377209,1.1396149374264564,-0.4496412372007491,-0.022137450056270293,0.6606114578002226,-0.2772718104008337,-0.3734345576165304,-0.40229443512053376,0.8460434230488473,2.0102828441296667,-0.29847421946995023,0.29027091864054483,-0.0750427370458127,-31.4859,-64.2351,-0.0707099986178122,0.45470450757578634,0.14558618613524738,-0.3855572273567535,2.2117609436284904,0.8881424854452263,0.3229879685276647,Cluster 2,Area de Transición (Estrato 2),Media,<b>EL CABILDO</b><hr>Tipología: <span style='color:#38bdf8'>Area de Transición (Estrato 2)</span><br>Pob: 5049.0<br>Score Infra: <b style='color:#e2e8f0'>Media</b>
EL CERRITO,0.1374898381438545,-0.004316195077839958,0.3912066259288717,1.110637440607203,-0.35513137076247453,-0.31481413714624074,-0.3185713204273574,1.901887855657992,-0.2924906408745728,-0.39148253966046764,-0.5188565376366978,-0.2853478608449372,1.6748596541598555,0.8075673793412013,-0.4496412372007491,-0.5623664166694473,1.0696423988346744,-0.2772718104008337,-0.7067056084265563,0.02983297373844317,0.8460434230488473,2.0102828441296667,-0.29847421946995023,0.29027091864054483,-0.42510618577866,-31.3222,-64.2503,0.019869435517998465,-0.33160767468375757,-0.45605960525174094,-0.44772876933259204,-0.04221010194236202,1.217027771705553,1.7854057149168137,Cluster 4,Area de Transición (Estrato 4),Media,<b>EL CERRITO</b><hr>Tipología: <span style='color:#38bdf8'>Area de Transición (Estrato 4)</span><br>Pob: 3659.0<br>Score Infra: <b style='color:#e2e8f0'>Media</b>
EL PRADO,-0.48927544742157275,-0.3986197661743339,-0.40562391232556805,-0.9237451798835615,-0.5518009520794055,-0.660755964257503,-0.3185713204273574,-0.4889171865444709,-0.6615949592943564,-0.5825353958420731,-0.5490765103497621,-0.2853478608449372,-1.0370819712844137,-1.2424653705764666,-0.4496412372007491,-0.7649522791493887,-0.41923022653073,-0.2772718104008337,0.18560075341964208,-0.647455543871472,-1.181972429259419,-0.49744243847086145,-0.29847421946995023,0.29027091864054483,-0.43747401883680975,-31.3758,-64.2703,-0.4028345904491182,-1.371402623246609,-1.1711992414691983,-0.5232478739925088,-0.6057028633350752,-1.3448155107433089,-1.1394297778614841,Cluster 0,Periferia Excluida NBI,Media,<b>EL PRADO</b><hr>Tipología: <span style='color:#38bdf8'>Periferia Excluida NBI</span><br>Pob: 500.0<br>Score Infra: <b style='color:#e2e8f0'>Media</b>
EL PUEBLITO,-0.32757436868278733,-0.32633077813997674,0.5353950090415799,5.735693108927137,-0.5518009520794055,-0.660755964257503,-0.3185713204273574,-0.4889171865444709,-1.0306992777141402,-0.7735882520236786,-0.5490765103497621,-0.2853478608449372,-1.0370819712844137,-0.2473538999172359,-0.4496412372007491,-0.7649522791493887,-0.41923022653073,-0.2772718104008337,-1.0430482818246931,-0.647455543871472,-1.181972429259419,-0.49744243847086145,-0.29847421946995023,-3.445057481760149,-1.2338549214072352,-31.4064,-64.2568,-0.16128943275362292,-0.7174454127260617,-0.7195744873734586,-0.5232478739925088,-0.6057028633350752,1.1824082678886765,1.7854057149168137,Cluster 4,Area de Transición (Estrato 4),Muy Baja,<b>EL PUEBLITO</b><hr>Tipología: <span style='color:#38bdf8'>Area de Transición (Estrato 4)</span><br>Pob: 1315.0<br>Score Infra: <b style='color:#e2e8f0'>Muy Baja</b>
EL QUEBRACHAL,-0.48927544742157275,-0.3986197661743339,-0.36767960098011854,-0.4779996451572765,-0.5518009520794055,-0.660755964257503,-0.3185713204273574,-0.4889171865444709,-0.2924906408745728,-0.5825353958420731,-0.5490765103497621,-0.2853478608449372,-1.0370819712844137,-1.2424653705764666,-0.4496412372007491,-0.7649522791493887,-0.41923022653073,-0.2772718104008337,1.414249788663977,-0.647455543871472,-1.181972429259419,-0.49744243847086145,-0.29847421946995023,0.29027091864054483,0.3594446156057091,-31.338,-64.0667,0.7928139401435832,-1.3211687633613607,-1.1162370530219565,-0.4705601265553576,-0.6057028633350752,-1.3448155107433089,-1.1394297778614841,Cluster 0,Periferia Excluida NBI,Alta,<b>EL QUEBRACHAL</b><hr>Tipología: <span style='color:#38bdf8'>Periferia Excluida NBI</span><br>Pob: 500.0<br>Score Infra: <b style='color:#e2e8f0'>Alta</b>
EL QUEBRACHO,0.27677101271394944,0.0488052582504377,0.6264613562706587,1.4601019398326105,-0.15846178944554357,0.031127689965021584,-0.3185713204273574,-0.4889171865444709,0.07661367754521078,-0.009376827297256658,0.8893941907920985,-0.2853478608449372,1.6748596541598555,0.9890592123319004,-0.4496412372007491,-0.4198059949243034,-0.41923022653073,-0.2772718104008337,-0.6207001759594529,-0.07912751903975157,0.8460434230488473,-0.49744243847086145,-0.29847421946995023,0.29027091864054483,-0.788612931313844,-31.4773,-64.1377,0.05610120917232278,-0.22995437773464433,-0.4430713126249152,-0.48496144418817894,0.5212826594503511,1.753630080867139,1.7854057149168137,Cluster 4,Area de Transición (Estrato 4),Muy Baja,<b>EL QUEBRACHO</b><hr>Tipología: <span style='color:#38bdf8'>Area de Transición (Estrato 4)</span><br>Pob: 4361.0<br>Score Infra: <b style='color:#e2e8f0'>Muy Baja</b>
EL REFUGIO,-0.3501926790830591,-0.32523549044248645,-0.3904461877873882,-0.8167662515492532,-0.35513137076247453,-0.660755964257503,0.037093920871678586,-0.4889171865444709,-0.5693188796894105,-0.20042968347886214,0.33334669287171537,-0.2853478608449372,-1.0370819712844137,-0.34016222360566223,3.2690416824665145,-0.1421883315258652,-0.41923022653073,-0.2772718104008337,-0.4041507834976388,-0.647455543871472,0.8460434230488473,-0.49744243847086145,-0.29847421946995023,0.29027091864054483,-0.5100678215694279,-31.3443,-64.2818,-0.209598464292722,-0.6248231902583576,-0.6032675100385618,-0.3753709295189043,-0.8874492440314317,0.5592571991848995,-1.1394297778614841,Cluster 0,Periferia Excluida NBI,Baja,<b>EL REFUGIO</b><hr>Tipología: <span style='color:#38bdf8'>Periferia Excluida NBI</span><br>Pob: 1201.0<br>Score Infra: <b style='color:#e2e8f0'>Baja</b>
EL TREBOL,-0.3376930864934352,-0.28251927024036627,-0.36009073871102865,-0.6634297876034111,-0.5518009520794055,-0.660755964257503,-0.3185713204273574,-0.4889171865444709,-0.5693188796894105,-0.009376827297256658,-0.18643683779299058,-0.2853478608449372,0.3188888414377209,-0.2875708401822209,-0.4496412372007491,-0.7649522791493887,-0.41923022653073,-0.2772718104008337,-0.4348670093787472,0.3319507037143469,-1.181972429259419,-0.49744243847086145,-0.29847421946995023,0.29027091864054483,-0.8396974591627234,-31.4231,-64.2256,-0.3001778984285327,0.10764270232337439,0.14750695165567876,-0.3718584130230942,-0.6057028633350752,-0.35815965196232846,-1.1394297778614841,Cluster 0,Periferia Excluida NBI,Muy Baja,<b>EL TREBOL</b><hr>Tipología: <span style='color:#38bdf8'>Periferia Excluida NBI</span><br>Pob: 1264.0<br>Score Infra: <b style='color:#e2e8f0'>Muy Baja</b>
EL VIEJO ALGARROBO,-0.48927544742157275,-0.3986197661743339,-0.37526846324920843,-0.5671487521025335,-0.35513137076247453,-0.31481413714624074,-0.3185713204273574,-0.4889171865444709,1.0916505531996157,-0.5825353958420731,-0.5490765103497621,-0.2853478608449372,0.3188888414377209,-1.2424653705764666,-0.4496412372007491,0.7356837392205475,-0.41923022653073,-0.2772718104008337,2.6428988239083124,1.8289192919965909,0.8460434230488473,-0.49744243847086145,-0.29847421946995023,0.29027091864054483,1.9021973566418675,-31.5024,-64.1658,-0.25790749583182104,-0.9569817333929902,-0.7177625470949782,0.3302936344893416,-0.04221010194236202,-1.3448155107433089,-0.40822090466690975,Cluster 1,Núcleo Urbano Consolidado Mayor,Muy Alta,<b>EL VIEJO ALGARROBO</b><hr>Tipología: <span style='color:#38bdf8'>Núcleo Urbano Consolidado Mayor</span><br>Pob: 500.0<br>Score Infra: <b style='color:#e2e8f0'>Muy Alta</b>
EMAUS,-0.48927544742157275,-0.3986197661743339,-0.39803505005647816,-0.8345960729383045,-0.5518009520794055,-0.660755964257503,-0.3185713204273574,-0.4889171865444709,-0.8461471185042483,-0.5825353958420731,-0.512812543094085,-0.2853478608449372,-1.0370819712844137,-1.2424653705764666,-0.4496412372007491,-0.7649522791493887,-0.41923022653073,-0.2772718104008337,-0.4287237642025255,-0.647455543871472,-1.181972429259419,-0.49744243847086145,-0.29847421946995023,0.29027091864054483,-0.8353956041859758,-31.4371,-64.143,-0.3907573325643434,3.601656011890633,4.270062856069834,0.7781394877051273,-0.6057028633350752,-1.3448155107433089,1.0541968417222392,Cluster 3,Area de Transición (Estrato 3),Muy Baja,<b>EMAUS</b><hr>Tipología: <span style='color:#38bdf8'>Area de Transición (Estrato 3)</span><br>Pob: 500.0<br>Score Infra: <b style='color:#e2e8f0'>Muy Baja</b>
EMPALME,0.09126118618540416,0.11616545164608875,-0.3145575650964892,-0.7365320552985218,0.8248861171391112,1.0689531712988085,0.39275916217071455,-0.4889171865444709,-0.38476672047951876,0.7548345974291654,-0.07160094148334624,2.8154322270033805,-1.0370819712844137,0.7395079419696885,0.6139020778240882,0.7656964595879463,-0.41923022653073,3.954654269271583,-0.7297427778373876,-0.647455543871472,0.8460434230488473,-0.49744243847086145,3.3503731135501913,0.29027091864054483,0.32825616702428784,-31.4345,-64.1305,-0.022400967078713176,-0.2896430166970155,-0.18659198239531544,-0.36132086353566395,-0.04221010194236202,-0.4620181634129581,0.3229879685276647,Cluster 2,Area de Transición (Estrato 2),Alta,<b>EMPALME</b><hr>Tipología: <span style='color:#38bdf8'>Area de Transición (Estrato 2)</span><br>Pob: 3426.0<br>Score Infra: <b style='color:#e2e8f0'>Alta</b>
EMPALME CASAS DE OBREROS Y EMPLEADOS,-0.34384367967245655,-0.30278209264393613,-0.3069687028273993,-0.3050503776834779,-0.5518009520794055,-0.660755964257503,-0.3185713204273574,-0.4889171865444709,0.9070983939897239,1.3279931659739819,-0.4040206413270535,-0.2853478608449372,0.3188888414377209,-0.31335093009567194,-0.4496412372007491,-0.7649522791493887,-0.41923022653073,-0.2772718104008337,1.5724383519516856,0.3567144520730274,-1.181972429259419,-0.49744243847086145,-0.29847421946995023,0.29027091864054483,0.4621514031755614,-31.4387,-64.1252,-0.2941392694861453,-0.008784557219004657,-0.03760478490259924,0.09214501607341787,-0.6057028633350752,0.022654890023313487,-1.1394297778614841,Cluster 0,Periferia Excluida NBI,Alta,<b>EMPALME CASAS DE OBREROS Y EMPLEADOS</b><hr>Tipología: <span style='color:#38bdf8'>Periferia Excluida NBI</span><br>Pob: 1233.0<br>Score Infra: <b style='color:#e2e8f0'>Alta</b>
ESCOBAR,-0.1559529783649353,-0.10672559479317938,-0.3525018764419387,-0.7543618766875732,0.23487737318831833,0.031127689965021584,0.39275916217071455,-0.4889171865444709,0.5379940755699403,-0.009376827297256658,2.206985001081702,-0.2853478608449372,-1.0370819712844137,0.2744351199310229,1.4097002226328827,0.608129677659103,-0.41923022653073,-0.2772718104008337,0.15488452753853368,-0.647455543871472,0.8460434230488473,-0.49744243847086145,-0.29847421946995023,0.29027091864054483,0.2255493794544355,-31.3919,-64.2206,-0.13713491698407343,-0.38583191681784007,-0.26473394737807343,-0.30652560620102665,-0.6057028633350752,-0.5312571710467104,0.3229879685276647,Cluster 2,Area de Transición (Estrato 2),Alta,<b>ESCOBAR</b><hr>Tipología: <span style='color:#38bdf8'>Area de Transición (Estrato 2)</span><br>Pob: 2180.0<br>Score Infra: <b style='color:#e2e8f0'>Alta</b>
ESCUELA DE SUBOFICIALES,-0.48927544742157275,-0.3986197661743339,-0.40562391232556805,-0.9237451798835615,-0.5518009520794055,-0.660755964257503,-0.3185713204273574,1.901887855657992,-0.8461471185042483,-0.5825353958420731,-0.5490765103497621,-0.2853478608449372,0.3188888414377209,-1.2424653705764666,-0.4496412372007491,-0.7649522791493887,3.2113284060910634,-0.2772718104008337,-0.4287237642025255,1.8289192919965909,-1.181972429259419,2.0102828441296667,-0.29847421946995023,0.29027091864054483,0.3594446156057091,-31.4272,-64.2575,-0.4028345904491182,-1.371402623246609,-1.1711992414691983,-0.5232478739925088,-0.6057028633350752,-1.3448155107433089,-1.1394297778614841,Cluster 0,Periferia Excluida NBI,Alta,<b>ESCUELA DE SUBOFICIALES</b><hr>Tipología: <span style='color:#38bdf8'>Periferia Excluida NBI</span><br>Pob: 500.0<br>Score Infra: <b style='color:#e2e8f0'>Alta</b>
ESTACION FLORES,0.18054399039700347,0.05263876519165362,0.5353950090415799,1.2354461903305627,0.43154695450524927,1.0689531712988085,-0.3185713204273574,1.901887855657992,0.1688897571501567,-0.39148253966046764,1.1855499233801285,-0.2853478608449372,0.3188888414377209,0.8673771879404087,-0.4496412372007491,0.20295795269922018,0.9878362106277839,-0.2772718104008337,-0.5285514983161278,-0.32800319004449185,0.8460434230488473,2.0102828441296667,-0.29847421946995023,0.29027091864054483,0.04433373855893707,-31.4487,-64.2475,0.019869435517998465,-0.2699417476080558,-0.37521877426860356,-0.40382231313496597,2.2117609436284904,0.8881424854452263,1.7854057149168137,Cluster 4,Area de Transición (Estrato 4),Alta,<b>ESTACION FLORES</b><hr>Tipología: <span style='color:#38bdf8'>Area de Transición (Estrato 4)</span><br>Pob: 3876.0<br>Score Infra: <b style='color:#e2e8f0'>Alta</b>
ESTADIO CORDOBA,-0.48927544742157275,-0.3986197661743339,-0.40562391232556805,-0.9237451798835615,-0.5518009520794055,-0.660755964257503,-0.3185713204273574,-0.4889171865444709,-0.6615949592943564,-0.7735882520236786,-0.5490765103497621,-0.2853478608449372,-1.0370819712844137,-1.2424653705764666,-0.4496412372007491,-0.7649522791493887,-0.41923022653073,-0.2772718104008337,0.18560075341964208,-0.647455543871472,-1.181972429259419,-0.49744243847086145,-0.29847421946995023,0.29027091864054483,-0.43747401883680975,-31.3679,-64.2468,-0.4028345904491182,-1.371402623246609,-1.1711992414691983,-0.5232478739925088,-0.6057028633350752,-1.3448155107433089,-1.1394297778614841,Cluster 0,Periferia Excluida NBI,Media,<b>ESTADIO CORDOBA</b><hr>Tipología: <span style='color:#38bdf8'>Periferia Excluida NBI</span><br>Pob: 500.0<br>Score Infra: <b style='color:#e2e8f0'>Media</b>
FERIAR,-0.48927544742157275,-0.3986197661743339,-0.40562391232556805,-0.9237451798835615,-0.5518009520794055,-0.660755964257503,-0.3185713204273574,-0.4889171865444709,-0.10793848166468102,-0.39148253966046764,-0.5490765103497621,-0.2853478608449372,0.3188888414377209,-1.2424653705764666,-0.4496412372007491,-0.7649522791493887,-0.41923022653073,-0.2772718104008337,2.0285743062861448,1.8289192919965909,-1.181972429259419,-0.49744243847086145,-0.29847421946995023,0.29027091864054483,0.7579039328269686,-31.3703,-64.2557,-0.4028345904491182,-1.371402623246609,-1.1711992414691983,-0.5232478739925088,-0.6057028633350752,-1.3448155107433089,-1.1394297778614841,Cluster 0,Periferia Excluida NBI,Muy Alta,<b>FERIAR</b><hr>Tipología: <span style='color:#38bdf8'>Periferia Excluida NBI</span><br>Pob: 500.0<br>Score Infra: <b style='color:#e2e8f0'>Muy Alta</b>
FERRER,-0.2226174721762628,-0.25513707780310974,0.6492279430779284,4.441248076082005,-0.5518009520794055,-0.660755964257503,-0.3185713204273574,1.901887855657992,0.1688897571501567,0.18167602888434883,-0.4221526249548921,-0.2853478608449372,1.6748596541598555,0.10119291571262827,-0.4496412372007491,-0.7649522791493887,2.536700040678241,-0.2772718104008337,0.03969868048437725,0.695977804586952,-1.181972429259419,2.0102828441296667,-0.29847421946995023,0.29027091864054483,0.44117986016391614,-31.4438,-64.2118,-0.2760233826589832,0.3753245456417258,0.025878419989388682,-0.0023416776638733655,-0.6057028633350752,1.2343375236139917,1.7854057149168137,Cluster 4,Area de Transición (Estrato 4),Alta,<b>FERRER</b><hr>Tipología: <span style='color:#38bdf8'>Area de Transición (Estrato 4)</span><br>Pob: 1844.0<br>Score Infra: <b style='color:#e2e8f0'>Alta</b>
FERREYRA,0.17895674054435282,0.05537698443537927,0.36085117685251206,0.8271432805212859,0.43154695450524927,0.7230113441875463,0.037093920871678586,-0.4889171865444709,0.7225462347798322,-0.39148253966046764,-0.1501728705373134,5.916212314851698,0.3188888414377209,0.8653147807473319,0.2940953467327037,0.20295795269922018,-0.41923022653073,3.954654269271583,-0.28896493644348237,-0.32676500262655783,0.8460434230488473,-0.49744243847086145,3.3503731135501913,0.29027091864054483,0.3341712176173162,-31.4664,-64.1106,0.13460338542335873,-0.5068721855501725,-0.5420914002759305,-0.40803733292993805,0.23953627875399452,0.8362132297199111,1.7854057149168137,Cluster 4,Area de Transición (Estrato 4),Alta,<b>FERREYRA</b><hr>Tipología: <span style='color:#38bdf8'>Area de Transición (Estrato 4)</span><br>Pob: 3868.0<br>Score Infra: <b style='color:#e2e8f0'>Alta</b>
FERREYRA SEGUNDA SECCION,-0.4021751117573681,-0.390405108443157,-0.16278031971469117,1.729332242807287,-0.5518009520794055,-0.660755964257503,-0.3185713204273574,-0.4889171865444709,-0.47704280008446465,-0.39148253966046764,-0.5490765103497621,-0.2853478608449372,-1.0370819712844137,-0.5938383083540251,-0.4496412372007491,-0.7649522791493887,-0.41923022653073,-0.2772718104008337,-0.06166486492328043,-0.647455543871472,-1.181972429259419,-0.49744243847086145,-0.29847421946995023,0.29027091864054483,-0.5977181167206631,-31.4711,-64.1176,-0.3424483010252444,0.4964782001109392,-0.0013278904983064766,-0.10771717253817589,-0.6057028633350752,1.8921080961346453,1.7854057149168137,Cluster 4,Area de Transición (Estrato 4),Baja,<b>FERREYRA SEGUNDA SECCION</b><hr>Tipología: <span style='color:#38bdf8'>Area de Transición (Estrato 4)</span><br>Pob: 939.0<br>Score Infra: <b style='color:#e2e8f0'>Baja</b>
FERROVIARIO MITRE,-0.3636843028305897,-0.31647318886256437,-0.08689169702379215,1.2158333868026063,0.6282165358221802,1.0689531712988085,0.037093920871678586,-0.4889171865444709,-0.20021456126962692,0.9458874536107709,-0.46446058675318214,-0.2853478608449372,0.3188888414377209,-0.39997203220486965,0.171378810383684,2.839200277970605,-0.41923022653073,-0.2772718104008337,0.17638588565530963,0.4458639461642777,0.8460434230488473,-0.49744243847086145,-0.29847421946995023,0.29027091864054483,1.349408992129783,-31.4335,-64.1364,-0.2941392694861453,-0.11929785543247859,-0.11317847417531879,0.41424277873920257,0.5212826594503511,-0.06389386951887749,-0.40822090466690975,Cluster 1,Núcleo Urbano Consolidado Mayor,Muy Alta,<b>FERROVIARIO MITRE</b><hr>Tipología: <span style='color:#38bdf8'>Núcleo Urbano Consolidado Mayor</span><br>Pob: 1133.0<br>Score Infra: <b style='color:#e2e8f0'>Muy Alta</b>
FINCA LA DOROTEA,-0.48927544742157275,-0.3986197661743339,-0.329735289634669,-0.03225411043099156,-0.5518009520794055,-0.660755964257503,-0.3185713204273574,-0.4889171865444709,-0.8461471185042483,-0.5825353958420731,-0.4765485758384078,-0.2853478608449372,0.3188888414377209,-1.2424653705764666,-0.4496412372007491,-0.7649522791493887,-0.41923022653073,-0.2772718104008337,-0.4287237642025255,1.8289192919965909,-1.181972429259419,-0.49744243847086145,-0.29847421946995023,0.29027091864054483,-0.8353956041859758,-31.3764,-64.1151,-0.31225515631330747,-0.7083288016361281,-0.44569944221802665,-0.3497295590994907,-0.6057028633350752,-1.3448155107433089,-1.1394297778614841,Cluster 0,Periferia Excluida NBI,Muy Baja,<b>FINCA LA DOROTEA</b><hr>Tipología: <span style='color:#38bdf8'>Periferia Excluida NBI</span><br>Pob: 500.0<br>Score Infra: <b style='color:#e2e8f0'>Muy Baja</b>
FINCAS DEL SUR,-0.48927544742157275,-0.3986197661743339,-0.40562391232556805,-0.9237451798835615,-0.5518009520794055,-0.660755964257503,-0.3185713204273574,-0.4889171865444709,-1.0306992777141402,-0.7735882520236786,0.5811504691188426,-0.2853478608449372,-1.0370819712844137,-1.2424653705764666,-0.4496412372007491,-0.7649522791493887,-0.41923022653073,-0.2772718104008337,-1.0430482818246931,-0.647455543871472,-1.181972429259419,-0.49744243847086145,-0.29847421946995023,-3.445057481760149,-1.2338549214072352,-31.4868,-64.1573,-0.04655548284826272,-1.2028238924092727,-0.9867513388868202,-0.5232478739925088,-0.6057028633350752,-1.3448155107433089,-1.1394297778614841,Cluster 0,Periferia Excluida NBI,Muy Baja,<b>FINCAS DEL SUR</b><hr>Tipología: <span style='color:#38bdf8'>Periferia Excluida NBI</span><br>Pob: 500.0<br>Score Infra: <b style='color:#e2e8f0'>Muy Baja</b>
GENERAL ARENALES,-0.1285729184067115,-0.16751406200388885,0.04970782381982608,0.7968325841598985,0.038207791871387384,0.37706951707628394,-0.3185713204273574,4.292692897860455,-0.10793848166468102,-0.5825353958420731,-0.3012727341026349,-0.2853478608449372,1.6748596541598555,0.3373385393198446,-0.4496412372007491,0.20295795269922018,3.2113284060910634,-0.2772718104008337,-0.3811136140868076,0.4211001978055972,0.8460434230488473,2.0102828441296667,-0.29847421946995023,0.29027091864054483,0.8719030897107836,-31.3688,-64.0602,-0.1794053195807851,-0.12518197840957296,-0.2564795527761068,-0.15162362873580196,1.0847754208430642,0.7842839739945967,1.7854057149168137,Cluster 4,Area de Transición (Estrato 4),Muy Alta,<b>GENERAL ARENALES</b><hr>Tipología: <span style='color:#38bdf8'>Area de Transición (Estrato 4)</span><br>Pob: 2318.0<br>Score Infra: <b style='color:#e2e8f0'>Muy Alta</b>
GENERAL ARTIGAS,-0.28055209179801166,-0.2502082831644036,-0.3449130141728488,-0.6206382162696876,-0.15846178944554357,0.031127689965021584,-0.3185713204273574,-0.4889171865444709,-0.10793848166468102,-0.20042968347886214,-0.1380848814520877,-0.2853478608449372,-1.0370819712844137,-0.07617410289191812,-0.4496412372007491,0.20295795269922018,-0.41923022653073,-0.2772718104008337,-0.05398580845300323,-0.647455543871472,0.8460434230488473,-0.49744243847086145,-0.29847421946995023,0.29027091864054483,-0.11107077247607494,-31.4615,-64.1996,-0.1975212064079472,-0.4633798039507162,-0.4174266443592138,-0.3075793611497697,0.5212826594503511,0.03996464193175137,-1.1394297778614841,Cluster 0,Periferia Excluida NBI,Media,<b>GENERAL ARTIGAS</b><hr>Tipología: <span style='color:#38bdf8'>Periferia Excluida NBI</span><br>Pob: 1552.0<br>Score Infra: <b style='color:#e2e8f0'>Media</b>
GENERAL BELGRANO,0.03729469119528191,-0.020745510540193874,-0.17795804425287098,-0.32288019907252935,-0.15846178944554357,0.031127689965021584,-0.3185713204273574,-0.4889171865444709,-0.2924906408745728,-0.20042968347886214,0.7624703053972284,-0.2853478608449372,0.3188888414377209,0.6549492470535685,-0.4496412372007491,-0.2922519333628588,-0.41923022653073,-0.2772718104008337,-0.6529522131346167,-0.25495013238638403,0.8460434230488473,-0.49744243847086145,-0.29847421946995023,0.29027091864054483,-0.7455943815463666,-31.3704,-64.1373,-0.22771435111988414,0.7920489562551402,0.4987077724792378,-0.4133061076736532,0.5212826594503511,0.4553986877342699,0.3229879685276647,Cluster 2,Area de Transición (Estrato 2),Baja,<b>GENERAL BELGRANO</b><hr>Tipología: <span style='color:#38bdf8'>Area de Transición (Estrato 2)</span><br>Pob: 3154.0<br>Score Infra: <b style='color:#e2e8f0'>Baja</b>
GENERAL BUSTOS,2.5183646171198366,2.193378569936369,1.4384696190632782,-0.044734985403327585,2.5949123489914894,2.4527204797438578,2.1710853686658944,-0.4889171865444709,1.737583110434237,0.7548345974291654,2.152589050198186,-0.2853478608449372,1.6748596541598555,2.3069374087075443,1.1791418816135126,0.00037209021927876837,-0.41923022653073,-0.2772718104008337,-0.7481725133660527,-0.4889675543759159,0.8460434230488473,-0.49744243847086145,-0.29847421946995023,0.29027091864054483,-0.6622459413718792,-31.3903,-64.1696,0.6478868455262862,0.4187850996659171,0.3714312107557024,-0.5018215233680674,-0.46482967298689687,-0.18506213287794576,0.3229879685276647,Cluster 2,Area de Transición (Estrato 2),Baja,<b>GENERAL BUSTOS</b><hr>Tipología: <span style='color:#38bdf8'>Area de Transición (Estrato 2)</span><br>Pob: 15659.0<br>Score Infra: <b style='color:#e2e8f0'>Baja</b>
GENERAL MOSCONI,0.07102375056410831,-0.04210362064125397,0.4291509372743212,1.3816507257207844,-0.35513137076247453,-0.31481413714624074,-0.3185713204273574,1.901887855657992,0.4457179959649944,0.3727288850659543,0.32730269832910247,-0.2853478608449372,0.3188888414377209,0.7085718340735473,-0.4496412372007491,-0.5398568763938982,1.2223472834875362,-0.2772718104008337,-0.30432304938403665,-0.27476113107332856,0.8460434230488473,2.0102828441296667,-0.29847421946995023,0.29027091864054483,-0.1024670625225795,-31.3652,-64.1504,-0.22167572217749676,0.8326569638462167,0.37230725395340625,-0.27702046763622196,-0.04221010194236202,1.0958595083464855,1.7854057149168137,Cluster 4,Area de Transición (Estrato 4),Media,<b>GENERAL MOSCONI</b><hr>Tipología: <span style='color:#38bdf8'>Area de Transición (Estrato 4)</span><br>Pob: 3324.0<br>Score Infra: <b style='color:#e2e8f0'>Media</b>
GENERAL PAZ,1.3011423863683655,1.7968844234448944,0.40638435046705146,-0.47086771660165594,3.971599418210006,3.8364877881889075,3.238081092563003,-0.4889171865444709,1.9221352696441287,1.7100988783371929,0.8410422344511955,2.8154322270033805,0.3188888414377209,1.7944292212281274,1.1679858328545107,1.0433141229863845,-0.41923022653073,2.573881467530535,-0.5270156870220724,-0.5174458649883987,0.8460434230488473,-0.49744243847086145,3.3503731135501913,0.29027091864054483,0.40246316537318655,-31.4126,-64.1657,0.27953048004065584,0.3051785589813878,0.8555511820979453,-0.42876118025521764,-0.4535598177590426,-1.7602495565458274,0.3229879685276647,Cluster 2,Area de Transición (Estrato 2),Alta,<b>GENERAL PAZ</b><hr>Tipología: <span style='color:#38bdf8'>Area de Transición (Estrato 2)</span><br>Pob: 9524.0<br>Score Infra: <b style='color:#e2e8f0'>Alta</b>
GENERAL PUEYRREDON,4.177437525602933,3.839048335415486,3.851727820633867,0.33682319232237246,2.7915819303084204,0.7230113441875463,4.305076816460111,-0.4889171865444709,3.3985525433232633,1.5190460221555873,0.6718103872580355,-0.2853478608449372,0.3188888414377209,2.748292548025834,2.395151196344708,-0.2322264926280614,-0.41923022653073,-0.2772718104008337,-0.7358860230136093,-0.5954516723182426,0.8460434230488473,-0.49744243847086145,-0.29847421946995023,0.29027091864054483,-0.7697923157905726,-31.4021,-64.1625,1.5053721553452943,0.14072149914085327,0.1956621212188992,-0.5137640794538216,-0.9663382306264116,-0.4273986595960816,0.3229879685276647,Cluster 2,Area de Transición (Estrato 2),Baja,<b>GENERAL PUEYRREDON</b><hr>Tipología: <span style='color:#38bdf8'>Area de Transición (Estrato 2)</span><br>Pob: 24021.0<br>Score Infra: <b style='color:#e2e8f0'>Baja</b>
GENERAL SAVIO,0.3815295029888926,0.20871726208401584,1.9696899778995713,3.339365114238628,-0.5518009520794055,-0.660755964257503,-0.3185713204273574,-0.4889171865444709,-0.20021456126962692,-0.5825353958420731,-0.12599689236686198,-0.2853478608449372,0.3188888414377209,1.1066164223372383,-0.4496412372007491,-0.7649522791493887,-0.41923022653073,-0.2772718104008337,-0.7604590037184961,-0.39362712319499554,-1.181972429259419,-0.49744243847086145,-0.29847421946995023,0.29027091864054483,-1.0504883530233629,-31.372,-64.1581,-0.21563709323510938,1.7657957184730066,1.1264172093134381,-0.4846101925385979,-0.6057028633350752,0.7842839739945967,1.7854057149168137,Cluster 4,Area de Transición (Estrato 4),Muy Baja,<b>GENERAL SAVIO</b><hr>Tipología: <span style='color:#38bdf8'>Area de Transición (Estrato 4)</span><br>Pob: 4889.0<br>Score Infra: <b style='color:#e2e8f0'>Muy Baja</b>
GRANADERO PRINGLES,-0.15019919764907666,-0.16422819891141807,-0.2842021160201296,-0.46908473446275084,-0.5518009520794055,-0.660755964257503,-0.3185713204273574,-0.4889171865444709,0.7225462347798322,-0.009376827297256658,-0.39797664678444067,-0.2853478608449372,0.3188888414377209,0.28784076668601755,-0.4496412372007491,-0.7649522791493887,-0.41923022653073,-0.2772718104008337,0.2777494310629672,-0.08655664354735572,-1.181972429259419,-0.49744243847086145,-0.29847421946995023,0.29027091864054483,-0.37724804916234145,-31.3756,-64.1976,-0.28810064054375795,0.9413322195881438,0.6272793545819878,-0.22889899164362382,-0.6057028633350752,0.42077918391739333,0.3229879685276647,Cluster 2,Area de Transición (Estrato 2),Media,<b>GRANADERO PRINGLES</b><hr>Tipología: <span style='color:#38bdf8'>Area de Transición (Estrato 2)</span><br>Pob: 2209.0<br>Score Infra: <b style='color:#e2e8f0'>Media</b>
GRANJA DE FUNES,0.17855992808119017,0.16435811033566025,-0.20072463106014068,-0.5314891093244307,0.43154695450524927,1.0689531712988085,-0.3185713204273574,-0.4889171865444709,1.737583110434237,1.3279931659739819,-0.24687678321911916,-0.2853478608449372,0.3188888414377209,0.8642835771507944,-0.4496412372007491,0.20295795269922018,-0.41923022653073,-0.2772718104008337,0.148741282362312,-0.32676500262655783,0.8460434230488473,-0.49744243847086145,-0.29847421946995023,0.29027091864054483,0.02013580431473101,-31.3492,-64.2446,0.2614145932134938,-0.6722800942017452,-0.563758505948331,-0.4487825242813351,2.2117609436284904,-0.21968163669482232,0.3229879685276647,Cluster 2,Area de Transición (Estrato 2),Alta,<b>GRANJA DE FUNES</b><hr>Tipología: <span style='color:#38bdf8'>Area de Transición (Estrato 2)</span><br>Pob: 3866.0<br>Score Infra: <b style='color:#e2e8f0'>Alta</b>
GUARNICION AEREA CORDOBA,-0.48927544742157275,-0.3986197661743339,-0.40562391232556805,-0.9237451798835615,-0.5518009520794055,-0.660755964257503,-0.3185713204273574,-0.4889171865444709,-1.0306992777141402,-0.7735882520236786,-0.5490765103497621,-0.2853478608449372,-1.0370819712844137,-1.2424653705764666,-0.4496412372007491,-0.7649522791493887,-0.41923022653073,-0.2772718104008337,-1.0430482818246931,-0.647455543871472,-1.181972429259419,-0.49744243847086145,-0.29847421946995023,-3.445057481760149,-1.2338549214072352,-31.4438,-64.2815,6.221541359349839,-1.362335742743027,-1.1612798206653847,-0.5232478739925088,-0.6057028633350752,-1.3448155107433089,-1.1394297778614841,Cluster 0,Periferia Excluida NBI,Muy Baja,<b>GUARNICION AEREA CORDOBA</b><hr>Tipología: <span style='color:#38bdf8'>Periferia Excluida NBI</span><br>Pob: 500.0<br>Score Infra: <b style='color:#e2e8f0'>Muy Baja</b>
GUARNICION MILITAR CORDOBA,-0.48927544742157275,-0.3986197661743339,-0.40562391232556805,-0.9237451798835615,-0.5518009520794055,-0.660755964257503,-0.3185713204273574,-0.4889171865444709,-1.0306992777141402,-0.7735882520236786,-0.5369885212645364,-0.2853478608449372,-1.0370819712844137,-1.2424653705764666,-0.4496412372007491,-0.7649522791493887,-0.41923022653073,-0.2772718104008337,-1.0430482818246931,-0.647455543871472,-1.181972429259419,-0.49744243847086145,-0.29847421946995023,-3.445057481760149,-1.2338549214072352,-31.3933,-64.2925,14.566926557729198,-1.3673903595397803,-1.1668081429564843,-0.5232478739925088,-0.6057028633350752,-1.3448155107433089,-1.1394297778614841,Cluster 0,Periferia Excluida NBI,Muy Baja,<b>GUARNICION MILITAR CORDOBA</b><hr>Tipología: <span style='color:#38bdf8'>Periferia Excluida NBI</span><br>Pob: 500.0<br>Score Infra: <b style='color:#e2e8f0'>Muy Baja</b>
GUAYAQUIL,-0.4720141052739969,-0.3986197661743339,-0.40562391232556805,-0.9237451798835615,-0.15846178944554357,0.031127689965021584,-0.3185713204273574,-0.4889171865444709,0.2611658367551026,-0.009376827297256658,-0.02929297968505622,-0.2853478608449372,0.3188888414377209,-1.0774727951303764,-0.4496412372007491,1.7936321321713524,-0.41923022653073,-0.2772718104008337,2.6198616544974813,1.4624158162881176,0.8460434230488473,-0.49744243847086145,-0.29847421946995023,0.29027091864054483,2.413580367002755,-31.3828,-64.1551,-0.3545255589100192,0.08819008616617156,0.18911628291555965,2.455014862804861,0.5212826594503511,-0.5831864267720256,-0.40822090466690975,Cluster 1,Núcleo Urbano Consolidado Mayor,Muy Alta,<b>GUAYAQUIL</b><hr>Tipología: <span style='color:#38bdf8'>Núcleo Urbano Consolidado Mayor</span><br>Pob: 587.0<br>Score Infra: <b style='color:#e2e8f0'>Muy Alta</b>
GUEMES,1.7106528483522347,2.412436109434421,2.84240913884491,0.5079894776572658,2.7915819303084204,4.18242961530017,0.7484244034697505,1.901887855657992,2.752619986088642,3.2385217277900367,0.24873076927513532,-0.2853478608449372,-1.0370819712844137,1.9965451261495875,0.20484695666068928,0.33801519435251437,0.049791919188774625,-0.2772718104008337,-0.4993710837290748,-0.647455543871472,0.8460434230488473,2.0102828441296667,-0.29847421946995023,0.29027091864054483,-0.17828725648775845,-31.4281,-64.1937,0.30972362475259274,0.5820824422327376,1.2879737222514696,-0.4649401001620615,0.9439022304948859,-1.9160373237217714,0.3229879685276647,Cluster 2,Area de Transición (Estrato 2),Media,<b>GUEMES</b><hr>Tipología: <span style='color:#38bdf8'>Area de Transición (Estrato 2)</span><br>Pob: 11588.0<br>Score Infra: <b style='color:#e2e8f0'>Media</b>
GUINAZU,-0.31844768203004603,-0.30387738034142636,-0.09448055929288206,1.0357521907731873,0.43154695450524927,1.0689531712988085,-0.3185713204273574,1.901887855657992,0.814822314384778,-0.39148253966046764,-0.48863656492363355,2.8154322270033805,0.3188888414377209,-0.2112617740384045,-0.4496412372007491,1.988714814559444,3.2113284060910634,3.954654269271583,1.2145943204367726,0.26261220831004106,0.8460434230488473,2.0102828441296667,3.3503731135501913,0.29027091864054483,3.391714642340772,-31.3122,-64.1733,-0.1975212064079472,-0.5751284099291581,-0.5742601417965814,0.3654187994474423,2.2117609436284904,0.6458059587270905,-0.40822090466690975,Cluster 1,Núcleo Urbano Consolidado Mayor,Muy Alta,<b>GUINAZU</b><hr>Tipología: <span style='color:#38bdf8'>Núcleo Urbano Consolidado Mayor</span><br>Pob: 1361.0<br>Score Infra: <b style='color:#e2e8f0'>Muy Alta</b>
GUINAZU SUD,-0.48927544742157275,-0.3986197661743339,-0.3828573255182983,-0.6562978590477905,-0.5518009520794055,-0.660755964257503,-0.3185713204273574,1.901887855657992,0.07661367754521078,-0.39148253966046764,-0.5249005321793108,-0.2853478608449372,0.3188888414377209,-1.2424653705764666,-0.4496412372007491,-0.7649522791493887,3.2113284060910634,-0.2772718104008337,2.6428988239083124,1.8289192919965909,-1.181972429259419,2.0102828441296667,-0.29847421946995023,0.29027091864054483,2.3512034698399122,-31.3357,-64.1831,-0.37868007467956866,1.1151266943220122,1.5494318073003177,5.331063369574158,-0.6057028633350752,-1.3448155107433089,-0.40822090466690975,Cluster 1,Núcleo Urbano Consolidado Mayor,Muy Alta,<b>GUINAZU SUD</b><hr>Tipología: <span style='color:#38bdf8'>Núcleo Urbano Consolidado Mayor</span><br>Pob: 500.0<br>Score Infra: <b style='color:#e2e8f0'>Muy Alta</b>
HIPOLITO IRIGOYEN,0.06884128201671366,-0.019102578993958483,0.22425165600889382,0.7326452271593134,-0.5518009520794055,-0.660755964257503,-0.3185713204273574,1.901887855657992,-0.47704280008446465,-0.009376827297256658,-0.41006463586966635,-0.2853478608449372,0.3188888414377209,0.705478223283933,-0.4496412372007491,-0.7649522791493887,1.2278010293679955,-0.2772718104008337,-0.7650664376006624,-0.2735229436553945,-1.181972429259419,2.0102828441296667,-0.29847421946995023,0.29027091864054483,-0.5116810171857082,-31.3728,-64.1863,-0.22771435111988414,0.9011140997940619,0.5043340374880932,-0.36061836023650196,-0.6057028633350752,0.7496644701777201,0.3229879685276647,Cluster 2,Area de Transición (Estrato 2),Baja,<b>HIPOLITO IRIGOYEN</b><hr>Tipología: <span style='color:#38bdf8'>Area de Transición (Estrato 2)</span><br>Pob: 3313.0<br>Score Infra: <b style='color:#e2e8f0'>Baja</b>
HOGAR PROPIO,0.3472052249253222,0.3576763889426913,0.019352374743466474,-0.29256950271114196,-0.15846178944554357,0.031127689965021584,-0.3185713204273574,1.901887855657992,0.7225462347798322,0.18167602888434883,-0.44028460858273066,-0.2853478608449372,3.0308304668819903,1.0694930928618687,-0.4496412372007491,-0.44981871529170214,0.7369639001266536,-0.2772718104008337,-0.4241163303203592,0.14003165393457204,0.8460434230488473,2.0102828441296667,-0.29847421946995023,0.29027091864054483,-0.2955128046041344,-31.4073,-64.1542,-0.1129804012145239,0.5830094203623272,0.6210164619077203,-0.39539227354502177,0.5212826594503511,-0.5139474191382726,0.3229879685276647,Cluster 2,Area de Transición (Estrato 2),Media,<b>HOGAR PROPIO</b><hr>Tipología: <span style='color:#38bdf8'>Area de Transición (Estrato 2)</span><br>Pob: 4716.0<br>Score Infra: <b style='color:#e2e8f0'>Media</b>
HORIZONTE,-0.1884916003442737,-0.15710882887773137,-0.32214642736557914,-0.6170722519918774,-0.5518009520794055,-0.660755964257503,-0.3185713204273574,-0.4889171865444709,-0.10793848166468102,0.3727288850659543,0.5871944636614554,-0.2853478608449372,-1.0370819712844137,0.19297003580451622,-0.4496412372007491,-0.7649522791493887,-0.41923022653073,-0.2772718104008337,-0.2812858799732053,-0.647455543871472,-1.181972429259419,-0.49744243847086145,-0.29847421946995023,0.29027091864054483,-0.7396793309533385,-31.4587,-64.2065,-0.22771435111988414,0.011449823755641804,0.031504684998244124,-0.4119011010753292,-0.6057028633350752,-0.21968163669482232,0.3229879685276647,Cluster 2,Area de Transición (Estrato 2),Baja,<b>HORIZONTE</b><hr>Tipología: <span style='color:#38bdf8'>Area de Transición (Estrato 2)</span><br>Pob: 2016.0<br>Score Infra: <b style='color:#e2e8f0'>Baja</b>
INAUDI,-0.25872740632406516,-0.25678000934934514,-0.37526846324920843,-0.7686257337988143,0.23487737318831833,0.7230113441875463,-0.3185713204273574,1.901887855657992,-0.38476672047951876,-0.5825353958420731,-0.23478879413389345,2.8154322270033805,0.3188888414377209,-0.006052258327329367,-0.4496412372007491,1.0433141229863845,2.8639247935058023,3.954654269271583,-0.3964717270273617,0.09793328172481487,0.8460434230488473,2.0102828441296667,3.3503731135501913,0.29027091864054483,1.7629248017696593,-31.4764,-64.1943,-0.22167572217749676,-0.26937282970019616,-0.33868614054572643,0.12937769092900478,1.6482681822357772,0.5938767030017761,-0.40822090466690975,Cluster 1,Núcleo Urbano Consolidado Mayor,Muy Alta,<b>INAUDI</b><hr>Tipología: <span style='color:#38bdf8'>Núcleo Urbano Consolidado Mayor</span><br>Pob: 1662.0<br>Score Infra: <b style='color:#e2e8f0'>Muy Alta</b>
INDEPENDENCIA,-0.4271742969366159,-0.34714124439229166,-0.3525018764419387,-0.49939543082413823,-0.35513137076247453,-0.660755964257503,0.037093920871678586,-0.4889171865444709,0.4457179959649944,0.9458874536107709,-0.31940471773047346,-0.2853478608449372,-1.0370819712844137,-0.7423316262555061,3.2690416824665145,0.15793887214812205,-0.41923022653073,-0.2772718104008337,1.9794283448763714,-0.647455543871472,0.8460434230488473,-0.49744243847086145,-0.29847421946995023,0.29027091864054483,1.1848630392691815,-31.4012,-64.1902,-0.3303710431404696,-0.023703733124416385,0.16190997242786448,0.7932433086371108,-0.8874492440314317,-0.8774522092154758,-0.40822090466690975,Cluster 1,Núcleo Urbano Consolidado Mayor,Muy Alta,<b>INDEPENDENCIA</b><hr>Tipología: <span style='color:#38bdf8'>Núcleo Urbano Consolidado Mayor</span><br>Pob: 813.0<br>Score Infra: <b style='color:#e2e8f0'>Muy Alta</b>
INDUSTRIAL ESTE,-0.35971617819896307,-0.2967580103077397,-0.39803505005647816,-0.8773876442720279,-0.5518009520794055,-0.660755964257503,-0.3185713204273574,-0.4889171865444709,0.2611658367551026,1.1369403097923763,0.4602705782665854,-0.2853478608449372,-1.0370819712844137,-0.38244157106372223,-0.4496412372007491,-0.7649522791493887,-0.41923022653073,-0.2772718104008337,0.8214266291585857,-0.647455543871472,-1.181972429259419,-0.49744243847086145,-0.29847421946995023,0.29027091864054483,-0.025033672941120213,-31.4295,-64.1642,-0.3001778984285327,-0.022241653885685962,0.06428828913591679,-0.058893193246415725,-0.6057028633350752,-0.4966376672298339,-1.1394297778614841,Cluster 0,Periferia Excluida NBI,Alta,<b>INDUSTRIAL ESTE</b><hr>Tipología: <span style='color:#38bdf8'>Periferia Excluida NBI</span><br>Pob: 1153.0<br>Score Infra: <b style='color:#e2e8f0'>Alta</b>
INDUSTRIAL OESTE,-0.26686206181889977,-0.24911299546691332,-0.2993798405583094,-0.3959824667676401,-0.5518009520794055,-0.660755964257503,-0.3185713204273574,-0.4889171865444709,0.7225462347798322,-0.20042968347886214,0.3393906874143282,-0.2853478608449372,-1.0370819712844137,-0.03183234824078129,-0.4496412372007491,-0.7649522791493887,-0.41923022653073,-0.2772718104008337,0.7569225548082581,-0.647455543871472,-1.181972429259419,-0.49744243847086145,-0.29847421946995023,0.29027091864054483,-0.06697675896441069,-31.4093,-64.2666,-0.2397916090046589,-0.17713253813567062,-0.2179717409118231,-0.24084154772937807,-0.6057028633350752,0.26499141674144927,-1.1394297778614841,Cluster 0,Periferia Excluida NBI,Media,<b>INDUSTRIAL OESTE</b><hr>Tipología: <span style='color:#38bdf8'>Periferia Excluida NBI</span><br>Pob: 1621.0<br>Score Infra: <b style='color:#e2e8f0'>Media</b>
IPONA,-0.39364364379937083,-0.2879957087278176,-0.3449130141728488,-0.5689317342414386,0.038207791871387384,-0.660755964257503,0.7484244034697505,-0.4889171865444709,1.3684787920144534,2.4743103030636147,-0.46446058675318214,-0.2853478608449372,0.3188888414377209,-0.5474341465098124,3.2690416824665145,1.5235176488647637,-0.41923022653073,-0.2772718104008337,2.6428988239083124,0.613019247585372,0.8460434230488473,-0.49744243847086145,-0.29847421946995023,0.29027091864054483,2.294203891398005,-31.4448,-64.1884,-0.32433241419808223,0.13122693559464935,0.511407678214894,1.2495192014428405,-1.02832243437961,-1.4486740221939385,-0.40822090466690975,Cluster 1,Núcleo Urbano Consolidado Mayor,Muy Alta,<b>IPONA</b><hr>Tipología: <span style='color:#38bdf8'>Núcleo Urbano Consolidado Mayor</span><br>Pob: 982.0<br>Score Infra: <b style='color:#e2e8f0'>Muy Alta</b>
IPV ANEXO LOS GIGANTES,0.45117009027394006,0.2662198662022545,-0.13242487063833155,-0.46908473446275084,0.038207791871387384,0.37706951707628394,-0.3185713204273574,-0.4889171865444709,-0.01566240205973512,-0.39148253966046764,-0.5490765103497621,-0.2853478608449372,0.3188888414377209,1.1777694704983657,-0.4496412372007491,-0.3372710139139569,-0.41923022653073,-0.2772718104008337,-0.7205279100730551,-0.41096174704607197,0.8460434230488473,-0.49744243847086145,-0.29847421946995023,0.29027091864054483,-0.8122731336859567,-31.3649,-64.1633,-0.2397916090046589,2.4891648921993457,1.6784114840603828,-0.4213848956140164,1.0847754208430642,0.7496644701777201,1.0541968417222392,Cluster 3,Area de Transición (Estrato 3),Muy Baja,<b>IPV ANEXO LOS GIGANTES</b><hr>Tipología: <span style='color:#38bdf8'>Area de Transición (Estrato 3)</span><br>Pob: 5240.0<br>Score Infra: <b style='color:#e2e8f0'>Muy Baja</b>
IRUPE,-0.4847121040952021,-0.3986197661743339,-0.329735289634669,-0.03225411043099156,0.038207791871387384,0.37706951707628394,-0.3185713204273574,-0.4889171865444709,-0.47704280008446465,0.3727288850659543,-0.27709675593218347,-0.2853478608449372,0.3188888414377209,-1.1970924123287914,-0.4496412372007491,2.839200277970605,-0.41923022653073,-0.2772718104008337,0.7185272724568725,1.7199587992183962,0.8460434230488473,-0.49744243847086145,-0.29847421946995023,0.29027091864054483,1.7005479046068166,-31.4592,-64.2025,-0.31829378525569485,-0.6282864282918671,-0.39387686200106486,0.8459310560742618,1.0847754208430642,-1.1370984878420496,-0.40822090466690975,Cluster 1,Núcleo Urbano Consolidado Mayor,Muy Alta,<b>IRUPE</b><hr>Tipología: <span style='color:#38bdf8'>Núcleo Urbano Consolidado Mayor</span><br>Pob: 523.0<br>Score Infra: <b style='color:#e2e8f0'>Muy Alta</b>
ITUZAINGO,0.044834127995372515,0.0028031749558467393,-0.2690243914819498,-0.5796296270748695,1.2182252797729731,1.414894998410071,0.7484244034697505,-0.4889171865444709,0.4457179959649944,-0.009376827297256658,-0.4342406140401178,2.8154322270033805,-1.0370819712844137,0.6673236902120256,0.7886801750484498,1.3509445067522212,-0.41923022653073,3.954654269271583,-0.27360682350292825,-0.647455543871472,0.8460434230488473,-0.49744243847086145,3.3503731135501913,0.29027091864054483,0.9149216394782611,-31.4647,-64.0971,-0.11901903015691129,-0.020423503648679904,-0.09104886122462763,-0.22468397184865171,-0.1830832922905403,0.24768166483301063,0.3229879685276647,Cluster 2,Area de Transición (Estrato 2),Muy Alta,<b>ITUZAINGO</b><hr>Tipología: <span style='color:#38bdf8'>Area de Transición (Estrato 2)</span><br>Pob: 3192.0<br>Score Infra: <b style='color:#e2e8f0'>Muy Alta</b>
ITUZAINGO ANEXO,0.6180297310338402,0.3587716766401816,0.6416390808088385,0.6310152452417206,-0.35513137076247453,-0.31481413714624074,-0.3185713204273574,1.901887855657992,2.1989635084589665,0.18167602888434883,-0.41006463586966635,-0.2853478608449372,5.74277209232626,1.3314188063825358,-0.4496412372007491,-0.6449013976797938,0.47518409786460436,-0.2772718104008337,-0.15842097644877182,0.3703345136703019,0.8460434230488473,2.0102828441296667,-0.29847421946995023,0.29027091864054483,-0.3062674420460038,-31.4637,-64.0829,0.15875790119290828,-0.07070709412027953,-0.24501481353659196,-0.4582663188200223,-0.04221010194236202,0.9746912449874172,0.3229879685276647,Cluster 2,Area de Transición (Estrato 2),Media,<b>ITUZAINGO ANEXO</b><hr>Tipología: <span style='color:#38bdf8'>Area de Transición (Estrato 2)</span><br>Pob: 6081.0<br>Score Infra: <b style='color:#e2e8f0'>Media</b>
ITUZAINGO II,-0.28035368556643037,-0.29237685951777864,-0.08689169702379215,0.9769137801893176,-0.5518009520794055,-0.660755964257503,-0.3185713204273574,-0.4889171865444709,-0.8461471185042483,-0.5825353958420731,-0.5490765103497621,-0.2853478608449372,0.3188888414377209,-0.0751428992953797,-0.4496412372007491,-0.7649522791493887,-0.41923022653073,-0.2772718104008337,-0.8449286248915441,0.1499371532780443,-1.181972429259419,-0.49744243847086145,-0.29847421946995023,0.29027091864054483,-1.1053370039768964,-31.4748,-64.0879,0.3338781405221423,-1.118184423662691,-0.9954736820291753,-0.5162228410008887,-0.6057028633350752,1.1477887640717999,1.7854057149168137,Cluster 4,Area de Transición (Estrato 4),Muy Baja,<b>ITUZAINGO II</b><hr>Tipología: <span style='color:#38bdf8'>Area de Transición (Estrato 4)</span><br>Pob: 1553.0<br>Score Infra: <b style='color:#e2e8f0'>Muy Baja</b>
JARDIN,0.7688184670356524,0.9272259916376272,-0.06412511021652245,-0.6170722519918774,1.8082340237237657,2.106778652632596,1.1040896447687865,-0.4889171865444709,0.1688897571501567,1.7100988783371929,-0.23478879413389345,-0.2853478608449372,0.3188888414377209,1.4531008307740276,0.7886801750484498,0.5481042369243054,-0.41923022653073,-0.2772718104008337,-0.7512441359541636,-0.46668018085310337,0.8460434230488473,-0.49744243847086145,-0.29847421946995023,0.29027091864054483,-0.3917668097088651,-31.4463,-64.1817,0.1647965301352956,0.07628657301710703,0.34598786918761004,-0.46458884851248045,-0.1549086542209046,-1.1544082397504882,0.3229879685276647,Cluster 2,Area de Transición (Estrato 2),Media,<b>JARDIN</b><hr>Tipología: <span style='color:#38bdf8'>Area de Transición (Estrato 2)</span><br>Pob: 6841.0<br>Score Infra: <b style='color:#e2e8f0'>Media</b>
JARDIN DEL CLARET,-0.48927544742157275,-0.3986197661743339,-0.39803505005647816,-0.8345960729383045,-0.5518009520794055,-0.660755964257503,-0.3185713204273574,-0.4889171865444709,-0.01566240205973512,-0.009376827297256658,-0.5490765103497621,-0.2853478608449372,-1.0370819712844137,-1.2424653705764666,-0.4496412372007491,-0.7649522791493887,-0.41923022653073,-0.2772718104008337,2.3357365650972284,-0.647455543871472,-1.181972429259419,-0.49744243847086145,-0.29847421946995023,0.29027091864054483,0.9568647255015513,-31.3481,-64.2296,-0.2941392694861453,-0.8188401106261477,-0.566615168549539,0.27163460900931313,-0.6057028633350752,-1.3448155107433089,-0.40822090466690975,Cluster 1,Núcleo Urbano Consolidado Mayor,Muy Alta,<b>JARDIN DEL CLARET</b><hr>Tipología: <span style='color:#38bdf8'>Núcleo Urbano Consolidado Mayor</span><br>Pob: 500.0<br>Score Infra: <b style='color:#e2e8f0'>Muy Alta</b>
JARDIN DEL PILAR,-0.16567488371242056,-0.16148997966769243,-0.12483600836924166,0.11929937137594528,-0.15846178944554357,0.031127689965021584,-0.3185713204273574,-0.4889171865444709,0.07661367754521078,-0.20042968347886214,0.15202685659332957,-0.2853478608449372,0.3188888414377209,0.25071743721064776,-0.4496412372007491,-0.05965335051551873,-0.41923022653073,-0.2772718104008337,-0.17838652327149224,-0.0667456448604112,0.8460434230488473,-0.49744243847086145,-0.29847421946995023,0.29027091864054483,-0.3223993982088077,-31.4441,-64.1529,-0.20355983535033462,-0.08684566400302694,-0.1274672284434563,-0.3427045261078705,0.5212826594503511,0.16113290529081967,0.3229879685276647,Cluster 2,Area de Transición (Estrato 2),Media,<b>JARDIN DEL PILAR</b><hr>Tipología: <span style='color:#38bdf8'>Area de Transición (Estrato 2)</span><br>Pob: 2131.0<br>Score Infra: <b style='color:#e2e8f0'>Media</b>
JARDIN DEL SUD,-0.2944405280087049,-0.2611611601393062,-0.3828573255182983,-0.8042853765769171,-0.5518009520794055,-0.660755964257503,-0.3185713204273574,-0.4889171865444709,-0.38476672047951876,-0.39148253966046764,-0.31940471773047346,-0.2853478608449372,0.3188888414377209,-0.12360946833266924,-0.4496412372007491,-0.7649522791493887,-0.41923022653073,-0.2772718104008337,-0.3181453510305354,0.18832096323399922,-1.181972429259419,-0.49744243847086145,-0.29847421946995023,0.29027091864054483,-0.7638772651975445,-31.4561,-64.1646,-0.16128943275362292,-0.6343953335192697,-0.5576969399716725,-0.44667501438384904,-0.6057028633350752,0.022654890023313487,-1.1394297778614841,Cluster 0,Periferia Excluida NBI,Baja,<b>JARDIN DEL SUD</b><hr>Tipología: <span style='color:#38bdf8'>Periferia Excluida NBI</span><br>Pob: 1482.0<br>Score Infra: <b style='color:#e2e8f0'>Baja</b>
JARDIN ESPINOSA,-0.2878931223665209,-0.24254126928197176,-0.3828573255182983,-0.8132002872714428,0.6282165358221802,-0.660755964257503,1.8154201273668584,-0.4889171865444709,-0.47704280008446465,-0.20042968347886214,1.5361016068516744,-0.2853478608449372,0.3188888414377209,-0.10092298920883162,3.2690416824665145,2.206307037223085,-0.41923022653073,-0.2772718104008337,-0.4348670093787472,0.16974815196498869,0.8460434230488473,-0.49744243847086145,-0.29847421946995023,0.29027091864054483,0.6379897253501253,-31.4535,-64.1713,-0.1129804012145239,-0.7435539705605322,-0.6214032366096595,-0.26859042804627775,-1.0903066381328084,-0.27161089242013675,-1.1394297778614841,Cluster 0,Periferia Excluida NBI,Alta,<b>JARDIN ESPINOSA</b><hr>Tipología: <span style='color:#38bdf8'>Periferia Excluida NBI</span><br>Pob: 1515.0<br>Score Infra: <b style='color:#e2e8f0'>Alta</b>
JARDIN HIPODROMO,-0.15436572851228464,-0.155465897331496,-0.19313576879105077,-0.1481479494598257,0.038207791871387384,-0.660755964257503,0.7484244034697505,-0.4889171865444709,-0.8461471185042483,-0.5825353958420731,-0.3798446631566021,-0.2853478608449372,1.6748596541598555,0.27752873072063716,3.2690416824665145,0.26298339343401766,-0.41923022653073,-0.2772718104008337,-0.90328945406565,0.4842477561202328,0.8460434230488473,-0.49744243847086145,-0.29847421946995023,0.29027091864054483,-0.6321329565346451,-31.4589,-64.1908,-0.2760233826589832,0.7011792396504581,0.497456282196804,-0.33603074476583134,-1.02832243437961,0.2130621610161341,0.3229879685276647,Cluster 2,Area de Transición (Estrato 2),Baja,<b>JARDIN HIPODROMO</b><hr>Tipología: <span style='color:#38bdf8'>Area de Transición (Estrato 2)</span><br>Pob: 2188.0<br>Score Infra: <b style='color:#e2e8f0'>Baja</b>
JARDINES DEL JOCKEY,-0.48610094771627144,-0.3986197661743339,-0.39803505005647816,-0.8345960729383045,-0.5518009520794055,-0.660755964257503,-0.3185713204273574,-0.4889171865444709,-0.38476672047951876,-0.009376827297256658,-0.5490765103497621,-0.2853478608449372,-1.0370819712844137,-1.210498059083786,-0.4496412372007491,-0.7649522791493887,-0.41923022653073,-0.2772718104008337,1.0410476442085106,-0.647455543871472,-1.181972429259419,-0.49744243847086145,-0.29847421946995023,0.29027091864054483,0.11746527316364881,-31.4545,-64.1762,-0.28810064054375795,-0.8311713068178342,-0.5984356692959472,-0.058541941596834755,-0.6057028633350752,-1.2063374954758026,-1.1394297778614841,Cluster 0,Periferia Excluida NBI,Alta,<b>JARDINES DEL JOCKEY</b><hr>Tipología: <span style='color:#38bdf8'>Periferia Excluida NBI</span><br>Pob: 516.0<br>Score Infra: <b style='color:#e2e8f0'>Alta</b>
JERONIMO LUIS DE CABRERA,0.06070662652187906,6.495571212108647e-05,-0.04135852340925274,-0.00194341406960419,-0.35513137076247453,-0.31481413714624074,-0.3185713204273574,-0.4889171865444709,0.4457179959649944,0.18167602888434883,-0.48863656492363355,-0.2853478608449372,1.6748596541598555,0.6920725765289383,-0.4496412372007491,-0.5323536963020485,-0.41923022653073,-0.2772718104008337,-0.29203655903159326,0.10907696848622124,0.8460434230488473,-0.49744243847086145,-0.29847421946995023,0.29027091864054483,-0.6310574927904581,-31.3559,-64.1826,-0.25790749583182104,1.3405713560404158,0.9327572499999266,-0.3592133536381779,-0.04221010194236202,0.43808893582583125,0.3229879685276647,Cluster 2,Area de Transición (Estrato 2),Baja,<b>JERONIMO LUIS DE CABRERA</b><hr>Tipología: <span style='color:#38bdf8'>Area de Transición (Estrato 2)</span><br>Pob: 3272.0<br>Score Infra: <b style='color:#e2e8f0'>Baja</b>
JOCKEY CLUB,-0.48610094771627144,-0.3986197661743339,-0.40562391232556805,-0.9237451798835615,-0.5518009520794055,-0.660755964257503,-0.3185713204273574,-0.4889171865444709,-0.8461471185042483,-0.20042968347886214,0.031146965741072376,-0.2853478608449372,0.3188888414377209,-1.210498059083786,-0.4496412372007491,-0.7649522791493887,-0.41923022653073,-0.2772718104008337,-0.44715349973119056,1.7521516720846808,-1.181972429259419,-0.49744243847086145,-0.29847421946995023,0.29027091864054483,-0.8472257053720321,-31.4535,-64.1792,0.03194669340277324,-1.2288409459648568,-1.0200518629237592,-0.48812270903440796,-0.6057028633350752,-1.2063374954758026,-1.1394297778614841,Cluster 0,Periferia Excluida NBI,Muy Baja,<b>JOCKEY CLUB</b><hr>Tipología: <span style='color:#38bdf8'>Periferia Excluida NBI</span><br>Pob: 516.0<br>Score Infra: <b style='color:#e2e8f0'>Muy Baja</b>
JOSE HERNANDEZ,0.052968783490207116,0.012660764233259089,-0.07171397248561234,-0.09822444957048175,-0.35513137076247453,-0.31481413714624074,-0.3185713204273574,1.901887855657992,-0.20021456126962692,-0.20042968347886214,-0.29522873956002205,-0.2853478608449372,0.3188888414377209,0.679698133370481,-0.4496412372007491,-0.5323536963020485,1.265977250531211,-0.2772718104008337,-0.6160927420772866,-0.26485563172985627,0.8460434230488473,2.0102828441296667,-0.29847421946995023,0.29027091864054483,-0.28690909465063885,-31.4442,-64.157,-0.1975212064079472,0.5201141531920194,0.3507544147850541,-0.3412995195095465,-0.04221010194236202,0.2130621610161341,0.3229879685276647,Cluster 2,Area de Transición (Estrato 2),Media,<b>JOSE HERNANDEZ</b><hr>Tipología: <span style='color:#38bdf8'>Area de Transición (Estrato 2)</span><br>Pob: 3233.0<br>Score Infra: <b style='color:#e2e8f0'>Media</b>
JOSE I RUCCI,-0.48927544742157275,-0.3986197661743339,-0.40562391232556805,-0.9237451798835615,-0.5518009520794055,-0.660755964257503,-0.3185713204273574,-0.4889171865444709,-0.2924906408745728,-0.20042968347886214,-0.5490765103497621,-0.2853478608449372,0.3188888414377209,-1.2424653705764666,-0.4496412372007491,-0.7649522791493887,-0.41923022653073,-0.2772718104008337,1.414249788663977,1.8289192919965909,-1.181972429259419,-0.49744243847086145,-0.29847421946995023,0.29027091864054483,0.3594446156057091,-31.461,-64.1294,-0.3967959615067308,8.574714647027875,9.711324953608866,9.884338503092769,-0.6057028633350752,-1.3448155107433089,1.0541968417222392,Cluster 3,Area de Transición (Estrato 3),Alta,<b>JOSE I RUCCI</b><hr>Tipología: <span style='color:#38bdf8'>Area de Transición (Estrato 3)</span><br>Pob: 500.0<br>Score Infra: <b style='color:#e2e8f0'>Alta</b>
JOSE IGNACIO DIAZ SECCION 1,0.3009765729668719,0.14683350717581609,0.24701824281616352,0.35821897798923413,-0.5518009520794055,-0.660755964257503,-0.3185713204273574,1.901887855657992,-0.38476672047951876,-0.39148253966046764,-0.5490765103497621,-0.2853478608449372,0.3188888414377209,1.0169017094384274,-0.4496412372007491,-0.7649522791493887,0.7969551048117065,-0.2772718104008337,-0.8034617199520478,-0.371339749672183,-1.181972429259419,2.0102828441296667,-0.29847421946995023,0.29027091864054483,-0.6783778975346832,-31.4434,-64.1379,-0.0707099986178122,0.24999551114245092,0.012030407951151945,-0.4572125638712793,-0.6057028633350752,0.8189034778114732,0.3229879685276647,Cluster 2,Area de Transición (Estrato 2),Baja,<b>JOSE IGNACIO DIAZ SECCION 1</b><hr>Tipología: <span style='color:#38bdf8'>Area de Transición (Estrato 2)</span><br>Pob: 4483.0<br>Score Infra: <b style='color:#e2e8f0'>Baja</b>
JOSE IGNACIO DIAZ SECCION 2,-0.15119122880698332,-0.180657514373772,-0.011003074332893133,0.6274492809639101,-0.5518009520794055,-0.660755964257503,-0.3185713204273574,-0.4889171865444709,-0.10793848166468102,-0.39148253966046764,-0.5490765103497621,-0.2853478608449372,-1.0370819712844137,0.28474715589640415,-0.4496412372007491,-0.7649522791493887,-0.41923022653073,-0.2772718104008337,-0.3457899543235329,-0.647455543871472,-1.181972429259419,-0.49744243847086145,-0.29847421946995023,0.29027091864054483,-0.7816224169766292,-31.4451,-64.1454,-0.1794053195807851,-0.18646995302900424,-0.2917715787407449,-0.4435137495376199,-0.6057028633350752,0.7150449663608436,0.3229879685276647,Cluster 2,Area de Transición (Estrato 2),Baja,<b>JOSE IGNACIO DIAZ SECCION 2</b><hr>Tipología: <span style='color:#38bdf8'>Area de Transición (Estrato 2)</span><br>Pob: 2204.0<br>Score Infra: <b style='color:#e2e8f0'>Baja</b>
JOSE IGNACIO DIAZ SECCION 3,1.7677938430476583,1.1380688734045024,3.1914968032230457,1.8880176531698438,0.6282165358221802,1.414894998410071,-0.3185713204273574,1.901887855657992,-0.2924906408745728,-0.20042968347886214,0.16411484567855528,2.8154322270033805,-1.0370819712844137,2.0212940124665,-0.4496412372007491,-0.38229009446505496,0.0388844274278559,2.003650811944261,-0.9401489251229801,-0.647455543871472,0.8460434230488473,2.0102828441296667,3.3503731135501913,0.29027091864054483,-0.5041527709763999,-31.4514,-64.1323,1.2577883687074116,-0.5123465284957315,-0.5764203228493043,-0.5060365431630395,2.7752537050212034,1.1650985159802387,1.7854057149168137,Cluster 4,Area de Transición (Estrato 4),Baja,<b>JOSE IGNACIO DIAZ SECCION 3</b><hr>Tipología: <span style='color:#38bdf8'>Area de Transición (Estrato 4)</span><br>Pob: 11876.0<br>Score Infra: <b style='color:#e2e8f0'>Baja</b>
JUAN B JUSTO,0.024199879910914004,-0.06291408689356892,-0.22349121786741039,-0.3977654489065452,-0.35513137076247453,-0.31481413714624074,-0.3185713204273574,-0.4889171865444709,-0.2924906408745728,-0.20042968347886214,-0.41610863041227925,-0.2853478608449372,0.3188888414377209,0.6332939715262683,-0.4496412372007491,-0.5248505162101988,-0.41923022653073,-0.2772718104008337,-0.6452731566643396,-0.24628282046084576,0.8460434230488473,-0.49744243847086145,-0.29847421946995023,0.29027091864054483,-0.8563671471976209,-31.3597,-64.1816,-0.13713491698407343,0.024670202831290657,-0.1658009199206188,-0.46704761005954754,-0.04221010194236202,0.9054522373536642,0.3229879685276647,Cluster 2,Area de Transición (Estrato 2),Muy Baja,<b>JUAN B JUSTO</b><hr>Tipología: <span style='color:#38bdf8'>Area de Transición (Estrato 2)</span><br>Pob: 3088.0<br>Score Infra: <b style='color:#e2e8f0'>Muy Baja</b>
JUAN XXIII,-0.39463567495727747,-0.33947423050985986,-0.3904461877873882,-0.8078513408547273,-0.5518009520794055,-0.660755964257503,-0.3185713204273574,-0.4889171865444709,0.3534419163600485,0.18167602888434883,-0.12599689236686198,-0.2853478608449372,0.3188888414377209,-0.5525901644925025,-0.4496412372007491,-0.7649522791493887,-0.41923022653073,-0.2772718104008337,1.314422054550375,0.6204483720929762,-1.181972429259419,-0.49744243847086145,-0.29847421946995023,0.29027091864054483,0.29491679095449297,-31.4205,-64.2249,-0.32433241419808223,0.12357439296690009,0.11796089846604173,0.24493948364115645,-0.6057028633350752,-0.18506213287794576,-1.1394297778614841,Cluster 0,Periferia Excluida NBI,Alta,<b>JUAN XXIII</b><hr>Tipología: <span style='color:#38bdf8'>Periferia Excluida NBI</span><br>Pob: 977.0<br>Score Infra: <b style='color:#e2e8f0'>Alta</b>
JUNIORS,0.7053284729296262,0.8111254957036594,-0.2614355292128599,-0.7828895909100554,0.8248861171391112,1.414894998410071,0.037093920871678586,-0.4889171865444709,0.6302701551748863,0.18167602888434883,-0.0172049905998305,-0.2853478608449372,0.3188888414377209,1.4036030581402006,0.08213042031166957,0.03788799067852721,-0.41923022653073,-0.2772718104008337,-0.6191643646653975,-0.4580128689275651,0.8460434230488473,-0.49744243847086145,-0.29847421946995023,0.29027091864054483,-0.5595391538020269,-31.4193,-64.1653,0.15875790119290828,0.023407045937965724,0.23826176218053227,-0.4758289012990727,0.8030290401467076,-0.9813107206661055,0.3229879685276647,Cluster 2,Area de Transición (Estrato 2),Baja,<b>JUNIORS</b><hr>Tipología: <span style='color:#38bdf8'>Area de Transición (Estrato 2)</span><br>Pob: 6521.0<br>Score Infra: <b style='color:#e2e8f0'>Baja</b>
KAIROS,-0.4245950159260586,-0.3986197661743339,-0.23108008013650028,1.1266842798573493,-0.5518009520794055,-0.660755964257503,-0.3185713204273574,1.901887855657992,-0.38476672047951876,-0.5825353958420731,-0.44028460858273066,-0.2853478608449372,1.6748596541598555,-0.7258323687108971,-0.4496412372007491,-0.7649522791493887,3.2113284060910634,-0.2772718104008337,0.2577838842402469,2.350196194946818,-1.181972429259419,2.0102828441296667,-0.29847421946995023,0.29027091864054483,0.8046866056991001,-31.4827,-64.2497,-0.36660281679479395,1.3670956615767837,0.6425529772897798,1.695960048060302,-0.6057028633350752,1.4766740503321267,1.7854057149168137,Cluster 4,Area de Transición (Estrato 4),Muy Alta,<b>KAIROS</b><hr>Tipología: <span style='color:#38bdf8'>Area de Transición (Estrato 4)</span><br>Pob: 826.0<br>Score Infra: <b style='color:#e2e8f0'>Muy Alta</b>
KENNEDY,-0.3753902704938883,-0.3296166412324475,-0.3449130141728488,-0.4869145558518022,0.038207791871387384,0.37706951707628394,-0.3185713204273574,-0.4889171865444709,-0.8461471185042483,-0.5825353958420731,0.17015884022116815,-0.2853478608449372,-1.0370819712844137,-0.4556570264179244,-0.4496412372007491,1.3284349664766724,-0.41923022653073,-0.2772718104008337,-0.7573873811303852,-0.647455543871472,0.8460434230488473,-0.49744243847086145,-0.29847421946995023,0.29027091864054483,-0.007288521162035798,-31.458,-64.1911,-0.336409672082857,0.5708035452482462,0.44139495880585927,0.2052480472385025,1.0847754208430642,0.022654890023313487,-1.1394297778614841,Cluster 0,Periferia Excluida NBI,Alta,<b>KENNEDY</b><hr>Tipología: <span style='color:#38bdf8'>Periferia Excluida NBI</span><br>Pob: 1074.0<br>Score Infra: <b style='color:#e2e8f0'>Alta</b>
LA CAROLINA,-0.4495942011053064,-0.3986197661743339,-0.40562391232556805,-0.9237451798835615,-0.15846178944554357,0.031127689965021584,-0.3185713204273574,-0.4889171865444709,-1.0306992777141402,-0.7735882520236786,-0.5188565376366978,-0.2853478608449372,0.3188888414377209,-0.8959809621396774,-0.4496412372007491,1.38095722711962,-0.41923022653073,-0.2772718104008337,-1.0430482818246931,1.1219142763562588,0.8460434230488473,-0.49744243847086145,-0.29847421946995023,-3.445057481760149,-0.1664571553017021,-31.3528,-64.2862,0.08629435388425971,-1.199493932347185,-1.036849039018862,-0.43719121984516185,0.5212826594503511,0.3861596801005168,-1.1394297778614841,Cluster 0,Periferia Excluida NBI,Media,<b>LA CAROLINA</b><hr>Tipología: <span style='color:#38bdf8'>Periferia Excluida NBI</span><br>Pob: 700.0<br>Score Infra: <b style='color:#e2e8f0'>Media</b>
LA DOROTEA,-0.4841168854004581,-0.3986197661743339,-0.2842021160201296,0.5026405312405504,-0.35513137076247453,-0.31481413714624074,-0.3185713204273574,-0.4889171865444709,-0.7538710388993024,-0.5825353958420731,-0.5490765103497621,-0.2853478608449372,-1.0370819712844137,-1.1909051907495627,-0.4496412372007491,0.6606519383020506,-0.41923022653073,-0.2772718104008337,-0.16763584421310426,-0.647455543871472,0.8460434230488473,-0.49744243847086145,-0.29847421946995023,0.29027091864054483,0.042720542942656696,-31.3788,-64.1116,-0.36660281679479395,0.37248393454933526,0.6425529772897798,0.8666549033995414,-0.04221010194236202,-1.1197887359336116,-1.1394297778614841,Cluster 0,Periferia Excluida NBI,Alta,<b>LA DOROTEA</b><hr>Tipología: <span style='color:#38bdf8'>Periferia Excluida NBI</span><br>Pob: 526.0<br>Score Infra: <b style='color:#e2e8f0'>Alta</b>
LA ESPERANZA,-0.48927544742157275,-0.3986197661743339,-0.39803505005647816,-0.8345960729383045,-0.5518009520794055,-0.660755964257503,-0.3185713204273574,-0.4889171865444709,-0.2924906408745728,-0.20042968347886214,-0.512812543094085,-0.2853478608449372,-1.0370819712844137,-1.2424653705764666,-0.4496412372007491,-0.7649522791493887,-0.41923022653073,-0.2772718104008337,1.414249788663977,-0.647455543871472,-1.181972429259419,-0.49744243847086145,-0.29847421946995023,0.29027091864054483,0.3594446156057091,-31.4838,-64.2421,-0.38471870362195604,1.9439704632527035,2.456310637310856,2.9460646689191115,-0.6057028633350752,-1.3448155107433089,-1.1394297778614841,Cluster 0,Periferia Excluida NBI,Alta,<b>LA ESPERANZA</b><hr>Tipología: <span style='color:#38bdf8'>Periferia Excluida NBI</span><br>Pob: 500.0<br>Score Infra: <b style='color:#e2e8f0'>Alta</b>
LA FLORESTA,-0.27301265499792104,-0.3077108872826423,0.1407741710489049,2.583380687342849,-0.15846178944554357,0.031127689965021584,-0.3185713204273574,-0.4889171865444709,-0.7538710388993024,-0.5825353958420731,0.6174144363745198,-0.2853478608449372,1.6748596541598555,-0.051425216575004595,-0.4496412372007491,0.1804484124236711,-0.41923022653073,-0.2772718104008337,-0.752779947248219,0.9101842278895395,0.8460434230488473,-0.49744243847086145,-0.29847421946995023,0.29027091864054483,-0.575671109964831,-31.3892,-64.0584,0.35803265629169184,-1.1203825155794216,-1.0131414600598845,-0.489176463983151,0.5212826594503511,1.84017884040933,1.7854057149168137,Cluster 4,Area de Transición (Estrato 4),Baja,<b>LA FLORESTA</b><hr>Tipología: <span style='color:#38bdf8'>Area de Transición (Estrato 4)</span><br>Pob: 1590.0<br>Score Infra: <b style='color:#e2e8f0'>Baja</b>
LA FRANCE,0.049992690016487144,0.04825761440169257,-0.17795804425287098,-0.3977654489065452,1.021555698456042,1.0689531712988085,0.7484244034697505,-0.4889171865444709,0.5379940755699403,0.7548345974291654,0.7382943272267769,2.8154322270033805,0.3188888414377209,0.6755733189843293,0.9448648576744747,1.103339563721182,-0.41923022653073,3.954654269271583,-0.23213991856343186,-0.2623792568939882,0.8460434230488473,-0.49744243847086145,3.3503731135501913,0.29027091864054483,0.8186676343735302,-31.3731,-64.2086,-0.22167572217749676,0.7623717315440951,0.671576669318053,-0.07645577572546616,-0.32395648263871857,-0.18506213287794576,0.3229879685276647,Cluster 2,Area de Transición (Estrato 2),Muy Alta,<b>LA FRANCE</b><hr>Tipología: <span style='color:#38bdf8'>Area de Transición (Estrato 2)</span><br>Pob: 3218.0<br>Score Infra: <b style='color:#e2e8f0'>Muy Alta</b>
LA FRATERNIDAD,-0.48927544742157275,-0.3986197661743339,-0.36767960098011854,-0.4779996451572765,-0.35513137076247453,-0.31481413714624074,-0.3185713204273574,-0.4889171865444709,1.2762027124095074,0.7548345974291654,-0.24083278867650632,-0.2853478608449372,1.6748596541598555,-1.2424653705764666,-0.4496412372007491,0.7356837392205475,-0.41923022653073,-0.2772718104008337,2.6428988239083124,4.305294127864654,0.8460434230488473,-0.49744243847086145,-0.29847421946995023,0.29027091864054483,1.9021973566418675,-31.3769,-64.184,-0.36660281679479395,0.28628292539132033,0.6425529772897798,2.890918159934893,-0.04221010194236202,-1.3448155107433089,-0.40822090466690975,Cluster 1,Núcleo Urbano Consolidado Mayor,Muy Alta,<b>LA FRATERNIDAD</b><hr>Tipología: <span style='color:#38bdf8'>Núcleo Urbano Consolidado Mayor</span><br>Pob: 500.0<br>Score Infra: <b style='color:#e2e8f0'>Muy Alta</b>
LA HORTENSIA,-0.30614649567200347,-0.30497266803891665,-0.18554690652196087,0.4705468527402579,-0.5518009520794055,-0.660755964257503,-0.3185713204273574,-0.4889171865444709,-0.9384231981091942,-0.5825353958420731,0.9014821798773242,-0.2853478608449372,-1.0370819712844137,-0.16588881579072925,-0.4496412372007491,-0.7649522791493887,-0.41923022653073,-0.2772718104008337,-0.9355414912408138,-0.647455543871472,-1.181972429259419,-0.49744243847086145,-0.29847421946995023,0.29027091864054483,-1.1639497780350843,-31.3844,-64.1399,-0.22167572217749676,-0.4278482946143876,-0.49829468165283886,-0.5081440530605255,-0.6057028633350752,0.9746912449874172,-1.1394297778614841,Cluster 0,Periferia Excluida NBI,Muy Baja,<b>LA HORTENSIA</b><hr>Tipología: <span style='color:#38bdf8'>Periferia Excluida NBI</span><br>Pob: 1423.0<br>Score Infra: <b style='color:#e2e8f0'>Muy Baja</b>
LA SALLE,-0.44820535748423707,-0.39314332768688265,-0.3828573255182983,-0.6687787340201266,-0.15846178944554357,0.031127689965021584,-0.3185713204273574,1.901887855657992,-0.01566240205973512,-0.009376827297256658,-0.5249005321793108,-0.2853478608449372,-1.0370819712844137,-0.8867001297708345,-0.4496412372007491,1.3584476868440711,3.2113284060910634,-0.2772718104008337,1.346674091725539,-0.647455543871472,0.8460434230488473,2.0102828441296667,-0.29847421946995023,0.29027091864054483,2.566833950549393,-31.3455,-64.2755,-0.31225515631330747,-0.43381596497655234,-0.4094225478137339,1.1318498988332026,0.5212826594503511,0.16113290529081967,-0.40822090466690975,Cluster 1,Núcleo Urbano Consolidado Mayor,Muy Alta,<b>LA SALLE</b><hr>Tipología: <span style='color:#38bdf8'>Núcleo Urbano Consolidado Mayor</span><br>Pob: 707.0<br>Score Infra: <b style='color:#e2e8f0'>Muy Alta</b>
LA TOMA,-0.48927544742157275,-0.3986197661743339,-0.2690243914819498,0.6809387451310643,-0.5518009520794055,-0.660755964257503,-0.3185713204273574,1.901887855657992,-1.0306992777141402,-0.7735882520236786,-0.5188565376366978,-0.2853478608449372,1.6748596541598555,-1.2424653705764666,-0.4496412372007491,-0.7649522791493887,3.2113284060910634,-0.2772718104008337,-1.0430482818246931,4.305294127864654,-1.181972429259419,2.0102828441296667,-0.29847421946995023,-3.445057481760149,-0.03901470161555032,-31.4051,-64.2618,-0.31829378525569485,-0.660965391195081,-0.39387686200106486,0.034188493892551464,-0.6057028633350752,-1.3448155107433089,-1.1394297778614841,Cluster 0,Periferia Excluida NBI,Alta,<b>LA TOMA</b><hr>Tipología: <span style='color:#38bdf8'>Periferia Excluida NBI</span><br>Pob: 500.0<br>Score Infra: <b style='color:#e2e8f0'>Alta</b>
LAMADRID,-0.1230175439224342,-0.14341773265910313,-0.16278031971469117,-0.06791375320909439,-0.5518009520794055,-0.660755964257503,-0.3185713204273574,1.901887855657992,-0.38476672047951876,-0.5825353958420731,-0.4765485758384078,-0.2853478608449372,0.3188888414377209,0.3497129824783018,-0.4496412372007491,-0.7649522791493887,1.9040655185449558,-0.2772718104008337,-0.5853765161961783,-0.11998770383157462,-1.181972429259419,2.0102828441296667,-0.29847421946995023,0.29027091864054483,-0.17237220589473035,-31.4143,-64.2346,-0.2337529800622715,0.2952821722974647,0.12304303726514326,-0.27561546103789797,-0.6057028633350752,0.42077918391739333,0.3229879685276647,Cluster 2,Area de Transición (Estrato 2),Media,<b>LAMADRID</b><hr>Tipología: <span style='color:#38bdf8'>Area de Transición (Estrato 2)</span><br>Pob: 2346.0<br>Score Infra: <b style='color:#e2e8f0'>Media</b>
LAS CANITAS,-0.48927544742157275,-0.3986197661743339,-0.40562391232556805,-0.9237451798835615,-0.5518009520794055,-0.660755964257503,-0.3185713204273574,-0.4889171865444709,-0.9384231981091942,-0.39148253966046764,-0.5490765103497621,-0.2853478608449372,-1.0370819712844137,-1.2424653705764666,-0.4496412372007491,-0.7649522791493887,-0.41923022653073,-0.2772718104008337,-0.7358860230136093,-0.647455543871472,-1.181972429259419,-0.49744243847086145,-0.29847421946995023,0.29027091864054483,-1.034894128732652,-31.4651,-64.1891,-0.3424483010252444,-0.37679089621916056,-0.08294682196139196,-0.3932847636475358,-0.6057028633350752,-1.3448155107433089,-1.1394297778614841,Cluster 0,Periferia Excluida NBI,Muy Baja,<b>LAS CANITAS</b><hr>Tipología: <span style='color:#38bdf8'>Periferia Excluida NBI</span><br>Pob: 500.0<br>Score Infra: <b style='color:#e2e8f0'>Muy Baja</b>
LAS CANUELAS,-0.48927544742157275,-0.3986197661743339,-0.40562391232556805,-0.9237451798835615,-0.5518009520794055,-0.660755964257503,-0.3185713204273574,-0.4889171865444709,-1.0306992777141402,-0.7735882520236786,-0.5490765103497621,-0.2853478608449372,-1.0370819712844137,-1.2424653705764666,-0.4496412372007491,-0.7649522791493887,-0.41923022653073,-0.2772718104008337,-1.0430482818246931,-0.647455543871472,-1.181972429259419,-0.49744243847086145,-0.29847421946995023,-3.445057481760149,-1.2338549214072352,-31.476,-64.1546,-0.016362338136325788,-1.2159945408985702,-1.0011598009211036,-0.5232478739925088,-0.6057028633350752,-1.3448155107433089,-1.1394297778614841,Cluster 0,Periferia Excluida NBI,Muy Baja,<b>LAS CANUELAS</b><hr>Tipología: <span style='color:#38bdf8'>Periferia Excluida NBI</span><br>Pob: 500.0<br>Score Infra: <b style='color:#e2e8f0'>Muy Baja</b>
LAS CORTADERAS,-0.48927544742157275,-0.3986197661743339,-0.2690243914819498,0.6809387451310643,-0.35513137076247453,-0.31481413714624074,-0.3185713204273574,1.901887855657992,1.1839266328045617,-0.20042968347886214,-0.5490765103497621,-0.2853478608449372,-1.0370819712844137,-1.2424653705764666,-0.4496412372007491,0.7356837392205475,3.2113284060910634,-0.2772718104008337,2.6428988239083124,-0.647455543871472,0.8460434230488473,2.0102828441296667,-0.29847421946995023,0.29027091864054483,3.0975753083056454,-31.3316,-64.2296,-0.37868007467956866,1.1151266943220122,1.5494318073003177,6.550257845269838,-0.04221010194236202,-1.3448155107433089,-0.40822090466690975,Cluster 1,Núcleo Urbano Consolidado Mayor,Muy Alta,<b>LAS CORTADERAS</b><hr>Tipología: <span style='color:#38bdf8'>Núcleo Urbano Consolidado Mayor</span><br>Pob: 500.0<br>Score Infra: <b style='color:#e2e8f0'>Muy Alta</b>
LAS DALIAS,-0.45971291891595434,-0.3986197661743339,-0.3525018764419387,-0.2997014312667625,-0.5518009520794055,-0.660755964257503,-0.3185713204273574,-0.4889171865444709,-0.5693188796894105,-0.39148253966046764,-0.27105276138957063,-0.2853478608449372,0.3188888414377209,-0.9743524354765697,-0.4496412372007491,-0.7649522791493887,-0.41923022653073,-0.2772718104008337,0.13952641459797954,1.2605912671648705,-1.181972429259419,-0.49744243847086145,-0.29847421946995023,0.29027091864054483,-0.4670492718019505,-31.4097,-64.2373,-0.3545255589100192,0.24235490385542607,0.18911628291555965,0.10268256556084812,-0.6057028633350752,-0.06389386951887749,-1.1394297778614841,Cluster 0,Periferia Excluida NBI,Baja,<b>LAS DALIAS</b><hr>Tipología: <span style='color:#38bdf8'>Periferia Excluida NBI</span><br>Pob: 649.0<br>Score Infra: <b style='color:#e2e8f0'>Baja</b>
LAS FLORES,0.2124873936815979,0.19502616586538757,-0.10965828383106185,-0.381718609656399,1.021555698456042,1.0689531712988085,0.7484244034697505,-0.4889171865444709,0.9070983939897239,1.7100988783371929,1.4152217159994172,-0.2853478608449372,-1.0370819712844137,0.9096565353984697,0.9448648576744747,0.7206773790368481,-0.41923022653073,-0.2772718104008337,-0.24442640891587522,-0.647455543871472,0.8460434230488473,-0.49744243847086145,-0.29847421946995023,0.29027091864054483,0.02282446367519835,-31.45,-64.1972,0.025908064460385852,-0.2403460810586271,-0.18717419743975208,-0.4076860812803571,-0.32395648263871857,-0.2369913886032602,0.3229879685276647,Cluster 2,Area de Transición (Estrato 2),Alta,<b>LAS FLORES</b><hr>Tipología: <span style='color:#38bdf8'>Area de Transición (Estrato 2)</span><br>Pob: 4037.0<br>Score Infra: <b style='color:#e2e8f0'>Alta</b>
LAS HUERTILLAS,-0.3636843028305897,-0.35590354597221374,-0.20072463106014068,0.8075304769933295,-0.35513137076247453,-0.31481413714624074,-0.3185713204273574,-0.4889171865444709,-0.9384231981091942,-0.5825353958420731,-0.5067685485514721,-0.2853478608449372,1.6748596541598555,-0.39997203220486965,-0.4496412372007491,-0.10467243106661678,-0.41923022653073,-0.2772718104008337,-0.9078968879478163,1.5379452487820933,0.8460434230488473,-0.49744243847086145,-0.29847421946995023,0.29027091864054483,-0.8176504524068914,-31.4712,-64.1963,0.2131055616743947,-1.1504436604170993,-1.0228976430007721,-0.49655274862435217,-0.04221010194236202,1.3901252907899357,-1.1394297778614841,Cluster 0,Periferia Excluida NBI,Muy Baja,<b>LAS HUERTILLAS</b><hr>Tipología: <span style='color:#38bdf8'>Periferia Excluida NBI</span><br>Pob: 1133.0<br>Score Infra: <b style='color:#e2e8f0'>Muy Baja</b>
LAS LILAS,-0.14464382316479937,-0.20694441911353825,0.019352374743466474,0.8913306375218708,-0.15846178944554357,0.031127689965021584,-0.3185713204273574,1.901887855657992,-0.47704280008446465,-0.5825353958420731,-0.23478879413389345,-0.2853478608449372,0.3188888414377209,0.30021520984447475,-0.4496412372007491,-0.09716925097476709,2.0185941820346023,-0.2772718104008337,-0.6314508550178407,-0.09398576805495996,0.8460434230488473,2.0102828441296667,-0.29847421946995023,0.29027091864054483,0.16747433726834116,-31.4453,-64.1319,-0.03447822496348795,-0.6419126089521432,-0.6805932857066891,-0.37326341962141824,0.5212826594503511,1.372815538881498,1.7854057149168137,Cluster 4,Area de Transición (Estrato 4),Alta,<b>LAS LILAS</b><hr>Tipología: <span style='color:#38bdf8'>Area de Transición (Estrato 4)</span><br>Pob: 2237.0<br>Score Infra: <b style='color:#e2e8f0'>Alta</b>
LAS MAGNOLIAS,-0.10059763975374371,-0.08810570393584494,-0.2159023555983205,-0.34249300260048593,-0.5518009520794055,-0.660755964257503,-0.3185713204273574,-0.4889171865444709,2.1066874288540207,0.7548345974291654,-0.38588865769921493,-0.2853478608449372,1.6748596541598555,0.3981795515155904,-0.4496412372007491,-0.7649522791493887,-0.41923022653073,-0.2772718104008337,1.0809787378539515,0.35919082690889564,-1.181972429259419,-0.49744243847086145,-0.29847421946995023,0.29027091864054483,0.14327640302413508,-31.3678,-64.2102,-0.1975212064079472,0.06727340154678439,0.056284192590436856,-0.2587553818580095,-0.6057028633350752,-0.11582312524419268,0.3229879685276647,Cluster 2,Area de Transición (Estrato 2),Alta,<b>LAS MAGNOLIAS</b><hr>Tipología: <span style='color:#38bdf8'>Area de Transición (Estrato 2)</span><br>Pob: 2459.0<br>Score Infra: <b style='color:#e2e8f0'>Alta</b>
LAS MARGARITAS,-0.1853171006389724,-0.155465897331496,-0.2614355292128599,-0.3977654489065452,-0.15846178944554357,0.031127689965021584,-0.3185713204273574,1.901887855657992,-0.38476672047951876,0.5637817412475599,0.6899423708858741,-0.2853478608449372,0.3188888414377209,0.20121966457682072,-0.4496412372007491,-0.029640630148119983,2.2640127466552733,-0.2772718104008337,-0.514729196669629,-0.03826733424792853,0.8460434230488473,2.0102828441296667,-0.29847421946995023,0.29027091864054483,0.3572936881173352,-31.3785,-64.2099,-0.22771435111988414,0.022426358775116603,0.03713639126919697,-0.1649711914198803,0.5212826594503511,-0.20237188478638365,0.3229879685276647,Cluster 2,Area de Transición (Estrato 2),Alta,<b>LAS MARGARITAS</b><hr>Tipología: <span style='color:#38bdf8'>Area de Transición (Estrato 2)</span><br>Pob: 2032.0<br>Score Infra: <b style='color:#e2e8f0'>Alta</b>
LAS PALMAS,0.6301325111603014,0.5833056546256852,0.026941237012556376,-0.4138122881566915,2.0049036050406968,1.414894998410071,2.1710853686658944,1.901887855657992,0.3534419163600485,-0.009376827297256658,2.0558851375163805,2.8154322270033805,0.3188888414377209,1.3417308423479182,1.5510101735802388,0.8257219003227437,0.469730351984145,3.954654269271583,-0.6683103260751708,-0.4456309947482249,0.8460434230488473,2.0102828441296667,3.3503731135501913,0.29027091864054483,0.6901497169431916,-31.4039,-64.2393,0.23122144850155685,-0.2078023853502889,-0.13839328273531473,-0.403471061485385,-0.6733219947022008,-0.3408499000538898,0.3229879685276647,Cluster 2,Area de Transición (Estrato 2),Alta,<b>LAS PALMAS</b><hr>Tipología: <span style='color:#38bdf8'>Area de Transición (Estrato 2)</span><br>Pob: 6142.0<br>Score Infra: <b style='color:#e2e8f0'>Alta</b>
LAS PALMAS ANEXO,-0.41705557912596797,-0.38219045071198005,-0.3828573255182983,-0.6919575018258933,-0.5518009520794055,-0.660755964257503,-0.3185713204273574,-0.4889171865444709,-0.2924906408745728,-0.39148253966046764,-0.5490765103497621,-0.2853478608449372,-1.0370819712844137,-0.6794282068666844,-0.4496412372007491,-0.7649522791493887,-0.41923022653073,-0.2772718104008337,0.37911297647062486,-0.647455543871472,-1.181972429259419,-0.49744243847086145,-0.29847421946995023,0.29027091864054483,-0.3116447607669383,-31.4129,-64.2397,-0.3303710431404696,0.06083826367291673,-0.12828885902018466,-0.021309266741247834,-0.6057028633350752,0.8362132297199111,-1.1394297778614841,Cluster 0,Periferia Excluida NBI,Media,<b>LAS PALMAS ANEXO</b><hr>Tipología: <span style='color:#38bdf8'>Periferia Excluida NBI</span><br>Pob: 864.0<br>Score Infra: <b style='color:#e2e8f0'>Media</b>
LAS PLAYAS,-0.019251084805397663,-0.07112874462474589,-0.03376966114016284,0.17100585340419433,-0.5518009520794055,-0.660755964257503,-0.3185713204273574,-0.4889171865444709,-0.7538710388993024,-0.5825353958420731,0.4119186219256825,-0.2853478608449372,-1.0370819712844137,0.5569849053824519,-0.4496412372007491,-0.7649522791493887,-0.41923022653073,-0.2772718104008337,-0.8817880959488742,-0.647455543871472,-1.181972429259419,-0.49744243847086145,-0.29847421946995023,0.29027091864054483,-1.1295349382211024,-31.4396,-64.2475,-0.21563709323510938,0.4695918559059332,0.22948500641720174,-0.5011190200689053,-0.6057028633350752,0.5592571991848995,0.3229879685276647,Cluster 2,Area de Transición (Estrato 2),Muy Baja,<b>LAS PLAYAS</b><hr>Tipología: <span style='color:#38bdf8'>Area de Transición (Estrato 2)</span><br>Pob: 2869.0<br>Score Infra: <b style='color:#e2e8f0'>Muy Baja</b>
LAS ROSAS,-0.41447629811541065,-0.3186637642575449,-0.39803505005647816,-0.8720386978553124,0.23487737318831833,-0.660755964257503,1.1040896447687865,-0.4889171865444709,-0.8461471185042483,-0.5825353958420731,0.7987342726529055,-0.2853478608449372,-1.0370819712844137,-0.6639601529186138,3.2690416824665145,2.6564978427340655,-0.41923022653073,-0.2772718104008337,-0.6928833067800576,-0.647455543871472,0.8460434230488473,-0.49744243847086145,-0.29847421946995023,0.29027091864054483,0.6949893037920328,-31.3914,-64.2281,-0.21563709323510938,-0.8086453404241165,-0.5638836549765743,-0.11684971542728212,-1.0564970724492457,-1.2928862550179943,-1.1394297778614841,Cluster 0,Periferia Excluida NBI,Muy Alta,<b>LAS ROSAS</b><hr>Tipología: <span style='color:#38bdf8'>Periferia Excluida NBI</span><br>Pob: 877.0<br>Score Infra: <b style='color:#e2e8f0'>Muy Alta</b>
LAS VIOLETAS,0.05495284580602044,-0.05141356606992119,0.3380845900452424,1.1712588333299778,0.43154695450524927,1.0689531712988085,-0.3185713204273574,1.901887855657992,-0.38476672047951876,-0.39148253966046764,-0.5369885212645364,-0.2853478608449372,1.6748596541598555,0.6838229477566347,-0.4496412372007491,0.3905374549954622,1.2605235046507517,-0.2772718104008337,-0.7113130423087226,0.11650609299382539,0.8460434230488473,2.0102828441296667,-0.29847421946995023,0.29027091864054483,0.10886156321015322,-31.4093,-64.2504,-0.2337529800622715,0.9325438303681292,0.4495187631174852,-0.20993140256624934,2.2117609436284904,1.061240004529609,1.7854057149168137,Cluster 4,Area de Transición (Estrato 4),Alta,<b>LAS VIOLETAS</b><hr>Tipología: <span style='color:#38bdf8'>Area de Transición (Estrato 4)</span><br>Pob: 3243.0<br>Score Infra: <b style='color:#e2e8f0'>Alta</b>
LICEO GENERAL PAZ,-0.4638794497791623,-0.3986197661743339,-0.2993798405583094,0.32434231735003644,-0.5518009520794055,-0.660755964257503,-0.3185713204273574,-0.4889171865444709,-1.0306992777141402,-0.7735882520236786,-0.46446058675318214,2.8154322270033805,0.3188888414377209,-1.0083821541623261,-0.4496412372007491,-0.7649522791493887,-0.41923022653073,3.954654269271583,-1.0430482818246931,1.323738825479506,-1.181972429259419,-0.49744243847086145,3.3503731135501913,-3.445057481760149,-0.6364348115113927,-31.3356,-64.1667,0.40634168783079094,-1.2781756768488723,-1.0899884046634283,-0.49409398707728514,-0.6057028633350752,-0.2369913886032602,-1.1394297778614841,Cluster 0,Periferia Excluida NBI,Baja,<b>LICEO GENERAL PAZ</b><hr>Tipología: <span style='color:#38bdf8'>Periferia Excluida NBI</span><br>Pob: 628.0<br>Score Infra: <b style='color:#e2e8f0'>Baja</b>
LOMAS DE SAN MARTIN,-0.2444421576502093,-0.20146798062608695,-0.3828573255182983,-0.8274641443826839,-0.5518009520794055,-0.660755964257503,-0.3185713204273574,-0.4889171865444709,-0.38476672047951876,-0.009376827297256658,1.3124738087749985,-0.2853478608449372,-1.0370819712844137,0.03828949632380654,-0.4496412372007491,-0.7649522791493887,-0.41923022653073,-0.2772718104008337,-0.42258051902630384,-0.647455543871472,-1.181972429259419,-0.49744243847086145,-0.29847421946995023,0.29027091864054483,-0.8316314810813215,-31.3825,-64.2059,-0.24583023794704628,-0.044743749597955115,0.0007669954092460013,-0.4220873989131784,-0.6057028633350752,-0.30623039623701326,-1.1394297778614841,Cluster 0,Periferia Excluida NBI,Muy Baja,<b>LOMAS DE SAN MARTIN</b><hr>Tipología: <span style='color:#38bdf8'>Periferia Excluida NBI</span><br>Pob: 1734.0<br>Score Infra: <b style='color:#e2e8f0'>Muy Baja</b>
LOS ALAMOS,-0.19880872438650296,-0.22446902227338245,-0.15519145744560128,0.21201444259901261,-0.5518009520794055,-0.660755964257503,-0.3185713204273574,-0.4889171865444709,-0.47704280008446465,-0.20042968347886214,0.6657663927154226,-0.2853478608449372,0.3188888414377209,0.16615874229452682,-0.4496412372007491,-0.7649522791493887,-0.41923022653073,-0.2772718104008337,-0.5746258371377904,-0.01721814814305001,-1.181972429259419,-0.49744243847086145,-0.29847421946995023,0.29027091864054483,-0.930036413674426,-31.3678,-64.1569,-0.28206201160137057,0.5820148086352998,0.23808764179341094,-0.42419490881066446,-0.6057028633350752,0.8881424854452263,0.3229879685276647,Cluster 2,Area de Transición (Estrato 2),Muy Baja,<b>LOS ALAMOS</b><hr>Tipología: <span style='color:#38bdf8'>Area de Transición (Estrato 2)</span><br>Pob: 1964.0<br>Score Infra: <b style='color:#e2e8f0'>Muy Baja</b>
LOS ANGELES,-0.4364993898209385,-0.3537129705772332,-0.40562391232556805,-0.9237451798835615,0.038207791871387384,-0.660755964257503,0.7484244034697505,-0.4889171865444709,0.3534419163600485,1.7100988783371929,-0.5249005321793108,-0.2853478608449372,-1.0370819712844137,-0.8042038420477895,3.2690416824665145,2.176294316855686,-0.41923022653073,-0.2772718104008337,1.964070231935817,-0.647455543871472,0.8460434230488473,-0.49744243847086145,-0.29847421946995023,0.29027091864054483,2.17859153889791,-31.3595,-64.237,-0.2639461247742084,-0.708905676437804,-0.5040515369520352,0.4458554272014933,-1.02832243437961,-0.9640009687576668,-0.40822090466690975,Cluster 1,Núcleo Urbano Consolidado Mayor,Muy Alta,<b>LOS ANGELES</b><hr>Tipología: <span style='color:#38bdf8'>Núcleo Urbano Consolidado Mayor</span><br>Pob: 766.0<br>Score Infra: <b style='color:#e2e8f0'>Muy Alta</b>
LOS ARBOLES,-0.48927544742157275,-0.3986197661743339,-0.40562391232556805,-0.9237451798835615,-0.5518009520794055,-0.660755964257503,-0.3185713204273574,-0.4889171865444709,-1.0306992777141402,-0.7735882520236786,-0.5490765103497621,-0.2853478608449372,-1.0370819712844137,-1.2424653705764666,-0.4496412372007491,-0.7649522791493887,-0.41923022653073,-0.2772718104008337,-1.0430482818246931,-0.647455543871472,-1.181972429259419,-0.49744243847086145,-0.29847421946995023,-3.445057481760149,-1.2338549214072352,-31.3663,-64.2847,-0.4028345904491182,-1.371402623246609,-1.1711992414691983,-0.5232478739925088,-0.6057028633350752,-1.3448155107433089,-1.1394297778614841,Cluster 0,Periferia Excluida NBI,Muy Baja,<b>LOS ARBOLES</b><hr>Tipología: <span style='color:#38bdf8'>Periferia Excluida NBI</span><br>Pob: 500.0<br>Score Infra: <b style='color:#e2e8f0'>Muy Baja</b>
LOS BOULEVARES,1.8473547419117724,1.3976520577096943,1.2487480623360308,0.19240163907105604,1.021555698456042,2.106778652632596,-0.3185713204273574,1.901887855657992,4.13676118016283,-0.20042968347886214,2.1344570665703477,2.8154322270033805,1.6748596541598555,2.0563549347487946,-0.4496412372007491,-0.27724557317915943,0.022523189786477882,1.9221892897176507,-0.3427183317354221,-0.4456309947482249,0.8460434230488473,2.0102828441296667,3.3503731135501913,0.29027091864054483,-0.08149551951093435,-31.3452,-64.2193,5.798837333382722,-1.1336068731019786,-0.9868220752940883,-0.5158715893513077,3.9022392278066294,0.43808893582583125,0.3229879685276647,Cluster 2,Area de Transición (Estrato 2),Media,<b>LOS BOULEVARES</b><hr>Tipología: <span style='color:#38bdf8'>Area de Transición (Estrato 2)</span><br>Pob: 12277.0<br>Score Infra: <b style='color:#e2e8f0'>Media</b>
LOS CEIBOS,-0.4245950159260586,-0.37178521758582256,-0.3525018764419387,-0.4227271988512172,-0.5518009520794055,-0.660755964257503,-0.3185713204273574,-0.4889171865444709,-0.2924906408745728,0.18167602888434883,-0.41006463586966635,-0.2853478608449372,0.3188888414377209,-0.7258323687108971,-0.4496412372007491,-0.7649522791493887,-0.41923022653073,-0.2772718104008337,0.4451528621150078,0.85198941924664,-1.181972429259419,-0.49744243847086145,-0.29847421946995023,0.29027091864054483,-0.26916394287155443,-31.4293,-64.1481,-0.3303710431404696,-0.0021544754466397004,-0.04213735622984922,0.0018733421310987391,-0.6057028633350752,0.07458414574862791,-1.1394297778614841,Cluster 0,Periferia Excluida NBI,Media,<b>LOS CEIBOS</b><hr>Tipología: <span style='color:#38bdf8'>Periferia Excluida NBI</span><br>Pob: 826.0<br>Score Infra: <b style='color:#e2e8f0'>Media</b>
LOS CHINGOLOS,-0.2027768490181296,-0.24911299546691332,-0.08689169702379215,0.6595429594642028,0.23487737318831833,0.7230113441875463,-0.3185713204273574,-0.4889171865444709,-0.5693188796894105,-0.5825353958420731,-0.25292077776173205,-0.2853478608449372,0.3188888414377209,0.1558467063291464,-0.4496412372007491,0.7807028197716457,-0.41923022653073,-0.2772718104008337,-0.6483447792524505,-0.011027211053379874,0.8460434230488473,-0.49744243847086145,-0.29847421946995023,0.29027091864054483,-0.20947570506917956,-31.3408,-64.1691,-0.2639461247742084,0.30992285691930876,-0.052192808586101355,-0.2324115081394339,1.6482681822357772,1.442054546515251,0.3229879685276647,Cluster 2,Area de Transición (Estrato 2),Media,<b>LOS CHINGOLOS</b><hr>Tipología: <span style='color:#38bdf8'>Area de Transición (Estrato 2)</span><br>Pob: 1944.0<br>Score Infra: <b style='color:#e2e8f0'>Media</b>
LOS CIELOS,-0.48927544742157275,-0.3986197661743339,-0.40562391232556805,-0.9237451798835615,-0.5518009520794055,-0.660755964257503,-0.3185713204273574,-0.4889171865444709,-1.0306992777141402,-0.7735882520236786,-0.5490765103497621,-0.2853478608449372,-1.0370819712844137,-1.2424653705764666,-0.4496412372007491,-0.7649522791493887,-0.41923022653073,-0.2772718104008337,-1.0430482818246931,-0.647455543871472,-1.181972429259419,-0.49744243847086145,-0.29847421946995023,-3.445057481760149,-1.2338549214072352,-31.3715,-64.2827,-0.4028345904491182,-1.371402623246609,-1.1711992414691983,-0.5232478739925088,-0.6057028633350752,-1.3448155107433089,-1.1394297778614841,Cluster 0,Periferia Excluida NBI,Muy Baja,<b>LOS CIELOS</b><hr>Tipología: <span style='color:#38bdf8'>Periferia Excluida NBI</span><br>Pob: 500.0<br>Score Infra: <b style='color:#e2e8f0'>Muy Baja</b>
LOS EUCALIPTUS,-0.24305331402913996,-0.2452794885256974,-0.2917909782892195,-0.3674547525451578,-0.15846178944554357,-0.31481413714624074,0.037093920871678586,-0.4889171865444709,-0.6615949592943564,-0.20042968347886214,-0.3617126795287635,-0.2853478608449372,0.3188888414377209,0.04241431070995925,1.4097002226328827,0.09791343141332454,-0.41923022653073,-0.2772718104008337,-0.6898116841919468,0.06326403402266208,0.8460434230488473,-0.49744243847086145,-0.29847421946995023,0.29027091864054483,-0.575671109964831,-31.4678,-64.0885,-0.28206201160137057,0.36021639350817874,0.13470366194016933,-0.3082818644489317,-0.6057028633350752,0.611186454910214,0.3229879685276647,Cluster 2,Area de Transición (Estrato 2),Baja,<b>LOS EUCALIPTUS</b><hr>Tipología: <span style='color:#38bdf8'>Area de Transición (Estrato 2)</span><br>Pob: 1741.0<br>Score Infra: <b style='color:#e2e8f0'>Baja</b>
LOS FILTROS,-0.41943645390494394,-0.3986197661743339,-0.16278031971469117,1.9290262423646622,-0.15846178944554357,0.031127689965021584,-0.3185713204273574,-0.4889171865444709,-0.38476672047951876,-0.39148253966046764,-0.4765485758384078,-0.2853478608449372,-1.0370819712844137,-0.6938650572182176,-0.4496412372007491,0.9982950424352864,-0.41923022653073,-0.2772718104008337,0.2193886018888614,-0.647455543871472,0.8460434230488473,-0.49744243847086145,-0.29847421946995023,0.29027091864054483,0.46161367130346803,-31.4133,-64.2485,-0.28206201160137057,-0.523993431819223,-0.6270730317152952,0.030324725747160403,0.5212826594503511,1.701700825141824,1.7854057149168137,Cluster 4,Area de Transición (Estrato 4),Alta,<b>LOS FILTROS</b><hr>Tipología: <span style='color:#38bdf8'>Area de Transición (Estrato 4)</span><br>Pob: 852.0<br>Score Infra: <b style='color:#e2e8f0'>Alta</b>
LOS FRESNOS,-0.3767791141149576,-0.37342814913205796,-0.11724714610015176,1.8309622247248794,-0.35513137076247453,-0.31481413714624074,-0.3185713204273574,-0.4889171865444709,-1.0306992777141402,-0.7735882520236786,-0.5490765103497621,-0.2853478608449372,1.6748596541598555,-0.461844247997153,-0.4496412372007491,-0.05965335051551873,-0.41923022653073,-0.2772718104008337,-1.0430482818246931,1.6729076773369027,0.8460434230488473,-0.49744243847086145,-0.29847421946995023,-3.445057481760149,-0.8832537408022944,-31.4709,-64.0816,-0.31829378525569485,0.1446701076971523,-0.21509331326222483,-0.35956460528775896,-0.04221010194236202,1.84017884040933,1.7854057149168137,Cluster 4,Area de Transición (Estrato 4),Muy Baja,<b>LOS FRESNOS</b><hr>Tipología: <span style='color:#38bdf8'>Area de Transición (Estrato 4)</span><br>Pob: 1067.0<br>Score Infra: <b style='color:#e2e8f0'>Muy Baja</b>
LOS GIGANTES,0.2928419174720373,0.175858631159308,-0.03376966114016284,-0.22481618143274668,0.038207791871387384,0.37706951707628394,-0.3185713204273574,-0.4889171865444709,-0.01566240205973512,-0.39148253966046764,-0.3012727341026349,-0.2853478608449372,0.3188888414377209,1.0076208770695845,-0.4496412372007491,-0.25473603290361035,-0.41923022653073,-0.2772718104008337,-0.6621670808989493,-0.3688633748363149,0.8460434230488473,-0.49744243847086145,-0.29847421946995023,0.29027091864054483,-0.733226548488217,-31.3626,-64.1695,0.03194669340277324,-0.1441631486081648,-0.22729262288490737,-0.4779364111965588,1.0847754208430642,0.49001819155114645,0.3229879685276647,Cluster 2,Area de Transición (Estrato 2),Baja,<b>LOS GIGANTES</b><hr>Tipología: <span style='color:#38bdf8'>Area de Transición (Estrato 2)</span><br>Pob: 4442.0<br>Score Infra: <b style='color:#e2e8f0'>Baja</b>
LOS GRANADOS,0.09304684226963615,-0.00595912662407535,-0.09448055929288206,-0.126752163792964,0.23487737318831833,0.37706951707628394,0.037093920871678586,-0.4889171865444709,-0.47704280008446465,-0.39148253966046764,-0.48863656492363355,-0.2853478608449372,0.3188888414377209,0.7426015527593027,0.4800294927160669,0.10541661150517423,-0.41923022653073,-0.2772718104008337,-0.7742813053649948,-0.2871430052526688,0.8460434230488473,-0.49744243847086145,-0.29847421946995023,0.29027091864054483,-0.6267556378137104,-31.4234,-64.237,-0.13109628804168602,0.14703728360747756,-0.062389733756889505,-0.4350837099476757,-0.04221010194236202,0.8189034778114732,0.3229879685276647,Cluster 2,Area de Transición (Estrato 2),Baja,<b>LOS GRANADOS</b><hr>Tipología: <span style='color:#38bdf8'>Area de Transición (Estrato 2)</span><br>Pob: 3435.0<br>Score Infra: <b style='color:#e2e8f0'>Baja</b>
LOS HORNILLOS,-0.44443563908419176,-0.3986197661743339,-0.25384666694377,0.8592369590215784,-0.5518009520794055,-0.660755964257503,-0.3185713204273574,-0.4889171865444709,0.7225462347798322,0.18167602888434883,-0.5430325158071493,-0.2853478608449372,0.3188888414377209,-0.8588576326643067,-0.4496412372007491,-0.7649522791493887,-0.41923022653073,-0.2772718104008337,2.6428988239083124,1.0575285306236892,-1.181972429259419,-0.49744243847086145,-0.29847421946995023,0.29027091864054483,1.1558255181761345,-31.3409,-64.1721,-0.3726414457371813,1.5169498320411012,1.0053055975464145,2.5986767874834937,-0.6057028633350752,0.611186454910214,-0.40822090466690975,Cluster 1,Núcleo Urbano Consolidado Mayor,Muy Alta,<b>LOS HORNILLOS</b><hr>Tipología: <span style='color:#38bdf8'>Núcleo Urbano Consolidado Mayor</span><br>Pob: 726.0<br>Score Infra: <b style='color:#e2e8f0'>Muy Alta</b>
LOS JACARANDAES,-0.32955843099860066,-0.3334501481736634,0.1255964465107251,2.9881176328743155,-0.5518009520794055,-0.660755964257503,-0.3185713204273574,-0.4889171865444709,-1.0306992777141402,-0.7735882520236786,-0.512812543094085,-0.2853478608449372,0.3188888414377209,-0.25457232509300287,-0.4496412372007491,-0.7649522791493887,-0.41923022653073,-0.2772718104008337,-1.0430482818246931,0.3009960182659961,-1.181972429259419,-0.49744243847086145,-0.29847421946995023,-3.445057481760149,-1.2338549214072352,-31.4172,-64.2365,-0.31225515631330747,0.3592217817811513,-0.014022354971864999,-0.5232478739925088,-0.6057028633350752,1.4074350426983737,1.7854057149168137,Cluster 4,Area de Transición (Estrato 4),Muy Baja,<b>LOS JACARANDAES</b><hr>Tipología: <span style='color:#38bdf8'>Area de Transición (Estrato 4)</span><br>Pob: 1305.0<br>Score Infra: <b style='color:#e2e8f0'>Muy Baja</b>
LOS JOSEFINOS,-0.48927544742157275,-0.3986197661743339,-0.3373241519037589,-0.12140321737624855,-0.5518009520794055,-0.660755964257503,-0.3185713204273574,1.901887855657992,-1.0306992777141402,-0.7735882520236786,-0.5490765103497621,-0.2853478608449372,0.3188888414377209,-1.2424653705764666,-0.4496412372007491,-0.7649522791493887,3.2113284060910634,-0.2772718104008337,-1.0430482818246931,1.8289192919965909,-1.181972429259419,2.0102828441296667,-0.29847421946995023,-3.445057481760149,-0.03901470161555032,-31.4142,-64.1239,-0.3726414457371813,0.6178208308082879,1.0053055975464145,1.0377144567454926,-0.6057028633350752,-1.3448155107433089,-1.1394297778614841,Cluster 0,Periferia Excluida NBI,Alta,<b>LOS JOSEFINOS</b><hr>Tipología: <span style='color:#38bdf8'>Periferia Excluida NBI</span><br>Pob: 500.0<br>Score Infra: <b style='color:#e2e8f0'>Alta</b>
LOS NARANJOS,-0.26805249920838775,-0.20092033677734183,-0.3525018764419387,-0.700872412520419,0.6282165358221802,0.37706951707628394,0.7484244034697505,-0.4889171865444709,-0.20021456126962692,0.5637817412475599,2.0498411429737673,2.8154322270033805,0.3188888414377209,-0.03492595903039559,1.4097002226328827,2.026230715018693,-0.41923022653073,3.954654269271583,-0.1876013910358247,0.1189824678296935,0.8460434230488473,-0.49744243847086145,3.3503731135501913,0.29027091864054483,1.3063904423623052,-31.4297,-64.2266,-0.25186886688943366,-0.08636427192714563,0.04981997321856042,0.140617743715597,-0.6057028633350752,-0.6870449382226552,-0.40822090466690975,Cluster 1,Núcleo Urbano Consolidado Mayor,Muy Alta,<b>LOS NARANJOS</b><hr>Tipología: <span style='color:#38bdf8'>Núcleo Urbano Consolidado Mayor</span><br>Pob: 1615.0<br>Score Infra: <b style='color:#e2e8f0'>Muy Alta</b>
LOS OLMOS,-0.2196413787025428,-0.21187321375224444,-0.2462578046746801,-0.23194810998836723,-0.15846178944554357,-0.660755964257503,0.39275916217071455,-0.4889171865444709,0.1688897571501567,0.7548345974291654,-0.210612815963442,-0.2853478608449372,0.3188888414377209,0.10944254448493278,3.2690416824665145,0.045391170770376896,-0.41923022653073,-0.2772718104008337,0.03048381272004479,0.018689286977036906,0.8460434230488473,-0.49744243847086145,-0.29847421946995023,0.29027091864054483,-0.13473097484818758,-31.4598,-64.2173,-0.18544394852317247,-0.3441895130306548,-0.35349725597522774,-0.3237369370304961,-0.9832430134681929,0.2823011686498872,0.3229879685276647,Cluster 2,Area de Transición (Estrato 2),Media,<b>LOS OLMOS</b><hr>Tipología: <span style='color:#38bdf8'>Area de Transición (Estrato 2)</span><br>Pob: 1859.0<br>Score Infra: <b style='color:#e2e8f0'>Media</b>
LOS OLMOS SUD,-0.09524067150104776,-0.15984704812145703,-0.04135852340925274,0.42240633498981905,-0.35513137076247453,-0.31481413714624074,-0.3185713204273574,1.901887855657992,0.7225462347798322,-0.009376827297256658,-0.4342406140401178,-0.2853478608449372,1.6748596541598555,0.4095227910775092,-0.4496412372007491,-0.4648250754754015,1.773175617413931,-0.2772718104008337,0.13031154683364696,0.34928532756542335,0.8460434230488473,2.0102828441296667,-0.29847421946995023,0.29027091864054483,0.39762357852434527,-31.4654,-64.2155,-0.1492121748688482,-0.19397131467424525,-0.3472343633009603,-0.2696441829950208,-0.04221010194236202,1.0958595083464855,0.3229879685276647,Cluster 2,Area de Transición (Estrato 2),Alta,<b>LOS OLMOS SUD</b><hr>Tipología: <span style='color:#38bdf8'>Area de Transición (Estrato 2)</span><br>Pob: 2486.0<br>Score Infra: <b style='color:#e2e8f0'>Alta</b>
LOS PARAISOS,0.4192266869893457,0.3888920883211638,-0.10206942156197196,-0.48869753799070736,0.038207791871387384,-0.660755964257503,0.7484244034697505,-0.4889171865444709,1.5530309512243452,0.3727288850659543,1.6509375031613187,-0.2853478608449372,0.3188888414377209,1.145802159005685,3.2690416824665145,-0.32226465373025753,-0.41923022653073,-0.2772718104008337,-0.1968162588001573,-0.4035326225384678,0.8460434230488473,-0.49744243847086145,-0.29847421946995023,0.29027091864054483,-0.4648983443135767,-31.3831,-64.1946,-0.1129804012145239,0.7334444440752288,0.6856314493159963,-0.41857488241736834,-1.02832243437961,-0.30623039623701326,0.3229879685276647,Cluster 2,Area de Transición (Estrato 2),Baja,<b>LOS PARAISOS</b><hr>Tipología: <span style='color:#38bdf8'>Area de Transición (Estrato 2)</span><br>Pob: 5079.0<br>Score Infra: <b style='color:#e2e8f0'>Baja</b>
LOS PINOS,-0.21130831697612687,-0.2168020083909506,-0.2462578046746801,-0.21946723501603121,-0.15846178944554357,0.031127689965021584,-0.3185713204273574,1.901887855657992,-0.38476672047951876,-0.009376827297256658,0.4179626164682954,-0.2853478608449372,0.3188888414377209,0.1331602272053088,-0.4496412372007491,0.02288163049482783,2.4494401065908913,-0.2772718104008337,-0.4778697256122989,0.0038310379618285155,0.8460434230488473,2.0102828441296667,-0.29847421946995023,0.29027091864054483,0.4686041856406829,-31.3937,-64.141,-0.3062165273709201,0.9920434931023654,0.6380204059625297,0.1718791405283068,0.5212826594503511,0.5073279434595843,0.3229879685276647,Cluster 2,Area de Transición (Estrato 2),Alta,<b>LOS PINOS</b><hr>Tipología: <span style='color:#38bdf8'>Area de Transición (Estrato 2)</span><br>Pob: 1901.0<br>Score Infra: <b style='color:#e2e8f0'>Alta</b>
LOS PLATANOS,0.8009602765518281,0.6780480404585928,0.03453009928164628,-0.44590596665698395,1.021555698456042,1.7608368255213334,0.037093920871678586,-0.4889171865444709,-0.01566240205973512,0.18167602888434883,0.176202834763781,-0.2853478608449372,-1.0370819712844137,1.4768185134944027,0.015194127757658864,0.09041025132147486,-0.41923022653073,-0.2772718104008337,-0.8019259086579923,-0.647455543871472,0.8460434230488473,-0.49744243847086145,-0.29847421946995023,0.29027091864054483,-0.6520290358021033,-31.4222,-64.2307,0.1527192722505209,0.14278631308616227,0.10986430046490359,-0.4818001793419498,1.0847754208430642,-0.08120362142731614,0.3229879685276647,Cluster 2,Area de Transición (Estrato 2),Baja,<b>LOS PLATANOS</b><hr>Tipología: <span style='color:#38bdf8'>Area de Transición (Estrato 2)</span><br>Pob: 7003.0<br>Score Infra: <b style='color:#e2e8f0'>Baja</b>
LOS ROBLES,0.10177671645921475,0.016494271174475002,0.6871722544233779,1.7560769748908638,0.23487737318831833,0.7230113441875463,-0.3185713204273574,-0.4889171865444709,-0.2924906408745728,-0.39148253966046764,0.6778543818006484,-0.2853478608449372,0.3188888414377209,0.7560071995142975,-0.4496412372007491,0.09791343141332454,-0.41923022653073,-0.2772718104008337,-0.6898116841919468,-0.2920957549244049,0.8460434230488473,-0.49744243847086145,-0.29847421946995023,0.29027091864054483,-0.575671109964831,-31.401,-64.2649,-0.058632740733037494,-0.15727809884074861,-0.2566863207358132,-0.44772876933259204,1.6482681822357772,0.611186454910214,1.7854057149168137,Cluster 4,Area de Transición (Estrato 4),Baja,<b>LOS ROBLES</b><hr>Tipología: <span style='color:#38bdf8'>Area de Transición (Estrato 4)</span><br>Pob: 3479.0<br>Score Infra: <b style='color:#e2e8f0'>Baja</b>
LOS SAUCES,-0.26408437457676115,-0.2513035708618938,-0.2386689424055902,-0.08752655673705081,-0.15846178944554357,0.031127689965021584,-0.3185713204273574,1.901887855657992,-0.20021456126962692,-0.39148253966046764,-0.4523725976679564,-0.2853478608449372,0.3188888414377209,-0.022551515871938377,-0.4496412372007491,0.15043569205627236,2.918462252310396,-0.2772718104008337,-0.19835207009421268,0.11031515590415525,0.8460434230488473,2.0102828441296667,-0.29847421946995023,0.29027091864054483,0.8676012347340357,-31.4612,-64.0989,-0.2760233826589832,0.17734907060036612,0.04401414656048624,0.13043144587774777,0.5212826594503511,0.3688499281920789,-0.40822090466690975,Cluster 1,Núcleo Urbano Consolidado Mayor,Muy Alta,<b>LOS SAUCES</b><hr>Tipología: <span style='color:#38bdf8'>Núcleo Urbano Consolidado Mayor</span><br>Pob: 1635.0<br>Score Infra: <b style='color:#e2e8f0'>Muy Alta</b>
LOS SOLES,-0.48927544742157275,-0.3986197661743339,-0.40562391232556805,-0.9237451798835615,-0.5518009520794055,-0.660755964257503,-0.3185713204273574,-0.4889171865444709,-0.5693188796894105,-0.5825353958420731,-0.5490765103497621,-0.2853478608449372,-1.0370819712844137,-1.2424653705764666,-0.4496412372007491,-0.7649522791493887,-0.41923022653073,-0.2772718104008337,0.4927630122307259,-0.647455543871472,-1.181972429259419,-0.49744243847086145,-0.29847421946995023,0.29027091864054483,-0.23797549429013332,-31.3732,-64.2786,-0.4028345904491182,-1.371402623246609,-1.1711992414691983,-0.5232478739925088,-0.6057028633350752,-1.3448155107433089,-1.1394297778614841,Cluster 0,Periferia Excluida NBI,Media,<b>LOS SOLES</b><hr>Tipología: <span style='color:#38bdf8'>Periferia Excluida NBI</span><br>Pob: 500.0<br>Score Infra: <b style='color:#e2e8f0'>Media</b>
LOS SUENOS,-0.48927544742157275,-0.3986197661743339,-0.40562391232556805,-0.9237451798835615,-0.5518009520794055,-0.660755964257503,-0.3185713204273574,-0.4889171865444709,-0.9384231981091942,-0.5825353958420731,-0.5490765103497621,-0.2853478608449372,-1.0370819712844137,-1.2424653705764666,-0.4496412372007491,-0.7649522791493887,-0.41923022653073,-0.2772718104008337,-0.7358860230136093,-0.647455543871472,-1.181972429259419,-0.49744243847086145,-0.29847421946995023,0.29027091864054483,-1.034894128732652,-31.3604,-64.2833,-0.4028345904491182,-1.371402623246609,-1.1711992414691983,-0.5232478739925088,-0.6057028633350752,-1.3448155107433089,-1.1394297778614841,Cluster 0,Periferia Excluida NBI,Muy Baja,<b>LOS SUENOS</b><hr>Tipología: <span style='color:#38bdf8'>Periferia Excluida NBI</span><br>Pob: 500.0<br>Score Infra: <b style='color:#e2e8f0'>Muy Baja</b>
LOURDES,-0.3081305579878168,-0.33399779202240854,-0.026180798871072938,1.8791027424753186,-0.35513137076247453,-0.31481413714624074,-0.3185713204273574,-0.4889171865444709,1.3684787920144534,0.3727288850659543,-0.5067685485514721,-0.2853478608449372,0.3188888414377209,-0.17310724096649627,-0.4496412372007491,-0.2322264926280614,-0.41923022653073,-0.2772718104008337,1.7828444992372776,0.22918114802582226,0.8460434230488473,-0.49744243847086145,-0.29847421946995023,0.29027091864054483,0.8632993797572882,-31.3317,-64.256,-0.32433241419808223,0.7907301011051016,0.159815086520312,0.5305070747505163,-0.04221010194236202,2.0132763594937138,1.7854057149168137,Cluster 4,Area de Transición (Estrato 4),Muy Alta,<b>LOURDES</b><hr>Tipología: <span style='color:#38bdf8'>Area de Transición (Estrato 4)</span><br>Pob: 1413.0<br>Score Infra: <b style='color:#e2e8f0'>Muy Alta</b>
MAIPU SECCION 1,-0.18730116295478572,-0.13629836262541642,-0.3525018764419387,-0.740098019576332,-0.5518009520794055,-0.660755964257503,-0.3185713204273574,-0.4889171865444709,0.5379940755699403,1.5190460221555873,-0.5490765103497621,-0.2853478608449372,0.3188888414377209,0.19606364659413053,-0.4496412372007491,-0.7649522791493887,-0.41923022653073,-0.2772718104008337,0.24856901647591428,-0.03455277199412641,-1.181972429259419,-0.49744243847086145,-0.29847421946995023,0.29027091864054483,-0.39660639655770624,-31.4362,-64.1595,-0.2397916090046589,0.11830494003710872,0.1971747920820149,-0.320575672184267,-0.6057028633350752,-0.5139474191382726,0.3229879685276647,Cluster 2,Area de Transición (Estrato 2),Media,<b>MAIPU SECCION 1</b><hr>Tipología: <span style='color:#38bdf8'>Area de Transición (Estrato 2)</span><br>Pob: 2022.0<br>Score Infra: <b style='color:#e2e8f0'>Media</b>
MAIPU SECCION 2,-0.1355171365120581,-0.08974863548208033,-0.3449130141728488,-0.7365320552985218,-0.5518009520794055,-0.660755964257503,-0.3185713204273574,-0.4889171865444709,0.1688897571501567,1.3279931659739819,-0.5490765103497621,-0.2853478608449372,0.3188888414377209,0.321870485371774,-0.4496412372007491,-0.7649522791493887,-0.41923022653073,-0.2772718104008337,-0.16917165550715965,-0.10512945481636624,-1.181972429259419,-0.49744243847086145,-0.29847421946995023,0.29027091864054483,-0.6670855282207204,-31.4297,-64.1598,-0.18544394852317247,-0.10990275305897722,-0.016443716605270015,-0.4203311406652734,-0.6057028633350752,-0.4966376672298339,0.3229879685276647,Cluster 2,Area de Transición (Estrato 2),Baja,<b>MAIPU SECCION 2</b><hr>Tipología: <span style='color:#38bdf8'>Area de Transición (Estrato 2)</span><br>Pob: 2283.0<br>Score Infra: <b style='color:#e2e8f0'>Baja</b>
MALDONADO,1.00234260160688,0.5175883927762694,2.318777642277707,2.494231580397592,0.8248861171391112,1.7608368255213334,-0.3185713204273574,-0.4889171865444709,-0.10793848166468102,-0.39148253966046764,-0.470504581295795,-0.2853478608449372,-1.0370819712844137,1.6170622026235801,-0.4496412372007491,-0.11217561115846647,-0.41923022653073,-0.2772718104008337,-0.8510718700677657,-0.647455543871472,0.8460434230488473,-0.49744243847086145,-0.29847421946995023,0.29027091864054483,-0.7848488082091899,-31.4122,-64.1275,0.7324276507197094,-0.5230207015501901,-0.6290971812155797,-0.5077928014109444,3.3387464664139164,1.7363203289587013,1.7854057149168137,Cluster 4,Area de Transición (Estrato 4),Muy Baja,<b>MALDONADO</b><hr>Tipología: <span style='color:#38bdf8'>Area de Transición (Estrato 4)</span><br>Pob: 8018.0<br>Score Infra: <b style='color:#e2e8f0'>Muy Baja</b>
MARCELO T DE ALVEAR,-0.043258238826738814,-0.09686800551576702,-0.04135852340925274,0.21558040687682284,-0.5518009520794055,-0.660755964257503,-0.3185713204273574,-0.4889171865444709,-0.2924906408745728,-0.39148253966046764,1.04049405435742,-0.2853478608449372,0.3188888414377209,0.5126431507313151,-0.4496412372007491,-0.7649522791493887,-0.41923022653073,-0.2772718104008337,-0.5961271952545661,-0.19675532374348453,-1.181972429259419,-0.49744243847086145,-0.29847421946995023,0.29027091864054483,-0.9440174423488562,-31.368,-64.1719,-0.2337529800622715,0.5808789620430346,0.2882234307601355,-0.45580755727295524,-0.6057028633350752,0.6631157106355291,0.3229879685276647,Cluster 2,Area de Transición (Estrato 2),Muy Baja,<b>MARCELO T DE ALVEAR</b><hr>Tipología: <span style='color:#38bdf8'>Area de Transición (Estrato 2)</span><br>Pob: 2748.0<br>Score Infra: <b style='color:#e2e8f0'>Muy Baja</b>
MARCOS SASTRE,-0.3694380835464483,-0.3542606144259784,-0.2690243914819498,0.2191463711546332,-0.35513137076247453,-0.31481413714624074,-0.3185713204273574,-0.4889171865444709,-0.01566240205973512,-0.20042968347886214,-0.3496246904435378,-0.2853478608449372,0.3188888414377209,-0.42678332571485905,-0.4496412372007491,-0.08216289079106771,-0.41923022653073,-0.2772718104008337,0.4866197670545043,0.4743422567767605,0.8460434230488473,-0.49744243847086145,-0.29847421946995023,0.29027091864054483,0.09756919389619031,-31.4451,-64.1499,-0.3001778984285327,-0.07957704150191035,-0.2717912643185816,-0.011825472202560638,-0.04221010194236202,1.130479012163362,-1.1394297778614841,Cluster 0,Periferia Excluida NBI,Alta,<b>MARCOS SASTRE</b><hr>Tipología: <span style='color:#38bdf8'>Periferia Excluida NBI</span><br>Pob: 1104.0<br>Score Infra: <b style='color:#e2e8f0'>Alta</b>
MARECHAL,0.11725240252255863,0.08166388917514554,0.057296686088915985,0.0854227107367477,-0.35513137076247453,-0.31481413714624074,-0.3185713204273574,-0.4889171865444709,0.7225462347798322,-0.009376827297256658,-0.428196619497505,-0.2853478608449372,0.3188888414377209,0.7786936786381351,-0.4496412372007491,-0.5548632365775976,-0.41923022653073,-0.2772718104008337,-0.2229250507990994,-0.2995248794320091,0.8460434230488473,-0.49744243847086145,-0.29847421946995023,0.29027091864054483,-0.5977181167206631,-31.3955,-64.2143,-0.15525080381123557,0.3543700657767115,0.25812781009864716,-0.4217361472635974,-0.04221010194236202,0.03996464193175137,0.3229879685276647,Cluster 2,Area de Transición (Estrato 2),Baja,<b>MARECHAL</b><hr>Tipología: <span style='color:#38bdf8'>Area de Transición (Estrato 2)</span><br>Pob: 3557.0<br>Score Infra: <b style='color:#e2e8f0'>Baja</b>
MARIA LASTENIA,-0.48927544742157275,-0.3986197661743339,-0.32214642736557914,0.05689499651426544,0.23487737318831833,0.7230113441875463,-0.3185713204273574,-0.4889171865444709,0.814822314384778,0.18167602888434883,-0.4523725976679564,-0.2853478608449372,0.3188888414377209,-1.2424653705764666,-0.4496412372007491,2.839200277970605,-0.41923022653073,-0.2772718104008337,2.6428988239083124,1.8289192919965909,0.8460434230488473,-0.49744243847086145,-0.29847421946995023,0.29027091864054483,2.9486235797357554,-31.3267,-64.1819,0.9800114373575921,-1.3279699183507745,-1.1236752583092924,-0.40382231313496597,1.6482681822357772,-1.3448155107433089,-0.40822090466690975,Cluster 1,Núcleo Urbano Consolidado Mayor,Muy Alta,<b>MARIA LASTENIA</b><hr>Tipología: <span style='color:#38bdf8'>Núcleo Urbano Consolidado Mayor</span><br>Pob: 500.0<br>Score Infra: <b style='color:#e2e8f0'>Muy Alta</b>
MARIANO BALCARCE,-0.192856537439063,-0.14889417114655443,-0.329735289634669,-0.6527318947699803,-0.35513137076247453,-0.660755964257503,0.037093920871678586,-0.4889171865444709,-0.47704280008446465,0.5637817412475599,-0.3073167286452478,-0.2853478608449372,0.3188888414377209,0.18162679624259742,3.2690416824665145,-0.38979327455690466,-0.41923022653073,-0.2772718104008337,-0.580769082314012,-0.025885460068588263,0.8460434230488473,-0.49744243847086145,-0.29847421946995023,0.29027091864054483,-0.7477453090347405,-31.4337,-64.2216,-0.2699847537165958,0.4315579034644034,0.4512871732991854,-0.3788834460147144,-0.8874492440314317,-0.4100889076876429,0.3229879685276647,Cluster 2,Area de Transición (Estrato 2),Baja,<b>MARIANO BALCARCE</b><hr>Tipología: <span style='color:#38bdf8'>Area de Transición (Estrato 2)</span><br>Pob: 1994.0<br>Score Infra: <b style='color:#e2e8f0'>Baja</b>
MARIANO FRAGUEIRO,0.13173605742799585,0.019232490418200656,0.26978482962343325,0.7237303164647878,0.038207791871387384,0.37706951707628394,-0.3185713204273574,-0.4889171865444709,1.8298591900391827,0.7548345974291654,-0.39797664678444067,-0.2853478608449372,0.3188888414377209,0.7993177505688959,-0.4496412372007491,-0.1421883315258652,-0.41923022653073,-0.2772718104008337,0.26853456329863457,-0.3069540039396133,0.8460434230488473,-0.49744243847086145,-0.29847421946995023,0.29027091864054483,-0.07396727330162574,-31.3661,-64.1857,-0.22771435111988414,1.1185561155568027,0.6356752219984905,-0.2619166467042386,1.0847754208430642,0.8535229816283497,0.3229879685276647,Cluster 2,Area de Transición (Estrato 2),Media,<b>MARIANO FRAGUEIRO</b><hr>Tipología: <span style='color:#38bdf8'>Area de Transición (Estrato 2)</span><br>Pob: 3630.0<br>Score Infra: <b style='color:#e2e8f0'>Media</b>
MARQUES ANEXO,1.4904219312969562,0.972680431083473,1.3398144095651094,0.5935726203247125,-0.35513137076247453,-0.31481413714624074,-0.3185713204273574,-0.4889171865444709,-1.0306992777141402,-0.7735882520236786,-0.5490765103497621,-0.2853478608449372,-1.0370819712844137,1.8923935628992423,-0.4496412372007491,-0.689920478230892,-0.41923022653073,-0.2772718104008337,-1.0430482818246931,-0.647455543871472,0.8460434230488473,-0.49744243847086145,-0.29847421946995023,-3.445057481760149,-1.196751422232786,-31.3714,-64.1916,-0.03447822496348795,2.0454964499007575,1.2407979798658062,-0.5193841058471178,-0.04221010194236202,1.0439302526211702,0.3229879685276647,Cluster 2,Area de Transición (Estrato 2),Muy Baja,<b>MARQUES ANEXO</b><hr>Tipología: <span style='color:#38bdf8'>Area de Transición (Estrato 2)</span><br>Pob: 10478.0<br>Score Infra: <b style='color:#e2e8f0'>Muy Baja</b>
MARQUES DE SOBREMONTE,4.293901983541175,3.621086083614924,2.174589259164999,-0.11962023523734344,1.8082340237237657,2.106778652632596,1.1040896447687865,1.901887855657992,2.1989635084589665,-0.009376827297256658,8.003175767447434,2.8154322270033805,1.6748596541598555,2.773041434342748,0.7886801750484498,-0.39729645464875435,-0.1956266454318964,0.8360356600295101,-0.8249630780688236,-0.5471623630188155,0.8460434230488473,2.0102828441296667,3.3503731135501913,0.29027091864054483,-0.6789156294067767,-31.3686,-64.194,1.2275952239954748,0.4415895573432023,0.34832217062745424,-0.5099003113084305,-0.1549086542209046,-0.029274365702001714,0.3229879685276647,Cluster 2,Area de Transición (Estrato 2),Baja,<b>MARQUES DE SOBREMONTE</b><hr>Tipología: <span style='color:#38bdf8'>Area de Transición (Estrato 2)</span><br>Pob: 24608.0<br>Score Infra: <b style='color:#e2e8f0'>Baja</b>
MAULLER,0.5491827686751181,0.3642481151276329,0.5429838713106697,0.4758957991569732,0.8248861171391112,1.7608368255213334,-0.3185713204273574,-0.4889171865444709,0.3534419163600485,-0.5825353958420731,-0.5490765103497621,2.8154322270033805,3.0308304668819903,1.270577794186791,-0.4496412372007491,0.15043569205627236,-0.41923022653073,3.954654269271583,-0.6406657227821734,0.0001164757080265007,0.8460434230488473,-0.49744243847086145,3.3503731135501913,0.29027091864054483,0.07982404211710589,-31.4148,-64.1389,0.10441024071142181,-0.013520898263109446,-0.13930197350560367,-0.42103364396443543,3.3387464664139164,0.5592571991848995,0.3229879685276647,Cluster 2,Area de Transición (Estrato 2),Alta,<b>MAULLER</b><hr>Tipología: <span style='color:#38bdf8'>Area de Transición (Estrato 2)</span><br>Pob: 5734.0<br>Score Infra: <b style='color:#e2e8f0'>Alta</b>
MAURIZI,-0.43848345213675183,-0.36849935449335175,-0.32214642736557914,-0.15527987801544627,-0.35513137076247453,-0.31481413714624074,-0.3185713204273574,-0.4889171865444709,-0.7538710388993024,-0.20042968347886214,-0.5430325158071493,-0.2853478608449372,-1.0370819712844137,-0.8176094888027851,-0.4496412372007491,0.22546749297476923,-0.41923022653073,-0.2772718104008337,-0.4333311980846918,-0.647455543871472,0.8460434230488473,-0.49744243847086145,-0.29847421946995023,0.29027091864054483,-0.34605960058092033,-31.4274,-64.2082,-0.336409672082857,-0.004263052307937963,0.09018325545810488,0.003980852028584714,-0.04221010194236202,-0.5485669229551491,-1.1394297778614841,Cluster 0,Periferia Excluida NBI,Media,<b>MAURIZI</b><hr>Tipología: <span style='color:#38bdf8'>Periferia Excluida NBI</span><br>Pob: 756.0<br>Score Infra: <b style='color:#e2e8f0'>Media</b>
MERCANTIL,-0.44503085777893575,-0.39095275229190213,-0.3828573255182983,-0.6741276804368419,0.43154695450524927,0.7230113441875463,0.037093920871678586,-0.4889171865444709,-0.2924906408745728,-0.39148253966046764,-0.02324898514244336,-0.2853478608449372,-1.0370819712844137,-0.8629824470504593,0.2940953467327037,2.839200277970605,-0.41923022653073,-0.2772718104008337,0.6570948206946557,-0.647455543871472,0.8460434230488473,-0.49744243847086145,-0.29847421946995023,0.29027091864054483,1.6607557460719002,-31.3184,-64.2587,-0.34848692996763175,0.22660622176967343,0.12261317755943771,1.5775882421515024,0.23953627875399452,0.17844265719925753,-0.40822090466690975,Cluster 1,Núcleo Urbano Consolidado Mayor,Muy Alta,<b>MERCANTIL</b><hr>Tipología: <span style='color:#38bdf8'>Núcleo Urbano Consolidado Mayor</span><br>Pob: 723.0<br>Score Infra: <b style='color:#e2e8f0'>Muy Alta</b>
MILITAR GENERAL DEHEZA,-0.42479342215763993,-0.3986197661743339,-0.3904461877873882,-0.7454469659930475,-0.15846178944554357,0.031127689965021584,-0.3185713204273574,-0.4889171865444709,-0.7538710388993024,-0.39148253966046764,-0.5490765103497621,-0.2853478608449372,-1.0370819712844137,-0.7268635723074355,-0.4496412372007491,1.050817303078234,-0.41923022653073,-0.2772718104008337,-0.48401297078852057,-0.647455543871472,0.8460434230488473,-0.49744243847086145,-0.29847421946995023,0.29027091864054483,0.03142817362869393,-31.3961,-64.2718,-0.1794053195807851,-0.9278595020256266,-0.8770772600488236,-0.2998518248589875,0.5212826594503511,1.4593642984236888,-1.1394297778614841,Cluster 0,Periferia Excluida NBI,Alta,<b>MILITAR GENERAL DEHEZA</b><hr>Tipología: <span style='color:#38bdf8'>Periferia Excluida NBI</span><br>Pob: 825.0<br>Score Infra: <b style='color:#e2e8f0'>Alta</b>
MIRADOR,0.03927875351109522,0.015398983476984741,0.40638435046705146,1.0714118335512899,-0.5518009520794055,-0.660755964257503,-0.3185713204273574,-0.4889171865444709,0.1688897571501567,-0.009376827297256658,-0.46446058675318214,-0.2853478608449372,0.3188888414377209,0.6580428578431827,-0.4496412372007491,-0.7649522791493887,-0.41923022653073,-0.2772718104008337,-0.4118298399679159,-0.256188319804318,-1.181972429259419,-0.49744243847086145,-0.29847421946995023,0.29027091864054483,-0.8246409667441064,-31.4289,-64.1386,-0.21563709323510938,0.6588883490172514,0.5068152530045711,-0.43719121984516185,-0.6057028633350752,0.05727439384019003,1.7854057149168137,Cluster 4,Area de Transición (Estrato 4),Muy Baja,<b>MIRADOR</b><hr>Tipología: <span style='color:#38bdf8'>Area de Transición (Estrato 4)</span><br>Pob: 3164.0<br>Score Infra: <b style='color:#e2e8f0'>Muy Baja</b>
MIRADOR DEL CHATEAU,-0.43888026459991447,-0.35042710748476247,-0.40562391232556805,-0.9237451798835615,-0.5518009520794055,-0.660755964257503,-0.3185713204273574,-0.4889171865444709,-0.10793848166468102,-0.009376827297256658,-0.11995289782424912,-0.2853478608449372,0.3188888414377209,-0.819671895995861,-0.4496412372007491,-0.7649522791493887,-0.41923022653073,-0.2772718104008337,0.9934374940927925,0.9943809723090535,-1.181972429259419,-0.49744243847086145,-0.29847421946995023,0.29027091864054483,0.0868145564543211,-31.3851,-64.2625,-0.10090314332974913,-1.0714277263751306,-0.85778254465095,-0.3507833140482337,-0.6057028633350752,-1.1370984878420496,-1.1394297778614841,Cluster 0,Periferia Excluida NBI,Alta,<b>MIRADOR DEL CHATEAU</b><hr>Tipología: <span style='color:#38bdf8'>Periferia Excluida NBI</span><br>Pob: 754.0<br>Score Infra: <b style='color:#e2e8f0'>Alta</b>
MIRALTA,0.1114986218067,-0.021293154388939004,0.6947611166924678,1.9842986886707212,-0.5518009520794055,-0.660755964257503,-0.3185713204273574,1.901887855657992,-0.10793848166468102,-0.39148253966046764,-0.5188565376366978,-0.2853478608449372,1.6748596541598555,0.7704440498658315,-0.4496412372007491,-0.7649522791493887,1.1241798576392679,-0.2772718104008337,-0.6084136856070096,0.054596722097123816,-1.181972429259419,2.0102828441296667,-0.29847421946995023,0.29027091864054483,-0.4439268013019314,-31.4244,-64.1122,-0.1975212064079472,0.6927091261830924,0.2515330004364299,-0.37150716137351325,-0.6057028633350752,1.1997180197971151,1.7854057149168137,Cluster 4,Area de Transición (Estrato 4),Baja,<b>MIRALTA</b><hr>Tipología: <span style='color:#38bdf8'>Area de Transición (Estrato 4)</span><br>Pob: 3528.0<br>Score Infra: <b style='color:#e2e8f0'>Baja</b>
MIRIZZI,-0.45098304472637574,-0.3986197661743339,-0.2766132537510397,0.5917896381858074,0.038207791871387384,0.37706951707628394,-0.3185713204273574,-0.4889171865444709,0.7225462347798322,0.18167602888434883,-0.4765485758384078,-0.2853478608449372,1.6748596541598555,-0.9073242017015962,-0.4496412372007491,2.483924700621523,-0.41923022653073,-0.2772718104008337,2.6428988239083124,2.9259533442861425,0.8460434230488473,-0.49744243847086145,-0.29847421946995023,0.29027091864054483,2.771709793817004,-31.4737,-64.2058,-0.25790749583182104,-0.7970143508882576,-0.7177625470949782,0.5670372463069412,1.0847754208430642,0.3169206724667637,-0.40822090466690975,Cluster 1,Núcleo Urbano Consolidado Mayor,Muy Alta,<b>MIRIZZI</b><hr>Tipología: <span style='color:#38bdf8'>Núcleo Urbano Consolidado Mayor</span><br>Pob: 693.0<br>Score Infra: <b style='color:#e2e8f0'>Muy Alta</b>
MUTUAL DE LOS DOCENTES,-0.44384042038944777,-0.3958815469306083,-0.39803505005647816,-0.8363790550772096,-0.5518009520794055,-0.660755964257503,-0.3185713204273574,-0.4889171865444709,-0.7538710388993024,-0.5825353958420731,-0.22270080504866774,-0.2853478608449372,-1.0370819712844137,-0.8547328182781548,-0.4496412372007491,-0.7649522791493887,-0.41923022653073,-0.2772718104008337,-0.4102940286738605,-0.647455543871472,-1.181972429259419,-0.49744243847086145,-0.29847421946995023,0.29027091864054483,-0.8235655029999194,-31.4569,-64.2241,-0.28206201160137057,-0.6463306742435991,-0.6134698764714476,-0.38906974385256365,-0.6057028633350752,0.49001819155114645,-1.1394297778614841,Cluster 0,Periferia Excluida NBI,Muy Baja,<b>MUTUAL DE LOS DOCENTES</b><hr>Tipología: <span style='color:#38bdf8'>Periferia Excluida NBI</span><br>Pob: 729.0<br>Score Infra: <b style='color:#e2e8f0'>Muy Baja</b>
NICOLAS AVELLANEDA,-0.23491865853430535,-0.23870776234075583,-0.2842021160201296,-0.344275984739391,0.6282165358221802,1.414894998410071,-0.3185713204273574,1.901887855657992,0.2611658367551026,0.18167602888434883,-0.48863656492363355,-0.2853478608449372,1.6748596541598555,0.06613199343033435,-0.4496412372007491,1.7636194118039537,2.640321212406969,-0.2772718104008337,0.16409939530286627,0.7417907390505113,0.8460434230488473,2.0102828441296667,-0.29847421946995023,0.29027091864054483,1.8134715977464448,-31.4623,-64.1037,-0.3001778984285327,0.7137710241146259,0.4035673047037679,0.6478251257105732,2.7752537050212034,0.5938767030017761,-0.40822090466690975,Cluster 1,Núcleo Urbano Consolidado Mayor,Muy Alta,<b>NICOLAS AVELLANEDA</b><hr>Tipología: <span style='color:#38bdf8'>Núcleo Urbano Consolidado Mayor</span><br>Pob: 1782.0<br>Score Infra: <b style='color:#e2e8f0'>Muy Alta</b>
NUESTRO HOGAR I,-0.4704268554213462,-0.3986197661743339,-0.2690243914819498,0.6809387451310643,-0.5518009520794055,-0.660755964257503,-0.3185713204273574,1.901887855657992,0.5379940755699403,-0.009376827297256658,-0.5490765103497621,-0.2853478608449372,0.3188888414377209,-1.0640671483753819,-0.4496412372007491,-0.7649522791493887,3.2113284060910634,-0.2772718104008337,2.6428988239083124,1.4339375056756347,-1.181972429259419,2.0102828441296667,-0.29847421946995023,0.29027091864054483,2.3512034698399122,-31.4714,-64.149,-0.36056418785240657,0.3194373127000533,0.38344551746706856,2.8220728366170147,-0.6057028633350752,-0.5139474191382726,-0.40822090466690975,Cluster 1,Núcleo Urbano Consolidado Mayor,Muy Alta,<b>NUESTRO HOGAR I</b><hr>Tipología: <span style='color:#38bdf8'>Núcleo Urbano Consolidado Mayor</span><br>Pob: 595.0<br>Score Infra: <b style='color:#e2e8f0'>Muy Alta</b>
NUESTRO HOGAR II,-0.41765079782071196,-0.39369097153562777,-0.15519145744560128,1.8915836174476541,0.23487737318831833,0.7230113441875463,-0.3185713204273574,-0.4889171865444709,-0.20021456126962692,-0.39148253966046764,-0.5490765103497621,-0.2853478608449372,0.3188888414377209,-0.6835530212528362,-0.4496412372007491,2.724026463560713,-0.41923022653073,-0.2772718104008337,0.5618745204632196,0.7900800483499384,0.8460434230488473,-0.49744243847086145,-0.29847421946995023,0.29027091864054483,1.541917002339244,-31.3877,-64.0982,-0.32433241419808223,-0.05392401583841839,-0.2964129753099457,0.8715724264936756,1.6482681822357772,1.4593642984236888,-0.40822090466690975,Cluster 1,Núcleo Urbano Consolidado Mayor,Muy Alta,<b>NUESTRO HOGAR II</b><hr>Tipología: <span style='color:#38bdf8'>Núcleo Urbano Consolidado Mayor</span><br>Pob: 861.0<br>Score Infra: <b style='color:#e2e8f0'>Muy Alta</b>
NUESTRO HOGAR III,1.621766856603798,1.018682514378064,4.223582071819272,2.9774197400408844,-0.35513137076247453,-0.31481413714624074,-0.3185713204273574,1.901887855657992,0.6302701551748863,-0.5825353958420731,-0.5309445267219236,-0.2853478608449372,1.6748596541598555,1.955296982288064,-0.4496412372007491,-0.6974236583227417,0.07160690271061207,-0.2772718104008337,-0.7942468521877153,-0.4245818086433463,0.8460434230488473,2.0102828441296667,-0.29847421946995023,0.29027091864054483,-0.8773386902092662,-31.5009,-64.1998,-0.022400967078713176,2.1460497062797788,1.2367768871757245,-0.486366450786503,-0.04221010194236202,1.2516472755224295,1.7854057149168137,Cluster 4,Area de Transición (Estrato 4),Muy Baja,<b>NUESTRO HOGAR III</b><hr>Tipología: <span style='color:#38bdf8'>Area de Transición (Estrato 4)</span><br>Pob: 11140.0<br>Score Infra: <b style='color:#e2e8f0'>Muy Baja</b>
NUEVA CORDOBA,6.763464348034011,10.44472843897925,1.453647343601458,-0.7044383767982293,3.5782602555761445,2.106778652632596,4.305076816460111,-0.4889171865444709,3.0294482249034798,5.722208858150908,1.5300576123090615,2.8154322270033805,0.3188888414377209,3.1948037053268146,1.852223490073287,-0.3372710139139569,-0.41923022653073,0.4558818896386611,-0.8602867378320982,-0.614024483587253,0.8460434230488473,-0.49744243847086145,3.3503731135501913,0.29027091864054483,-0.7993675687557134,-31.4268,-64.1861,0.3459553984069171,4.573005759846364,7.6050287194378,-0.5004165167697433,-0.8085602574364518,-2.4699493847917955,1.0541968417222392,Cluster 3,Area de Transición (Estrato 3),Muy Baja,<b>NUEVA CORDOBA</b><hr>Tipología: <span style='color:#38bdf8'>Area de Transición (Estrato 3)</span><br>Pob: 37055.0<br>Score Infra: <b style='color:#e2e8f0'>Muy Baja</b>
NUEVA CORDOBA ANEXA,-0.27459990485057173,-0.2343266115507948,-0.36009073871102865,-0.7097873232149446,-0.5518009520794055,-0.660755964257503,-0.3185713204273574,1.901887855657992,-0.2924906408745728,-0.009376827297256658,-0.5490765103497621,-0.2853478608449372,0.3188888414377209,-0.0565812345576948,-0.4496412372007491,-0.7649522791493887,3.0275371699195834,-0.2772718104008337,-0.2659277670326512,0.1350789042628359,-1.181972429259419,2.0102828441296667,-0.29847421946995023,0.29027091864054483,0.40461409286156047,-31.4363,-64.164,-0.28810064054375795,0.28488847975002785,0.26071240959497816,0.04015977193542865,-0.6057028633350752,-0.20237188478638365,-1.1394297778614841,Cluster 0,Periferia Excluida NBI,Alta,<b>NUEVA CORDOBA ANEXA</b><hr>Tipología: <span style='color:#38bdf8'>Periferia Excluida NBI</span><br>Pob: 1582.0<br>Score Infra: <b style='color:#e2e8f0'>Alta</b>
NUEVA ITALIA,0.07558709389047895,0.03292358663682892,0.004174650205286672,0.05154605009754997,0.23487737318831833,-0.31481413714624074,0.7484244034697505,-0.4889171865444709,-0.5693188796894105,-0.5825353958420731,1.3124738087749985,-0.2853478608449372,-1.0370819712844137,0.7157902592493134,2.339370952549699,0.13542933187257297,-0.41923022653073,-0.2772718104008337,-0.8142123990104356,-0.647455543871472,0.8460434230488473,-0.49744243847086145,-0.29847421946995023,0.29027091864054483,-0.6375102752555797,-31.386,-64.1453,-0.13713491698407343,0.141763852230778,0.050608956222703484,-0.4347324582980947,-0.8874492440314317,0.1957524091076962,0.3229879685276647,Cluster 2,Area de Transición (Estrato 2),Baja,<b>NUEVA ITALIA</b><hr>Tipología: <span style='color:#38bdf8'>Area de Transición (Estrato 2)</span><br>Pob: 3347.0<br>Score Infra: <b style='color:#e2e8f0'>Baja</b>
NUEVO URCA,-0.48927544742157275,-0.3986197661743339,-0.40562391232556805,-0.9237451798835615,-0.5518009520794055,-0.660755964257503,-0.3185713204273574,-0.4889171865444709,-0.6615949592943564,-0.5825353958420731,0.176202834763781,-0.2853478608449372,0.3188888414377209,-1.2424653705764666,-0.4496412372007491,-0.7649522791493887,-0.41923022653073,-0.2772718104008337,0.18560075341964208,1.8289192919965909,-1.181972429259419,-0.49744243847086145,-0.29847421946995023,0.29027091864054483,-0.43747401883680975,-31.3828,-64.2675,-0.2639461247742084,-0.9389633473461609,-0.6980434132534966,-0.29704181166233945,-0.6057028633350752,-1.3448155107433089,-1.1394297778614841,Cluster 0,Periferia Excluida NBI,Media,<b>NUEVO URCA</b><hr>Tipología: <span style='color:#38bdf8'>Periferia Excluida NBI</span><br>Pob: 500.0<br>Score Infra: <b style='color:#e2e8f0'>Media</b>
OBRERO,-0.09623270265895441,-0.004863838926585089,-0.3069687028273993,-0.6723446982979367,-0.5518009520794055,-0.660755964257503,-0.3185713204273574,1.901887855657992,0.9070983939897239,1.7100988783371929,0.9256581580477756,-0.2853478608449372,0.3188888414377209,0.40746038388443334,-0.4496412372007491,-0.7649522791493887,1.7786293632943908,-0.2772718104008337,0.2562480729461915,-0.14846601444405727,-1.181972429259419,2.0102828441296667,-0.29847421946995023,0.29027091864054483,0.3320202901289423,-31.4134,-64.2122,-0.22771435111988414,0.33041185849607424,0.5531203934546282,-0.1705912178131764,-0.6057028633350752,-0.9986204725745433,0.3229879685276647,Cluster 2,Area de Transición (Estrato 2),Alta,<b>OBRERO</b><hr>Tipología: <span style='color:#38bdf8'>Area de Transición (Estrato 2)</span><br>Pob: 2481.0<br>Score Infra: <b style='color:#e2e8f0'>Alta</b>
OBSERVATORIO,0.7241770649298527,0.7842909471151481,0.5657504581179394,0.04263113940302431,0.8248861171391112,0.37706951707628394,1.1040896447687865,-0.4889171865444709,-0.10793848166468102,0.18167602888434883,0.055322943911523814,-0.2853478608449372,0.3188888414377209,1.4180399084917346,1.6737267099292583,0.03038481058667752,-0.41923022653073,-0.2772718104008337,-0.8111407764223248,-0.46048924376343325,0.8460434230488473,-0.49744243847086145,-0.29847421946995023,0.29027091864054483,-0.6880570712323656,-31.4231,-64.2029,0.08629435388425971,0.2533752017908901,0.4141560007455789,-0.4793414177948828,-0.7184014156136177,-0.8255229534901615,0.3229879685276647,Cluster 2,Area de Transición (Estrato 2),Baja,<b>OBSERVATORIO</b><hr>Tipología: <span style='color:#38bdf8'>Area de Transición (Estrato 2)</span><br>Pob: 6616.0<br>Score Infra: <b style='color:#e2e8f0'>Baja</b>
OMBU,-0.25495768792401985,-0.19763447368487103,-0.36767960098011854,-0.7668427516599092,-0.5518009520794055,-0.660755964257503,-0.3185713204273574,-0.4889171865444709,0.07661367754521078,1.3279931659739819,0.865218212621647,-0.2853478608449372,0.3188888414377209,0.006322184831126931,-0.4496412372007491,-0.7649522791493887,-0.41923022653073,-0.2772718104008337,0.05352098213087599,0.08926596979927673,-1.181972429259419,-0.49744243847086145,-0.29847421946995023,0.29027091864054483,-0.5229733864996711,-31.3893,-64.2175,-0.22771435111988414,-0.21833930198641774,-0.1073399999446594,-0.36307712178356905,-0.6057028633350752,-0.5485669229551491,-1.1394297778614841,Cluster 0,Periferia Excluida NBI,Baja,<b>OMBU</b><hr>Tipología: <span style='color:#38bdf8'>Periferia Excluida NBI</span><br>Pob: 1681.0<br>Score Infra: <b style='color:#e2e8f0'>Baja</b>
ONA,-0.3240030565143233,-0.2863527771815822,-0.3373241519037589,-0.5279231450466204,0.8248861171391112,0.7230113441875463,0.7484244034697505,-0.4889171865444709,-0.38476672047951876,-0.20042968347886214,-0.5490765103497621,-0.2853478608449372,1.6748596541598555,-0.2329170495657037,1.1456737353365072,2.839200277970605,-0.41923022653073,-0.2772718104008337,-0.23674735244559816,1.2098255830295752,0.8460434230488473,-0.49744243847086145,-0.29847421946995023,0.29027091864054483,1.081618519827236,-31.4493,-64.1654,-0.2699847537165958,-0.16611422942366047,-0.16951186067114038,0.1641516042375246,-0.46482967298689687,0.022654890023313487,-0.40822090466690975,Cluster 1,Núcleo Urbano Consolidado Mayor,Muy Alta,<b>ONA</b><hr>Tipología: <span style='color:#38bdf8'>Núcleo Urbano Consolidado Mayor</span><br>Pob: 1333.0<br>Score Infra: <b style='color:#e2e8f0'>Muy Alta</b>
OSN,-0.19305494367064435,-0.19325332289490998,-0.3449130141728488,-0.6759106625757471,-0.5518009520794055,-0.660755964257503,-0.3185713204273574,-0.4889171865444709,-0.01566240205973512,-0.009376827297256658,-0.33753670135831204,-0.2853478608449372,0.3188888414377209,0.18162679624259742,-0.4496412372007491,-0.7649522791493887,-0.41923022653073,-0.2772718104008337,-0.1952804475061019,-0.025885460068588263,-1.181972429259419,-0.49744243847086145,-0.29847421946995023,0.29027091864054483,-0.6842929481277115,-31.4599,-64.1582,-0.31829378525569485,1.4603981984657743,1.063603279659448,-0.2668341697983727,-0.6057028633350752,0.3342304243752024,0.3229879685276647,Cluster 2,Area de Transición (Estrato 2),Baja,<b>OSN</b><hr>Tipología: <span style='color:#38bdf8'>Area de Transición (Estrato 2)</span><br>Pob: 1993.0<br>Score Infra: <b style='color:#e2e8f0'>Baja</b>
PADRE CLARET,-0.41566673550489863,-0.36795171064460663,-0.40562391232556805,-0.9237451798835615,0.6282165358221802,-0.660755964257503,1.8154201273668584,-0.4889171865444709,-0.10793848166468102,1.7100988783371929,-0.2589647723043449,-0.2853478608449372,0.3188888414377209,-0.6711785780943799,3.2690416824665145,2.839200277970605,-0.41923022653073,-0.2772718104008337,0.720063083750928,0.7739836119167961,0.8460434230488473,-0.49744243847086145,-0.29847421946995023,0.29027091864054483,1.701623368351004,-31.3545,-64.2372,-0.209598464292722,-0.8299598697343147,-0.7358982736660757,0.07598744019269146,-1.0903066381328084,0.2130621610161341,-0.40822090466690975,Cluster 1,Núcleo Urbano Consolidado Mayor,Muy Alta,<b>PADRE CLARET</b><hr>Tipología: <span style='color:#38bdf8'>Núcleo Urbano Consolidado Mayor</span><br>Pob: 871.0<br>Score Infra: <b style='color:#e2e8f0'>Muy Alta</b>
PALERMO BAJO,-0.2097210671234762,-0.14341773265910313,-0.3828573255182983,-0.8435109836328302,-0.5518009520794055,-0.660755964257503,-0.3185713204273574,-0.4889171865444709,0.9070983939897239,0.18167602888434883,-0.5490765103497621,-0.2853478608449372,-1.0370819712844137,0.1372850415914606,-0.4496412372007491,-0.7649522791493887,-0.41923022653073,-0.2772718104008337,0.6463441416362677,-0.647455543871472,-1.181972429259419,-0.49744243847086145,-0.29847421946995023,0.29027091864054483,-0.1384950979528419,-31.3869,-64.2246,-0.1794053195807851,-0.3450707390208012,-0.19177206391217258,-0.3297082150733732,-0.6057028633350752,-0.7043546901310931,-1.1394297778614841,Cluster 0,Periferia Excluida NBI,Media,<b>PALERMO BAJO</b><hr>Tipología: <span style='color:#38bdf8'>Periferia Excluida NBI</span><br>Pob: 1909.0<br>Score Infra: <b style='color:#e2e8f0'>Media</b>
PALMAR,-0.3851121758413735,-0.3531653267284881,-0.329735289634669,-0.29435248485004717,-0.15846178944554357,0.031127689965021584,-0.3185713204273574,-0.4889171865444709,-0.7538710388993024,-0.5825353958420731,-0.21665681050605487,-0.2853478608449372,0.3188888414377209,-0.5041235954552139,-0.4496412372007491,0.6981678387612991,-0.41923022653073,-0.2772718104008337,-0.5930555726664554,0.5610153760321426,0.8460434230488473,-0.49744243847086145,-0.29847421946995023,0.29027091864054483,-0.21431529191802082,-31.39,-64.1247,-0.25790749583182104,-0.5218391028184816,-0.5295819387136883,-0.2457590708235122,0.5212826594503511,0.5938767030017761,-1.1394297778614841,Cluster 0,Periferia Excluida NBI,Media,<b>PALMAR</b><hr>Tipología: <span style='color:#38bdf8'>Periferia Excluida NBI</span><br>Pob: 1025.0<br>Score Infra: <b style='color:#e2e8f0'>Media</b>
PALMAS DEL CLARET,-0.4648714809370689,-0.39259568383813753,-0.40562391232556805,-0.9237451798835615,-0.5518009520794055,-0.660755964257503,-0.3185713204273574,-0.4889171865444709,-0.9384231981091942,-0.5825353958420731,-0.5490765103497621,-0.2853478608449372,-1.0370819712844137,-1.0166317829346307,-0.4496412372007491,-0.7649522791493887,-0.41923022653073,-0.2772718104008337,-0.7957826634817706,-0.647455543871472,-1.181972429259419,-0.49744243847086145,-0.29847421946995023,0.29027091864054483,-1.0736108235233819,-31.3514,-64.2309,-0.3726414457371813,1.1071698005057926,1.1250133636922732,-0.31390189084222786,-0.6057028633350752,-0.565876674863587,-1.1394297778614841,Cluster 0,Periferia Excluida NBI,Muy Baja,<b>PALMAS DEL CLARET</b><hr>Tipología: <span style='color:#38bdf8'>Periferia Excluida NBI</span><br>Pob: 623.0<br>Score Infra: <b style='color:#e2e8f0'>Muy Baja</b>
PANAMERICANO,0.07538868765889761,0.07892566993141989,-0.20831349332923058,-0.49048052012961246,0.23487737318831833,0.7230113441875463,-0.3185713204273574,-0.4889171865444709,0.1688897571501567,0.18167602888434883,0.061366938454136676,-0.2853478608449372,0.3188888414377209,0.7157902592493134,-0.4496412372007491,0.13542933187257297,-0.41923022653073,-0.2772718104008337,-0.4456176884371351,-0.27723750590919655,0.8460434230488473,-0.49744243847086145,-0.29847421946995023,0.29027091864054483,-0.39875732404608016,-31.3728,-64.18,-0.058632740733037494,-0.2036926496942115,-0.14786107878503257,-0.42770742530647454,1.6482681822357772,-0.27161089242013675,0.3229879685276647,Cluster 2,Area de Transición (Estrato 2),Media,<b>PANAMERICANO</b><hr>Tipología: <span style='color:#38bdf8'>Area de Transición (Estrato 2)</span><br>Pob: 3346.0<br>Score Infra: <b style='color:#e2e8f0'>Media</b>
PARQUE ALAMEDA,-0.458324075294885,-0.3986197661743339,-0.3828573255182983,-0.6562978590477905,-0.5518009520794055,-0.660755964257503,-0.3185713204273574,-0.4889171865444709,-1.0306992777141402,-0.7735882520236786,-0.4040206413270535,-0.2853478608449372,0.3188888414377209,-0.963009195914651,-0.4496412372007491,-0.7649522791493887,-0.41923022653073,-0.2772718104008337,-1.0430482818246931,1.2395420810599918,-1.181972429259419,-0.49744243847086145,-0.29847421946995023,-3.445057481760149,-1.2338549214072352,-31.4667,-64.1842,-0.2639461247742084,-0.8040422773514335,-0.6980434132534966,-0.5232478739925088,-0.6057028633350752,0.00534513811487483,-1.1394297778614841,Cluster 0,Periferia Excluida NBI,Muy Baja,<b>PARQUE ALAMEDA</b><hr>Tipología: <span style='color:#38bdf8'>Periferia Excluida NBI</span><br>Pob: 656.0<br>Score Infra: <b style='color:#e2e8f0'>Muy Baja</b>
PARQUE ATLANTICA,-0.1422629483858234,-0.10617795094443423,-0.2766132537510397,-0.5100933236575691,-0.35513137076247453,-0.31481413714624074,-0.3185713204273574,-0.4889171865444709,-0.10793848166468102,0.18167602888434883,-0.25292077776173205,-0.2853478608449372,-1.0370819712844137,0.3064024314237034,-0.4496412372007491,-0.4348123551080028,-0.41923022653073,-0.2772718104008337,-0.35961225597003166,-0.647455543871472,0.8460434230488473,-0.49744243847086145,-0.29847421946995023,0.29027091864054483,-0.6267556378137104,-31.4538,-64.21,-0.20355983535033462,-0.015717000956386045,0.039068039313823175,-0.4031198098358039,-0.04221010194236202,-0.3754694038707664,0.3229879685276647,Cluster 2,Area de Transición (Estrato 2),Baja,<b>PARQUE ATLANTICA</b><hr>Tipología: <span style='color:#38bdf8'>Area de Transición (Estrato 2)</span><br>Pob: 2249.0<br>Score Infra: <b style='color:#e2e8f0'>Baja</b>
PARQUE CAPITAL,0.19959098862881133,0.188454439680446,-0.36009073871102865,-0.83994501935502,0.038207791871387384,0.031127689965021584,0.037093920871678586,-0.4889171865444709,0.07661367754521078,-0.20042968347886214,2.8536924171412776,-0.2853478608449372,0.3188888414377209,0.8921260742573232,0.7886801750484498,-0.19471059216881295,-0.41923022653073,-0.2772718104008337,-0.5792332710199566,-0.33543231455209604,0.8460434230488473,-0.49744243847086145,-0.29847421946995023,0.29027091864054483,-0.649340376441636,-31.4352,-64.2159,0.03194669340277324,-0.27401368801850623,-0.20990779048327016,-0.47020887490577656,-0.32395648263871857,-0.27161089242013675,0.3229879685276647,Cluster 2,Area de Transición (Estrato 2),Baja,<b>PARQUE CAPITAL</b><hr>Tipología: <span style='color:#38bdf8'>Area de Transición (Estrato 2)</span><br>Pob: 3972.0<br>Score Infra: <b style='color:#e2e8f0'>Baja</b>
PARQUE CAPITAL SUD,-0.30217837104037687,-0.26608995477801234,-0.3904461877873882,-0.8435109836328302,-0.5518009520794055,-0.660755964257503,-0.3185713204273574,-0.4889171865444709,0.1688897571501567,-0.20042968347886214,-0.34358069590092494,-0.2853478608449372,0.3188888414377209,-0.15145196543919615,-0.4496412372007491,-0.7649522791493887,-0.41923022653073,-0.2772718104008337,0.34071769411923936,0.21060833675681173,-1.181972429259419,-0.49744243847086145,-0.29847421946995023,0.29027091864054483,-0.33638042688323794,-31.4427,-64.2171,-0.2337529800622715,-0.34624239163523957,-0.3122579305379794,-0.31390189084222786,-0.6057028633350752,-0.029274365702001714,-1.1394297778614841,Cluster 0,Periferia Excluida NBI,Media,<b>PARQUE CAPITAL SUD</b><hr>Tipología: <span style='color:#38bdf8'>Periferia Excluida NBI</span><br>Pob: 1443.0<br>Score Infra: <b style='color:#e2e8f0'>Media</b>
PARQUE CHACABUCO,-0.35753370965156844,-0.2956627226102494,-0.39803505005647816,-0.8773876442720279,-0.5518009520794055,-0.660755964257503,-0.3185713204273574,-0.4889171865444709,-0.6615949592943564,-0.39148253966046764,0.44818258918135967,-0.2853478608449372,0.3188888414377209,-0.37316073869488026,-0.4496412372007491,-0.7649522791493887,-0.41923022653073,-0.2772718104008337,-0.514729196669629,0.41614744813386095,-1.181972429259419,-0.49744243847086145,-0.29847421946995023,0.29027091864054483,-0.8913197188836963,-31.3825,-64.2116,-0.2337529800622715,-0.5444545842676316,-0.4171981113511171,-0.4431624978880389,-0.6057028633350752,-0.479327915321396,-1.1394297778614841,Cluster 0,Periferia Excluida NBI,Muy Baja,<b>PARQUE CHACABUCO</b><hr>Tipología: <span style='color:#38bdf8'>Periferia Excluida NBI</span><br>Pob: 1164.0<br>Score Infra: <b style='color:#e2e8f0'>Muy Baja</b>
PARQUE CHATEAU CARRERAS,-0.48927544742157275,-0.3986197661743339,-0.3904461877873882,-0.7454469659930475,-0.5518009520794055,-0.660755964257503,-0.3185713204273574,-0.4889171865444709,-1.0306992777141402,-0.7735882520236786,-0.06555694694073338,-0.2853478608449372,-1.0370819712844137,-1.2424653705764666,-0.4496412372007491,-0.7649522791493887,-0.41923022653073,-0.2772718104008337,-1.0430482818246931,-0.647455543871472,-1.181972429259419,-0.49744243847086145,-0.29847421946995023,-3.445057481760149,-1.2338549214072352,-31.3626,-64.2647,1.2034407082259253,-1.3340111899807392,-1.1302863917578023,-0.5232478739925088,-0.6057028633350752,-1.3448155107433089,-1.1394297778614841,Cluster 0,Periferia Excluida NBI,Muy Baja,<b>PARQUE CHATEAU CARRERAS</b><hr>Tipología: <span style='color:#38bdf8'>Periferia Excluida NBI</span><br>Pob: 500.0<br>Score Infra: <b style='color:#e2e8f0'>Muy Baja</b>
PARQUE COREMA,-0.4726093239687409,-0.3876668891994313,-0.39803505005647816,-0.8435109836328302,-0.35513137076247453,-0.31481413714624074,-0.3185713204273574,-0.4889171865444709,-1.0306992777141402,-0.7735882520236786,-0.5430325158071493,-0.2853478608449372,-1.0370819712844137,-1.0826288131130666,-0.4496412372007491,0.5180915165569068,-0.41923022653073,-0.2772718104008337,-1.0430482818246931,-0.647455543871472,0.8460434230488473,-0.49744243847086145,-0.29847421946995023,-3.445057481760149,-0.5955671892322892,-31.3679,-64.2283,-0.31829378525569485,-0.5416119839517871,-0.3161429916756222,-0.22538647514781374,-0.04221010194236202,-1.0851692321167352,-1.1394297778614841,Cluster 0,Periferia Excluida NBI,Baja,<b>PARQUE COREMA</b><hr>Tipología: <span style='color:#38bdf8'>Periferia Excluida NBI</span><br>Pob: 584.0<br>Score Infra: <b style='color:#e2e8f0'>Baja</b>
PARQUE DE LA VEGA II,-0.4702284491897649,-0.3986197661743339,-0.2386689424055902,1.0375351729120923,-0.5518009520794055,-0.660755964257503,-0.3185713204273574,-0.4889171865444709,0.814822314384778,-0.20042968347886214,-0.5490765103497621,-0.2853478608449372,0.3188888414377209,-1.062004741182305,-0.4496412372007491,-0.7649522791493887,-0.41923022653073,-0.2772718104008337,2.6428988239083124,1.430222943421833,-1.181972429259419,-0.49744243847086145,-0.29847421946995023,0.29027091864054483,1.1558255181761345,-31.4086,-64.2613,-0.25186886688943366,-0.8971717517999216,-0.7358982736660757,0.10127755896252409,-0.6057028633350752,-0.5139474191382726,-0.40822090466690975,Cluster 1,Núcleo Urbano Consolidado Mayor,Muy Alta,<b>PARQUE DE LA VEGA II</b><hr>Tipología: <span style='color:#38bdf8'>Núcleo Urbano Consolidado Mayor</span><br>Pob: 596.0<br>Score Infra: <b style='color:#e2e8f0'>Muy Alta</b>
PARQUE DE LA VEGA III,-0.4702284491897649,-0.3986197661743339,-0.39803505005647816,-0.8345960729383045,-0.5518009520794055,-0.660755964257503,-0.3185713204273574,-0.4889171865444709,-0.38476672047951876,-0.39148253966046764,-0.5490765103497621,-0.2853478608449372,-1.0370819712844137,-1.062004741182305,-0.4496412372007491,-0.7649522791493887,-0.41923022653073,-0.2772718104008337,0.7599941773963689,-0.647455543871472,-1.181972429259419,-0.49744243847086145,-0.29847421946995023,0.29027091864054483,-0.06482583147603675,-31.4035,-64.2672,-0.2699847537165958,-0.832504086532051,-0.6765395454440224,-0.17621124420647255,-0.6057028633350752,-0.5139474191382726,-1.1394297778614841,Cluster 0,Periferia Excluida NBI,Media,<b>PARQUE DE LA VEGA III</b><hr>Tipología: <span style='color:#38bdf8'>Periferia Excluida NBI</span><br>Pob: 596.0<br>Score Infra: <b style='color:#e2e8f0'>Media</b>
PARQUE DE LA VIDA,-0.48927544742157275,-0.3986197661743339,-0.40562391232556805,-0.9237451798835615,-0.5518009520794055,-0.660755964257503,-0.3185713204273574,-0.4889171865444709,-0.9384231981091942,-0.5825353958420731,-0.5490765103497621,-0.2853478608449372,-1.0370819712844137,-1.2424653705764666,-0.4496412372007491,-0.7649522791493887,-0.41923022653073,-0.2772718104008337,-0.7358860230136093,-0.647455543871472,-1.181972429259419,-0.49744243847086145,-0.29847421946995023,0.29027091864054483,-1.034894128732652,-31.4442,-64.2261,-0.4028345904491182,-1.371402623246609,-1.1711992414691983,-0.5232478739925088,-0.6057028633350752,-1.3448155107433089,-1.1394297778614841,Cluster 0,Periferia Excluida NBI,Muy Baja,<b>PARQUE DE LA VIDA</b><hr>Tipología: <span style='color:#38bdf8'>Periferia Excluida NBI</span><br>Pob: 500.0<br>Score Infra: <b style='color:#e2e8f0'>Muy Baja</b>
PARQUE DEL ESTE,-0.45376073196851435,-0.3986197661743339,-0.22349121786741039,1.2158333868026063,-0.15846178944554357,0.031127689965021584,-0.3185713204273574,-0.4889171865444709,-0.20021456126962692,-0.5825353958420731,-0.1985248268782163,-0.2853478608449372,0.3188888414377209,-0.927948273632357,-0.4496412372007491,1.4484858479462674,-0.41923022653073,-0.2772718104008337,0.991901682798737,1.1763945227453565,0.8460434230488473,-0.49744243847086145,-0.29847421946995023,0.29027091864054483,1.186476234885462,-31.4052,-64.1455,0.08025572494187233,-1.2025672825836997,-1.0351676890307226,-0.32549319527840115,0.5212826594503511,0.2130621610161341,-0.40822090466690975,Cluster 1,Núcleo Urbano Consolidado Mayor,Muy Alta,<b>PARQUE DEL ESTE</b><hr>Tipología: <span style='color:#38bdf8'>Núcleo Urbano Consolidado Mayor</span><br>Pob: 679.0<br>Score Infra: <b style='color:#e2e8f0'>Muy Alta</b>
PARQUE DON BOSCO,0.3422450691357889,0.25033819458864576,-0.22349121786741039,-0.6152892698529723,-0.35513137076247453,-0.31481413714624074,-0.3185713204273574,1.901887855657992,0.6302701551748863,-0.39148253966046764,0.949834136218227,-0.2853478608449372,0.3188888414377209,1.0643370748791794,-0.4496412372007491,-0.6073854972205455,0.7424176460071129,-0.2772718104008337,-0.45329674490741223,-0.3837216238515233,0.8460434230488473,2.0102828441296667,-0.29847421946995023,0.29027091864054483,-0.39069134596467814,-31.3884,-64.272,0.0017535486908363716,0.021350188886472932,-0.046403305714319894,-0.44105498799055287,-0.04221010194236202,0.1957524091076962,0.3229879685276647,Cluster 2,Area de Transición (Estrato 2),Media,<b>PARQUE DON BOSCO</b><hr>Tipología: <span style='color:#38bdf8'>Area de Transición (Estrato 2)</span><br>Pob: 4691.0<br>Score Infra: <b style='color:#e2e8f0'>Media</b>
PARQUE FUTURA,-0.022822396973861635,-0.12315491025553328,0.11041872197254529,0.8003985484377087,0.43154695450524927,0.031127689965021584,0.7484244034697505,-0.4889171865444709,-0.38476672047951876,-0.5825353958420731,-0.25292077776173205,-0.2853478608449372,0.3188888414377209,0.5507976838032242,1.781568514599609,0.5481042369243054,-0.41923022653073,-0.2772718104008337,-0.66523870348706,-0.21285176017662696,0.8460434230488473,-0.49744243847086145,-0.29847421946995023,0.29027091864054483,-0.3358426950111444,-31.4889,-64.253,0.27953048004065584,-0.8695195565651045,-0.8326874438571001,-0.4712626298545196,-0.7465760536832534,1.3555057869730585,1.7854057149168137,Cluster 4,Area de Transición (Estrato 4),Media,<b>PARQUE FUTURA</b><hr>Tipología: <span style='color:#38bdf8'>Area de Transición (Estrato 4)</span><br>Pob: 2851.0<br>Score Infra: <b style='color:#e2e8f0'>Media</b>
PARQUE JORGE NEWBERY,-0.01131483554214439,-0.008149702019055871,-0.2842021160201296,-0.611723305575162,-0.15846178944554357,0.031127689965021584,-0.3185713204273574,-0.4889171865444709,1.737583110434237,-0.009376827297256658,0.3696106601273925,-0.2853478608449372,1.6748596541598555,0.571421755733985,-0.4496412372007491,-0.24723285281176077,-0.41923022653073,-0.2772718104008337,0.540373162346444,0.20441739966714162,0.8460434230488473,-0.49744243847086145,-0.29847421946995023,0.29027091864054483,0.050248789151965303,-31.3504,-64.1805,-0.11901903015691129,-0.14020061548768742,-0.11420687271175371,-0.3448120360053566,0.5212826594503511,-0.15044262906106923,0.3229879685276647,Cluster 2,Area de Transición (Estrato 2),Alta,<b>PARQUE JORGE NEWBERY</b><hr>Tipología: <span style='color:#38bdf8'>Area de Transición (Estrato 2)</span><br>Pob: 2909.0<br>Score Infra: <b style='color:#e2e8f0'>Alta</b>
PARQUE LATINO,-0.3293600247670193,-0.27156639326546367,-0.37526846324920843,-0.7579278409653836,0.43154695450524927,0.37706951707628394,0.39275916217071455,-0.4889171865444709,0.07661367754521078,0.5637817412475599,0.17015884022116815,-0.2853478608449372,0.3188888414377209,-0.25457232509300287,1.0378319306661565,2.108765696029039,-0.41923022653073,-0.2772718104008337,0.36836229741223686,0.3009960182659961,0.8460434230488473,-0.49744243847086145,-0.29847421946995023,0.29027091864054483,1.1106560409202832,-31.4597,-64.2125,-0.209598464292722,-0.5595508010604542,-0.43662885830142906,-0.04484312726317538,-0.4197502520754798,-0.44470841150451945,-0.40822090466690975,Cluster 1,Núcleo Urbano Consolidado Mayor,Muy Alta,<b>PARQUE LATINO</b><hr>Tipología: <span style='color:#38bdf8'>Núcleo Urbano Consolidado Mayor</span><br>Pob: 1306.0<br>Score Infra: <b style='color:#e2e8f0'>Muy Alta</b>
PARQUE LICEO SECCION 1,0.14423565001761976,0.09864084848624459,0.03453009928164628,0.008754478763826738,-0.5518009520794055,-0.660755964257503,-0.3185713204273574,-0.4889171865444709,-0.8461471185042483,-0.5825353958420731,-0.5490765103497621,-0.2853478608449372,0.3188888414377209,0.8168482117100442,-0.4496412372007491,-0.7649522791493887,-0.41923022653073,-0.2772718104008337,-0.9601144719457005,-0.31190675361134945,-1.181972429259419,-0.49744243847086145,-0.29847421946995023,0.29027091864054483,-1.1800817341978884,-31.3497,-64.1625,1.1370157898596638,-1.0833153257365626,-0.9347709620690299,-0.5218428673941848,-0.6057028633350752,0.09189389765706657,0.3229879685276647,Cluster 2,Area de Transición (Estrato 2),Muy Baja,<b>PARQUE LICEO SECCION 1</b><hr>Tipología: <span style='color:#38bdf8'>Area de Transición (Estrato 2)</span><br>Pob: 3693.0<br>Score Infra: <b style='color:#e2e8f0'>Muy Baja</b>
PARQUE LICEO SECCION 2,0.9642486051432642,0.5942585316005878,0.7858274639215467,0.46698088846244756,-0.15846178944554357,0.031127689965021584,-0.3185713204273574,1.901887855657992,0.2611658367551026,-0.39148253966046764,-0.5490765103497621,-0.2853478608449372,0.3188888414377209,1.5912821127101282,-0.4496412372007491,-0.569869596761297,0.2788492461680676,-0.2772718104008337,-0.7681380601887732,-0.4889675543759159,0.8460434230488473,2.0102828441296667,-0.29847421946995023,0.29027091864054483,-0.7289246935114692,-31.3556,-64.162,0.1768737880200704,0.25022825028657536,-0.030231874760433753,-0.48882521233357,0.5212826594503511,1.061240004529609,0.3229879685276647,Cluster 2,Area de Transición (Estrato 2),Baja,<b>PARQUE LICEO SECCION 2</b><hr>Tipología: <span style='color:#38bdf8'>Area de Transición (Estrato 2)</span><br>Pob: 7826.0<br>Score Infra: <b style='color:#e2e8f0'>Baja</b>
PARQUE LICEO SECCION 3,0.5212074900221503,0.2727915923871961,0.838949499805176,1.1266842798573493,2.0049036050406968,2.4527204797438578,1.1040896447687865,1.901887855657992,1.2762027124095074,-0.009376827297256658,2.0558851375163805,-0.2853478608449372,0.3188888414377209,1.2447977042733391,0.6957131020567682,0.9757855021597371,0.5569902860714948,-0.2772718104008337,-0.3565406333819209,-0.42581999606128035,0.8460434230488473,2.0102828441296667,-0.29847421946995023,0.29027091864054483,0.39816131039643865,-31.3552,-64.1513,0.11648749859619659,-0.07771313912546093,-0.26896180802786124,-0.3992560416904129,-0.04221010194236202,1.1131692602549235,1.7854057149168137,Cluster 4,Area de Transición (Estrato 4),Alta,<b>PARQUE LICEO SECCION 3</b><hr>Tipología: <span style='color:#38bdf8'>Area de Transición (Estrato 4)</span><br>Pob: 5593.0<br>Score Infra: <b style='color:#e2e8f0'>Alta</b>
PARQUE LOS MOLINOS,-0.41705557912596797,-0.3635705598546456,-0.36009073871102865,-0.5190082343520948,-0.5518009520794055,-0.660755964257503,-0.3185713204273574,-0.4889171865444709,0.3534419163600485,0.5637817412475599,-0.3133607231878606,-0.2853478608449372,-1.0370819712844137,-0.6794282068666844,-0.4496412372007491,-0.7649522791493887,-0.41923022653073,-0.2772718104008337,1.623120124655514,-0.647455543871472,-1.181972429259419,-0.49744243847086145,-0.29847421946995023,0.29027091864054483,0.4949530473732629,-31.4561,-64.2009,-0.3062165273709201,-0.2972219580569647,-0.2733909953752581,0.182416690015737,-0.6057028633350752,-0.011964613793563056,-1.1394297778614841,Cluster 0,Periferia Excluida NBI,Alta,<b>PARQUE LOS MOLINOS</b><hr>Tipología: <span style='color:#38bdf8'>Periferia Excluida NBI</span><br>Pob: 864.0<br>Score Infra: <b style='color:#e2e8f0'>Alta</b>
PARQUE MODELO,-0.48927544742157275,-0.3986197661743339,-0.40562391232556805,-0.9237451798835615,-0.5518009520794055,-0.660755964257503,-0.3185713204273574,-0.4889171865444709,-0.38476672047951876,-0.20042968347886214,-0.5490765103497621,-0.2853478608449372,0.3188888414377209,-1.2424653705764666,-0.4496412372007491,-0.7649522791493887,-0.41923022653073,-0.2772718104008337,1.1070875298528935,1.8289192919965909,-1.181972429259419,-0.49744243847086145,-0.29847421946995023,0.29027091864054483,0.16048382293112595,-31.3647,-64.251,-0.336409672082857,-0.46721104832322596,-0.1818798494188466,0.304652264069928,-0.6057028633350752,-1.3448155107433089,-1.1394297778614841,Cluster 0,Periferia Excluida NBI,Alta,<b>PARQUE MODELO</b><hr>Tipología: <span style='color:#38bdf8'>Periferia Excluida NBI</span><br>Pob: 500.0<br>Score Infra: <b style='color:#e2e8f0'>Alta</b>
PARQUE MONTECRISTO,-0.280155279334849,-0.2529465024081292,-0.36009073871102865,-0.6937404839647985,0.038207791871387384,0.37706951707628394,-0.3185713204273574,-0.4889171865444709,-0.38476672047951876,-0.39148253966046764,-0.3919326522418278,-0.2853478608449372,1.6748596541598555,-0.0751428992953797,-0.4496412372007491,0.6831614785775997,-0.41923022653073,-0.2772718104008337,-0.3519331994997546,0.9460916630096263,0.8460434230488473,-0.49744243847086145,-0.29847421946995023,0.29027091864054483,-0.06536356334813032,-31.3886,-64.14,-0.28810064054375795,0.25557329370762083,0.1633410243595173,-0.12141598687183527,1.0847754208430642,0.09189389765706657,-1.1394297778614841,Cluster 0,Periferia Excluida NBI,Media,<b>PARQUE MONTECRISTO</b><hr>Tipología: <span style='color:#38bdf8'>Periferia Excluida NBI</span><br>Pob: 1554.0<br>Score Infra: <b style='color:#e2e8f0'>Media</b>
PARQUE REPUBLICA,0.8821084252685928,0.5110166665913278,1.1197374037615022,1.0018755301339897,0.8248861171391112,1.7608368255213334,-0.3185713204273574,1.901887855657992,0.3534419163600485,-0.39148253966046764,-0.19248083233560342,2.8154322270033805,0.3188888414377209,1.5355971184970727,-0.4496412372007491,-0.05965335051551873,0.3170254673312831,3.38849668979664,-0.7328144004254984,-0.4803002424503777,0.8460434230488473,2.0102828441296667,3.3503731135501913,0.29027091864054483,0.07767311462873211,-31.4161,-64.2586,0.18895104590484516,0.13310078408836906,-0.13791445167073124,-0.4357862132468378,3.3387464664139164,1.217027771705553,1.7854057149168137,Cluster 4,Area de Transición (Estrato 4),Alta,<b>PARQUE REPUBLICA</b><hr>Tipología: <span style='color:#38bdf8'>Area de Transición (Estrato 4)</span><br>Pob: 7412.0<br>Score Infra: <b style='color:#e2e8f0'>Alta</b>
PARQUE SAN CARLOS,-0.4398722957578211,-0.38164280686323493,-0.3904461877873882,-0.7686257337988143,-0.35513137076247453,-0.31481413714624074,-0.3185713204273574,-0.4889171865444709,-0.2924906408745728,-0.39148253966046764,-0.5309445267219236,-0.2853478608449372,-1.0370819712844137,-0.8268903211716271,-0.4496412372007491,0.24047385315846861,-0.41923022653073,-0.2772718104008337,0.5971981802264943,-0.647455543871472,0.8460434230488473,-0.49744243847086145,-0.29847421946995023,0.29027091864054483,0.3298693626405684,-31.4494,-64.1599,-0.3424483010252444,0.11852574384050875,0.08573230306231804,0.4981919229890635,-0.04221010194236202,-0.06389386951887749,-1.1394297778614841,Cluster 0,Periferia Excluida NBI,Alta,<b>PARQUE SAN CARLOS</b><hr>Tipología: <span style='color:#38bdf8'>Periferia Excluida NBI</span><br>Pob: 749.0<br>Score Infra: <b style='color:#e2e8f0'>Alta</b>
PARQUE SAN VICENTE,-0.32519349390381136,-0.2611611601393062,-0.3828573255182983,-0.8042853765769171,-0.5518009520794055,-0.660755964257503,-0.3185713204273574,-0.4889171865444709,0.7225462347798322,0.5637817412475599,0.3393906874143282,-0.2853478608449372,-1.0370819712844137,-0.23807306754839389,-0.4496412372007491,-0.7649522791493887,-0.41923022653073,-0.2772718104008337,1.1562334912626668,-0.647455543871472,-1.181972429259419,-0.49744243847086145,-0.29847421946995023,0.29027091864054483,0.19221000338464062,-31.425,-64.1373,-0.2941392694861453,0.09509666999865021,0.19214162464179133,-0.005854194159683452,-0.6057028633350752,-0.5831864267720256,-1.1394297778614841,Cluster 0,Periferia Excluida NBI,Alta,<b>PARQUE SAN VICENTE</b><hr>Tipología: <span style='color:#38bdf8'>Periferia Excluida NBI</span><br>Pob: 1327.0<br>Score Infra: <b style='color:#e2e8f0'>Alta</b>
PARQUE SARMIENTO,-0.48927544742157275,-0.3986197661743339,-0.40562391232556805,-0.9237451798835615,0.038207791871387384,0.37706951707628394,-0.3185713204273574,-0.4889171865444709,-0.38476672047951876,1.5190460221555873,4.957002517970553,-0.2853478608449372,-1.0370819712844137,-1.2424653705764666,-0.4496412372007491,2.839200277970605,-0.41923022653073,-0.2772718104008337,1.1070875298528935,-0.647455543871472,0.8460434230488473,-0.49744243847086145,-0.29847421946995023,0.29027091864054483,1.9527441526186533,-31.4329,-64.1789,-0.4028345904491182,-1.371402623246609,-1.1711992414691983,-0.5232478739925088,1.0847754208430642,-1.3448155107433089,-0.40822090466690975,Cluster 1,Núcleo Urbano Consolidado Mayor,Muy Alta,<b>PARQUE SARMIENTO</b><hr>Tipología: <span style='color:#38bdf8'>Núcleo Urbano Consolidado Mayor</span><br>Pob: 500.0<br>Score Infra: <b style='color:#e2e8f0'>Muy Alta</b>
PARQUE TABLADA,-0.39384205003095213,-0.3312595727786829,-0.39803505005647816,-0.8684727335775022,-0.5518009520794055,-0.660755964257503,-0.3185713204273574,-0.4889171865444709,0.4457179959649944,-0.009376827297256658,-0.36775667407137635,-0.2853478608449372,0.3188888414377209,-0.5484653501063508,-0.4496412372007491,-0.7649522791493887,-0.41923022653073,-0.2772718104008337,1.461859938779695,0.614257435003306,-1.181972429259419,-0.49744243847086145,-0.29847421946995023,0.29027091864054483,0.3900953323150367,-31.3872,-64.2312,-0.25790749583182104,-0.55830753640167,-0.43889786459610286,-0.08137329881960029,-0.6057028633350752,-0.4100889076876429,-1.1394297778614841,Cluster 0,Periferia Excluida NBI,Alta,<b>PARQUE TABLADA</b><hr>Tipología: <span style='color:#38bdf8'>Periferia Excluida NBI</span><br>Pob: 981.0<br>Score Infra: <b style='color:#e2e8f0'>Alta</b>
PARQUE VELEZ SARSFIELD,0.015668411952916735,0.04168588821675101,-0.3449130141728488,-0.7811066087711503,-0.35513137076247453,-0.31481413714624074,-0.3185713204273574,-0.4889171865444709,0.1688897571501567,-0.20042968347886214,5.591621944944904,-0.2853478608449372,0.3188888414377209,0.6188571211747361,-0.4496412372007491,-0.5173473361183492,-0.41923022653073,-0.2772718104008337,-0.3872568592630293,-0.2413300707891097,0.8460434230488473,-0.49744243847086145,-0.29847421946995023,0.29027091864054483,-0.6853684118718982,-31.4412,-64.204,-0.010323709193938402,-0.43952702551314393,-0.33073101535912447,-0.4681013650082905,-0.04221010194236202,-0.4273986595960816,0.3229879685276647,Cluster 2,Area de Transición (Estrato 2),Baja,<b>PARQUE VELEZ SARSFIELD</b><hr>Tipología: <span style='color:#38bdf8'>Area de Transición (Estrato 2)</span><br>Pob: 3045.0<br>Score Infra: <b style='color:#e2e8f0'>Baja</b>
PASO DE LOS ANDES,-0.08670920354305048,-0.014173784355252309,-0.2159023555983205,-0.42985912740683774,0.6282165358221802,0.37706951707628394,0.7484244034697505,-0.4889171865444709,0.07661367754521078,2.6653631592452203,0.8893941907920985,2.8154322270033805,-1.0370819712844137,0.42705325221865664,1.4097002226328827,1.0133014026189857,-0.41923022653073,3.954654269271583,-0.3150737284424245,-0.647455543871472,0.8460434230488473,-0.49744243847086145,3.3503731135501913,0.29027091864054483,0.7202627017804257,-31.416,-64.2033,-0.1733666906383977,-0.047522694763269674,0.1203822600994465,-0.18745129699306484,-0.6057028633350752,-0.8255229534901615,0.3229879685276647,Cluster 2,Area de Transición (Estrato 2),Muy Alta,<b>PASO DE LOS ANDES</b><hr>Tipología: <span style='color:#38bdf8'>Area de Transición (Estrato 2)</span><br>Pob: 2529.0<br>Score Infra: <b style='color:#e2e8f0'>Muy Alta</b>
PATRIA,-0.2333314086816547,-0.1576564727264765,-0.36767960098011854,-0.7846725730489605,-0.15846178944554357,-0.660755964257503,0.39275916217071455,-0.4889171865444709,0.7225462347798322,0.7548345974291654,-0.5490765103497621,-0.2853478608449372,-1.0370819712844137,0.07128801141302456,3.2690416824665145,0.07540389113777565,-0.41923022653073,-0.2772718104008337,0.5864475011681064,-0.647455543871472,0.8460434230488473,-0.49744243847086145,-0.29847421946995023,0.29027091864054483,0.24060587187305274,-31.409,-64.1602,-0.25186886688943366,0.05288136985669715,0.22176385550079383,-0.13792481440214266,-0.9832430134681929,-0.8255229534901615,0.3229879685276647,Cluster 2,Area de Transición (Estrato 2),Alta,<b>PATRIA</b><hr>Tipología: <span style='color:#38bdf8'>Area de Transición (Estrato 2)</span><br>Pob: 1790.0<br>Score Infra: <b style='color:#e2e8f0'>Alta</b>
PATRICIOS,0.3501813183990422,0.2585528523198227,0.1028298597034554,-0.06969673534799949,0.6282165358221802,1.414894998410071,-0.3185713204273574,-0.4889171865444709,-0.2924906408745728,-0.5825353958420731,2.2674249465078304,5.916212314851698,0.3188888414377209,1.072586703651483,-0.4496412372007491,0.1879515925155208,-0.41923022653073,3.954654269271583,-0.7834961731293273,-0.38619799868739135,0.8460434230488473,-0.49744243847086145,3.3503731135501913,0.29027091864054483,0.005617043768207494,-31.3756,-64.138,-0.10090314332974913,0.5108006089801345,0.3523541458417306,-0.36132086353566395,2.7752537050212034,0.17844265719925753,0.3229879685276647,Cluster 2,Area de Transición (Estrato 2),Alta,<b>PATRICIOS</b><hr>Tipología: <span style='color:#38bdf8'>Area de Transición (Estrato 2)</span><br>Pob: 4731.0<br>Score Infra: <b style='color:#e2e8f0'>Alta</b>
PATRICIOS ESTE,-0.08254267267984251,-0.1505371026927898,-0.018591936601983036,0.46876387060135266,-0.35513137076247453,-0.31481413714624074,-0.3185713204273574,1.901887855657992,-0.9384231981091942,-0.5825353958420731,-0.48863656492363355,-0.2853478608449372,0.3188888414377209,0.43530288099096115,-0.4496412372007491,-0.47232825556725117,1.7186381586093376,-0.2772718104008337,-0.9831516413565319,-0.16208607604133166,0.8460434230488473,2.0102828441296667,-0.29847421946995023,0.29027091864054483,-0.34605960058092033,-31.3665,-64.1349,-0.2397916090046589,0.5073075325948141,0.1447808793448116,-0.30863311609851274,-0.04221010194236202,1.0958595083464855,0.3229879685276647,Cluster 2,Area de Transición (Estrato 2),Media,<b>PATRICIOS ESTE</b><hr>Tipología: <span style='color:#38bdf8'>Area de Transición (Estrato 2)</span><br>Pob: 2550.0<br>Score Infra: <b style='color:#e2e8f0'>Media</b>
PATRICIOS NORTE,-0.2333314086816547,-0.24254126928197176,-0.10965828383106185,0.5097724597961708,-0.5518009520794055,-0.660755964257503,-0.3185713204273574,-0.4889171865444709,0.2611658367551026,0.18167602888434883,0.822910250823357,-0.2853478608449372,0.3188888414377209,0.07128801141302456,-0.4496412372007491,-0.7649522791493887,-0.41923022653073,-0.2772718104008337,0.15795615012664457,0.04469122275365156,-1.181972429259419,-0.49744243847086145,-0.29847421946995023,0.29027091864054483,-0.4552191706158942,-31.3665,-64.1398,-0.2941392694861453,0.606768705297559,0.2949161831401086,-0.24084154772937807,-0.6057028633350752,0.7150449663608436,0.3229879685276647,Cluster 2,Area de Transición (Estrato 2),Baja,<b>PATRICIOS NORTE</b><hr>Tipología: <span style='color:#38bdf8'>Area de Transición (Estrato 2)</span><br>Pob: 1790.0<br>Score Infra: <b style='color:#e2e8f0'>Baja</b>
PATRICIOS OESTE,0.4454163095580815,0.2421235368574688,0.4595063863506808,0.5596959596855149,0.038207791871387384,0.37706951707628394,-0.3185713204273574,-0.4889171865444709,0.4457179959649944,0.3727288850659543,-0.2891847450174092,-0.2853478608449372,0.3188888414377209,1.1726134525156744,-0.4496412372007491,-0.3297678338221072,-0.41923022653073,-0.2772718104008337,-0.5715542145496795,-0.40972355962813795,0.8460434230488473,-0.49744243847086145,-0.29847421946995023,0.29027091864054483,-0.7117172736044782,-31.3669,-64.1446,-0.09486451438736175,0.6611162792857926,0.2904706720064192,-0.4565100605721173,1.0847754208430642,0.9054522373536642,0.3229879685276647,Cluster 2,Area de Transición (Estrato 2),Baja,<b>PATRICIOS OESTE</b><hr>Tipología: <span style='color:#38bdf8'>Area de Transición (Estrato 2)</span><br>Pob: 5211.0<br>Score Infra: <b style='color:#e2e8f0'>Baja</b>
PIEDRAS BLANCAS,-0.48927544742157275,-0.3986197661743339,-0.40562391232556805,-0.9237451798835615,-0.5518009520794055,-0.660755964257503,-0.3185713204273574,-0.4889171865444709,-0.5693188796894105,-0.5825353958420731,-0.5490765103497621,-0.2853478608449372,-1.0370819712844137,-1.2424653705764666,-0.4496412372007491,-0.7649522791493887,-0.41923022653073,-0.2772718104008337,0.4927630122307259,-0.647455543871472,-1.181972429259419,-0.49744243847086145,-0.29847421946995023,0.29027091864054483,-0.23797549429013332,-31.4828,-64.1626,-0.37868007467956866,1.1151266943220122,1.5494318073003177,1.10304726356756,-0.6057028633350752,-1.3448155107433089,-1.1394297778614841,Cluster 0,Periferia Excluida NBI,Media,<b>PIEDRAS BLANCAS</b><hr>Tipología: <span style='color:#38bdf8'>Periferia Excluida NBI</span><br>Pob: 500.0<br>Score Infra: <b style='color:#e2e8f0'>Media</b>
POETA LUGONES,0.9668278861538215,0.9107966761752733,-0.2993798405583094,-0.8274641443826839,0.8248861171391112,1.414894998410071,0.037093920871678586,-0.4889171865444709,1.8298591900391827,0.18167602888434883,5.4465660759221945,-0.2853478608449372,0.3188888414377209,1.593344519903205,0.08213042031166957,-0.09716925097476709,-0.41923022653073,-0.2772718104008337,-0.4364028206728026,-0.4889675543759159,0.8460434230488473,-0.49744243847086145,-0.29847421946995023,0.29027091864054483,-0.5084546259531475,-31.361,-64.2119,0.5150370087937638,-0.34551234662760144,-0.24367626306059748,-0.4919864771797991,0.8030290401467076,-0.4273986595960816,0.3229879685276647,Cluster 2,Area de Transición (Estrato 2),Baja,<b>POETA LUGONES</b><hr>Tipología: <span style='color:#38bdf8'>Area de Transición (Estrato 2)</span><br>Pob: 7839.0<br>Score Infra: <b style='color:#e2e8f0'>Baja</b>
POLICARPIO CABRAL,-0.4859025414846901,-0.3986197661743339,-0.36767960098011854,-0.4779996451572765,-0.5518009520794055,-0.660755964257503,-0.3185713204273574,-0.4889171865444709,-0.10793848166468102,-0.39148253966046764,-0.5490765103497621,-0.2853478608449372,-1.0370819712844137,-1.2084356518907102,-0.4496412372007491,-0.7649522791493887,-0.41923022653073,-0.2772718104008337,1.9272107608784872,-0.647455543871472,-1.181972429259419,-0.49744243847086145,-0.29847421946995023,0.29027091864054483,0.6917629125594719,-31.4365,-64.1379,-0.36056418785240657,0.09778013243817023,0.38344551746706856,1.27375556526393,-0.6057028633350752,-1.2063374954758026,-1.1394297778614841,Cluster 0,Periferia Excluida NBI,Muy Alta,<b>POLICARPIO CABRAL</b><hr>Tipología: <span style='color:#38bdf8'>Periferia Excluida NBI</span><br>Pob: 517.0<br>Score Infra: <b style='color:#e2e8f0'>Muy Alta</b>
POLICIAL,1.268603764389027,0.8193401534348365,1.9621011156304815,1.3709528328873535,-0.5518009520794055,-0.660755964257503,-0.3185713204273574,1.901887855657992,-0.8461471185042483,-0.5825353958420731,-0.15621686507992627,-0.2853478608449372,0.3188888414377209,1.7758675564904416,-0.4496412372007491,-0.7649522791493887,0.16432058267842115,-0.2772718104008337,-1.0107962446495293,-0.5149694901525306,-1.181972429259419,2.0102828441296667,-0.29847421946995023,0.29027091864054483,-1.0209131000582221,-31.3155,-64.265,0.08025572494187233,0.9559888179976204,0.4775031740851283,-0.5056852915134584,-0.6057028633350752,1.0093107488042938,1.7854057149168137,Cluster 4,Area de Transición (Estrato 4),Muy Baja,<b>POLICIAL</b><hr>Tipología: <span style='color:#38bdf8'>Area de Transición (Estrato 4)</span><br>Pob: 9360.0<br>Score Infra: <b style='color:#e2e8f0'>Muy Baja</b>
PORTAL DE CORDOBA,-0.14523904185954337,-0.21515907684471522,-0.25384666694377,-0.25690985993303916,-0.5518009520794055,-0.660755964257503,-0.3185713204273574,-0.4889171865444709,-0.7538710388993024,-0.5825353958420731,-0.31940471773047346,-0.2853478608449372,-1.0370819712844137,0.29918400624793634,-0.4496412372007491,-0.7649522791493887,-0.41923022653073,-0.2772718104008337,-0.837249568421267,-0.647455543871472,-1.181972429259419,-0.49744243847086145,-0.29847421946995023,0.29027091864054483,-1.1004974171280553,-31.4443,-64.1094,-0.25790749583182104,0.4802322121616728,0.04175058152791008,-0.487068954085665,-0.6057028633350752,1.5632228098743177,0.3229879685276647,Cluster 2,Area de Transición (Estrato 2),Muy Baja,<b>PORTAL DE CORDOBA</b><hr>Tipología: <span style='color:#38bdf8'>Area de Transición (Estrato 2)</span><br>Pob: 2234.0<br>Score Infra: <b style='color:#e2e8f0'>Muy Baja</b>
PORTAL DEL JACARANDA,-0.48927544742157275,-0.3986197661743339,-0.3904461877873882,-0.7454469659930475,-0.35513137076247453,-0.660755964257503,0.037093920871678586,-0.4889171865444709,-0.20021456126962692,-0.20042968347886214,-0.5490765103497621,-0.2853478608449372,-1.0370819712844137,-1.2424653705764666,3.2690416824665145,0.7356837392205475,-0.41923022653073,-0.2772718104008337,1.721412047475061,-0.647455543871472,0.8460434230488473,-0.49744243847086145,-0.29847421946995023,0.29027091864054483,1.304777246746025,-31.344,-64.289,-0.34848692996763175,-0.2662775980056867,0.0379689043701203,1.3194182797094614,-0.8874492440314317,-1.3448155107433089,-0.40822090466690975,Cluster 1,Núcleo Urbano Consolidado Mayor,Muy Alta,<b>PORTAL DEL JACARANDA</b><hr>Tipología: <span style='color:#38bdf8'>Núcleo Urbano Consolidado Mayor</span><br>Pob: 500.0<br>Score Infra: <b style='color:#e2e8f0'>Muy Alta</b>
POSTA DE VARGAS,-0.4458244827052611,-0.3986197661743339,-0.36767960098011854,-0.4779996451572765,0.038207791871387384,0.37706951707628394,-0.3185713204273574,-0.4889171865444709,-0.6615949592943564,-0.39148253966046764,-0.5309445267219236,-0.2853478608449372,0.3188888414377209,-0.869169668629688,-0.4496412372007491,2.363873819151928,-0.41923022653073,-0.2772718104008337,-0.1891372023298802,1.0748631544747658,0.8460434230488473,-0.49744243847086145,-0.29847421946995023,0.29027091864054483,0.8756672128154378,-31.4799,-64.1942,-0.3545255589100192,0.4164119560852296,0.18911628291555965,1.1992902155527563,1.0847754208430642,0.5592571991848995,-0.40822090466690975,Cluster 1,Núcleo Urbano Consolidado Mayor,Muy Alta,<b>POSTA DE VARGAS</b><hr>Tipología: <span style='color:#38bdf8'>Núcleo Urbano Consolidado Mayor</span><br>Pob: 719.0<br>Score Infra: <b style='color:#e2e8f0'>Muy Alta</b>
PRIMERA JUNTA,-0.43312648388405584,-0.36959464219084204,-0.3828573255182983,-0.7115703053538499,-0.5518009520794055,-0.660755964257503,-0.3185713204273574,-0.4889171865444709,-0.10793848166468102,-0.009376827297256658,-0.5490765103497621,-0.2853478608449372,0.3188888414377209,-0.7815173629239528,-0.4496412372007491,-0.7649522791493887,-0.41923022653073,-0.2772718104008337,0.9181827406840769,0.933709788830286,-1.181972429259419,-0.49744243847086145,-0.29847421946995023,0.29027091864054483,0.03788095609381542,-31.4262,-64.2278,-0.3424483010252444,0.18615934127837525,0.20544006920817673,0.3074622772665761,-0.6057028633350752,-0.32354014814545196,-1.1394297778614841,Cluster 0,Periferia Excluida NBI,Alta,<b>PRIMERA JUNTA</b><hr>Tipología: <span style='color:#38bdf8'>Periferia Excluida NBI</span><br>Pob: 783.0<br>Score Infra: <b style='color:#e2e8f0'>Alta</b>
PROVIDENCIA,0.4031557822312578,0.5082784473476022,0.7175277034997375,0.49729158482383495,-0.5518009520794055,-0.660755964257503,-0.3185713204273574,-0.4889171865444709,1.737583110434237,3.2385217277900367,1.898741279408446,-0.2853478608449372,0.3188888414377209,1.129302901461076,-0.4496412372007491,-0.7649522791493887,-0.41923022653073,-0.2772718104008337,-0.12156150539144173,-0.39981806028466566,-1.181972429259419,-0.49744243847086145,-0.29847421946995023,0.29027091864054483,-0.6364348115113927,-31.4008,-64.2008,-0.03447822496348795,0.2584556784925465,0.4843700468522225,-0.4593200737687653,-0.6057028633350752,-1.015930224482982,0.3229879685276647,Cluster 2,Area de Transición (Estrato 2),Baja,<b>PROVIDENCIA</b><hr>Tipología: <span style='color:#38bdf8'>Area de Transición (Estrato 2)</span><br>Pob: 4998.0<br>Score Infra: <b style='color:#e2e8f0'>Baja</b>
PUENTE BLANCO,-0.3589225532726377,-0.31428261346758385,-0.2993798405583094,-0.21946723501603121,-0.5518009520794055,-0.660755964257503,-0.3185713204273574,-0.4889171865444709,-0.5693188796894105,-0.39148253966046764,-0.1380848814520877,-0.2853478608449372,0.3188888414377209,-0.37934796027410794,-0.4496412372007491,-0.7649522791493887,-0.41923022653073,-0.2772718104008337,-0.37957780279275205,0.42233838522353123,-1.181972429259419,-0.49744243847086145,-0.29847421946995023,0.29027091864054483,-0.8036694237324612,-31.4102,-64.2354,-0.2941392694861453,-0.09277354989611057,-0.1010825485324895,-0.3672921415785411,-0.6057028633350752,-0.011964613793563056,-1.1394297778614841,Cluster 0,Periferia Excluida NBI,Muy Baja,<b>PUENTE BLANCO</b><hr>Tipología: <span style='color:#38bdf8'>Periferia Excluida NBI</span><br>Pob: 1157.0<br>Score Infra: <b style='color:#e2e8f0'>Muy Baja</b>
QUEBRADA DE LAS ROSAS,0.37220441010457,0.31496016874057114,-0.25384666694377,-0.6866085554091779,0.038207791871387384,0.37706951707628394,-0.3185713204273574,-0.4889171865444709,0.9070983939897239,0.5637817412475599,2.883912389854342,-0.2853478608449372,-1.0370819712844137,1.096304386371858,-0.4496412372007491,-0.2997551134547085,-0.41923022653073,-0.2772718104008337,-0.3765061802046413,-0.647455543871472,0.8460434230488473,-0.49744243847086145,-0.29847421946995023,0.29027091864054483,-0.5702937912438962,-31.3911,-64.2558,0.5693846692752502,-0.7731536155568691,-0.6632356596155395,-0.49620149697477123,1.0847754208430642,-0.09851337333575402,0.3229879685276647,Cluster 2,Area de Transición (Estrato 2),Baja,<b>QUEBRADA DE LAS ROSAS</b><hr>Tipología: <span style='color:#38bdf8'>Area de Transición (Estrato 2)</span><br>Pob: 4842.0<br>Score Infra: <b style='color:#e2e8f0'>Baja</b>
QUINTA SANTA ANA,-0.45991132514753563,-0.3756187245270385,-0.40562391232556805,-0.9237451798835615,-0.5518009520794055,-0.660755964257503,-0.3185713204273574,-0.4889171865444709,-0.6615949592943564,-0.20042968347886214,-0.4825925703810207,-0.2853478608449372,-1.0370819712844137,-0.9764148426696465,-0.4496412372007491,-0.7649522791493887,-0.41923022653073,-0.2772718104008337,-0.09545271339249961,-0.647455543871472,-1.181972429259419,-0.49744243847086145,-0.29847421946995023,0.29027091864054483,-0.6192273916044018,-31.4116,-64.2042,-0.31829378525569485,-0.45067662297312167,-0.23063899907489394,-0.236626527934406,-0.6057028633350752,-1.03323997639142,-1.1394297778614841,Cluster 0,Periferia Excluida NBI,Baja,<b>QUINTA SANTA ANA</b><hr>Tipología: <span style='color:#38bdf8'>Periferia Excluida NBI</span><br>Pob: 648.0<br>Score Infra: <b style='color:#e2e8f0'>Baja</b>
QUINTAS DE ARGUELLO,-0.45971291891595434,-0.3958815469306083,-0.3904461877873882,-0.7490129302708579,0.8248861171391112,1.0689531712988085,0.39275916217071455,-0.4889171865444709,-0.10793848166468102,-0.20042968347886214,-0.5490765103497621,2.8154322270033805,0.3188888414377209,-0.9743524354765697,0.6139020778240882,2.839200277970605,-0.41923022653073,3.954654269271583,1.3236369223147075,1.2605912671648705,0.8460434230488473,-0.49744243847086145,3.3503731135501913,0.29027091864054483,2.6905122811308906,-31.34,-64.2713,-0.3545255589100192,0.24235490385542607,0.2231241710251786,2.6808696734854496,-0.04221010194236202,-0.18506213287794576,-0.40822090466690975,Cluster 1,Núcleo Urbano Consolidado Mayor,Muy Alta,<b>QUINTAS DE ARGUELLO</b><hr>Tipología: <span style='color:#38bdf8'>Núcleo Urbano Consolidado Mayor</span><br>Pob: 649.0<br>Score Infra: <b style='color:#e2e8f0'>Muy Alta</b>
QUINTAS DE FLORES,-0.48927544742157275,-0.3986197661743339,-0.40562391232556805,-0.9237451798835615,-0.5518009520794055,-0.660755964257503,-0.3185713204273574,-0.4889171865444709,-0.10793848166468102,-0.5825353958420731,-0.5188565376366978,-0.2853478608449372,-1.0370819712844137,-1.2424653705764666,-0.4496412372007491,-0.7649522791493887,-0.41923022653073,-0.2772718104008337,2.0285743062861448,-0.647455543871472,-1.181972429259419,-0.49744243847086145,-0.29847421946995023,0.29027091864054483,0.7579039328269686,-31.4894,-64.1637,-0.2639461247742084,-0.9389633473461609,-0.6980434132534966,0.0422672818329147,-0.6057028633350752,-1.3448155107433089,-1.1394297778614841,Cluster 0,Periferia Excluida NBI,Muy Alta,<b>QUINTAS DE FLORES</b><hr>Tipología: <span style='color:#38bdf8'>Periferia Excluida NBI</span><br>Pob: 500.0<br>Score Infra: <b style='color:#e2e8f0'>Muy Alta</b>
QUINTAS DE ITALIA,-0.48927544742157275,-0.3986197661743339,-0.3828573255182983,-0.6562978590477905,-0.5518009520794055,-0.660755964257503,-0.3185713204273574,-0.4889171865444709,-1.0306992777141402,-0.7735882520236786,-0.23478879413389345,-0.2853478608449372,-1.0370819712844137,-1.2424653705764666,-0.4496412372007491,-0.7649522791493887,-0.41923022653073,-0.2772718104008337,-1.0430482818246931,-0.647455543871472,-1.181972429259419,-0.49744243847086145,-0.29847421946995023,-3.445057481760149,-1.2338549214072352,-31.498,-64.1772,-0.15525080381123557,-1.1288148338011603,-0.9057744763512444,-0.5232478739925088,-0.6057028633350752,-1.3448155107433089,-1.1394297778614841,Cluster 0,Periferia Excluida NBI,Muy Baja,<b>QUINTAS DE ITALIA</b><hr>Tipología: <span style='color:#38bdf8'>Periferia Excluida NBI</span><br>Pob: 500.0<br>Score Infra: <b style='color:#e2e8f0'>Muy Baja</b>
QUINTAS DE SAN JORGE,-0.2835281852717316,-0.3219496273500157,-0.05653624794743255,1.4886296540550927,-0.35513137076247453,-0.31481413714624074,-0.3185713204273574,1.901887855657992,-0.6615949592943564,-0.39148253966046764,-0.3798446631566021,-0.2853478608449372,1.6748596541598555,-0.08648613885729851,-0.4496412372007491,-0.27724557317915943,3.1311583416483106,-0.2772718104008337,-0.6437373453702842,0.9634262868607029,0.8460434230488473,2.0102828441296667,-0.29847421946995023,0.29027091864054483,0.43634027331507486,-31.374,-64.1306,-0.34848692996763175,2.0257494286723543,0.8843898712149022,0.6889215687115512,-0.04221010194236202,2.151754374761218,1.7854057149168137,Cluster 4,Area de Transición (Estrato 4),Alta,<b>QUINTAS DE SAN JORGE</b><hr>Tipología: <span style='color:#38bdf8'>Area de Transición (Estrato 4)</span><br>Pob: 1537.0<br>Score Infra: <b style='color:#e2e8f0'>Alta</b>
RAMON J CARCANO,-0.18551550687055374,-0.2168020083909506,-0.026180798871072938,0.75225803068727,0.038207791871387384,0.37706951707628394,-0.3185713204273574,-0.4889171865444709,-0.47704280008446465,-0.009376827297256658,-0.2831407504747963,-0.2853478608449372,0.3188888414377209,0.20121966457682072,-0.4496412372007491,0.34551837444436406,-0.41923022653073,-0.2772718104008337,-0.5899839500783445,-0.03826733424792853,0.8460434230488473,-0.49744243847086145,-0.29847421946995023,0.29027091864054483,-0.3880026866042108,-31.4637,-64.1377,0.502959750908989,-1.102061767567576,-0.9782139986557814,-0.486366450786503,1.0847754208430642,0.9400717411705407,1.7854057149168137,Cluster 4,Area de Transición (Estrato 4),Media,<b>RAMON J CARCANO</b><hr>Tipología: <span style='color:#38bdf8'>Area de Transición (Estrato 4)</span><br>Pob: 2031.0<br>Score Infra: <b style='color:#e2e8f0'>Media</b>
RECREO DEL NORTE,-0.1853171006389724,-0.2414459815844815,0.057296686088915985,1.3103314401645787,-0.5518009520794055,-0.660755964257503,-0.3185713204273574,-0.4889171865444709,-1.0306992777141402,-0.7735882520236786,-0.45841659221056924,-0.2853478608449372,-1.0370819712844137,0.20121966457682072,-0.4496412372007491,-0.7649522791493887,-0.41923022653073,-0.2772718104008337,-1.0430482818246931,-0.647455543871472,-1.181972429259419,-0.49744243847086145,-0.29847421946995023,-3.445057481760149,-1.2338549214072352,-31.3124,-64.1673,-0.10090314332974913,-0.562982211518699,-0.6412203131688966,-0.5232478739925088,-0.6057028633350752,1.5459130579658797,1.7854057149168137,Cluster 4,Area de Transición (Estrato 4),Muy Baja,<b>RECREO DEL NORTE</b><hr>Tipología: <span style='color:#38bdf8'>Area de Transición (Estrato 4)</span><br>Pob: 2032.0<br>Score Infra: <b style='color:#e2e8f0'>Muy Baja</b>
REMEDIOS DE ESCALADA,0.31724588395654113,0.1796921381005239,0.7327054280379173,1.2051354939691754,0.8248861171391112,1.7608368255213334,-0.3185713204273574,-0.4889171865444709,-1.0306992777141402,-0.7735882520236786,-0.44632860312534356,-0.2853478608449372,0.3188888414377209,1.0354633741761132,-0.4496412372007491,0.3830342749036125,-0.41923022653073,-0.2772718104008337,-1.0430482818246931,-0.37629249934391906,0.8460434230488473,-0.49744243847086145,-0.29847421946995023,-3.445057481760149,-0.6627836732439727,-31.3421,-64.187,1.0705908714934027,-0.9992388072274785,-0.8911102749983767,-0.5077928014109444,3.3387464664139164,0.611186454910214,1.7854057149168137,Cluster 4,Area de Transición (Estrato 4),Baja,<b>REMEDIOS DE ESCALADA</b><hr>Tipología: <span style='color:#38bdf8'>Area de Transición (Estrato 4)</span><br>Pob: 4565.0<br>Score Infra: <b style='color:#e2e8f0'>Baja</b>
RENACIMIENTO,-0.007743523373680419,-0.12534548565051382,0.133185308779815,0.8877646732440606,-0.35513137076247453,-0.31481413714624074,-0.3185713204273574,-0.4889171865444709,0.1688897571501567,-0.5825353958420731,-0.5369885212645364,-0.2853478608449372,0.3188888414377209,0.5776089773132136,-0.4496412372007491,-0.5098441560264995,-0.41923022653073,-0.2772718104008337,-0.36114806726408705,-0.22399544693803322,0.8460434230488473,-0.49744243847086145,-0.29847421946995023,0.29027091864054483,-0.6649346007323466,-31.4183,-64.1213,-0.24583023794704628,0.8680034754013183,0.2916623084057803,-0.3802884526130384,-0.04221010194236202,1.580532561782757,1.7854057149168137,Cluster 4,Area de Transición (Estrato 4),Baja,<b>RENACIMIENTO</b><hr>Tipología: <span style='color:#38bdf8'>Area de Transición (Estrato 4)</span><br>Pob: 2927.0<br>Score Infra: <b style='color:#e2e8f0'>Baja</b>
RENE FAVALORO,-0.38769145685193085,-0.3460459566948014,-0.39803505005647816,-0.8631237871607867,0.038207791871387384,0.37706951707628394,-0.3185713204273574,-0.4889171865444709,-0.5693188796894105,-0.5825353958420731,1.0646700325278713,-0.2853478608449372,0.3188888414377209,-0.5164980386136702,-0.4496412372007491,1.455989028038117,-0.41923022653073,-0.2772718104008337,-0.2843575025613161,0.5758736250473511,0.8460434230488473,-0.49744243847086145,-0.29847421946995023,0.29027091864054483,0.36267100683826986,-31.4092,-64.2319,-0.336409672082857,0.4586829544838961,0.29299541761967723,0.42478032822663275,1.0847754208430642,0.24768166483301063,-1.1394297778614841,Cluster 0,Periferia Excluida NBI,Alta,<b>RENE FAVALORO</b><hr>Tipología: <span style='color:#38bdf8'>Periferia Excluida NBI</span><br>Pob: 1012.0<br>Score Infra: <b style='color:#e2e8f0'>Alta</b>
RENE FAVALORO II,-0.283726591503313,-0.2507559270131487,-0.3373241519037589,-0.5831955913526797,-0.5518009520794055,-0.660755964257503,-0.3185713204273574,-0.4889171865444709,-0.6615949592943564,-0.39148253966046764,-0.5490765103497621,-0.2853478608449372,0.3188888414377209,-0.08648613885729851,-0.4496412372007491,-0.7649522791493887,-0.41923022653073,-0.2772718104008337,-0.6437373453702842,0.15860446520358243,-1.181972429259419,-0.49744243847086145,-0.29847421946995023,0.29027091864054483,-0.9752058909302773,-31.4488,-64.2361,-0.3062165273709201,0.538251892646092,0.4271714996828923,-0.41752112746862535,-0.6057028633350752,-0.011964613793563056,0.3229879685276647,Cluster 2,Area de Transición (Estrato 2),Muy Baja,<b>RENE FAVALORO II</b><hr>Tipología: <span style='color:#38bdf8'>Area de Transición (Estrato 2)</span><br>Pob: 1536.0<br>Score Infra: <b style='color:#e2e8f0'>Muy Baja</b>
RES CHATEAU CARRERAS CO VI CO,-0.48927544742157275,-0.3986197661743339,-0.40562391232556805,-0.9237451798835615,-0.5518009520794055,-0.660755964257503,-0.3185713204273574,-0.4889171865444709,-0.5693188796894105,-0.39148253966046764,-0.5490765103497621,-0.2853478608449372,-1.0370819712844137,-1.2424653705764666,-0.4496412372007491,-0.7649522791493887,-0.41923022653073,-0.2772718104008337,0.4927630122307259,-0.647455543871472,-1.181972429259419,-0.49744243847086145,-0.29847421946995023,0.29027091864054483,-0.23797549429013332,-31.3911,-64.2626,-0.37868007467956866,1.1151266943220122,1.5494318073003177,1.10304726356756,-0.6057028633350752,-1.3448155107433089,-1.1394297778614841,Cluster 0,Periferia Excluida NBI,Media,<b>RES CHATEAU CARRERAS CO VI CO</b><hr>Tipología: <span style='color:#38bdf8'>Periferia Excluida NBI</span><br>Pob: 500.0<br>Score Infra: <b style='color:#e2e8f0'>Media</b>
RESIDENCIAL AMERICA,0.7753658726778363,0.6873579858872599,-0.026180798871072938,-0.5154422700742844,0.6282165358221802,0.37706951707628394,0.7484244034697505,-0.4889171865444709,0.1688897571501567,-0.009376827297256658,-0.16226085962253914,2.8154322270033805,0.3188888414377209,1.4582568487567187,1.4097002226328827,-0.11217561115846647,-0.41923022653073,3.6600350972186755,-0.752779947248219,-0.4679183682710374,0.8460434230488473,-0.49744243847086145,3.3503731135501913,0.29027091864054483,-0.1653816915575153,-31.3824,-64.1619,0.11044886965380919,0.2372943193883105,0.2262474554691659,-0.44105498799055287,-0.6057028633350752,-0.21968163669482232,0.3229879685276647,Cluster 2,Area de Transición (Estrato 2),Media,<b>RESIDENCIAL AMERICA</b><hr>Tipología: <span style='color:#38bdf8'>Area de Transición (Estrato 2)</span><br>Pob: 6874.0<br>Score Infra: <b style='color:#e2e8f0'>Media</b>
RESIDENCIAL ARAGON,-0.24741825112392926,-0.27156639326546367,0.011763512474376573,1.3459910829426815,-0.5518009520794055,-0.660755964257503,-0.3185713204273574,-0.4889171865444709,-0.5693188796894105,-0.5825353958420731,-0.5188565376366978,-0.2853478608449372,-1.0370819712844137,0.029008663954964545,-0.4496412372007491,-0.7649522791493887,-0.41923022653073,-0.2772718104008337,-0.5961271952545661,-0.647455543871472,-1.181972429259419,-0.49744243847086145,-0.29847421946995023,0.29027091864054483,-0.9440174423488562,-31.3715,-64.1308,-0.31829378525569485,1.0710793193788744,0.5078164452305183,-0.3880159889038206,-0.6057028633350752,1.217027771705553,1.7854057149168137,Cluster 4,Area de Transición (Estrato 4),Muy Baja,<b>RESIDENCIAL ARAGON</b><hr>Tipología: <span style='color:#38bdf8'>Area de Transición (Estrato 4)</span><br>Pob: 1719.0<br>Score Infra: <b style='color:#e2e8f0'>Muy Baja</b>
RESIDENCIAL OLIVOS,-0.39582611234676546,-0.33783129896362446,-0.37526846324920843,-0.6937404839647985,-0.35513137076247453,-0.31481413714624074,-0.3185713204273574,-0.4889171865444709,-0.7538710388993024,-0.20042968347886214,0.16411484567855528,-0.2853478608449372,0.3188888414377209,-0.5598085896682695,-0.4496412372007491,0.007875270311128457,-0.41923022653073,-0.2772718104008337,-0.5684825919615687,0.6278774966005805,0.8460434230488473,-0.49744243847086145,-0.29847421946995023,0.29027091864054483,-0.5417940020229425,-31.4328,-64.2107,-0.28206201160137057,-0.4056346363029566,-0.3250829853018789,-0.29704181166233945,-0.04221010194236202,-0.27161089242013675,-1.1394297778614841,Cluster 0,Periferia Excluida NBI,Baja,<b>RESIDENCIAL OLIVOS</b><hr>Tipología: <span style='color:#38bdf8'>Periferia Excluida NBI</span><br>Pob: 971.0<br>Score Infra: <b style='color:#e2e8f0'>Baja</b>
RESIDENCIAL SAN CARLOS,-0.019449491036978996,-0.010887921262781524,-0.2766132537510397,-0.5903275199083003,-0.5518009520794055,-0.660755964257503,-0.3185713204273574,-0.4889171865444709,-0.01566240205973512,0.5637817412475599,3.5124878222860794,5.916212314851698,-1.0370819712844137,0.5569849053824519,-0.4496412372007491,-0.7649522791493887,-0.41923022653073,3.954654269271583,-0.45329674490741223,-0.647455543871472,-1.181972429259419,-0.49744243847086145,3.3503731135501913,0.29027091864054483,-0.25410745045293737,-31.444,-64.1657,-0.13713491698407343,-0.07479096987145419,-0.048318629972653626,-0.3778296910659714,-0.6057028633350752,-0.20237188478638365,0.3229879685276647,Cluster 2,Area de Transición (Estrato 2),Media,<b>RESIDENCIAL SAN CARLOS</b><hr>Tipología: <span style='color:#38bdf8'>Area de Transición (Estrato 2)</span><br>Pob: 2868.0<br>Score Infra: <b style='color:#e2e8f0'>Media</b>
RESIDENCIAL SAN JORGE,-0.14404860447005538,-0.18832452825620383,0.1407741710489049,1.274671797386476,-0.15846178944554357,0.031127689965021584,-0.3185713204273574,-0.4889171865444709,-0.9384231981091942,-0.5825353958420731,-0.3617126795287635,-0.2853478608449372,0.3188888414377209,0.3022776170375507,-0.4496412372007491,-0.09716925097476709,-0.41923022653073,-0.2772718104008337,-0.9739367735921992,-0.09522395547289397,0.8460434230488473,-0.49744243847086145,-0.29847421946995023,0.29027091864054483,-0.8569048790697145,-31.3689,-64.1298,-0.3424483010252444,3.08445791383636,2.0064978234935964,-0.27702046763622196,0.5212826594503511,0.9746912449874172,1.0541968417222392,Cluster 3,Area de Transición (Estrato 3),Muy Baja,<b>RESIDENCIAL SAN JORGE</b><hr>Tipología: <span style='color:#38bdf8'>Area de Transición (Estrato 3)</span><br>Pob: 2240.0<br>Score Infra: <b style='color:#e2e8f0'>Muy Baja</b>
RESIDENCIAL SAN ROQUE,2.1017115307990397,1.3527452621125935,3.396396084488473,1.7043704928626149,1.021555698456042,2.106778652632596,-0.3185713204273574,1.901887855657992,0.07661367754521078,-0.39148253966046764,-0.005117001514604782,-0.2853478608449372,1.6748596541598555,2.1584440908060634,-0.4496412372007491,-0.32226465373025753,-0.015653031376737646,-0.2772718104008337,-0.9063610766537609,-0.4642038060172353,0.8460434230488473,2.0102828441296667,-0.29847421946995023,0.29027091864054483,-0.7923770544184983,-31.427,-64.2473,0.5452301535057007,0.3465524176022755,0.006469438087466917,-0.5049827882142964,3.9022392278066294,1.2343375236139917,1.7854057149168137,Cluster 4,Area de Transición (Estrato 4),Muy Baja,<b>RESIDENCIAL SAN ROQUE</b><hr>Tipología: <span style='color:#38bdf8'>Area de Transición (Estrato 4)</span><br>Pob: 13559.0<br>Score Infra: <b style='color:#e2e8f0'>Muy Baja</b>
RESIDENCIAL SANTA ANA,-0.28154412295591835,-0.24856535161816817,-0.3069687028273993,-0.43520807382355314,-0.5518009520794055,-0.660755964257503,-0.3185713204273574,-0.4889171865444709,0.5379940755699403,0.3727288850659543,-0.5490765103497621,-0.2853478608449372,0.3188888414377209,-0.07926771368153242,-0.4496412372007491,-0.7649522791493887,-0.41923022653073,-0.2772718104008337,0.6448083303422124,0.1524135281139123,-1.181972429259419,-0.49744243847086145,-0.29847421946995023,0.29027091864054483,-0.13957056169702886,-31.4238,-64.215,-0.22771435111988414,-0.3102553501279325,-0.2818358341506386,-0.27666921598664096,-0.6057028633350752,-0.029274365702001714,-1.1394297778614841,Cluster 0,Periferia Excluida NBI,Media,<b>RESIDENCIAL SANTA ANA</b><hr>Tipología: <span style='color:#38bdf8'>Periferia Excluida NBI</span><br>Pob: 1547.0<br>Score Infra: <b style='color:#e2e8f0'>Media</b>
RESIDENCIAL SANTA ROSA,-0.044647082447808135,-0.11767847176808198,-0.07930283475470225,0.1513930498762379,0.6282165358221802,0.7230113441875463,0.39275916217071455,-0.4889171865444709,-0.38476672047951876,-0.39148253966046764,-0.5490765103497621,-0.2853478608449372,0.3188888414377209,0.5095495399417017,0.7886801750484498,0.8782441609656914,-0.41923022653073,-0.2772718104008337,-0.6514164018405613,-0.1955171363255505,0.8460434230488473,-0.49744243847086145,-0.29847421946995023,0.29027091864054483,-0.16269303219704795,-31.4777,-64.2053,-0.2337529800622715,0.5759059034078973,0.21438006283443328,-0.2735079511404119,-0.22816271320195738,0.9746912449874172,0.3229879685276647,Cluster 2,Area de Transición (Estrato 2),Media,<b>RESIDENCIAL SANTA ROSA</b><hr>Tipología: <span style='color:#38bdf8'>Area de Transición (Estrato 2)</span><br>Pob: 2741.0<br>Score Infra: <b style='color:#e2e8f0'>Media</b>
RESIDENCIAL SUD,-0.4005878619047174,-0.3537129705772332,-0.36767960098011854,-0.6081573412973518,-0.35513137076247453,-0.31481413714624074,-0.3185713204273574,-0.4889171865444709,2.56806782687875,1.1369403097923763,-0.36775667407137635,-0.2853478608449372,0.3188888414377209,-0.5855886795817206,-0.4496412372007491,0.03038481058667752,-0.41923022653073,-0.2772718104008337,2.6428988239083124,0.6600703694668653,0.8460434230488473,-0.49744243847086145,-0.29847421946995023,0.29027091864054483,1.5515961760369266,-31.4664,-64.2254,-0.28810064054375795,-0.37993188005311324,-0.36360167969035767,0.43426412276532,-0.04221010194236202,0.143823153382381,-0.40822090466690975,Cluster 1,Núcleo Urbano Consolidado Mayor,Muy Alta,<b>RESIDENCIAL SUD</b><hr>Tipología: <span style='color:#38bdf8'>Núcleo Urbano Consolidado Mayor</span><br>Pob: 947.0<br>Score Infra: <b style='color:#e2e8f0'>Muy Alta</b>
RESIDENCIAL VELEZ SARSFIELD,0.03868353481635123,0.04661468285545718,-0.36009073871102865,-0.8185492336881582,-0.15846178944554357,0.031127689965021584,-0.3185713204273574,-0.4889171865444709,0.2611658367551026,0.18167602888434883,1.6992894595022217,-0.2853478608449372,0.3188888414377209,0.6570116542466434,-0.4496412372007491,-0.2922519333628588,-0.41923022653073,-0.2772718104008337,-0.36268387855814255,-0.256188319804318,0.8460434230488473,-0.49744243847086145,-0.29847421946995023,0.29027091864054483,-0.557388226313653,-31.4489,-64.2091,-0.12505765909929864,-0.004459985429889355,0.027059173864554694,-0.4273561736568936,0.5212826594503511,-0.27161089242013675,0.3229879685276647,Cluster 2,Area de Transición (Estrato 2),Baja,<b>RESIDENCIAL VELEZ SARSFIELD</b><hr>Tipología: <span style='color:#38bdf8'>Area de Transición (Estrato 2)</span><br>Pob: 3161.0<br>Score Infra: <b style='color:#e2e8f0'>Baja</b>
RIVADAVIA,0.027572785847796648,0.07454451914145883,-0.2159023555983205,-0.5047443772408536,-0.5518009520794055,-0.660755964257503,-0.3185713204273574,-0.4889171865444709,0.2611658367551026,1.3279931659739819,-0.32544871227308636,-0.2853478608449372,0.3188888414377209,0.6384499895089595,-0.4496412372007491,-0.7649522791493887,-0.41923022653073,-0.2772718104008337,-0.3503973882056992,-0.24875919529671384,-1.181972429259419,-0.49744243847086145,-0.29847421946995023,0.29027091864054483,-0.7848488082091899,-31.4324,-64.1487,-0.1975212064079472,0.4452258578172148,0.5315947605967638,-0.4368399681955808,-0.6057028633350752,-0.6178059305889022,0.3229879685276647,Cluster 2,Area de Transición (Estrato 2),Baja,<b>RIVADAVIA</b><hr>Tipología: <span style='color:#38bdf8'>Area de Transición (Estrato 2)</span><br>Pob: 3105.0<br>Score Infra: <b style='color:#e2e8f0'>Baja</b>
RIVERA INDARTE,-0.24285490779755864,-0.22501666612212756,-0.23108008013650028,-0.13031812807077423,-0.5518009520794055,-0.660755964257503,-0.3185713204273574,-0.4889171865444709,-0.47704280008446465,-0.39148253966046764,1.2701658469767085,-0.2853478608449372,0.3188888414377209,0.04241431070995925,-0.4496412372007491,-0.7649522791493887,-0.41923022653073,-0.2772718104008337,-0.514729196669629,0.06326403402266208,-1.181972429259419,-0.49744243847086145,-0.29847421946995023,0.29027091864054483,-0.8913197188836963,-31.334,-64.2963,0.24933733532871902,-1.0505488370013705,-0.9107260248600049,-0.5025240266672294,-0.6057028633350752,0.16113290529081967,-1.1394297778614841,Cluster 0,Periferia Excluida NBI,Muy Baja,<b>RIVERA INDARTE</b><hr>Tipología: <span style='color:#38bdf8'>Periferia Excluida NBI</span><br>Pob: 1742.0<br>Score Infra: <b style='color:#e2e8f0'>Muy Baja</b>
ROCIO,-0.48927544742157275,-0.3986197661743339,-0.40562391232556805,-0.9237451798835615,-0.5518009520794055,-0.660755964257503,-0.3185713204273574,-0.4889171865444709,-0.7538710388993024,-0.5825353958420731,-0.5490765103497621,-0.2853478608449372,0.3188888414377209,-1.2424653705764666,-0.4496412372007491,-0.7649522791493887,-0.41923022653073,-0.2772718104008337,-0.12156150539144173,1.8289192919965909,-1.181972429259419,-0.49744243847086145,-0.29847421946995023,0.29027091864054483,-0.6364348115113927,-31.3682,-64.2805,-0.4028345904491182,-1.371402623246609,-1.1711992414691983,-0.5232478739925088,-0.6057028633350752,-1.3448155107433089,-1.1394297778614841,Cluster 0,Periferia Excluida NBI,Baja,<b>ROCIO</b><hr>Tipología: <span style='color:#38bdf8'>Periferia Excluida NBI</span><br>Pob: 500.0<br>Score Infra: <b style='color:#e2e8f0'>Baja</b>
ROCIO DEL SUR,-0.48927544742157275,-0.3986197661743339,-0.40562391232556805,-0.9237451798835615,-0.5518009520794055,-0.660755964257503,-0.3185713204273574,-0.4889171865444709,-0.6615949592943564,-0.5825353958420731,-0.5490765103497621,-0.2853478608449372,-1.0370819712844137,-1.2424653705764666,-0.4496412372007491,-0.7649522791493887,-0.41923022653073,-0.2772718104008337,0.18560075341964208,-0.647455543871472,-1.181972429259419,-0.49744243847086145,-0.29847421946995023,0.29027091864054483,-0.43747401883680975,-31.4869,-64.1913,-0.36660281679479395,0.28628292539132033,0.6425529772897798,0.34364119717341984,-0.6057028633350752,-1.3448155107433089,-1.1394297778614841,Cluster 0,Periferia Excluida NBI,Media,<b>ROCIO DEL SUR</b><hr>Tipología: <span style='color:#38bdf8'>Periferia Excluida NBI</span><br>Pob: 500.0<br>Score Infra: <b style='color:#e2e8f0'>Media</b>
ROGELIO MARTINEZ,-0.34959746038831513,-0.29456743491275916,-0.3828573255182983,-0.7864555551878656,1.2182252797729731,2.4527204797438578,-0.3185713204273574,-0.4889171865444709,0.07661367754521078,0.5637817412475599,-0.470504581295795,-0.2853478608449372,0.3188888414377209,-0.3380998164125854,-0.4496412372007491,2.839200277970605,-0.41923022653073,-0.2772718104008337,0.4881555783485597,0.38147820043170816,0.8460434230488473,-0.49744243847086145,-0.29847421946995023,0.29027091864054483,1.5515961760369266,-31.4382,-64.1782,-0.209598464292722,-0.6229572986584541,-0.5080454233316288,0.04542854667914374,4.465731989199343,-0.32354014814545196,-0.40822090466690975,Cluster 1,Núcleo Urbano Consolidado Mayor,Muy Alta,<b>ROGELIO MARTINEZ</b><hr>Tipología: <span style='color:#38bdf8'>Núcleo Urbano Consolidado Mayor</span><br>Pob: 1204.0<br>Score Infra: <b style='color:#e2e8f0'>Muy Alta</b>
ROSEDAL,-0.12936654333303682,-0.0946774301207865,-0.36009073871102865,-0.7828895909100554,-0.15846178944554357,0.031127689965021584,-0.3185713204273574,-0.4889171865444709,-0.9384231981091942,-0.5825353958420731,0.5751064745762298,-0.2853478608449372,1.6748596541598555,0.3352761321267687,-0.4496412372007491,-0.11967879125031615,-0.41923022653073,-0.2772718104008337,-0.9770083961803102,0.42233838522353123,0.8460434230488473,-0.49744243847086145,-0.29847421946995023,0.29027091864054483,-0.8703481758720512,-31.434,-64.2262,-0.1975212064079472,-0.01756101109829484,0.03708197864822163,-0.45334879572588815,0.5212826594503511,-0.3754694038707664,0.3229879685276647,Cluster 2,Area de Transición (Estrato 2),Muy Baja,<b>ROSEDAL</b><hr>Tipología: <span style='color:#38bdf8'>Area de Transición (Estrato 2)</span><br>Pob: 2314.0<br>Score Infra: <b style='color:#e2e8f0'>Muy Baja</b>
ROSEDAL ANEXO,-0.40673845508373874,-0.35042710748476247,-0.36009073871102865,-0.5528848949912923,0.038207791871387384,0.37706951707628394,-0.3185713204273574,-0.4889171865444709,-0.5693188796894105,-0.20042968347886214,-0.5490765103497621,-0.2853478608449372,1.6748596541598555,-0.619618398267477,-0.4496412372007491,1.6960907909773066,-0.41923022653073,-0.2772718104008337,-0.20449531527043435,2.0555075894785184,0.8460434230488473,-0.49744243847086145,-0.29847421946995023,0.29027091864054483,0.5336697421639924,-31.4394,-64.2286,-0.31829378525569485,-0.06988156638684682,-0.051855450336053995,0.3014909992236988,1.0847754208430642,-0.16775238096950712,-1.1394297778614841,Cluster 0,Periferia Excluida NBI,Alta,<b>ROSEDAL ANEXO</b><hr>Tipología: <span style='color:#38bdf8'>Periferia Excluida NBI</span><br>Pob: 916.0<br>Score Infra: <b style='color:#e2e8f0'>Alta</b>
SACHI,-0.37955680135709624,-0.36849935449335175,-0.19313576879105077,1.0339692086342822,-0.15846178944554357,0.031127689965021584,-0.3185713204273574,-0.4889171865444709,-0.10793848166468102,-0.39148253966046764,-0.5369885212645364,-0.2853478608449372,0.3188888414377209,-0.4762810983486861,-0.4496412372007491,0.6606519383020506,-0.41923022653073,-0.2772718104008337,0.4159724475279549,0.5288225031658579,0.8460434230488473,-0.49744243847086145,-0.29847421946995023,0.29027091864054483,0.4212837808964579,-31.4537,-64.2663,-0.31225515631330747,0.025032241499928592,-0.2461846848875629,0.19752051094772038,0.5212826594503511,1.4766740503321267,1.7854057149168137,Cluster 4,Area de Transición (Estrato 4),Alta,<b>SACHI</b><hr>Tipología: <span style='color:#38bdf8'>Area de Transición (Estrato 4)</span><br>Pob: 1053.0<br>Score Infra: <b style='color:#e2e8f0'>Alta</b>
SAN ANTONIO,-0.48927544742157275,-0.3986197661743339,-0.37526846324920843,-0.5671487521025335,-0.5518009520794055,-0.660755964257503,-0.3185713204273574,-0.4889171865444709,-0.01566240205973512,-0.39148253966046764,-0.5369885212645364,-0.2853478608449372,0.3188888414377209,-1.2424653705764666,-0.4496412372007491,-0.7649522791493887,-0.41923022653073,-0.2772718104008337,2.3357365650972284,1.8289192919965909,-1.181972429259419,-0.49744243847086145,-0.29847421946995023,0.29027091864054483,0.9568647255015513,-31.4744,-64.1905,-0.28206201160137057,-0.8740967597328848,-0.6270730317152952,0.19225173620400524,-0.6057028633350752,-1.3448155107433089,-0.40822090466690975,Cluster 1,Núcleo Urbano Consolidado Mayor,Muy Alta,<b>SAN ANTONIO</b><hr>Tipología: <span style='color:#38bdf8'>Núcleo Urbano Consolidado Mayor</span><br>Pob: 500.0<br>Score Infra: <b style='color:#e2e8f0'>Muy Alta</b>
SAN CAYETANO,-0.48927544742157275,-0.3986197661743339,-0.36009073871102865,-0.38885053821201954,-0.5518009520794055,-0.660755964257503,-0.3185713204273574,-0.4889171865444709,-0.20021456126962692,0.9458874536107709,-0.46446058675318214,-0.2853478608449372,-1.0370819712844137,-1.2424653705764666,-0.4496412372007491,-0.7649522791493887,-0.41923022653073,-0.2772718104008337,1.721412047475061,-0.647455543871472,-1.181972429259419,-0.49744243847086145,-0.29847421946995023,0.29027091864054483,0.558405408280292,-31.4367,-64.1435,-0.3726414457371813,0.6178208308082879,1.0053055975464145,1.8181956221144933,-0.6057028633350752,-1.3448155107433089,-1.1394297778614841,Cluster 0,Periferia Excluida NBI,Alta,<b>SAN CAYETANO</b><hr>Tipología: <span style='color:#38bdf8'>Periferia Excluida NBI</span><br>Pob: 500.0<br>Score Infra: <b style='color:#e2e8f0'>Alta</b>
SAN DANIEL,-0.31884449449320873,-0.25897058474432566,-0.3069687028273993,-0.4138122881566915,-0.5518009520794055,-0.660755964257503,-0.3185713204273574,1.901887855657992,-0.2924906408745728,1.3279931659739819,0.4058746273830697,-0.2853478608449372,0.3188888414377209,-0.21332418123148036,-0.4496412372007491,-0.7649522791493887,3.2113284060910634,-0.2772718104008337,-0.13845542962605137,0.26385039572797514,-1.181972429259419,2.0102828441296667,-0.29847421946995023,0.29027091864054483,0.5476507708384226,-31.449,-64.2027,-0.28206201160137057,-0.01972528621630659,0.06668788572093143,0.058424857713641025,-0.6057028633350752,-0.4966376672298339,-1.1394297778614841,Cluster 0,Periferia Excluida NBI,Alta,<b>SAN DANIEL</b><hr>Tipología: <span style='color:#38bdf8'>Periferia Excluida NBI</span><br>Pob: 1359.0<br>Score Infra: <b style='color:#e2e8f0'>Alta</b>
SAN FELIPE,-0.08194745398509852,-0.14287008881035798,-0.07171397248561234,0.25302303179383073,0.43154695450524927,1.0689531712988085,-0.3185713204273574,-0.4889171865444709,-0.6615949592943564,-0.20042968347886214,-0.428196619497505,-0.2853478608449372,0.3188888414377209,0.4363340845874986,-0.4496412372007491,0.7056710188531488,-0.41923022653073,-0.2772718104008337,-0.8019259086579923,-0.16208607604133166,0.8460434230488473,-0.49744243847086145,-0.29847421946995023,0.29027091864054483,-0.34605960058092033,-31.4568,-64.136,0.08025572494187233,-0.73659168847134,-0.7175340140868816,-0.4508900341788211,2.2117609436284904,0.9573814930789794,0.3229879685276647,Cluster 2,Area de Transición (Estrato 2),Media,<b>SAN FELIPE</b><hr>Tipología: <span style='color:#38bdf8'>Area de Transición (Estrato 2)</span><br>Pob: 2553.0<br>Score Infra: <b style='color:#e2e8f0'>Media</b>
SAN FERNANDO,0.2237965488817338,0.3746533482537904,0.08765213516527559,-0.20520337790479007,0.23487737318831833,0.031127689965021584,0.39275916217071455,-0.4889171865444709,-0.20021456126962692,-0.009376827297256658,0.9377461471330013,-0.2853478608449372,-1.0370819712844137,0.9240933857500019,1.4097002226328827,-0.029640630148119983,-0.41923022653073,-0.2772718104008337,-0.7051697971325009,-0.647455543871472,0.8460434230488473,-0.49744243847086145,-0.29847421946995023,0.29027091864054483,-0.649340376441636,-31.4476,-64.1905,-0.08882588544497436,0.1947289159184437,0.5155920087679016,-0.4498362792300781,-0.6057028633350752,-1.2755765031095556,0.3229879685276647,Cluster 2,Area de Transición (Estrato 2),Baja,<b>SAN FERNANDO</b><hr>Tipología: <span style='color:#38bdf8'>Area de Transición (Estrato 2)</span><br>Pob: 4094.0<br>Score Infra: <b style='color:#e2e8f0'>Baja</b>
SAN FRANCISCO,-0.36566836514640305,-0.3099014626776228,-0.3904461877873882,-0.8256811622437789,-0.35513137076247453,-0.31481413714624074,-0.3185713204273574,-0.4889171865444709,-0.47704280008446465,-0.009376827297256658,0.25477476381774816,-0.2853478608449372,-1.0370819712844137,-0.4092528645737117,-0.4496412372007491,-0.09716925097476709,-0.41923022653073,-0.2772718104008337,-0.2229250507990994,-0.647455543871472,0.8460434230488473,-0.49744243847086145,-0.29847421946995023,0.29027091864054483,-0.3702575348251264,-31.4261,-64.2114,-0.24583023794704628,-0.5122112613008559,-0.4136068783667414,-0.30617435455144565,-0.04221010194236202,-0.30623039623701326,-1.1394297778614841,Cluster 0,Periferia Excluida NBI,Media,<b>SAN FRANCISCO</b><hr>Tipología: <span style='color:#38bdf8'>Periferia Excluida NBI</span><br>Pob: 1123.0<br>Score Infra: <b style='color:#e2e8f0'>Media</b>
SAN IGNACIO,-0.03552039579506688,-0.0946774301207865,0.21666279373980393,1.0125734229674204,-0.35513137076247453,-0.31481413714624074,-0.3185713204273574,-0.4889171865444709,0.5379940755699403,-0.20042968347886214,0.5448865018631655,-0.2853478608449372,0.3188888414377209,0.5270800010828481,-0.4496412372007491,-0.4948377958428002,-0.41923022653073,-0.2772718104008337,-0.10620339245088758,-0.2029462608331547,0.8460434230488473,-0.49744243847086145,-0.29847421946995023,0.29027091864054483,-0.4923226697903435,-31.3901,-64.2483,-0.10694177227213653,-0.23998006394308094,-0.33279869495618924,-0.4245461604602455,-0.04221010194236202,0.7150449663608436,1.7854057149168137,Cluster 4,Area de Transición (Estrato 4),Baja,<b>SAN IGNACIO</b><hr>Tipología: <span style='color:#38bdf8'>Area de Transición (Estrato 4)</span><br>Pob: 2787.0<br>Score Infra: <b style='color:#e2e8f0'>Baja</b>
SAN JAVIER,-0.26368756211359845,-0.28197162639162116,-0.13242487063833155,0.6310152452417206,-0.15846178944554357,0.031127689965021584,-0.3185713204273574,-0.4889171865444709,-0.38476672047951876,-0.5825353958420731,-0.48863656492363355,-0.2853478608449372,-1.0370819712844137,-0.021520312275400886,-0.4496412372007491,0.15043569205627236,-0.41923022653073,-0.2772718104008337,-0.3857210479689738,-0.647455543871472,0.8460434230488473,-0.49744243847086145,-0.29847421946995023,0.29027091864054483,-0.352512383046042,-31.4557,-64.1017,0.30368499581020536,-1.0930804236725182,-0.9791281306881681,-0.4740726430511677,0.5212826594503511,1.1824082678886765,-1.1394297778614841,Cluster 0,Periferia Excluida NBI,Media,<b>SAN JAVIER</b><hr>Tipología: <span style='color:#38bdf8'>Periferia Excluida NBI</span><br>Pob: 1637.0<br>Score Infra: <b style='color:#e2e8f0'>Media</b>
SAN JOSE,-0.4797519483056688,-0.3986197661743339,-0.3904461877873882,-0.7454469659930475,-0.35513137076247453,-0.31481413714624074,-0.3185713204273574,-0.4889171865444709,0.3534419163600485,-0.009376827297256658,0.33334669287171537,-0.2853478608449372,0.3188888414377209,-1.1486258432915026,-0.4496412372007491,0.6006264975672533,-0.41923022653073,-0.2772718104008337,2.6428988239083124,1.6122364938581353,0.8460434230488473,-0.49744243847086145,-0.29847421946995023,0.29027091864054483,1.8349808726301837,-31.3397,-64.2893,-0.31829378525569485,-0.5927628758493548,-0.39387686200106486,0.9084538496996813,-0.04221010194236202,-0.9293814649407903,-0.40822090466690975,Cluster 1,Núcleo Urbano Consolidado Mayor,Muy Alta,<b>SAN JOSE</b><hr>Tipología: <span style='color:#38bdf8'>Núcleo Urbano Consolidado Mayor</span><br>Pob: 548.0<br>Score Infra: <b style='color:#e2e8f0'>Muy Alta</b>
SAN LORENZO,-0.194046974828551,-0.16970463739886937,-0.2766132537510397,-0.43342509168464805,-0.15846178944554357,0.031127689965021584,-0.3185713204273574,1.901887855657992,1.4607548716193994,0.7548345974291654,-0.18039284325037772,-0.2853478608449372,0.3188888414377209,0.1785331854529831,-0.4496412372007491,-0.007131089872570919,2.3240039513403263,-0.2772718104008337,1.042583455502566,-0.024647272650654146,0.8460434230488473,2.0102828441296667,-0.29847421946995023,0.29027091864054483,1.3983425924902884,-31.4556,-64.1105,-0.18544394852317247,-0.2729096690015057,-0.2371141009709653,-0.045545630562337396,0.5212826594503511,-0.09851337333575402,-0.40822090466690975,Cluster 1,Núcleo Urbano Consolidado Mayor,Muy Alta,<b>SAN LORENZO</b><hr>Tipología: <span style='color:#38bdf8'>Núcleo Urbano Consolidado Mayor</span><br>Pob: 1988.0<br>Score Infra: <b style='color:#e2e8f0'>Muy Alta</b>
SAN LORENZO NORTE,-0.48927544742157275,-0.3986197661743339,-0.36767960098011854,-0.4779996451572765,-0.5518009520794055,-0.660755964257503,-0.3185713204273574,-0.4889171865444709,-0.6615949592943564,-0.39148253966046764,-0.26500876684695773,-0.2853478608449372,0.3188888414377209,-1.2424653705764666,-0.4496412372007491,-0.7649522791493887,-0.41923022653073,-0.2772718104008337,0.18560075341964208,1.8289192919965909,-1.181972429259419,-0.49744243847086145,-0.29847421946995023,0.29027091864054483,-0.43747401883680975,-31.375,-64.2167,-0.3726414457371813,0.6178208308082879,1.0053055975464145,0.5171595120664381,-0.6057028633350752,-1.3448155107433089,-1.1394297778614841,Cluster 0,Periferia Excluida NBI,Media,<b>SAN LORENZO NORTE</b><hr>Tipología: <span style='color:#38bdf8'>Periferia Excluida NBI</span><br>Pob: 500.0<br>Score Infra: <b style='color:#e2e8f0'>Media</b>
SAN LUIS DE FRANCIA,-0.48927544742157275,-0.3986197661743339,-0.37526846324920843,-0.5671487521025335,-0.35513137076247453,-0.31481413714624074,-0.3185713204273574,-0.4889171865444709,-0.47704280008446465,-0.5825353958420731,-0.4342406140401178,-0.2853478608449372,-1.0370819712844137,-1.2424653705764666,-0.4496412372007491,0.7356837392205475,-0.41923022653073,-0.2772718104008337,0.7999252710418097,-0.647455543871472,0.8460434230488473,-0.49744243847086145,-0.29847421946995023,0.29027091864054483,0.7073571368501824,-31.48,-64.2537,-0.36056418785240657,0.049471840856446986,0.38344551746706856,1.2881568828967516,-0.04221010194236202,-1.3448155107433089,-1.1394297778614841,Cluster 0,Periferia Excluida NBI,Muy Alta,<b>SAN LUIS DE FRANCIA</b><hr>Tipología: <span style='color:#38bdf8'>Periferia Excluida NBI</span><br>Pob: 500.0<br>Score Infra: <b style='color:#e2e8f0'>Muy Alta</b>
SAN MARCELO,-0.48927544742157275,-0.3986197661743339,-0.40562391232556805,-0.9237451798835615,-0.5518009520794055,-0.660755964257503,-0.3185713204273574,-0.4889171865444709,0.2611658367551026,1.3279931659739819,-0.5007245540088593,-0.2853478608449372,-1.0370819712844137,-1.2424653705764666,-0.4496412372007491,-0.7649522791493887,-0.41923022653073,-0.2772718104008337,2.6428988239083124,-0.647455543871472,-1.181972429259419,-0.49744243847086145,-0.29847421946995023,0.29027091864054483,1.1558255181761345,-31.3626,-64.2356,-0.34848692996763175,-0.2662775980056867,0.0379689043701203,1.2112327716385105,-0.6057028633350752,-1.3448155107433089,-0.40822090466690975,Cluster 1,Núcleo Urbano Consolidado Mayor,Muy Alta,<b>SAN MARCELO</b><hr>Tipología: <span style='color:#38bdf8'>Núcleo Urbano Consolidado Mayor</span><br>Pob: 500.0<br>Score Infra: <b style='color:#e2e8f0'>Muy Alta</b>
SAN MARTIN,2.021952225703344,1.878483356907919,1.1652705773760417,-0.07682866390362005,3.5782602555761445,3.8364877881889075,2.5267506099649304,1.901887855657992,0.7225462347798322,0.18167602888434883,3.8509515166723998,-0.2853478608449372,-1.0370819712844137,2.12750798290992,0.9671769551924784,0.4355565355465603,-0.004745539615818924,-0.2772718104008337,-0.8218914554807127,-0.647455543871472,0.8460434230488473,2.0102828441296667,-0.29847421946995023,0.29027091864054483,-0.35681423802278966,-31.3938,-64.1965,0.4727666061970521,0.43357696527026945,0.4641829644703528,-0.4839076892394359,-0.29014691695515576,-0.44470841150451945,0.3229879685276647,Cluster 2,Area de Transición (Estrato 2),Media,<b>SAN MARTIN</b><hr>Tipología: <span style='color:#38bdf8'>Area de Transición (Estrato 2)</span><br>Pob: 13157.0<br>Score Infra: <b style='color:#e2e8f0'>Media</b>
SAN MARTIN ANEXO,0.03709628496370057,0.08221153302389067,-0.12483600836924166,-0.3121823062390985,-0.5518009520794055,-0.660755964257503,-0.3185713204273574,-0.4889171865444709,0.07661367754521078,-0.20042968347886214,0.3696106601273925,-0.2853478608449372,-1.0370819712844137,0.6539180434570291,-0.4496412372007491,-0.7649522791493887,-0.41923022653073,-0.2772718104008337,-0.4579041787895785,-0.647455543871472,-1.181972429259419,-0.49744243847086145,-0.29847421946995023,0.29027091864054483,-0.8542162197092471,-31.381,-64.2031,-0.1975212064079472,0.4733097145415619,0.5540018779144297,-0.4501875308796591,-0.6057028633350752,-0.6178059305889022,0.3229879685276647,Cluster 2,Area de Transición (Estrato 2),Muy Baja,<b>SAN MARTIN ANEXO</b><hr>Tipología: <span style='color:#38bdf8'>Area de Transición (Estrato 2)</span><br>Pob: 3153.0<br>Score Infra: <b style='color:#e2e8f0'>Muy Baja</b>
SAN MARTIN NORTE,-0.20257844278654827,-0.20146798062608695,-0.14760259517651136,0.15852497843185845,-0.5518009520794055,-0.660755964257503,-0.3185713204273574,1.901887855657992,0.1688897571501567,0.5637817412475599,0.11576288933765241,-0.2853478608449372,-1.0370819712844137,0.1568779099256839,-0.4496412372007491,-0.7649522791493887,2.383995156025379,-0.2772718104008337,-0.017126337395673274,-0.647455543871472,-1.181972429259419,2.0102828441296667,-0.29847421946995023,0.29027091864054483,0.3540672968847744,-31.3728,-64.2025,-0.2639461247742084,0.3107881691218227,0.15362837151541017,-0.07224075593049406,-0.6057028633350752,0.3342304243752024,0.3229879685276647,Cluster 2,Area de Transición (Estrato 2),Alta,<b>SAN MARTIN NORTE</b><hr>Tipología: <span style='color:#38bdf8'>Area de Transición (Estrato 2)</span><br>Pob: 1945.0<br>Score Infra: <b style='color:#e2e8f0'>Alta</b>
SAN NICOLAS,-0.1791665074599511,-0.18175280207126226,-0.07171397248561234,0.3920956386284317,-0.5518009520794055,-0.660755964257503,-0.3185713204273574,-0.4889171865444709,-0.38476672047951876,-0.39148253966046764,0.6174144363745198,-0.2853478608449372,0.3188888414377209,0.21668771852489133,-0.4496412372007491,-0.7649522791493887,-0.41923022653073,-0.2772718104008337,-0.522408253139906,-0.046934646173466786,-1.181972429259419,-0.49744243847086145,-0.29847421946995023,0.29027091864054483,-0.8961593057325375,-31.3807,-64.1513,-0.2699847537165958,0.49394591865392734,0.30288763211300335,-0.42314115386192147,-0.6057028633350752,0.3169206724667637,0.3229879685276647,Cluster 2,Area de Transición (Estrato 2),Muy Baja,<b>SAN NICOLAS</b><hr>Tipología: <span style='color:#38bdf8'>Area de Transición (Estrato 2)</span><br>Pob: 2063.0<br>Score Infra: <b style='color:#e2e8f0'>Muy Baja</b>
SAN PABLO,-0.15396891604912197,-0.14013186956663234,-0.2159023555983205,-0.2604758242108494,-0.5518009520794055,-0.660755964257503,-0.3185713204273574,-0.4889171865444709,0.3534419163600485,0.3727288850659543,-0.13204088690947482,-0.2853478608449372,0.3188888414377209,0.2785599343171756,-0.4496412372007491,-0.7649522791493887,-0.41923022653073,-0.2772718104008337,0.008982454603268838,-0.08160389387561959,-1.181972429259419,-0.49744243847086145,-0.29847421946995023,0.29027091864054483,-0.5514731757206248,-31.4442,-64.1609,-0.2337529800622715,0.18445457677825025,0.13470366194016933,-0.36413087673231204,-0.6057028633350752,-0.029274365702001714,0.3229879685276647,Cluster 2,Area de Transición (Estrato 2),Baja,<b>SAN PABLO</b><hr>Tipología: <span style='color:#38bdf8'>Area de Transición (Estrato 2)</span><br>Pob: 2190.0<br>Score Infra: <b style='color:#e2e8f0'>Baja</b>
SAN PEDRO NOLASCO,-0.39364364379937083,-0.3630229160059005,-0.20831349332923058,0.8253602983823808,-0.35513137076247453,-0.31481413714624074,-0.3185713204273574,-0.4889171865444709,-0.20021456126962692,-0.5825353958420731,-0.45841659221056924,-0.2853478608449372,1.6748596541598555,-0.5474341465098124,-0.4496412372007491,0.00037209021927876837,-0.41923022653073,-0.2772718104008337,0.3637548635300707,1.87473222646015,0.8460434230488473,-0.49744243847086145,-0.29847421946995023,0.29027091864054483,0.05885249910546073,-31.4661,-64.2402,-0.15525080381123557,-0.8949597353190126,-0.8195087070568605,-0.31741440733803794,-0.04221010194236202,0.7496644701777201,-1.1394297778614841,Cluster 0,Periferia Excluida NBI,Alta,<b>SAN PEDRO NOLASCO</b><hr>Tipología: <span style='color:#38bdf8'>Periferia Excluida NBI</span><br>Pob: 982.0<br>Score Infra: <b style='color:#e2e8f0'>Alta</b>
SAN RAFAEL,0.4376784665264095,0.4217507192458716,-0.25384666694377,-0.7133532874927551,0.43154695450524927,0.031127689965021584,0.7484244034697505,-0.4889171865444709,-0.20021456126962692,-0.39148253966046764,0.9740101143886785,-0.2853478608449372,-1.0370819712844137,1.1643638237433709,1.781568514599609,-0.03714381023996967,-0.41923022653073,-0.2772718104008337,-0.7758171166590502,-0.647455543871472,0.8460434230488473,-0.49744243847086145,-0.29847421946995023,0.29027091864054483,-0.6988117086742349,-31.4254,-64.222,-0.010323709193938402,0.21140656535724,0.25022709753302047,-0.46950637160661457,-0.7465760536832534,-0.392779155779205,0.3229879685276647,Cluster 2,Area de Transición (Estrato 2),Baja,<b>SAN RAFAEL</b><hr>Tipología: <span style='color:#38bdf8'>Area de Transición (Estrato 2)</span><br>Pob: 5172.0<br>Score Infra: <b style='color:#e2e8f0'>Baja</b>
SAN RAMON,-0.48927544742157275,-0.3986197661743339,-0.32214642736557914,0.05689499651426544,0.038207791871387384,0.37706951707628394,-0.3185713204273574,-0.4889171865444709,-0.7538710388993024,-0.5825353958420731,-0.5490765103497621,-0.2853478608449372,-1.0370819712844137,-1.2424653705764666,-0.4496412372007491,2.839200277970605,-0.41923022653073,-0.2772718104008337,-0.12156150539144173,-0.647455543871472,0.8460434230488473,-0.49744243847086145,-0.29847421946995023,0.29027091864054483,1.1558255181761345,-31.3409,-64.1008,0.23726007744394426,-1.2775709529188395,-1.0685335082128318,-0.3760734328180663,1.0847754208430642,-1.3448155107433089,-0.40822090466690975,Cluster 1,Núcleo Urbano Consolidado Mayor,Muy Alta,<b>SAN RAMON</b><hr>Tipología: <span style='color:#38bdf8'>Núcleo Urbano Consolidado Mayor</span><br>Pob: 500.0<br>Score Infra: <b style='color:#e2e8f0'>Muy Alta</b>
SAN SALVADOR,-0.1716270706598605,-0.15327532193651547,-0.37526846324920843,-0.8132002872714428,-0.5518009520794055,-0.660755964257503,-0.3185713204273574,-0.4889171865444709,0.4457179959649944,0.9458874536107709,1.4998376395959974,-0.2853478608449372,0.3188888414377209,0.23628058685911463,-0.4496412372007491,-0.7649522791493887,-0.41923022653073,-0.2772718104008337,0.12723992424553618,-0.05807833293487305,-1.181972429259419,-0.49744243847086145,-0.29847421946995023,0.29027091864054483,-0.4751152498833525,-31.4009,-64.2324,-0.1975212064079472,-0.14217989282447202,-0.13415998082342925,-0.37747843941639037,-0.6057028633350752,-0.06389386951887749,0.3229879685276647,Cluster 2,Area de Transición (Estrato 2),Baja,<b>SAN SALVADOR</b><hr>Tipología: <span style='color:#38bdf8'>Area de Transición (Estrato 2)</span><br>Pob: 2101.0<br>Score Infra: <b style='color:#e2e8f0'>Baja</b>
SAN VICENTE,3.0116025088310274,2.631493648932473,1.8027350079795934,-0.017990253319750422,6.134964812696246,7.29590605930153,3.593746333862039,-0.4889171865444709,2.8448960656935878,0.9458874536107709,1.0948900052409356,2.8154322270033805,0.3188888414377209,2.4585243373986376,0.7552120287714444,0.6381423980265017,-0.41923022653073,1.2161894304203595,-0.6882758728978914,-0.5793552358851003,0.8460434230488473,-0.49744243847086145,3.3503731135501913,0.29027091864054483,-0.09493881631327104,-31.4243,-64.154,1.1672089345716008,0.016846586986492763,0.0285990510381582,-0.4947964903764472,-0.04221010194236202,-0.18506213287794576,0.3229879685276647,Cluster 2,Area de Transición (Estrato 2),Media,<b>SAN VICENTE</b><hr>Tipología: <span style='color:#38bdf8'>Area de Transición (Estrato 2)</span><br>Pob: 18145.0<br>Score Infra: <b style='color:#e2e8f0'>Media</b>
SANTA CECILIA,-0.3724141770201683,-0.33454543587115365,-0.10206942156197196,1.326378279414725,-0.15846178944554357,0.031127689965021584,-0.3185713204273574,-0.4889171865444709,-0.38476672047951876,-0.20042968347886214,-0.3073167286452478,-0.2853478608449372,0.3188888414377209,-0.4412201760663922,-0.4496412372007491,0.6156328577509527,-0.41923022653073,-0.2772718104008337,-0.05552161974705875,0.4892005057919688,0.8460434230488473,-0.49744243847086145,-0.29847421946995023,0.29027091864054483,0.0932673389194426,-31.3576,-64.2277,-0.32433241419808223,0.2949539504275457,0.15563075596730447,0.14342775691224505,0.5212826594503511,0.2823011686498872,1.7854057149168137,Cluster 4,Area de Transición (Estrato 4),Alta,<b>SANTA CECILIA</b><hr>Tipología: <span style='color:#38bdf8'>Area de Transición (Estrato 4)</span><br>Pob: 1089.0<br>Score Infra: <b style='color:#e2e8f0'>Alta</b>
SANTA CLARA DE ASIS,-0.22360950333416943,-0.24473184467695228,-0.3449130141728488,-0.6277701448253082,0.038207791871387384,-0.660755964257503,0.7484244034697505,-0.4889171865444709,-0.2924906408745728,-0.39148253966046764,0.6597223981728098,-0.2853478608449372,0.3188888414377209,0.09913050851955238,3.2690416824665145,0.45806607582210923,-0.41923022653073,-0.2772718104008337,-0.37497036891058594,0.026118411484641155,0.8460434230488473,-0.49744243847086145,-0.29847421946995023,0.29027091864054483,-0.19226828516218855,-31.3807,-64.1408,-0.28206201160137057,0.45768834275686865,0.13742429298893885,-0.18323627719809274,-1.02832243437961,0.9400717411705407,0.3229879685276647,Cluster 2,Area de Transición (Estrato 2),Media,<b>SANTA CLARA DE ASIS</b><hr>Tipología: <span style='color:#38bdf8'>Area de Transición (Estrato 2)</span><br>Pob: 1839.0<br>Score Infra: <b style='color:#e2e8f0'>Media</b>
SANTA ISABEL ANEXO,-0.31844768203004603,-0.32852135353495726,-0.22349121786741039,0.38139774579500096,-0.15846178944554357,-0.660755964257503,0.39275916217071455,-0.4889171865444709,-0.2924906408745728,-0.39148253966046764,-0.5490765103497621,-0.2853478608449372,-1.0370819712844137,-0.2112617740384045,3.2690416824665145,0.33801519435251437,-0.41923022653073,-0.2772718104008337,-0.13999124092010676,-0.647455543871472,0.8460434230488473,-0.49744243847086145,-0.29847421946995023,0.29027091864054483,-0.09977840316211217,-31.4763,-64.2465,-0.2941392694861453,0.13267111182229305,-0.17968157953144084,-0.11158094068356704,-0.9832430134681929,1.511293554149004,0.3229879685276647,Cluster 2,Area de Transición (Estrato 2),Media,<b>SANTA ISABEL ANEXO</b><hr>Tipología: <span style='color:#38bdf8'>Area de Transición (Estrato 2)</span><br>Pob: 1361.0<br>Score Infra: <b style='color:#e2e8f0'>Media</b>
SANTA ISABEL SECCION 1,0.12241096454367326,0.04661468285545718,-0.06412511021652245,-0.13210111020967932,-0.5518009520794055,-0.660755964257503,-0.3185713204273574,1.901887855657992,0.1688897571501567,0.3727288850659543,-0.5490765103497621,-0.2853478608449372,0.3188888414377209,0.7859121038139012,-0.4496412372007491,-0.7649522791493887,1.1023648741174303,-0.2772718104008337,-0.48554878208257607,-0.3020012542678772,-1.181972429259419,2.0102828441296667,-0.29847421946995023,0.29027091864054483,-0.37133299856931334,-31.4707,-64.2324,0.07421709599948495,-0.469202261000735,-0.4734770852259634,-0.4519437891275641,-0.6057028633350752,0.4553986877342699,0.3229879685276647,Cluster 2,Area de Transición (Estrato 2),Media,<b>SANTA ISABEL SECCION 1</b><hr>Tipología: <span style='color:#38bdf8'>Area de Transición (Estrato 2)</span><br>Pob: 3583.0<br>Score Infra: <b style='color:#e2e8f0'>Media</b>
SANTA ISABEL SECCION 2,0.6243787304444428,0.44913291168312813,0.35326231458342217,0.09612060357017847,-0.5518009520794055,-0.660755964257503,-0.3185713204273574,1.901887855657992,0.7225462347798322,0.18167602888434883,-0.5490765103497621,-0.2853478608449372,0.3188888414377209,1.3365748243652271,-0.4496412372007491,-0.7649522791493887,0.47518409786460436,-0.2772718104008337,-0.5654109693734578,-0.44439280733029085,-1.181972429259419,2.0102828441296667,-0.29847421946995023,0.29027091864054483,-0.6299820290462712,-31.4766,-64.2314,0.13460338542335873,-0.005096536935186886,-0.10251360046414233,-0.47899016614530177,-0.6057028633350752,0.3861596801005168,0.3229879685276647,Cluster 2,Area de Transición (Estrato 2),Baja,<b>SANTA ISABEL SECCION 2</b><hr>Tipología: <span style='color:#38bdf8'>Area de Transición (Estrato 2)</span><br>Pob: 6113.0<br>Score Infra: <b style='color:#e2e8f0'>Baja</b>
SANTA ISABEL SECCION 3,0.21447145599741121,0.07837802608267476,-0.018591936601983036,-0.07504568176471495,1.8082340237237657,2.106778652632596,1.1040896447687865,-0.4889171865444709,0.2611658367551026,-0.20042968347886214,0.06741093299674954,-0.2853478608449372,1.6748596541598555,0.9117189425915446,0.7886801750484498,1.4634922081299668,-0.41923022653073,-0.2772718104008337,-0.5116575740815181,-0.03579095941206041,0.8460434230488473,-0.49744243847086145,-0.29847421946995023,0.29027091864054483,0.21909659698931402,-31.4781,-64.2418,-0.10694177227213653,0.27153283347950335,0.018102856452005427,-0.3297082150733732,-0.1549086542209046,0.8708327335367876,0.3229879685276647,Cluster 2,Area de Transición (Estrato 2),Alta,<b>SANTA ISABEL SECCION 3</b><hr>Tipología: <span style='color:#38bdf8'>Area de Transición (Estrato 2)</span><br>Pob: 4047.0<br>Score Infra: <b style='color:#e2e8f0'>Alta</b>
SANTA RITA,-0.36130342805161375,-0.29182921566903347,-0.3069687028273993,-0.33714405618377047,-0.35513137076247453,-0.31481413714624074,-0.3185713204273574,1.901887855657992,0.2611658367551026,0.18167602888434883,0.9437901416756141,-0.2853478608449372,-1.0370819712844137,-0.38965999623948927,-0.4496412372007491,-0.11217561115846647,3.2113284060910634,-0.2772718104008337,0.8352489308050844,-0.647455543871472,0.8460434230488473,2.0102828441296667,-0.29847421946995023,0.29027091864054483,1.5037380394206077,-31.4475,-64.1727,-0.3062165273709201,0.05213541106142656,0.17211233886075017,0.5944348749742598,-0.04221010194236202,-0.6524254344057787,-0.40822090466690975,Cluster 1,Núcleo Urbano Consolidado Mayor,Muy Alta,<b>SANTA RITA</b><hr>Tipología: <span style='color:#38bdf8'>Núcleo Urbano Consolidado Mayor</span><br>Pob: 1145.0<br>Score Infra: <b style='color:#e2e8f0'>Muy Alta</b>
SARGENTO CABRAL,0.1251886517858119,0.07235394374647831,0.1863073446634443,0.3885296743506215,-0.35513137076247453,-0.31481413714624074,-0.3185713204273574,1.901887855657992,-0.20021456126962692,-0.009376827297256658,-0.34358069590092494,-0.2853478608449372,0.3188888414377209,0.7900369182000548,-0.4496412372007491,-0.5548632365775976,1.096911128236971,-0.2772718104008337,-0.6590954583108384,-0.30323944168581124,0.8460434230488473,2.0102828441296667,-0.29847421946995023,0.29027091864054483,-0.3815499041390892,-31.3762,-64.193,-0.18544394852317247,0.6161638076710602,0.4309477355785844,-0.36869714817686516,-0.04221010194236202,0.1957524091076962,0.3229879685276647,Cluster 2,Area de Transición (Estrato 2),Media,<b>SARGENTO CABRAL</b><hr>Tipología: <span style='color:#38bdf8'>Area de Transición (Estrato 2)</span><br>Pob: 3597.0<br>Score Infra: <b style='color:#e2e8f0'>Media</b>
SARMIENTO,-0.09107414063783978,-0.07824811465843258,-0.2766132537510397,-0.5368380557411462,0.43154695450524927,0.37706951707628394,0.39275916217071455,-0.4889171865444709,0.07661367754521078,0.7548345974291654,-0.41006463586966635,-0.2853478608449372,0.3188888414377209,0.4177724198498137,1.0378319306661565,0.7281805591286978,-0.41923022653073,-0.2772718104008337,-0.3073946719721474,-0.15341876411579342,0.8460434230488473,-0.49744243847086145,-0.29847421946995023,0.29027091864054483,-0.014279035499250851,-31.4301,-64.1543,-0.22167572217749676,0.2909257729330845,0.25259948780754754,-0.2577016269092665,-0.4197502520754798,-0.15044262906106923,0.3229879685276647,Cluster 2,Area de Transición (Estrato 2),Alta,<b>SARMIENTO</b><hr>Tipología: <span style='color:#38bdf8'>Area de Transición (Estrato 2)</span><br>Pob: 2507.0<br>Score Infra: <b style='color:#e2e8f0'>Alta</b>
SEP,-0.3823344885992349,-0.34823653208978195,-0.3525018764419387,-0.4958294665463279,-0.15846178944554357,0.031127689965021584,-0.3185713204273574,-0.4889171865444709,-0.20021456126962692,0.3727288850659543,-0.38588865769921493,-0.2853478608449372,0.3188888414377209,-0.4896867451036808,-0.4496412372007491,0.67565829848575,-0.41923022653073,-0.2772718104008337,0.28696429882729974,0.5436807521810662,0.8460434230488473,-0.49744243847086145,-0.29847421946995023,0.29027091864054483,0.3449258550591856,-31.459,-64.1657,-0.36660281679479395,2.0732699877662717,1.4768834597538298,1.1954264474073653,0.5212826594503511,0.49001819155114645,1.0541968417222392,Cluster 3,Area de Transición (Estrato 3),Alta,<b>SEP</b><hr>Tipología: <span style='color:#38bdf8'>Area de Transición (Estrato 3)</span><br>Pob: 1039.0<br>Score Infra: <b style='color:#e2e8f0'>Alta</b>
SEP SEGUNDA ETAPA,-0.06468611183752265,-0.09248685472580598,-0.2842021160201296,-0.547535948574577,-0.5518009520794055,-0.660755964257503,-0.3185713204273574,-0.4889171865444709,-0.47704280008446465,-0.20042968347886214,-0.5490765103497621,-0.2853478608449372,-1.0370819712844137,0.4713950068697925,-0.4496412372007491,-0.7649522791493887,-0.41923022653073,-0.2772718104008337,-0.6944191180741129,-0.647455543871472,-1.181972429259419,-0.49744243847086145,-0.29847421946995023,0.29027091864054483,-1.0080075351279787,-31.4598,-64.1639,-0.31225515631330747,2.1296306558900095,1.582079379885552,-0.4248974121098265,-0.6057028633350752,0.35154017628364026,1.0541968417222392,Cluster 3,Area de Transición (Estrato 3),Muy Baja,<b>SEP SEGUNDA ETAPA</b><hr>Tipología: <span style='color:#38bdf8'>Area de Transición (Estrato 3)</span><br>Pob: 2640.0<br>Score Infra: <b style='color:#e2e8f0'>Muy Baja</b>
SMATA,-0.13392988665940747,-0.18010987052502686,-0.3904461877873882,-0.8649067692996919,0.23487737318831833,0.7230113441875463,-0.3185713204273574,-0.4889171865444709,-0.6615949592943564,-0.39148253966046764,-0.07160094148334624,-0.2853478608449372,1.6748596541598555,0.32496409616138827,-0.4496412372007491,0.5481042369243054,-0.41923022653073,-0.2772718104008337,-0.7742813053649948,0.4334820719849375,0.8460434230488473,-0.49744243847086145,-0.29847421946995023,0.29027091864054483,-0.4068233021274822,-31.4544,-64.2235,-0.22167572217749676,0.14770168424113192,-0.08475876223987241,-0.34305577775745155,1.6482681822357772,0.9400717411705407,0.3229879685276647,Cluster 2,Area de Transición (Estrato 2),Media,<b>SMATA</b><hr>Tipología: <span style='color:#38bdf8'>Area de Transición (Estrato 2)</span><br>Pob: 2291.0<br>Score Infra: <b style='color:#e2e8f0'>Media</b>
SUAREZ,-0.03155227116344024,-0.09084392317957059,0.2546071050852534,1.1124204227461083,0.23487737318831833,0.7230113441875463,-0.3185713204273574,-0.4889171865444709,-0.38476672047951876,-0.39148253966046764,-0.3919326522418278,-0.2853478608449372,-1.0370819712844137,0.5342984262586152,-0.4496412372007491,0.30800247398511565,-0.41923022653073,-0.2772718104008337,-0.6606312696048938,-0.647455543871472,0.8460434230488473,-0.49744243847086145,-0.29847421946995023,0.29027091864054483,-0.4525305112554268,-31.4387,-64.2104,-0.19148257746555986,0.22395458690541828,0.013439694834414387,-0.37747843941639037,1.6482681822357772,0.6977352144524057,1.7854057149168137,Cluster 4,Area de Transición (Estrato 4),Baja,<b>SUAREZ</b><hr>Tipología: <span style='color:#38bdf8'>Area de Transición (Estrato 4)</span><br>Pob: 2807.0<br>Score Infra: <b style='color:#e2e8f0'>Baja</b>
TABLADA PARK,-0.44007070198940246,-0.3630229160059005,-0.40562391232556805,-0.9237451798835615,-0.5518009520794055,-0.660755964257503,-0.3185713204273574,-0.4889171865444709,-0.38476672047951876,1.3279931659739819,-0.44632860312534356,-0.2853478608449372,-1.0370819712844137,-0.8279215247681655,-0.4496412372007491,-0.7649522791493887,-0.41923022653073,-0.2772718104008337,0.394471089411179,-0.647455543871472,-1.181972429259419,-0.49744243847086145,-0.29847421946995023,0.29027091864054483,-0.3019655870692559,-31.371,-64.2263,-0.2337529800622715,-0.8399955020600216,-0.6562218727718119,-0.30582310290186465,-0.6057028633350752,-0.7909034496732849,-1.1394297778614841,Cluster 0,Periferia Excluida NBI,Media,<b>TABLADA PARK</b><hr>Tipología: <span style='color:#38bdf8'>Periferia Excluida NBI</span><br>Pob: 748.0<br>Score Infra: <b style='color:#e2e8f0'>Media</b>
TALLERES ESTE,0.5110887722115023,0.42832244543081316,0.04211896155073618,-0.3086163419612882,0.23487737318831833,0.7230113441875463,-0.3185713204273574,-0.4889171865444709,0.6302701551748863,0.5637817412475599,-0.3617126795287635,-0.2853478608449372,1.6748596541598555,1.2355168719044962,-0.4496412372007491,-0.2247233125362117,-0.41923022653073,-0.2772718104008337,-0.5439096112566819,-0.20046988599728666,0.8460434230488473,-0.49744243847086145,-0.29847421946995023,0.29027091864054483,-0.6418121302323274,-31.389,-64.1507,-0.04051685390587533,0.46597743688991544,0.37956045632942575,-0.45861757046960333,1.6482681822357772,-0.06389386951887749,0.3229879685276647,Cluster 2,Area de Transición (Estrato 2),Baja,<b>TALLERES ESTE</b><hr>Tipología: <span style='color:#38bdf8'>Area de Transición (Estrato 2)</span><br>Pob: 5542.0<br>Score Infra: <b style='color:#e2e8f0'>Baja</b>
TALLERES OESTE,0.5870783589071524,0.5038972965576412,0.06488554835800589,-0.3264461633503396,0.8248861171391112,1.7608368255213334,-0.3185713204273574,-0.4889171865444709,1.4607548716193994,0.9458874536107709,-0.5490765103497621,-0.2853478608449372,-1.0370819712844137,1.3046075128725465,-0.4496412372007491,0.1204229716888736,-0.41923022653073,-0.2772718104008337,-0.3427183317354221,-0.647455543871472,0.8460434230488473,-0.49744243847086145,-0.29847421946995023,0.29027091864054483,-0.3396068181157987,-31.3902,-64.1589,0.43653483254272774,-0.5234782229446228,-0.44778344560138406,-0.48109767604278786,3.3387464664139164,-0.11582312524419268,0.3229879685276647,Cluster 2,Area de Transición (Estrato 2),Media,<b>TALLERES OESTE</b><hr>Tipología: <span style='color:#38bdf8'>Area de Transición (Estrato 2)</span><br>Pob: 5925.0<br>Score Infra: <b style='color:#e2e8f0'>Media</b>
TALLERES SUD,0.19324198921820873,0.05428169673788901,0.6947611166924678,1.593825600250496,-0.5518009520794055,-0.660755964257503,-0.3185713204273574,-0.4889171865444709,-0.6615949592943564,-0.5825353958420731,-0.44028460858273066,-0.2853478608449372,0.3188888414377209,0.8838764454850178,-0.4496412372007491,-0.7649522791493887,-0.41923022653073,-0.2772718104008337,-0.8863955298310403,-0.332955939716228,-1.181972429259419,-0.49744243847086145,-0.29847421946995023,0.29027091864054483,-1.1322235975815698,-31.4395,-64.1342,-0.1129804012145239,0.26141763221563413,-0.006997685603942187,-0.5095490596588496,-0.6057028633350752,0.9746912449874172,1.7854057149168137,Cluster 4,Area de Transición (Estrato 4),Muy Baja,<b>TALLERES SUD</b><hr>Tipología: <span style='color:#38bdf8'>Area de Transición (Estrato 4)</span><br>Pob: 3940.0<br>Score Infra: <b style='color:#e2e8f0'>Muy Baja</b>
TEJAS DEL SUR,-0.2999959024929822,-0.2858051333328371,-0.36767960098011854,-0.7044383767982293,-0.5518009520794055,-0.660755964257503,-0.3185713204273574,-0.4889171865444709,-1.0306992777141402,-0.7735882520236786,-0.5309445267219236,-0.2853478608449372,-1.0370819712844137,-0.14320233666689164,-0.4496412372007491,-0.7649522791493887,-0.41923022653073,-0.2772718104008337,-1.0430482818246931,-0.647455543871472,-1.181972429259419,-0.49744243847086145,-0.29847421946995023,-3.445057481760149,-1.2338549214072352,-31.4624,-64.1902,-0.2337529800622715,-0.3384267326842579,-0.3822162373260387,-0.5232478739925088,-0.6057028633350752,0.524637695368023,-1.1394297778614841,Cluster 0,Periferia Excluida NBI,Muy Baja,<b>TEJAS DEL SUR</b><hr>Tipología: <span style='color:#38bdf8'>Periferia Excluida NBI</span><br>Pob: 1454.0<br>Score Infra: <b style='color:#e2e8f0'>Muy Baja</b>
TEJAS II,-0.4521734821158637,-0.3986197661743339,-0.36009073871102865,-0.38885053821201954,-0.5518009520794055,-0.660755964257503,-0.3185713204273574,-0.4889171865444709,-0.9384231981091942,-0.5825353958420731,-0.5490765103497621,-0.2853478608449372,-1.0370819712844137,-0.9155738304739007,-0.4496412372007491,-0.7649522791493887,-0.41923022653073,-0.2772718104008337,-0.818819832892602,-0.647455543871472,-1.181972429259419,-0.49744243847086145,-0.29847421946995023,0.29027091864054483,-1.088667315941999,-31.4787,-64.1992,-0.1129804012145239,-1.086695016385002,-0.9444781736510395,-0.5035777816159723,-0.6057028633350752,0.2823011686498872,-1.1394297778614841,Cluster 0,Periferia Excluida NBI,Muy Baja,<b>TEJAS II</b><hr>Tipología: <span style='color:#38bdf8'>Periferia Excluida NBI</span><br>Pob: 687.0<br>Score Infra: <b style='color:#e2e8f0'>Muy Baja</b>
TENIENTE BENJAMIN MATIENZO,0.775167466446255,0.6309506694665116,-0.06412511021652245,-0.5386210378800512,0.6282165358221802,0.031127689965021584,1.1040896447687865,-0.4889171865444709,0.5379940755699403,-0.009376827297256658,1.1069779943261613,-0.2853478608449372,0.3188888414377209,1.4582568487567187,2.030720270217316,-0.11217561115846647,-0.41923022653073,-0.2772718104008337,-0.6637028921930047,-0.4679183682710374,0.8460434230488473,-0.49744243847086145,-0.29847421946995023,0.29027091864054483,-0.6633214051160662,-31.4414,-64.2375,0.19498967484723254,0.009599845943370714,-0.027984633514150075,-0.48566394748734093,-0.8310999678921603,0.03996464193175137,0.3229879685276647,Cluster 2,Area de Transición (Estrato 2),Baja,<b>TENIENTE BENJAMIN MATIENZO</b><hr>Tipología: <span style='color:#38bdf8'>Area de Transición (Estrato 2)</span><br>Pob: 6873.0<br>Score Infra: <b style='color:#e2e8f0'>Baja</b>
TEODORO FELDS,0.11427630904883865,0.18078742579801416,-0.36767960098011854,-0.8524258943273558,-0.15846178944554357,-0.31481413714624074,0.037093920871678586,-0.4889171865444709,1.1839266328045617,0.5637817412475599,1.4393976941698687,-0.2853478608449372,0.3188888414377209,0.7745688642519833,1.4097002226328827,-0.34477419400580656,-0.41923022653073,-0.2772718104008337,-0.001768224455119002,-0.29828669201407515,0.8460434230488473,-0.49744243847086145,-0.29847421946995023,0.29027091864054483,-0.34982372368557463,-31.4004,-64.2492,0.0500625802299354,-0.43195803027046503,-0.2585200260626839,-0.446323762734268,-0.6057028633350752,-0.7909034496732849,0.3229879685276647,Cluster 2,Area de Transición (Estrato 2),Media,<b>TEODORO FELDS</b><hr>Tipología: <span style='color:#38bdf8'>Area de Transición (Estrato 2)</span><br>Pob: 3542.0<br>Score Infra: <b style='color:#e2e8f0'>Media</b>
TRANVIARIOS,-0.14305657331214872,-0.11384496482686607,-0.2842021160201296,-0.5279231450466204,-0.5518009520794055,-0.660755964257503,-0.3185713204273574,-0.4889171865444709,0.814822314384778,0.3727288850659543,-0.4765485758384078,-0.2853478608449372,0.3188888414377209,0.30434002423062656,-0.4496412372007491,-0.7649522791493887,-0.41923022653073,-0.2772718104008337,0.32535958117868524,-0.09646214289082798,-1.181972429259419,-0.49744243847086145,-0.29847421946995023,0.29027091864054483,-0.3465973324530137,-31.4095,-64.2282,-0.2397916090046589,0.2825988835544106,0.2798057982952427,-0.30863311609851274,-0.6057028633350752,-0.27161089242013675,0.3229879685276647,Cluster 2,Area de Transición (Estrato 2),Media,<b>TRANVIARIOS</b><hr>Tipología: <span style='color:#38bdf8'>Area de Transición (Estrato 2)</span><br>Pob: 2245.0<br>Score Infra: <b style='color:#e2e8f0'>Media</b>
UOCRA,-0.2103162858182202,-0.1894198159536941,-0.2159023555983205,-0.15706286015435136,0.038207791871387384,0.37706951707628394,-0.3185713204273574,-0.4889171865444709,0.4457179959649944,-0.39148253966046764,-0.11995289782424912,-0.2853478608449372,0.3188888414377209,0.1352226343983847,-0.4496412372007491,0.41304699527101124,-0.41923022653073,-0.2772718104008337,0.2454973938878035,0.0025928505438945104,0.8460434230488473,-0.49744243847086145,-0.29847421946995023,0.29027091864054483,0.18737041653579933,-31.3226,-64.2653,-0.21563709323510938,-0.14835046397895021,-0.14964581275302538,-0.2236302168999087,1.0847754208430642,-0.011964613793563056,0.3229879685276647,Cluster 2,Area de Transición (Estrato 2),Alta,<b>UOCRA</b><hr>Tipología: <span style='color:#38bdf8'>Area de Transición (Estrato 2)</span><br>Pob: 1906.0<br>Score Infra: <b style='color:#e2e8f0'>Alta</b>
URCA,0.06784925085880701,0.07947331378016502,-0.2614355292128599,-0.6081573412973518,0.43154695450524927,0.37706951707628394,0.39275916217071455,-0.4889171865444709,0.1688897571501567,-0.20042968347886214,0.3393906874143282,-0.2853478608449372,-1.0370819712844137,0.7034158160908561,1.0378319306661565,0.36802791471991314,-0.41923022653073,-0.2772718104008337,-0.43947444326091345,-0.647455543871472,0.8460434230488473,-0.49744243847086145,-0.29847421946995023,0.29027091864054483,-0.2788431165692368,-31.3825,-64.2372,-0.004285080251551015,-0.3743799573928461,-0.2865806146996927,-0.42876118025521764,-0.4197502520754798,-0.3408499000538898,0.3229879685276647,Cluster 2,Area de Transición (Estrato 2),Media,<b>URCA</b><hr>Tipología: <span style='color:#38bdf8'>Area de Transición (Estrato 2)</span><br>Pob: 3308.0<br>Score Infra: <b style='color:#e2e8f0'>Media</b>
URITORCO,-0.48927544742157275,-0.3986197661743339,-0.39803505005647816,-0.8345960729383045,-0.5518009520794055,-0.660755964257503,-0.3185713204273574,-0.4889171865444709,-0.10793848166468102,0.5637817412475599,-0.3012727341026349,-0.2853478608449372,-1.0370819712844137,-1.2424653705764666,-0.4496412372007491,-0.7649522791493887,-0.41923022653073,-0.2772718104008337,2.0285743062861448,-0.647455543871472,-1.181972429259419,-0.49744243847086145,-0.29847421946995023,0.29027091864054483,0.7579039328269686,-31.4007,-64.2349,-0.3545255589100192,-0.12813796446229847,0.18911628291555965,1.10304726356756,-0.6057028633350752,-1.3448155107433089,-1.1394297778614841,Cluster 0,Periferia Excluida NBI,Muy Alta,<b>URITORCO</b><hr>Tipología: <span style='color:#38bdf8'>Periferia Excluida NBI</span><br>Pob: 500.0<br>Score Infra: <b style='color:#e2e8f0'>Muy Alta</b>
URQUIZA,0.5182313965484302,0.34727115581653384,0.8085940507288163,0.9020285303553017,-0.35513137076247453,-0.31481413714624074,-0.3185713204273574,1.901887855657992,-0.6615949592943564,-0.39148253966046764,-0.44632860312534356,-0.2853478608449372,0.3188888414377209,1.242735297080264,-0.4496412372007491,-0.6298950374960945,0.5569902860714948,-0.2772718104008337,-0.932469868652703,-0.42581999606128035,0.8460434230488473,2.0102828441296667,-0.29847421946995023,0.29027091864054483,-0.7735564388952271,-31.4386,-64.1475,-0.0707099986178122,0.6460319978336944,0.3741191942318867,-0.4684526166578716,-0.04221010194236202,0.5073279434595843,0.3229879685276647,Cluster 2,Area de Transición (Estrato 2),Baja,<b>URQUIZA</b><hr>Tipología: <span style='color:#38bdf8'>Area de Transición (Estrato 2)</span><br>Pob: 5578.0<br>Score Infra: <b style='color:#e2e8f0'>Baja</b>
VALLE DEL CERRO,-0.44939579487372505,-0.38985746459441184,-0.40562391232556805,-0.9237451798835615,-0.35513137076247453,-0.660755964257503,0.037093920871678586,-0.4889171865444709,-0.5693188796894105,-0.39148253966046764,-0.15621686507992627,-0.2853478608449372,0.3188888414377209,-0.894949758543139,3.2690416824665145,0.30800247398511565,-0.41923022653073,-0.2772718104008337,0.05198517083682061,1.1194379015203908,0.8460434230488473,-0.49744243847086145,-0.29847421946995023,0.29027091864054483,0.009918898744955208,-31.3714,-64.2404,-0.25790749583182104,-0.7903842691158925,-0.6814856526906855,-0.18464128379641676,-0.8874492440314317,-0.046584117610439596,-1.1394297778614841,Cluster 0,Periferia Excluida NBI,Alta,<b>VALLE DEL CERRO</b><hr>Tipología: <span style='color:#38bdf8'>Periferia Excluida NBI</span><br>Pob: 701.0<br>Score Infra: <b style='color:#e2e8f0'>Alta</b>
VASQUEZ,-0.48927544742157275,-0.3986197661743339,-0.3069687028273993,0.23519321040477942,-0.5518009520794055,-0.660755964257503,-0.3185713204273574,-0.4889171865444709,-0.6615949592943564,-0.5825353958420731,-0.5490765103497621,-0.2853478608449372,-1.0370819712844137,-1.2424653705764666,-0.4496412372007491,-0.7649522791493887,-0.41923022653073,-0.2772718104008337,0.18560075341964208,-0.647455543871472,-1.181972429259419,-0.49744243847086145,-0.29847421946995023,0.29027091864054483,-0.43747401883680975,-31.4815,-64.1311,-0.36056418785240657,0.049471840856446986,0.38344551746706856,0.22000061652090494,-0.6057028633350752,-1.3448155107433089,-1.1394297778614841,Cluster 0,Periferia Excluida NBI,Media,<b>VASQUEZ</b><hr>Tipología: <span style='color:#38bdf8'>Periferia Excluida NBI</span><br>Pob: 500.0<br>Score Infra: <b style='color:#e2e8f0'>Media</b>
VICOR,-0.48927544742157275,-0.3986197661743339,-0.3828573255182983,-0.6562978590477905,0.038207791871387384,0.37706951707628394,-0.3185713204273574,1.901887855657992,-0.10793848166468102,-0.39148253966046764,-0.11390890328163626,-0.2853478608449372,1.6748596541598555,-1.2424653705764666,-0.4496412372007491,2.839200277970605,3.2113284060910634,-0.2772718104008337,2.0285743062861448,4.305294127864654,0.8460434230488473,2.0102828441296667,-0.29847421946995023,0.29027091864054483,3.74500448230618,-31.478,-64.2476,-0.3726414457371813,0.6178208308082879,1.0053055975464145,5.981230172948604,1.0847754208430642,-1.3448155107433089,-0.40822090466690975,Cluster 1,Núcleo Urbano Consolidado Mayor,Muy Alta,<b>VICOR</b><hr>Tipología: <span style='color:#38bdf8'>Núcleo Urbano Consolidado Mayor</span><br>Pob: 500.0<br>Score Infra: <b style='color:#e2e8f0'>Muy Alta</b>
VILLA 4 DE AGOSTO,-0.2670604680504811,-0.3279737096862121,0.20907393147071401,3.4659568461008927,-0.5518009520794055,-0.660755964257503,-0.3185713204273574,1.901887855657992,-0.6615949592943564,-0.5825353958420731,-0.5490765103497621,-0.2853478608449372,-1.0370819712844137,-0.03183234824078129,-0.4496412372007491,-0.7649522791493887,2.9457309817126927,-0.2772718104008337,-0.6637028921930047,-0.647455543871472,-1.181972429259419,2.0102828441296667,-0.29847421946995023,0.29027091864054483,0.11961620065202244,-31.3709,-64.1908,-0.3424483010252444,1.851139372322324,0.6189759886211431,0.36085252800288925,-0.6057028633350752,2.844144451098749,1.7854057149168137,Cluster 4,Area de Transición (Estrato 4),Alta,<b>VILLA 4 DE AGOSTO</b><hr>Tipología: <span style='color:#38bdf8'>Area de Transición (Estrato 4)</span><br>Pob: 1620.0<br>Score Infra: <b style='color:#e2e8f0'>Alta</b>
VILLA 9 DE JULIO,1.1400365263243242,0.7968867556362861,1.6281911757905256,1.0821097263847208,-0.15846178944554357,0.031127689965021584,-0.3185713204273574,4.292692897860455,-0.10793848166468102,-0.39148253966046764,2.3036889137635077,-0.2853478608449372,1.6748596541598555,1.7026521011362397,-0.4496412372007491,-0.5923791370368461,0.8351313259749219,-0.2772718104008337,-0.8664299830083201,-0.36267243774664476,0.8460434230488473,2.0102828441296667,-0.29847421946995023,0.29027091864054483,-0.6208405872206821,-31.329,-64.2708,0.7988525690859707,-0.5005424765193697,-0.5196135465509968,-0.5032265299663914,0.5212826594503511,0.6631157106355291,1.7854057149168137,Cluster 4,Area de Transición (Estrato 4),Baja,<b>VILLA 9 DE JULIO</b><hr>Tipología: <span style='color:#38bdf8'>Area de Transición (Estrato 4)</span><br>Pob: 8712.0<br>Score Infra: <b style='color:#e2e8f0'>Baja</b>
VILLA ADELA,0.14244999393338778,0.08768797151134197,0.019352374743466474,-0.005509378347414394,1.414894861089904,2.106778652632596,0.39275916217071455,1.901887855657992,0.2611658367551026,-0.20042968347886214,1.1311539724966129,-0.2853478608449372,0.3188888414377209,0.8147858045169674,0.2940953467327037,1.2684095257418748,1.0587349070737555,-0.2772718104008337,-0.45943999008363395,-0.31190675361134945,0.8460434230488473,2.0102828441296667,-0.29847421946995023,0.29027091864054483,0.642291580326873,-31.4354,-64.2475,-0.08278725650258698,0.011294664326225393,-0.05420063430009329,-0.2921242885682053,0.5212826594503511,0.1957524091076962,0.3229879685276647,Cluster 2,Area de Transición (Estrato 2),Alta,<b>VILLA ADELA</b><hr>Tipología: <span style='color:#38bdf8'>Area de Transición (Estrato 2)</span><br>Pob: 3684.0<br>Score Infra: <b style='color:#e2e8f0'>Alta</b>
VILLA ALBERDI,-0.18888841280743637,-0.20858735065977366,-0.07171397248561234,0.5097724597961708,-0.35513137076247453,-0.31481413714624074,-0.3185713204273574,-0.4889171865444709,0.3534419163600485,0.3727288850659543,-0.4825925703810207,-0.2853478608449372,-1.0370819712844137,0.1919388322079778,-0.4496412372007491,-0.38979327455690466,-0.41923022653073,-0.2772718104008337,0.10113113224659406,-0.647455543871472,0.8460434230488473,-0.49744243847086145,-0.29847421946995023,0.29027091864054483,-0.3051919783018168,-31.3935,-64.2358,-0.22167572217749676,-0.03597127416557295,-0.17907759943861407,-0.320926923833848,-0.04221010194236202,0.6977352144524057,0.3229879685276647,Cluster 2,Area de Transición (Estrato 2),Media,<b>VILLA ALBERDI</b><hr>Tipología: <span style='color:#38bdf8'>Area de Transición (Estrato 2)</span><br>Pob: 2014.0<br>Score Infra: <b style='color:#e2e8f0'>Media</b>
VILLA ALBERTO,-0.414674704346992,-0.3986197661743339,-0.2159023555983205,1.3049824937478633,0.038207791871387384,0.37706951707628394,-0.3185713204273574,-0.4889171865444709,-0.5693188796894105,-0.5825353958420731,-0.5309445267219236,-0.2853478608449372,0.3188888414377209,-0.6649913565151513,-0.4496412372007491,1.8011353122632021,-0.41923022653073,-0.2772718104008337,-0.16610003291904887,0.7665544874091919,0.8460434230488473,-0.49744243847086145,-0.29847421946995023,0.29027091864054483,0.6111031317454519,-31.4161,-64.2666,-0.08278725650258698,-1.0426178030900535,-0.9658677749564654,-0.2959880567135964,1.0847754208430642,1.9094178480430832,1.7854057149168137,Cluster 4,Area de Transición (Estrato 4),Alta,<b>VILLA ALBERTO</b><hr>Tipología: <span style='color:#38bdf8'>Area de Transición (Estrato 4)</span><br>Pob: 876.0<br>Score Infra: <b style='color:#e2e8f0'>Alta</b>
VILLA ALICIA RISLER,0.01904131788979938,-0.07167638847349102,0.35326231458342217,1.3138974044423892,-0.15846178944554357,0.031127689965021584,-0.3185713204273574,-0.4889171865444709,-0.01566240205973512,-0.5825353958420731,-0.03533697422766908,-0.2853478608449372,0.3188888414377209,0.6240131391574254,-0.4496412372007491,-0.27724557317915943,-0.41923022653073,-0.2772718104008337,-0.49169202725879774,-0.2425682582070437,0.8460434230488473,-0.49744243847086145,-0.29847421946995023,0.29027091864054483,-0.6337461521509254,-31.3114,-64.1804,-0.16128943275362292,0.15134793083241455,-0.08702776853454623,-0.42524866375940745,0.5212826594503511,0.9746912449874172,1.7854057149168137,Cluster 4,Area de Transición (Estrato 4),Baja,<b>VILLA ALICIA RISLER</b><hr>Tipología: <span style='color:#38bdf8'>Area de Transición (Estrato 4)</span><br>Pob: 3062.0<br>Score Infra: <b style='color:#e2e8f0'>Baja</b>
VILLA ALLENDE PARQUE,0.5227947398748009,0.3198889633792773,0.6416390808088385,0.7041175129368313,0.038207791871387384,0.37706951707628394,-0.3185713204273574,1.901887855657992,1.645307030829291,-0.20042968347886214,-0.03533697422766908,-0.2853478608449372,0.3188888414377209,1.246860111466416,-0.4496412372007491,-0.3597805541895059,0.5569902860714948,-0.2772718104008337,-0.24749803150398614,-0.42581999606128035,0.8460434230488473,2.0102828441296667,-0.29847421946995023,0.29027091864054483,-0.19495694452265588,-31.3139,-64.2822,0.3882258010036288,-0.5208962109012596,-0.5431687701712432,-0.4716138815041006,1.0847754208430642,0.7323547182692822,0.3229879685276647,Cluster 2,Area de Transición (Estrato 2),Media,<b>VILLA ALLENDE PARQUE</b><hr>Tipología: <span style='color:#38bdf8'>Area de Transición (Estrato 2)</span><br>Pob: 5601.0<br>Score Infra: <b style='color:#e2e8f0'>Media</b>
VILLA ARGENTINA,-0.39681814350467215,-0.33673601126613417,-0.3828573255182983,-0.7525788945486681,-0.5518009520794055,-0.660755964257503,-0.3185713204273574,-0.4889171865444709,-0.38476672047951876,-0.20042968347886214,0.031146965741072376,-0.2853478608449372,-1.0370819712844137,-0.5649646076509598,-0.4496412372007491,-0.7649522791493887,-0.41923022653073,-0.2772718104008337,0.07041490636548565,-0.647455543871472,-1.181972429259419,-0.49744243847086145,-0.29847421946995023,0.29027091864054483,-0.5116810171857082,-31.4311,-64.1355,-0.32433241419808223,0.10674357332214168,0.13888799249317688,-0.16040491997532721,-0.6057028633350752,-0.32354014814545196,-1.1394297778614841,Cluster 0,Periferia Excluida NBI,Baja,<b>VILLA ARGENTINA</b><hr>Tipología: <span style='color:#38bdf8'>Periferia Excluida NBI</span><br>Pob: 966.0<br>Score Infra: <b style='color:#e2e8f0'>Baja</b>
VILLA ASPACIA,-0.12837451217513016,-0.17572871973506582,-0.07930283475470225,0.33860617446127755,-0.5518009520794055,-0.660755964257503,-0.3185713204273574,-0.4889171865444709,-0.2924906408745728,-0.39148253966046764,-0.23478879413389345,-0.2853478608449372,0.3188888414377209,0.3373385393198446,-0.4496412372007491,-0.7649522791493887,-0.41923022653073,-0.2772718104008337,-0.5131933853755736,-0.11379676674190449,-1.181972429259419,-0.49744243847086145,-0.29847421946995023,0.29027091864054483,-0.8902442551395096,-31.4431,-64.2475,-0.15525080381123557,-0.24627794539861872,-0.3656258291906422,-0.4684526166578716,-0.6057028633350752,0.9400717411705407,0.3229879685276647,Cluster 2,Area de Transición (Estrato 2),Muy Baja,<b>VILLA ASPACIA</b><hr>Tipología: <span style='color:#38bdf8'>Area de Transición (Estrato 2)</span><br>Pob: 2319.0<br>Score Infra: <b style='color:#e2e8f0'>Muy Baja</b>
VILLA AVALOS,-0.31785246333530204,-0.31647318886256437,0.26219596735434336,3.5586719173239603,-0.5518009520794055,-0.660755964257503,-0.3185713204273574,-0.4889171865444709,-1.0306992777141402,-0.7735882520236786,-0.44632860312534356,-0.2853478608449372,1.6748596541598555,-0.20919936684532767,-0.4496412372007491,-0.7649522791493887,-0.41923022653073,-0.2772718104008337,-1.0430482818246931,1.1677272108198182,-1.181972429259419,-0.49744243847086145,-0.29847421946995023,-3.445057481760149,-1.2338549214072352,-31.416,-64.2432,0.025908064460385852,-0.9892469378177606,-0.9029667851089141,-0.5232478739925088,-0.6057028633350752,1.0785497564380468,1.7854057149168137,Cluster 4,Area de Transición (Estrato 4),Muy Baja,<b>VILLA AVALOS</b><hr>Tipología: <span style='color:#38bdf8'>Area de Transición (Estrato 4)</span><br>Pob: 1364.0<br>Score Infra: <b style='color:#e2e8f0'>Muy Baja</b>
VILLA AZALAIS,0.9352812953323897,0.7103590275345555,0.6568168053470183,0.1977505854877715,1.021555698456042,1.414894998410071,0.39275916217071455,1.901887855657992,-0.2924906408745728,-0.5825353958420731,-0.22270080504866774,-0.2853478608449372,0.3188888414377209,1.5727204479724424,0.4800294927160669,0.015378450402978144,0.2897567379289863,-0.2772718104008337,-0.8833239072429295,-0.4864911795400479,0.8460434230488473,2.0102828441296667,-0.29847421946995023,0.29027091864054483,-0.508992357825241,-31.3734,-64.1519,0.12856475648097135,0.36464639414035904,0.20457490853466795,-0.46950637160661457,0.14374250931723334,0.29961092055832583,0.3229879685276647,Cluster 2,Area de Transición (Estrato 2),Baja,<b>VILLA AZALAIS</b><hr>Tipología: <span style='color:#38bdf8'>Area de Transición (Estrato 2)</span><br>Pob: 7680.0<br>Score Infra: <b style='color:#e2e8f0'>Baja</b>
VILLA AZALAIS ANEXO,-0.48927544742157275,-0.3986197661743339,-0.3069687028273993,0.23519321040477942,-0.5518009520794055,-0.660755964257503,-0.3185713204273574,-0.4889171865444709,-0.8461471185042483,-0.39148253966046764,-0.5490765103497621,-0.2853478608449372,-1.0370819712844137,-1.2424653705764666,-0.4496412372007491,-0.7649522791493887,-0.41923022653073,-0.2772718104008337,-0.4287237642025255,-0.647455543871472,-1.181972429259419,-0.49744243847086145,-0.29847421946995023,0.29027091864054483,-0.8353956041859758,-31.3652,-64.1617,-0.32433241419808223,-0.6063174444652848,-0.33408283281120843,-0.32303443373133406,-0.6057028633350752,-1.3448155107433089,-1.1394297778614841,Cluster 0,Periferia Excluida NBI,Muy Baja,<b>VILLA AZALAIS ANEXO</b><hr>Tipología: <span style='color:#38bdf8'>Periferia Excluida NBI</span><br>Pob: 500.0<br>Score Infra: <b style='color:#e2e8f0'>Muy Baja</b>
VILLA AZALAIS OESTE,-0.3660651776095657,-0.3334501481736634,-0.2993798405583094,-0.14101602090420515,0.6282165358221802,1.414894998410071,-0.3185713204273574,1.901887855657992,-0.20021456126962692,-0.20042968347886214,-0.4825925703810207,-0.2853478608449372,-1.0370819712844137,-0.41131527176678845,-0.4496412372007491,2.839200277970605,3.2113284060910634,-0.2772718104008337,0.19020818730180825,-0.647455543871472,0.8460434230488473,2.0102828441296667,-0.29847421946995023,0.29027091864054483,2.5533906537470568,-31.3679,-64.1749,-0.2699847537165958,-0.3578037583502066,-0.3822162373260387,0.6011086563162991,2.7752537050212034,0.4034694320089547,-0.40822090466690975,Cluster 1,Núcleo Urbano Consolidado Mayor,Muy Alta,<b>VILLA AZALAIS OESTE</b><hr>Tipología: <span style='color:#38bdf8'>Núcleo Urbano Consolidado Mayor</span><br>Pob: 1121.0<br>Score Infra: <b style='color:#e2e8f0'>Muy Alta</b>
VILLA BELGRANO,0.4337103418947829,0.3428900050265728,-0.22349121786741039,-0.64916593049217,1.414894861089904,0.031127689965021584,2.5267506099649304,-0.4889171865444709,0.4457179959649944,-0.20042968347886214,1.9712692139198003,-0.2853478608449372,-1.0370819712844137,1.160239009357219,2.525305098533062,0.6906646586694494,-0.41923022653073,-0.2772718104008337,-0.5654109693734578,-0.647455543871472,0.8460434230488473,-0.49744243847086145,-0.29847421946995023,0.29027091864054483,-0.20033426324359058,-31.3593,-64.2503,1.1611703056292133,-0.9757082829894629,-0.8447235156168564,-0.4972552519235142,-0.9832430134681929,0.07458414574862791,0.3229879685276647,Cluster 2,Area de Transición (Estrato 2),Media,<b>VILLA BELGRANO</b><hr>Tipología: <span style='color:#38bdf8'>Area de Transición (Estrato 2)</span><br>Pob: 5152.0<br>Score Infra: <b style='color:#e2e8f0'>Media</b>
VILLA BUSTOS,-0.14821513533326336,-0.21351614529847981,0.004174650205286672,0.8663688875771988,0.43154695450524927,1.0689531712988085,-0.3185713204273574,1.901887855657992,-0.10793848166468102,-0.39148253966046764,-0.41006463586966635,-0.2853478608449372,0.3188888414377209,0.29196558107217024,-0.4496412372007491,0.9232632415167895,2.0404091655564396,-0.2772718104008337,-0.3503973882056992,-0.08903301838322383,0.8460434230488473,2.0102828441296667,-0.29847421946995023,0.29027091864054483,0.864374843501475,-31.438,-64.1118,-0.209598464292722,0.008000510286310585,-0.2563870513204486,-0.09507211315325959,2.2117609436284904,1.4593642984236888,1.7854057149168137,Cluster 4,Area de Transición (Estrato 4),Muy Alta,<b>VILLA BUSTOS</b><hr>Tipología: <span style='color:#38bdf8'>Area de Transición (Estrato 4)</span><br>Pob: 2219.0<br>Score Infra: <b style='color:#e2e8f0'>Muy Alta</b>
VILLA CABRERA,0.6886623494767943,0.771147494745265,-0.19313576879105077,-0.7097873232149446,1.021555698456042,0.7230113441875463,1.1040896447687865,-0.4889171865444709,0.3534419163600485,1.7100988783371929,4.014139369322947,-0.2853478608449372,0.3188888414377209,1.3901974113852058,1.4097002226328827,0.16544205223997174,-0.41923022653073,-0.2772718104008337,-0.6852042503097805,-0.4555364940916971,0.8460434230488473,-0.49744243847086145,-0.29847421946995023,0.29027091864054483,-0.5391053426624751,-31.3874,-64.2108,0.27953048004065584,-0.23824943953805322,-0.04634889309334431,-0.48320518594027384,-0.6057028633350752,-0.8947619611239145,0.3229879685276647,Cluster 2,Area de Transición (Estrato 2),Baja,<b>VILLA CABRERA</b><hr>Tipología: <span style='color:#38bdf8'>Area de Transición (Estrato 2)</span><br>Pob: 6437.0<br>Score Infra: <b style='color:#e2e8f0'>Baja</b>
VILLA CENTENARIO,-0.12599363739615418,-0.04429419603623449,-0.3069687028273993,-0.650948912631075,0.038207791871387384,0.37706951707628394,-0.3185713204273574,-0.4889171865444709,-0.7538710388993024,0.9458874536107709,-0.44632860312534356,-0.2853478608449372,-1.0370819712844137,0.3424945573025348,-0.4496412372007491,0.20295795269922018,-0.41923022653073,-0.2772718104008337,-0.8449286248915441,-0.647455543871472,0.8460434230488473,-0.49744243847086145,-0.29847421946995023,0.29027091864054483,-0.624066978453243,-31.3655,-64.2309,-0.10694177227213653,-0.42510117702433775,-0.23063899907489394,-0.44210874293929586,1.0847754208430642,-0.9120717130323523,0.3229879685276647,Cluster 2,Area de Transición (Estrato 2),Baja,<b>VILLA CENTENARIO</b><hr>Tipología: <span style='color:#38bdf8'>Area de Transición (Estrato 2)</span><br>Pob: 2331.0<br>Score Infra: <b style='color:#e2e8f0'>Baja</b>
VILLA CLARET,-0.48927544742157275,-0.3986197661743339,-0.37526846324920843,-0.5671487521025335,-0.35513137076247453,-0.660755964257503,0.037093920871678586,-0.4889171865444709,-0.01566240205973512,-0.009376827297256658,-0.4825925703810207,-0.2853478608449372,-1.0370819712844137,-1.2424653705764666,3.2690416824665145,0.7356837392205475,-0.41923022653073,-0.2772718104008337,2.3357365650972284,-0.647455543871472,0.8460434230488473,-0.49744243847086145,-0.29847421946995023,0.29027091864054483,1.7032365639672844,-31.3468,-64.2385,-0.36660281679479395,0.28628292539132033,0.6425529772897798,2.6741958921434104,-0.8874492440314317,-1.3448155107433089,-0.40822090466690975,Cluster 1,Núcleo Urbano Consolidado Mayor,Muy Alta,<b>VILLA CLARET</b><hr>Tipología: <span style='color:#38bdf8'>Núcleo Urbano Consolidado Mayor</span><br>Pob: 500.0<br>Score Infra: <b style='color:#e2e8f0'>Muy Alta</b>
VILLA CLAUDINA,-0.48927544742157275,-0.3986197661743339,-0.36009073871102865,-0.38885053821201954,0.038207791871387384,0.37706951707628394,-0.3185713204273574,-0.4889171865444709,-0.20021456126962692,-0.39148253966046764,-0.5490765103497621,-0.2853478608449372,-1.0370819712844137,-1.2424653705764666,-0.4496412372007491,2.839200277970605,-0.41923022653073,-0.2772718104008337,1.721412047475061,-0.647455543871472,0.8460434230488473,-0.49744243847086145,-0.29847421946995023,0.29027091864054483,2.3512034698399122,-31.3887,-64.1226,-0.37868007467956866,1.1151266943220122,1.5494318073003177,5.331063369574158,1.0847754208430642,-1.3448155107433089,-0.40822090466690975,Cluster 1,Núcleo Urbano Consolidado Mayor,Muy Alta,<b>VILLA CLAUDINA</b><hr>Tipología: <span style='color:#38bdf8'>Núcleo Urbano Consolidado Mayor</span><br>Pob: 500.0<br>Score Infra: <b style='color:#e2e8f0'>Muy Alta</b>
VILLA CORINA,0.328555039156677,0.24376646840370417,0.1863073446634443,0.0889886750145579,0.8248861171391112,-0.31481413714624074,1.8154201273668584,-0.4889171865444709,0.3534419163600485,-0.39148253966046764,-0.31940471773047346,-0.2853478608449372,0.3188888414377209,1.0488690209311078,2.7372700249540958,0.36802791471991314,-0.41923022653073,-0.2772718104008337,-0.5439096112566819,-0.38000706159772113,0.8460434230488473,-0.49744243847086145,-0.29847421946995023,0.29027091864054483,-0.3465973324530137,-31.3753,-64.1447,-0.058632740733037494,0.24161292350706368,0.13947564879971106,-0.4217361472635974,-1.0057827239239014,0.16113290529081967,0.3229879685276647,Cluster 2,Area de Transición (Estrato 2),Media,<b>VILLA CORINA</b><hr>Tipología: <span style='color:#38bdf8'>Area de Transición (Estrato 2)</span><br>Pob: 4622.0<br>Score Infra: <b style='color:#e2e8f0'>Media</b>
VILLA CORNU,0.854728365310369,0.536755927482349,0.6871722544233779,0.42240633498981905,0.038207791871387384,0.37706951707628394,-0.3185713204273574,-0.4889171865444709,-1.0306992777141402,-0.7735882520236786,-0.470504581295795,-0.2853478608449372,-1.0370819712844137,1.5160042501628492,-0.4496412372007491,-0.45732189538355184,-0.41923022653073,-0.2772718104008337,-1.0430482818246931,-0.647455543871472,0.8460434230488473,-0.49744243847086145,-0.29847421946995023,-3.445057481760149,-1.080601337860597,-31.3152,-64.2642,0.05610120917232278,0.5324930907466029,0.19484593190426835,-0.5099003113084305,1.0847754208430642,0.9227619892621028,0.3229879685276647,Cluster 2,Area de Transición (Estrato 2),Muy Baja,<b>VILLA CORNU</b><hr>Tipología: <span style='color:#38bdf8'>Area de Transición (Estrato 2)</span><br>Pob: 7274.0<br>Score Infra: <b style='color:#e2e8f0'>Muy Baja</b>
VILLA CORONEL OLMEDO,0.14939421203873438,0.06797279295651727,0.0952409974343655,0.19418462120996113,0.6282165358221802,1.414894998410071,-0.3185713204273574,1.901887855657992,1.0916505531996157,-0.009376827297256658,-0.27105276138957063,-0.2853478608449372,0.3188888414377209,0.8240666368858103,-0.4496412372007491,0.44305971563841,1.0478274153128369,-0.2772718104008337,-0.09391690209844422,-0.3143831284472175,0.8460434230488473,2.0102828441296667,-0.29847421946995023,0.29027091864054483,0.46537779440812216,-31.4808,-64.1416,-0.13109628804168602,0.2725791650163363,0.10084812916928157,-0.27666921598664096,2.7752537050212034,0.4553986877342699,0.3229879685276647,Cluster 2,Area de Transición (Estrato 2),Alta,<b>VILLA CORONEL OLMEDO</b><hr>Tipología: <span style='color:#38bdf8'>Area de Transición (Estrato 2)</span><br>Pob: 3719.0<br>Score Infra: <b style='color:#e2e8f0'>Alta</b>
VILLA EL LIBERTADOR,11.04765010656971,7.751415990850699,15.500631403686866,1.554599993194583,4.561608162160799,5.220255096633957,2.882415851263967,1.901887855657992,0.9070983939897239,0.3727288850659543,0.32730269832910247,2.8154322270033805,-1.0370819712844137,3.6681261561377845,0.837023053004124,-0.4348123551080028,-0.3265165465629209,0.184343482216626,-0.987759075238698,-0.647455543871472,0.8460434230488473,2.0102828441296667,3.3503731135501913,0.29027091864054483,-0.9381023917558281,-31.4832,-64.2241,3.836282927106823,0.29047819765592214,-0.0021821686476201935,-0.5204378607958607,-0.1549086542209046,1.061240004529609,1.7854057149168137,Cluster 4,Area de Transición (Estrato 4),Muy Baja,<b>VILLA EL LIBERTADOR</b><hr>Tipología: <span style='color:#38bdf8'>Area de Transición (Estrato 4)</span><br>Pob: 58648.0<br>Score Infra: <b style='color:#e2e8f0'>Muy Baja</b>
VILLA ESQUIU,-0.4230077660734079,-0.3854763138044508,-0.2690243914819498,0.5097724597961708,0.23487737318831833,0.7230113441875463,-0.3185713204273574,1.901887855657992,-0.38476672047951876,-0.5825353958420731,-0.5490765103497621,-0.2853478608449372,-1.0370819712844137,-0.7165515363420543,-0.4496412372007491,2.8365741649384577,3.2113284060910634,-0.2772718104008337,0.2454973938878035,-0.647455543871472,0.8460434230488473,2.0102828441296667,-0.29847421946995023,0.29027091864054483,2.587805493561038,-31.3582,-64.1064,1.487256268518132,-1.3183997643133163,-1.1322561286371113,-0.4435137495376199,1.6482681822357772,0.7669742220861587,-0.40822090466690975,Cluster 1,Núcleo Urbano Consolidado Mayor,Muy Alta,<b>VILLA ESQUIU</b><hr>Tipología: <span style='color:#38bdf8'>Núcleo Urbano Consolidado Mayor</span><br>Pob: 834.0<br>Score Infra: <b style='color:#e2e8f0'>Muy Alta</b>
VILLA EUCARISTICA,-0.3099162140720488,-0.3077108872826423,-0.36009073871102865,-0.6313361091031187,0.038207791871387384,-0.660755964257503,0.7484244034697505,-0.4889171865444709,-1.0306992777141402,-0.7735882520236786,-0.4946805594662464,-0.2853478608449372,1.6748596541598555,-0.17929446254572395,3.2690416824665145,0.8407282605064431,-0.41923022653073,-0.2772718104008337,-1.0430482818246931,1.1169615266845228,0.8460434230488473,-0.49744243847086145,-0.29847421946995023,-3.445057481760149,-0.43532309134843594,-31.4821,-64.1788,2.429282383530564,-1.3118532299260217,-1.1287356320600037,-0.5120078212059166,-1.02832243437961,0.9746912449874172,-1.1394297778614841,Cluster 0,Periferia Excluida NBI,Media,<b>VILLA EUCARISTICA</b><hr>Tipología: <span style='color:#38bdf8'>Periferia Excluida NBI</span><br>Pob: 1404.0<br>Score Infra: <b style='color:#e2e8f0'>Media</b>
VILLA GENERAL URQUIZA,0.6039428885915656,0.32646068956421886,1.5750691399068963,2.1305032240609427,0.6282165358221802,0.37706951707628394,0.7484244034697505,1.901887855657992,0.07661367754521078,-0.009376827297256658,-0.27709675593218347,-0.2853478608449372,1.6748596541598555,1.3190443632240805,1.4097002226328827,-0.014634269964420608,0.48609158962552307,-0.2772718104008337,-0.7358860230136093,-0.2351391336994395,0.8460434230488473,2.0102828441296667,-0.29847421946995023,0.29027091864054483,-0.36380475236000476,-31.391,-64.2418,0.12856475648097135,-0.012852519182546885,-0.22887058889319375,-0.45861757046960333,-0.6057028633350752,1.1477887640717999,1.7854057149168137,Cluster 4,Area de Transición (Estrato 4),Media,<b>VILLA GENERAL URQUIZA</b><hr>Tipología: <span style='color:#38bdf8'>Area de Transición (Estrato 4)</span><br>Pob: 6010.0<br>Score Infra: <b style='color:#e2e8f0'>Media</b>
VILLA GRAN PARQUE,-0.4732045426634849,-0.3986197661743339,-0.32214642736557914,0.05689499651426544,-0.5518009520794055,-0.660755964257503,-0.3185713204273574,-0.4889171865444709,-1.0306992777141402,-0.7735882520236786,-0.05951295239812052,-0.2853478608449372,0.3188888414377209,-1.0888160346922953,-0.4496412372007491,-0.7649522791493887,-0.41923022653073,-0.2772718104008337,-1.0430482818246931,1.4834650023929963,-1.181972429259419,-0.49744243847086145,-0.29847421946995023,-3.445057481760149,-1.2338549214072352,-31.3271,-64.1616,1.9582693260243478,-1.3418447519428074,-1.143367185840286,-0.5232478739925088,-0.6057028633350752,-0.6524254344057787,-1.1394297778614841,Cluster 0,Periferia Excluida NBI,Muy Baja,<b>VILLA GRAN PARQUE</b><hr>Tipología: <span style='color:#38bdf8'>Periferia Excluida NBI</span><br>Pob: 581.0<br>Score Infra: <b style='color:#e2e8f0'>Muy Baja</b>
VILLA LA MERCED,-0.325590306366974,-0.3548082582747235,0.057296686088915985,2.961372900790738,0.038207791871387384,0.37706951707628394,-0.3185713204273574,1.901887855657992,-0.47704280008446465,-0.5825353958420731,-0.5490765103497621,-0.2853478608449372,-1.0370819712844137,-0.23910427114493138,-0.4496412372007491,0.9307664216086391,3.2113284060910634,-0.2772718104008337,-0.34732576561758827,-0.647455543871472,0.8460434230488473,2.0102828441296667,-0.29847421946995023,0.29027091864054483,1.2553059145134258,-31.4083,-64.0642,-0.13109628804168602,-0.785687712540869,-0.8326330312361246,-0.16180992657365123,1.0847754208430642,2.515259164838423,1.7854057149168137,Cluster 4,Area de Transición (Estrato 4),Muy Alta,<b>VILLA LA MERCED</b><hr>Tipología: <span style='color:#38bdf8'>Area de Transición (Estrato 4)</span><br>Pob: 1325.0<br>Score Infra: <b style='color:#e2e8f0'>Muy Alta</b>
VILLA MAFEKIN,-0.20694337988133757,-0.2113255699034993,-0.07171397248561234,0.5240363169074119,0.038207791871387384,0.37706951707628394,-0.3185713204273574,-0.4889171865444709,0.2611658367551026,-0.20042968347886214,-0.5490765103497621,-0.2853478608449372,0.3188888414377209,0.1445034667672276,-0.4496412372007491,0.4055438151791616,-0.41923022653073,-0.2772718104008337,0.07502234024765195,-0.0035980865457756243,0.8460434230488473,-0.49744243847086145,-0.29847421946995023,0.29027091864054483,0.0733712596519844,-31.4022,-64.2569,-0.1673280616960103,-0.39056229019158256,-0.4150052827258089,-0.3044180963035406,1.0847754208430642,0.47270843964270776,0.3229879685276647,Cluster 2,Area de Transición (Estrato 2),Alta,<b>VILLA MAFEKIN</b><hr>Tipología: <span style='color:#38bdf8'>Area de Transición (Estrato 2)</span><br>Pob: 1923.0<br>Score Infra: <b style='color:#e2e8f0'>Alta</b>
VILLA MARTA,-0.39384205003095213,-0.3219496273500157,-0.3904461877873882,-0.8185492336881582,-0.5518009520794055,-0.660755964257503,-0.3185713204273574,-0.4889171865444709,-0.2924906408745728,-0.20042968347886214,-0.3738006686139892,-0.2853478608449372,-1.0370819712844137,-0.5484653501063508,-0.4496412372007491,-0.7649522791493887,-0.41923022653073,-0.2772718104008337,0.20863792283047342,-0.647455543871472,-1.181972429259419,-0.49744243847086145,-0.29847421946995023,0.29027091864054483,-0.4224175264181927,-31.3608,-64.2282,-0.31829378525569485,0.02247410013801406,0.15024934775283844,-0.14459859574418177,-0.6057028633350752,-0.6697351863142166,-1.1394297778614841,Cluster 0,Periferia Excluida NBI,Media,<b>VILLA MARTA</b><hr>Tipología: <span style='color:#38bdf8'>Periferia Excluida NBI</span><br>Pob: 981.0<br>Score Infra: <b style='color:#e2e8f0'>Media</b>
VILLA MARTINEZ,0.10514962239609739,-0.05579471685988223,0.8768938111506255,2.7242362763163546,0.038207791871387384,0.37706951707628394,-0.3185713204273574,-0.4889171865444709,-0.20021456126962692,-0.39148253966046764,-0.5249005321793108,-0.2853478608449372,0.3188888414377209,0.7611632174969886,-0.4496412372007491,-0.11967879125031615,-0.41923022653073,-0.2772718104008337,-0.6483447792524505,-0.293333942342339,0.8460434230488473,-0.49744243847086145,-0.29847421946995023,0.29027091864054483,-0.6568686226509445,-31.4161,-64.2507,-0.1794053195807851,0.5081449956689711,0.043524432971707674,-0.4213848956140164,1.0847754208430642,1.6497715694165103,1.7854057149168137,Cluster 4,Area de Transición (Estrato 4),Baja,<b>VILLA MARTINEZ</b><hr>Tipología: <span style='color:#38bdf8'>Area de Transición (Estrato 4)</span><br>Pob: 3496.0<br>Score Infra: <b style='color:#e2e8f0'>Baja</b>
VILLA PAEZ,0.3759741285046153,0.27388688008468637,0.3912066259288717,0.38674669221171626,0.8248861171391112,0.7230113441875463,0.7484244034697505,1.901887855657992,0.07661367754521078,-0.009376827297256658,0.2970827256160382,-0.2853478608449372,0.3188888414377209,1.1004292007580116,1.1456737353365072,0.31550565407696535,0.7042414248438974,-0.2772718104008337,-0.6637028921930047,-0.39238893577706146,0.8460434230488473,2.0102828441296667,-0.29847421946995023,0.29027091864054483,-0.08095778763884079,-31.3959,-64.206,-0.058632740733037494,0.32502106293558536,0.19197838677886528,-0.39117725375004964,-0.46482967298689687,0.2130621610161341,0.3229879685276647,Cluster 2,Area de Transición (Estrato 2),Media,<b>VILLA PAEZ</b><hr>Tipología: <span style='color:#38bdf8'>Area de Transición (Estrato 2)</span><br>Pob: 4861.0<br>Score Infra: <b style='color:#e2e8f0'>Media</b>
VILLA QUISQUIZACATE,-0.29543255916661154,-0.2775904756016601,-0.3069687028273993,-0.3728036989618733,-0.35513137076247453,-0.31481413714624074,-0.3185713204273574,-0.4889171865444709,-0.47704280008446465,-0.39148253966046764,0.3696106601273925,-0.2853478608449372,0.3188888414377209,-0.12773428271882104,-0.4496412372007491,-0.25473603290361035,-0.41923022653073,-0.2772718104008337,-0.41950889643819306,0.19079733806986723,0.8460434230488473,-0.49744243847086145,-0.29847421946995023,0.29027091864054483,-0.575671109964831,-31.3332,-64.2818,0.09837161176903442,-1.017416331150632,-0.895202104095726,-0.4716138815041006,-0.04221010194236202,0.4034694320089547,-1.1394297778614841,Cluster 0,Periferia Excluida NBI,Baja,<b>VILLA QUISQUIZACATE</b><hr>Tipología: <span style='color:#38bdf8'>Periferia Excluida NBI</span><br>Pob: 1477.0<br>Score Infra: <b style='color:#e2e8f0'>Baja</b>
VILLA RETIRO,-0.4079288924732267,-0.3668564229471164,-0.2842021160201296,0.18170374623762525,0.6282165358221802,0.37706951707628394,0.7484244034697505,-0.4889171865444709,-0.7538710388993024,-0.39148253966046764,-0.22874479959128058,-0.2853478608449372,0.3188888414377209,-0.6258056198467047,1.4097002226328827,2.839200277970605,-0.41923022653073,-0.2772718104008337,-0.5362305547864049,0.7133124284380286,0.8460434230488473,-0.49744243847086145,-0.29847421946995023,0.29027091864054483,0.8869595821294005,-31.3363,-64.1459,1.2396724818802496,-1.3048511633677484,-1.1195888704740407,-0.4723163848032626,-0.6057028633350752,0.43808893582583125,-0.40822090466690975,Cluster 1,Núcleo Urbano Consolidado Mayor,Muy Alta,<b>VILLA RETIRO</b><hr>Tipología: <span style='color:#38bdf8'>Núcleo Urbano Consolidado Mayor</span><br>Pob: 910.0<br>Score Infra: <b style='color:#e2e8f0'>Muy Alta</b>
VILLA REVOL,0.2700252008401841,0.22624186524386,0.03453009928164628,-0.1517139137376359,-0.15846178944554357,0.031127689965021584,-0.3185713204273574,-0.4889171865444709,-0.10793848166468102,-0.009376827297256658,1.2520338633488701,-0.2853478608449372,0.3188888414377209,0.980809583559595,-0.4496412372007491,-0.4198059949243034,-0.41923022653073,-0.2772718104008337,-0.6882758728978914,-0.3614342503287107,0.8460434230488473,-0.49744243847086145,-0.29847421946995023,0.29027091864054483,-0.8321692129534148,-31.4436,-64.1727,-0.11901903015691129,0.459952079047583,0.38129621893854077,-0.4673988617091285,0.5212826594503511,-0.08120362142731614,0.3229879685276647,Cluster 2,Area de Transición (Estrato 2),Muy Baja,<b>VILLA REVOL</b><hr>Tipología: <span style='color:#38bdf8'>Area de Transición (Estrato 2)</span><br>Pob: 4327.0<br>Score Infra: <b style='color:#e2e8f0'>Muy Baja</b>
VILLA REVOL ANEXO,-0.414674704346992,-0.3668564229471164,-0.17036918198378107,1.2193993510804166,-0.35513137076247453,-0.31481413714624074,-0.3185713204273574,-0.4889171865444709,-0.47704280008446465,0.18167602888434883,-0.4523725976679564,2.8154322270033805,-1.0370819712844137,-0.6649913565151513,-0.4496412372007491,0.09041025132147486,-0.41923022653073,3.954654269271583,0.008982454603268838,-0.647455543871472,0.8460434230488473,-0.49744243847086145,3.3503731135501913,0.29027091864054483,0.47129284500115026,-31.4371,-64.17,-0.28810064054375795,-0.4542651820842367,-0.4323357025064707,0.06299112915819417,-0.04221010194236202,0.2130621610161341,1.7854057149168137,Cluster 4,Area de Transición (Estrato 4),Alta,<b>VILLA REVOL ANEXO</b><hr>Tipología: <span style='color:#38bdf8'>Area de Transición (Estrato 4)</span><br>Pob: 876.0<br>Score Infra: <b style='color:#e2e8f0'>Alta</b>
VILLA RIVADAVIA,-0.414674704346992,-0.38438102610696057,-0.03376966114016284,2.9417600972627813,0.43154695450524927,1.0689531712988085,-0.3185713204273574,1.901887855657992,1.0916505531996157,-0.5825353958420731,-0.5490765103497621,-0.2853478608449372,0.3188888414377209,-0.6649913565151513,-0.4496412372007491,2.839200277970605,3.2113284060910634,-0.2772718104008337,2.6428988239083124,0.7665544874091919,0.8460434230488473,2.0102828441296667,-0.29847421946995023,0.29027091864054483,4.1434637995274395,-31.5131,-64.1946,-0.2941392694861453,-0.4033132125320745,-0.4880161375505877,1.4283062910795739,2.2117609436284904,1.0439302526211702,-0.40822090466690975,Cluster 1,Núcleo Urbano Consolidado Mayor,Muy Alta,<b>VILLA RIVADAVIA</b><hr>Tipología: <span style='color:#38bdf8'>Núcleo Urbano Consolidado Mayor</span><br>Pob: 876.0<br>Score Infra: <b style='color:#e2e8f0'>Muy Alta</b>
VILLA RIVERA INDARTE,0.2989925106510586,0.1528575895120125,0.06488554835800589,-0.007292360486319654,2.0049036050406968,1.0689531712988085,2.5267506099649304,1.901887855657992,0.814822314384778,-0.39148253966046764,0.18224682930639385,-0.2853478608449372,0.3188888414377209,1.0148393022453523,1.837348758394618,1.4184731275788687,0.8024088506921659,-0.2772718104008337,-0.3565406333819209,-0.3701015622542489,0.8460434230488473,2.0102828441296667,-0.29847421946995023,0.29027091864054483,0.6992911587687805,-31.3254,-64.2939,0.8169684559131327,-0.9309169384745087,-0.8460729486170461,-0.46072508036708937,-0.7916554745946704,0.7496644701777201,0.3229879685276647,Cluster 2,Area de Transición (Estrato 2),Muy Alta,<b>VILLA RIVERA INDARTE</b><hr>Tipología: <span style='color:#38bdf8'>Area de Transición (Estrato 2)</span><br>Pob: 4473.0<br>Score Infra: <b style='color:#e2e8f0'>Muy Alta</b>
VILLA SAN CARLOS,-0.4878866038005034,-0.3986197661743339,-0.2917909782892195,0.4134914242952934,1.2182252797729731,1.414894998410071,0.7484244034697505,-0.4889171865444709,-0.2924906408745728,-0.009376827297256658,-0.5249005321793108,-0.2853478608449372,0.3188888414377209,-1.2290597238214709,0.7886801750484498,2.839200277970605,-0.41923022653073,-0.2772718104008337,1.3804619401947582,1.7942500442944378,0.8460434230488473,-0.49744243847086145,-0.29847421946995023,0.29027091864054483,2.1301956704094978,-31.4621,-64.17,-0.28810064054375795,-0.8405942583196923,-0.5984356692959472,0.6334238080777519,-0.1830832922905403,-1.2755765031095556,-0.40822090466690975,Cluster 1,Núcleo Urbano Consolidado Mayor,Muy Alta,<b>VILLA SAN CARLOS</b><hr>Tipología: <span style='color:#38bdf8'>Núcleo Urbano Consolidado Mayor</span><br>Pob: 507.0<br>Score Infra: <b style='color:#e2e8f0'>Muy Alta</b>
VILLA SAN ISIDRO,-0.4210237037575946,-0.37014228603958715,-0.3525018764419387,-0.42807614526793264,-0.5518009520794055,-0.660755964257503,-0.3185713204273574,-0.4889171865444709,-0.20021456126962692,-0.20042968347886214,-0.3919326522418278,-0.2853478608449372,-1.0370819712844137,-0.7041770931835979,-0.4496412372007491,-0.7649522791493887,-0.41923022653073,-0.2772718104008337,0.5941265576383835,-0.647455543871472,-1.181972429259419,-0.49744243847086145,-0.29847421946995023,0.29027091864054483,-0.17237220589473035,-31.4576,-64.1881,-0.3303710431404696,0.027683876364183752,-0.028534200986001637,0.05456108956824997,-0.6057028633350752,0.1265134014739431,-1.1394297778614841,Cluster 0,Periferia Excluida NBI,Media,<b>VILLA SAN ISIDRO</b><hr>Tipología: <span style='color:#38bdf8'>Periferia Excluida NBI</span><br>Pob: 844.0<br>Score Infra: <b style='color:#e2e8f0'>Media</b>
VILLA SERRANA,-0.3724141770201683,-0.35754647751844915,-0.018591936601983036,2.383686687785473,-0.15846178944554357,-0.31481413714624074,0.037093920871678586,-0.4889171865444709,-0.47704280008446465,-0.5825353958420731,-0.5430325158071493,-0.2853478608449372,1.6748596541598555,-0.4412201760663922,1.4097002226328827,0.6156328577509527,-0.41923022653073,-0.2772718104008337,-0.1968162588001573,1.6270947428733438,0.8460434230488473,-0.49744243847086145,-0.29847421946995023,0.29027091864054483,0.0013151887914596304,-31.3302,-64.2789,-0.2941392694861453,-0.16792243354339642,-0.33989410073138016,-0.07505076912714213,-0.6057028633350752,1.1824082678886765,1.7854057149168137,Cluster 4,Area de Transición (Estrato 4),Alta,<b>VILLA SERRANA</b><hr>Tipología: <span style='color:#38bdf8'>Area de Transición (Estrato 4)</span><br>Pob: 1089.0<br>Score Infra: <b style='color:#e2e8f0'>Alta</b>
VILLA SIBURU,-0.3240030565143233,-0.3082585311313874,-0.07930283475470225,1.1766077797466932,0.23487737318831833,0.7230113441875463,-0.3185713204273574,1.901887855657992,-0.2924906408745728,-0.009376827297256658,0.055322943911523814,-0.2853478608449372,0.3188888414377209,-0.2329170495657037,-0.4496412372007491,1.4860017484055157,3.2113284060910634,-0.2772718104008337,-0.12156150539144173,0.28118501957905156,0.8460434230488473,2.0102828441296667,-0.29847421946995023,0.29027091864054483,1.6779631659788912,-31.3957,-64.2305,-0.11901903015691129,-0.8072250348779213,-0.7486308269743172,-0.1186059736751872,1.6482681822357772,0.6458059587270905,-0.40822090466690975,Cluster 1,Núcleo Urbano Consolidado Mayor,Muy Alta,<b>VILLA SIBURU</b><hr>Tipología: <span style='color:#38bdf8'>Núcleo Urbano Consolidado Mayor</span><br>Pob: 1333.0<br>Score Infra: <b style='color:#e2e8f0'>Muy Alta</b>
VILLA SILVANO FUNES,-0.4049527989995067,-0.35809412136719426,-0.2917909782892195,0.05154605009754997,-0.5518009520794055,-0.660755964257503,-0.3185713204273574,-0.4889171865444709,0.9993744735946698,0.5637817412475599,-0.3798446631566021,-0.2853478608449372,0.3188888414377209,-0.6093063623020957,-0.4496412372007491,-0.7649522791493887,-0.41923022653073,-0.2772718104008337,2.6091109754390933,0.691025054915216,-1.181972429259419,-0.49744243847086145,-0.29847421946995023,0.29027091864054483,1.1343162432923959,-31.3404,-64.2512,-0.2760233826589832,-0.4951974330983242,-0.4612451280306956,0.21332683517886575,-0.6057028633350752,0.17844265719925753,-0.40822090466690975,Cluster 1,Núcleo Urbano Consolidado Mayor,Muy Alta,<b>VILLA SILVANO FUNES</b><hr>Tipología: <span style='color:#38bdf8'>Núcleo Urbano Consolidado Mayor</span><br>Pob: 925.0<br>Score Infra: <b style='color:#e2e8f0'>Muy Alta</b>
VILLA SOLFERINO,-0.4567368254422343,-0.3986197661743339,-0.36767960098011854,-0.4779996451572765,-0.5518009520794055,-0.660755964257503,-0.3185713204273574,-0.4889171865444709,-0.38476672047951876,-0.20042968347886214,-0.4825925703810207,-0.2853478608449372,0.3188888414377209,-0.9506347527561946,-0.4496412372007491,-0.7649522791493887,-0.41923022653073,-0.2772718104008337,0.5756968221097184,1.2172547075371791,-1.181972429259419,-0.49744243847086145,-0.29847421946995023,0.29027091864054483,-0.18420230708078653,-31.3418,-64.2755,-0.32433241419808223,-0.35536894884244347,-0.33408283281120843,0.004332103678165761,-0.6057028633350752,0.07458414574862791,-1.1394297778614841,Cluster 0,Periferia Excluida NBI,Media,<b>VILLA SOLFERINO</b><hr>Tipología: <span style='color:#38bdf8'>Periferia Excluida NBI</span><br>Pob: 664.0<br>Score Infra: <b style='color:#e2e8f0'>Media</b>
VILLA UNION,0.37220441010457,0.16654868573064077,1.2032148887214913,2.1447670811721844,0.23487737318831833,0.7230113441875463,-0.3185713204273574,1.901887855657992,0.4457179959649944,-0.39148253966046764,-0.5007245540088593,-0.2853478608449372,0.3188888414377209,1.096304386371858,-0.4496412372007491,-0.1421883315258652,0.7096951707243567,-0.2772718104008337,-0.5362305547864049,-0.3911507483591275,0.8460434230488473,2.0102828441296667,-0.29847421946995023,0.29027091864054483,-0.22399446561570321,-31.425,-64.2652,0.1527192722505209,-0.3244663624837006,-0.4425435102014539,-0.45159253747798317,1.6482681822357772,1.130479012163362,1.7854057149168137,Cluster 4,Area de Transición (Estrato 4),Media,<b>VILLA UNION</b><hr>Tipología: <span style='color:#38bdf8'>Area de Transición (Estrato 4)</span><br>Pob: 4842.0<br>Score Infra: <b style='color:#e2e8f0'>Media</b>
VILLA WARCALDE,-0.46467307470548763,-0.3986197661743339,-0.25384666694377,0.8592369590215784,0.038207791871387384,-0.660755964257503,0.7484244034697505,-0.4889171865444709,-0.5693188796894105,-0.5825353958420731,-0.48863656492363355,-0.2853478608449372,-1.0370819712844137,-1.0145693757415548,3.2690416824665145,2.839200277970605,-0.41923022653073,-0.2772718104008337,0.18713656471369747,-0.647455543871472,0.8460434230488473,-0.49744243847086145,-0.29847421946995023,0.29027091864054483,1.3563995064669978,-31.3437,-64.295,0.30368499581020536,-1.2653113687714992,-1.078186307173866,-0.3785321943651334,-1.02832243437961,-0.27161089242013675,-0.40822090466690975,Cluster 1,Núcleo Urbano Consolidado Mayor,Muy Alta,<b>VILLA WARCALDE</b><hr>Tipología: <span style='color:#38bdf8'>Núcleo Urbano Consolidado Mayor</span><br>Pob: 624.0<br>Score Infra: <b style='color:#e2e8f0'>Muy Alta</b>
VIVERO NORTE,-0.27678237339796635,-0.26608995477801234,-0.2766132537510397,-0.2372970564050826,-0.15846178944554357,0.031127689965021584,-0.3185713204273574,1.901887855657992,-0.2924906408745728,-0.39148253966046764,0.3696106601273925,-0.2853478608449372,-1.0370819712844137,-0.0637996597334609,-0.4496412372007491,0.1879515925155208,3.05480589932188,-0.2772718104008337,-0.26132033315048486,-0.647455543871472,0.8460434230488473,2.0102828441296667,-0.29847421946995023,0.29027091864054483,0.8901859733619616,-31.3823,-64.1447,-0.2760233826589832,0.11672549661458903,-0.025944160227572937,0.13745647886936793,0.5212826594503511,0.47270843964270776,-0.40822090466690975,Cluster 1,Núcleo Urbano Consolidado Mayor,Muy Alta,<b>VIVERO NORTE</b><hr>Tipología: <span style='color:#38bdf8'>Núcleo Urbano Consolidado Mayor</span><br>Pob: 1571.0<br>Score Infra: <b style='color:#e2e8f0'>Muy Alta</b>
YAPEYU,4.395287567879236,3.444744764318992,2.82723141430673,0.1282142820704711,1.021555698456042,2.106778652632596,-0.3185713204273574,1.901887855657992,-0.47704280008446465,-0.39148253966046764,-0.36775667407137635,-0.2853478608449372,0.3188888414377209,2.793665506273509,-0.4496412372007491,-0.5248505162101988,-0.20108039131235575,-0.2772718104008337,-1.006188810767363,-0.5979280471541106,0.8460434230488473,2.0102828441296667,-0.29847421946995023,0.29027091864054483,-1.0187621725698481,-31.4104,-64.1462,0.11044886965380919,4.507102786813524,3.449389941470607,-0.5067390464622015,3.9022392278066294,0.35154017628364026,1.0541968417222392,Cluster 3,Area de Transición (Estrato 3),Muy Baja,<b>YAPEYU</b><hr>Tipología: <span style='color:#38bdf8'>Area de Transición (Estrato 3)</span><br>Pob: 25119.0<br>Score Infra: <b style='color:#e2e8f0'>Muy Baja</b>
YOFRE H,0.12141893338576659,0.04825761440169257,0.03453009928164628,0.09433762143127337,-0.15846178944554357,0.031127689965021584,-0.3185713204273574,-0.4889171865444709,-1.0306992777141402,-0.7735882520236786,1.0646700325278713,-0.2853478608449372,-1.0370819712844137,0.7848809002173637,-0.4496412372007491,-0.34477419400580656,-0.41923022653073,-0.2772718104008337,-1.0430482818246931,-0.647455543871472,0.8460434230488473,-0.49744243847086145,-0.29847421946995023,-3.445057481760149,-1.0246772231628765,-31.3823,-64.1256,0.35803265629169184,-0.8065268174455481,-0.7324430722341385,-0.5123590728554976,0.5212826594503511,0.42077918391739333,0.3229879685276647,Cluster 2,Area de Transición (Estrato 2),Muy Baja,<b>YOFRE H</b><hr>Tipología: <span style='color:#38bdf8'>Area de Transición (Estrato 2)</span><br>Pob: 3578.0<br>Score Infra: <b style='color:#e2e8f0'>Muy Baja</b>
YOFRE I,0.45553502736872936,0.35822403279143644,0.0952409974343655,-0.18024162796011817,-0.5518009520794055,-0.660755964257503,-0.3185713204273574,1.901887855657992,0.3534419163600485,-0.39148253966046764,-0.2831407504747963,-0.2853478608449372,0.3188888414377209,1.1818942848845173,-0.4496412372007491,-0.7649522791493887,0.6169814907565477,-0.2772718104008337,-0.6053420630188987,-0.412199934464006,-1.181972429259419,2.0102828441296667,-0.29847421946995023,0.29027091864054483,-0.6090104860346259,-31.39,-64.1277,-0.2337529800622715,2.366917164830402,1.9031138436403547,-0.37747843941639037,-0.6057028633350752,0.09189389765706657,1.0541968417222392,Cluster 3,Area de Transición (Estrato 3),Baja,<b>YOFRE I</b><hr>Tipología: <span style='color:#38bdf8'>Area de Transición (Estrato 3)</span><br>Pob: 5262.0<br>Score Infra: <b style='color:#e2e8f0'>Baja</b>
YOFRE NORTE,0.7874686528042976,0.6857150543410246,0.04970782381982608,-0.43342509168464805,1.2182252797729731,0.7230113441875463,1.4597548860678224,-0.4889171865444709,0.6302701551748863,-0.009376827297256658,-0.27105276138957063,-0.2853478608449372,0.3188888414377209,1.4665064775290224,1.6179464661342498,0.21046113279106987,-0.41923022653073,-0.2772718104008337,-0.6437373453702842,-0.4691565556889714,0.8460434230488473,-0.49744243847086145,-0.29847421946995023,0.29027091864054483,-0.48963401042987614,-31.384,-64.1341,0.04402395128754801,0.4928220074023864,0.4317693661553127,-0.45756381552086023,-0.7014966327718363,-0.16775238096950712,0.3229879685276647,Cluster 2,Area de Transición (Estrato 2),Baja,<b>YOFRE NORTE</b><hr>Tipología: <span style='color:#38bdf8'>Area de Transición (Estrato 2)</span><br>Pob: 6935.0<br>Score Infra: <b style='color:#e2e8f0'>Baja</b>
YOFRE SUD,0.42855177987366827,0.33686592269037635,0.011763512474376573,-0.2890035384333317,0.038207791871387384,0.37706951707628394,-0.3185713204273574,-0.4889171865444709,0.07661367754521078,-0.20042968347886214,1.3910457378289658,-0.2853478608449372,0.3188888414377209,1.155082991374528,-0.4496412372007491,-0.32226465373025753,-0.41923022653073,-0.2772718104008337,-0.6836684390157252,-0.4060089973743358,0.8460434230488473,-0.49744243847086145,-0.29847421946995023,0.29027091864054483,-0.7805469532324419,-31.3923,-64.1355,-0.12505765909929864,0.8452845543325571,0.6539905102188068,-0.45896882211918427,1.0847754208430642,0.07458414574862791,0.3229879685276647,Cluster 2,Area de Transición (Estrato 2),Baja,<b>YOFRE SUD</b><hr>Tipología: <span style='color:#38bdf8'>Area de Transición (Estrato 2)</span><br>Pob: 5126.0<br>Score Infra: <b style='color:#e2e8f0'>Baja</b>
ZEPA,-0.3779695515044456,-0.36849935449335175,-0.13242487063833155,1.593825600250496,0.23487737318831833,0.7230113441875463,-0.3185713204273574,1.901887855657992,-0.5693188796894105,-0.20042968347886214,-0.48863656492363355,2.8154322270033805,1.6748596541598555,-0.4680314695763816,-0.4496412372007491,2.063746615477941,3.2113284060910634,3.954654269271583,-0.31968116232459076,1.6865277389341775,0.8460434230488473,2.0102828441296667,3.3503731135501913,0.29027091864054483,2.4345519100144,-31.3894,-64.1064,-0.2397916090046589,-0.5897114070708346,-0.657304683929222,0.3643650444986994,1.6482681822357772,1.528603306057442,-0.40822090466690975,Cluster 1,Núcleo Urbano Consolidado Mayor,Muy Alta,<b>ZEPA</b><hr>Tipología: <span style='color:#38bdf8'>Núcleo Urbano Consolidado Mayor</span><br>Pob: 1061.0<br>Score Infra: <b style='color:#e2e8f0'>Muy Alta</b>
