barrio,poblacion,hogares,nbi,pct_nbi,escuelas_total,escuelas_estatales,escuelas_privadas,dispensarios_municipales,paradas_colectivo,lineas_colectivo,luminarias_reportes,comisarias,centros_vecinales,hogares_por_poblacion,poblacion_log,pct_escuelas_privadas,escuelas_por_1000_hab,dispensarios_por_10000_hab,comisarias_por_10000_hab,paradas_por_1000_hab,centros_vecinales_por_10000_hab,tiene_escuela,tiene_dispensario,tiene_comisaria,tiene_transporte,infraestructura_score,area_barrio_km2,densidad_poblacional,densidad_hogares,infraestructura_por_km2,educacion_ratio_publico_privado,centroide_lat,centroide_lon,cluster_barrio,cluster_descripcion,categoria_infraestructura,tooltip_barrio,servicios_basicos_score,infraestructura_por_habitante,ranking_infraestructura,percentil_infraestructura
1 DE MAYO,19996.0,5576.0,342.0,6.13,7,5,2,0,16,3,38,0,2,0.279,9.903,0.286,0.35,0.0,0.0,0.8,1.0,1,0,0,1,0.0391,1.13,17695.58,4934.51,0.035,2.0,-31.4359592193562,-64.1176949424045,4,Tipo E (Infr 0.11 - NBI 5.5%),Muy Baja,<b>1 DE MAYO</b><br>Pob: 19996.0<br>Score: 0.04 (Muy Baja),0.67,0.0196,445,10.1
2 DE SEPTIEMBRE,2624.0,588.0,126.0,21.43,1,1,0,1,11,3,0,0,1,0.224,7.873,0.0,0.38,3.81,0.0,4.19,3.81,1,1,0,1,0.2311,0.24,10933.33,2450.0,0.963,2.0,-31.3336313559965,-64.2419277567805,2,Tipo C (Infr 0.16 - NBI 14.4%),Alta,<b>2 DE SEPTIEMBRE</b><br>Pob: 2624.0<br>Score: 0.23 (Alta),1.0,0.8807,188,62.1
20 DE JUNIO,661.0,200.0,28.0,14.0,0,0,0,1,16,5,5,0,0,0.303,6.495,0.0,0.0,6.656999999999986,0.0,24.0,0.0,0,1,0,1,0.6667,0.04,16525.0,5000.0,16.667,1.0,-31.38667683145,-64.1637940986309,3,Tipo D (Infr 0.40 - NBI 2.8%),Muy Alta,<b>20 DE JUNIO</b><br>Pob: 661.0<br>Score: 0.67 (Muy Alta),0.67,10.0862,20,95.9
23 DE ABRIL,1879.0,424.0,69.0,16.27,0,0,0,0,3,1,30,0,1,0.226,7.539,0.0,0.0,0.0,0.0,1.6,5.32,0,0,0,1,0.0296,0.18,10438.89,2355.56,0.164,1.0,-31.4576861165788,-64.1279620826956,2,Tipo C (Infr 0.16 - NBI 14.4%),Muy Baja,<b>23 DE ABRIL</b><br>Pob: 1879.0<br>Score: 0.03 (Muy Baja),0.33,0.1575,455,8.1
25 DE MAYO,500.0,200.0,31.0,15.5,5,5,0,0,12,1,4,0,4,0.4,6.217,0.0,4.8035,0.0,0.0,24.0,80.0,1,0,0,1,0.7778,0.18,2777.78,1111.11,4.321,6.0,-31.4900986725101,-64.0823231112529,0,Tipo A (Infr 0.57 - NBI 4.5%),Muy Alta,<b>25 DE MAYO</b><br>Pob: 500.0<br>Score: 0.78 (Muy Alta),0.67,15.556,6,98.5
4 DE FEBRERO,854.0,207.0,16.0,7.73,0,0,0,0,2,2,11,0,1,0.242,6.751,0.0,0.0,0.0,0.0,2.34,11.71,0,0,0,1,0.0433,0.25,3416.0,828.0,0.173,1.0,-31.4561267034649,-64.1456965562471,1,Tipo B (Infr 0.14 - NBI 3.0%),Muy Baja,<b>4 DE FEBRERO</b><br>Pob: 854.0<br>Score: 0.04 (Muy Baja),0.33,0.507,438,11.5
ACHAVAL PENA,754.0,218.0,10.0,4.59,0,0,0,0,6,1,78,0,0,0.289,6.627,0.0,0.0,0.0,0.0,7.96,0.0,0,0,0,1,0.1474,8.08,93.32,26.98,0.018,1.0,-31.436225387803,-64.2040585961533,1,Tipo B (Infr 0.14 - NBI 3.0%),Baja,<b>ACHAVAL PENA</b><br>Pob: 754.0<br>Score: 0.15 (Baja),0.33,1.9549,297,40.1
ACOSTA,5512.0,1519.0,137.0,9.02,7,7,0,0,18,3,15,0,1,0.276,8.615,0.0,1.27,0.0,0.0,3.27,1.81,1,0,0,1,0.1487,0.62,8890.32,2450.0,0.24,8.0,-31.4236045698365,-64.1235108429697,2,Tipo C (Infr 0.16 - NBI 14.4%),Media,<b>ACOSTA</b><br>Pob: 5512.0<br>Score: 0.15 (Media),0.67,0.2698,286,42.3
AERONAUTICO- VILLA ZEPELLIN,928.0,256.0,7.0,2.73,4,4,0,0,10,1,0,0,0,0.276,6.834,0.0,4.31,0.0,0.0,10.78,0.0,1,0,0,1,0.4987,,0.0,0.0,0.0,5.0,-31.4304095651434,-64.270881350096,0,Tipo A (Infr 0.57 - NBI 4.5%),Muy Alta,<b>AERONAUTICO- VILLA ZEPELLIN</b><br>Pob: 928.0<br>Score: 0.50 (Muy Alta),0.67,5.3739,48,90.5
AEROPUERTO,500.0,200.0,5.0,2.5,1,1,0,0,8,2,0,0,0,0.4,6.217,0.0,2.0,0.0,0.0,16.0,0.0,1,0,0,1,0.4351,3.11,160.77,64.31,0.14,2.0,-31.3249626672809,-64.1957356859382,3,Tipo D (Infr 0.40 - NBI 2.8%),Muy Alta,<b>AEROPUERTO</b><br>Pob: 500.0<br>Score: 0.44 (Muy Alta),0.67,8.702,71,85.8
AIRES DEL SUR,500.0,200.0,0.0,0.0,0,0,0,0,2,2,0,0,0,0.4,6.217,0.0,0.0,0.0,0.0,4.0,0.0,0,0,0,1,0.0741,0.06,8333.33,3333.33,1.235,1.0,-31.4642440553401,-64.1844348530897,1,Tipo B (Infr 0.14 - NBI 3.0%),Muy Baja,<b>AIRES DEL SUR</b><br>Pob: 500.0<br>Score: 0.07 (Muy Baja),0.33,1.482,406,17.5
ALBERDI,32729.0,15505.0,858.0,5.53,38,14,24,0,47,27,354,2,2,0.474,10.396,0.632,1.16,0.0,0.61,1.44,0.61,1,0,1,1,0.1507,2.5,13091.6,6202.0,0.06,0.6,-31.408369589323,-64.2021742180649,4,Tipo E (Infr 0.11 - NBI 5.5%),Media,<b>ALBERDI</b><br>Pob: 32729.0<br>Score: 0.15 (Media),0.67,0.046,284,42.7
ALBORADA NORTE,500.0,200.0,2.0,1.0,0,0,0,0,17,5,0,0,0,0.4,6.217,0.0,0.0,0.0,0.0,24.0,0.0,0,0,0,1,0.4444,0.06,8333.33,3333.33,7.407,1.0,-31.3416624086498,-64.2683019408073,3,Tipo D (Infr 0.40 - NBI 2.8%),Muy Alta,<b>ALBORADA NORTE</b><br>Pob: 500.0<br>Score: 0.44 (Muy Alta),0.33,8.888,59,87.4
ALBORADA SUR,500.0,200.0,1.0,0.5,0,0,0,0,7,3,23,0,0,0.4,6.217,0.0,0.0,0.0,0.0,14.0,0.0,0,0,0,1,0.2593,0.06,8333.33,3333.33,4.322,1.0,-31.3620500617943,-64.2251144260463,3,Tipo D (Infr 0.40 - NBI 2.8%),Alta,<b>ALBORADA SUR</b><br>Pob: 500.0<br>Score: 0.26 (Alta),0.33,5.186,156,68.4
ALEJANDRO CENTENO,1231.0,432.0,2.0,0.46,2,2,0,0,10,3,21,0,1,0.351,7.116,0.0,1.62,0.0,0.0,8.12,8.12,1,0,0,1,0.2628,0.25,4924.0,1728.0,1.051,3.0,-31.3582805289735,-64.231473963748,1,Tipo B (Infr 0.14 - NBI 3.0%),Alta,<b>ALEJANDRO CENTENO</b><br>Pob: 1231.0<br>Score: 0.26 (Alta),0.67,2.1348,154,69.0
ALMIRANTE BROWN,1019.0,246.0,13.0,5.28,2,2,0,0,6,4,16,0,2,0.241,6.928,0.0,1.96,0.0,0.0,5.89,19.63,1,0,0,1,0.2451,0.13,7838.46,1892.31,1.885,3.0,-31.4616440154167,-64.0911138850279,1,Tipo B (Infr 0.14 - NBI 3.0%),Alta,<b>ALMIRANTE BROWN</b><br>Pob: 1019.0<br>Score: 0.25 (Alta),0.67,2.4053,172,65.4
ALTA CORDOBA,34575.0,12560.0,372.0,2.96,33,13,20,0,31,9,544,1,0,0.363,10.451,0.606,0.95,0.0,0.29,0.9,0.0,1,0,1,1,0.1033,4.78,7233.26,2627.62,0.022,0.67,-31.3903799365102,-64.1842494728698,4,Tipo E (Infr 0.11 - NBI 5.5%),Baja,<b>ALTA CORDOBA</b><br>Pob: 34575.0<br>Score: 0.10 (Baja),0.67,0.0299,369,25.4
ALTAMIRA,6103.0,1895.0,36.0,1.9,2,1,1,1,17,4,91,0,0,0.311,8.717,0.5,0.33,1.64,0.0,2.79,0.0,1,1,0,1,0.1293,0.72,8476.39,2631.94,0.18,1.0,-31.4251579009481,-64.1312574377859,1,Tipo B (Infr 0.14 - NBI 3.0%),Baja,<b>ALTAMIRA</b><br>Pob: 6103.0<br>Score: 0.13 (Baja),1.0,0.2119,317,36.0
ALTO ALBERDI,30472.0,10101.0,389.0,3.85,40,15,25,1,48,14,369,2,2,0.331,10.325,0.625,1.31,0.33,0.66,1.58,0.66,1,1,1,1,0.1782,3.88,7853.61,2603.35,0.046,0.62,-31.4077929131874,-64.219940676278,4,Tipo E (Infr 0.11 - NBI 5.5%),Media,<b>ALTO ALBERDI</b><br>Pob: 30472.0<br>Score: 0.18 (Media),1.0,0.0585,244,50.8
ALTO DE DON BOSCO,675.0,212.0,0.0,0.0,0,0,0,0,0,0,0,0,0,0.314,6.516,0.0,0.0,0.0,0.0,0.0,0.0,0,0,0,0,0.0,0.83,813.25,255.42,0.0,1.0,-31.3869535266229,-64.2657645536358,1,Tipo B (Infr 0.14 - NBI 3.0%),Muy Baja,<b>ALTO DE DON BOSCO</b><br>Pob: 675.0<br>Score: 0.00 (Muy Baja),0.0,0.0,469,2.7
ALTO DE SANTA ANA,1508.0,424.0,20.0,4.72,0,0,0,0,6,2,63,0,0,0.281,7.319,0.0,0.0,0.0,0.0,3.98,0.0,0,0,0,1,0.0737,0.63,2393.65,673.02,0.117,1.0,-31.4064423364043,-64.2489468672371,1,Tipo B (Infr 0.14 - NBI 3.0%),Muy Baja,<b>ALTO DE SANTA ANA</b><br>Pob: 1508.0<br>Score: 0.07 (Muy Baja),0.33,0.4887,412,16.8
ALTO HERMOSO,500.0,200.0,0.0,0.0,0,0,0,0,8,3,0,0,0,0.4,6.217,0.0,0.0,0.0,0.0,16.0,0.0,0,0,0,1,0.2963,0.52,961.54,384.62,0.57,1.0,-31.3302939640896,-64.3052937554776,3,Tipo D (Infr 0.40 - NBI 2.8%),Alta,<b>ALTO HERMOSO</b><br>Pob: 500.0<br>Score: 0.30 (Alta),0.33,5.926,132,73.1
ALTO PALERMO,923.0,311.0,0.0,0.0,1,1,0,0,25,13,158,0,0,0.337,6.829,0.0,1.08,0.0,0.0,24.0,0.0,1,0,0,1,0.5194,0.26,3550.0,1196.15,1.998,2.0,-31.3756925958522,-64.2247362943992,3,Tipo D (Infr 0.40 - NBI 2.8%),Muy Alta,<b>ALTO PALERMO</b><br>Pob: 923.0<br>Score: 0.52 (Muy Alta),0.67,5.6273,42,91.7
ALTO VERDE,3956.0,1287.0,3.0,0.23,6,2,4,0,7,2,592,0,0,0.325,8.283,0.667,1.52,0.0,0.0,1.77,0.0,1,0,0,1,0.1383,0.9,4395.56,1430.0,0.154,0.6,-31.3735358226288,-64.2141325964614,1,Tipo B (Infr 0.14 - NBI 3.0%),Baja,<b>ALTO VERDE</b><br>Pob: 3956.0<br>Score: 0.14 (Baja),0.67,0.3496,307,38.1
ALTOS DE VELEZ SARSFIELD,1678.0,544.0,7.0,1.29,1,1,0,0,10,4,170,0,1,0.324,7.426,0.0,0.6,0.0,0.0,5.96,5.96,1,0,0,1,0.152,0.21,7990.48,2590.48,0.724,2.0,-31.4483323168207,-64.2140975038702,1,Tipo B (Infr 0.14 - NBI 3.0%),Media,<b>ALTOS DE VELEZ SARSFIELD</b><br>Pob: 1678.0<br>Score: 0.15 (Media),0.67,0.9058,282,43.1
ALTOS DE VILLA CABRERA,1164.0,400.0,5.0,1.25,1,1,0,0,18,13,173,0,0,0.344,7.06,0.0,0.86,0.0,0.0,15.46,0.0,1,0,0,1,0.346,0.23,5060.87,1739.13,1.504,2.0,-31.3812472018439,-64.2196230940151,3,Tipo D (Infr 0.40 - NBI 2.8%),Alta,<b>ALTOS DE VILLA CABRERA</b><br>Pob: 1164.0<br>Score: 0.35 (Alta),0.67,2.9725,104,79.1
ALTOS SAN MARTIN,1279.0,440.0,3.0,0.68,0,0,0,0,7,2,177,0,0,0.344,7.155,0.0,0.0,0.0,0.0,5.47,0.0,0,0,0,1,0.1013,0.22,5813.64,2000.0,0.46,1.0,-31.3772325958898,-64.2143578517347,1,Tipo B (Infr 0.14 - NBI 3.0%),Baja,<b>ALTOS SAN MARTIN</b><br>Pob: 1279.0<br>Score: 0.10 (Baja),0.33,0.792,376,24.1
ALTOS SUD DE SAN VICENTE,1023.0,275.0,21.0,7.64,0,0,0,0,4,2,7,0,0,0.269,6.931,0.0,0.0,0.0,0.0,3.91,0.0,0,0,0,1,0.0724,0.08,12787.5,3437.5,0.905,1.0,-31.4371311914398,-64.1408888444944,1,Tipo B (Infr 0.14 - NBI 3.0%),Muy Baja,<b>ALTOS SUD DE SAN VICENTE</b><br>Pob: 1023.0<br>Score: 0.07 (Muy Baja),0.33,0.7077,415,16.2
AMEGHINO NORTE,3781.0,1008.0,124.0,12.3,1,1,0,1,17,7,79,0,1,0.267,8.238,0.0,0.26,2.64,0.0,4.5,2.64,1,1,0,1,0.1895,0.52,7271.15,1938.46,0.364,2.0,-31.4291728661583,-64.2372008417107,2,Tipo C (Infr 0.16 - NBI 14.4%),Media,<b>AMEGHINO NORTE</b><br>Pob: 3781.0<br>Score: 0.19 (Media),1.0,0.5012,234,52.8
AMEGHINO SUD,3449.0,1093.0,18.0,1.65,4,4,0,0,22,8,343,0,1,0.317,8.146,0.0,1.16,0.0,0.0,6.38,2.9,1,0,0,1,0.1986,0.53,6507.55,2062.26,0.375,5.0,-31.4344344120781,-64.2375798932284,1,Tipo B (Infr 0.14 - NBI 3.0%),Media,<b>AMEGHINO SUD</b><br>Pob: 3449.0<br>Score: 0.20 (Media),0.67,0.5758,222,55.3
AMPLIACION ALTAMIRA,1897.0,504.0,37.0,7.34,0,0,0,1,16,2,9,0,2,0.266,7.549,0.0,0.0,5.27,0.0,8.43,10.54,0,1,0,1,0.332,0.17,11158.82,2964.71,1.953,1.0,-31.418800365534,-64.130149050924,1,Tipo B (Infr 0.14 - NBI 3.0%),Alta,<b>AMPLIACION ALTAMIRA</b><br>Pob: 1897.0<br>Score: 0.33 (Alta),0.67,1.7501,112,77.5
AMPLIACION BENJAMIN MATIENZO,2024.0,512.0,54.0,10.55,4,4,0,0,8,3,40,0,0,0.253,7.613,0.0,1.98,0.0,0.0,3.95,0.0,1,0,0,1,0.2105,0.42,4819.05,1219.05,0.501,5.0,-31.44629840021855,-64.2349158491345,2,Tipo C (Infr 0.16 - NBI 14.4%),Media,<b>AMPLIACION BENJAMIN MATIENZO</b><br>Pob: 2024.0<br>Score: 0.21 (Media),0.67,1.04,212,57.3
AMPLIACION CABO FARINA,500.0,200.0,12.0,6.0,0,0,0,0,3,1,17,0,1,0.4,6.217,0.0,0.0,0.0,0.0,6.0,20.0,0,0,0,1,0.1111,0.05,10000.0,4000.0,2.222,1.0,-31.4615420959235,-64.2148780007921,1,Tipo B (Infr 0.14 - NBI 3.0%),Baja,<b>AMPLIACION CABO FARINA</b><br>Pob: 500.0<br>Score: 0.11 (Baja),0.33,2.222,347,29.1
AMPLIACION EMPALME,3115.0,940.0,25.0,2.66,0,0,0,1,25,3,19,0,1,0.302,8.044,0.0,0.0,3.21,0.0,8.03,3.21,0,1,0,1,0.2559,0.35,8900.0,2685.71,0.731,1.0,-31.4317354197924,-64.1252161280049,1,Tipo B (Infr 0.14 - NBI 3.0%),Alta,<b>AMPLIACION EMPALME</b><br>Pob: 3115.0<br>Score: 0.26 (Alta),0.67,0.8215,160,67.8
AMPLIACION GENERAL ARTIGAS,2325.0,661.0,20.0,3.03,0,0,0,0,1,0,80,0,2,0.284,7.752,0.0,0.0,0.0,0.0,0.43,8.6,0,0,0,1,0.008,0.5,4650.0,1322.0,0.016,1.0,-31.4632233206896,-64.1958875212659,1,Tipo B (Infr 0.14 - NBI 3.0%),Muy Baja,<b>AMPLIACION GENERAL ARTIGAS</b><br>Pob: 2325.0<br>Score: 0.01 (Muy Baja),0.33,0.0344,467,5.7
AMPLIACION JARDIN ESPINOSA,519.0,200.0,0.0,0.0,0,0,0,0,10,4,128,0,0,0.385,6.254,0.0,0.0,0.0,0.0,19.27,0.0,0,0,0,1,0.3569,0.19,2731.58,1052.63,1.878,1.0,-31.4554158322251,-64.1732980577387,3,Tipo D (Infr 0.40 - NBI 2.8%),Alta,<b>AMPLIACION JARDIN ESPINOSA</b><br>Pob: 519.0<br>Score: 0.36 (Alta),0.33,6.8767,101,79.8
AMPLIACION JOSE IGNACIO DIAZ SECCION 2,1883.0,430.0,56.0,13.02,1,1,0,1,8,2,0,0,1,0.228,7.541,0.0,0.53,5.31,0.0,4.25,5.31,1,1,0,1,0.2927,0.22,8559.09,1954.55,1.33,2.0,-31.4509219153054,-64.1466007273166,2,Tipo C (Infr 0.16 - NBI 14.4%),Alta,<b>AMPLIACION JOSE IGNACIO DIAZ SECCION 2</b><br>Pob: 1883.0<br>Score: 0.29 (Alta),1.0,1.5544,140,71.9
AMPLIACION JOSE IGNACIO DIAZ SECCION 3,668.0,200.0,22.0,11.0,0,0,0,0,9,3,0,0,1,0.299,6.506,0.0,0.0,0.0,0.0,13.47,14.97,0,0,0,1,0.2494,0.17,3929.41,1176.47,1.467,1.0,-31.4507822343279,-64.1432181375558,3,Tipo D (Infr 0.40 - NBI 2.8%),Alta,<b>AMPLIACION JOSE IGNACIO DIAZ SECCION 3</b><br>Pob: 668.0<br>Score: 0.25 (Alta),0.33,3.7335,167,66.4
AMPLIACION KENNEDY,500.0,200.0,7.0,3.5,0,0,0,0,12,3,20,0,0,0.4,6.217,0.0,0.0,0.0,0.0,24.0,0.0,0,0,0,1,0.4444,0.06,8333.33,3333.33,7.407,1.0,-31.4562968531853,-64.1943881636183,3,Tipo D (Infr 0.40 - NBI 2.8%),Muy Alta,<b>AMPLIACION KENNEDY</b><br>Pob: 500.0<br>Score: 0.44 (Muy Alta),0.33,8.888,59,87.4
AMPLIACION LAS PALMAS,1750.0,513.0,12.0,2.34,2,2,0,0,19,8,182,0,1,0.293,7.468,0.0,1.14,0.0,0.0,10.86,5.71,1,0,0,1,0.2802,0.23,7608.7,2230.43,1.218,3.0,-31.4010828106417,-64.2428597732512,1,Tipo B (Infr 0.14 - NBI 3.0%),Alta,<b>AMPLIACION LAS PALMAS</b><br>Pob: 1750.0<br>Score: 0.28 (Alta),0.67,1.6011,147,70.4
AMPLIACION LOS ALAMOS,795.0,200.0,4.0,2.0,0,0,0,0,6,6,0,0,0,0.252,6.68,0.0,0.0,0.0,0.0,7.55,0.0,0,0,0,1,0.1398,0.09,8833.33,2222.22,1.553,1.0,-31.3644166507386,-64.1542919428214,1,Tipo B (Infr 0.14 - NBI 3.0%),Baja,<b>AMPLIACION LOS ALAMOS</b><br>Pob: 795.0<br>Score: 0.14 (Baja),0.33,1.7585,305,38.5
AMPLIACION LOS PLATANOS,1060.0,281.0,10.0,3.56,0,0,0,0,5,2,18,0,1,0.265,6.967,0.0,0.0,0.0,0.0,4.72,9.43,0,0,0,1,0.0874,0.09,11777.78,3122.22,0.971,1.0,-31.4186010236435,-64.2341405576036,1,Tipo B (Infr 0.14 - NBI 3.0%),Baja,<b>AMPLIACION LOS PLATANOS</b><br>Pob: 1060.0<br>Score: 0.09 (Baja),0.33,0.8245,386,22.0
AMPLIACION PALMAR,1356.0,380.0,6.0,1.58,2,2,0,0,11,2,7,0,1,0.28,7.213,0.0,1.47,0.0,0.0,8.11,7.37,1,0,0,1,0.2522,0.16,8475.0,2375.0,1.576,3.0,-31.3875352636237,-64.1202527784613,1,Tipo B (Infr 0.14 - NBI 3.0%),Alta,<b>AMPLIACION PALMAR</b><br>Pob: 1356.0<br>Score: 0.25 (Alta),0.67,1.8599,162,67.4
AMPLIACION PANAMERICANO,1545.0,528.0,10.0,1.89,0,0,0,0,4,3,54,0,1,0.342,7.343,0.0,0.0,0.0,0.0,2.59,6.47,0,0,0,1,0.048,0.56,2758.93,942.86,0.086,1.0,-31.365476066006,-64.1799886672889,1,Tipo B (Infr 0.14 - NBI 3.0%),Muy Baja,<b>AMPLIACION PANAMERICANO</b><br>Pob: 1545.0<br>Score: 0.05 (Muy Baja),0.33,0.3107,437,11.7
AMPLIACION PARQUE SAN CARLOS,1070.0,311.0,4.0,1.29,0,0,0,0,4,2,0,0,0,0.291,6.976,0.0,0.0,0.0,0.0,3.74,0.0,0,0,0,1,0.0693,0.11,9727.27,2827.27,0.63,1.0,-31.4499585215276,-64.1563841653437,1,Tipo B (Infr 0.14 - NBI 3.0%),Muy Baja,<b>AMPLIACION PARQUE SAN CARLOS</b><br>Pob: 1070.0<br>Score: 0.07 (Muy Baja),0.33,0.6477,422,14.8
AMPLIACION POETA LUGONES,2830.0,839.0,2.0,0.24,1,1,0,0,9,2,147,0,1,0.296,7.948,0.0,0.35,0.0,0.0,3.18,3.53,1,0,0,1,0.0832,0.49,5775.51,1712.24,0.17,2.0,-31.3597595516254,-64.2227669849132,1,Tipo B (Infr 0.14 - NBI 3.0%),Baja,<b>AMPLIACION POETA LUGONES</b><br>Pob: 2830.0<br>Score: 0.08 (Baja),0.67,0.294,395,20.2
AMPLIACION PRIMERO DE MAYO,1690.0,389.0,40.0,10.28,3,0,3,0,6,3,0,0,1,0.23,7.433,1.0,1.78,0.0,0.0,3.55,5.92,1,0,0,1,0.1893,0.13,13000.0,2992.31,1.456,0.25,-31.4437153991218,-64.1123370937661,2,Tipo C (Infr 0.16 - NBI 14.4%),Media,<b>AMPLIACION PRIMERO DE MAYO</b><br>Pob: 1690.0<br>Score: 0.19 (Media),0.67,1.1201,235,52.6
AMPLIACION PUEYRREDON,1809.0,553.0,14.0,2.53,5,4,1,0,14,5,18,0,1,0.306,7.501,0.2,2.76,0.0,0.0,7.74,5.53,1,0,0,1,0.3349,0.23,7865.22,2404.35,1.456,2.5,-31.393666954668,-64.1450821797477,0,Tipo A (Infr 0.57 - NBI 4.5%),Alta,<b>AMPLIACION PUEYRREDON</b><br>Pob: 1809.0<br>Score: 0.33 (Alta),0.67,1.8513,107,78.5
AMPLIACION RESIDENCIAL AMERICA,5488.0,1603.0,53.0,3.31,7,4,3,0,9,1,133,0,2,0.292,8.611,0.429,1.28,0.0,0.0,1.64,3.64,1,0,0,1,0.1192,0.59,9301.69,2716.95,0.202,1.25,-31.376008249888,-64.1612331264453,1,Tipo B (Infr 0.14 - NBI 3.0%),Baja,<b>AMPLIACION RESIDENCIAL AMERICA</b><br>Pob: 5488.0<br>Score: 0.12 (Baja),0.67,0.2172,329,33.6
AMPLIACION ROSEDAL,3123.0,814.0,40.0,4.91,0,0,0,1,8,3,276,0,1,0.261,8.047,0.0,0.0,3.2,0.0,2.56,3.2,0,1,0,1,0.1542,0.32,9759.38,2543.75,0.482,1.0,-31.4399633501796,-64.2242393178094,1,Tipo B (Infr 0.14 - NBI 3.0%),Media,<b>AMPLIACION ROSEDAL</b><br>Pob: 3123.0<br>Score: 0.15 (Media),0.67,0.4938,280,43.5
AMPLIACION SAN FERNANDO,3375.0,1000.0,48.0,4.8,0,0,0,0,5,1,80,0,0,0.296,8.124,0.0,0.0,0.0,0.0,1.48,0.0,0,0,0,1,0.0274,0.36,9375.0,2777.78,0.076,1.0,-31.4534767190212,-64.1916184339401,1,Tipo B (Infr 0.14 - NBI 3.0%),Muy Baja,<b>AMPLIACION SAN FERNANDO</b><br>Pob: 3375.0<br>Score: 0.03 (Muy Baja),0.33,0.0812,457,7.7
AMPLIACION SAN PABLO,2247.0,735.0,2.0,0.27,4,4,0,0,5,2,66,0,1,0.327,7.718,0.0,1.78,0.0,0.0,2.23,4.45,1,0,0,1,0.1648,0.18,12483.33,4083.33,0.916,5.0,-31.4520403999847,-64.1597214554589,1,Tipo B (Infr 0.14 - NBI 3.0%),Media,<b>AMPLIACION SAN PABLO</b><br>Pob: 2247.0<br>Score: 0.16 (Media),0.67,0.7334,266,46.4
AMPLIACION URCA,2059.0,630.0,3.0,0.48,0,0,0,0,0,0,0,0,0,0.306,7.63,0.0,0.0,0.0,0.0,0.0,0.0,0,0,0,0,0.0,0.5,4118.0,1260.0,0.0,1.0,-31.3861014776024,-64.2397057643087,1,Tipo B (Infr 0.14 - NBI 3.0%),Muy Baja,<b>AMPLIACION URCA</b><br>Pob: 2059.0<br>Score: 0.00 (Muy Baja),0.0,0.0,469,2.7
AMPLIACION VELEZ SARSFIELD,1625.0,449.0,14.0,3.12,0,0,0,0,10,4,49,0,0,0.276,7.394,0.0,0.0,0.0,0.0,6.15,0.0,0,0,0,1,0.1139,0.19,8552.63,2363.16,0.599,1.0,-31.4536351703001,-64.2155839465438,1,Tipo B (Infr 0.14 - NBI 3.0%),Baja,<b>AMPLIACION VELEZ SARSFIELD</b><br>Pob: 1625.0<br>Score: 0.11 (Baja),0.33,0.7009,338,31.8
ANA MARIA ZUMARAN,3542.0,1198.0,36.0,3.01,7,4,3,0,6,4,269,0,1,0.338,8.173,0.429,1.98,0.0,0.0,1.69,2.82,1,0,0,1,0.1687,0.4,8855.0,2995.0,0.422,1.25,-31.3788939846699,-64.2012741737084,1,Tipo B (Infr 0.14 - NBI 3.0%),Media,<b>ANA MARIA ZUMARAN</b><br>Pob: 3542.0<br>Score: 0.17 (Media),0.67,0.4763,257,48.2
ANEXO LOS ALAMOS,757.0,218.0,3.0,1.38,0,0,0,0,7,3,0,0,0,0.288,6.631,0.0,0.0,0.0,0.0,9.25,0.0,0,0,0,1,0.1713,0.04,18925.0,5450.0,4.282,1.0,-31.3666642452745,-64.1594514014465,1,Tipo B (Infr 0.14 - NBI 3.0%),Media,<b>ANEXO LOS ALAMOS</b><br>Pob: 757.0<br>Score: 0.17 (Media),0.33,2.2629,253,49.0
APEADERO LA TABLADA,500.0,200.0,3.0,1.5,0,0,0,0,2,2,33,0,0,0.4,6.217,0.0,0.0,0.0,0.0,4.0,0.0,0,0,0,1,0.0741,0.09,5555.56,2222.22,0.823,1.0,-31.3520184390118,-64.2355975006689,1,Tipo B (Infr 0.14 - NBI 3.0%),Muy Baja,<b>APEADERO LA TABLADA</b><br>Pob: 500.0<br>Score: 0.07 (Muy Baja),0.33,1.482,406,17.5
ARGUELLO,14865.0,4354.0,87.0,2.0,24,5,19,0,15,3,533,0,1,0.293,9.607,0.792,1.61,0.0,0.0,1.01,0.67,1,0,0,1,0.1304,4.98,2984.94,874.3,0.026,0.3,-31.3461722429859,-64.262051826128,1,Tipo B (Infr 0.14 - NBI 3.0%),Baja,<b>ARGUELLO</b><br>Pob: 14865.0<br>Score: 0.13 (Baja),0.67,0.0877,316,36.2
ARGUELLO II,2677.0,623.0,91.0,14.61,2,2,0,0,3,1,0,0,0,0.233,7.893,0.0,0.75,0.0,0.0,1.12,0.0,1,0,0,1,0.0728,0.34,7873.53,1832.35,0.214,3.0,-31.3247249919385,-64.2422392486779,2,Tipo C (Infr 0.16 - NBI 14.4%),Muy Baja,<b>ARGUELLO II</b><br>Pob: 2677.0<br>Score: 0.07 (Muy Baja),0.67,0.2719,414,16.4
ARGUELLO NORTE,15574.0,4079.0,539.0,13.21,13,11,2,0,20,3,59,1,1,0.262,9.653,0.154,0.83,0.0,0.64,1.28,0.64,1,0,1,1,0.1269,2.98,5226.17,1368.79,0.043,4.0,-31.3308180580161,-64.2488448935656,2,Tipo C (Infr 0.16 - NBI 14.4%),Baja,<b>ARGUELLO NORTE</b><br>Pob: 15574.0<br>Score: 0.13 (Baja),0.67,0.0815,320,35.3
ARTURO CAPDEVILA,1818.0,484.0,7.0,1.45,4,4,0,0,18,3,24,0,0,0.266,7.506,0.0,2.2,0.0,0.0,9.9,0.0,1,0,0,1,0.336,0.15,12120.0,3226.67,2.24,5.0,-31.3761910181056,-64.131224666199,3,Tipo D (Infr 0.40 - NBI 2.8%),Alta,<b>ARTURO CAPDEVILA</b><br>Pob: 1818.0<br>Score: 0.34 (Alta),0.67,1.8482,106,78.7
ATE,968.0,324.0,6.0,1.85,0,0,0,0,13,8,189,0,1,0.335,6.876,0.0,0.0,0.0,0.0,13.43,10.33,0,0,0,1,0.2487,0.18,5377.78,1800.0,1.382,1.0,-31.4341764450624,-64.2307559136671,3,Tipo D (Infr 0.40 - NBI 2.8%),Alta,<b>ATE</b><br>Pob: 968.0<br>Score: 0.25 (Alta),0.33,2.5692,168,66.2
AVENIDA,1121.0,352.0,4.0,1.14,3,0,3,0,5,5,72,0,0,0.314,7.023,1.0,2.68,0.0,0.0,4.46,0.0,1,0,0,1,0.2686,0.16,7006.25,2200.0,1.679,0.25,-31.4281121539283,-64.2169629957844,1,Tipo B (Infr 0.14 - NBI 3.0%),Alta,<b>AVENIDA</b><br>Pob: 1121.0<br>Score: 0.27 (Alta),0.67,2.3961,151,69.6
AYACUCHO,4356.0,1435.0,15.0,1.05,4,2,2,0,38,8,185,0,2,0.329,8.38,0.5,0.92,0.0,0.0,8.72,4.59,1,0,0,1,0.2253,0.68,6405.88,2110.29,0.331,1.0,-31.3790860572758,-64.1710426559524,1,Tipo B (Infr 0.14 - NBI 3.0%),Alta,<b>AYACUCHO</b><br>Pob: 4356.0<br>Score: 0.23 (Alta),0.67,0.5172,194,60.9
BAJADA DE PIEDRA,889.0,225.0,26.0,11.56,0,0,0,0,12,4,19,0,1,0.253,6.791,0.0,0.0,0.0,0.0,13.5,11.25,0,0,0,1,0.25,0.25,3556.0,900.0,1.0,1.0,-31.414768303164,-64.1450691476688,3,Tipo D (Infr 0.40 - NBI 2.8%),Alta,<b>BAJADA DE PIEDRA</b><br>Pob: 889.0<br>Score: 0.25 (Alta),0.33,2.8121,165,66.8
BAJADA SAN ROQUE,500.0,200.0,3.0,1.5,1,1,0,0,4,3,0,0,0,0.4,6.217,0.0,2.0,0.0,0.0,8.0,0.0,1,0,0,1,0.2869,0.05,10000.0,4000.0,5.738,2.0,-31.4270086711897,-64.2050175366239,1,Tipo B (Infr 0.14 - NBI 3.0%),Alta,<b>BAJADA SAN ROQUE</b><br>Pob: 500.0<br>Score: 0.29 (Alta),0.67,5.738,145,70.9
BAJO GALAN,810.0,301.0,6.0,1.99,1,1,0,0,29,17,57,1,1,0.372,6.698,0.0,1.23,0.0,1.5584999999999962,24.0,12.35,1,0,1,1,0.6409,0.17,4764.71,1770.59,3.77,2.0,-31.393145323592,-64.2020960413652,3,Tipo D (Infr 0.40 - NBI 2.8%),Muy Alta,<b>BAJO GALAN</b><br>Pob: 810.0<br>Score: 0.64 (Muy Alta),0.67,7.9123,25,95.1
BAJO GENERAL PAZ,1223.0,423.0,7.0,1.65,4,3,1,0,33,11,22,0,1,0.346,7.11,0.25,3.27,0.0,0.0,24.0,8.18,1,0,0,1,0.6714,0.14,8735.71,3021.43,4.796,2.0,-31.415001699413,-64.1586498297489,0,Tipo A (Infr 0.57 - NBI 4.5%),Muy Alta,<b>BAJO GENERAL PAZ</b><br>Pob: 1223.0<br>Score: 0.67 (Muy Alta),0.67,5.4898,19,96.4
BARRANCAS DEL SUR,500.0,200.0,0.0,0.0,0,0,0,0,3,2,0,0,0,0.4,6.217,0.0,0.0,0.0,0.0,6.0,0.0,0,0,0,1,0.1111,0.12,4166.67,1666.67,0.926,1.0,-31.4629669528025,-64.1843646320929,1,Tipo B (Infr 0.14 - NBI 3.0%),Baja,<b>BARRANCAS DEL SUR</b><br>Pob: 500.0<br>Score: 0.11 (Baja),0.33,2.222,347,29.1
BELLA VISTA,4607.0,1364.0,118.0,8.65,5,5,0,0,9,5,249,0,0,0.296,8.436,0.0,1.09,0.0,0.0,1.95,0.0,1,0,0,1,0.1118,0.52,8859.62,2623.08,0.215,6.0,-31.4310760948932,-64.2017610385703,2,Tipo C (Infr 0.16 - NBI 14.4%),Baja,<b>BELLA VISTA</b><br>Pob: 4607.0<br>Score: 0.11 (Baja),0.67,0.2427,345,30.4
BELLA VISTA OESTE,1828.0,532.0,28.0,5.26,0,0,0,0,4,1,31,0,1,0.291,7.512,0.0,0.0,0.0,0.0,2.19,5.47,0,0,0,1,0.0406,0.17,10752.94,3129.41,0.239,1.0,-31.4325822240742,-64.2076232592013,1,Tipo B (Infr 0.14 - NBI 3.0%),Muy Baja,<b>BELLA VISTA OESTE</b><br>Pob: 1828.0<br>Score: 0.04 (Muy Baja),0.33,0.2221,442,10.7
BETANIA,1992.0,480.0,65.0,13.54,0,0,0,0,10,2,15,0,4,0.241,7.597,0.0,0.0,0.0,0.0,5.02,20.08,0,0,0,1,0.093,0.92,2165.22,521.74,0.101,1.0,-31.4568137138722,-64.0910018817445,2,Tipo C (Infr 0.16 - NBI 14.4%),Baja,<b>BETANIA</b><br>Pob: 1992.0<br>Score: 0.09 (Baja),0.33,0.4669,382,22.9
BH_CAMINO A 60 CUADRAS,1615.0,422.0,89.0,21.09,0,0,0,0,0,0,0,0,1,0.261,7.388,0.0,0.0,0.0,0.0,0.0,6.19,0,0,0,0,0.0,,0.0,0.0,0.0,1.0,-31.4988602721623,-64.1435230251151,2,Tipo C (Infr 0.16 - NBI 14.4%),Muy Baja,<b>BH_CAMINO A 60 CUADRAS</b><br>Pob: 1615.0<br>Score: 0.00 (Muy Baja),0.0,0.0,469,2.7
BIALET MASSE,2091.0,591.0,20.0,3.38,0,0,0,1,9,2,138,0,1,0.283,7.646,0.0,0.0,4.78,0.0,4.3,4.78,0,1,0,1,0.2392,0.21,9957.14,2814.29,1.139,1.0,-31.4525117900242,-64.1651467142123,1,Tipo B (Infr 0.14 - NBI 3.0%),Alta,<b>BIALET MASSE</b><br>Pob: 2091.0<br>Score: 0.24 (Alta),0.67,1.144,178,64.2
BOEDO,2664.0,567.0,154.0,27.16,0,0,0,0,6,1,38,0,1,0.213,7.888,0.0,0.0,0.0,0.0,2.25,3.75,0,0,0,1,0.0417,0.22,12109.09,2577.27,0.19,1.0,-31.4319549557882,-64.1081671999376,2,Tipo C (Infr 0.16 - NBI 14.4%),Muy Baja,<b>BOEDO</b><br>Pob: 2664.0<br>Score: 0.04 (Muy Baja),0.33,0.1565,441,10.9
BRIGADIER SAN MARTIN,500.0,200.0,0.0,0.0,5,5,0,0,32,4,43,0,3,0.4,6.217,0.0,4.8035,0.0,0.0,24.0,60.0,1,0,0,1,0.7778,0.06,8333.33,3333.33,12.963,6.0,-31.3411226022524,-64.2394604532514,0,Tipo A (Infr 0.57 - NBI 4.5%),Muy Alta,<b>BRIGADIER SAN MARTIN</b><br>Pob: 500.0<br>Score: 0.78 (Muy Alta),0.67,15.556,6,98.5
CABANA DEL PILAR,500.0,200.0,0.0,0.0,0,0,0,0,12,8,122,0,0,0.4,6.217,0.0,0.0,0.0,0.0,24.0,0.0,0,0,0,1,0.4444,0.0,0.0,0.0,0.0,1.0,-31.4422675134741,-64.167683330608,3,Tipo D (Infr 0.40 - NBI 2.8%),Muy Alta,<b>CABANA DEL PILAR</b><br>Pob: 500.0<br>Score: 0.44 (Muy Alta),0.33,8.888,59,87.4
CABO FARINA,4574.0,1294.0,158.0,12.21,0,0,0,1,8,4,146,0,0,0.283,8.428,0.0,0.0,2.19,0.0,1.75,0.0,0,1,0,1,0.1055,0.74,6181.08,1748.65,0.143,1.0,-31.46548795914475,-64.20747572478724,2,Tipo C (Infr 0.16 - NBI 14.4%),Baja,<b>CABO FARINA</b><br>Pob: 4574.0<br>Score: 0.11 (Baja),0.67,0.2307,366,26.1
CACERES,875.0,248.0,21.0,8.47,2,2,0,0,10,3,63,1,0,0.283,6.775,0.0,2.29,0.0,1.5584999999999962,11.43,0.0,1,0,1,1,0.4817,0.12,7291.67,2066.67,4.014,3.0,-31.4334534441777,-64.1995556046831,0,Tipo A (Infr 0.57 - NBI 4.5%),Muy Alta,<b>CACERES</b><br>Pob: 875.0<br>Score: 0.48 (Muy Alta),0.67,5.5051,51,89.8
CALIFORNIA,600.0,200.0,12.0,6.0,1,1,0,0,8,8,70,0,0,0.333,6.399,0.0,1.67,0.0,0.0,13.33,0.0,1,0,0,1,0.3627,0.06,10000.0,3333.33,6.045,2.0,-31.4512195238216,-64.2049114948959,3,Tipo D (Infr 0.40 - NBI 2.8%),Muy Alta,<b>CALIFORNIA</b><br>Pob: 600.0<br>Score: 0.36 (Muy Alta),0.67,6.045,95,81.0
CAMINO A SAN CARLOS,1123.0,316.0,58.0,18.35,0,0,0,0,0,0,0,0,0,0.281,7.025,0.0,0.0,0.0,0.0,0.0,0.0,0,0,0,0,0.0,14.86,75.57,21.27,0.0,1.0,-31.498433296585,-64.1602009421762,2,Tipo C (Infr 0.16 - NBI 14.4%),Muy Baja,<b>CAMINO A SAN CARLOS</b><br>Pob: 1123.0<br>Score: 0.00 (Muy Baja),0.0,0.0,469,2.7
CAMINO A VILLA POSSE,500.0,200.0,5.0,2.5,2,2,0,0,4,1,0,0,1,0.4,6.217,0.0,4.0,0.0,0.0,8.0,20.0,1,0,0,1,0.4257,1.22,409.84,163.93,0.349,3.0,-31.4454314028892,-64.1016340990286,0,Tipo A (Infr 0.57 - NBI 4.5%),Muy Alta,<b>CAMINO A VILLA POSSE</b><br>Pob: 500.0<br>Score: 0.43 (Muy Alta),0.67,8.514,73,85.3
CAMPING GRL SAN MARTIN,500.0,200.0,0.0,0.0,0,0,0,0,0,0,0,0,1,0.4,6.217,0.0,0.0,0.0,0.0,0.0,20.0,0,0,0,0,0.0,0.0,0.0,0.0,0.0,1.0,-31.3643753189019,-64.2618877279315,1,Tipo B (Infr 0.14 - NBI 3.0%),Muy Baja,<b>CAMPING GRL SAN MARTIN</b><br>Pob: 500.0<br>Score: 0.00 (Muy Baja),0.0,0.0,469,2.7
CARBO,1444.0,395.0,29.0,7.34,0,0,0,1,32,3,15,0,2,0.274,7.276,0.0,0.0,6.656999999999986,0.0,22.16,13.85,0,1,0,1,0.6326,0.15,9626.67,2633.33,4.217,1.0,-31.481475590577,-64.2062215826798,3,Tipo D (Infr 0.40 - NBI 2.8%),Muy Alta,<b>CARBO</b><br>Pob: 1444.0<br>Score: 0.63 (Muy Alta),0.67,4.3809,27,94.7
CAROLA LORENZINI,500.0,200.0,3.0,1.5,0,0,0,0,7,6,10,0,1,0.4,6.217,0.0,0.0,0.0,0.0,14.0,20.0,0,0,0,1,0.2593,0.07,7142.86,2857.14,3.704,1.0,-31.4287913300171,-64.2143267353581,3,Tipo D (Infr 0.40 - NBI 2.8%),Alta,<b>CAROLA LORENZINI</b><br>Pob: 500.0<br>Score: 0.26 (Alta),0.33,5.186,156,68.4
CARRARA,500.0,200.0,11.0,5.5,0,0,0,1,10,2,9,0,0,0.4,6.217,0.0,0.0,6.656999999999986,0.0,20.0,0.0,0,1,0,1,0.5926,0.13,3846.15,1538.46,4.558,1.0,-31.4539727871905,-64.2571015075561,3,Tipo D (Infr 0.40 - NBI 2.8%),Muy Alta,<b>CARRARA</b><br>Pob: 500.0<br>Score: 0.59 (Muy Alta),0.67,11.852,30,94.0
CASEROS,1497.0,619.0,6.0,0.97,1,1,0,0,10,4,2,0,0,0.413,7.312,0.0,0.67,0.0,0.0,6.68,0.0,1,0,0,1,0.1702,0.14,10692.86,4421.43,1.216,2.0,-31.4142417872261,-64.2082520348117,1,Tipo B (Infr 0.14 - NBI 3.0%),Media,<b>CASEROS</b><br>Pob: 1497.0<br>Score: 0.17 (Media),0.67,1.1369,254,48.7
CENTRO,28200.0,14423.0,568.0,3.94,40,19,21,0,120,64,1419,1,2,0.511,10.247,0.525,1.42,0.0,0.35,4.26,0.71,1,0,1,1,0.2024,3.12,9038.46,4622.76,0.065,0.91,-31.4178042932322,-64.1834500355127,4,Tipo E (Infr 0.11 - NBI 5.5%),Media,<b>CENTRO</b><br>Pob: 28200.0<br>Score: 0.20 (Media),0.67,0.0718,218,56.1
CENTRO AMERICA,5529.0,1658.0,36.0,2.17,5,5,0,0,16,2,330,0,1,0.3,8.618,0.0,0.9,0.0,0.0,2.89,1.81,1,0,0,1,0.116,0.67,8252.24,2474.63,0.173,6.0,-31.3711168685116,-64.169598089564,1,Tipo B (Infr 0.14 - NBI 3.0%),Baja,<b>CENTRO AMERICA</b><br>Pob: 5529.0<br>Score: 0.12 (Baja),0.67,0.2098,335,32.4
CERRO CHICO,2719.0,1019.0,6.0,0.59,0,0,0,0,25,6,99,0,0,0.375,7.908,0.0,0.0,0.0,0.0,9.19,0.0,0,0,0,1,0.1702,0.66,4119.7,1543.94,0.258,1.0,-31.3661094460602,-64.2218998049562,1,Tipo B (Infr 0.14 - NBI 3.0%),Media,<b>CERRO CHICO</b><br>Pob: 2719.0<br>Score: 0.17 (Media),0.33,0.626,254,48.7
CERRO DE LAS ROSAS,5947.0,1944.0,3.0,0.15,19,5,14,0,11,10,308,1,1,0.327,8.691,0.737,3.19,0.0,1.5584999999999962,1.85,1.68,1,0,1,1,0.3667,2.28,2608.33,852.63,0.161,0.4,-31.3721205657055,-64.2338114049795,0,Tipo A (Infr 0.57 - NBI 4.5%),Muy Alta,<b>CERRO DE LAS ROSAS</b><br>Pob: 5947.0<br>Score: 0.37 (Muy Alta),0.67,0.6166,93,81.4
CERRO NORTE,5374.0,1449.0,111.0,7.66,2,2,0,0,17,2,108,0,0,0.27,8.59,0.0,0.37,0.0,0.0,3.16,0.0,1,0,0,1,0.0842,0.93,5778.49,1558.06,0.091,3.0,-31.3209690442071,-64.2768733858269,1,Tipo B (Infr 0.14 - NBI 3.0%),Baja,<b>CERRO NORTE</b><br>Pob: 5374.0<br>Score: 0.08 (Baja),0.67,0.1567,391,21.1
CERVECEROS,3893.0,1094.0,17.0,1.55,5,5,0,1,11,2,68,0,1,0.281,8.267,0.0,1.28,2.57,0.0,2.83,2.57,1,1,0,1,0.227,0.39,9982.05,2805.13,0.582,6.0,-31.4645962351559,-64.1590022913468,1,Tipo B (Infr 0.14 - NBI 3.0%),Alta,<b>CERVECEROS</b><br>Pob: 3893.0<br>Score: 0.23 (Alta),1.0,0.5831,192,61.3
CHATEAU CARRERAS,1624.0,514.0,3.0,0.58,11,4,7,0,15,4,113,1,0,0.317,7.393,0.636,4.8035,0.0,1.5584999999999962,9.24,0.0,1,0,1,1,0.6156,0.99,1640.4,519.19,0.622,0.62,-31.3816923685587,-64.2552177396363,0,Tipo A (Infr 0.57 - NBI 4.5%),Muy Alta,<b>CHATEAU CARRERAS</b><br>Pob: 1624.0<br>Score: 0.62 (Muy Alta),0.67,3.7906,29,94.3
CIRCUNVALACION,500.0,200.0,0.0,0.0,0,0,0,0,15,18,0,0,1,0.4,6.217,0.0,0.0,0.0,0.0,24.0,20.0,0,0,0,1,0.4444,0.0,0.0,0.0,0.0,1.0,-31.41451436457093,-64.20343550824263,3,Tipo D (Infr 0.40 - NBI 2.8%),Muy Alta,<b>CIRCUNVALACION</b><br>Pob: 500.0<br>Score: 0.44 (Muy Alta),0.33,8.888,59,87.4
CIUDAD AMPLIACION CABILDO,2593.0,577.0,93.0,16.12,2,2,0,0,5,2,0,1,3,0.223,7.861,0.0,0.77,0.0,1.5584999999999962,1.93,11.57,1,0,1,1,0.2003,0.31,8364.52,1861.29,0.646,3.0,-31.4849199270226,-64.2274587118079,2,Tipo C (Infr 0.16 - NBI 14.4%),Media,<b>CIUDAD AMPLIACION CABILDO</b><br>Pob: 2593.0<br>Score: 0.20 (Media),0.67,0.7725,219,55.9
CIUDAD AMPLIACION FERREYRA,500.0,200.0,0.0,0.0,4,4,0,0,0,0,0,0,1,0.4,6.217,0.0,4.8035,0.0,0.0,0.0,20.0,1,0,0,0,0.3333,0.18,2777.78,1111.11,1.852,5.0,-31.4735017733638,-64.1192198232826,0,Tipo A (Infr 0.57 - NBI 4.5%),Alta,<b>CIUDAD AMPLIACION FERREYRA</b><br>Pob: 500.0<br>Score: 0.33 (Alta),0.33,6.666,108,78.0
CIUDAD DE JUAN PABLO II,2125.0,552.0,45.0,8.15,4,4,0,0,2,1,3,0,1,0.26,7.662,0.0,1.88,0.0,0.0,0.94,4.71,1,0,0,1,0.1479,0.27,7870.37,2044.44,0.548,5.0,-31.3635208249505,-64.1578281757511,1,Tipo B (Infr 0.14 - NBI 3.0%),Media,<b>CIUDAD DE JUAN PABLO II</b><br>Pob: 2125.0<br>Score: 0.15 (Media),0.67,0.696,296,40.3
CIUDAD DE LAS ARTES,500.0,200.0,0.0,0.0,0,0,0,0,9,5,0,0,0,0.4,6.217,0.0,0.0,0.0,0.0,18.0,0.0,0,0,0,1,0.3333,0.0,0.0,0.0,0.0,1.0,-31.4372589847956,-64.1749362785875,3,Tipo D (Infr 0.40 - NBI 2.8%),Alta,<b>CIUDAD DE LAS ARTES</b><br>Pob: 500.0<br>Score: 0.33 (Alta),0.33,6.666,108,78.0
CIUDAD DE LOS CUARTETOS,2204.0,489.0,68.0,13.91,2,2,0,0,6,1,0,1,2,0.222,7.698,0.0,0.91,0.0,1.5584999999999962,2.72,9.07,1,0,1,1,0.2246,0.3,7346.67,1630.0,0.749,3.0,-31.3566522536983,-64.1303859488957,2,Tipo C (Infr 0.16 - NBI 14.4%),Alta,<b>CIUDAD DE LOS CUARTETOS</b><br>Pob: 2204.0<br>Score: 0.22 (Alta),0.67,1.0191,196,60.5
CIUDAD DE MIS SUENOS,2147.0,511.0,85.0,16.63,6,6,0,0,8,1,0,1,0,0.238,7.672,0.0,2.79,0.0,1.5584999999999962,3.73,0.0,1,0,1,1,0.3738,0.3,7156.67,1703.33,1.246,7.0,-31.4778174582913,-64.086363859368,2,Tipo C (Infr 0.16 - NBI 14.4%),Muy Alta,<b>CIUDAD DE MIS SUENOS</b><br>Pob: 2147.0<br>Score: 0.37 (Muy Alta),0.67,1.741,88,82.4
CIUDAD EVITA,2662.0,638.0,95.0,14.89,3,3,0,0,7,2,0,1,1,0.24,7.887,0.0,1.13,0.0,1.5584999999999962,2.63,3.76,1,0,1,1,0.2382,0.4,6655.0,1595.0,0.595,4.0,-31.4484079521651,-64.1087832676033,2,Tipo C (Infr 0.16 - NBI 14.4%),Alta,<b>CIUDAD EVITA</b><br>Pob: 2662.0<br>Score: 0.24 (Alta),0.67,0.8948,180,63.8
CIUDAD MI ESPERANZA,1492.0,349.0,50.0,14.33,1,1,0,0,4,1,0,0,1,0.234,7.309,0.0,0.67,0.0,0.0,2.68,6.7,1,0,0,1,0.0961,0.19,7852.63,1836.84,0.506,2.0,-31.4039224720164,-64.0647579740385,2,Tipo C (Infr 0.16 - NBI 14.4%),Baja,<b>CIUDAD MI ESPERANZA</b><br>Pob: 1492.0<br>Score: 0.10 (Baja),0.67,0.6441,379,23.5
CIUDAD OBISPO ANGELELLI,1828.0,403.0,81.0,20.1,5,5,0,0,21,2,0,0,1,0.22,7.512,0.0,2.74,0.0,0.0,11.49,5.47,1,0,0,1,0.4029,0.24,7616.67,1679.17,1.679,6.0,-31.5051491986518,-64.1937646299897,2,Tipo C (Infr 0.16 - NBI 14.4%),Muy Alta,<b>CIUDAD OBISPO ANGELELLI</b><br>Pob: 1828.0<br>Score: 0.40 (Muy Alta),0.67,2.204,77,84.6
CIUDAD PARQUE LAS ROSAS,1385.0,325.0,26.0,8.0,0,0,0,0,5,2,0,1,1,0.235,7.234,0.0,0.0,0.0,1.5584999999999962,3.61,7.22,0,0,1,1,0.178,0.21,6595.24,1547.62,0.848,1.0,-31.4488199161473,-64.2411054061895,1,Tipo B (Infr 0.14 - NBI 3.0%),Media,<b>CIUDAD PARQUE LAS ROSAS</b><br>Pob: 1385.0<br>Score: 0.18 (Media),0.33,1.2852,245,50.6
CIUDAD UNIVERSITARIA,500.0,200.0,0.0,0.0,10,8,2,0,77,21,41,0,0,0.4,6.217,0.2,4.8035,0.0,0.0,24.0,0.0,1,0,0,1,0.7778,0.0,0.0,0.0,0.0,3.0,-31.4381745010519,-64.1885056254328,0,Tipo A (Infr 0.57 - NBI 4.5%),Muy Alta,<b>CIUDAD UNIVERSITARIA</b><br>Pob: 500.0<br>Score: 0.78 (Muy Alta),0.67,15.556,6,98.5
CIUDAD VILLA RETIRO,1402.0,316.0,57.0,18.04,2,2,0,0,6,2,0,0,0,0.225,7.246,0.0,1.43,0.0,0.0,4.28,0.0,1,0,0,1,0.1785,0.11,12745.45,2872.73,1.623,3.0,-31.3475166725032,-64.1404442766924,2,Tipo C (Infr 0.16 - NBI 14.4%),Media,<b>CIUDAD VILLA RETIRO</b><br>Pob: 1402.0<br>Score: 0.18 (Media),0.67,1.2732,243,51.0
CIUDADELA,1442.0,469.0,10.0,2.13,0,0,0,0,4,3,111,0,0,0.325,7.274,0.0,0.0,0.0,0.0,2.77,0.0,0,0,0,1,0.0513,0.22,6554.55,2131.82,0.233,1.0,-31.4460153622855,-64.2017866497851,1,Tipo B (Infr 0.14 - NBI 3.0%),Muy Baja,<b>CIUDADELA</b><br>Pob: 1442.0<br>Score: 0.05 (Muy Baja),0.33,0.3558,435,12.1
CLAROS DEL BOSQUE,500.0,200.0,5.0,2.5,0,0,0,0,4,3,5,0,0,0.4,6.217,0.0,0.0,0.0,0.0,8.0,0.0,0,0,0,1,0.1481,0.11,4545.45,1818.18,1.346,1.0,-31.456977552863,-64.1501328655991,1,Tipo B (Infr 0.14 - NBI 3.0%),Media,<b>CLAROS DEL BOSQUE</b><br>Pob: 500.0<br>Score: 0.15 (Media),0.33,2.962,288,41.2
COFICO,500.0,200.0,1.0,0.5,4,4,0,0,36,22,2,0,1,0.4,6.217,0.0,4.8035,0.0,0.0,24.0,20.0,1,0,0,1,0.7778,0.07,7142.86,2857.14,11.111,5.0,-31.4031901115249,-64.1852851395368,0,Tipo A (Infr 0.57 - NBI 4.5%),Muy Alta,<b>COFICO</b><br>Pob: 500.0<br>Score: 0.78 (Muy Alta),0.67,15.556,6,98.5
COLINAS DE BELLA VISTA,817.0,242.0,13.0,5.37,1,1,0,1,6,2,21,0,0,0.296,6.707,0.0,1.22,6.656999999999986,0.0,7.34,0.0,1,1,0,1,0.4428,0.1,8170.0,2420.0,4.428,2.0,-31.436452678148,-64.2085248637918,3,Tipo D (Infr 0.40 - NBI 2.8%),Muy Alta,<b>COLINAS DE BELLA VISTA</b><br>Pob: 817.0<br>Score: 0.44 (Muy Alta),1.0,5.4198,68,86.4
COLINAS DE VELEZ SARSFIELD,1642.0,581.0,4.0,0.69,4,1,3,0,18,9,317,0,1,0.354,7.404,0.75,2.44,0.0,0.0,10.96,6.09,1,0,0,1,0.3723,0.29,5662.07,2003.45,1.284,0.5,-31.4381468762996,-64.1990623202613,0,Tipo A (Infr 0.57 - NBI 4.5%),Muy Alta,<b>COLINAS DE VELEZ SARSFIELD</b><br>Pob: 1642.0<br>Score: 0.37 (Muy Alta),0.67,2.2674,89,82.2
COLINAS DEL CERRO,2264.0,674.0,27.0,4.01,4,4,0,0,11,3,300,0,0,0.298,7.725,0.0,1.77,0.0,0.0,4.86,0.0,1,0,0,1,0.2128,0.45,5031.11,1497.78,0.473,5.0,-31.3794775140737,-64.2425945373611,1,Tipo B (Infr 0.14 - NBI 3.0%),Media,<b>COLINAS DEL CERRO</b><br>Pob: 2264.0<br>Score: 0.21 (Media),0.67,0.9399,209,57.9
COLON,3862.0,1259.0,30.0,2.38,11,5,6,0,12,4,281,0,1,0.326,8.259,0.545,2.85,0.0,0.0,3.11,2.59,1,0,0,1,0.2554,0.48,8045.83,2622.92,0.532,0.86,-31.436618122344,-64.1545306231643,1,Tipo B (Infr 0.14 - NBI 3.0%),Alta,<b>COLON</b><br>Pob: 3862.0<br>Score: 0.26 (Alta),0.67,0.6613,161,67.6
COLONIA LOLA,9418.0,2368.0,292.0,12.33,1,1,0,1,0,0,11,0,1,0.251,9.15,0.0,0.11,1.06,0.0,0.0,1.06,1,1,0,0,0.043,1.33,7081.2,1780.45,0.032,2.0,-31.41369840274715,-64.1166371703697,2,Tipo C (Infr 0.16 - NBI 14.4%),Muy Baja,<b>COLONIA LOLA</b><br>Pob: 9418.0<br>Score: 0.04 (Muy Baja),0.67,0.0457,439,11.3
COMANDANTE ESPORA,1567.0,500.0,10.0,2.0,0,0,0,0,10,3,20,0,1,0.319,7.358,0.0,0.0,0.0,0.0,6.38,6.38,0,0,0,1,0.1181,0.21,7461.9,2380.95,0.562,1.0,-31.4172008300048,-64.2239801087424,1,Tipo B (Infr 0.14 - NBI 3.0%),Baja,<b>COMANDANTE ESPORA</b><br>Pob: 1567.0<br>Score: 0.12 (Baja),0.33,0.7537,333,32.8
COMERCIAL,6575.0,1700.0,215.0,12.65,2,2,0,0,5,1,37,1,0,0.259,8.791,0.0,0.3,0.0,1.52,0.76,0.0,1,0,1,1,0.1433,1.42,4630.28,1197.18,0.101,3.0,-31.4888795374585,-64.2022362312717,2,Tipo C (Infr 0.16 - NBI 14.4%),Baja,<b>COMERCIAL</b><br>Pob: 6575.0<br>Score: 0.14 (Baja),0.67,0.2179,301,39.3
CONGRESO,2534.0,657.0,39.0,5.94,4,4,0,0,10,5,97,0,1,0.259,7.838,0.0,1.58,0.0,0.0,3.95,3.95,1,0,0,1,0.1828,0.4,6335.0,1642.5,0.457,5.0,-31.4681013129692,-64.2358058990285,1,Tipo B (Infr 0.14 - NBI 3.0%),Media,<b>CONGRESO</b><br>Pob: 2534.0<br>Score: 0.18 (Media),0.67,0.7214,240,51.6
CONSORCIO 16 DE NOVIEMBRE,785.0,213.0,12.0,5.63,6,6,0,2,15,3,28,0,3,0.271,6.667,0.0,4.8035,6.656999999999986,0.0,19.11,38.22,1,1,0,1,0.9094,0.09,8722.22,2366.67,10.104,7.0,-31.318339045152,-64.2568748329355,0,Tipo A (Infr 0.57 - NBI 4.5%),Muy Alta,<b>CONSORCIO 16 DE NOVIEMBRE</b><br>Pob: 785.0<br>Score: 0.91 (Muy Alta),1.0,11.5847,3,99.6
CONSORCIO ESPERANZA,500.0,200.0,3.0,1.5,0,0,0,0,6,2,4,0,0,0.4,6.217,0.0,0.0,0.0,0.0,12.0,0.0,0,0,0,1,0.2222,0.04,12500.0,5000.0,5.555,1.0,-31.420751186944,-64.2343527594393,3,Tipo D (Infr 0.40 - NBI 2.8%),Media,<b>CONSORCIO ESPERANZA</b><br>Pob: 500.0<br>Score: 0.22 (Media),0.33,4.444,197,59.9
COOPERATIVA 16 DE NOVIEMBRE,5676.0,1377.0,174.0,12.64,2,2,0,1,6,1,140,0,1,0.243,8.644,0.0,0.35,1.76,0.0,1.06,1.76,1,1,0,1,0.1027,0.4,14190.0,3442.5,0.257,3.0,-31.313277089012065,-64.26143287238966,2,Tipo C (Infr 0.16 - NBI 14.4%),Baja,<b>COOPERATIVA 16 DE NOVIEMBRE</b><br>Pob: 5676.0<br>Score: 0.10 (Baja),1.0,0.1809,372,24.9
COOPERATIVA EL FUTURO,500.0,200.0,12.0,6.0,0,0,0,0,3,2,0,0,0,0.4,6.217,0.0,0.0,0.0,0.0,6.0,0.0,0,0,0,1,0.1111,0.04,12500.0,5000.0,2.778,1.0,-31.4401823495232,-64.1081012779207,1,Tipo B (Infr 0.14 - NBI 3.0%),Baja,<b>COOPERATIVA EL FUTURO</b><br>Pob: 500.0<br>Score: 0.11 (Baja),0.33,2.222,347,29.1
COOPERATIVA LA HERMOSA,500.0,200.0,24.0,12.0,0,0,0,0,0,0,0,0,1,0.4,6.217,0.0,0.0,0.0,0.0,0.0,20.0,0,0,0,0,0.0,0.04,12500.0,5000.0,0.0,1.0,-31.4387347588299,-64.108104347353,2,Tipo C (Infr 0.16 - NBI 14.4%),Muy Baja,<b>COOPERATIVA LA HERMOSA</b><br>Pob: 500.0<br>Score: 0.00 (Muy Baja),0.0,0.0,469,2.7
COOPERATIVA LA UNIDAD,2120.0,508.0,32.0,6.3,0,0,0,0,8,3,0,0,1,0.24,7.66,0.0,0.0,0.0,0.0,3.77,4.72,0,0,0,1,0.0698,0.21,10095.24,2419.05,0.332,1.0,-31.4306306779508,-64.1128840395055,1,Tipo B (Infr 0.14 - NBI 3.0%),Muy Baja,<b>COOPERATIVA LA UNIDAD</b><br>Pob: 2120.0<br>Score: 0.07 (Muy Baja),0.33,0.3292,420,15.1
CORDOBA IV,500.0,200.0,0.0,0.0,2,0,2,0,4,1,0,0,0,0.4,6.217,1.0,4.0,0.0,0.0,8.0,0.0,1,0,0,1,0.4257,0.09,5555.56,2222.22,4.73,0.33,-31.3896498487242,-64.2635715412857,0,Tipo A (Infr 0.57 - NBI 4.5%),Muy Alta,<b>CORDOBA IV</b><br>Pob: 500.0<br>Score: 0.43 (Muy Alta),0.67,8.514,73,85.3
CORDOBA V,500.0,200.0,1.0,0.5,0,0,0,0,2,2,0,0,0,0.4,6.217,0.0,0.0,0.0,0.0,4.0,0.0,0,0,0,1,0.0741,0.06,8333.33,3333.33,1.235,1.0,-31.3849544927415,-64.2624888179182,1,Tipo B (Infr 0.14 - NBI 3.0%),Muy Baja,<b>CORDOBA V</b><br>Pob: 500.0<br>Score: 0.07 (Muy Baja),0.33,1.482,406,17.5
CORRAL DE PALOS,1244.0,342.0,23.0,6.73,0,0,0,0,7,2,0,0,1,0.275,7.127,0.0,0.0,0.0,0.0,5.63,8.04,0,0,0,1,0.1043,0.13,9569.23,2630.77,0.802,1.0,-31.4396411027469,-64.141051484461,1,Tipo B (Infr 0.14 - NBI 3.0%),Baja,<b>CORRAL DE PALOS</b><br>Pob: 1244.0<br>Score: 0.10 (Baja),0.33,0.8384,368,25.7
COSTA VERDE,500.0,200.0,0.0,0.0,0,0,0,1,6,2,0,0,0,0.4,6.217,0.0,0.0,6.656999999999986,0.0,12.0,0.0,0,1,0,1,0.4444,0.09,5555.56,2222.22,4.938,1.0,-31.3812221255911,-64.2504690018409,3,Tipo D (Infr 0.40 - NBI 2.8%),Muy Alta,<b>COSTA VERDE</b><br>Pob: 500.0<br>Score: 0.44 (Muy Alta),0.67,8.888,59,87.4
COUNTRY ALTOS DEL CHATEAU,1120.0,252.0,0.0,0.0,1,0,1,0,0,0,0,0,0,0.225,7.022,1.0,0.89,0.0,0.0,0.0,0.0,1,0,0,0,0.0618,0.46,2434.78,547.83,0.134,0.5,-31.374793804328448,-64.2668099528476,1,Tipo B (Infr 0.14 - NBI 3.0%),Muy Baja,<b>COUNTRY ALTOS DEL CHATEAU</b><br>Pob: 1120.0<br>Score: 0.06 (Muy Baja),0.33,0.5518,430,13.2
COUNTRY BARRANCAS,500.0,200.0,0.0,0.0,0,0,0,0,6,1,0,0,0,0.4,6.217,0.0,0.0,0.0,0.0,12.0,0.0,0,0,0,1,0.2222,0.14,3571.43,1428.57,1.587,1.0,-31.3805061482489,-64.2462880530412,3,Tipo D (Infr 0.40 - NBI 2.8%),Media,<b>COUNTRY BARRANCAS</b><br>Pob: 500.0<br>Score: 0.22 (Media),0.33,4.444,197,59.9
COUNTRY CLUB,500.0,200.0,0.0,0.0,0,0,0,0,6,2,0,0,0,0.4,6.217,0.0,0.0,0.0,0.0,12.0,0.0,0,0,0,1,0.2222,0.04,12500.0,5000.0,5.555,1.0,-31.4533364108918,-64.1872789853517,3,Tipo D (Infr 0.40 - NBI 2.8%),Media,<b>COUNTRY CLUB</b><br>Pob: 500.0<br>Score: 0.22 (Media),0.33,4.444,197,59.9
COUNTRY FORTIN DEL POZO,500.0,200.0,6.0,3.0,0,0,0,0,1,2,0,0,0,0.4,6.217,0.0,0.0,0.0,0.0,2.0,0.0,0,0,0,1,0.037,0.47,1063.83,425.53,0.079,1.0,-31.4740206319748,-64.1757907577539,1,Tipo B (Infr 0.14 - NBI 3.0%),Muy Baja,<b>COUNTRY FORTIN DEL POZO</b><br>Pob: 500.0<br>Score: 0.04 (Muy Baja),0.33,0.74,447,9.2
COUNTRY JOCKEY CLUB,1555.0,379.0,7.0,1.85,0,0,0,0,0,0,0,0,0,0.244,7.35,0.0,0.0,0.0,0.0,0.0,0.0,0,0,0,0,0.0,1.22,1274.59,310.66,0.0,1.0,-31.4634727942897,-64.1766590207414,1,Tipo B (Infr 0.14 - NBI 3.0%),Muy Baja,<b>COUNTRY JOCKEY CLUB</b><br>Pob: 1555.0<br>Score: 0.00 (Muy Baja),0.0,0.0,469,2.7
COUNTRY LA RESERVA,795.0,207.0,2.0,0.97,0,0,0,0,0,0,0,0,0,0.26,6.68,0.0,0.0,0.0,0.0,0.0,0.0,0,0,0,0,0.0,0.39,2038.46,530.77,0.0,1.0,-31.3672636397445,-64.2683557873944,1,Tipo B (Infr 0.14 - NBI 3.0%),Muy Baja,<b>COUNTRY LA RESERVA</b><br>Pob: 795.0<br>Score: 0.00 (Muy Baja),0.0,0.0,469,2.7
COUNTRY LA SANTINA - COUNTRY CAMPINA DEL SUR,500.0,200.0,0.0,0.0,0,0,0,0,9,2,0,0,0,0.4,6.217,0.0,0.0,0.0,0.0,18.0,0.0,0,0,0,1,0.3333,,0.0,0.0,0.0,1.0,-31.4773649782027,-64.1736761204654,3,Tipo D (Infr 0.40 - NBI 2.8%),Alta,<b>COUNTRY LA SANTINA - COUNTRY CAMPINA DEL SUR</b><br>Pob: 500.0<br>Score: 0.33 (Alta),0.33,6.666,108,78.0
COUNTRY LAS DELICIAS,776.0,213.0,2.0,0.94,0,0,0,0,0,0,0,0,0,0.274,6.655,0.0,0.0,0.0,0.0,0.0,0.0,0,0,0,0,0.0,1.33,583.46,160.15,0.0,1.0,-31.3619352535703,-64.2994579008155,1,Tipo B (Infr 0.14 - NBI 3.0%),Muy Baja,<b>COUNTRY LAS DELICIAS</b><br>Pob: 776.0<br>Score: 0.00 (Muy Baja),0.0,0.0,469,2.7
COUNTRY LOMAS DE LA CAROLINA,1572.0,383.0,0.0,0.0,0,0,0,0,2,1,0,0,0,0.244,7.361,0.0,0.0,0.0,0.0,1.27,0.0,0,0,0,1,0.0235,1.44,1091.67,265.97,0.016,1.0,-31.3556553169784,-64.3056209170965,1,Tipo B (Infr 0.14 - NBI 3.0%),Muy Baja,<b>COUNTRY LOMAS DE LA CAROLINA</b><br>Pob: 1572.0<br>Score: 0.02 (Muy Baja),0.33,0.1495,461,6.9
COUNTRY LOS ALGARROBOS,500.0,200.0,0.0,0.0,0,0,0,0,4,2,0,0,0,0.4,6.217,0.0,0.0,0.0,0.0,8.0,0.0,0,0,0,1,0.1481,0.09,5555.56,2222.22,1.646,1.0,-31.4833510004042,-64.2406895217807,1,Tipo B (Infr 0.14 - NBI 3.0%),Media,<b>COUNTRY LOS ALGARROBOS</b><br>Pob: 500.0<br>Score: 0.15 (Media),0.33,2.962,288,41.2
COUNTRY LOS MIMBRES,500.0,200.0,0.0,0.0,0,0,0,0,3,1,0,0,0,0.4,6.217,0.0,0.0,0.0,0.0,6.0,0.0,0,0,0,1,0.1111,0.18,2777.78,1111.11,0.617,1.0,-31.4933845474551,-64.1839627867177,1,Tipo B (Infr 0.14 - NBI 3.0%),Baja,<b>COUNTRY LOS MIMBRES</b><br>Pob: 500.0<br>Score: 0.11 (Baja),0.33,2.222,347,29.1
COUNTRY RANCH CLUB,500.0,200.0,0.0,0.0,0,0,0,0,3,1,0,0,0,0.4,6.217,0.0,0.0,0.0,0.0,6.0,0.0,0,0,0,1,0.1111,0.06,8333.33,3333.33,1.852,1.0,-31.4527198034093,-64.2191810889962,1,Tipo B (Infr 0.14 - NBI 3.0%),Baja,<b>COUNTRY RANCH CLUB</b><br>Pob: 500.0<br>Score: 0.11 (Baja),0.33,2.222,347,29.1
COUNTRY VALLE ESCONDIDO,6660.0,1818.0,8.0,0.44,1,0,1,0,3,1,0,0,0,0.273,8.804,1.0,0.15,0.0,0.0,0.45,0.0,1,0,0,1,0.0187,5.38,1237.92,337.92,0.003,0.5,-31.365093628436902,-64.280614112077,1,Tipo B (Infr 0.14 - NBI 3.0%),Muy Baja,<b>COUNTRY VALLE ESCONDIDO</b><br>Pob: 6660.0<br>Score: 0.02 (Muy Baja),0.67,0.0281,464,6.3
CRISOL NORTE,1224.0,541.0,5.0,0.92,8,4,4,0,41,20,121,0,1,0.442,7.111,0.5,4.8035,0.0,0.0,24.0,8.17,1,0,0,1,0.7778,0.24,5100.0,2254.17,3.241,1.0,-31.428051362204,-64.167176368668,0,Tipo A (Infr 0.57 - NBI 4.5%),Muy Alta,<b>CRISOL NORTE</b><br>Pob: 1224.0<br>Score: 0.78 (Muy Alta),0.67,6.3546,6,98.5
CRISOL SUD,3336.0,1124.0,10.0,0.89,7,4,3,0,17,8,152,0,1,0.337,8.113,0.429,2.1,0.0,0.0,5.1,3.0,1,0,0,1,0.2402,0.52,6415.38,2161.54,0.462,1.25,-31.4349582821362,-64.1674254311003,1,Tipo B (Infr 0.14 - NBI 3.0%),Alta,<b>CRISOL SUD</b><br>Pob: 3336.0<br>Score: 0.24 (Alta),0.67,0.72,177,64.4
CUPANI,2255.0,674.0,32.0,4.75,2,0,2,1,13,6,6,0,1,0.299,7.721,1.0,0.89,4.43,0.0,5.76,4.43,1,1,0,1,0.3163,0.19,11868.42,3547.37,1.665,0.33,-31.4214735888533,-64.2076951619414,1,Tipo B (Infr 0.14 - NBI 3.0%),Alta,<b>CUPANI</b><br>Pob: 2255.0<br>Score: 0.32 (Alta),1.0,1.4027,118,76.3
DE LOS BIOQUIMICOS,1265.0,348.0,25.0,7.18,0,0,0,0,13,1,0,0,1,0.275,7.144,0.0,0.0,0.0,0.0,10.28,7.91,0,0,0,1,0.1904,0.17,7441.18,2047.06,1.12,1.0,-31.3204288535283,-64.2668138957885,1,Tipo B (Infr 0.14 - NBI 3.0%),Media,<b>DE LOS BIOQUIMICOS</b><br>Pob: 1265.0<br>Score: 0.19 (Media),0.33,1.5051,232,53.2
DE LOS DOCENTES,500.0,200.0,0.0,0.0,0,0,0,0,3,3,0,0,2,0.4,6.217,0.0,0.0,0.0,0.0,6.0,40.0,0,0,0,1,0.1111,0.01,50000.0,20000.0,11.11,1.0,-31.4590670929175,-64.1524118917786,1,Tipo B (Infr 0.14 - NBI 3.0%),Baja,<b>DE LOS DOCENTES</b><br>Pob: 500.0<br>Score: 0.11 (Baja),0.33,2.222,347,29.1
DEAN FUNES,2124.0,682.0,22.0,3.23,2,1,1,0,27,10,87,0,1,0.321,7.662,0.5,0.94,0.0,0.0,12.71,4.71,1,0,0,1,0.3006,0.74,2870.27,921.62,0.406,1.0,-31.4458597071522,-64.1178957921271,3,Tipo D (Infr 0.40 - NBI 2.8%),Alta,<b>DEAN FUNES</b><br>Pob: 2124.0<br>Score: 0.30 (Alta),0.67,1.4153,130,73.9
DIPAS,500.0,200.0,0.0,0.0,0,0,0,0,0,0,0,0,0,0.4,6.217,0.0,0.0,0.0,0.0,0.0,0.0,0,0,0,0,0.0,0.0,0.0,0.0,0.0,1.0,-31.3563236095696,-64.2944936477692,1,Tipo B (Infr 0.14 - NBI 3.0%),Muy Baja,<b>DIPAS</b><br>Pob: 500.0<br>Score: 0.00 (Muy Baja),0.0,0.0,469,2.7
DUCASSE,936.0,389.0,32.0,8.23,1,1,0,0,52,43,5,0,1,0.416,6.843,0.0,1.07,0.0,0.0,24.0,10.68,1,0,0,1,0.5187,0.17,5505.88,2288.24,3.051,2.0,-31.404888252086,-64.1908855434012,3,Tipo D (Infr 0.40 - NBI 2.8%),Muy Alta,<b>DUCASSE</b><br>Pob: 936.0<br>Score: 0.52 (Muy Alta),0.67,5.5417,43,91.5
EJERCITO ARGENTINO,1845.0,624.0,8.0,1.28,3,3,0,0,37,24,64,0,1,0.338,7.521,0.0,1.63,0.0,0.0,20.05,5.42,1,0,0,1,0.4844,0.15,12300.0,4160.0,3.229,4.0,-31.447568948723,-64.1961913422897,3,Tipo D (Infr 0.40 - NBI 2.8%),Muy Alta,<b>EJERCITO ARGENTINO</b><br>Pob: 1845.0<br>Score: 0.48 (Muy Alta),0.67,2.6255,50,90.1
EL BALCON,500.0,200.0,0.0,0.0,0,0,0,0,1,1,0,0,0,0.4,6.217,0.0,0.0,0.0,0.0,2.0,0.0,0,0,0,1,0.037,0.0,0.0,0.0,0.0,1.0,-31.3747201959085,-64.2747796532456,1,Tipo B (Infr 0.14 - NBI 3.0%),Muy Baja,<b>EL BALCON</b><br>Pob: 500.0<br>Score: 0.04 (Muy Baja),0.33,0.74,447,9.2
EL BOSQUE,1590.0,407.0,6.0,1.47,0,0,0,0,6,1,0,0,1,0.256,7.372,0.0,0.0,0.0,0.0,3.77,6.29,0,0,0,1,0.0698,1.73,919.08,235.26,0.04,1.0,-31.3380384713002,-64.307387518257,1,Tipo B (Infr 0.14 - NBI 3.0%),Muy Baja,<b>EL BOSQUE</b><br>Pob: 1590.0<br>Score: 0.07 (Muy Baja),0.33,0.439,420,15.1
EL CABILDO,5049.0,1331.0,88.0,6.61,5,5,0,1,22,4,13,0,1,0.264,8.527,0.0,0.99,1.98,0.0,4.36,1.98,1,1,0,1,0.2155,0.55,9180.0,2420.0,0.392,6.0,-31.4859068227125,-64.2351105437776,1,Tipo B (Infr 0.14 - NBI 3.0%),Media,<b>EL CABILDO</b><br>Pob: 5049.0<br>Score: 0.22 (Media),1.0,0.4268,206,58.5
EL CERRITO,3659.0,920.0,105.0,11.41,1,1,0,1,8,2,5,0,2,0.251,8.205,0.0,0.27,2.73,0.0,2.19,5.47,1,1,0,1,0.1504,0.7,5227.14,1314.29,0.215,2.0,-31.3221687252868,-64.2502548066828,2,Tipo C (Infr 0.16 - NBI 14.4%),Media,<b>EL CERRITO</b><br>Pob: 3659.0<br>Score: 0.15 (Media),1.0,0.411,285,42.5
EL PRADO,500.0,200.0,0.0,0.0,0,0,0,0,4,1,0,0,0,0.4,6.217,0.0,0.0,0.0,0.0,8.0,0.0,0,0,0,1,0.1481,0.0,0.0,0.0,0.0,1.0,-31.375753313966,-64.2703111858803,1,Tipo B (Infr 0.14 - NBI 3.0%),Media,<b>EL PRADO</b><br>Pob: 500.0<br>Score: 0.15 (Media),0.33,2.962,288,41.2
EL PUEBLITO,1315.0,332.0,124.0,37.35,0,0,0,0,0,0,0,0,0,0.252,7.182,0.0,0.0,0.0,0.0,0.0,0.0,0,0,0,0,0.0,0.4,3287.5,830.0,0.0,1.0,-31.4064405446942,-64.2568328545741,2,Tipo C (Infr 0.16 - NBI 14.4%),Muy Baja,<b>EL PUEBLITO</b><br>Pob: 1315.0<br>Score: 0.00 (Muy Baja),0.0,0.0,469,2.7
EL QUEBRACHAL,500.0,200.0,5.0,2.5,0,0,0,0,8,1,0,0,0,0.4,6.217,0.0,0.0,0.0,0.0,16.0,0.0,0,0,0,1,0.2963,1.98,252.53,101.01,0.15,1.0,-31.3380076521557,-64.0666753385544,3,Tipo D (Infr 0.40 - NBI 2.8%),Alta,<b>EL QUEBRACHAL</b><br>Pob: 500.0<br>Score: 0.30 (Alta),0.33,5.926,132,73.1
EL QUEBRACHO,4361.0,1017.0,136.0,13.37,2,2,0,0,12,4,238,0,2,0.233,8.381,0.0,0.46,0.0,0.0,2.75,4.59,1,0,0,1,0.0828,0.76,5738.16,1338.16,0.109,3.0,-31.4773371547605,-64.1377151621983,2,Tipo C (Infr 0.16 - NBI 14.4%),Muy Baja,<b>EL QUEBRACHO</b><br>Pob: 4361.0<br>Score: 0.08 (Muy Baja),0.67,0.1899,396,20.0
EL REFUGIO,1201.0,334.0,2.0,0.6,1,0,1,0,5,3,146,0,0,0.278,7.092,1.0,0.83,0.0,0.0,4.16,0.0,1,0,0,1,0.1346,0.32,3753.12,1043.75,0.421,0.5,-31.3442649511605,-64.2818199937408,1,Tipo B (Infr 0.14 - NBI 3.0%),Baja,<b>EL REFUGIO</b><br>Pob: 1201.0<br>Score: 0.13 (Baja),0.67,1.1207,312,37.0
EL TREBOL,1264.0,412.0,6.0,1.46,0,0,0,0,5,4,60,0,1,0.326,7.143,0.0,0.0,0.0,0.0,3.96,7.91,0,0,0,1,0.0733,0.17,7435.29,2423.53,0.431,1.0,-31.4230857776258,-64.2255537451732,1,Tipo B (Infr 0.14 - NBI 3.0%),Muy Baja,<b>EL TREBOL</b><br>Pob: 1264.0<br>Score: 0.07 (Muy Baja),0.33,0.5799,413,16.6
EL VIEJO ALGARROBO,500.0,200.0,4.0,2.0,1,1,0,0,23,1,0,0,1,0.4,6.217,0.0,2.0,0.0,0.0,24.0,20.0,1,0,0,1,0.5832,0.24,2083.33,833.33,2.43,2.0,-31.5024363493638,-64.1658119554321,3,Tipo D (Infr 0.40 - NBI 2.8%),Muy Alta,<b>EL VIEJO ALGARROBO</b><br>Pob: 500.0<br>Score: 0.58 (Muy Alta),0.67,11.664,32,93.6
EMAUS,500.0,200.0,1.0,0.5,0,0,0,0,2,1,6,0,0,0.4,6.217,0.0,0.0,0.0,0.0,4.0,0.0,0,0,0,1,0.0741,0.02,25000.0,10000.0,3.705,1.0,-31.4371264001266,-64.1430479576708,1,Tipo B (Infr 0.14 - NBI 3.0%),Muy Baja,<b>EMAUS</b><br>Pob: 500.0<br>Score: 0.07 (Muy Baja),0.33,1.482,406,17.5
EMPALME,3426.0,1140.0,12.0,1.05,7,5,2,0,7,8,79,1,0,0.333,8.139,0.286,2.04,0.0,1.5584999999999962,2.04,0.0,1,0,1,1,0.2905,0.63,5438.1,1809.52,0.461,2.0,-31.4345112094775,-64.130487667635,1,Tipo B (Infr 0.14 - NBI 3.0%),Alta,<b>EMPALME</b><br>Pob: 3426.0<br>Score: 0.29 (Alta),0.67,0.8479,144,71.1
EMPALME CASAS DE OBREROS Y EMPLEADOS,1233.0,375.0,13.0,3.47,0,0,0,0,21,11,24,0,1,0.304,7.118,0.0,0.0,0.0,0.0,17.03,8.11,0,0,0,1,0.3154,0.18,6850.0,2083.33,1.752,1.0,-31.4387401458057,-64.1251666065268,3,Tipo D (Infr 0.40 - NBI 2.8%),Alta,<b>EMPALME CASAS DE OBREROS Y EMPLEADOS</b><br>Pob: 1233.0<br>Score: 0.32 (Alta),0.33,2.558,120,75.9
ESCOBAR,2180.0,733.0,7.0,0.95,4,2,2,0,17,4,456,0,0,0.336,7.688,0.5,1.83,0.0,0.0,7.8,0.0,1,0,0,1,0.2714,0.44,4954.55,1665.91,0.617,1.0,-31.3918891605182,-64.2206422574801,1,Tipo B (Infr 0.14 - NBI 3.0%),Alta,<b>ESCOBAR</b><br>Pob: 2180.0<br>Score: 0.27 (Alta),0.67,1.245,149,70.0
ESCUELA DE SUBOFICIALES,500.0,200.0,0.0,0.0,0,0,0,1,2,1,0,0,1,0.4,6.217,0.0,0.0,6.656999999999986,0.0,4.0,20.0,0,1,0,1,0.2963,0.0,0.0,0.0,0.0,1.0,-31.4272175434882,-64.2575368439051,1,Tipo B (Infr 0.14 - NBI 3.0%),Alta,<b>ESCUELA DE SUBOFICIALES</b><br>Pob: 500.0<br>Score: 0.30 (Alta),0.67,5.926,132,73.1
ESTACION FLORES,3876.0,1024.0,124.0,12.11,5,5,0,1,13,2,287,0,1,0.264,8.263,0.0,1.29,2.58,0.0,3.35,2.58,1,1,0,1,0.2377,0.7,5537.14,1462.86,0.34,6.0,-31.4487314083608,-64.2475078934286,2,Tipo C (Infr 0.16 - NBI 14.4%),Alta,<b>ESTACION FLORES</b><br>Pob: 3876.0<br>Score: 0.24 (Alta),1.0,0.6133,181,63.6
ESTADIO CORDOBA,500.0,200.0,0.0,0.0,0,0,0,0,4,0,0,0,0,0.4,6.217,0.0,0.0,0.0,0.0,8.0,0.0,0,0,0,1,0.1481,0.0,0.0,0.0,0.0,1.0,-31.3678801343148,-64.2467689606442,1,Tipo B (Infr 0.14 - NBI 3.0%),Media,<b>ESTADIO CORDOBA</b><br>Pob: 500.0<br>Score: 0.15 (Media),0.33,2.962,288,41.2
FERIAR,500.0,200.0,0.0,0.0,0,0,0,0,10,2,0,0,1,0.4,6.217,0.0,0.0,0.0,0.0,20.0,20.0,0,0,0,1,0.3704,0.0,0.0,0.0,0.0,1.0,-31.3702867943909,-64.2556701915654,3,Tipo D (Infr 0.40 - NBI 2.8%),Muy Alta,<b>FERIAR</b><br>Pob: 500.0<br>Score: 0.37 (Muy Alta),0.33,7.408,90,81.8
FERRER,1844.0,462.0,139.0,30.09,0,0,0,1,13,5,21,0,2,0.251,7.52,0.0,0.0,5.42,0.0,7.05,10.85,0,1,0,1,0.3115,0.21,8780.95,2200.0,1.483,1.0,-31.4437749243189,-64.2117812947588,2,Tipo C (Infr 0.16 - NBI 14.4%),Alta,<b>FERRER</b><br>Pob: 1844.0<br>Score: 0.31 (Alta),0.67,1.6893,122,75.5
FERREYRA,3868.0,1029.0,101.0,9.82,5,4,1,0,19,2,66,2,1,0.266,8.261,0.2,1.29,0.0,1.5584999999999962,4.91,2.59,1,0,1,1,0.2916,0.89,4346.07,1156.18,0.328,2.5,-31.4663540173135,-64.1106089877883,2,Tipo C (Infr 0.16 - NBI 14.4%),Alta,<b>FERREYRA</b><br>Pob: 3868.0<br>Score: 0.29 (Alta),0.67,0.7539,141,71.7
FERREYRA SEGUNDA SECCION,939.0,215.0,32.0,14.88,0,0,0,0,6,2,0,0,0,0.229,6.846,0.0,0.0,0.0,0.0,6.39,0.0,0,0,0,1,0.1183,0.1,9390.0,2150.0,1.183,1.0,-31.4710619707259,-64.1175953235484,2,Tipo C (Infr 0.16 - NBI 14.4%),Baja,<b>FERREYRA SEGUNDA SECCION</b><br>Pob: 939.0<br>Score: 0.12 (Baja),0.33,1.2599,331,33.1
FERROVIARIO MITRE,1133.0,350.0,42.0,12.0,6,5,1,0,9,9,14,0,1,0.309,7.034,0.167,4.8035,0.0,0.0,7.94,8.83,1,0,0,1,0.4804,0.18,6294.44,1944.44,2.669,3.0,-31.4334514626288,-64.136352474103,0,Tipo A (Infr 0.57 - NBI 4.5%),Muy Alta,<b>FERROVIARIO MITRE</b><br>Pob: 1133.0<br>Score: 0.48 (Muy Alta),0.67,4.2401,53,89.5
FINCA LA DOROTEA,500.0,200.0,10.0,5.0,0,0,0,0,2,1,12,0,1,0.4,6.217,0.0,0.0,0.0,0.0,4.0,20.0,0,0,0,1,0.0741,0.15,3333.33,1333.33,0.494,1.0,-31.3764290500034,-64.1151406917793,1,Tipo B (Infr 0.14 - NBI 3.0%),Muy Baja,<b>FINCA LA DOROTEA</b><br>Pob: 500.0<br>Score: 0.07 (Muy Baja),0.33,1.482,406,17.5
FINCAS DEL SUR,500.0,200.0,0.0,0.0,0,0,0,0,0,0,187,0,0,0.4,6.217,0.0,0.0,0.0,0.0,0.0,0.0,0,0,0,0,0.0,0.59,847.46,338.98,0.0,1.0,-31.4867716545205,-64.1572739805666,1,Tipo B (Infr 0.14 - NBI 3.0%),Muy Baja,<b>FINCAS DEL SUR</b><br>Pob: 500.0<br>Score: 0.00 (Muy Baja),0.0,0.0,469,2.7
GENERAL ARENALES,2318.0,622.0,60.0,9.65,3,3,0,2,10,1,41,0,2,0.268,7.749,0.0,1.29,6.656999999999986,0.0,4.31,8.63,1,1,0,1,0.3916,0.37,6264.86,1681.08,1.058,4.0,-31.3687802681924,-64.0602371117818,2,Tipo C (Infr 0.16 - NBI 14.4%),Muy Alta,<b>GENERAL ARENALES</b><br>Pob: 2318.0<br>Score: 0.39 (Muy Alta),1.0,1.6894,82,83.6
GENERAL ARTIGAS,1552.0,471.0,8.0,1.7,2,2,0,0,10,3,68,0,0,0.303,7.348,0.0,1.29,0.0,0.0,6.44,0.0,1,0,0,1,0.2088,0.34,4564.71,1385.29,0.614,3.0,-31.4615195852108,-64.1996215023561,1,Tipo B (Infr 0.14 - NBI 3.0%),Media,<b>GENERAL ARTIGAS</b><br>Pob: 1552.0<br>Score: 0.21 (Media),0.67,1.3454,214,56.9
GENERAL BELGRANO,3154.0,890.0,30.0,3.37,2,2,0,0,8,3,217,0,1,0.282,8.057,0.0,0.63,0.0,0.0,2.54,3.17,1,0,0,1,0.0908,0.29,10875.86,3068.97,0.313,3.0,-31.3704293934515,-64.1372878299525,1,Tipo B (Infr 0.14 - NBI 3.0%),Baja,<b>GENERAL BELGRANO</b><br>Pob: 3154.0<br>Score: 0.09 (Baja),0.67,0.2879,384,22.5
GENERAL BUSTOS,15659.0,4933.0,243.0,4.93,16,9,7,0,30,8,447,0,2,0.315,9.659,0.438,1.02,0.0,0.0,1.92,1.28,1,0,0,1,0.1063,1.74,8999.43,2835.06,0.061,1.25,-31.3903336123251,-64.1696498558799,1,Tipo B (Infr 0.14 - NBI 3.0%),Baja,<b>GENERAL BUSTOS</b><br>Pob: 15659.0<br>Score: 0.11 (Baja),0.67,0.0679,362,26.9
GENERAL MOSCONI,3324.0,851.0,110.0,12.93,1,1,0,1,16,6,145,0,1,0.256,8.109,0.0,0.3,3.01,0.0,4.81,3.01,1,1,0,1,0.2104,0.3,11080.0,2836.67,0.701,2.0,-31.3651885926033,-64.1504410565656,2,Tipo C (Infr 0.16 - NBI 14.4%),Media,<b>GENERAL MOSCONI</b><br>Pob: 3324.0<br>Score: 0.21 (Media),1.0,0.633,213,57.1
GENERAL PAZ,9524.0,4209.0,107.0,2.54,23,13,10,0,32,13,230,1,1,0.442,9.162,0.435,2.41,0.0,1.05,3.36,1.05,1,0,1,1,0.3043,1.13,8428.32,3724.78,0.269,1.27,-31.4125574874454,-64.1656906995031,1,Tipo B (Infr 0.14 - NBI 3.0%),Alta,<b>GENERAL PAZ</b><br>Pob: 9524.0<br>Score: 0.30 (Alta),0.67,0.3195,126,74.7
GENERAL PUEYRREDON,24021.0,7938.0,561.0,7.07,17,4,13,0,48,12,202,0,1,0.33,10.087,0.765,0.71,0.0,0.0,2.0,0.42,1,0,0,1,0.0863,3.16,7601.58,2512.03,0.027,0.36,-31.4020774327923,-64.1624596839047,4,Tipo E (Infr 0.11 - NBI 5.5%),Baja,<b>GENERAL PUEYRREDON</b><br>Pob: 24021.0<br>Score: 0.09 (Baja),0.67,0.0359,388,21.7
GENERAL SAVIO,4889.0,1309.0,313.0,23.91,0,0,0,0,9,1,70,0,1,0.268,8.495,0.0,0.0,0.0,0.0,1.84,2.05,0,0,0,1,0.0341,0.31,15770.97,4222.58,0.11,1.0,-31.371992117919,-64.1580891610321,2,Tipo C (Infr 0.16 - NBI 14.4%),Muy Baja,<b>GENERAL SAVIO</b><br>Pob: 4889.0<br>Score: 0.03 (Muy Baja),0.33,0.0697,453,8.5
GRANADERO PRINGLES,2209.0,628.0,16.0,2.55,0,0,0,0,19,4,25,0,1,0.284,7.701,0.0,0.0,0.0,0.0,8.6,4.53,0,0,0,1,0.1593,0.19,11626.32,3305.26,0.838,1.0,-31.3755515882091,-64.1976083748721,1,Tipo B (Infr 0.14 - NBI 3.0%),Media,<b>GRANADERO PRINGLES</b><br>Pob: 2209.0<br>Score: 0.16 (Media),0.33,0.7211,273,44.9
GRANJA DE FUNES,3866.0,1228.0,27.0,2.2,5,5,0,0,30,11,50,0,1,0.318,8.26,0.0,1.29,0.0,0.0,7.76,2.59,1,0,0,1,0.2332,1.1,3514.55,1116.36,0.212,6.0,-31.349164455122,-64.2445719762199,1,Tipo B (Infr 0.14 - NBI 3.0%),Alta,<b>GRANJA DE FUNES</b><br>Pob: 3866.0<br>Score: 0.23 (Alta),0.67,0.6032,186,62.6
GUARNICION AEREA CORDOBA,500.0,200.0,0.0,0.0,0,0,0,0,0,0,0,0,0,0.4,6.217,0.0,0.0,0.0,0.0,0.0,0.0,0,0,0,0,0.0,10.97,45.58,18.23,0.0,1.0,-31.4437692781579,-64.2815434253756,1,Tipo B (Infr 0.14 - NBI 3.0%),Muy Baja,<b>GUARNICION AEREA CORDOBA</b><br>Pob: 500.0<br>Score: 0.00 (Muy Baja),0.0,0.0,469,2.7
GUARNICION MILITAR CORDOBA,500.0,200.0,0.0,0.0,0,0,0,0,0,0,2,0,0,0.4,6.217,0.0,0.0,0.0,0.0,0.0,0.0,0,0,0,0,0.0,24.79,20.17,8.07,0.0,1.0,-31.3932530580866,-64.2925498765201,1,Tipo B (Infr 0.14 - NBI 3.0%),Muy Baja,<b>GUARNICION MILITAR CORDOBA</b><br>Pob: 500.0<br>Score: 0.00 (Muy Baja),0.0,0.0,469,2.7
GUAYAQUIL,587.0,200.0,0.0,0.0,2,2,0,0,14,4,86,0,1,0.341,6.377,0.0,3.41,0.0,0.0,23.85,17.04,1,0,0,1,0.6783,0.08,7337.5,2500.0,8.479,3.0,-31.382844844148,-64.1550652774413,0,Tipo A (Infr 0.57 - NBI 4.5%),Muy Alta,<b>GUAYAQUIL</b><br>Pob: 587.0<br>Score: 0.68 (Muy Alta),0.67,11.5554,18,96.6
GUEMES,11588.0,5333.0,428.0,8.03,17,14,3,1,41,21,132,0,0,0.46,9.358,0.176,1.47,0.86,0.0,3.54,0.0,1,1,0,1,0.1963,1.18,9820.34,4519.49,0.166,3.75,-31.4281317736306,-64.1936790393253,2,Tipo C (Infr 0.16 - NBI 14.4%),Media,<b>GUEMES</b><br>Pob: 11588.0<br>Score: 0.20 (Media),1.0,0.1694,226,54.5
GUINAZU,1361.0,373.0,41.0,10.99,5,5,0,1,20,2,10,1,1,0.274,7.217,0.0,3.67,6.656999999999986,1.5584999999999962,14.7,7.35,1,1,1,1,0.8602,0.34,4002.94,1097.06,2.53,6.0,-31.3122463444352,-64.1732935256594,0,Tipo A (Infr 0.57 - NBI 4.5%),Muy Alta,<b>GUINAZU</b><br>Pob: 1361.0<br>Score: 0.86 (Muy Alta),1.0,6.3204,4,99.4
GUINAZU SUD,500.0,200.0,3.0,1.5,0,0,0,1,12,2,4,0,1,0.4,6.217,0.0,0.0,6.656999999999986,0.0,24.0,20.0,0,1,0,1,0.6667,0.04,12500.0,5000.0,16.667,1.0,-31.335667108704,-64.1831340646197,3,Tipo D (Infr 0.40 - NBI 2.8%),Muy Alta,<b>GUINAZU SUD</b><br>Pob: 500.0<br>Score: 0.67 (Muy Alta),0.67,13.334,20,95.9
HIPOLITO IRIGOYEN,3313.0,893.0,83.0,9.29,0,0,0,1,6,4,23,0,1,0.27,8.106,0.0,0.0,3.02,0.0,1.81,3.02,0,1,0,1,0.1343,0.29,11424.14,3079.31,0.463,1.0,-31.3728101396738,-64.1862965749199,2,Tipo C (Infr 0.16 - NBI 14.4%),Baja,<b>HIPOLITO IRIGOYEN</b><br>Pob: 3313.0<br>Score: 0.13 (Baja),0.67,0.4054,313,36.7
HOGAR PROPIO,4716.0,1581.0,56.0,3.54,2,2,0,1,19,5,18,0,3,0.335,8.459,0.0,0.42,2.12,0.0,4.03,6.36,1,1,0,1,0.1745,0.48,9825.0,3293.75,0.364,3.0,-31.4073366174112,-64.1541697551546,1,Tipo B (Infr 0.14 - NBI 3.0%),Media,<b>HOGAR PROPIO</b><br>Pob: 4716.0<br>Score: 0.17 (Media),1.0,0.37,248,50.0
HORIZONTE,2016.0,641.0,11.0,1.72,0,0,0,0,10,6,188,0,0,0.318,7.609,0.0,0.0,0.0,0.0,4.96,0.0,0,0,0,1,0.0919,0.29,6951.72,2210.34,0.317,1.0,-31.458659818397,-64.2065221911296,1,Tipo B (Infr 0.14 - NBI 3.0%),Baja,<b>HORIZONTE</b><br>Pob: 2016.0<br>Score: 0.09 (Baja),0.33,0.4559,383,22.7
INAUDI,1662.0,459.0,4.0,0.87,4,4,0,1,7,1,52,1,1,0.276,7.416,0.0,2.41,6.02,1.5584999999999962,4.21,6.02,1,1,1,1,0.5573,0.3,5540.0,1530.0,1.858,5.0,-31.4764448201221,-64.1942870194643,0,Tipo A (Infr 0.57 - NBI 4.5%),Muy Alta,<b>INAUDI</b><br>Pob: 1662.0<br>Score: 0.56 (Muy Alta),1.0,3.3532,36,92.9
INDEPENDENCIA,813.0,294.0,7.0,2.38,1,0,1,0,16,9,38,0,0,0.362,6.702,1.0,1.23,0.0,0.0,19.68,0.0,1,0,0,1,0.4498,0.12,6775.0,2450.0,3.748,0.5,-31.4011747261759,-64.1901515777845,3,Tipo D (Infr 0.40 - NBI 2.8%),Muy Alta,<b>INDEPENDENCIA</b><br>Pob: 813.0<br>Score: 0.45 (Muy Alta),0.67,5.5326,58,88.5
INDUSTRIAL ESTE,1153.0,386.0,1.0,0.26,0,0,0,0,14,10,167,0,0,0.335,7.051,0.0,0.0,0.0,0.0,12.14,0.0,0,0,0,1,0.2248,0.17,6782.35,2270.59,1.322,1.0,-31.4295150677245,-64.1642099648801,3,Tipo D (Infr 0.40 - NBI 2.8%),Alta,<b>INDUSTRIAL ESTE</b><br>Pob: 1153.0<br>Score: 0.22 (Alta),0.33,1.9497,195,60.7
INDUSTRIAL OESTE,1621.0,473.0,14.0,2.96,0,0,0,0,19,3,147,0,0,0.292,7.391,0.0,0.0,0.0,0.0,11.72,0.0,0,0,0,1,0.217,0.27,6003.7,1751.85,0.804,1.0,-31.4093022069007,-64.2665553929106,1,Tipo B (Infr 0.14 - NBI 3.0%),Media,<b>INDUSTRIAL OESTE</b><br>Pob: 1621.0<br>Score: 0.22 (Media),0.33,1.3387,204,58.9
IPONA,982.0,402.0,8.0,1.99,3,0,3,0,26,17,14,0,1,0.409,6.891,1.0,3.05,0.0,0.0,24.0,10.18,1,0,0,1,0.6561,0.13,7553.85,3092.31,5.047,0.25,-31.4447612065343,-64.1883722304098,0,Tipo A (Infr 0.57 - NBI 4.5%),Muy Alta,<b>IPONA</b><br>Pob: 982.0<br>Score: 0.66 (Muy Alta),0.67,6.6813,24,95.3
IPV ANEXO LOS GIGANTES,5240.0,1414.0,36.0,2.55,3,3,0,0,11,2,0,0,1,0.27,8.564,0.0,0.57,0.0,0.0,2.1,1.91,1,0,0,1,0.0784,0.27,19407.41,5237.04,0.29,4.0,-31.3648676647868,-64.16327334385565,1,Tipo B (Infr 0.14 - NBI 3.0%),Muy Baja,<b>IPV ANEXO LOS GIGANTES</b><br>Pob: 5240.0<br>Score: 0.08 (Muy Baja),0.67,0.1496,400,19.2
IRUPE,523.0,200.0,10.0,5.0,3,3,0,0,6,6,45,0,1,0.382,6.261,0.0,4.8035,0.0,0.0,11.47,19.12,1,0,0,1,0.5457,0.14,3735.71,1428.57,3.898,4.0,-31.4591661313717,-64.2025406690525,0,Tipo A (Infr 0.57 - NBI 4.5%),Muy Alta,<b>IRUPE</b><br>Pob: 523.0<br>Score: 0.55 (Muy Alta),0.67,10.434,39,92.3
ITUZAINGO,3192.0,933.0,18.0,1.93,9,6,3,0,16,4,19,1,0,0.292,8.069,0.333,2.82,0.0,1.5584999999999962,5.01,0.0,1,0,1,1,0.3996,0.47,6791.49,1985.11,0.85,1.75,-31.4647362980865,-64.0971483618541,0,Tipo A (Infr 0.57 - NBI 4.5%),Muy Alta,<b>ITUZAINGO</b><br>Pob: 3192.0<br>Score: 0.40 (Muy Alta),0.67,1.2519,78,84.4
ITUZAINGO ANEXO,6081.0,1583.0,138.0,8.72,1,1,0,1,35,5,23,0,5,0.26,8.713,0.0,0.16,1.64,0.0,5.76,8.22,1,1,0,1,0.1725,0.93,6538.71,1702.15,0.185,2.0,-31.4636925992066,-64.0829019327012,2,Tipo C (Infr 0.16 - NBI 14.4%),Media,<b>ITUZAINGO ANEXO</b><br>Pob: 6081.0<br>Score: 0.17 (Media),1.0,0.2837,251,49.4
ITUZAINGO II,1553.0,394.0,42.0,10.66,0,0,0,0,2,1,0,0,1,0.254,7.349,0.0,0.0,0.0,0.0,1.29,6.44,0,0,0,1,0.0239,1.22,1272.95,322.95,0.02,1.0,-31.4748343925178,-64.087896921299,2,Tipo C (Infr 0.16 - NBI 14.4%),Muy Baja,<b>ITUZAINGO II</b><br>Pob: 1553.0<br>Score: 0.02 (Muy Baja),0.33,0.1539,460,7.1
JARDIN,6841.0,2621.0,45.0,1.72,12,8,4,0,13,13,52,0,1,0.383,8.831,0.333,1.75,0.0,0.0,1.9,1.46,1,0,0,1,0.1566,0.94,7277.66,2788.3,0.167,1.8,-31.4463256163336,-64.1817052357987,1,Tipo B (Infr 0.14 - NBI 3.0%),Media,<b>JARDIN</b><br>Pob: 6841.0<br>Score: 0.16 (Media),0.67,0.2289,277,44.1
JARDIN DEL CLARET,500.0,200.0,1.0,0.5,0,0,0,0,11,4,0,0,0,0.4,6.217,0.0,0.0,0.0,0.0,22.0,0.0,0,0,0,1,0.4074,0.18,2777.78,1111.11,2.263,1.0,-31.3481294929873,-64.2295895723668,3,Tipo D (Infr 0.40 - NBI 2.8%),Muy Alta,<b>JARDIN DEL CLARET</b><br>Pob: 500.0<br>Score: 0.41 (Muy Alta),0.33,8.148,75,84.9
JARDIN DEL PILAR,2131.0,633.0,37.0,5.85,2,2,0,0,12,3,116,0,1,0.297,7.665,0.0,0.94,0.0,0.0,5.63,4.69,1,0,0,1,0.1695,0.33,6457.58,1918.18,0.514,3.0,-31.4441158992776,-64.1528930609459,1,Tipo B (Infr 0.14 - NBI 3.0%),Media,<b>JARDIN DEL PILAR</b><br>Pob: 2131.0<br>Score: 0.17 (Media),0.67,0.7954,256,48.4
JARDIN DEL SUD,1482.0,451.0,3.0,0.67,0,0,0,0,7,2,38,0,1,0.304,7.302,0.0,0.0,0.0,0.0,4.72,6.75,0,0,0,1,0.0874,0.4,3705.0,1127.5,0.218,1.0,-31.4560504721943,-64.1645849897324,1,Tipo B (Infr 0.14 - NBI 3.0%),Baja,<b>JARDIN DEL SUD</b><br>Pob: 1482.0<br>Score: 0.09 (Baja),0.33,0.5897,386,22.0
JARDIN ESPINOSA,1515.0,485.0,3.0,0.62,6,0,6,0,6,3,345,0,1,0.32,7.324,1.0,3.96,0.0,0.0,3.96,6.6,1,0,0,1,0.3481,0.48,3156.25,1010.42,0.725,0.14,-31.4534509945975,-64.1712567263831,0,Tipo A (Infr 0.57 - NBI 4.5%),Alta,<b>JARDIN ESPINOSA</b><br>Pob: 1515.0<br>Score: 0.35 (Alta),0.67,2.2977,103,79.4
JARDIN HIPODROMO,2188.0,644.0,28.0,4.35,3,0,3,0,2,1,28,0,2,0.294,7.691,1.0,1.37,0.0,0.0,0.91,9.14,1,0,0,1,0.1119,0.21,10419.05,3066.67,0.533,0.25,-31.4589242324741,-64.19080381357651,1,Tipo B (Infr 0.14 - NBI 3.0%),Baja,<b>JARDIN HIPODROMO</b><br>Pob: 2188.0<br>Score: 0.11 (Baja),0.67,0.5114,344,30.6
JARDINES DEL JOCKEY,516.0,200.0,1.0,0.5,0,0,0,0,7,4,0,0,0,0.388,6.248,0.0,0.0,0.0,0.0,13.57,0.0,0,0,0,1,0.2513,0.19,2715.79,1052.63,1.323,1.0,-31.4545213844294,-64.1762033277934,3,Tipo D (Infr 0.40 - NBI 2.8%),Alta,<b>JARDINES DEL JOCKEY</b><br>Pob: 516.0<br>Score: 0.25 (Alta),0.33,4.8702,164,67.0
JERONIMO LUIS DE CABRERA,3272.0,928.0,48.0,5.17,1,1,0,0,16,5,10,0,2,0.284,8.093,0.0,0.31,0.0,0.0,4.89,6.11,1,0,0,1,0.1121,0.24,13633.33,3866.67,0.467,2.0,-31.355929776680497,-64.182586923343,1,Tipo B (Infr 0.14 - NBI 3.0%),Baja,<b>JERONIMO LUIS DE CABRERA</b><br>Pob: 3272.0<br>Score: 0.11 (Baja),0.67,0.3426,343,30.8
JOCKEY CLUB,516.0,200.0,0.0,0.0,0,0,0,0,2,3,96,0,1,0.388,6.248,0.0,0.0,0.0,0.0,3.88,19.38,0,0,0,1,0.0719,0.72,716.67,277.78,0.1,1.0,-31.45350962939535,-64.17915620724006,1,Tipo B (Infr 0.14 - NBI 3.0%),Muy Baja,<b>JOCKEY CLUB</b><br>Pob: 516.0<br>Score: 0.07 (Muy Baja),0.33,1.3934,416,16.0
JOSE HERNANDEZ,3233.0,951.0,44.0,4.63,1,1,0,1,9,3,42,0,1,0.294,8.081,0.0,0.31,3.09,0.0,2.78,3.09,1,1,0,1,0.1761,0.34,9508.82,2797.06,0.518,2.0,-31.4442248820361,-64.1570348359065,1,Tipo B (Infr 0.14 - NBI 3.0%),Media,<b>JOSE HERNANDEZ</b><br>Pob: 3233.0<br>Score: 0.18 (Media),1.0,0.5447,247,50.2
JOSE I RUCCI,500.0,200.0,0.0,0.0,0,0,0,0,8,3,0,0,1,0.4,6.217,0.0,0.0,0.0,0.0,16.0,20.0,0,0,0,1,0.2963,0.01,50000.0,20000.0,29.63,1.0,-31.4609802081608,-64.1294432268321,3,Tipo D (Infr 0.40 - NBI 2.8%),Alta,<b>JOSE I RUCCI</b><br>Pob: 500.0<br>Score: 0.30 (Alta),0.33,5.926,132,73.1
JOSE IGNACIO DIAZ SECCION 1,4483.0,1196.0,86.0,7.19,0,0,0,1,7,2,0,0,1,0.267,8.408,0.0,0.0,2.23,0.0,1.56,2.23,0,1,0,1,0.1033,0.55,8150.91,2174.55,0.188,1.0,-31.4434066051212,-64.1379279859404,1,Tipo B (Infr 0.14 - NBI 3.0%),Baja,<b>JOSE IGNACIO DIAZ SECCION 1</b><br>Pob: 4483.0<br>Score: 0.10 (Baja),0.67,0.2304,369,25.4
JOSE IGNACIO DIAZ SECCION 2,2204.0,598.0,52.0,8.7,0,0,0,0,10,2,0,0,0,0.271,7.698,0.0,0.0,0.0,0.0,4.54,0.0,0,0,0,1,0.0841,0.37,5956.76,1616.22,0.227,1.0,-31.445119854089,-64.1454220109331,1,Tipo B (Infr 0.14 - NBI 3.0%),Baja,<b>JOSE IGNACIO DIAZ SECCION 2</b><br>Pob: 2204.0<br>Score: 0.08 (Baja),0.33,0.3816,392,20.9
JOSE IGNACIO DIAZ SECCION 3,11876.0,3006.0,474.0,15.77,6,6,0,1,8,3,118,1,0,0.253,9.382,0.0,0.51,0.84,0.84,0.67,0.0,1,1,1,1,0.1357,2.75,4318.55,1093.09,0.049,7.0,-31.4513797512027,-64.13227473173771,2,Tipo C (Infr 0.16 - NBI 14.4%),Baja,<b>JOSE IGNACIO DIAZ SECCION 3</b><br>Pob: 11876.0<br>Score: 0.14 (Baja),1.0,0.1143,309,37.7
JUAN B JUSTO,3088.0,813.0,24.0,2.95,1,1,0,0,8,3,22,0,1,0.263,8.036,0.0,0.32,0.0,0.0,2.59,3.24,1,0,0,1,0.0702,0.44,7018.18,1847.73,0.16,2.0,-31.3596644034487,-64.1815511893765,1,Tipo B (Infr 0.14 - NBI 3.0%),Muy Baja,<b>JUAN B JUSTO</b><br>Pob: 3088.0<br>Score: 0.07 (Muy Baja),0.67,0.2273,418,15.6
JUAN XXIII,977.0,308.0,2.0,0.65,0,0,0,0,15,5,70,0,1,0.315,6.886,0.0,0.0,0.0,0.0,15.35,10.24,0,0,0,1,0.2843,0.13,7515.38,2369.23,2.187,1.0,-31.4205156024717,-64.224871196559,3,Tipo D (Infr 0.40 - NBI 2.8%),Alta,<b>JUAN XXIII</b><br>Pob: 977.0<br>Score: 0.28 (Alta),0.33,2.9099,146,70.6
JUNIORS,6521.0,2409.0,19.0,0.79,7,6,1,0,18,5,88,0,1,0.369,8.783,0.143,1.07,0.0,0.0,2.76,1.53,1,0,0,1,0.1254,0.93,7011.83,2590.32,0.135,3.5,-31.4192717920482,-64.1653082078352,1,Tipo B (Infr 0.14 - NBI 3.0%),Baja,<b>JUNIORS</b><br>Pob: 6521.0<br>Score: 0.13 (Baja),0.67,0.1923,323,34.8
KAIROS,826.0,200.0,23.0,11.5,0,0,0,1,7,1,18,0,2,0.242,6.718,0.0,0.0,6.656999999999986,0.0,8.47,24.21,0,1,0,1,0.3791,0.06,13766.67,3333.33,6.318,1.0,-31.4826802195118,-64.2497173104398,2,Tipo C (Infr 0.16 - NBI 14.4%),Muy Alta,<b>KAIROS</b><br>Pob: 826.0<br>Score: 0.38 (Muy Alta),0.67,4.5896,87,82.6
KENNEDY,1074.0,326.0,8.0,2.45,3,3,0,0,2,1,119,0,0,0.304,6.98,0.0,2.79,0.0,0.0,1.86,0.0,1,0,0,1,0.2281,0.11,9763.64,2963.64,2.074,4.0,-31.4580417689364,-64.1911071520722,1,Tipo B (Infr 0.14 - NBI 3.0%),Alta,<b>KENNEDY</b><br>Pob: 1074.0<br>Score: 0.23 (Alta),0.67,2.1238,191,61.5
LA CAROLINA,700.0,200.0,0.0,0.0,2,2,0,0,0,0,5,0,1,0.286,6.553,0.0,2.86,0.0,0.0,0.0,14.29,1,0,0,0,0.1985,0.81,864.2,246.91,0.245,3.0,-31.352759985372,-64.2862020234934,1,Tipo B (Infr 0.14 - NBI 3.0%),Media,<b>LA CAROLINA</b><br>Pob: 700.0<br>Score: 0.20 (Media),0.33,2.8357,223,55.1
LA DOROTEA,526.0,200.0,16.0,8.0,1,1,0,0,3,1,0,0,0,0.38,6.267,0.0,1.9,0.0,0.0,5.7,0.0,1,0,0,1,0.2374,0.06,8766.67,3333.33,3.957,2.0,-31.3788286307828,-64.1116311003492,1,Tipo B (Infr 0.14 - NBI 3.0%),Alta,<b>LA DOROTEA</b><br>Pob: 526.0<br>Score: 0.24 (Alta),0.67,4.5133,182,63.4
LA ESPERANZA,500.0,200.0,1.0,0.5,0,0,0,0,8,3,6,0,0,0.4,6.217,0.0,0.0,0.0,0.0,16.0,0.0,0,0,0,1,0.2963,0.03,16666.67,6666.67,9.877,1.0,-31.4838140058101,-64.2421336446981,3,Tipo D (Infr 0.40 - NBI 2.8%),Alta,<b>LA ESPERANZA</b><br>Pob: 500.0<br>Score: 0.30 (Alta),0.33,5.926,132,73.1
LA FLORESTA,1590.0,366.0,72.0,19.67,2,2,0,0,3,1,193,0,2,0.23,7.372,0.0,1.26,0.0,0.0,1.89,12.58,1,0,0,1,0.1224,1.26,1261.9,290.48,0.097,3.0,-31.3892085271405,-64.0584290695021,2,Tipo C (Infr 0.16 - NBI 14.4%),Baja,<b>LA FLORESTA</b><br>Pob: 1590.0<br>Score: 0.12 (Baja),0.67,0.7698,325,34.1
LA FRANCE,3218.0,1016.0,30.0,2.95,8,5,3,0,17,8,213,1,1,0.316,8.077,0.375,2.49,0.0,1.5584999999999962,5.28,3.11,1,0,1,1,0.3817,0.3,10726.67,3386.67,1.272,1.5,-31.373065947038,-64.2085938676132,1,Tipo B (Infr 0.14 - NBI 3.0%),Muy Alta,<b>LA FRANCE</b><br>Pob: 3218.0<br>Score: 0.38 (Muy Alta),0.67,1.1861,86,82.8
LA FRATERNIDAD,500.0,200.0,5.0,2.5,1,1,0,0,25,8,51,0,2,0.4,6.217,0.0,2.0,0.0,0.0,24.0,40.0,1,0,0,1,0.5832,0.06,8333.33,3333.33,9.72,2.0,-31.3768577788271,-64.1839607417547,3,Tipo D (Infr 0.40 - NBI 2.8%),Muy Alta,<b>LA FRATERNIDAD</b><br>Pob: 500.0<br>Score: 0.58 (Muy Alta),0.67,11.664,32,93.6
LA HORTENSIA,1423.0,371.0,29.0,7.82,0,0,0,0,1,1,240,0,0,0.261,7.261,0.0,0.0,0.0,0.0,0.7,0.0,0,0,0,1,0.013,0.3,4743.33,1236.67,0.043,1.0,-31.3843979505714,-64.1399484740113,1,Tipo B (Infr 0.14 - NBI 3.0%),Muy Baja,<b>LA HORTENSIA</b><br>Pob: 1423.0<br>Score: 0.01 (Muy Baja),0.33,0.0914,465,6.1
LA SALLE,707.0,210.0,3.0,1.43,2,2,0,1,11,4,4,0,0,0.297,6.562,0.0,2.83,6.656999999999986,0.0,15.56,0.0,1,1,0,1,0.7068,0.15,4713.33,1400.0,4.712,3.0,-31.3454778183915,-64.275515246264,0,Tipo A (Infr 0.57 - NBI 4.5%),Muy Alta,<b>LA SALLE</b><br>Pob: 707.0<br>Score: 0.71 (Muy Alta),1.0,9.9972,15,97.2
LA TOMA,500.0,200.0,18.0,9.0,0,0,0,1,0,0,5,0,2,0.4,6.217,0.0,0.0,6.656999999999986,0.0,0.0,40.0,0,1,0,0,0.2222,0.14,3571.43,1428.57,1.587,1.0,-31.4051127349579,-64.2618449754138,1,Tipo B (Infr 0.14 - NBI 3.0%),Alta,<b>LA TOMA</b><br>Pob: 500.0<br>Score: 0.22 (Alta),0.33,4.444,197,59.9
LAMADRID,2346.0,666.0,32.0,4.8,0,0,0,1,7,1,12,0,1,0.284,7.761,0.0,0.0,4.26,0.0,2.98,4.26,0,1,0,1,0.1974,0.28,8378.57,2378.57,0.705,1.0,-31.4142542254104,-64.2345600721848,1,Tipo B (Infr 0.14 - NBI 3.0%),Media,<b>LAMADRID</b><br>Pob: 2346.0<br>Score: 0.20 (Media),0.67,0.8414,224,54.8
LAS CANITAS,500.0,200.0,0.0,0.0,0,0,0,0,1,2,0,0,0,0.4,6.217,0.0,0.0,0.0,0.0,2.0,0.0,0,0,0,1,0.037,0.1,5000.0,2000.0,0.37,1.0,-31.4650784096084,-64.1891322142882,1,Tipo B (Infr 0.14 - NBI 3.0%),Muy Baja,<b>LAS CANITAS</b><br>Pob: 500.0<br>Score: 0.04 (Muy Baja),0.33,0.74,447,9.2
LAS CANUELAS,500.0,200.0,0.0,0.0,0,0,0,0,0,0,0,0,0,0.4,6.217,0.0,0.0,0.0,0.0,0.0,0.0,0,0,0,0,0.0,0.64,781.25,312.5,0.0,1.0,-31.475993631789,-64.1545963596112,1,Tipo B (Infr 0.14 - NBI 3.0%),Muy Baja,<b>LAS CANUELAS</b><br>Pob: 500.0<br>Score: 0.00 (Muy Baja),0.0,0.0,469,2.7
LAS CORTADERAS,500.0,200.0,18.0,9.0,1,1,0,1,24,3,0,0,0,0.4,6.217,0.0,2.0,6.656999999999986,0.0,24.0,0.0,1,1,0,1,0.8055,0.04,12500.0,5000.0,20.138,2.0,-31.3315892531035,-64.229590962207,3,Tipo D (Infr 0.40 - NBI 2.8%),Muy Alta,<b>LAS CORTADERAS</b><br>Pob: 500.0<br>Score: 0.81 (Muy Alta),1.0,16.11,5,99.2
LAS DALIAS,649.0,200.0,7.0,3.5,0,0,0,0,5,2,46,0,1,0.308,6.477,0.0,0.0,0.0,0.0,7.7,15.41,0,0,0,1,0.1426,0.08,8112.5,2500.0,1.782,1.0,-31.4096984739965,-64.2372977684071,1,Tipo B (Infr 0.14 - NBI 3.0%),Baja,<b>LAS DALIAS</b><br>Pob: 649.0<br>Score: 0.14 (Baja),0.33,2.1972,303,38.9
LAS FLORES,4037.0,1284.0,39.0,3.04,8,5,3,0,21,13,325,0,0,0.318,8.304,0.375,1.98,0.0,0.0,5.2,0.0,1,0,0,1,0.2337,0.71,5685.92,1808.45,0.329,1.5,-31.4500092193326,-64.1971927194197,1,Tipo B (Infr 0.14 - NBI 3.0%),Alta,<b>LAS FLORES</b><br>Pob: 4037.0<br>Score: 0.23 (Alta),0.67,0.5789,185,62.8
LAS HUERTILLAS,1133.0,278.0,27.0,9.71,1,1,0,0,1,1,7,0,2,0.245,7.034,0.0,0.88,0.0,0.0,0.88,17.65,1,0,0,1,0.0774,1.02,1110.78,272.55,0.076,2.0,-31.4711647618496,-64.196333901865,1,Tipo B (Infr 0.14 - NBI 3.0%),Muy Baja,<b>LAS HUERTILLAS</b><br>Pob: 1133.0<br>Score: 0.08 (Muy Baja),0.67,0.6831,401,19.0
LAS LILAS,2237.0,550.0,56.0,10.18,2,2,0,1,6,1,52,0,1,0.246,7.713,0.0,0.89,4.47,0.0,2.68,4.47,1,1,0,1,0.2606,0.61,3667.21,901.64,0.427,3.0,-31.4453296898999,-64.1319168615125,2,Tipo C (Infr 0.16 - NBI 14.4%),Alta,<b>LAS LILAS</b><br>Pob: 2237.0<br>Score: 0.26 (Alta),1.0,1.165,155,68.8
LAS MAGNOLIAS,2459.0,767.0,25.0,3.26,0,0,0,0,34,8,27,0,2,0.312,7.808,0.0,0.0,0.0,0.0,13.83,8.13,0,0,0,1,0.2561,0.34,7232.35,2255.88,0.753,1.0,-31.3678491335932,-64.2102388700929,3,Tipo D (Infr 0.40 - NBI 2.8%),Alta,<b>LAS MAGNOLIAS</b><br>Pob: 2459.0<br>Score: 0.26 (Alta),0.33,1.0415,159,68.0
LAS MARGARITAS,2032.0,644.0,19.0,2.95,2,2,0,1,7,7,205,0,1,0.317,7.617,0.0,0.98,4.92,0.0,3.44,4.92,1,1,0,1,0.2959,0.29,7006.9,2220.69,1.02,3.0,-31.3784736934929,-64.2099396727188,1,Tipo B (Infr 0.14 - NBI 3.0%),Alta,<b>LAS MARGARITAS</b><br>Pob: 2032.0<br>Score: 0.30 (Alta),1.0,1.4562,137,72.5
LAS PALMAS,6142.0,1993.0,57.0,2.86,13,6,7,1,15,4,431,1,1,0.324,8.723,0.538,2.12,1.63,1.5584999999999962,2.44,1.63,1,1,1,1,0.3578,1.05,5849.52,1898.1,0.341,0.88,-31.4039268357349,-64.2392888497874,1,Tipo B (Infr 0.14 - NBI 3.0%),Alta,<b>LAS PALMAS</b><br>Pob: 6142.0<br>Score: 0.36 (Alta),1.0,0.5825,100,80.0
LAS PALMAS ANEXO,864.0,230.0,3.0,1.3,0,0,0,0,8,2,0,0,0,0.266,6.763,0.0,0.0,0.0,0.0,9.26,0.0,0,0,0,1,0.1715,0.12,7200.0,1916.67,1.429,1.0,-31.4128592856954,-64.2397007234111,1,Tipo B (Infr 0.14 - NBI 3.0%),Media,<b>LAS PALMAS ANEXO</b><br>Pob: 864.0<br>Score: 0.17 (Media),0.33,1.985,252,49.2
LAS PLAYAS,2869.0,798.0,49.0,6.14,0,0,0,0,3,1,159,0,0,0.278,7.962,0.0,0.0,0.0,0.0,1.05,0.0,0,0,0,1,0.0194,0.31,9254.84,2574.19,0.063,1.0,-31.439564782513,-64.247489470892,1,Tipo B (Infr 0.14 - NBI 3.0%),Muy Baja,<b>LAS PLAYAS</b><br>Pob: 2869.0<br>Score: 0.02 (Muy Baja),0.33,0.0676,462,6.7
LAS ROSAS,877.0,346.0,1.0,0.29,4,0,4,0,2,1,223,0,0,0.395,6.778,1.0,4.56,0.0,0.0,2.28,0.0,1,0,0,1,0.3587,0.31,2829.03,1116.13,1.157,0.2,-31.391393991088,-64.2281073274152,0,Tipo A (Infr 0.57 - NBI 4.5%),Muy Alta,<b>LAS ROSAS</b><br>Pob: 877.0<br>Score: 0.36 (Muy Alta),0.67,4.0901,98,80.4
LAS VIOLETAS,3243.0,834.0,98.0,11.75,5,5,0,1,7,2,2,0,2,0.257,8.085,0.0,1.54,3.08,0.0,2.16,6.17,1,1,0,1,0.2497,0.28,11582.14,2978.57,0.892,6.0,-31.4093312889146,-64.2503950304475,2,Tipo C (Infr 0.16 - NBI 14.4%),Alta,<b>LAS VIOLETAS</b><br>Pob: 3243.0<br>Score: 0.25 (Alta),1.0,0.77,166,66.6
LICEO GENERAL PAZ,628.0,200.0,14.0,7.0,0,0,0,0,0,0,14,1,1,0.318,6.444,0.0,0.0,0.0,1.5584999999999962,0.0,15.92,0,0,1,0,0.1111,1.34,468.66,149.25,0.083,1.0,-31.3355758005306,-64.1667020824379,1,Tipo B (Infr 0.14 - NBI 3.0%),Baja,<b>LICEO GENERAL PAZ</b><br>Pob: 628.0<br>Score: 0.11 (Baja),0.0,1.7691,347,29.1
LOMAS DE SAN MARTIN,1734.0,560.0,3.0,0.54,0,0,0,0,7,4,308,0,0,0.323,7.459,0.0,0.0,0.0,0.0,4.04,0.0,0,0,0,1,0.0748,0.26,6669.23,2153.85,0.288,1.0,-31.3825174083115,-64.2059476982937,1,Tipo B (Infr 0.14 - NBI 3.0%),Muy Baja,<b>LOMAS DE SAN MARTIN</b><br>Pob: 1734.0<br>Score: 0.07 (Muy Baja),0.33,0.4314,404,18.4
LOS ALAMOS,1964.0,518.0,33.0,6.37,0,0,0,0,6,3,201,0,1,0.264,7.583,0.0,0.0,0.0,0.0,3.05,5.09,0,0,0,1,0.0565,0.2,9820.0,2590.0,0.282,1.0,-31.3678133678231,-64.1569101282328,1,Tipo B (Infr 0.14 - NBI 3.0%),Muy Baja,<b>LOS ALAMOS</b><br>Pob: 1964.0<br>Score: 0.06 (Muy Baja),0.33,0.2877,431,13.0
LOS ANGELES,766.0,282.0,0.0,0.0,3,0,3,0,15,13,4,0,0,0.368,6.642,1.0,3.92,0.0,0.0,19.58,0.0,1,0,0,1,0.6346,0.23,3330.43,1226.09,2.759,0.25,-31.359507855743,-64.2370170092703,0,Tipo A (Infr 0.57 - NBI 4.5%),Muy Alta,<b>LOS ANGELES</b><br>Pob: 766.0<br>Score: 0.63 (Muy Alta),0.67,8.2846,26,94.9
LOS ARBOLES,500.0,200.0,0.0,0.0,0,0,0,0,0,0,0,0,0,0.4,6.217,0.0,0.0,0.0,0.0,0.0,0.0,0,0,0,0,0.0,0.0,0.0,0.0,0.0,1.0,-31.3663128297877,-64.2847366879914,1,Tipo B (Infr 0.14 - NBI 3.0%),Muy Baja,<b>LOS ARBOLES</b><br>Pob: 500.0<br>Score: 0.00 (Muy Baja),0.0,0.0,469,2.7
LOS BOULEVARES,12277.0,3480.0,218.0,6.26,8,8,0,1,56,3,444,1,2,0.283,9.416,0.0,0.65,0.81,0.81,4.56,1.63,1,1,1,1,0.2143,10.27,1195.42,338.85,0.021,9.0,-31.3451594663769,-64.2192643585421,1,Tipo B (Infr 0.14 - NBI 3.0%),Media,<b>LOS BOULEVARES</b><br>Pob: 12277.0<br>Score: 0.21 (Media),1.0,0.1746,208,58.1
LOS CEIBOS,826.0,249.0,7.0,2.81,0,0,0,0,8,5,23,0,1,0.301,6.718,0.0,0.0,0.0,0.0,9.69,12.11,0,0,0,1,0.1794,0.12,6883.33,2075.0,1.495,1.0,-31.429311789068,-64.1480959893981,1,Tipo B (Infr 0.14 - NBI 3.0%),Media,<b>LOS CEIBOS</b><br>Pob: 826.0<br>Score: 0.18 (Media),0.33,2.1719,242,51.2
LOS CHINGOLOS,1944.0,473.0,42.0,8.88,4,4,0,0,5,1,49,0,1,0.243,7.573,0.0,2.06,0.0,0.0,2.57,5.14,1,0,0,1,0.1905,0.23,8452.17,2056.52,0.828,5.0,-31.340792625602,-64.169066378749,2,Tipo C (Infr 0.16 - NBI 14.4%),Media,<b>LOS CHINGOLOS</b><br>Pob: 1944.0<br>Score: 0.19 (Media),0.67,0.9799,231,53.4
LOS CIELOS,500.0,200.0,0.0,0.0,0,0,0,0,0,0,0,0,0,0.4,6.217,0.0,0.0,0.0,0.0,0.0,0.0,0,0,0,0,0.0,0.0,0.0,0.0,0.0,1.0,-31.3714859295371,-64.28265773622033,1,Tipo B (Infr 0.14 - NBI 3.0%),Muy Baja,<b>LOS CIELOS</b><br>Pob: 500.0<br>Score: 0.00 (Muy Baja),0.0,0.0,469,2.7
LOS EUCALIPTUS,1741.0,480.0,15.0,3.12,2,1,1,0,4,3,31,0,1,0.276,7.463,0.5,1.15,0.0,0.0,2.3,5.74,1,0,0,1,0.1224,0.2,8705.0,2400.0,0.612,1.0,-31.4678374607454,-64.0885166553114,1,Tipo B (Infr 0.14 - NBI 3.0%),Baja,<b>LOS EUCALIPTUS</b><br>Pob: 1741.0<br>Score: 0.12 (Baja),0.67,0.703,325,34.1
LOS FILTROS,852.0,200.0,32.0,16.0,2,2,0,0,7,2,12,0,0,0.235,6.749,0.0,2.35,0.0,0.0,8.22,0.0,1,0,0,1,0.3153,0.2,4260.0,1000.0,1.576,3.0,-31.4133081279979,-64.2484968686162,2,Tipo C (Infr 0.16 - NBI 14.4%),Alta,<b>LOS FILTROS</b><br>Pob: 852.0<br>Score: 0.32 (Alta),0.67,3.7007,121,75.7
LOS FRESNOS,1067.0,246.0,38.0,15.45,1,1,0,0,0,0,0,0,2,0.231,6.974,0.0,0.94,0.0,0.0,0.0,18.74,1,0,0,0,0.0652,0.14,7621.43,1757.14,0.466,2.0,-31.4709007424932,-64.0815785370936,2,Tipo C (Infr 0.16 - NBI 14.4%),Muy Baja,<b>LOS FRESNOS</b><br>Pob: 1067.0<br>Score: 0.07 (Muy Baja),0.33,0.6111,425,14.2
LOS GIGANTES,4442.0,1249.0,49.0,3.92,3,3,0,0,11,2,41,0,1,0.281,8.399,0.0,0.68,0.0,0.0,2.48,2.25,1,0,0,1,0.0931,0.72,6169.44,1734.72,0.129,4.0,-31.3626362226789,-64.1695064760401,1,Tipo B (Infr 0.14 - NBI 3.0%),Baja,<b>LOS GIGANTES</b><br>Pob: 4442.0<br>Score: 0.09 (Baja),0.67,0.2096,381,23.1
LOS GRANADOS,3435.0,917.0,41.0,4.47,4,3,1,0,6,2,10,0,1,0.267,8.142,0.25,1.16,0.0,0.0,1.75,2.91,1,0,0,1,0.1129,0.45,7633.33,2037.78,0.251,2.0,-31.4233609670665,-64.2369958390385,1,Tipo B (Infr 0.14 - NBI 3.0%),Baja,<b>LOS GRANADOS</b><br>Pob: 3435.0<br>Score: 0.11 (Baja),0.67,0.3287,340,31.3
LOS HORNILLOS,726.0,200.0,20.0,10.0,0,0,0,0,19,5,1,0,1,0.275,6.589,0.0,0.0,0.0,0.0,24.0,13.77,0,0,0,1,0.4444,0.05,14520.0,4000.0,8.888,1.0,-31.3409132203449,-64.1720953360985,3,Tipo D (Infr 0.40 - NBI 2.8%),Muy Alta,<b>LOS HORNILLOS</b><br>Pob: 726.0<br>Score: 0.44 (Muy Alta),0.33,6.1212,59,87.4
LOS JACARANDAES,1305.0,319.0,70.0,21.94,0,0,0,0,0,0,6,0,1,0.244,7.175,0.0,0.0,0.0,0.0,0.0,7.66,0,0,0,0,0.0,0.15,8700.0,2126.67,0.0,1.0,-31.4171979227171,-64.2364547163467,2,Tipo C (Infr 0.16 - NBI 14.4%),Muy Baja,<b>LOS JACARANDAES</b><br>Pob: 1305.0<br>Score: 0.00 (Muy Baja),0.0,0.0,469,2.7
LOS JOSEFINOS,500.0,200.0,9.0,4.5,0,0,0,1,0,0,0,0,1,0.4,6.217,0.0,0.0,6.656999999999986,0.0,0.0,20.0,0,1,0,0,0.2222,0.05,10000.0,4000.0,4.444,1.0,-31.4142006207762,-64.1238803796894,1,Tipo B (Infr 0.14 - NBI 3.0%),Alta,<b>LOS JOSEFINOS</b><br>Pob: 500.0<br>Score: 0.22 (Alta),0.33,4.444,197,59.9
LOS NARANJOS,1615.0,561.0,7.0,1.25,6,3,3,0,9,7,430,1,1,0.347,7.388,0.5,3.72,0.0,1.5584999999999962,5.57,6.19,1,0,1,1,0.4724,0.25,6460.0,2244.0,1.89,1.0,-31.4296647566055,-64.226563138602,0,Tipo A (Infr 0.57 - NBI 4.5%),Muy Alta,<b>LOS NARANJOS</b><br>Pob: 1615.0<br>Score: 0.47 (Muy Alta),0.67,2.9251,54,89.3
LOS OLMOS,1859.0,541.0,21.0,3.88,2,0,2,0,13,8,56,0,1,0.291,7.528,1.0,1.08,0.0,0.0,6.99,5.38,1,0,0,1,0.2044,0.36,5163.89,1502.78,0.568,0.33,-31.4597965821554,-64.2172530936535,1,Tipo B (Infr 0.14 - NBI 3.0%),Media,<b>LOS OLMOS</b><br>Pob: 1859.0<br>Score: 0.20 (Media),0.67,1.0995,215,56.7
LOS OLMOS SUD,2486.0,636.0,48.0,7.55,1,1,0,1,19,4,19,0,2,0.256,7.819,0.0,0.4,4.02,0.0,7.64,8.05,1,1,0,1,0.3034,0.42,5919.05,1514.29,0.722,2.0,-31.465400290473603,-64.21545121967615,1,Tipo B (Infr 0.14 - NBI 3.0%),Alta,<b>LOS OLMOS SUD</b><br>Pob: 2486.0<br>Score: 0.30 (Alta),1.0,1.2204,128,74.3
LOS PARAISOS,5079.0,1638.0,40.0,2.44,3,0,3,0,28,6,364,0,1,0.323,8.533,1.0,0.59,0.0,0.0,5.51,1.97,1,0,0,1,0.143,0.48,10581.25,3412.5,0.298,0.25,-31.3830882690084,-64.1946480503973,1,Tipo B (Infr 0.14 - NBI 3.0%),Baja,<b>LOS PARAISOS</b><br>Pob: 5079.0<br>Score: 0.14 (Baja),0.67,0.2816,302,39.1
LOS PINOS,1901.0,532.0,21.0,3.95,2,2,0,1,7,4,160,0,1,0.28,7.551,0.0,1.05,5.26,0.0,3.68,5.26,1,1,0,1,0.3166,0.16,11881.25,3325.0,1.979,3.0,-31.3936669516838,-64.1410319653281,1,Tipo B (Infr 0.14 - NBI 3.0%),Alta,<b>LOS PINOS</b><br>Pob: 1901.0<br>Score: 0.32 (Alta),1.0,1.6654,117,76.5
LOS PLATANOS,7003.0,2166.0,58.0,2.68,8,7,1,0,11,5,120,0,0,0.309,8.854,0.125,1.14,0.0,0.0,1.57,0.0,1,0,0,1,0.1082,0.92,7611.96,2354.35,0.118,4.0,-31.4222080751586,-64.2307130188136,1,Tipo B (Infr 0.14 - NBI 3.0%),Baja,<b>LOS PLATANOS</b><br>Pob: 7003.0<br>Score: 0.11 (Baja),0.67,0.1545,360,27.3
LOS ROBLES,3479.0,958.0,144.0,15.03,4,4,0,0,8,2,203,0,1,0.275,8.155,0.0,1.15,0.0,0.0,2.3,2.87,1,0,0,1,0.1224,0.57,6103.51,1680.7,0.215,5.0,-31.4010362677022,-64.2649086322231,2,Tipo C (Infr 0.16 - NBI 14.4%),Baja,<b>LOS ROBLES</b><br>Pob: 3479.0<br>Score: 0.12 (Baja),0.67,0.3518,325,34.1
LOS SAUCES,1635.0,469.0,22.0,4.69,2,2,0,1,9,2,16,0,1,0.287,7.4,0.0,1.22,6.12,0.0,5.5,6.12,1,1,0,1,0.3908,0.21,7785.71,2233.33,1.861,3.0,-31.4611868550392,-64.0988703018824,1,Tipo B (Infr 0.14 - NBI 3.0%),Muy Alta,<b>LOS SAUCES</b><br>Pob: 1635.0<br>Score: 0.39 (Muy Alta),1.0,2.3902,83,83.4
LOS SOLES,500.0,200.0,0.0,0.0,0,0,0,0,5,1,0,0,0,0.4,6.217,0.0,0.0,0.0,0.0,10.0,0.0,0,0,0,1,0.1852,0.0,0.0,0.0,0.0,1.0,-31.37321427576532,-64.27863327990656,1,Tipo B (Infr 0.14 - NBI 3.0%),Media,<b>LOS SOLES</b><br>Pob: 500.0<br>Score: 0.19 (Media),0.33,3.704,237,52.0
LOS SUENOS,500.0,200.0,0.0,0.0,0,0,0,0,1,1,0,0,0,0.4,6.217,0.0,0.0,0.0,0.0,2.0,0.0,0,0,0,1,0.037,0.0,0.0,0.0,0.0,1.0,-31.3604453595515,-64.2832690939214,1,Tipo B (Infr 0.14 - NBI 3.0%),Muy Baja,<b>LOS SUENOS</b><br>Pob: 500.0<br>Score: 0.04 (Muy Baja),0.33,0.74,447,9.2
LOURDES,1413.0,318.0,50.0,15.72,1,1,0,0,26,6,7,0,1,0.225,7.254,0.0,0.71,0.0,0.0,18.4,7.08,1,0,0,1,0.39,0.13,10869.23,2446.15,3.0,2.0,-31.3316515562663,-64.2559838632293,3,Tipo D (Infr 0.40 - NBI 2.8%),Muy Alta,<b>LOURDES</b><br>Pob: 1413.0<br>Score: 0.39 (Muy Alta),0.67,2.7601,85,83.0
MAIPU SECCION 1,2022.0,679.0,7.0,1.03,0,0,0,0,17,12,0,0,1,0.336,7.612,0.0,0.0,0.0,0.0,8.41,4.95,0,0,0,1,0.1557,0.27,7488.89,2514.81,0.577,1.0,-31.4361764058547,-64.1595471854071,1,Tipo B (Infr 0.14 - NBI 3.0%),Media,<b>MAIPU SECCION 1</b><br>Pob: 2022.0<br>Score: 0.16 (Media),0.33,0.77,278,43.9
MAIPU SECCION 2,2283.0,764.0,8.0,1.05,0,0,0,0,13,11,0,0,1,0.335,7.734,0.0,0.0,0.0,0.0,5.69,4.38,0,0,0,1,0.1054,0.36,6341.67,2122.22,0.293,1.0,-31.4296995173019,-64.159805647332,1,Tipo B (Infr 0.14 - NBI 3.0%),Baja,<b>MAIPU SECCION 2</b><br>Pob: 2283.0<br>Score: 0.11 (Baja),0.33,0.4617,367,25.9
MALDONADO,8018.0,1873.0,359.0,19.17,7,7,0,0,10,2,13,0,0,0.234,8.99,0.0,0.87,0.0,0.0,1.25,0.0,1,0,0,1,0.0835,1.88,4264.89,996.28,0.044,8.0,-31.412245483126,-64.127450781327,2,Tipo C (Infr 0.16 - NBI 14.4%),Baja,<b>MALDONADO</b><br>Pob: 8018.0<br>Score: 0.08 (Baja),0.67,0.1041,393,20.5
MANANTIALES I-MANANTIALES II,500.0,200.0,0.0,0.0,0,0,0,0,1,1,0,0,0,0.4,6.217,0.0,0.0,0.0,0.0,2.0,0.0,0,0,0,1,0.037,,0.0,0.0,0.0,1.0,-31.4501755442947,-64.2275132126212,1,Tipo B (Infr 0.14 - NBI 3.0%),Muy Baja,<b>MANANTIALES I-MANANTIALES II</b><br>Pob: 500.0<br>Score: 0.04 (Muy Baja),0.33,0.74,447,9.2
MARCELO T DE ALVEAR,2748.0,751.0,48.0,6.39,0,0,0,0,8,2,263,0,1,0.273,7.919,0.0,0.0,0.0,0.0,2.91,3.64,0,0,0,1,0.0539,0.28,9814.29,2682.14,0.192,1.0,-31.3680411492782,-64.1718542573729,1,Tipo B (Infr 0.14 - NBI 3.0%),Muy Baja,<b>MARCELO T DE ALVEAR</b><br>Pob: 2748.0<br>Score: 0.05 (Muy Baja),0.33,0.1961,433,12.4
MARCOS SASTRE,1104.0,281.0,18.0,6.41,1,1,0,0,11,3,33,0,1,0.255,7.008,0.0,0.91,0.0,0.0,9.96,9.06,1,0,0,1,0.2476,0.17,6494.12,1652.94,1.456,2.0,-31.4451190053854,-64.149863964445,1,Tipo B (Infr 0.14 - NBI 3.0%),Alta,<b>MARCOS SASTRE</b><br>Pob: 1104.0<br>Score: 0.25 (Alta),0.67,2.2428,169,66.0
MARECHAL,3557.0,1077.0,61.0,5.66,1,1,0,0,19,4,20,0,1,0.303,8.177,0.0,0.28,0.0,0.0,5.34,2.81,1,0,0,1,0.1183,0.41,8675.61,2626.83,0.289,2.0,-31.3955292239017,-64.2142652519137,1,Tipo B (Infr 0.14 - NBI 3.0%),Baja,<b>MARECHAL</b><br>Pob: 3557.0<br>Score: 0.12 (Baja),0.67,0.3326,331,33.1
MARIA LASTENIA,500.0,200.0,11.0,5.5,4,4,0,0,20,5,16,0,1,0.4,6.217,0.0,4.8035,0.0,0.0,24.0,20.0,1,0,0,1,0.7778,2.29,218.34,87.34,0.34,5.0,-31.3266603545532,-64.1819207021647,0,Tipo A (Infr 0.57 - NBI 4.5%),Muy Alta,<b>MARIA LASTENIA</b><br>Pob: 500.0<br>Score: 0.78 (Muy Alta),0.67,15.556,6,98.5
MARIANO BALCARCE,1994.0,656.0,10.0,1.52,1,0,1,0,6,7,40,0,1,0.329,7.598,1.0,0.5,0.0,0.0,3.01,5.02,1,0,0,1,0.0904,0.22,9063.64,2981.82,0.411,0.5,-31.4336980595615,-64.2215931493569,1,Tipo B (Infr 0.14 - NBI 3.0%),Baja,<b>MARIANO BALCARCE</b><br>Pob: 1994.0<br>Score: 0.09 (Baja),0.67,0.4534,385,22.3
MARIANO FRAGUEIRO,3630.0,963.0,89.0,9.24,3,3,0,0,31,8,25,0,1,0.265,8.197,0.0,0.83,0.0,0.0,8.54,2.75,1,0,0,1,0.2157,0.29,12517.24,3320.69,0.744,4.0,-31.3660728145572,-64.1856708289333,2,Tipo C (Infr 0.16 - NBI 14.4%),Media,<b>MARIANO FRAGUEIRO</b><br>Pob: 3630.0<br>Score: 0.22 (Media),0.67,0.5942,205,58.7
MARQUES ANEXO,10478.0,2704.0,230.0,8.51,1,1,0,0,0,0,0,0,0,0.258,9.257,0.0,0.1,0.0,0.0,0.0,0.0,1,0,0,0,0.0069,0.61,17177.05,4432.79,0.011,2.0,-31.37143579108965,-64.19161266923146,2,Tipo C (Infr 0.16 - NBI 14.4%),Muy Baja,<b>MARQUES ANEXO</b><br>Pob: 10478.0<br>Score: 0.01 (Muy Baja),0.33,0.0066,468,5.5
MARQUES DE SOBREMONTE,24608.0,7540.0,340.0,4.51,12,8,4,1,35,4,1415,1,2,0.306,10.111,0.333,0.49,0.41,0.41,1.42,0.81,1,1,1,1,0.1032,2.7,9114.07,2792.59,0.038,1.8,-31.36862893655555,-64.19402795529055,4,Tipo E (Infr 0.11 - NBI 5.5%),Baja,<b>MARQUES DE SOBREMONTE</b><br>Pob: 24608.0<br>Score: 0.10 (Baja),1.0,0.0419,371,25.1
MAULLER,5734.0,1593.0,125.0,7.85,7,7,0,0,15,1,0,1,3,0.278,8.654,0.0,1.22,0.0,1.5584999999999962,2.62,5.23,1,0,1,1,0.2443,0.84,6826.19,1896.43,0.291,8.0,-31.4147746684517,-64.1388534120657,1,Tipo B (Infr 0.14 - NBI 3.0%),Alta,<b>MAULLER</b><br>Pob: 5734.0<br>Score: 0.24 (Alta),0.67,0.4261,173,65.2
MAURIZI,756.0,255.0,11.0,4.31,1,1,0,0,3,3,1,0,0,0.337,6.629,0.0,1.32,0.0,0.0,3.97,0.0,1,0,0,1,0.1651,0.11,6872.73,2318.18,1.501,2.0,-31.4274174705639,-64.2081597810474,1,Tipo B (Infr 0.14 - NBI 3.0%),Media,<b>MAURIZI</b><br>Pob: 756.0<br>Score: 0.17 (Media),0.67,2.1839,261,47.2
MERCANTIL,723.0,214.0,3.0,1.4,5,4,1,0,8,2,87,0,0,0.296,6.585,0.2,4.8035,0.0,0.0,11.07,0.0,1,0,0,1,0.5383,0.09,8033.33,2377.78,5.981,2.5,-31.3183526871751,-64.2587038912171,0,Tipo A (Infr 0.57 - NBI 4.5%),Muy Alta,<b>MERCANTIL</b><br>Pob: 723.0<br>Score: 0.54 (Muy Alta),0.67,7.4454,41,91.9
MILITAR GENERAL DEHEZA,825.0,200.0,2.0,1.0,2,2,0,0,3,2,0,0,0,0.242,6.717,0.0,2.42,0.0,0.0,3.64,0.0,1,0,0,1,0.2353,0.37,2229.73,540.54,0.636,3.0,-31.3961038343019,-64.2718381204991,1,Tipo B (Infr 0.14 - NBI 3.0%),Alta,<b>MILITAR GENERAL DEHEZA</b><br>Pob: 825.0<br>Score: 0.24 (Alta),0.67,2.8521,184,63.0
MIRADOR,3164.0,956.0,107.0,11.19,0,0,0,0,13,4,14,0,1,0.302,8.06,0.0,0.0,0.0,0.0,4.11,3.16,0,0,0,1,0.0761,0.31,10206.45,3083.87,0.245,1.0,-31.4289133054055,-64.1385804949468,2,Tipo C (Infr 0.16 - NBI 14.4%),Muy Baja,<b>MIRADOR</b><br>Pob: 3164.0<br>Score: 0.08 (Muy Baja),0.33,0.2405,403,18.6
MIRADOR DEL CHATEAU,754.0,288.0,0.0,0.0,0,0,0,0,10,4,71,0,1,0.382,6.627,0.0,0.0,0.0,0.0,13.26,13.26,0,0,0,1,0.2456,0.5,1508.0,576.0,0.491,1.0,-31.38511415213455,-64.26248967015471,3,Tipo D (Infr 0.40 - NBI 2.8%),Alta,<b>MIRADOR DEL CHATEAU</b><br>Pob: 754.0<br>Score: 0.25 (Alta),0.33,3.2573,171,65.6
MIRALTA,3528.0,889.0,145.0,16.31,0,0,0,1,10,2,5,0,2,0.252,8.169,0.0,0.0,2.83,0.0,2.83,5.67,0,1,0,1,0.1469,0.34,10376.47,2614.71,0.432,1.0,-31.4244364501647,-64.1122227442397,2,Tipo C (Infr 0.16 - NBI 14.4%),Baja,<b>MIRALTA</b><br>Pob: 3528.0<br>Score: 0.15 (Baja),0.67,0.4164,298,39.9
MIRIZZI,693.0,200.0,17.0,8.5,3,3,0,0,19,5,12,0,2,0.289,6.542,0.0,4.33,0.0,0.0,24.0,28.86,1,0,0,1,0.7449,0.24,2887.5,833.33,3.104,4.0,-31.4736776999547,-64.2058443325684,0,Tipo A (Infr 0.57 - NBI 4.5%),Muy Alta,<b>MIRIZZI</b><br>Pob: 693.0<br>Score: 0.74 (Muy Alta),0.67,10.7489,12,97.8
MUTUAL DE LOS DOCENTES,729.0,205.0,1.0,0.49,0,0,0,0,3,1,54,0,0,0.281,6.593,0.0,0.0,0.0,0.0,4.12,0.0,0,0,0,1,0.0763,0.2,3645.0,1025.0,0.382,1.0,-31.4569004597575,-64.2241300612357,1,Tipo B (Infr 0.14 - NBI 3.0%),Muy Baja,<b>MUTUAL DE LOS DOCENTES</b><br>Pob: 729.0<br>Score: 0.08 (Muy Baja),0.33,1.0466,402,18.8
NICOLAS AVELLANEDA,1782.0,492.0,16.0,3.25,6,6,0,1,14,5,10,0,2,0.276,7.486,0.0,3.37,5.61,0.0,7.86,11.22,1,1,0,1,0.5667,0.17,10482.35,2894.12,3.334,7.0,-31.4623154748996,-64.1037099479582,0,Tipo A (Infr 0.57 - NBI 4.5%),Muy Alta,<b>NICOLAS AVELLANEDA</b><br>Pob: 1782.0<br>Score: 0.57 (Muy Alta),1.0,3.1801,35,93.1
NUESTRO HOGAR I,595.0,200.0,18.0,9.0,0,0,0,1,17,4,0,0,1,0.336,6.39,0.0,0.0,6.656999999999986,0.0,24.0,16.81,0,1,0,1,0.6667,0.07,8500.0,2857.14,9.524,1.0,-31.4713698368511,-64.1489809392811,3,Tipo D (Infr 0.40 - NBI 2.8%),Muy Alta,<b>NUESTRO HOGAR I</b><br>Pob: 595.0<br>Score: 0.67 (Muy Alta),0.67,11.205,20,95.9
NUESTRO HOGAR II,861.0,209.0,33.0,15.79,4,4,0,0,9,2,0,0,1,0.243,6.759,0.0,4.65,0.0,0.0,10.45,11.61,1,0,0,1,0.5162,0.13,6623.08,1607.69,3.971,5.0,-31.387682870044,-64.0982253407013,0,Tipo A (Infr 0.57 - NBI 4.5%),Muy Alta,<b>NUESTRO HOGAR II</b><br>Pob: 861.0<br>Score: 0.52 (Muy Alta),0.67,5.9954,46,90.9
NUESTRO HOGAR III,11140.0,2788.0,610.0,21.88,1,1,0,1,18,1,3,0,2,0.25,9.318,0.0,0.09,0.9,0.0,1.62,1.8,1,1,0,1,0.0663,0.63,17682.54,4425.4,0.105,2.0,-31.50091471404605,-64.19982237373814,2,Tipo C (Infr 0.16 - NBI 14.4%),Muy Baja,<b>NUESTRO HOGAR III</b><br>Pob: 11140.0<br>Score: 0.07 (Muy Baja),1.0,0.0595,424,14.4
NUEVA CORDOBA,37055.0,20000.0,245.0,1.23,21,8,13,0,44,34,344,1,1,0.54,10.52,0.619,0.57,0.0,0.27,1.19,0.27,1,0,1,1,0.0808,1.24,29883.06,16129.03,0.065,0.64,-31.426755004302,-64.186098312365,4,Tipo E (Infr 0.11 - NBI 5.5%),Muy Baja,<b>NUEVA CORDOBA</b><br>Pob: 37055.0<br>Score: 0.08 (Muy Baja),0.67,0.0218,398,19.6
NUEVA CORDOBA ANEXA,1582.0,500.0,6.0,1.2,0,0,0,1,8,4,0,0,1,0.316,7.367,0.0,0.0,6.32,0.0,5.06,6.32,0,1,0,1,0.3047,0.19,8326.32,2631.58,1.604,1.0,-31.4363481826837,-64.164017889066,1,Tipo B (Infr 0.14 - NBI 3.0%),Alta,<b>NUEVA CORDOBA ANEXA</b><br>Pob: 1582.0<br>Score: 0.30 (Alta),0.67,1.926,125,74.9
NUEVA ITALIA,3347.0,988.0,54.0,5.47,4,1,3,0,5,1,308,0,0,0.295,8.116,0.75,1.2,0.0,0.0,1.49,0.0,1,0,0,1,0.1109,0.44,7606.82,2245.45,0.252,0.5,-31.3859550300777,-64.1452722218278,1,Tipo B (Infr 0.14 - NBI 3.0%),Baja,<b>NUEVA ITALIA</b><br>Pob: 3347.0<br>Score: 0.11 (Baja),0.67,0.3313,356,28.1
NUEVO URCA,500.0,200.0,0.0,0.0,0,0,0,0,4,1,120,0,1,0.4,6.217,0.0,0.0,0.0,0.0,8.0,20.0,0,0,0,1,0.1481,0.23,2173.91,869.57,0.644,1.0,-31.3828475471979,-64.2674905686599,1,Tipo B (Infr 0.14 - NBI 3.0%),Media,<b>NUEVO URCA</b><br>Pob: 500.0<br>Score: 0.15 (Media),0.33,2.962,288,41.2
OBRERO,2481.0,919.0,13.0,1.41,0,0,0,1,21,13,244,0,1,0.37,7.817,0.0,0.0,4.03,0.0,8.46,4.03,0,1,0,1,0.2912,0.29,8555.17,3168.97,1.004,1.0,-31.4134335064709,-64.2122200883557,1,Tipo B (Infr 0.14 - NBI 3.0%),Alta,<b>OBRERO</b><br>Pob: 2481.0<br>Score: 0.29 (Alta),0.67,1.1737,142,71.5
OBSERVATORIO,6616.0,2360.0,128.0,5.42,7,3,4,0,10,5,100,0,1,0.357,8.797,0.571,1.06,0.0,0.0,1.51,1.51,1,0,0,1,0.1015,0.81,8167.9,2913.58,0.125,0.8,-31.4231361956293,-64.2028823470864,1,Tipo B (Infr 0.14 - NBI 3.0%),Baja,<b>OBSERVATORIO</b><br>Pob: 6616.0<br>Score: 0.10 (Baja),0.67,0.1534,375,24.3
OMBU,1681.0,567.0,5.0,0.88,0,0,0,0,12,11,234,0,1,0.337,7.428,0.0,0.0,0.0,0.0,7.14,5.95,0,0,0,1,0.1322,0.29,5796.55,1955.17,0.456,1.0,-31.3893202773862,-64.21753693663,1,Tipo B (Infr 0.14 - NBI 3.0%),Baja,<b>OMBU</b><br>Pob: 1681.0<br>Score: 0.13 (Baja),0.33,0.7864,315,36.4
ONA,1333.0,405.0,9.0,2.22,7,4,3,0,7,3,0,0,2,0.304,7.196,0.429,4.8035,0.0,0.0,5.25,15.0,1,0,0,1,0.4306,0.22,6059.09,1840.91,1.957,1.25,-31.4492916492839,-64.1653991848349,0,Tipo A (Infr 0.57 - NBI 4.5%),Muy Alta,<b>ONA</b><br>Pob: 1333.0<br>Score: 0.43 (Muy Alta),0.67,3.2303,72,85.6
OSN,1993.0,575.0,8.0,1.39,0,0,0,0,11,4,35,0,1,0.289,7.598,0.0,0.0,0.0,0.0,5.52,5.02,0,0,0,1,0.1022,0.14,14235.71,4107.14,0.73,1.0,-31.4599043773051,-64.15824125761,1,Tipo B (Infr 0.14 - NBI 3.0%),Baja,<b>OSN</b><br>Pob: 1993.0<br>Score: 0.10 (Baja),0.33,0.5128,373,24.7
PADRE CLARET,871.0,256.0,0.0,0.0,6,0,6,0,10,13,48,0,1,0.294,6.771,1.0,4.8035,0.0,0.0,11.48,11.48,1,0,0,1,0.5459,0.32,2721.88,800.0,1.706,0.14,-31.3544915100643,-64.237238422406,0,Tipo A (Infr 0.57 - NBI 4.5%),Muy Alta,<b>PADRE CLARET</b><br>Pob: 871.0<br>Score: 0.55 (Muy Alta),0.67,6.2675,38,92.5
PALERMO BAJO,1909.0,666.0,3.0,0.45,0,0,0,0,21,5,0,0,0,0.349,7.555,0.0,0.0,0.0,0.0,11.0,0.0,0,0,0,1,0.2037,0.37,5159.46,1800.0,0.551,1.0,-31.3869413360447,-64.2246185527337,1,Tipo B (Infr 0.14 - NBI 3.0%),Media,<b>PALERMO BAJO</b><br>Pob: 1909.0<br>Score: 0.20 (Media),0.33,1.0671,216,56.5
PALMAR,1025.0,283.0,10.0,3.53,2,2,0,0,3,1,55,0,1,0.276,6.933,0.0,1.95,0.0,0.0,2.93,9.76,1,0,0,1,0.1896,0.24,4270.83,1179.17,0.79,3.0,-31.3899757721453,-64.1246701968207,1,Tipo B (Infr 0.14 - NBI 3.0%),Media,<b>PALMAR</b><br>Pob: 1025.0<br>Score: 0.19 (Media),0.67,1.8498,233,53.0
PALMAS DEL CLARET,623.0,211.0,0.0,0.0,0,0,0,0,1,1,0,0,0,0.339,6.436,0.0,0.0,0.0,0.0,1.61,0.0,0,0,0,1,0.0298,0.05,12460.0,4220.0,0.596,1.0,-31.3514066893432,-64.2308945622633,1,Tipo B (Infr 0.14 - NBI 3.0%),Muy Baja,<b>PALMAS DEL CLARET</b><br>Pob: 623.0<br>Score: 0.03 (Muy Baja),0.33,0.4783,454,8.3
PANAMERICANO,3346.0,1072.0,26.0,2.43,4,4,0,0,13,5,101,0,1,0.32,8.116,0.0,1.2,0.0,0.0,3.89,2.99,1,0,0,1,0.1553,0.57,5870.18,1880.7,0.272,5.0,-31.3728037015138,-64.1799531562142,1,Tipo B (Infr 0.14 - NBI 3.0%),Media,<b>PANAMERICANO</b><br>Pob: 3346.0<br>Score: 0.16 (Media),0.67,0.4641,279,43.7
PARQUE ALAMEDA,656.0,200.0,3.0,1.5,0,0,0,0,0,0,24,0,1,0.305,6.488,0.0,0.0,0.0,0.0,0.0,15.24,0,0,0,0,0.0,0.23,2852.17,869.57,0.0,1.0,-31.4667304669222,-64.1842467716332,1,Tipo B (Infr 0.14 - NBI 3.0%),Muy Baja,<b>PARQUE ALAMEDA</b><br>Pob: 656.0<br>Score: 0.00 (Muy Baja),0.0,0.0,469,2.7
PARQUE ATLANTICA,2249.0,734.0,17.0,2.32,1,1,0,0,10,5,49,0,0,0.326,7.719,0.0,0.44,0.0,0.0,4.45,0.0,1,0,0,1,0.1129,0.33,6815.15,2224.24,0.342,2.0,-31.4538400218945,-64.2100439245679,1,Tipo B (Infr 0.14 - NBI 3.0%),Baja,<b>PARQUE ATLANTICA</b><br>Pob: 2249.0<br>Score: 0.11 (Baja),0.67,0.502,340,31.3
PARQUE CAPITAL,3972.0,1272.0,6.0,0.47,3,2,1,0,12,3,563,0,1,0.32,8.287,0.333,0.76,0.0,0.0,3.02,2.52,1,0,0,1,0.1087,0.72,5516.67,1766.67,0.151,1.5,-31.4351614511823,-64.2159341822764,1,Tipo B (Infr 0.14 - NBI 3.0%),Baja,<b>PARQUE CAPITAL</b><br>Pob: 3972.0<br>Score: 0.11 (Baja),0.67,0.2737,358,27.6
PARQUE CAPITAL SUD,1443.0,442.0,2.0,0.45,0,0,0,0,13,3,34,0,1,0.306,7.275,0.0,0.0,0.0,0.0,9.01,6.93,0,0,0,1,0.1669,0.28,5153.57,1578.57,0.596,1.0,-31.4426782072545,-64.2171490791533,1,Tipo B (Infr 0.14 - NBI 3.0%),Media,<b>PARQUE CAPITAL SUD</b><br>Pob: 1443.0<br>Score: 0.17 (Media),0.33,1.1566,259,47.8
PARQUE CHACABUCO,1164.0,388.0,1.0,0.26,0,0,0,0,4,2,165,0,1,0.333,7.06,0.0,0.0,0.0,0.0,3.44,8.59,0,0,0,1,0.0637,0.28,4157.14,1385.71,0.228,1.0,-31.382522710674,-64.2116422926307,1,Tipo B (Infr 0.14 - NBI 3.0%),Muy Baja,<b>PARQUE CHACABUCO</b><br>Pob: 1164.0<br>Score: 0.06 (Muy Baja),0.33,0.5473,427,13.7
PARQUE CHATEAU CARRERAS,500.0,200.0,2.0,1.0,0,0,0,0,0,0,80,0,0,0.4,6.217,0.0,0.0,0.0,0.0,0.0,0.0,0,0,0,0,0.0,2.66,187.97,75.19,0.0,1.0,-31.3626197967517,-64.2647444147625,1,Tipo B (Infr 0.14 - NBI 3.0%),Muy Baja,<b>PARQUE CHATEAU CARRERAS</b><br>Pob: 500.0<br>Score: 0.00 (Muy Baja),0.0,0.0,469,2.7
PARQUE COREMA,584.0,220.0,1.0,0.45,1,1,0,0,0,0,1,0,0,0.377,6.372,0.0,1.71,0.0,0.0,0.0,0.0,1,0,0,0,0.1187,0.14,4171.43,1571.43,0.848,2.0,-31.367945597451,-64.228319679797,1,Tipo B (Infr 0.14 - NBI 3.0%),Baja,<b>PARQUE COREMA</b><br>Pob: 584.0<br>Score: 0.12 (Baja),0.33,2.0325,330,33.4
PARQUE DE LA VEGA II,596.0,200.0,22.0,11.0,0,0,0,0,20,3,0,0,1,0.336,6.392,0.0,0.0,0.0,0.0,24.0,16.78,0,0,0,1,0.4444,0.25,2384.0,800.0,1.778,1.0,-31.4086410569058,-64.2612520517313,3,Tipo D (Infr 0.40 - NBI 2.8%),Muy Alta,<b>PARQUE DE LA VEGA II</b><br>Pob: 596.0<br>Score: 0.44 (Muy Alta),0.33,7.4564,59,87.4
PARQUE DE LA VEGA III,596.0,200.0,1.0,0.5,0,0,0,0,7,2,0,0,0,0.336,6.392,0.0,0.0,0.0,0.0,11.74,0.0,0,0,0,1,0.2174,0.22,2709.09,909.09,0.988,1.0,-31.4035479069876,-64.2671597598804,1,Tipo B (Infr 0.14 - NBI 3.0%),Media,<b>PARQUE DE LA VEGA III</b><br>Pob: 596.0<br>Score: 0.22 (Media),0.33,3.6477,202,59.3
PARQUE DE LA VIDA,500.0,200.0,0.0,0.0,0,0,0,0,1,1,0,0,0,0.4,6.217,0.0,0.0,0.0,0.0,2.0,0.0,0,0,0,1,0.037,0.0,0.0,0.0,0.0,1.0,-31.4442273592752,-64.2261000948677,1,Tipo B (Infr 0.14 - NBI 3.0%),Muy Baja,<b>PARQUE DE LA VIDA</b><br>Pob: 500.0<br>Score: 0.04 (Muy Baja),0.33,0.74,447,9.2
PARQUE DEL ESTE,679.0,200.0,24.0,12.0,2,2,0,0,9,1,58,0,1,0.295,6.522,0.0,2.95,0.0,0.0,13.25,14.73,1,0,0,1,0.4501,0.8,848.75,250.0,0.563,3.0,-31.4051586405003,-64.1455089911964,0,Tipo A (Infr 0.57 - NBI 4.5%),Muy Alta,<b>PARQUE DEL ESTE</b><br>Pob: 679.0<br>Score: 0.45 (Muy Alta),0.67,6.6289,57,88.7
PARQUE DON BOSCO,4691.0,1385.0,24.0,1.73,1,1,0,1,18,2,248,0,1,0.295,8.454,0.0,0.21,2.13,0.0,3.84,2.13,1,1,0,1,0.1568,0.67,7001.49,2067.16,0.234,2.0,-31.3884319827078,-64.272025814382,1,Tipo B (Infr 0.14 - NBI 3.0%),Media,<b>PARQUE DON BOSCO</b><br>Pob: 4691.0<br>Score: 0.16 (Media),1.0,0.3343,276,44.3
PARQUE FUTURA,2851.0,703.0,68.0,9.67,5,2,3,0,7,1,49,0,1,0.247,7.956,0.6,1.75,0.0,0.0,2.46,3.51,1,0,0,1,0.167,1.13,2523.01,622.12,0.148,0.75,-31.488906450635,-64.2529899700877,2,Tipo C (Infr 0.16 - NBI 14.4%),Media,<b>PARQUE FUTURA</b><br>Pob: 2851.0<br>Score: 0.17 (Media),0.67,0.5858,258,48.0
PARQUE JORGE NEWBERY,2909.0,913.0,16.0,1.75,2,2,0,0,30,4,152,0,2,0.314,7.976,0.0,0.69,0.0,0.0,10.31,6.88,1,0,0,1,0.2388,0.47,6189.36,1942.55,0.508,3.0,-31.350399915226,-64.180513219248,1,Tipo B (Infr 0.14 - NBI 3.0%),Alta,<b>PARQUE JORGE NEWBERY</b><br>Pob: 2909.0<br>Score: 0.24 (Alta),0.67,0.8209,179,64.0
PARQUE LATINO,1306.0,432.0,4.0,0.93,5,3,2,0,12,7,119,0,1,0.331,7.175,0.4,3.83,0.0,0.0,9.19,7.66,1,0,0,1,0.436,0.32,4081.25,1350.0,1.362,1.33,-31.4596532315616,-64.2124548233494,0,Tipo A (Infr 0.57 - NBI 4.5%),Muy Alta,<b>PARQUE LATINO</b><br>Pob: 1306.0<br>Score: 0.44 (Muy Alta),0.67,3.3384,70,86.0
PARQUE LICEO SECCION 1,3693.0,1108.0,58.0,5.23,0,0,0,0,2,1,0,0,1,0.3,8.214,0.0,0.0,0.0,0.0,0.54,2.71,0,0,0,1,0.01,2.55,1448.24,434.51,0.004,1.0,-31.3497061993402,-64.1625303442315,1,Tipo B (Infr 0.14 - NBI 3.0%),Muy Baja,<b>PARQUE LICEO SECCION 1</b><br>Pob: 3693.0<br>Score: 0.01 (Muy Baja),0.33,0.0271,466,5.9
PARQUE LICEO SECCION 2,7826.0,2013.0,157.0,7.8,2,2,0,1,14,2,0,0,1,0.257,8.965,0.0,0.26,1.28,0.0,1.79,1.28,1,1,0,1,0.0939,0.96,8152.08,2096.88,0.098,3.0,-31.3556278869882,-64.1620118927709,1,Tipo B (Infr 0.14 - NBI 3.0%),Baja,<b>PARQUE LICEO SECCION 2</b><br>Pob: 7826.0<br>Score: 0.09 (Baja),1.0,0.12,380,23.3
PARQUE LICEO SECCION 3,5593.0,1426.0,164.0,11.5,13,9,4,1,25,4,431,0,1,0.255,8.629,0.308,2.32,1.79,0.0,4.47,1.79,1,1,0,1,0.3035,0.86,6503.49,1658.14,0.353,2.0,-31.3552182265341,-64.1513432642662,2,Tipo C (Infr 0.16 - NBI 14.4%),Alta,<b>PARQUE LICEO SECCION 3</b><br>Pob: 5593.0<br>Score: 0.30 (Alta),1.0,0.5426,127,74.5
PARQUE LOS MOLINOS,864.0,264.0,6.0,2.27,0,0,0,0,15,7,39,0,0,0.306,6.763,0.0,0.0,0.0,0.0,17.36,0.0,0,0,0,1,0.3215,0.16,5400.0,1650.0,2.009,1.0,-31.4561025121088,-64.2008967897547,3,Tipo D (Infr 0.40 - NBI 2.8%),Alta,<b>PARQUE LOS MOLINOS</b><br>Pob: 864.0<br>Score: 0.32 (Alta),0.33,3.7211,115,76.9
PARQUE MODELO,500.0,200.0,0.0,0.0,0,0,0,0,7,3,0,0,1,0.4,6.217,0.0,0.0,0.0,0.0,14.0,20.0,0,0,0,1,0.2593,0.11,4545.45,1818.18,2.357,1.0,-31.3647142739498,-64.2510241394099,3,Tipo D (Infr 0.40 - NBI 2.8%),Alta,<b>PARQUE MODELO</b><br>Pob: 500.0<br>Score: 0.26 (Alta),0.33,5.186,156,68.4
PARQUE MONTECRISTO,1554.0,466.0,6.0,1.29,3,3,0,0,7,2,26,0,2,0.3,7.349,0.0,1.93,0.0,0.0,4.5,12.87,1,0,0,1,0.2173,0.19,8178.95,2452.63,1.144,4.0,-31.3886256093823,-64.1399659927481,1,Tipo B (Infr 0.14 - NBI 3.0%),Media,<b>PARQUE MONTECRISTO</b><br>Pob: 1554.0<br>Score: 0.22 (Media),0.67,1.3983,203,59.1
PARQUE REPUBLICA,7412.0,1861.0,201.0,10.8,7,7,0,1,15,2,59,1,1,0.251,8.911,0.0,0.94,1.35,1.35,2.02,1.35,1,1,1,1,0.2439,0.98,7563.27,1898.98,0.249,8.0,-31.4161294813208,-64.258582064065,2,Tipo C (Infr 0.16 - NBI 14.4%),Alta,<b>PARQUE REPUBLICA</b><br>Pob: 7412.0<br>Score: 0.24 (Alta),1.0,0.3291,174,65.0
PARQUE SAN CARLOS,749.0,231.0,2.0,0.87,1,1,0,0,8,2,3,0,0,0.308,6.62,0.0,1.34,0.0,0.0,10.68,0.0,1,0,0,1,0.2908,0.1,7490.0,2310.0,2.908,2.0,-31.4494274723584,-64.1599280417188,3,Tipo D (Infr 0.40 - NBI 2.8%),Alta,<b>PARQUE SAN CARLOS</b><br>Pob: 749.0<br>Score: 0.29 (Alta),0.67,3.8825,143,71.3
PARQUE SAN VICENTE,1327.0,451.0,3.0,0.67,0,0,0,0,19,7,147,0,0,0.34,7.191,0.0,0.0,0.0,0.0,14.32,0.0,0,0,0,1,0.2652,0.18,7372.22,2505.56,1.473,1.0,-31.4249959692642,-64.1373491487954,3,Tipo D (Infr 0.40 - NBI 2.8%),Alta,<b>PARQUE SAN VICENTE</b><br>Pob: 1327.0<br>Score: 0.27 (Alta),0.33,1.9985,152,69.4
PARQUE SARMIENTO,500.0,200.0,0.0,0.0,3,3,0,0,7,12,911,0,0,0.4,6.217,0.0,4.8035,0.0,0.0,14.0,0.0,1,0,0,1,0.5926,0.0,0.0,0.0,0.0,4.0,-31.4328801293591,-64.1789078506441,0,Tipo A (Infr 0.57 - NBI 4.5%),Muy Alta,<b>PARQUE SARMIENTO</b><br>Pob: 500.0<br>Score: 0.59 (Muy Alta),0.67,11.852,30,94.0
PARQUE TABLADA,981.0,323.0,1.0,0.31,0,0,0,0,16,4,30,0,1,0.329,6.89,0.0,0.0,0.0,0.0,16.31,10.19,0,0,0,1,0.302,0.24,4087.5,1345.83,1.258,1.0,-31.3871781770563,-64.2312408178758,3,Tipo D (Infr 0.40 - NBI 2.8%),Alta,<b>PARQUE TABLADA</b><br>Pob: 981.0<br>Score: 0.30 (Alta),0.33,3.0785,129,74.1
PARQUE VELEZ SARSFIELD,3045.0,1004.0,8.0,0.8,1,1,0,0,13,3,1016,0,1,0.33,8.022,0.0,0.33,0.0,0.0,4.27,3.28,1,0,0,1,0.102,0.65,4684.62,1544.62,0.157,2.0,-31.4411595485323,-64.2040025565823,1,Tipo B (Infr 0.14 - NBI 3.0%),Baja,<b>PARQUE VELEZ SARSFIELD</b><br>Pob: 3045.0<br>Score: 0.10 (Baja),0.67,0.335,374,24.5
PASO DE LOS ANDES,2529.0,902.0,25.0,2.77,6,3,3,0,12,18,238,1,0,0.357,7.836,0.5,2.37,0.0,1.5584999999999962,4.74,0.0,1,0,1,1,0.3634,0.38,6655.26,2373.68,0.956,1.0,-31.4159538702898,-64.203280297451,1,Tipo B (Infr 0.14 - NBI 3.0%),Muy Alta,<b>PASO DE LOS ANDES</b><br>Pob: 2529.0<br>Score: 0.36 (Muy Alta),0.67,1.4369,94,81.2
PATRIA,1790.0,640.0,5.0,0.78,2,0,2,0,19,8,0,0,0,0.358,7.491,1.0,1.12,0.0,0.0,10.61,0.0,1,0,0,1,0.2742,0.25,7160.0,2560.0,1.097,0.33,-31.4090264654307,-64.1601858045219,1,Tipo B (Infr 0.14 - NBI 3.0%),Alta,<b>PATRIA</b><br>Pob: 1790.0<br>Score: 0.27 (Alta),0.67,1.5318,148,70.2
PATRICIOS,4731.0,1400.0,67.0,4.79,6,6,0,0,8,1,466,2,1,0.296,8.462,0.0,1.27,0.0,1.5584999999999962,1.69,2.11,1,0,1,1,0.2305,0.5,9462.0,2800.0,0.461,7.0,-31.3756246362009,-64.1380411944225,1,Tipo B (Infr 0.14 - NBI 3.0%),Alta,<b>PATRICIOS</b><br>Pob: 4731.0<br>Score: 0.23 (Alta),0.67,0.4872,189,61.9
PATRICIOS ESTE,2550.0,653.0,51.0,7.81,1,1,0,1,1,1,10,0,1,0.256,7.844,0.0,0.39,3.92,0.0,0.39,3.92,1,1,0,1,0.1651,0.27,9444.44,2418.52,0.611,2.0,-31.3664999296539,-64.1349339830755,1,Tipo B (Infr 0.14 - NBI 3.0%),Media,<b>PATRICIOS ESTE</b><br>Pob: 2550.0<br>Score: 0.17 (Media),1.0,0.6475,261,47.2
PATRICIOS NORTE,1790.0,485.0,39.0,8.04,0,0,0,0,14,5,227,0,1,0.271,7.491,0.0,0.0,0.0,0.0,7.82,5.59,0,0,0,1,0.1448,0.18,9944.44,2694.44,0.804,1.0,-31.3665348992504,-64.1397902544819,1,Tipo B (Infr 0.14 - NBI 3.0%),Baja,<b>PATRICIOS NORTE</b><br>Pob: 1790.0<br>Score: 0.14 (Baja),0.33,0.8089,300,39.5
PATRICIOS OESTE,5211.0,1370.0,114.0,8.32,3,3,0,0,16,6,43,0,1,0.263,8.559,0.0,0.58,0.0,0.0,3.07,1.92,1,0,0,1,0.0971,0.51,10217.65,2686.27,0.19,4.0,-31.366869744123,-64.144607787169,2,Tipo C (Infr 0.16 - NBI 14.4%),Baja,<b>PATRICIOS OESTE</b><br>Pob: 5211.0<br>Score: 0.10 (Baja),0.67,0.1863,378,23.7
PIEDRAS BLANCAS,500.0,200.0,0.0,0.0,0,0,0,0,5,1,0,0,0,0.4,6.217,0.0,0.0,0.0,0.0,10.0,0.0,0,0,0,1,0.1852,0.04,12500.0,5000.0,4.63,1.0,-31.4828367695047,-64.1625623852958,1,Tipo B (Infr 0.14 - NBI 3.0%),Media,<b>PIEDRAS BLANCAS</b><br>Pob: 500.0<br>Score: 0.19 (Media),0.33,3.704,237,52.0
POETA LUGONES,7839.0,2591.0,14.0,0.54,7,6,1,0,31,5,992,0,1,0.331,8.967,0.143,0.89,0.0,0.0,3.95,1.28,1,0,0,1,0.1349,1.52,5157.24,1704.61,0.089,3.5,-31.3609843553083,-64.2119307156898,1,Tipo B (Infr 0.14 - NBI 3.0%),Baja,<b>POETA LUGONES</b><br>Pob: 7839.0<br>Score: 0.13 (Baja),0.67,0.1721,310,37.4
POLICARPIO CABRAL,517.0,200.0,5.0,2.5,0,0,0,0,10,2,0,0,0,0.387,6.25,0.0,0.0,0.0,0.0,19.34,0.0,0,0,0,1,0.3581,0.07,7385.71,2857.14,5.116,1.0,-31.4365154316367,-64.1379006955884,3,Tipo D (Infr 0.40 - NBI 2.8%),Muy Alta,<b>POLICARPIO CABRAL</b><br>Pob: 517.0<br>Score: 0.36 (Muy Alta),0.33,6.9265,99,80.2
POLICIAL,9360.0,2424.0,312.0,12.87,0,0,0,1,2,1,65,0,1,0.259,9.144,0.0,0.0,1.07,0.0,0.21,1.07,0,1,0,1,0.0396,0.8,11700.0,3030.0,0.05,1.0,-31.31551981250325,-64.2649630981434,2,Tipo C (Infr 0.16 - NBI 14.4%),Muy Baja,<b>POLICIAL</b><br>Pob: 9360.0<br>Score: 0.04 (Muy Baja),0.67,0.0423,444,10.3
PORTAL DE CORDOBA,2234.0,535.0,20.0,3.74,0,0,0,0,3,1,38,0,0,0.239,7.712,0.0,0.0,0.0,0.0,1.34,0.0,0,0,0,1,0.0248,0.24,9308.33,2229.17,0.103,1.0,-31.4442984208467,-64.1094454944293,1,Tipo B (Infr 0.14 - NBI 3.0%),Muy Baja,<b>PORTAL DE CORDOBA</b><br>Pob: 2234.0<br>Score: 0.02 (Muy Baja),0.33,0.111,459,7.3
PORTAL DEL JACARANDA,500.0,200.0,2.0,1.0,1,0,1,0,9,3,0,0,0,0.4,6.217,1.0,2.0,0.0,0.0,18.0,0.0,1,0,0,1,0.4721,0.09,5555.56,2222.22,5.246,0.5,-31.3439690435074,-64.2889913814107,3,Tipo D (Infr 0.40 - NBI 2.8%),Muy Alta,<b>PORTAL DEL JACARANDA</b><br>Pob: 500.0<br>Score: 0.47 (Muy Alta),0.67,9.442,55,89.1
POSTA DE VARGAS,719.0,200.0,5.0,2.5,3,3,0,0,4,2,3,0,1,0.278,6.579,0.0,4.17,0.0,0.0,5.56,13.91,1,0,0,1,0.3923,0.08,8987.5,2500.0,4.904,4.0,-31.4798946482734,-64.1941605174631,0,Tipo A (Infr 0.57 - NBI 4.5%),Muy Alta,<b>POSTA DE VARGAS</b><br>Pob: 719.0<br>Score: 0.39 (Muy Alta),0.67,5.4562,81,83.8
PRIMERA JUNTA,783.0,253.0,3.0,1.19,0,0,0,0,10,4,0,0,1,0.323,6.664,0.0,0.0,0.0,0.0,12.77,12.77,0,0,0,1,0.2365,0.1,7830.0,2530.0,2.365,1.0,-31.4262217020123,-64.2277644708514,3,Tipo D (Infr 0.40 - NBI 2.8%),Alta,<b>PRIMERA JUNTA</b><br>Pob: 783.0<br>Score: 0.24 (Alta),0.33,3.0204,183,63.2
PROVIDENCIA,4998.0,1856.0,148.0,7.97,0,0,0,0,30,21,405,0,1,0.371,8.517,0.0,0.0,0.0,0.0,6.0,2.0,0,0,0,1,0.1111,0.61,8193.44,3042.62,0.182,1.0,-31.4007885482133,-64.2007718428186,1,Tipo B (Infr 0.14 - NBI 3.0%),Baja,<b>PROVIDENCIA</b><br>Pob: 4998.0<br>Score: 0.11 (Baja),0.33,0.2223,347,29.1
PUENTE BLANCO,1157.0,354.0,14.0,3.95,0,0,0,0,5,2,68,0,1,0.306,7.054,0.0,0.0,0.0,0.0,4.32,8.64,0,0,0,1,0.08,0.18,6427.78,1966.67,0.444,1.0,-31.4102088438482,-64.2354259890449,1,Tipo B (Infr 0.14 - NBI 3.0%),Muy Baja,<b>PUENTE BLANCO</b><br>Pob: 1157.0<br>Score: 0.08 (Muy Baja),0.33,0.6914,399,19.4
QUEBRADA DE LAS ROSAS,4842.0,1503.0,20.0,1.33,3,3,0,0,21,7,568,0,0,0.31,8.485,0.0,0.62,0.0,0.0,4.34,0.0,1,0,0,1,0.1234,1.61,3007.45,933.54,0.077,4.0,-31.3911204679379,-64.2557636529928,1,Tipo B (Infr 0.14 - NBI 3.0%),Baja,<b>QUEBRADA DE LAS ROSAS</b><br>Pob: 4842.0<br>Score: 0.12 (Baja),0.67,0.2549,324,34.6
QUINTA SANTA ANA,648.0,242.0,0.0,0.0,0,0,0,0,4,3,11,0,0,0.373,6.475,0.0,0.0,0.0,0.0,6.17,0.0,0,0,0,1,0.1143,0.14,4628.57,1728.57,0.816,1.0,-31.4116430526547,-64.2041555793476,1,Tipo B (Infr 0.14 - NBI 3.0%),Baja,<b>QUINTA SANTA ANA</b><br>Pob: 648.0<br>Score: 0.11 (Baja),0.33,1.7639,336,32.2
QUINTAS DE ARGUELLO,649.0,205.0,2.0,0.98,7,5,2,0,10,3,0,1,1,0.316,6.477,0.286,4.8035,0.0,1.5584999999999962,15.41,15.41,1,0,1,1,0.7298,0.08,8112.5,2562.5,9.122,2.0,-31.3400189964185,-64.2713056429599,0,Tipo A (Infr 0.57 - NBI 4.5%),Muy Alta,<b>QUINTAS DE ARGUELLO</b><br>Pob: 649.0<br>Score: 0.73 (Muy Alta),0.67,11.245,13,97.6
QUINTAS DE FLORES,500.0,200.0,0.0,0.0,0,0,0,0,10,1,5,0,0,0.4,6.217,0.0,0.0,0.0,0.0,20.0,0.0,0,0,0,1,0.3704,0.23,2173.91,869.57,1.61,1.0,-31.4894148301706,-64.1636669610672,3,Tipo D (Infr 0.40 - NBI 2.8%),Muy Alta,<b>QUINTAS DE FLORES</b><br>Pob: 500.0<br>Score: 0.37 (Muy Alta),0.33,7.408,90,81.8
QUINTAS DE ITALIA,500.0,200.0,3.0,1.5,0,0,0,0,0,0,52,0,0,0.4,6.217,0.0,0.0,0.0,0.0,0.0,0.0,0,0,0,0,0.0,0.41,1219.51,487.8,0.0,1.0,-31.4979842970964,-64.177191210219,1,Tipo B (Infr 0.14 - NBI 3.0%),Muy Baja,<b>QUINTAS DE ITALIA</b><br>Pob: 500.0<br>Score: 0.00 (Muy Baja),0.0,0.0,469,2.7
QUINTAS DE SAN JORGE,1537.0,340.0,46.0,13.53,1,1,0,1,4,2,28,0,2,0.221,7.338,0.0,0.65,6.51,0.0,2.6,13.01,1,1,0,1,0.3106,0.09,17077.78,3777.78,3.451,2.0,-31.3740431522688,-64.1306408255164,2,Tipo C (Infr 0.16 - NBI 14.4%),Alta,<b>QUINTAS DE SAN JORGE</b><br>Pob: 1537.0<br>Score: 0.31 (Alta),1.0,2.0208,123,75.3
RAMON J CARCANO,2031.0,532.0,50.0,9.4,3,3,0,0,6,4,44,0,1,0.262,7.617,0.0,1.48,0.0,0.0,2.95,4.92,1,0,0,1,0.1573,1.5,1354.0,354.67,0.105,4.0,-31.463692802931,-64.1376703606332,1,Tipo B (Infr 0.14 - NBI 3.0%),Media,<b>RAMON J CARCANO</b><br>Pob: 2031.0<br>Score: 0.16 (Media),0.67,0.7745,275,44.5
RECREO DEL NORTE,2032.0,487.0,61.0,12.53,0,0,0,0,0,0,15,0,0,0.24,7.617,0.0,0.0,0.0,0.0,0.0,0.0,0,0,0,0,0.0,0.5,4064.0,974.0,0.0,1.0,-31.3123539634767,-64.167325622174,2,Tipo C (Infr 0.16 - NBI 14.4%),Muy Baja,<b>RECREO DEL NORTE</b><br>Pob: 2032.0<br>Score: 0.00 (Muy Baja),0.0,0.0,469,2.7
REMEDIOS DE ESCALADA,4565.0,1256.0,150.0,11.94,7,7,0,0,0,0,17,0,1,0.275,8.426,0.0,1.53,0.0,0.0,0.0,2.19,1,0,0,0,0.1062,2.44,1870.9,514.75,0.044,8.0,-31.3421300238043,-64.1869920177232,2,Tipo C (Infr 0.16 - NBI 14.4%),Baja,<b>REMEDIOS DE ESCALADA</b><br>Pob: 4565.0<br>Score: 0.11 (Baja),0.33,0.2326,363,26.7
RENACIMIENTO,2927.0,699.0,71.0,10.16,1,1,0,0,13,1,2,0,1,0.239,7.982,0.0,0.34,0.0,0.0,4.44,3.42,1,0,0,1,0.1058,0.26,11257.69,2688.46,0.407,2.0,-31.4183241408712,-64.1212770221383,2,Tipo C (Infr 0.16 - NBI 14.4%),Baja,<b>RENACIMIENTO</b><br>Pob: 2927.0<br>Score: 0.11 (Baja),0.67,0.3615,365,26.3
RENE FAVALORO,1012.0,296.0,1.0,0.34,3,3,0,0,5,1,267,0,1,0.292,6.921,0.0,2.96,0.0,0.0,4.94,9.88,1,0,0,1,0.2969,0.11,9200.0,2690.91,2.699,4.0,-31.4091999467218,-64.2319102857693,1,Tipo B (Infr 0.14 - NBI 3.0%),Alta,<b>RENE FAVALORO</b><br>Pob: 1012.0<br>Score: 0.30 (Alta),0.67,2.9338,131,73.7
RENE FAVALORO II,1536.0,470.0,9.0,1.91,0,0,0,0,4,2,0,0,1,0.306,7.338,0.0,0.0,0.0,0.0,2.6,6.51,0,0,0,1,0.0481,0.16,9600.0,2937.5,0.301,1.0,-31.4488242294769,-64.2361423987957,1,Tipo B (Infr 0.14 - NBI 3.0%),Muy Baja,<b>RENE FAVALORO II</b><br>Pob: 1536.0<br>Score: 0.05 (Muy Baja),0.33,0.3132,436,11.9
RES CHATEAU CARRERAS CO VI CO,500.0,200.0,0.0,0.0,0,0,0,0,5,2,0,0,0,0.4,6.217,0.0,0.0,0.0,0.0,10.0,0.0,0,0,0,1,0.1852,0.04,12500.0,5000.0,4.63,1.0,-31.3911227810288,-64.2625812057562,1,Tipo B (Infr 0.14 - NBI 3.0%),Media,<b>RES CHATEAU CARRERAS CO VI CO</b><br>Pob: 500.0<br>Score: 0.19 (Media),0.33,3.704,237,52.0
RESIDENCIAL AMERICA,6874.0,2183.0,50.0,2.29,6,3,3,0,13,4,64,1,1,0.318,8.836,0.5,0.87,0.0,1.45,1.89,1.45,1,0,1,1,0.1987,0.85,8087.06,2568.24,0.234,1.0,-31.3823716514569,-64.1618882993704,1,Tipo B (Infr 0.14 - NBI 3.0%),Media,<b>RESIDENCIAL AMERICA</b><br>Pob: 6874.0<br>Score: 0.20 (Media),0.67,0.2891,221,55.5
RESIDENCIAL ARAGON,1719.0,432.0,55.0,12.73,0,0,0,0,5,1,5,0,0,0.251,7.45,0.0,0.0,0.0,0.0,2.91,0.0,0,0,0,1,0.0539,0.14,12278.57,3085.71,0.385,1.0,-31.3715261997823,-64.1307766978515,2,Tipo C (Infr 0.16 - NBI 14.4%),Muy Baja,<b>RESIDENCIAL ARAGON</b><br>Pob: 1719.0<br>Score: 0.05 (Muy Baja),0.33,0.3136,433,12.4
RESIDENCIAL OLIVOS,971.0,311.0,4.0,1.29,1,1,0,0,3,3,118,0,1,0.32,6.879,0.0,1.03,0.0,0.0,3.09,10.3,1,0,0,1,0.1287,0.2,4855.0,1555.0,0.644,2.0,-31.4327587703916,-64.2106558663057,1,Tipo B (Infr 0.14 - NBI 3.0%),Baja,<b>RESIDENCIAL OLIVOS</b><br>Pob: 971.0<br>Score: 0.13 (Baja),0.67,1.3254,319,35.6
RESIDENCIAL SAN CARLOS,2868.0,908.0,17.0,1.87,0,0,0,0,11,7,672,2,0,0.317,7.962,0.0,0.0,0.0,1.5584999999999962,3.84,0.0,0,0,1,1,0.1822,0.44,6518.18,2063.64,0.414,1.0,-31.4440185024215,-64.1657393867709,1,Tipo B (Infr 0.14 - NBI 3.0%),Media,<b>RESIDENCIAL SAN CARLOS</b><br>Pob: 2868.0<br>Score: 0.18 (Media),0.33,0.6353,241,51.4
RESIDENCIAL SAN JORGE,2240.0,584.0,72.0,12.33,2,2,0,0,1,1,31,0,1,0.261,7.715,0.0,0.89,0.0,0.0,0.45,4.46,1,0,0,1,0.0701,0.1,22400.0,5840.0,0.701,3.0,-31.3688561270228,-64.12982377053319,2,Tipo C (Infr 0.16 - NBI 14.4%),Muy Baja,<b>RESIDENCIAL SAN JORGE</b><br>Pob: 2240.0<br>Score: 0.07 (Muy Baja),0.67,0.3129,419,15.4
RESIDENCIAL SAN ROQUE,13559.0,3398.0,501.0,14.74,8,8,0,1,12,2,90,0,2,0.251,9.515,0.0,0.59,0.74,0.0,0.89,1.48,1,1,0,1,0.0821,1.57,8636.31,2164.33,0.052,9.0,-31.4270382314086,-64.2472947834154,2,Tipo C (Infr 0.16 - NBI 14.4%),Muy Baja,<b>RESIDENCIAL SAN ROQUE</b><br>Pob: 13559.0<br>Score: 0.08 (Muy Baja),1.0,0.0606,397,19.8
RESIDENCIAL SANTA ANA,1547.0,474.0,13.0,2.74,0,0,0,0,17,6,0,0,1,0.306,7.345,0.0,0.0,0.0,0.0,10.99,6.46,0,0,0,1,0.2035,0.29,5334.48,1634.48,0.702,1.0,-31.4238461538475,-64.2149551539217,1,Tipo B (Infr 0.14 - NBI 3.0%),Media,<b>RESIDENCIAL SANTA ANA</b><br>Pob: 1547.0<br>Score: 0.20 (Media),0.33,1.3154,217,56.3
RESIDENCIAL SANTA ROSA,2741.0,713.0,43.0,6.03,6,4,2,0,7,2,0,0,1,0.26,7.916,0.333,2.19,0.0,0.0,2.55,3.65,1,0,0,1,0.1992,0.28,9789.29,2546.43,0.711,1.67,-31.4776887498821,-64.2053354654748,1,Tipo B (Infr 0.14 - NBI 3.0%),Media,<b>RESIDENCIAL SANTA ROSA</b><br>Pob: 2741.0<br>Score: 0.20 (Media),0.67,0.7267,220,55.7
RESIDENCIAL SUD,947.0,282.0,5.0,1.77,1,1,0,0,39,10,30,0,1,0.298,6.854,0.0,1.06,0.0,0.0,24.0,10.56,1,0,0,1,0.518,0.19,4984.21,1484.21,2.726,2.0,-31.4663754728897,-64.2254447512096,3,Tipo D (Infr 0.40 - NBI 2.8%),Muy Alta,<b>RESIDENCIAL SUD</b><br>Pob: 947.0<br>Score: 0.52 (Muy Alta),0.67,5.4699,44,91.2
RESIDENCIAL VELEZ SARSFIELD,3161.0,1013.0,6.0,0.59,2,2,0,0,14,5,372,0,1,0.32,8.059,0.0,0.63,0.0,0.0,4.43,3.16,1,0,0,1,0.1258,0.46,6871.74,2202.17,0.273,3.0,-31.4488841804524,-64.2091247187554,1,Tipo B (Infr 0.14 - NBI 3.0%),Baja,<b>RESIDENCIAL VELEZ SARSFIELD</b><br>Pob: 3161.0<br>Score: 0.13 (Baja),0.67,0.398,322,35.0
RIVADAVIA,3105.0,1064.0,25.0,2.35,0,0,0,0,14,11,37,0,1,0.343,8.041,0.0,0.0,0.0,0.0,4.51,3.22,0,0,0,1,0.0835,0.34,9132.35,3129.41,0.246,1.0,-31.432367391206,-64.1487458501079,1,Tipo B (Infr 0.14 - NBI 3.0%),Baja,<b>RIVADAVIA</b><br>Pob: 3105.0<br>Score: 0.08 (Baja),0.33,0.2689,393,20.5
RIVERA INDARTE,1742.0,517.0,23.0,4.45,0,0,0,0,6,2,301,0,1,0.297,7.463,0.0,0.0,0.0,0.0,3.44,5.74,0,0,0,1,0.0637,1.08,1612.96,478.7,0.059,1.0,-31.333982397703,-64.296330832545,1,Tipo B (Infr 0.14 - NBI 3.0%),Muy Baja,<b>RIVERA INDARTE</b><br>Pob: 1742.0<br>Score: 0.06 (Muy Baja),0.33,0.3657,427,13.7
ROCIO,500.0,200.0,0.0,0.0,0,0,0,0,3,1,0,0,1,0.4,6.217,0.0,0.0,0.0,0.0,6.0,20.0,0,0,0,1,0.1111,0.0,0.0,0.0,0.0,1.0,-31.3681724782991,-64.28048692984187,1,Tipo B (Infr 0.14 - NBI 3.0%),Baja,<b>ROCIO</b><br>Pob: 500.0<br>Score: 0.11 (Baja),0.33,2.222,347,29.1
ROCIO DEL SUR,500.0,200.0,0.0,0.0,0,0,0,0,4,1,0,0,0,0.4,6.217,0.0,0.0,0.0,0.0,8.0,0.0,0,0,0,1,0.1481,0.06,8333.33,3333.33,2.468,1.0,-31.4868760584956,-64.1912693028927,1,Tipo B (Infr 0.14 - NBI 3.0%),Media,<b>ROCIO DEL SUR</b><br>Pob: 500.0<br>Score: 0.15 (Media),0.33,2.962,288,41.2
ROGELIO MARTINEZ,1204.0,390.0,3.0,0.77,9,9,0,0,12,7,13,0,1,0.324,7.094,0.0,4.8035,0.0,0.0,9.97,8.31,1,0,0,1,0.518,0.32,3762.5,1218.75,1.619,10.0,-31.4382346065369,-64.1782006713031,0,Tipo A (Infr 0.57 - NBI 4.5%),Muy Alta,<b>ROGELIO MARTINEZ</b><br>Pob: 1204.0<br>Score: 0.52 (Muy Alta),0.67,4.3023,44,91.2
ROSEDAL,2314.0,755.0,6.0,0.79,2,2,0,0,1,1,186,0,2,0.326,7.747,0.0,0.86,0.0,0.0,0.43,8.64,1,0,0,1,0.0676,0.34,6805.88,2220.59,0.199,3.0,-31.4339776305225,-64.2262394291001,1,Tipo B (Infr 0.14 - NBI 3.0%),Muy Baja,<b>ROSEDAL</b><br>Pob: 2314.0<br>Score: 0.07 (Muy Baja),0.67,0.2921,423,14.6
ROSEDAL ANEXO,916.0,288.0,6.0,2.08,3,3,0,0,5,3,0,0,2,0.314,6.821,0.0,3.28,0.0,0.0,5.46,21.83,1,0,0,1,0.3287,0.14,6542.86,2057.14,2.348,4.0,-31.4394090528371,-64.2285738840511,0,Tipo A (Infr 0.57 - NBI 4.5%),Alta,<b>ROSEDAL ANEXO</b><br>Pob: 916.0<br>Score: 0.33 (Alta),0.67,3.5884,114,77.1
SACHI,1053.0,255.0,28.0,10.98,2,2,0,0,10,2,2,0,1,0.242,6.96,0.0,1.9,0.0,0.0,9.5,9.5,1,0,0,1,0.3078,0.15,7020.0,1700.0,2.052,3.0,-31.4537288140298,-64.2663075456171,2,Tipo C (Infr 0.16 - NBI 14.4%),Alta,<b>SACHI</b><br>Pob: 1053.0<br>Score: 0.31 (Alta),0.67,2.9231,124,75.1
SAN ANTONIO,500.0,200.0,4.0,2.0,0,0,0,0,11,2,2,0,1,0.4,6.217,0.0,0.0,0.0,0.0,22.0,20.0,0,0,0,1,0.4074,0.2,2500.0,1000.0,2.037,1.0,-31.4744328449938,-64.1905169218078,3,Tipo D (Infr 0.40 - NBI 2.8%),Muy Alta,<b>SAN ANTONIO</b><br>Pob: 500.0<br>Score: 0.41 (Muy Alta),0.33,8.148,75,84.9
SAN CAYETANO,500.0,200.0,6.0,3.0,0,0,0,0,9,9,14,0,0,0.4,6.217,0.0,0.0,0.0,0.0,18.0,0.0,0,0,0,1,0.3333,0.05,10000.0,4000.0,6.666,1.0,-31.4366816283972,-64.1435193646877,3,Tipo D (Infr 0.40 - NBI 2.8%),Alta,<b>SAN CAYETANO</b><br>Pob: 500.0<br>Score: 0.33 (Alta),0.33,6.666,108,78.0
SAN DANIEL,1359.0,455.0,13.0,2.86,0,0,0,1,8,11,158,0,1,0.335,7.215,0.0,0.0,6.656999999999986,0.0,5.89,7.36,0,1,0,1,0.3313,0.2,6795.0,2275.0,1.656,1.0,-31.4489648668651,-64.2027069336836,1,Tipo B (Infr 0.14 - NBI 3.0%),Alta,<b>SAN DANIEL</b><br>Pob: 1359.0<br>Score: 0.33 (Alta),0.67,2.4378,113,77.3
SAN FELIPE,2553.0,667.0,44.0,6.6,5,5,0,0,4,3,20,0,1,0.261,7.845,0.0,1.96,0.0,0.0,1.57,3.92,1,0,0,1,0.1651,0.8,3191.25,833.75,0.206,6.0,-31.4567629225238,-64.136040573816,1,Tipo B (Infr 0.14 - NBI 3.0%),Media,<b>SAN FELIPE</b><br>Pob: 2553.0<br>Score: 0.17 (Media),0.67,0.6467,261,47.2
SAN FERNANDO,4094.0,1612.0,65.0,4.03,4,2,2,0,9,4,246,0,0,0.394,8.318,0.5,0.98,0.0,0.0,2.2,0.0,1,0,0,1,0.1087,0.52,7873.08,3100.0,0.209,1.0,-31.4475771620013,-64.1904852101721,1,Tipo B (Infr 0.14 - NBI 3.0%),Baja,<b>SAN FERNANDO</b><br>Pob: 4094.0<br>Score: 0.11 (Baja),0.67,0.2655,358,27.6
SAN FRANCISCO,1123.0,362.0,2.0,0.55,1,1,0,0,6,4,133,0,0,0.322,7.025,0.0,0.89,0.0,0.0,5.34,0.0,1,0,0,1,0.1606,0.26,4319.23,1392.31,0.618,2.0,-31.4261196823107,-64.2113739415651,1,Tipo B (Infr 0.14 - NBI 3.0%),Media,<b>SAN FRANCISCO</b><br>Pob: 1123.0<br>Score: 0.16 (Media),0.67,1.4301,271,45.3
SAN IGNACIO,2787.0,755.0,82.0,10.86,1,1,0,0,17,3,181,0,1,0.271,7.933,0.0,0.36,0.0,0.0,6.1,3.59,1,0,0,1,0.1379,0.49,5687.76,1540.82,0.281,2.0,-31.3901313573677,-64.2483281769605,2,Tipo C (Infr 0.16 - NBI 14.4%),Baja,<b>SAN IGNACIO</b><br>Pob: 2787.0<br>Score: 0.14 (Baja),0.67,0.4948,308,37.9
SAN JAVIER,1637.0,413.0,36.0,8.72,2,2,0,0,7,1,10,0,0,0.252,7.401,0.0,1.22,0.0,0.0,4.28,0.0,1,0,0,1,0.1639,1.17,1399.15,352.99,0.14,3.0,-31.4556731937559,-64.1016938389538,1,Tipo B (Infr 0.14 - NBI 3.0%),Media,<b>SAN JAVIER</b><br>Pob: 1637.0<br>Score: 0.16 (Media),0.67,1.0012,268,46.0
SAN JOSE,548.0,200.0,2.0,1.0,1,1,0,0,15,4,146,0,1,0.365,6.308,0.0,1.82,0.0,0.0,24.0,18.25,1,0,0,1,0.5707,0.14,3914.29,1428.57,4.076,2.0,-31.3396643850959,-64.2892805257168,3,Tipo D (Infr 0.40 - NBI 2.8%),Muy Alta,<b>SAN JOSE</b><br>Pob: 548.0<br>Score: 0.57 (Muy Alta),0.67,10.4142,34,93.3
SAN LORENZO,1988.0,618.0,17.0,2.75,2,2,0,1,27,8,61,0,1,0.311,7.595,0.0,1.01,5.03,0.0,13.58,5.03,1,1,0,1,0.4895,0.36,5522.22,1716.67,1.36,3.0,-31.4555850114127,-64.1104826929887,3,Tipo D (Infr 0.40 - NBI 2.8%),Muy Alta,<b>SAN LORENZO</b><br>Pob: 1988.0<br>Score: 0.49 (Muy Alta),1.0,2.4623,49,90.3
SAN LORENZO NORTE,500.0,200.0,5.0,2.5,0,0,0,0,4,2,47,0,1,0.4,6.217,0.0,0.0,0.0,0.0,8.0,20.0,0,0,0,1,0.1481,0.05,10000.0,4000.0,2.962,1.0,-31.375034879287,-64.2167246301229,1,Tipo B (Infr 0.14 - NBI 3.0%),Media,<b>SAN LORENZO NORTE</b><br>Pob: 500.0<br>Score: 0.15 (Media),0.33,2.962,288,41.2
SAN LUIS DE FRANCIA,500.0,200.0,4.0,2.0,1,1,0,0,6,1,19,0,0,0.4,6.217,0.0,2.0,0.0,0.0,12.0,0.0,1,0,0,1,0.361,0.07,7142.86,2857.14,5.157,2.0,-31.480037185052,-64.2537276188054,3,Tipo D (Infr 0.40 - NBI 2.8%),Muy Alta,<b>SAN LUIS DE FRANCIA</b><br>Pob: 500.0<br>Score: 0.36 (Muy Alta),0.67,7.22,96,80.8
SAN MARCELO,500.0,200.0,0.0,0.0,0,0,0,0,14,11,8,0,0,0.4,6.217,0.0,0.0,0.0,0.0,24.0,0.0,0,0,0,1,0.4444,0.09,5555.56,2222.22,4.938,1.0,-31.3625836463826,-64.2356214056744,3,Tipo D (Infr 0.40 - NBI 2.8%),Muy Alta,<b>SAN MARCELO</b><br>Pob: 500.0<br>Score: 0.44 (Muy Alta),0.33,8.888,59,87.4
SAN MARTIN,13157.0,4358.0,207.0,4.75,21,13,8,1,19,5,728,0,0,0.331,9.485,0.381,1.6,0.76,0.0,1.44,0.0,1,1,0,1,0.1631,1.45,9073.79,3005.52,0.112,1.56,-31.3938093272891,-64.196540458099,1,Tipo B (Infr 0.14 - NBI 3.0%),Media,<b>SAN MARTIN</b><br>Pob: 13157.0<br>Score: 0.16 (Media),1.0,0.124,269,45.7
SAN MARTIN ANEXO,3153.0,1078.0,37.0,3.43,0,0,0,0,12,3,152,0,0,0.342,8.056,0.0,0.0,0.0,0.0,3.81,0.0,0,0,0,1,0.0706,0.34,9273.53,3170.59,0.208,1.0,-31.3810124729714,-64.2031139721542,1,Tipo B (Infr 0.14 - NBI 3.0%),Muy Baja,<b>SAN MARTIN ANEXO</b><br>Pob: 3153.0<br>Score: 0.07 (Muy Baja),0.33,0.2239,417,15.8
SAN MARTIN NORTE,1945.0,560.0,34.0,6.07,0,0,0,1,13,7,110,0,0,0.288,7.574,0.0,0.0,5.14,0.0,6.68,0.0,0,1,0,1,0.2953,0.23,8456.52,2434.78,1.284,1.0,-31.3727739384295,-64.2025244371434,1,Tipo B (Infr 0.14 - NBI 3.0%),Alta,<b>SAN MARTIN NORTE</b><br>Pob: 1945.0<br>Score: 0.30 (Alta),0.67,1.5183,138,72.3
SAN NICOLAS,2063.0,596.0,44.0,7.38,0,0,0,0,7,2,193,0,1,0.289,7.632,0.0,0.0,0.0,0.0,3.39,4.85,0,0,0,1,0.0628,0.22,9377.27,2709.09,0.285,1.0,-31.3806758446016,-64.1513078024304,1,Tipo B (Infr 0.14 - NBI 3.0%),Muy Baja,<b>SAN NICOLAS</b><br>Pob: 2063.0<br>Score: 0.06 (Muy Baja),0.33,0.3044,429,13.4
SAN PABLO,2190.0,672.0,25.0,3.72,0,0,0,0,15,6,69,0,1,0.307,7.692,0.0,0.0,0.0,0.0,6.85,4.57,0,0,0,1,0.1269,0.28,7821.43,2400.0,0.453,1.0,-31.4442248614309,-64.1609205677274,1,Tipo B (Infr 0.14 - NBI 3.0%),Baja,<b>SAN PABLO</b><br>Pob: 2190.0<br>Score: 0.13 (Baja),0.33,0.5795,320,35.3
SAN PEDRO NOLASCO,982.0,265.0,26.0,9.81,1,1,0,0,9,1,15,0,2,0.27,6.891,0.0,1.02,0.0,0.0,9.16,20.37,1,0,0,1,0.2404,0.41,2395.12,646.34,0.586,2.0,-31.466073357489,-64.2402160055799,1,Tipo B (Infr 0.14 - NBI 3.0%),Alta,<b>SAN PEDRO NOLASCO</b><br>Pob: 982.0<br>Score: 0.24 (Alta),0.67,2.4481,176,64.6
SAN RAFAEL,5172.0,1698.0,20.0,1.18,5,2,3,0,9,2,252,0,0,0.328,8.551,0.6,0.97,0.0,0.0,1.74,0.0,1,0,0,1,0.0995,0.65,7956.92,2612.31,0.153,0.75,-31.4254002097623,-64.2219912910859,1,Tipo B (Infr 0.14 - NBI 3.0%),Baja,<b>SAN RAFAEL</b><br>Pob: 5172.0<br>Score: 0.10 (Baja),0.67,0.1924,377,23.9
SAN RAMON,500.0,200.0,11.0,5.5,3,3,0,0,3,1,0,0,0,0.4,6.217,0.0,4.8035,0.0,0.0,6.0,0.0,1,0,0,1,0.4444,1.06,471.7,188.68,0.419,4.0,-31.3408780235715,-64.1007723274352,0,Tipo A (Infr 0.57 - NBI 4.5%),Muy Alta,<b>SAN RAMON</b><br>Pob: 500.0<br>Score: 0.44 (Muy Alta),0.67,8.888,59,87.4
SAN SALVADOR,2101.0,648.0,4.0,0.62,0,0,0,0,16,9,339,0,1,0.308,7.651,0.0,0.0,0.0,0.0,7.62,4.76,0,0,0,1,0.1411,0.34,6179.41,1905.88,0.415,1.0,-31.4009400687718,-64.2323869269285,1,Tipo B (Infr 0.14 - NBI 3.0%),Baja,<b>SAN SALVADOR</b><br>Pob: 2101.0<br>Score: 0.14 (Baja),0.33,0.6716,304,38.7
SAN VICENTE,18145.0,5733.0,291.0,5.08,34,23,11,0,42,9,272,1,1,0.316,9.806,0.324,1.87,0.0,0.55,2.31,0.55,1,0,1,1,0.2118,2.6,6978.85,2205.0,0.081,2.0,-31.4243205159937,-64.1539750599537,4,Tipo E (Infr 0.11 - NBI 5.5%),Media,<b>SAN VICENTE</b><br>Pob: 18145.0<br>Score: 0.21 (Media),0.67,0.1167,210,57.7
SANTA CECILIA,1089.0,317.0,40.0,12.62,2,2,0,0,7,3,40,0,1,0.291,6.994,0.0,1.84,0.0,0.0,6.43,9.18,1,0,0,1,0.2468,0.13,8376.92,2438.46,1.898,3.0,-31.3576320292659,-64.2277242696327,2,Tipo C (Infr 0.16 - NBI 14.4%),Alta,<b>SANTA CECILIA</b><br>Pob: 1089.0<br>Score: 0.25 (Alta),0.67,2.2663,170,65.8
SANTA CLARA DE ASIS,1839.0,481.0,8.0,1.66,3,0,3,0,8,2,200,0,1,0.262,7.518,1.0,1.63,0.0,0.0,4.35,5.44,1,0,0,1,0.1937,0.2,9195.0,2405.0,0.968,0.25,-31.3807288135085,-64.1407980125362,1,Tipo B (Infr 0.14 - NBI 3.0%),Media,<b>SANTA CLARA DE ASIS</b><br>Pob: 1839.0<br>Score: 0.19 (Media),0.67,1.0533,228,54.0
SANTA ISABEL ANEXO,1361.0,328.0,24.0,7.32,2,0,2,0,8,2,0,0,0,0.241,7.217,1.0,1.47,0.0,0.0,5.88,0.0,1,0,0,1,0.2109,0.18,7561.11,1822.22,1.172,0.33,-31.4762535311804,-64.246541585744,1,Tipo B (Infr 0.14 - NBI 3.0%),Media,<b>SANTA ISABEL ANEXO</b><br>Pob: 1361.0<br>Score: 0.21 (Media),0.67,1.5496,211,57.5
SANTA ISABEL SECCION 1,3583.0,1013.0,45.0,4.44,0,0,0,1,13,6,0,0,1,0.283,8.184,0.0,0.0,2.79,0.0,3.63,2.79,0,1,0,1,0.1604,0.79,4535.44,1282.28,0.203,1.0,-31.4706991572602,-64.2324062857146,1,Tipo B (Infr 0.14 - NBI 3.0%),Media,<b>SANTA ISABEL SECCION 1</b><br>Pob: 3583.0<br>Score: 0.16 (Media),0.67,0.4477,272,45.1
SANTA ISABEL SECCION 2,6113.0,1748.0,100.0,5.72,0,0,0,1,19,5,0,0,1,0.286,8.718,0.0,0.0,1.64,0.0,3.11,1.64,0,1,0,1,0.1123,0.89,6868.54,1964.04,0.126,1.0,-31.4765694987008,-64.2314214735328,1,Tipo B (Infr 0.14 - NBI 3.0%),Baja,<b>SANTA ISABEL SECCION 2</b><br>Pob: 6113.0<br>Score: 0.11 (Baja),0.67,0.1837,342,31.0
SANTA ISABEL SECCION 3,4047.0,1071.0,51.0,4.76,12,8,4,0,14,3,102,0,2,0.265,8.306,0.333,2.97,0.0,0.0,3.46,4.94,1,0,0,1,0.2702,0.49,8259.18,2185.71,0.551,1.8,-31.4780759649089,-64.2417721699096,1,Tipo B (Infr 0.14 - NBI 3.0%),Alta,<b>SANTA ISABEL SECCION 3</b><br>Pob: 4047.0<br>Score: 0.27 (Alta),0.67,0.6677,150,69.8
SANTA RITA,1145.0,395.0,13.0,3.29,1,1,0,1,14,5,247,0,0,0.345,7.044,0.0,0.87,6.656999999999986,0.0,12.23,0.0,1,1,0,1,0.5091,0.16,7156.25,2468.75,3.182,2.0,-31.4475111531909,-64.1726932933092,3,Tipo D (Infr 0.40 - NBI 2.8%),Muy Alta,<b>SANTA RITA</b><br>Pob: 1145.0<br>Score: 0.51 (Muy Alta),1.0,4.4463,47,90.7
SARGENTO CABRAL,3597.0,1060.0,78.0,7.36,1,1,0,1,9,4,34,0,1,0.295,8.188,0.0,0.28,2.78,0.0,2.5,2.78,1,1,0,1,0.1585,0.36,9991.67,2944.44,0.44,2.0,-31.3761553934638,-64.1930039660383,1,Tipo B (Infr 0.14 - NBI 3.0%),Media,<b>SARGENTO CABRAL</b><br>Pob: 3597.0<br>Score: 0.16 (Media),1.0,0.4406,274,44.7
SARMIENTO,2507.0,785.0,17.0,2.17,5,3,2,0,12,8,23,0,1,0.313,7.827,0.4,1.99,0.0,0.0,4.79,3.99,1,0,0,1,0.2268,0.3,8356.67,2616.67,0.756,1.33,-31.4301438218054,-64.1542666069568,1,Tipo B (Infr 0.14 - NBI 3.0%),Alta,<b>SARMIENTO</b><br>Pob: 2507.0<br>Score: 0.23 (Alta),0.67,0.9047,193,61.1
SEP,1039.0,292.0,7.0,2.4,2,2,0,0,9,6,27,0,1,0.281,6.947,0.0,1.92,0.0,0.0,8.66,9.62,1,0,0,1,0.2936,0.06,17316.67,4866.67,4.893,3.0,-31.4590458861221,-64.1656905708457,1,Tipo B (Infr 0.14 - NBI 3.0%),Alta,<b>SEP</b><br>Pob: 1039.0<br>Score: 0.29 (Alta),0.67,2.8258,139,72.1
SEP SEGUNDA ETAPA,2640.0,759.0,16.0,2.11,0,0,0,0,6,3,0,0,0,0.288,7.879,0.0,0.0,0.0,0.0,2.27,0.0,0,0,0,1,0.042,0.15,17600.0,5060.0,0.28,1.0,-31.459818195198,-64.163901564558,1,Tipo B (Infr 0.14 - NBI 3.0%),Muy Baja,<b>SEP SEGUNDA ETAPA</b><br>Pob: 2640.0<br>Score: 0.04 (Muy Baja),0.33,0.1591,440,11.1
SMATA,2291.0,599.0,2.0,0.33,4,4,0,0,4,2,79,0,2,0.261,7.737,0.0,1.75,0.0,0.0,1.75,8.73,1,0,0,1,0.1538,0.3,7636.67,1996.67,0.513,5.0,-31.4544018167226,-64.2235302714597,1,Tipo B (Infr 0.14 - NBI 3.0%),Media,<b>SMATA</b><br>Pob: 2291.0<br>Score: 0.15 (Media),0.67,0.6713,281,43.3
SOLARES DE SANTA MARIA- ALTOS DE MANANTIALES,650.0,200.0,1.0,0.5,0,0,0,0,0,0,0,0,1,0.308,6.479,0.0,0.0,0.0,0.0,0.0,15.38,0,0,0,0,0.0,,0.0,0.0,0.0,1.0,-31.4605760175949,-64.2244471605241,1,Tipo B (Infr 0.14 - NBI 3.0%),Muy Baja,<b>SOLARES DE SANTA MARIA- ALTOS DE MANANTIALES</b><br>Pob: 650.0<br>Score: 0.00 (Muy Baja),0.0,0.0,469,2.7
SUAREZ,2807.0,762.0,87.0,11.42,4,4,0,0,7,2,26,0,0,0.271,7.94,0.0,1.43,0.0,0.0,2.49,0.0,1,0,0,1,0.1453,0.35,8020.0,2177.14,0.415,5.0,-31.4386525402631,-64.2104488002246,2,Tipo C (Infr 0.16 - NBI 14.4%),Baja,<b>SUAREZ</b><br>Pob: 2807.0<br>Score: 0.15 (Baja),0.67,0.5176,299,39.7
TABLADA PARK,748.0,265.0,0.0,0.0,0,0,0,0,7,11,17,0,0,0.354,6.619,0.0,0.0,0.0,0.0,9.36,0.0,0,0,0,1,0.1733,0.28,2671.43,946.43,0.619,1.0,-31.371014347978,-64.2262528800577,1,Tipo B (Infr 0.14 - NBI 3.0%),Media,<b>TABLADA PARK</b><br>Pob: 748.0<br>Score: 0.17 (Media),0.33,2.3168,249,49.8
TALLERES ESTE,5542.0,1710.0,59.0,3.45,4,4,0,0,18,7,31,0,2,0.309,8.62,0.0,0.72,0.0,0.0,3.25,3.61,1,0,0,1,0.1101,0.6,9236.67,2850.0,0.184,5.0,-31.3889614484158,-64.1506644470621,1,Tipo B (Infr 0.14 - NBI 3.0%),Baja,<b>TALLERES ESTE</b><br>Pob: 5542.0<br>Score: 0.11 (Baja),0.67,0.1987,357,27.9
TALLERES OESTE,5925.0,1848.0,62.0,3.35,7,7,0,0,27,9,0,0,0,0.312,8.687,0.0,1.18,0.0,0.0,4.56,0.0,1,0,0,1,0.1663,1.39,4262.59,1329.5,0.12,8.0,-31.3901962264128,-64.1589426196123,1,Tipo B (Infr 0.14 - NBI 3.0%),Media,<b>TALLERES OESTE</b><br>Pob: 5925.0<br>Score: 0.17 (Media),0.67,0.2807,260,47.6
TALLERES SUD,3940.0,1027.0,145.0,14.12,0,0,0,0,4,1,18,0,1,0.261,8.279,0.0,0.0,0.0,0.0,1.02,2.54,0,0,0,1,0.0189,0.48,8208.33,2139.58,0.039,1.0,-31.4395334252609,-64.1342425341031,2,Tipo C (Infr 0.16 - NBI 14.4%),Muy Baja,<b>TALLERES SUD</b><br>Pob: 3940.0<br>Score: 0.02 (Muy Baja),0.33,0.048,463,6.5
TEJAS DEL SUR,1454.0,406.0,5.0,1.23,0,0,0,0,0,0,3,0,0,0.279,7.283,0.0,0.0,0.0,0.0,0.0,0.0,0,0,0,0,0.0,0.28,5192.86,1450.0,0.0,1.0,-31.4623776512352,-64.1901622837599,1,Tipo B (Infr 0.14 - NBI 3.0%),Muy Baja,<b>TEJAS DEL SUR</b><br>Pob: 1454.0<br>Score: 0.00 (Muy Baja),0.0,0.0,469,2.7
TEJAS II,687.0,200.0,6.0,3.0,0,0,0,0,1,1,0,0,0,0.291,6.534,0.0,0.0,0.0,0.0,1.46,0.0,0,0,0,1,0.027,0.48,1431.25,416.67,0.056,1.0,-31.4786597752331,-64.1992317699973,1,Tipo B (Infr 0.14 - NBI 3.0%),Muy Baja,<b>TEJAS II</b><br>Pob: 687.0<br>Score: 0.03 (Muy Baja),0.33,0.393,458,7.5
TENIENTE BENJAMIN MATIENZO,6873.0,2080.0,45.0,2.16,6,2,4,0,17,4,274,0,1,0.303,8.836,0.667,0.87,0.0,0.0,2.47,1.45,1,0,0,1,0.1061,0.99,6942.42,2101.01,0.107,0.6,-31.4413948429374,-64.2375452199026,1,Tipo B (Infr 0.14 - NBI 3.0%),Baja,<b>TENIENTE BENJAMIN MATIENZO</b><br>Pob: 6873.0<br>Score: 0.11 (Baja),0.67,0.1544,364,26.5
TEODORO FELDS,3542.0,1258.0,5.0,0.4,2,1,1,0,24,7,329,0,1,0.355,8.173,0.5,0.56,0.0,0.0,6.78,2.82,1,0,0,1,0.1644,0.75,4722.67,1677.33,0.219,1.0,-31.400399552588,-64.249188644474,1,Tipo B (Infr 0.14 - NBI 3.0%),Media,<b>TEODORO FELDS</b><br>Pob: 3542.0<br>Score: 0.16 (Media),0.67,0.4641,267,46.2
TRANVIARIOS,2245.0,720.0,16.0,2.22,0,0,0,0,20,6,12,0,1,0.321,7.717,0.0,0.0,0.0,0.0,8.91,4.45,0,0,0,1,0.165,0.27,8314.81,2666.67,0.611,1.0,-31.4095065222609,-64.2281773518277,1,Tipo B (Infr 0.14 - NBI 3.0%),Media,<b>TRANVIARIOS</b><br>Pob: 2245.0<br>Score: 0.17 (Media),0.33,0.735,264,46.7
UOCRA,1906.0,582.0,25.0,4.3,3,3,0,0,16,2,71,0,1,0.305,7.553,0.0,1.57,0.0,0.0,8.39,5.25,1,0,0,1,0.2643,0.31,6148.39,1877.42,0.853,4.0,-31.3226062886296,-64.2653478417105,1,Tipo B (Infr 0.14 - NBI 3.0%),Alta,<b>UOCRA</b><br>Pob: 1906.0<br>Score: 0.26 (Alta),0.67,1.3867,153,69.2
URCA,3308.0,1073.0,19.0,1.77,5,3,2,0,13,3,147,0,0,0.324,8.104,0.4,1.51,0.0,0.0,3.93,0.0,1,0,0,1,0.1776,0.66,5012.12,1625.76,0.269,1.33,-31.3825291437329,-64.237176476034,1,Tipo B (Infr 0.14 - NBI 3.0%),Media,<b>URCA</b><br>Pob: 3308.0<br>Score: 0.18 (Media),0.67,0.5369,246,50.4
URITORCO,500.0,200.0,1.0,0.5,0,0,0,0,10,7,41,0,0,0.4,6.217,0.0,0.0,0.0,0.0,20.0,0.0,0,0,0,1,0.3704,0.08,6250.0,2500.0,4.63,1.0,-31.4007024648215,-64.2348551534556,3,Tipo D (Infr 0.40 - NBI 2.8%),Muy Alta,<b>URITORCO</b><br>Pob: 500.0<br>Score: 0.37 (Muy Alta),0.33,7.408,90,81.8
URQUIZA,5578.0,1562.0,160.0,10.24,1,1,0,1,4,2,17,0,1,0.28,8.627,0.0,0.18,1.79,0.0,0.72,1.79,1,1,0,1,0.0856,0.55,10141.82,2840.0,0.156,2.0,-31.438642250908,-64.1474823201876,2,Tipo C (Infr 0.16 - NBI 14.4%),Baja,<b>URQUIZA</b><br>Pob: 5578.0<br>Score: 0.09 (Baja),1.0,0.1535,389,21.5
VALLE DEL CERRO,701.0,216.0,0.0,0.0,1,0,1,0,5,2,65,0,1,0.308,6.554,1.0,1.43,0.0,0.0,7.13,14.27,1,0,0,1,0.2313,0.24,2920.83,900.0,0.964,0.5,-31.3714184962642,-64.2403575253101,1,Tipo B (Infr 0.14 - NBI 3.0%),Alta,<b>VALLE DEL CERRO</b><br>Pob: 701.0<br>Score: 0.23 (Alta),0.67,3.2996,187,62.3
VASQUEZ,500.0,200.0,13.0,6.5,0,0,0,0,4,1,0,0,0,0.4,6.217,0.0,0.0,0.0,0.0,8.0,0.0,0,0,0,1,0.1481,0.07,7142.86,2857.14,2.116,1.0,-31.4814988423669,-64.1311415524934,1,Tipo B (Infr 0.14 - NBI 3.0%),Media,<b>VASQUEZ</b><br>Pob: 500.0<br>Score: 0.15 (Media),0.33,2.962,288,41.2
VICOR,500.0,200.0,3.0,1.5,3,3,0,1,10,2,72,0,2,0.4,6.217,0.0,4.8035,6.656999999999986,0.0,20.0,40.0,1,1,0,1,0.9259,0.05,10000.0,4000.0,18.518,4.0,-31.4779710996914,-64.2476088717772,0,Tipo A (Infr 0.57 - NBI 4.5%),Muy Alta,<b>VICOR</b><br>Pob: 500.0<br>Score: 0.93 (Muy Alta),1.0,18.518,2,99.8
VILLA 4 DE AGOSTO,1620.0,329.0,81.0,24.62,0,0,0,1,4,1,0,0,0,0.203,7.391,0.0,0.0,6.17,0.0,2.47,0.0,0,1,0,1,0.2517,0.1,16200.0,3290.0,2.517,1.0,-31.3709389448169,-64.1908220088431,2,Tipo C (Infr 0.16 - NBI 14.4%),Alta,<b>VILLA 4 DE AGOSTO</b><br>Pob: 1620.0<br>Score: 0.25 (Alta),0.67,1.5537,163,67.2
VILLA 9 DE JULIO,8712.0,2383.0,268.0,11.25,2,2,0,2,10,2,472,0,2,0.274,9.073,0.0,0.23,2.3,0.0,1.15,2.3,1,1,0,1,0.114,1.99,4377.89,1197.49,0.057,3.0,-31.329018947509,-64.270839671136,2,Tipo C (Infr 0.16 - NBI 14.4%),Baja,<b>VILLA 9 DE JULIO</b><br>Pob: 8712.0<br>Score: 0.11 (Baja),1.0,0.1309,337,32.0
VILLA ADELA,3684.0,1088.0,56.0,5.15,10,8,2,1,14,3,278,0,1,0.295,8.212,0.2,2.71,2.71,0.0,3.8,2.71,1,1,0,1,0.3489,0.53,6950.94,2052.83,0.658,3.0,-31.4354459009998,-64.247507386986,1,Tipo B (Infr 0.14 - NBI 3.0%),Alta,<b>VILLA ADELA</b><br>Pob: 3684.0<br>Score: 0.35 (Alta),1.0,0.9471,102,79.6
VILLA ALBERDI,2014.0,547.0,44.0,8.04,1,1,0,0,15,6,11,0,0,0.272,7.608,0.0,0.5,0.0,0.0,7.45,0.0,1,0,0,1,0.1727,0.3,6713.33,1823.33,0.576,2.0,-31.3934888286527,-64.2358376189342,1,Tipo B (Infr 0.14 - NBI 3.0%),Media,<b>VILLA ALBERDI</b><br>Pob: 2014.0<br>Score: 0.17 (Media),0.67,0.8575,250,49.6
VILLA ALBERTO,876.0,200.0,25.0,12.5,3,3,0,0,5,1,3,0,1,0.228,6.777,0.0,3.42,0.0,0.0,5.71,11.42,1,0,0,1,0.3431,0.53,1652.83,377.36,0.647,4.0,-31.4161416393993,-64.2666051276845,0,Tipo A (Infr 0.57 - NBI 4.5%),Alta,<b>VILLA ALBERTO</b><br>Pob: 876.0<br>Score: 0.34 (Alta),0.67,3.9167,105,78.9
VILLA ALICIA RISLER,3062.0,797.0,100.0,12.55,2,2,0,0,11,1,85,0,1,0.26,8.027,0.0,0.65,0.0,0.0,3.59,3.27,1,0,0,1,0.1116,0.4,7655.0,1992.5,0.279,3.0,-31.3114354632522,-64.1804311454914,2,Tipo C (Infr 0.16 - NBI 14.4%),Baja,<b>VILLA ALICIA RISLER</b><br>Pob: 3062.0<br>Score: 0.11 (Baja),0.67,0.3645,346,30.2
VILLA ALLENDE PARQUE,5601.0,1512.0,138.0,9.13,3,3,0,1,29,3,85,0,1,0.27,8.631,0.0,0.54,1.79,0.0,5.18,1.79,1,1,0,1,0.1932,1.31,4275.57,1154.2,0.147,4.0,-31.3138838412422,-64.2821735904198,2,Tipo C (Infr 0.16 - NBI 14.4%),Media,<b>VILLA ALLENDE PARQUE</b><br>Pob: 5601.0<br>Score: 0.19 (Media),1.0,0.3449,229,53.8
VILLA ARGENTINA,966.0,313.0,3.0,0.96,0,0,0,0,7,3,96,0,0,0.324,6.874,0.0,0.0,0.0,0.0,7.25,0.0,0,0,0,1,0.1343,0.13,7430.77,2407.69,1.033,1.0,-31.431052918483,-64.1354526357973,1,Tipo B (Infr 0.14 - NBI 3.0%),Baja,<b>VILLA ARGENTINA</b><br>Pob: 966.0<br>Score: 0.13 (Baja),0.33,1.3903,313,36.7
VILLA ASPACIA,2319.0,607.0,43.0,7.08,0,0,0,0,8,2,52,0,1,0.262,7.749,0.0,0.0,0.0,0.0,3.45,4.31,0,0,0,1,0.0639,0.41,5656.1,1480.49,0.156,1.0,-31.4430863044472,-64.2474522379448,1,Tipo B (Infr 0.14 - NBI 3.0%),Muy Baja,<b>VILLA ASPACIA</b><br>Pob: 2319.0<br>Score: 0.06 (Muy Baja),0.33,0.2755,426,14.0
VILLA AVALOS,1364.0,350.0,88.0,25.14,0,0,0,0,0,0,17,0,2,0.257,7.219,0.0,0.0,0.0,0.0,0.0,14.66,0,0,0,0,0.0,0.71,1921.13,492.96,0.0,1.0,-31.4159890689732,-64.2431944869072,2,Tipo C (Infr 0.16 - NBI 14.4%),Muy Baja,<b>VILLA AVALOS</b><br>Pob: 1364.0<br>Score: 0.00 (Muy Baja),0.0,0.0,469,2.7
VILLA AZALAIS,7680.0,2225.0,140.0,6.29,8,6,2,1,8,1,54,0,1,0.29,8.947,0.25,1.04,1.3,0.0,1.04,1.3,1,1,0,1,0.1348,0.88,8727.27,2528.41,0.153,2.33,-31.3733605910932,-64.1519055061196,1,Tipo B (Infr 0.14 - NBI 3.0%),Baja,<b>VILLA AZALAIS</b><br>Pob: 7680.0<br>Score: 0.13 (Baja),1.0,0.1755,311,37.2
VILLA AZALAIS ANEXO,500.0,200.0,13.0,6.5,0,0,0,0,2,2,0,0,0,0.4,6.217,0.0,0.0,0.0,0.0,4.0,0.0,0,0,0,1,0.0741,0.13,3846.15,1538.46,0.57,1.0,-31.3651524446768,-64.1617435194703,1,Tipo B (Infr 0.14 - NBI 3.0%),Muy Baja,<b>VILLA AZALAIS ANEXO</b><br>Pob: 500.0<br>Score: 0.07 (Muy Baja),0.33,1.482,406,17.5
VILLA AZALAIS OESTE,1121.0,319.0,14.0,4.39,6,6,0,1,9,3,11,0,0,0.285,7.023,0.0,4.8035,6.656999999999986,0.0,8.03,0.0,1,1,0,1,0.7043,0.22,5095.45,1450.0,3.201,7.0,-31.3679277643136,-64.1748905214047,0,Tipo A (Infr 0.57 - NBI 4.5%),Muy Alta,<b>VILLA AZALAIS OESTE</b><br>Pob: 1121.0<br>Score: 0.70 (Muy Alta),1.0,6.2828,16,97.0
VILLA BELGRANO,5152.0,1554.0,24.0,1.54,10,2,8,0,16,3,417,0,0,0.302,8.547,0.8,1.94,0.0,0.0,3.11,0.0,1,0,0,1,0.1922,2.59,1989.19,600.0,0.074,0.33,-31.3593223550694,-64.2502732108312,1,Tipo B (Infr 0.14 - NBI 3.0%),Media,<b>VILLA BELGRANO</b><br>Pob: 5152.0<br>Score: 0.19 (Media),0.67,0.3731,230,53.6
VILLA BUSTOS,2219.0,538.0,54.0,10.04,5,5,0,1,10,2,23,0,1,0.242,7.705,0.0,2.25,4.51,0.0,4.51,4.51,1,1,0,1,0.3902,0.32,6934.38,1681.25,1.219,6.0,-31.4380459286388,-64.1118196733192,2,Tipo C (Infr 0.16 - NBI 14.4%),Muy Alta,<b>VILLA BUSTOS</b><br>Pob: 2219.0<br>Score: 0.39 (Muy Alta),1.0,1.7584,84,83.2
VILLA CABRERA,6437.0,2336.0,28.0,1.2,8,4,4,0,15,13,755,0,1,0.363,8.77,0.5,1.24,0.0,0.0,2.33,1.55,1,0,0,1,0.1292,1.13,5696.46,2067.26,0.114,1.0,-31.3873896225332,-64.2107766574213,1,Tipo B (Infr 0.14 - NBI 3.0%),Baja,<b>VILLA CABRERA</b><br>Pob: 6437.0<br>Score: 0.13 (Baja),0.67,0.2007,318,35.8
VILLA CENTENARIO,2331.0,847.0,13.0,1.53,3,3,0,0,3,9,17,0,0,0.363,7.754,0.0,1.29,0.0,0.0,1.29,0.0,1,0,0,1,0.1134,0.49,4757.14,1728.57,0.231,4.0,-31.3655136474965,-64.2308900849635,1,Tipo B (Infr 0.14 - NBI 3.0%),Baja,<b>VILLA CENTENARIO</b><br>Pob: 2331.0<br>Score: 0.11 (Baja),0.67,0.4865,339,31.6
VILLA CLARET,500.0,200.0,4.0,2.0,1,0,1,0,11,4,11,0,0,0.4,6.217,1.0,2.0,0.0,0.0,22.0,0.0,1,0,0,1,0.5462,0.06,8333.33,3333.33,9.103,0.5,-31.346764951577,-64.238479952604,3,Tipo D (Infr 0.40 - NBI 2.8%),Muy Alta,<b>VILLA CLARET</b><br>Pob: 500.0<br>Score: 0.55 (Muy Alta),0.67,10.924,37,92.7
VILLA CLAUDINA,500.0,200.0,6.0,3.0,3,3,0,0,9,2,0,0,0,0.4,6.217,0.0,4.8035,0.0,0.0,18.0,0.0,1,0,0,1,0.6667,0.04,12500.0,5000.0,16.667,4.0,-31.3886748687489,-64.1225564917819,0,Tipo A (Infr 0.57 - NBI 4.5%),Muy Alta,<b>VILLA CLAUDINA</b><br>Pob: 500.0<br>Score: 0.67 (Muy Alta),0.67,13.334,20,95.9
VILLA CORINA,4622.0,1373.0,78.0,5.68,7,1,6,0,15,2,38,0,1,0.297,8.439,0.857,1.51,0.0,0.0,3.25,2.16,1,0,0,1,0.165,0.57,8108.77,2408.77,0.289,0.29,-31.3753122407543,-64.1446975348582,1,Tipo B (Infr 0.14 - NBI 3.0%),Media,<b>VILLA CORINA</b><br>Pob: 4622.0<br>Score: 0.17 (Media),0.67,0.357,264,46.7
VILLA CORNU,7274.0,1908.0,144.0,7.55,3,3,0,0,0,0,13,0,0,0.262,8.892,0.0,0.41,0.0,0.0,0.0,0.0,1,0,0,0,0.0285,0.76,9571.05,2510.53,0.038,4.0,-31.31516378474725,-64.26416452459095,1,Tipo B (Infr 0.14 - NBI 3.0%),Muy Baja,<b>VILLA CORNU</b><br>Pob: 7274.0<br>Score: 0.03 (Muy Baja),0.33,0.0392,456,7.9
VILLA CORONEL OLMEDO,3719.0,1052.0,66.0,6.27,6,6,0,1,23,4,46,0,1,0.283,8.221,0.0,1.61,2.69,0.0,6.18,2.69,1,1,0,1,0.316,0.45,8264.44,2337.78,0.702,7.0,-31.4808392426478,-64.1415667955082,1,Tipo B (Infr 0.14 - NBI 3.0%),Alta,<b>VILLA CORONEL OLMEDO</b><br>Pob: 3719.0<br>Score: 0.32 (Alta),1.0,0.8497,119,76.1
VILLA EL LIBERTADOR,58648.0,15082.0,2096.0,13.9,26,17,9,1,21,6,145,1,0,0.257,10.979,0.346,0.44,0.17,0.17,0.36,0.0,1,1,1,1,0.055,7.02,8354.42,2148.43,0.008,1.8,-31.4831663693664,-64.22405825134055,4,Tipo E (Infr 0.11 - NBI 5.5%),Muy Baja,<b>VILLA EL LIBERTADOR</b><br>Pob: 58648.0<br>Score: 0.06 (Muy Baja),1.0,0.0094,432,12.8
VILLA ESQUIU,834.0,224.0,18.0,8.04,4,4,0,1,7,1,0,0,0,0.269,6.727,0.0,4.8,6.656999999999986,0.0,8.39,0.0,1,1,0,1,0.7107,3.13,266.45,71.57,0.227,5.0,-31.3581731705604,-64.106364790417,0,Tipo A (Infr 0.57 - NBI 4.5%),Muy Alta,<b>VILLA ESQUIU</b><br>Pob: 834.0<br>Score: 0.71 (Muy Alta),1.0,8.5216,14,97.4
VILLA EUCARISTICA,1404.0,366.0,6.0,1.64,3,0,3,0,0,0,9,0,2,0.261,7.248,1.0,2.14,0.0,0.0,0.0,14.25,1,0,0,0,0.1485,4.69,299.36,78.04,0.032,0.25,-31.4821048973798,-64.1788372981638,1,Tipo B (Infr 0.14 - NBI 3.0%),Media,<b>VILLA EUCARISTICA</b><br>Pob: 1404.0<br>Score: 0.15 (Media),0.33,1.0577,287,42.1
VILLA GENERAL URQUIZA,6010.0,1524.0,261.0,17.13,6,3,3,1,12,4,45,0,2,0.254,8.701,0.5,1.0,1.66,0.0,2.0,3.33,1,1,0,1,0.1618,0.88,6829.55,1731.82,0.184,1.0,-31.3909913330131,-64.2417974420032,2,Tipo C (Infr 0.16 - NBI 14.4%),Media,<b>VILLA GENERAL URQUIZA</b><br>Pob: 6010.0<br>Score: 0.16 (Media),1.0,0.2692,270,45.5
VILLA GRAN PARQUE,581.0,200.0,11.0,5.5,0,0,0,0,0,0,81,0,1,0.344,6.366,0.0,0.0,0.0,0.0,0.0,17.21,0,0,0,0,0.0,3.91,148.59,51.15,0.0,1.0,-31.3271029528563,-64.1616106373206,1,Tipo B (Infr 0.14 - NBI 3.0%),Muy Baja,<b>VILLA GRAN PARQUE</b><br>Pob: 581.0<br>Score: 0.00 (Muy Baja),0.0,0.0,469,2.7
VILLA LA MERCED,1325.0,280.0,61.0,21.79,3,3,0,1,6,1,0,0,0,0.211,7.19,0.0,2.26,6.656999999999986,0.0,4.53,0.0,1,1,0,1,0.4629,0.45,2944.44,622.22,1.029,4.0,-31.4082708450202,-64.0642238571163,2,Tipo C (Infr 0.16 - NBI 14.4%),Muy Alta,<b>VILLA LA MERCED</b><br>Pob: 1325.0<br>Score: 0.46 (Muy Alta),1.0,3.4936,56,88.9
VILLA MAFEKIN,1923.0,542.0,44.0,8.12,3,3,0,0,14,3,0,0,1,0.282,7.562,0.0,1.56,0.0,0.0,7.28,5.2,1,0,0,1,0.2431,0.39,4930.77,1389.74,0.623,4.0,-31.4022481112785,-64.2569491260768,1,Tipo B (Infr 0.14 - NBI 3.0%),Alta,<b>VILLA MAFEKIN</b><br>Pob: 1923.0<br>Score: 0.24 (Alta),0.67,1.2642,175,64.8
VILLA MARTA,981.0,340.0,2.0,0.59,0,0,0,0,8,3,29,0,0,0.347,6.89,0.0,0.0,0.0,0.0,8.15,0.0,0,0,0,1,0.1509,0.14,7007.14,2428.57,1.078,1.0,-31.3608191633499,-64.2281814784385,1,Tipo B (Infr 0.14 - NBI 3.0%),Media,<b>VILLA MARTA</b><br>Pob: 981.0<br>Score: 0.15 (Media),0.33,1.5382,283,42.9
VILLA MARTINEZ,3496.0,826.0,169.0,20.46,3,3,0,0,9,2,4,0,1,0.236,8.16,0.0,0.86,0.0,0.0,2.57,2.86,1,0,0,1,0.1073,0.37,9448.65,2232.43,0.29,4.0,-31.4160857927922,-64.2507310219899,2,Tipo C (Infr 0.16 - NBI 14.4%),Baja,<b>VILLA MARTINEZ</b><br>Pob: 3496.0<br>Score: 0.11 (Baja),0.67,0.3069,361,27.1
VILLA PAEZ,4861.0,1428.0,105.0,7.35,7,4,3,1,12,4,140,0,1,0.294,8.489,0.429,1.44,2.06,0.0,2.47,2.06,1,1,0,1,0.2144,0.57,8528.07,2505.26,0.376,1.25,-31.3959348360502,-64.2060005908958,1,Tipo B (Infr 0.14 - NBI 3.0%),Media,<b>VILLA PAEZ</b><br>Pob: 4861.0<br>Score: 0.21 (Media),1.0,0.4411,207,58.3
VILLA QUISQUIZACATE,1477.0,421.0,13.0,3.09,1,1,0,0,6,2,152,0,1,0.285,7.298,0.0,0.68,0.0,0.0,4.06,6.77,1,0,0,1,0.1224,0.83,1779.52,507.23,0.147,2.0,-31.3331577606987,-64.2818486053848,1,Tipo B (Infr 0.14 - NBI 3.0%),Baja,<b>VILLA QUISQUIZACATE</b><br>Pob: 1477.0<br>Score: 0.12 (Baja),0.67,0.8287,325,34.1
VILLA RETIRO,910.0,258.0,16.0,6.2,6,3,3,0,3,2,53,0,1,0.284,6.815,0.5,4.8035,0.0,0.0,3.3,10.99,1,0,0,1,0.3944,2.72,334.56,94.85,0.145,1.0,-31.336307674505548,-64.145948137302,0,Tipo A (Infr 0.57 - NBI 4.5%),Muy Alta,<b>VILLA RETIRO</b><br>Pob: 910.0<br>Score: 0.39 (Muy Alta),0.67,4.3341,80,84.0
VILLA REVOL,4327.0,1341.0,58.0,4.33,2,2,0,0,10,4,298,0,1,0.31,8.373,0.0,0.46,0.0,0.0,2.31,2.31,1,0,0,1,0.0747,0.47,9206.38,2853.19,0.159,3.0,-31.4435550254359,-64.1727065975052,1,Tipo B (Infr 0.14 - NBI 3.0%),Muy Baja,<b>VILLA REVOL</b><br>Pob: 4327.0<br>Score: 0.07 (Muy Baja),0.67,0.1726,405,18.2
VILLA REVOL ANEXO,876.0,258.0,31.0,12.02,1,1,0,0,6,5,16,1,0,0.295,6.777,0.0,1.14,0.0,1.5584999999999962,6.85,0.0,1,0,1,1,0.3171,0.19,4610.53,1357.89,1.669,2.0,-31.4370580300058,-64.1699676689109,2,Tipo C (Infr 0.16 - NBI 14.4%),Alta,<b>VILLA REVOL ANEXO</b><br>Pob: 876.0<br>Score: 0.32 (Alta),0.67,3.6199,116,76.7
VILLA RIVADAVIA,876.0,226.0,49.0,21.68,5,5,0,1,23,1,0,0,1,0.258,6.777,0.0,4.8035,6.656999999999986,0.0,24.0,11.42,1,1,0,1,1.0,0.18,4866.67,1255.56,5.556,6.0,-31.5130596771592,-64.1945915895642,0,Tipo A (Infr 0.57 - NBI 4.5%),Muy Alta,<b>VILLA RIVADAVIA</b><br>Pob: 876.0<br>Score: 1.00 (Muy Alta),1.0,11.4155,1,100.0
VILLA RIVERA INDARTE,4473.0,1207.0,62.0,5.14,13,5,8,1,20,2,121,0,1,0.27,8.406,0.615,2.91,2.24,0.0,4.47,2.24,1,1,0,1,0.3595,2.02,2214.36,597.52,0.178,0.67,-31.3254407068763,-64.2939456332099,0,Tipo A (Infr 0.57 - NBI 4.5%),Muy Alta,<b>VILLA RIVERA INDARTE</b><br>Pob: 4473.0<br>Score: 0.36 (Muy Alta),1.0,0.8037,97,80.6
VILLA SAN CARLOS,507.0,200.0,15.0,7.5,9,6,3,0,8,4,4,0,1,0.394,6.23,0.333,4.8035,0.0,0.0,15.78,19.72,1,0,0,1,0.6256,0.19,2668.42,1052.63,3.293,1.75,-31.4620977600299,-64.1700416939278,0,Tipo A (Infr 0.57 - NBI 4.5%),Muy Alta,<b>VILLA SAN CARLOS</b><br>Pob: 507.0<br>Score: 0.63 (Muy Alta),0.67,12.3393,28,94.5
VILLA SAN ISIDRO,844.0,252.0,7.0,2.78,0,0,0,0,9,3,26,0,0,0.299,6.739,0.0,0.0,0.0,0.0,10.66,0.0,0,0,0,1,0.1974,0.12,7033.33,2100.0,1.645,1.0,-31.4575712536414,-64.1881087347359,1,Tipo B (Infr 0.14 - NBI 3.0%),Media,<b>VILLA SAN ISIDRO</b><br>Pob: 844.0<br>Score: 0.20 (Media),0.33,2.3389,224,54.8
VILLA SERRANA,1089.0,275.0,51.0,18.55,2,1,1,0,6,1,1,0,2,0.253,6.994,0.5,1.84,0.0,0.0,5.51,18.37,1,0,0,1,0.2297,0.18,6050.0,1527.78,1.276,1.0,-31.3301623505514,-64.2789046482414,2,Tipo C (Infr 0.16 - NBI 14.4%),Alta,<b>VILLA SERRANA</b><br>Pob: 1089.0<br>Score: 0.23 (Alta),0.67,2.1093,190,61.7
VILLA SIBURU,1333.0,365.0,43.0,11.78,4,4,0,1,8,4,100,0,1,0.274,7.196,0.0,3.0,6.656999999999986,0.0,6.0,7.5,1,1,0,1,0.5415,0.47,2836.17,776.6,1.152,5.0,-31.3956863950044,-64.2305440533676,0,Tipo A (Infr 0.57 - NBI 4.5%),Muy Alta,<b>VILLA SIBURU</b><br>Pob: 1333.0<br>Score: 0.54 (Muy Alta),1.0,4.0623,40,92.1
VILLA SILVANO FUNES,925.0,274.0,15.0,5.47,0,0,0,0,22,7,28,0,1,0.296,6.831,0.0,0.0,0.0,0.0,23.78,10.81,0,0,0,1,0.4404,0.21,4404.76,1304.76,2.097,1.0,-31.3403524658703,-64.251239453436,3,Tipo D (Infr 0.40 - NBI 2.8%),Muy Alta,<b>VILLA SILVANO FUNES</b><br>Pob: 925.0<br>Score: 0.44 (Muy Alta),0.33,4.7611,69,86.2
VILLA SOLFERINO,664.0,200.0,5.0,2.5,0,0,0,0,7,3,11,0,1,0.301,6.5,0.0,0.0,0.0,0.0,10.54,15.06,0,0,0,1,0.1952,0.13,5107.69,1538.46,1.502,1.0,-31.341833627199,-64.2755114664663,1,Tipo B (Infr 0.14 - NBI 3.0%),Media,<b>VILLA SOLFERINO</b><br>Pob: 664.0<br>Score: 0.20 (Media),0.33,2.9398,227,54.3
VILLA UNION,4842.0,1232.0,212.0,17.21,4,4,0,1,16,2,8,0,1,0.254,8.485,0.0,0.83,2.07,0.0,3.3,2.07,1,1,0,1,0.1878,0.92,5263.04,1339.13,0.204,5.0,-31.4250447239479,-64.2651931533667,2,Tipo C (Infr 0.16 - NBI 14.4%),Media,<b>VILLA UNION</b><br>Pob: 4842.0<br>Score: 0.19 (Media),1.0,0.3879,236,52.4
VILLA WARCALDE,624.0,200.0,20.0,10.0,3,0,3,0,5,1,10,0,0,0.321,6.438,1.0,4.8035,0.0,0.0,8.01,0.0,1,0,0,1,0.4817,1.17,533.33,170.94,0.412,0.25,-31.3436875418139,-64.2949561314855,0,Tipo A (Infr 0.57 - NBI 4.5%),Muy Alta,<b>VILLA WARCALDE</b><br>Pob: 624.0<br>Score: 0.48 (Muy Alta),0.67,7.7196,51,89.8
VIVERO NORTE,1571.0,442.0,17.0,3.85,2,2,0,1,8,2,152,0,0,0.281,7.36,0.0,1.27,6.37,0.0,5.09,0.0,1,1,0,1,0.395,0.21,7480.95,2104.76,1.881,3.0,-31.382311576231,-64.1446636862196,1,Tipo B (Infr 0.14 - NBI 3.0%),Muy Alta,<b>VIVERO NORTE</b><br>Pob: 1571.0<br>Score: 0.40 (Muy Alta),1.0,2.5143,79,84.2
YAPEYU,25119.0,7218.0,426.0,5.9,8,8,0,1,6,2,30,0,1,0.287,10.131,0.0,0.32,0.4,0.0,0.24,0.4,1,1,0,1,0.04,0.85,29551.76,8491.76,0.047,9.0,-31.410369494566265,-64.14616987081894,4,Tipo E (Infr 0.11 - NBI 5.5%),Muy Baja,<b>YAPEYU</b><br>Pob: 25119.0<br>Score: 0.04 (Muy Baja),1.0,0.0159,443,10.5
YOFRE H,3578.0,1016.0,58.0,5.71,2,2,0,0,0,0,267,0,0,0.284,8.183,0.0,0.56,0.0,0.0,0.0,0.0,1,0,0,0,0.0389,1.26,2839.68,806.35,0.031,3.0,-31.38234254247095,-64.12556007490045,1,Tipo B (Infr 0.14 - NBI 3.0%),Muy Baja,<b>YOFRE H</b><br>Pob: 3578.0<br>Score: 0.04 (Muy Baja),0.33,0.1087,446,9.9
YOFRE I,5262.0,1582.0,66.0,4.17,0,0,0,1,15,2,44,0,1,0.301,8.568,0.0,0.0,1.9,0.0,2.85,1.9,0,1,0,1,0.1162,0.28,18792.86,5650.0,0.415,1.0,-31.3900178275939,-64.12771732212764,1,Tipo B (Infr 0.14 - NBI 3.0%),Baja,<b>YOFRE I</b><br>Pob: 5262.0<br>Score: 0.12 (Baja),0.67,0.2208,334,32.6
YOFRE NORTE,6935.0,2180.0,60.0,2.75,9,4,5,0,18,4,46,0,1,0.314,8.844,0.556,1.3,0.0,0.0,2.6,1.44,1,0,0,1,0.1384,0.74,9371.62,2945.95,0.187,0.83,-31.383963889503,-64.1340907794603,1,Tipo B (Infr 0.14 - NBI 3.0%),Baja,<b>YOFRE NORTE</b><br>Pob: 6935.0<br>Score: 0.14 (Baja),0.67,0.1996,306,38.3
YOFRE SUD,5126.0,1543.0,55.0,3.56,3,3,0,0,12,3,321,0,1,0.301,8.542,0.0,0.59,0.0,0.0,2.34,1.95,1,0,0,1,0.0843,0.46,11143.48,3354.35,0.183,4.0,-31.3922689658402,-64.1354610976761,1,Tipo B (Infr 0.14 - NBI 3.0%),Baja,<b>YOFRE SUD</b><br>Pob: 5126.0<br>Score: 0.08 (Baja),0.67,0.1645,390,21.3
ZEPA,1061.0,255.0,36.0,14.12,4,4,0,1,5,3,10,1,2,0.24,6.968,0.0,3.77,6.656999999999986,1.5584999999999962,4.71,18.85,1,1,1,1,0.6822,0.27,3929.63,944.44,2.527,5.0,-31.3894472257739,-64.1064392092923,0,Tipo A (Infr 0.57 - NBI 4.5%),Muy Alta,<b>ZEPA</b><br>Pob: 1061.0<br>Score: 0.68 (Muy Alta),1.0,6.4298,17,96.8
