barrio,poblacion,hogares,nbi,pct_nbi,escuelas_total,escuelas_estatales,escuelas_privadas,dispensarios_municipales,paradas_colectivo,lineas_colectivo,luminarias_reportes,comisarias,centros_vecinales,hogares_por_poblacion,poblacion_log,pct_escuelas_privadas,escuelas_por_1000_hab,dispensarios_por_10000_hab,comisarias_por_10000_hab,paradas_por_1000_hab,centros_vecinales_por_10000_hab,tiene_escuela,tiene_dispensario,tiene_comisaria,tiene_transporte,infraestructura_score,area_barrio_km2,densidad_poblacional,densidad_hogares,infraestructura_por_km2,educacion_ratio_publico_privado,centroide_lat,centroide_lon,cluster_barrio,cluster_descripcion,categoria_infraestructura,tooltip_barrio,servicios_basicos_score,infraestructura_por_habitante,ranking_infraestructura,percentil_infraestructura
1 DE MAYO,3.3972,2.5605,2.202,0.1688,0.832,1.0758,0.3978,-0.4858,0.4533,-0.1947,-0.315,-0.2838,1.6826,-0.6295,2.5685,0.621,-0.4994,-0.4167,-0.2758,-0.9182,-0.5236,0.8528,-0.4943,-0.2968,0.2968,-1.019,0.2848,2.1532,1.5229,-0.5075,-0.0407,-31.4359592193562,-64.1176949424045,2.7545,Tipo E (Infr 0.11 - NBI 5.5%),Muy Baja,<b>1 DE MAYO</b><br>Pob: 19996.0<br>Score: 0.04 (Muy Baja),0.4055,-0.7244,1.4026,-1.3855
2 DE SEPTIEMBRE,-0.0639,-0.1832,0.5556,2.8814,-0.3525,-0.3118,-0.3168,1.9142,-0.009,-0.1947,-0.5455,-0.2838,0.3244,-1.5834,0.4738,-0.4469,-0.477,1.6699,-0.2758,-0.3981,-0.1749,0.8528,2.0231,-0.2968,0.2968,0.0119,-0.2549,0.8138,0.1735,-0.1804,-0.0407,-31.3336313559965,-64.2419277567805,0.625,Tipo C (Infr 0.16 - NBI 14.4%),Alta,<b>2 DE SEPTIEMBRE</b><br>Pob: 2624.0<br>Score: 0.23 (Alta),1.6832,-0.4612,-0.4125,0.4157
20 DE JUNIO,-0.4549,-0.3966,-0.1914,1.5641,-0.5499,-0.6587,-0.3168,1.9142,0.4533,0.1885,-0.5151,-0.2838,-1.0337,-0.2133,-0.9481,-0.4469,-0.7611,3.2291,-0.2758,2.6411,-0.6477,-1.1726,2.0231,-0.2968,0.2968,2.3506,-0.3762,1.9213,1.5585,5.3562,-0.6046,-31.38667683145,-64.1637940986309,1.6898,Tipo D (Infr 0.40 - NBI 2.8%),Muy Alta,<b>20 DE JUNIO</b><br>Pob: 661.0<br>Score: 0.67 (Muy Alta),0.4055,2.3523,-1.599,1.5866
23 DE ABRIL,-0.2123,-0.2734,0.1212,1.9665,-0.5499,-0.6587,-0.3168,-0.4858,-0.7487,-0.578,-0.3635,-0.2838,0.3244,-1.5487,0.1292,-0.4469,-0.7611,-0.4167,-0.2758,-0.7955,0.0124,-1.1726,-0.4943,-0.2968,0.2968,-1.07,-0.2913,0.7159,0.1222,-0.4621,-0.6046,-31.4576861165788,-64.1279620826956,0.625,Tipo C (Infr 0.16 - NBI 14.4%),Muy Baja,<b>23 DE ABRIL</b><br>Pob: 1879.0<br>Score: 0.03 (Muy Baja),-0.9109,-0.6822,1.4732,-1.4548
25 DE MAYO,-0.487,-0.3966,-0.1685,1.83,0.4372,1.0758,-0.3168,-0.4858,0.0835,-0.578,-0.5212,-0.2838,4.3989,1.4691,-1.235,-0.4469,2.8306,-0.4167,-0.2758,2.6411,9.2794,0.8528,-0.4943,-0.2968,0.2968,2.9471,-0.2913,-0.8015,-0.5538,1.0035,2.2152,-31.4900986725101,-64.0823231112529,-1.5044,Tipo A (Infr 0.57 - NBI 4.5%),Muy Alta,<b>25 DE MAYO</b><br>Pob: 500.0<br>Score: 0.78 (Muy Alta),0.4055,4.0241,-1.6979,1.6766
4 DE FEBRERO,-0.4165,-0.3928,-0.2828,0.4525,-0.5499,-0.6587,-0.3168,-0.4858,-0.8411,-0.3864,-0.4787,-0.2838,0.3244,-1.2712,-0.6839,-0.4469,-0.7611,-0.4167,-0.2758,-0.682,0.8054,-1.1726,-0.4943,-0.2968,0.2968,-0.9965,-0.2489,-0.6751,-0.7075,-0.4589,-0.6046,-31.4561267034649,-64.1456965562471,-0.4397,Tipo B (Infr 0.14 - NBI 3.0%),Muy Baja,<b>4 DE FEBRERO</b><br>Pob: 854.0<br>Score: 0.04 (Muy Baja),-0.9109,-0.5754,1.3531,-1.3371
ACHAVAL PENA,-0.4364,-0.3867,-0.3286,-0.1042,-0.5499,-0.6587,-0.3168,-0.4858,-0.4713,-0.578,-0.0723,-0.2838,-1.0337,-0.4561,-0.8119,-0.4469,-0.7611,-0.4167,-0.2758,0.1803,-0.6477,-1.1726,-0.4943,-0.2968,0.2968,-0.4375,4.4996,-1.3332,-1.1426,-0.5135,-0.6046,-31.436225387803,-64.2040585961533,-0.4397,Tipo B (Infr 0.14 - NBI 3.0%),Baja,<b>ACHAVAL PENA</b><br>Pob: 754.0<br>Score: 0.15 (Baja),-0.9109,-0.1329,0.3573,-0.3464
ACOSTA,0.5115,0.3289,0.6395,0.6812,0.832,1.7696,-0.3168,-0.4858,0.6382,-0.1947,-0.4545,-0.2838,0.3244,-0.6815,1.2395,-0.4469,0.1885,-0.4167,-0.2758,-0.5393,-0.4231,0.8528,-0.4943,-0.2968,0.2968,-0.4306,-0.0245,0.4092,0.1735,-0.4353,3.3431,-31.4236045698365,-64.1235108429697,0.625,Tipo C (Infr 0.16 - NBI 14.4%),Media,<b>ACOSTA</b><br>Pob: 5512.0<br>Score: 0.15 (Media),0.4055,-0.6479,0.2796,-0.2701
AERONAUTICO- VILLA ZEPELLIN,-0.4017,-0.3658,-0.3514,-0.4339,0.2398,0.7289,-0.3168,-0.4858,-0.1014,-0.578,-0.5455,-0.2838,-1.0337,-0.6815,-0.5983,-0.4469,2.4616,-0.4167,-0.2758,0.6129,-0.6477,0.8528,-0.4943,-0.2968,0.2968,1.4486,-0.4005,-1.3516,-1.1573,-0.5199,1.6512,-31.4304095651434,-64.270881350096,-1.5044,Tipo A (Infr 0.57 - NBI 4.5%),Muy Alta,<b>AERONAUTICO- VILLA ZEPELLIN</b><br>Pob: 928.0<br>Score: 0.50 (Muy Alta),0.4055,0.9121,-1.4013,1.3995
AEROPUERTO,-0.487,-0.3966,-0.3667,-0.4747,-0.3525,-0.3118,-0.3168,-0.4858,-0.2864,-0.3864,-0.5455,-0.2838,-1.0337,1.4691,-1.235,-0.4469,0.7343,-0.4167,-0.2758,1.4137,-0.6477,0.8528,-0.4943,-0.2968,0.2968,1.1071,1.4856,-1.3198,-1.1223,-0.4705,-0.0407,-31.3249626672809,-64.1957356859382,1.6898,Tipo D (Infr 0.40 - NBI 2.8%),Muy Alta,<b>AEROPUERTO</b><br>Pob: 500.0<br>Score: 0.44 (Muy Alta),0.4055,1.9293,-1.2388,1.2367
AIRES DEL SUR,-0.487,-0.3966,-0.4048,-0.9179,-0.5499,-0.6587,-0.3168,-0.4858,-0.8411,-0.3864,-0.5455,-0.2838,-1.0337,1.4691,-1.235,-0.4469,-0.7611,-0.4167,-0.2758,-0.4273,-0.6477,-1.1726,-0.4943,-0.2968,0.2968,-0.8311,-0.3641,0.2989,0.6532,-0.0845,-0.6046,-31.4642440553401,-64.1844348530897,-0.4397,Tipo B (Infr 0.14 - NBI 3.0%),Muy Baja,<b>AIRES DEL SUR</b><br>Pob: 500.0<br>Score: 0.07 (Muy Baja),-0.9109,-0.2774,1.1271,-1.1292
ALBERDI,5.934,8.0219,6.1351,0.0625,6.952,4.198,8.2583,-0.4858,3.3196,4.4045,1.6018,5.9468,1.6826,2.7525,3.0772,1.9129,0.1062,-0.4167,1.3884,-0.82,-0.572,0.8528,-0.4943,3.369,0.2968,-0.4198,1.1156,1.2413,2.2113,-0.4987,-0.8302,-31.408369589323,-64.2021742180649,2.7545,Tipo E (Infr 0.11 - NBI 5.5%),Media,<b>ALBERDI</b><br>Pob: 32729.0<br>Score: 0.15 (Media),0.4055,-0.7163,0.2655,-0.2563
ALBORADA NORTE,-0.487,-0.3966,-0.3895,-0.7407,-0.5499,-0.6587,-0.3168,-0.4858,0.5458,0.1885,-0.5455,-0.2838,-1.0337,1.4691,-1.235,-0.4469,-0.7611,-0.4167,-0.2758,2.6411,-0.6477,-1.1726,-0.4943,-0.2968,0.2968,1.1571,-0.3641,0.2989,0.6532,2.0915,-0.6046,-31.3416624086498,-64.2683019408073,1.6898,Tipo D (Infr 0.40 - NBI 2.8%),Muy Alta,<b>ALBORADA NORTE</b><br>Pob: 500.0<br>Score: 0.44 (Muy Alta),-0.9109,1.9861,-1.3236,1.2921
ALBORADA SUR,-0.487,-0.3966,-0.3972,-0.8293,-0.5499,-0.6587,-0.3168,-0.4858,-0.3788,-0.1947,-0.406,-0.2838,-1.0337,1.4691,-1.235,-0.4469,-0.7611,-0.4167,-0.2758,1.1069,-0.6477,-1.1726,-0.4943,-0.2968,0.2968,0.1633,-0.3641,0.2989,0.6532,1.0039,-0.6046,-31.3620500617943,-64.2251144260463,1.6898,Tipo D (Infr 0.40 - NBI 2.8%),Alta,<b>ALBORADA SUR</b><br>Pob: 500.0<br>Score: 0.26 (Alta),-0.9109,0.8547,-0.6385,0.634
ALEJANDRO CENTENO,-0.3414,-0.269,-0.3895,-0.8364,-0.1551,0.0351,-0.3168,-0.4858,-0.1014,-0.1947,-0.4181,-0.2838,0.3244,0.6193,-0.3073,-0.4469,0.4502,-0.4167,-0.2758,0.2048,0.3599,0.8528,-0.4943,-0.2968,0.2968,0.1821,-0.2489,-0.3764,-0.2187,-0.1493,0.5233,-31.3582805289735,-64.231473963748,-0.4397,Tipo B (Infr 0.14 - NBI 3.0%),Alta,<b>ALEJANDRO CENTENO</b><br>Pob: 1231.0<br>Score: 0.26 (Alta),0.4055,-0.0779,-0.6526,0.6547
ALMIRANTE BROWN,-0.3836,-0.3713,-0.3057,0.0181,-0.1551,0.0351,-0.3168,-0.4858,-0.4713,-0.0031,-0.4484,-0.2838,1.6826,-1.2886,-0.5013,-0.4469,0.7044,-0.4167,-0.2758,-0.1373,1.7881,0.8528,-0.4943,-0.2968,0.2968,0.087,-0.3216,0.2008,-0.1295,0.1447,0.5233,-31.4616440154167,-64.0911138850279,-0.4397,Tipo B (Infr 0.14 - NBI 3.0%),Alta,<b>ALMIRANTE BROWN</b><br>Pob: 1019.0<br>Score: 0.25 (Alta),0.4055,0.0048,-0.5255,0.53
ALTA CORDOBA,6.3018,6.402,2.4307,-0.3932,5.9649,3.8511,6.8291,-0.4858,1.8402,0.9551,2.7542,2.8315,-1.0337,0.8274,3.134,1.8158,-0.0508,-0.4167,0.5154,-0.9029,-0.6477,0.8528,-0.4943,3.369,0.2968,-0.6743,2.4983,0.081,0.2699,-0.5121,-0.7907,-31.3903799365102,-64.1842494728698,2.7545,Tipo E (Infr 0.11 - NBI 5.5%),Baja,<b>ALTA CORDOBA</b><br>Pob: 34575.0<br>Score: 0.10 (Baja),0.4055,-0.7212,0.8658,-0.8556
ALTAMIRA,0.6293,0.5357,-0.1304,-0.5811,-0.1551,-0.3118,0.0405,1.9142,0.5458,-0.0031,0.0065,-0.2838,-1.0337,-0.0745,1.3447,1.42,-0.5144,0.4814,-0.2758,-0.6129,-0.6477,0.8528,2.0231,-0.2968,0.2968,-0.5347,0.0362,0.3272,0.2723,-0.4564,-0.6046,-31.4251579009481,-64.1312574377859,-0.4397,Tipo B (Infr 0.14 - NBI 3.0%),Baja,<b>ALTAMIRA</b><br>Pob: 6103.0<br>Score: 0.13 (Baja),1.6832,-0.6656,0.4986,-0.4884
ALTO ALBERDI,5.4843,5.0494,2.5603,-0.2354,7.3468,4.5449,8.6156,1.9142,3.412,1.9132,1.6927,5.9468,1.6826,0.2724,3.0039,1.8867,0.2184,-0.236,1.5248,-0.7985,-0.5658,0.8528,2.0231,3.369,0.2968,-0.2722,1.9525,0.2038,0.2567,-0.5037,-0.8189,-31.4077929131874,-64.219940676278,2.7545,Tipo E (Infr 0.11 - NBI 5.5%),Media,<b>ALTO ALBERDI</b><br>Pob: 30472.0<br>Score: 0.18 (Media),1.6832,-0.7125,-0.017,0.0243
ALTO DE DON BOSCO,-0.4522,-0.39,-0.4048,-0.9179,-0.5499,-0.6587,-0.3168,-0.4858,-1.026,-0.7696,-0.5455,-0.2838,-1.0337,-0.0225,-0.9264,-0.4469,-0.7611,-0.4167,-0.2758,-1.0409,-0.6477,-1.1726,-0.4943,-0.2968,-3.369,-1.2289,0.1029,-1.1906,-1.0185,-0.5199,-0.6046,-31.3869535266229,-64.2657645536358,-0.4397,Tipo B (Infr 0.14 - NBI 3.0%),Muy Baja,<b>ALTO DE DON BOSCO</b><br>Pob: 675.0<br>Score: 0.00 (Muy Baja),-2.1885,-0.7304,1.5721,-1.6419
ALTO DE SANTA ANA,-0.2862,-0.2734,-0.2523,-0.0811,-0.5499,-0.6587,-0.3168,-0.4858,-0.4713,-0.3864,-0.1633,-0.2838,-1.0337,-0.5948,-0.0978,-0.4469,-0.7611,-0.4167,-0.2758,-0.4303,-0.6477,-1.1726,-0.4943,-0.2968,0.2968,-0.8332,-0.0184,-0.8776,-0.7917,-0.4786,-0.6046,-31.4064423364043,-64.2489468672371,-0.4397,Tipo B (Infr 0.14 - NBI 3.0%),Muy Baja,<b>ALTO DE SANTA ANA</b><br>Pob: 1508.0<br>Score: 0.07 (Muy Baja),-0.9109,-0.581,1.1695,-1.1535
ALTO HERMOSO,-0.487,-0.3966,-0.4048,-0.9179,-0.5499,-0.6587,-0.3168,-0.4858,-0.2864,-0.1947,-0.5455,-0.2838,-1.0337,1.4691,-1.235,-0.4469,-0.7611,-0.4167,-0.2758,1.4137,-0.6477,-1.1726,-0.4943,-0.2968,0.2968,0.3619,-0.0851,-1.1612,-0.9483,-0.3189,-0.6046,-31.3302939640896,-64.3052937554776,1.6898,Tipo D (Infr 0.40 - NBI 2.8%),Alta,<b>ALTO HERMOSO</b><br>Pob: 500.0<br>Score: 0.30 (Alta),-0.9109,1.0808,-0.808,0.7968
ALTO PALERMO,-0.4027,-0.3356,-0.4048,-0.9179,-0.3525,-0.3118,-0.3168,-0.4858,1.2855,1.7216,0.4129,-0.2838,-1.0337,0.3764,-0.6035,-0.4469,0.0464,-0.4167,-0.2758,2.6411,-0.6477,0.8528,-0.4943,-0.2968,0.2968,1.5598,-0.2428,-0.6485,-0.5076,0.1845,-0.0407,-31.3756925958522,-64.2247362943992,1.6898,Tipo D (Infr 0.40 - NBI 2.8%),Muy Alta,<b>ALTO PALERMO</b><br>Pob: 923.0<br>Score: 0.52 (Muy Alta),0.4055,0.9895,-1.4436,1.4411
ALTO VERDE,0.2015,0.2013,-0.3819,-0.8772,0.6346,0.0351,1.1124,-0.4858,-0.3788,-0.3864,3.0454,-0.2838,-1.0337,0.1683,0.8969,2.0436,0.3754,-0.4167,-0.2758,-0.7694,-0.6477,0.8528,-0.4943,-0.2968,0.2968,-0.4864,0.1453,-0.4811,-0.3806,-0.4656,-0.8302,-31.3735358226288,-64.2141325964614,-0.4397,Tipo B (Infr 0.14 - NBI 3.0%),Baja,<b>ALTO VERDE</b><br>Pob: 3956.0<br>Score: 0.14 (Baja),0.4055,-0.6235,0.4279,-0.4156
ALTOS DE VELEZ SARSFIELD,-0.2523,-0.2074,-0.3514,-0.6892,-0.3525,-0.3118,-0.3168,-0.4858,-0.1014,-0.0031,0.4857,-0.2838,0.3244,0.151,0.0126,-0.4469,-0.3125,-0.4167,-0.2758,-0.1266,0.0919,0.8528,-0.4943,-0.2968,0.2968,-0.4128,-0.2731,0.231,0.2498,-0.2646,-0.0407,-31.4483323168207,-64.2140975038702,-0.4397,Tipo B (Infr 0.14 - NBI 3.0%),Media,<b>ALTOS DE VELEZ SARSFIELD</b><br>Pob: 1678.0<br>Score: 0.15 (Media),0.4055,-0.4535,0.2514,-0.2424
ALTOS DE VILLA CABRERA,-0.3547,-0.2866,-0.3667,-0.6963,-0.3525,-0.3118,-0.3168,-0.4858,0.6382,1.7216,0.5039,-0.2838,-1.0337,0.4978,-0.3651,-0.4469,-0.1181,-0.4167,-0.2758,1.3309,-0.6477,0.8528,-0.4943,-0.2968,0.2968,0.6288,-0.261,-0.3493,-0.2127,0.0104,-0.0407,-31.3812472018439,-64.2196230940151,1.6898,Tipo D (Infr 0.40 - NBI 2.8%),Alta,<b>ALTOS DE VILLA CABRERA</b><br>Pob: 1164.0<br>Score: 0.35 (Alta),0.4055,0.1781,-1.0058,1.0046
ALTOS SAN MARTIN,-0.3318,-0.2646,-0.3819,-0.7974,-0.5499,-0.6587,-0.3168,-0.4858,-0.3788,-0.3864,0.5281,-0.2838,-1.0337,0.4978,-0.2671,-0.4469,-0.7611,-0.4167,-0.2758,-0.2018,-0.6477,-1.1726,-0.4943,-0.2968,0.2968,-0.6851,-0.267,-0.2002,-0.071,-0.3577,-0.6046,-31.3772325958898,-64.2143578517347,-0.4397,Tipo B (Infr 0.14 - NBI 3.0%),Baja,<b>ALTOS SAN MARTIN</b><br>Pob: 1279.0<br>Score: 0.10 (Baja),-0.9109,-0.4883,0.9153,-0.9006
ALTOS SUD DE SAN VICENTE,-0.3828,-0.3554,-0.2447,0.4365,-0.5499,-0.6587,-0.3168,-0.4858,-0.6562,-0.3864,-0.503,-0.2838,-1.0337,-0.8029,-0.4982,-0.4469,-0.7611,-0.4167,-0.2758,-0.4411,-0.6477,-1.1726,-0.4943,-0.2968,0.2968,-0.8402,-0.3519,1.1811,0.7098,-0.2008,-0.6046,-31.4371311914398,-64.1408888444944,-0.4397,Tipo B (Infr 0.14 - NBI 3.0%),Muy Baja,<b>ALTOS SUD DE SAN VICENTE</b><br>Pob: 1023.0<br>Score: 0.07 (Muy Baja),-0.9109,-0.5141,1.1907,-1.1742
AMEGHINO NORTE,0.1667,0.0478,0.5404,1.2627,-0.3525,-0.3118,-0.3168,1.9142,0.5458,0.5718,-0.0663,-0.2838,0.3244,-0.8376,0.8504,-0.4469,-0.5667,1.0291,-0.2758,-0.3506,-0.3201,0.8528,2.0231,-0.2968,0.2968,-0.2115,-0.0851,0.0885,-0.1044,-0.3915,-0.0407,-31.4291728661583,-64.2372008417107,0.625,Tipo C (Infr 0.16 - NBI 14.4%),Media,<b>AMEGHINO NORTE</b><br>Pob: 3781.0<br>Score: 0.19 (Media),1.6832,-0.5772,-0.0876,0.0936
AMEGHINO SUD,0.1005,0.0946,-0.2676,-0.6254,0.2398,0.7289,-0.3168,-0.4858,1.0081,0.7634,1.535,-0.2838,0.3244,0.0296,0.7555,-0.4469,0.1062,-0.4167,-0.2758,-0.0621,-0.2879,0.8528,-0.4943,-0.2968,0.2968,-0.1626,-0.079,-0.0628,-0.0371,-0.3877,1.6512,-31.4344344120781,-64.2375798932284,-0.4397,Tipo B (Infr 0.14 - NBI 3.0%),Media,<b>AMEGHINO SUD</b><br>Pob: 3449.0<br>Score: 0.20 (Media),0.4055,-0.5544,-0.1724,0.1802
AMPLIACION ALTAMIRA,-0.2087,-0.2294,-0.1228,0.3834,-0.5499,-0.6587,-0.3168,1.9142,0.4533,-0.3864,-0.4909,-0.2838,1.6826,-0.855,0.1395,-0.4469,-0.7611,2.4695,-0.2758,0.2524,0.6602,-1.1726,2.0231,-0.2968,0.2968,0.5536,-0.2974,0.8585,0.453,0.1687,-0.6046,-31.418800365534,-64.130149050924,-0.4397,Tipo B (Infr 0.14 - NBI 3.0%),Alta,<b>AMPLIACION ALTAMIRA</b><br>Pob: 1897.0<br>Score: 0.33 (Alta),0.4055,-0.1955,-0.9493,0.9492
AMPLIACION BENJAMIN MATIENZO,-0.1834,-0.225,0.0068,0.9525,0.2398,0.7289,-0.3168,-0.4858,-0.2864,-0.1947,-0.3028,-0.2838,-1.0337,-1.0804,0.2055,-0.4469,0.7194,-0.4167,-0.2758,-0.435,-0.6477,0.8528,-0.4943,-0.2968,0.2968,-0.0987,-0.1458,-0.3972,-0.4951,-0.3432,1.6512,-31.44629840021855,-64.2349158491345,0.625,Tipo C (Infr 0.16 - NBI 14.4%),Media,<b>AMPLIACION BENJAMIN MATIENZO</b><br>Pob: 2024.0<br>Score: 0.21 (Media),0.4055,-0.4125,-0.243,0.2495
AMPLIACION CABO FARINA,-0.487,-0.3966,-0.3133,0.1458,-0.5499,-0.6587,-0.3168,-0.4858,-0.7487,-0.578,-0.4423,-0.2838,0.3244,1.4691,-1.235,-0.4469,-0.7611,-0.4167,-0.2758,-0.1204,1.8341,-1.1726,-0.4943,-0.2968,0.2968,-0.6324,-0.3701,0.629,1.0153,0.2635,-0.6046,-31.4615420959235,-64.2148780007921,-0.4397,Tipo B (Infr 0.14 - NBI 3.0%),Baja,<b>AMPLIACION CABO FARINA</b><br>Pob: 500.0<br>Score: 0.11 (Baja),-0.9109,-0.0512,0.7104,-0.7274
AMPLIACION EMPALME,0.034,0.0104,-0.2142,-0.4464,-0.5499,-0.6587,-0.3168,1.9142,1.2855,-0.1947,-0.4302,-0.2838,0.3244,-0.2306,0.6503,-0.4469,-0.7611,1.3413,-0.2758,0.191,-0.2494,-1.1726,2.0231,-0.2968,0.2968,0.145,-0.1882,0.4111,0.3015,-0.2622,-0.6046,-31.4317354197924,-64.1252161280049,-0.4397,Tipo B (Infr 0.14 - NBI 3.0%),Alta,<b>AMPLIACION EMPALME</b><br>Pob: 3115.0<br>Score: 0.26 (Alta),0.4055,-0.4793,-0.6103,0.6132
AMPLIACION GENERAL ARTIGAS,-0.1234,-0.1431,-0.2523,-0.3808,-0.5499,-0.6587,-0.3168,-0.4858,-0.9336,-0.7696,-0.0602,-0.2838,1.6826,-0.5428,0.349,-0.4469,-0.7611,-0.4167,-0.2758,-0.975,0.4194,-1.1726,-0.4943,-0.2968,0.2968,-1.186,-0.0972,-0.4307,-0.4392,-0.5142,-0.6046,-31.4632233206896,-64.1958875212659,-0.4397,Tipo B (Infr 0.14 - NBI 3.0%),Muy Baja,<b>AMPLIACION GENERAL ARTIGAS</b><br>Pob: 2325.0<br>Score: 0.01 (Muy Baja),-0.9109,-0.7198,1.558,-1.538
AMPLIACION JARDIN ESPINOSA,-0.4832,-0.3966,-0.4048,-0.9179,-0.5499,-0.6587,-0.3168,-0.4858,-0.1014,-0.0031,0.2309,-0.2838,-1.0337,1.2089,-1.1968,-0.4469,-0.7611,-0.4167,-0.2758,1.9154,-0.6477,-1.1726,-0.4943,-0.2968,0.2968,0.6873,-0.2852,-0.8106,-0.5855,0.1422,-0.6046,-31.4554158322251,-64.1732980577387,1.6898,Tipo D (Infr 0.40 - NBI 2.8%),Alta,<b>AMPLIACION JARDIN ESPINOSA</b><br>Pob: 519.0<br>Score: 0.36 (Alta),-0.9109,1.3714,-1.027,1.0289
AMPLIACION JOSE IGNACIO DIAZ SECCION 2,-0.2115,-0.2701,0.0221,1.3904,-0.3525,-0.3118,-0.3168,1.9142,-0.2864,-0.3864,-0.5455,-0.2838,0.3244,-1.514,0.1312,-0.4469,-0.3648,2.4914,-0.2758,-0.3889,0.0112,0.8528,2.0231,-0.2968,0.2968,0.3426,-0.267,0.3436,-0.0957,-0.051,-0.0407,-31.4509219153054,-64.1466007273166,0.625,Tipo C (Infr 0.16 - NBI 14.4%),Alta,<b>AMPLIACION JOSE IGNACIO DIAZ SECCION 2</b><br>Pob: 1883.0<br>Score: 0.29 (Alta),1.6832,-0.2553,-0.7515,0.7552
AMPLIACION JOSE IGNACIO DIAZ SECCION 3,-0.4535,-0.3966,-0.2371,1.0322,-0.5499,-0.6587,-0.3168,-0.4858,-0.1939,-0.1947,-0.5455,-0.2838,0.3244,-0.2826,-0.9368,-0.4469,-0.7611,-0.4167,-0.2758,1.0256,1.2099,-1.1726,-0.4943,-0.2968,0.2968,0.1101,-0.2974,-0.5734,-0.5183,-0.0027,-0.6046,-31.4507822343279,-64.1432181375558,1.6898,Tipo D (Infr 0.40 - NBI 2.8%),Alta,<b>AMPLIACION JOSE IGNACIO DIAZ SECCION 3</b><br>Pob: 668.0<br>Score: 0.25 (Alta),-0.9109,0.4107,-0.5608,0.5647
AMPLIACION KENNEDY,-0.487,-0.3966,-0.3514,-0.2974,-0.5499,-0.6587,-0.3168,-0.4858,0.0835,-0.1947,-0.4241,-0.2838,-1.0337,1.4691,-1.235,-0.4469,-0.7611,-0.4167,-0.2758,2.6411,-0.6477,-1.1726,-0.4943,-0.2968,0.2968,1.1571,-0.3641,0.2989,0.6532,2.0915,-0.6046,-31.4562968531853,-64.1943881636183,1.6898,Tipo D (Infr 0.40 - NBI 2.8%),Muy Alta,<b>AMPLIACION KENNEDY</b><br>Pob: 500.0<br>Score: 0.44 (Muy Alta),-0.9109,1.9861,-1.3236,1.2921
AMPLIACION LAS PALMAS,-0.238,-0.2245,-0.3133,-0.5031,-0.1551,0.0351,-0.3168,-0.4858,0.7307,0.7634,0.5585,-0.2838,0.3244,-0.3867,0.0559,-0.4469,0.0913,-0.4167,-0.2758,0.6252,0.0608,0.8528,-0.4943,-0.2968,0.2968,0.2755,-0.261,0.1553,0.0542,-0.0905,0.5233,-31.4010828106417,-64.2428597732512,-0.4397,Tipo B (Infr 0.14 - NBI 3.0%),Alta,<b>AMPLIACION LAS PALMAS</b><br>Pob: 1750.0<br>Score: 0.28 (Alta),0.4055,-0.241,-0.7021,0.7032
AMPLIACION LOS ALAMOS,-0.4282,-0.3966,-0.3743,-0.5634,-0.5499,-0.6587,-0.3168,-0.4858,-0.4713,0.3802,-0.5455,-0.2838,-1.0337,-1.0978,-0.7572,-0.4469,-0.7611,-0.4167,-0.2758,0.1174,-0.6477,-1.1726,-0.4943,-0.2968,0.2968,-0.4783,-0.3459,0.3979,0.0497,0.0276,-0.6046,-31.3644166507386,-64.1542919428214,-0.4397,Tipo B (Infr 0.14 - NBI 3.0%),Baja,<b>AMPLIACION LOS ALAMOS</b><br>Pob: 795.0<br>Score: 0.14 (Baja),-0.9109,-0.1929,0.4138,-0.4018
AMPLIACION LOS PLATANOS,-0.3755,-0.3521,-0.3286,-0.2868,-0.5499,-0.6587,-0.3168,-0.4858,-0.5637,-0.3864,-0.4363,-0.2838,0.3244,-0.8723,-0.4611,-0.4469,-0.7611,-0.4167,-0.2758,-0.3168,0.5224,-1.1726,-0.4943,-0.2968,0.2968,-0.7597,-0.3459,0.9811,0.5386,-0.1775,-0.6046,-31.4186010236435,-64.2341405576036,-0.4397,Tipo B (Infr 0.14 - NBI 3.0%),Baja,<b>AMPLIACION LOS PLATANOS</b><br>Pob: 1060.0<br>Score: 0.09 (Baja),-0.9109,-0.4784,0.9859,-0.9733
AMPLIACION PALMAR,-0.3165,-0.2976,-0.359,-0.6378,-0.1551,0.0351,-0.3168,-0.4858,-0.009,-0.3864,-0.503,-0.2838,0.3244,-0.6122,-0.2072,-0.4469,0.338,-0.4167,-0.2758,0.2033,0.2668,0.8528,-0.4943,-0.2968,0.2968,0.1251,-0.3034,0.3269,0.1327,0.0358,0.5233,-31.3875352636237,-64.1202527784613,-0.4397,Tipo B (Infr 0.14 - NBI 3.0%),Alta,<b>AMPLIACION PALMAR</b><br>Pob: 1356.0<br>Score: 0.25 (Alta),0.4055,-0.1619,-0.5961,0.5993
AMPLIACION PANAMERICANO,-0.2788,-0.2162,-0.3286,-0.5829,-0.5499,-0.6587,-0.3168,-0.4858,-0.6562,-0.1947,-0.2179,-0.2838,0.3244,0.4632,-0.0731,-0.4469,-0.7611,-0.4167,-0.2758,-0.6436,0.1551,-1.1726,-0.4943,-0.2968,0.2968,-0.9712,-0.0609,-0.8052,-0.6451,-0.4896,-0.6046,-31.365476066006,-64.1799886672889,-0.4397,Tipo B (Infr 0.14 - NBI 3.0%),Muy Baja,<b>AMPLIACION PANAMERICANO</b><br>Pob: 1545.0<br>Score: 0.05 (Muy Baja),-0.9109,-0.6354,1.3461,-1.3301
AMPLIACION PARQUE SAN CARLOS,-0.3735,-0.3356,-0.3743,-0.6892,-0.5499,-0.6587,-0.3168,-0.4858,-0.6562,-0.3864,-0.5455,-0.2838,-1.0337,-0.4214,-0.4518,-0.4469,-0.7611,-0.4167,-0.2758,-0.4672,-0.6477,-1.1726,-0.4943,-0.2968,0.2968,-0.8569,-0.3338,0.5749,0.3784,-0.2978,-0.6046,-31.4499585215276,-64.1563841653437,-0.4397,Tipo B (Infr 0.14 - NBI 3.0%),Muy Baja,<b>AMPLIACION PARQUE SAN CARLOS</b><br>Pob: 1070.0<br>Score: 0.07 (Muy Baja),-0.9109,-0.5324,1.2401,-1.2227
AMPLIACION POETA LUGONES,-0.0228,-0.0451,-0.3895,-0.8754,-0.3525,-0.3118,-0.3168,-0.4858,-0.1939,-0.3864,0.3462,-0.2838,0.3244,-0.3347,0.5512,-0.4469,-0.4994,-0.4167,-0.2758,-0.5531,-0.2097,0.8528,-0.4943,-0.2968,0.2968,-0.7822,-0.1033,-0.2077,-0.2273,-0.4599,-0.0407,-31.3597595516254,-64.2227669849132,-0.4397,Tipo B (Infr 0.14 - NBI 3.0%),Baja,<b>AMPLIACION POETA LUGONES</b><br>Pob: 2830.0<br>Score: 0.08 (Baja),0.4055,-0.6405,1.0495,-1.0357
AMPLIACION PRIMERO DE MAYO,-0.2499,-0.2927,-0.0999,0.9046,0.0424,-0.6587,0.7551,-0.4858,-0.4713,-0.1947,-0.5455,-0.2838,0.3244,-1.4793,0.0198,3.2869,0.5698,-0.4167,-0.2758,-0.4963,0.0869,0.8528,-0.4943,-0.2968,0.2968,-0.2126,-0.3216,1.2231,0.468,-0.0066,-1.0276,-31.4437153991218,-64.1123370937661,0.625,Tipo C (Infr 0.16 - NBI 14.4%),Media,<b>AMPLIACION PRIMERO DE MAYO</b><br>Pob: 1690.0<br>Score: 0.19 (Media),0.4055,-0.388,-0.0806,0.0866
AMPLIACION PUEYRREDON,-0.2262,-0.2025,-0.2981,-0.4694,0.4372,0.7289,0.0405,-0.4858,0.2684,0.1885,-0.4363,-0.2838,0.3244,-0.1612,0.09,0.2999,1.3026,-0.4167,-0.2758,0.1465,0.0385,0.8528,-0.4943,-0.2968,0.2968,0.5692,-0.261,0.2061,0.1487,-0.0066,0.2413,-31.393666954668,-64.1450821797477,-1.5044,Tipo A (Infr 0.57 - NBI 4.5%),Alta,<b>AMPLIACION PUEYRREDON</b><br>Pob: 1809.0<br>Score: 0.33 (Alta),0.4055,-0.1645,-0.9846,0.9838
AMPLIACION RESIDENCIAL AMERICA,0.5067,0.3751,-0.0008,-0.3311,0.832,0.7289,0.7551,-0.4858,-0.1939,-0.578,0.2613,-0.2838,1.6826,-0.404,1.2353,1.1549,0.196,-0.4167,-0.2758,-0.7893,-0.196,0.8528,-0.4943,-0.2968,0.2968,-0.5889,-0.0427,0.4907,0.3184,-0.4487,-0.4636,-31.376008249888,-64.1612331264453,-0.4397,Tipo B (Infr 0.14 - NBI 3.0%),Baja,<b>AMPLIACION RESIDENCIAL AMERICA</b><br>Pob: 5488.0<br>Score: 0.12 (Baja),0.4055,-0.664,0.5833,-0.5715
AMPLIACION ROSEDAL,0.0356,-0.0589,-0.0999,-0.0475,-0.5499,-0.6587,-0.3168,1.9142,-0.2864,-0.1947,1.1286,-0.2838,0.3244,-0.9417,0.6534,-0.4469,-0.7611,1.3358,-0.2758,-0.6482,-0.2506,-1.1726,2.0231,-0.2968,0.2968,-0.401,-0.2064,0.5813,0.2244,-0.3499,-0.6046,-31.4399633501796,-64.2242393178094,-0.4397,Tipo B (Infr 0.14 - NBI 3.0%),Media,<b>AMPLIACION ROSEDAL</b><br>Pob: 3123.0<br>Score: 0.15 (Media),0.4055,-0.5794,0.2373,-0.2286
AMPLIACION SAN FERNANDO,0.0858,0.0434,-0.0389,-0.067,-0.5499,-0.6587,-0.3168,-0.4858,-0.5637,-0.578,-0.0602,-0.2838,-1.0337,-0.3347,0.7328,-0.4469,-0.7611,-0.4167,-0.2758,-0.8139,-0.6477,-1.1726,-0.4943,-0.2968,0.2968,-1.0818,-0.1821,0.5052,0.3515,-0.4931,-0.6046,-31.4534767190212,-64.1916184339401,-0.4397,Tipo B (Infr 0.14 - NBI 3.0%),Muy Baja,<b>AMPLIACION SAN FERNANDO</b><br>Pob: 3375.0<br>Score: 0.03 (Muy Baja),-0.9109,-0.7055,1.4873,-1.4687
AMPLIACION SAN PABLO,-0.139,-0.1024,-0.3895,-0.8701,0.2398,0.7289,-0.3168,-0.4858,-0.5637,-0.3864,-0.1451,-0.2838,0.3244,0.203,0.3139,-0.4469,0.5698,-0.4167,-0.2758,-0.6988,-0.0955,0.8528,-0.4943,-0.2968,0.2968,-0.3441,-0.2913,1.1208,1.0606,-0.1969,1.6512,-31.4520403999847,-64.1597214554589,-0.4397,Tipo B (Infr 0.14 - NBI 3.0%),Media,<b>AMPLIACION SAN PABLO</b><br>Pob: 2247.0<br>Score: 0.16 (Media),0.4055,-0.5062,0.1384,-0.1281
AMPLIACION URCA,-0.1764,-0.1601,-0.3819,-0.8328,-0.5499,-0.6587,-0.3168,-0.4858,-1.026,-0.7696,-0.5455,-0.2838,-1.0337,-0.1612,0.2231,-0.4469,-0.7611,-0.4167,-0.2758,-1.0409,-0.6477,-1.1726,-0.4943,-0.2968,-3.369,-1.2289,-0.0972,-0.536,-0.4729,-0.5199,-0.6046,-31.3861014776024,-64.2397057643087,-0.4397,Tipo B (Infr 0.14 - NBI 3.0%),Muy Baja,<b>AMPLIACION URCA</b><br>Pob: 2059.0<br>Score: 0.00 (Muy Baja),-2.1885,-0.7304,1.5721,-1.6419
AMPLIACION VELEZ SARSFIELD,-0.2629,-0.2597,-0.2981,-0.3648,-0.5499,-0.6587,-0.3168,-0.4858,-0.1014,-0.0031,-0.2482,-0.2838,-1.0337,-0.6815,-0.0205,-0.4469,-0.7611,-0.4167,-0.2758,-0.0974,-0.6477,-1.1726,-0.4943,-0.2968,0.2968,-0.6174,-0.2852,0.3423,0.1263,-0.3087,-0.6046,-31.4536351703001,-64.2155839465438,-0.4397,Tipo B (Infr 0.14 - NBI 3.0%),Baja,<b>AMPLIACION VELEZ SARSFIELD</b><br>Pob: 1625.0<br>Score: 0.11 (Baja),-0.9109,-0.5161,0.6469,-0.6339
ANA MARIA ZUMARAN,0.119,0.1523,-0.1304,-0.3843,0.832,0.7289,0.7551,-0.4858,-0.4713,-0.0031,1.0862,-0.2838,0.3244,0.3938,0.7834,1.1549,0.7194,-0.4167,-0.2758,-0.7817,-0.2978,0.8528,-0.4943,-0.2968,0.2968,-0.3232,-0.1579,0.4022,0.4695,-0.3711,-0.4636,-31.3788939846699,-64.2012741737084,-0.4397,Tipo B (Infr 0.14 - NBI 3.0%),Media,<b>ANA MARIA ZUMARAN</b><br>Pob: 3542.0<br>Score: 0.17 (Media),0.4055,-0.5848,0.0748,-0.0658
ANEXO LOS ALAMOS,-0.4358,-0.3867,-0.3819,-0.6733,-0.5499,-0.6587,-0.3168,-0.4858,-0.3788,-0.1947,-0.5455,-0.2838,-1.0337,-0.4734,-0.8078,-0.4469,-0.7611,-0.4167,-0.2758,0.3782,-0.6477,-1.1726,-0.4943,-0.2968,0.2968,-0.3092,-0.3762,2.3967,1.8029,0.9898,-0.6046,-31.3666642452745,-64.1594514014465,-0.4397,Tipo B (Infr 0.14 - NBI 3.0%),Media,<b>ANEXO LOS ALAMOS</b><br>Pob: 757.0<br>Score: 0.17 (Media),-0.9109,-0.0387,0.0466,-0.0381
APEADERO LA TABLADA,-0.487,-0.3966,-0.3819,-0.652,-0.5499,-0.6587,-0.3168,-0.4858,-0.8411,-0.3864,-0.3453,-0.2838,-1.0337,1.4691,-1.235,-0.4469,-0.7611,-0.4167,-0.2758,-0.4273,-0.6477,-1.1726,-0.4943,-0.2968,0.2968,-0.8311,-0.3459,-0.2513,0.0497,-0.2297,-0.6046,-31.3520184390118,-64.2355975006689,-0.4397,Tipo B (Infr 0.14 - NBI 3.0%),Muy Baja,<b>APEADERO LA TABLADA</b><br>Pob: 500.0<br>Score: 0.07 (Muy Baja),-0.9109,-0.2774,1.1271,-1.1292
ARGUELLO,2.3749,1.8883,0.2584,-0.5634,4.1881,1.0758,6.4718,-0.4858,0.3609,-0.1947,2.6875,-0.2838,0.3244,-0.3867,2.2631,2.5103,0.4427,-0.4167,-0.2758,-0.886,-0.5646,0.8528,-0.4943,-0.2968,0.2968,-0.5288,2.6196,-0.7604,-0.6824,-0.5107,-0.9994,-31.3461722429859,-64.262051826128,-0.4397,Tipo B (Infr 0.14 - NBI 3.0%),Baja,<b>ARGUELLO</b><br>Pob: 14865.0<br>Score: 0.13 (Baja),0.4055,-0.7036,0.4915,-0.4814
ARGUELLO II,-0.0533,-0.164,0.2888,1.6722,-0.1551,0.0351,-0.3168,-0.4858,-0.7487,-0.578,-0.5455,-0.2838,-1.0337,-1.4273,0.4944,-0.4469,-0.2003,-0.4167,-0.2758,-0.8691,-0.6477,0.8528,-0.4943,-0.2968,0.2968,-0.8381,-0.1943,0.2078,-0.162,-0.4444,0.5233,-31.3247249919385,-64.2422392486779,0.625,Tipo C (Infr 0.16 - NBI 14.4%),Muy Baja,<b>ARGUELLO II</b><br>Pob: 2677.0<br>Score: 0.07 (Muy Baja),0.4055,-0.6473,1.1836,-1.1673
ARGUELLO NORTE,2.5162,1.737,3.7036,1.424,2.0165,3.1573,0.3978,-0.4858,0.8232,-0.1947,-0.1876,2.8315,0.3244,-0.9243,2.3105,0.1281,-0.1405,-0.4167,1.4703,-0.8446,-0.5683,0.8528,-0.4943,3.369,0.2968,-0.5476,1.4067,-0.3165,-0.4138,-0.5047,1.0872,-31.3308180580161,-64.2488448935656,0.625,Tipo C (Infr 0.16 - NBI 14.4%),Baja,<b>ARGUELLO NORTE</b><br>Pob: 15574.0<br>Score: 0.13 (Baja),0.4055,-0.7054,0.5198,-0.5126
ARTURO CAPDEVILA,-0.2244,-0.2404,-0.3514,-0.6609,0.2398,0.7289,-0.3168,-0.4858,0.6382,-0.1947,-0.3999,-0.2838,-1.0337,-0.855,0.0951,-0.4469,0.8839,-0.4167,-0.2758,0.4779,-0.6477,0.8528,-0.4943,-0.2968,0.2968,0.5751,-0.3095,1.0489,0.5953,0.2698,1.6512,-31.3761910181056,-64.131224666199,1.6898,Tipo D (Infr 0.40 - NBI 2.8%),Alta,<b>ARTURO CAPDEVILA</b><br>Pob: 1818.0<br>Score: 0.34 (Alta),0.4055,-0.1655,-0.9916,0.9908
ATE,-0.3938,-0.3284,-0.359,-0.59,-0.5499,-0.6587,-0.3168,-0.4858,0.1759,0.7634,0.6009,-0.2838,0.3244,0.3417,-0.555,-0.4469,-0.7611,-0.4167,-0.2758,1.0194,0.6341,-1.1726,-0.4943,-0.2968,0.2968,0.1063,-0.2913,-0.2865,-0.1796,-0.0326,-0.6046,-31.4341764450624,-64.2307559136671,1.6898,Tipo D (Infr 0.40 - NBI 2.8%),Alta,<b>ATE</b><br>Pob: 968.0<br>Score: 0.25 (Alta),-0.9109,0.0549,-0.5538,0.5578
AVENIDA,-0.3633,-0.313,-0.3743,-0.7158,0.0424,-0.6587,0.7551,-0.4858,-0.5637,0.1885,-0.1087,-0.2838,-1.0337,-0.0225,-0.4033,3.2869,1.2428,-0.4167,-0.2758,-0.3567,-0.6477,0.8528,-0.4943,-0.2968,0.2968,0.2132,-0.3034,0.036,0.0377,0.0721,-1.0276,-31.4281121539283,-64.2169629957844,-0.4397,Tipo B (Infr 0.14 - NBI 3.0%),Alta,<b>AVENIDA</b><br>Pob: 1121.0<br>Score: 0.27 (Alta),0.4055,0.002,-0.6738,0.6755
AYACUCHO,0.2812,0.2827,-0.2904,-0.7318,0.2398,0.0351,0.3978,-0.4858,2.4874,0.7634,0.5767,-0.2838,1.6826,0.2377,0.997,1.42,-0.0732,-0.4167,-0.2758,0.2969,-0.0782,0.8528,-0.4943,-0.2968,0.2968,-0.0193,0.0119,-0.0829,-0.0111,-0.4032,-0.6046,-31.3790860572758,-64.1710426559524,-0.4397,Tipo B (Infr 0.14 - NBI 3.0%),Alta,<b>AYACUCHO</b><br>Pob: 4356.0<br>Score: 0.23 (Alta),0.4055,-0.5723,-0.3701,0.3742
BAJADA DE PIEDRA,-0.4095,-0.3829,-0.2066,1.1315,-0.5499,-0.6587,-0.3168,-0.4858,0.0835,-0.0031,-0.4302,-0.2838,0.3244,-1.0804,-0.6427,-0.4469,-0.7611,-0.4167,-0.2758,1.0302,0.7483,-1.1726,-0.4943,-0.2968,0.2968,0.1133,-0.2489,-0.6473,-0.6684,-0.1673,-0.6046,-31.414768303164,-64.1450691476688,1.6898,Tipo D (Infr 0.40 - NBI 2.8%),Alta,<b>BAJADA DE PIEDRA</b><br>Pob: 889.0<br>Score: 0.25 (Alta),-0.9109,0.1291,-0.5749,0.5785
BAJADA SAN ROQUE,-0.487,-0.3966,-0.3819,-0.652,-0.3525,-0.3118,-0.3168,-0.4858,-0.6562,-0.1947,-0.5455,-0.2838,-1.0337,1.4691,-1.235,-0.4469,0.7343,-0.4167,-0.2758,0.1864,-0.6477,0.8528,-0.4943,-0.2968,0.2968,0.3114,-0.3701,0.629,1.0153,1.5031,-0.0407,-31.4270086711897,-64.2050175366239,-0.4397,Tipo B (Infr 0.14 - NBI 3.0%),Alta,<b>BAJADA SAN ROQUE</b><br>Pob: 500.0<br>Score: 0.29 (Alta),0.4055,1.0234,-0.7162,0.7206
BAJO GALAN,-0.4253,-0.3411,-0.359,-0.5651,-0.3525,-0.3118,-0.3168,-0.4858,1.6553,2.4881,-0.1997,2.8315,0.3244,0.9835,-0.7386,-0.4469,0.1586,-0.4167,3.9761,2.6411,0.8848,0.8528,-0.4943,3.369,0.2968,2.2121,-0.2974,-0.4079,-0.1956,0.8093,-0.0407,-31.393145323592,-64.2020960413652,1.6898,Tipo D (Infr 0.40 - NBI 2.8%),Muy Alta,<b>BAJO GALAN</b><br>Pob: 810.0<br>Score: 0.64 (Muy Alta),0.4055,1.6879,-1.5637,1.5588
BAJO GENERAL PAZ,-0.343,-0.274,-0.3514,-0.6254,0.2398,0.382,0.0405,-0.4858,2.0251,1.3383,-0.412,-0.2838,0.3244,0.5325,-0.3135,0.4866,1.6839,-0.4167,-0.2758,2.6411,0.3673,0.8528,-0.4943,-0.2968,0.2968,2.3759,-0.3156,0.3786,0.4838,1.171,-0.0407,-31.415001699413,-64.1586498297489,-1.5044,Tipo A (Infr 0.57 - NBI 4.5%),Muy Alta,<b>BAJO GENERAL PAZ</b><br>Pob: 1223.0<br>Score: 0.67 (Muy Alta),0.4055,0.9475,-1.6061,1.6039
BARRANCAS DEL SUR,-0.487,-0.3966,-0.4048,-0.9179,-0.5499,-0.6587,-0.3168,-0.4858,-0.7487,-0.3864,-0.5455,-0.2838,-1.0337,1.4691,-1.235,-0.4469,-0.7611,-0.4167,-0.2758,-0.1204,-0.6477,-1.1726,-0.4943,-0.2968,0.2968,-0.6324,-0.3277,-0.5264,-0.252,-0.1934,-0.6046,-31.4629669528025,-64.1843646320929,-0.4397,Tipo B (Infr 0.14 - NBI 3.0%),Baja,<b>BARRANCAS DEL SUR</b><br>Pob: 500.0<br>Score: 0.11 (Baja),-0.9109,-0.0512,0.7104,-0.7274
BELLA VISTA,0.3312,0.2436,0.4946,0.6156,0.4372,1.0758,-0.3168,-0.4858,-0.1939,0.1885,0.9649,-0.2838,-1.0337,-0.3347,1.0547,-0.4469,0.0539,-0.4167,-0.2758,-0.7418,-0.6477,0.8528,-0.4943,-0.2968,0.2968,-0.6287,-0.0851,0.4031,0.2675,-0.4441,2.2152,-31.4310760948932,-64.2017610385703,0.625,Tipo C (Infr 0.16 - NBI 14.4%),Baja,<b>BELLA VISTA</b><br>Pob: 4607.0<br>Score: 0.11 (Baja),0.4055,-0.6562,0.6963,-0.6824
BELLA VISTA OESTE,-0.2224,-0.214,-0.1914,0.0146,-0.5499,-0.6587,-0.3168,-0.4858,-0.6562,-0.578,-0.3574,-0.2838,0.3244,-0.4214,0.1013,-0.4469,-0.7611,-0.4167,-0.2758,-0.705,0.031,-1.1726,-0.4943,-0.2968,0.2968,-1.011,-0.2974,0.7781,0.5425,-0.4356,-0.6046,-31.4325822240742,-64.2076232592013,-0.4397,Tipo B (Infr 0.14 - NBI 3.0%),Muy Baja,<b>BELLA VISTA OESTE</b><br>Pob: 1828.0<br>Score: 0.04 (Muy Baja),-0.9109,-0.6625,1.3814,-1.3648
BETANIA,-0.1898,-0.2426,0.0907,1.4825,-0.5499,-0.6587,-0.3168,-0.4858,-0.1014,-0.3864,-0.4545,-0.2838,4.3989,-1.2886,0.189,-0.4469,-0.7611,-0.4167,-0.2758,-0.2708,1.844,-1.1726,-0.4943,-0.2968,0.2968,-0.7296,0.1575,-0.9228,-0.8739,-0.4843,-0.6046,-31.4568137138722,-64.0910018817445,0.625,Tipo C (Infr 0.16 - NBI 14.4%),Baja,<b>BETANIA</b><br>Pob: 1992.0<br>Score: 0.09 (Baja),-0.9109,-0.5877,0.9576,-0.9422
BH_CAMINO A 60 CUADRAS,-0.2649,-0.2745,0.2736,2.8211,-0.5499,-0.6587,-0.3168,-0.4858,-1.026,-0.7696,-0.5455,-0.2838,0.3244,-0.9417,-0.0266,-0.4469,-0.7611,-0.4167,-0.2758,-1.0409,0.1204,-1.1726,-0.4943,-0.2968,-3.369,-1.2289,-0.4005,-1.3516,-1.1573,-0.5199,-0.6046,-31.4988602721623,-64.1435230251151,0.625,Tipo C (Infr 0.16 - NBI 14.4%),Muy Baja,<b>BH_CAMINO A 60 CUADRAS</b><br>Pob: 1615.0<br>Score: 0.00 (Muy Baja),-2.1885,-0.7304,1.5721,-1.6419
BIALET MASSE,-0.17,-0.1816,-0.2523,-0.3187,-0.5499,-0.6587,-0.3168,1.9142,-0.1939,-0.3864,0.2916,-0.2838,0.3244,-0.5601,0.2396,-0.4469,-0.7611,2.2011,-0.2758,-0.3813,-0.0546,-1.1726,2.0231,-0.2968,0.2968,0.0553,-0.2731,0.6205,0.3713,-0.1183,-0.6046,-31.4525117900242,-64.1651467142123,-0.4397,Tipo B (Infr 0.14 - NBI 3.0%),Alta,<b>BIALET MASSE</b><br>Pob: 2091.0<br>Score: 0.24 (Alta),0.4055,-0.3807,-0.4831,0.4885
BOEDO,-0.0559,-0.1948,0.769,3.8972,-0.5499,-0.6587,-0.3168,-0.4858,-0.4713,-0.578,-0.315,-0.2838,0.3244,-1.7742,0.4893,-0.4469,-0.7611,-0.4167,-0.2758,-0.6958,-0.1824,-1.1726,-0.4943,-0.2968,0.2968,-1.005,-0.267,1.0467,0.2426,-0.4529,-0.6046,-31.4319549557882,-64.1081671999376,0.625,Tipo C (Infr 0.16 - NBI 14.4%),Muy Baja,<b>BOEDO</b><br>Pob: 2664.0<br>Score: 0.04 (Muy Baja),-0.9109,-0.6825,1.3743,-1.3578
BRIGADIER SAN MARTIN,-0.487,-0.3966,-0.4048,-0.9179,0.4372,1.0758,-0.3168,-0.4858,1.9327,-0.0031,-0.2846,-0.2838,3.0407,1.4691,-1.235,-0.4469,2.8306,-0.4167,-0.2758,2.6411,6.7976,0.8528,-0.4943,-0.2968,0.2968,2.9471,-0.3641,0.2989,0.6532,4.0503,2.2152,-31.3411226022524,-64.2394604532514,-1.5044,Tipo A (Infr 0.57 - NBI 4.5%),Muy Alta,<b>BRIGADIER SAN MARTIN</b><br>Pob: 500.0<br>Score: 0.78 (Muy Alta),0.4055,4.0241,-1.6979,1.6766
CABANA DEL PILAR,-0.487,-0.3966,-0.4048,-0.9179,-0.5499,-0.6587,-0.3168,-0.4858,0.0835,0.7634,0.1945,-0.2838,-1.0337,1.4691,-1.235,-0.4469,-0.7611,-0.4167,-0.2758,2.6411,-0.6477,-1.1726,-0.4943,-0.2968,0.2968,1.1571,-0.4005,-1.3516,-1.1573,-0.5199,-0.6046,-31.4422675134741,-64.167683330608,1.6898,Tipo D (Infr 0.40 - NBI 2.8%),Muy Alta,<b>CABANA DEL PILAR</b><br>Pob: 500.0<br>Score: 0.44 (Muy Alta),-0.9109,1.9861,-1.3236,1.2921
CABO FARINA,0.3246,0.2051,0.7995,1.2468,-0.5499,-0.6587,-0.3168,1.9142,-0.2864,-0.0031,0.3401,-0.2838,-1.0337,-0.5601,1.0465,-0.4469,-0.7611,0.7827,-0.2758,-0.7725,-0.6477,-1.1726,2.0231,-0.2968,0.2968,-0.6625,0.0483,-0.1274,-0.2075,-0.4695,-0.6046,-31.46548795914475,-64.20747572478724,0.625,Tipo C (Infr 0.16 - NBI 14.4%),Baja,<b>CABO FARINA</b><br>Pob: 4574.0<br>Score: 0.11 (Baja),0.4055,-0.6598,0.8446,-0.8313
CACERES,-0.4123,-0.3702,-0.2447,0.5837,-0.1551,0.0351,-0.3168,-0.4858,-0.1014,-0.1947,-0.1633,2.8315,-1.0337,-0.5601,-0.6592,-0.4469,0.9512,-0.4167,3.9761,0.7126,-0.6477,0.8528,-0.4943,3.369,0.2968,1.3573,-0.3277,0.0926,-0.0348,0.8953,0.5233,-31.4334534441777,-64.1995556046831,-1.5044,Tipo A (Infr 0.57 - NBI 4.5%),Muy Alta,<b>CACERES</b><br>Pob: 875.0<br>Score: 0.48 (Muy Alta),0.4055,0.9522,-1.3801,1.3753
CALIFORNIA,-0.4671,-0.3966,-0.3133,0.1458,-0.3525,-0.3118,-0.3168,-0.4858,-0.2864,0.7634,-0.1209,-0.2838,-1.0337,0.3071,-1.0472,-0.4469,0.4876,-0.4167,-0.2758,1.0041,-0.6477,0.8528,-0.4943,-0.2968,0.2968,0.7184,-0.3641,0.629,0.6532,1.6113,-0.0407,-31.4512195238216,-64.2049114948959,1.6898,Tipo D (Infr 0.40 - NBI 2.8%),Muy Alta,<b>CALIFORNIA</b><br>Pob: 600.0<br>Score: 0.36 (Muy Alta),0.4055,1.1172,-1.0693,1.0704
CAMINO A SAN CARLOS,-0.3629,-0.3328,0.0373,2.3353,-0.5499,-0.6587,-0.3168,-0.4858,-1.026,-0.7696,-0.5455,-0.2838,-1.0337,-0.5948,-0.4012,-0.4469,-0.7611,-0.4167,-0.2758,-1.0409,-0.6477,-1.1726,-0.4943,-0.2968,-3.369,-1.2289,8.6113,-1.3367,-1.1457,-0.5199,-0.6046,-31.498433296585,-64.1602009421762,0.625,Tipo C (Infr 0.16 - NBI 14.4%),Muy Baja,<b>CAMINO A SAN CARLOS</b><br>Pob: 1123.0<br>Score: 0.00 (Muy Baja),-2.1885,-0.7304,1.5721,-1.6419
CAMINO A VILLA POSSE,-0.487,-0.3966,-0.3667,-0.4747,-0.1551,0.0351,-0.3168,-0.4858,-0.6562,-0.578,-0.5455,-0.2838,0.3244,1.4691,-1.235,-0.4469,2.2298,-0.4167,-0.2758,0.1864,1.8341,0.8528,-0.4943,-0.2968,0.2968,1.0567,0.3394,-1.2705,-1.0682,-0.3968,0.5233,-31.4454314028892,-64.1016340990286,-1.5044,Tipo A (Infr 0.57 - NBI 4.5%),Muy Alta,<b>CAMINO A VILLA POSSE</b><br>Pob: 500.0<br>Score: 0.43 (Muy Alta),0.4055,1.8718,-1.2247,1.2194
CAMPING GRL SAN MARTIN,-0.487,-0.3966,-0.4048,-0.9179,-0.5499,-0.6587,-0.3168,-0.4858,-1.026,-0.7696,-0.5455,-0.2838,0.3244,1.4691,-1.235,-0.4469,-0.7611,-0.4167,-0.2758,-1.0409,1.8341,-1.1726,-0.4943,-0.2968,-3.369,-1.2289,-0.4005,-1.3516,-1.1573,-0.5199,-0.6046,-31.3643753189019,-64.2618877279315,-0.4397,Tipo B (Infr 0.14 - NBI 3.0%),Muy Baja,<b>CAMPING GRL SAN MARTIN</b><br>Pob: 500.0<br>Score: 0.00 (Muy Baja),-2.1885,-0.7304,1.5721,-1.6419
CARBO,-0.2989,-0.2894,-0.1837,0.3834,-0.5499,-0.6587,-0.3168,1.9142,1.9327,-0.1947,-0.4545,-0.2838,1.6826,-0.7162,-0.1422,-0.4469,-0.7611,3.2291,-0.2758,2.3588,1.0709,-1.1726,2.0231,-0.2968,0.2968,2.1675,-0.3095,0.555,0.273,0.9668,-0.6046,-31.481475590577,-64.2062215826798,1.6898,Tipo D (Infr 0.40 - NBI 2.8%),Muy Alta,<b>CARBO</b><br>Pob: 1444.0<br>Score: 0.63 (Muy Alta),0.4055,0.6086,-1.5496,1.545
CAROLA LORENZINI,-0.487,-0.3966,-0.3819,-0.652,-0.5499,-0.6587,-0.3168,-0.4858,-0.3788,0.3802,-0.4848,-0.2838,0.3244,1.4691,-1.235,-0.4469,-0.7611,-0.4167,-0.2758,1.1069,1.8341,-1.1726,-0.4943,-0.2968,0.2968,0.1633,-0.358,0.0631,0.3946,0.786,-0.6046,-31.4287913300171,-64.2143267353581,1.6898,Tipo D (Infr 0.40 - NBI 2.8%),Alta,<b>CAROLA LORENZINI</b><br>Pob: 500.0<br>Score: 0.26 (Alta),-0.9109,0.8547,-0.6385,0.634
CARRARA,-0.487,-0.3966,-0.3209,0.0571,-0.5499,-0.6587,-0.3168,1.9142,-0.1014,-0.3864,-0.4909,-0.2838,-1.0337,1.4691,-1.235,-0.4469,-0.7611,3.2291,-0.2758,2.0274,-0.6477,-1.1726,2.0231,-0.2968,0.2968,1.9528,-0.3216,-0.5899,-0.3216,1.0871,-0.6046,-31.4539727871905,-64.2571015075561,1.6898,Tipo D (Infr 0.40 - NBI 2.8%),Muy Alta,<b>CARRARA</b><br>Pob: 500.0<br>Score: 0.59 (Muy Alta),0.4055,2.892,-1.5284,1.5207
CASEROS,-0.2884,-0.1662,-0.359,-0.746,-0.3525,-0.3118,-0.3168,-0.4858,-0.1014,-0.0031,-0.5333,-0.2838,-1.0337,1.6946,-0.1051,-0.4469,-0.2601,-0.4167,-0.2758,-0.0161,-0.6477,0.8528,-0.4943,-0.2968,0.2968,-0.3151,-0.3156,0.7662,1.2442,-0.0912,-0.0407,-31.4142417872261,-64.2082520348117,-0.4397,Tipo B (Infr 0.14 - NBI 3.0%),Media,<b>CASEROS</b><br>Pob: 1497.0<br>Score: 0.17 (Media),0.4055,-0.3829,0.0536,-0.0484
CENTRO,5.0317,7.4268,3.9247,-0.2194,7.3468,5.9325,7.1864,-0.4858,10.0692,11.4949,8.0616,2.8315,1.6826,3.3943,2.9235,1.5134,0.3007,-0.4167,0.6791,-0.3874,-0.5596,0.8528,-0.4943,3.369,0.2968,-0.1422,1.4916,0.4385,1.3536,-0.497,-0.6554,-31.4178042932322,-64.1834500355127,2.7545,Tipo E (Infr 0.11 - NBI 5.5%),Media,<b>CENTRO</b><br>Pob: 28200.0<br>Score: 0.20 (Media),0.4055,-0.7084,-0.2006,0.2079
CENTRO AMERICA,0.5149,0.4053,-0.1304,-0.5332,0.4372,1.0758,-0.3168,-0.4858,0.4533,-0.3864,1.4562,-0.2838,0.3244,-0.2653,1.2425,-0.4469,-0.0882,-0.4167,-0.2758,-0.5976,-0.4231,0.8528,-0.4943,-0.2968,0.2968,-0.6061,0.0059,0.2828,0.1868,-0.4589,2.2152,-31.3711168685116,-64.169598089564,-0.4397,Tipo B (Infr 0.14 - NBI 3.0%),Baja,<b>CENTRO AMERICA</b><br>Pob: 5529.0<br>Score: 0.12 (Baja),0.4055,-0.6662,0.6257,-0.6131
CERRO CHICO,-0.0449,0.0539,-0.359,-0.8133,-0.5499,-0.6587,-0.3168,-0.4858,1.2855,0.3802,0.055,-0.2838,-1.0337,1.0355,0.5099,-0.4469,-0.7611,-0.4167,-0.2758,0.369,-0.6477,-1.1726,-0.4943,-0.2968,0.2968,-0.3151,-0.0002,-0.5357,-0.3187,-0.4289,-0.6046,-31.3661094460602,-64.2218998049562,-0.4397,Tipo B (Infr 0.14 - NBI 3.0%),Media,<b>CERRO CHICO</b><br>Pob: 2719.0<br>Score: 0.17 (Media),-0.9109,-0.539,0.0536,-0.0484
CERRO DE LAS ROSAS,0.5982,0.5627,-0.3819,-0.8914,3.201,1.0758,4.6853,-0.4858,-0.009,1.1467,1.3227,2.8315,0.3244,0.203,1.3179,2.3049,1.6241,-0.4167,3.9761,-0.7571,-0.4392,0.8528,-0.4943,3.369,0.2968,0.7399,0.9822,-0.835,-0.6942,-0.4631,-0.943,-31.3721205657055,-64.2338114049795,-1.5044,Tipo A (Infr 0.57 - NBI 4.5%),Muy Alta,<b>CERRO DE LAS ROSAS</b><br>Pob: 5947.0<br>Score: 0.37 (Muy Alta),0.4055,-0.5419,-1.0835,1.0843
CERRO NORTE,0.484,0.2904,0.4413,0.4401,-0.1551,0.0351,-0.3168,-0.4858,0.5458,-0.3864,0.1096,-0.2838,-1.0337,-0.7856,1.2137,-0.4469,-0.4845,-0.4167,-0.2758,-0.5562,-0.6477,0.8528,-0.4943,-0.2968,0.2968,-0.7769,0.1635,-0.2071,-0.311,-0.4878,0.5233,-31.3209690442071,-64.2768733858269,-0.4397,Tipo B (Infr 0.14 - NBI 3.0%),Baja,<b>CERRO NORTE</b><br>Pob: 5374.0<br>Score: 0.08 (Baja),0.4055,-0.6825,1.0212,-1.0045
CERVECEROS,0.189,0.0951,-0.2752,-0.6432,0.4372,1.0758,-0.3168,1.9142,-0.009,-0.3864,-0.133,-0.2838,0.3244,-0.5948,0.8804,-0.4469,0.196,0.9908,-0.2758,-0.6068,-0.3288,0.8528,2.0231,-0.2968,0.2968,-0.0102,-0.1639,0.6254,0.3663,-0.3147,2.2152,-31.4645962351559,-64.1590022913468,-0.4397,Tipo B (Infr 0.14 - NBI 3.0%),Alta,<b>CERVECEROS</b><br>Pob: 3893.0<br>Score: 0.23 (Alta),1.6832,-0.5521,-0.3843,0.388
CHATEAU CARRERAS,-0.2631,-0.2239,-0.3819,-0.8151,1.6217,0.7289,2.1843,-0.4858,0.3609,-0.0031,0.14,2.8315,-1.0337,0.0296,-0.0215,1.9278,2.8306,-0.4167,3.9761,0.3766,-0.6477,0.8528,-0.4943,3.369,0.2968,2.0763,0.1999,-1.0267,-0.8753,-0.3006,-0.8189,-31.3816923685587,-64.2552177396363,-1.5044,Tipo A (Infr 0.57 - NBI 4.5%),Muy Alta,<b>CHATEAU CARRERAS</b><br>Pob: 1624.0<br>Score: 0.62 (Muy Alta),0.4055,0.4282,-1.5355,1.5311
CIRCUNVALACION,-0.487,-0.3966,-0.4048,-0.9179,-0.5499,-0.6587,-0.3168,-0.4858,0.3609,2.6798,-0.5455,-0.2838,0.3244,1.4691,-1.235,-0.4469,-0.7611,-0.4167,-0.2758,2.6411,1.8341,-1.1726,-0.4943,-0.2968,0.2968,1.1571,-0.4005,-1.3516,-1.1573,-0.5199,-0.6046,-31.41451436457093,-64.20343550824263,1.6898,Tipo D (Infr 0.40 - NBI 2.8%),Muy Alta,<b>CIRCUNVALACION</b><br>Pob: 500.0<br>Score: 0.44 (Muy Alta),-0.9109,1.9861,-1.3236,1.2921
CIUDAD AMPLIACION CABILDO,-0.07,-0.1893,0.3041,1.94,-0.1551,0.0351,-0.3168,-0.4858,-0.5637,-0.3864,-0.5455,2.8315,3.0407,-1.6008,0.4614,-0.4469,-0.1854,-0.4167,3.9761,-0.7449,0.788,0.8528,-0.4943,3.369,0.2968,-0.1535,-0.2125,0.305,-0.1463,-0.2921,0.5233,-31.4849199270226,-64.2274587118079,0.625,Tipo C (Infr 0.16 - NBI 14.4%),Media,<b>CIUDAD AMPLIACION CABILDO</b><br>Pob: 2593.0<br>Score: 0.20 (Media),0.4055,-0.4943,-0.1936,0.201
CIUDAD AMPLIACION FERREYRA,-0.487,-0.3966,-0.4048,-0.9179,0.2398,0.7289,-0.3168,-0.4858,-1.026,-0.7696,-0.5455,-0.2838,0.3244,1.4691,-1.235,-0.4469,2.8306,-0.4167,-0.2758,-1.0409,1.8341,0.8528,-0.4943,-0.2968,-3.369,0.5606,-0.2913,-0.8015,-0.5538,0.1331,1.6512,-31.4735017733638,-64.1192198232826,-1.5044,Tipo A (Infr 0.57 - NBI 4.5%),Alta,<b>CIUDAD AMPLIACION FERREYRA</b><br>Pob: 500.0<br>Score: 0.33 (Alta),-0.9109,1.307,-0.9775,0.9665
CIUDAD DE JUAN PABLO II,-0.1633,-0.203,-0.0618,0.527,0.2398,0.7289,-0.3168,-0.4858,-0.8411,-0.578,-0.5273,-0.2838,0.3244,-0.959,0.2561,-0.4469,0.6446,-0.4167,-0.2758,-0.8967,-0.0633,0.8528,-0.4943,-0.2968,0.2968,-0.4349,-0.2367,0.2072,-0.0468,-0.3267,1.6512,-31.3635208249505,-64.1578281757511,-0.4397,Tipo B (Infr 0.14 - NBI 3.0%),Media,<b>CIUDAD DE JUAN PABLO II</b><br>Pob: 2125.0<br>Score: 0.15 (Media),0.4055,-0.5176,0.3503,-0.3394
CIUDAD DE LAS ARTES,-0.487,-0.3966,-0.4048,-0.9179,-0.5499,-0.6587,-0.3168,-0.4858,-0.1939,0.1885,-0.5455,-0.2838,-1.0337,1.4691,-1.235,-0.4469,-0.7611,-0.4167,-0.2758,1.7206,-0.6477,-1.1726,-0.4943,-0.2968,0.2968,0.5606,-0.4005,-1.3516,-1.1573,-0.5199,-0.6046,-31.4372589847956,-64.1749362785875,1.6898,Tipo D (Infr 0.40 - NBI 2.8%),Alta,<b>CIUDAD DE LAS ARTES</b><br>Pob: 500.0<br>Score: 0.33 (Alta),-0.9109,1.307,-0.9775,0.9665
CIUDAD DE LOS CUARTETOS,-0.1475,-0.2377,0.1135,1.5481,-0.1551,0.0351,-0.3168,-0.4858,-0.4713,-0.578,-0.5455,2.8315,1.6826,-1.6181,0.2932,-0.4469,-0.0807,-0.4167,3.9761,-0.6237,0.4778,0.8528,-0.4943,3.369,0.2968,-0.023,-0.2185,0.1034,-0.2719,-0.2558,0.5233,-31.3566522536983,-64.1303859488957,0.625,Tipo C (Infr 0.16 - NBI 14.4%),Alta,<b>CIUDAD DE LOS CUARTETOS</b><br>Pob: 2204.0<br>Score: 0.22 (Alta),0.4055,-0.4189,-0.356,0.3603
CIUDAD DE MIS SUENOS,-0.1589,-0.2256,0.2431,2.0304,0.6346,1.4227,-0.3168,-0.4858,-0.2864,-0.578,-0.5455,2.8315,-1.0337,-1.3406,0.2664,-0.4469,1.325,-0.4167,3.9761,-0.4687,-0.6477,0.8528,-0.4943,3.369,0.2968,0.778,-0.2185,0.0658,-0.2321,-0.0806,2.7791,-31.4778174582913,-64.086363859368,0.625,Tipo C (Infr 0.16 - NBI 14.4%),Muy Alta,<b>CIUDAD DE MIS SUENOS</b><br>Pob: 2147.0<br>Score: 0.37 (Muy Alta),0.4055,-0.1982,-1.1188,1.1189
CIUDAD EVITA,-0.0563,-0.1557,0.3193,1.7219,0.0424,0.382,-0.3168,-0.4858,-0.3788,-0.3864,-0.5455,2.8315,0.3244,-1.3059,0.4883,-0.4469,0.0838,-0.4167,3.9761,-0.6375,-0.1811,0.8528,-0.4943,3.369,0.2968,0.05,-0.1579,-0.0335,-0.2909,-0.3101,1.0872,-31.4484079521651,-64.1087832676033,0.625,Tipo C (Infr 0.16 - NBI 14.4%),Alta,<b>CIUDAD EVITA</b><br>Pob: 2662.0<br>Score: 0.24 (Alta),0.4055,-0.4569,-0.469,0.4746
CIUDAD MI ESPERANZA,-0.2894,-0.3147,-0.0237,1.6226,-0.3525,-0.3118,-0.3168,-0.4858,-0.6562,-0.578,-0.5455,-0.2838,0.3244,-1.41,-0.1082,-0.4469,-0.2601,-0.4167,-0.2758,-0.6298,0.1837,0.8528,-0.4943,-0.2968,0.2968,-0.713,-0.2852,0.2037,-0.1596,-0.3415,-0.0407,-31.4039224720164,-64.0647579740385,0.625,Tipo C (Infr 0.16 - NBI 14.4%),Baja,<b>CIUDAD MI ESPERANZA</b><br>Pob: 1492.0<br>Score: 0.10 (Baja),0.4055,-0.5335,0.9365,-0.9214
CIUDAD OBISPO ANGELELLI,-0.2224,-0.285,0.2126,2.6456,0.4372,1.0758,-0.3168,-0.4858,0.9156,-0.3864,-0.5455,-0.2838,0.3244,-1.6528,0.1013,-0.4469,1.2876,-0.4167,-0.2758,0.7218,0.031,0.8528,-0.4943,-0.2968,0.2968,0.9343,-0.2549,0.1569,-0.2452,0.0721,2.2152,-31.5051491986518,-64.1937646299897,0.625,Tipo C (Infr 0.16 - NBI 14.4%),Muy Alta,<b>CIUDAD OBISPO ANGELELLI</b><br>Pob: 1828.0<br>Score: 0.40 (Muy Alta),0.4055,-0.0567,-1.1965,1.1951
CIUDAD PARQUE LAS ROSAS,-0.3107,-0.3279,-0.2066,0.5004,-0.5499,-0.6587,-0.3168,-0.4858,-0.5637,-0.3864,-0.5455,2.8315,0.3244,-1.3926,-0.1856,-0.4469,-0.7611,-0.4167,3.9761,-0.4871,0.2482,-1.1726,-0.4943,3.369,0.2968,-0.2732,-0.2731,-0.0454,-0.3167,-0.2209,-0.6046,-31.4488199161473,-64.2411054061895,-0.4397,Tipo B (Infr 0.14 - NBI 3.0%),Media,<b>CIUDAD PARQUE LAS ROSAS</b><br>Pob: 1385.0<br>Score: 0.18 (Media),-0.9109,-0.3376,-0.0099,0.0174
CIUDAD UNIVERSITARIA,-0.487,-0.3966,-0.4048,-0.9179,1.4243,2.1165,0.3978,-0.4858,6.0934,3.2547,-0.2968,-0.2838,-1.0337,1.4691,-1.235,0.2999,2.8306,-0.4167,-0.2758,2.6411,-0.6477,0.8528,-0.4943,-0.2968,0.2968,2.9471,-0.4005,-1.3516,-1.1573,-0.5199,0.5233,-31.4381745010519,-64.1885056254328,-1.5044,Tipo A (Infr 0.57 - NBI 4.5%),Muy Alta,<b>CIUDAD UNIVERSITARIA</b><br>Pob: 500.0<br>Score: 0.78 (Muy Alta),0.4055,4.0241,-1.6979,1.6766
CIUDAD VILLA RETIRO,-0.3073,-0.3328,0.0297,2.2803,-0.1551,0.0351,-0.3168,-0.4858,-0.4713,-0.3864,-0.5455,-0.2838,-1.0337,-1.5661,-0.1732,-0.4469,0.3081,-0.4167,-0.2758,-0.3843,-0.6477,0.8528,-0.4943,-0.2968,0.2968,-0.2706,-0.3338,1.1727,0.4031,0.0523,0.5233,-31.3475166725032,-64.1404442766924,0.625,Tipo C (Infr 0.16 - NBI 14.4%),Media,<b>CIUDAD VILLA RETIRO</b><br>Pob: 1402.0<br>Score: 0.18 (Media),0.4055,-0.3412,-0.0241,0.0312
CIUDADELA,-0.2993,-0.2487,-0.3286,-0.5403,-0.5499,-0.6587,-0.3168,-0.4858,-0.6562,-0.1947,0.1278,-0.2838,-1.0337,0.1683,-0.1443,-0.4469,-0.7611,-0.4167,-0.2758,-0.616,-0.6477,-1.1726,-0.4943,-0.2968,0.2968,-0.9535,-0.267,-0.0534,0.0006,-0.4377,-0.6046,-31.4460153622855,-64.2017866497851,-0.4397,Tipo B (Infr 0.14 - NBI 3.0%),Muy Baja,<b>CIUDADELA</b><br>Pob: 1442.0<br>Score: 0.05 (Muy Baja),-0.9109,-0.6216,1.332,-1.3163
CLAROS DEL BOSQUE,-0.487,-0.3966,-0.3667,-0.4747,-0.5499,-0.6587,-0.3168,-0.4858,-0.6562,-0.1947,-0.5151,-0.2838,-1.0337,1.4691,-1.235,-0.4469,-0.7611,-0.4167,-0.2758,0.1864,-0.6477,-1.1726,-0.4943,-0.2968,0.2968,-0.4338,-0.3338,-0.4514,-0.1697,-0.0453,-0.6046,-31.456977552863,-64.1501328655991,-0.4397,Tipo B (Infr 0.14 - NBI 3.0%),Media,<b>CLAROS DEL BOSQUE</b><br>Pob: 500.0<br>Score: 0.15 (Media),-0.9109,0.1749,0.2938,-0.3082
COFICO,-0.487,-0.3966,-0.3972,-0.8293,0.2398,0.7289,-0.3168,-0.4858,2.3025,3.4463,-0.5333,-0.2838,0.3244,1.4691,-1.235,-0.4469,2.8306,-0.4167,-0.2758,2.6411,1.8341,0.8528,-0.4943,-0.2968,0.2968,2.9471,-0.358,0.0631,0.3946,3.3974,1.6512,-31.4031901115249,-64.1852851395368,-1.5044,Tipo A (Infr 0.57 - NBI 4.5%),Muy Alta,<b>COFICO</b><br>Pob: 500.0<br>Score: 0.78 (Muy Alta),0.4055,4.0241,-1.6979,1.6766
COLINAS DE BELLA VISTA,-0.4239,-0.3735,-0.3057,0.0341,-0.3525,-0.3118,-0.3168,1.9142,-0.4713,-0.3864,-0.4181,-0.2838,-1.0337,-0.3347,-0.7293,-0.4469,0.1511,3.2291,-0.2758,0.0851,-0.6477,0.8528,2.0231,-0.2968,0.2968,1.1485,-0.3398,0.2665,0.1572,1.0412,-0.0407,-31.436452678148,-64.2085248637918,1.6898,Tipo D (Infr 0.40 - NBI 2.8%),Muy Alta,<b>COLINAS DE BELLA VISTA</b><br>Pob: 817.0<br>Score: 0.44 (Muy Alta),1.6832,0.9261,-1.26,1.2575
COLINAS DE VELEZ SARSFIELD,-0.2595,-0.1871,-0.3743,-0.7956,0.2398,-0.3118,0.7551,-0.4858,0.6382,0.9551,1.3773,-0.2838,0.3244,0.6713,-0.0101,2.3535,1.0633,-0.4167,-0.2758,0.6405,0.108,0.8528,-0.4943,-0.2968,0.2968,0.77,-0.2246,-0.2302,-0.0691,-0.0672,-0.8866,-31.4381468762996,-64.1990623202613,-1.5044,Tipo A (Infr 0.57 - NBI 4.5%),Muy Alta,<b>COLINAS DE VELEZ SARSFIELD</b><br>Pob: 1642.0<br>Score: 0.37 (Muy Alta),0.4055,-0.0374,-1.1117,1.112
COLINAS DEL CERRO,-0.1356,-0.1359,-0.199,-0.207,0.2398,0.7289,-0.3168,-0.4858,-0.009,-0.1947,1.2742,-0.2838,-1.0337,-0.3,0.3211,-0.4469,0.5624,-0.4167,-0.2758,-0.2953,-0.6477,0.8528,-0.4943,-0.2968,0.2968,-0.0864,-0.1276,-0.3552,-0.3437,-0.3531,1.6512,-31.3794775140737,-64.2425945373611,-0.4397,Tipo B (Infr 0.14 - NBI 3.0%),Media,<b>COLINAS DEL CERRO</b><br>Pob: 2264.0<br>Score: 0.21 (Media),0.4055,-0.4431,-0.2642,0.2702
COLON,0.1828,0.1859,-0.1761,-0.496,1.6217,1.0758,1.827,-0.4858,0.0835,-0.0031,1.159,-0.2838,0.3244,0.1857,0.8721,1.588,1.3699,-0.4167,-0.2758,-0.5638,-0.3263,0.8528,-0.4943,-0.2968,0.2968,0.1423,-0.1094,0.2419,0.2674,-0.3323,-0.6836,-31.436618122344,-64.1545306231643,-0.4397,Tipo B (Infr 0.14 - NBI 3.0%),Alta,<b>COLON</b><br>Pob: 3862.0<br>Score: 0.26 (Alta),0.4055,-0.5282,-0.6032,0.6062
COLONIA LOLA,1.2897,0.7959,1.8209,1.268,-0.3525,-0.3118,-0.3168,1.9142,-1.026,-0.7696,-0.4787,-0.2838,0.3244,-1.1151,1.7915,-0.4469,-0.6789,0.1638,-0.2758,-1.0409,-0.5162,0.8528,2.0231,-0.2968,-3.369,-0.9981,0.4061,0.0509,-0.1902,-0.5086,-0.0407,-31.41369840274715,-64.1166371703697,0.625,Tipo C (Infr 0.16 - NBI 14.4%),Muy Baja,<b>COLONIA LOLA</b><br>Pob: 9418.0<br>Score: 0.04 (Muy Baja),0.4055,-0.7164,1.3602,-1.344
COMANDANTE ESPORA,-0.2744,-0.2316,-0.3286,-0.5634,-0.5499,-0.6587,-0.3168,-0.4858,-0.1014,-0.1947,-0.4241,-0.2838,0.3244,0.0642,-0.0576,-0.4469,-0.7611,-0.4167,-0.2758,-0.0621,0.144,-1.1726,-0.4943,-0.2968,0.2968,-0.5949,-0.2731,0.1263,0.1359,-0.3217,-0.6046,-31.4172008300048,-64.2239801087424,-0.4397,Tipo B (Infr 0.14 - NBI 3.0%),Baja,<b>COMANDANTE ESPORA</b><br>Pob: 1567.0<br>Score: 0.12 (Baja),-0.9109,-0.5,0.6116,-0.5992
COMERCIAL,0.7233,0.4284,1.234,1.3248,-0.1551,0.0351,-0.3168,-0.4858,-0.5637,-0.578,-0.321,2.8315,-1.0337,-0.9764,1.4211,-0.4469,-0.5368,-0.4167,3.8711,-0.9244,-0.6477,0.8528,-0.4943,3.369,0.2968,-0.4595,0.4607,-0.4346,-0.507,-0.4843,0.5233,-31.4888795374585,-64.2022362312717,0.625,Tipo C (Infr 0.16 - NBI 14.4%),Baja,<b>COMERCIAL</b><br>Pob: 6575.0<br>Score: 0.14 (Baja),0.4055,-0.6638,0.3856,-0.3741
CONGRESO,-0.0818,-0.1453,-0.1075,0.1351,0.2398,0.7289,-0.3168,-0.4858,-0.1014,0.1885,0.0429,-0.2838,0.3244,-0.9764,0.4377,-0.4469,0.4203,-0.4167,-0.2758,-0.435,-0.1576,0.8528,-0.4943,-0.2968,0.2968,-0.2475,-0.1579,-0.0969,-0.2651,-0.3588,1.6512,-31.4681013129692,-64.2358058990285,-0.4397,Tipo B (Infr 0.14 - NBI 3.0%),Media,<b>CONGRESO</b><br>Pob: 2534.0<br>Score: 0.18 (Media),0.4055,-0.5099,-0.0452,0.052
CONSORCIO 16 DE NOVIEMBRE,-0.4302,-0.3895,-0.3133,0.0802,0.6346,1.4227,-0.3168,4.3143,0.3609,-0.1947,-0.3756,-0.2838,3.0407,-0.7683,-0.7706,-0.4469,2.8306,3.2291,-0.2758,1.8909,4.095,0.8528,2.0231,-0.2968,0.2968,3.6537,-0.3459,0.3759,0.1282,3.0423,2.7791,-31.318339045152,-64.2568748329355,-1.5044,Tipo A (Infr 0.57 - NBI 4.5%),Muy Alta,<b>CONSORCIO 16 DE NOVIEMBRE</b><br>Pob: 785.0<br>Score: 0.91 (Muy Alta),1.6832,2.8103,-1.7191,1.7147
CONSORCIO ESPERANZA,-0.487,-0.3966,-0.3819,-0.652,-0.5499,-0.6587,-0.3168,-0.4858,-0.4713,-0.3864,-0.5212,-0.2838,-1.0337,1.4691,-1.235,-0.4469,-0.7611,-0.4167,-0.2758,0.8001,-0.6477,-1.1726,-0.4943,-0.2968,0.2968,-0.0359,-0.3762,1.1241,1.5585,1.4386,-0.6046,-31.420751186944,-64.2343527594393,1.6898,Tipo D (Infr 0.40 - NBI 2.8%),Media,<b>CONSORCIO ESPERANZA</b><br>Pob: 500.0<br>Score: 0.22 (Media),-0.9109,0.6279,-0.3489,0.3395
COOPERATIVA 16 DE NOVIEMBRE,0.5442,0.2508,0.9215,1.323,-0.1551,0.0351,-0.3168,1.9142,-0.4713,-0.578,0.3037,-0.2838,0.3244,-1.2539,1.2694,-0.4469,-0.4994,0.5472,-0.2758,-0.8783,-0.4293,0.8528,2.0231,-0.2968,0.2968,-0.6775,-0.1579,1.4588,0.7125,-0.4293,0.5233,-31.313277089012065,-64.26143287238966,0.625,Tipo C (Infr 0.16 - NBI 14.4%),Baja,<b>COOPERATIVA 16 DE NOVIEMBRE</b><br>Pob: 5676.0<br>Score: 0.10 (Baja),1.6832,-0.6751,0.887,-0.8729
COOPERATIVA EL FUTURO,-0.487,-0.3966,-0.3133,0.1458,-0.5499,-0.6587,-0.3168,-0.4858,-0.7487,-0.3864,-0.5455,-0.2838,-1.0337,1.4691,-1.235,-0.4469,-0.7611,-0.4167,-0.2758,-0.1204,-0.6477,-1.1726,-0.4943,-0.2968,0.2968,-0.6324,-0.3762,1.1241,1.5585,0.4595,-0.6046,-31.4401823495232,-64.1081012779207,-0.4397,Tipo B (Infr 0.14 - NBI 3.0%),Baja,<b>COOPERATIVA EL FUTURO</b><br>Pob: 500.0<br>Score: 0.11 (Baja),-0.9109,-0.0512,0.7104,-0.7274
COOPERATIVA LA HERMOSA,-0.487,-0.3966,-0.2218,1.2095,-0.5499,-0.6587,-0.3168,-0.4858,-1.026,-0.7696,-0.5455,-0.2838,0.3244,1.4691,-1.235,-0.4469,-0.7611,-0.4167,-0.2758,-1.0409,1.8341,-1.1726,-0.4943,-0.2968,-3.369,-1.2289,-0.3762,1.1241,1.5585,-0.5199,-0.6046,-31.4387347588299,-64.108104347353,0.625,Tipo C (Infr 0.16 - NBI 14.4%),Muy Baja,<b>COOPERATIVA LA HERMOSA</b><br>Pob: 500.0<br>Score: 0.00 (Muy Baja),-2.1885,-0.7304,1.5721,-1.6419
COOPERATIVA LA UNIDAD,-0.1643,-0.2272,-0.1609,0.199,-0.5499,-0.6587,-0.3168,-0.4858,-0.2864,-0.1947,-0.5455,-0.2838,0.3244,-1.3059,0.254,-0.4469,-0.7611,-0.4167,-0.2758,-0.4626,-0.062,-1.1726,-0.4943,-0.2968,0.2968,-0.8542,-0.2731,0.6478,0.1566,-0.4028,-0.6046,-31.4306306779508,-64.1128840395055,-0.4397,Tipo B (Infr 0.14 - NBI 3.0%),Muy Baja,<b>COOPERATIVA LA UNIDAD</b><br>Pob: 2120.0<br>Score: 0.07 (Muy Baja),-0.9109,-0.6297,1.226,-1.2124
CORDOBA IV,-0.487,-0.3966,-0.4048,-0.9179,-0.1551,-0.6587,0.3978,-0.4858,-0.6562,-0.578,-0.5455,-0.2838,-1.0337,1.4691,-1.235,3.2869,2.2298,-0.4167,-0.2758,0.1864,-0.6477,0.8528,-0.4943,-0.2968,0.2968,1.0567,-0.3459,-0.2513,0.0497,1.1477,-0.9825,-31.3896498487242,-64.2635715412857,-1.5044,Tipo A (Infr 0.57 - NBI 4.5%),Muy Alta,<b>CORDOBA IV</b><br>Pob: 500.0<br>Score: 0.43 (Muy Alta),0.4055,1.8718,-1.2247,1.2194
CORDOBA V,-0.487,-0.3966,-0.3972,-0.8293,-0.5499,-0.6587,-0.3168,-0.4858,-0.8411,-0.3864,-0.5455,-0.2838,-1.0337,1.4691,-1.235,-0.4469,-0.7611,-0.4167,-0.2758,-0.4273,-0.6477,-1.1726,-0.4943,-0.2968,0.2968,-0.8311,-0.3641,0.2989,0.6532,-0.0845,-0.6046,-31.3849544927415,-64.2624888179182,-0.4397,Tipo B (Infr 0.14 - NBI 3.0%),Muy Baja,<b>CORDOBA V</b><br>Pob: 500.0<br>Score: 0.07 (Muy Baja),-0.9109,-0.2774,1.1271,-1.1292
CORRAL DE PALOS,-0.3388,-0.3185,-0.2295,0.2752,-0.5499,-0.6587,-0.3168,-0.4858,-0.3788,-0.3864,-0.5455,-0.2838,0.3244,-0.6989,-0.296,-0.4469,-0.7611,-0.4167,-0.2758,-0.1772,0.35,-1.1726,-0.4943,-0.2968,0.2968,-0.6689,-0.3216,0.5436,0.2716,-0.2371,-0.6046,-31.4396411027469,-64.141051484461,-0.4397,Tipo B (Infr 0.14 - NBI 3.0%),Baja,<b>CORRAL DE PALOS</b><br>Pob: 1244.0<br>Score: 0.10 (Baja),-0.9109,-0.4741,0.8588,-0.8452
COSTA VERDE,-0.487,-0.3966,-0.4048,-0.9179,-0.5499,-0.6587,-0.3168,1.9142,-0.4713,-0.3864,-0.5455,-0.2838,-1.0337,1.4691,-1.235,-0.4469,-0.7611,3.2291,-0.2758,0.8001,-0.6477,-1.1726,2.0231,-0.2968,0.2968,1.1571,-0.3459,-0.2513,0.0497,1.221,-0.6046,-31.3812221255911,-64.2504690018409,1.6898,Tipo D (Infr 0.40 - NBI 2.8%),Muy Alta,<b>COSTA VERDE</b><br>Pob: 500.0<br>Score: 0.44 (Muy Alta),0.4055,1.9861,-1.3236,1.2921
COUNTRY ALTOS DEL CHATEAU,-0.3635,-0.368,-0.4048,-0.9179,-0.3525,-0.6587,0.0405,-0.4858,-1.026,-0.7696,-0.5455,-0.2838,-1.0337,-1.5661,-0.4043,3.2869,-0.0956,-0.4167,-0.2758,-1.0409,-0.6477,0.8528,-0.4943,-0.2968,-3.369,-0.8971,-0.1215,-0.8694,-0.8597,-0.4726,-0.8866,-31.374793804328448,-64.2668099528476,-0.4397,Tipo B (Infr 0.14 - NBI 3.0%),Muy Baja,<b>COUNTRY ALTOS DEL CHATEAU</b><br>Pob: 1120.0<br>Score: 0.06 (Muy Baja),-0.9109,-0.5617,1.2966,-1.2782
COUNTRY BARRANCAS,-0.487,-0.3966,-0.4048,-0.9179,-0.5499,-0.6587,-0.3168,-0.4858,-0.4713,-0.578,-0.5455,-0.2838,-1.0337,1.4691,-1.235,-0.4469,-0.7611,-0.4167,-0.2758,0.8001,-0.6477,-1.1726,-0.4943,-0.2968,0.2968,-0.0359,-0.3156,-0.6443,-0.3813,0.0396,-0.6046,-31.3805061482489,-64.2462880530412,1.6898,Tipo D (Infr 0.40 - NBI 2.8%),Media,<b>COUNTRY BARRANCAS</b><br>Pob: 500.0<br>Score: 0.22 (Media),-0.9109,0.6279,-0.3489,0.3395
COUNTRY CLUB,-0.487,-0.3966,-0.4048,-0.9179,-0.5499,-0.6587,-0.3168,-0.4858,-0.4713,-0.3864,-0.5455,-0.2838,-1.0337,1.4691,-1.235,-0.4469,-0.7611,-0.4167,-0.2758,0.8001,-0.6477,-1.1726,-0.4943,-0.2968,0.2968,-0.0359,-0.3762,1.1241,1.5585,1.4386,-0.6046,-31.4533364108918,-64.1872789853517,1.6898,Tipo D (Infr 0.40 - NBI 2.8%),Media,<b>COUNTRY CLUB</b><br>Pob: 500.0<br>Score: 0.22 (Media),-0.9109,0.6279,-0.3489,0.3395
COUNTRY FORTIN DEL POZO,-0.487,-0.3966,-0.359,-0.3861,-0.5499,-0.6587,-0.3168,-0.4858,-0.9336,-0.3864,-0.5455,-0.2838,-1.0337,1.4691,-1.235,-0.4469,-0.7611,-0.4167,-0.2758,-0.7341,-0.6477,-1.1726,-0.4943,-0.2968,0.2968,-1.0303,-0.1154,-1.1409,-0.9261,-0.492,-0.6046,-31.4740206319748,-64.1757907577539,-0.4397,Tipo B (Infr 0.14 - NBI 3.0%),Muy Baja,<b>COUNTRY FORTIN DEL POZO</b><br>Pob: 500.0<br>Score: 0.04 (Muy Baja),-0.9109,-0.5042,1.4167,-1.4167
COUNTRY JOCKEY CLUB,-0.2768,-0.2982,-0.3514,-0.59,-0.5499,-0.6587,-0.3168,-0.4858,-1.026,-0.7696,-0.5455,-0.2838,-1.0337,-1.2365,-0.0659,-0.4469,-0.7611,-0.4167,-0.2758,-1.0409,-0.6477,-1.1726,-0.4943,-0.2968,-3.369,-1.2289,0.3394,-1.0992,-0.9885,-0.5199,-0.6046,-31.4634727942897,-64.1766590207414,-0.4397,Tipo B (Infr 0.14 - NBI 3.0%),Muy Baja,<b>COUNTRY JOCKEY CLUB</b><br>Pob: 1555.0<br>Score: 0.00 (Muy Baja),-2.1885,-0.7304,1.5721,-1.6419
COUNTRY LA RESERVA,-0.4282,-0.3928,-0.3895,-0.746,-0.5499,-0.6587,-0.3168,-0.4858,-1.026,-0.7696,-0.5455,-0.2838,-1.0337,-0.959,-0.7572,-0.4469,-0.7611,-0.4167,-0.2758,-1.0409,-0.6477,-1.1726,-0.4943,-0.2968,-3.369,-1.2289,-0.1639,-0.9479,-0.869,-0.5199,-0.6046,-31.3672636397445,-64.2683557873944,-0.4397,Tipo B (Infr 0.14 - NBI 3.0%),Muy Baja,<b>COUNTRY LA RESERVA</b><br>Pob: 795.0<br>Score: 0.00 (Muy Baja),-2.1885,-0.7304,1.5721,-1.6419
COUNTRY LA SANTINA - COUNTRY CAMPINA DEL SUR,-0.487,-0.3966,-0.4048,-0.9179,-0.5499,-0.6587,-0.3168,-0.4858,-0.1939,-0.3864,-0.5455,-0.2838,-1.0337,1.4691,-1.235,-0.4469,-0.7611,-0.4167,-0.2758,1.7206,-0.6477,-1.1726,-0.4943,-0.2968,0.2968,0.5606,-0.4005,-1.3516,-1.1573,-0.5199,-0.6046,-31.4773649782027,-64.1736761204654,1.6898,Tipo D (Infr 0.40 - NBI 2.8%),Alta,<b>COUNTRY LA SANTINA - COUNTRY CAMPINA DEL SUR</b><br>Pob: 500.0<br>Score: 0.33 (Alta),-0.9109,1.307,-0.9775,0.9665
COUNTRY LAS DELICIAS,-0.432,-0.3895,-0.3895,-0.7513,-0.5499,-0.6587,-0.3168,-0.4858,-1.026,-0.7696,-0.5455,-0.2838,-1.0337,-0.7162,-0.783,-0.4469,-0.7611,-0.4167,-0.2758,-1.0409,-0.6477,-1.1726,-0.4943,-0.2968,-3.369,-1.2289,0.4061,-1.2361,-1.0703,-0.5199,-0.6046,-31.3619352535703,-64.2994579008155,-0.4397,Tipo B (Infr 0.14 - NBI 3.0%),Muy Baja,<b>COUNTRY LAS DELICIAS</b><br>Pob: 776.0<br>Score: 0.00 (Muy Baja),-2.1885,-0.7304,1.5721,-1.6419
COUNTRY LOMAS DE LA CAROLINA,-0.2734,-0.296,-0.4048,-0.9179,-0.5499,-0.6587,-0.3168,-0.4858,-0.8411,-0.578,-0.5455,-0.2838,-1.0337,-1.2365,-0.0545,-0.4469,-0.7611,-0.4167,-0.2758,-0.8461,-0.6477,-1.1726,-0.4943,-0.2968,0.2968,-1.1028,0.4728,-1.1354,-1.0128,-0.5142,-0.6046,-31.3556553169784,-64.3056209170965,-0.4397,Tipo B (Infr 0.14 - NBI 3.0%),Muy Baja,<b>COUNTRY LOMAS DE LA CAROLINA</b><br>Pob: 1572.0<br>Score: 0.02 (Muy Baja),-0.9109,-0.6847,1.5156,-1.4964
COUNTRY LOS ALGARROBOS,-0.487,-0.3966,-0.4048,-0.9179,-0.5499,-0.6587,-0.3168,-0.4858,-0.6562,-0.3864,-0.5455,-0.2838,-1.0337,1.4691,-1.235,-0.4469,-0.7611,-0.4167,-0.2758,0.1864,-0.6477,-1.1726,-0.4943,-0.2968,0.2968,-0.4338,-0.3459,-0.2513,0.0497,0.0604,-0.6046,-31.4833510004042,-64.2406895217807,-0.4397,Tipo B (Infr 0.14 - NBI 3.0%),Media,<b>COUNTRY LOS ALGARROBOS</b><br>Pob: 500.0<br>Score: 0.15 (Media),-0.9109,0.1749,0.2938,-0.3082
COUNTRY LOS MIMBRES,-0.487,-0.3966,-0.4048,-0.9179,-0.5499,-0.6587,-0.3168,-0.4858,-0.7487,-0.578,-0.5455,-0.2838,-1.0337,1.4691,-1.235,-0.4469,-0.7611,-0.4167,-0.2758,-0.1204,-0.6477,-1.1726,-0.4943,-0.2968,0.2968,-0.6324,-0.2913,-0.8015,-0.5538,-0.3023,-0.6046,-31.4933845474551,-64.1839627867177,-0.4397,Tipo B (Infr 0.14 - NBI 3.0%),Baja,<b>COUNTRY LOS MIMBRES</b><br>Pob: 500.0<br>Score: 0.11 (Baja),-0.9109,-0.0512,0.7104,-0.7274
COUNTRY RANCH CLUB,-0.487,-0.3966,-0.4048,-0.9179,-0.5499,-0.6587,-0.3168,-0.4858,-0.7487,-0.578,-0.5455,-0.2838,-1.0337,1.4691,-1.235,-0.4469,-0.7611,-0.4167,-0.2758,-0.1204,-0.6477,-1.1726,-0.4943,-0.2968,0.2968,-0.6324,-0.3641,0.2989,0.6532,0.1331,-0.6046,-31.4527198034093,-64.2191810889962,-0.4397,Tipo B (Infr 0.14 - NBI 3.0%),Baja,<b>COUNTRY RANCH CLUB</b><br>Pob: 500.0<br>Score: 0.11 (Baja),-0.9109,-0.0512,0.7104,-0.7274
COUNTRY VALLE ESCONDIDO,0.7402,0.4934,-0.3438,-0.8399,-0.3525,-0.6587,0.0405,-0.4858,-0.7487,-0.578,-0.5455,-0.2838,-1.0337,-0.7336,1.4345,3.2869,-0.649,-0.4167,-0.2758,-0.9719,-0.6477,0.8528,-0.4943,-0.2968,0.2968,-1.1285,2.8622,-1.1065,-0.9737,-0.5188,-0.8866,-31.365093628436902,-64.280614112077,-0.4397,Tipo B (Infr 0.14 - NBI 3.0%),Muy Baja,<b>COUNTRY VALLE ESCONDIDO</b><br>Pob: 6660.0<br>Score: 0.02 (Muy Baja),0.4055,-0.7218,1.5368,-1.5172
CRISOL NORTE,-0.3428,-0.2091,-0.3667,-0.7548,1.0294,0.7289,1.1124,-0.4858,2.7648,3.063,0.1885,-0.2838,0.3244,2.1975,-0.3125,1.42,2.8306,-0.4167,-0.2758,2.6411,0.3661,0.8528,-0.4943,-0.2968,0.2968,2.9471,-0.2549,-0.3415,0.0671,0.6228,-0.6046,-31.428051362204,-64.167176368668,-1.5044,Tipo A (Infr 0.57 - NBI 4.5%),Muy Alta,<b>CRISOL NORTE</b><br>Pob: 1224.0<br>Score: 0.78 (Muy Alta),0.4055,1.2118,-1.6979,1.6766
CRISOL SUD,0.078,0.1116,-0.3286,-0.7602,0.832,0.7289,0.7551,-0.4858,0.5458,0.7634,0.3765,-0.2838,0.3244,0.3764,0.7215,1.1549,0.8091,-0.4167,-0.2758,-0.2585,-0.2755,0.8528,-0.4943,-0.2968,0.2968,0.0607,-0.0851,-0.081,0.0168,-0.357,-0.4636,-31.4349582821362,-64.1674254311003,-0.4397,Tipo B (Infr 0.14 - NBI 3.0%),Alta,<b>CRISOL SUD</b><br>Pob: 3336.0<br>Score: 0.24 (Alta),0.4055,-0.5103,-0.4902,0.4954
CUPANI,-0.1374,-0.1359,-0.1609,-0.0758,-0.1551,-0.6587,0.3978,1.9142,0.1759,0.3802,-0.5091,-0.2838,0.3244,-0.2826,0.317,3.2869,-0.0956,2.0094,-0.2758,-0.1573,-0.098,0.8528,2.0231,-0.2968,0.2968,0.4693,-0.2852,0.999,0.7695,0.0671,-0.9825,-31.4214735888533,-64.2076951619414,-0.4397,Tipo B (Infr 0.14 - NBI 3.0%),Alta,<b>CUPANI</b><br>Pob: 2255.0<br>Score: 0.32 (Alta),1.6832,-0.3016,-0.9069,0.9076
DE LOS BIOQUIMICOS,-0.3346,-0.3152,-0.2142,0.355,-0.5499,-0.6587,-0.3168,-0.4858,0.1759,-0.578,-0.5455,-0.2838,0.3244,-0.6989,-0.2784,-0.4469,-0.7611,-0.4167,-0.2758,0.5362,0.3338,-1.1726,-0.4943,-0.2968,0.2968,-0.2067,-0.2974,0.1222,-0.0454,-0.125,-0.6046,-31.3204288535283,-64.2668138957885,-0.4397,Tipo B (Infr 0.14 - NBI 3.0%),Media,<b>DE LOS BIOQUIMICOS</b><br>Pob: 1265.0<br>Score: 0.19 (Media),-0.9109,-0.2703,-0.1018,0.1074
DE LOS DOCENTES,-0.487,-0.3966,-0.4048,-0.9179,-0.5499,-0.6587,-0.3168,-0.4858,-0.7487,-0.1947,-0.5455,-0.2838,1.6826,1.4691,-1.235,-0.4469,-0.7611,-0.4167,-0.2758,-0.1204,4.3158,-1.1726,-0.4943,-0.2968,0.2968,-0.6324,-0.3944,8.5514,9.7056,3.397,-0.6046,-31.4590670929175,-64.1524118917786,-0.4397,Tipo B (Infr 0.14 - NBI 3.0%),Baja,<b>DE LOS DOCENTES</b><br>Pob: 500.0<br>Score: 0.11 (Baja),-0.9109,-0.0512,0.7104,-0.7274
DEAN FUNES,-0.1635,-0.1315,-0.2371,-0.3453,-0.1551,-0.3118,0.0405,-0.4858,1.4704,1.1467,-0.0178,-0.2838,0.3244,0.0989,0.2561,1.42,-0.0583,-0.4167,-0.2758,0.909,-0.0633,0.8528,-0.4943,-0.2968,0.2968,0.385,0.0483,-0.7832,-0.6567,-0.3767,-0.6046,-31.4458597071522,-64.1178957921271,1.6898,Tipo D (Infr 0.40 - NBI 2.8%),Alta,<b>DEAN FUNES</b><br>Pob: 2124.0<br>Score: 0.30 (Alta),0.4055,-0.2978,-0.8221,0.8245
DIPAS,-0.487,-0.3966,-0.4048,-0.9179,-0.5499,-0.6587,-0.3168,-0.4858,-1.026,-0.7696,-0.5455,-0.2838,-1.0337,1.4691,-1.235,-0.4469,-0.7611,-0.4167,-0.2758,-1.0409,-0.6477,-1.1726,-0.4943,-0.2968,-3.369,-1.2289,-0.4005,-1.3516,-1.1573,-0.5199,-0.6046,-31.3563236095696,-64.2944936477692,-0.4397,Tipo B (Infr 0.14 - NBI 3.0%),Muy Baja,<b>DIPAS</b><br>Pob: 500.0<br>Score: 0.00 (Muy Baja),-2.1885,-0.7304,1.5721,-1.6419
DUCASSE,-0.4002,-0.2927,-0.1609,0.5411,-0.3525,-0.3118,-0.3168,-0.4858,3.7819,7.4706,-0.5151,-0.2838,0.3244,1.7466,-0.589,-0.4469,0.0389,-0.4167,-0.2758,2.6411,0.6776,0.8528,-0.4943,-0.2968,0.2968,1.556,-0.2974,-0.2611,0.0856,0.5558,-0.0407,-31.404888252086,-64.1908855434012,1.6898,Tipo D (Infr 0.40 - NBI 2.8%),Muy Alta,<b>DUCASSE</b><br>Pob: 936.0<br>Score: 0.52 (Muy Alta),0.4055,0.9634,-1.4366,1.4341
EJERCITO ARGENTINO,-0.2191,-0.1634,-0.3438,-0.691,0.0424,0.382,-0.3168,-0.4858,2.395,3.8296,-0.1573,-0.2838,0.3244,0.3938,0.1106,-0.4469,0.4577,-0.4167,-0.2758,2.0351,0.0248,0.8528,-0.4943,-0.2968,0.2968,1.3718,-0.3095,1.0845,1.1022,0.6185,1.0872,-31.447568948723,-64.1961913422897,1.6898,Tipo D (Infr 0.40 - NBI 2.8%),Muy Alta,<b>EJERCITO ARGENTINO</b><br>Pob: 1845.0<br>Score: 0.48 (Muy Alta),0.4055,0.0721,-1.3871,1.3856
EL BALCON,-0.487,-0.3966,-0.4048,-0.9179,-0.5499,-0.6587,-0.3168,-0.4858,-0.9336,-0.578,-0.5455,-0.2838,-1.0337,1.4691,-1.235,-0.4469,-0.7611,-0.4167,-0.2758,-0.7341,-0.6477,-1.1726,-0.4943,-0.2968,0.2968,-1.0303,-0.4005,-1.3516,-1.1573,-0.5199,-0.6046,-31.3747201959085,-64.2747796532456,-0.4397,Tipo B (Infr 0.14 - NBI 3.0%),Muy Baja,<b>EL BALCON</b><br>Pob: 500.0<br>Score: 0.04 (Muy Baja),-0.9109,-0.5042,1.4167,-1.4167
EL BOSQUE,-0.2699,-0.2828,-0.359,-0.6573,-0.5499,-0.6587,-0.3168,-0.4858,-0.4713,-0.578,-0.5455,-0.2838,0.3244,-1.0284,-0.0432,-0.4469,-0.7611,-0.4167,-0.2758,-0.4626,0.1328,-1.1726,-0.4943,-0.2968,0.2968,-0.8542,0.6487,-1.1696,-1.0295,-0.5058,-0.6046,-31.3380384713002,-64.307387518257,-0.4397,Tipo B (Infr 0.14 - NBI 3.0%),Muy Baja,<b>EL BOSQUE</b><br>Pob: 1590.0<br>Score: 0.07 (Muy Baja),-0.9109,-0.5962,1.226,-1.2124
EL CABILDO,0.4193,0.2255,0.266,0.2539,0.4372,1.0758,-0.3168,1.9142,1.0081,-0.0031,-0.4666,-0.2838,0.3244,-0.8897,1.1486,-0.4469,-0.0209,0.6677,-0.2758,-0.372,-0.402,0.8528,2.0231,-0.2968,0.2968,-0.0719,-0.0669,0.4666,0.1572,-0.3817,2.2152,-31.4859068227125,-64.2351105437776,-0.4397,Tipo B (Infr 0.14 - NBI 3.0%),Media,<b>EL CABILDO</b><br>Pob: 5049.0<br>Score: 0.22 (Media),1.6832,-0.5999,-0.2854,0.291
EL CERRITO,0.1424,-0.0006,0.3956,1.1049,-0.3525,-0.3118,-0.3168,1.9142,-0.2864,-0.3864,-0.5151,-0.2838,1.6826,-1.1151,0.8164,-0.4469,-0.5592,1.0784,-0.2758,-0.705,0.031,0.8528,2.0231,-0.2968,0.2968,-0.4214,0.024,-0.3164,-0.4434,-0.4441,-0.0407,-31.3221687252868,-64.2502548066828,0.625,Tipo C (Infr 0.16 - NBI 14.4%),Media,<b>EL CERRITO</b><br>Pob: 3659.0<br>Score: 0.15 (Media),1.6832,-0.6047,0.2726,-0.2632
EL PRADO,-0.487,-0.3966,-0.4048,-0.9179,-0.5499,-0.6587,-0.3168,-0.4858,-0.6562,-0.578,-0.5455,-0.2838,-1.0337,1.4691,-1.235,-0.4469,-0.7611,-0.4167,-0.2758,0.1864,-0.6477,-1.1726,-0.4943,-0.2968,0.2968,-0.4338,-0.4005,-1.3516,-1.1573,-0.5199,-0.6046,-31.375753313966,-64.2703111858803,-0.4397,Tipo B (Infr 0.14 - NBI 3.0%),Media,<b>EL PRADO</b><br>Pob: 500.0<br>Score: 0.15 (Media),-0.9109,0.1749,0.2938,-0.3082
EL PUEBLITO,-0.3246,-0.324,0.5404,5.7038,-0.5499,-0.6587,-0.3168,-0.4858,-1.026,-0.7696,-0.5455,-0.2838,-1.0337,-1.0978,-0.2392,-0.4469,-0.7611,-0.4167,-0.2758,-1.0409,-0.6477,-1.1726,-0.4943,-0.2968,-3.369,-1.2289,-0.1579,-0.7005,-0.7064,-0.5199,-0.6046,-31.4064405446942,-64.2568328545741,0.625,Tipo C (Infr 0.16 - NBI 14.4%),Muy Baja,<b>EL PUEBLITO</b><br>Pob: 1315.0<br>Score: 0.00 (Muy Baja),-2.1885,-0.7304,1.5721,-1.6419
EL QUEBRACHAL,-0.487,-0.3966,-0.3667,-0.4747,-0.5499,-0.6587,-0.3168,-0.4858,-0.2864,-0.578,-0.5455,-0.2838,-1.0337,1.4691,-1.235,-0.4469,-0.7611,-0.4167,-0.2758,1.4137,-0.6477,-1.1726,-0.4943,-0.2968,0.2968,0.3619,0.8003,-1.3016,-1.1024,-0.467,-0.6046,-31.3380076521557,-64.0666753385544,1.6898,Tipo D (Infr 0.40 - NBI 2.8%),Alta,<b>EL QUEBRACHAL</b><br>Pob: 500.0<br>Score: 0.30 (Alta),-0.9109,1.0808,-0.808,0.7968
EL QUEBRACHO,0.2822,0.0528,0.6318,1.4524,-0.1551,0.0351,-0.3168,-0.4858,0.0835,-0.0031,0.8981,-0.2838,1.6826,-1.4273,0.998,-0.4469,-0.4172,-0.4167,-0.2758,-0.6191,-0.0782,0.8528,-0.4943,-0.2968,0.2968,-0.7844,0.0604,-0.2151,-0.4304,-0.4814,0.5233,-31.4773371547605,-64.1377151621983,0.625,Tipo C (Infr 0.16 - NBI 14.4%),Muy Baja,<b>EL QUEBRACHO</b><br>Pob: 4361.0<br>Score: 0.08 (Muy Baja),0.4055,-0.6723,1.0565,-1.0426
EL REFUGIO,-0.3474,-0.3229,-0.3895,-0.8116,-0.3525,-0.6587,0.0405,-0.4858,-0.5637,-0.1947,0.3401,-0.2838,-1.0337,-0.6468,-0.3321,3.2869,-0.1405,-0.4167,-0.2758,-0.4027,-0.6477,0.8528,-0.4943,-0.2968,0.2968,-0.5063,-0.2064,-0.6083,-0.5903,-0.3714,-0.8866,-31.3442649511605,-64.2818199937408,-0.4397,Tipo B (Infr 0.14 - NBI 3.0%),Baja,<b>EL REFUGIO</b><br>Pob: 1201.0<br>Score: 0.13 (Baja),0.4055,-0.3878,0.4633,-0.4537
EL TREBOL,-0.3348,-0.28,-0.359,-0.6591,-0.5499,-0.6587,-0.3168,-0.4858,-0.5637,-0.0031,-0.1815,-0.2838,0.3244,0.1857,-0.2795,-0.4469,-0.7611,-0.4167,-0.2758,-0.4334,0.3338,-1.1726,-0.4943,-0.2968,0.2968,-0.8354,-0.2974,0.121,0.1591,-0.3679,-0.6046,-31.4230857776258,-64.2255537451732,-0.4397,Tipo B (Infr 0.14 - NBI 3.0%),Muy Baja,<b>EL TREBOL</b><br>Pob: 1264.0<br>Score: 0.07 (Muy Baja),-0.9109,-0.5531,1.1766,-1.1604
EL VIEJO ALGARROBO,-0.487,-0.3966,-0.3743,-0.5634,-0.3525,-0.3118,-0.3168,-0.4858,1.1005,-0.578,-0.5455,-0.2838,0.3244,1.4691,-1.235,-0.4469,0.7343,-0.4167,-0.2758,2.6411,1.8341,0.8528,-0.4943,-0.2968,0.2968,1.9023,-0.2549,-0.939,-0.7046,0.3368,-0.0407,-31.5024363493638,-64.1658119554321,1.6898,Tipo D (Infr 0.40 - NBI 2.8%),Muy Alta,<b>EL VIEJO ALGARROBO</b><br>Pob: 500.0<br>Score: 0.58 (Muy Alta),0.4055,2.8346,-1.5143,1.5069
EMAUS,-0.487,-0.3966,-0.3972,-0.8293,-0.5499,-0.6587,-0.3168,-0.4858,-0.8411,-0.578,-0.5091,-0.2838,-1.0337,1.4691,-1.235,-0.4469,-0.7611,-0.4167,-0.2758,-0.4273,-0.6477,-1.1726,-0.4943,-0.2968,0.2968,-0.8311,-0.3883,3.5999,4.2742,0.7863,-0.6046,-31.4371264001266,-64.1430479576708,-0.4397,Tipo B (Infr 0.14 - NBI 3.0%),Muy Baja,<b>EMAUS</b><br>Pob: 500.0<br>Score: 0.07 (Muy Baja),-0.9109,-0.2774,1.1271,-1.1292
EMPALME,0.0959,0.1204,-0.3133,-0.7318,0.832,1.0758,0.3978,-0.4858,-0.3788,0.7634,-0.0663,2.8315,-1.0337,0.3071,0.7483,0.621,0.7642,-0.4167,3.9761,-0.728,-0.6477,0.8528,-0.4943,3.369,0.2968,0.3308,-0.0184,-0.2746,-0.1744,-0.3573,-0.0407,-31.4345112094775,-64.130487667635,-0.4397,Tipo B (Infr 0.14 - NBI 3.0%),Alta,<b>EMPALME</b><br>Pob: 3426.0<br>Score: 0.29 (Alta),0.4055,-0.4712,-0.7233,0.7275
EMPALME CASAS DE OBREROS Y EMPLEADOS,-0.341,-0.3004,-0.3057,-0.3028,-0.5499,-0.6587,-0.3168,-0.4858,0.9156,1.3383,-0.3999,-0.2838,0.3244,-0.1959,-0.3053,-0.4469,-0.7611,-0.4167,-0.2758,1.5717,0.3586,-1.1726,-0.4943,-0.2968,0.2968,0.4645,-0.2913,0.0051,-0.0257,0.0978,-0.6046,-31.4387401458057,-64.1251666065268,1.6898,Tipo D (Infr 0.40 - NBI 2.8%),Alta,<b>EMPALME CASAS DE OBREROS Y EMPLEADOS</b><br>Pob: 1233.0<br>Score: 0.32 (Alta),-0.9109,0.0515,-0.8928,0.8938
ESCOBAR,-0.1523,-0.1035,-0.3514,-0.7495,0.2398,0.0351,0.3978,-0.4858,0.5458,-0.0031,2.2204,-0.2838,-1.0337,0.3591,0.2829,1.42,0.6072,-0.4167,-0.2758,0.1557,-0.6477,0.8528,-0.4943,-0.2968,0.2968,0.2282,-0.1336,-0.3703,-0.2524,-0.3023,-0.6046,-31.3918891605182,-64.2206422574801,-0.4397,Tipo B (Infr 0.14 - NBI 3.0%),Alta,<b>ESCOBAR</b><br>Pob: 2180.0<br>Score: 0.27 (Alta),0.4055,-0.3498,-0.6879,0.6894
ESCUELA DE SUBOFICIALES,-0.487,-0.3966,-0.4048,-0.9179,-0.5499,-0.6587,-0.3168,1.9142,-0.8411,-0.578,-0.5455,-0.2838,0.3244,1.4691,-1.235,-0.4469,-0.7611,3.2291,-0.2758,-0.4273,1.8341,-1.1726,2.0231,-0.2968,0.2968,0.3619,-0.4005,-1.3516,-1.1573,-0.5199,-0.6046,-31.4272175434882,-64.2575368439051,-0.4397,Tipo B (Infr 0.14 - NBI 3.0%),Alta,<b>ESCUELA DE SUBOFICIALES</b><br>Pob: 500.0<br>Score: 0.30 (Alta),0.4055,1.0808,-0.808,0.7968
ESTACION FLORES,0.1856,0.0566,0.5404,1.229,0.4372,1.0758,-0.3168,1.9142,0.1759,-0.3864,1.1954,-0.2838,0.3244,-0.8897,0.8762,-0.4469,0.2034,0.9963,-0.2758,-0.527,-0.3276,0.8528,2.0231,-0.2968,0.2968,0.0473,0.024,-0.255,-0.3627,-0.4,2.2152,-31.4487314083608,-64.2475078934286,0.625,Tipo C (Infr 0.16 - NBI 14.4%),Alta,<b>ESTACION FLORES</b><br>Pob: 3876.0<br>Score: 0.24 (Alta),1.6832,-0.5429,-0.4619,0.4677
ESTADIO CORDOBA,-0.487,-0.3966,-0.4048,-0.9179,-0.5499,-0.6587,-0.3168,-0.4858,-0.6562,-0.7696,-0.5455,-0.2838,-1.0337,1.4691,-1.235,-0.4469,-0.7611,-0.4167,-0.2758,0.1864,-0.6477,-1.1726,-0.4943,-0.2968,0.2968,-0.4338,-0.4005,-1.3516,-1.1573,-0.5199,-0.6046,-31.3678801343148,-64.2467689606442,-0.4397,Tipo B (Infr 0.14 - NBI 3.0%),Media,<b>ESTADIO CORDOBA</b><br>Pob: 500.0<br>Score: 0.15 (Media),-0.9109,0.1749,0.2938,-0.3082
FERIAR,-0.487,-0.3966,-0.4048,-0.9179,-0.5499,-0.6587,-0.3168,-0.4858,-0.1014,-0.3864,-0.5455,-0.2838,0.3244,1.4691,-1.235,-0.4469,-0.7611,-0.4167,-0.2758,2.0274,1.8341,-1.1726,-0.4943,-0.2968,0.2968,0.7598,-0.4005,-1.3516,-1.1573,-0.5199,-0.6046,-31.3702867943909,-64.2556701915654,1.6898,Tipo D (Infr 0.40 - NBI 2.8%),Muy Alta,<b>FERIAR</b><br>Pob: 500.0<br>Score: 0.37 (Muy Alta),-0.9109,1.5338,-1.1046,1.0981
FERRER,-0.2193,-0.2525,0.6547,4.4167,-0.5499,-0.6587,-0.3168,1.9142,0.1759,0.1885,-0.4181,-0.2838,1.6826,-1.1151,0.1096,-0.4469,-0.7611,2.5516,-0.2758,0.0406,0.6986,-1.1726,2.0231,-0.2968,0.2968,0.4435,-0.2731,0.3875,0.0377,0.003,-0.6046,-31.4437749243189,-64.2117812947588,0.625,Tipo C (Infr 0.16 - NBI 14.4%),Alta,<b>FERRER</b><br>Pob: 1844.0<br>Score: 0.31 (Alta),0.4055,-0.214,-0.8786,0.8799
FERREYRA,0.184,0.0594,0.3651,0.823,0.4372,0.7289,0.0405,-0.4858,0.7307,-0.3864,-0.1451,5.9468,0.3244,-0.855,0.8742,0.2999,0.2034,-0.4167,3.9761,-0.2877,-0.3263,0.8528,-0.4943,3.369,0.2968,0.3367,0.1393,-0.4909,-0.5293,-0.4042,0.2413,-31.4663540173135,-64.1106089877883,0.625,Tipo C (Infr 0.16 - NBI 14.4%),Alta,<b>FERREYRA</b><br>Pob: 3868.0<br>Score: 0.29 (Alta),0.4055,-0.4999,-0.7444,0.7483
FERREYRA SEGUNDA SECCION,-0.3996,-0.3884,-0.1609,1.7201,-0.5499,-0.6587,-0.3168,-0.4858,-0.4713,-0.3864,-0.5455,-0.2838,-1.0337,-1.4967,-0.5859,-0.4469,-0.7611,-0.4167,-0.2758,-0.0606,-0.6477,-1.1726,-0.4943,-0.2968,0.2968,-0.5938,-0.3398,0.5081,0.0105,-0.1028,-0.6046,-31.4710619707259,-64.1175953235484,0.625,Tipo C (Infr 0.16 - NBI 14.4%),Baja,<b>FERREYRA SEGUNDA SECCION</b><br>Pob: 939.0<br>Score: 0.12 (Baja),-0.9109,-0.3453,0.5974,-0.5888
FERROVIARIO MITRE,-0.3609,-0.3141,-0.0846,1.2095,0.6346,1.0758,0.0405,-0.4858,-0.1939,0.9551,-0.4605,-0.2838,0.3244,-0.1092,-0.3919,0.1766,2.8306,-0.4167,-0.2758,0.1772,0.448,0.8528,-0.4943,-0.2968,0.2968,1.3504,-0.2913,-0.105,-0.1011,0.4211,0.5233,-31.4334514626288,-64.136352474103,-1.5044,Tipo A (Infr 0.57 - NBI 4.5%),Muy Alta,<b>FERROVIARIO MITRE</b><br>Pob: 1133.0<br>Score: 0.48 (Muy Alta),0.4055,0.5656,-1.366,1.3649
FINCA LA DOROTEA,-0.487,-0.3966,-0.3286,-0.0315,-0.5499,-0.6587,-0.3168,-0.4858,-0.8411,-0.578,-0.4727,-0.2838,0.3244,1.4691,-1.235,-0.4469,-0.7611,-0.4167,-0.2758,-0.4273,1.8341,-1.1726,-0.4943,-0.2968,0.2968,-0.8311,-0.3095,-0.6914,-0.4331,-0.3457,-0.6046,-31.3764290500034,-64.1151406917793,-0.4397,Tipo B (Infr 0.14 - NBI 3.0%),Muy Baja,<b>FINCA LA DOROTEA</b><br>Pob: 500.0<br>Score: 0.07 (Muy Baja),-0.9109,-0.2774,1.1271,-1.1292
FINCAS DEL SUR,-0.487,-0.3966,-0.4048,-0.9179,-0.5499,-0.6587,-0.3168,-0.4858,-1.026,-0.7696,0.5888,-0.2838,-1.0337,1.4691,-1.235,-0.4469,-0.7611,-0.4167,-0.2758,-1.0409,-0.6477,-1.1726,-0.4943,-0.2968,-3.369,-1.2289,-0.0427,-1.1838,-0.9731,-0.5199,-0.6046,-31.4867716545205,-64.1572739805666,-0.4397,Tipo B (Infr 0.14 - NBI 3.0%),Muy Baja,<b>FINCAS DEL SUR</b><br>Pob: 500.0<br>Score: 0.00 (Muy Baja),-2.1885,-0.7304,1.5721,-1.6419
GENERAL ARENALES,-0.1248,-0.1645,0.0526,0.7929,0.0424,0.382,-0.3168,4.3143,-0.1014,-0.578,-0.2968,-0.2838,1.6826,-0.8203,0.3459,-0.4469,0.2034,3.2291,-0.2758,-0.3797,0.4232,0.8528,2.0231,-0.2968,0.2968,0.8736,-0.1761,-0.1108,-0.2442,-0.1469,1.0872,-31.3687802681924,-64.0602371117818,0.625,Tipo C (Infr 0.16 - NBI 14.4%),Muy Alta,<b>GENERAL ARENALES</b><br>Pob: 2318.0<br>Score: 0.39 (Muy Alta),1.6832,-0.214,-1.1611,1.1605
GENERAL ARTIGAS,-0.2774,-0.2476,-0.3438,-0.6166,-0.1551,0.0351,-0.3168,-0.4858,-0.1014,-0.1947,-0.133,-0.2838,-1.0337,-0.2133,-0.0679,-0.4469,0.2034,-0.4167,-0.2758,-0.0529,-0.6477,0.8528,-0.4943,-0.2968,0.2968,-0.1079,-0.1943,-0.4476,-0.4048,-0.3034,0.5233,-31.4615195852108,-64.1996215023561,-0.4397,Tipo B (Infr 0.14 - NBI 3.0%),Media,<b>GENERAL ARTIGAS</b><br>Pob: 1552.0<br>Score: 0.21 (Media),0.4055,-0.3192,-0.2289,0.2356
GENERAL BELGRANO,0.0417,-0.0171,-0.1761,-0.3205,-0.1551,0.0351,-0.3168,-0.4858,-0.2864,-0.1947,0.7708,-0.2838,0.3244,-0.5775,0.6637,-0.4469,-0.29,-0.4167,-0.2758,-0.6513,-0.2544,0.8528,-0.4943,-0.2968,0.2968,-0.7414,-0.2246,0.8024,0.5096,-0.4095,0.5233,-31.3704293934515,-64.1372878299525,-0.4397,Tipo B (Infr 0.14 - NBI 3.0%),Baja,<b>GENERAL BELGRANO</b><br>Pob: 3154.0<br>Score: 0.09 (Baja),0.4055,-0.6424,0.9718,-0.956
GENERAL BUSTOS,2.5331,2.2068,1.4474,-0.0439,2.6088,2.4634,2.1843,-0.4858,1.7478,0.7634,2.1658,-0.2838,1.6826,-0.0051,2.3167,1.1885,0.0016,-0.4167,-0.2758,-0.7464,-0.4889,0.8528,-0.4943,-0.2968,0.2968,-0.6582,0.6548,0.4308,0.3826,-0.4984,-0.4636,-31.3903336123251,-64.1696498558799,-0.4397,Tipo B (Infr 0.14 - NBI 3.0%),Baja,<b>GENERAL BUSTOS</b><br>Pob: 15659.0<br>Score: 0.11 (Baja),0.4055,-0.7096,0.8164,-0.8036
GENERAL MOSCONI,0.0756,-0.0385,0.4337,1.3744,-0.3525,-0.3118,-0.3168,1.9142,0.4533,0.3802,0.334,-0.2838,0.3244,-1.0284,0.7173,-0.4469,-0.5368,1.2318,-0.2758,-0.303,-0.2742,0.8528,2.0231,-0.2968,0.2968,-0.0993,-0.2185,0.8429,0.3835,-0.2727,-0.0407,-31.3651885926033,-64.1504410565656,0.625,Tipo C (Infr 0.16 - NBI 14.4%),Media,<b>GENERAL MOSCONI</b><br>Pob: 3324.0<br>Score: 0.21 (Media),1.6832,-0.5369,-0.2359,0.2425
GENERAL PAZ,1.3108,1.8085,0.4108,-0.4676,3.9907,3.8511,3.2562,-0.4858,1.9327,1.7216,0.8496,2.8315,0.3244,2.1975,1.8039,1.1773,1.0409,-0.4167,2.5888,-0.5255,-0.5174,0.8528,-0.4943,3.369,0.2968,0.4049,0.2848,0.3177,0.8658,-0.425,-0.4524,-31.4125574874454,-64.1656906995031,-0.4397,Tipo B (Infr 0.14 - NBI 3.0%),Alta,<b>GENERAL PAZ</b><br>Pob: 9524.0<br>Score: 0.30 (Alta),0.4055,-0.6327,-0.8504,0.8522
GENERAL PUEYRREDON,4.1991,3.8597,3.8713,0.3355,2.8062,0.7289,4.328,-0.4858,3.412,1.53,0.6798,-0.2838,0.3244,0.255,2.7584,2.4095,-0.2302,-0.4167,-0.2758,-0.7341,-0.5956,0.8528,-0.4943,-0.2968,0.2968,-0.7656,1.5159,0.1539,0.2071,-0.5104,-0.9656,-31.4020774327923,-64.1624596839047,2.7545,Tipo E (Infr 0.11 - NBI 5.5%),Baja,<b>GENERAL PUEYRREDON</b><br>Pob: 24021.0<br>Score: 0.09 (Baja),0.4055,-0.7194,1.0,-0.9837
GENERAL SAVIO,0.3874,0.2134,1.981,3.321,-0.5499,-0.6587,-0.3168,-0.4858,-0.1939,-0.578,-0.1209,-0.2838,0.3244,-0.8203,1.1156,-0.4469,-0.7611,-0.4167,-0.2758,-0.7587,-0.3933,-1.1726,-0.4943,-0.2968,0.2968,-1.0459,-0.2125,1.772,1.1362,-0.4811,-0.6046,-31.371992117919,-64.1580891610321,0.625,Tipo C (Infr 0.16 - NBI 14.4%),Muy Baja,<b>GENERAL SAVIO</b><br>Pob: 4889.0<br>Score: 0.03 (Muy Baja),-0.9109,-0.7091,1.4591,-1.441
GRANADERO PRINGLES,-0.1465,-0.1612,-0.2828,-0.4659,-0.5499,-0.6587,-0.3168,-0.4858,0.7307,-0.0031,-0.3938,-0.2838,0.3244,-0.5428,0.2963,-0.4469,-0.7611,-0.4167,-0.2758,0.2784,-0.0856,-1.1726,-0.4943,-0.2968,0.2968,-0.3736,-0.2852,0.9511,0.638,-0.2244,-0.6046,-31.3755515882091,-64.1976083748721,-0.4397,Tipo B (Infr 0.14 - NBI 3.0%),Media,<b>GRANADERO PRINGLES</b><br>Pob: 2209.0<br>Score: 0.16 (Media),-0.9109,-0.51,0.1878,-0.1801
GRANJA DE FUNES,0.1836,0.1688,-0.199,-0.5279,0.4372,1.0758,-0.3168,-0.4858,1.7478,1.3383,-0.2422,-0.2838,0.3244,0.0469,0.8731,-0.4469,0.2034,-0.4167,-0.2758,0.1496,-0.3263,0.8528,-0.4943,-0.2968,0.2968,0.0231,0.2666,-0.6555,-0.5509,-0.4451,2.2152,-31.349164455122,-64.2445719762199,-0.4397,Tipo B (Infr 0.14 - NBI 3.0%),Alta,<b>GRANJA DE FUNES</b><br>Pob: 3866.0<br>Score: 0.23 (Alta),0.4055,-0.546,-0.4266,0.433
GUARNICION AEREA CORDOBA,-0.487,-0.3966,-0.4048,-0.9179,-0.5499,-0.6587,-0.3168,-0.4858,-1.026,-0.7696,-0.5455,-0.2838,-1.0337,1.4691,-1.235,-0.4469,-0.7611,-0.4167,-0.2758,-1.0409,-0.6477,-1.1726,-0.4943,-0.2968,-3.369,-1.2289,6.2522,-1.3426,-1.1473,-0.5199,-0.6046,-31.4437692781579,-64.2815434253756,-0.4397,Tipo B (Infr 0.14 - NBI 3.0%),Muy Baja,<b>GUARNICION AEREA CORDOBA</b><br>Pob: 500.0<br>Score: 0.00 (Muy Baja),-2.1885,-0.7304,1.5721,-1.6419
GUARNICION MILITAR CORDOBA,-0.487,-0.3966,-0.4048,-0.9179,-0.5499,-0.6587,-0.3168,-0.4858,-1.026,-0.7696,-0.5333,-0.2838,-1.0337,1.4691,-1.235,-0.4469,-0.7611,-0.4167,-0.2758,-1.0409,-0.6477,-1.1726,-0.4943,-0.2968,-3.369,-1.2289,14.6333,-1.3476,-1.1529,-0.5199,-0.6046,-31.3932530580866,-64.2925498765201,-0.4397,Tipo B (Infr 0.14 - NBI 3.0%),Muy Baja,<b>GUARNICION MILITAR CORDOBA</b><br>Pob: 500.0<br>Score: 0.00 (Muy Baja),-2.1885,-0.7304,1.5721,-1.6419
GUAYAQUIL,-0.4697,-0.3966,-0.4048,-0.9179,-0.1551,0.0351,-0.3168,-0.4858,0.2684,-0.0031,-0.0238,-0.2838,0.3244,0.4458,-1.0699,-0.4469,1.7886,-0.4167,-0.2758,2.6181,1.4668,0.8528,-0.4943,-0.2968,0.2968,2.4129,-0.3519,0.1016,0.2006,2.4694,0.5233,-31.382844844148,-64.1550652774413,-1.5044,Tipo A (Infr 0.57 - NBI 4.5%),Muy Alta,<b>GUAYAQUIL</b><br>Pob: 587.0<br>Score: 0.68 (Muy Alta),0.4055,2.8014,-1.6131,1.6108
GUEMES,1.7221,2.4268,2.8575,0.5057,2.8062,4.198,0.7551,1.9142,2.7648,3.2547,0.2552,-0.2838,-1.0337,2.5097,2.0061,0.2103,0.338,0.0543,-0.2758,-0.4979,-0.6477,0.8528,2.0231,-0.2968,0.2968,-0.175,0.3151,0.5934,1.2975,-0.4613,0.9463,-31.4281317736306,-64.1936790393253,0.625,Tipo C (Infr 0.16 - NBI 14.4%),Media,<b>GUEMES</b><br>Pob: 11588.0<br>Score: 0.20 (Media),1.6832,-0.6786,-0.1441,0.1525
GUINAZU,-0.3155,-0.3015,-0.0923,1.0305,0.4372,1.0758,-0.3168,1.9142,0.8232,-0.3864,-0.4848,2.8315,0.3244,-0.7162,-0.2031,-0.4469,1.983,3.2291,3.9761,1.2143,0.2643,0.8528,2.0231,3.369,0.2968,3.3895,-0.1943,-0.5588,-0.5614,0.3721,2.2152,-31.3122463444352,-64.1732935256594,-1.5044,Tipo A (Infr 0.57 - NBI 4.5%),Muy Alta,<b>GUINAZU</b><br>Pob: 1361.0<br>Score: 0.86 (Muy Alta),1.6832,1.2014,-1.712,1.7078
GUINAZU SUD,-0.487,-0.3966,-0.3819,-0.652,-0.5499,-0.6587,-0.3168,1.9142,0.0835,-0.3864,-0.5212,-0.2838,0.3244,1.4691,-1.235,-0.4469,-0.7611,3.2291,-0.2758,2.6411,1.8341,-1.1726,2.0231,-0.2968,0.2968,2.3506,-0.3762,1.1241,1.5585,5.3562,-0.6046,-31.335667108704,-64.1831340646197,1.6898,Tipo D (Infr 0.40 - NBI 2.8%),Muy Alta,<b>GUINAZU SUD</b><br>Pob: 500.0<br>Score: 0.67 (Muy Alta),0.4055,3.345,-1.599,1.5866
HIPOLITO IRIGOYEN,0.0734,-0.0154,0.2279,0.7291,-0.5499,-0.6587,-0.3168,1.9142,-0.4713,-0.0031,-0.406,-0.2838,0.3244,-0.7856,0.7142,-0.4469,-0.7611,1.2372,-0.2758,-0.7633,-0.273,-1.1726,2.0231,-0.2968,0.2968,-0.5079,-0.2246,0.911,0.5153,-0.3566,-0.6046,-31.3728101396738,-64.1862965749199,0.625,Tipo C (Infr 0.16 - NBI 14.4%),Baja,<b>HIPOLITO IRIGOYEN</b><br>Pob: 3313.0<br>Score: 0.13 (Baja),0.4055,-0.6065,0.4703,-0.4641
HOGAR PROPIO,0.3529,0.363,0.0221,-0.2903,-0.1551,0.0351,-0.3168,1.9142,0.7307,0.1885,-0.4363,-0.2838,3.0407,0.3417,1.0785,-0.4469,-0.4471,0.7443,-0.2758,-0.4227,0.1415,0.8528,2.0231,-0.2968,0.2968,-0.292,-0.1094,0.5943,0.6317,-0.3915,0.5233,-31.4073366174112,-64.1541697551546,-0.4397,Tipo B (Infr 0.14 - NBI 3.0%),Media,<b>HOGAR PROPIO</b><br>Pob: 4716.0<br>Score: 0.17 (Media),1.6832,-0.6173,0.0113,-0.0034
HORIZONTE,-0.185,-0.1541,-0.3209,-0.613,-0.5499,-0.6587,-0.3168,-0.4858,-0.1014,0.3802,0.5949,-0.2838,-1.0337,0.0469,0.2014,-0.4469,-0.7611,-0.4167,-0.2758,-0.28,-0.6477,-1.1726,-0.4943,-0.2968,0.2968,-0.7355,-0.2246,0.0252,0.0433,-0.4081,-0.6046,-31.458659818397,-64.2065221911296,-0.4397,Tipo B (Infr 0.14 - NBI 3.0%),Baja,<b>HORIZONTE</b><br>Pob: 2016.0<br>Score: 0.09 (Baja),-0.9109,-0.591,0.9647,-0.9491
INAUDI,-0.2555,-0.2542,-0.3743,-0.7637,0.2398,0.7289,-0.3168,1.9142,-0.3788,-0.578,-0.23,2.8315,0.3244,-0.6815,0.0022,-0.4469,1.0409,2.8802,3.9761,-0.3951,0.0993,0.8528,2.0231,3.369,0.2968,1.7632,-0.2185,-0.2544,-0.3262,0.1352,1.6512,-31.4764448201221,-64.1942870194643,-1.5044,Tipo A (Infr 0.57 - NBI 4.5%),Muy Alta,<b>INAUDI</b><br>Pob: 1662.0<br>Score: 0.56 (Muy Alta),1.6832,0.2945,-1.486,1.4826
INDEPENDENCIA,-0.4247,-0.3449,-0.3514,-0.496,-0.3525,-0.6587,0.0405,-0.4858,0.4533,0.9551,-0.315,-0.2838,-1.0337,0.81,-0.7345,3.2869,0.1586,-0.4167,-0.2758,1.9783,-0.6477,0.8528,-0.4943,-0.2968,0.2968,1.1861,-0.3277,-0.0098,0.1735,0.8015,-0.8866,-31.4011747261759,-64.1901515777845,1.6898,Tipo D (Infr 0.40 - NBI 2.8%),Muy Alta,<b>INDEPENDENCIA</b><br>Pob: 813.0<br>Score: 0.45 (Muy Alta),0.4055,0.9606,-1.3306,1.3302
INDUSTRIAL ESTE,-0.3569,-0.2943,-0.3972,-0.8719,-0.5499,-0.6587,-0.3168,-0.4858,0.2684,1.1467,0.4675,-0.2838,-1.0337,0.3417,-0.3744,-0.4469,-0.7611,-0.4167,-0.2758,0.8215,-0.6477,-1.1726,-0.4943,-0.2968,0.2968,-0.022,-0.2974,-0.0083,0.076,-0.0538,-0.6046,-31.4295150677245,-64.1642099648801,1.6898,Tipo D (Infr 0.40 - NBI 2.8%),Alta,<b>INDUSTRIAL ESTE</b><br>Pob: 1153.0<br>Score: 0.22 (Alta),-0.9109,-0.1345,-0.3631,0.3672
INDUSTRIAL OESTE,-0.2637,-0.2465,-0.2981,-0.3932,-0.5499,-0.6587,-0.3168,-0.4858,0.7307,-0.1947,0.3462,-0.2838,-1.0337,-0.404,-0.0236,-0.4469,-0.7611,-0.4167,-0.2758,0.7571,-0.6477,-1.1726,-0.4943,-0.2968,0.2968,-0.0638,-0.2367,-0.1625,-0.2057,-0.2364,-0.6046,-31.4093022069007,-64.2665553929106,-0.4397,Tipo B (Infr 0.14 - NBI 3.0%),Media,<b>INDUSTRIAL OESTE</b><br>Pob: 1621.0<br>Score: 0.22 (Media),-0.9109,-0.3212,-0.2995,0.3049
IPONA,-0.391,-0.2855,-0.3438,-0.5651,0.0424,-0.6587,0.7551,-0.4858,1.3779,2.4881,-0.4605,-0.2838,0.3244,1.6252,-0.5395,3.2869,1.5194,-0.4167,-0.2758,2.6411,0.6155,0.8528,-0.4943,-0.2968,0.2968,2.2937,-0.3216,0.1445,0.5223,1.2595,-1.0276,-31.4447612065343,-64.1883722304098,-1.5044,Tipo A (Infr 0.57 - NBI 4.5%),Muy Alta,<b>IPONA</b><br>Pob: 982.0<br>Score: 0.66 (Muy Alta),0.4055,1.3117,-1.5708,1.5658
IPV ANEXO LOS GIGANTES,0.4573,0.2711,-0.1304,-0.4659,0.0424,0.382,-0.3168,-0.4858,-0.009,-0.3864,-0.5455,-0.2838,0.3244,-0.7856,1.1868,-0.4469,-0.3349,-0.4167,-0.2758,-0.7188,-0.4107,0.8528,-0.4943,-0.2968,0.2968,-0.808,-0.2367,2.4922,1.6872,-0.4176,1.0872,-31.3648676647868,-64.16327334385565,-0.4397,Tipo B (Infr 0.14 - NBI 3.0%),Muy Baja,<b>IPV ANEXO LOS GIGANTES</b><br>Pob: 5240.0<br>Score: 0.08 (Muy Baja),0.4055,-0.6846,1.0848,-1.0703
IRUPE,-0.4824,-0.3966,-0.3286,-0.0315,0.0424,0.382,-0.3168,-0.4858,-0.4713,0.3802,-0.2725,-0.2838,0.3244,1.1569,-1.1896,-0.4469,2.8306,-0.4167,-0.2758,0.7187,1.7249,0.8528,-0.4943,-0.2968,0.2968,1.701,-0.3156,-0.6117,-0.3813,0.8544,1.0872,-31.4591661313717,-64.2025406690525,-1.5044,Tipo A (Infr 0.57 - NBI 4.5%),Muy Alta,<b>IRUPE</b><br>Pob: 523.0<br>Score: 0.55 (Muy Alta),0.4055,2.4586,-1.4648,1.4619
ITUZAINGO,0.0493,0.0066,-0.2676,-0.5758,1.2269,1.4227,0.7551,-0.4858,0.4533,-0.0031,-0.4302,2.8315,-1.0337,-0.404,0.6761,0.7965,1.3475,-0.4167,3.9761,-0.2723,-0.6477,0.8528,-0.4943,3.369,0.2968,0.9165,-0.1154,-0.0065,-0.0791,-0.2202,-0.1817,-31.4647362980865,-64.0971483618541,-1.5044,Tipo A (Infr 0.57 - NBI 4.5%),Muy Alta,<b>ITUZAINGO</b><br>Pob: 3192.0<br>Score: 0.40 (Muy Alta),0.4055,-0.3477,-1.1894,1.1882
ITUZAINGO ANEXO,0.6249,0.3641,0.6471,0.628,-0.3525,-0.3118,-0.3168,1.9142,2.2101,0.1885,-0.406,-0.2838,5.757,-0.959,1.3406,-0.4469,-0.6415,0.4814,-0.2758,-0.1573,0.3723,0.8528,2.0231,-0.2968,0.2968,-0.3028,0.1635,-0.0566,-0.2327,-0.4547,-0.0407,-31.4636925992066,-64.0829019327012,0.625,Tipo C (Infr 0.16 - NBI 14.4%),Media,<b>ITUZAINGO ANEXO</b><br>Pob: 6081.0<br>Score: 0.17 (Media),1.6832,-0.6436,0.0324,-0.0242
ITUZAINGO II,-0.2772,-0.2899,-0.0846,0.972,-0.5499,-0.6587,-0.3168,-0.4858,-0.8411,-0.578,-0.5455,-0.2838,0.3244,-1.0631,-0.0669,-0.4469,-0.7611,-0.4167,-0.2758,-0.843,0.1514,-1.1726,-0.4943,-0.2968,0.2968,-1.1006,0.3394,-1.0995,-0.9818,-0.5128,-0.6046,-31.4748343925178,-64.087896921299,0.625,Tipo C (Infr 0.16 - NBI 14.4%),Muy Baja,<b>ITUZAINGO II</b><br>Pob: 1553.0<br>Score: 0.02 (Muy Baja),-0.9109,-0.6833,1.5085,-1.4895
JARDIN,0.7763,0.935,-0.0618,-0.613,1.8191,2.1165,1.1124,-0.4858,0.1759,1.7216,-0.23,-0.2838,0.3244,1.1743,1.4623,0.7965,0.5474,-0.4167,-0.2758,-0.7495,-0.4665,0.8528,-0.4943,-0.2968,0.2968,-0.3881,0.1696,0.0898,0.3572,-0.461,-0.1535,-31.4463256163336,-64.1817052357987,-0.4397,Tipo B (Infr 0.14 - NBI 3.0%),Media,<b>JARDIN</b><br>Pob: 6841.0<br>Score: 0.16 (Media),0.4055,-0.6604,0.2161,-0.2078
JARDIN DEL CLARET,-0.487,-0.3966,-0.3972,-0.8293,-0.5499,-0.6587,-0.3168,-0.4858,-0.009,-0.0031,-0.5455,-0.2838,-1.0337,1.4691,-1.235,-0.4469,-0.7611,-0.4167,-0.2758,2.3342,-0.6477,-1.1726,-0.4943,-0.2968,0.2968,0.9584,-0.2913,-0.8015,-0.5538,0.278,-0.6046,-31.3481294929873,-64.2295895723668,1.6898,Tipo D (Infr 0.40 - NBI 2.8%),Muy Alta,<b>JARDIN DEL CLARET</b><br>Pob: 500.0<br>Score: 0.41 (Muy Alta),-0.9109,1.76,-1.2106,1.2055
JARDIN DEL PILAR,-0.1621,-0.1585,-0.1228,0.1192,-0.1551,0.0351,-0.3168,-0.4858,0.0835,-0.1947,0.1581,-0.2838,0.3244,-0.3173,0.2592,-0.4469,-0.0583,-0.4167,-0.2758,-0.1772,-0.0657,0.8528,-0.4943,-0.2968,0.2968,-0.3189,-0.2003,-0.0726,-0.1154,-0.3387,0.5233,-31.4441158992776,-64.1528930609459,-0.4397,Tipo B (Infr 0.14 - NBI 3.0%),Media,<b>JARDIN DEL PILAR</b><br>Pob: 2131.0<br>Score: 0.17 (Media),0.4055,-0.4873,0.0678,-0.0588
JARDIN DEL SUD,-0.2914,-0.2586,-0.3819,-0.7992,-0.5499,-0.6587,-0.3168,-0.4858,-0.3788,-0.3864,-0.315,-0.2838,0.3244,-0.1959,-0.1154,-0.4469,-0.7611,-0.4167,-0.2758,-0.3168,0.1899,-1.1726,-0.4943,-0.2968,0.2968,-0.7597,-0.1579,-0.6178,-0.5449,-0.443,-0.6046,-31.4560504721943,-64.1645849897324,-0.4397,Tipo B (Infr 0.14 - NBI 3.0%),Baja,<b>JARDIN DEL SUD</b><br>Pob: 1482.0<br>Score: 0.09 (Baja),-0.9109,-0.5501,0.9859,-0.9733
JARDIN ESPINOSA,-0.2848,-0.2399,-0.3819,-0.808,0.6346,-0.6587,1.827,-0.4858,-0.4713,-0.1947,1.5472,-0.2838,0.3244,0.0816,-0.0927,3.2869,2.1999,-0.4167,-0.2758,-0.4334,0.1713,0.8528,-0.4943,-0.2968,0.2968,0.64,-0.1094,-0.7265,-0.6084,-0.2643,-1.0896,-31.4534509945975,-64.1712567263831,-1.5044,Tipo A (Infr 0.57 - NBI 4.5%),Alta,<b>JARDIN ESPINOSA</b><br>Pob: 1515.0<br>Score: 0.35 (Alta),0.4055,-0.0281,-1.0128,1.015
JARDIN HIPODROMO,-0.1507,-0.1524,-0.1914,-0.1467,0.0424,-0.6587,0.7551,-0.4858,-0.8411,-0.578,-0.3756,-0.2838,1.6826,-0.3693,0.286,3.2869,0.2633,-0.4167,-0.2758,-0.9013,0.4865,0.8528,-0.4943,-0.2968,0.2968,-0.6281,-0.2731,0.712,0.5084,-0.332,-1.0276,-31.4589242324741,-64.19080381357651,-0.4397,Tipo B (Infr 0.14 - NBI 3.0%),Baja,<b>JARDIN HIPODROMO</b><br>Pob: 2188.0<br>Score: 0.11 (Baja),0.4055,-0.5741,0.6893,-0.6754
JARDINES DEL JOCKEY,-0.4838,-0.3966,-0.3972,-0.8293,-0.5499,-0.6587,-0.3168,-0.4858,-0.3788,-0.0031,-0.5455,-0.2838,-1.0337,1.261,-1.203,-0.4469,-0.7611,-0.4167,-0.2758,1.0409,-0.6477,-1.1726,-0.4943,-0.2968,0.2968,0.1203,-0.2852,-0.8137,-0.5855,-0.0534,-0.6046,-31.4545213844294,-64.1762033277934,1.6898,Tipo D (Infr 0.40 - NBI 2.8%),Alta,<b>JARDINES DEL JOCKEY</b><br>Pob: 516.0<br>Score: 0.25 (Alta),-0.9109,0.7581,-0.582,0.5855
JERONIMO LUIS DE CABRERA,0.0652,0.0038,-0.0389,-0.0014,-0.3525,-0.3118,-0.3168,-0.4858,0.4533,0.1885,-0.4848,-0.2838,1.6826,-0.5428,0.7008,-0.4469,-0.5293,-0.4167,-0.2758,-0.2907,0.1105,0.8528,-0.4943,-0.2968,0.2968,-0.6271,-0.2549,1.3486,0.9429,-0.3552,-0.0407,-31.355929776680497,-64.182586923343,-0.4397,Tipo B (Infr 0.14 - NBI 3.0%),Baja,<b>JERONIMO LUIS DE CABRERA</b><br>Pob: 3272.0<br>Score: 0.11 (Baja),0.4055,-0.6256,0.6822,-0.6685
JOCKEY CLUB,-0.4838,-0.3966,-0.4048,-0.9179,-0.5499,-0.6587,-0.3168,-0.4858,-0.8411,-0.1947,0.0368,-0.2838,0.3244,1.261,-1.203,-0.4469,-0.7611,-0.4167,-0.2758,-0.4457,1.7571,-1.1726,-0.4943,-0.2968,0.2968,-0.8429,0.0362,-1.2097,-1.0064,-0.4846,-0.6046,-31.45350962939535,-64.17915620724006,-0.4397,Tipo B (Infr 0.14 - NBI 3.0%),Muy Baja,<b>JOCKEY CLUB</b><br>Pob: 516.0<br>Score: 0.07 (Muy Baja),-0.9109,-0.3045,1.1978,-1.1812
JOSE HERNANDEZ,0.0575,0.0165,-0.0694,-0.0971,-0.3525,-0.3118,-0.3168,1.9142,-0.1939,-0.1947,-0.2907,-0.2838,0.3244,-0.3693,0.6884,-0.4469,-0.5293,1.2756,-0.2758,-0.6144,-0.2643,0.8528,2.0231,-0.2968,0.2968,-0.2834,-0.1943,0.5317,0.362,-0.3372,-0.0407,-31.4442248820361,-64.1570348359065,-0.4397,Tipo B (Infr 0.14 - NBI 3.0%),Media,<b>JOSE HERNANDEZ</b><br>Pob: 3233.0<br>Score: 0.18 (Media),1.6832,-0.5639,0.0042,0.0035
JOSE I RUCCI,-0.487,-0.3966,-0.4048,-0.9179,-0.5499,-0.6587,-0.3168,-0.4858,-0.2864,-0.1947,-0.5455,-0.2838,0.3244,1.4691,-1.235,-0.4469,-0.7611,-0.4167,-0.2758,1.4137,1.8341,-1.1726,-0.4943,-0.2968,0.2968,0.3619,-0.3944,8.5514,9.7056,9.9263,-0.6046,-31.4609802081608,-64.1294432268321,1.6898,Tipo D (Infr 0.40 - NBI 2.8%),Alta,<b>JOSE I RUCCI</b><br>Pob: 500.0<br>Score: 0.30 (Alta),-0.9109,1.0808,-0.808,0.7968
JOSE IGNACIO DIAZ SECCION 1,0.3065,0.1512,0.2507,0.3568,-0.5499,-0.6587,-0.3168,1.9142,-0.3788,-0.3864,-0.5455,-0.2838,0.3244,-0.8376,1.0259,-0.4469,-0.7611,0.8046,-0.2758,-0.8016,-0.371,-1.1726,2.0231,-0.2968,0.2968,-0.6743,-0.0669,0.2627,0.0238,-0.4536,-0.6046,-31.4434066051212,-64.1379279859404,-0.4397,Tipo B (Infr 0.14 - NBI 3.0%),Baja,<b>JOSE IGNACIO DIAZ SECCION 1</b><br>Pob: 4483.0<br>Score: 0.10 (Baja),0.4055,-0.6599,0.8658,-0.8556
JOSE IGNACIO DIAZ SECCION 2,-0.1475,-0.1777,-0.0084,0.6245,-0.5499,-0.6587,-0.3168,-0.4858,-0.1014,-0.3864,-0.5455,-0.2838,-1.0337,-0.7683,0.2932,-0.4469,-0.7611,-0.4167,-0.2758,-0.3444,-0.6477,-1.1726,-0.4943,-0.2968,0.2968,-0.7774,-0.1761,-0.1718,-0.2794,-0.4398,-0.6046,-31.445119854089,-64.1454220109331,-0.4397,Tipo B (Infr 0.14 - NBI 3.0%),Baja,<b>JOSE IGNACIO DIAZ SECCION 2</b><br>Pob: 2204.0<br>Score: 0.08 (Baja),-0.9109,-0.6137,1.0283,-1.0114
JOSE IGNACIO DIAZ SECCION 3,1.7794,1.1468,3.2082,1.8779,0.6346,1.4227,-0.3168,1.9142,-0.2864,-0.1947,0.1703,2.8315,-1.0337,-1.0804,2.0309,-0.4469,-0.3798,0.0433,2.0159,-0.9382,-0.6477,0.8528,2.0231,3.369,0.2968,-0.5004,1.2673,-0.4963,-0.5635,-0.5026,2.7791,-31.4513797512027,-64.13227473173771,0.625,Tipo C (Infr 0.16 - NBI 14.4%),Baja,<b>JOSE IGNACIO DIAZ SECCION 3</b><br>Pob: 11876.0<br>Score: 0.14 (Baja),1.6832,-0.6954,0.4421,-0.4295
JUAN B JUSTO,0.0286,-0.0594,-0.2218,-0.3949,-0.3525,-0.3118,-0.3168,-0.4858,-0.2864,-0.1947,-0.412,-0.2838,0.3244,-0.907,0.642,-0.4469,-0.5218,-0.4167,-0.2758,-0.6436,-0.2457,0.8528,-0.4943,-0.2968,0.2968,-0.852,-0.1336,0.0384,-0.1537,-0.4635,-0.0407,-31.3596644034487,-64.1815511893765,-0.4397,Tipo B (Infr 0.14 - NBI 3.0%),Muy Baja,<b>JUAN B JUSTO</b><br>Pob: 3088.0<br>Score: 0.07 (Muy Baja),0.4055,-0.6609,1.2119,-1.195
JUAN XXIII,-0.392,-0.3372,-0.3895,-0.8027,-0.5499,-0.6587,-0.3168,-0.4858,0.3609,0.1885,-0.1209,-0.2838,0.3244,-0.0051,-0.5446,-0.4469,-0.7611,-0.4167,-0.2758,1.314,0.623,-1.1726,-0.4943,-0.2968,0.2968,0.2975,-0.3216,0.1369,0.1296,0.2512,-0.6046,-31.4205156024717,-64.224871196559,1.6898,Tipo D (Infr 0.40 - NBI 2.8%),Alta,<b>JUAN XXIII</b><br>Pob: 977.0<br>Score: 0.28 (Alta),-0.9109,0.159,-0.7091,0.7102
JUNIORS,0.7126,0.8184,-0.26,-0.7779,0.832,1.4227,0.0405,-0.4858,0.6382,0.1885,-0.0117,-0.2838,0.3244,0.9314,1.4128,0.087,0.0389,-0.4167,-0.2758,-0.6175,-0.4579,0.8528,-0.4943,-0.2968,0.2968,-0.5557,0.1635,0.0371,0.2497,-0.4723,0.8053,-31.4192717920482,-64.1653082078352,-0.4397,Tipo B (Infr 0.14 - NBI 3.0%),Baja,<b>JUNIORS</b><br>Pob: 6521.0<br>Score: 0.13 (Baja),0.4055,-0.6716,0.5409,-0.5299
KAIROS,-0.4221,-0.3966,-0.2295,1.1209,-0.5499,-0.6587,-0.3168,1.9142,-0.3788,-0.578,-0.4363,-0.2838,1.6826,-1.2712,-0.718,-0.4469,-0.7611,3.2291,-0.2758,0.2585,2.3565,-1.1726,2.0231,-0.2968,0.2968,0.8065,-0.3641,1.375,0.6532,1.7076,-0.6046,-31.4826802195118,-64.2497173104398,0.625,Tipo C (Infr 0.16 - NBI 14.4%),Muy Alta,<b>KAIROS</b><br>Pob: 826.0<br>Score: 0.38 (Muy Alta),0.4055,0.6724,-1.1258,1.1258
KENNEDY,-0.3727,-0.3273,-0.3438,-0.4836,0.0424,0.382,-0.3168,-0.4858,-0.8411,-0.578,0.1763,-0.2838,-1.0337,-0.1959,-0.4476,-0.4469,1.325,-0.4167,-0.2758,-0.7556,-0.6477,0.8528,-0.4943,-0.2968,0.2968,-0.0043,-0.3338,0.5822,0.4524,0.2113,1.0872,-31.4580417689364,-64.1911071520722,-0.4397,Tipo B (Infr 0.14 - NBI 3.0%),Alta,<b>KENNEDY</b><br>Pob: 1074.0<br>Score: 0.23 (Alta),0.4055,-0.0812,-0.3913,0.3949
LA CAROLINA,-0.4472,-0.3966,-0.4048,-0.9179,-0.1551,0.0351,-0.3168,-0.4858,-1.026,-0.7696,-0.5151,-0.2838,0.3244,-0.5081,-0.8883,-0.4469,1.3774,-0.4167,-0.2758,-1.0409,1.1255,0.8528,-0.4943,-0.2968,-3.369,-0.1632,0.0908,-1.1805,-1.0231,-0.4335,0.5233,-31.352759985372,-64.2862020234934,-0.4397,Tipo B (Infr 0.14 - NBI 3.0%),Media,<b>LA CAROLINA</b><br>Pob: 700.0<br>Score: 0.20 (Media),-0.9109,0.1363,-0.1653,0.1732
LA DOROTEA,-0.4818,-0.3966,-0.2828,0.5004,-0.3525,-0.3118,-0.3168,-0.4858,-0.7487,-0.578,-0.5455,-0.2838,-1.0337,1.1222,-1.1834,-0.4469,0.6596,-0.4167,-0.2758,-0.1665,-0.6477,0.8528,-0.4943,-0.2968,0.2968,0.0457,-0.3641,0.3847,0.6532,0.8752,-0.0407,-31.3788286307828,-64.1116311003492,-0.4397,Tipo B (Infr 0.14 - NBI 3.0%),Alta,<b>LA DOROTEA</b><br>Pob: 526.0<br>Score: 0.24 (Alta),0.4055,0.6491,-0.4549,0.4608
LA ESPERANZA,-0.487,-0.3966,-0.3972,-0.8293,-0.5499,-0.6587,-0.3168,-0.4858,-0.2864,-0.1947,-0.5091,-0.2838,-1.0337,1.4691,-1.235,-0.4469,-0.7611,-0.4167,-0.2758,1.4137,-0.6477,-1.1726,-0.4943,-0.2968,0.2968,0.3619,-0.3823,1.9494,2.4637,2.9623,-0.6046,-31.4838140058101,-64.2421336446981,1.6898,Tipo D (Infr 0.40 - NBI 2.8%),Alta,<b>LA ESPERANZA</b><br>Pob: 500.0<br>Score: 0.30 (Alta),-0.9109,1.0808,-0.808,0.7968
LA FLORESTA,-0.2699,-0.3053,0.144,2.5693,-0.1551,0.0351,-0.3168,-0.4858,-0.7487,-0.578,0.6252,-0.2838,1.6826,-1.4793,-0.0432,-0.4469,0.181,-0.4167,-0.2758,-0.751,0.9133,0.8528,-0.4943,-0.2968,0.2968,-0.5718,0.3637,-1.1017,-0.9995,-0.4857,0.5233,-31.3892085271405,-64.0584290695021,0.625,Tipo C (Infr 0.16 - NBI 14.4%),Baja,<b>LA FLORESTA</b><br>Pob: 1590.0<br>Score: 0.12 (Baja),0.4055,-0.4951,0.5551,-0.5542
LA FRANCE,0.0545,0.0522,-0.1761,-0.3949,1.0294,1.0758,0.7551,-0.4858,0.5458,0.7634,0.7465,2.8315,0.3244,0.0122,0.6843,0.9533,1.1007,-0.4167,3.9761,-0.2309,-0.2618,0.8528,-0.4943,3.369,0.2968,0.8204,-0.2185,0.7729,0.6822,-0.0714,-0.3227,-31.373065947038,-64.2085938676132,-0.4397,Tipo B (Infr 0.14 - NBI 3.0%),Muy Alta,<b>LA FRANCE</b><br>Pob: 3218.0<br>Score: 0.38 (Muy Alta),0.4055,-0.3678,-1.1329,1.1328
LA FRATERNIDAD,-0.487,-0.3966,-0.3667,-0.4747,-0.3525,-0.3118,-0.3168,-0.4858,1.2855,0.7634,-0.2361,-0.2838,1.6826,1.4691,-1.235,-0.4469,0.7343,-0.4167,-0.2758,2.6411,4.3158,0.8528,-0.4943,-0.2968,0.2968,1.9023,-0.3641,0.2989,0.6532,2.907,-0.0407,-31.3768577788271,-64.1839607417547,1.6898,Tipo D (Infr 0.40 - NBI 2.8%),Muy Alta,<b>LA FRATERNIDAD</b><br>Pob: 500.0<br>Score: 0.58 (Muy Alta),0.4055,2.8346,-1.5143,1.5069
LA HORTENSIA,-0.3031,-0.3026,-0.1837,0.4685,-0.5499,-0.6587,-0.3168,-0.4858,-0.9336,-0.578,0.9103,-0.2838,-1.0337,-0.9417,-0.1577,-0.4469,-0.7611,-0.4167,-0.2758,-0.9336,-0.6477,-1.1726,-0.4943,-0.2968,0.2968,-1.1591,-0.2185,-0.4122,-0.4856,-0.5047,-0.6046,-31.3843979505714,-64.1399484740113,-0.4397,Tipo B (Infr 0.14 - NBI 3.0%),Muy Baja,<b>LA HORTENSIA</b><br>Pob: 1423.0<br>Score: 0.01 (Muy Baja),-0.9109,-0.7024,1.5438,-1.5241
LA SALLE,-0.4458,-0.3911,-0.3819,-0.6644,-0.1551,0.0351,-0.3168,1.9142,-0.009,-0.0031,-0.5212,-0.2838,-1.0337,-0.3173,-0.879,-0.4469,1.3549,3.2291,-0.2758,1.3462,-0.6477,0.8528,2.0231,-0.2968,0.2968,2.5659,-0.3095,-0.4181,-0.3969,1.1414,0.5233,-31.3454778183915,-64.275515246264,-1.5044,Tipo A (Infr 0.57 - NBI 4.5%),Muy Alta,<b>LA SALLE</b><br>Pob: 707.0<br>Score: 0.71 (Muy Alta),1.6832,2.3251,-1.6343,1.6316
LA TOMA,-0.487,-0.3966,-0.2676,0.6777,-0.5499,-0.6587,-0.3168,1.9142,-1.026,-0.7696,-0.5151,-0.2838,1.6826,1.4691,-1.235,-0.4469,-0.7611,3.2291,-0.2758,-1.0409,4.3158,-1.1726,2.0231,-0.2968,-3.369,-0.0359,-0.3156,-0.6443,-0.3813,0.0396,-0.6046,-31.4051127349579,-64.2618449754138,-0.4397,Tipo B (Infr 0.14 - NBI 3.0%),Alta,<b>LA TOMA</b><br>Pob: 500.0<br>Score: 0.22 (Alta),-0.9109,0.6279,-0.3489,0.3395
LAMADRID,-0.1192,-0.1403,-0.1609,-0.067,-0.5499,-0.6587,-0.3168,1.9142,-0.3788,-0.578,-0.4727,-0.2838,0.3244,-0.5428,0.3582,-0.4469,-0.7611,1.9163,-0.2758,-0.5838,-0.1191,-1.1726,2.0231,-0.2968,0.2968,-0.1691,-0.2307,0.3078,0.1347,-0.2713,-0.6046,-31.4142542254104,-64.2345600721848,-0.4397,Tipo B (Infr 0.14 - NBI 3.0%),Media,<b>LAMADRID</b><br>Pob: 2346.0<br>Score: 0.20 (Media),0.4055,-0.4732,-0.1583,0.1629
LAS CANITAS,-0.487,-0.3966,-0.4048,-0.9179,-0.5499,-0.6587,-0.3168,-0.4858,-0.9336,-0.3864,-0.5455,-0.2838,-1.0337,1.4691,-1.235,-0.4469,-0.7611,-0.4167,-0.2758,-0.7341,-0.6477,-1.1726,-0.4943,-0.2968,0.2968,-1.0303,-0.3398,-0.3613,-0.071,-0.3894,-0.6046,-31.4650784096084,-64.1891322142882,-0.4397,Tipo B (Infr 0.14 - NBI 3.0%),Muy Baja,<b>LAS CANITAS</b><br>Pob: 500.0<br>Score: 0.04 (Muy Baja),-0.9109,-0.5042,1.4167,-1.4167
LAS CANUELAS,-0.487,-0.3966,-0.4048,-0.9179,-0.5499,-0.6587,-0.3168,-0.4858,-1.026,-0.7696,-0.5455,-0.2838,-1.0337,1.4691,-1.235,-0.4469,-0.7611,-0.4167,-0.2758,-1.0409,-0.6477,-1.1726,-0.4943,-0.2968,-3.369,-1.2289,-0.0123,-1.1969,-0.9875,-0.5199,-0.6046,-31.475993631789,-64.1545963596112,-0.4397,Tipo B (Infr 0.14 - NBI 3.0%),Muy Baja,<b>LAS CANUELAS</b><br>Pob: 500.0<br>Score: 0.00 (Muy Baja),-2.1885,-0.7304,1.5721,-1.6419
LAS CORTADERAS,-0.487,-0.3966,-0.2676,0.6777,-0.3525,-0.3118,-0.3168,1.9142,1.193,-0.1947,-0.5455,-0.2838,-1.0337,1.4691,-1.235,-0.4469,0.7343,3.2291,-0.2758,2.6411,-0.6477,0.8528,2.0231,-0.2968,0.2968,3.0958,-0.3762,1.1241,1.5585,6.5799,-0.0407,-31.3315892531035,-64.229590962207,1.6898,Tipo D (Infr 0.40 - NBI 2.8%),Muy Alta,<b>LAS CORTADERAS</b><br>Pob: 500.0<br>Score: 0.81 (Muy Alta),1.6832,4.1934,-1.705,1.7009
LAS DALIAS,-0.4573,-0.3966,-0.3514,-0.2974,-0.5499,-0.6587,-0.3168,-0.4858,-0.5637,-0.3864,-0.2664,-0.2838,0.3244,-0.1265,-0.9667,-0.4469,-0.7611,-0.4167,-0.2758,0.1404,1.2645,-1.1726,-0.4943,-0.2968,0.2968,-0.4633,-0.3519,0.2551,0.2006,0.1084,-0.6046,-31.4096984739965,-64.2372977684071,-0.4397,Tipo B (Infr 0.14 - NBI 3.0%),Baja,<b>LAS DALIAS</b><br>Pob: 649.0<br>Score: 0.14 (Baja),-0.9109,-0.0588,0.3997,-0.3879
LAS FLORES,0.2177,0.1996,-0.1075,-0.379,1.0294,1.0758,0.7551,-0.4858,0.9156,1.7216,1.4259,-0.2838,-1.0337,0.0469,0.9185,0.9533,0.7194,-0.4167,-0.2758,-0.2432,-0.6477,0.8528,-0.4943,-0.2968,0.2968,0.0258,0.0301,-0.2255,-0.175,-0.4039,-0.3227,-31.4500092193326,-64.1971927194197,-0.4397,Tipo B (Infr 0.14 - NBI 3.0%),Alta,<b>LAS FLORES</b><br>Pob: 4037.0<br>Score: 0.23 (Alta),0.4055,-0.5534,-0.4337,0.44
LAS HUERTILLAS,-0.3609,-0.3537,-0.199,0.8035,-0.3525,-0.3118,-0.3168,-0.4858,-0.9336,-0.578,-0.503,-0.2838,1.6826,-1.2192,-0.3919,-0.4469,-0.1031,-0.4167,-0.2758,-0.9059,1.5425,0.8528,-0.4943,-0.2968,0.2968,-0.8134,0.2181,-1.1316,-1.0092,-0.4931,-0.0407,-31.4711647618496,-64.196333901865,-0.4397,Tipo B (Infr 0.14 - NBI 3.0%),Muy Baja,<b>LAS HUERTILLAS</b><br>Pob: 1133.0<br>Score: 0.08 (Muy Baja),0.4055,-0.5216,1.0918,-1.0773
LAS LILAS,-0.141,-0.2041,0.0221,0.8869,-0.1551,0.0351,-0.3168,1.9142,-0.4713,-0.578,-0.23,-0.2838,0.3244,-1.2018,0.3087,-0.4469,-0.0956,2.0313,-0.2758,-0.6298,-0.093,0.8528,2.0231,-0.2968,0.2968,0.1702,-0.0305,-0.6253,-0.6675,-0.3693,0.5233,-31.4453296898999,-64.1319168615125,0.625,Tipo C (Infr 0.16 - NBI 14.4%),Alta,<b>LAS LILAS</b><br>Pob: 2237.0<br>Score: 0.26 (Alta),1.6832,-0.3743,-0.6456,0.6478
LAS MAGNOLIAS,-0.0967,-0.0848,-0.2142,-0.34,-0.5499,-0.6587,-0.3168,-0.4858,2.1176,0.7634,-0.3817,-0.2838,1.6826,-0.0572,0.4067,-0.4469,-0.7611,-0.4167,-0.2758,1.0808,0.3611,-1.1726,-0.4943,-0.2968,0.2968,0.1461,-0.1943,0.0808,0.068,-0.2544,-0.6046,-31.3678491335932,-64.2102388700929,1.6898,Tipo D (Infr 0.40 - NBI 2.8%),Alta,<b>LAS MAGNOLIAS</b><br>Pob: 2459.0<br>Score: 0.26 (Alta),-0.9109,-0.412,-0.6173,0.6201
LAS MARGARITAS,-0.1818,-0.1524,-0.26,-0.3949,-0.1551,0.0351,-0.3168,1.9142,-0.3788,0.5718,0.698,-0.2838,0.3244,0.0296,0.2097,-0.4469,-0.0283,2.2778,-0.2758,-0.5132,-0.0372,0.8528,2.0231,-0.2968,0.2968,0.3598,-0.2246,0.0361,0.0489,-0.1603,0.5233,-31.3784736934929,-64.2099396727188,-0.4397,Tipo B (Infr 0.14 - NBI 3.0%),Alta,<b>LAS MARGARITAS</b><br>Pob: 2032.0<br>Score: 0.30 (Alta),1.6832,-0.2853,-0.7727,0.776
LAS PALMAS,0.637,0.5896,0.0297,-0.4109,2.0165,1.4227,2.1843,1.9142,0.3609,-0.0031,2.0688,2.8315,0.3244,0.151,1.3509,1.5619,0.8241,0.476,3.9761,-0.6666,-0.4455,0.8528,2.0231,3.369,0.2968,0.6921,0.2363,-0.1931,-0.1263,-0.3997,-0.6723,-31.4039268357349,-64.2392888497874,-0.4397,Tipo B (Infr 0.14 - NBI 3.0%),Alta,<b>LAS PALMAS</b><br>Pob: 6142.0<br>Score: 0.36 (Alta),1.6832,-0.5523,-1.034,1.0358
LAS PALMAS ANEXO,-0.4145,-0.3801,-0.3819,-0.6875,-0.5499,-0.6587,-0.3168,-0.4858,-0.2864,-0.3864,-0.5455,-0.2838,-1.0337,-0.855,-0.6716,-0.4469,-0.7611,-0.4167,-0.2758,0.3797,-0.6477,-1.1726,-0.4943,-0.2968,0.2968,-0.3081,-0.3277,0.0744,-0.1162,-0.0161,-0.6046,-31.4128592856954,-64.2397007234111,-0.4397,Tipo B (Infr 0.14 - NBI 3.0%),Media,<b>LAS PALMAS ANEXO</b><br>Pob: 864.0<br>Score: 0.17 (Media),-0.9109,-0.1237,0.0395,-0.0311
LAS PLAYAS,-0.015,-0.0677,-0.0313,0.1706,-0.5499,-0.6587,-0.3168,-0.4858,-0.7487,-0.578,0.419,-0.2838,-1.0337,-0.6468,0.5656,-0.4469,-0.7611,-0.4167,-0.2758,-0.8799,-0.6477,-1.1726,-0.4943,-0.2968,0.2968,-1.1248,-0.2125,0.4814,0.2409,-0.4977,-0.6046,-31.439564782513,-64.247489470892,-0.4397,Tipo B (Infr 0.14 - NBI 3.0%),Muy Baja,<b>LAS PLAYAS</b><br>Pob: 2869.0<br>Score: 0.02 (Muy Baja),-0.9109,-0.7097,1.5226,-1.5033
LAS ROSAS,-0.4119,-0.3163,-0.3972,-0.8665,0.2398,-0.6587,1.1124,-0.4858,-0.8411,-0.578,0.8072,-0.2838,-1.0337,1.3824,-0.6561,3.2869,2.6485,-0.4167,-0.2758,-0.6912,-0.6477,0.8528,-0.4943,-0.2968,0.2968,0.6969,-0.2125,-0.7913,-0.551,-0.112,-1.0558,-31.391393991088,-64.2281073274152,-1.5044,Tipo A (Infr 0.57 - NBI 4.5%),Muy Alta,<b>LAS ROSAS</b><br>Pob: 877.0<br>Score: 0.36 (Muy Alta),0.4055,0.5197,-1.0481,1.0496
LAS VIOLETAS,0.0595,-0.0479,0.3422,1.1652,0.4372,1.0758,-0.3168,1.9142,-0.3788,-0.3864,-0.5333,-0.2838,1.6826,-1.0111,0.6926,-0.4469,0.3904,1.2701,-0.2758,-0.7096,0.1179,0.8528,2.0231,-0.2968,0.2968,0.1117,-0.2307,0.9423,0.4605,-0.2054,2.2152,-31.4093312889146,-64.2503950304475,0.625,Tipo C (Infr 0.16 - NBI 14.4%),Alta,<b>LAS VIOLETAS</b><br>Pob: 3243.0<br>Score: 0.25 (Alta),1.6832,-0.495,-0.5679,0.5716
LICEO GENERAL PAZ,-0.4615,-0.3966,-0.2981,0.3231,-0.5499,-0.6587,-0.3168,-0.4858,-1.026,-0.7696,-0.4605,2.8315,0.3244,0.0469,-1.0007,-0.4469,-0.7611,-0.4167,3.9761,-1.0409,1.3278,-1.1726,-0.4943,3.369,-3.369,-0.6324,0.4122,-1.2588,-1.0762,-0.4906,-0.6046,-31.3355758005306,-64.1667020824379,-0.4397,Tipo B (Infr 0.14 - NBI 3.0%),Baja,<b>LICEO GENERAL PAZ</b><br>Pob: 628.0<br>Score: 0.11 (Baja),-2.1885,-0.1897,0.7104,-0.7274
LOMAS DE SAN MARTIN,-0.2412,-0.1986,-0.3819,-0.8222,-0.5499,-0.6587,-0.3168,-0.4858,-0.3788,-0.0031,1.3227,-0.2838,-1.0337,0.1336,0.0466,-0.4469,-0.7611,-0.4167,-0.2758,-0.4211,-0.6477,-1.1726,-0.4943,-0.2968,0.2968,-0.8273,-0.2428,-0.0307,0.0126,-0.4183,-0.6046,-31.3825174083115,-64.2059476982937,-0.4397,Tipo B (Infr 0.14 - NBI 3.0%),Muy Baja,<b>LOMAS DE SAN MARTIN</b><br>Pob: 1734.0<br>Score: 0.07 (Muy Baja),-0.9109,-0.5985,1.113,-1.098
LOS ALAMOS,-0.1953,-0.2217,-0.1532,0.2114,-0.5499,-0.6587,-0.3168,-0.4858,-0.4713,-0.1947,0.6737,-0.2838,0.3244,-0.8897,0.1746,-0.4469,-0.7611,-0.4167,-0.2758,-0.573,-0.0161,-1.1726,-0.4943,-0.2968,0.2968,-0.9256,-0.2792,0.5933,0.2495,-0.4205,-0.6046,-31.3678133678231,-64.1569101282328,-0.4397,Tipo B (Infr 0.14 - NBI 3.0%),Muy Baja,<b>LOS ALAMOS</b><br>Pob: 1964.0<br>Score: 0.06 (Muy Baja),-0.9109,-0.6424,1.3037,-1.2851
LOS ANGELES,-0.434,-0.3515,-0.4048,-0.9179,0.0424,-0.6587,0.7551,-0.4858,0.3609,1.7216,-0.5212,-0.2838,-1.0337,0.9141,-0.7964,3.2869,2.17,-0.4167,-0.2758,1.963,-0.6477,0.8528,-0.4943,-0.2968,0.2968,2.1783,-0.261,-0.692,-0.4913,0.4528,-1.0276,-31.359507855743,-64.2370170092703,-1.5044,Tipo A (Infr 0.57 - NBI 4.5%),Muy Alta,<b>LOS ANGELES</b><br>Pob: 766.0<br>Score: 0.63 (Muy Alta),0.4055,1.8017,-1.5566,1.5519
LOS ARBOLES,-0.487,-0.3966,-0.4048,-0.9179,-0.5499,-0.6587,-0.3168,-0.4858,-1.026,-0.7696,-0.5455,-0.2838,-1.0337,1.4691,-1.235,-0.4469,-0.7611,-0.4167,-0.2758,-1.0409,-0.6477,-1.1726,-0.4943,-0.2968,-3.369,-1.2289,-0.4005,-1.3516,-1.1573,-0.5199,-0.6046,-31.3663128297877,-64.2847366879914,-0.4397,Tipo B (Infr 0.14 - NBI 3.0%),Muy Baja,<b>LOS ARBOLES</b><br>Pob: 500.0<br>Score: 0.00 (Muy Baja),-2.1885,-0.7304,1.5721,-1.6419
LOS BOULEVARES,1.8593,1.4075,1.2569,0.1919,1.0294,2.1165,-0.3168,1.9142,4.1517,-0.1947,2.1477,2.8315,1.6826,-0.5601,2.066,-0.4469,-0.2751,0.0269,1.9341,-0.3414,-0.4455,0.8528,2.0231,3.369,0.2968,-0.0783,5.8277,-1.1149,-0.9732,-0.5125,3.907,-31.3451594663769,-64.2192643585421,-0.4397,Tipo B (Infr 0.14 - NBI 3.0%),Media,<b>LOS BOULEVARES</b><br>Pob: 12277.0<br>Score: 0.21 (Media),1.6832,-0.677,-0.2713,0.2772
LOS CEIBOS,-0.4221,-0.3697,-0.3514,-0.4198,-0.5499,-0.6587,-0.3168,-0.4858,-0.2864,0.1885,-0.406,-0.2838,0.3244,-0.2479,-0.718,-0.4469,-0.7611,-0.4167,-0.2758,0.4457,0.855,-1.1726,-0.4943,-0.2968,0.2968,-0.2657,-0.3277,0.0117,-0.0302,0.0072,-0.6046,-31.429311789068,-64.1480959893981,-0.4397,Tipo B (Infr 0.14 - NBI 3.0%),Media,<b>LOS CEIBOS</b><br>Pob: 826.0<br>Score: 0.18 (Media),-0.9109,-0.0665,-0.0311,0.0382
LOS CHINGOLOS,-0.1993,-0.2465,-0.0846,0.6564,0.2398,0.7289,-0.3168,-0.4858,-0.5637,-0.578,-0.2482,-0.2838,0.3244,-1.2539,0.1642,-0.4469,0.7792,-0.4167,-0.2758,-0.6467,-0.0099,0.8528,-0.4943,-0.2968,0.2968,-0.2061,-0.261,0.3224,-0.0403,-0.228,1.6512,-31.340792625602,-64.169066378749,0.625,Tipo C (Infr 0.16 - NBI 14.4%),Media,<b>LOS CHINGOLOS</b><br>Pob: 1944.0<br>Score: 0.19 (Media),0.4055,-0.4309,-0.1088,0.1144
LOS CIELOS,-0.487,-0.3966,-0.4048,-0.9179,-0.5499,-0.6587,-0.3168,-0.4858,-1.026,-0.7696,-0.5455,-0.2838,-1.0337,1.4691,-1.235,-0.4469,-0.7611,-0.4167,-0.2758,-1.0409,-0.6477,-1.1726,-0.4943,-0.2968,-3.369,-1.2289,-0.4005,-1.3516,-1.1573,-0.5199,-0.6046,-31.3714859295371,-64.28265773622033,-0.4397,Tipo B (Infr 0.14 - NBI 3.0%),Muy Baja,<b>LOS CIELOS</b><br>Pob: 500.0<br>Score: 0.00 (Muy Baja),-2.1885,-0.7304,1.5721,-1.6419
LOS EUCALIPTUS,-0.2398,-0.2426,-0.2904,-0.3648,-0.1551,-0.3118,0.0405,-0.4858,-0.6562,-0.1947,-0.3574,-0.2838,0.3244,-0.6815,0.0507,1.42,0.0988,-0.4167,-0.2758,-0.6881,0.0646,0.8528,-0.4943,-0.2968,0.2968,-0.5718,-0.2792,0.3725,0.1463,-0.3041,-0.6046,-31.4678374607454,-64.0885166553114,-0.4397,Tipo B (Infr 0.14 - NBI 3.0%),Baja,<b>LOS EUCALIPTUS</b><br>Pob: 1741.0<br>Score: 0.12 (Baja),0.4055,-0.5155,0.5551,-0.5542
LOS FILTROS,-0.4169,-0.3966,-0.1609,1.9187,-0.1551,0.0351,-0.3168,-0.4858,-0.3788,-0.3864,-0.4727,-0.2838,-1.0337,-1.3926,-0.686,-0.4469,0.996,-0.4167,-0.2758,0.2201,-0.6477,0.8528,-0.4943,-0.2968,0.2968,0.4639,-0.2792,-0.5079,-0.6141,0.0358,0.5233,-31.4133081279979,-64.2484968686162,0.625,Tipo C (Infr 0.16 - NBI 14.4%),Alta,<b>LOS FILTROS</b><br>Pob: 852.0<br>Score: 0.32 (Alta),0.4055,0.4007,-0.8857,0.8868
LOS FRESNOS,-0.3741,-0.3713,-0.1151,1.8212,-0.3525,-0.3118,-0.3168,-0.4858,-1.026,-0.7696,-0.5455,-0.2838,1.6826,-1.462,-0.4538,-0.4469,-0.0583,-0.4167,-0.2758,-1.0409,1.6777,0.8528,-0.4943,-0.2968,-3.369,-0.8789,-0.3156,0.1579,-0.2029,-0.3556,-0.0407,-31.4709007424932,-64.0815785370936,0.625,Tipo C (Infr 0.16 - NBI 14.4%),Muy Baja,<b>LOS FRESNOS</b><br>Pob: 1067.0<br>Score: 0.07 (Muy Baja),-0.9109,-0.5436,1.2613,-1.2435
LOS GIGANTES,0.2983,0.1804,-0.0313,-0.223,0.0424,0.382,-0.3168,-0.4858,-0.009,-0.3864,-0.2968,-0.2838,0.3244,-0.5948,1.0166,-0.4469,-0.2527,-0.4167,-0.2758,-0.6605,-0.3685,0.8528,-0.4943,-0.2968,0.2968,-0.7291,0.0362,-0.1297,-0.215,-0.4744,1.0872,-31.3626362226789,-64.1695064760401,-0.4397,Tipo B (Infr 0.14 - NBI 3.0%),Baja,<b>LOS GIGANTES</b><br>Pob: 4442.0<br>Score: 0.09 (Baja),0.4055,-0.6663,0.9506,-0.9352
LOS GRANADOS,0.0977,-0.0022,-0.0923,-0.1255,0.2398,0.382,0.0405,-0.4858,-0.4713,-0.3864,-0.4848,-0.2838,0.3244,-0.8376,0.7514,0.4866,0.1062,-0.4167,-0.2758,-0.7725,-0.2866,0.8528,-0.4943,-0.2968,0.2968,-0.6228,-0.1276,0.1602,-0.0504,-0.4314,-0.0407,-31.4233609670665,-64.2369958390385,-0.4397,Tipo B (Infr 0.14 - NBI 3.0%),Baja,<b>LOS GRANADOS</b><br>Pob: 3435.0<br>Score: 0.11 (Baja),0.4055,-0.6299,0.661,-0.6512
LOS HORNILLOS,-0.442,-0.3966,-0.2523,0.8549,-0.5499,-0.6587,-0.3168,-0.4858,0.7307,0.1885,-0.5394,-0.2838,0.3244,-0.6989,-0.8511,-0.4469,-0.7611,-0.4167,-0.2758,2.6411,1.061,-1.1726,-0.4943,-0.2968,0.2968,1.1571,-0.3701,1.5242,1.0153,2.6136,-0.6046,-31.3409132203449,-64.1720953360985,1.6898,Tipo D (Infr 0.40 - NBI 2.8%),Muy Alta,<b>LOS HORNILLOS</b><br>Pob: 726.0<br>Score: 0.44 (Muy Alta),-0.9109,1.1405,-1.3236,1.2921
LOS JACARANDAES,-0.3266,-0.3312,0.1288,2.9718,-0.5499,-0.6587,-0.3168,-0.4858,-1.026,-0.7696,-0.5091,-0.2838,0.3244,-1.2365,-0.2464,-0.4469,-0.7611,-0.4167,-0.2758,-1.0409,0.3028,-1.1726,-0.4943,-0.2968,-3.369,-1.2289,-0.3095,0.3715,-0.0022,-0.5199,-0.6046,-31.4171979227171,-64.2364547163467,0.625,Tipo C (Infr 0.16 - NBI 14.4%),Muy Baja,<b>LOS JACARANDAES</b><br>Pob: 1305.0<br>Score: 0.00 (Muy Baja),-2.1885,-0.7304,1.5721,-1.6419
LOS JOSEFINOS,-0.487,-0.3966,-0.3362,-0.1201,-0.5499,-0.6587,-0.3168,1.9142,-1.026,-0.7696,-0.5455,-0.2838,0.3244,1.4691,-1.235,-0.4469,-0.7611,3.2291,-0.2758,-1.0409,1.8341,-1.1726,2.0231,-0.2968,-3.369,-0.0359,-0.3701,0.629,1.0153,1.0469,-0.6046,-31.4142006207762,-64.1238803796894,-0.4397,Tipo B (Infr 0.14 - NBI 3.0%),Alta,<b>LOS JOSEFINOS</b><br>Pob: 500.0<br>Score: 0.22 (Alta),-0.9109,0.6279,-0.3489,0.3395
LOS NARANJOS,-0.2649,-0.1981,-0.3514,-0.6963,0.6346,0.382,0.7551,-0.4858,-0.1939,0.5718,2.0627,2.8315,0.3244,0.5499,-0.0266,1.42,2.0204,-0.4167,3.9761,-0.1864,0.1204,0.8528,-0.4943,3.369,0.2968,1.3074,-0.2489,-0.0722,0.0616,0.1465,-0.6046,-31.4296647566055,-64.226563138602,-1.5044,Tipo A (Infr 0.57 - NBI 4.5%),Muy Alta,<b>LOS NARANJOS</b><br>Pob: 1615.0<br>Score: 0.47 (Muy Alta),0.4055,0.1637,-1.3589,1.3579
LOS OLMOS,-0.2163,-0.2091,-0.2447,-0.2301,-0.1551,-0.6587,0.3978,-0.4858,0.1759,0.7634,-0.2058,-0.2838,0.3244,-0.4214,0.1178,3.2869,0.0464,-0.4167,-0.2758,0.0314,0.0199,0.8528,-0.4943,-0.2968,0.2968,-0.1315,-0.1821,-0.3289,-0.341,-0.3196,-0.9825,-31.4597965821554,-64.2172530936535,-0.4397,Tipo B (Infr 0.14 - NBI 3.0%),Media,<b>LOS OLMOS</b><br>Pob: 1859.0<br>Score: 0.20 (Media),0.4055,-0.3943,-0.2218,0.2287
LOS OLMOS SUD,-0.0913,-0.1568,-0.0389,0.4206,-0.3525,-0.3118,-0.3168,1.9142,0.7307,-0.0031,-0.4302,-0.2838,1.6826,-1.0284,0.4181,-0.4469,-0.462,1.7849,-0.2758,0.1312,0.3512,0.8528,2.0231,-0.2968,0.2968,0.4,-0.1458,-0.1793,-0.3348,-0.2653,-0.0407,-31.465400290473603,-64.21545121967615,-0.4397,Tipo B (Infr 0.14 - NBI 3.0%),Alta,<b>LOS OLMOS SUD</b><br>Pob: 2486.0<br>Score: 0.30 (Alta),1.6832,-0.3574,-0.8363,0.8383
LOS PARAISOS,0.4253,0.3943,-0.0999,-0.4854,0.0424,-0.6587,0.7551,-0.4858,1.5628,0.3802,1.6624,-0.2838,0.3244,0.1336,1.1548,3.2869,-0.32,-0.4167,-0.2758,-0.1956,-0.4033,0.8528,-0.4943,-0.2968,0.2968,-0.4612,-0.1094,0.7441,0.6962,-0.4148,-1.0276,-31.3830882690084,-64.1946480503973,-0.4397,Tipo B (Infr 0.14 - NBI 3.0%),Baja,<b>LOS PARAISOS</b><br>Pob: 5079.0<br>Score: 0.14 (Baja),0.4055,-0.6443,0.3926,-0.381
LOS PINOS,-0.2079,-0.214,-0.2447,-0.2177,-0.1551,0.0351,-0.3168,1.9142,-0.3788,-0.0031,0.425,-0.2838,0.3244,-0.6122,0.1415,-0.4469,0.024,2.464,-0.2758,-0.4764,0.005,0.8528,2.0231,-0.2968,0.2968,0.4709,-0.3034,1.0016,0.6487,0.1778,0.5233,-31.3936669516838,-64.1410319653281,-0.4397,Tipo B (Infr 0.14 - NBI 3.0%),Alta,<b>LOS PINOS</b><br>Pob: 1901.0<br>Score: 0.32 (Alta),1.6832,-0.2214,-0.9139,0.9145
LOS PLATANOS,0.8086,0.6848,0.0373,-0.4428,1.0294,1.7696,0.0405,-0.4858,-0.009,0.1885,0.1824,-0.2838,-1.0337,-0.1092,1.4861,0.0198,0.0913,-0.4167,-0.2758,-0.8001,-0.6477,0.8528,-0.4943,-0.2968,0.2968,-0.648,0.1575,0.156,0.1215,-0.4783,1.0872,-31.4222080751586,-64.2307130188136,-0.4397,Tipo B (Infr 0.14 - NBI 3.0%),Baja,<b>LOS PLATANOS</b><br>Pob: 7003.0<br>Score: 0.11 (Baja),0.4055,-0.6831,0.8023,-0.7897
LOS ROBLES,0.1065,0.0203,0.6928,1.7467,0.2398,0.7289,-0.3168,-0.4858,-0.2864,-0.3864,0.6859,-0.2838,0.3244,-0.6989,0.7648,-0.4469,0.0988,-0.4167,-0.2758,-0.6881,-0.2916,0.8528,-0.4943,-0.2968,0.2968,-0.5718,-0.0548,-0.1428,-0.2444,-0.4441,1.6512,-31.4010362677022,-64.2649086322231,0.625,Tipo C (Infr 0.16 - NBI 14.4%),Baja,<b>LOS ROBLES</b><br>Pob: 3479.0<br>Score: 0.12 (Baja),0.4055,-0.6228,0.5551,-0.5542
LOS SAUCES,-0.2609,-0.2487,-0.2371,-0.0865,-0.1551,0.0351,-0.3168,1.9142,-0.1939,-0.3864,-0.4484,-0.2838,0.3244,-0.4908,-0.0143,-0.4469,0.1511,2.935,-0.2758,-0.1972,0.1117,0.8528,2.0231,-0.2968,0.2968,0.8693,-0.2731,0.1904,0.0558,0.1362,0.5233,-31.4611868550392,-64.0988703018824,-0.4397,Tipo B (Infr 0.14 - NBI 3.0%),Muy Alta,<b>LOS SAUCES</b><br>Pob: 1635.0<br>Score: 0.39 (Muy Alta),1.6832,0.0002,-1.1541,1.1536
LOS SOLES,-0.487,-0.3966,-0.4048,-0.9179,-0.5499,-0.6587,-0.3168,-0.4858,-0.5637,-0.578,-0.5455,-0.2838,-1.0337,1.4691,-1.235,-0.4469,-0.7611,-0.4167,-0.2758,0.4932,-0.6477,-1.1726,-0.4943,-0.2968,0.2968,-0.2346,-0.4005,-1.3516,-1.1573,-0.5199,-0.6046,-31.37321427576532,-64.27863327990656,-0.4397,Tipo B (Infr 0.14 - NBI 3.0%),Media,<b>LOS SOLES</b><br>Pob: 500.0<br>Score: 0.19 (Media),-0.9109,0.4017,-0.0664,0.0659
LOS SUENOS,-0.487,-0.3966,-0.4048,-0.9179,-0.5499,-0.6587,-0.3168,-0.4858,-0.9336,-0.578,-0.5455,-0.2838,-1.0337,1.4691,-1.235,-0.4469,-0.7611,-0.4167,-0.2758,-0.7341,-0.6477,-1.1726,-0.4943,-0.2968,0.2968,-1.0303,-0.4005,-1.3516,-1.1573,-0.5199,-0.6046,-31.3604453595515,-64.2832690939214,-0.4397,Tipo B (Infr 0.14 - NBI 3.0%),Muy Baja,<b>LOS SUENOS</b><br>Pob: 500.0<br>Score: 0.04 (Muy Baja),-0.9109,-0.5042,1.4167,-1.4167
LOURDES,-0.3051,-0.3317,-0.0237,1.869,-0.3525,-0.3118,-0.3168,-0.4858,1.3779,0.3802,-0.503,-0.2838,0.3244,-1.5661,-0.1649,-0.4469,-0.2302,-0.4167,-0.2758,1.7819,0.2308,0.8528,-0.4943,-0.2968,0.2968,0.865,-0.3216,0.8011,0.1714,0.5378,-0.0407,-31.3316515562663,-64.2559838632293,1.6898,Tipo D (Infr 0.40 - NBI 2.8%),Muy Alta,<b>LOURDES</b><br>Pob: 1413.0<br>Score: 0.39 (Muy Alta),0.4055,0.1132,-1.14,1.1397
MAIPU SECCION 1,-0.1838,-0.1332,-0.3514,-0.7353,-0.5499,-0.6587,-0.3168,-0.4858,0.5458,1.53,-0.5455,-0.2838,0.3244,0.3591,0.2045,-0.4469,-0.7611,-0.4167,-0.2758,0.2493,-0.0335,-1.1726,-0.4943,-0.2968,0.2968,-0.393,-0.2367,0.1316,0.2087,-0.3164,-0.6046,-31.4361764058547,-64.1595471854071,-0.4397,Tipo B (Infr 0.14 - NBI 3.0%),Media,<b>MAIPU SECCION 1</b><br>Pob: 2022.0<br>Score: 0.16 (Media),-0.9109,-0.495,0.2231,-0.2147
MAIPU SECCION 2,-0.1318,-0.0864,-0.3438,-0.7318,-0.5499,-0.6587,-0.3168,-0.4858,0.1759,1.3383,-0.5455,-0.2838,0.3244,0.3417,0.3304,-0.4469,-0.7611,-0.4167,-0.2758,-0.168,-0.1042,-1.1726,-0.4943,-0.2968,0.2968,-0.663,-0.1821,-0.0956,-0.0046,-0.4166,-0.6046,-31.4296995173019,-64.159805647332,-0.4397,Tipo B (Infr 0.14 - NBI 3.0%),Baja,<b>MAIPU SECCION 2</b><br>Pob: 2283.0<br>Score: 0.11 (Baja),-0.9109,-0.5892,0.8517,-0.8382
MALDONADO,1.0108,0.5236,2.3316,2.4807,0.832,1.7696,-0.3168,-0.4858,-0.1014,-0.3864,-0.4666,-0.2838,-1.0337,-1.41,1.6264,-0.4469,-0.1106,-0.4167,-0.2758,-0.8492,-0.6477,0.8528,-0.4943,-0.2968,0.2968,-0.7806,0.7397,-0.5069,-0.6161,-0.5044,3.3431,-31.412245483126,-64.127450781327,0.625,Tipo C (Infr 0.16 - NBI 14.4%),Baja,<b>MALDONADO</b><br>Pob: 8018.0<br>Score: 0.08 (Baja),0.4055,-0.6985,1.0353,-1.0253
MANANTIALES I-MANANTIALES II,-0.487,-0.3966,-0.4048,-0.9179,-0.5499,-0.6587,-0.3168,-0.4858,-0.9336,-0.578,-0.5455,-0.2838,-1.0337,1.4691,-1.235,-0.4469,-0.7611,-0.4167,-0.2758,-0.7341,-0.6477,-1.1726,-0.4943,-0.2968,0.2968,-1.0303,-0.4005,-1.3516,-1.1573,-0.5199,-0.6046,-31.4501755442947,-64.2275132126212,-0.4397,Tipo B (Infr 0.14 - NBI 3.0%),Muy Baja,<b>MANANTIALES I-MANANTIALES II</b><br>Pob: 500.0<br>Score: 0.04 (Muy Baja),-0.9109,-0.5042,1.4167,-1.4167
MARCELO T DE ALVEAR,-0.0391,-0.0936,-0.0389,0.2149,-0.5499,-0.6587,-0.3168,-0.4858,-0.2864,-0.3864,1.0498,-0.2838,0.3244,-0.7336,0.5213,-0.4469,-0.7611,-0.4167,-0.2758,-0.5945,-0.196,-1.1726,-0.4943,-0.2968,0.2968,-0.9395,-0.2307,0.5922,0.2995,-0.4522,-0.6046,-31.3680411492782,-64.1718542573729,-0.4397,Tipo B (Infr 0.14 - NBI 3.0%),Muy Baja,<b>MARCELO T DE ALVEAR</b><br>Pob: 2748.0<br>Score: 0.05 (Muy Baja),-0.9109,-0.6704,1.3178,-1.3059
MARCOS SASTRE,-0.3667,-0.3521,-0.2676,0.2185,-0.3525,-0.3118,-0.3168,-0.4858,-0.009,-0.1947,-0.3453,-0.2838,0.3244,-1.0458,-0.4188,-0.4469,-0.0807,-0.4167,-0.2758,0.4871,0.4765,0.8528,-0.4943,-0.2968,0.2968,0.1004,-0.2974,-0.0654,-0.2595,-0.0066,-0.0407,-31.4451190053854,-64.149863964445,-0.4397,Tipo B (Infr 0.14 - NBI 3.0%),Alta,<b>MARCOS SASTRE</b><br>Pob: 1104.0<br>Score: 0.25 (Alta),0.4055,-0.0449,-0.5467,0.5508
MARECHAL,0.122,0.0858,0.0602,0.0855,-0.3525,-0.3118,-0.3168,-0.4858,0.7307,-0.0031,-0.4241,-0.2838,0.3244,-0.2133,0.7875,-0.4469,-0.5518,-0.4167,-0.2758,-0.2217,-0.299,0.8528,-0.4943,-0.2968,0.2968,-0.5938,-0.1518,0.3667,0.2695,-0.418,-0.0407,-31.3955292239017,-64.2142652519137,-0.4397,Tipo B (Infr 0.14 - NBI 3.0%),Baja,<b>MARECHAL</b><br>Pob: 3557.0<br>Score: 0.12 (Baja),0.4055,-0.6287,0.5974,-0.5888
MARIA LASTENIA,-0.487,-0.3966,-0.3209,0.0571,0.2398,0.7289,-0.3168,-0.4858,0.8232,0.1885,-0.4484,-0.2838,0.3244,1.4691,-1.235,-0.4469,2.8306,-0.4167,-0.2758,2.6411,1.8341,0.8528,-0.4943,-0.2968,0.2968,2.9471,0.9883,-1.3084,-1.1098,-0.4,1.6512,-31.3266603545532,-64.1819207021647,-1.5044,Tipo A (Infr 0.57 - NBI 4.5%),Muy Alta,<b>MARIA LASTENIA</b><br>Pob: 500.0<br>Score: 0.78 (Muy Alta),0.4055,4.0241,-1.6979,1.6766
MARIANO BALCARCE,-0.1894,-0.1458,-0.3286,-0.6485,-0.3525,-0.6587,0.0405,-0.4858,-0.4713,0.5718,-0.3028,-0.2838,0.3244,0.2377,0.19,3.2869,-0.3873,-0.4167,-0.2758,-0.5792,-0.0248,0.8528,-0.4943,-0.2968,0.2968,-0.7436,-0.267,0.4435,0.4623,-0.375,-0.8866,-31.4336980595615,-64.2215931493569,-0.4397,Tipo B (Infr 0.14 - NBI 3.0%),Baja,<b>MARIANO BALCARCE</b><br>Pob: 1994.0<br>Score: 0.09 (Baja),0.4055,-0.5918,0.9788,-0.9629
MARIANO FRAGUEIRO,0.1366,0.0231,0.2736,0.7202,0.0424,0.382,-0.3168,-0.4858,1.8402,0.7634,-0.3938,-0.2838,0.3244,-0.8723,0.8081,-0.4469,-0.1405,-0.4167,-0.2758,0.2692,-0.3065,0.8528,-0.4943,-0.2968,0.2968,-0.0708,-0.2246,1.1275,0.6464,-0.2576,1.0872,-31.3660728145572,-64.1856708289333,0.625,Tipo C (Infr 0.16 - NBI 14.4%),Media,<b>MARIANO FRAGUEIRO</b><br>Pob: 3630.0<br>Score: 0.22 (Media),0.4055,-0.5487,-0.2924,0.298
MARQUES ANEXO,1.5009,0.9807,1.3483,0.5908,-0.3525,-0.3118,-0.3168,-0.4858,-1.026,-0.7696,-0.5455,-0.2838,-1.0337,-0.9937,1.9019,-0.4469,-0.6863,-0.4167,-0.2758,-1.0409,-0.6477,0.8528,-0.4943,-0.2968,-3.369,-1.1919,-0.0305,2.0505,1.2504,-0.516,-0.0407,-31.37143579108965,-64.19161266923146,0.625,Tipo C (Infr 0.16 - NBI 14.4%),Muy Baja,<b>MARQUES ANEXO</b><br>Pob: 10478.0<br>Score: 0.01 (Muy Baja),-0.9109,-0.7283,1.565,-1.5449
MARQUES DE SOBREMONTE,4.3161,3.6408,2.1868,-0.1184,1.8191,2.1165,1.1124,1.9142,2.2101,-0.0031,8.0373,2.8315,1.6826,-0.1612,2.7831,0.7965,-0.3947,-0.1922,0.8428,-0.8231,-0.5472,0.8528,2.0231,3.369,0.2968,-0.6748,1.2369,0.4535,0.3595,-0.5065,-0.1535,-31.36862893655555,-64.19402795529055,2.7545,Tipo E (Infr 0.11 - NBI 5.5%),Baja,<b>MARQUES DE SOBREMONTE</b><br>Pob: 24608.0<br>Score: 0.10 (Baja),1.6832,-0.7176,0.88,-0.866
MAULLER,0.5558,0.3696,0.548,0.4738,0.832,1.7696,-0.3168,-0.4858,0.3609,-0.578,-0.5455,2.8315,3.0407,-0.6468,1.2797,-0.4469,0.1511,-0.4167,3.9761,-0.639,0.0013,0.8528,-0.4943,3.369,0.2968,0.0827,0.109,0.0004,-0.1272,-0.4173,3.3431,-31.4147746684517,-64.1388534120657,-0.4397,Tipo B (Infr 0.14 - NBI 3.0%),Alta,<b>MAULLER</b><br>Pob: 5734.0<br>Score: 0.24 (Alta),0.4055,-0.6001,-0.5184,0.5231
MAURIZI,-0.436,-0.3664,-0.3209,-0.1538,-0.3525,-0.3118,-0.3168,-0.4858,-0.7487,-0.1947,-0.5394,-0.2838,-1.0337,0.3764,-0.8098,-0.4469,0.2259,-0.4167,-0.2758,-0.4319,-0.6477,0.8528,-0.4943,-0.2968,0.2968,-0.3425,-0.3338,0.0096,0.1019,0.0093,-0.0407,-31.4274174705639,-64.2081597810474,-0.4397,Tipo B (Infr 0.14 - NBI 3.0%),Media,<b>MAURIZI</b><br>Pob: 756.0<br>Score: 0.17 (Media),0.4055,-0.0629,0.1031,-0.1004
MERCANTIL,-0.4426,-0.3889,-0.3819,-0.6697,0.4372,0.7289,0.0405,-0.4858,-0.2864,-0.3864,-0.0178,-0.2838,-1.0337,-0.3347,-0.8552,0.2999,2.8306,-0.4167,-0.2758,0.6574,-0.6477,0.8528,-0.4943,-0.2968,0.2968,1.6612,-0.3459,0.2394,0.1342,1.5888,0.2413,-31.3183526871751,-64.2587038912171,-1.5044,Tipo A (Infr 0.57 - NBI 4.5%),Muy Alta,<b>MERCANTIL</b><br>Pob: 723.0<br>Score: 0.54 (Muy Alta),0.4055,1.5452,-1.4507,1.448
MILITAR GENERAL DEHEZA,-0.4223,-0.3966,-0.3895,-0.7407,-0.1551,0.0351,-0.3168,-0.4858,-0.7487,-0.3864,-0.5455,-0.2838,-1.0337,-1.2712,-0.719,-0.4469,1.0484,-0.4167,-0.2758,-0.4825,-0.6477,0.8528,-0.4943,-0.2968,0.2968,0.0344,-0.1761,-0.91,-0.8637,-0.2956,0.5233,-31.3961038343019,-64.2718381204991,-0.4397,Tipo B (Infr 0.14 - NBI 3.0%),Alta,<b>MILITAR GENERAL DEHEZA</b><br>Pob: 825.0<br>Score: 0.24 (Alta),0.4055,0.1413,-0.4408,0.4469
MIRADOR,0.0437,0.0192,0.4108,1.0659,-0.5499,-0.6587,-0.3168,-0.4858,0.1759,-0.0031,-0.4605,-0.2838,0.3244,-0.2306,0.6668,-0.4469,-0.7611,-0.4167,-0.2758,-0.4104,-0.2556,-1.1726,-0.4943,-0.2968,0.2968,-0.8204,-0.2125,0.6699,0.5177,-0.4335,-0.6046,-31.4289133054055,-64.1385804949468,0.625,Tipo C (Infr 0.16 - NBI 14.4%),Muy Baja,<b>MIRADOR</b><br>Pob: 3164.0<br>Score: 0.08 (Muy Baja),-0.9109,-0.6569,1.106,-1.0911
MIRADOR DEL CHATEAU,-0.4364,-0.3482,-0.4048,-0.9179,-0.5499,-0.6587,-0.3168,-0.4858,-0.1014,-0.0031,-0.1148,-0.2838,0.3244,1.1569,-0.8119,-0.4469,-0.7611,-0.4167,-0.2758,0.9934,0.9977,-1.1726,-0.4943,-0.2968,0.2968,0.0897,-0.0972,-1.053,-0.8444,-0.3468,-0.6046,-31.38511415213455,-64.26248967015471,1.6898,Tipo D (Infr 0.40 - NBI 2.8%),Alta,<b>MIRADOR DEL CHATEAU</b><br>Pob: 754.0<br>Score: 0.25 (Alta),-0.9109,0.2652,-0.5326,0.537
MIRALTA,0.1163,-0.0176,0.7004,1.9736,-0.5499,-0.6587,-0.3168,1.9142,-0.1014,-0.3864,-0.5151,-0.2838,1.6826,-1.0978,0.7792,-0.4469,-0.7611,1.1332,-0.2758,-0.6068,0.0559,-1.1726,2.0231,-0.2968,0.2968,-0.4402,-0.1943,0.7035,0.2629,-0.3676,-0.6046,-31.4244364501647,-64.1122227442397,0.625,Tipo C (Infr 0.16 - NBI 14.4%),Baja,<b>MIRALTA</b><br>Pob: 3528.0<br>Score: 0.15 (Baja),0.4055,-0.6031,0.3644,-0.3533
MIRIZZI,-0.4486,-0.3966,-0.2752,0.589,0.0424,0.382,-0.3168,-0.4858,0.7307,0.1885,-0.4727,-0.2838,1.6826,-0.4561,-0.8996,-0.4469,2.4765,-0.4167,-0.2758,2.6411,2.9335,0.8528,-0.4943,-0.2968,0.2968,2.7705,-0.2549,-0.7797,-0.7046,0.5745,1.0872,-31.4736776999547,-64.2058443325684,-1.5044,Tipo A (Infr 0.57 - NBI 4.5%),Muy Alta,<b>MIRIZZI</b><br>Pob: 693.0<br>Score: 0.74 (Muy Alta),0.4055,2.5549,-1.6555,1.6524
MUTUAL DE LOS DOCENTES,-0.4414,-0.3939,-0.3972,-0.8311,-0.5499,-0.6587,-0.3168,-0.4858,-0.7487,-0.578,-0.2179,-0.2838,-1.0337,-0.5948,-0.847,-0.4469,-0.7611,-0.4167,-0.2758,-0.4089,-0.6477,-1.1726,-0.4943,-0.2968,0.2968,-0.8193,-0.2792,-0.6297,-0.6005,-0.3852,-0.6046,-31.4569004597575,-64.2241300612357,-0.4397,Tipo B (Infr 0.14 - NBI 3.0%),Muy Baja,<b>MUTUAL DE LOS DOCENTES</b><br>Pob: 729.0<br>Score: 0.08 (Muy Baja),-0.9109,-0.4105,1.0989,-1.0842
NICOLAS AVELLANEDA,-0.2316,-0.236,-0.2828,-0.3418,0.6346,1.4227,-0.3168,1.9142,0.2684,0.1885,-0.4848,-0.2838,1.6826,-0.6815,0.0745,-0.4469,1.7587,2.6557,-0.2758,0.1649,0.7446,0.8528,2.0231,-0.2968,0.2968,1.8137,-0.2974,0.7245,0.4147,0.6555,2.7791,-31.4623154748996,-64.1037099479582,-1.5044,Tipo A (Infr 0.57 - NBI 4.5%),Muy Alta,<b>NICOLAS AVELLANEDA</b><br>Pob: 1782.0<br>Score: 0.57 (Muy Alta),1.6832,0.2416,-1.4931,1.4896
NUESTRO HOGAR I,-0.4681,-0.3966,-0.2676,0.6777,-0.5499,-0.6587,-0.3168,1.9142,0.5458,-0.0031,-0.5455,-0.2838,0.3244,0.3591,-1.0564,-0.4469,-0.7611,3.2291,-0.2758,2.6411,1.4382,-1.1726,2.0231,-0.2968,0.2968,2.3506,-0.358,0.3319,0.3946,2.8379,-0.6046,-31.4713698368511,-64.1489809392811,1.6898,Tipo D (Infr 0.40 - NBI 2.8%),Muy Alta,<b>NUESTRO HOGAR I</b><br>Pob: 595.0<br>Score: 0.67 (Muy Alta),0.4055,2.6943,-1.599,1.5866
NUESTRO HOGAR II,-0.4151,-0.3917,-0.1532,1.8814,0.2398,0.7289,-0.3168,-0.4858,-0.1939,-0.3864,-0.5455,-0.2838,0.3244,-1.2539,-0.6757,-0.4469,2.7158,-0.4167,-0.2758,0.5623,0.793,0.8528,-0.4943,-0.2968,0.2968,1.5426,-0.3216,-0.0399,-0.284,0.8801,1.6512,-31.387682870044,-64.0982253407013,-1.5044,Tipo A (Infr 0.57 - NBI 4.5%),Muy Alta,<b>NUESTRO HOGAR II</b><br>Pob: 861.0<br>Score: 0.52 (Muy Alta),0.4055,1.1021,-1.4154,1.4134
NUESTRO HOGAR III,1.6328,1.0269,4.2448,2.9611,-0.3525,-0.3118,-0.3168,1.9142,0.6382,-0.578,-0.5273,-0.2838,1.6826,-1.1325,1.9649,-0.4469,-0.6938,0.0762,-0.2758,-0.7924,-0.4244,0.8528,2.0231,-0.2968,0.2968,-0.873,-0.0184,2.1506,1.2464,-0.4829,-0.0407,-31.50091471404605,-64.19982237373814,0.625,Tipo C (Infr 0.16 - NBI 14.4%),Muy Baja,<b>NUESTRO HOGAR III</b><br>Pob: 11140.0<br>Score: 0.07 (Muy Baja),1.6832,-0.7122,1.2543,-1.2366
NUEVA CORDOBA,6.7959,10.4944,1.4627,-0.6999,3.5959,2.1165,4.328,-0.4858,3.0422,5.7459,1.5411,2.8315,0.3244,3.8972,3.2052,1.8643,-0.3349,-0.4167,0.4608,-0.8584,-0.6142,0.8528,-0.4943,3.369,0.2968,-0.7951,0.3515,4.567,7.6031,-0.497,-0.8077,-31.426755004302,-64.186098312365,2.7545,Tipo E (Infr 0.11 - NBI 5.5%),Muy Baja,<b>NUEVA CORDOBA</b><br>Pob: 37055.0<br>Score: 0.08 (Muy Baja),0.4055,-0.7237,1.0706,-1.0565
NUEVA CORDOBA ANEXA,-0.2715,-0.2316,-0.359,-0.7052,-0.5499,-0.6587,-0.3168,1.9142,-0.2864,-0.0031,-0.5455,-0.2838,0.3244,0.0122,-0.0483,-0.4469,-0.7611,3.0445,-0.2758,-0.2647,0.1365,-1.1726,2.0231,-0.2968,0.2968,0.407,-0.2852,0.2975,0.2721,0.0456,-0.6046,-31.4363481826837,-64.164017889066,-0.4397,Tipo B (Infr 0.14 - NBI 3.0%),Alta,<b>NUEVA CORDOBA ANEXA</b><br>Pob: 1582.0<br>Score: 0.30 (Alta),0.4055,-0.1417,-0.8574,0.8591
NUEVA ITALIA,0.0802,0.0368,0.0068,0.0518,0.2398,-0.3118,0.7551,-0.4858,-0.5637,-0.578,1.3227,-0.2838,-1.0337,-0.352,0.7246,2.3535,0.1362,-0.4167,-0.2758,-0.8124,-0.6477,0.8528,-0.4943,-0.2968,0.2968,-0.6335,-0.1336,0.155,0.0624,-0.431,-0.8866,-31.3859550300777,-64.1452722218278,-0.4397,Tipo B (Infr 0.14 - NBI 3.0%),Baja,<b>NUEVA ITALIA</b><br>Pob: 3347.0<br>Score: 0.11 (Baja),0.4055,-0.6291,0.774,-0.762
NUEVO URCA,-0.487,-0.3966,-0.4048,-0.9179,-0.5499,-0.6587,-0.3168,-0.4858,-0.6562,-0.578,0.1824,-0.2838,0.3244,1.4691,-1.235,-0.4469,-0.7611,-0.4167,-0.2758,0.1864,1.8341,-1.1726,-0.4943,-0.2968,0.2968,-0.4338,-0.261,-0.9211,-0.6849,-0.2928,-0.6046,-31.3828475471979,-64.2674905686599,-0.4397,Tipo B (Infr 0.14 - NBI 3.0%),Media,<b>NUEVO URCA</b><br>Pob: 500.0<br>Score: 0.15 (Media),-0.9109,0.1749,0.2938,-0.3082
OBRERO,-0.0923,-0.0011,-0.3057,-0.668,-0.5499,-0.6587,-0.3168,1.9142,0.9156,1.7216,0.9345,-0.2838,0.3244,0.9488,0.416,-0.4469,-0.7611,1.7904,-0.2758,0.257,-0.1476,-1.1726,2.0231,-0.2968,0.2968,0.3345,-0.2246,0.3428,0.564,-0.1659,-0.6046,-31.4134335064709,-64.2122200883557,-0.4397,Tipo B (Infr 0.14 - NBI 3.0%),Alta,<b>OBRERO</b><br>Pob: 2481.0<br>Score: 0.29 (Alta),0.4055,-0.3716,-0.7374,0.7413
OBSERVATORIO,0.7315,0.7915,0.5709,0.043,0.832,0.382,1.1124,-0.4858,-0.1014,0.1885,0.0611,-0.2838,0.3244,0.7233,1.4273,1.6851,0.0315,-0.4167,-0.2758,-0.8093,-0.4603,0.8528,-0.4943,-0.2968,0.2968,-0.684,0.0908,0.2661,0.4252,-0.4758,-0.7174,-31.4231361956293,-64.2028823470864,-0.4397,Tipo B (Infr 0.14 - NBI 3.0%),Baja,<b>OBSERVATORIO</b><br>Pob: 6616.0<br>Score: 0.10 (Baja),0.4055,-0.6835,0.9082,-0.8937
OMBU,-0.2517,-0.1948,-0.3667,-0.7619,-0.5499,-0.6587,-0.3168,-0.4858,0.0835,1.3383,0.8739,-0.2838,0.3244,0.3764,0.0146,-0.4469,-0.7611,-0.4167,-0.2758,0.0545,0.0906,-1.1726,-0.4943,-0.2968,0.2968,-0.5191,-0.2246,-0.2036,-0.0953,-0.3591,-0.6046,-31.3893202773862,-64.21753693663,-0.4397,Tipo B (Infr 0.14 - NBI 3.0%),Baja,<b>OMBU</b><br>Pob: 1681.0<br>Score: 0.13 (Baja),-0.9109,-0.49,0.4844,-0.4745
ONA,-0.3211,-0.2839,-0.3362,-0.5244,0.832,0.7289,0.7551,-0.4858,-0.3788,-0.1947,-0.5455,-0.2838,1.6826,-0.1959,-0.2248,1.1549,2.8306,-0.4167,-0.2758,-0.2355,1.2136,0.8528,-0.4943,-0.2968,0.2968,1.083,-0.267,-0.1516,-0.1574,0.1701,-0.4636,-31.4492916492839,-64.1653991848349,-1.5044,Tipo A (Infr 0.57 - NBI 4.5%),Muy Alta,<b>ONA</b><br>Pob: 1333.0<br>Score: 0.43 (Muy Alta),0.4055,0.2569,-1.2318,1.2298
OSN,-0.1896,-0.1904,-0.3438,-0.6715,-0.5499,-0.6587,-0.3168,-0.4858,-0.009,-0.0031,-0.3332,-0.2838,0.3244,-0.4561,0.19,-0.4469,-0.7611,-0.4167,-0.2758,-0.1941,-0.0248,-1.1726,-0.4943,-0.2968,0.2968,-0.6802,-0.3156,1.4679,1.0735,-0.2625,-0.6046,-31.4599043773051,-64.15824125761,-0.4397,Tipo B (Infr 0.14 - NBI 3.0%),Baja,<b>OSN</b><br>Pob: 1993.0<br>Score: 0.10 (Baja),-0.9109,-0.5736,0.8941,-0.8798
PADRE CLARET,-0.4131,-0.3658,-0.4048,-0.9179,0.6346,-0.6587,1.827,-0.4858,-0.1014,1.7216,-0.2543,-0.2838,0.3244,-0.3693,-0.6633,3.2869,2.8306,-0.4167,-0.2758,0.7203,0.7768,0.8528,-0.4943,-0.2968,0.2968,1.702,-0.2064,-0.8125,-0.7227,0.0816,-1.0896,-31.3544915100643,-64.237238422406,-1.5044,Tipo A (Infr 0.57 - NBI 4.5%),Muy Alta,<b>PADRE CLARET</b><br>Pob: 871.0<br>Score: 0.55 (Muy Alta),0.4055,1.1852,-1.4719,1.4688
PALERMO BAJO,-0.2063,-0.1403,-0.3819,-0.8382,-0.5499,-0.6587,-0.3168,-0.4858,0.9156,0.1885,-0.5455,-0.2838,-1.0337,0.5846,0.1457,-0.4469,-0.7611,-0.4167,-0.2758,0.6466,-0.6477,-1.1726,-0.4943,-0.2968,0.2968,-0.1353,-0.1761,-0.3298,-0.1796,-0.3256,-0.6046,-31.3869413360447,-64.2246185527337,-0.4397,Tipo B (Infr 0.14 - NBI 3.0%),Media,<b>PALERMO BAJO</b><br>Pob: 1909.0<br>Score: 0.20 (Media),-0.9109,-0.4042,-0.2148,0.2217
PALMAR,-0.3824,-0.351,-0.3286,-0.2921,-0.1551,0.0351,-0.3168,-0.4858,-0.7487,-0.578,-0.2119,-0.2838,0.3244,-0.6815,-0.4961,-0.4469,0.6969,-0.4167,-0.2758,-0.5914,0.5634,0.8528,-0.4943,-0.2968,0.2968,-0.211,-0.2549,-0.5058,-0.5168,-0.2414,0.5233,-31.3899757721453,-64.1246701968207,-0.4397,Tipo B (Infr 0.14 - NBI 3.0%),Media,<b>PALMAR</b><br>Pob: 1025.0<br>Score: 0.19 (Media),0.4055,-0.165,-0.0947,0.1005
PALMAS DEL CLARET,-0.4625,-0.3906,-0.4048,-0.9179,-0.5499,-0.6587,-0.3168,-0.4858,-0.9336,-0.578,-0.5455,-0.2838,-1.0337,0.4111,-1.009,-0.4469,-0.7611,-0.4167,-0.2758,-0.7939,-0.6477,-1.1726,-0.4943,-0.2968,0.2968,-1.0689,-0.3701,1.1162,1.1348,-0.3098,-0.6046,-31.3514066893432,-64.2308945622633,-0.4397,Tipo B (Infr 0.14 - NBI 3.0%),Muy Baja,<b>PALMAS DEL CLARET</b><br>Pob: 623.0<br>Score: 0.03 (Muy Baja),-0.9109,-0.5842,1.4661,-1.4479
PANAMERICANO,0.08,0.083,-0.2066,-0.4871,0.2398,0.7289,-0.3168,-0.4858,0.1759,0.1885,0.0672,-0.2838,0.3244,0.0816,0.7246,-0.4469,0.1362,-0.4167,-0.2758,-0.4442,-0.2767,0.8528,-0.4943,-0.2968,0.2968,-0.3951,-0.0548,-0.189,-0.1358,-0.424,1.6512,-31.3728037015138,-64.1799531562142,-0.4397,Tipo B (Infr 0.14 - NBI 3.0%),Media,<b>PANAMERICANO</b><br>Pob: 3346.0<br>Score: 0.16 (Media),0.4055,-0.5885,0.2302,-0.2216
PARQUE ALAMEDA,-0.4559,-0.3966,-0.3819,-0.652,-0.5499,-0.6587,-0.3168,-0.4858,-1.026,-0.7696,-0.3999,-0.2838,0.3244,-0.1786,-0.9553,-0.4469,-0.7611,-0.4167,-0.2758,-1.0409,1.2434,-1.1726,-0.4943,-0.2968,-3.369,-1.2289,-0.261,-0.7867,-0.6849,-0.5199,-0.6046,-31.4667304669222,-64.1842467716332,-0.4397,Tipo B (Infr 0.14 - NBI 3.0%),Muy Baja,<b>PARQUE ALAMEDA</b><br>Pob: 656.0<br>Score: 0.00 (Muy Baja),-2.1885,-0.7304,1.5721,-1.6419
PARQUE ATLANTICA,-0.1386,-0.1029,-0.2752,-0.5066,-0.3525,-0.3118,-0.3168,-0.4858,-0.1014,0.1885,-0.2482,-0.2838,-1.0337,0.1857,0.3149,-0.4469,-0.4321,-0.4167,-0.2758,-0.3582,-0.6477,0.8528,-0.4943,-0.2968,0.2968,-0.6228,-0.2003,-0.0018,0.0508,-0.3993,-0.0407,-31.4538400218945,-64.2100439245679,-0.4397,Tipo B (Infr 0.14 - NBI 3.0%),Baja,<b>PARQUE ATLANTICA</b><br>Pob: 2249.0<br>Score: 0.11 (Baja),0.4055,-0.5769,0.661,-0.6512
PARQUE CAPITAL,0.2047,0.193,-0.359,-0.8346,0.0424,0.0351,0.0405,-0.4858,0.0835,-0.1947,2.8695,-0.2838,0.3244,0.0816,0.901,0.7965,-0.1928,-0.4167,-0.2758,-0.5776,-0.335,0.8528,-0.4943,-0.2968,0.2968,-0.6453,0.0362,-0.259,-0.1977,-0.4666,-0.3227,-31.4351614511823,-64.2159341822764,-0.4397,Tipo B (Infr 0.14 - NBI 3.0%),Baja,<b>PARQUE CAPITAL</b><br>Pob: 3972.0<br>Score: 0.11 (Baja),0.4055,-0.6467,0.7881,-0.7794
PARQUE CAPITAL SUD,-0.2991,-0.2635,-0.3895,-0.8382,-0.5499,-0.6587,-0.3168,-0.4858,0.1759,-0.1947,-0.3392,-0.2838,0.3244,-0.1612,-0.1432,-0.4469,-0.7611,-0.4167,-0.2758,0.3413,0.2122,-1.1726,-0.4943,-0.2968,0.2968,-0.3328,-0.2307,-0.3309,-0.2999,-0.3098,-0.6046,-31.4426782072545,-64.2171490791533,-0.4397,Tipo B (Infr 0.14 - NBI 3.0%),Media,<b>PARQUE CAPITAL SUD</b><br>Pob: 1443.0<br>Score: 0.17 (Media),-0.9109,-0.3769,0.0889,-0.0796
PARQUE CHACABUCO,-0.3547,-0.2932,-0.3972,-0.8719,-0.5499,-0.6587,-0.3168,-0.4858,-0.6562,-0.3864,0.4554,-0.2838,0.3244,0.3071,-0.3651,-0.4469,-0.7611,-0.4167,-0.2758,-0.5132,0.4182,-1.1726,-0.4943,-0.2968,0.2968,-0.8869,-0.2307,-0.5283,-0.4046,-0.4395,-0.6046,-31.382522710674,-64.2116422926307,-0.4397,Tipo B (Infr 0.14 - NBI 3.0%),Muy Baja,<b>PARQUE CHACABUCO</b><br>Pob: 1164.0<br>Score: 0.06 (Muy Baja),-0.9109,-0.5631,1.2755,-1.2608
PARQUE CHATEAU CARRERAS,-0.487,-0.3966,-0.3895,-0.7407,-0.5499,-0.6587,-0.3168,-0.4858,-1.026,-0.7696,-0.0602,-0.2838,-1.0337,1.4691,-1.235,-0.4469,-0.7611,-0.4167,-0.2758,-1.0409,-0.6477,-1.1726,-0.4943,-0.2968,-3.369,-1.2289,1.2127,-1.3144,-1.1164,-0.5199,-0.6046,-31.3626197967517,-64.2647444147625,-0.4397,Tipo B (Infr 0.14 - NBI 3.0%),Muy Baja,<b>PARQUE CHATEAU CARRERAS</b><br>Pob: 500.0<br>Score: 0.00 (Muy Baja),-2.1885,-0.7304,1.5721,-1.6419
PARQUE COREMA,-0.4703,-0.3856,-0.3972,-0.8382,-0.3525,-0.3118,-0.3168,-0.4858,-1.026,-0.7696,-0.5394,-0.2838,-1.0337,1.0702,-1.075,-0.4469,0.5175,-0.4167,-0.2758,-1.0409,-0.6477,0.8528,-0.4943,-0.2968,-3.369,-0.5916,-0.3156,-0.5254,-0.3037,-0.2209,-0.0407,-31.367945597451,-64.228319679797,-0.4397,Tipo B (Infr 0.14 - NBI 3.0%),Baja,<b>PARQUE COREMA</b><br>Pob: 584.0<br>Score: 0.12 (Baja),-0.9109,-0.1092,0.5904,-0.5784
PARQUE DE LA VEGA II,-0.4679,-0.3966,-0.2371,1.0322,-0.5499,-0.6587,-0.3168,-0.4858,0.8232,-0.1947,-0.5455,-0.2838,0.3244,0.3591,-1.0544,-0.4469,-0.7611,-0.4167,-0.2758,2.6411,1.4345,-1.1726,-0.4943,-0.2968,0.2968,1.1571,-0.2489,-0.8795,-0.7227,0.107,-0.6046,-31.4086410569058,-64.2612520517313,1.6898,Tipo D (Infr 0.40 - NBI 2.8%),Muy Alta,<b>PARQUE DE LA VEGA II</b><br>Pob: 596.0<br>Score: 0.44 (Muy Alta),-0.9109,1.5486,-1.3236,1.2921
PARQUE DE LA VEGA III,-0.4679,-0.3966,-0.3972,-0.8293,-0.5499,-0.6587,-0.3168,-0.4858,-0.3788,-0.3864,-0.5455,-0.2838,-1.0337,0.3591,-1.0544,-0.4469,-0.7611,-0.4167,-0.2758,0.7602,-0.6477,-1.1726,-0.4943,-0.2968,0.2968,-0.0617,-0.267,-0.8151,-0.6635,-0.1715,-0.6046,-31.4035479069876,-64.2671597598804,-0.4397,Tipo B (Infr 0.14 - NBI 3.0%),Media,<b>PARQUE DE LA VEGA III</b><br>Pob: 596.0<br>Score: 0.22 (Media),-0.9109,0.3845,-0.3136,0.3187
PARQUE DE LA VIDA,-0.487,-0.3966,-0.4048,-0.9179,-0.5499,-0.6587,-0.3168,-0.4858,-0.9336,-0.578,-0.5455,-0.2838,-1.0337,1.4691,-1.235,-0.4469,-0.7611,-0.4167,-0.2758,-0.7341,-0.6477,-1.1726,-0.4943,-0.2968,0.2968,-1.0303,-0.4005,-1.3516,-1.1573,-0.5199,-0.6046,-31.4442273592752,-64.2261000948677,-0.4397,Tipo B (Infr 0.14 - NBI 3.0%),Muy Baja,<b>PARQUE DE LA VIDA</b><br>Pob: 500.0<br>Score: 0.04 (Muy Baja),-0.9109,-0.5042,1.4167,-1.4167
PARQUE DEL ESTE,-0.4514,-0.3966,-0.2218,1.2095,-0.1551,0.0351,-0.3168,-0.4858,-0.1939,-0.578,-0.1937,-0.2838,0.3244,-0.352,-0.9202,-0.4469,1.4447,-0.4167,-0.2758,0.9918,1.1801,0.8528,-0.4943,-0.2968,0.2968,1.1877,0.0847,-1.1835,-1.0215,-0.3214,0.5233,-31.4051586405003,-64.1455089911964,-1.5044,Tipo A (Infr 0.57 - NBI 4.5%),Muy Alta,<b>PARQUE DEL ESTE</b><br>Pob: 679.0<br>Score: 0.45 (Muy Alta),0.4055,1.2957,-1.3377,1.3372
PARQUE DON BOSCO,0.348,0.2552,-0.2218,-0.6112,-0.3525,-0.3118,-0.3168,1.9142,0.6382,-0.3864,0.9588,-0.2838,0.3244,-0.352,1.0733,-0.4469,-0.6041,0.7498,-0.2758,-0.4518,-0.3834,0.8528,2.0231,-0.2968,0.2968,-0.3871,0.0059,0.0351,-0.0345,-0.4374,-0.0407,-31.3884319827078,-64.272025814382,-0.4397,Tipo B (Infr 0.14 - NBI 3.0%),Media,<b>PARQUE DON BOSCO</b><br>Pob: 4691.0<br>Score: 0.16 (Media),1.6832,-0.6282,0.209,-0.2009
PARQUE FUTURA,-0.0186,-0.12,0.1135,0.7964,0.4372,0.0351,0.7551,-0.4858,-0.3788,-0.578,-0.2482,-0.2838,0.3244,-1.1845,0.5595,1.7934,0.5474,-0.4167,-0.2758,-0.6635,-0.2122,0.8528,-0.4943,-0.2968,0.2968,-0.3323,0.2848,-0.8519,-0.8194,-0.4677,-0.7456,-31.488906450635,-64.2529899700877,0.625,Tipo C (Infr 0.16 - NBI 14.4%),Media,<b>PARQUE FUTURA</b><br>Pob: 2851.0<br>Score: 0.17 (Media),0.4055,-0.5513,0.0819,-0.0727
PARQUE JORGE NEWBERY,-0.0071,-0.0044,-0.2828,-0.6077,-0.1551,0.0351,-0.3168,-0.4858,1.7478,-0.0031,0.3765,-0.2838,1.6826,-0.0225,0.5801,-0.4469,-0.2452,-0.4167,-0.2758,0.5408,0.206,0.8528,-0.4943,-0.2968,0.2968,0.0532,-0.1154,-0.1258,-0.1022,-0.3408,0.5233,-31.350399915226,-64.180513219248,-0.4397,Tipo B (Infr 0.14 - NBI 3.0%),Alta,<b>PARQUE JORGE NEWBERY</b><br>Pob: 2909.0<br>Score: 0.24 (Alta),0.4055,-0.4795,-0.4761,0.4815
PARQUE LATINO,-0.3264,-0.269,-0.3743,-0.7531,0.4372,0.382,0.3978,-0.4858,0.0835,0.5718,0.1763,-0.2838,0.3244,0.2724,-0.2464,1.0466,2.1027,-0.4167,-0.2758,0.369,0.3028,0.8528,-0.4943,-0.2968,0.2968,1.112,-0.2064,-0.5433,-0.424,-0.0397,-0.4185,-31.4596532315616,-64.2124548233494,-1.5044,Tipo A (Infr 0.57 - NBI 4.5%),Muy Alta,<b>PARQUE LATINO</b><br>Pob: 1306.0<br>Score: 0.44 (Muy Alta),0.4055,0.29,-1.2459,1.2436
PARQUE LICEO SECCION 1,0.1491,0.1028,0.0373,0.0093,-0.5499,-0.6587,-0.3168,-0.4858,-0.8411,-0.578,-0.5455,-0.2838,0.3244,-0.2653,0.8257,-0.4469,-0.7611,-0.4167,-0.2758,-0.9581,-0.3114,-1.1726,-0.4943,-0.2968,0.2968,-1.1752,1.146,-1.0648,-0.9212,-0.5185,-0.6046,-31.3497061993402,-64.1625303442315,-0.4397,Tipo B (Infr 0.14 - NBI 3.0%),Muy Baja,<b>PARQUE LICEO SECCION 1</b><br>Pob: 3693.0<br>Score: 0.01 (Muy Baja),-0.9109,-0.7221,1.5509,-1.531
PARQUE LICEO SECCION 2,0.9725,0.6006,0.7919,0.4649,-0.1551,0.0351,-0.3168,1.9142,0.2684,-0.3864,-0.5455,-0.2838,0.3244,-1.0111,1.6006,-0.4469,-0.5667,0.2843,-0.2758,-0.7663,-0.4889,0.8528,2.0231,-0.2968,0.2968,-0.7248,0.1817,0.263,-0.0183,-0.4853,0.5233,-31.3556278869882,-64.1620118927709,-0.4397,Tipo B (Infr 0.14 - NBI 3.0%),Baja,<b>PARQUE LICEO SECCION 2</b><br>Pob: 7826.0<br>Score: 0.09 (Baja),1.6832,-0.6937,0.9435,-0.9283
PARQUE LICEO SECCION 3,0.5277,0.2777,0.8453,1.1209,2.0165,2.4634,1.1124,1.9142,1.2855,-0.0031,2.0688,-0.2838,0.3244,-1.0458,1.2539,0.7031,0.9736,0.5636,-0.2758,-0.3552,-0.4256,0.8528,2.0231,-0.2968,0.2968,0.4006,0.1211,-0.0636,-0.2566,-0.3954,-0.0407,-31.3552182265341,-64.1513432642662,0.625,Tipo C (Infr 0.16 - NBI 14.4%),Alta,<b>PARQUE LICEO SECCION 3</b><br>Pob: 5593.0<br>Score: 0.30 (Alta),1.6832,-0.5645,-0.8433,0.8453
PARQUE LOS MOLINOS,-0.4145,-0.3614,-0.359,-0.5155,-0.5499,-0.6587,-0.3168,-0.4858,0.3609,0.5718,-0.3089,-0.2838,-1.0337,-0.1612,-0.6716,-0.4469,-0.7611,-0.4167,-0.2758,1.6224,-0.6477,-1.1726,-0.4943,-0.2968,0.2968,0.4972,-0.3034,-0.2821,-0.2611,0.1884,-0.6046,-31.4561025121088,-64.2008967897547,1.6898,Tipo D (Infr 0.40 - NBI 2.8%),Alta,<b>PARQUE LOS MOLINOS</b><br>Pob: 864.0<br>Score: 0.32 (Alta),-0.9109,0.4069,-0.9281,0.9284
PARQUE MODELO,-0.487,-0.3966,-0.4048,-0.9179,-0.5499,-0.6587,-0.3168,-0.4858,-0.3788,-0.1947,-0.5455,-0.2838,0.3244,1.4691,-1.235,-0.4469,-0.7611,-0.4167,-0.2758,1.1069,1.8341,-1.1726,-0.4943,-0.2968,0.2968,0.1633,-0.3338,-0.4514,-0.1697,0.3111,-0.6046,-31.3647142739498,-64.2510241394099,1.6898,Tipo D (Infr 0.40 - NBI 2.8%),Alta,<b>PARQUE MODELO</b><br>Pob: 500.0<br>Score: 0.26 (Alta),-0.9109,0.8547,-0.6385,0.634
PARQUE MONTECRISTO,-0.277,-0.2503,-0.359,-0.6892,0.0424,0.382,-0.3168,-0.4858,-0.3788,-0.3864,-0.3878,-0.2838,1.6826,-0.2653,-0.0669,-0.4469,0.682,-0.4167,-0.2758,-0.3506,0.9493,0.8528,-0.4943,-0.2968,0.2968,-0.0622,-0.2852,0.2683,0.1749,-0.1166,1.0872,-31.3886256093823,-64.1399659927481,-0.4397,Tipo B (Infr 0.14 - NBI 3.0%),Media,<b>PARQUE MONTECRISTO</b><br>Pob: 1554.0<br>Score: 0.22 (Media),0.4055,-0.303,-0.3066,0.3118
PARQUE REPUBLICA,0.8901,0.517,1.1273,0.9968,0.832,1.7696,-0.3168,1.9142,0.3609,-0.3864,-0.1876,2.8315,0.3244,-1.1151,1.5449,-0.4469,-0.0583,0.3226,3.4073,-0.731,-0.4802,0.8528,2.0231,3.369,0.2968,0.0806,0.1939,0.1463,-0.1258,-0.4321,3.3431,-31.4161294813208,-64.258582064065,0.625,Tipo C (Infr 0.16 - NBI 14.4%),Alta,<b>PARQUE REPUBLICA</b><br>Pob: 7412.0<br>Score: 0.24 (Alta),1.6832,-0.6298,-0.5114,0.5162
PARQUE SAN CARLOS,-0.4374,-0.3796,-0.3895,-0.7637,-0.3525,-0.3118,-0.3168,-0.4858,-0.2864,-0.3864,-0.5273,-0.2838,-1.0337,-0.1265,-0.8191,-0.4469,0.2408,-0.4167,-0.2758,0.5975,-0.6477,0.8528,-0.4943,-0.2968,0.2968,0.3324,-0.3398,0.1318,0.0974,0.5054,-0.0407,-31.4494274723584,-64.1599280417188,1.6898,Tipo D (Infr 0.40 - NBI 2.8%),Alta,<b>PARQUE SAN CARLOS</b><br>Pob: 749.0<br>Score: 0.29 (Alta),0.4055,0.4563,-0.7303,0.7344
PARQUE SAN VICENTE,-0.3223,-0.2586,-0.3819,-0.7992,-0.5499,-0.6587,-0.3168,-0.4858,0.7307,0.5718,0.3462,-0.2838,-1.0337,0.4285,-0.2299,-0.4469,-0.7611,-0.4167,-0.2758,1.156,-0.6477,-1.1726,-0.4943,-0.2968,0.2968,0.1949,-0.2913,0.1085,0.2036,-0.0006,-0.6046,-31.4249959692642,-64.1373491487954,1.6898,Tipo D (Infr 0.40 - NBI 2.8%),Alta,<b>PARQUE SAN VICENTE</b><br>Pob: 1327.0<br>Score: 0.27 (Alta),-0.9109,-0.1195,-0.6668,0.6686
PARQUE SARMIENTO,-0.487,-0.3966,-0.4048,-0.9179,0.0424,0.382,-0.3168,-0.4858,-0.3788,1.53,4.9803,-0.2838,-1.0337,1.4691,-1.235,-0.4469,2.8306,-0.4167,-0.2758,1.1069,-0.6477,0.8528,-0.4943,-0.2968,0.2968,1.9528,-0.4005,-1.3516,-1.1573,-0.5199,1.0872,-31.4328801293591,-64.1789078506441,-1.5044,Tipo A (Infr 0.57 - NBI 4.5%),Muy Alta,<b>PARQUE SARMIENTO</b><br>Pob: 500.0<br>Score: 0.59 (Muy Alta),0.4055,2.892,-1.5284,1.5207
PARQUE TABLADA,-0.3912,-0.329,-0.3972,-0.863,-0.5499,-0.6587,-0.3168,-0.4858,0.4533,-0.0031,-0.3635,-0.2838,0.3244,0.2377,-0.5405,-0.4469,-0.7611,-0.4167,-0.2758,1.4613,0.6167,-1.1726,-0.4943,-0.2968,0.2968,0.3925,-0.2549,-0.5421,-0.4263,-0.0764,-0.6046,-31.3871781770563,-64.2312408178758,1.6898,Tipo D (Infr 0.40 - NBI 2.8%),Alta,<b>PARQUE TABLADA</b><br>Pob: 981.0<br>Score: 0.30 (Alta),-0.9109,0.2105,-0.8292,0.8314
PARQUE VELEZ SARSFIELD,0.02,0.0456,-0.3438,-0.7761,-0.3525,-0.3118,-0.3168,-0.4858,0.1759,-0.1947,5.6172,-0.2838,0.3244,0.255,0.6276,-0.4469,-0.5144,-0.4167,-0.2758,-0.3859,-0.2407,0.8528,-0.4943,-0.2968,0.2968,-0.6813,-0.0063,-0.4238,-0.3183,-0.4645,-0.0407,-31.4411595485323,-64.2040025565823,-0.4397,Tipo B (Infr 0.14 - NBI 3.0%),Baja,<b>PARQUE VELEZ SARSFIELD</b><br>Pob: 3045.0<br>Score: 0.10 (Baja),0.4055,-0.628,0.9011,-0.8867
PASO DE LOS ANDES,-0.0828,-0.0105,-0.2142,-0.4269,0.6346,0.382,0.7551,-0.4858,0.0835,2.6798,0.8981,2.8315,-1.0337,0.7233,0.4356,1.42,1.011,-0.4167,3.9761,-0.3138,-0.6477,0.8528,-0.4943,3.369,0.2968,0.7222,-0.17,-0.0335,0.132,-0.1828,-0.6046,-31.4159538702898,-64.203280297451,-0.4397,Tipo B (Infr 0.14 - NBI 3.0%),Muy Alta,<b>PASO DE LOS ANDES</b><br>Pob: 2529.0<br>Score: 0.36 (Muy Alta),0.4055,-0.2912,-1.0764,1.0774
PATRIA,-0.23,-0.1546,-0.3667,-0.7797,-0.1551,-0.6587,0.3978,-0.4858,0.7307,0.7634,-0.5455,-0.2838,-1.0337,0.7407,0.0796,3.2869,0.0763,-0.4167,-0.2758,0.5868,-0.6477,0.8528,-0.4943,-0.2968,0.2968,0.2433,-0.2489,0.0665,0.2332,-0.1331,-0.9825,-31.4090264654307,-64.1601858045219,-0.4397,Tipo B (Infr 0.14 - NBI 3.0%),Alta,<b>PATRIA</b><br>Pob: 1790.0<br>Score: 0.27 (Alta),0.4055,-0.2622,-0.695,0.6963
PATRICIOS,0.3559,0.2634,0.1059,-0.0687,0.6346,1.4227,-0.3168,-0.4858,-0.2864,-0.578,2.2811,5.9468,0.3244,-0.3347,1.0816,-0.4469,0.1885,-0.4167,3.9761,-0.7817,-0.3859,0.8528,-0.4943,3.369,0.2968,0.0086,-0.0972,0.5224,0.3636,-0.3573,2.7791,-31.3756246362009,-64.1380411944225,-0.4397,Tipo B (Infr 0.14 - NBI 3.0%),Alta,<b>PATRICIOS</b><br>Pob: 4731.0<br>Score: 0.23 (Alta),0.4055,-0.5815,-0.4054,0.4088
PATRICIOS ESTE,-0.0786,-0.1475,-0.016,0.4667,-0.3525,-0.3118,-0.3168,1.9142,-0.9336,-0.578,-0.4848,-0.2838,0.3244,-1.0284,0.4439,-0.4469,-0.4695,1.7301,-0.2758,-0.9811,-0.1613,0.8528,2.0231,-0.2968,0.2968,-0.3425,-0.2367,0.5189,0.1564,-0.3045,-0.0407,-31.3664999296539,-64.1349339830755,-0.4397,Tipo B (Infr 0.14 - NBI 3.0%),Media,<b>PATRICIOS ESTE</b><br>Pob: 2550.0<br>Score: 0.17 (Media),1.6832,-0.5325,0.1031,-0.1004
PATRICIOS NORTE,-0.23,-0.2399,-0.1075,0.5075,-0.5499,-0.6587,-0.3168,-0.4858,0.2684,0.1885,0.8314,-0.2838,0.3244,-0.7683,0.0796,-0.4469,-0.7611,-0.4167,-0.2758,0.1588,0.0459,-1.1726,-0.4943,-0.2968,0.2968,-0.4515,-0.2913,0.618,0.3062,-0.2364,-0.6046,-31.3665348992504,-64.1397902544819,-0.4397,Tipo B (Infr 0.14 - NBI 3.0%),Baja,<b>PATRICIOS NORTE</b><br>Pob: 1790.0<br>Score: 0.14 (Baja),-0.9109,-0.4831,0.3785,-0.3671
PATRICIOS OESTE,0.4516,0.2469,0.4642,0.5571,0.0424,0.382,-0.3168,-0.4858,0.4533,0.3802,-0.2846,-0.2838,0.3244,-0.907,1.1817,-0.4469,-0.3274,-0.4167,-0.2758,-0.57,-0.4095,0.8528,-0.4943,-0.2968,0.2968,-0.7076,-0.0912,0.6721,0.3018,-0.4529,1.0872,-31.366869744123,-64.144607787169,0.625,Tipo C (Infr 0.16 - NBI 14.4%),Baja,<b>PATRICIOS OESTE</b><br>Pob: 5211.0<br>Score: 0.10 (Baja),0.4055,-0.6734,0.9294,-0.9144
PIEDRAS BLANCAS,-0.487,-0.3966,-0.4048,-0.9179,-0.5499,-0.6587,-0.3168,-0.4858,-0.5637,-0.578,-0.5455,-0.2838,-1.0337,1.4691,-1.235,-0.4469,-0.7611,-0.4167,-0.2758,0.4932,-0.6477,-1.1726,-0.4943,-0.2968,0.2968,-0.2346,-0.3762,1.1241,1.5585,1.1125,-0.6046,-31.4828367695047,-64.1625623852958,-0.4397,Tipo B (Infr 0.14 - NBI 3.0%),Media,<b>PIEDRAS BLANCAS</b><br>Pob: 500.0<br>Score: 0.19 (Media),-0.9109,0.4017,-0.0664,0.0659
POETA LUGONES,0.9751,0.9185,-0.2981,-0.8222,0.832,1.4227,0.0405,-0.4858,1.8402,0.1885,5.4716,-0.2838,0.3244,0.2724,1.6027,0.087,-0.0956,-0.4167,-0.2758,-0.435,-0.4889,0.8528,-0.4943,-0.2968,0.2968,-0.5047,0.5213,-0.3302,-0.2314,-0.4885,0.8053,-31.3609843553083,-64.2119307156898,-0.4397,Tipo B (Infr 0.14 - NBI 3.0%),Baja,<b>POETA LUGONES</b><br>Pob: 7839.0<br>Score: 0.13 (Baja),0.4055,-0.6778,0.4491,-0.4399
POLICARPIO CABRAL,-0.4836,-0.3966,-0.3667,-0.4747,-0.5499,-0.6587,-0.3168,-0.4858,-0.1014,-0.3864,-0.5455,-0.2838,-1.0337,1.2436,-1.2009,-0.4469,-0.7611,-0.4167,-0.2758,1.9261,-0.6477,-1.1726,-0.4943,-0.2968,0.2968,0.6937,-0.358,0.1112,0.3946,1.2838,-0.6046,-31.4365154316367,-64.1379006955884,1.6898,Tipo D (Infr 0.40 - NBI 2.8%),Muy Alta,<b>POLICARPIO CABRAL</b><br>Pob: 517.0<br>Score: 0.36 (Muy Alta),-0.9109,1.3866,-1.0411,1.0427
POLICIAL,1.2782,0.8267,1.9734,1.3638,-0.5499,-0.6587,-0.3168,1.9142,-0.8411,-0.578,-0.1512,-0.2838,0.3244,-0.9764,1.7853,-0.4469,-0.7611,0.1693,-0.2758,-1.0087,-0.5149,-1.1726,2.0231,-0.2968,0.2968,-1.0163,0.0847,0.9657,0.4885,-0.5022,-0.6046,-31.31551981250325,-64.2649630981434,0.625,Tipo C (Infr 0.16 - NBI 14.4%),Muy Baja,<b>POLICIAL</b><br>Pob: 9360.0<br>Score: 0.04 (Muy Baja),0.4055,-0.7174,1.3955,-1.3786
PORTAL DE CORDOBA,-0.1416,-0.2124,-0.2523,-0.2549,-0.5499,-0.6587,-0.3168,-0.4858,-0.7487,-0.578,-0.315,-0.2838,-1.0337,-1.3233,0.3077,-0.4469,-0.7611,-0.4167,-0.2758,-0.8354,-0.6477,-1.1726,-0.4943,-0.2968,0.2968,-1.0958,-0.2549,0.492,0.0535,-0.4836,-0.6046,-31.4442984208467,-64.1094454944293,-0.4397,Tipo B (Infr 0.14 - NBI 3.0%),Muy Baja,<b>PORTAL DE CORDOBA</b><br>Pob: 2234.0<br>Score: 0.02 (Muy Baja),-0.9109,-0.6964,1.5015,-1.4825
PORTAL DEL JACARANDA,-0.487,-0.3966,-0.3895,-0.7407,-0.3525,-0.6587,0.0405,-0.4858,-0.1939,-0.1947,-0.5455,-0.2838,-1.0337,1.4691,-1.235,3.2869,0.7343,-0.4167,-0.2758,1.7206,-0.6477,0.8528,-0.4943,-0.2968,0.2968,1.3058,-0.3459,-0.2513,0.0497,1.3296,-0.8866,-31.3439690435074,-64.2889913814107,1.6898,Tipo D (Infr 0.40 - NBI 2.8%),Muy Alta,<b>PORTAL DEL JACARANDA</b><br>Pob: 500.0<br>Score: 0.47 (Muy Alta),0.4055,2.1555,-1.3518,1.351
POSTA DE VARGAS,-0.4434,-0.3966,-0.3667,-0.4747,0.0424,0.382,-0.3168,-0.4858,-0.6562,-0.3864,-0.5273,-0.2838,0.3244,-0.6468,-0.8614,-0.4469,2.3569,-0.4167,-0.2758,-0.1879,1.0784,0.8528,-0.4943,-0.2968,0.2968,0.8773,-0.3519,0.4284,0.2006,1.2091,1.0872,-31.4798946482734,-64.1941605174631,-1.5044,Tipo A (Infr 0.57 - NBI 4.5%),Muy Alta,<b>POSTA DE VARGAS</b><br>Pob: 719.0<br>Score: 0.39 (Muy Alta),0.4055,0.9373,-1.1682,1.1674
PRIMERA JUNTA,-0.4306,-0.3675,-0.3819,-0.707,-0.5499,-0.6587,-0.3168,-0.4858,-0.1014,-0.0031,-0.5455,-0.2838,0.3244,0.1336,-0.7737,-0.4469,-0.7611,-0.4167,-0.2758,0.9182,0.9369,-1.1726,-0.4943,-0.2968,0.2968,0.0408,-0.3398,0.1992,0.2169,0.3139,-0.6046,-31.4262217020123,-64.2277644708514,1.6898,Tipo D (Infr 0.40 - NBI 2.8%),Alta,<b>PRIMERA JUNTA</b><br>Pob: 783.0<br>Score: 0.24 (Alta),-0.9109,0.1928,-0.4478,0.4538
PROVIDENCIA,0.4091,0.5143,0.7233,0.495,-0.5499,-0.6587,-0.3168,-0.4858,1.7478,3.2547,1.9111,-0.2838,0.3244,0.9661,1.1383,-0.4469,-0.7611,-0.4167,-0.2758,-0.1204,-0.3995,-1.1726,-0.4943,-0.2968,0.2968,-0.6324,-0.0305,0.2712,0.4953,-0.4557,-0.6046,-31.4007885482133,-64.2007718428186,-0.4397,Tipo B (Infr 0.14 - NBI 3.0%),Baja,<b>PROVIDENCIA</b><br>Pob: 4998.0<br>Score: 0.11 (Baja),-0.9109,-0.6624,0.7104,-0.7274
PUENTE BLANCO,-0.3561,-0.3119,-0.2981,-0.2177,-0.5499,-0.6587,-0.3168,-0.4858,-0.5637,-0.3864,-0.133,-0.2838,0.3244,-0.1612,-0.3713,-0.4469,-0.7611,-0.4167,-0.2758,-0.3782,0.4244,-1.1726,-0.4943,-0.2968,0.2968,-0.7994,-0.2913,-0.0786,-0.0891,-0.3633,-0.6046,-31.4102088438482,-64.2354259890449,-0.4397,Tipo B (Infr 0.14 - NBI 3.0%),Muy Baja,<b>PUENTE BLANCO</b><br>Pob: 1157.0<br>Score: 0.08 (Muy Baja),-0.9109,-0.519,1.0777,-1.0634
QUEBRADA DE LAS ROSAS,0.378,0.3201,-0.2523,-0.6822,0.0424,0.382,-0.3168,-0.4858,0.9156,0.5718,2.8998,-0.2838,-1.0337,-0.0918,1.1053,-0.4469,-0.2975,-0.4167,-0.2758,-0.3751,-0.6477,0.8528,-0.4943,-0.2968,0.2968,-0.5664,0.5759,-0.756,-0.6502,-0.4927,1.0872,-31.3911204679379,-64.2557636529928,-0.4397,Tipo B (Infr 0.14 - NBI 3.0%),Baja,<b>QUEBRADA DE LAS ROSAS</b><br>Pob: 4842.0<br>Score: 0.12 (Baja),0.4055,-0.6525,0.548,-0.5369
QUINTA SANTA ANA,-0.4575,-0.3735,-0.4048,-0.9179,-0.5499,-0.6587,-0.3168,-0.4858,-0.6562,-0.1947,-0.4787,-0.2838,-1.0337,1.0008,-0.9687,-0.4469,-0.7611,-0.4167,-0.2758,-0.0944,-0.6477,-1.1726,-0.4943,-0.2968,0.2968,-0.6153,-0.3156,-0.4349,-0.2184,-0.2322,-0.6046,-31.4116430526547,-64.2041555793476,-0.4397,Tipo B (Infr 0.14 - NBI 3.0%),Baja,<b>QUINTA SANTA ANA</b><br>Pob: 648.0<br>Score: 0.11 (Baja),-0.9109,-0.1912,0.6328,-0.62
QUINTAS DE ARGUELLO,-0.4573,-0.3939,-0.3895,-0.7442,0.832,1.0758,0.3978,-0.4858,-0.1014,-0.1947,-0.5455,2.8315,0.3244,0.0122,-0.9667,0.621,2.8306,-0.4167,3.9761,1.3232,1.2645,0.8528,-0.4943,3.369,0.2968,2.6894,-0.3519,0.2551,0.2346,2.6961,-0.0407,-31.3400189964185,-64.2713056429599,-1.5044,Tipo A (Infr 0.57 - NBI 4.5%),Muy Alta,<b>QUINTAS DE ARGUELLO</b><br>Pob: 649.0<br>Score: 0.73 (Muy Alta),0.4055,2.7065,-1.6485,1.6454
QUINTAS DE FLORES,-0.487,-0.3966,-0.4048,-0.9179,-0.5499,-0.6587,-0.3168,-0.4858,-0.1014,-0.578,-0.5151,-0.2838,-1.0337,1.4691,-1.235,-0.4469,-0.7611,-0.4167,-0.2758,2.0274,-0.6477,-1.1726,-0.4943,-0.2968,0.2968,0.7598,-0.261,-0.9211,-0.6849,0.0477,-0.6046,-31.4894148301706,-64.1636669610672,1.6898,Tipo D (Infr 0.40 - NBI 2.8%),Muy Alta,<b>QUINTAS DE FLORES</b><br>Pob: 500.0<br>Score: 0.37 (Muy Alta),-0.9109,1.5338,-1.1046,1.0981
QUINTAS DE ITALIA,-0.487,-0.3966,-0.3819,-0.652,-0.5499,-0.6587,-0.3168,-0.4858,-1.026,-0.7696,-0.23,-0.2838,-1.0337,1.4691,-1.235,-0.4469,-0.7611,-0.4167,-0.2758,-1.0409,-0.6477,-1.1726,-0.4943,-0.2968,-3.369,-1.2289,-0.1518,-1.1101,-0.8923,-0.5199,-0.6046,-31.4979842970964,-64.177191210219,-0.4397,Tipo B (Infr 0.14 - NBI 3.0%),Muy Baja,<b>QUINTAS DE ITALIA</b><br>Pob: 500.0<br>Score: 0.00 (Muy Baja),-2.1885,-0.7304,1.5721,-1.6419
QUINTAS DE SAN JORGE,-0.2804,-0.3196,-0.0542,1.4808,-0.3525,-0.3118,-0.3168,1.9142,-0.6562,-0.3864,-0.3756,-0.2838,1.6826,-1.6354,-0.0782,-0.4469,-0.2751,3.1486,-0.2758,-0.6421,0.9667,0.8528,2.0231,-0.2968,0.2968,0.4387,-0.3459,2.0308,0.8946,0.6968,-0.0407,-31.3740431522688,-64.1306408255164,0.625,Tipo C (Infr 0.16 - NBI 14.4%),Alta,<b>QUINTAS DE SAN JORGE</b><br>Pob: 1537.0<br>Score: 0.31 (Alta),1.6832,-0.1127,-0.8716,0.873
RAMON J CARCANO,-0.182,-0.214,-0.0237,0.7486,0.0424,0.382,-0.3168,-0.4858,-0.4713,-0.0031,-0.2786,-0.2838,0.3244,-0.9243,0.2097,-0.4469,0.3455,-0.4167,-0.2758,-0.5884,-0.0372,0.8528,-0.4943,-0.2968,0.2968,-0.3844,0.5092,-1.0835,-0.9646,-0.4829,1.0872,-31.463692802931,-64.1376703606332,-0.4397,Tipo B (Infr 0.14 - NBI 3.0%),Media,<b>RAMON J CARCANO</b><br>Pob: 2031.0<br>Score: 0.16 (Media),0.4055,-0.4936,0.2019,-0.1939
RECREO DEL NORTE,-0.1818,-0.2388,0.0602,1.3035,-0.5499,-0.6587,-0.3168,-0.4858,-1.026,-0.7696,-0.4545,-0.2838,-1.0337,-1.3059,0.2097,-0.4469,-0.7611,-0.4167,-0.2758,-1.0409,-0.6477,-1.1726,-0.4943,-0.2968,-3.369,-1.2289,-0.0972,-0.5467,-0.6282,-0.5199,-0.6046,-31.3123539634767,-64.167325622174,0.625,Tipo C (Infr 0.16 - NBI 14.4%),Muy Baja,<b>RECREO DEL NORTE</b><br>Pob: 2032.0<br>Score: 0.00 (Muy Baja),-2.1885,-0.7304,1.5721,-1.6419
REMEDIOS DE ESCALADA,0.3229,0.1842,0.7386,1.1989,0.832,1.7696,-0.3168,-0.4858,-1.026,-0.7696,-0.4423,-0.2838,0.3244,-0.6989,1.0444,-0.4469,0.3829,-0.4167,-0.2758,-1.0409,-0.376,0.8528,-0.4943,-0.2968,-3.369,-0.6587,1.0793,-0.9811,-0.8777,-0.5044,3.3431,-31.3421300238043,-64.1869920177232,0.625,Tipo C (Infr 0.16 - NBI 14.4%),Baja,<b>REMEDIOS DE ESCALADA</b><br>Pob: 4565.0<br>Score: 0.11 (Baja),-0.9109,-0.6593,0.8235,-0.8105
RENACIMIENTO,-0.0035,-0.1222,0.1364,0.8833,-0.3525,-0.3118,-0.3168,-0.4858,0.1759,-0.578,-0.5333,-0.2838,0.3244,-1.3233,0.5863,-0.4469,-0.5069,-0.4167,-0.2758,-0.3598,-0.2233,0.8528,-0.4943,-0.2968,0.2968,-0.6609,-0.2428,0.8781,0.303,-0.3764,-0.0407,-31.4183241408712,-64.1212770221383,0.625,Tipo C (Infr 0.16 - NBI 14.4%),Baja,<b>RENACIMIENTO</b><br>Pob: 2927.0<br>Score: 0.11 (Baja),0.4055,-0.6199,0.8376,-0.8244
RENE FAVALORO,-0.385,-0.3438,-0.3972,-0.8577,0.0424,0.382,-0.3168,-0.4858,-0.5637,-0.578,1.074,-0.2838,0.3244,-0.404,-0.5085,-0.4469,1.4521,-0.4167,-0.2758,-0.2831,0.5783,0.8528,-0.4943,-0.2968,0.2968,0.3651,-0.3338,0.4705,0.3043,0.4317,1.0872,-31.4091999467218,-64.2319102857693,-0.4397,Tipo B (Infr 0.14 - NBI 3.0%),Alta,<b>RENE FAVALORO</b><br>Pob: 1012.0<br>Score: 0.30 (Alta),0.4055,0.1663,-0.8151,0.8176
RENE FAVALORO II,-0.2806,-0.2481,-0.3362,-0.5793,-0.5499,-0.6587,-0.3168,-0.4858,-0.6562,-0.3864,-0.5455,-0.2838,0.3244,-0.1612,-0.0782,-0.4469,-0.7611,-0.4167,-0.2758,-0.6421,0.1601,-1.1726,-0.4943,-0.2968,0.2968,-0.9707,-0.3034,0.5497,0.4382,-0.4138,-0.6046,-31.4488242294769,-64.2361423987957,-0.4397,Tipo B (Infr 0.14 - NBI 3.0%),Muy Baja,<b>RENE FAVALORO II</b><br>Pob: 1536.0<br>Score: 0.05 (Muy Baja),-0.9109,-0.6346,1.339,-1.3232
RES CHATEAU CARRERAS CO VI CO,-0.487,-0.3966,-0.4048,-0.9179,-0.5499,-0.6587,-0.3168,-0.4858,-0.5637,-0.3864,-0.5455,-0.2838,-1.0337,1.4691,-1.235,-0.4469,-0.7611,-0.4167,-0.2758,0.4932,-0.6477,-1.1726,-0.4943,-0.2968,0.2968,-0.2346,-0.3762,1.1241,1.5585,1.1125,-0.6046,-31.3911227810288,-64.2625812057562,-0.4397,Tipo B (Infr 0.14 - NBI 3.0%),Media,<b>RES CHATEAU CARRERAS CO VI CO</b><br>Pob: 500.0<br>Score: 0.19 (Media),-0.9109,0.4017,-0.0664,0.0659
RESIDENCIAL AMERICA,0.7829,0.6941,-0.0237,-0.512,0.6346,0.382,0.7551,-0.4858,0.1759,-0.0031,-0.1573,2.8315,0.3244,0.0469,1.4675,1.42,-0.1106,-0.4167,3.6801,-0.751,-0.4678,0.8528,-0.4943,3.369,0.2968,-0.1621,0.115,0.2501,0.2377,-0.4374,-0.6046,-31.3823716514569,-64.1618882993704,-0.4397,Tipo B (Infr 0.14 - NBI 3.0%),Media,<b>RESIDENCIAL AMERICA</b><br>Pob: 6874.0<br>Score: 0.20 (Media),0.4055,-0.642,-0.1794,0.1871
RESIDENCIAL ARAGON,-0.2442,-0.269,0.0144,1.3389,-0.5499,-0.6587,-0.3168,-0.4858,-0.5637,-0.578,-0.5151,-0.2838,-1.0337,-1.1151,0.0373,-0.4469,-0.7611,-0.4167,-0.2758,-0.5945,-0.6477,-1.1726,-0.4943,-0.2968,0.2968,-0.9395,-0.3156,1.0803,0.5187,-0.3841,-0.6046,-31.3715261997823,-64.1307766978515,0.625,Tipo C (Infr 0.16 - NBI 14.4%),Muy Baja,<b>RESIDENCIAL ARAGON</b><br>Pob: 1719.0<br>Score: 0.05 (Muy Baja),-0.9109,-0.6345,1.3178,-1.3059
RESIDENCIAL OLIVOS,-0.3932,-0.3356,-0.3743,-0.6892,-0.3525,-0.3118,-0.3168,-0.4858,-0.7487,-0.1947,0.1703,-0.2838,0.3244,0.0816,-0.5519,-0.4469,0.009,-0.4167,-0.2758,-0.5669,0.6304,0.8528,-0.4943,-0.2968,0.2968,-0.5379,-0.2792,-0.3901,-0.3127,-0.2928,-0.0407,-31.4327587703916,-64.2106558663057,-0.4397,Tipo B (Infr 0.14 - NBI 3.0%),Baja,<b>RESIDENCIAL OLIVOS</b><br>Pob: 971.0<br>Score: 0.13 (Baja),0.4055,-0.3253,0.5127,-0.5022
RESIDENCIAL SAN CARLOS,-0.0152,-0.0072,-0.2752,-0.5864,-0.5499,-0.6587,-0.3168,-0.4858,-0.009,0.5718,3.5306,5.9468,-1.0337,0.0296,0.5656,-0.4469,-0.7611,-0.4167,3.9761,-0.4518,-0.6477,-1.1726,-0.4943,3.369,0.2968,-0.2507,-0.1336,-0.0606,-0.0364,-0.3739,-0.6046,-31.4440185024215,-64.1657393867709,-0.4397,Tipo B (Infr 0.14 - NBI 3.0%),Media,<b>RESIDENCIAL SAN CARLOS</b><br>Pob: 2868.0<br>Score: 0.18 (Media),-0.9109,-0.5362,-0.0382,0.0451
RESIDENCIAL SAN JORGE,-0.1404,-0.1854,0.144,1.268,-0.1551,0.0351,-0.3168,-0.4858,-0.9336,-0.578,-0.3574,-0.2838,0.3244,-0.9417,0.3108,-0.4469,-0.0956,-0.4167,-0.2758,-0.9719,-0.0943,0.8528,-0.4943,-0.2968,0.2968,-0.8526,-0.3398,3.0849,2.0147,-0.2727,0.5233,-31.3688561270228,-64.12982377053319,0.625,Tipo C (Infr 0.16 - NBI 14.4%),Muy Baja,<b>RESIDENCIAL SAN JORGE</b><br>Pob: 2240.0<br>Score: 0.07 (Muy Baja),0.4055,-0.6347,1.219,-1.202
RESIDENCIAL SAN ROQUE,2.1147,1.3624,3.414,1.6953,1.0294,2.1165,-0.3168,1.9142,0.0835,-0.3864,0.0004,-0.2838,1.6826,-1.1151,2.1681,-0.4469,-0.32,-0.0115,-0.2758,-0.9044,-0.4641,0.8528,2.0231,-0.2968,0.2968,-0.7881,0.5517,0.3589,0.0183,-0.5015,3.907,-31.4270382314086,-64.2472947834154,0.625,Tipo C (Infr 0.16 - NBI 14.4%),Muy Baja,<b>RESIDENCIAL SAN ROQUE</b><br>Pob: 13559.0<br>Score: 0.08 (Muy Baja),1.6832,-0.7118,1.0636,-1.0495
RESIDENCIAL SANTA ANA,-0.2784,-0.2459,-0.3057,-0.4322,-0.5499,-0.6587,-0.3168,-0.4858,0.5458,0.3802,-0.5455,-0.2838,0.3244,-0.1612,-0.071,-0.4469,-0.7611,-0.4167,-0.2758,0.6451,0.1539,-1.1726,-0.4943,-0.2968,0.2968,-0.1363,-0.2246,-0.2951,-0.2695,-0.2724,-0.6046,-31.4238461538475,-64.2149551539217,-0.4397,Tipo B (Infr 0.14 - NBI 3.0%),Media,<b>RESIDENCIAL SANTA ANA</b><br>Pob: 1547.0<br>Score: 0.20 (Media),-0.9109,-0.3283,-0.2077,0.2148
RESIDENCIAL SANTA ROSA,-0.0405,-0.1145,-0.077,0.1511,0.6346,0.7289,0.3978,-0.4858,-0.3788,-0.3864,-0.5455,-0.2838,0.3244,-0.959,0.5182,0.7965,0.8764,-0.4167,-0.2758,-0.6497,-0.1948,0.8528,-0.4943,-0.2968,0.2968,-0.1594,-0.2307,0.5872,0.2258,-0.2692,-0.2268,-31.4776887498821,-64.2053354654748,-0.4397,Tipo B (Infr 0.14 - NBI 3.0%),Media,<b>RESIDENCIAL SANTA ROSA</b><br>Pob: 2741.0<br>Score: 0.20 (Media),0.4055,-0.5083,-0.1865,0.194
RESIDENCIAL SUD,-0.398,-0.3515,-0.3667,-0.6041,-0.3525,-0.3118,-0.3168,-0.4858,2.5799,1.1467,-0.3635,-0.2838,0.3244,-0.3,-0.5777,-0.4469,0.0315,-0.4167,-0.2758,2.6411,0.6627,0.8528,-0.4943,-0.2968,0.2968,1.5522,-0.2852,-0.3645,-0.3511,0.4412,-0.0407,-31.4663754728897,-64.2254447512096,1.6898,Tipo D (Infr 0.40 - NBI 2.8%),Muy Alta,<b>RESIDENCIAL SUD</b><br>Pob: 947.0<br>Score: 0.52 (Muy Alta),0.4055,0.9414,-1.4295,1.4238
RESIDENCIAL VELEZ SARSFIELD,0.0431,0.0506,-0.359,-0.8133,-0.1551,0.0351,-0.3168,-0.4858,0.2684,0.1885,1.7109,-0.2838,0.3244,0.0816,0.6657,-0.4469,-0.29,-0.4167,-0.2758,-0.3613,-0.2556,0.8528,-0.4943,-0.2968,0.2968,-0.5535,-0.1215,0.0094,0.0388,-0.4236,0.5233,-31.4488841804524,-64.2091247187554,-0.4397,Tipo B (Infr 0.14 - NBI 3.0%),Baja,<b>RESIDENCIAL VELEZ SARSFIELD</b><br>Pob: 3161.0<br>Score: 0.13 (Baja),0.4055,-0.6087,0.5339,-0.523
RIVADAVIA,0.032,0.0786,-0.2142,-0.5013,-0.5499,-0.6587,-0.3168,-0.4858,0.2684,1.3383,-0.321,-0.2838,0.3244,0.4805,0.6472,-0.4469,-0.7611,-0.4167,-0.2758,-0.349,-0.2482,-1.1726,-0.4943,-0.2968,0.2968,-0.7806,-0.1943,0.4571,0.5425,-0.4331,-0.6046,-31.432367391206,-64.1487458501079,-0.4397,Tipo B (Infr 0.14 - NBI 3.0%),Baja,<b>RIVADAVIA</b><br>Pob: 3105.0<br>Score: 0.08 (Baja),-0.9109,-0.6482,1.0353,-1.0253
RIVERA INDARTE,-0.2396,-0.2223,-0.2295,-0.129,-0.5499,-0.6587,-0.3168,-0.4858,-0.4713,-0.3864,1.2803,-0.2838,0.3244,-0.3173,0.0507,-0.4469,-0.7611,-0.4167,-0.2758,-0.5132,0.0646,-1.1726,-0.4943,-0.2968,0.2968,-0.8869,0.2545,-1.0322,-0.8972,-0.4991,-0.6046,-31.333982397703,-64.296330832545,-0.4397,Tipo B (Infr 0.14 - NBI 3.0%),Muy Baja,<b>RIVERA INDARTE</b><br>Pob: 1742.0<br>Score: 0.06 (Muy Baja),-0.9109,-0.6186,1.2755,-1.2608
ROCIO,-0.487,-0.3966,-0.4048,-0.9179,-0.5499,-0.6587,-0.3168,-0.4858,-0.7487,-0.578,-0.5455,-0.2838,0.3244,1.4691,-1.235,-0.4469,-0.7611,-0.4167,-0.2758,-0.1204,1.8341,-1.1726,-0.4943,-0.2968,0.2968,-0.6324,-0.4005,-1.3516,-1.1573,-0.5199,-0.6046,-31.3681724782991,-64.28048692984187,-0.4397,Tipo B (Infr 0.14 - NBI 3.0%),Baja,<b>ROCIO</b><br>Pob: 500.0<br>Score: 0.11 (Baja),-0.9109,-0.0512,0.7104,-0.7274
ROCIO DEL SUR,-0.487,-0.3966,-0.4048,-0.9179,-0.5499,-0.6587,-0.3168,-0.4858,-0.6562,-0.578,-0.5455,-0.2838,-1.0337,1.4691,-1.235,-0.4469,-0.7611,-0.4167,-0.2758,0.1864,-0.6477,-1.1726,-0.4943,-0.2968,0.2968,-0.4338,-0.3641,0.2989,0.6532,0.3502,-0.6046,-31.4868760584956,-64.1912693028927,-0.4397,Tipo B (Infr 0.14 - NBI 3.0%),Media,<b>ROCIO DEL SUR</b><br>Pob: 500.0<br>Score: 0.15 (Media),-0.9109,0.1749,0.2938,-0.3082
ROGELIO MARTINEZ,-0.3468,-0.2921,-0.3819,-0.7814,1.2269,2.4634,-0.3168,-0.4858,0.0835,0.5718,-0.4666,-0.2838,0.3244,0.151,-0.33,-0.4469,2.8306,-0.4167,-0.2758,0.4886,0.3835,0.8528,-0.4943,-0.2968,0.2968,1.5522,-0.2064,-0.6064,-0.4953,0.0509,4.471,-31.4382346065369,-64.1782006713031,-1.5044,Tipo A (Infr 0.57 - NBI 4.5%),Muy Alta,<b>ROGELIO MARTINEZ</b><br>Pob: 1204.0<br>Score: 0.52 (Muy Alta),0.4055,0.5846,-1.4295,1.4238
ROSEDAL,-0.1256,-0.0914,-0.359,-0.7779,-0.1551,0.0351,-0.3168,-0.4858,-0.9336,-0.578,0.5827,-0.2838,1.6826,0.1857,0.3438,-0.4469,-0.1181,-0.4167,-0.2758,-0.975,0.4244,0.8528,-0.4943,-0.2968,0.2968,-0.866,-0.1943,-0.0037,0.0488,-0.4497,0.5233,-31.4339776305225,-64.2262394291001,-0.4397,Tipo B (Infr 0.14 - NBI 3.0%),Muy Baja,<b>ROSEDAL</b><br>Pob: 2314.0<br>Score: 0.07 (Muy Baja),0.4055,-0.6411,1.2472,-1.2297
ROSEDAL ANEXO,-0.4041,-0.3482,-0.359,-0.5492,0.0424,0.382,-0.3168,-0.4858,-0.5637,-0.1947,-0.5455,-0.2838,1.6826,-0.0225,-0.6117,-0.4469,1.6914,-0.4167,-0.2758,-0.2033,2.0611,0.8528,-0.4943,-0.2968,0.2968,0.5359,-0.3156,-0.0558,-0.0399,0.3079,1.0872,-31.4394090528371,-64.2285738840511,-1.5044,Tipo A (Infr 0.57 - NBI 4.5%),Alta,<b>ROSEDAL ANEXO</b><br>Pob: 916.0<br>Score: 0.33 (Alta),0.4055,0.3664,-0.9351,0.9353
SACHI,-0.3768,-0.3664,-0.1914,1.0287,-0.1551,0.0351,-0.3168,-0.4858,-0.1014,-0.3864,-0.5333,-0.2838,0.3244,-1.2712,-0.4683,-0.4469,0.6596,-0.4167,-0.2758,0.4165,0.5311,0.8528,-0.4943,-0.2968,0.2968,0.4237,-0.3095,0.0387,-0.2339,0.2036,0.5233,-31.4537288140298,-64.2663075456171,0.625,Tipo C (Infr 0.16 - NBI 14.4%),Alta,<b>SACHI</b><br>Pob: 1053.0<br>Score: 0.31 (Alta),0.4055,0.163,-0.8645,0.866
SAN ANTONIO,-0.487,-0.3966,-0.3743,-0.5634,-0.5499,-0.6587,-0.3168,-0.4858,-0.009,-0.3864,-0.5333,-0.2838,0.3244,1.4691,-1.235,-0.4469,-0.7611,-0.4167,-0.2758,2.3342,1.8341,-1.1726,-0.4943,-0.2968,0.2968,0.9584,-0.2792,-0.8565,-0.6141,0.1983,-0.6046,-31.4744328449938,-64.1905169218078,1.6898,Tipo D (Infr 0.40 - NBI 2.8%),Muy Alta,<b>SAN ANTONIO</b><br>Pob: 500.0<br>Score: 0.41 (Muy Alta),-0.9109,1.76,-1.2106,1.2055
SAN CAYETANO,-0.487,-0.3966,-0.359,-0.3861,-0.5499,-0.6587,-0.3168,-0.4858,-0.1939,0.9551,-0.4605,-0.2838,-1.0337,1.4691,-1.235,-0.4469,-0.7611,-0.4167,-0.2758,1.7206,-0.6477,-1.1726,-0.4943,-0.2968,0.2968,0.5606,-0.3701,0.629,1.0153,1.8303,-0.6046,-31.4366816283972,-64.1435193646877,1.6898,Tipo D (Infr 0.40 - NBI 2.8%),Alta,<b>SAN CAYETANO</b><br>Pob: 500.0<br>Score: 0.33 (Alta),-0.9109,1.307,-0.9775,0.9665
SAN DANIEL,-0.3159,-0.2564,-0.3057,-0.4109,-0.5499,-0.6587,-0.3168,1.9142,-0.2864,1.3383,0.4129,-0.2838,0.3244,0.3417,-0.2052,-0.4469,-0.7611,3.2291,-0.2758,-0.1373,0.2656,-1.1726,2.0231,-0.2968,0.2968,0.5498,-0.2792,-0.0058,0.0784,0.064,-0.6046,-31.4489648668651,-64.2027069336836,-0.4397,Tipo B (Infr 0.14 - NBI 3.0%),Alta,<b>SAN DANIEL</b><br>Pob: 1359.0<br>Score: 0.33 (Alta),0.4055,0.0147,-0.9422,0.9423
SAN FELIPE,-0.078,-0.1398,-0.0694,0.2522,0.4372,1.0758,-0.3168,-0.4858,-0.6562,-0.1947,-0.4241,-0.2838,0.3244,-0.9417,0.4449,-0.4469,0.7044,-0.4167,-0.2758,-0.8001,-0.1613,0.8528,-0.4943,-0.2968,0.2968,-0.3425,0.0847,-0.7196,-0.7044,-0.4472,2.2152,-31.4567629225238,-64.136040573816,-0.4397,Tipo B (Infr 0.14 - NBI 3.0%),Media,<b>SAN FELIPE</b><br>Pob: 2553.0<br>Score: 0.17 (Media),0.4055,-0.5327,0.1031,-0.1004
SAN FERNANDO,0.229,0.38,0.0907,-0.2035,0.2398,0.0351,0.3978,-0.4858,-0.1939,-0.0031,0.9467,-0.2838,-1.0337,1.365,0.933,1.42,-0.0283,-0.4167,-0.2758,-0.7034,-0.6477,0.8528,-0.4943,-0.2968,0.2968,-0.6453,-0.0851,0.2077,0.5265,-0.4462,-0.6046,-31.4475771620013,-64.1904852101721,-0.4397,Tipo B (Infr 0.14 - NBI 3.0%),Baja,<b>SAN FERNANDO</b><br>Pob: 4094.0<br>Score: 0.11 (Baja),0.4055,-0.6492,0.7881,-0.7794
SAN FRANCISCO,-0.3629,-0.3075,-0.3895,-0.8204,-0.3525,-0.3118,-0.3168,-0.4858,-0.4713,-0.0031,0.2613,-0.2838,-1.0337,0.1163,-0.4012,-0.4469,-0.0956,-0.4167,-0.2758,-0.2217,-0.6477,0.8528,-0.4943,-0.2968,0.2968,-0.3667,-0.2428,-0.4962,-0.401,-0.302,-0.0407,-31.4261196823107,-64.2113739415651,-0.4397,Tipo B (Infr 0.14 - NBI 3.0%),Media,<b>SAN FRANCISCO</b><br>Pob: 1123.0<br>Score: 0.16 (Media),0.4055,-0.2933,0.1737,-0.1662
SAN IGNACIO,-0.0314,-0.0914,0.2202,1.0074,-0.3525,-0.3118,-0.3168,-0.4858,0.5458,-0.1947,0.5524,-0.2838,0.3244,-0.7683,0.5357,-0.4469,-0.4919,-0.4167,-0.2758,-0.1051,-0.2022,0.8528,-0.4943,-0.2968,0.2968,-0.4885,-0.1033,-0.2251,-0.3204,-0.4208,-0.0407,-31.3901313573677,-64.2483281769605,0.625,Tipo C (Infr 0.16 - NBI 14.4%),Baja,<b>SAN IGNACIO</b><br>Pob: 2787.0<br>Score: 0.14 (Baja),0.4055,-0.5791,0.435,-0.4226
SAN JAVIER,-0.2605,-0.2795,-0.1304,0.628,-0.1551,0.0351,-0.3168,-0.4858,-0.3788,-0.578,-0.4848,-0.2838,-1.0337,-1.0978,-0.0132,-0.4469,0.1511,-0.4167,-0.2758,-0.3843,-0.6477,0.8528,-0.4943,-0.2968,0.2968,-0.3489,0.3091,-1.0745,-0.9655,-0.4705,0.5233,-31.4556731937559,-64.1016938389538,-0.4397,Tipo B (Infr 0.14 - NBI 3.0%),Media,<b>SAN JAVIER</b><br>Pob: 1637.0<br>Score: 0.16 (Media),0.4055,-0.4244,0.1525,-0.142
SAN JOSE,-0.4775,-0.3966,-0.3895,-0.7407,-0.3525,-0.3118,-0.3168,-0.4858,0.3609,-0.0031,0.3401,-0.2838,0.3244,0.8621,-1.1411,-0.4469,0.5997,-0.4167,-0.2758,2.6411,1.6169,0.8528,-0.4943,-0.2968,0.2968,1.8352,-0.3156,-0.5764,-0.3813,0.9171,-0.0407,-31.3396643850959,-64.2892805257168,1.6898,Tipo D (Infr 0.40 - NBI 2.8%),Muy Alta,<b>SAN JOSE</b><br>Pob: 548.0<br>Score: 0.57 (Muy Alta),0.4055,2.4526,-1.5001,1.4965
SAN LORENZO,-0.1906,-0.1667,-0.2752,-0.4304,-0.1551,0.0351,-0.3168,1.9142,1.4704,0.7634,-0.1755,-0.2838,0.3244,-0.0745,0.1869,-0.4469,-0.0059,2.338,-0.2758,1.0425,-0.0236,0.8528,2.0231,-0.2968,0.2968,1.3992,-0.1821,-0.2579,-0.2249,-0.0404,0.5233,-31.4555850114127,-64.1104826929887,1.6898,Tipo D (Infr 0.40 - NBI 2.8%),Muy Alta,<b>SAN LORENZO</b><br>Pob: 1988.0<br>Score: 0.49 (Muy Alta),1.6832,0.0222,-1.3942,1.3926
SAN LORENZO NORTE,-0.487,-0.3966,-0.3667,-0.4747,-0.5499,-0.6587,-0.3168,-0.4858,-0.6562,-0.3864,-0.2604,-0.2838,0.3244,1.4691,-1.235,-0.4469,-0.7611,-0.4167,-0.2758,0.1864,1.8341,-1.1726,-0.4943,-0.2968,0.2968,-0.4338,-0.3701,0.629,1.0153,0.5244,-0.6046,-31.375034879287,-64.2167246301229,-0.4397,Tipo B (Infr 0.14 - NBI 3.0%),Media,<b>SAN LORENZO NORTE</b><br>Pob: 500.0<br>Score: 0.15 (Media),-0.9109,0.1749,0.2938,-0.3082
SAN LUIS DE FRANCIA,-0.487,-0.3966,-0.3743,-0.5634,-0.3525,-0.3118,-0.3168,-0.4858,-0.4713,-0.578,-0.4302,-0.2838,-1.0337,1.4691,-1.235,-0.4469,0.7343,-0.4167,-0.2758,0.8001,-0.6477,0.8528,-0.4943,-0.2968,0.2968,0.7093,-0.358,0.0631,0.3946,1.2983,-0.0407,-31.480037185052,-64.2537276188054,1.6898,Tipo D (Infr 0.40 - NBI 2.8%),Muy Alta,<b>SAN LUIS DE FRANCIA</b><br>Pob: 500.0<br>Score: 0.36 (Muy Alta),0.4055,1.4763,-1.0623,1.0635
SAN MARCELO,-0.487,-0.3966,-0.4048,-0.9179,-0.5499,-0.6587,-0.3168,-0.4858,0.2684,1.3383,-0.4969,-0.2838,-1.0337,1.4691,-1.235,-0.4469,-0.7611,-0.4167,-0.2758,2.6411,-0.6477,-1.1726,-0.4943,-0.2968,0.2968,1.1571,-0.3459,-0.2513,0.0497,1.221,-0.6046,-31.3625836463826,-64.2356214056744,1.6898,Tipo D (Infr 0.40 - NBI 2.8%),Muy Alta,<b>SAN MARCELO</b><br>Pob: 500.0<br>Score: 0.44 (Muy Alta),-0.9109,1.9861,-1.3236,1.2921
SAN MARTIN,2.0347,1.8905,1.173,-0.0758,3.5959,3.8511,2.5416,1.9142,0.7307,0.1885,3.8703,-0.2838,-1.0337,0.2724,2.1372,0.9757,0.4352,-0.0005,-0.2758,-0.82,-0.6477,0.8528,2.0231,-0.2968,0.2968,-0.3532,0.4789,0.4455,0.4752,-0.4804,-0.2888,-31.3938093272891,-64.196540458099,-0.4397,Tipo B (Infr 0.14 - NBI 3.0%),Media,<b>SAN MARTIN</b><br>Pob: 13157.0<br>Score: 0.16 (Media),1.6832,-0.6925,0.1596,-0.1524
SAN MARTIN ANEXO,0.0415,0.0863,-0.1228,-0.3098,-0.5499,-0.6587,-0.3168,-0.4858,0.0835,-0.1947,0.3765,-0.2838,-1.0337,0.4632,0.6626,-0.4469,-0.7611,-0.4167,-0.2758,-0.4564,-0.6477,-1.1726,-0.4943,-0.2968,0.2968,-0.8499,-0.1943,0.4851,0.5648,-0.4465,-0.6046,-31.3810124729714,-64.2031139721542,-0.4397,Tipo B (Infr 0.14 - NBI 3.0%),Muy Baja,<b>SAN MARTIN ANEXO</b><br>Pob: 3153.0<br>Score: 0.07 (Muy Baja),-0.9109,-0.6619,1.2048,-1.1881
SAN MARTIN NORTE,-0.1991,-0.1986,-0.1456,0.1582,-0.5499,-0.6587,-0.3168,1.9142,0.1759,0.5718,0.1218,-0.2838,-1.0337,-0.4734,0.1653,-0.4469,-0.7611,2.3983,-0.2758,-0.0161,-0.6477,-1.1726,2.0231,-0.2968,0.2968,0.3565,-0.261,0.3233,0.1652,-0.0672,-0.6046,-31.3727739384295,-64.2025244371434,-0.4397,Tipo B (Infr 0.14 - NBI 3.0%),Alta,<b>SAN MARTIN NORTE</b><br>Pob: 1945.0<br>Score: 0.30 (Alta),0.4055,-0.2663,-0.7656,0.7691
SAN NICOLAS,-0.1756,-0.1788,-0.0694,0.3904,-0.5499,-0.6587,-0.3168,-0.4858,-0.3788,-0.3864,0.6252,-0.2838,0.3244,-0.4561,0.2251,-0.4469,-0.7611,-0.4167,-0.2758,-0.5209,-0.0459,-1.1726,-0.4943,-0.2968,0.2968,-0.8918,-0.267,0.5056,0.3142,-0.4194,-0.6046,-31.3806758446016,-64.1513078024304,-0.4397,Tipo B (Infr 0.14 - NBI 3.0%),Muy Baja,<b>SAN NICOLAS</b><br>Pob: 2063.0<br>Score: 0.06 (Muy Baja),-0.9109,-0.6373,1.2896,-1.2712
SAN PABLO,-0.1503,-0.137,-0.2142,-0.2584,-0.5499,-0.6587,-0.3168,-0.4858,0.3609,0.3802,-0.1269,-0.2838,0.3244,-0.1439,0.287,-0.4469,-0.7611,-0.4167,-0.2758,0.01,-0.0806,-1.1726,-0.4943,-0.2968,0.2968,-0.5476,-0.2307,0.1975,0.1463,-0.3602,-0.6046,-31.4442248614309,-64.1609205677274,-0.4397,Tipo B (Infr 0.14 - NBI 3.0%),Baja,<b>SAN PABLO</b><br>Pob: 2190.0<br>Score: 0.13 (Baja),-0.9109,-0.5532,0.5198,-0.5126
SAN PEDRO NOLASCO,-0.391,-0.3609,-0.2066,0.8213,-0.3525,-0.3118,-0.3168,-0.4858,-0.1939,-0.578,-0.4545,-0.2838,1.6826,-0.7856,-0.5395,-0.4469,0.0016,-0.4167,-0.2758,0.3644,1.88,0.8528,-0.4943,-0.2968,0.2968,0.0618,-0.1518,-0.8773,-0.8062,-0.3133,-0.0407,-31.466073357489,-64.2402160055799,-0.4397,Tipo B (Infr 0.14 - NBI 3.0%),Alta,<b>SAN PEDRO NOLASCO</b><br>Pob: 982.0<br>Score: 0.24 (Alta),0.4055,0.0179,-0.4973,0.5023
SAN RAFAEL,0.4438,0.4273,-0.2523,-0.7087,0.4372,0.0351,0.7551,-0.4858,-0.1939,-0.3864,0.9831,-0.2838,-1.0337,0.2203,1.1734,1.7934,-0.0358,-0.4167,-0.2758,-0.774,-0.6477,0.8528,-0.4943,-0.2968,0.2968,-0.6947,-0.0063,0.2243,0.2616,-0.4659,-0.7456,-31.4254002097623,-64.2219912910859,-0.4397,Tipo B (Infr 0.14 - NBI 3.0%),Baja,<b>SAN RAFAEL</b><br>Pob: 5172.0<br>Score: 0.10 (Baja),0.4055,-0.6716,0.9223,-0.9075
SAN RAMON,-0.487,-0.3966,-0.3209,0.0571,0.0424,0.382,-0.3168,-0.4858,-0.7487,-0.578,-0.5455,-0.2838,-1.0337,1.4691,-1.235,-0.4469,2.8306,-0.4167,-0.2758,-0.1204,-0.6477,0.8528,-0.4943,-0.2968,0.2968,1.1571,0.2424,-1.2582,-1.0548,-0.3722,1.0872,-31.3408780235715,-64.1007723274352,-1.5044,Tipo A (Infr 0.57 - NBI 4.5%),Muy Alta,<b>SAN RAMON</b><br>Pob: 500.0<br>Score: 0.44 (Muy Alta),0.4055,1.9861,-1.3236,1.2921
SAN SALVADOR,-0.1681,-0.1502,-0.3743,-0.808,-0.5499,-0.6587,-0.3168,-0.4858,0.4533,0.9551,1.5108,-0.2838,0.3244,-0.1265,0.2447,-0.4469,-0.7611,-0.4167,-0.2758,0.1281,-0.0571,-1.1726,-0.4943,-0.2968,0.2968,-0.4714,-0.1943,-0.1277,-0.1221,-0.3736,-0.6046,-31.4009400687718,-64.2323869269285,-0.4397,Tipo B (Infr 0.14 - NBI 3.0%),Baja,<b>SAN SALVADOR</b><br>Pob: 2101.0<br>Score: 0.14 (Baja),-0.9109,-0.5251,0.4068,-0.3948
SAN VICENTE,3.0284,2.6468,1.8133,-0.0173,6.1623,7.3201,3.6135,-0.4858,2.8573,0.9551,1.1044,2.8315,0.3244,0.0122,2.4684,0.7629,0.6371,-0.4167,1.2247,-0.6866,-0.5795,0.8528,-0.4943,3.369,0.2968,-0.0918,1.1763,0.0306,0.0404,-0.4913,-0.0407,-31.4243205159937,-64.1539750599537,2.7545,Tipo E (Infr 0.11 - NBI 5.5%),Media,<b>SAN VICENTE</b><br>Pob: 18145.0<br>Score: 0.21 (Media),0.4055,-0.6947,-0.2571,0.2633
SANTA CECILIA,-0.3697,-0.3323,-0.0999,1.3194,-0.1551,0.0351,-0.3168,-0.4858,-0.3788,-0.1947,-0.3028,-0.2838,0.3244,-0.4214,-0.4332,-0.4469,0.6147,-0.4167,-0.2758,-0.0545,0.4914,0.8528,-0.4943,-0.2968,0.2968,0.0961,-0.3216,0.3075,0.1672,0.1493,0.5233,-31.3576320292659,-64.2277242696327,0.625,Tipo C (Infr 0.16 - NBI 14.4%),Alta,<b>SANTA CECILIA</b><br>Pob: 1089.0<br>Score: 0.25 (Alta),0.4055,-0.0377,-0.5396,0.5439
SANTA CLARA DE ASIS,-0.2202,-0.2421,-0.3438,-0.6236,0.0424,-0.6587,0.7551,-0.4858,-0.2864,-0.3864,0.6677,-0.2838,0.3244,-0.9243,0.1075,3.2869,0.4577,-0.4167,-0.2758,-0.3736,0.0273,0.8528,-0.4943,-0.2968,0.2968,-0.1889,-0.2792,0.4695,0.149,-0.1786,-1.0276,-31.3807288135085,-64.1407980125362,-0.4397,Tipo B (Infr 0.14 - NBI 3.0%),Media,<b>SANTA CLARA DE ASIS</b><br>Pob: 1839.0<br>Score: 0.19 (Media),0.4055,-0.4084,-0.13,0.1351
SANTA ISABEL ANEXO,-0.3155,-0.3262,-0.2218,0.3798,-0.1551,-0.6587,0.3978,-0.4858,-0.2864,-0.3864,-0.5455,-0.2838,-1.0337,-1.2886,-0.2031,3.2869,0.338,-0.4167,-0.2758,-0.1389,-0.6477,0.8528,-0.4943,-0.2968,0.2968,-0.0966,-0.2913,0.1459,-0.1675,-0.1067,-0.9825,-31.4762535311804,-64.246541585744,-0.4397,Tipo B (Infr 0.14 - NBI 3.0%),Media,<b>SANTA ISABEL ANEXO</b><br>Pob: 1361.0<br>Score: 0.21 (Media),0.4055,-0.2567,-0.2501,0.2564
SANTA ISABEL SECCION 1,0.1272,0.0506,-0.0618,-0.1308,-0.5499,-0.6587,-0.3168,1.9142,0.1759,0.3802,-0.5455,-0.2838,0.3244,-0.5601,0.7947,-0.4469,-0.7611,1.1113,-0.2758,-0.484,-0.3015,-1.1726,2.0231,-0.2968,0.2968,-0.3677,0.0786,-0.4533,-0.4608,-0.4483,-0.6046,-31.4706991572602,-64.2324062857146,-0.4397,Tipo B (Infr 0.14 - NBI 3.0%),Media,<b>SANTA ISABEL SECCION 1</b><br>Pob: 3583.0<br>Score: 0.16 (Media),0.4055,-0.5935,0.1808,-0.1732
SANTA ISABEL SECCION 2,0.6313,0.4549,0.3574,0.0961,-0.5499,-0.6587,-0.3168,1.9142,0.7307,0.1885,-0.5455,-0.2838,0.3244,-0.5081,1.3457,-0.4469,-0.7611,0.4814,-0.2758,-0.5638,-0.4442,-1.1726,2.0231,-0.2968,0.2968,-0.626,0.1393,0.0087,-0.0905,-0.4755,-0.6046,-31.4765694987008,-64.2314214735328,-0.4397,Tipo B (Infr 0.14 - NBI 3.0%),Baja,<b>SANTA ISABEL SECCION 2</b><br>Pob: 6113.0<br>Score: 0.11 (Baja),0.4055,-0.6742,0.6751,-0.6616
SANTA ISABEL SECCION 3,0.2197,0.0825,-0.016,-0.0741,1.8191,2.1165,1.1124,-0.4858,0.2684,-0.1947,0.0732,-0.2838,1.6826,-0.8723,0.9206,0.7965,1.4596,-0.4167,-0.2758,-0.5101,-0.0347,0.8528,-0.4943,-0.2968,0.2968,0.2218,-0.1033,0.2842,0.0299,-0.3256,-0.1535,-31.4780759649089,-64.2417721699096,-0.4397,Tipo B (Infr 0.14 - NBI 3.0%),Alta,<b>SANTA ISABEL SECCION 3</b><br>Pob: 4047.0<br>Score: 0.27 (Alta),0.4055,-0.5263,-0.6809,0.6825
SANTA RITA,-0.3585,-0.2894,-0.3057,-0.3347,-0.3525,-0.3118,-0.3168,1.9142,0.2684,0.1885,0.9527,-0.2838,-1.0337,0.5152,-0.3816,-0.4469,-0.1106,3.2291,-0.2758,0.8353,-0.6477,0.8528,2.0231,-0.2968,0.2968,1.5045,-0.3034,0.0657,0.1836,0.602,-0.0407,-31.4475111531909,-64.1726932933092,1.6898,Tipo D (Infr 0.40 - NBI 2.8%),Muy Alta,<b>SANTA RITA</b><br>Pob: 1145.0<br>Score: 0.51 (Muy Alta),1.6832,0.6286,-1.4083,1.4064
SARGENTO CABRAL,0.13,0.0764,0.1898,0.3869,-0.3525,-0.3118,-0.3168,1.9142,-0.1939,-0.0031,-0.3392,-0.2838,0.3244,-0.352,0.7988,-0.4469,-0.5518,1.1058,-0.2758,-0.6574,-0.3028,0.8528,2.0231,-0.2968,0.2968,-0.3779,-0.1821,0.6273,0.442,-0.3647,-0.0407,-31.3761553934638,-64.1930039660383,-0.4397,Tipo B (Infr 0.14 - NBI 3.0%),Media,<b>SARGENTO CABRAL</b><br>Pob: 3597.0<br>Score: 0.16 (Media),1.6832,-0.5957,0.1949,-0.187
SARMIENTO,-0.0872,-0.0748,-0.2752,-0.5332,0.4372,0.382,0.3978,-0.4858,0.0835,0.7634,-0.406,-0.2838,0.3244,-0.0398,0.4263,1.0466,0.7269,-0.4167,-0.2758,-0.3061,-0.1526,0.8528,-0.4943,-0.2968,0.2968,-0.0112,-0.2185,0.3035,0.264,-0.2533,-0.4185,-31.4301438218054,-64.1542666069568,-0.4397,Tipo B (Infr 0.14 - NBI 3.0%),Alta,<b>SARMIENTO</b><br>Pob: 2507.0<br>Score: 0.23 (Alta),0.4055,-0.4538,-0.3772,0.3811
SEP,-0.3796,-0.346,-0.3514,-0.4925,-0.1551,0.0351,-0.3168,-0.4858,-0.1939,0.3802,-0.3817,-0.2838,0.3244,-0.5948,-0.4817,-0.4469,0.6745,-0.4167,-0.2758,0.2876,0.546,0.8528,-0.4943,-0.2968,0.2968,0.3474,-0.3641,2.0781,1.486,1.2052,0.5233,-31.4590458861221,-64.1656905708457,-0.4397,Tipo B (Infr 0.14 - NBI 3.0%),Alta,<b>SEP</b><br>Pob: 1039.0<br>Score: 0.29 (Alta),0.4055,0.1333,-0.7586,0.7621
SEP SEGUNDA ETAPA,-0.0607,-0.0892,-0.2828,-0.5439,-0.5499,-0.6587,-0.3168,-0.4858,-0.4713,-0.1947,-0.5455,-0.2838,-1.0337,-0.4734,0.48,-0.4469,-0.7611,-0.4167,-0.2758,-0.6927,-0.6477,-1.1726,-0.4943,-0.2968,0.2968,-1.0034,-0.3095,2.1342,1.5911,-0.4212,-0.6046,-31.459818195198,-64.163901564558,-0.4397,Tipo B (Infr 0.14 - NBI 3.0%),Muy Baja,<b>SEP SEGUNDA ETAPA</b><br>Pob: 2640.0<br>Score: 0.04 (Muy Baja),-0.9109,-0.6817,1.3673,-1.3509
SMATA,-0.1302,-0.1772,-0.3895,-0.8594,0.2398,0.7289,-0.3168,-0.4858,-0.6562,-0.3864,-0.0663,-0.2838,1.6826,-0.9417,0.3335,-0.4469,0.5474,-0.4167,-0.2758,-0.7725,0.4356,0.8528,-0.4943,-0.2968,0.2968,-0.4032,-0.2185,0.1609,-0.0728,-0.339,1.6512,-31.4544018167226,-64.2235302714597,-0.4397,Tipo B (Infr 0.14 - NBI 3.0%),Media,<b>SMATA</b><br>Pob: 2291.0<br>Score: 0.15 (Media),0.4055,-0.5252,0.2443,-0.2355
SOLARES DE SANTA MARIA- ALTOS DE MANANTIALES,-0.4571,-0.3966,-0.3972,-0.8293,-0.5499,-0.6587,-0.3168,-0.4858,-1.026,-0.7696,-0.5455,-0.2838,0.3244,-0.1265,-0.9646,-0.4469,-0.7611,-0.4167,-0.2758,-1.0409,1.2608,-1.1726,-0.4943,-0.2968,-3.369,-1.2289,-0.4005,-1.3516,-1.1573,-0.5199,-0.6046,-31.4605760175949,-64.2244471605241,-0.4397,Tipo B (Infr 0.14 - NBI 3.0%),Muy Baja,<b>SOLARES DE SANTA MARIA- ALTOS DE MANANTIALES</b><br>Pob: 650.0<br>Score: 0.00 (Muy Baja),-2.1885,-0.7304,1.5721,-1.6419
SUAREZ,-0.0274,-0.0875,0.2584,1.1067,0.2398,0.7289,-0.3168,-0.4858,-0.3788,-0.3864,-0.3878,-0.2838,-1.0337,-0.7683,0.5429,-0.4469,0.3081,-0.4167,-0.2758,-0.6589,-0.6477,0.8528,-0.4943,-0.2968,0.2968,-0.4488,-0.1882,0.2368,0.0252,-0.3736,1.6512,-31.4386525402631,-64.2104488002246,0.625,Tipo C (Infr 0.16 - NBI 14.4%),Baja,<b>SUAREZ</b><br>Pob: 2807.0<br>Score: 0.15 (Baja),0.4055,-0.5722,0.3714,-0.3602
TABLADA PARK,-0.4376,-0.3609,-0.4048,-0.9179,-0.5499,-0.6587,-0.3168,-0.4858,-0.3788,1.3383,-0.4423,-0.2838,-1.0337,0.6713,-0.8202,-0.4469,-0.7611,-0.4167,-0.2758,0.395,-0.6477,-1.1726,-0.4943,-0.2968,0.2968,-0.2985,-0.2307,-0.8225,-0.6432,-0.3016,-0.6046,-31.371014347978,-64.2262528800577,-0.4397,Tipo B (Infr 0.14 - NBI 3.0%),Media,<b>TABLADA PARK</b><br>Pob: 748.0<br>Score: 0.17 (Media),-0.9109,-0.0223,0.0183,-0.0103
TALLERES ESTE,0.5175,0.4339,0.0449,-0.3063,0.2398,0.7289,-0.3168,-0.4858,0.6382,0.5718,-0.3574,-0.2838,1.6826,-0.1092,1.2446,-0.4469,-0.2228,-0.4167,-0.2758,-0.5423,-0.1998,0.8528,-0.4943,-0.2968,0.2968,-0.6378,-0.0366,0.4778,0.3907,-0.455,1.6512,-31.3889614484158,-64.1506644470621,-0.4397,Tipo B (Infr 0.14 - NBI 3.0%),Baja,<b>TALLERES ESTE</b><br>Pob: 5542.0<br>Score: 0.11 (Baja),0.4055,-0.6696,0.7811,-0.769
TALLERES OESTE,0.5938,0.5099,0.0678,-0.324,0.832,1.7696,-0.3168,-0.4858,1.4704,0.9551,-0.5455,-0.2838,-1.0337,-0.0572,1.3137,-0.4469,0.1212,-0.4167,-0.2758,-0.3414,-0.6477,0.8528,-0.4943,-0.2968,0.2968,-0.3361,0.4425,-0.5074,-0.4351,-0.4776,3.3431,-31.3901962264128,-64.1589426196123,-0.4397,Tipo B (Infr 0.14 - NBI 3.0%),Media,<b>TALLERES OESTE</b><br>Pob: 5925.0<br>Score: 0.17 (Media),0.4055,-0.6446,0.096,-0.0866
TALLERES SUD,0.1983,0.0583,0.7004,1.5854,-0.5499,-0.6587,-0.3168,-0.4858,-0.6562,-0.578,-0.4363,-0.2838,0.3244,-0.9417,0.8927,-0.4469,-0.7611,-0.4167,-0.2758,-0.8845,-0.3325,-1.1726,-0.4943,-0.2968,0.2968,-1.1275,-0.1094,0.2741,0.0048,-0.5061,-0.6046,-31.4395334252609,-64.1342425341031,0.625,Tipo C (Infr 0.16 - NBI 14.4%),Muy Baja,<b>TALLERES SUD</b><br>Pob: 3940.0<br>Score: 0.02 (Muy Baja),-0.9109,-0.7157,1.5297,-1.5103
TEJAS DEL SUR,-0.297,-0.2833,-0.3667,-0.6999,-0.5499,-0.6587,-0.3168,-0.4858,-1.026,-0.7696,-0.5273,-0.2838,-1.0337,-0.6295,-0.135,-0.4469,-0.7611,-0.4167,-0.2758,-1.0409,-0.6477,-1.1726,-0.4943,-0.2968,-3.369,-1.2289,-0.2307,-0.3231,-0.3697,-0.5199,-0.6046,-31.4623776512352,-64.1901622837599,-0.4397,Tipo B (Infr 0.14 - NBI 3.0%),Muy Baja,<b>TEJAS DEL SUR</b><br>Pob: 1454.0<br>Score: 0.00 (Muy Baja),-2.1885,-0.7304,1.5721,-1.6419
TEJAS II,-0.4498,-0.3966,-0.359,-0.3861,-0.5499,-0.6587,-0.3168,-0.4858,-0.9336,-0.578,-0.5455,-0.2838,-1.0337,-0.4214,-0.9079,-0.4469,-0.7611,-0.4167,-0.2758,-0.817,-0.6477,-1.1726,-0.4943,-0.2968,0.2968,-1.084,-0.1094,-1.0682,-0.9309,-0.5001,-0.6046,-31.4786597752331,-64.1992317699973,-0.4397,Tipo B (Infr 0.14 - NBI 3.0%),Muy Baja,<b>TEJAS II</b><br>Pob: 687.0<br>Score: 0.03 (Muy Baja),-0.9109,-0.6102,1.4944,-1.4756
TENIENTE BENJAMIN MATIENZO,0.7827,0.6375,-0.0618,-0.535,0.6346,0.0351,1.1124,-0.4858,0.5458,-0.0031,1.1165,-0.2838,0.3244,-0.2133,1.4675,2.0436,-0.1106,-0.4167,-0.2758,-0.662,-0.4678,0.8528,-0.4943,-0.2968,0.2968,-0.6593,0.1999,0.0234,-0.0161,-0.4821,-0.8302,-31.4413948429374,-64.2375452199026,-0.4397,Tipo B (Infr 0.14 - NBI 3.0%),Baja,<b>TENIENTE BENJAMIN MATIENZO</b><br>Pob: 6873.0<br>Score: 0.11 (Baja),0.4055,-0.6832,0.8305,-0.8175
TEODORO FELDS,0.119,0.1853,-0.3667,-0.847,-0.1551,-0.3118,0.0405,-0.4858,1.193,0.5718,1.4501,-0.2838,0.3244,0.6886,0.7834,1.42,-0.3424,-0.4167,-0.2758,-0.0008,-0.2978,0.8528,-0.4943,-0.2968,0.2968,-0.3463,0.0544,-0.4163,-0.2462,-0.4427,-0.6046,-31.400399552588,-64.249188644474,-0.4397,Tipo B (Infr 0.14 - NBI 3.0%),Media,<b>TEODORO FELDS</b><br>Pob: 3542.0<br>Score: 0.16 (Media),0.4055,-0.5885,0.1454,-0.135
TRANVIARIOS,-0.1394,-0.1106,-0.2828,-0.5244,-0.5499,-0.6587,-0.3168,-0.4858,0.8232,0.3802,-0.4727,-0.2838,0.3244,0.0989,0.3128,-0.4469,-0.7611,-0.4167,-0.2758,0.326,-0.0955,-1.1726,-0.4943,-0.2968,0.2968,-0.343,-0.2367,0.2952,0.2911,-0.3045,-0.6046,-31.4095065222609,-64.2281773518277,-0.4397,Tipo B (Infr 0.14 - NBI 3.0%),Media,<b>TRANVIARIOS</b><br>Pob: 2245.0<br>Score: 0.17 (Media),-0.9109,-0.5057,0.1243,-0.1177
UOCRA,-0.2069,-0.1865,-0.2142,-0.1556,0.0424,0.382,-0.3168,-0.4858,0.4533,-0.3864,-0.1148,-0.2838,0.3244,-0.1786,0.1436,-0.4469,0.4128,-0.4167,-0.2758,0.2462,0.0037,0.8528,-0.4943,-0.2968,0.2968,0.1901,-0.2125,-0.1339,-0.1375,-0.2191,1.0872,-31.3226062886296,-64.2653478417105,-0.4397,Tipo B (Infr 0.14 - NBI 3.0%),Alta,<b>UOCRA</b><br>Pob: 1906.0<br>Score: 0.26 (Alta),0.4055,-0.3065,-0.6597,0.6617
URCA,0.0724,0.0836,-0.26,-0.6041,0.4372,0.382,0.3978,-0.4858,0.1759,-0.1947,0.3462,-0.2838,-1.0337,0.151,0.7122,1.0466,0.3679,-0.4167,-0.2758,-0.438,-0.6477,0.8528,-0.4943,-0.2968,0.2968,-0.2754,-0.0002,-0.3589,-0.2742,-0.425,-0.4185,-31.3825291437329,-64.237176476034,-0.4397,Tipo B (Infr 0.14 - NBI 3.0%),Media,<b>URCA</b><br>Pob: 3308.0<br>Score: 0.18 (Media),0.4055,-0.5663,-0.0029,0.0104
URITORCO,-0.487,-0.3966,-0.3972,-0.8293,-0.5499,-0.6587,-0.3168,-0.4858,-0.1014,0.5718,-0.2968,-0.2838,-1.0337,1.4691,-1.235,-0.4469,-0.7611,-0.4167,-0.2758,2.0274,-0.6477,-1.1726,-0.4943,-0.2968,0.2968,0.7598,-0.3519,-0.1138,0.2006,1.1125,-0.6046,-31.4007024648215,-64.2348551534556,1.6898,Tipo D (Infr 0.40 - NBI 2.8%),Muy Alta,<b>URITORCO</b><br>Pob: 500.0<br>Score: 0.37 (Muy Alta),-0.9109,1.5338,-1.1046,1.0981
URQUIZA,0.5247,0.3525,0.8148,0.8975,-0.3525,-0.3118,-0.3168,1.9142,-0.6562,-0.3864,-0.4423,-0.2838,0.3244,-0.6122,1.2518,-0.4469,-0.6265,0.5636,-0.2758,-0.9305,-0.4256,0.8528,2.0231,-0.2968,0.2968,-0.7693,-0.0669,0.6571,0.3853,-0.4649,-0.0407,-31.438642250908,-64.1474823201876,0.625,Tipo C (Infr 0.16 - NBI 14.4%),Baja,<b>URQUIZA</b><br>Pob: 5578.0<br>Score: 0.09 (Baja),1.6832,-0.6834,1.0071,-0.9907
VALLE DEL CERRO,-0.447,-0.3878,-0.4048,-0.9179,-0.3525,-0.6587,0.0405,-0.4858,-0.5637,-0.3864,-0.1512,-0.2838,0.3244,-0.1265,-0.8872,3.2869,0.3081,-0.4167,-0.2758,0.0529,1.123,0.8528,-0.4943,-0.2968,0.2968,0.0129,-0.2549,-0.7731,-0.6684,-0.18,-0.8866,-31.3714184962642,-64.2403575253101,-0.4397,Tipo B (Infr 0.14 - NBI 3.0%),Alta,<b>VALLE DEL CERRO</b><br>Pob: 701.0<br>Score: 0.23 (Alta),0.4055,0.2781,-0.4196,0.4227
VASQUEZ,-0.487,-0.3966,-0.3057,0.2344,-0.5499,-0.6587,-0.3168,-0.4858,-0.6562,-0.578,-0.5455,-0.2838,-1.0337,1.4691,-1.235,-0.4469,-0.7611,-0.4167,-0.2758,0.1864,-0.6477,-1.1726,-0.4943,-0.2968,0.2968,-0.4338,-0.358,0.0631,0.3946,0.2261,-0.6046,-31.4814988423669,-64.1311415524934,-0.4397,Tipo B (Infr 0.14 - NBI 3.0%),Media,<b>VASQUEZ</b><br>Pob: 500.0<br>Score: 0.15 (Media),-0.9109,0.1749,0.2938,-0.3082
VICOR,-0.487,-0.3966,-0.3819,-0.652,0.0424,0.382,-0.3168,1.9142,-0.1014,-0.3864,-0.1087,-0.2838,1.6826,1.4691,-1.235,-0.4469,2.8306,3.2291,-0.2758,2.0274,4.3158,0.8528,2.0231,-0.2968,0.2968,3.7423,-0.3701,0.629,1.0153,6.0087,1.0872,-31.4779710996914,-64.2476088717772,-1.5044,Tipo A (Infr 0.57 - NBI 4.5%),Muy Alta,<b>VICOR</b><br>Pob: 500.0<br>Score: 0.93 (Muy Alta),1.6832,4.9294,-1.7261,1.7217
VILLA 4 DE AGOSTO,-0.2639,-0.3257,0.2126,3.4469,-0.5499,-0.6587,-0.3168,1.9142,-0.6562,-0.578,-0.5455,-0.2838,-1.0337,-1.9476,-0.0236,-0.4469,-0.7611,2.9624,-0.2758,-0.662,-0.6477,-1.1726,2.0231,-0.2968,0.2968,0.1225,-0.3398,1.8569,0.6297,0.3675,-0.6046,-31.3709389448169,-64.1908220088431,0.625,Tipo C (Infr 0.16 - NBI 14.4%),Alta,<b>VILLA 4 DE AGOSTO</b><br>Pob: 1620.0<br>Score: 0.25 (Alta),0.4055,-0.2555,-0.5891,0.5924
VILLA 9 DE JULIO,1.1491,0.8041,1.638,1.0766,-0.1551,0.0351,-0.3168,4.3143,-0.1014,-0.3864,2.3175,-0.2838,1.6826,-0.7162,1.712,-0.4469,-0.5891,0.8429,-0.2758,-0.8645,-0.3623,0.8528,2.0231,-0.2968,0.2968,-0.6169,0.8064,-0.4846,-0.5068,-0.4998,0.5233,-31.329018947509,-64.270839671136,0.625,Tipo C (Infr 0.16 - NBI 14.4%),Baja,<b>VILLA 9 DE JULIO</b><br>Pob: 8712.0<br>Score: 0.11 (Baja),1.6832,-0.6904,0.6398,-0.6269
VILLA ADELA,0.1473,0.0918,0.0221,-0.0049,1.4243,2.1165,0.3978,1.9142,0.2684,-0.1947,1.1408,-0.2838,0.3244,-0.352,0.8236,0.2999,1.2652,1.0674,-0.2758,-0.458,-0.3114,0.8528,2.0231,-0.2968,0.2968,0.6443,-0.079,0.0251,-0.0423,-0.2879,0.5233,-31.4354459009998,-64.247507386986,-0.4397,Tipo B (Infr 0.14 - NBI 3.0%),Alta,<b>VILLA ADELA</b><br>Pob: 3684.0<br>Score: 0.35 (Alta),1.6832,-0.4409,-1.0199,1.0219
VILLA ALBERDI,-0.1854,-0.2058,-0.0694,0.5075,-0.3525,-0.3118,-0.3168,-0.4858,0.3609,0.3802,-0.4787,-0.2838,-1.0337,-0.7509,0.2004,-0.4469,-0.3873,-0.4167,-0.2758,0.102,-0.6477,0.8528,-0.4943,-0.2968,0.2968,-0.3017,-0.2185,-0.022,-0.1669,-0.3168,-0.0407,-31.3934888286527,-64.2358376189342,-0.4397,Tipo B (Infr 0.14 - NBI 3.0%),Media,<b>VILLA ALBERDI</b><br>Pob: 2014.0<br>Score: 0.17 (Media),0.4055,-0.4683,0.0254,-0.0173
VILLA ALBERTO,-0.4121,-0.3966,-0.2142,1.2982,0.0424,0.382,-0.3168,-0.4858,-0.5637,-0.578,-0.5273,-0.2838,0.3244,-1.514,-0.6571,-0.4469,1.7961,-0.4167,-0.2758,-0.1649,0.7694,0.8528,-0.4943,-0.2968,0.2968,0.6132,-0.079,-1.0243,-0.9523,-0.2918,1.0872,-31.4161416393993,-64.2666051276845,-1.5044,Tipo A (Infr 0.57 - NBI 4.5%),Alta,<b>VILLA ALBERTO</b><br>Pob: 876.0<br>Score: 0.34 (Alta),0.4055,0.4667,-0.9987,0.9977
VILLA ALICIA RISLER,0.0234,-0.0682,0.3574,1.307,-0.1551,0.0351,-0.3168,-0.4858,-0.009,-0.578,-0.0299,-0.2838,0.3244,-0.959,0.6327,-0.4469,-0.2751,-0.4167,-0.2758,-0.4902,-0.2419,0.8528,-0.4943,-0.2968,0.2968,-0.6297,-0.1579,0.1645,-0.075,-0.4215,0.5233,-31.3114354632522,-64.1804311454914,0.625,Tipo C (Infr 0.16 - NBI 14.4%),Baja,<b>VILLA ALICIA RISLER</b><br>Pob: 3062.0<br>Score: 0.11 (Baja),0.4055,-0.619,0.7034,-0.6893
VILLA ALLENDE PARQUE,0.5293,0.325,0.6471,0.7007,0.0424,0.382,-0.3168,1.9142,1.6553,-0.1947,-0.0299,-0.2838,0.3244,-0.7856,1.256,-0.4469,-0.3573,0.5636,-0.2758,-0.2462,-0.4256,0.8528,2.0231,-0.2968,0.2968,-0.1916,0.394,-0.5048,-0.5304,-0.468,1.0872,-31.3138838412422,-64.2821735904198,0.625,Tipo C (Infr 0.16 - NBI 14.4%),Media,<b>VILLA ALLENDE PARQUE</b><br>Pob: 5601.0<br>Score: 0.19 (Media),1.6832,-0.6249,-0.1229,0.1282
VILLA ARGENTINA,-0.3942,-0.3345,-0.3819,-0.7478,-0.5499,-0.6587,-0.3168,-0.4858,-0.3788,-0.1947,0.0368,-0.2838,-1.0337,0.151,-0.557,-0.4469,-0.7611,-0.4167,-0.2758,0.0713,-0.6477,-1.1726,-0.4943,-0.2968,0.2968,-0.5079,-0.3216,0.1201,0.1505,-0.1557,-0.6046,-31.431052918483,-64.1354526357973,-0.4397,Tipo B (Infr 0.14 - NBI 3.0%),Baja,<b>VILLA ARGENTINA</b><br>Pob: 966.0<br>Score: 0.13 (Baja),-0.9109,-0.3054,0.4703,-0.4641
VILLA ASPACIA,-0.1246,-0.1728,-0.077,0.3373,-0.5499,-0.6587,-0.3168,-0.4858,-0.2864,-0.3864,-0.23,-0.2838,0.3244,-0.9243,0.3459,-0.4469,-0.7611,-0.4167,-0.2758,-0.5117,-0.1129,-1.1726,-0.4943,-0.2968,0.2968,-0.8859,-0.1518,-0.2314,-0.3531,-0.4649,-0.6046,-31.4430863044472,-64.2474522379448,-0.4397,Tipo B (Infr 0.14 - NBI 3.0%),Muy Baja,<b>VILLA ASPACIA</b><br>Pob: 2319.0<br>Score: 0.06 (Muy Baja),-0.9109,-0.6462,1.2684,-1.2505
VILLA AVALOS,-0.3149,-0.3141,0.266,3.5391,-0.5499,-0.6587,-0.3168,-0.4858,-1.026,-0.7696,-0.4423,-0.2838,1.6826,-1.0111,-0.201,-0.4469,-0.7611,-0.4167,-0.2758,-1.0409,1.1714,-1.1726,-0.4943,-0.2968,-3.369,-1.2289,0.0301,-0.9711,-0.8895,-0.5199,-0.6046,-31.4159890689732,-64.2431944869072,0.625,Tipo C (Infr 0.16 - NBI 14.4%),Muy Baja,<b>VILLA AVALOS</b><br>Pob: 1364.0<br>Score: 0.00 (Muy Baja),-2.1885,-0.7304,1.5721,-1.6419
VILLA AZALAIS,0.9435,0.7172,0.6623,0.1972,1.0294,1.4227,0.3978,1.9142,-0.2864,-0.578,-0.2179,-0.2838,0.3244,-0.4387,1.582,0.4866,0.0165,0.2952,-0.2758,-0.8814,-0.4864,0.8528,2.0231,-0.2968,0.2968,-0.5052,0.1332,0.3769,0.216,-0.4659,0.1454,-31.3733605910932,-64.1519055061196,-0.4397,Tipo B (Infr 0.14 - NBI 3.0%),Baja,<b>VILLA AZALAIS</b><br>Pob: 7680.0<br>Score: 0.13 (Baja),1.6832,-0.6767,0.4562,-0.4468
VILLA AZALAIS ANEXO,-0.487,-0.3966,-0.3057,0.2344,-0.5499,-0.6587,-0.3168,-0.4858,-0.8411,-0.3864,-0.5455,-0.2838,-1.0337,1.4691,-1.235,-0.4469,-0.7611,-0.4167,-0.2758,-0.4273,-0.6477,-1.1726,-0.4943,-0.2968,0.2968,-0.8311,-0.3216,-0.5899,-0.3216,-0.3189,-0.6046,-31.3651524446768,-64.1617435194703,-0.4397,Tipo B (Infr 0.14 - NBI 3.0%),Muy Baja,<b>VILLA AZALAIS ANEXO</b><br>Pob: 500.0<br>Score: 0.07 (Muy Baja),-0.9109,-0.2774,1.1271,-1.1292
VILLA AZALAIS OESTE,-0.3633,-0.3312,-0.2981,-0.1396,0.6346,1.4227,-0.3168,1.9142,-0.1939,-0.1947,-0.4787,-0.2838,-1.0337,-0.5254,-0.4033,-0.4469,2.8306,3.2291,-0.2758,0.191,-0.6477,0.8528,2.0231,-0.2968,0.2968,2.5525,-0.267,-0.3424,-0.3697,0.6087,2.7791,-31.3679277643136,-64.1748905214047,-1.5044,Tipo A (Infr 0.57 - NBI 4.5%),Muy Alta,<b>VILLA AZALAIS OESTE</b><br>Pob: 1121.0<br>Score: 0.70 (Muy Alta),1.6832,1.1899,-1.6273,1.6247
VILLA BELGRANO,0.4398,0.3481,-0.2218,-0.6449,1.4243,0.0351,2.5416,-0.4858,0.4533,-0.1947,1.9839,-0.2838,-1.0337,-0.2306,1.1693,2.5402,0.6895,-0.4167,-0.2758,-0.5638,-0.6477,0.8528,-0.4943,-0.2968,0.2968,-0.197,1.1702,-0.9577,-0.8314,-0.4938,-0.9825,-31.3593223550694,-64.2502732108312,-0.4397,Tipo B (Infr 0.14 - NBI 3.0%),Media,<b>VILLA BELGRANO</b><br>Pob: 5152.0<br>Score: 0.19 (Media),0.4055,-0.6163,-0.1159,0.1213
VILLA BUSTOS,-0.1445,-0.2107,0.0068,0.862,0.4372,1.0758,-0.3168,1.9142,-0.1014,-0.3864,-0.406,-0.2838,0.3244,-1.2712,0.3005,-0.4469,0.9213,2.0533,-0.2758,-0.349,-0.0881,0.8528,2.0231,-0.2968,0.2968,0.8661,-0.2064,0.0218,-0.2441,-0.0901,2.2152,-31.4380459286388,-64.1118196733192,0.625,Tipo C (Infr 0.16 - NBI 14.4%),Muy Alta,<b>VILLA BUSTOS</b><br>Pob: 2219.0<br>Score: 0.39 (Muy Alta),1.6832,-0.1929,-1.147,1.1466
VILLA CABRERA,0.6958,0.7783,-0.1914,-0.7052,1.0294,0.7289,1.1124,-0.4858,0.3609,1.7216,4.034,-0.2838,0.3244,0.8274,1.3994,1.42,0.1661,-0.4167,-0.2758,-0.6835,-0.4554,0.8528,-0.4943,-0.2968,0.2968,-0.5353,0.2848,-0.2234,-0.0344,-0.4797,-0.6046,-31.3873896225332,-64.2107766574213,-0.4397,Tipo B (Infr 0.14 - NBI 3.0%),Baja,<b>VILLA CABRERA</b><br>Pob: 6437.0<br>Score: 0.13 (Baja),0.4055,-0.669,0.5056,-0.4953
VILLA CENTENARIO,-0.1222,-0.0407,-0.3057,-0.6467,0.0424,0.382,-0.3168,-0.4858,-0.7487,0.9551,-0.4423,-0.2838,-1.0337,0.8274,0.351,-0.4469,0.2034,-0.4167,-0.2758,-0.843,-0.6477,0.8528,-0.4943,-0.2968,0.2968,-0.6201,-0.1033,-0.4094,-0.2184,-0.4384,1.0872,-31.3655136474965,-64.2308900849635,-0.4397,Tipo B (Infr 0.14 - NBI 3.0%),Baja,<b>VILLA CENTENARIO</b><br>Pob: 2331.0<br>Score: 0.11 (Baja),0.4055,-0.5817,0.6539,-0.6408
VILLA CLARET,-0.487,-0.3966,-0.3743,-0.5634,-0.3525,-0.6587,0.0405,-0.4858,-0.009,-0.0031,-0.4787,-0.2838,-1.0337,1.4691,-1.235,3.2869,0.7343,-0.4167,-0.2758,2.3342,-0.6477,0.8528,-0.4943,-0.2968,0.2968,1.7036,-0.3641,0.2989,0.6532,2.6894,-0.8866,-31.346764951577,-64.238479952604,1.6898,Tipo D (Infr 0.40 - NBI 2.8%),Muy Alta,<b>VILLA CLARET</b><br>Pob: 500.0<br>Score: 0.55 (Muy Alta),0.4055,2.6084,-1.479,1.4757
VILLA CLAUDINA,-0.487,-0.3966,-0.359,-0.3861,0.0424,0.382,-0.3168,-0.4858,-0.1939,-0.3864,-0.5455,-0.2838,-1.0337,1.4691,-1.235,-0.4469,2.8306,-0.4167,-0.2758,1.7206,-0.6477,0.8528,-0.4943,-0.2968,0.2968,2.3506,-0.3762,1.1241,1.5585,5.3562,1.0872,-31.3886748687489,-64.1225564917819,-1.5044,Tipo A (Infr 0.57 - NBI 4.5%),Muy Alta,<b>VILLA CLAUDINA</b><br>Pob: 500.0<br>Score: 0.67 (Muy Alta),0.4055,3.345,-1.599,1.5866
VILLA CORINA,0.3342,0.2486,0.1898,0.0891,0.832,-0.3118,1.827,-0.4858,0.3609,-0.3864,-0.315,-0.2838,0.3244,-0.3173,1.0578,2.753,0.3679,-0.4167,-0.2758,-0.5423,-0.3797,0.8528,-0.4943,-0.2968,0.2968,-0.343,-0.0548,0.2544,0.1511,-0.418,-1.005,-31.3753122407543,-64.1446975348582,-0.4397,Tipo B (Infr 0.14 - NBI 3.0%),Media,<b>VILLA CORINA</b><br>Pob: 4622.0<br>Score: 0.17 (Media),0.4055,-0.6212,0.1243,-0.1177
VILLA CORNU,0.8626,0.5429,0.6928,0.4206,0.0424,0.382,-0.3168,-0.4858,-1.026,-0.7696,-0.4666,-0.2838,-1.0337,-0.9243,1.5253,-0.4469,-0.4545,-0.4167,-0.2758,-1.0409,-0.6477,0.8528,-0.4943,-0.2968,-3.369,-1.0759,0.0604,0.544,0.2063,-0.5065,1.0872,-31.31516378474725,-64.26416452459095,-0.4397,Tipo B (Infr 0.14 - NBI 3.0%),Muy Baja,<b>VILLA CORNU</b><br>Pob: 7274.0<br>Score: 0.03 (Muy Baja),-0.9109,-0.7184,1.4803,-1.4618
VILLA CORONEL OLMEDO,0.1543,0.072,0.0983,0.1937,0.6346,1.4227,-0.3168,1.9142,1.1005,-0.0031,-0.2664,-0.2838,0.3244,-0.5601,0.8329,-0.4469,0.4427,1.0565,-0.2758,-0.0928,-0.3139,0.8528,2.0231,-0.2968,0.2968,0.4677,-0.1276,0.2852,0.1125,-0.2724,2.7791,-31.4808392426478,-64.1415667955082,-0.4397,Tipo B (Infr 0.14 - NBI 3.0%),Alta,<b>VILLA CORONEL OLMEDO</b><br>Pob: 3719.0<br>Score: 0.32 (Alta),1.6832,-0.4707,-0.8998,0.9007
VILLA EL LIBERTADOR,11.0979,7.7893,15.5715,1.5464,4.583,5.2387,2.8989,1.9142,0.9156,0.3802,0.334,2.8315,-1.0337,-1.0111,3.6788,0.845,-0.4321,-0.3236,0.188,-0.9857,-0.6477,0.8528,2.0231,3.369,0.2968,-0.9336,3.8568,0.303,0.0097,-0.5171,-0.1535,-31.4831663693664,-64.22405825134055,2.7545,Tipo E (Infr 0.11 - NBI 5.5%),Muy Baja,<b>VILLA EL LIBERTADOR</b><br>Pob: 58648.0<br>Score: 0.06 (Muy Baja),1.6832,-0.7275,1.3108,-1.292
VILLA ESQUIU,-0.4205,-0.3834,-0.2676,0.5075,0.2398,0.7289,-0.3168,1.9142,-0.3788,-0.578,-0.5455,-0.2838,-1.0337,-0.8029,-0.7087,-0.4469,2.828,3.2291,-0.2758,0.2462,-0.6477,0.8528,2.0231,-0.2968,0.2968,2.5869,1.4977,-1.2989,-1.1184,-0.4398,1.6512,-31.3581731705604,-64.106364790417,-1.5044,Tipo A (Infr 0.57 - NBI 4.5%),Muy Alta,<b>VILLA ESQUIU</b><br>Pob: 834.0<br>Score: 0.71 (Muy Alta),1.6832,1.8741,-1.6414,1.6385
VILLA EUCARISTICA,-0.3069,-0.3053,-0.359,-0.6272,0.0424,-0.6587,0.7551,-0.4858,-1.026,-0.7696,-0.4909,-0.2838,1.6826,-0.9417,-0.1711,3.2869,0.839,-0.4167,-0.2758,-1.0409,1.1205,0.8528,-0.4943,-0.2968,-3.369,-0.4316,2.4438,-1.2923,-1.1149,-0.5086,-1.0276,-31.4821048973798,-64.1788372981638,-0.4397,Tipo B (Infr 0.14 - NBI 3.0%),Media,<b>VILLA EUCARISTICA</b><br>Pob: 1404.0<br>Score: 0.15 (Media),-0.9109,-0.4071,0.2867,-0.2771
VILLA GENERAL URQUIZA,0.6107,0.3316,1.5846,2.119,0.6346,0.382,0.7551,1.9142,0.0835,-0.0031,-0.2725,-0.2838,1.6826,-1.0631,1.3282,1.42,-0.0134,0.4924,-0.2758,-0.7341,-0.2345,0.8528,2.0231,-0.2968,0.2968,-0.3602,0.1332,0.001,-0.2166,-0.455,-0.6046,-31.3909913330131,-64.2417974420032,0.625,Tipo C (Infr 0.16 - NBI 14.4%),Media,<b>VILLA GENERAL URQUIZA</b><br>Pob: 6010.0<br>Score: 0.16 (Media),1.6832,-0.6481,0.1666,-0.1593
VILLA GRAN PARQUE,-0.4709,-0.3966,-0.3209,0.0571,-0.5499,-0.6587,-0.3168,-0.4858,-1.026,-0.7696,-0.0541,-0.2838,0.3244,0.4978,-1.0812,-0.4469,-0.7611,-0.4167,-0.2758,-1.0409,1.4879,-1.1726,-0.4943,-0.2968,-3.369,-1.2289,1.9707,-1.3222,-1.1295,-0.5199,-0.6046,-31.3271029528563,-64.1616106373206,-0.4397,Tipo B (Infr 0.14 - NBI 3.0%),Muy Baja,<b>VILLA GRAN PARQUE</b><br>Pob: 581.0<br>Score: 0.00 (Muy Baja),-2.1885,-0.7304,1.5721,-1.6419
VILLA LA MERCED,-0.3227,-0.3526,0.0602,2.9452,0.0424,0.382,-0.3168,1.9142,-0.4713,-0.578,-0.5455,-0.2838,-1.0337,-1.8089,-0.231,-0.4469,0.9287,3.2291,-0.2758,-0.346,-0.6477,0.8528,2.0231,-0.2968,0.2968,1.2564,-0.1276,-0.7685,-0.8193,-0.1571,1.0872,-31.4082708450202,-64.0642238571163,0.625,Tipo C (Infr 0.16 - NBI 14.4%),Muy Alta,<b>VILLA LA MERCED</b><br>Pob: 1325.0<br>Score: 0.46 (Muy Alta),1.6832,0.3374,-1.3448,1.3441
VILLA MAFEKIN,-0.2035,-0.2085,-0.0694,0.5216,0.0424,0.382,-0.3168,-0.4858,0.2684,-0.1947,-0.5455,-0.2838,0.3244,-0.5775,0.1529,-0.4469,0.4053,-0.4167,-0.2758,0.0759,-0.0025,0.8528,-0.4943,-0.2968,0.2968,0.0763,-0.1639,-0.375,-0.4024,-0.3002,1.0872,-31.4022481112785,-64.2569491260768,-0.4397,Tipo B (Infr 0.14 - NBI 3.0%),Alta,<b>VILLA MAFEKIN</b><br>Pob: 1923.0<br>Score: 0.24 (Alta),0.4055,-0.344,-0.5043,0.5093
VILLA MARTA,-0.3912,-0.3196,-0.3895,-0.8133,-0.5499,-0.6587,-0.3168,-0.4858,-0.2864,-0.1947,-0.3696,-0.2838,-1.0337,0.5499,-0.5405,-0.4469,-0.7611,-0.4167,-0.2758,0.2094,-0.6477,-1.1726,-0.4943,-0.2968,0.2968,-0.4187,-0.3156,0.0362,0.1618,-0.1398,-0.6046,-31.3608191633499,-64.2281814784385,-0.4397,Tipo B (Infr 0.14 - NBI 3.0%),Media,<b>VILLA MARTA</b><br>Pob: 981.0<br>Score: 0.15 (Media),-0.9109,-0.2602,0.2584,-0.2494
VILLA MARTINEZ,0.1099,-0.0523,0.8834,2.7094,0.0424,0.382,-0.3168,-0.4858,-0.1939,-0.3864,-0.5212,-0.2838,0.3244,-1.3753,0.77,-0.4469,-0.1181,-0.4167,-0.2758,-0.6467,-0.2928,0.8528,-0.4943,-0.2968,0.2968,-0.6528,-0.1761,0.5198,0.0553,-0.4176,1.0872,-31.4160857927922,-64.2507310219899,0.625,Tipo C (Infr 0.16 - NBI 14.4%),Baja,<b>VILLA MARTINEZ</b><br>Pob: 3496.0<br>Score: 0.11 (Baja),0.4055,-0.6366,0.8093,-0.7967
VILLA PAEZ,0.3818,0.2788,0.3956,0.3851,0.832,0.7289,0.7551,1.9142,0.0835,-0.0031,0.3037,-0.2838,0.3244,-0.3693,1.1094,1.1549,0.3156,0.7115,-0.2758,-0.662,-0.3921,0.8528,2.0231,-0.2968,0.2968,-0.0778,-0.0548,0.3374,0.2035,-0.3873,-0.4636,-31.3959348360502,-64.2060005908958,-0.4397,Tipo B (Infr 0.14 - NBI 3.0%),Media,<b>VILLA PAEZ</b><br>Pob: 4861.0<br>Score: 0.21 (Media),1.6832,-0.5955,-0.2783,0.2841
VILLA QUISQUIZACATE,-0.2924,-0.2751,-0.3057,-0.3701,-0.3525,-0.3118,-0.3168,-0.4858,-0.4713,-0.3864,0.3765,-0.2838,0.3244,-0.5254,-0.1195,-0.4469,-0.2527,-0.4167,-0.2758,-0.4181,0.1924,0.8528,-0.4943,-0.2968,0.2968,-0.5718,0.1029,-0.9992,-0.8818,-0.468,-0.0407,-31.3331577606987,-64.2818486053848,-0.4397,Tipo B (Infr 0.14 - NBI 3.0%),Baja,<b>VILLA QUISQUIZACATE</b><br>Pob: 1477.0<br>Score: 0.12 (Baja),0.4055,-0.4771,0.5551,-0.5542
VILLA RETIRO,-0.4053,-0.3647,-0.2828,0.1812,0.6346,0.382,0.7551,-0.4858,-0.7487,-0.3864,-0.224,-0.2838,0.3244,-0.5428,-0.6179,1.42,2.8306,-0.4167,-0.2758,-0.5347,0.716,0.8528,-0.4943,-0.2968,0.2968,0.8886,1.2491,-1.2854,-1.1057,-0.4688,-0.6046,-31.336307674505548,-64.145948137302,-1.5044,Tipo A (Infr 0.57 - NBI 4.5%),Muy Alta,<b>VILLA RETIRO</b><br>Pob: 910.0<br>Score: 0.39 (Muy Alta),0.4055,0.5943,-1.1753,1.1743
VILLA REVOL,0.2754,0.231,0.0373,-0.1503,-0.1551,0.0351,-0.3168,-0.4858,-0.1014,-0.0031,1.2621,-0.2838,0.3244,-0.0918,0.9897,-0.4469,-0.4172,-0.4167,-0.2758,-0.6866,-0.3611,0.8528,-0.4943,-0.2968,0.2968,-0.8279,-0.1154,0.4718,0.3924,-0.4638,0.5233,-31.4435550254359,-64.1727065975052,-0.4397,Tipo B (Infr 0.14 - NBI 3.0%),Muy Baja,<b>VILLA REVOL</b><br>Pob: 4327.0<br>Score: 0.07 (Muy Baja),0.4055,-0.6776,1.1201,-1.105
VILLA REVOL ANEXO,-0.4121,-0.3647,-0.1685,1.2131,-0.3525,-0.3118,-0.3168,-0.4858,-0.4713,0.1885,-0.4484,2.8315,-1.0337,-0.352,-0.6571,-0.4469,0.0913,-0.4167,3.9761,0.01,-0.6477,0.8528,-0.4943,3.369,0.2968,0.4736,-0.2852,-0.4385,-0.4197,0.0685,-0.0407,-31.4370580300058,-64.1699676689109,0.625,Tipo C (Infr 0.16 - NBI 14.4%),Alta,<b>VILLA REVOL ANEXO</b><br>Pob: 876.0<br>Score: 0.32 (Alta),0.4055,0.376,-0.921,0.9215
VILLA RIVADAVIA,-0.4121,-0.3823,-0.0313,2.9257,0.4372,1.0758,-0.3168,1.9142,1.1005,-0.578,-0.5455,-0.2838,0.3244,-0.9937,-0.6571,-0.4469,2.8306,3.2291,-0.2758,2.6411,0.7694,0.8528,2.0231,-0.2968,0.2968,4.1401,-0.2913,-0.3877,-0.4753,1.4389,2.2152,-31.5130596771592,-64.1945915895642,-1.5044,Tipo A (Infr 0.57 - NBI 4.5%),Muy Alta,<b>VILLA RIVADAVIA</b><br>Pob: 876.0<br>Score: 1.00 (Muy Alta),1.6832,2.7586,-1.7332,1.7286
VILLA RIVERA INDARTE,0.3045,0.1573,0.0678,-0.0067,2.0165,1.0758,2.5416,1.9142,0.8232,-0.3864,0.1885,-0.2838,0.3244,-0.7856,1.0238,1.8494,1.4148,0.81,-0.2758,-0.3552,-0.3698,0.8528,2.0231,-0.2968,0.2968,0.7012,0.8246,-0.9131,-0.8327,-0.4571,-0.7907,-31.3254407068763,-64.2939456332099,-1.5044,Tipo A (Infr 0.57 - NBI 4.5%),Muy Alta,<b>VILLA RIVERA INDARTE</b><br>Pob: 4473.0<br>Score: 0.36 (Muy Alta),1.6832,-0.4847,-1.0552,1.0566
VILLA SAN CARLOS,-0.4856,-0.3966,-0.2904,0.4117,1.2269,1.4227,0.7551,-0.4858,-0.2864,-0.0031,-0.5212,-0.2838,0.3244,1.365,-1.2215,0.7965,2.8306,-0.4167,-0.2758,1.38,1.7993,0.8528,-0.4943,-0.2968,0.2968,2.13,-0.2852,-0.8231,-0.5855,0.6411,-0.1817,-31.4620977600299,-64.1700416939278,-1.5044,Tipo A (Infr 0.57 - NBI 4.5%),Muy Alta,<b>VILLA SAN CARLOS</b><br>Pob: 507.0<br>Score: 0.63 (Muy Alta),0.4055,3.041,-1.5425,1.5381
VILLA SAN ISIDRO,-0.4185,-0.368,-0.3514,-0.4251,-0.5499,-0.6587,-0.3168,-0.4858,-0.1939,-0.1947,-0.3878,-0.2838,-1.0337,-0.2826,-0.6963,-0.4469,-0.7611,-0.4167,-0.2758,0.5945,-0.6477,-1.1726,-0.4943,-0.2968,0.2968,-0.1691,-0.3277,0.0414,-0.0166,0.0601,-0.6046,-31.4575712536414,-64.1881087347359,-0.4397,Tipo B (Infr 0.14 - NBI 3.0%),Media,<b>VILLA SAN ISIDRO</b><br>Pob: 844.0<br>Score: 0.20 (Media),-0.9109,-0.0155,-0.1583,0.1629
VILLA SERRANA,-0.3697,-0.3554,-0.016,2.3708,-0.1551,-0.3118,0.0405,-0.4858,-0.4713,-0.578,-0.5394,-0.2838,1.6826,-1.0804,-0.4332,1.42,0.6147,-0.4167,-0.2758,-0.1956,1.6318,0.8528,-0.4943,-0.2968,0.2968,0.0043,-0.2913,-0.1534,-0.3274,-0.07,-0.6046,-31.3301623505514,-64.2789046482414,0.625,Tipo C (Infr 0.16 - NBI 14.4%),Alta,<b>VILLA SERRANA</b><br>Pob: 1089.0<br>Score: 0.23 (Alta),0.4055,-0.0857,-0.3984,0.4019
VILLA SIBURU,-0.3211,-0.3059,-0.077,1.1705,0.2398,0.7289,-0.3168,1.9142,-0.2864,-0.0031,0.0611,-0.2838,0.3244,-0.7162,-0.2248,-0.4469,1.4821,3.2291,-0.2758,-0.1204,0.2829,0.8528,2.0231,-0.2968,0.2968,1.6784,-0.1154,-0.7899,-0.7354,-0.1137,1.6512,-31.3956863950044,-64.2305440533676,-1.5044,Tipo A (Infr 0.57 - NBI 4.5%),Muy Alta,<b>VILLA SIBURU</b><br>Pob: 1333.0<br>Score: 0.54 (Muy Alta),1.6832,0.5112,-1.4578,1.4549
VILLA SILVANO FUNES,-0.4023,-0.3559,-0.2904,0.0518,-0.5499,-0.6587,-0.3168,-0.4858,1.0081,0.5718,-0.3756,-0.2838,0.3244,-0.3347,-0.6014,-0.4469,-0.7611,-0.4167,-0.2758,2.6073,0.6937,-1.1726,-0.4943,-0.2968,0.2968,1.1356,-0.2731,-0.4792,-0.4486,0.2194,-0.6046,-31.3403524658703,-64.251239453436,1.6898,Tipo D (Infr 0.40 - NBI 2.8%),Muy Alta,<b>VILLA SILVANO FUNES</b><br>Pob: 925.0<br>Score: 0.44 (Muy Alta),-0.9109,0.7248,-1.253,1.2506
VILLA SOLFERINO,-0.4543,-0.3966,-0.3667,-0.4747,-0.5499,-0.6587,-0.3168,-0.4858,-0.3788,-0.1947,-0.4787,-0.2838,0.3244,-0.2479,-0.9429,-0.4469,-0.7611,-0.4167,-0.2758,0.5761,1.2211,-1.1726,-0.4943,-0.2968,0.2968,-0.1809,-0.3216,-0.34,-0.3216,0.0097,-0.6046,-31.341833627199,-64.2755114664663,-0.4397,Tipo B (Infr 0.14 - NBI 3.0%),Media,<b>VILLA SOLFERINO</b><br>Pob: 664.0<br>Score: 0.20 (Media),-0.9109,0.1682,-0.1371,0.1455
VILLA UNION,0.378,0.171,1.2111,2.1332,0.2398,0.7289,-0.3168,1.9142,0.4533,-0.3864,-0.4969,-0.2838,0.3244,-1.0631,1.1053,-0.4469,-0.1405,0.7169,-0.2758,-0.5347,-0.3909,0.8528,2.0231,-0.2968,0.2968,-0.2206,0.1575,-0.3092,-0.4299,-0.448,1.6512,-31.4250447239479,-64.2651931533667,0.625,Tipo C (Infr 0.16 - NBI 14.4%),Media,<b>VILLA UNION</b><br>Pob: 4842.0<br>Score: 0.19 (Media),1.6832,-0.6118,-0.0735,0.0797
VILLA WARCALDE,-0.4623,-0.3966,-0.2523,0.8549,0.0424,-0.6587,0.7551,-0.4858,-0.5637,-0.578,-0.4848,-0.2838,-1.0337,0.0989,-1.0069,3.2869,2.8306,-0.4167,-0.2758,0.1879,-0.6477,0.8528,-0.4943,-0.2968,0.2968,1.3573,0.3091,-1.246,-1.0644,-0.3746,-1.0276,-31.3436875418139,-64.2949561314855,-1.5044,Tipo A (Infr 0.57 - NBI 4.5%),Muy Alta,<b>VILLA WARCALDE</b><br>Pob: 624.0<br>Score: 0.48 (Muy Alta),0.4055,1.629,-1.3801,1.3753
VIVERO NORTE,-0.2736,-0.2635,-0.2752,-0.2354,-0.1551,0.0351,-0.3168,1.9142,-0.2864,-0.3864,0.3765,-0.2838,-1.0337,-0.5948,-0.0555,-0.4469,0.1885,3.0719,-0.2758,-0.2601,-0.6477,0.8528,2.0231,-0.2968,0.2968,0.8918,-0.2731,0.13,-0.0141,0.1433,0.5233,-31.382311576231,-64.1446636862196,-0.4397,Tipo B (Infr 0.14 - NBI 3.0%),Muy Alta,<b>VIVERO NORTE</b><br>Pob: 1571.0<br>Score: 0.40 (Muy Alta),1.6832,0.0381,-1.1823,1.1813
YAPEYU,4.4179,3.4636,2.8423,0.1281,1.0294,2.1165,-0.3168,1.9142,-0.4713,-0.3864,-0.3635,-0.2838,0.3244,-0.4908,2.8038,-0.4469,-0.5218,-0.1977,-0.2758,-1.0041,-0.5981,0.8528,2.0231,-0.2968,0.2968,-1.0142,0.115,4.5014,3.455,-0.5033,3.907,-31.410369494566265,-64.14616987081894,2.7545,Tipo E (Infr 0.11 - NBI 5.5%),Muy Baja,<b>YAPEYU</b><br>Pob: 25119.0<br>Score: 0.04 (Muy Baja),1.6832,-0.7255,1.3885,-1.3717
YOFRE H,0.1262,0.0522,0.0373,0.0944,-0.1551,0.0351,-0.3168,-0.4858,-1.026,-0.7696,1.074,-0.2838,-1.0337,-0.5428,0.7937,-0.4469,-0.3424,-0.4167,-0.2758,-1.0409,-0.6477,0.8528,-0.4943,-0.2968,-3.369,-1.0201,0.3637,-0.7892,-0.7193,-0.5089,0.5233,-31.38234254247095,-64.12556007490045,-0.4397,Tipo B (Infr 0.14 - NBI 3.0%),Muy Baja,<b>YOFRE H</b><br>Pob: 3578.0<br>Score: 0.04 (Muy Baja),-0.9109,-0.6971,1.4096,-1.3925
YOFRE I,0.4617,0.3635,0.0983,-0.1787,-0.5499,-0.6587,-0.3168,1.9142,0.3609,-0.3864,-0.2786,-0.2838,0.3244,-0.2479,1.191,-0.4469,-0.7611,0.6238,-0.2758,-0.6037,-0.412,-1.1726,2.0231,-0.2968,0.2968,-0.6051,-0.2307,2.3705,1.9115,-0.3736,-0.6046,-31.3900178275939,-64.12771732212764,-0.4397,Tipo B (Infr 0.14 - NBI 3.0%),Baja,<b>YOFRE I</b><br>Pob: 5262.0<br>Score: 0.12 (Baja),0.4055,-0.6629,0.6186,-0.6062
YOFRE NORTE,0.795,0.6925,0.0526,-0.4304,1.2269,0.7289,1.4697,-0.4858,0.6382,-0.0031,-0.2664,-0.2838,0.3244,-0.0225,1.4757,1.6291,0.2109,-0.4167,-0.2758,-0.6421,-0.469,0.8528,-0.4943,-0.2968,0.2968,-0.4859,0.0483,0.5045,0.4428,-0.4539,-0.7005,-31.383963889503,-64.1340907794603,-0.4397,Tipo B (Infr 0.14 - NBI 3.0%),Baja,<b>YOFRE NORTE</b><br>Pob: 6935.0<br>Score: 0.14 (Baja),0.4055,-0.6694,0.4209,-0.4087
YOFRE SUD,0.4346,0.3421,0.0144,-0.2868,0.0424,0.382,-0.3168,-0.4858,0.0835,-0.1947,1.4016,-0.2838,0.3244,-0.2479,1.1641,-0.4469,-0.32,-0.4167,-0.2758,-0.682,-0.4057,0.8528,-0.4943,-0.2968,0.2968,-0.7763,-0.1215,0.8554,0.6646,-0.4554,1.0872,-31.3922689658402,-64.1354610976761,-0.4397,Tipo B (Infr 0.14 - NBI 3.0%),Baja,<b>YOFRE SUD</b><br>Pob: 5126.0<br>Score: 0.08 (Baja),0.4055,-0.6801,1.0141,-0.9976
ZEPA,-0.3753,-0.3664,-0.1304,1.5854,0.2398,0.7289,-0.3168,1.9142,-0.5637,-0.1947,-0.4848,2.8315,1.6826,-1.3059,-0.46,-0.4469,2.0578,3.2291,3.9761,-0.3184,1.6914,0.8528,2.0231,3.369,0.2968,2.4338,-0.2367,-0.5733,-0.6443,0.371,1.6512,-31.3894472257739,-64.1064392092923,-1.5044,Tipo A (Infr 0.57 - NBI 4.5%),Muy Alta,<b>ZEPA</b><br>Pob: 1061.0<br>Score: 0.68 (Muy Alta),1.6832,1.2348,-1.6202,1.6177
