{
"type": "FeatureCollection",
"name": "dataset_gis_v11",
"crs": { "type": "name", "properties": { "name": "urn:ogc:def:crs:OGC:1.3:CRS84" } },
"features": [
{ "type": "Feature", "properties": { "barrio": "1 DE MAYO", "poblacion": 19996.0, "hogares": 5576.0, "nbi": 342.0, "pct_nbi": 6.13, "escuelas_total": 7, "escuelas_estatales": 5, "escuelas_privadas": 2, "dispensarios_municipales": 0, "paradas_colectivo": 16, "lineas_colectivo": 3, "luminarias_reportes": 38, "comisarias": 0, "centros_vecinales": 2, "poblacion_log": 9.903, "pct_escuelas_privadas": 0.286, "escuelas_por_1000_hab": 0.35, "dispensarios_por_10000_hab": 0.0, "comisarias_por_10000_hab": 0.0, "paradas_por_1000_hab": 0.8, "centros_vecinales_por_10000_hab": 1.0, "tiene_escuela": 1, "tiene_dispensario": 0, "tiene_comisaria": 0, "tiene_transporte": 1, "infraestructura_score": 0.0391, "tamano_promedio_hogar": 3.59, "educacion_ratio_publico_privado": 2.5, "ranking_infraestructura": 445, "percentil_infraestructura": 10.1 }, "geometry": { "type": "Point", "coordinates": [ -64.117694942404498, -31.435959219356199 ] } },
{ "type": "Feature", "properties": { "barrio": "2 DE SEPTIEMBRE", "poblacion": 2624.0, "hogares": 588.0, "nbi": 126.0, "pct_nbi": 21.43, "escuelas_total": 1, "escuelas_estatales": 1, "escuelas_privadas": 0, "dispensarios_municipales": 1, "paradas_colectivo": 11, "lineas_colectivo": 3, "luminarias_reportes": 0, "comisarias": 0, "centros_vecinales": 1, "poblacion_log": 7.873, "pct_escuelas_privadas": 0.0, "escuelas_por_1000_hab": 0.38, "dispensarios_por_10000_hab": 3.81, "comisarias_por_10000_hab": 0.0, "paradas_por_1000_hab": 4.19, "centros_vecinales_por_10000_hab": 3.81, "tiene_escuela": 1, "tiene_dispensario": 1, "tiene_comisaria": 0, "tiene_transporte": 1, "infraestructura_score": 0.2311, "tamano_promedio_hogar": 4.46, "educacion_ratio_publico_privado": 1.0, "ranking_infraestructura": 188, "percentil_infraestructura": 62.1 }, "geometry": { "type": "Point", "coordinates": [ -64.241927756780498, -31.333631355996499 ] } },
{ "type": "Feature", "properties": { "barrio": "20 DE JUNIO", "poblacion": 661.0, "hogares": 200.0, "nbi": 28.0, "pct_nbi": 14.0, "escuelas_total": 0, "escuelas_estatales": 0, "escuelas_privadas": 0, "dispensarios_municipales": 1, "paradas_colectivo": 16, "lineas_colectivo": 5, "luminarias_reportes": 5, "comisarias": 0, "centros_vecinales": 0, "poblacion_log": 6.495, "pct_escuelas_privadas": 0.0, "escuelas_por_1000_hab": 0.0, "dispensarios_por_10000_hab": 6.657, "comisarias_por_10000_hab": 0.0, "paradas_por_1000_hab": 24.0, "centros_vecinales_por_10000_hab": 0.0, "tiene_escuela": 0, "tiene_dispensario": 1, "tiene_comisaria": 0, "tiene_transporte": 1, "infraestructura_score": 0.6667, "tamano_promedio_hogar": 3.3, "educacion_ratio_publico_privado": 0.0, "ranking_infraestructura": 20, "percentil_infraestructura": 95.9 }, "geometry": { "type": "Point", "coordinates": [ -64.163794098630902, -31.38667683145 ] } },
{ "type": "Feature", "properties": { "barrio": "23 DE ABRIL", "poblacion": 1879.0, "hogares": 424.0, "nbi": 69.0, "pct_nbi": 16.27, "escuelas_total": 0, "escuelas_estatales": 0, "escuelas_privadas": 0, "dispensarios_municipales": 0, "paradas_colectivo": 3, "lineas_colectivo": 1, "luminarias_reportes": 30, "comisarias": 0, "centros_vecinales": 1, "poblacion_log": 7.539, "pct_escuelas_privadas": 0.0, "escuelas_por_1000_hab": 0.0, "dispensarios_por_10000_hab": 0.0, "comisarias_por_10000_hab": 0.0, "paradas_por_1000_hab": 1.6, "centros_vecinales_por_10000_hab": 5.32, "tiene_escuela": 0, "tiene_dispensario": 0, "tiene_comisaria": 0, "tiene_transporte": 1, "infraestructura_score": 0.0296, "tamano_promedio_hogar": 4.43, "educacion_ratio_publico_privado": 0.0, "ranking_infraestructura": 455, "percentil_infraestructura": 8.1 }, "geometry": { "type": "Point", "coordinates": [ -64.127962082695603, -31.457686116578799 ] } },
{ "type": "Feature", "properties": { "barrio": "25 DE MAYO", "poblacion": 500.0, "hogares": 200.0, "nbi": 31.0, "pct_nbi": 15.5, "escuelas_total": 5, "escuelas_estatales": 5, "escuelas_privadas": 0, "dispensarios_municipales": 0, "paradas_colectivo": 12, "lineas_colectivo": 1, "luminarias_reportes": 4, "comisarias": 0, "centros_vecinales": 4, "poblacion_log": 6.217, "pct_escuelas_privadas": 0.0, "escuelas_por_1000_hab": 4.8035, "dispensarios_por_10000_hab": 0.0, "comisarias_por_10000_hab": 0.0, "paradas_por_1000_hab": 24.0, "centros_vecinales_por_10000_hab": 80.0, "tiene_escuela": 1, "tiene_dispensario": 0, "tiene_comisaria": 0, "tiene_transporte": 1, "infraestructura_score": 0.7778, "tamano_promedio_hogar": 2.5, "educacion_ratio_publico_privado": 5.0, "ranking_infraestructura": 6, "percentil_infraestructura": 98.5 }, "geometry": { "type": "Point", "coordinates": [ -64.082323111252904, -31.490098672510101 ] } },
{ "type": "Feature", "properties": { "barrio": "4 DE FEBRERO", "poblacion": 854.0, "hogares": 207.0, "nbi": 16.0, "pct_nbi": 7.73, "escuelas_total": 0, "escuelas_estatales": 0, "escuelas_privadas": 0, "dispensarios_municipales": 0, "paradas_colectivo": 2, "lineas_colectivo": 2, "luminarias_reportes": 11, "comisarias": 0, "centros_vecinales": 1, "poblacion_log": 6.751, "pct_escuelas_privadas": 0.0, "escuelas_por_1000_hab": 0.0, "dispensarios_por_10000_hab": 0.0, "comisarias_por_10000_hab": 0.0, "paradas_por_1000_hab": 2.34, "centros_vecinales_por_10000_hab": 11.71, "tiene_escuela": 0, "tiene_dispensario": 0, "tiene_comisaria": 0, "tiene_transporte": 1, "infraestructura_score": 0.0433, "tamano_promedio_hogar": 4.13, "educacion_ratio_publico_privado": 0.0, "ranking_infraestructura": 438, "percentil_infraestructura": 11.5 }, "geometry": { "type": "Point", "coordinates": [ -64.145696556247103, -31.4561267034649 ] } },
{ "type": "Feature", "properties": { "barrio": "ACHAVAL PENA", "poblacion": 754.0, "hogares": 218.0, "nbi": 10.0, "pct_nbi": 4.59, "escuelas_total": 0, "escuelas_estatales": 0, "escuelas_privadas": 0, "dispensarios_municipales": 0, "paradas_colectivo": 6, "lineas_colectivo": 1, "luminarias_reportes": 78, "comisarias": 0, "centros_vecinales": 0, "poblacion_log": 6.627, "pct_escuelas_privadas": 0.0, "escuelas_por_1000_hab": 0.0, "dispensarios_por_10000_hab": 0.0, "comisarias_por_10000_hab": 0.0, "paradas_por_1000_hab": 7.96, "centros_vecinales_por_10000_hab": 0.0, "tiene_escuela": 0, "tiene_dispensario": 0, "tiene_comisaria": 0, "tiene_transporte": 1, "infraestructura_score": 0.1474, "tamano_promedio_hogar": 3.46, "educacion_ratio_publico_privado": 0.0, "ranking_infraestructura": 297, "percentil_infraestructura": 40.1 }, "geometry": { "type": "Point", "coordinates": [ -64.204058596153303, -31.436225387802999 ] } },
{ "type": "Feature", "properties": { "barrio": "ACOSTA", "poblacion": 5512.0, "hogares": 1519.0, "nbi": 137.0, "pct_nbi": 9.02, "escuelas_total": 7, "escuelas_estatales": 7, "escuelas_privadas": 0, "dispensarios_municipales": 0, "paradas_colectivo": 18, "lineas_colectivo": 3, "luminarias_reportes": 15, "comisarias": 0, "centros_vecinales": 1, "poblacion_log": 8.615, "pct_escuelas_privadas": 0.0, "escuelas_por_1000_hab": 1.27, "dispensarios_por_10000_hab": 0.0, "comisarias_por_10000_hab": 0.0, "paradas_por_1000_hab": 3.27, "centros_vecinales_por_10000_hab": 1.81, "tiene_escuela": 1, "tiene_dispensario": 0, "tiene_comisaria": 0, "tiene_transporte": 1, "infraestructura_score": 0.1487, "tamano_promedio_hogar": 3.63, "educacion_ratio_publico_privado": 7.0, "ranking_infraestructura": 286, "percentil_infraestructura": 42.3 }, "geometry": { "type": "Point", "coordinates": [ -64.123510842969694, -31.423604569836499 ] } },
{ "type": "Feature", "properties": { "barrio": "AERONAUTICO- VILLA ZEPELLIN", "poblacion": 928.0, "hogares": 256.0, "nbi": 7.0, "pct_nbi": 2.73, "escuelas_total": 4, "escuelas_estatales": 4, "escuelas_privadas": 0, "dispensarios_municipales": 0, "paradas_colectivo": 10, "lineas_colectivo": 1, "luminarias_reportes": 0, "comisarias": 0, "centros_vecinales": 0, "poblacion_log": 6.834, "pct_escuelas_privadas": 0.0, "escuelas_por_1000_hab": 4.31, "dispensarios_por_10000_hab": 0.0, "comisarias_por_10000_hab": 0.0, "paradas_por_1000_hab": 10.78, "centros_vecinales_por_10000_hab": 0.0, "tiene_escuela": 1, "tiene_dispensario": 0, "tiene_comisaria": 0, "tiene_transporte": 1, "infraestructura_score": 0.4987, "tamano_promedio_hogar": 3.62, "educacion_ratio_publico_privado": 4.0, "ranking_infraestructura": 48, "percentil_infraestructura": 90.5 }, "geometry": { "type": "Point", "coordinates": [ -64.270881350096005, -31.4304095651434 ] } },
{ "type": "Feature", "properties": { "barrio": "AEROPUERTO", "poblacion": 500.0, "hogares": 200.0, "nbi": 5.0, "pct_nbi": 2.5, "escuelas_total": 1, "escuelas_estatales": 1, "escuelas_privadas": 0, "dispensarios_municipales": 0, "paradas_colectivo": 8, "lineas_colectivo": 2, "luminarias_reportes": 0, "comisarias": 0, "centros_vecinales": 0, "poblacion_log": 6.217, "pct_escuelas_privadas": 0.0, "escuelas_por_1000_hab": 2.0, "dispensarios_por_10000_hab": 0.0, "comisarias_por_10000_hab": 0.0, "paradas_por_1000_hab": 16.0, "centros_vecinales_por_10000_hab": 0.0, "tiene_escuela": 1, "tiene_dispensario": 0, "tiene_comisaria": 0, "tiene_transporte": 1, "infraestructura_score": 0.4351, "tamano_promedio_hogar": 2.5, "educacion_ratio_publico_privado": 1.0, "ranking_infraestructura": 71, "percentil_infraestructura": 85.8 }, "geometry": { "type": "Point", "coordinates": [ -64.195735685938203, -31.3249626672809 ] } },
{ "type": "Feature", "properties": { "barrio": "AIRES DEL SUR", "poblacion": 500.0, "hogares": 200.0, "nbi": 0.0, "pct_nbi": 0.0, "escuelas_total": 0, "escuelas_estatales": 0, "escuelas_privadas": 0, "dispensarios_municipales": 0, "paradas_colectivo": 2, "lineas_colectivo": 2, "luminarias_reportes": 0, "comisarias": 0, "centros_vecinales": 0, "poblacion_log": 6.217, "pct_escuelas_privadas": 0.0, "escuelas_por_1000_hab": 0.0, "dispensarios_por_10000_hab": 0.0, "comisarias_por_10000_hab": 0.0, "paradas_por_1000_hab": 4.0, "centros_vecinales_por_10000_hab": 0.0, "tiene_escuela": 0, "tiene_dispensario": 0, "tiene_comisaria": 0, "tiene_transporte": 1, "infraestructura_score": 0.0741, "tamano_promedio_hogar": 2.5, "educacion_ratio_publico_privado": 0.0, "ranking_infraestructura": 406, "percentil_infraestructura": 17.5 }, "geometry": { "type": "Point", "coordinates": [ -64.184434853089698, -31.464244055340099 ] } },
{ "type": "Feature", "properties": { "barrio": "ALBERDI", "poblacion": 32729.0, "hogares": 15505.0, "nbi": 858.0, "pct_nbi": 5.53, "escuelas_total": 38, "escuelas_estatales": 14, "escuelas_privadas": 24, "dispensarios_municipales": 0, "paradas_colectivo": 47, "lineas_colectivo": 27, "luminarias_reportes": 354, "comisarias": 2, "centros_vecinales": 2, "poblacion_log": 10.396, "pct_escuelas_privadas": 0.632, "escuelas_por_1000_hab": 1.16, "dispensarios_por_10000_hab": 0.0, "comisarias_por_10000_hab": 0.61, "paradas_por_1000_hab": 1.44, "centros_vecinales_por_10000_hab": 0.61, "tiene_escuela": 1, "tiene_dispensario": 0, "tiene_comisaria": 1, "tiene_transporte": 1, "infraestructura_score": 0.1507, "tamano_promedio_hogar": 2.11, "educacion_ratio_publico_privado": 0.58, "ranking_infraestructura": 284, "percentil_infraestructura": 42.7 }, "geometry": { "type": "Point", "coordinates": [ -64.202174218064897, -31.408369589323001 ] } },
{ "type": "Feature", "properties": { "barrio": "ALBORADA NORTE", "poblacion": 500.0, "hogares": 200.0, "nbi": 2.0, "pct_nbi": 1.0, "escuelas_total": 0, "escuelas_estatales": 0, "escuelas_privadas": 0, "dispensarios_municipales": 0, "paradas_colectivo": 17, "lineas_colectivo": 5, "luminarias_reportes": 0, "comisarias": 0, "centros_vecinales": 0, "poblacion_log": 6.217, "pct_escuelas_privadas": 0.0, "escuelas_por_1000_hab": 0.0, "dispensarios_por_10000_hab": 0.0, "comisarias_por_10000_hab": 0.0, "paradas_por_1000_hab": 24.0, "centros_vecinales_por_10000_hab": 0.0, "tiene_escuela": 0, "tiene_dispensario": 0, "tiene_comisaria": 0, "tiene_transporte": 1, "infraestructura_score": 0.4444, "tamano_promedio_hogar": 2.5, "educacion_ratio_publico_privado": 0.0, "ranking_infraestructura": 59, "percentil_infraestructura": 87.4 }, "geometry": { "type": "Point", "coordinates": [ -64.268301940807305, -31.3416624086498 ] } },
{ "type": "Feature", "properties": { "barrio": "ALBORADA SUR", "poblacion": 500.0, "hogares": 200.0, "nbi": 1.0, "pct_nbi": 0.5, "escuelas_total": 0, "escuelas_estatales": 0, "escuelas_privadas": 0, "dispensarios_municipales": 0, "paradas_colectivo": 7, "lineas_colectivo": 3, "luminarias_reportes": 23, "comisarias": 0, "centros_vecinales": 0, "poblacion_log": 6.217, "pct_escuelas_privadas": 0.0, "escuelas_por_1000_hab": 0.0, "dispensarios_por_10000_hab": 0.0, "comisarias_por_10000_hab": 0.0, "paradas_por_1000_hab": 14.0, "centros_vecinales_por_10000_hab": 0.0, "tiene_escuela": 0, "tiene_dispensario": 0, "tiene_comisaria": 0, "tiene_transporte": 1, "infraestructura_score": 0.2593, "tamano_promedio_hogar": 2.5, "educacion_ratio_publico_privado": 0.0, "ranking_infraestructura": 156, "percentil_infraestructura": 68.4 }, "geometry": { "type": "Point", "coordinates": [ -64.225114426046304, -31.362050061794299 ] } },
{ "type": "Feature", "properties": { "barrio": "ALEJANDRO CENTENO", "poblacion": 1231.0, "hogares": 432.0, "nbi": 2.0, "pct_nbi": 0.46, "escuelas_total": 2, "escuelas_estatales": 2, "escuelas_privadas": 0, "dispensarios_municipales": 0, "paradas_colectivo": 10, "lineas_colectivo": 3, "luminarias_reportes": 21, "comisarias": 0, "centros_vecinales": 1, "poblacion_log": 7.116, "pct_escuelas_privadas": 0.0, "escuelas_por_1000_hab": 1.62, "dispensarios_por_10000_hab": 0.0, "comisarias_por_10000_hab": 0.0, "paradas_por_1000_hab": 8.12, "centros_vecinales_por_10000_hab": 8.12, "tiene_escuela": 1, "tiene_dispensario": 0, "tiene_comisaria": 0, "tiene_transporte": 1, "infraestructura_score": 0.2628, "tamano_promedio_hogar": 2.85, "educacion_ratio_publico_privado": 2.0, "ranking_infraestructura": 154, "percentil_infraestructura": 69.0 }, "geometry": { "type": "Point", "coordinates": [ -64.231473963748002, -31.358280528973498 ] } },
{ "type": "Feature", "properties": { "barrio": "ALMIRANTE BROWN", "poblacion": 1019.0, "hogares": 246.0, "nbi": 13.0, "pct_nbi": 5.28, "escuelas_total": 2, "escuelas_estatales": 2, "escuelas_privadas": 0, "dispensarios_municipales": 0, "paradas_colectivo": 6, "lineas_colectivo": 4, "luminarias_reportes": 16, "comisarias": 0, "centros_vecinales": 2, "poblacion_log": 6.928, "pct_escuelas_privadas": 0.0, "escuelas_por_1000_hab": 1.96, "dispensarios_por_10000_hab": 0.0, "comisarias_por_10000_hab": 0.0, "paradas_por_1000_hab": 5.89, "centros_vecinales_por_10000_hab": 19.63, "tiene_escuela": 1, "tiene_dispensario": 0, "tiene_comisaria": 0, "tiene_transporte": 1, "infraestructura_score": 0.2451, "tamano_promedio_hogar": 4.14, "educacion_ratio_publico_privado": 2.0, "ranking_infraestructura": 172, "percentil_infraestructura": 65.4 }, "geometry": { "type": "Point", "coordinates": [ -64.091113885027895, -31.461644015416699 ] } },
{ "type": "Feature", "properties": { "barrio": "ALTA CORDOBA", "poblacion": 34575.0, "hogares": 12560.0, "nbi": 372.0, "pct_nbi": 2.96, "escuelas_total": 33, "escuelas_estatales": 13, "escuelas_privadas": 20, "dispensarios_municipales": 0, "paradas_colectivo": 31, "lineas_colectivo": 9, "luminarias_reportes": 544, "comisarias": 1, "centros_vecinales": 0, "poblacion_log": 10.451, "pct_escuelas_privadas": 0.606, "escuelas_por_1000_hab": 0.95, "dispensarios_por_10000_hab": 0.0, "comisarias_por_10000_hab": 0.29, "paradas_por_1000_hab": 0.9, "centros_vecinales_por_10000_hab": 0.0, "tiene_escuela": 1, "tiene_dispensario": 0, "tiene_comisaria": 1, "tiene_transporte": 1, "infraestructura_score": 0.1033, "tamano_promedio_hogar": 2.75, "educacion_ratio_publico_privado": 0.65, "ranking_infraestructura": 369, "percentil_infraestructura": 25.4 }, "geometry": { "type": "Point", "coordinates": [ -64.184249472869794, -31.3903799365102 ] } },
{ "type": "Feature", "properties": { "barrio": "ALTAMIRA", "poblacion": 6103.0, "hogares": 1895.0, "nbi": 36.0, "pct_nbi": 1.9, "escuelas_total": 2, "escuelas_estatales": 1, "escuelas_privadas": 1, "dispensarios_municipales": 1, "paradas_colectivo": 17, "lineas_colectivo": 4, "luminarias_reportes": 91, "comisarias": 0, "centros_vecinales": 0, "poblacion_log": 8.717, "pct_escuelas_privadas": 0.5, "escuelas_por_1000_hab": 0.33, "dispensarios_por_10000_hab": 1.64, "comisarias_por_10000_hab": 0.0, "paradas_por_1000_hab": 2.79, "centros_vecinales_por_10000_hab": 0.0, "tiene_escuela": 1, "tiene_dispensario": 1, "tiene_comisaria": 0, "tiene_transporte": 1, "infraestructura_score": 0.1293, "tamano_promedio_hogar": 3.22, "educacion_ratio_publico_privado": 1.0, "ranking_infraestructura": 317, "percentil_infraestructura": 36.0 }, "geometry": { "type": "Point", "coordinates": [ -64.131257437785905, -31.425157900948101 ] } },
{ "type": "Feature", "properties": { "barrio": "ALTO ALBERDI", "poblacion": 30472.0, "hogares": 10101.0, "nbi": 389.0, "pct_nbi": 3.85, "escuelas_total": 40, "escuelas_estatales": 15, "escuelas_privadas": 25, "dispensarios_municipales": 1, "paradas_colectivo": 48, "lineas_colectivo": 14, "luminarias_reportes": 369, "comisarias": 2, "centros_vecinales": 2, "poblacion_log": 10.325, "pct_escuelas_privadas": 0.625, "escuelas_por_1000_hab": 1.31, "dispensarios_por_10000_hab": 0.33, "comisarias_por_10000_hab": 0.66, "paradas_por_1000_hab": 1.58, "centros_vecinales_por_10000_hab": 0.66, "tiene_escuela": 1, "tiene_dispensario": 1, "tiene_comisaria": 1, "tiene_transporte": 1, "infraestructura_score": 0.1782, "tamano_promedio_hogar": 3.02, "educacion_ratio_publico_privado": 0.6, "ranking_infraestructura": 244, "percentil_infraestructura": 50.8 }, "geometry": { "type": "Point", "coordinates": [ -64.219940676278, -31.4077929131874 ] } },
{ "type": "Feature", "properties": { "barrio": "ALTO DE DON BOSCO", "poblacion": 675.0, "hogares": 212.0, "nbi": 0.0, "pct_nbi": 0.0, "escuelas_total": 0, "escuelas_estatales": 0, "escuelas_privadas": 0, "dispensarios_municipales": 0, "paradas_colectivo": 0, "lineas_colectivo": 0, "luminarias_reportes": 0, "comisarias": 0, "centros_vecinales": 0, "poblacion_log": 6.516, "pct_escuelas_privadas": 0.0, "escuelas_por_1000_hab": 0.0, "dispensarios_por_10000_hab": 0.0, "comisarias_por_10000_hab": 0.0, "paradas_por_1000_hab": 0.0, "centros_vecinales_por_10000_hab": 0.0, "tiene_escuela": 0, "tiene_dispensario": 0, "tiene_comisaria": 0, "tiene_transporte": 0, "infraestructura_score": 0.0, "tamano_promedio_hogar": 3.18, "educacion_ratio_publico_privado": 0.0, "ranking_infraestructura": 469, "percentil_infraestructura": 2.7 }, "geometry": { "type": "Point", "coordinates": [ -64.265764553635805, -31.3869535266229 ] } },
{ "type": "Feature", "properties": { "barrio": "ALTO DE SANTA ANA", "poblacion": 1508.0, "hogares": 424.0, "nbi": 20.0, "pct_nbi": 4.72, "escuelas_total": 0, "escuelas_estatales": 0, "escuelas_privadas": 0, "dispensarios_municipales": 0, "paradas_colectivo": 6, "lineas_colectivo": 2, "luminarias_reportes": 63, "comisarias": 0, "centros_vecinales": 0, "poblacion_log": 7.319, "pct_escuelas_privadas": 0.0, "escuelas_por_1000_hab": 0.0, "dispensarios_por_10000_hab": 0.0, "comisarias_por_10000_hab": 0.0, "paradas_por_1000_hab": 3.98, "centros_vecinales_por_10000_hab": 0.0, "tiene_escuela": 0, "tiene_dispensario": 0, "tiene_comisaria": 0, "tiene_transporte": 1, "infraestructura_score": 0.0737, "tamano_promedio_hogar": 3.56, "educacion_ratio_publico_privado": 0.0, "ranking_infraestructura": 412, "percentil_infraestructura": 16.8 }, "geometry": { "type": "Point", "coordinates": [ -64.248946867237095, -31.4064423364043 ] } },
{ "type": "Feature", "properties": { "barrio": "ALTO HERMOSO", "poblacion": 500.0, "hogares": 200.0, "nbi": 0.0, "pct_nbi": 0.0, "escuelas_total": 0, "escuelas_estatales": 0, "escuelas_privadas": 0, "dispensarios_municipales": 0, "paradas_colectivo": 8, "lineas_colectivo": 3, "luminarias_reportes": 0, "comisarias": 0, "centros_vecinales": 0, "poblacion_log": 6.217, "pct_escuelas_privadas": 0.0, "escuelas_por_1000_hab": 0.0, "dispensarios_por_10000_hab": 0.0, "comisarias_por_10000_hab": 0.0, "paradas_por_1000_hab": 16.0, "centros_vecinales_por_10000_hab": 0.0, "tiene_escuela": 0, "tiene_dispensario": 0, "tiene_comisaria": 0, "tiene_transporte": 1, "infraestructura_score": 0.2963, "tamano_promedio_hogar": 2.5, "educacion_ratio_publico_privado": 0.0, "ranking_infraestructura": 132, "percentil_infraestructura": 73.1 }, "geometry": { "type": "Point", "coordinates": [ -64.305293755477607, -31.330293964089599 ] } },
{ "type": "Feature", "properties": { "barrio": "ALTO PALERMO", "poblacion": 923.0, "hogares": 311.0, "nbi": 0.0, "pct_nbi": 0.0, "escuelas_total": 1, "escuelas_estatales": 1, "escuelas_privadas": 0, "dispensarios_municipales": 0, "paradas_colectivo": 25, "lineas_colectivo": 13, "luminarias_reportes": 158, "comisarias": 0, "centros_vecinales": 0, "poblacion_log": 6.829, "pct_escuelas_privadas": 0.0, "escuelas_por_1000_hab": 1.08, "dispensarios_por_10000_hab": 0.0, "comisarias_por_10000_hab": 0.0, "paradas_por_1000_hab": 24.0, "centros_vecinales_por_10000_hab": 0.0, "tiene_escuela": 1, "tiene_dispensario": 0, "tiene_comisaria": 0, "tiene_transporte": 1, "infraestructura_score": 0.5194, "tamano_promedio_hogar": 2.97, "educacion_ratio_publico_privado": 1.0, "ranking_infraestructura": 42, "percentil_infraestructura": 91.7 }, "geometry": { "type": "Point", "coordinates": [ -64.224736294399193, -31.3756925958522 ] } },
{ "type": "Feature", "properties": { "barrio": "ALTO VERDE", "poblacion": 3956.0, "hogares": 1287.0, "nbi": 3.0, "pct_nbi": 0.23, "escuelas_total": 6, "escuelas_estatales": 2, "escuelas_privadas": 4, "dispensarios_municipales": 0, "paradas_colectivo": 7, "lineas_colectivo": 2, "luminarias_reportes": 592, "comisarias": 0, "centros_vecinales": 0, "poblacion_log": 8.283, "pct_escuelas_privadas": 0.667, "escuelas_por_1000_hab": 1.52, "dispensarios_por_10000_hab": 0.0, "comisarias_por_10000_hab": 0.0, "paradas_por_1000_hab": 1.77, "centros_vecinales_por_10000_hab": 0.0, "tiene_escuela": 1, "tiene_dispensario": 0, "tiene_comisaria": 0, "tiene_transporte": 1, "infraestructura_score": 0.1383, "tamano_promedio_hogar": 3.07, "educacion_ratio_publico_privado": 0.5, "ranking_infraestructura": 307, "percentil_infraestructura": 38.1 }, "geometry": { "type": "Point", "coordinates": [ -64.214132596461397, -31.373535822628799 ] } },
{ "type": "Feature", "properties": { "barrio": "ALTOS DE VELEZ SARSFIELD", "poblacion": 1678.0, "hogares": 544.0, "nbi": 7.0, "pct_nbi": 1.29, "escuelas_total": 1, "escuelas_estatales": 1, "escuelas_privadas": 0, "dispensarios_municipales": 0, "paradas_colectivo": 10, "lineas_colectivo": 4, "luminarias_reportes": 170, "comisarias": 0, "centros_vecinales": 1, "poblacion_log": 7.426, "pct_escuelas_privadas": 0.0, "escuelas_por_1000_hab": 0.6, "dispensarios_por_10000_hab": 0.0, "comisarias_por_10000_hab": 0.0, "paradas_por_1000_hab": 5.96, "centros_vecinales_por_10000_hab": 5.96, "tiene_escuela": 1, "tiene_dispensario": 0, "tiene_comisaria": 0, "tiene_transporte": 1, "infraestructura_score": 0.152, "tamano_promedio_hogar": 3.08, "educacion_ratio_publico_privado": 1.0, "ranking_infraestructura": 282, "percentil_infraestructura": 43.1 }, "geometry": { "type": "Point", "coordinates": [ -64.214097503870207, -31.4483323168207 ] } },
{ "type": "Feature", "properties": { "barrio": "ALTOS DE VILLA CABRERA", "poblacion": 1164.0, "hogares": 400.0, "nbi": 5.0, "pct_nbi": 1.25, "escuelas_total": 1, "escuelas_estatales": 1, "escuelas_privadas": 0, "dispensarios_municipales": 0, "paradas_colectivo": 18, "lineas_colectivo": 13, "luminarias_reportes": 173, "comisarias": 0, "centros_vecinales": 0, "poblacion_log": 7.06, "pct_escuelas_privadas": 0.0, "escuelas_por_1000_hab": 0.86, "dispensarios_por_10000_hab": 0.0, "comisarias_por_10000_hab": 0.0, "paradas_por_1000_hab": 15.46, "centros_vecinales_por_10000_hab": 0.0, "tiene_escuela": 1, "tiene_dispensario": 0, "tiene_comisaria": 0, "tiene_transporte": 1, "infraestructura_score": 0.346, "tamano_promedio_hogar": 2.91, "educacion_ratio_publico_privado": 1.0, "ranking_infraestructura": 104, "percentil_infraestructura": 79.1 }, "geometry": { "type": "Point", "coordinates": [ -64.219623094015105, -31.381247201843902 ] } },
{ "type": "Feature", "properties": { "barrio": "ALTOS SAN MARTIN", "poblacion": 1279.0, "hogares": 440.0, "nbi": 3.0, "pct_nbi": 0.68, "escuelas_total": 0, "escuelas_estatales": 0, "escuelas_privadas": 0, "dispensarios_municipales": 0, "paradas_colectivo": 7, "lineas_colectivo": 2, "luminarias_reportes": 177, "comisarias": 0, "centros_vecinales": 0, "poblacion_log": 7.155, "pct_escuelas_privadas": 0.0, "escuelas_por_1000_hab": 0.0, "dispensarios_por_10000_hab": 0.0, "comisarias_por_10000_hab": 0.0, "paradas_por_1000_hab": 5.47, "centros_vecinales_por_10000_hab": 0.0, "tiene_escuela": 0, "tiene_dispensario": 0, "tiene_comisaria": 0, "tiene_transporte": 1, "infraestructura_score": 0.1013, "tamano_promedio_hogar": 2.91, "educacion_ratio_publico_privado": 0.0, "ranking_infraestructura": 376, "percentil_infraestructura": 24.1 }, "geometry": { "type": "Point", "coordinates": [ -64.214357851734704, -31.377232595889801 ] } },
{ "type": "Feature", "properties": { "barrio": "ALTOS SUD DE SAN VICENTE", "poblacion": 1023.0, "hogares": 275.0, "nbi": 21.0, "pct_nbi": 7.64, "escuelas_total": 0, "escuelas_estatales": 0, "escuelas_privadas": 0, "dispensarios_municipales": 0, "paradas_colectivo": 4, "lineas_colectivo": 2, "luminarias_reportes": 7, "comisarias": 0, "centros_vecinales": 0, "poblacion_log": 6.931, "pct_escuelas_privadas": 0.0, "escuelas_por_1000_hab": 0.0, "dispensarios_por_10000_hab": 0.0, "comisarias_por_10000_hab": 0.0, "paradas_por_1000_hab": 3.91, "centros_vecinales_por_10000_hab": 0.0, "tiene_escuela": 0, "tiene_dispensario": 0, "tiene_comisaria": 0, "tiene_transporte": 1, "infraestructura_score": 0.0724, "tamano_promedio_hogar": 3.72, "educacion_ratio_publico_privado": 0.0, "ranking_infraestructura": 415, "percentil_infraestructura": 16.2 }, "geometry": { "type": "Point", "coordinates": [ -64.140888844494398, -31.4371311914398 ] } },
{ "type": "Feature", "properties": { "barrio": "AMEGHINO NORTE", "poblacion": 3781.0, "hogares": 1008.0, "nbi": 124.0, "pct_nbi": 12.3, "escuelas_total": 1, "escuelas_estatales": 1, "escuelas_privadas": 0, "dispensarios_municipales": 1, "paradas_colectivo": 17, "lineas_colectivo": 7, "luminarias_reportes": 79, "comisarias": 0, "centros_vecinales": 1, "poblacion_log": 8.238, "pct_escuelas_privadas": 0.0, "escuelas_por_1000_hab": 0.26, "dispensarios_por_10000_hab": 2.64, "comisarias_por_10000_hab": 0.0, "paradas_por_1000_hab": 4.5, "centros_vecinales_por_10000_hab": 2.64, "tiene_escuela": 1, "tiene_dispensario": 1, "tiene_comisaria": 0, "tiene_transporte": 1, "infraestructura_score": 0.1895, "tamano_promedio_hogar": 3.75, "educacion_ratio_publico_privado": 1.0, "ranking_infraestructura": 234, "percentil_infraestructura": 52.8 }, "geometry": { "type": "Point", "coordinates": [ -64.237200841710703, -31.4291728661583 ] } },
{ "type": "Feature", "properties": { "barrio": "AMEGHINO SUD", "poblacion": 3449.0, "hogares": 1093.0, "nbi": 18.0, "pct_nbi": 1.65, "escuelas_total": 4, "escuelas_estatales": 4, "escuelas_privadas": 0, "dispensarios_municipales": 0, "paradas_colectivo": 22, "lineas_colectivo": 8, "luminarias_reportes": 343, "comisarias": 0, "centros_vecinales": 1, "poblacion_log": 8.146, "pct_escuelas_privadas": 0.0, "escuelas_por_1000_hab": 1.16, "dispensarios_por_10000_hab": 0.0, "comisarias_por_10000_hab": 0.0, "paradas_por_1000_hab": 6.38, "centros_vecinales_por_10000_hab": 2.9, "tiene_escuela": 1, "tiene_dispensario": 0, "tiene_comisaria": 0, "tiene_transporte": 1, "infraestructura_score": 0.1986, "tamano_promedio_hogar": 3.16, "educacion_ratio_publico_privado": 4.0, "ranking_infraestructura": 222, "percentil_infraestructura": 55.3 }, "geometry": { "type": "Point", "coordinates": [ -64.2375798932284, -31.434434412078101 ] } },
{ "type": "Feature", "properties": { "barrio": "AMPLIACION ALTAMIRA", "poblacion": 1897.0, "hogares": 504.0, "nbi": 37.0, "pct_nbi": 7.34, "escuelas_total": 0, "escuelas_estatales": 0, "escuelas_privadas": 0, "dispensarios_municipales": 1, "paradas_colectivo": 16, "lineas_colectivo": 2, "luminarias_reportes": 9, "comisarias": 0, "centros_vecinales": 2, "poblacion_log": 7.549, "pct_escuelas_privadas": 0.0, "escuelas_por_1000_hab": 0.0, "dispensarios_por_10000_hab": 5.27, "comisarias_por_10000_hab": 0.0, "paradas_por_1000_hab": 8.43, "centros_vecinales_por_10000_hab": 10.54, "tiene_escuela": 0, "tiene_dispensario": 1, "tiene_comisaria": 0, "tiene_transporte": 1, "infraestructura_score": 0.332, "tamano_promedio_hogar": 3.76, "educacion_ratio_publico_privado": 0.0, "ranking_infraestructura": 112, "percentil_infraestructura": 77.5 }, "geometry": { "type": "Point", "coordinates": [ -64.130149050924004, -31.418800365534 ] } },
{ "type": "Feature", "properties": { "barrio": "AMPLIACION BENJAMIN MATIENZO", "poblacion": 2024.0, "hogares": 512.0, "nbi": 54.0, "pct_nbi": 10.55, "escuelas_total": 4, "escuelas_estatales": 4, "escuelas_privadas": 0, "dispensarios_municipales": 0, "paradas_colectivo": 8, "lineas_colectivo": 3, "luminarias_reportes": 40, "comisarias": 0, "centros_vecinales": 0, "poblacion_log": 7.613, "pct_escuelas_privadas": 0.0, "escuelas_por_1000_hab": 1.98, "dispensarios_por_10000_hab": 0.0, "comisarias_por_10000_hab": 0.0, "paradas_por_1000_hab": 3.95, "centros_vecinales_por_10000_hab": 0.0, "tiene_escuela": 1, "tiene_dispensario": 0, "tiene_comisaria": 0, "tiene_transporte": 1, "infraestructura_score": 0.2105, "tamano_promedio_hogar": 3.95, "educacion_ratio_publico_privado": 4.0, "ranking_infraestructura": 212, "percentil_infraestructura": 57.3 }, "geometry": { "type": "Point", "coordinates": [ -64.234915849134495, -31.446298400218549 ] } },
{ "type": "Feature", "properties": { "barrio": "AMPLIACION CABO FARINA", "poblacion": 500.0, "hogares": 200.0, "nbi": 12.0, "pct_nbi": 6.0, "escuelas_total": 0, "escuelas_estatales": 0, "escuelas_privadas": 0, "dispensarios_municipales": 0, "paradas_colectivo": 3, "lineas_colectivo": 1, "luminarias_reportes": 17, "comisarias": 0, "centros_vecinales": 1, "poblacion_log": 6.217, "pct_escuelas_privadas": 0.0, "escuelas_por_1000_hab": 0.0, "dispensarios_por_10000_hab": 0.0, "comisarias_por_10000_hab": 0.0, "paradas_por_1000_hab": 6.0, "centros_vecinales_por_10000_hab": 20.0, "tiene_escuela": 0, "tiene_dispensario": 0, "tiene_comisaria": 0, "tiene_transporte": 1, "infraestructura_score": 0.1111, "tamano_promedio_hogar": 2.5, "educacion_ratio_publico_privado": 0.0, "ranking_infraestructura": 347, "percentil_infraestructura": 29.1 }, "geometry": { "type": "Point", "coordinates": [ -64.214878000792098, -31.461542095923502 ] } },
{ "type": "Feature", "properties": { "barrio": "AMPLIACION EMPALME", "poblacion": 3115.0, "hogares": 940.0, "nbi": 25.0, "pct_nbi": 2.66, "escuelas_total": 0, "escuelas_estatales": 0, "escuelas_privadas": 0, "dispensarios_municipales": 1, "paradas_colectivo": 25, "lineas_colectivo": 3, "luminarias_reportes": 19, "comisarias": 0, "centros_vecinales": 1, "poblacion_log": 8.044, "pct_escuelas_privadas": 0.0, "escuelas_por_1000_hab": 0.0, "dispensarios_por_10000_hab": 3.21, "comisarias_por_10000_hab": 0.0, "paradas_por_1000_hab": 8.03, "centros_vecinales_por_10000_hab": 3.21, "tiene_escuela": 0, "tiene_dispensario": 1, "tiene_comisaria": 0, "tiene_transporte": 1, "infraestructura_score": 0.2559, "tamano_promedio_hogar": 3.31, "educacion_ratio_publico_privado": 0.0, "ranking_infraestructura": 160, "percentil_infraestructura": 67.8 }, "geometry": { "type": "Point", "coordinates": [ -64.125216128004894, -31.4317354197924 ] } },
{ "type": "Feature", "properties": { "barrio": "AMPLIACION GENERAL ARTIGAS", "poblacion": 2325.0, "hogares": 661.0, "nbi": 20.0, "pct_nbi": 3.03, "escuelas_total": 0, "escuelas_estatales": 0, "escuelas_privadas": 0, "dispensarios_municipales": 0, "paradas_colectivo": 1, "lineas_colectivo": 0, "luminarias_reportes": 80, "comisarias": 0, "centros_vecinales": 2, "poblacion_log": 7.752, "pct_escuelas_privadas": 0.0, "escuelas_por_1000_hab": 0.0, "dispensarios_por_10000_hab": 0.0, "comisarias_por_10000_hab": 0.0, "paradas_por_1000_hab": 0.43, "centros_vecinales_por_10000_hab": 8.6, "tiene_escuela": 0, "tiene_dispensario": 0, "tiene_comisaria": 0, "tiene_transporte": 1, "infraestructura_score": 0.008, "tamano_promedio_hogar": 3.52, "educacion_ratio_publico_privado": 0.0, "ranking_infraestructura": 467, "percentil_infraestructura": 5.7 }, "geometry": { "type": "Point", "coordinates": [ -64.195887521265902, -31.4632233206896 ] } },
{ "type": "Feature", "properties": { "barrio": "AMPLIACION JARDIN ESPINOSA", "poblacion": 519.0, "hogares": 200.0, "nbi": 0.0, "pct_nbi": 0.0, "escuelas_total": 0, "escuelas_estatales": 0, "escuelas_privadas": 0, "dispensarios_municipales": 0, "paradas_colectivo": 10, "lineas_colectivo": 4, "luminarias_reportes": 128, "comisarias": 0, "centros_vecinales": 0, "poblacion_log": 6.254, "pct_escuelas_privadas": 0.0, "escuelas_por_1000_hab": 0.0, "dispensarios_por_10000_hab": 0.0, "comisarias_por_10000_hab": 0.0, "paradas_por_1000_hab": 19.27, "centros_vecinales_por_10000_hab": 0.0, "tiene_escuela": 0, "tiene_dispensario": 0, "tiene_comisaria": 0, "tiene_transporte": 1, "infraestructura_score": 0.3569, "tamano_promedio_hogar": 2.6, "educacion_ratio_publico_privado": 0.0, "ranking_infraestructura": 101, "percentil_infraestructura": 79.8 }, "geometry": { "type": "Point", "coordinates": [ -64.173298057738705, -31.4554158322251 ] } },
{ "type": "Feature", "properties": { "barrio": "AMPLIACION JOSE IGNACIO DIAZ SECCION 2", "poblacion": 1883.0, "hogares": 430.0, "nbi": 56.0, "pct_nbi": 13.02, "escuelas_total": 1, "escuelas_estatales": 1, "escuelas_privadas": 0, "dispensarios_municipales": 1, "paradas_colectivo": 8, "lineas_colectivo": 2, "luminarias_reportes": 0, "comisarias": 0, "centros_vecinales": 1, "poblacion_log": 7.541, "pct_escuelas_privadas": 0.0, "escuelas_por_1000_hab": 0.53, "dispensarios_por_10000_hab": 5.31, "comisarias_por_10000_hab": 0.0, "paradas_por_1000_hab": 4.25, "centros_vecinales_por_10000_hab": 5.31, "tiene_escuela": 1, "tiene_dispensario": 1, "tiene_comisaria": 0, "tiene_transporte": 1, "infraestructura_score": 0.2927, "tamano_promedio_hogar": 4.38, "educacion_ratio_publico_privado": 1.0, "ranking_infraestructura": 140, "percentil_infraestructura": 71.9 }, "geometry": { "type": "Point", "coordinates": [ -64.146600727316596, -31.4509219153054 ] } },
{ "type": "Feature", "properties": { "barrio": "AMPLIACION JOSE IGNACIO DIAZ SECCION 3", "poblacion": 668.0, "hogares": 200.0, "nbi": 22.0, "pct_nbi": 11.0, "escuelas_total": 0, "escuelas_estatales": 0, "escuelas_privadas": 0, "dispensarios_municipales": 0, "paradas_colectivo": 9, "lineas_colectivo": 3, "luminarias_reportes": 0, "comisarias": 0, "centros_vecinales": 1, "poblacion_log": 6.506, "pct_escuelas_privadas": 0.0, "escuelas_por_1000_hab": 0.0, "dispensarios_por_10000_hab": 0.0, "comisarias_por_10000_hab": 0.0, "paradas_por_1000_hab": 13.47, "centros_vecinales_por_10000_hab": 14.97, "tiene_escuela": 0, "tiene_dispensario": 0, "tiene_comisaria": 0, "tiene_transporte": 1, "infraestructura_score": 0.2494, "tamano_promedio_hogar": 3.34, "educacion_ratio_publico_privado": 0.0, "ranking_infraestructura": 167, "percentil_infraestructura": 66.4 }, "geometry": { "type": "Point", "coordinates": [ -64.143218137555806, -31.4507822343279 ] } },
{ "type": "Feature", "properties": { "barrio": "AMPLIACION KENNEDY", "poblacion": 500.0, "hogares": 200.0, "nbi": 7.0, "pct_nbi": 3.5, "escuelas_total": 0, "escuelas_estatales": 0, "escuelas_privadas": 0, "dispensarios_municipales": 0, "paradas_colectivo": 12, "lineas_colectivo": 3, "luminarias_reportes": 20, "comisarias": 0, "centros_vecinales": 0, "poblacion_log": 6.217, "pct_escuelas_privadas": 0.0, "escuelas_por_1000_hab": 0.0, "dispensarios_por_10000_hab": 0.0, "comisarias_por_10000_hab": 0.0, "paradas_por_1000_hab": 24.0, "centros_vecinales_por_10000_hab": 0.0, "tiene_escuela": 0, "tiene_dispensario": 0, "tiene_comisaria": 0, "tiene_transporte": 1, "infraestructura_score": 0.4444, "tamano_promedio_hogar": 2.5, "educacion_ratio_publico_privado": 0.0, "ranking_infraestructura": 59, "percentil_infraestructura": 87.4 }, "geometry": { "type": "Point", "coordinates": [ -64.194388163618299, -31.4562968531853 ] } },
{ "type": "Feature", "properties": { "barrio": "AMPLIACION LAS PALMAS", "poblacion": 1750.0, "hogares": 513.0, "nbi": 12.0, "pct_nbi": 2.34, "escuelas_total": 2, "escuelas_estatales": 2, "escuelas_privadas": 0, "dispensarios_municipales": 0, "paradas_colectivo": 19, "lineas_colectivo": 8, "luminarias_reportes": 182, "comisarias": 0, "centros_vecinales": 1, "poblacion_log": 7.468, "pct_escuelas_privadas": 0.0, "escuelas_por_1000_hab": 1.14, "dispensarios_por_10000_hab": 0.0, "comisarias_por_10000_hab": 0.0, "paradas_por_1000_hab": 10.86, "centros_vecinales_por_10000_hab": 5.71, "tiene_escuela": 1, "tiene_dispensario": 0, "tiene_comisaria": 0, "tiene_transporte": 1, "infraestructura_score": 0.2802, "tamano_promedio_hogar": 3.41, "educacion_ratio_publico_privado": 2.0, "ranking_infraestructura": 147, "percentil_infraestructura": 70.4 }, "geometry": { "type": "Point", "coordinates": [ -64.242859773251197, -31.4010828106417 ] } },
{ "type": "Feature", "properties": { "barrio": "AMPLIACION LOS ALAMOS", "poblacion": 795.0, "hogares": 200.0, "nbi": 4.0, "pct_nbi": 2.0, "escuelas_total": 0, "escuelas_estatales": 0, "escuelas_privadas": 0, "dispensarios_municipales": 0, "paradas_colectivo": 6, "lineas_colectivo": 6, "luminarias_reportes": 0, "comisarias": 0, "centros_vecinales": 0, "poblacion_log": 6.68, "pct_escuelas_privadas": 0.0, "escuelas_por_1000_hab": 0.0, "dispensarios_por_10000_hab": 0.0, "comisarias_por_10000_hab": 0.0, "paradas_por_1000_hab": 7.55, "centros_vecinales_por_10000_hab": 0.0, "tiene_escuela": 0, "tiene_dispensario": 0, "tiene_comisaria": 0, "tiene_transporte": 1, "infraestructura_score": 0.1398, "tamano_promedio_hogar": 3.98, "educacion_ratio_publico_privado": 0.0, "ranking_infraestructura": 305, "percentil_infraestructura": 38.5 }, "geometry": { "type": "Point", "coordinates": [ -64.154291942821402, -31.364416650738601 ] } },
{ "type": "Feature", "properties": { "barrio": "AMPLIACION LOS PLATANOS", "poblacion": 1060.0, "hogares": 281.0, "nbi": 10.0, "pct_nbi": 3.56, "escuelas_total": 0, "escuelas_estatales": 0, "escuelas_privadas": 0, "dispensarios_municipales": 0, "paradas_colectivo": 5, "lineas_colectivo": 2, "luminarias_reportes": 18, "comisarias": 0, "centros_vecinales": 1, "poblacion_log": 6.967, "pct_escuelas_privadas": 0.0, "escuelas_por_1000_hab": 0.0, "dispensarios_por_10000_hab": 0.0, "comisarias_por_10000_hab": 0.0, "paradas_por_1000_hab": 4.72, "centros_vecinales_por_10000_hab": 9.43, "tiene_escuela": 0, "tiene_dispensario": 0, "tiene_comisaria": 0, "tiene_transporte": 1, "infraestructura_score": 0.0874, "tamano_promedio_hogar": 3.77, "educacion_ratio_publico_privado": 0.0, "ranking_infraestructura": 386, "percentil_infraestructura": 22.0 }, "geometry": { "type": "Point", "coordinates": [ -64.234140557603595, -31.4186010236435 ] } },
{ "type": "Feature", "properties": { "barrio": "AMPLIACION PALMAR", "poblacion": 1356.0, "hogares": 380.0, "nbi": 6.0, "pct_nbi": 1.58, "escuelas_total": 2, "escuelas_estatales": 2, "escuelas_privadas": 0, "dispensarios_municipales": 0, "paradas_colectivo": 11, "lineas_colectivo": 2, "luminarias_reportes": 7, "comisarias": 0, "centros_vecinales": 1, "poblacion_log": 7.213, "pct_escuelas_privadas": 0.0, "escuelas_por_1000_hab": 1.47, "dispensarios_por_10000_hab": 0.0, "comisarias_por_10000_hab": 0.0, "paradas_por_1000_hab": 8.11, "centros_vecinales_por_10000_hab": 7.37, "tiene_escuela": 1, "tiene_dispensario": 0, "tiene_comisaria": 0, "tiene_transporte": 1, "infraestructura_score": 0.2522, "tamano_promedio_hogar": 3.57, "educacion_ratio_publico_privado": 2.0, "ranking_infraestructura": 162, "percentil_infraestructura": 67.4 }, "geometry": { "type": "Point", "coordinates": [ -64.120252778461307, -31.3875352636237 ] } },
{ "type": "Feature", "properties": { "barrio": "AMPLIACION PANAMERICANO", "poblacion": 1545.0, "hogares": 528.0, "nbi": 10.0, "pct_nbi": 1.89, "escuelas_total": 0, "escuelas_estatales": 0, "escuelas_privadas": 0, "dispensarios_municipales": 0, "paradas_colectivo": 4, "lineas_colectivo": 3, "luminarias_reportes": 54, "comisarias": 0, "centros_vecinales": 1, "poblacion_log": 7.343, "pct_escuelas_privadas": 0.0, "escuelas_por_1000_hab": 0.0, "dispensarios_por_10000_hab": 0.0, "comisarias_por_10000_hab": 0.0, "paradas_por_1000_hab": 2.59, "centros_vecinales_por_10000_hab": 6.47, "tiene_escuela": 0, "tiene_dispensario": 0, "tiene_comisaria": 0, "tiene_transporte": 1, "infraestructura_score": 0.048, "tamano_promedio_hogar": 2.93, "educacion_ratio_publico_privado": 0.0, "ranking_infraestructura": 437, "percentil_infraestructura": 11.7 }, "geometry": { "type": "Point", "coordinates": [ -64.179988667288896, -31.365476066006 ] } },
{ "type": "Feature", "properties": { "barrio": "AMPLIACION PARQUE SAN CARLOS", "poblacion": 1070.0, "hogares": 311.0, "nbi": 4.0, "pct_nbi": 1.29, "escuelas_total": 0, "escuelas_estatales": 0, "escuelas_privadas": 0, "dispensarios_municipales": 0, "paradas_colectivo": 4, "lineas_colectivo": 2, "luminarias_reportes": 0, "comisarias": 0, "centros_vecinales": 0, "poblacion_log": 6.976, "pct_escuelas_privadas": 0.0, "escuelas_por_1000_hab": 0.0, "dispensarios_por_10000_hab": 0.0, "comisarias_por_10000_hab": 0.0, "paradas_por_1000_hab": 3.74, "centros_vecinales_por_10000_hab": 0.0, "tiene_escuela": 0, "tiene_dispensario": 0, "tiene_comisaria": 0, "tiene_transporte": 1, "infraestructura_score": 0.0693, "tamano_promedio_hogar": 3.44, "educacion_ratio_publico_privado": 0.0, "ranking_infraestructura": 422, "percentil_infraestructura": 14.8 }, "geometry": { "type": "Point", "coordinates": [ -64.156384165343695, -31.449958521527599 ] } },
{ "type": "Feature", "properties": { "barrio": "AMPLIACION POETA LUGONES", "poblacion": 2830.0, "hogares": 839.0, "nbi": 2.0, "pct_nbi": 0.24, "escuelas_total": 1, "escuelas_estatales": 1, "escuelas_privadas": 0, "dispensarios_municipales": 0, "paradas_colectivo": 9, "lineas_colectivo": 2, "luminarias_reportes": 147, "comisarias": 0, "centros_vecinales": 1, "poblacion_log": 7.948, "pct_escuelas_privadas": 0.0, "escuelas_por_1000_hab": 0.35, "dispensarios_por_10000_hab": 0.0, "comisarias_por_10000_hab": 0.0, "paradas_por_1000_hab": 3.18, "centros_vecinales_por_10000_hab": 3.53, "tiene_escuela": 1, "tiene_dispensario": 0, "tiene_comisaria": 0, "tiene_transporte": 1, "infraestructura_score": 0.0832, "tamano_promedio_hogar": 3.37, "educacion_ratio_publico_privado": 1.0, "ranking_infraestructura": 395, "percentil_infraestructura": 20.2 }, "geometry": { "type": "Point", "coordinates": [ -64.222766984913207, -31.359759551625402 ] } },
{ "type": "Feature", "properties": { "barrio": "AMPLIACION PRIMERO DE MAYO", "poblacion": 1690.0, "hogares": 389.0, "nbi": 40.0, "pct_nbi": 10.28, "escuelas_total": 3, "escuelas_estatales": 0, "escuelas_privadas": 3, "dispensarios_municipales": 0, "paradas_colectivo": 6, "lineas_colectivo": 3, "luminarias_reportes": 0, "comisarias": 0, "centros_vecinales": 1, "poblacion_log": 7.433, "pct_escuelas_privadas": 1.0, "escuelas_por_1000_hab": 1.78, "dispensarios_por_10000_hab": 0.0, "comisarias_por_10000_hab": 0.0, "paradas_por_1000_hab": 3.55, "centros_vecinales_por_10000_hab": 5.92, "tiene_escuela": 1, "tiene_dispensario": 0, "tiene_comisaria": 0, "tiene_transporte": 1, "infraestructura_score": 0.1893, "tamano_promedio_hogar": 4.34, "educacion_ratio_publico_privado": 0.0, "ranking_infraestructura": 235, "percentil_infraestructura": 52.6 }, "geometry": { "type": "Point", "coordinates": [ -64.112337093766101, -31.4437153991218 ] } },
{ "type": "Feature", "properties": { "barrio": "AMPLIACION PUEYRREDON", "poblacion": 1809.0, "hogares": 553.0, "nbi": 14.0, "pct_nbi": 2.53, "escuelas_total": 5, "escuelas_estatales": 4, "escuelas_privadas": 1, "dispensarios_municipales": 0, "paradas_colectivo": 14, "lineas_colectivo": 5, "luminarias_reportes": 18, "comisarias": 0, "centros_vecinales": 1, "poblacion_log": 7.501, "pct_escuelas_privadas": 0.2, "escuelas_por_1000_hab": 2.76, "dispensarios_por_10000_hab": 0.0, "comisarias_por_10000_hab": 0.0, "paradas_por_1000_hab": 7.74, "centros_vecinales_por_10000_hab": 5.53, "tiene_escuela": 1, "tiene_dispensario": 0, "tiene_comisaria": 0, "tiene_transporte": 1, "infraestructura_score": 0.3349, "tamano_promedio_hogar": 3.27, "educacion_ratio_publico_privado": 4.0, "ranking_infraestructura": 107, "percentil_infraestructura": 78.5 }, "geometry": { "type": "Point", "coordinates": [ -64.145082179747703, -31.393666954667999 ] } },
{ "type": "Feature", "properties": { "barrio": "AMPLIACION RESIDENCIAL AMERICA", "poblacion": 5488.0, "hogares": 1603.0, "nbi": 53.0, "pct_nbi": 3.31, "escuelas_total": 7, "escuelas_estatales": 4, "escuelas_privadas": 3, "dispensarios_municipales": 0, "paradas_colectivo": 9, "lineas_colectivo": 1, "luminarias_reportes": 133, "comisarias": 0, "centros_vecinales": 2, "poblacion_log": 8.611, "pct_escuelas_privadas": 0.429, "escuelas_por_1000_hab": 1.28, "dispensarios_por_10000_hab": 0.0, "comisarias_por_10000_hab": 0.0, "paradas_por_1000_hab": 1.64, "centros_vecinales_por_10000_hab": 3.64, "tiene_escuela": 1, "tiene_dispensario": 0, "tiene_comisaria": 0, "tiene_transporte": 1, "infraestructura_score": 0.1192, "tamano_promedio_hogar": 3.42, "educacion_ratio_publico_privado": 1.33, "ranking_infraestructura": 329, "percentil_infraestructura": 33.6 }, "geometry": { "type": "Point", "coordinates": [ -64.161233126445296, -31.376008249887999 ] } },
{ "type": "Feature", "properties": { "barrio": "AMPLIACION ROSEDAL", "poblacion": 3123.0, "hogares": 814.0, "nbi": 40.0, "pct_nbi": 4.91, "escuelas_total": 0, "escuelas_estatales": 0, "escuelas_privadas": 0, "dispensarios_municipales": 1, "paradas_colectivo": 8, "lineas_colectivo": 3, "luminarias_reportes": 276, "comisarias": 0, "centros_vecinales": 1, "poblacion_log": 8.047, "pct_escuelas_privadas": 0.0, "escuelas_por_1000_hab": 0.0, "dispensarios_por_10000_hab": 3.2, "comisarias_por_10000_hab": 0.0, "paradas_por_1000_hab": 2.56, "centros_vecinales_por_10000_hab": 3.2, "tiene_escuela": 0, "tiene_dispensario": 1, "tiene_comisaria": 0, "tiene_transporte": 1, "infraestructura_score": 0.1542, "tamano_promedio_hogar": 3.84, "educacion_ratio_publico_privado": 0.0, "ranking_infraestructura": 280, "percentil_infraestructura": 43.5 }, "geometry": { "type": "Point", "coordinates": [ -64.224239317809406, -31.4399633501796 ] } },
{ "type": "Feature", "properties": { "barrio": "AMPLIACION SAN FERNANDO", "poblacion": 3375.0, "hogares": 1000.0, "nbi": 48.0, "pct_nbi": 4.8, "escuelas_total": 0, "escuelas_estatales": 0, "escuelas_privadas": 0, "dispensarios_municipales": 0, "paradas_colectivo": 5, "lineas_colectivo": 1, "luminarias_reportes": 80, "comisarias": 0, "centros_vecinales": 0, "poblacion_log": 8.124, "pct_escuelas_privadas": 0.0, "escuelas_por_1000_hab": 0.0, "dispensarios_por_10000_hab": 0.0, "comisarias_por_10000_hab": 0.0, "paradas_por_1000_hab": 1.48, "centros_vecinales_por_10000_hab": 0.0, "tiene_escuela": 0, "tiene_dispensario": 0, "tiene_comisaria": 0, "tiene_transporte": 1, "infraestructura_score": 0.0274, "tamano_promedio_hogar": 3.38, "educacion_ratio_publico_privado": 0.0, "ranking_infraestructura": 457, "percentil_infraestructura": 7.7 }, "geometry": { "type": "Point", "coordinates": [ -64.191618433940107, -31.4534767190212 ] } },
{ "type": "Feature", "properties": { "barrio": "AMPLIACION SAN PABLO", "poblacion": 2247.0, "hogares": 735.0, "nbi": 2.0, "pct_nbi": 0.27, "escuelas_total": 4, "escuelas_estatales": 4, "escuelas_privadas": 0, "dispensarios_municipales": 0, "paradas_colectivo": 5, "lineas_colectivo": 2, "luminarias_reportes": 66, "comisarias": 0, "centros_vecinales": 1, "poblacion_log": 7.718, "pct_escuelas_privadas": 0.0, "escuelas_por_1000_hab": 1.78, "dispensarios_por_10000_hab": 0.0, "comisarias_por_10000_hab": 0.0, "paradas_por_1000_hab": 2.23, "centros_vecinales_por_10000_hab": 4.45, "tiene_escuela": 1, "tiene_dispensario": 0, "tiene_comisaria": 0, "tiene_transporte": 1, "infraestructura_score": 0.1648, "tamano_promedio_hogar": 3.06, "educacion_ratio_publico_privado": 4.0, "ranking_infraestructura": 266, "percentil_infraestructura": 46.4 }, "geometry": { "type": "Point", "coordinates": [ -64.159721455458893, -31.4520403999847 ] } },
{ "type": "Feature", "properties": { "barrio": "AMPLIACION URCA", "poblacion": 2059.0, "hogares": 630.0, "nbi": 3.0, "pct_nbi": 0.48, "escuelas_total": 0, "escuelas_estatales": 0, "escuelas_privadas": 0, "dispensarios_municipales": 0, "paradas_colectivo": 0, "lineas_colectivo": 0, "luminarias_reportes": 0, "comisarias": 0, "centros_vecinales": 0, "poblacion_log": 7.63, "pct_escuelas_privadas": 0.0, "escuelas_por_1000_hab": 0.0, "dispensarios_por_10000_hab": 0.0, "comisarias_por_10000_hab": 0.0, "paradas_por_1000_hab": 0.0, "centros_vecinales_por_10000_hab": 0.0, "tiene_escuela": 0, "tiene_dispensario": 0, "tiene_comisaria": 0, "tiene_transporte": 0, "infraestructura_score": 0.0, "tamano_promedio_hogar": 3.27, "educacion_ratio_publico_privado": 0.0, "ranking_infraestructura": 469, "percentil_infraestructura": 2.7 }, "geometry": { "type": "Point", "coordinates": [ -64.239705764308695, -31.386101477602399 ] } },
{ "type": "Feature", "properties": { "barrio": "AMPLIACION VELEZ SARSFIELD", "poblacion": 1625.0, "hogares": 449.0, "nbi": 14.0, "pct_nbi": 3.12, "escuelas_total": 0, "escuelas_estatales": 0, "escuelas_privadas": 0, "dispensarios_municipales": 0, "paradas_colectivo": 10, "lineas_colectivo": 4, "luminarias_reportes": 49, "comisarias": 0, "centros_vecinales": 0, "poblacion_log": 7.394, "pct_escuelas_privadas": 0.0, "escuelas_por_1000_hab": 0.0, "dispensarios_por_10000_hab": 0.0, "comisarias_por_10000_hab": 0.0, "paradas_por_1000_hab": 6.15, "centros_vecinales_por_10000_hab": 0.0, "tiene_escuela": 0, "tiene_dispensario": 0, "tiene_comisaria": 0, "tiene_transporte": 1, "infraestructura_score": 0.1139, "tamano_promedio_hogar": 3.62, "educacion_ratio_publico_privado": 0.0, "ranking_infraestructura": 338, "percentil_infraestructura": 31.8 }, "geometry": { "type": "Point", "coordinates": [ -64.215583946543802, -31.4536351703001 ] } },
{ "type": "Feature", "properties": { "barrio": "ANA MARIA ZUMARAN", "poblacion": 3542.0, "hogares": 1198.0, "nbi": 36.0, "pct_nbi": 3.01, "escuelas_total": 7, "escuelas_estatales": 4, "escuelas_privadas": 3, "dispensarios_municipales": 0, "paradas_colectivo": 6, "lineas_colectivo": 4, "luminarias_reportes": 269, "comisarias": 0, "centros_vecinales": 1, "poblacion_log": 8.173, "pct_escuelas_privadas": 0.429, "escuelas_por_1000_hab": 1.98, "dispensarios_por_10000_hab": 0.0, "comisarias_por_10000_hab": 0.0, "paradas_por_1000_hab": 1.69, "centros_vecinales_por_10000_hab": 2.82, "tiene_escuela": 1, "tiene_dispensario": 0, "tiene_comisaria": 0, "tiene_transporte": 1, "infraestructura_score": 0.1687, "tamano_promedio_hogar": 2.96, "educacion_ratio_publico_privado": 1.33, "ranking_infraestructura": 257, "percentil_infraestructura": 48.2 }, "geometry": { "type": "Point", "coordinates": [ -64.201274173708399, -31.378893984669901 ] } },
{ "type": "Feature", "properties": { "barrio": "ANEXO LOS ALAMOS", "poblacion": 757.0, "hogares": 218.0, "nbi": 3.0, "pct_nbi": 1.38, "escuelas_total": 0, "escuelas_estatales": 0, "escuelas_privadas": 0, "dispensarios_municipales": 0, "paradas_colectivo": 7, "lineas_colectivo": 3, "luminarias_reportes": 0, "comisarias": 0, "centros_vecinales": 0, "poblacion_log": 6.631, "pct_escuelas_privadas": 0.0, "escuelas_por_1000_hab": 0.0, "dispensarios_por_10000_hab": 0.0, "comisarias_por_10000_hab": 0.0, "paradas_por_1000_hab": 9.25, "centros_vecinales_por_10000_hab": 0.0, "tiene_escuela": 0, "tiene_dispensario": 0, "tiene_comisaria": 0, "tiene_transporte": 1, "infraestructura_score": 0.1713, "tamano_promedio_hogar": 3.47, "educacion_ratio_publico_privado": 0.0, "ranking_infraestructura": 253, "percentil_infraestructura": 49.0 }, "geometry": { "type": "Point", "coordinates": [ -64.159451401446503, -31.366664245274499 ] } },
{ "type": "Feature", "properties": { "barrio": "APEADERO LA TABLADA", "poblacion": 500.0, "hogares": 200.0, "nbi": 3.0, "pct_nbi": 1.5, "escuelas_total": 0, "escuelas_estatales": 0, "escuelas_privadas": 0, "dispensarios_municipales": 0, "paradas_colectivo": 2, "lineas_colectivo": 2, "luminarias_reportes": 33, "comisarias": 0, "centros_vecinales": 0, "poblacion_log": 6.217, "pct_escuelas_privadas": 0.0, "escuelas_por_1000_hab": 0.0, "dispensarios_por_10000_hab": 0.0, "comisarias_por_10000_hab": 0.0, "paradas_por_1000_hab": 4.0, "centros_vecinales_por_10000_hab": 0.0, "tiene_escuela": 0, "tiene_dispensario": 0, "tiene_comisaria": 0, "tiene_transporte": 1, "infraestructura_score": 0.0741, "tamano_promedio_hogar": 2.5, "educacion_ratio_publico_privado": 0.0, "ranking_infraestructura": 406, "percentil_infraestructura": 17.5 }, "geometry": { "type": "Point", "coordinates": [ -64.235597500668902, -31.3520184390118 ] } },
{ "type": "Feature", "properties": { "barrio": "ARGUELLO", "poblacion": 14865.0, "hogares": 4354.0, "nbi": 87.0, "pct_nbi": 2.0, "escuelas_total": 24, "escuelas_estatales": 5, "escuelas_privadas": 19, "dispensarios_municipales": 0, "paradas_colectivo": 15, "lineas_colectivo": 3, "luminarias_reportes": 533, "comisarias": 0, "centros_vecinales": 1, "poblacion_log": 9.607, "pct_escuelas_privadas": 0.792, "escuelas_por_1000_hab": 1.61, "dispensarios_por_10000_hab": 0.0, "comisarias_por_10000_hab": 0.0, "paradas_por_1000_hab": 1.01, "centros_vecinales_por_10000_hab": 0.67, "tiene_escuela": 1, "tiene_dispensario": 0, "tiene_comisaria": 0, "tiene_transporte": 1, "infraestructura_score": 0.1304, "tamano_promedio_hogar": 3.41, "educacion_ratio_publico_privado": 0.26, "ranking_infraestructura": 316, "percentil_infraestructura": 36.2 }, "geometry": { "type": "Point", "coordinates": [ -64.262051826128001, -31.346172242985901 ] } },
{ "type": "Feature", "properties": { "barrio": "ARGUELLO II", "poblacion": 2677.0, "hogares": 623.0, "nbi": 91.0, "pct_nbi": 14.61, "escuelas_total": 2, "escuelas_estatales": 2, "escuelas_privadas": 0, "dispensarios_municipales": 0, "paradas_colectivo": 3, "lineas_colectivo": 1, "luminarias_reportes": 0, "comisarias": 0, "centros_vecinales": 0, "poblacion_log": 7.893, "pct_escuelas_privadas": 0.0, "escuelas_por_1000_hab": 0.75, "dispensarios_por_10000_hab": 0.0, "comisarias_por_10000_hab": 0.0, "paradas_por_1000_hab": 1.12, "centros_vecinales_por_10000_hab": 0.0, "tiene_escuela": 1, "tiene_dispensario": 0, "tiene_comisaria": 0, "tiene_transporte": 1, "infraestructura_score": 0.0728, "tamano_promedio_hogar": 4.3, "educacion_ratio_publico_privado": 2.0, "ranking_infraestructura": 414, "percentil_infraestructura": 16.4 }, "geometry": { "type": "Point", "coordinates": [ -64.242239248677905, -31.324724991938499 ] } },
{ "type": "Feature", "properties": { "barrio": "ARGUELLO NORTE", "poblacion": 15574.0, "hogares": 4079.0, "nbi": 539.0, "pct_nbi": 13.21, "escuelas_total": 13, "escuelas_estatales": 11, "escuelas_privadas": 2, "dispensarios_municipales": 0, "paradas_colectivo": 20, "lineas_colectivo": 3, "luminarias_reportes": 59, "comisarias": 1, "centros_vecinales": 1, "poblacion_log": 9.653, "pct_escuelas_privadas": 0.154, "escuelas_por_1000_hab": 0.83, "dispensarios_por_10000_hab": 0.0, "comisarias_por_10000_hab": 0.64, "paradas_por_1000_hab": 1.28, "centros_vecinales_por_10000_hab": 0.64, "tiene_escuela": 1, "tiene_dispensario": 0, "tiene_comisaria": 1, "tiene_transporte": 1, "infraestructura_score": 0.1269, "tamano_promedio_hogar": 3.82, "educacion_ratio_publico_privado": 5.5, "ranking_infraestructura": 320, "percentil_infraestructura": 35.3 }, "geometry": { "type": "Point", "coordinates": [ -64.248844893565604, -31.330818058016099 ] } },
{ "type": "Feature", "properties": { "barrio": "ARTURO CAPDEVILA", "poblacion": 1818.0, "hogares": 484.0, "nbi": 7.0, "pct_nbi": 1.45, "escuelas_total": 4, "escuelas_estatales": 4, "escuelas_privadas": 0, "dispensarios_municipales": 0, "paradas_colectivo": 18, "lineas_colectivo": 3, "luminarias_reportes": 24, "comisarias": 0, "centros_vecinales": 0, "poblacion_log": 7.506, "pct_escuelas_privadas": 0.0, "escuelas_por_1000_hab": 2.2, "dispensarios_por_10000_hab": 0.0, "comisarias_por_10000_hab": 0.0, "paradas_por_1000_hab": 9.9, "centros_vecinales_por_10000_hab": 0.0, "tiene_escuela": 1, "tiene_dispensario": 0, "tiene_comisaria": 0, "tiene_transporte": 1, "infraestructura_score": 0.336, "tamano_promedio_hogar": 3.76, "educacion_ratio_publico_privado": 4.0, "ranking_infraestructura": 106, "percentil_infraestructura": 78.7 }, "geometry": { "type": "Point", "coordinates": [ -64.131224666199003, -31.376191018105601 ] } },
{ "type": "Feature", "properties": { "barrio": "ATE", "poblacion": 968.0, "hogares": 324.0, "nbi": 6.0, "pct_nbi": 1.85, "escuelas_total": 0, "escuelas_estatales": 0, "escuelas_privadas": 0, "dispensarios_municipales": 0, "paradas_colectivo": 13, "lineas_colectivo": 8, "luminarias_reportes": 189, "comisarias": 0, "centros_vecinales": 1, "poblacion_log": 6.876, "pct_escuelas_privadas": 0.0, "escuelas_por_1000_hab": 0.0, "dispensarios_por_10000_hab": 0.0, "comisarias_por_10000_hab": 0.0, "paradas_por_1000_hab": 13.43, "centros_vecinales_por_10000_hab": 10.33, "tiene_escuela": 0, "tiene_dispensario": 0, "tiene_comisaria": 0, "tiene_transporte": 1, "infraestructura_score": 0.2487, "tamano_promedio_hogar": 2.99, "educacion_ratio_publico_privado": 0.0, "ranking_infraestructura": 168, "percentil_infraestructura": 66.2 }, "geometry": { "type": "Point", "coordinates": [ -64.230755913667096, -31.434176445062398 ] } },
{ "type": "Feature", "properties": { "barrio": "AVENIDA", "poblacion": 1121.0, "hogares": 352.0, "nbi": 4.0, "pct_nbi": 1.14, "escuelas_total": 3, "escuelas_estatales": 0, "escuelas_privadas": 3, "dispensarios_municipales": 0, "paradas_colectivo": 5, "lineas_colectivo": 5, "luminarias_reportes": 72, "comisarias": 0, "centros_vecinales": 0, "poblacion_log": 7.023, "pct_escuelas_privadas": 1.0, "escuelas_por_1000_hab": 2.68, "dispensarios_por_10000_hab": 0.0, "comisarias_por_10000_hab": 0.0, "paradas_por_1000_hab": 4.46, "centros_vecinales_por_10000_hab": 0.0, "tiene_escuela": 1, "tiene_dispensario": 0, "tiene_comisaria": 0, "tiene_transporte": 1, "infraestructura_score": 0.2686, "tamano_promedio_hogar": 3.18, "educacion_ratio_publico_privado": 0.0, "ranking_infraestructura": 151, "percentil_infraestructura": 69.6 }, "geometry": { "type": "Point", "coordinates": [ -64.216962995784399, -31.4281121539283 ] } },
{ "type": "Feature", "properties": { "barrio": "AYACUCHO", "poblacion": 4356.0, "hogares": 1435.0, "nbi": 15.0, "pct_nbi": 1.05, "escuelas_total": 4, "escuelas_estatales": 2, "escuelas_privadas": 2, "dispensarios_municipales": 0, "paradas_colectivo": 38, "lineas_colectivo": 8, "luminarias_reportes": 185, "comisarias": 0, "centros_vecinales": 2, "poblacion_log": 8.38, "pct_escuelas_privadas": 0.5, "escuelas_por_1000_hab": 0.92, "dispensarios_por_10000_hab": 0.0, "comisarias_por_10000_hab": 0.0, "paradas_por_1000_hab": 8.72, "centros_vecinales_por_10000_hab": 4.59, "tiene_escuela": 1, "tiene_dispensario": 0, "tiene_comisaria": 0, "tiene_transporte": 1, "infraestructura_score": 0.2253, "tamano_promedio_hogar": 3.04, "educacion_ratio_publico_privado": 1.0, "ranking_infraestructura": 194, "percentil_infraestructura": 60.9 }, "geometry": { "type": "Point", "coordinates": [ -64.171042655952405, -31.379086057275799 ] } },
{ "type": "Feature", "properties": { "barrio": "BAJADA DE PIEDRA", "poblacion": 889.0, "hogares": 225.0, "nbi": 26.0, "pct_nbi": 11.56, "escuelas_total": 0, "escuelas_estatales": 0, "escuelas_privadas": 0, "dispensarios_municipales": 0, "paradas_colectivo": 12, "lineas_colectivo": 4, "luminarias_reportes": 19, "comisarias": 0, "centros_vecinales": 1, "poblacion_log": 6.791, "pct_escuelas_privadas": 0.0, "escuelas_por_1000_hab": 0.0, "dispensarios_por_10000_hab": 0.0, "comisarias_por_10000_hab": 0.0, "paradas_por_1000_hab": 13.5, "centros_vecinales_por_10000_hab": 11.25, "tiene_escuela": 0, "tiene_dispensario": 0, "tiene_comisaria": 0, "tiene_transporte": 1, "infraestructura_score": 0.25, "tamano_promedio_hogar": 3.95, "educacion_ratio_publico_privado": 0.0, "ranking_infraestructura": 165, "percentil_infraestructura": 66.8 }, "geometry": { "type": "Point", "coordinates": [ -64.145069147668806, -31.414768303163999 ] } },
{ "type": "Feature", "properties": { "barrio": "BAJADA SAN ROQUE", "poblacion": 500.0, "hogares": 200.0, "nbi": 3.0, "pct_nbi": 1.5, "escuelas_total": 1, "escuelas_estatales": 1, "escuelas_privadas": 0, "dispensarios_municipales": 0, "paradas_colectivo": 4, "lineas_colectivo": 3, "luminarias_reportes": 0, "comisarias": 0, "centros_vecinales": 0, "poblacion_log": 6.217, "pct_escuelas_privadas": 0.0, "escuelas_por_1000_hab": 2.0, "dispensarios_por_10000_hab": 0.0, "comisarias_por_10000_hab": 0.0, "paradas_por_1000_hab": 8.0, "centros_vecinales_por_10000_hab": 0.0, "tiene_escuela": 1, "tiene_dispensario": 0, "tiene_comisaria": 0, "tiene_transporte": 1, "infraestructura_score": 0.2869, "tamano_promedio_hogar": 2.5, "educacion_ratio_publico_privado": 1.0, "ranking_infraestructura": 145, "percentil_infraestructura": 70.9 }, "geometry": { "type": "Point", "coordinates": [ -64.205017536623899, -31.4270086711897 ] } },
{ "type": "Feature", "properties": { "barrio": "BAJO GALAN", "poblacion": 810.0, "hogares": 301.0, "nbi": 6.0, "pct_nbi": 1.99, "escuelas_total": 1, "escuelas_estatales": 1, "escuelas_privadas": 0, "dispensarios_municipales": 0, "paradas_colectivo": 29, "lineas_colectivo": 17, "luminarias_reportes": 57, "comisarias": 1, "centros_vecinales": 1, "poblacion_log": 6.698, "pct_escuelas_privadas": 0.0, "escuelas_por_1000_hab": 1.23, "dispensarios_por_10000_hab": 0.0, "comisarias_por_10000_hab": 1.5585, "paradas_por_1000_hab": 24.0, "centros_vecinales_por_10000_hab": 12.35, "tiene_escuela": 1, "tiene_dispensario": 0, "tiene_comisaria": 1, "tiene_transporte": 1, "infraestructura_score": 0.6409, "tamano_promedio_hogar": 2.69, "educacion_ratio_publico_privado": 1.0, "ranking_infraestructura": 25, "percentil_infraestructura": 95.1 }, "geometry": { "type": "Point", "coordinates": [ -64.202096041365195, -31.393145323592002 ] } },
{ "type": "Feature", "properties": { "barrio": "BAJO GENERAL PAZ", "poblacion": 1223.0, "hogares": 423.0, "nbi": 7.0, "pct_nbi": 1.65, "escuelas_total": 4, "escuelas_estatales": 3, "escuelas_privadas": 1, "dispensarios_municipales": 0, "paradas_colectivo": 33, "lineas_colectivo": 11, "luminarias_reportes": 22, "comisarias": 0, "centros_vecinales": 1, "poblacion_log": 7.11, "pct_escuelas_privadas": 0.25, "escuelas_por_1000_hab": 3.27, "dispensarios_por_10000_hab": 0.0, "comisarias_por_10000_hab": 0.0, "paradas_por_1000_hab": 24.0, "centros_vecinales_por_10000_hab": 8.18, "tiene_escuela": 1, "tiene_dispensario": 0, "tiene_comisaria": 0, "tiene_transporte": 1, "infraestructura_score": 0.6714, "tamano_promedio_hogar": 2.89, "educacion_ratio_publico_privado": 3.0, "ranking_infraestructura": 19, "percentil_infraestructura": 96.4 }, "geometry": { "type": "Point", "coordinates": [ -64.158649829748896, -31.415001699413001 ] } },
{ "type": "Feature", "properties": { "barrio": "BARRANCAS DEL SUR", "poblacion": 500.0, "hogares": 200.0, "nbi": 0.0, "pct_nbi": 0.0, "escuelas_total": 0, "escuelas_estatales": 0, "escuelas_privadas": 0, "dispensarios_municipales": 0, "paradas_colectivo": 3, "lineas_colectivo": 2, "luminarias_reportes": 0, "comisarias": 0, "centros_vecinales": 0, "poblacion_log": 6.217, "pct_escuelas_privadas": 0.0, "escuelas_por_1000_hab": 0.0, "dispensarios_por_10000_hab": 0.0, "comisarias_por_10000_hab": 0.0, "paradas_por_1000_hab": 6.0, "centros_vecinales_por_10000_hab": 0.0, "tiene_escuela": 0, "tiene_dispensario": 0, "tiene_comisaria": 0, "tiene_transporte": 1, "infraestructura_score": 0.1111, "tamano_promedio_hogar": 2.5, "educacion_ratio_publico_privado": 0.0, "ranking_infraestructura": 347, "percentil_infraestructura": 29.1 }, "geometry": { "type": "Point", "coordinates": [ -64.184364632092894, -31.4629669528025 ] } },
{ "type": "Feature", "properties": { "barrio": "BELLA VISTA", "poblacion": 4607.0, "hogares": 1364.0, "nbi": 118.0, "pct_nbi": 8.65, "escuelas_total": 5, "escuelas_estatales": 5, "escuelas_privadas": 0, "dispensarios_municipales": 0, "paradas_colectivo": 9, "lineas_colectivo": 5, "luminarias_reportes": 249, "comisarias": 0, "centros_vecinales": 0, "poblacion_log": 8.436, "pct_escuelas_privadas": 0.0, "escuelas_por_1000_hab": 1.09, "dispensarios_por_10000_hab": 0.0, "comisarias_por_10000_hab": 0.0, "paradas_por_1000_hab": 1.95, "centros_vecinales_por_10000_hab": 0.0, "tiene_escuela": 1, "tiene_dispensario": 0, "tiene_comisaria": 0, "tiene_transporte": 1, "infraestructura_score": 0.1118, "tamano_promedio_hogar": 3.38, "educacion_ratio_publico_privado": 5.0, "ranking_infraestructura": 345, "percentil_infraestructura": 30.4 }, "geometry": { "type": "Point", "coordinates": [ -64.201761038570297, -31.4310760948932 ] } },
{ "type": "Feature", "properties": { "barrio": "BELLA VISTA OESTE", "poblacion": 1828.0, "hogares": 532.0, "nbi": 28.0, "pct_nbi": 5.26, "escuelas_total": 0, "escuelas_estatales": 0, "escuelas_privadas": 0, "dispensarios_municipales": 0, "paradas_colectivo": 4, "lineas_colectivo": 1, "luminarias_reportes": 31, "comisarias": 0, "centros_vecinales": 1, "poblacion_log": 7.512, "pct_escuelas_privadas": 0.0, "escuelas_por_1000_hab": 0.0, "dispensarios_por_10000_hab": 0.0, "comisarias_por_10000_hab": 0.0, "paradas_por_1000_hab": 2.19, "centros_vecinales_por_10000_hab": 5.47, "tiene_escuela": 0, "tiene_dispensario": 0, "tiene_comisaria": 0, "tiene_transporte": 1, "infraestructura_score": 0.0406, "tamano_promedio_hogar": 3.44, "educacion_ratio_publico_privado": 0.0, "ranking_infraestructura": 442, "percentil_infraestructura": 10.7 }, "geometry": { "type": "Point", "coordinates": [ -64.207623259201299, -31.432582224074199 ] } },
{ "type": "Feature", "properties": { "barrio": "BETANIA", "poblacion": 1992.0, "hogares": 480.0, "nbi": 65.0, "pct_nbi": 13.54, "escuelas_total": 0, "escuelas_estatales": 0, "escuelas_privadas": 0, "dispensarios_municipales": 0, "paradas_colectivo": 10, "lineas_colectivo": 2, "luminarias_reportes": 15, "comisarias": 0, "centros_vecinales": 4, "poblacion_log": 7.597, "pct_escuelas_privadas": 0.0, "escuelas_por_1000_hab": 0.0, "dispensarios_por_10000_hab": 0.0, "comisarias_por_10000_hab": 0.0, "paradas_por_1000_hab": 5.02, "centros_vecinales_por_10000_hab": 20.08, "tiene_escuela": 0, "tiene_dispensario": 0, "tiene_comisaria": 0, "tiene_transporte": 1, "infraestructura_score": 0.093, "tamano_promedio_hogar": 4.15, "educacion_ratio_publico_privado": 0.0, "ranking_infraestructura": 382, "percentil_infraestructura": 22.9 }, "geometry": { "type": "Point", "coordinates": [ -64.091001881744504, -31.456813713872201 ] } },
{ "type": "Feature", "properties": { "barrio": "BH_CAMINO A 60 CUADRAS", "poblacion": 1615.0, "hogares": 422.0, "nbi": 89.0, "pct_nbi": 21.09, "escuelas_total": 0, "escuelas_estatales": 0, "escuelas_privadas": 0, "dispensarios_municipales": 0, "paradas_colectivo": 0, "lineas_colectivo": 0, "luminarias_reportes": 0, "comisarias": 0, "centros_vecinales": 1, "poblacion_log": 7.388, "pct_escuelas_privadas": 0.0, "escuelas_por_1000_hab": 0.0, "dispensarios_por_10000_hab": 0.0, "comisarias_por_10000_hab": 0.0, "paradas_por_1000_hab": 0.0, "centros_vecinales_por_10000_hab": 6.19, "tiene_escuela": 0, "tiene_dispensario": 0, "tiene_comisaria": 0, "tiene_transporte": 0, "infraestructura_score": 0.0, "tamano_promedio_hogar": 3.83, "educacion_ratio_publico_privado": 0.0, "ranking_infraestructura": 469, "percentil_infraestructura": 2.7 }, "geometry": { "type": "Point", "coordinates": [ -64.143523025115101, -31.4988602721623 ] } },
{ "type": "Feature", "properties": { "barrio": "BIALET MASSE", "poblacion": 2091.0, "hogares": 591.0, "nbi": 20.0, "pct_nbi": 3.38, "escuelas_total": 0, "escuelas_estatales": 0, "escuelas_privadas": 0, "dispensarios_municipales": 1, "paradas_colectivo": 9, "lineas_colectivo": 2, "luminarias_reportes": 138, "comisarias": 0, "centros_vecinales": 1, "poblacion_log": 7.646, "pct_escuelas_privadas": 0.0, "escuelas_por_1000_hab": 0.0, "dispensarios_por_10000_hab": 4.78, "comisarias_por_10000_hab": 0.0, "paradas_por_1000_hab": 4.3, "centros_vecinales_por_10000_hab": 4.78, "tiene_escuela": 0, "tiene_dispensario": 1, "tiene_comisaria": 0, "tiene_transporte": 1, "infraestructura_score": 0.2392, "tamano_promedio_hogar": 3.54, "educacion_ratio_publico_privado": 0.0, "ranking_infraestructura": 178, "percentil_infraestructura": 64.2 }, "geometry": { "type": "Point", "coordinates": [ -64.165146714212298, -31.4525117900242 ] } },
{ "type": "Feature", "properties": { "barrio": "BOEDO", "poblacion": 2664.0, "hogares": 567.0, "nbi": 154.0, "pct_nbi": 27.16, "escuelas_total": 0, "escuelas_estatales": 0, "escuelas_privadas": 0, "dispensarios_municipales": 0, "paradas_colectivo": 6, "lineas_colectivo": 1, "luminarias_reportes": 38, "comisarias": 0, "centros_vecinales": 1, "poblacion_log": 7.888, "pct_escuelas_privadas": 0.0, "escuelas_por_1000_hab": 0.0, "dispensarios_por_10000_hab": 0.0, "comisarias_por_10000_hab": 0.0, "paradas_por_1000_hab": 2.25, "centros_vecinales_por_10000_hab": 3.75, "tiene_escuela": 0, "tiene_dispensario": 0, "tiene_comisaria": 0, "tiene_transporte": 1, "infraestructura_score": 0.0417, "tamano_promedio_hogar": 4.7, "educacion_ratio_publico_privado": 0.0, "ranking_infraestructura": 441, "percentil_infraestructura": 10.9 }, "geometry": { "type": "Point", "coordinates": [ -64.108167199937597, -31.4319549557882 ] } },
{ "type": "Feature", "properties": { "barrio": "BRIGADIER SAN MARTIN", "poblacion": 500.0, "hogares": 200.0, "nbi": 0.0, "pct_nbi": 0.0, "escuelas_total": 5, "escuelas_estatales": 5, "escuelas_privadas": 0, "dispensarios_municipales": 0, "paradas_colectivo": 32, "lineas_colectivo": 4, "luminarias_reportes": 43, "comisarias": 0, "centros_vecinales": 3, "poblacion_log": 6.217, "pct_escuelas_privadas": 0.0, "escuelas_por_1000_hab": 4.8035, "dispensarios_por_10000_hab": 0.0, "comisarias_por_10000_hab": 0.0, "paradas_por_1000_hab": 24.0, "centros_vecinales_por_10000_hab": 60.0, "tiene_escuela": 1, "tiene_dispensario": 0, "tiene_comisaria": 0, "tiene_transporte": 1, "infraestructura_score": 0.7778, "tamano_promedio_hogar": 2.5, "educacion_ratio_publico_privado": 5.0, "ranking_infraestructura": 6, "percentil_infraestructura": 98.5 }, "geometry": { "type": "Point", "coordinates": [ -64.239460453251397, -31.341122602252401 ] } },
{ "type": "Feature", "properties": { "barrio": "CABANA DEL PILAR", "poblacion": 500.0, "hogares": 200.0, "nbi": 0.0, "pct_nbi": 0.0, "escuelas_total": 0, "escuelas_estatales": 0, "escuelas_privadas": 0, "dispensarios_municipales": 0, "paradas_colectivo": 12, "lineas_colectivo": 8, "luminarias_reportes": 122, "comisarias": 0, "centros_vecinales": 0, "poblacion_log": 6.217, "pct_escuelas_privadas": 0.0, "escuelas_por_1000_hab": 0.0, "dispensarios_por_10000_hab": 0.0, "comisarias_por_10000_hab": 0.0, "paradas_por_1000_hab": 24.0, "centros_vecinales_por_10000_hab": 0.0, "tiene_escuela": 0, "tiene_dispensario": 0, "tiene_comisaria": 0, "tiene_transporte": 1, "infraestructura_score": 0.4444, "tamano_promedio_hogar": 2.5, "educacion_ratio_publico_privado": 0.0, "ranking_infraestructura": 59, "percentil_infraestructura": 87.4 }, "geometry": { "type": "Point", "coordinates": [ -64.167683330608, -31.4422675134741 ] } },
{ "type": "Feature", "properties": { "barrio": "CABO FARINA", "poblacion": 4574.0, "hogares": 1294.0, "nbi": 158.0, "pct_nbi": 12.21, "escuelas_total": 0, "escuelas_estatales": 0, "escuelas_privadas": 0, "dispensarios_municipales": 1, "paradas_colectivo": 8, "lineas_colectivo": 4, "luminarias_reportes": 146, "comisarias": 0, "centros_vecinales": 0, "poblacion_log": 8.428, "pct_escuelas_privadas": 0.0, "escuelas_por_1000_hab": 0.0, "dispensarios_por_10000_hab": 2.19, "comisarias_por_10000_hab": 0.0, "paradas_por_1000_hab": 1.75, "centros_vecinales_por_10000_hab": 0.0, "tiene_escuela": 0, "tiene_dispensario": 1, "tiene_comisaria": 0, "tiene_transporte": 1, "infraestructura_score": 0.1055, "tamano_promedio_hogar": 3.53, "educacion_ratio_publico_privado": 0.0, "ranking_infraestructura": 366, "percentil_infraestructura": 26.1 }, "geometry": { "type": "Point", "coordinates": [ -64.207475724787244, -31.465487959144749 ] } },
{ "type": "Feature", "properties": { "barrio": "CACERES", "poblacion": 875.0, "hogares": 248.0, "nbi": 21.0, "pct_nbi": 8.47, "escuelas_total": 2, "escuelas_estatales": 2, "escuelas_privadas": 0, "dispensarios_municipales": 0, "paradas_colectivo": 10, "lineas_colectivo": 3, "luminarias_reportes": 63, "comisarias": 1, "centros_vecinales": 0, "poblacion_log": 6.775, "pct_escuelas_privadas": 0.0, "escuelas_por_1000_hab": 2.29, "dispensarios_por_10000_hab": 0.0, "comisarias_por_10000_hab": 1.5585, "paradas_por_1000_hab": 11.43, "centros_vecinales_por_10000_hab": 0.0, "tiene_escuela": 1, "tiene_dispensario": 0, "tiene_comisaria": 1, "tiene_transporte": 1, "infraestructura_score": 0.4817, "tamano_promedio_hogar": 3.53, "educacion_ratio_publico_privado": 2.0, "ranking_infraestructura": 51, "percentil_infraestructura": 89.8 }, "geometry": { "type": "Point", "coordinates": [ -64.199555604683098, -31.433453444177701 ] } },
{ "type": "Feature", "properties": { "barrio": "CALIFORNIA", "poblacion": 600.0, "hogares": 200.0, "nbi": 12.0, "pct_nbi": 6.0, "escuelas_total": 1, "escuelas_estatales": 1, "escuelas_privadas": 0, "dispensarios_municipales": 0, "paradas_colectivo": 8, "lineas_colectivo": 8, "luminarias_reportes": 70, "comisarias": 0, "centros_vecinales": 0, "poblacion_log": 6.399, "pct_escuelas_privadas": 0.0, "escuelas_por_1000_hab": 1.67, "dispensarios_por_10000_hab": 0.0, "comisarias_por_10000_hab": 0.0, "paradas_por_1000_hab": 13.33, "centros_vecinales_por_10000_hab": 0.0, "tiene_escuela": 1, "tiene_dispensario": 0, "tiene_comisaria": 0, "tiene_transporte": 1, "infraestructura_score": 0.3627, "tamano_promedio_hogar": 3.0, "educacion_ratio_publico_privado": 1.0, "ranking_infraestructura": 95, "percentil_infraestructura": 81.0 }, "geometry": { "type": "Point", "coordinates": [ -64.204911494895896, -31.451219523821599 ] } },
{ "type": "Feature", "properties": { "barrio": "CAMINO A SAN CARLOS", "poblacion": 1123.0, "hogares": 316.0, "nbi": 58.0, "pct_nbi": 18.35, "escuelas_total": 0, "escuelas_estatales": 0, "escuelas_privadas": 0, "dispensarios_municipales": 0, "paradas_colectivo": 0, "lineas_colectivo": 0, "luminarias_reportes": 0, "comisarias": 0, "centros_vecinales": 0, "poblacion_log": 7.025, "pct_escuelas_privadas": 0.0, "escuelas_por_1000_hab": 0.0, "dispensarios_por_10000_hab": 0.0, "comisarias_por_10000_hab": 0.0, "paradas_por_1000_hab": 0.0, "centros_vecinales_por_10000_hab": 0.0, "tiene_escuela": 0, "tiene_dispensario": 0, "tiene_comisaria": 0, "tiene_transporte": 0, "infraestructura_score": 0.0, "tamano_promedio_hogar": 3.55, "educacion_ratio_publico_privado": 0.0, "ranking_infraestructura": 469, "percentil_infraestructura": 2.7 }, "geometry": { "type": "Point", "coordinates": [ -64.160200942176203, -31.498433296584999 ] } },
{ "type": "Feature", "properties": { "barrio": "CAMINO A VILLA POSSE", "poblacion": 500.0, "hogares": 200.0, "nbi": 5.0, "pct_nbi": 2.5, "escuelas_total": 2, "escuelas_estatales": 2, "escuelas_privadas": 0, "dispensarios_municipales": 0, "paradas_colectivo": 4, "lineas_colectivo": 1, "luminarias_reportes": 0, "comisarias": 0, "centros_vecinales": 1, "poblacion_log": 6.217, "pct_escuelas_privadas": 0.0, "escuelas_por_1000_hab": 4.0, "dispensarios_por_10000_hab": 0.0, "comisarias_por_10000_hab": 0.0, "paradas_por_1000_hab": 8.0, "centros_vecinales_por_10000_hab": 20.0, "tiene_escuela": 1, "tiene_dispensario": 0, "tiene_comisaria": 0, "tiene_transporte": 1, "infraestructura_score": 0.4257, "tamano_promedio_hogar": 2.5, "educacion_ratio_publico_privado": 2.0, "ranking_infraestructura": 73, "percentil_infraestructura": 85.3 }, "geometry": { "type": "Point", "coordinates": [ -64.101634099028601, -31.445431402889199 ] } },
{ "type": "Feature", "properties": { "barrio": "CAMPING GRL SAN MARTIN", "poblacion": 500.0, "hogares": 200.0, "nbi": 0.0, "pct_nbi": 0.0, "escuelas_total": 0, "escuelas_estatales": 0, "escuelas_privadas": 0, "dispensarios_municipales": 0, "paradas_colectivo": 0, "lineas_colectivo": 0, "luminarias_reportes": 0, "comisarias": 0, "centros_vecinales": 1, "poblacion_log": 6.217, "pct_escuelas_privadas": 0.0, "escuelas_por_1000_hab": 0.0, "dispensarios_por_10000_hab": 0.0, "comisarias_por_10000_hab": 0.0, "paradas_por_1000_hab": 0.0, "centros_vecinales_por_10000_hab": 20.0, "tiene_escuela": 0, "tiene_dispensario": 0, "tiene_comisaria": 0, "tiene_transporte": 0, "infraestructura_score": 0.0, "tamano_promedio_hogar": 2.5, "educacion_ratio_publico_privado": 0.0, "ranking_infraestructura": 469, "percentil_infraestructura": 2.7 }, "geometry": { "type": "Point", "coordinates": [ -64.261887727931494, -31.364375318901899 ] } },
{ "type": "Feature", "properties": { "barrio": "CARBO", "poblacion": 1444.0, "hogares": 395.0, "nbi": 29.0, "pct_nbi": 7.34, "escuelas_total": 0, "escuelas_estatales": 0, "escuelas_privadas": 0, "dispensarios_municipales": 1, "paradas_colectivo": 32, "lineas_colectivo": 3, "luminarias_reportes": 15, "comisarias": 0, "centros_vecinales": 2, "poblacion_log": 7.276, "pct_escuelas_privadas": 0.0, "escuelas_por_1000_hab": 0.0, "dispensarios_por_10000_hab": 6.657, "comisarias_por_10000_hab": 0.0, "paradas_por_1000_hab": 22.16, "centros_vecinales_por_10000_hab": 13.85, "tiene_escuela": 0, "tiene_dispensario": 1, "tiene_comisaria": 0, "tiene_transporte": 1, "infraestructura_score": 0.6326, "tamano_promedio_hogar": 3.66, "educacion_ratio_publico_privado": 0.0, "ranking_infraestructura": 27, "percentil_infraestructura": 94.7 }, "geometry": { "type": "Point", "coordinates": [ -64.206221582679802, -31.481475590576999 ] } },
{ "type": "Feature", "properties": { "barrio": "CAROLA LORENZINI", "poblacion": 500.0, "hogares": 200.0, "nbi": 3.0, "pct_nbi": 1.5, "escuelas_total": 0, "escuelas_estatales": 0, "escuelas_privadas": 0, "dispensarios_municipales": 0, "paradas_colectivo": 7, "lineas_colectivo": 6, "luminarias_reportes": 10, "comisarias": 0, "centros_vecinales": 1, "poblacion_log": 6.217, "pct_escuelas_privadas": 0.0, "escuelas_por_1000_hab": 0.0, "dispensarios_por_10000_hab": 0.0, "comisarias_por_10000_hab": 0.0, "paradas_por_1000_hab": 14.0, "centros_vecinales_por_10000_hab": 20.0, "tiene_escuela": 0, "tiene_dispensario": 0, "tiene_comisaria": 0, "tiene_transporte": 1, "infraestructura_score": 0.2593, "tamano_promedio_hogar": 2.5, "educacion_ratio_publico_privado": 0.0, "ranking_infraestructura": 156, "percentil_infraestructura": 68.4 }, "geometry": { "type": "Point", "coordinates": [ -64.2143267353581, -31.428791330017098 ] } },
{ "type": "Feature", "properties": { "barrio": "CARRARA", "poblacion": 500.0, "hogares": 200.0, "nbi": 11.0, "pct_nbi": 5.5, "escuelas_total": 0, "escuelas_estatales": 0, "escuelas_privadas": 0, "dispensarios_municipales": 1, "paradas_colectivo": 10, "lineas_colectivo": 2, "luminarias_reportes": 9, "comisarias": 0, "centros_vecinales": 0, "poblacion_log": 6.217, "pct_escuelas_privadas": 0.0, "escuelas_por_1000_hab": 0.0, "dispensarios_por_10000_hab": 6.657, "comisarias_por_10000_hab": 0.0, "paradas_por_1000_hab": 20.0, "centros_vecinales_por_10000_hab": 0.0, "tiene_escuela": 0, "tiene_dispensario": 1, "tiene_comisaria": 0, "tiene_transporte": 1, "infraestructura_score": 0.5926, "tamano_promedio_hogar": 2.5, "educacion_ratio_publico_privado": 0.0, "ranking_infraestructura": 30, "percentil_infraestructura": 94.0 }, "geometry": { "type": "Point", "coordinates": [ -64.257101507556101, -31.453972787190501 ] } },
{ "type": "Feature", "properties": { "barrio": "CASEROS", "poblacion": 1497.0, "hogares": 619.0, "nbi": 6.0, "pct_nbi": 0.97, "escuelas_total": 1, "escuelas_estatales": 1, "escuelas_privadas": 0, "dispensarios_municipales": 0, "paradas_colectivo": 10, "lineas_colectivo": 4, "luminarias_reportes": 2, "comisarias": 0, "centros_vecinales": 0, "poblacion_log": 7.312, "pct_escuelas_privadas": 0.0, "escuelas_por_1000_hab": 0.67, "dispensarios_por_10000_hab": 0.0, "comisarias_por_10000_hab": 0.0, "paradas_por_1000_hab": 6.68, "centros_vecinales_por_10000_hab": 0.0, "tiene_escuela": 1, "tiene_dispensario": 0, "tiene_comisaria": 0, "tiene_transporte": 1, "infraestructura_score": 0.1702, "tamano_promedio_hogar": 2.42, "educacion_ratio_publico_privado": 1.0, "ranking_infraestructura": 254, "percentil_infraestructura": 48.7 }, "geometry": { "type": "Point", "coordinates": [ -64.208252034811693, -31.4142417872261 ] } },
{ "type": "Feature", "properties": { "barrio": "CENTRO", "poblacion": 28200.0, "hogares": 14423.0, "nbi": 568.0, "pct_nbi": 3.94, "escuelas_total": 40, "escuelas_estatales": 19, "escuelas_privadas": 21, "dispensarios_municipales": 0, "paradas_colectivo": 120, "lineas_colectivo": 64, "luminarias_reportes": 1419, "comisarias": 1, "centros_vecinales": 2, "poblacion_log": 10.247, "pct_escuelas_privadas": 0.525, "escuelas_por_1000_hab": 1.42, "dispensarios_por_10000_hab": 0.0, "comisarias_por_10000_hab": 0.35, "paradas_por_1000_hab": 4.26, "centros_vecinales_por_10000_hab": 0.71, "tiene_escuela": 1, "tiene_dispensario": 0, "tiene_comisaria": 1, "tiene_transporte": 1, "infraestructura_score": 0.2024, "tamano_promedio_hogar": 1.96, "educacion_ratio_publico_privado": 0.9, "ranking_infraestructura": 218, "percentil_infraestructura": 56.1 }, "geometry": { "type": "Point", "coordinates": [ -64.183450035512706, -31.417804293232201 ] } },
{ "type": "Feature", "properties": { "barrio": "CENTRO AMERICA", "poblacion": 5529.0, "hogares": 1658.0, "nbi": 36.0, "pct_nbi": 2.17, "escuelas_total": 5, "escuelas_estatales": 5, "escuelas_privadas": 0, "dispensarios_municipales": 0, "paradas_colectivo": 16, "lineas_colectivo": 2, "luminarias_reportes": 330, "comisarias": 0, "centros_vecinales": 1, "poblacion_log": 8.618, "pct_escuelas_privadas": 0.0, "escuelas_por_1000_hab": 0.9, "dispensarios_por_10000_hab": 0.0, "comisarias_por_10000_hab": 0.0, "paradas_por_1000_hab": 2.89, "centros_vecinales_por_10000_hab": 1.81, "tiene_escuela": 1, "tiene_dispensario": 0, "tiene_comisaria": 0, "tiene_transporte": 1, "infraestructura_score": 0.116, "tamano_promedio_hogar": 3.33, "educacion_ratio_publico_privado": 5.0, "ranking_infraestructura": 335, "percentil_infraestructura": 32.4 }, "geometry": { "type": "Point", "coordinates": [ -64.169598089564005, -31.371116868511599 ] } },
{ "type": "Feature", "properties": { "barrio": "CERRO CHICO", "poblacion": 2719.0, "hogares": 1019.0, "nbi": 6.0, "pct_nbi": 0.59, "escuelas_total": 0, "escuelas_estatales": 0, "escuelas_privadas": 0, "dispensarios_municipales": 0, "paradas_colectivo": 25, "lineas_colectivo": 6, "luminarias_reportes": 99, "comisarias": 0, "centros_vecinales": 0, "poblacion_log": 7.908, "pct_escuelas_privadas": 0.0, "escuelas_por_1000_hab": 0.0, "dispensarios_por_10000_hab": 0.0, "comisarias_por_10000_hab": 0.0, "paradas_por_1000_hab": 9.19, "centros_vecinales_por_10000_hab": 0.0, "tiene_escuela": 0, "tiene_dispensario": 0, "tiene_comisaria": 0, "tiene_transporte": 1, "infraestructura_score": 0.1702, "tamano_promedio_hogar": 2.67, "educacion_ratio_publico_privado": 0.0, "ranking_infraestructura": 254, "percentil_infraestructura": 48.7 }, "geometry": { "type": "Point", "coordinates": [ -64.221899804956195, -31.3661094460602 ] } },
{ "type": "Feature", "properties": { "barrio": "CERRO DE LAS ROSAS", "poblacion": 5947.0, "hogares": 1944.0, "nbi": 3.0, "pct_nbi": 0.15, "escuelas_total": 19, "escuelas_estatales": 5, "escuelas_privadas": 14, "dispensarios_municipales": 0, "paradas_colectivo": 11, "lineas_colectivo": 10, "luminarias_reportes": 308, "comisarias": 1, "centros_vecinales": 1, "poblacion_log": 8.691, "pct_escuelas_privadas": 0.737, "escuelas_por_1000_hab": 3.19, "dispensarios_por_10000_hab": 0.0, "comisarias_por_10000_hab": 1.5585, "paradas_por_1000_hab": 1.85, "centros_vecinales_por_10000_hab": 1.68, "tiene_escuela": 1, "tiene_dispensario": 0, "tiene_comisaria": 1, "tiene_transporte": 1, "infraestructura_score": 0.3667, "tamano_promedio_hogar": 3.06, "educacion_ratio_publico_privado": 0.36, "ranking_infraestructura": 93, "percentil_infraestructura": 81.4 }, "geometry": { "type": "Point", "coordinates": [ -64.233811404979505, -31.372120565705501 ] } },
{ "type": "Feature", "properties": { "barrio": "CERRO NORTE", "poblacion": 5374.0, "hogares": 1449.0, "nbi": 111.0, "pct_nbi": 7.66, "escuelas_total": 2, "escuelas_estatales": 2, "escuelas_privadas": 0, "dispensarios_municipales": 0, "paradas_colectivo": 17, "lineas_colectivo": 2, "luminarias_reportes": 108, "comisarias": 0, "centros_vecinales": 0, "poblacion_log": 8.59, "pct_escuelas_privadas": 0.0, "escuelas_por_1000_hab": 0.37, "dispensarios_por_10000_hab": 0.0, "comisarias_por_10000_hab": 0.0, "paradas_por_1000_hab": 3.16, "centros_vecinales_por_10000_hab": 0.0, "tiene_escuela": 1, "tiene_dispensario": 0, "tiene_comisaria": 0, "tiene_transporte": 1, "infraestructura_score": 0.0842, "tamano_promedio_hogar": 3.71, "educacion_ratio_publico_privado": 2.0, "ranking_infraestructura": 391, "percentil_infraestructura": 21.1 }, "geometry": { "type": "Point", "coordinates": [ -64.276873385826903, -31.3209690442071 ] } },
{ "type": "Feature", "properties": { "barrio": "CERVECEROS", "poblacion": 3893.0, "hogares": 1094.0, "nbi": 17.0, "pct_nbi": 1.55, "escuelas_total": 5, "escuelas_estatales": 5, "escuelas_privadas": 0, "dispensarios_municipales": 1, "paradas_colectivo": 11, "lineas_colectivo": 2, "luminarias_reportes": 68, "comisarias": 0, "centros_vecinales": 1, "poblacion_log": 8.267, "pct_escuelas_privadas": 0.0, "escuelas_por_1000_hab": 1.28, "dispensarios_por_10000_hab": 2.57, "comisarias_por_10000_hab": 0.0, "paradas_por_1000_hab": 2.83, "centros_vecinales_por_10000_hab": 2.57, "tiene_escuela": 1, "tiene_dispensario": 1, "tiene_comisaria": 0, "tiene_transporte": 1, "infraestructura_score": 0.227, "tamano_promedio_hogar": 3.56, "educacion_ratio_publico_privado": 5.0, "ranking_infraestructura": 192, "percentil_infraestructura": 61.3 }, "geometry": { "type": "Point", "coordinates": [ -64.159002291346795, -31.464596235155899 ] } },
{ "type": "Feature", "properties": { "barrio": "CHATEAU CARRERAS", "poblacion": 1624.0, "hogares": 514.0, "nbi": 3.0, "pct_nbi": 0.58, "escuelas_total": 11, "escuelas_estatales": 4, "escuelas_privadas": 7, "dispensarios_municipales": 0, "paradas_colectivo": 15, "lineas_colectivo": 4, "luminarias_reportes": 113, "comisarias": 1, "centros_vecinales": 0, "poblacion_log": 7.393, "pct_escuelas_privadas": 0.636, "escuelas_por_1000_hab": 4.8035, "dispensarios_por_10000_hab": 0.0, "comisarias_por_10000_hab": 1.5585, "paradas_por_1000_hab": 9.24, "centros_vecinales_por_10000_hab": 0.0, "tiene_escuela": 1, "tiene_dispensario": 0, "tiene_comisaria": 1, "tiene_transporte": 1, "infraestructura_score": 0.6156, "tamano_promedio_hogar": 3.16, "educacion_ratio_publico_privado": 0.57, "ranking_infraestructura": 29, "percentil_infraestructura": 94.3 }, "geometry": { "type": "Point", "coordinates": [ -64.255217739636294, -31.381692368558699 ] } },
{ "type": "Feature", "properties": { "barrio": "CIRCUNVALACION", "poblacion": 500.0, "hogares": 200.0, "nbi": 0.0, "pct_nbi": 0.0, "escuelas_total": 0, "escuelas_estatales": 0, "escuelas_privadas": 0, "dispensarios_municipales": 0, "paradas_colectivo": 15, "lineas_colectivo": 18, "luminarias_reportes": 0, "comisarias": 0, "centros_vecinales": 1, "poblacion_log": 6.217, "pct_escuelas_privadas": 0.0, "escuelas_por_1000_hab": 0.0, "dispensarios_por_10000_hab": 0.0, "comisarias_por_10000_hab": 0.0, "paradas_por_1000_hab": 24.0, "centros_vecinales_por_10000_hab": 20.0, "tiene_escuela": 0, "tiene_dispensario": 0, "tiene_comisaria": 0, "tiene_transporte": 1, "infraestructura_score": 0.4444, "tamano_promedio_hogar": 2.5, "educacion_ratio_publico_privado": 0.0, "ranking_infraestructura": 59, "percentil_infraestructura": 87.4 }, "geometry": { "type": "Point", "coordinates": [ -64.203435508242634, -31.41451436457093 ] } },
{ "type": "Feature", "properties": { "barrio": "CIUDAD AMPLIACION CABILDO", "poblacion": 2593.0, "hogares": 577.0, "nbi": 93.0, "pct_nbi": 16.12, "escuelas_total": 2, "escuelas_estatales": 2, "escuelas_privadas": 0, "dispensarios_municipales": 0, "paradas_colectivo": 5, "lineas_colectivo": 2, "luminarias_reportes": 0, "comisarias": 1, "centros_vecinales": 3, "poblacion_log": 7.861, "pct_escuelas_privadas": 0.0, "escuelas_por_1000_hab": 0.77, "dispensarios_por_10000_hab": 0.0, "comisarias_por_10000_hab": 1.5585, "paradas_por_1000_hab": 1.93, "centros_vecinales_por_10000_hab": 11.57, "tiene_escuela": 1, "tiene_dispensario": 0, "tiene_comisaria": 1, "tiene_transporte": 1, "infraestructura_score": 0.2003, "tamano_promedio_hogar": 4.49, "educacion_ratio_publico_privado": 2.0, "ranking_infraestructura": 219, "percentil_infraestructura": 55.9 }, "geometry": { "type": "Point", "coordinates": [ -64.227458711807898, -31.484919927022599 ] } },
{ "type": "Feature", "properties": { "barrio": "CIUDAD AMPLIACION FERREYRA", "poblacion": 500.0, "hogares": 200.0, "nbi": 0.0, "pct_nbi": 0.0, "escuelas_total": 4, "escuelas_estatales": 4, "escuelas_privadas": 0, "dispensarios_municipales": 0, "paradas_colectivo": 0, "lineas_colectivo": 0, "luminarias_reportes": 0, "comisarias": 0, "centros_vecinales": 1, "poblacion_log": 6.217, "pct_escuelas_privadas": 0.0, "escuelas_por_1000_hab": 4.8035, "dispensarios_por_10000_hab": 0.0, "comisarias_por_10000_hab": 0.0, "paradas_por_1000_hab": 0.0, "centros_vecinales_por_10000_hab": 20.0, "tiene_escuela": 1, "tiene_dispensario": 0, "tiene_comisaria": 0, "tiene_transporte": 0, "infraestructura_score": 0.3333, "tamano_promedio_hogar": 2.5, "educacion_ratio_publico_privado": 4.0, "ranking_infraestructura": 108, "percentil_infraestructura": 78.0 }, "geometry": { "type": "Point", "coordinates": [ -64.119219823282606, -31.4735017733638 ] } },
{ "type": "Feature", "properties": { "barrio": "CIUDAD DE JUAN PABLO II", "poblacion": 2125.0, "hogares": 552.0, "nbi": 45.0, "pct_nbi": 8.15, "escuelas_total": 4, "escuelas_estatales": 4, "escuelas_privadas": 0, "dispensarios_municipales": 0, "paradas_colectivo": 2, "lineas_colectivo": 1, "luminarias_reportes": 3, "comisarias": 0, "centros_vecinales": 1, "poblacion_log": 7.662, "pct_escuelas_privadas": 0.0, "escuelas_por_1000_hab": 1.88, "dispensarios_por_10000_hab": 0.0, "comisarias_por_10000_hab": 0.0, "paradas_por_1000_hab": 0.94, "centros_vecinales_por_10000_hab": 4.71, "tiene_escuela": 1, "tiene_dispensario": 0, "tiene_comisaria": 0, "tiene_transporte": 1, "infraestructura_score": 0.1479, "tamano_promedio_hogar": 3.85, "educacion_ratio_publico_privado": 4.0, "ranking_infraestructura": 296, "percentil_infraestructura": 40.3 }, "geometry": { "type": "Point", "coordinates": [ -64.157828175751106, -31.363520824950498 ] } },
{ "type": "Feature", "properties": { "barrio": "CIUDAD DE LAS ARTES", "poblacion": 500.0, "hogares": 200.0, "nbi": 0.0, "pct_nbi": 0.0, "escuelas_total": 0, "escuelas_estatales": 0, "escuelas_privadas": 0, "dispensarios_municipales": 0, "paradas_colectivo": 9, "lineas_colectivo": 5, "luminarias_reportes": 0, "comisarias": 0, "centros_vecinales": 0, "poblacion_log": 6.217, "pct_escuelas_privadas": 0.0, "escuelas_por_1000_hab": 0.0, "dispensarios_por_10000_hab": 0.0, "comisarias_por_10000_hab": 0.0, "paradas_por_1000_hab": 18.0, "centros_vecinales_por_10000_hab": 0.0, "tiene_escuela": 0, "tiene_dispensario": 0, "tiene_comisaria": 0, "tiene_transporte": 1, "infraestructura_score": 0.3333, "tamano_promedio_hogar": 2.5, "educacion_ratio_publico_privado": 0.0, "ranking_infraestructura": 108, "percentil_infraestructura": 78.0 }, "geometry": { "type": "Point", "coordinates": [ -64.174936278587495, -31.437258984795601 ] } },
{ "type": "Feature", "properties": { "barrio": "CIUDAD DE LOS CUARTETOS", "poblacion": 2204.0, "hogares": 489.0, "nbi": 68.0, "pct_nbi": 13.91, "escuelas_total": 2, "escuelas_estatales": 2, "escuelas_privadas": 0, "dispensarios_municipales": 0, "paradas_colectivo": 6, "lineas_colectivo": 1, "luminarias_reportes": 0, "comisarias": 1, "centros_vecinales": 2, "poblacion_log": 7.698, "pct_escuelas_privadas": 0.0, "escuelas_por_1000_hab": 0.91, "dispensarios_por_10000_hab": 0.0, "comisarias_por_10000_hab": 1.5585, "paradas_por_1000_hab": 2.72, "centros_vecinales_por_10000_hab": 9.07, "tiene_escuela": 1, "tiene_dispensario": 0, "tiene_comisaria": 1, "tiene_transporte": 1, "infraestructura_score": 0.2246, "tamano_promedio_hogar": 4.51, "educacion_ratio_publico_privado": 2.0, "ranking_infraestructura": 196, "percentil_infraestructura": 60.5 }, "geometry": { "type": "Point", "coordinates": [ -64.130385948895693, -31.3566522536983 ] } },
{ "type": "Feature", "properties": { "barrio": "CIUDAD DE MIS SUENOS", "poblacion": 2147.0, "hogares": 511.0, "nbi": 85.0, "pct_nbi": 16.63, "escuelas_total": 6, "escuelas_estatales": 6, "escuelas_privadas": 0, "dispensarios_municipales": 0, "paradas_colectivo": 8, "lineas_colectivo": 1, "luminarias_reportes": 0, "comisarias": 1, "centros_vecinales": 0, "poblacion_log": 7.672, "pct_escuelas_privadas": 0.0, "escuelas_por_1000_hab": 2.79, "dispensarios_por_10000_hab": 0.0, "comisarias_por_10000_hab": 1.5585, "paradas_por_1000_hab": 3.73, "centros_vecinales_por_10000_hab": 0.0, "tiene_escuela": 1, "tiene_dispensario": 0, "tiene_comisaria": 1, "tiene_transporte": 1, "infraestructura_score": 0.3738, "tamano_promedio_hogar": 4.2, "educacion_ratio_publico_privado": 6.0, "ranking_infraestructura": 88, "percentil_infraestructura": 82.4 }, "geometry": { "type": "Point", "coordinates": [ -64.086363859368007, -31.477817458291302 ] } },
{ "type": "Feature", "properties": { "barrio": "CIUDAD EVITA", "poblacion": 2662.0, "hogares": 638.0, "nbi": 95.0, "pct_nbi": 14.89, "escuelas_total": 3, "escuelas_estatales": 3, "escuelas_privadas": 0, "dispensarios_municipales": 0, "paradas_colectivo": 7, "lineas_colectivo": 2, "luminarias_reportes": 0, "comisarias": 1, "centros_vecinales": 1, "poblacion_log": 7.887, "pct_escuelas_privadas": 0.0, "escuelas_por_1000_hab": 1.13, "dispensarios_por_10000_hab": 0.0, "comisarias_por_10000_hab": 1.5585, "paradas_por_1000_hab": 2.63, "centros_vecinales_por_10000_hab": 3.76, "tiene_escuela": 1, "tiene_dispensario": 0, "tiene_comisaria": 1, "tiene_transporte": 1, "infraestructura_score": 0.2382, "tamano_promedio_hogar": 4.17, "educacion_ratio_publico_privado": 3.0, "ranking_infraestructura": 180, "percentil_infraestructura": 63.8 }, "geometry": { "type": "Point", "coordinates": [ -64.1087832676033, -31.448407952165098 ] } },
{ "type": "Feature", "properties": { "barrio": "CIUDAD MI ESPERANZA", "poblacion": 1492.0, "hogares": 349.0, "nbi": 50.0, "pct_nbi": 14.33, "escuelas_total": 1, "escuelas_estatales": 1, "escuelas_privadas": 0, "dispensarios_municipales": 0, "paradas_colectivo": 4, "lineas_colectivo": 1, "luminarias_reportes": 0, "comisarias": 0, "centros_vecinales": 1, "poblacion_log": 7.309, "pct_escuelas_privadas": 0.0, "escuelas_por_1000_hab": 0.67, "dispensarios_por_10000_hab": 0.0, "comisarias_por_10000_hab": 0.0, "paradas_por_1000_hab": 2.68, "centros_vecinales_por_10000_hab": 6.7, "tiene_escuela": 1, "tiene_dispensario": 0, "tiene_comisaria": 0, "tiene_transporte": 1, "infraestructura_score": 0.0961, "tamano_promedio_hogar": 4.28, "educacion_ratio_publico_privado": 1.0, "ranking_infraestructura": 379, "percentil_infraestructura": 23.5 }, "geometry": { "type": "Point", "coordinates": [ -64.0647579740385, -31.403922472016401 ] } },
{ "type": "Feature", "properties": { "barrio": "CIUDAD OBISPO ANGELELLI", "poblacion": 1828.0, "hogares": 403.0, "nbi": 81.0, "pct_nbi": 20.1, "escuelas_total": 5, "escuelas_estatales": 5, "escuelas_privadas": 0, "dispensarios_municipales": 0, "paradas_colectivo": 21, "lineas_colectivo": 2, "luminarias_reportes": 0, "comisarias": 0, "centros_vecinales": 1, "poblacion_log": 7.512, "pct_escuelas_privadas": 0.0, "escuelas_por_1000_hab": 2.74, "dispensarios_por_10000_hab": 0.0, "comisarias_por_10000_hab": 0.0, "paradas_por_1000_hab": 11.49, "centros_vecinales_por_10000_hab": 5.47, "tiene_escuela": 1, "tiene_dispensario": 0, "tiene_comisaria": 0, "tiene_transporte": 1, "infraestructura_score": 0.4029, "tamano_promedio_hogar": 4.54, "educacion_ratio_publico_privado": 5.0, "ranking_infraestructura": 77, "percentil_infraestructura": 84.6 }, "geometry": { "type": "Point", "coordinates": [ -64.193764629989701, -31.5051491986518 ] } },
{ "type": "Feature", "properties": { "barrio": "CIUDAD PARQUE LAS ROSAS", "poblacion": 1385.0, "hogares": 325.0, "nbi": 26.0, "pct_nbi": 8.0, "escuelas_total": 0, "escuelas_estatales": 0, "escuelas_privadas": 0, "dispensarios_municipales": 0, "paradas_colectivo": 5, "lineas_colectivo": 2, "luminarias_reportes": 0, "comisarias": 1, "centros_vecinales": 1, "poblacion_log": 7.234, "pct_escuelas_privadas": 0.0, "escuelas_por_1000_hab": 0.0, "dispensarios_por_10000_hab": 0.0, "comisarias_por_10000_hab": 1.5585, "paradas_por_1000_hab": 3.61, "centros_vecinales_por_10000_hab": 7.22, "tiene_escuela": 0, "tiene_dispensario": 0, "tiene_comisaria": 1, "tiene_transporte": 1, "infraestructura_score": 0.178, "tamano_promedio_hogar": 4.26, "educacion_ratio_publico_privado": 0.0, "ranking_infraestructura": 245, "percentil_infraestructura": 50.6 }, "geometry": { "type": "Point", "coordinates": [ -64.241105406189504, -31.448819916147301 ] } },
{ "type": "Feature", "properties": { "barrio": "CIUDAD UNIVERSITARIA", "poblacion": 500.0, "hogares": 200.0, "nbi": 0.0, "pct_nbi": 0.0, "escuelas_total": 10, "escuelas_estatales": 8, "escuelas_privadas": 2, "dispensarios_municipales": 0, "paradas_colectivo": 77, "lineas_colectivo": 21, "luminarias_reportes": 41, "comisarias": 0, "centros_vecinales": 0, "poblacion_log": 6.217, "pct_escuelas_privadas": 0.2, "escuelas_por_1000_hab": 4.8035, "dispensarios_por_10000_hab": 0.0, "comisarias_por_10000_hab": 0.0, "paradas_por_1000_hab": 24.0, "centros_vecinales_por_10000_hab": 0.0, "tiene_escuela": 1, "tiene_dispensario": 0, "tiene_comisaria": 0, "tiene_transporte": 1, "infraestructura_score": 0.7778, "tamano_promedio_hogar": 2.5, "educacion_ratio_publico_privado": 4.0, "ranking_infraestructura": 6, "percentil_infraestructura": 98.5 }, "geometry": { "type": "Point", "coordinates": [ -64.188505625432796, -31.4381745010519 ] } },
{ "type": "Feature", "properties": { "barrio": "CIUDAD VILLA RETIRO", "poblacion": 1402.0, "hogares": 316.0, "nbi": 57.0, "pct_nbi": 18.04, "escuelas_total": 2, "escuelas_estatales": 2, "escuelas_privadas": 0, "dispensarios_municipales": 0, "paradas_colectivo": 6, "lineas_colectivo": 2, "luminarias_reportes": 0, "comisarias": 0, "centros_vecinales": 0, "poblacion_log": 7.246, "pct_escuelas_privadas": 0.0, "escuelas_por_1000_hab": 1.43, "dispensarios_por_10000_hab": 0.0, "comisarias_por_10000_hab": 0.0, "paradas_por_1000_hab": 4.28, "centros_vecinales_por_10000_hab": 0.0, "tiene_escuela": 1, "tiene_dispensario": 0, "tiene_comisaria": 0, "tiene_transporte": 1, "infraestructura_score": 0.1785, "tamano_promedio_hogar": 4.44, "educacion_ratio_publico_privado": 2.0, "ranking_infraestructura": 243, "percentil_infraestructura": 51.0 }, "geometry": { "type": "Point", "coordinates": [ -64.140444276692406, -31.3475166725032 ] } },
{ "type": "Feature", "properties": { "barrio": "CIUDADELA", "poblacion": 1442.0, "hogares": 469.0, "nbi": 10.0, "pct_nbi": 2.13, "escuelas_total": 0, "escuelas_estatales": 0, "escuelas_privadas": 0, "dispensarios_municipales": 0, "paradas_colectivo": 4, "lineas_colectivo": 3, "luminarias_reportes": 111, "comisarias": 0, "centros_vecinales": 0, "poblacion_log": 7.274, "pct_escuelas_privadas": 0.0, "escuelas_por_1000_hab": 0.0, "dispensarios_por_10000_hab": 0.0, "comisarias_por_10000_hab": 0.0, "paradas_por_1000_hab": 2.77, "centros_vecinales_por_10000_hab": 0.0, "tiene_escuela": 0, "tiene_dispensario": 0, "tiene_comisaria": 0, "tiene_transporte": 1, "infraestructura_score": 0.0513, "tamano_promedio_hogar": 3.07, "educacion_ratio_publico_privado": 0.0, "ranking_infraestructura": 435, "percentil_infraestructura": 12.1 }, "geometry": { "type": "Point", "coordinates": [ -64.201786649785106, -31.4460153622855 ] } },
{ "type": "Feature", "properties": { "barrio": "CLAROS DEL BOSQUE", "poblacion": 500.0, "hogares": 200.0, "nbi": 5.0, "pct_nbi": 2.5, "escuelas_total": 0, "escuelas_estatales": 0, "escuelas_privadas": 0, "dispensarios_municipales": 0, "paradas_colectivo": 4, "lineas_colectivo": 3, "luminarias_reportes": 5, "comisarias": 0, "centros_vecinales": 0, "poblacion_log": 6.217, "pct_escuelas_privadas": 0.0, "escuelas_por_1000_hab": 0.0, "dispensarios_por_10000_hab": 0.0, "comisarias_por_10000_hab": 0.0, "paradas_por_1000_hab": 8.0, "centros_vecinales_por_10000_hab": 0.0, "tiene_escuela": 0, "tiene_dispensario": 0, "tiene_comisaria": 0, "tiene_transporte": 1, "infraestructura_score": 0.1481, "tamano_promedio_hogar": 2.5, "educacion_ratio_publico_privado": 0.0, "ranking_infraestructura": 288, "percentil_infraestructura": 41.2 }, "geometry": { "type": "Point", "coordinates": [ -64.150132865599105, -31.456977552862998 ] } },
{ "type": "Feature", "properties": { "barrio": "COFICO", "poblacion": 500.0, "hogares": 200.0, "nbi": 1.0, "pct_nbi": 0.5, "escuelas_total": 4, "escuelas_estatales": 4, "escuelas_privadas": 0, "dispensarios_municipales": 0, "paradas_colectivo": 36, "lineas_colectivo": 22, "luminarias_reportes": 2, "comisarias": 0, "centros_vecinales": 1, "poblacion_log": 6.217, "pct_escuelas_privadas": 0.0, "escuelas_por_1000_hab": 4.8035, "dispensarios_por_10000_hab": 0.0, "comisarias_por_10000_hab": 0.0, "paradas_por_1000_hab": 24.0, "centros_vecinales_por_10000_hab": 20.0, "tiene_escuela": 1, "tiene_dispensario": 0, "tiene_comisaria": 0, "tiene_transporte": 1, "infraestructura_score": 0.7778, "tamano_promedio_hogar": 2.5, "educacion_ratio_publico_privado": 4.0, "ranking_infraestructura": 6, "percentil_infraestructura": 98.5 }, "geometry": { "type": "Point", "coordinates": [ -64.185285139536802, -31.4031901115249 ] } },
{ "type": "Feature", "properties": { "barrio": "COLINAS DE BELLA VISTA", "poblacion": 817.0, "hogares": 242.0, "nbi": 13.0, "pct_nbi": 5.37, "escuelas_total": 1, "escuelas_estatales": 1, "escuelas_privadas": 0, "dispensarios_municipales": 1, "paradas_colectivo": 6, "lineas_colectivo": 2, "luminarias_reportes": 21, "comisarias": 0, "centros_vecinales": 0, "poblacion_log": 6.707, "pct_escuelas_privadas": 0.0, "escuelas_por_1000_hab": 1.22, "dispensarios_por_10000_hab": 6.657, "comisarias_por_10000_hab": 0.0, "paradas_por_1000_hab": 7.34, "centros_vecinales_por_10000_hab": 0.0, "tiene_escuela": 1, "tiene_dispensario": 1, "tiene_comisaria": 0, "tiene_transporte": 1, "infraestructura_score": 0.4428, "tamano_promedio_hogar": 3.38, "educacion_ratio_publico_privado": 1.0, "ranking_infraestructura": 68, "percentil_infraestructura": 86.4 }, "geometry": { "type": "Point", "coordinates": [ -64.208524863791794, -31.436452678148001 ] } },
{ "type": "Feature", "properties": { "barrio": "COLINAS DE VELEZ SARSFIELD", "poblacion": 1642.0, "hogares": 581.0, "nbi": 4.0, "pct_nbi": 0.69, "escuelas_total": 4, "escuelas_estatales": 1, "escuelas_privadas": 3, "dispensarios_municipales": 0, "paradas_colectivo": 18, "lineas_colectivo": 9, "luminarias_reportes": 317, "comisarias": 0, "centros_vecinales": 1, "poblacion_log": 7.404, "pct_escuelas_privadas": 0.75, "escuelas_por_1000_hab": 2.44, "dispensarios_por_10000_hab": 0.0, "comisarias_por_10000_hab": 0.0, "paradas_por_1000_hab": 10.96, "centros_vecinales_por_10000_hab": 6.09, "tiene_escuela": 1, "tiene_dispensario": 0, "tiene_comisaria": 0, "tiene_transporte": 1, "infraestructura_score": 0.3723, "tamano_promedio_hogar": 2.83, "educacion_ratio_publico_privado": 0.33, "ranking_infraestructura": 89, "percentil_infraestructura": 82.2 }, "geometry": { "type": "Point", "coordinates": [ -64.199062320261305, -31.438146876299601 ] } },
{ "type": "Feature", "properties": { "barrio": "COLINAS DEL CERRO", "poblacion": 2264.0, "hogares": 674.0, "nbi": 27.0, "pct_nbi": 4.01, "escuelas_total": 4, "escuelas_estatales": 4, "escuelas_privadas": 0, "dispensarios_municipales": 0, "paradas_colectivo": 11, "lineas_colectivo": 3, "luminarias_reportes": 300, "comisarias": 0, "centros_vecinales": 0, "poblacion_log": 7.725, "pct_escuelas_privadas": 0.0, "escuelas_por_1000_hab": 1.77, "dispensarios_por_10000_hab": 0.0, "comisarias_por_10000_hab": 0.0, "paradas_por_1000_hab": 4.86, "centros_vecinales_por_10000_hab": 0.0, "tiene_escuela": 1, "tiene_dispensario": 0, "tiene_comisaria": 0, "tiene_transporte": 1, "infraestructura_score": 0.2128, "tamano_promedio_hogar": 3.36, "educacion_ratio_publico_privado": 4.0, "ranking_infraestructura": 209, "percentil_infraestructura": 57.9 }, "geometry": { "type": "Point", "coordinates": [ -64.2425945373611, -31.379477514073699 ] } },
{ "type": "Feature", "properties": { "barrio": "COLON", "poblacion": 3862.0, "hogares": 1259.0, "nbi": 30.0, "pct_nbi": 2.38, "escuelas_total": 11, "escuelas_estatales": 5, "escuelas_privadas": 6, "dispensarios_municipales": 0, "paradas_colectivo": 12, "lineas_colectivo": 4, "luminarias_reportes": 281, "comisarias": 0, "centros_vecinales": 1, "poblacion_log": 8.259, "pct_escuelas_privadas": 0.545, "escuelas_por_1000_hab": 2.85, "dispensarios_por_10000_hab": 0.0, "comisarias_por_10000_hab": 0.0, "paradas_por_1000_hab": 3.11, "centros_vecinales_por_10000_hab": 2.59, "tiene_escuela": 1, "tiene_dispensario": 0, "tiene_comisaria": 0, "tiene_transporte": 1, "infraestructura_score": 0.2554, "tamano_promedio_hogar": 3.07, "educacion_ratio_publico_privado": 0.83, "ranking_infraestructura": 161, "percentil_infraestructura": 67.6 }, "geometry": { "type": "Point", "coordinates": [ -64.154530623164305, -31.436618122344001 ] } },
{ "type": "Feature", "properties": { "barrio": "COLONIA LOLA", "poblacion": 9418.0, "hogares": 2368.0, "nbi": 292.0, "pct_nbi": 12.33, "escuelas_total": 1, "escuelas_estatales": 1, "escuelas_privadas": 0, "dispensarios_municipales": 1, "paradas_colectivo": 0, "lineas_colectivo": 0, "luminarias_reportes": 11, "comisarias": 0, "centros_vecinales": 1, "poblacion_log": 9.15, "pct_escuelas_privadas": 0.0, "escuelas_por_1000_hab": 0.11, "dispensarios_por_10000_hab": 1.06, "comisarias_por_10000_hab": 0.0, "paradas_por_1000_hab": 0.0, "centros_vecinales_por_10000_hab": 1.06, "tiene_escuela": 1, "tiene_dispensario": 1, "tiene_comisaria": 0, "tiene_transporte": 0, "infraestructura_score": 0.043, "tamano_promedio_hogar": 3.98, "educacion_ratio_publico_privado": 1.0, "ranking_infraestructura": 439, "percentil_infraestructura": 11.3 }, "geometry": { "type": "Point", "coordinates": [ -64.1166371703697, -31.413698402747151 ] } },
{ "type": "Feature", "properties": { "barrio": "COMANDANTE ESPORA", "poblacion": 1567.0, "hogares": 500.0, "nbi": 10.0, "pct_nbi": 2.0, "escuelas_total": 0, "escuelas_estatales": 0, "escuelas_privadas": 0, "dispensarios_municipales": 0, "paradas_colectivo": 10, "lineas_colectivo": 3, "luminarias_reportes": 20, "comisarias": 0, "centros_vecinales": 1, "poblacion_log": 7.358, "pct_escuelas_privadas": 0.0, "escuelas_por_1000_hab": 0.0, "dispensarios_por_10000_hab": 0.0, "comisarias_por_10000_hab": 0.0, "paradas_por_1000_hab": 6.38, "centros_vecinales_por_10000_hab": 6.38, "tiene_escuela": 0, "tiene_dispensario": 0, "tiene_comisaria": 0, "tiene_transporte": 1, "infraestructura_score": 0.1181, "tamano_promedio_hogar": 3.13, "educacion_ratio_publico_privado": 0.0, "ranking_infraestructura": 333, "percentil_infraestructura": 32.8 }, "geometry": { "type": "Point", "coordinates": [ -64.223980108742396, -31.417200830004798 ] } },
{ "type": "Feature", "properties": { "barrio": "COMERCIAL", "poblacion": 6575.0, "hogares": 1700.0, "nbi": 215.0, "pct_nbi": 12.65, "escuelas_total": 2, "escuelas_estatales": 2, "escuelas_privadas": 0, "dispensarios_municipales": 0, "paradas_colectivo": 5, "lineas_colectivo": 1, "luminarias_reportes": 37, "comisarias": 1, "centros_vecinales": 0, "poblacion_log": 8.791, "pct_escuelas_privadas": 0.0, "escuelas_por_1000_hab": 0.3, "dispensarios_por_10000_hab": 0.0, "comisarias_por_10000_hab": 1.52, "paradas_por_1000_hab": 0.76, "centros_vecinales_por_10000_hab": 0.0, "tiene_escuela": 1, "tiene_dispensario": 0, "tiene_comisaria": 1, "tiene_transporte": 1, "infraestructura_score": 0.1433, "tamano_promedio_hogar": 3.87, "educacion_ratio_publico_privado": 2.0, "ranking_infraestructura": 301, "percentil_infraestructura": 39.3 }, "geometry": { "type": "Point", "coordinates": [ -64.202236231271698, -31.488879537458502 ] } },
{ "type": "Feature", "properties": { "barrio": "CONGRESO", "poblacion": 2534.0, "hogares": 657.0, "nbi": 39.0, "pct_nbi": 5.94, "escuelas_total": 4, "escuelas_estatales": 4, "escuelas_privadas": 0, "dispensarios_municipales": 0, "paradas_colectivo": 10, "lineas_colectivo": 5, "luminarias_reportes": 97, "comisarias": 0, "centros_vecinales": 1, "poblacion_log": 7.838, "pct_escuelas_privadas": 0.0, "escuelas_por_1000_hab": 1.58, "dispensarios_por_10000_hab": 0.0, "comisarias_por_10000_hab": 0.0, "paradas_por_1000_hab": 3.95, "centros_vecinales_por_10000_hab": 3.95, "tiene_escuela": 1, "tiene_dispensario": 0, "tiene_comisaria": 0, "tiene_transporte": 1, "infraestructura_score": 0.1828, "tamano_promedio_hogar": 3.86, "educacion_ratio_publico_privado": 4.0, "ranking_infraestructura": 240, "percentil_infraestructura": 51.6 }, "geometry": { "type": "Point", "coordinates": [ -64.235805899028506, -31.4681013129692 ] } },
{ "type": "Feature", "properties": { "barrio": "CONSORCIO 16 DE NOVIEMBRE", "poblacion": 785.0, "hogares": 213.0, "nbi": 12.0, "pct_nbi": 5.63, "escuelas_total": 6, "escuelas_estatales": 6, "escuelas_privadas": 0, "dispensarios_municipales": 2, "paradas_colectivo": 15, "lineas_colectivo": 3, "luminarias_reportes": 28, "comisarias": 0, "centros_vecinales": 3, "poblacion_log": 6.667, "pct_escuelas_privadas": 0.0, "escuelas_por_1000_hab": 4.8035, "dispensarios_por_10000_hab": 6.657, "comisarias_por_10000_hab": 0.0, "paradas_por_1000_hab": 19.11, "centros_vecinales_por_10000_hab": 38.22, "tiene_escuela": 1, "tiene_dispensario": 1, "tiene_comisaria": 0, "tiene_transporte": 1, "infraestructura_score": 0.9094, "tamano_promedio_hogar": 3.69, "educacion_ratio_publico_privado": 6.0, "ranking_infraestructura": 3, "percentil_infraestructura": 99.6 }, "geometry": { "type": "Point", "coordinates": [ -64.256874832935495, -31.318339045152001 ] } },
{ "type": "Feature", "properties": { "barrio": "CONSORCIO ESPERANZA", "poblacion": 500.0, "hogares": 200.0, "nbi": 3.0, "pct_nbi": 1.5, "escuelas_total": 0, "escuelas_estatales": 0, "escuelas_privadas": 0, "dispensarios_municipales": 0, "paradas_colectivo": 6, "lineas_colectivo": 2, "luminarias_reportes": 4, "comisarias": 0, "centros_vecinales": 0, "poblacion_log": 6.217, "pct_escuelas_privadas": 0.0, "escuelas_por_1000_hab": 0.0, "dispensarios_por_10000_hab": 0.0, "comisarias_por_10000_hab": 0.0, "paradas_por_1000_hab": 12.0, "centros_vecinales_por_10000_hab": 0.0, "tiene_escuela": 0, "tiene_dispensario": 0, "tiene_comisaria": 0, "tiene_transporte": 1, "infraestructura_score": 0.2222, "tamano_promedio_hogar": 2.5, "educacion_ratio_publico_privado": 0.0, "ranking_infraestructura": 197, "percentil_infraestructura": 59.9 }, "geometry": { "type": "Point", "coordinates": [ -64.234352759439304, -31.420751186943999 ] } },
{ "type": "Feature", "properties": { "barrio": "COOPERATIVA 16 DE NOVIEMBRE", "poblacion": 5676.0, "hogares": 1377.0, "nbi": 174.0, "pct_nbi": 12.64, "escuelas_total": 2, "escuelas_estatales": 2, "escuelas_privadas": 0, "dispensarios_municipales": 1, "paradas_colectivo": 6, "lineas_colectivo": 1, "luminarias_reportes": 140, "comisarias": 0, "centros_vecinales": 1, "poblacion_log": 8.644, "pct_escuelas_privadas": 0.0, "escuelas_por_1000_hab": 0.35, "dispensarios_por_10000_hab": 1.76, "comisarias_por_10000_hab": 0.0, "paradas_por_1000_hab": 1.06, "centros_vecinales_por_10000_hab": 1.76, "tiene_escuela": 1, "tiene_dispensario": 1, "tiene_comisaria": 0, "tiene_transporte": 1, "infraestructura_score": 0.1027, "tamano_promedio_hogar": 4.12, "educacion_ratio_publico_privado": 2.0, "ranking_infraestructura": 372, "percentil_infraestructura": 24.9 }, "geometry": { "type": "Point", "coordinates": [ -64.261432872389662, -31.313277089012065 ] } },
{ "type": "Feature", "properties": { "barrio": "COOPERATIVA EL FUTURO", "poblacion": 500.0, "hogares": 200.0, "nbi": 12.0, "pct_nbi": 6.0, "escuelas_total": 0, "escuelas_estatales": 0, "escuelas_privadas": 0, "dispensarios_municipales": 0, "paradas_colectivo": 3, "lineas_colectivo": 2, "luminarias_reportes": 0, "comisarias": 0, "centros_vecinales": 0, "poblacion_log": 6.217, "pct_escuelas_privadas": 0.0, "escuelas_por_1000_hab": 0.0, "dispensarios_por_10000_hab": 0.0, "comisarias_por_10000_hab": 0.0, "paradas_por_1000_hab": 6.0, "centros_vecinales_por_10000_hab": 0.0, "tiene_escuela": 0, "tiene_dispensario": 0, "tiene_comisaria": 0, "tiene_transporte": 1, "infraestructura_score": 0.1111, "tamano_promedio_hogar": 2.5, "educacion_ratio_publico_privado": 0.0, "ranking_infraestructura": 347, "percentil_infraestructura": 29.1 }, "geometry": { "type": "Point", "coordinates": [ -64.108101277920696, -31.440182349523202 ] } },
{ "type": "Feature", "properties": { "barrio": "COOPERATIVA LA HERMOSA", "poblacion": 500.0, "hogares": 200.0, "nbi": 24.0, "pct_nbi": 12.0, "escuelas_total": 0, "escuelas_estatales": 0, "escuelas_privadas": 0, "dispensarios_municipales": 0, "paradas_colectivo": 0, "lineas_colectivo": 0, "luminarias_reportes": 0, "comisarias": 0, "centros_vecinales": 1, "poblacion_log": 6.217, "pct_escuelas_privadas": 0.0, "escuelas_por_1000_hab": 0.0, "dispensarios_por_10000_hab": 0.0, "comisarias_por_10000_hab": 0.0, "paradas_por_1000_hab": 0.0, "centros_vecinales_por_10000_hab": 20.0, "tiene_escuela": 0, "tiene_dispensario": 0, "tiene_comisaria": 0, "tiene_transporte": 0, "infraestructura_score": 0.0, "tamano_promedio_hogar": 2.5, "educacion_ratio_publico_privado": 0.0, "ranking_infraestructura": 469, "percentil_infraestructura": 2.7 }, "geometry": { "type": "Point", "coordinates": [ -64.108104347353006, -31.438734758829899 ] } },
{ "type": "Feature", "properties": { "barrio": "COOPERATIVA LA UNIDAD", "poblacion": 2120.0, "hogares": 508.0, "nbi": 32.0, "pct_nbi": 6.3, "escuelas_total": 0, "escuelas_estatales": 0, "escuelas_privadas": 0, "dispensarios_municipales": 0, "paradas_colectivo": 8, "lineas_colectivo": 3, "luminarias_reportes": 0, "comisarias": 0, "centros_vecinales": 1, "poblacion_log": 7.66, "pct_escuelas_privadas": 0.0, "escuelas_por_1000_hab": 0.0, "dispensarios_por_10000_hab": 0.0, "comisarias_por_10000_hab": 0.0, "paradas_por_1000_hab": 3.77, "centros_vecinales_por_10000_hab": 4.72, "tiene_escuela": 0, "tiene_dispensario": 0, "tiene_comisaria": 0, "tiene_transporte": 1, "infraestructura_score": 0.0698, "tamano_promedio_hogar": 4.17, "educacion_ratio_publico_privado": 0.0, "ranking_infraestructura": 420, "percentil_infraestructura": 15.1 }, "geometry": { "type": "Point", "coordinates": [ -64.112884039505502, -31.430630677950798 ] } },
{ "type": "Feature", "properties": { "barrio": "CORDOBA IV", "poblacion": 500.0, "hogares": 200.0, "nbi": 0.0, "pct_nbi": 0.0, "escuelas_total": 2, "escuelas_estatales": 0, "escuelas_privadas": 2, "dispensarios_municipales": 0, "paradas_colectivo": 4, "lineas_colectivo": 1, "luminarias_reportes": 0, "comisarias": 0, "centros_vecinales": 0, "poblacion_log": 6.217, "pct_escuelas_privadas": 1.0, "escuelas_por_1000_hab": 4.0, "dispensarios_por_10000_hab": 0.0, "comisarias_por_10000_hab": 0.0, "paradas_por_1000_hab": 8.0, "centros_vecinales_por_10000_hab": 0.0, "tiene_escuela": 1, "tiene_dispensario": 0, "tiene_comisaria": 0, "tiene_transporte": 1, "infraestructura_score": 0.4257, "tamano_promedio_hogar": 2.5, "educacion_ratio_publico_privado": 0.0, "ranking_infraestructura": 73, "percentil_infraestructura": 85.3 }, "geometry": { "type": "Point", "coordinates": [ -64.2635715412857, -31.389649848724201 ] } },
{ "type": "Feature", "properties": { "barrio": "CORDOBA V", "poblacion": 500.0, "hogares": 200.0, "nbi": 1.0, "pct_nbi": 0.5, "escuelas_total": 0, "escuelas_estatales": 0, "escuelas_privadas": 0, "dispensarios_municipales": 0, "paradas_colectivo": 2, "lineas_colectivo": 2, "luminarias_reportes": 0, "comisarias": 0, "centros_vecinales": 0, "poblacion_log": 6.217, "pct_escuelas_privadas": 0.0, "escuelas_por_1000_hab": 0.0, "dispensarios_por_10000_hab": 0.0, "comisarias_por_10000_hab": 0.0, "paradas_por_1000_hab": 4.0, "centros_vecinales_por_10000_hab": 0.0, "tiene_escuela": 0, "tiene_dispensario": 0, "tiene_comisaria": 0, "tiene_transporte": 1, "infraestructura_score": 0.0741, "tamano_promedio_hogar": 2.5, "educacion_ratio_publico_privado": 0.0, "ranking_infraestructura": 406, "percentil_infraestructura": 17.5 }, "geometry": { "type": "Point", "coordinates": [ -64.262488817918197, -31.3849544927415 ] } },
{ "type": "Feature", "properties": { "barrio": "CORRAL DE PALOS", "poblacion": 1244.0, "hogares": 342.0, "nbi": 23.0, "pct_nbi": 6.73, "escuelas_total": 0, "escuelas_estatales": 0, "escuelas_privadas": 0, "dispensarios_municipales": 0, "paradas_colectivo": 7, "lineas_colectivo": 2, "luminarias_reportes": 0, "comisarias": 0, "centros_vecinales": 1, "poblacion_log": 7.127, "pct_escuelas_privadas": 0.0, "escuelas_por_1000_hab": 0.0, "dispensarios_por_10000_hab": 0.0, "comisarias_por_10000_hab": 0.0, "paradas_por_1000_hab": 5.63, "centros_vecinales_por_10000_hab": 8.04, "tiene_escuela": 0, "tiene_dispensario": 0, "tiene_comisaria": 0, "tiene_transporte": 1, "infraestructura_score": 0.1043, "tamano_promedio_hogar": 3.64, "educacion_ratio_publico_privado": 0.0, "ranking_infraestructura": 368, "percentil_infraestructura": 25.7 }, "geometry": { "type": "Point", "coordinates": [ -64.141051484461002, -31.439641102746901 ] } },
{ "type": "Feature", "properties": { "barrio": "COSTA VERDE", "poblacion": 500.0, "hogares": 200.0, "nbi": 0.0, "pct_nbi": 0.0, "escuelas_total": 0, "escuelas_estatales": 0, "escuelas_privadas": 0, "dispensarios_municipales": 1, "paradas_colectivo": 6, "lineas_colectivo": 2, "luminarias_reportes": 0, "comisarias": 0, "centros_vecinales": 0, "poblacion_log": 6.217, "pct_escuelas_privadas": 0.0, "escuelas_por_1000_hab": 0.0, "dispensarios_por_10000_hab": 6.657, "comisarias_por_10000_hab": 0.0, "paradas_por_1000_hab": 12.0, "centros_vecinales_por_10000_hab": 0.0, "tiene_escuela": 0, "tiene_dispensario": 1, "tiene_comisaria": 0, "tiene_transporte": 1, "infraestructura_score": 0.4444, "tamano_promedio_hogar": 2.5, "educacion_ratio_publico_privado": 0.0, "ranking_infraestructura": 59, "percentil_infraestructura": 87.4 }, "geometry": { "type": "Point", "coordinates": [ -64.250469001840898, -31.381222125591101 ] } },
{ "type": "Feature", "properties": { "barrio": "COUNTRY ALTOS DEL CHATEAU", "poblacion": 1120.0, "hogares": 252.0, "nbi": 0.0, "pct_nbi": 0.0, "escuelas_total": 1, "escuelas_estatales": 0, "escuelas_privadas": 1, "dispensarios_municipales": 0, "paradas_colectivo": 0, "lineas_colectivo": 0, "luminarias_reportes": 0, "comisarias": 0, "centros_vecinales": 0, "poblacion_log": 7.022, "pct_escuelas_privadas": 1.0, "escuelas_por_1000_hab": 0.89, "dispensarios_por_10000_hab": 0.0, "comisarias_por_10000_hab": 0.0, "paradas_por_1000_hab": 0.0, "centros_vecinales_por_10000_hab": 0.0, "tiene_escuela": 1, "tiene_dispensario": 0, "tiene_comisaria": 0, "tiene_transporte": 0, "infraestructura_score": 0.0618, "tamano_promedio_hogar": 4.44, "educacion_ratio_publico_privado": 0.0, "ranking_infraestructura": 430, "percentil_infraestructura": 13.2 }, "geometry": { "type": "Point", "coordinates": [ -64.266809952847595, -31.374793804328448 ] } },
{ "type": "Feature", "properties": { "barrio": "COUNTRY BARRANCAS", "poblacion": 500.0, "hogares": 200.0, "nbi": 0.0, "pct_nbi": 0.0, "escuelas_total": 0, "escuelas_estatales": 0, "escuelas_privadas": 0, "dispensarios_municipales": 0, "paradas_colectivo": 6, "lineas_colectivo": 1, "luminarias_reportes": 0, "comisarias": 0, "centros_vecinales": 0, "poblacion_log": 6.217, "pct_escuelas_privadas": 0.0, "escuelas_por_1000_hab": 0.0, "dispensarios_por_10000_hab": 0.0, "comisarias_por_10000_hab": 0.0, "paradas_por_1000_hab": 12.0, "centros_vecinales_por_10000_hab": 0.0, "tiene_escuela": 0, "tiene_dispensario": 0, "tiene_comisaria": 0, "tiene_transporte": 1, "infraestructura_score": 0.2222, "tamano_promedio_hogar": 2.5, "educacion_ratio_publico_privado": 0.0, "ranking_infraestructura": 197, "percentil_infraestructura": 59.9 }, "geometry": { "type": "Point", "coordinates": [ -64.246288053041198, -31.380506148248902 ] } },
{ "type": "Feature", "properties": { "barrio": "COUNTRY CLUB", "poblacion": 500.0, "hogares": 200.0, "nbi": 0.0, "pct_nbi": 0.0, "escuelas_total": 0, "escuelas_estatales": 0, "escuelas_privadas": 0, "dispensarios_municipales": 0, "paradas_colectivo": 6, "lineas_colectivo": 2, "luminarias_reportes": 0, "comisarias": 0, "centros_vecinales": 0, "poblacion_log": 6.217, "pct_escuelas_privadas": 0.0, "escuelas_por_1000_hab": 0.0, "dispensarios_por_10000_hab": 0.0, "comisarias_por_10000_hab": 0.0, "paradas_por_1000_hab": 12.0, "centros_vecinales_por_10000_hab": 0.0, "tiene_escuela": 0, "tiene_dispensario": 0, "tiene_comisaria": 0, "tiene_transporte": 1, "infraestructura_score": 0.2222, "tamano_promedio_hogar": 2.5, "educacion_ratio_publico_privado": 0.0, "ranking_infraestructura": 197, "percentil_infraestructura": 59.9 }, "geometry": { "type": "Point", "coordinates": [ -64.187278985351696, -31.453336410891801 ] } },
{ "type": "Feature", "properties": { "barrio": "COUNTRY FORTIN DEL POZO", "poblacion": 500.0, "hogares": 200.0, "nbi": 6.0, "pct_nbi": 3.0, "escuelas_total": 0, "escuelas_estatales": 0, "escuelas_privadas": 0, "dispensarios_municipales": 0, "paradas_colectivo": 1, "lineas_colectivo": 2, "luminarias_reportes": 0, "comisarias": 0, "centros_vecinales": 0, "poblacion_log": 6.217, "pct_escuelas_privadas": 0.0, "escuelas_por_1000_hab": 0.0, "dispensarios_por_10000_hab": 0.0, "comisarias_por_10000_hab": 0.0, "paradas_por_1000_hab": 2.0, "centros_vecinales_por_10000_hab": 0.0, "tiene_escuela": 0, "tiene_dispensario": 0, "tiene_comisaria": 0, "tiene_transporte": 1, "infraestructura_score": 0.037, "tamano_promedio_hogar": 2.5, "educacion_ratio_publico_privado": 0.0, "ranking_infraestructura": 447, "percentil_infraestructura": 9.2 }, "geometry": { "type": "Point", "coordinates": [ -64.175790757753902, -31.474020631974799 ] } },
{ "type": "Feature", "properties": { "barrio": "COUNTRY JOCKEY CLUB", "poblacion": 1555.0, "hogares": 379.0, "nbi": 7.0, "pct_nbi": 1.85, "escuelas_total": 0, "escuelas_estatales": 0, "escuelas_privadas": 0, "dispensarios_municipales": 0, "paradas_colectivo": 0, "lineas_colectivo": 0, "luminarias_reportes": 0, "comisarias": 0, "centros_vecinales": 0, "poblacion_log": 7.35, "pct_escuelas_privadas": 0.0, "escuelas_por_1000_hab": 0.0, "dispensarios_por_10000_hab": 0.0, "comisarias_por_10000_hab": 0.0, "paradas_por_1000_hab": 0.0, "centros_vecinales_por_10000_hab": 0.0, "tiene_escuela": 0, "tiene_dispensario": 0, "tiene_comisaria": 0, "tiene_transporte": 0, "infraestructura_score": 0.0, "tamano_promedio_hogar": 4.1, "educacion_ratio_publico_privado": 0.0, "ranking_infraestructura": 469, "percentil_infraestructura": 2.7 }, "geometry": { "type": "Point", "coordinates": [ -64.176659020741397, -31.4634727942897 ] } },
{ "type": "Feature", "properties": { "barrio": "COUNTRY LA RESERVA", "poblacion": 795.0, "hogares": 207.0, "nbi": 2.0, "pct_nbi": 0.97, "escuelas_total": 0, "escuelas_estatales": 0, "escuelas_privadas": 0, "dispensarios_municipales": 0, "paradas_colectivo": 0, "lineas_colectivo": 0, "luminarias_reportes": 0, "comisarias": 0, "centros_vecinales": 0, "poblacion_log": 6.68, "pct_escuelas_privadas": 0.0, "escuelas_por_1000_hab": 0.0, "dispensarios_por_10000_hab": 0.0, "comisarias_por_10000_hab": 0.0, "paradas_por_1000_hab": 0.0, "centros_vecinales_por_10000_hab": 0.0, "tiene_escuela": 0, "tiene_dispensario": 0, "tiene_comisaria": 0, "tiene_transporte": 0, "infraestructura_score": 0.0, "tamano_promedio_hogar": 3.84, "educacion_ratio_publico_privado": 0.0, "ranking_infraestructura": 469, "percentil_infraestructura": 2.7 }, "geometry": { "type": "Point", "coordinates": [ -64.268355787394398, -31.3672636397445 ] } },
{ "type": "Feature", "properties": { "barrio": "COUNTRY LA SANTINA - COUNTRY CAMPINA DEL SUR", "poblacion": 500.0, "hogares": 200.0, "nbi": 0.0, "pct_nbi": 0.0, "escuelas_total": 0, "escuelas_estatales": 0, "escuelas_privadas": 0, "dispensarios_municipales": 0, "paradas_colectivo": 9, "lineas_colectivo": 2, "luminarias_reportes": 0, "comisarias": 0, "centros_vecinales": 0, "poblacion_log": 6.217, "pct_escuelas_privadas": 0.0, "escuelas_por_1000_hab": 0.0, "dispensarios_por_10000_hab": 0.0, "comisarias_por_10000_hab": 0.0, "paradas_por_1000_hab": 18.0, "centros_vecinales_por_10000_hab": 0.0, "tiene_escuela": 0, "tiene_dispensario": 0, "tiene_comisaria": 0, "tiene_transporte": 1, "infraestructura_score": 0.3333, "tamano_promedio_hogar": 2.5, "educacion_ratio_publico_privado": 0.0, "ranking_infraestructura": 108, "percentil_infraestructura": 78.0 }, "geometry": { "type": "Point", "coordinates": [ -64.173676120465402, -31.477364978202701 ] } },
{ "type": "Feature", "properties": { "barrio": "COUNTRY LAS DELICIAS", "poblacion": 776.0, "hogares": 213.0, "nbi": 2.0, "pct_nbi": 0.94, "escuelas_total": 0, "escuelas_estatales": 0, "escuelas_privadas": 0, "dispensarios_municipales": 0, "paradas_colectivo": 0, "lineas_colectivo": 0, "luminarias_reportes": 0, "comisarias": 0, "centros_vecinales": 0, "poblacion_log": 6.655, "pct_escuelas_privadas": 0.0, "escuelas_por_1000_hab": 0.0, "dispensarios_por_10000_hab": 0.0, "comisarias_por_10000_hab": 0.0, "paradas_por_1000_hab": 0.0, "centros_vecinales_por_10000_hab": 0.0, "tiene_escuela": 0, "tiene_dispensario": 0, "tiene_comisaria": 0, "tiene_transporte": 0, "infraestructura_score": 0.0, "tamano_promedio_hogar": 3.64, "educacion_ratio_publico_privado": 0.0, "ranking_infraestructura": 469, "percentil_infraestructura": 2.7 }, "geometry": { "type": "Point", "coordinates": [ -64.299457900815497, -31.361935253570302 ] } },
{ "type": "Feature", "properties": { "barrio": "COUNTRY LOMAS DE LA CAROLINA", "poblacion": 1572.0, "hogares": 383.0, "nbi": 0.0, "pct_nbi": 0.0, "escuelas_total": 0, "escuelas_estatales": 0, "escuelas_privadas": 0, "dispensarios_municipales": 0, "paradas_colectivo": 2, "lineas_colectivo": 1, "luminarias_reportes": 0, "comisarias": 0, "centros_vecinales": 0, "poblacion_log": 7.361, "pct_escuelas_privadas": 0.0, "escuelas_por_1000_hab": 0.0, "dispensarios_por_10000_hab": 0.0, "comisarias_por_10000_hab": 0.0, "paradas_por_1000_hab": 1.27, "centros_vecinales_por_10000_hab": 0.0, "tiene_escuela": 0, "tiene_dispensario": 0, "tiene_comisaria": 0, "tiene_transporte": 1, "infraestructura_score": 0.0235, "tamano_promedio_hogar": 4.1, "educacion_ratio_publico_privado": 0.0, "ranking_infraestructura": 461, "percentil_infraestructura": 6.9 }, "geometry": { "type": "Point", "coordinates": [ -64.305620917096505, -31.3556553169784 ] } },
{ "type": "Feature", "properties": { "barrio": "COUNTRY LOS ALGARROBOS", "poblacion": 500.0, "hogares": 200.0, "nbi": 0.0, "pct_nbi": 0.0, "escuelas_total": 0, "escuelas_estatales": 0, "escuelas_privadas": 0, "dispensarios_municipales": 0, "paradas_colectivo": 4, "lineas_colectivo": 2, "luminarias_reportes": 0, "comisarias": 0, "centros_vecinales": 0, "poblacion_log": 6.217, "pct_escuelas_privadas": 0.0, "escuelas_por_1000_hab": 0.0, "dispensarios_por_10000_hab": 0.0, "comisarias_por_10000_hab": 0.0, "paradas_por_1000_hab": 8.0, "centros_vecinales_por_10000_hab": 0.0, "tiene_escuela": 0, "tiene_dispensario": 0, "tiene_comisaria": 0, "tiene_transporte": 1, "infraestructura_score": 0.1481, "tamano_promedio_hogar": 2.5, "educacion_ratio_publico_privado": 0.0, "ranking_infraestructura": 288, "percentil_infraestructura": 41.2 }, "geometry": { "type": "Point", "coordinates": [ -64.240689521780695, -31.483351000404198 ] } },
{ "type": "Feature", "properties": { "barrio": "COUNTRY LOS MIMBRES", "poblacion": 500.0, "hogares": 200.0, "nbi": 0.0, "pct_nbi": 0.0, "escuelas_total": 0, "escuelas_estatales": 0, "escuelas_privadas": 0, "dispensarios_municipales": 0, "paradas_colectivo": 3, "lineas_colectivo": 1, "luminarias_reportes": 0, "comisarias": 0, "centros_vecinales": 0, "poblacion_log": 6.217, "pct_escuelas_privadas": 0.0, "escuelas_por_1000_hab": 0.0, "dispensarios_por_10000_hab": 0.0, "comisarias_por_10000_hab": 0.0, "paradas_por_1000_hab": 6.0, "centros_vecinales_por_10000_hab": 0.0, "tiene_escuela": 0, "tiene_dispensario": 0, "tiene_comisaria": 0, "tiene_transporte": 1, "infraestructura_score": 0.1111, "tamano_promedio_hogar": 2.5, "educacion_ratio_publico_privado": 0.0, "ranking_infraestructura": 347, "percentil_infraestructura": 29.1 }, "geometry": { "type": "Point", "coordinates": [ -64.1839627867177, -31.493384547455101 ] } },
{ "type": "Feature", "properties": { "barrio": "COUNTRY RANCH CLUB", "poblacion": 500.0, "hogares": 200.0, "nbi": 0.0, "pct_nbi": 0.0, "escuelas_total": 0, "escuelas_estatales": 0, "escuelas_privadas": 0, "dispensarios_municipales": 0, "paradas_colectivo": 3, "lineas_colectivo": 1, "luminarias_reportes": 0, "comisarias": 0, "centros_vecinales": 0, "poblacion_log": 6.217, "pct_escuelas_privadas": 0.0, "escuelas_por_1000_hab": 0.0, "dispensarios_por_10000_hab": 0.0, "comisarias_por_10000_hab": 0.0, "paradas_por_1000_hab": 6.0, "centros_vecinales_por_10000_hab": 0.0, "tiene_escuela": 0, "tiene_dispensario": 0, "tiene_comisaria": 0, "tiene_transporte": 1, "infraestructura_score": 0.1111, "tamano_promedio_hogar": 2.5, "educacion_ratio_publico_privado": 0.0, "ranking_infraestructura": 347, "percentil_infraestructura": 29.1 }, "geometry": { "type": "Point", "coordinates": [ -64.219181088996194, -31.452719803409298 ] } },
{ "type": "Feature", "properties": { "barrio": "COUNTRY VALLE ESCONDIDO", "poblacion": 6660.0, "hogares": 1818.0, "nbi": 8.0, "pct_nbi": 0.44, "escuelas_total": 1, "escuelas_estatales": 0, "escuelas_privadas": 1, "dispensarios_municipales": 0, "paradas_colectivo": 3, "lineas_colectivo": 1, "luminarias_reportes": 0, "comisarias": 0, "centros_vecinales": 0, "poblacion_log": 8.804, "pct_escuelas_privadas": 1.0, "escuelas_por_1000_hab": 0.15, "dispensarios_por_10000_hab": 0.0, "comisarias_por_10000_hab": 0.0, "paradas_por_1000_hab": 0.45, "centros_vecinales_por_10000_hab": 0.0, "tiene_escuela": 1, "tiene_dispensario": 0, "tiene_comisaria": 0, "tiene_transporte": 1, "infraestructura_score": 0.0187, "tamano_promedio_hogar": 3.66, "educacion_ratio_publico_privado": 0.0, "ranking_infraestructura": 464, "percentil_infraestructura": 6.3 }, "geometry": { "type": "Point", "coordinates": [ -64.280614112077004, -31.365093628436902 ] } },
{ "type": "Feature", "properties": { "barrio": "CRISOL NORTE", "poblacion": 1224.0, "hogares": 541.0, "nbi": 5.0, "pct_nbi": 0.92, "escuelas_total": 8, "escuelas_estatales": 4, "escuelas_privadas": 4, "dispensarios_municipales": 0, "paradas_colectivo": 41, "lineas_colectivo": 20, "luminarias_reportes": 121, "comisarias": 0, "centros_vecinales": 1, "poblacion_log": 7.111, "pct_escuelas_privadas": 0.5, "escuelas_por_1000_hab": 4.8035, "dispensarios_por_10000_hab": 0.0, "comisarias_por_10000_hab": 0.0, "paradas_por_1000_hab": 24.0, "centros_vecinales_por_10000_hab": 8.17, "tiene_escuela": 1, "tiene_dispensario": 0, "tiene_comisaria": 0, "tiene_transporte": 1, "infraestructura_score": 0.7778, "tamano_promedio_hogar": 2.26, "educacion_ratio_publico_privado": 1.0, "ranking_infraestructura": 6, "percentil_infraestructura": 98.5 }, "geometry": { "type": "Point", "coordinates": [ -64.167176368667995, -31.428051362203998 ] } },
{ "type": "Feature", "properties": { "barrio": "CRISOL SUD", "poblacion": 3336.0, "hogares": 1124.0, "nbi": 10.0, "pct_nbi": 0.89, "escuelas_total": 7, "escuelas_estatales": 4, "escuelas_privadas": 3, "dispensarios_municipales": 0, "paradas_colectivo": 17, "lineas_colectivo": 8, "luminarias_reportes": 152, "comisarias": 0, "centros_vecinales": 1, "poblacion_log": 8.113, "pct_escuelas_privadas": 0.429, "escuelas_por_1000_hab": 2.1, "dispensarios_por_10000_hab": 0.0, "comisarias_por_10000_hab": 0.0, "paradas_por_1000_hab": 5.1, "centros_vecinales_por_10000_hab": 3.0, "tiene_escuela": 1, "tiene_dispensario": 0, "tiene_comisaria": 0, "tiene_transporte": 1, "infraestructura_score": 0.2402, "tamano_promedio_hogar": 2.97, "educacion_ratio_publico_privado": 1.33, "ranking_infraestructura": 177, "percentil_infraestructura": 64.4 }, "geometry": { "type": "Point", "coordinates": [ -64.167425431100298, -31.434958282136201 ] } },
{ "type": "Feature", "properties": { "barrio": "CUPANI", "poblacion": 2255.0, "hogares": 674.0, "nbi": 32.0, "pct_nbi": 4.75, "escuelas_total": 2, "escuelas_estatales": 0, "escuelas_privadas": 2, "dispensarios_municipales": 1, "paradas_colectivo": 13, "lineas_colectivo": 6, "luminarias_reportes": 6, "comisarias": 0, "centros_vecinales": 1, "poblacion_log": 7.721, "pct_escuelas_privadas": 1.0, "escuelas_por_1000_hab": 0.89, "dispensarios_por_10000_hab": 4.43, "comisarias_por_10000_hab": 0.0, "paradas_por_1000_hab": 5.76, "centros_vecinales_por_10000_hab": 4.43, "tiene_escuela": 1, "tiene_dispensario": 1, "tiene_comisaria": 0, "tiene_transporte": 1, "infraestructura_score": 0.3163, "tamano_promedio_hogar": 3.35, "educacion_ratio_publico_privado": 0.0, "ranking_infraestructura": 118, "percentil_infraestructura": 76.3 }, "geometry": { "type": "Point", "coordinates": [ -64.207695161941402, -31.421473588853299 ] } },
{ "type": "Feature", "properties": { "barrio": "DE LOS BIOQUIMICOS", "poblacion": 1265.0, "hogares": 348.0, "nbi": 25.0, "pct_nbi": 7.18, "escuelas_total": 0, "escuelas_estatales": 0, "escuelas_privadas": 0, "dispensarios_municipales": 0, "paradas_colectivo": 13, "lineas_colectivo": 1, "luminarias_reportes": 0, "comisarias": 0, "centros_vecinales": 1, "poblacion_log": 7.144, "pct_escuelas_privadas": 0.0, "escuelas_por_1000_hab": 0.0, "dispensarios_por_10000_hab": 0.0, "comisarias_por_10000_hab": 0.0, "paradas_por_1000_hab": 10.28, "centros_vecinales_por_10000_hab": 7.91, "tiene_escuela": 0, "tiene_dispensario": 0, "tiene_comisaria": 0, "tiene_transporte": 1, "infraestructura_score": 0.1904, "tamano_promedio_hogar": 3.64, "educacion_ratio_publico_privado": 0.0, "ranking_infraestructura": 232, "percentil_infraestructura": 53.2 }, "geometry": { "type": "Point", "coordinates": [ -64.266813895788502, -31.320428853528298 ] } },
{ "type": "Feature", "properties": { "barrio": "DE LOS DOCENTES", "poblacion": 500.0, "hogares": 200.0, "nbi": 0.0, "pct_nbi": 0.0, "escuelas_total": 0, "escuelas_estatales": 0, "escuelas_privadas": 0, "dispensarios_municipales": 0, "paradas_colectivo": 3, "lineas_colectivo": 3, "luminarias_reportes": 0, "comisarias": 0, "centros_vecinales": 2, "poblacion_log": 6.217, "pct_escuelas_privadas": 0.0, "escuelas_por_1000_hab": 0.0, "dispensarios_por_10000_hab": 0.0, "comisarias_por_10000_hab": 0.0, "paradas_por_1000_hab": 6.0, "centros_vecinales_por_10000_hab": 40.0, "tiene_escuela": 0, "tiene_dispensario": 0, "tiene_comisaria": 0, "tiene_transporte": 1, "infraestructura_score": 0.1111, "tamano_promedio_hogar": 2.5, "educacion_ratio_publico_privado": 0.0, "ranking_infraestructura": 347, "percentil_infraestructura": 29.1 }, "geometry": { "type": "Point", "coordinates": [ -64.152411891778598, -31.4590670929175 ] } },
{ "type": "Feature", "properties": { "barrio": "DEAN FUNES", "poblacion": 2124.0, "hogares": 682.0, "nbi": 22.0, "pct_nbi": 3.23, "escuelas_total": 2, "escuelas_estatales": 1, "escuelas_privadas": 1, "dispensarios_municipales": 0, "paradas_colectivo": 27, "lineas_colectivo": 10, "luminarias_reportes": 87, "comisarias": 0, "centros_vecinales": 1, "poblacion_log": 7.662, "pct_escuelas_privadas": 0.5, "escuelas_por_1000_hab": 0.94, "dispensarios_por_10000_hab": 0.0, "comisarias_por_10000_hab": 0.0, "paradas_por_1000_hab": 12.71, "centros_vecinales_por_10000_hab": 4.71, "tiene_escuela": 1, "tiene_dispensario": 0, "tiene_comisaria": 0, "tiene_transporte": 1, "infraestructura_score": 0.3006, "tamano_promedio_hogar": 3.11, "educacion_ratio_publico_privado": 1.0, "ranking_infraestructura": 130, "percentil_infraestructura": 73.9 }, "geometry": { "type": "Point", "coordinates": [ -64.117895792127101, -31.445859707152199 ] } },
{ "type": "Feature", "properties": { "barrio": "DIPAS", "poblacion": 500.0, "hogares": 200.0, "nbi": 0.0, "pct_nbi": 0.0, "escuelas_total": 0, "escuelas_estatales": 0, "escuelas_privadas": 0, "dispensarios_municipales": 0, "paradas_colectivo": 0, "lineas_colectivo": 0, "luminarias_reportes": 0, "comisarias": 0, "centros_vecinales": 0, "poblacion_log": 6.217, "pct_escuelas_privadas": 0.0, "escuelas_por_1000_hab": 0.0, "dispensarios_por_10000_hab": 0.0, "comisarias_por_10000_hab": 0.0, "paradas_por_1000_hab": 0.0, "centros_vecinales_por_10000_hab": 0.0, "tiene_escuela": 0, "tiene_dispensario": 0, "tiene_comisaria": 0, "tiene_transporte": 0, "infraestructura_score": 0.0, "tamano_promedio_hogar": 2.5, "educacion_ratio_publico_privado": 0.0, "ranking_infraestructura": 469, "percentil_infraestructura": 2.7 }, "geometry": { "type": "Point", "coordinates": [ -64.294493647769201, -31.3563236095696 ] } },
{ "type": "Feature", "properties": { "barrio": "DUCASSE", "poblacion": 936.0, "hogares": 389.0, "nbi": 32.0, "pct_nbi": 8.23, "escuelas_total": 1, "escuelas_estatales": 1, "escuelas_privadas": 0, "dispensarios_municipales": 0, "paradas_colectivo": 52, "lineas_colectivo": 43, "luminarias_reportes": 5, "comisarias": 0, "centros_vecinales": 1, "poblacion_log": 6.843, "pct_escuelas_privadas": 0.0, "escuelas_por_1000_hab": 1.07, "dispensarios_por_10000_hab": 0.0, "comisarias_por_10000_hab": 0.0, "paradas_por_1000_hab": 24.0, "centros_vecinales_por_10000_hab": 10.68, "tiene_escuela": 1, "tiene_dispensario": 0, "tiene_comisaria": 0, "tiene_transporte": 1, "infraestructura_score": 0.5187, "tamano_promedio_hogar": 2.41, "educacion_ratio_publico_privado": 1.0, "ranking_infraestructura": 43, "percentil_infraestructura": 91.5 }, "geometry": { "type": "Point", "coordinates": [ -64.190885543401194, -31.404888252086 ] } },
{ "type": "Feature", "properties": { "barrio": "EJERCITO ARGENTINO", "poblacion": 1845.0, "hogares": 624.0, "nbi": 8.0, "pct_nbi": 1.28, "escuelas_total": 3, "escuelas_estatales": 3, "escuelas_privadas": 0, "dispensarios_municipales": 0, "paradas_colectivo": 37, "lineas_colectivo": 24, "luminarias_reportes": 64, "comisarias": 0, "centros_vecinales": 1, "poblacion_log": 7.521, "pct_escuelas_privadas": 0.0, "escuelas_por_1000_hab": 1.63, "dispensarios_por_10000_hab": 0.0, "comisarias_por_10000_hab": 0.0, "paradas_por_1000_hab": 20.05, "centros_vecinales_por_10000_hab": 5.42, "tiene_escuela": 1, "tiene_dispensario": 0, "tiene_comisaria": 0, "tiene_transporte": 1, "infraestructura_score": 0.4844, "tamano_promedio_hogar": 2.96, "educacion_ratio_publico_privado": 3.0, "ranking_infraestructura": 50, "percentil_infraestructura": 90.1 }, "geometry": { "type": "Point", "coordinates": [ -64.196191342289694, -31.447568948722999 ] } },
{ "type": "Feature", "properties": { "barrio": "EL BALCON", "poblacion": 500.0, "hogares": 200.0, "nbi": 0.0, "pct_nbi": 0.0, "escuelas_total": 0, "escuelas_estatales": 0, "escuelas_privadas": 0, "dispensarios_municipales": 0, "paradas_colectivo": 1, "lineas_colectivo": 1, "luminarias_reportes": 0, "comisarias": 0, "centros_vecinales": 0, "poblacion_log": 6.217, "pct_escuelas_privadas": 0.0, "escuelas_por_1000_hab": 0.0, "dispensarios_por_10000_hab": 0.0, "comisarias_por_10000_hab": 0.0, "paradas_por_1000_hab": 2.0, "centros_vecinales_por_10000_hab": 0.0, "tiene_escuela": 0, "tiene_dispensario": 0, "tiene_comisaria": 0, "tiene_transporte": 1, "infraestructura_score": 0.037, "tamano_promedio_hogar": 2.5, "educacion_ratio_publico_privado": 0.0, "ranking_infraestructura": 447, "percentil_infraestructura": 9.2 }, "geometry": { "type": "Point", "coordinates": [ -64.274779653245602, -31.374720195908498 ] } },
{ "type": "Feature", "properties": { "barrio": "EL BOSQUE", "poblacion": 1590.0, "hogares": 407.0, "nbi": 6.0, "pct_nbi": 1.47, "escuelas_total": 0, "escuelas_estatales": 0, "escuelas_privadas": 0, "dispensarios_municipales": 0, "paradas_colectivo": 6, "lineas_colectivo": 1, "luminarias_reportes": 0, "comisarias": 0, "centros_vecinales": 1, "poblacion_log": 7.372, "pct_escuelas_privadas": 0.0, "escuelas_por_1000_hab": 0.0, "dispensarios_por_10000_hab": 0.0, "comisarias_por_10000_hab": 0.0, "paradas_por_1000_hab": 3.77, "centros_vecinales_por_10000_hab": 6.29, "tiene_escuela": 0, "tiene_dispensario": 0, "tiene_comisaria": 0, "tiene_transporte": 1, "infraestructura_score": 0.0698, "tamano_promedio_hogar": 3.91, "educacion_ratio_publico_privado": 0.0, "ranking_infraestructura": 420, "percentil_infraestructura": 15.1 }, "geometry": { "type": "Point", "coordinates": [ -64.307387518257002, -31.338038471300202 ] } },
{ "type": "Feature", "properties": { "barrio": "EL CABILDO", "poblacion": 5049.0, "hogares": 1331.0, "nbi": 88.0, "pct_nbi": 6.61, "escuelas_total": 5, "escuelas_estatales": 5, "escuelas_privadas": 0, "dispensarios_municipales": 1, "paradas_colectivo": 22, "lineas_colectivo": 4, "luminarias_reportes": 13, "comisarias": 0, "centros_vecinales": 1, "poblacion_log": 8.527, "pct_escuelas_privadas": 0.0, "escuelas_por_1000_hab": 0.99, "dispensarios_por_10000_hab": 1.98, "comisarias_por_10000_hab": 0.0, "paradas_por_1000_hab": 4.36, "centros_vecinales_por_10000_hab": 1.98, "tiene_escuela": 1, "tiene_dispensario": 1, "tiene_comisaria": 0, "tiene_transporte": 1, "infraestructura_score": 0.2155, "tamano_promedio_hogar": 3.79, "educacion_ratio_publico_privado": 5.0, "ranking_infraestructura": 206, "percentil_infraestructura": 58.5 }, "geometry": { "type": "Point", "coordinates": [ -64.235110543777594, -31.485906822712501 ] } },
{ "type": "Feature", "properties": { "barrio": "EL CERRITO", "poblacion": 3659.0, "hogares": 920.0, "nbi": 105.0, "pct_nbi": 11.41, "escuelas_total": 1, "escuelas_estatales": 1, "escuelas_privadas": 0, "dispensarios_municipales": 1, "paradas_colectivo": 8, "lineas_colectivo": 2, "luminarias_reportes": 5, "comisarias": 0, "centros_vecinales": 2, "poblacion_log": 8.205, "pct_escuelas_privadas": 0.0, "escuelas_por_1000_hab": 0.27, "dispensarios_por_10000_hab": 2.73, "comisarias_por_10000_hab": 0.0, "paradas_por_1000_hab": 2.19, "centros_vecinales_por_10000_hab": 5.47, "tiene_escuela": 1, "tiene_dispensario": 1, "tiene_comisaria": 0, "tiene_transporte": 1, "infraestructura_score": 0.1504, "tamano_promedio_hogar": 3.98, "educacion_ratio_publico_privado": 1.0, "ranking_infraestructura": 285, "percentil_infraestructura": 42.5 }, "geometry": { "type": "Point", "coordinates": [ -64.250254806682804, -31.322168725286801 ] } },
{ "type": "Feature", "properties": { "barrio": "EL PRADO", "poblacion": 500.0, "hogares": 200.0, "nbi": 0.0, "pct_nbi": 0.0, "escuelas_total": 0, "escuelas_estatales": 0, "escuelas_privadas": 0, "dispensarios_municipales": 0, "paradas_colectivo": 4, "lineas_colectivo": 1, "luminarias_reportes": 0, "comisarias": 0, "centros_vecinales": 0, "poblacion_log": 6.217, "pct_escuelas_privadas": 0.0, "escuelas_por_1000_hab": 0.0, "dispensarios_por_10000_hab": 0.0, "comisarias_por_10000_hab": 0.0, "paradas_por_1000_hab": 8.0, "centros_vecinales_por_10000_hab": 0.0, "tiene_escuela": 0, "tiene_dispensario": 0, "tiene_comisaria": 0, "tiene_transporte": 1, "infraestructura_score": 0.1481, "tamano_promedio_hogar": 2.5, "educacion_ratio_publico_privado": 0.0, "ranking_infraestructura": 288, "percentil_infraestructura": 41.2 }, "geometry": { "type": "Point", "coordinates": [ -64.270311185880303, -31.375753313966001 ] } },
{ "type": "Feature", "properties": { "barrio": "EL PUEBLITO", "poblacion": 1315.0, "hogares": 332.0, "nbi": 124.0, "pct_nbi": 37.35, "escuelas_total": 0, "escuelas_estatales": 0, "escuelas_privadas": 0, "dispensarios_municipales": 0, "paradas_colectivo": 0, "lineas_colectivo": 0, "luminarias_reportes": 0, "comisarias": 0, "centros_vecinales": 0, "poblacion_log": 7.182, "pct_escuelas_privadas": 0.0, "escuelas_por_1000_hab": 0.0, "dispensarios_por_10000_hab": 0.0, "comisarias_por_10000_hab": 0.0, "paradas_por_1000_hab": 0.0, "centros_vecinales_por_10000_hab": 0.0, "tiene_escuela": 0, "tiene_dispensario": 0, "tiene_comisaria": 0, "tiene_transporte": 0, "infraestructura_score": 0.0, "tamano_promedio_hogar": 3.96, "educacion_ratio_publico_privado": 0.0, "ranking_infraestructura": 469, "percentil_infraestructura": 2.7 }, "geometry": { "type": "Point", "coordinates": [ -64.2568328545741, -31.406440544694199 ] } },
{ "type": "Feature", "properties": { "barrio": "EL QUEBRACHAL", "poblacion": 500.0, "hogares": 200.0, "nbi": 5.0, "pct_nbi": 2.5, "escuelas_total": 0, "escuelas_estatales": 0, "escuelas_privadas": 0, "dispensarios_municipales": 0, "paradas_colectivo": 8, "lineas_colectivo": 1, "luminarias_reportes": 0, "comisarias": 0, "centros_vecinales": 0, "poblacion_log": 6.217, "pct_escuelas_privadas": 0.0, "escuelas_por_1000_hab": 0.0, "dispensarios_por_10000_hab": 0.0, "comisarias_por_10000_hab": 0.0, "paradas_por_1000_hab": 16.0, "centros_vecinales_por_10000_hab": 0.0, "tiene_escuela": 0, "tiene_dispensario": 0, "tiene_comisaria": 0, "tiene_transporte": 1, "infraestructura_score": 0.2963, "tamano_promedio_hogar": 2.5, "educacion_ratio_publico_privado": 0.0, "ranking_infraestructura": 132, "percentil_infraestructura": 73.1 }, "geometry": { "type": "Point", "coordinates": [ -64.066675338554404, -31.338007652155699 ] } },
{ "type": "Feature", "properties": { "barrio": "EL QUEBRACHO", "poblacion": 4361.0, "hogares": 1017.0, "nbi": 136.0, "pct_nbi": 13.37, "escuelas_total": 2, "escuelas_estatales": 2, "escuelas_privadas": 0, "dispensarios_municipales": 0, "paradas_colectivo": 12, "lineas_colectivo": 4, "luminarias_reportes": 238, "comisarias": 0, "centros_vecinales": 2, "poblacion_log": 8.381, "pct_escuelas_privadas": 0.0, "escuelas_por_1000_hab": 0.46, "dispensarios_por_10000_hab": 0.0, "comisarias_por_10000_hab": 0.0, "paradas_por_1000_hab": 2.75, "centros_vecinales_por_10000_hab": 4.59, "tiene_escuela": 1, "tiene_dispensario": 0, "tiene_comisaria": 0, "tiene_transporte": 1, "infraestructura_score": 0.0828, "tamano_promedio_hogar": 4.29, "educacion_ratio_publico_privado": 2.0, "ranking_infraestructura": 396, "percentil_infraestructura": 20.0 }, "geometry": { "type": "Point", "coordinates": [ -64.137715162198305, -31.477337154760502 ] } },
{ "type": "Feature", "properties": { "barrio": "EL REFUGIO", "poblacion": 1201.0, "hogares": 334.0, "nbi": 2.0, "pct_nbi": 0.6, "escuelas_total": 1, "escuelas_estatales": 0, "escuelas_privadas": 1, "dispensarios_municipales": 0, "paradas_colectivo": 5, "lineas_colectivo": 3, "luminarias_reportes": 146, "comisarias": 0, "centros_vecinales": 0, "poblacion_log": 7.092, "pct_escuelas_privadas": 1.0, "escuelas_por_1000_hab": 0.83, "dispensarios_por_10000_hab": 0.0, "comisarias_por_10000_hab": 0.0, "paradas_por_1000_hab": 4.16, "centros_vecinales_por_10000_hab": 0.0, "tiene_escuela": 1, "tiene_dispensario": 0, "tiene_comisaria": 0, "tiene_transporte": 1, "infraestructura_score": 0.1346, "tamano_promedio_hogar": 3.6, "educacion_ratio_publico_privado": 0.0, "ranking_infraestructura": 312, "percentil_infraestructura": 37.0 }, "geometry": { "type": "Point", "coordinates": [ -64.281819993740797, -31.3442649511605 ] } },
{ "type": "Feature", "properties": { "barrio": "EL TREBOL", "poblacion": 1264.0, "hogares": 412.0, "nbi": 6.0, "pct_nbi": 1.46, "escuelas_total": 0, "escuelas_estatales": 0, "escuelas_privadas": 0, "dispensarios_municipales": 0, "paradas_colectivo": 5, "lineas_colectivo": 4, "luminarias_reportes": 60, "comisarias": 0, "centros_vecinales": 1, "poblacion_log": 7.143, "pct_escuelas_privadas": 0.0, "escuelas_por_1000_hab": 0.0, "dispensarios_por_10000_hab": 0.0, "comisarias_por_10000_hab": 0.0, "paradas_por_1000_hab": 3.96, "centros_vecinales_por_10000_hab": 7.91, "tiene_escuela": 0, "tiene_dispensario": 0, "tiene_comisaria": 0, "tiene_transporte": 1, "infraestructura_score": 0.0733, "tamano_promedio_hogar": 3.07, "educacion_ratio_publico_privado": 0.0, "ranking_infraestructura": 413, "percentil_infraestructura": 16.6 }, "geometry": { "type": "Point", "coordinates": [ -64.225553745173201, -31.423085777625801 ] } },
{ "type": "Feature", "properties": { "barrio": "EL VIEJO ALGARROBO", "poblacion": 500.0, "hogares": 200.0, "nbi": 4.0, "pct_nbi": 2.0, "escuelas_total": 1, "escuelas_estatales": 1, "escuelas_privadas": 0, "dispensarios_municipales": 0, "paradas_colectivo": 23, "lineas_colectivo": 1, "luminarias_reportes": 0, "comisarias": 0, "centros_vecinales": 1, "poblacion_log": 6.217, "pct_escuelas_privadas": 0.0, "escuelas_por_1000_hab": 2.0, "dispensarios_por_10000_hab": 0.0, "comisarias_por_10000_hab": 0.0, "paradas_por_1000_hab": 24.0, "centros_vecinales_por_10000_hab": 20.0, "tiene_escuela": 1, "tiene_dispensario": 0, "tiene_comisaria": 0, "tiene_transporte": 1, "infraestructura_score": 0.5832, "tamano_promedio_hogar": 2.5, "educacion_ratio_publico_privado": 1.0, "ranking_infraestructura": 32, "percentil_infraestructura": 93.6 }, "geometry": { "type": "Point", "coordinates": [ -64.165811955432105, -31.502436349363801 ] } },
{ "type": "Feature", "properties": { "barrio": "EMAUS", "poblacion": 500.0, "hogares": 200.0, "nbi": 1.0, "pct_nbi": 0.5, "escuelas_total": 0, "escuelas_estatales": 0, "escuelas_privadas": 0, "dispensarios_municipales": 0, "paradas_colectivo": 2, "lineas_colectivo": 1, "luminarias_reportes": 6, "comisarias": 0, "centros_vecinales": 0, "poblacion_log": 6.217, "pct_escuelas_privadas": 0.0, "escuelas_por_1000_hab": 0.0, "dispensarios_por_10000_hab": 0.0, "comisarias_por_10000_hab": 0.0, "paradas_por_1000_hab": 4.0, "centros_vecinales_por_10000_hab": 0.0, "tiene_escuela": 0, "tiene_dispensario": 0, "tiene_comisaria": 0, "tiene_transporte": 1, "infraestructura_score": 0.0741, "tamano_promedio_hogar": 2.5, "educacion_ratio_publico_privado": 0.0, "ranking_infraestructura": 406, "percentil_infraestructura": 17.5 }, "geometry": { "type": "Point", "coordinates": [ -64.143047957670802, -31.437126400126601 ] } },
{ "type": "Feature", "properties": { "barrio": "EMPALME", "poblacion": 3426.0, "hogares": 1140.0, "nbi": 12.0, "pct_nbi": 1.05, "escuelas_total": 7, "escuelas_estatales": 5, "escuelas_privadas": 2, "dispensarios_municipales": 0, "paradas_colectivo": 7, "lineas_colectivo": 8, "luminarias_reportes": 79, "comisarias": 1, "centros_vecinales": 0, "poblacion_log": 8.139, "pct_escuelas_privadas": 0.286, "escuelas_por_1000_hab": 2.04, "dispensarios_por_10000_hab": 0.0, "comisarias_por_10000_hab": 1.5585, "paradas_por_1000_hab": 2.04, "centros_vecinales_por_10000_hab": 0.0, "tiene_escuela": 1, "tiene_dispensario": 0, "tiene_comisaria": 1, "tiene_transporte": 1, "infraestructura_score": 0.2905, "tamano_promedio_hogar": 3.01, "educacion_ratio_publico_privado": 2.5, "ranking_infraestructura": 144, "percentil_infraestructura": 71.1 }, "geometry": { "type": "Point", "coordinates": [ -64.130487667634995, -31.434511209477499 ] } },
{ "type": "Feature", "properties": { "barrio": "EMPALME CASAS DE OBREROS Y EMPLEADOS", "poblacion": 1233.0, "hogares": 375.0, "nbi": 13.0, "pct_nbi": 3.47, "escuelas_total": 0, "escuelas_estatales": 0, "escuelas_privadas": 0, "dispensarios_municipales": 0, "paradas_colectivo": 21, "lineas_colectivo": 11, "luminarias_reportes": 24, "comisarias": 0, "centros_vecinales": 1, "poblacion_log": 7.118, "pct_escuelas_privadas": 0.0, "escuelas_por_1000_hab": 0.0, "dispensarios_por_10000_hab": 0.0, "comisarias_por_10000_hab": 0.0, "paradas_por_1000_hab": 17.03, "centros_vecinales_por_10000_hab": 8.11, "tiene_escuela": 0, "tiene_dispensario": 0, "tiene_comisaria": 0, "tiene_transporte": 1, "infraestructura_score": 0.3154, "tamano_promedio_hogar": 3.29, "educacion_ratio_publico_privado": 0.0, "ranking_infraestructura": 120, "percentil_infraestructura": 75.9 }, "geometry": { "type": "Point", "coordinates": [ -64.125166606526804, -31.438740145805699 ] } },
{ "type": "Feature", "properties": { "barrio": "ESCOBAR", "poblacion": 2180.0, "hogares": 733.0, "nbi": 7.0, "pct_nbi": 0.95, "escuelas_total": 4, "escuelas_estatales": 2, "escuelas_privadas": 2, "dispensarios_municipales": 0, "paradas_colectivo": 17, "lineas_colectivo": 4, "luminarias_reportes": 456, "comisarias": 0, "centros_vecinales": 0, "poblacion_log": 7.688, "pct_escuelas_privadas": 0.5, "escuelas_por_1000_hab": 1.83, "dispensarios_por_10000_hab": 0.0, "comisarias_por_10000_hab": 0.0, "paradas_por_1000_hab": 7.8, "centros_vecinales_por_10000_hab": 0.0, "tiene_escuela": 1, "tiene_dispensario": 0, "tiene_comisaria": 0, "tiene_transporte": 1, "infraestructura_score": 0.2714, "tamano_promedio_hogar": 2.97, "educacion_ratio_publico_privado": 1.0, "ranking_infraestructura": 149, "percentil_infraestructura": 70.0 }, "geometry": { "type": "Point", "coordinates": [ -64.220642257480094, -31.3918891605182 ] } },
{ "type": "Feature", "properties": { "barrio": "ESCUELA DE SUBOFICIALES", "poblacion": 500.0, "hogares": 200.0, "nbi": 0.0, "pct_nbi": 0.0, "escuelas_total": 0, "escuelas_estatales": 0, "escuelas_privadas": 0, "dispensarios_municipales": 1, "paradas_colectivo": 2, "lineas_colectivo": 1, "luminarias_reportes": 0, "comisarias": 0, "centros_vecinales": 1, "poblacion_log": 6.217, "pct_escuelas_privadas": 0.0, "escuelas_por_1000_hab": 0.0, "dispensarios_por_10000_hab": 6.657, "comisarias_por_10000_hab": 0.0, "paradas_por_1000_hab": 4.0, "centros_vecinales_por_10000_hab": 20.0, "tiene_escuela": 0, "tiene_dispensario": 1, "tiene_comisaria": 0, "tiene_transporte": 1, "infraestructura_score": 0.2963, "tamano_promedio_hogar": 2.5, "educacion_ratio_publico_privado": 0.0, "ranking_infraestructura": 132, "percentil_infraestructura": 73.1 }, "geometry": { "type": "Point", "coordinates": [ -64.2575368439051, -31.427217543488201 ] } },
{ "type": "Feature", "properties": { "barrio": "ESTACION FLORES", "poblacion": 3876.0, "hogares": 1024.0, "nbi": 124.0, "pct_nbi": 12.11, "escuelas_total": 5, "escuelas_estatales": 5, "escuelas_privadas": 0, "dispensarios_municipales": 1, "paradas_colectivo": 13, "lineas_colectivo": 2, "luminarias_reportes": 287, "comisarias": 0, "centros_vecinales": 1, "poblacion_log": 8.263, "pct_escuelas_privadas": 0.0, "escuelas_por_1000_hab": 1.29, "dispensarios_por_10000_hab": 2.58, "comisarias_por_10000_hab": 0.0, "paradas_por_1000_hab": 3.35, "centros_vecinales_por_10000_hab": 2.58, "tiene_escuela": 1, "tiene_dispensario": 1, "tiene_comisaria": 0, "tiene_transporte": 1, "infraestructura_score": 0.2377, "tamano_promedio_hogar": 3.79, "educacion_ratio_publico_privado": 5.0, "ranking_infraestructura": 181, "percentil_infraestructura": 63.6 }, "geometry": { "type": "Point", "coordinates": [ -64.247507893428605, -31.4487314083608 ] } },
{ "type": "Feature", "properties": { "barrio": "ESTADIO CORDOBA", "poblacion": 500.0, "hogares": 200.0, "nbi": 0.0, "pct_nbi": 0.0, "escuelas_total": 0, "escuelas_estatales": 0, "escuelas_privadas": 0, "dispensarios_municipales": 0, "paradas_colectivo": 4, "lineas_colectivo": 0, "luminarias_reportes": 0, "comisarias": 0, "centros_vecinales": 0, "poblacion_log": 6.217, "pct_escuelas_privadas": 0.0, "escuelas_por_1000_hab": 0.0, "dispensarios_por_10000_hab": 0.0, "comisarias_por_10000_hab": 0.0, "paradas_por_1000_hab": 8.0, "centros_vecinales_por_10000_hab": 0.0, "tiene_escuela": 0, "tiene_dispensario": 0, "tiene_comisaria": 0, "tiene_transporte": 1, "infraestructura_score": 0.1481, "tamano_promedio_hogar": 2.5, "educacion_ratio_publico_privado": 0.0, "ranking_infraestructura": 288, "percentil_infraestructura": 41.2 }, "geometry": { "type": "Point", "coordinates": [ -64.246768960644204, -31.367880134314799 ] } },
{ "type": "Feature", "properties": { "barrio": "FERIAR", "poblacion": 500.0, "hogares": 200.0, "nbi": 0.0, "pct_nbi": 0.0, "escuelas_total": 0, "escuelas_estatales": 0, "escuelas_privadas": 0, "dispensarios_municipales": 0, "paradas_colectivo": 10, "lineas_colectivo": 2, "luminarias_reportes": 0, "comisarias": 0, "centros_vecinales": 1, "poblacion_log": 6.217, "pct_escuelas_privadas": 0.0, "escuelas_por_1000_hab": 0.0, "dispensarios_por_10000_hab": 0.0, "comisarias_por_10000_hab": 0.0, "paradas_por_1000_hab": 20.0, "centros_vecinales_por_10000_hab": 20.0, "tiene_escuela": 0, "tiene_dispensario": 0, "tiene_comisaria": 0, "tiene_transporte": 1, "infraestructura_score": 0.3704, "tamano_promedio_hogar": 2.5, "educacion_ratio_publico_privado": 0.0, "ranking_infraestructura": 90, "percentil_infraestructura": 81.8 }, "geometry": { "type": "Point", "coordinates": [ -64.2556701915654, -31.3702867943909 ] } },
{ "type": "Feature", "properties": { "barrio": "FERRER", "poblacion": 1844.0, "hogares": 462.0, "nbi": 139.0, "pct_nbi": 30.09, "escuelas_total": 0, "escuelas_estatales": 0, "escuelas_privadas": 0, "dispensarios_municipales": 1, "paradas_colectivo": 13, "lineas_colectivo": 5, "luminarias_reportes": 21, "comisarias": 0, "centros_vecinales": 2, "poblacion_log": 7.52, "pct_escuelas_privadas": 0.0, "escuelas_por_1000_hab": 0.0, "dispensarios_por_10000_hab": 5.42, "comisarias_por_10000_hab": 0.0, "paradas_por_1000_hab": 7.05, "centros_vecinales_por_10000_hab": 10.85, "tiene_escuela": 0, "tiene_dispensario": 1, "tiene_comisaria": 0, "tiene_transporte": 1, "infraestructura_score": 0.3115, "tamano_promedio_hogar": 3.99, "educacion_ratio_publico_privado": 0.0, "ranking_infraestructura": 122, "percentil_infraestructura": 75.5 }, "geometry": { "type": "Point", "coordinates": [ -64.211781294758794, -31.443774924318902 ] } },
{ "type": "Feature", "properties": { "barrio": "FERREYRA", "poblacion": 3868.0, "hogares": 1029.0, "nbi": 101.0, "pct_nbi": 9.82, "escuelas_total": 5, "escuelas_estatales": 4, "escuelas_privadas": 1, "dispensarios_municipales": 0, "paradas_colectivo": 19, "lineas_colectivo": 2, "luminarias_reportes": 66, "comisarias": 2, "centros_vecinales": 1, "poblacion_log": 8.261, "pct_escuelas_privadas": 0.2, "escuelas_por_1000_hab": 1.29, "dispensarios_por_10000_hab": 0.0, "comisarias_por_10000_hab": 1.5585, "paradas_por_1000_hab": 4.91, "centros_vecinales_por_10000_hab": 2.59, "tiene_escuela": 1, "tiene_dispensario": 0, "tiene_comisaria": 1, "tiene_transporte": 1, "infraestructura_score": 0.2916, "tamano_promedio_hogar": 3.76, "educacion_ratio_publico_privado": 4.0, "ranking_infraestructura": 141, "percentil_infraestructura": 71.7 }, "geometry": { "type": "Point", "coordinates": [ -64.110608987788297, -31.466354017313499 ] } },
{ "type": "Feature", "properties": { "barrio": "FERREYRA SEGUNDA SECCION", "poblacion": 939.0, "hogares": 215.0, "nbi": 32.0, "pct_nbi": 14.88, "escuelas_total": 0, "escuelas_estatales": 0, "escuelas_privadas": 0, "dispensarios_municipales": 0, "paradas_colectivo": 6, "lineas_colectivo": 2, "luminarias_reportes": 0, "comisarias": 0, "centros_vecinales": 0, "poblacion_log": 6.846, "pct_escuelas_privadas": 0.0, "escuelas_por_1000_hab": 0.0, "dispensarios_por_10000_hab": 0.0, "comisarias_por_10000_hab": 0.0, "paradas_por_1000_hab": 6.39, "centros_vecinales_por_10000_hab": 0.0, "tiene_escuela": 0, "tiene_dispensario": 0, "tiene_comisaria": 0, "tiene_transporte": 1, "infraestructura_score": 0.1183, "tamano_promedio_hogar": 4.37, "educacion_ratio_publico_privado": 0.0, "ranking_infraestructura": 331, "percentil_infraestructura": 33.1 }, "geometry": { "type": "Point", "coordinates": [ -64.1175953235484, -31.471061970725899 ] } },
{ "type": "Feature", "properties": { "barrio": "FERROVIARIO MITRE", "poblacion": 1133.0, "hogares": 350.0, "nbi": 42.0, "pct_nbi": 12.0, "escuelas_total": 6, "escuelas_estatales": 5, "escuelas_privadas": 1, "dispensarios_municipales": 0, "paradas_colectivo": 9, "lineas_colectivo": 9, "luminarias_reportes": 14, "comisarias": 0, "centros_vecinales": 1, "poblacion_log": 7.034, "pct_escuelas_privadas": 0.167, "escuelas_por_1000_hab": 4.8035, "dispensarios_por_10000_hab": 0.0, "comisarias_por_10000_hab": 0.0, "paradas_por_1000_hab": 7.94, "centros_vecinales_por_10000_hab": 8.83, "tiene_escuela": 1, "tiene_dispensario": 0, "tiene_comisaria": 0, "tiene_transporte": 1, "infraestructura_score": 0.4804, "tamano_promedio_hogar": 3.24, "educacion_ratio_publico_privado": 5.0, "ranking_infraestructura": 53, "percentil_infraestructura": 89.5 }, "geometry": { "type": "Point", "coordinates": [ -64.136352474103006, -31.433451462628799 ] } },
{ "type": "Feature", "properties": { "barrio": "FINCA LA DOROTEA", "poblacion": 500.0, "hogares": 200.0, "nbi": 10.0, "pct_nbi": 5.0, "escuelas_total": 0, "escuelas_estatales": 0, "escuelas_privadas": 0, "dispensarios_municipales": 0, "paradas_colectivo": 2, "lineas_colectivo": 1, "luminarias_reportes": 12, "comisarias": 0, "centros_vecinales": 1, "poblacion_log": 6.217, "pct_escuelas_privadas": 0.0, "escuelas_por_1000_hab": 0.0, "dispensarios_por_10000_hab": 0.0, "comisarias_por_10000_hab": 0.0, "paradas_por_1000_hab": 4.0, "centros_vecinales_por_10000_hab": 20.0, "tiene_escuela": 0, "tiene_dispensario": 0, "tiene_comisaria": 0, "tiene_transporte": 1, "infraestructura_score": 0.0741, "tamano_promedio_hogar": 2.5, "educacion_ratio_publico_privado": 0.0, "ranking_infraestructura": 406, "percentil_infraestructura": 17.5 }, "geometry": { "type": "Point", "coordinates": [ -64.115140691779303, -31.376429050003399 ] } },
{ "type": "Feature", "properties": { "barrio": "FINCAS DEL SUR", "poblacion": 500.0, "hogares": 200.0, "nbi": 0.0, "pct_nbi": 0.0, "escuelas_total": 0, "escuelas_estatales": 0, "escuelas_privadas": 0, "dispensarios_municipales": 0, "paradas_colectivo": 0, "lineas_colectivo": 0, "luminarias_reportes": 187, "comisarias": 0, "centros_vecinales": 0, "poblacion_log": 6.217, "pct_escuelas_privadas": 0.0, "escuelas_por_1000_hab": 0.0, "dispensarios_por_10000_hab": 0.0, "comisarias_por_10000_hab": 0.0, "paradas_por_1000_hab": 0.0, "centros_vecinales_por_10000_hab": 0.0, "tiene_escuela": 0, "tiene_dispensario": 0, "tiene_comisaria": 0, "tiene_transporte": 0, "infraestructura_score": 0.0, "tamano_promedio_hogar": 2.5, "educacion_ratio_publico_privado": 0.0, "ranking_infraestructura": 469, "percentil_infraestructura": 2.7 }, "geometry": { "type": "Point", "coordinates": [ -64.1572739805666, -31.486771654520499 ] } },
{ "type": "Feature", "properties": { "barrio": "GENERAL ARENALES", "poblacion": 2318.0, "hogares": 622.0, "nbi": 60.0, "pct_nbi": 9.65, "escuelas_total": 3, "escuelas_estatales": 3, "escuelas_privadas": 0, "dispensarios_municipales": 2, "paradas_colectivo": 10, "lineas_colectivo": 1, "luminarias_reportes": 41, "comisarias": 0, "centros_vecinales": 2, "poblacion_log": 7.749, "pct_escuelas_privadas": 0.0, "escuelas_por_1000_hab": 1.29, "dispensarios_por_10000_hab": 6.657, "comisarias_por_10000_hab": 0.0, "paradas_por_1000_hab": 4.31, "centros_vecinales_por_10000_hab": 8.63, "tiene_escuela": 1, "tiene_dispensario": 1, "tiene_comisaria": 0, "tiene_transporte": 1, "infraestructura_score": 0.3916, "tamano_promedio_hogar": 3.73, "educacion_ratio_publico_privado": 3.0, "ranking_infraestructura": 82, "percentil_infraestructura": 83.6 }, "geometry": { "type": "Point", "coordinates": [ -64.060237111781802, -31.368780268192399 ] } },
{ "type": "Feature", "properties": { "barrio": "GENERAL ARTIGAS", "poblacion": 1552.0, "hogares": 471.0, "nbi": 8.0, "pct_nbi": 1.7, "escuelas_total": 2, "escuelas_estatales": 2, "escuelas_privadas": 0, "dispensarios_municipales": 0, "paradas_colectivo": 10, "lineas_colectivo": 3, "luminarias_reportes": 68, "comisarias": 0, "centros_vecinales": 0, "poblacion_log": 7.348, "pct_escuelas_privadas": 0.0, "escuelas_por_1000_hab": 1.29, "dispensarios_por_10000_hab": 0.0, "comisarias_por_10000_hab": 0.0, "paradas_por_1000_hab": 6.44, "centros_vecinales_por_10000_hab": 0.0, "tiene_escuela": 1, "tiene_dispensario": 0, "tiene_comisaria": 0, "tiene_transporte": 1, "infraestructura_score": 0.2088, "tamano_promedio_hogar": 3.3, "educacion_ratio_publico_privado": 2.0, "ranking_infraestructura": 214, "percentil_infraestructura": 56.9 }, "geometry": { "type": "Point", "coordinates": [ -64.199621502356095, -31.461519585210802 ] } },
{ "type": "Feature", "properties": { "barrio": "GENERAL BELGRANO", "poblacion": 3154.0, "hogares": 890.0, "nbi": 30.0, "pct_nbi": 3.37, "escuelas_total": 2, "escuelas_estatales": 2, "escuelas_privadas": 0, "dispensarios_municipales": 0, "paradas_colectivo": 8, "lineas_colectivo": 3, "luminarias_reportes": 217, "comisarias": 0, "centros_vecinales": 1, "poblacion_log": 8.057, "pct_escuelas_privadas": 0.0, "escuelas_por_1000_hab": 0.63, "dispensarios_por_10000_hab": 0.0, "comisarias_por_10000_hab": 0.0, "paradas_por_1000_hab": 2.54, "centros_vecinales_por_10000_hab": 3.17, "tiene_escuela": 1, "tiene_dispensario": 0, "tiene_comisaria": 0, "tiene_transporte": 1, "infraestructura_score": 0.0908, "tamano_promedio_hogar": 3.54, "educacion_ratio_publico_privado": 2.0, "ranking_infraestructura": 384, "percentil_infraestructura": 22.5 }, "geometry": { "type": "Point", "coordinates": [ -64.137287829952498, -31.370429393451499 ] } },
{ "type": "Feature", "properties": { "barrio": "GENERAL BUSTOS", "poblacion": 15659.0, "hogares": 4933.0, "nbi": 243.0, "pct_nbi": 4.93, "escuelas_total": 16, "escuelas_estatales": 9, "escuelas_privadas": 7, "dispensarios_municipales": 0, "paradas_colectivo": 30, "lineas_colectivo": 8, "luminarias_reportes": 447, "comisarias": 0, "centros_vecinales": 2, "poblacion_log": 9.659, "pct_escuelas_privadas": 0.438, "escuelas_por_1000_hab": 1.02, "dispensarios_por_10000_hab": 0.0, "comisarias_por_10000_hab": 0.0, "paradas_por_1000_hab": 1.92, "centros_vecinales_por_10000_hab": 1.28, "tiene_escuela": 1, "tiene_dispensario": 0, "tiene_comisaria": 0, "tiene_transporte": 1, "infraestructura_score": 0.1063, "tamano_promedio_hogar": 3.17, "educacion_ratio_publico_privado": 1.29, "ranking_infraestructura": 362, "percentil_infraestructura": 26.9 }, "geometry": { "type": "Point", "coordinates": [ -64.169649855879896, -31.390333612325101 ] } },
{ "type": "Feature", "properties": { "barrio": "GENERAL MOSCONI", "poblacion": 3324.0, "hogares": 851.0, "nbi": 110.0, "pct_nbi": 12.93, "escuelas_total": 1, "escuelas_estatales": 1, "escuelas_privadas": 0, "dispensarios_municipales": 1, "paradas_colectivo": 16, "lineas_colectivo": 6, "luminarias_reportes": 145, "comisarias": 0, "centros_vecinales": 1, "poblacion_log": 8.109, "pct_escuelas_privadas": 0.0, "escuelas_por_1000_hab": 0.3, "dispensarios_por_10000_hab": 3.01, "comisarias_por_10000_hab": 0.0, "paradas_por_1000_hab": 4.81, "centros_vecinales_por_10000_hab": 3.01, "tiene_escuela": 1, "tiene_dispensario": 1, "tiene_comisaria": 0, "tiene_transporte": 1, "infraestructura_score": 0.2104, "tamano_promedio_hogar": 3.91, "educacion_ratio_publico_privado": 1.0, "ranking_infraestructura": 213, "percentil_infraestructura": 57.1 }, "geometry": { "type": "Point", "coordinates": [ -64.150441056565597, -31.3651885926033 ] } },
{ "type": "Feature", "properties": { "barrio": "GENERAL PAZ", "poblacion": 9524.0, "hogares": 4209.0, "nbi": 107.0, "pct_nbi": 2.54, "escuelas_total": 23, "escuelas_estatales": 13, "escuelas_privadas": 10, "dispensarios_municipales": 0, "paradas_colectivo": 32, "lineas_colectivo": 13, "luminarias_reportes": 230, "comisarias": 1, "centros_vecinales": 1, "poblacion_log": 9.162, "pct_escuelas_privadas": 0.435, "escuelas_por_1000_hab": 2.41, "dispensarios_por_10000_hab": 0.0, "comisarias_por_10000_hab": 1.05, "paradas_por_1000_hab": 3.36, "centros_vecinales_por_10000_hab": 1.05, "tiene_escuela": 1, "tiene_dispensario": 0, "tiene_comisaria": 1, "tiene_transporte": 1, "infraestructura_score": 0.3043, "tamano_promedio_hogar": 2.26, "educacion_ratio_publico_privado": 1.3, "ranking_infraestructura": 126, "percentil_infraestructura": 74.7 }, "geometry": { "type": "Point", "coordinates": [ -64.165690699503102, -31.412557487445401 ] } },
{ "type": "Feature", "properties": { "barrio": "GENERAL PUEYRREDON", "poblacion": 24021.0, "hogares": 7938.0, "nbi": 561.0, "pct_nbi": 7.07, "escuelas_total": 17, "escuelas_estatales": 4, "escuelas_privadas": 13, "dispensarios_municipales": 0, "paradas_colectivo": 48, "lineas_colectivo": 12, "luminarias_reportes": 202, "comisarias": 0, "centros_vecinales": 1, "poblacion_log": 10.087, "pct_escuelas_privadas": 0.765, "escuelas_por_1000_hab": 0.71, "dispensarios_por_10000_hab": 0.0, "comisarias_por_10000_hab": 0.0, "paradas_por_1000_hab": 2.0, "centros_vecinales_por_10000_hab": 0.42, "tiene_escuela": 1, "tiene_dispensario": 0, "tiene_comisaria": 0, "tiene_transporte": 1, "infraestructura_score": 0.0863, "tamano_promedio_hogar": 3.03, "educacion_ratio_publico_privado": 0.31, "ranking_infraestructura": 388, "percentil_infraestructura": 21.7 }, "geometry": { "type": "Point", "coordinates": [ -64.1624596839047, -31.4020774327923 ] } },
{ "type": "Feature", "properties": { "barrio": "GENERAL SAVIO", "poblacion": 4889.0, "hogares": 1309.0, "nbi": 313.0, "pct_nbi": 23.91, "escuelas_total": 0, "escuelas_estatales": 0, "escuelas_privadas": 0, "dispensarios_municipales": 0, "paradas_colectivo": 9, "lineas_colectivo": 1, "luminarias_reportes": 70, "comisarias": 0, "centros_vecinales": 1, "poblacion_log": 8.495, "pct_escuelas_privadas": 0.0, "escuelas_por_1000_hab": 0.0, "dispensarios_por_10000_hab": 0.0, "comisarias_por_10000_hab": 0.0, "paradas_por_1000_hab": 1.84, "centros_vecinales_por_10000_hab": 2.05, "tiene_escuela": 0, "tiene_dispensario": 0, "tiene_comisaria": 0, "tiene_transporte": 1, "infraestructura_score": 0.0341, "tamano_promedio_hogar": 3.73, "educacion_ratio_publico_privado": 0.0, "ranking_infraestructura": 453, "percentil_infraestructura": 8.5 }, "geometry": { "type": "Point", "coordinates": [ -64.158089161032095, -31.371992117919 ] } },
{ "type": "Feature", "properties": { "barrio": "GRANADERO PRINGLES", "poblacion": 2209.0, "hogares": 628.0, "nbi": 16.0, "pct_nbi": 2.55, "escuelas_total": 0, "escuelas_estatales": 0, "escuelas_privadas": 0, "dispensarios_municipales": 0, "paradas_colectivo": 19, "lineas_colectivo": 4, "luminarias_reportes": 25, "comisarias": 0, "centros_vecinales": 1, "poblacion_log": 7.701, "pct_escuelas_privadas": 0.0, "escuelas_por_1000_hab": 0.0, "dispensarios_por_10000_hab": 0.0, "comisarias_por_10000_hab": 0.0, "paradas_por_1000_hab": 8.6, "centros_vecinales_por_10000_hab": 4.53, "tiene_escuela": 0, "tiene_dispensario": 0, "tiene_comisaria": 0, "tiene_transporte": 1, "infraestructura_score": 0.1593, "tamano_promedio_hogar": 3.52, "educacion_ratio_publico_privado": 0.0, "ranking_infraestructura": 273, "percentil_infraestructura": 44.9 }, "geometry": { "type": "Point", "coordinates": [ -64.197608374872104, -31.375551588209099 ] } },
{ "type": "Feature", "properties": { "barrio": "GRANJA DE FUNES", "poblacion": 3866.0, "hogares": 1228.0, "nbi": 27.0, "pct_nbi": 2.2, "escuelas_total": 5, "escuelas_estatales": 5, "escuelas_privadas": 0, "dispensarios_municipales": 0, "paradas_colectivo": 30, "lineas_colectivo": 11, "luminarias_reportes": 50, "comisarias": 0, "centros_vecinales": 1, "poblacion_log": 8.26, "pct_escuelas_privadas": 0.0, "escuelas_por_1000_hab": 1.29, "dispensarios_por_10000_hab": 0.0, "comisarias_por_10000_hab": 0.0, "paradas_por_1000_hab": 7.76, "centros_vecinales_por_10000_hab": 2.59, "tiene_escuela": 1, "tiene_dispensario": 0, "tiene_comisaria": 0, "tiene_transporte": 1, "infraestructura_score": 0.2332, "tamano_promedio_hogar": 3.15, "educacion_ratio_publico_privado": 5.0, "ranking_infraestructura": 186, "percentil_infraestructura": 62.6 }, "geometry": { "type": "Point", "coordinates": [ -64.244571976219902, -31.349164455122001 ] } },
{ "type": "Feature", "properties": { "barrio": "GUARNICION AEREA CORDOBA", "poblacion": 500.0, "hogares": 200.0, "nbi": 0.0, "pct_nbi": 0.0, "escuelas_total": 0, "escuelas_estatales": 0, "escuelas_privadas": 0, "dispensarios_municipales": 0, "paradas_colectivo": 0, "lineas_colectivo": 0, "luminarias_reportes": 0, "comisarias": 0, "centros_vecinales": 0, "poblacion_log": 6.217, "pct_escuelas_privadas": 0.0, "escuelas_por_1000_hab": 0.0, "dispensarios_por_10000_hab": 0.0, "comisarias_por_10000_hab": 0.0, "paradas_por_1000_hab": 0.0, "centros_vecinales_por_10000_hab": 0.0, "tiene_escuela": 0, "tiene_dispensario": 0, "tiene_comisaria": 0, "tiene_transporte": 0, "infraestructura_score": 0.0, "tamano_promedio_hogar": 2.5, "educacion_ratio_publico_privado": 0.0, "ranking_infraestructura": 469, "percentil_infraestructura": 2.7 }, "geometry": { "type": "Point", "coordinates": [ -64.281543425375602, -31.443769278157902 ] } },
{ "type": "Feature", "properties": { "barrio": "GUARNICION MILITAR CORDOBA", "poblacion": 500.0, "hogares": 200.0, "nbi": 0.0, "pct_nbi": 0.0, "escuelas_total": 0, "escuelas_estatales": 0, "escuelas_privadas": 0, "dispensarios_municipales": 0, "paradas_colectivo": 0, "lineas_colectivo": 0, "luminarias_reportes": 2, "comisarias": 0, "centros_vecinales": 0, "poblacion_log": 6.217, "pct_escuelas_privadas": 0.0, "escuelas_por_1000_hab": 0.0, "dispensarios_por_10000_hab": 0.0, "comisarias_por_10000_hab": 0.0, "paradas_por_1000_hab": 0.0, "centros_vecinales_por_10000_hab": 0.0, "tiene_escuela": 0, "tiene_dispensario": 0, "tiene_comisaria": 0, "tiene_transporte": 0, "infraestructura_score": 0.0, "tamano_promedio_hogar": 2.5, "educacion_ratio_publico_privado": 0.0, "ranking_infraestructura": 469, "percentil_infraestructura": 2.7 }, "geometry": { "type": "Point", "coordinates": [ -64.292549876520098, -31.3932530580866 ] } },
{ "type": "Feature", "properties": { "barrio": "GUAYAQUIL", "poblacion": 587.0, "hogares": 200.0, "nbi": 0.0, "pct_nbi": 0.0, "escuelas_total": 2, "escuelas_estatales": 2, "escuelas_privadas": 0, "dispensarios_municipales": 0, "paradas_colectivo": 14, "lineas_colectivo": 4, "luminarias_reportes": 86, "comisarias": 0, "centros_vecinales": 1, "poblacion_log": 6.377, "pct_escuelas_privadas": 0.0, "escuelas_por_1000_hab": 3.41, "dispensarios_por_10000_hab": 0.0, "comisarias_por_10000_hab": 0.0, "paradas_por_1000_hab": 23.85, "centros_vecinales_por_10000_hab": 17.04, "tiene_escuela": 1, "tiene_dispensario": 0, "tiene_comisaria": 0, "tiene_transporte": 1, "infraestructura_score": 0.6783, "tamano_promedio_hogar": 2.94, "educacion_ratio_publico_privado": 2.0, "ranking_infraestructura": 18, "percentil_infraestructura": 96.6 }, "geometry": { "type": "Point", "coordinates": [ -64.155065277441295, -31.382844844148 ] } },
{ "type": "Feature", "properties": { "barrio": "GUEMES", "poblacion": 11588.0, "hogares": 5333.0, "nbi": 428.0, "pct_nbi": 8.03, "escuelas_total": 17, "escuelas_estatales": 14, "escuelas_privadas": 3, "dispensarios_municipales": 1, "paradas_colectivo": 41, "lineas_colectivo": 21, "luminarias_reportes": 132, "comisarias": 0, "centros_vecinales": 0, "poblacion_log": 9.358, "pct_escuelas_privadas": 0.176, "escuelas_por_1000_hab": 1.47, "dispensarios_por_10000_hab": 0.86, "comisarias_por_10000_hab": 0.0, "paradas_por_1000_hab": 3.54, "centros_vecinales_por_10000_hab": 0.0, "tiene_escuela": 1, "tiene_dispensario": 1, "tiene_comisaria": 0, "tiene_transporte": 1, "infraestructura_score": 0.1963, "tamano_promedio_hogar": 2.17, "educacion_ratio_publico_privado": 4.67, "ranking_infraestructura": 226, "percentil_infraestructura": 54.5 }, "geometry": { "type": "Point", "coordinates": [ -64.193679039325303, -31.4281317736306 ] } },
{ "type": "Feature", "properties": { "barrio": "GUINAZU", "poblacion": 1361.0, "hogares": 373.0, "nbi": 41.0, "pct_nbi": 10.99, "escuelas_total": 5, "escuelas_estatales": 5, "escuelas_privadas": 0, "dispensarios_municipales": 1, "paradas_colectivo": 20, "lineas_colectivo": 2, "luminarias_reportes": 10, "comisarias": 1, "centros_vecinales": 1, "poblacion_log": 7.217, "pct_escuelas_privadas": 0.0, "escuelas_por_1000_hab": 3.67, "dispensarios_por_10000_hab": 6.657, "comisarias_por_10000_hab": 1.5585, "paradas_por_1000_hab": 14.7, "centros_vecinales_por_10000_hab": 7.35, "tiene_escuela": 1, "tiene_dispensario": 1, "tiene_comisaria": 1, "tiene_transporte": 1, "infraestructura_score": 0.8602, "tamano_promedio_hogar": 3.65, "educacion_ratio_publico_privado": 5.0, "ranking_infraestructura": 4, "percentil_infraestructura": 99.4 }, "geometry": { "type": "Point", "coordinates": [ -64.173293525659403, -31.312246344435199 ] } },
{ "type": "Feature", "properties": { "barrio": "GUINAZU SUD", "poblacion": 500.0, "hogares": 200.0, "nbi": 3.0, "pct_nbi": 1.5, "escuelas_total": 0, "escuelas_estatales": 0, "escuelas_privadas": 0, "dispensarios_municipales": 1, "paradas_colectivo": 12, "lineas_colectivo": 2, "luminarias_reportes": 4, "comisarias": 0, "centros_vecinales": 1, "poblacion_log": 6.217, "pct_escuelas_privadas": 0.0, "escuelas_por_1000_hab": 0.0, "dispensarios_por_10000_hab": 6.657, "comisarias_por_10000_hab": 0.0, "paradas_por_1000_hab": 24.0, "centros_vecinales_por_10000_hab": 20.0, "tiene_escuela": 0, "tiene_dispensario": 1, "tiene_comisaria": 0, "tiene_transporte": 1, "infraestructura_score": 0.6667, "tamano_promedio_hogar": 2.5, "educacion_ratio_publico_privado": 0.0, "ranking_infraestructura": 20, "percentil_infraestructura": 95.9 }, "geometry": { "type": "Point", "coordinates": [ -64.183134064619694, -31.335667108704001 ] } },
{ "type": "Feature", "properties": { "barrio": "HIPOLITO IRIGOYEN", "poblacion": 3313.0, "hogares": 893.0, "nbi": 83.0, "pct_nbi": 9.29, "escuelas_total": 0, "escuelas_estatales": 0, "escuelas_privadas": 0, "dispensarios_municipales": 1, "paradas_colectivo": 6, "lineas_colectivo": 4, "luminarias_reportes": 23, "comisarias": 0, "centros_vecinales": 1, "poblacion_log": 8.106, "pct_escuelas_privadas": 0.0, "escuelas_por_1000_hab": 0.0, "dispensarios_por_10000_hab": 3.02, "comisarias_por_10000_hab": 0.0, "paradas_por_1000_hab": 1.81, "centros_vecinales_por_10000_hab": 3.02, "tiene_escuela": 0, "tiene_dispensario": 1, "tiene_comisaria": 0, "tiene_transporte": 1, "infraestructura_score": 0.1343, "tamano_promedio_hogar": 3.71, "educacion_ratio_publico_privado": 0.0, "ranking_infraestructura": 313, "percentil_infraestructura": 36.7 }, "geometry": { "type": "Point", "coordinates": [ -64.186296574919893, -31.372810139673799 ] } },
{ "type": "Feature", "properties": { "barrio": "HOGAR PROPIO", "poblacion": 4716.0, "hogares": 1581.0, "nbi": 56.0, "pct_nbi": 3.54, "escuelas_total": 2, "escuelas_estatales": 2, "escuelas_privadas": 0, "dispensarios_municipales": 1, "paradas_colectivo": 19, "lineas_colectivo": 5, "luminarias_reportes": 18, "comisarias": 0, "centros_vecinales": 3, "poblacion_log": 8.459, "pct_escuelas_privadas": 0.0, "escuelas_por_1000_hab": 0.42, "dispensarios_por_10000_hab": 2.12, "comisarias_por_10000_hab": 0.0, "paradas_por_1000_hab": 4.03, "centros_vecinales_por_10000_hab": 6.36, "tiene_escuela": 1, "tiene_dispensario": 1, "tiene_comisaria": 0, "tiene_transporte": 1, "infraestructura_score": 0.1745, "tamano_promedio_hogar": 2.98, "educacion_ratio_publico_privado": 2.0, "ranking_infraestructura": 248, "percentil_infraestructura": 50.0 }, "geometry": { "type": "Point", "coordinates": [ -64.154169755154598, -31.4073366174112 ] } },
{ "type": "Feature", "properties": { "barrio": "HORIZONTE", "poblacion": 2016.0, "hogares": 641.0, "nbi": 11.0, "pct_nbi": 1.72, "escuelas_total": 0, "escuelas_estatales": 0, "escuelas_privadas": 0, "dispensarios_municipales": 0, "paradas_colectivo": 10, "lineas_colectivo": 6, "luminarias_reportes": 188, "comisarias": 0, "centros_vecinales": 0, "poblacion_log": 7.609, "pct_escuelas_privadas": 0.0, "escuelas_por_1000_hab": 0.0, "dispensarios_por_10000_hab": 0.0, "comisarias_por_10000_hab": 0.0, "paradas_por_1000_hab": 4.96, "centros_vecinales_por_10000_hab": 0.0, "tiene_escuela": 0, "tiene_dispensario": 0, "tiene_comisaria": 0, "tiene_transporte": 1, "infraestructura_score": 0.0919, "tamano_promedio_hogar": 3.15, "educacion_ratio_publico_privado": 0.0, "ranking_infraestructura": 383, "percentil_infraestructura": 22.7 }, "geometry": { "type": "Point", "coordinates": [ -64.206522191129594, -31.458659818396999 ] } },
{ "type": "Feature", "properties": { "barrio": "INAUDI", "poblacion": 1662.0, "hogares": 459.0, "nbi": 4.0, "pct_nbi": 0.87, "escuelas_total": 4, "escuelas_estatales": 4, "escuelas_privadas": 0, "dispensarios_municipales": 1, "paradas_colectivo": 7, "lineas_colectivo": 1, "luminarias_reportes": 52, "comisarias": 1, "centros_vecinales": 1, "poblacion_log": 7.416, "pct_escuelas_privadas": 0.0, "escuelas_por_1000_hab": 2.41, "dispensarios_por_10000_hab": 6.02, "comisarias_por_10000_hab": 1.5585, "paradas_por_1000_hab": 4.21, "centros_vecinales_por_10000_hab": 6.02, "tiene_escuela": 1, "tiene_dispensario": 1, "tiene_comisaria": 1, "tiene_transporte": 1, "infraestructura_score": 0.5573, "tamano_promedio_hogar": 3.62, "educacion_ratio_publico_privado": 4.0, "ranking_infraestructura": 36, "percentil_infraestructura": 92.9 }, "geometry": { "type": "Point", "coordinates": [ -64.194287019464298, -31.476444820122101 ] } },
{ "type": "Feature", "properties": { "barrio": "INDEPENDENCIA", "poblacion": 813.0, "hogares": 294.0, "nbi": 7.0, "pct_nbi": 2.38, "escuelas_total": 1, "escuelas_estatales": 0, "escuelas_privadas": 1, "dispensarios_municipales": 0, "paradas_colectivo": 16, "lineas_colectivo": 9, "luminarias_reportes": 38, "comisarias": 0, "centros_vecinales": 0, "poblacion_log": 6.702, "pct_escuelas_privadas": 1.0, "escuelas_por_1000_hab": 1.23, "dispensarios_por_10000_hab": 0.0, "comisarias_por_10000_hab": 0.0, "paradas_por_1000_hab": 19.68, "centros_vecinales_por_10000_hab": 0.0, "tiene_escuela": 1, "tiene_dispensario": 0, "tiene_comisaria": 0, "tiene_transporte": 1, "infraestructura_score": 0.4498, "tamano_promedio_hogar": 2.77, "educacion_ratio_publico_privado": 0.0, "ranking_infraestructura": 58, "percentil_infraestructura": 88.5 }, "geometry": { "type": "Point", "coordinates": [ -64.190151577784505, -31.401174726175899 ] } },
{ "type": "Feature", "properties": { "barrio": "INDUSTRIAL ESTE", "poblacion": 1153.0, "hogares": 386.0, "nbi": 1.0, "pct_nbi": 0.26, "escuelas_total": 0, "escuelas_estatales": 0, "escuelas_privadas": 0, "dispensarios_municipales": 0, "paradas_colectivo": 14, "lineas_colectivo": 10, "luminarias_reportes": 167, "comisarias": 0, "centros_vecinales": 0, "poblacion_log": 7.051, "pct_escuelas_privadas": 0.0, "escuelas_por_1000_hab": 0.0, "dispensarios_por_10000_hab": 0.0, "comisarias_por_10000_hab": 0.0, "paradas_por_1000_hab": 12.14, "centros_vecinales_por_10000_hab": 0.0, "tiene_escuela": 0, "tiene_dispensario": 0, "tiene_comisaria": 0, "tiene_transporte": 1, "infraestructura_score": 0.2248, "tamano_promedio_hogar": 2.99, "educacion_ratio_publico_privado": 0.0, "ranking_infraestructura": 195, "percentil_infraestructura": 60.7 }, "geometry": { "type": "Point", "coordinates": [ -64.164209964880101, -31.429515067724498 ] } },
{ "type": "Feature", "properties": { "barrio": "INDUSTRIAL OESTE", "poblacion": 1621.0, "hogares": 473.0, "nbi": 14.0, "pct_nbi": 2.96, "escuelas_total": 0, "escuelas_estatales": 0, "escuelas_privadas": 0, "dispensarios_municipales": 0, "paradas_colectivo": 19, "lineas_colectivo": 3, "luminarias_reportes": 147, "comisarias": 0, "centros_vecinales": 0, "poblacion_log": 7.391, "pct_escuelas_privadas": 0.0, "escuelas_por_1000_hab": 0.0, "dispensarios_por_10000_hab": 0.0, "comisarias_por_10000_hab": 0.0, "paradas_por_1000_hab": 11.72, "centros_vecinales_por_10000_hab": 0.0, "tiene_escuela": 0, "tiene_dispensario": 0, "tiene_comisaria": 0, "tiene_transporte": 1, "infraestructura_score": 0.217, "tamano_promedio_hogar": 3.43, "educacion_ratio_publico_privado": 0.0, "ranking_infraestructura": 204, "percentil_infraestructura": 58.9 }, "geometry": { "type": "Point", "coordinates": [ -64.266555392910604, -31.409302206900701 ] } },
{ "type": "Feature", "properties": { "barrio": "IPONA", "poblacion": 982.0, "hogares": 402.0, "nbi": 8.0, "pct_nbi": 1.99, "escuelas_total": 3, "escuelas_estatales": 0, "escuelas_privadas": 3, "dispensarios_municipales": 0, "paradas_colectivo": 26, "lineas_colectivo": 17, "luminarias_reportes": 14, "comisarias": 0, "centros_vecinales": 1, "poblacion_log": 6.891, "pct_escuelas_privadas": 1.0, "escuelas_por_1000_hab": 3.05, "dispensarios_por_10000_hab": 0.0, "comisarias_por_10000_hab": 0.0, "paradas_por_1000_hab": 24.0, "centros_vecinales_por_10000_hab": 10.18, "tiene_escuela": 1, "tiene_dispensario": 0, "tiene_comisaria": 0, "tiene_transporte": 1, "infraestructura_score": 0.6561, "tamano_promedio_hogar": 2.44, "educacion_ratio_publico_privado": 0.0, "ranking_infraestructura": 24, "percentil_infraestructura": 95.3 }, "geometry": { "type": "Point", "coordinates": [ -64.188372230409797, -31.444761206534299 ] } },
{ "type": "Feature", "properties": { "barrio": "IPV ANEXO LOS GIGANTES", "poblacion": 5240.0, "hogares": 1414.0, "nbi": 36.0, "pct_nbi": 2.55, "escuelas_total": 3, "escuelas_estatales": 3, "escuelas_privadas": 0, "dispensarios_municipales": 0, "paradas_colectivo": 11, "lineas_colectivo": 2, "luminarias_reportes": 0, "comisarias": 0, "centros_vecinales": 1, "poblacion_log": 8.564, "pct_escuelas_privadas": 0.0, "escuelas_por_1000_hab": 0.57, "dispensarios_por_10000_hab": 0.0, "comisarias_por_10000_hab": 0.0, "paradas_por_1000_hab": 2.1, "centros_vecinales_por_10000_hab": 1.91, "tiene_escuela": 1, "tiene_dispensario": 0, "tiene_comisaria": 0, "tiene_transporte": 1, "infraestructura_score": 0.0784, "tamano_promedio_hogar": 3.71, "educacion_ratio_publico_privado": 3.0, "ranking_infraestructura": 400, "percentil_infraestructura": 19.2 }, "geometry": { "type": "Point", "coordinates": [ -64.16327334385565, -31.3648676647868 ] } },
{ "type": "Feature", "properties": { "barrio": "IRUPE", "poblacion": 523.0, "hogares": 200.0, "nbi": 10.0, "pct_nbi": 5.0, "escuelas_total": 3, "escuelas_estatales": 3, "escuelas_privadas": 0, "dispensarios_municipales": 0, "paradas_colectivo": 6, "lineas_colectivo": 6, "luminarias_reportes": 45, "comisarias": 0, "centros_vecinales": 1, "poblacion_log": 6.261, "pct_escuelas_privadas": 0.0, "escuelas_por_1000_hab": 4.8035, "dispensarios_por_10000_hab": 0.0, "comisarias_por_10000_hab": 0.0, "paradas_por_1000_hab": 11.47, "centros_vecinales_por_10000_hab": 19.12, "tiene_escuela": 1, "tiene_dispensario": 0, "tiene_comisaria": 0, "tiene_transporte": 1, "infraestructura_score": 0.5457, "tamano_promedio_hogar": 2.62, "educacion_ratio_publico_privado": 3.0, "ranking_infraestructura": 39, "percentil_infraestructura": 92.3 }, "geometry": { "type": "Point", "coordinates": [ -64.202540669052496, -31.459166131371699 ] } },
{ "type": "Feature", "properties": { "barrio": "ITUZAINGO", "poblacion": 3192.0, "hogares": 933.0, "nbi": 18.0, "pct_nbi": 1.93, "escuelas_total": 9, "escuelas_estatales": 6, "escuelas_privadas": 3, "dispensarios_municipales": 0, "paradas_colectivo": 16, "lineas_colectivo": 4, "luminarias_reportes": 19, "comisarias": 1, "centros_vecinales": 0, "poblacion_log": 8.069, "pct_escuelas_privadas": 0.333, "escuelas_por_1000_hab": 2.82, "dispensarios_por_10000_hab": 0.0, "comisarias_por_10000_hab": 1.5585, "paradas_por_1000_hab": 5.01, "centros_vecinales_por_10000_hab": 0.0, "tiene_escuela": 1, "tiene_dispensario": 0, "tiene_comisaria": 1, "tiene_transporte": 1, "infraestructura_score": 0.3996, "tamano_promedio_hogar": 3.42, "educacion_ratio_publico_privado": 2.0, "ranking_infraestructura": 78, "percentil_infraestructura": 84.4 }, "geometry": { "type": "Point", "coordinates": [ -64.097148361854096, -31.4647362980865 ] } },
{ "type": "Feature", "properties": { "barrio": "ITUZAINGO ANEXO", "poblacion": 6081.0, "hogares": 1583.0, "nbi": 138.0, "pct_nbi": 8.72, "escuelas_total": 1, "escuelas_estatales": 1, "escuelas_privadas": 0, "dispensarios_municipales": 1, "paradas_colectivo": 35, "lineas_colectivo": 5, "luminarias_reportes": 23, "comisarias": 0, "centros_vecinales": 5, "poblacion_log": 8.713, "pct_escuelas_privadas": 0.0, "escuelas_por_1000_hab": 0.16, "dispensarios_por_10000_hab": 1.64, "comisarias_por_10000_hab": 0.0, "paradas_por_1000_hab": 5.76, "centros_vecinales_por_10000_hab": 8.22, "tiene_escuela": 1, "tiene_dispensario": 1, "tiene_comisaria": 0, "tiene_transporte": 1, "infraestructura_score": 0.1725, "tamano_promedio_hogar": 3.84, "educacion_ratio_publico_privado": 1.0, "ranking_infraestructura": 251, "percentil_infraestructura": 49.4 }, "geometry": { "type": "Point", "coordinates": [ -64.082901932701205, -31.463692599206599 ] } },
{ "type": "Feature", "properties": { "barrio": "ITUZAINGO II", "poblacion": 1553.0, "hogares": 394.0, "nbi": 42.0, "pct_nbi": 10.66, "escuelas_total": 0, "escuelas_estatales": 0, "escuelas_privadas": 0, "dispensarios_municipales": 0, "paradas_colectivo": 2, "lineas_colectivo": 1, "luminarias_reportes": 0, "comisarias": 0, "centros_vecinales": 1, "poblacion_log": 7.349, "pct_escuelas_privadas": 0.0, "escuelas_por_1000_hab": 0.0, "dispensarios_por_10000_hab": 0.0, "comisarias_por_10000_hab": 0.0, "paradas_por_1000_hab": 1.29, "centros_vecinales_por_10000_hab": 6.44, "tiene_escuela": 0, "tiene_dispensario": 0, "tiene_comisaria": 0, "tiene_transporte": 1, "infraestructura_score": 0.0239, "tamano_promedio_hogar": 3.94, "educacion_ratio_publico_privado": 0.0, "ranking_infraestructura": 460, "percentil_infraestructura": 7.1 }, "geometry": { "type": "Point", "coordinates": [ -64.087896921299006, -31.474834392517799 ] } },
{ "type": "Feature", "properties": { "barrio": "JARDIN", "poblacion": 6841.0, "hogares": 2621.0, "nbi": 45.0, "pct_nbi": 1.72, "escuelas_total": 12, "escuelas_estatales": 8, "escuelas_privadas": 4, "dispensarios_municipales": 0, "paradas_colectivo": 13, "lineas_colectivo": 13, "luminarias_reportes": 52, "comisarias": 0, "centros_vecinales": 1, "poblacion_log": 8.831, "pct_escuelas_privadas": 0.333, "escuelas_por_1000_hab": 1.75, "dispensarios_por_10000_hab": 0.0, "comisarias_por_10000_hab": 0.0, "paradas_por_1000_hab": 1.9, "centros_vecinales_por_10000_hab": 1.46, "tiene_escuela": 1, "tiene_dispensario": 0, "tiene_comisaria": 0, "tiene_transporte": 1, "infraestructura_score": 0.1566, "tamano_promedio_hogar": 2.61, "educacion_ratio_publico_privado": 2.0, "ranking_infraestructura": 277, "percentil_infraestructura": 44.1 }, "geometry": { "type": "Point", "coordinates": [ -64.181705235798702, -31.446325616333599 ] } },
{ "type": "Feature", "properties": { "barrio": "JARDIN DEL CLARET", "poblacion": 500.0, "hogares": 200.0, "nbi": 1.0, "pct_nbi": 0.5, "escuelas_total": 0, "escuelas_estatales": 0, "escuelas_privadas": 0, "dispensarios_municipales": 0, "paradas_colectivo": 11, "lineas_colectivo": 4, "luminarias_reportes": 0, "comisarias": 0, "centros_vecinales": 0, "poblacion_log": 6.217, "pct_escuelas_privadas": 0.0, "escuelas_por_1000_hab": 0.0, "dispensarios_por_10000_hab": 0.0, "comisarias_por_10000_hab": 0.0, "paradas_por_1000_hab": 22.0, "centros_vecinales_por_10000_hab": 0.0, "tiene_escuela": 0, "tiene_dispensario": 0, "tiene_comisaria": 0, "tiene_transporte": 1, "infraestructura_score": 0.4074, "tamano_promedio_hogar": 2.5, "educacion_ratio_publico_privado": 0.0, "ranking_infraestructura": 75, "percentil_infraestructura": 84.9 }, "geometry": { "type": "Point", "coordinates": [ -64.229589572366805, -31.348129492987301 ] } },
{ "type": "Feature", "properties": { "barrio": "JARDIN DEL PILAR", "poblacion": 2131.0, "hogares": 633.0, "nbi": 37.0, "pct_nbi": 5.85, "escuelas_total": 2, "escuelas_estatales": 2, "escuelas_privadas": 0, "dispensarios_municipales": 0, "paradas_colectivo": 12, "lineas_colectivo": 3, "luminarias_reportes": 116, "comisarias": 0, "centros_vecinales": 1, "poblacion_log": 7.665, "pct_escuelas_privadas": 0.0, "escuelas_por_1000_hab": 0.94, "dispensarios_por_10000_hab": 0.0, "comisarias_por_10000_hab": 0.0, "paradas_por_1000_hab": 5.63, "centros_vecinales_por_10000_hab": 4.69, "tiene_escuela": 1, "tiene_dispensario": 0, "tiene_comisaria": 0, "tiene_transporte": 1, "infraestructura_score": 0.1695, "tamano_promedio_hogar": 3.37, "educacion_ratio_publico_privado": 2.0, "ranking_infraestructura": 256, "percentil_infraestructura": 48.4 }, "geometry": { "type": "Point", "coordinates": [ -64.1528930609459, -31.444115899277602 ] } },
{ "type": "Feature", "properties": { "barrio": "JARDIN DEL SUD", "poblacion": 1482.0, "hogares": 451.0, "nbi": 3.0, "pct_nbi": 0.67, "escuelas_total": 0, "escuelas_estatales": 0, "escuelas_privadas": 0, "dispensarios_municipales": 0, "paradas_colectivo": 7, "lineas_colectivo": 2, "luminarias_reportes": 38, "comisarias": 0, "centros_vecinales": 1, "poblacion_log": 7.302, "pct_escuelas_privadas": 0.0, "escuelas_por_1000_hab": 0.0, "dispensarios_por_10000_hab": 0.0, "comisarias_por_10000_hab": 0.0, "paradas_por_1000_hab": 4.72, "centros_vecinales_por_10000_hab": 6.75, "tiene_escuela": 0, "tiene_dispensario": 0, "tiene_comisaria": 0, "tiene_transporte": 1, "infraestructura_score": 0.0874, "tamano_promedio_hogar": 3.29, "educacion_ratio_publico_privado": 0.0, "ranking_infraestructura": 386, "percentil_infraestructura": 22.0 }, "geometry": { "type": "Point", "coordinates": [ -64.164584989732404, -31.456050472194299 ] } },
{ "type": "Feature", "properties": { "barrio": "JARDIN ESPINOSA", "poblacion": 1515.0, "hogares": 485.0, "nbi": 3.0, "pct_nbi": 0.62, "escuelas_total": 6, "escuelas_estatales": 0, "escuelas_privadas": 6, "dispensarios_municipales": 0, "paradas_colectivo": 6, "lineas_colectivo": 3, "luminarias_reportes": 345, "comisarias": 0, "centros_vecinales": 1, "poblacion_log": 7.324, "pct_escuelas_privadas": 1.0, "escuelas_por_1000_hab": 3.96, "dispensarios_por_10000_hab": 0.0, "comisarias_por_10000_hab": 0.0, "paradas_por_1000_hab": 3.96, "centros_vecinales_por_10000_hab": 6.6, "tiene_escuela": 1, "tiene_dispensario": 0, "tiene_comisaria": 0, "tiene_transporte": 1, "infraestructura_score": 0.3481, "tamano_promedio_hogar": 3.12, "educacion_ratio_publico_privado": 0.0, "ranking_infraestructura": 103, "percentil_infraestructura": 79.4 }, "geometry": { "type": "Point", "coordinates": [ -64.171256726383106, -31.4534509945975 ] } },
{ "type": "Feature", "properties": { "barrio": "JARDIN HIPODROMO", "poblacion": 2188.0, "hogares": 644.0, "nbi": 28.0, "pct_nbi": 4.35, "escuelas_total": 3, "escuelas_estatales": 0, "escuelas_privadas": 3, "dispensarios_municipales": 0, "paradas_colectivo": 2, "lineas_colectivo": 1, "luminarias_reportes": 28, "comisarias": 0, "centros_vecinales": 2, "poblacion_log": 7.691, "pct_escuelas_privadas": 1.0, "escuelas_por_1000_hab": 1.37, "dispensarios_por_10000_hab": 0.0, "comisarias_por_10000_hab": 0.0, "paradas_por_1000_hab": 0.91, "centros_vecinales_por_10000_hab": 9.14, "tiene_escuela": 1, "tiene_dispensario": 0, "tiene_comisaria": 0, "tiene_transporte": 1, "infraestructura_score": 0.1119, "tamano_promedio_hogar": 3.4, "educacion_ratio_publico_privado": 0.0, "ranking_infraestructura": 344, "percentil_infraestructura": 30.6 }, "geometry": { "type": "Point", "coordinates": [ -64.190803813576508, -31.4589242324741 ] } },
{ "type": "Feature", "properties": { "barrio": "JARDINES DEL JOCKEY", "poblacion": 516.0, "hogares": 200.0, "nbi": 1.0, "pct_nbi": 0.5, "escuelas_total": 0, "escuelas_estatales": 0, "escuelas_privadas": 0, "dispensarios_municipales": 0, "paradas_colectivo": 7, "lineas_colectivo": 4, "luminarias_reportes": 0, "comisarias": 0, "centros_vecinales": 0, "poblacion_log": 6.248, "pct_escuelas_privadas": 0.0, "escuelas_por_1000_hab": 0.0, "dispensarios_por_10000_hab": 0.0, "comisarias_por_10000_hab": 0.0, "paradas_por_1000_hab": 13.57, "centros_vecinales_por_10000_hab": 0.0, "tiene_escuela": 0, "tiene_dispensario": 0, "tiene_comisaria": 0, "tiene_transporte": 1, "infraestructura_score": 0.2513, "tamano_promedio_hogar": 2.58, "educacion_ratio_publico_privado": 0.0, "ranking_infraestructura": 164, "percentil_infraestructura": 67.0 }, "geometry": { "type": "Point", "coordinates": [ -64.176203327793402, -31.454521384429398 ] } },
{ "type": "Feature", "properties": { "barrio": "JERONIMO LUIS DE CABRERA", "poblacion": 3272.0, "hogares": 928.0, "nbi": 48.0, "pct_nbi": 5.17, "escuelas_total": 1, "escuelas_estatales": 1, "escuelas_privadas": 0, "dispensarios_municipales": 0, "paradas_colectivo": 16, "lineas_colectivo": 5, "luminarias_reportes": 10, "comisarias": 0, "centros_vecinales": 2, "poblacion_log": 8.093, "pct_escuelas_privadas": 0.0, "escuelas_por_1000_hab": 0.31, "dispensarios_por_10000_hab": 0.0, "comisarias_por_10000_hab": 0.0, "paradas_por_1000_hab": 4.89, "centros_vecinales_por_10000_hab": 6.11, "tiene_escuela": 1, "tiene_dispensario": 0, "tiene_comisaria": 0, "tiene_transporte": 1, "infraestructura_score": 0.1121, "tamano_promedio_hogar": 3.53, "educacion_ratio_publico_privado": 1.0, "ranking_infraestructura": 343, "percentil_infraestructura": 30.8 }, "geometry": { "type": "Point", "coordinates": [ -64.182586923342996, -31.355929776680497 ] } },
{ "type": "Feature", "properties": { "barrio": "JOCKEY CLUB", "poblacion": 516.0, "hogares": 200.0, "nbi": 0.0, "pct_nbi": 0.0, "escuelas_total": 0, "escuelas_estatales": 0, "escuelas_privadas": 0, "dispensarios_municipales": 0, "paradas_colectivo": 2, "lineas_colectivo": 3, "luminarias_reportes": 96, "comisarias": 0, "centros_vecinales": 1, "poblacion_log": 6.248, "pct_escuelas_privadas": 0.0, "escuelas_por_1000_hab": 0.0, "dispensarios_por_10000_hab": 0.0, "comisarias_por_10000_hab": 0.0, "paradas_por_1000_hab": 3.88, "centros_vecinales_por_10000_hab": 19.38, "tiene_escuela": 0, "tiene_dispensario": 0, "tiene_comisaria": 0, "tiene_transporte": 1, "infraestructura_score": 0.0719, "tamano_promedio_hogar": 2.58, "educacion_ratio_publico_privado": 0.0, "ranking_infraestructura": 416, "percentil_infraestructura": 16.0 }, "geometry": { "type": "Point", "coordinates": [ -64.179156207240055, -31.453509629395349 ] } },
{ "type": "Feature", "properties": { "barrio": "JOSE HERNANDEZ", "poblacion": 3233.0, "hogares": 951.0, "nbi": 44.0, "pct_nbi": 4.63, "escuelas_total": 1, "escuelas_estatales": 1, "escuelas_privadas": 0, "dispensarios_municipales": 1, "paradas_colectivo": 9, "lineas_colectivo": 3, "luminarias_reportes": 42, "comisarias": 0, "centros_vecinales": 1, "poblacion_log": 8.081, "pct_escuelas_privadas": 0.0, "escuelas_por_1000_hab": 0.31, "dispensarios_por_10000_hab": 3.09, "comisarias_por_10000_hab": 0.0, "paradas_por_1000_hab": 2.78, "centros_vecinales_por_10000_hab": 3.09, "tiene_escuela": 1, "tiene_dispensario": 1, "tiene_comisaria": 0, "tiene_transporte": 1, "infraestructura_score": 0.1761, "tamano_promedio_hogar": 3.4, "educacion_ratio_publico_privado": 1.0, "ranking_infraestructura": 247, "percentil_infraestructura": 50.2 }, "geometry": { "type": "Point", "coordinates": [ -64.157034835906501, -31.444224882036099 ] } },
{ "type": "Feature", "properties": { "barrio": "JOSE I RUCCI", "poblacion": 500.0, "hogares": 200.0, "nbi": 0.0, "pct_nbi": 0.0, "escuelas_total": 0, "escuelas_estatales": 0, "escuelas_privadas": 0, "dispensarios_municipales": 0, "paradas_colectivo": 8, "lineas_colectivo": 3, "luminarias_reportes": 0, "comisarias": 0, "centros_vecinales": 1, "poblacion_log": 6.217, "pct_escuelas_privadas": 0.0, "escuelas_por_1000_hab": 0.0, "dispensarios_por_10000_hab": 0.0, "comisarias_por_10000_hab": 0.0, "paradas_por_1000_hab": 16.0, "centros_vecinales_por_10000_hab": 20.0, "tiene_escuela": 0, "tiene_dispensario": 0, "tiene_comisaria": 0, "tiene_transporte": 1, "infraestructura_score": 0.2963, "tamano_promedio_hogar": 2.5, "educacion_ratio_publico_privado": 0.0, "ranking_infraestructura": 132, "percentil_infraestructura": 73.1 }, "geometry": { "type": "Point", "coordinates": [ -64.129443226832095, -31.460980208160802 ] } },
{ "type": "Feature", "properties": { "barrio": "JOSE IGNACIO DIAZ SECCION 1", "poblacion": 4483.0, "hogares": 1196.0, "nbi": 86.0, "pct_nbi": 7.19, "escuelas_total": 0, "escuelas_estatales": 0, "escuelas_privadas": 0, "dispensarios_municipales": 1, "paradas_colectivo": 7, "lineas_colectivo": 2, "luminarias_reportes": 0, "comisarias": 0, "centros_vecinales": 1, "poblacion_log": 8.408, "pct_escuelas_privadas": 0.0, "escuelas_por_1000_hab": 0.0, "dispensarios_por_10000_hab": 2.23, "comisarias_por_10000_hab": 0.0, "paradas_por_1000_hab": 1.56, "centros_vecinales_por_10000_hab": 2.23, "tiene_escuela": 0, "tiene_dispensario": 1, "tiene_comisaria": 0, "tiene_transporte": 1, "infraestructura_score": 0.1033, "tamano_promedio_hogar": 3.75, "educacion_ratio_publico_privado": 0.0, "ranking_infraestructura": 369, "percentil_infraestructura": 25.4 }, "geometry": { "type": "Point", "coordinates": [ -64.137927985940394, -31.443406605121201 ] } },
{ "type": "Feature", "properties": { "barrio": "JOSE IGNACIO DIAZ SECCION 2", "poblacion": 2204.0, "hogares": 598.0, "nbi": 52.0, "pct_nbi": 8.7, "escuelas_total": 0, "escuelas_estatales": 0, "escuelas_privadas": 0, "dispensarios_municipales": 0, "paradas_colectivo": 10, "lineas_colectivo": 2, "luminarias_reportes": 0, "comisarias": 0, "centros_vecinales": 0, "poblacion_log": 7.698, "pct_escuelas_privadas": 0.0, "escuelas_por_1000_hab": 0.0, "dispensarios_por_10000_hab": 0.0, "comisarias_por_10000_hab": 0.0, "paradas_por_1000_hab": 4.54, "centros_vecinales_por_10000_hab": 0.0, "tiene_escuela": 0, "tiene_dispensario": 0, "tiene_comisaria": 0, "tiene_transporte": 1, "infraestructura_score": 0.0841, "tamano_promedio_hogar": 3.69, "educacion_ratio_publico_privado": 0.0, "ranking_infraestructura": 392, "percentil_infraestructura": 20.9 }, "geometry": { "type": "Point", "coordinates": [ -64.145422010933103, -31.445119854089 ] } },
{ "type": "Feature", "properties": { "barrio": "JOSE IGNACIO DIAZ SECCION 3", "poblacion": 11876.0, "hogares": 3006.0, "nbi": 474.0, "pct_nbi": 15.77, "escuelas_total": 6, "escuelas_estatales": 6, "escuelas_privadas": 0, "dispensarios_municipales": 1, "paradas_colectivo": 8, "lineas_colectivo": 3, "luminarias_reportes": 118, "comisarias": 1, "centros_vecinales": 0, "poblacion_log": 9.382, "pct_escuelas_privadas": 0.0, "escuelas_por_1000_hab": 0.51, "dispensarios_por_10000_hab": 0.84, "comisarias_por_10000_hab": 0.84, "paradas_por_1000_hab": 0.67, "centros_vecinales_por_10000_hab": 0.0, "tiene_escuela": 1, "tiene_dispensario": 1, "tiene_comisaria": 1, "tiene_transporte": 1, "infraestructura_score": 0.1357, "tamano_promedio_hogar": 3.95, "educacion_ratio_publico_privado": 6.0, "ranking_infraestructura": 309, "percentil_infraestructura": 37.7 }, "geometry": { "type": "Point", "coordinates": [ -64.132274731737709, -31.451379751202701 ] } },
{ "type": "Feature", "properties": { "barrio": "JUAN B JUSTO", "poblacion": 3088.0, "hogares": 813.0, "nbi": 24.0, "pct_nbi": 2.95, "escuelas_total": 1, "escuelas_estatales": 1, "escuelas_privadas": 0, "dispensarios_municipales": 0, "paradas_colectivo": 8, "lineas_colectivo": 3, "luminarias_reportes": 22, "comisarias": 0, "centros_vecinales": 1, "poblacion_log": 8.036, "pct_escuelas_privadas": 0.0, "escuelas_por_1000_hab": 0.32, "dispensarios_por_10000_hab": 0.0, "comisarias_por_10000_hab": 0.0, "paradas_por_1000_hab": 2.59, "centros_vecinales_por_10000_hab": 3.24, "tiene_escuela": 1, "tiene_dispensario": 0, "tiene_comisaria": 0, "tiene_transporte": 1, "infraestructura_score": 0.0702, "tamano_promedio_hogar": 3.8, "educacion_ratio_publico_privado": 1.0, "ranking_infraestructura": 418, "percentil_infraestructura": 15.6 }, "geometry": { "type": "Point", "coordinates": [ -64.181551189376506, -31.359664403448701 ] } },
{ "type": "Feature", "properties": { "barrio": "JUAN XXIII", "poblacion": 977.0, "hogares": 308.0, "nbi": 2.0, "pct_nbi": 0.65, "escuelas_total": 0, "escuelas_estatales": 0, "escuelas_privadas": 0, "dispensarios_municipales": 0, "paradas_colectivo": 15, "lineas_colectivo": 5, "luminarias_reportes": 70, "comisarias": 0, "centros_vecinales": 1, "poblacion_log": 6.886, "pct_escuelas_privadas": 0.0, "escuelas_por_1000_hab": 0.0, "dispensarios_por_10000_hab": 0.0, "comisarias_por_10000_hab": 0.0, "paradas_por_1000_hab": 15.35, "centros_vecinales_por_10000_hab": 10.24, "tiene_escuela": 0, "tiene_dispensario": 0, "tiene_comisaria": 0, "tiene_transporte": 1, "infraestructura_score": 0.2843, "tamano_promedio_hogar": 3.17, "educacion_ratio_publico_privado": 0.0, "ranking_infraestructura": 146, "percentil_infraestructura": 70.6 }, "geometry": { "type": "Point", "coordinates": [ -64.224871196558993, -31.420515602471699 ] } },
{ "type": "Feature", "properties": { "barrio": "JUNIORS", "poblacion": 6521.0, "hogares": 2409.0, "nbi": 19.0, "pct_nbi": 0.79, "escuelas_total": 7, "escuelas_estatales": 6, "escuelas_privadas": 1, "dispensarios_municipales": 0, "paradas_colectivo": 18, "lineas_colectivo": 5, "luminarias_reportes": 88, "comisarias": 0, "centros_vecinales": 1, "poblacion_log": 8.783, "pct_escuelas_privadas": 0.143, "escuelas_por_1000_hab": 1.07, "dispensarios_por_10000_hab": 0.0, "comisarias_por_10000_hab": 0.0, "paradas_por_1000_hab": 2.76, "centros_vecinales_por_10000_hab": 1.53, "tiene_escuela": 1, "tiene_dispensario": 0, "tiene_comisaria": 0, "tiene_transporte": 1, "infraestructura_score": 0.1254, "tamano_promedio_hogar": 2.71, "educacion_ratio_publico_privado": 6.0, "ranking_infraestructura": 323, "percentil_infraestructura": 34.8 }, "geometry": { "type": "Point", "coordinates": [ -64.165308207835196, -31.4192717920482 ] } },
{ "type": "Feature", "properties": { "barrio": "KAIROS", "poblacion": 826.0, "hogares": 200.0, "nbi": 23.0, "pct_nbi": 11.5, "escuelas_total": 0, "escuelas_estatales": 0, "escuelas_privadas": 0, "dispensarios_municipales": 1, "paradas_colectivo": 7, "lineas_colectivo": 1, "luminarias_reportes": 18, "comisarias": 0, "centros_vecinales": 2, "poblacion_log": 6.718, "pct_escuelas_privadas": 0.0, "escuelas_por_1000_hab": 0.0, "dispensarios_por_10000_hab": 6.657, "comisarias_por_10000_hab": 0.0, "paradas_por_1000_hab": 8.47, "centros_vecinales_por_10000_hab": 24.21, "tiene_escuela": 0, "tiene_dispensario": 1, "tiene_comisaria": 0, "tiene_transporte": 1, "infraestructura_score": 0.3791, "tamano_promedio_hogar": 4.13, "educacion_ratio_publico_privado": 0.0, "ranking_infraestructura": 87, "percentil_infraestructura": 82.6 }, "geometry": { "type": "Point", "coordinates": [ -64.249717310439806, -31.482680219511799 ] } },
{ "type": "Feature", "properties": { "barrio": "KENNEDY", "poblacion": 1074.0, "hogares": 326.0, "nbi": 8.0, "pct_nbi": 2.45, "escuelas_total": 3, "escuelas_estatales": 3, "escuelas_privadas": 0, "dispensarios_municipales": 0, "paradas_colectivo": 2, "lineas_colectivo": 1, "luminarias_reportes": 119, "comisarias": 0, "centros_vecinales": 0, "poblacion_log": 6.98, "pct_escuelas_privadas": 0.0, "escuelas_por_1000_hab": 2.79, "dispensarios_por_10000_hab": 0.0, "comisarias_por_10000_hab": 0.0, "paradas_por_1000_hab": 1.86, "centros_vecinales_por_10000_hab": 0.0, "tiene_escuela": 1, "tiene_dispensario": 0, "tiene_comisaria": 0, "tiene_transporte": 1, "infraestructura_score": 0.2281, "tamano_promedio_hogar": 3.29, "educacion_ratio_publico_privado": 3.0, "ranking_infraestructura": 191, "percentil_infraestructura": 61.5 }, "geometry": { "type": "Point", "coordinates": [ -64.191107152072206, -31.4580417689364 ] } },
{ "type": "Feature", "properties": { "barrio": "LA CAROLINA", "poblacion": 700.0, "hogares": 200.0, "nbi": 0.0, "pct_nbi": 0.0, "escuelas_total": 2, "escuelas_estatales": 2, "escuelas_privadas": 0, "dispensarios_municipales": 0, "paradas_colectivo": 0, "lineas_colectivo": 0, "luminarias_reportes": 5, "comisarias": 0, "centros_vecinales": 1, "poblacion_log": 6.553, "pct_escuelas_privadas": 0.0, "escuelas_por_1000_hab": 2.86, "dispensarios_por_10000_hab": 0.0, "comisarias_por_10000_hab": 0.0, "paradas_por_1000_hab": 0.0, "centros_vecinales_por_10000_hab": 14.29, "tiene_escuela": 1, "tiene_dispensario": 0, "tiene_comisaria": 0, "tiene_transporte": 0, "infraestructura_score": 0.1985, "tamano_promedio_hogar": 3.5, "educacion_ratio_publico_privado": 2.0, "ranking_infraestructura": 223, "percentil_infraestructura": 55.1 }, "geometry": { "type": "Point", "coordinates": [ -64.286202023493402, -31.352759985372 ] } },
{ "type": "Feature", "properties": { "barrio": "LA DOROTEA", "poblacion": 526.0, "hogares": 200.0, "nbi": 16.0, "pct_nbi": 8.0, "escuelas_total": 1, "escuelas_estatales": 1, "escuelas_privadas": 0, "dispensarios_municipales": 0, "paradas_colectivo": 3, "lineas_colectivo": 1, "luminarias_reportes": 0, "comisarias": 0, "centros_vecinales": 0, "poblacion_log": 6.267, "pct_escuelas_privadas": 0.0, "escuelas_por_1000_hab": 1.9, "dispensarios_por_10000_hab": 0.0, "comisarias_por_10000_hab": 0.0, "paradas_por_1000_hab": 5.7, "centros_vecinales_por_10000_hab": 0.0, "tiene_escuela": 1, "tiene_dispensario": 0, "tiene_comisaria": 0, "tiene_transporte": 1, "infraestructura_score": 0.2374, "tamano_promedio_hogar": 2.63, "educacion_ratio_publico_privado": 1.0, "ranking_infraestructura": 182, "percentil_infraestructura": 63.4 }, "geometry": { "type": "Point", "coordinates": [ -64.1116311003492, -31.378828630782799 ] } },
{ "type": "Feature", "properties": { "barrio": "LA ESPERANZA", "poblacion": 500.0, "hogares": 200.0, "nbi": 1.0, "pct_nbi": 0.5, "escuelas_total": 0, "escuelas_estatales": 0, "escuelas_privadas": 0, "dispensarios_municipales": 0, "paradas_colectivo": 8, "lineas_colectivo": 3, "luminarias_reportes": 6, "comisarias": 0, "centros_vecinales": 0, "poblacion_log": 6.217, "pct_escuelas_privadas": 0.0, "escuelas_por_1000_hab": 0.0, "dispensarios_por_10000_hab": 0.0, "comisarias_por_10000_hab": 0.0, "paradas_por_1000_hab": 16.0, "centros_vecinales_por_10000_hab": 0.0, "tiene_escuela": 0, "tiene_dispensario": 0, "tiene_comisaria": 0, "tiene_transporte": 1, "infraestructura_score": 0.2963, "tamano_promedio_hogar": 2.5, "educacion_ratio_publico_privado": 0.0, "ranking_infraestructura": 132, "percentil_infraestructura": 73.1 }, "geometry": { "type": "Point", "coordinates": [ -64.2421336446981, -31.4838140058101 ] } },
{ "type": "Feature", "properties": { "barrio": "LA FLORESTA", "poblacion": 1590.0, "hogares": 366.0, "nbi": 72.0, "pct_nbi": 19.67, "escuelas_total": 2, "escuelas_estatales": 2, "escuelas_privadas": 0, "dispensarios_municipales": 0, "paradas_colectivo": 3, "lineas_colectivo": 1, "luminarias_reportes": 193, "comisarias": 0, "centros_vecinales": 2, "poblacion_log": 7.372, "pct_escuelas_privadas": 0.0, "escuelas_por_1000_hab": 1.26, "dispensarios_por_10000_hab": 0.0, "comisarias_por_10000_hab": 0.0, "paradas_por_1000_hab": 1.89, "centros_vecinales_por_10000_hab": 12.58, "tiene_escuela": 1, "tiene_dispensario": 0, "tiene_comisaria": 0, "tiene_transporte": 1, "infraestructura_score": 0.1224, "tamano_promedio_hogar": 4.34, "educacion_ratio_publico_privado": 2.0, "ranking_infraestructura": 325, "percentil_infraestructura": 34.1 }, "geometry": { "type": "Point", "coordinates": [ -64.058429069502097, -31.3892085271405 ] } },
{ "type": "Feature", "properties": { "barrio": "LA FRANCE", "poblacion": 3218.0, "hogares": 1016.0, "nbi": 30.0, "pct_nbi": 2.95, "escuelas_total": 8, "escuelas_estatales": 5, "escuelas_privadas": 3, "dispensarios_municipales": 0, "paradas_colectivo": 17, "lineas_colectivo": 8, "luminarias_reportes": 213, "comisarias": 1, "centros_vecinales": 1, "poblacion_log": 8.077, "pct_escuelas_privadas": 0.375, "escuelas_por_1000_hab": 2.49, "dispensarios_por_10000_hab": 0.0, "comisarias_por_10000_hab": 1.5585, "paradas_por_1000_hab": 5.28, "centros_vecinales_por_10000_hab": 3.11, "tiene_escuela": 1, "tiene_dispensario": 0, "tiene_comisaria": 1, "tiene_transporte": 1, "infraestructura_score": 0.3817, "tamano_promedio_hogar": 3.17, "educacion_ratio_publico_privado": 1.67, "ranking_infraestructura": 86, "percentil_infraestructura": 82.8 }, "geometry": { "type": "Point", "coordinates": [ -64.208593867613203, -31.373065947038 ] } },
{ "type": "Feature", "properties": { "barrio": "LA FRATERNIDAD", "poblacion": 500.0, "hogares": 200.0, "nbi": 5.0, "pct_nbi": 2.5, "escuelas_total": 1, "escuelas_estatales": 1, "escuelas_privadas": 0, "dispensarios_municipales": 0, "paradas_colectivo": 25, "lineas_colectivo": 8, "luminarias_reportes": 51, "comisarias": 0, "centros_vecinales": 2, "poblacion_log": 6.217, "pct_escuelas_privadas": 0.0, "escuelas_por_1000_hab": 2.0, "dispensarios_por_10000_hab": 0.0, "comisarias_por_10000_hab": 0.0, "paradas_por_1000_hab": 24.0, "centros_vecinales_por_10000_hab": 40.0, "tiene_escuela": 1, "tiene_dispensario": 0, "tiene_comisaria": 0, "tiene_transporte": 1, "infraestructura_score": 0.5832, "tamano_promedio_hogar": 2.5, "educacion_ratio_publico_privado": 1.0, "ranking_infraestructura": 32, "percentil_infraestructura": 93.6 }, "geometry": { "type": "Point", "coordinates": [ -64.183960741754703, -31.376857778827102 ] } },
{ "type": "Feature", "properties": { "barrio": "LA HORTENSIA", "poblacion": 1423.0, "hogares": 371.0, "nbi": 29.0, "pct_nbi": 7.82, "escuelas_total": 0, "escuelas_estatales": 0, "escuelas_privadas": 0, "dispensarios_municipales": 0, "paradas_colectivo": 1, "lineas_colectivo": 1, "luminarias_reportes": 240, "comisarias": 0, "centros_vecinales": 0, "poblacion_log": 7.261, "pct_escuelas_privadas": 0.0, "escuelas_por_1000_hab": 0.0, "dispensarios_por_10000_hab": 0.0, "comisarias_por_10000_hab": 0.0, "paradas_por_1000_hab": 0.7, "centros_vecinales_por_10000_hab": 0.0, "tiene_escuela": 0, "tiene_dispensario": 0, "tiene_comisaria": 0, "tiene_transporte": 1, "infraestructura_score": 0.013, "tamano_promedio_hogar": 3.84, "educacion_ratio_publico_privado": 0.0, "ranking_infraestructura": 465, "percentil_infraestructura": 6.1 }, "geometry": { "type": "Point", "coordinates": [ -64.139948474011305, -31.384397950571401 ] } },
{ "type": "Feature", "properties": { "barrio": "LA SALLE", "poblacion": 707.0, "hogares": 210.0, "nbi": 3.0, "pct_nbi": 1.43, "escuelas_total": 2, "escuelas_estatales": 2, "escuelas_privadas": 0, "dispensarios_municipales": 1, "paradas_colectivo": 11, "lineas_colectivo": 4, "luminarias_reportes": 4, "comisarias": 0, "centros_vecinales": 0, "poblacion_log": 6.562, "pct_escuelas_privadas": 0.0, "escuelas_por_1000_hab": 2.83, "dispensarios_por_10000_hab": 6.657, "comisarias_por_10000_hab": 0.0, "paradas_por_1000_hab": 15.56, "centros_vecinales_por_10000_hab": 0.0, "tiene_escuela": 1, "tiene_dispensario": 1, "tiene_comisaria": 0, "tiene_transporte": 1, "infraestructura_score": 0.7068, "tamano_promedio_hogar": 3.37, "educacion_ratio_publico_privado": 2.0, "ranking_infraestructura": 15, "percentil_infraestructura": 97.2 }, "geometry": { "type": "Point", "coordinates": [ -64.275515246264007, -31.345477818391501 ] } },
{ "type": "Feature", "properties": { "barrio": "LA TOMA", "poblacion": 500.0, "hogares": 200.0, "nbi": 18.0, "pct_nbi": 9.0, "escuelas_total": 0, "escuelas_estatales": 0, "escuelas_privadas": 0, "dispensarios_municipales": 1, "paradas_colectivo": 0, "lineas_colectivo": 0, "luminarias_reportes": 5, "comisarias": 0, "centros_vecinales": 2, "poblacion_log": 6.217, "pct_escuelas_privadas": 0.0, "escuelas_por_1000_hab": 0.0, "dispensarios_por_10000_hab": 6.657, "comisarias_por_10000_hab": 0.0, "paradas_por_1000_hab": 0.0, "centros_vecinales_por_10000_hab": 40.0, "tiene_escuela": 0, "tiene_dispensario": 1, "tiene_comisaria": 0, "tiene_transporte": 0, "infraestructura_score": 0.2222, "tamano_promedio_hogar": 2.5, "educacion_ratio_publico_privado": 0.0, "ranking_infraestructura": 197, "percentil_infraestructura": 59.9 }, "geometry": { "type": "Point", "coordinates": [ -64.261844975413794, -31.4051127349579 ] } },
{ "type": "Feature", "properties": { "barrio": "LAMADRID", "poblacion": 2346.0, "hogares": 666.0, "nbi": 32.0, "pct_nbi": 4.8, "escuelas_total": 0, "escuelas_estatales": 0, "escuelas_privadas": 0, "dispensarios_municipales": 1, "paradas_colectivo": 7, "lineas_colectivo": 1, "luminarias_reportes": 12, "comisarias": 0, "centros_vecinales": 1, "poblacion_log": 7.761, "pct_escuelas_privadas": 0.0, "escuelas_por_1000_hab": 0.0, "dispensarios_por_10000_hab": 4.26, "comisarias_por_10000_hab": 0.0, "paradas_por_1000_hab": 2.98, "centros_vecinales_por_10000_hab": 4.26, "tiene_escuela": 0, "tiene_dispensario": 1, "tiene_comisaria": 0, "tiene_transporte": 1, "infraestructura_score": 0.1974, "tamano_promedio_hogar": 3.52, "educacion_ratio_publico_privado": 0.0, "ranking_infraestructura": 224, "percentil_infraestructura": 54.8 }, "geometry": { "type": "Point", "coordinates": [ -64.234560072184806, -31.414254225410399 ] } },
{ "type": "Feature", "properties": { "barrio": "LAS CANITAS", "poblacion": 500.0, "hogares": 200.0, "nbi": 0.0, "pct_nbi": 0.0, "escuelas_total": 0, "escuelas_estatales": 0, "escuelas_privadas": 0, "dispensarios_municipales": 0, "paradas_colectivo": 1, "lineas_colectivo": 2, "luminarias_reportes": 0, "comisarias": 0, "centros_vecinales": 0, "poblacion_log": 6.217, "pct_escuelas_privadas": 0.0, "escuelas_por_1000_hab": 0.0, "dispensarios_por_10000_hab": 0.0, "comisarias_por_10000_hab": 0.0, "paradas_por_1000_hab": 2.0, "centros_vecinales_por_10000_hab": 0.0, "tiene_escuela": 0, "tiene_dispensario": 0, "tiene_comisaria": 0, "tiene_transporte": 1, "infraestructura_score": 0.037, "tamano_promedio_hogar": 2.5, "educacion_ratio_publico_privado": 0.0, "ranking_infraestructura": 447, "percentil_infraestructura": 9.2 }, "geometry": { "type": "Point", "coordinates": [ -64.189132214288193, -31.465078409608399 ] } },
{ "type": "Feature", "properties": { "barrio": "LAS CANUELAS", "poblacion": 500.0, "hogares": 200.0, "nbi": 0.0, "pct_nbi": 0.0, "escuelas_total": 0, "escuelas_estatales": 0, "escuelas_privadas": 0, "dispensarios_municipales": 0, "paradas_colectivo": 0, "lineas_colectivo": 0, "luminarias_reportes": 0, "comisarias": 0, "centros_vecinales": 0, "poblacion_log": 6.217, "pct_escuelas_privadas": 0.0, "escuelas_por_1000_hab": 0.0, "dispensarios_por_10000_hab": 0.0, "comisarias_por_10000_hab": 0.0, "paradas_por_1000_hab": 0.0, "centros_vecinales_por_10000_hab": 0.0, "tiene_escuela": 0, "tiene_dispensario": 0, "tiene_comisaria": 0, "tiene_transporte": 0, "infraestructura_score": 0.0, "tamano_promedio_hogar": 2.5, "educacion_ratio_publico_privado": 0.0, "ranking_infraestructura": 469, "percentil_infraestructura": 2.7 }, "geometry": { "type": "Point", "coordinates": [ -64.154596359611205, -31.475993631788999 ] } },
{ "type": "Feature", "properties": { "barrio": "LAS CORTADERAS", "poblacion": 500.0, "hogares": 200.0, "nbi": 18.0, "pct_nbi": 9.0, "escuelas_total": 1, "escuelas_estatales": 1, "escuelas_privadas": 0, "dispensarios_municipales": 1, "paradas_colectivo": 24, "lineas_colectivo": 3, "luminarias_reportes": 0, "comisarias": 0, "centros_vecinales": 0, "poblacion_log": 6.217, "pct_escuelas_privadas": 0.0, "escuelas_por_1000_hab": 2.0, "dispensarios_por_10000_hab": 6.657, "comisarias_por_10000_hab": 0.0, "paradas_por_1000_hab": 24.0, "centros_vecinales_por_10000_hab": 0.0, "tiene_escuela": 1, "tiene_dispensario": 1, "tiene_comisaria": 0, "tiene_transporte": 1, "infraestructura_score": 0.8055, "tamano_promedio_hogar": 2.5, "educacion_ratio_publico_privado": 1.0, "ranking_infraestructura": 5, "percentil_infraestructura": 99.2 }, "geometry": { "type": "Point", "coordinates": [ -64.229590962206998, -31.331589253103498 ] } },
{ "type": "Feature", "properties": { "barrio": "LAS DALIAS", "poblacion": 649.0, "hogares": 200.0, "nbi": 7.0, "pct_nbi": 3.5, "escuelas_total": 0, "escuelas_estatales": 0, "escuelas_privadas": 0, "dispensarios_municipales": 0, "paradas_colectivo": 5, "lineas_colectivo": 2, "luminarias_reportes": 46, "comisarias": 0, "centros_vecinales": 1, "poblacion_log": 6.477, "pct_escuelas_privadas": 0.0, "escuelas_por_1000_hab": 0.0, "dispensarios_por_10000_hab": 0.0, "comisarias_por_10000_hab": 0.0, "paradas_por_1000_hab": 7.7, "centros_vecinales_por_10000_hab": 15.41, "tiene_escuela": 0, "tiene_dispensario": 0, "tiene_comisaria": 0, "tiene_transporte": 1, "infraestructura_score": 0.1426, "tamano_promedio_hogar": 3.24, "educacion_ratio_publico_privado": 0.0, "ranking_infraestructura": 303, "percentil_infraestructura": 38.9 }, "geometry": { "type": "Point", "coordinates": [ -64.237297768407103, -31.4096984739965 ] } },
{ "type": "Feature", "properties": { "barrio": "LAS FLORES", "poblacion": 4037.0, "hogares": 1284.0, "nbi": 39.0, "pct_nbi": 3.04, "escuelas_total": 8, "escuelas_estatales": 5, "escuelas_privadas": 3, "dispensarios_municipales": 0, "paradas_colectivo": 21, "lineas_colectivo": 13, "luminarias_reportes": 325, "comisarias": 0, "centros_vecinales": 0, "poblacion_log": 8.304, "pct_escuelas_privadas": 0.375, "escuelas_por_1000_hab": 1.98, "dispensarios_por_10000_hab": 0.0, "comisarias_por_10000_hab": 0.0, "paradas_por_1000_hab": 5.2, "centros_vecinales_por_10000_hab": 0.0, "tiene_escuela": 1, "tiene_dispensario": 0, "tiene_comisaria": 0, "tiene_transporte": 1, "infraestructura_score": 0.2337, "tamano_promedio_hogar": 3.14, "educacion_ratio_publico_privado": 1.67, "ranking_infraestructura": 185, "percentil_infraestructura": 62.8 }, "geometry": { "type": "Point", "coordinates": [ -64.197192719419704, -31.4500092193326 ] } },
{ "type": "Feature", "properties": { "barrio": "LAS HUERTILLAS", "poblacion": 1133.0, "hogares": 278.0, "nbi": 27.0, "pct_nbi": 9.71, "escuelas_total": 1, "escuelas_estatales": 1, "escuelas_privadas": 0, "dispensarios_municipales": 0, "paradas_colectivo": 1, "lineas_colectivo": 1, "luminarias_reportes": 7, "comisarias": 0, "centros_vecinales": 2, "poblacion_log": 7.034, "pct_escuelas_privadas": 0.0, "escuelas_por_1000_hab": 0.88, "dispensarios_por_10000_hab": 0.0, "comisarias_por_10000_hab": 0.0, "paradas_por_1000_hab": 0.88, "centros_vecinales_por_10000_hab": 17.65, "tiene_escuela": 1, "tiene_dispensario": 0, "tiene_comisaria": 0, "tiene_transporte": 1, "infraestructura_score": 0.0774, "tamano_promedio_hogar": 4.08, "educacion_ratio_publico_privado": 1.0, "ranking_infraestructura": 401, "percentil_infraestructura": 19.0 }, "geometry": { "type": "Point", "coordinates": [ -64.196333901865003, -31.4711647618496 ] } },
{ "type": "Feature", "properties": { "barrio": "LAS LILAS", "poblacion": 2237.0, "hogares": 550.0, "nbi": 56.0, "pct_nbi": 10.18, "escuelas_total": 2, "escuelas_estatales": 2, "escuelas_privadas": 0, "dispensarios_municipales": 1, "paradas_colectivo": 6, "lineas_colectivo": 1, "luminarias_reportes": 52, "comisarias": 0, "centros_vecinales": 1, "poblacion_log": 7.713, "pct_escuelas_privadas": 0.0, "escuelas_por_1000_hab": 0.89, "dispensarios_por_10000_hab": 4.47, "comisarias_por_10000_hab": 0.0, "paradas_por_1000_hab": 2.68, "centros_vecinales_por_10000_hab": 4.47, "tiene_escuela": 1, "tiene_dispensario": 1, "tiene_comisaria": 0, "tiene_transporte": 1, "infraestructura_score": 0.2606, "tamano_promedio_hogar": 4.07, "educacion_ratio_publico_privado": 2.0, "ranking_infraestructura": 155, "percentil_infraestructura": 68.8 }, "geometry": { "type": "Point", "coordinates": [ -64.131916861512494, -31.4453296898999 ] } },
{ "type": "Feature", "properties": { "barrio": "LAS MAGNOLIAS", "poblacion": 2459.0, "hogares": 767.0, "nbi": 25.0, "pct_nbi": 3.26, "escuelas_total": 0, "escuelas_estatales": 0, "escuelas_privadas": 0, "dispensarios_municipales": 0, "paradas_colectivo": 34, "lineas_colectivo": 8, "luminarias_reportes": 27, "comisarias": 0, "centros_vecinales": 2, "poblacion_log": 7.808, "pct_escuelas_privadas": 0.0, "escuelas_por_1000_hab": 0.0, "dispensarios_por_10000_hab": 0.0, "comisarias_por_10000_hab": 0.0, "paradas_por_1000_hab": 13.83, "centros_vecinales_por_10000_hab": 8.13, "tiene_escuela": 0, "tiene_dispensario": 0, "tiene_comisaria": 0, "tiene_transporte": 1, "infraestructura_score": 0.2561, "tamano_promedio_hogar": 3.21, "educacion_ratio_publico_privado": 0.0, "ranking_infraestructura": 159, "percentil_infraestructura": 68.0 }, "geometry": { "type": "Point", "coordinates": [ -64.210238870092894, -31.3678491335932 ] } },
{ "type": "Feature", "properties": { "barrio": "LAS MARGARITAS", "poblacion": 2032.0, "hogares": 644.0, "nbi": 19.0, "pct_nbi": 2.95, "escuelas_total": 2, "escuelas_estatales": 2, "escuelas_privadas": 0, "dispensarios_municipales": 1, "paradas_colectivo": 7, "lineas_colectivo": 7, "luminarias_reportes": 205, "comisarias": 0, "centros_vecinales": 1, "poblacion_log": 7.617, "pct_escuelas_privadas": 0.0, "escuelas_por_1000_hab": 0.98, "dispensarios_por_10000_hab": 4.92, "comisarias_por_10000_hab": 0.0, "paradas_por_1000_hab": 3.44, "centros_vecinales_por_10000_hab": 4.92, "tiene_escuela": 1, "tiene_dispensario": 1, "tiene_comisaria": 0, "tiene_transporte": 1, "infraestructura_score": 0.2959, "tamano_promedio_hogar": 3.16, "educacion_ratio_publico_privado": 2.0, "ranking_infraestructura": 137, "percentil_infraestructura": 72.5 }, "geometry": { "type": "Point", "coordinates": [ -64.209939672718804, -31.3784736934929 ] } },
{ "type": "Feature", "properties": { "barrio": "LAS PALMAS", "poblacion": 6142.0, "hogares": 1993.0, "nbi": 57.0, "pct_nbi": 2.86, "escuelas_total": 13, "escuelas_estatales": 6, "escuelas_privadas": 7, "dispensarios_municipales": 1, "paradas_colectivo": 15, "lineas_colectivo": 4, "luminarias_reportes": 431, "comisarias": 1, "centros_vecinales": 1, "poblacion_log": 8.723, "pct_escuelas_privadas": 0.538, "escuelas_por_1000_hab": 2.12, "dispensarios_por_10000_hab": 1.63, "comisarias_por_10000_hab": 1.5585, "paradas_por_1000_hab": 2.44, "centros_vecinales_por_10000_hab": 1.63, "tiene_escuela": 1, "tiene_dispensario": 1, "tiene_comisaria": 1, "tiene_transporte": 1, "infraestructura_score": 0.3578, "tamano_promedio_hogar": 3.08, "educacion_ratio_publico_privado": 0.86, "ranking_infraestructura": 100, "percentil_infraestructura": 80.0 }, "geometry": { "type": "Point", "coordinates": [ -64.2392888497874, -31.4039268357349 ] } },
{ "type": "Feature", "properties": { "barrio": "LAS PALMAS ANEXO", "poblacion": 864.0, "hogares": 230.0, "nbi": 3.0, "pct_nbi": 1.3, "escuelas_total": 0, "escuelas_estatales": 0, "escuelas_privadas": 0, "dispensarios_municipales": 0, "paradas_colectivo": 8, "lineas_colectivo": 2, "luminarias_reportes": 0, "comisarias": 0, "centros_vecinales": 0, "poblacion_log": 6.763, "pct_escuelas_privadas": 0.0, "escuelas_por_1000_hab": 0.0, "dispensarios_por_10000_hab": 0.0, "comisarias_por_10000_hab": 0.0, "paradas_por_1000_hab": 9.26, "centros_vecinales_por_10000_hab": 0.0, "tiene_escuela": 0, "tiene_dispensario": 0, "tiene_comisaria": 0, "tiene_transporte": 1, "infraestructura_score": 0.1715, "tamano_promedio_hogar": 3.76, "educacion_ratio_publico_privado": 0.0, "ranking_infraestructura": 252, "percentil_infraestructura": 49.2 }, "geometry": { "type": "Point", "coordinates": [ -64.239700723411104, -31.412859285695401 ] } },
{ "type": "Feature", "properties": { "barrio": "LAS PLAYAS", "poblacion": 2869.0, "hogares": 798.0, "nbi": 49.0, "pct_nbi": 6.14, "escuelas_total": 0, "escuelas_estatales": 0, "escuelas_privadas": 0, "dispensarios_municipales": 0, "paradas_colectivo": 3, "lineas_colectivo": 1, "luminarias_reportes": 159, "comisarias": 0, "centros_vecinales": 0, "poblacion_log": 7.962, "pct_escuelas_privadas": 0.0, "escuelas_por_1000_hab": 0.0, "dispensarios_por_10000_hab": 0.0, "comisarias_por_10000_hab": 0.0, "paradas_por_1000_hab": 1.05, "centros_vecinales_por_10000_hab": 0.0, "tiene_escuela": 0, "tiene_dispensario": 0, "tiene_comisaria": 0, "tiene_transporte": 1, "infraestructura_score": 0.0194, "tamano_promedio_hogar": 3.6, "educacion_ratio_publico_privado": 0.0, "ranking_infraestructura": 462, "percentil_infraestructura": 6.7 }, "geometry": { "type": "Point", "coordinates": [ -64.247489470892006, -31.439564782512999 ] } },
{ "type": "Feature", "properties": { "barrio": "LAS ROSAS", "poblacion": 877.0, "hogares": 346.0, "nbi": 1.0, "pct_nbi": 0.29, "escuelas_total": 4, "escuelas_estatales": 0, "escuelas_privadas": 4, "dispensarios_municipales": 0, "paradas_colectivo": 2, "lineas_colectivo": 1, "luminarias_reportes": 223, "comisarias": 0, "centros_vecinales": 0, "poblacion_log": 6.778, "pct_escuelas_privadas": 1.0, "escuelas_por_1000_hab": 4.56, "dispensarios_por_10000_hab": 0.0, "comisarias_por_10000_hab": 0.0, "paradas_por_1000_hab": 2.28, "centros_vecinales_por_10000_hab": 0.0, "tiene_escuela": 1, "tiene_dispensario": 0, "tiene_comisaria": 0, "tiene_transporte": 1, "infraestructura_score": 0.3587, "tamano_promedio_hogar": 2.53, "educacion_ratio_publico_privado": 0.0, "ranking_infraestructura": 98, "percentil_infraestructura": 80.4 }, "geometry": { "type": "Point", "coordinates": [ -64.228107327415202, -31.391393991088002 ] } },
{ "type": "Feature", "properties": { "barrio": "LAS VIOLETAS", "poblacion": 3243.0, "hogares": 834.0, "nbi": 98.0, "pct_nbi": 11.75, "escuelas_total": 5, "escuelas_estatales": 5, "escuelas_privadas": 0, "dispensarios_municipales": 1, "paradas_colectivo": 7, "lineas_colectivo": 2, "luminarias_reportes": 2, "comisarias": 0, "centros_vecinales": 2, "poblacion_log": 8.085, "pct_escuelas_privadas": 0.0, "escuelas_por_1000_hab": 1.54, "dispensarios_por_10000_hab": 3.08, "comisarias_por_10000_hab": 0.0, "paradas_por_1000_hab": 2.16, "centros_vecinales_por_10000_hab": 6.17, "tiene_escuela": 1, "tiene_dispensario": 1, "tiene_comisaria": 0, "tiene_transporte": 1, "infraestructura_score": 0.2497, "tamano_promedio_hogar": 3.89, "educacion_ratio_publico_privado": 5.0, "ranking_infraestructura": 166, "percentil_infraestructura": 66.6 }, "geometry": { "type": "Point", "coordinates": [ -64.250395030447507, -31.409331288914601 ] } },
{ "type": "Feature", "properties": { "barrio": "LICEO GENERAL PAZ", "poblacion": 628.0, "hogares": 200.0, "nbi": 14.0, "pct_nbi": 7.0, "escuelas_total": 0, "escuelas_estatales": 0, "escuelas_privadas": 0, "dispensarios_municipales": 0, "paradas_colectivo": 0, "lineas_colectivo": 0, "luminarias_reportes": 14, "comisarias": 1, "centros_vecinales": 1, "poblacion_log": 6.444, "pct_escuelas_privadas": 0.0, "escuelas_por_1000_hab": 0.0, "dispensarios_por_10000_hab": 0.0, "comisarias_por_10000_hab": 1.5585, "paradas_por_1000_hab": 0.0, "centros_vecinales_por_10000_hab": 15.92, "tiene_escuela": 0, "tiene_dispensario": 0, "tiene_comisaria": 1, "tiene_transporte": 0, "infraestructura_score": 0.1111, "tamano_promedio_hogar": 3.14, "educacion_ratio_publico_privado": 0.0, "ranking_infraestructura": 347, "percentil_infraestructura": 29.1 }, "geometry": { "type": "Point", "coordinates": [ -64.166702082437894, -31.335575800530599 ] } },
{ "type": "Feature", "properties": { "barrio": "LOMAS DE SAN MARTIN", "poblacion": 1734.0, "hogares": 560.0, "nbi": 3.0, "pct_nbi": 0.54, "escuelas_total": 0, "escuelas_estatales": 0, "escuelas_privadas": 0, "dispensarios_municipales": 0, "paradas_colectivo": 7, "lineas_colectivo": 4, "luminarias_reportes": 308, "comisarias": 0, "centros_vecinales": 0, "poblacion_log": 7.459, "pct_escuelas_privadas": 0.0, "escuelas_por_1000_hab": 0.0, "dispensarios_por_10000_hab": 0.0, "comisarias_por_10000_hab": 0.0, "paradas_por_1000_hab": 4.04, "centros_vecinales_por_10000_hab": 0.0, "tiene_escuela": 0, "tiene_dispensario": 0, "tiene_comisaria": 0, "tiene_transporte": 1, "infraestructura_score": 0.0748, "tamano_promedio_hogar": 3.1, "educacion_ratio_publico_privado": 0.0, "ranking_infraestructura": 404, "percentil_infraestructura": 18.4 }, "geometry": { "type": "Point", "coordinates": [ -64.205947698293699, -31.3825174083115 ] } },
{ "type": "Feature", "properties": { "barrio": "LOS ALAMOS", "poblacion": 1964.0, "hogares": 518.0, "nbi": 33.0, "pct_nbi": 6.37, "escuelas_total": 0, "escuelas_estatales": 0, "escuelas_privadas": 0, "dispensarios_municipales": 0, "paradas_colectivo": 6, "lineas_colectivo": 3, "luminarias_reportes": 201, "comisarias": 0, "centros_vecinales": 1, "poblacion_log": 7.583, "pct_escuelas_privadas": 0.0, "escuelas_por_1000_hab": 0.0, "dispensarios_por_10000_hab": 0.0, "comisarias_por_10000_hab": 0.0, "paradas_por_1000_hab": 3.05, "centros_vecinales_por_10000_hab": 5.09, "tiene_escuela": 0, "tiene_dispensario": 0, "tiene_comisaria": 0, "tiene_transporte": 1, "infraestructura_score": 0.0565, "tamano_promedio_hogar": 3.79, "educacion_ratio_publico_privado": 0.0, "ranking_infraestructura": 431, "percentil_infraestructura": 13.0 }, "geometry": { "type": "Point", "coordinates": [ -64.156910128232795, -31.3678133678231 ] } },
{ "type": "Feature", "properties": { "barrio": "LOS ANGELES", "poblacion": 766.0, "hogares": 282.0, "nbi": 0.0, "pct_nbi": 0.0, "escuelas_total": 3, "escuelas_estatales": 0, "escuelas_privadas": 3, "dispensarios_municipales": 0, "paradas_colectivo": 15, "lineas_colectivo": 13, "luminarias_reportes": 4, "comisarias": 0, "centros_vecinales": 0, "poblacion_log": 6.642, "pct_escuelas_privadas": 1.0, "escuelas_por_1000_hab": 3.92, "dispensarios_por_10000_hab": 0.0, "comisarias_por_10000_hab": 0.0, "paradas_por_1000_hab": 19.58, "centros_vecinales_por_10000_hab": 0.0, "tiene_escuela": 1, "tiene_dispensario": 0, "tiene_comisaria": 0, "tiene_transporte": 1, "infraestructura_score": 0.6346, "tamano_promedio_hogar": 2.72, "educacion_ratio_publico_privado": 0.0, "ranking_infraestructura": 26, "percentil_infraestructura": 94.9 }, "geometry": { "type": "Point", "coordinates": [ -64.237017009270303, -31.359507855743001 ] } },
{ "type": "Feature", "properties": { "barrio": "LOS ARBOLES", "poblacion": 500.0, "hogares": 200.0, "nbi": 0.0, "pct_nbi": 0.0, "escuelas_total": 0, "escuelas_estatales": 0, "escuelas_privadas": 0, "dispensarios_municipales": 0, "paradas_colectivo": 0, "lineas_colectivo": 0, "luminarias_reportes": 0, "comisarias": 0, "centros_vecinales": 0, "poblacion_log": 6.217, "pct_escuelas_privadas": 0.0, "escuelas_por_1000_hab": 0.0, "dispensarios_por_10000_hab": 0.0, "comisarias_por_10000_hab": 0.0, "paradas_por_1000_hab": 0.0, "centros_vecinales_por_10000_hab": 0.0, "tiene_escuela": 0, "tiene_dispensario": 0, "tiene_comisaria": 0, "tiene_transporte": 0, "infraestructura_score": 0.0, "tamano_promedio_hogar": 2.5, "educacion_ratio_publico_privado": 0.0, "ranking_infraestructura": 469, "percentil_infraestructura": 2.7 }, "geometry": { "type": "Point", "coordinates": [ -64.284736687991398, -31.366312829787699 ] } },
{ "type": "Feature", "properties": { "barrio": "LOS BOULEVARES", "poblacion": 12277.0, "hogares": 3480.0, "nbi": 218.0, "pct_nbi": 6.26, "escuelas_total": 8, "escuelas_estatales": 8, "escuelas_privadas": 0, "dispensarios_municipales": 1, "paradas_colectivo": 56, "lineas_colectivo": 3, "luminarias_reportes": 444, "comisarias": 1, "centros_vecinales": 2, "poblacion_log": 9.416, "pct_escuelas_privadas": 0.0, "escuelas_por_1000_hab": 0.65, "dispensarios_por_10000_hab": 0.81, "comisarias_por_10000_hab": 0.81, "paradas_por_1000_hab": 4.56, "centros_vecinales_por_10000_hab": 1.63, "tiene_escuela": 1, "tiene_dispensario": 1, "tiene_comisaria": 1, "tiene_transporte": 1, "infraestructura_score": 0.2143, "tamano_promedio_hogar": 3.53, "educacion_ratio_publico_privado": 8.0, "ranking_infraestructura": 208, "percentil_infraestructura": 58.1 }, "geometry": { "type": "Point", "coordinates": [ -64.219264358542105, -31.345159466376899 ] } },
{ "type": "Feature", "properties": { "barrio": "LOS CEIBOS", "poblacion": 826.0, "hogares": 249.0, "nbi": 7.0, "pct_nbi": 2.81, "escuelas_total": 0, "escuelas_estatales": 0, "escuelas_privadas": 0, "dispensarios_municipales": 0, "paradas_colectivo": 8, "lineas_colectivo": 5, "luminarias_reportes": 23, "comisarias": 0, "centros_vecinales": 1, "poblacion_log": 6.718, "pct_escuelas_privadas": 0.0, "escuelas_por_1000_hab": 0.0, "dispensarios_por_10000_hab": 0.0, "comisarias_por_10000_hab": 0.0, "paradas_por_1000_hab": 9.69, "centros_vecinales_por_10000_hab": 12.11, "tiene_escuela": 0, "tiene_dispensario": 0, "tiene_comisaria": 0, "tiene_transporte": 1, "infraestructura_score": 0.1794, "tamano_promedio_hogar": 3.32, "educacion_ratio_publico_privado": 0.0, "ranking_infraestructura": 242, "percentil_infraestructura": 51.2 }, "geometry": { "type": "Point", "coordinates": [ -64.148095989398101, -31.429311789067999 ] } },
{ "type": "Feature", "properties": { "barrio": "LOS CHINGOLOS", "poblacion": 1944.0, "hogares": 473.0, "nbi": 42.0, "pct_nbi": 8.88, "escuelas_total": 4, "escuelas_estatales": 4, "escuelas_privadas": 0, "dispensarios_municipales": 0, "paradas_colectivo": 5, "lineas_colectivo": 1, "luminarias_reportes": 49, "comisarias": 0, "centros_vecinales": 1, "poblacion_log": 7.573, "pct_escuelas_privadas": 0.0, "escuelas_por_1000_hab": 2.06, "dispensarios_por_10000_hab": 0.0, "comisarias_por_10000_hab": 0.0, "paradas_por_1000_hab": 2.57, "centros_vecinales_por_10000_hab": 5.14, "tiene_escuela": 1, "tiene_dispensario": 0, "tiene_comisaria": 0, "tiene_transporte": 1, "infraestructura_score": 0.1905, "tamano_promedio_hogar": 4.11, "educacion_ratio_publico_privado": 4.0, "ranking_infraestructura": 231, "percentil_infraestructura": 53.4 }, "geometry": { "type": "Point", "coordinates": [ -64.169066378748994, -31.340792625601999 ] } },
{ "type": "Feature", "properties": { "barrio": "LOS CIELOS", "poblacion": 500.0, "hogares": 200.0, "nbi": 0.0, "pct_nbi": 0.0, "escuelas_total": 0, "escuelas_estatales": 0, "escuelas_privadas": 0, "dispensarios_municipales": 0, "paradas_colectivo": 0, "lineas_colectivo": 0, "luminarias_reportes": 0, "comisarias": 0, "centros_vecinales": 0, "poblacion_log": 6.217, "pct_escuelas_privadas": 0.0, "escuelas_por_1000_hab": 0.0, "dispensarios_por_10000_hab": 0.0, "comisarias_por_10000_hab": 0.0, "paradas_por_1000_hab": 0.0, "centros_vecinales_por_10000_hab": 0.0, "tiene_escuela": 0, "tiene_dispensario": 0, "tiene_comisaria": 0, "tiene_transporte": 0, "infraestructura_score": 0.0, "tamano_promedio_hogar": 2.5, "educacion_ratio_publico_privado": 0.0, "ranking_infraestructura": 469, "percentil_infraestructura": 2.7 }, "geometry": { "type": "Point", "coordinates": [ -64.28265773622033, -31.371485929537101 ] } },
{ "type": "Feature", "properties": { "barrio": "LOS EUCALIPTUS", "poblacion": 1741.0, "hogares": 480.0, "nbi": 15.0, "pct_nbi": 3.12, "escuelas_total": 2, "escuelas_estatales": 1, "escuelas_privadas": 1, "dispensarios_municipales": 0, "paradas_colectivo": 4, "lineas_colectivo": 3, "luminarias_reportes": 31, "comisarias": 0, "centros_vecinales": 1, "poblacion_log": 7.463, "pct_escuelas_privadas": 0.5, "escuelas_por_1000_hab": 1.15, "dispensarios_por_10000_hab": 0.0, "comisarias_por_10000_hab": 0.0, "paradas_por_1000_hab": 2.3, "centros_vecinales_por_10000_hab": 5.74, "tiene_escuela": 1, "tiene_dispensario": 0, "tiene_comisaria": 0, "tiene_transporte": 1, "infraestructura_score": 0.1224, "tamano_promedio_hogar": 3.63, "educacion_ratio_publico_privado": 1.0, "ranking_infraestructura": 325, "percentil_infraestructura": 34.1 }, "geometry": { "type": "Point", "coordinates": [ -64.088516655311395, -31.4678374607454 ] } },
{ "type": "Feature", "properties": { "barrio": "LOS FILTROS", "poblacion": 852.0, "hogares": 200.0, "nbi": 32.0, "pct_nbi": 16.0, "escuelas_total": 2, "escuelas_estatales": 2, "escuelas_privadas": 0, "dispensarios_municipales": 0, "paradas_colectivo": 7, "lineas_colectivo": 2, "luminarias_reportes": 12, "comisarias": 0, "centros_vecinales": 0, "poblacion_log": 6.749, "pct_escuelas_privadas": 0.0, "escuelas_por_1000_hab": 2.35, "dispensarios_por_10000_hab": 0.0, "comisarias_por_10000_hab": 0.0, "paradas_por_1000_hab": 8.22, "centros_vecinales_por_10000_hab": 0.0, "tiene_escuela": 1, "tiene_dispensario": 0, "tiene_comisaria": 0, "tiene_transporte": 1, "infraestructura_score": 0.3153, "tamano_promedio_hogar": 4.26, "educacion_ratio_publico_privado": 2.0, "ranking_infraestructura": 121, "percentil_infraestructura": 75.7 }, "geometry": { "type": "Point", "coordinates": [ -64.248496868616201, -31.413308127997901 ] } },
{ "type": "Feature", "properties": { "barrio": "LOS FRESNOS", "poblacion": 1067.0, "hogares": 246.0, "nbi": 38.0, "pct_nbi": 15.45, "escuelas_total": 1, "escuelas_estatales": 1, "escuelas_privadas": 0, "dispensarios_municipales": 0, "paradas_colectivo": 0, "lineas_colectivo": 0, "luminarias_reportes": 0, "comisarias": 0, "centros_vecinales": 2, "poblacion_log": 6.974, "pct_escuelas_privadas": 0.0, "escuelas_por_1000_hab": 0.94, "dispensarios_por_10000_hab": 0.0, "comisarias_por_10000_hab": 0.0, "paradas_por_1000_hab": 0.0, "centros_vecinales_por_10000_hab": 18.74, "tiene_escuela": 1, "tiene_dispensario": 0, "tiene_comisaria": 0, "tiene_transporte": 0, "infraestructura_score": 0.0652, "tamano_promedio_hogar": 4.34, "educacion_ratio_publico_privado": 1.0, "ranking_infraestructura": 425, "percentil_infraestructura": 14.2 }, "geometry": { "type": "Point", "coordinates": [ -64.081578537093606, -31.4709007424932 ] } },
{ "type": "Feature", "properties": { "barrio": "LOS GIGANTES", "poblacion": 4442.0, "hogares": 1249.0, "nbi": 49.0, "pct_nbi": 3.92, "escuelas_total": 3, "escuelas_estatales": 3, "escuelas_privadas": 0, "dispensarios_municipales": 0, "paradas_colectivo": 11, "lineas_colectivo": 2, "luminarias_reportes": 41, "comisarias": 0, "centros_vecinales": 1, "poblacion_log": 8.399, "pct_escuelas_privadas": 0.0, "escuelas_por_1000_hab": 0.68, "dispensarios_por_10000_hab": 0.0, "comisarias_por_10000_hab": 0.0, "paradas_por_1000_hab": 2.48, "centros_vecinales_por_10000_hab": 2.25, "tiene_escuela": 1, "tiene_dispensario": 0, "tiene_comisaria": 0, "tiene_transporte": 1, "infraestructura_score": 0.0931, "tamano_promedio_hogar": 3.56, "educacion_ratio_publico_privado": 3.0, "ranking_infraestructura": 381, "percentil_infraestructura": 23.1 }, "geometry": { "type": "Point", "coordinates": [ -64.169506476040098, -31.362636222678901 ] } },
{ "type": "Feature", "properties": { "barrio": "LOS GRANADOS", "poblacion": 3435.0, "hogares": 917.0, "nbi": 41.0, "pct_nbi": 4.47, "escuelas_total": 4, "escuelas_estatales": 3, "escuelas_privadas": 1, "dispensarios_municipales": 0, "paradas_colectivo": 6, "lineas_colectivo": 2, "luminarias_reportes": 10, "comisarias": 0, "centros_vecinales": 1, "poblacion_log": 8.142, "pct_escuelas_privadas": 0.25, "escuelas_por_1000_hab": 1.16, "dispensarios_por_10000_hab": 0.0, "comisarias_por_10000_hab": 0.0, "paradas_por_1000_hab": 1.75, "centros_vecinales_por_10000_hab": 2.91, "tiene_escuela": 1, "tiene_dispensario": 0, "tiene_comisaria": 0, "tiene_transporte": 1, "infraestructura_score": 0.1129, "tamano_promedio_hogar": 3.75, "educacion_ratio_publico_privado": 3.0, "ranking_infraestructura": 340, "percentil_infraestructura": 31.3 }, "geometry": { "type": "Point", "coordinates": [ -64.236995839038499, -31.4233609670665 ] } },
{ "type": "Feature", "properties": { "barrio": "LOS HORNILLOS", "poblacion": 726.0, "hogares": 200.0, "nbi": 20.0, "pct_nbi": 10.0, "escuelas_total": 0, "escuelas_estatales": 0, "escuelas_privadas": 0, "dispensarios_municipales": 0, "paradas_colectivo": 19, "lineas_colectivo": 5, "luminarias_reportes": 1, "comisarias": 0, "centros_vecinales": 1, "poblacion_log": 6.589, "pct_escuelas_privadas": 0.0, "escuelas_por_1000_hab": 0.0, "dispensarios_por_10000_hab": 0.0, "comisarias_por_10000_hab": 0.0, "paradas_por_1000_hab": 24.0, "centros_vecinales_por_10000_hab": 13.77, "tiene_escuela": 0, "tiene_dispensario": 0, "tiene_comisaria": 0, "tiene_transporte": 1, "infraestructura_score": 0.4444, "tamano_promedio_hogar": 3.63, "educacion_ratio_publico_privado": 0.0, "ranking_infraestructura": 59, "percentil_infraestructura": 87.4 }, "geometry": { "type": "Point", "coordinates": [ -64.172095336098494, -31.340913220344898 ] } },
{ "type": "Feature", "properties": { "barrio": "LOS JACARANDAES", "poblacion": 1305.0, "hogares": 319.0, "nbi": 70.0, "pct_nbi": 21.94, "escuelas_total": 0, "escuelas_estatales": 0, "escuelas_privadas": 0, "dispensarios_municipales": 0, "paradas_colectivo": 0, "lineas_colectivo": 0, "luminarias_reportes": 6, "comisarias": 0, "centros_vecinales": 1, "poblacion_log": 7.175, "pct_escuelas_privadas": 0.0, "escuelas_por_1000_hab": 0.0, "dispensarios_por_10000_hab": 0.0, "comisarias_por_10000_hab": 0.0, "paradas_por_1000_hab": 0.0, "centros_vecinales_por_10000_hab": 7.66, "tiene_escuela": 0, "tiene_dispensario": 0, "tiene_comisaria": 0, "tiene_transporte": 0, "infraestructura_score": 0.0, "tamano_promedio_hogar": 4.09, "educacion_ratio_publico_privado": 0.0, "ranking_infraestructura": 469, "percentil_infraestructura": 2.7 }, "geometry": { "type": "Point", "coordinates": [ -64.236454716346699, -31.417197922717101 ] } },
{ "type": "Feature", "properties": { "barrio": "LOS JOSEFINOS", "poblacion": 500.0, "hogares": 200.0, "nbi": 9.0, "pct_nbi": 4.5, "escuelas_total": 0, "escuelas_estatales": 0, "escuelas_privadas": 0, "dispensarios_municipales": 1, "paradas_colectivo": 0, "lineas_colectivo": 0, "luminarias_reportes": 0, "comisarias": 0, "centros_vecinales": 1, "poblacion_log": 6.217, "pct_escuelas_privadas": 0.0, "escuelas_por_1000_hab": 0.0, "dispensarios_por_10000_hab": 6.657, "comisarias_por_10000_hab": 0.0, "paradas_por_1000_hab": 0.0, "centros_vecinales_por_10000_hab": 20.0, "tiene_escuela": 0, "tiene_dispensario": 1, "tiene_comisaria": 0, "tiene_transporte": 0, "infraestructura_score": 0.2222, "tamano_promedio_hogar": 2.5, "educacion_ratio_publico_privado": 0.0, "ranking_infraestructura": 197, "percentil_infraestructura": 59.9 }, "geometry": { "type": "Point", "coordinates": [ -64.123880379689396, -31.414200620776199 ] } },
{ "type": "Feature", "properties": { "barrio": "LOS NARANJOS", "poblacion": 1615.0, "hogares": 561.0, "nbi": 7.0, "pct_nbi": 1.25, "escuelas_total": 6, "escuelas_estatales": 3, "escuelas_privadas": 3, "dispensarios_municipales": 0, "paradas_colectivo": 9, "lineas_colectivo": 7, "luminarias_reportes": 430, "comisarias": 1, "centros_vecinales": 1, "poblacion_log": 7.388, "pct_escuelas_privadas": 0.5, "escuelas_por_1000_hab": 3.72, "dispensarios_por_10000_hab": 0.0, "comisarias_por_10000_hab": 1.5585, "paradas_por_1000_hab": 5.57, "centros_vecinales_por_10000_hab": 6.19, "tiene_escuela": 1, "tiene_dispensario": 0, "tiene_comisaria": 1, "tiene_transporte": 1, "infraestructura_score": 0.4724, "tamano_promedio_hogar": 2.88, "educacion_ratio_publico_privado": 1.0, "ranking_infraestructura": 54, "percentil_infraestructura": 89.3 }, "geometry": { "type": "Point", "coordinates": [ -64.226563138602003, -31.429664756605501 ] } },
{ "type": "Feature", "properties": { "barrio": "LOS OLMOS", "poblacion": 1859.0, "hogares": 541.0, "nbi": 21.0, "pct_nbi": 3.88, "escuelas_total": 2, "escuelas_estatales": 0, "escuelas_privadas": 2, "dispensarios_municipales": 0, "paradas_colectivo": 13, "lineas_colectivo": 8, "luminarias_reportes": 56, "comisarias": 0, "centros_vecinales": 1, "poblacion_log": 7.528, "pct_escuelas_privadas": 1.0, "escuelas_por_1000_hab": 1.08, "dispensarios_por_10000_hab": 0.0, "comisarias_por_10000_hab": 0.0, "paradas_por_1000_hab": 6.99, "centros_vecinales_por_10000_hab": 5.38, "tiene_escuela": 1, "tiene_dispensario": 0, "tiene_comisaria": 0, "tiene_transporte": 1, "infraestructura_score": 0.2044, "tamano_promedio_hogar": 3.44, "educacion_ratio_publico_privado": 0.0, "ranking_infraestructura": 215, "percentil_infraestructura": 56.7 }, "geometry": { "type": "Point", "coordinates": [ -64.217253093653497, -31.459796582155398 ] } },
{ "type": "Feature", "properties": { "barrio": "LOS OLMOS SUD", "poblacion": 2486.0, "hogares": 636.0, "nbi": 48.0, "pct_nbi": 7.55, "escuelas_total": 1, "escuelas_estatales": 1, "escuelas_privadas": 0, "dispensarios_municipales": 1, "paradas_colectivo": 19, "lineas_colectivo": 4, "luminarias_reportes": 19, "comisarias": 0, "centros_vecinales": 2, "poblacion_log": 7.819, "pct_escuelas_privadas": 0.0, "escuelas_por_1000_hab": 0.4, "dispensarios_por_10000_hab": 4.02, "comisarias_por_10000_hab": 0.0, "paradas_por_1000_hab": 7.64, "centros_vecinales_por_10000_hab": 8.05, "tiene_escuela": 1, "tiene_dispensario": 1, "tiene_comisaria": 0, "tiene_transporte": 1, "infraestructura_score": 0.3034, "tamano_promedio_hogar": 3.91, "educacion_ratio_publico_privado": 1.0, "ranking_infraestructura": 128, "percentil_infraestructura": 74.3 }, "geometry": { "type": "Point", "coordinates": [ -64.215451219676154, -31.465400290473603 ] } },
{ "type": "Feature", "properties": { "barrio": "LOS PARAISOS", "poblacion": 5079.0, "hogares": 1638.0, "nbi": 40.0, "pct_nbi": 2.44, "escuelas_total": 3, "escuelas_estatales": 0, "escuelas_privadas": 3, "dispensarios_municipales": 0, "paradas_colectivo": 28, "lineas_colectivo": 6, "luminarias_reportes": 364, "comisarias": 0, "centros_vecinales": 1, "poblacion_log": 8.533, "pct_escuelas_privadas": 1.0, "escuelas_por_1000_hab": 0.59, "dispensarios_por_10000_hab": 0.0, "comisarias_por_10000_hab": 0.0, "paradas_por_1000_hab": 5.51, "centros_vecinales_por_10000_hab": 1.97, "tiene_escuela": 1, "tiene_dispensario": 0, "tiene_comisaria": 0, "tiene_transporte": 1, "infraestructura_score": 0.143, "tamano_promedio_hogar": 3.1, "educacion_ratio_publico_privado": 0.0, "ranking_infraestructura": 302, "percentil_infraestructura": 39.1 }, "geometry": { "type": "Point", "coordinates": [ -64.194648050397305, -31.3830882690084 ] } },
{ "type": "Feature", "properties": { "barrio": "LOS PINOS", "poblacion": 1901.0, "hogares": 532.0, "nbi": 21.0, "pct_nbi": 3.95, "escuelas_total": 2, "escuelas_estatales": 2, "escuelas_privadas": 0, "dispensarios_municipales": 1, "paradas_colectivo": 7, "lineas_colectivo": 4, "luminarias_reportes": 160, "comisarias": 0, "centros_vecinales": 1, "poblacion_log": 7.551, "pct_escuelas_privadas": 0.0, "escuelas_por_1000_hab": 1.05, "dispensarios_por_10000_hab": 5.26, "comisarias_por_10000_hab": 0.0, "paradas_por_1000_hab": 3.68, "centros_vecinales_por_10000_hab": 5.26, "tiene_escuela": 1, "tiene_dispensario": 1, "tiene_comisaria": 0, "tiene_transporte": 1, "infraestructura_score": 0.3166, "tamano_promedio_hogar": 3.57, "educacion_ratio_publico_privado": 2.0, "ranking_infraestructura": 117, "percentil_infraestructura": 76.5 }, "geometry": { "type": "Point", "coordinates": [ -64.141031965328096, -31.393666951683802 ] } },
{ "type": "Feature", "properties": { "barrio": "LOS PLATANOS", "poblacion": 7003.0, "hogares": 2166.0, "nbi": 58.0, "pct_nbi": 2.68, "escuelas_total": 8, "escuelas_estatales": 7, "escuelas_privadas": 1, "dispensarios_municipales": 0, "paradas_colectivo": 11, "lineas_colectivo": 5, "luminarias_reportes": 120, "comisarias": 0, "centros_vecinales": 0, "poblacion_log": 8.854, "pct_escuelas_privadas": 0.125, "escuelas_por_1000_hab": 1.14, "dispensarios_por_10000_hab": 0.0, "comisarias_por_10000_hab": 0.0, "paradas_por_1000_hab": 1.57, "centros_vecinales_por_10000_hab": 0.0, "tiene_escuela": 1, "tiene_dispensario": 0, "tiene_comisaria": 0, "tiene_transporte": 1, "infraestructura_score": 0.1082, "tamano_promedio_hogar": 3.23, "educacion_ratio_publico_privado": 7.0, "ranking_infraestructura": 360, "percentil_infraestructura": 27.3 }, "geometry": { "type": "Point", "coordinates": [ -64.230713018813603, -31.422208075158601 ] } },
{ "type": "Feature", "properties": { "barrio": "LOS ROBLES", "poblacion": 3479.0, "hogares": 958.0, "nbi": 144.0, "pct_nbi": 15.03, "escuelas_total": 4, "escuelas_estatales": 4, "escuelas_privadas": 0, "dispensarios_municipales": 0, "paradas_colectivo": 8, "lineas_colectivo": 2, "luminarias_reportes": 203, "comisarias": 0, "centros_vecinales": 1, "poblacion_log": 8.155, "pct_escuelas_privadas": 0.0, "escuelas_por_1000_hab": 1.15, "dispensarios_por_10000_hab": 0.0, "comisarias_por_10000_hab": 0.0, "paradas_por_1000_hab": 2.3, "centros_vecinales_por_10000_hab": 2.87, "tiene_escuela": 1, "tiene_dispensario": 0, "tiene_comisaria": 0, "tiene_transporte": 1, "infraestructura_score": 0.1224, "tamano_promedio_hogar": 3.63, "educacion_ratio_publico_privado": 4.0, "ranking_infraestructura": 325, "percentil_infraestructura": 34.1 }, "geometry": { "type": "Point", "coordinates": [ -64.264908632223097, -31.401036267702199 ] } },
{ "type": "Feature", "properties": { "barrio": "LOS SAUCES", "poblacion": 1635.0, "hogares": 469.0, "nbi": 22.0, "pct_nbi": 4.69, "escuelas_total": 2, "escuelas_estatales": 2, "escuelas_privadas": 0, "dispensarios_municipales": 1, "paradas_colectivo": 9, "lineas_colectivo": 2, "luminarias_reportes": 16, "comisarias": 0, "centros_vecinales": 1, "poblacion_log": 7.4, "pct_escuelas_privadas": 0.0, "escuelas_por_1000_hab": 1.22, "dispensarios_por_10000_hab": 6.12, "comisarias_por_10000_hab": 0.0, "paradas_por_1000_hab": 5.5, "centros_vecinales_por_10000_hab": 6.12, "tiene_escuela": 1, "tiene_dispensario": 1, "tiene_comisaria": 0, "tiene_transporte": 1, "infraestructura_score": 0.3908, "tamano_promedio_hogar": 3.49, "educacion_ratio_publico_privado": 2.0, "ranking_infraestructura": 83, "percentil_infraestructura": 83.4 }, "geometry": { "type": "Point", "coordinates": [ -64.0988703018824, -31.461186855039202 ] } },
{ "type": "Feature", "properties": { "barrio": "LOS SOLES", "poblacion": 500.0, "hogares": 200.0, "nbi": 0.0, "pct_nbi": 0.0, "escuelas_total": 0, "escuelas_estatales": 0, "escuelas_privadas": 0, "dispensarios_municipales": 0, "paradas_colectivo": 5, "lineas_colectivo": 1, "luminarias_reportes": 0, "comisarias": 0, "centros_vecinales": 0, "poblacion_log": 6.217, "pct_escuelas_privadas": 0.0, "escuelas_por_1000_hab": 0.0, "dispensarios_por_10000_hab": 0.0, "comisarias_por_10000_hab": 0.0, "paradas_por_1000_hab": 10.0, "centros_vecinales_por_10000_hab": 0.0, "tiene_escuela": 0, "tiene_dispensario": 0, "tiene_comisaria": 0, "tiene_transporte": 1, "infraestructura_score": 0.1852, "tamano_promedio_hogar": 2.5, "educacion_ratio_publico_privado": 0.0, "ranking_infraestructura": 237, "percentil_infraestructura": 52.0 }, "geometry": { "type": "Point", "coordinates": [ -64.278633279906558, -31.373214275765321 ] } },
{ "type": "Feature", "properties": { "barrio": "LOS SUENOS", "poblacion": 500.0, "hogares": 200.0, "nbi": 0.0, "pct_nbi": 0.0, "escuelas_total": 0, "escuelas_estatales": 0, "escuelas_privadas": 0, "dispensarios_municipales": 0, "paradas_colectivo": 1, "lineas_colectivo": 1, "luminarias_reportes": 0, "comisarias": 0, "centros_vecinales": 0, "poblacion_log": 6.217, "pct_escuelas_privadas": 0.0, "escuelas_por_1000_hab": 0.0, "dispensarios_por_10000_hab": 0.0, "comisarias_por_10000_hab": 0.0, "paradas_por_1000_hab": 2.0, "centros_vecinales_por_10000_hab": 0.0, "tiene_escuela": 0, "tiene_dispensario": 0, "tiene_comisaria": 0, "tiene_transporte": 1, "infraestructura_score": 0.037, "tamano_promedio_hogar": 2.5, "educacion_ratio_publico_privado": 0.0, "ranking_infraestructura": 447, "percentil_infraestructura": 9.2 }, "geometry": { "type": "Point", "coordinates": [ -64.283269093921405, -31.360445359551498 ] } },
{ "type": "Feature", "properties": { "barrio": "LOURDES", "poblacion": 1413.0, "hogares": 318.0, "nbi": 50.0, "pct_nbi": 15.72, "escuelas_total": 1, "escuelas_estatales": 1, "escuelas_privadas": 0, "dispensarios_municipales": 0, "paradas_colectivo": 26, "lineas_colectivo": 6, "luminarias_reportes": 7, "comisarias": 0, "centros_vecinales": 1, "poblacion_log": 7.254, "pct_escuelas_privadas": 0.0, "escuelas_por_1000_hab": 0.71, "dispensarios_por_10000_hab": 0.0, "comisarias_por_10000_hab": 0.0, "paradas_por_1000_hab": 18.4, "centros_vecinales_por_10000_hab": 7.08, "tiene_escuela": 1, "tiene_dispensario": 0, "tiene_comisaria": 0, "tiene_transporte": 1, "infraestructura_score": 0.39, "tamano_promedio_hogar": 4.44, "educacion_ratio_publico_privado": 1.0, "ranking_infraestructura": 85, "percentil_infraestructura": 83.0 }, "geometry": { "type": "Point", "coordinates": [ -64.255983863229304, -31.331651556266301 ] } },
{ "type": "Feature", "properties": { "barrio": "MAIPU SECCION 1", "poblacion": 2022.0, "hogares": 679.0, "nbi": 7.0, "pct_nbi": 1.03, "escuelas_total": 0, "escuelas_estatales": 0, "escuelas_privadas": 0, "dispensarios_municipales": 0, "paradas_colectivo": 17, "lineas_colectivo": 12, "luminarias_reportes": 0, "comisarias": 0, "centros_vecinales": 1, "poblacion_log": 7.612, "pct_escuelas_privadas": 0.0, "escuelas_por_1000_hab": 0.0, "dispensarios_por_10000_hab": 0.0, "comisarias_por_10000_hab": 0.0, "paradas_por_1000_hab": 8.41, "centros_vecinales_por_10000_hab": 4.95, "tiene_escuela": 0, "tiene_dispensario": 0, "tiene_comisaria": 0, "tiene_transporte": 1, "infraestructura_score": 0.1557, "tamano_promedio_hogar": 2.98, "educacion_ratio_publico_privado": 0.0, "ranking_infraestructura": 278, "percentil_infraestructura": 43.9 }, "geometry": { "type": "Point", "coordinates": [ -64.159547185407106, -31.436176405854699 ] } },
{ "type": "Feature", "properties": { "barrio": "MAIPU SECCION 2", "poblacion": 2283.0, "hogares": 764.0, "nbi": 8.0, "pct_nbi": 1.05, "escuelas_total": 0, "escuelas_estatales": 0, "escuelas_privadas": 0, "dispensarios_municipales": 0, "paradas_colectivo": 13, "lineas_colectivo": 11, "luminarias_reportes": 0, "comisarias": 0, "centros_vecinales": 1, "poblacion_log": 7.734, "pct_escuelas_privadas": 0.0, "escuelas_por_1000_hab": 0.0, "dispensarios_por_10000_hab": 0.0, "comisarias_por_10000_hab": 0.0, "paradas_por_1000_hab": 5.69, "centros_vecinales_por_10000_hab": 4.38, "tiene_escuela": 0, "tiene_dispensario": 0, "tiene_comisaria": 0, "tiene_transporte": 1, "infraestructura_score": 0.1054, "tamano_promedio_hogar": 2.99, "educacion_ratio_publico_privado": 0.0, "ranking_infraestructura": 367, "percentil_infraestructura": 25.9 }, "geometry": { "type": "Point", "coordinates": [ -64.159805647332007, -31.429699517301898 ] } },
{ "type": "Feature", "properties": { "barrio": "MALDONADO", "poblacion": 8018.0, "hogares": 1873.0, "nbi": 359.0, "pct_nbi": 19.17, "escuelas_total": 7, "escuelas_estatales": 7, "escuelas_privadas": 0, "dispensarios_municipales": 0, "paradas_colectivo": 10, "lineas_colectivo": 2, "luminarias_reportes": 13, "comisarias": 0, "centros_vecinales": 0, "poblacion_log": 8.99, "pct_escuelas_privadas": 0.0, "escuelas_por_1000_hab": 0.87, "dispensarios_por_10000_hab": 0.0, "comisarias_por_10000_hab": 0.0, "paradas_por_1000_hab": 1.25, "centros_vecinales_por_10000_hab": 0.0, "tiene_escuela": 1, "tiene_dispensario": 0, "tiene_comisaria": 0, "tiene_transporte": 1, "infraestructura_score": 0.0835, "tamano_promedio_hogar": 4.28, "educacion_ratio_publico_privado": 7.0, "ranking_infraestructura": 393, "percentil_infraestructura": 20.5 }, "geometry": { "type": "Point", "coordinates": [ -64.127450781326999, -31.412245483126 ] } },
{ "type": "Feature", "properties": { "barrio": "MANANTIALES I-MANANTIALES II", "poblacion": 500.0, "hogares": 200.0, "nbi": 0.0, "pct_nbi": 0.0, "escuelas_total": 0, "escuelas_estatales": 0, "escuelas_privadas": 0, "dispensarios_municipales": 0, "paradas_colectivo": 1, "lineas_colectivo": 1, "luminarias_reportes": 0, "comisarias": 0, "centros_vecinales": 0, "poblacion_log": 6.217, "pct_escuelas_privadas": 0.0, "escuelas_por_1000_hab": 0.0, "dispensarios_por_10000_hab": 0.0, "comisarias_por_10000_hab": 0.0, "paradas_por_1000_hab": 2.0, "centros_vecinales_por_10000_hab": 0.0, "tiene_escuela": 0, "tiene_dispensario": 0, "tiene_comisaria": 0, "tiene_transporte": 1, "infraestructura_score": 0.037, "tamano_promedio_hogar": 2.5, "educacion_ratio_publico_privado": 0.0, "ranking_infraestructura": 447, "percentil_infraestructura": 9.2 }, "geometry": { "type": "Point", "coordinates": [ -64.227513212621204, -31.450175544294702 ] } },
{ "type": "Feature", "properties": { "barrio": "MARCELO T DE ALVEAR", "poblacion": 2748.0, "hogares": 751.0, "nbi": 48.0, "pct_nbi": 6.39, "escuelas_total": 0, "escuelas_estatales": 0, "escuelas_privadas": 0, "dispensarios_municipales": 0, "paradas_colectivo": 8, "lineas_colectivo": 2, "luminarias_reportes": 263, "comisarias": 0, "centros_vecinales": 1, "poblacion_log": 7.919, "pct_escuelas_privadas": 0.0, "escuelas_por_1000_hab": 0.0, "dispensarios_por_10000_hab": 0.0, "comisarias_por_10000_hab": 0.0, "paradas_por_1000_hab": 2.91, "centros_vecinales_por_10000_hab": 3.64, "tiene_escuela": 0, "tiene_dispensario": 0, "tiene_comisaria": 0, "tiene_transporte": 1, "infraestructura_score": 0.0539, "tamano_promedio_hogar": 3.66, "educacion_ratio_publico_privado": 0.0, "ranking_infraestructura": 433, "percentil_infraestructura": 12.4 }, "geometry": { "type": "Point", "coordinates": [ -64.1718542573729, -31.368041149278199 ] } },
{ "type": "Feature", "properties": { "barrio": "MARCOS SASTRE", "poblacion": 1104.0, "hogares": 281.0, "nbi": 18.0, "pct_nbi": 6.41, "escuelas_total": 1, "escuelas_estatales": 1, "escuelas_privadas": 0, "dispensarios_municipales": 0, "paradas_colectivo": 11, "lineas_colectivo": 3, "luminarias_reportes": 33, "comisarias": 0, "centros_vecinales": 1, "poblacion_log": 7.008, "pct_escuelas_privadas": 0.0, "escuelas_por_1000_hab": 0.91, "dispensarios_por_10000_hab": 0.0, "comisarias_por_10000_hab": 0.0, "paradas_por_1000_hab": 9.96, "centros_vecinales_por_10000_hab": 9.06, "tiene_escuela": 1, "tiene_dispensario": 0, "tiene_comisaria": 0, "tiene_transporte": 1, "infraestructura_score": 0.2476, "tamano_promedio_hogar": 3.93, "educacion_ratio_publico_privado": 1.0, "ranking_infraestructura": 169, "percentil_infraestructura": 66.0 }, "geometry": { "type": "Point", "coordinates": [ -64.149863964445004, -31.445119005385401 ] } },
{ "type": "Feature", "properties": { "barrio": "MARECHAL", "poblacion": 3557.0, "hogares": 1077.0, "nbi": 61.0, "pct_nbi": 5.66, "escuelas_total": 1, "escuelas_estatales": 1, "escuelas_privadas": 0, "dispensarios_municipales": 0, "paradas_colectivo": 19, "lineas_colectivo": 4, "luminarias_reportes": 20, "comisarias": 0, "centros_vecinales": 1, "poblacion_log": 8.177, "pct_escuelas_privadas": 0.0, "escuelas_por_1000_hab": 0.28, "dispensarios_por_10000_hab": 0.0, "comisarias_por_10000_hab": 0.0, "paradas_por_1000_hab": 5.34, "centros_vecinales_por_10000_hab": 2.81, "tiene_escuela": 1, "tiene_dispensario": 0, "tiene_comisaria": 0, "tiene_transporte": 1, "infraestructura_score": 0.1183, "tamano_promedio_hogar": 3.3, "educacion_ratio_publico_privado": 1.0, "ranking_infraestructura": 331, "percentil_infraestructura": 33.1 }, "geometry": { "type": "Point", "coordinates": [ -64.214265251913702, -31.395529223901701 ] } },
{ "type": "Feature", "properties": { "barrio": "MARIA LASTENIA", "poblacion": 500.0, "hogares": 200.0, "nbi": 11.0, "pct_nbi": 5.5, "escuelas_total": 4, "escuelas_estatales": 4, "escuelas_privadas": 0, "dispensarios_municipales": 0, "paradas_colectivo": 20, "lineas_colectivo": 5, "luminarias_reportes": 16, "comisarias": 0, "centros_vecinales": 1, "poblacion_log": 6.217, "pct_escuelas_privadas": 0.0, "escuelas_por_1000_hab": 4.8035, "dispensarios_por_10000_hab": 0.0, "comisarias_por_10000_hab": 0.0, "paradas_por_1000_hab": 24.0, "centros_vecinales_por_10000_hab": 20.0, "tiene_escuela": 1, "tiene_dispensario": 0, "tiene_comisaria": 0, "tiene_transporte": 1, "infraestructura_score": 0.7778, "tamano_promedio_hogar": 2.5, "educacion_ratio_publico_privado": 4.0, "ranking_infraestructura": 6, "percentil_infraestructura": 98.5 }, "geometry": { "type": "Point", "coordinates": [ -64.181920702164703, -31.326660354553201 ] } },
{ "type": "Feature", "properties": { "barrio": "MARIANO BALCARCE", "poblacion": 1994.0, "hogares": 656.0, "nbi": 10.0, "pct_nbi": 1.52, "escuelas_total": 1, "escuelas_estatales": 0, "escuelas_privadas": 1, "dispensarios_municipales": 0, "paradas_colectivo": 6, "lineas_colectivo": 7, "luminarias_reportes": 40, "comisarias": 0, "centros_vecinales": 1, "poblacion_log": 7.598, "pct_escuelas_privadas": 1.0, "escuelas_por_1000_hab": 0.5, "dispensarios_por_10000_hab": 0.0, "comisarias_por_10000_hab": 0.0, "paradas_por_1000_hab": 3.01, "centros_vecinales_por_10000_hab": 5.02, "tiene_escuela": 1, "tiene_dispensario": 0, "tiene_comisaria": 0, "tiene_transporte": 1, "infraestructura_score": 0.0904, "tamano_promedio_hogar": 3.04, "educacion_ratio_publico_privado": 0.0, "ranking_infraestructura": 385, "percentil_infraestructura": 22.3 }, "geometry": { "type": "Point", "coordinates": [ -64.221593149356906, -31.4336980595615 ] } },
{ "type": "Feature", "properties": { "barrio": "MARIANO FRAGUEIRO", "poblacion": 3630.0, "hogares": 963.0, "nbi": 89.0, "pct_nbi": 9.24, "escuelas_total": 3, "escuelas_estatales": 3, "escuelas_privadas": 0, "dispensarios_municipales": 0, "paradas_colectivo": 31, "lineas_colectivo": 8, "luminarias_reportes": 25, "comisarias": 0, "centros_vecinales": 1, "poblacion_log": 8.197, "pct_escuelas_privadas": 0.0, "escuelas_por_1000_hab": 0.83, "dispensarios_por_10000_hab": 0.0, "comisarias_por_10000_hab": 0.0, "paradas_por_1000_hab": 8.54, "centros_vecinales_por_10000_hab": 2.75, "tiene_escuela": 1, "tiene_dispensario": 0, "tiene_comisaria": 0, "tiene_transporte": 1, "infraestructura_score": 0.2157, "tamano_promedio_hogar": 3.77, "educacion_ratio_publico_privado": 3.0, "ranking_infraestructura": 205, "percentil_infraestructura": 58.7 }, "geometry": { "type": "Point", "coordinates": [ -64.185670828933297, -31.366072814557199 ] } },
{ "type": "Feature", "properties": { "barrio": "MARQUES ANEXO", "poblacion": 10478.0, "hogares": 2704.0, "nbi": 230.0, "pct_nbi": 8.51, "escuelas_total": 1, "escuelas_estatales": 1, "escuelas_privadas": 0, "dispensarios_municipales": 0, "paradas_colectivo": 0, "lineas_colectivo": 0, "luminarias_reportes": 0, "comisarias": 0, "centros_vecinales": 0, "poblacion_log": 9.257, "pct_escuelas_privadas": 0.0, "escuelas_por_1000_hab": 0.1, "dispensarios_por_10000_hab": 0.0, "comisarias_por_10000_hab": 0.0, "paradas_por_1000_hab": 0.0, "centros_vecinales_por_10000_hab": 0.0, "tiene_escuela": 1, "tiene_dispensario": 0, "tiene_comisaria": 0, "tiene_transporte": 0, "infraestructura_score": 0.0069, "tamano_promedio_hogar": 3.88, "educacion_ratio_publico_privado": 1.0, "ranking_infraestructura": 468, "percentil_infraestructura": 5.5 }, "geometry": { "type": "Point", "coordinates": [ -64.191612669231461, -31.371435791089649 ] } },
{ "type": "Feature", "properties": { "barrio": "MARQUES DE SOBREMONTE", "poblacion": 24608.0, "hogares": 7540.0, "nbi": 340.0, "pct_nbi": 4.51, "escuelas_total": 12, "escuelas_estatales": 8, "escuelas_privadas": 4, "dispensarios_municipales": 1, "paradas_colectivo": 35, "lineas_colectivo": 4, "luminarias_reportes": 1415, "comisarias": 1, "centros_vecinales": 2, "poblacion_log": 10.111, "pct_escuelas_privadas": 0.333, "escuelas_por_1000_hab": 0.49, "dispensarios_por_10000_hab": 0.41, "comisarias_por_10000_hab": 0.41, "paradas_por_1000_hab": 1.42, "centros_vecinales_por_10000_hab": 0.81, "tiene_escuela": 1, "tiene_dispensario": 1, "tiene_comisaria": 1, "tiene_transporte": 1, "infraestructura_score": 0.1032, "tamano_promedio_hogar": 3.26, "educacion_ratio_publico_privado": 2.0, "ranking_infraestructura": 371, "percentil_infraestructura": 25.1 }, "geometry": { "type": "Point", "coordinates": [ -64.194027955290551, -31.368628936555549 ] } },
{ "type": "Feature", "properties": { "barrio": "MAULLER", "poblacion": 5734.0, "hogares": 1593.0, "nbi": 125.0, "pct_nbi": 7.85, "escuelas_total": 7, "escuelas_estatales": 7, "escuelas_privadas": 0, "dispensarios_municipales": 0, "paradas_colectivo": 15, "lineas_colectivo": 1, "luminarias_reportes": 0, "comisarias": 1, "centros_vecinales": 3, "poblacion_log": 8.654, "pct_escuelas_privadas": 0.0, "escuelas_por_1000_hab": 1.22, "dispensarios_por_10000_hab": 0.0, "comisarias_por_10000_hab": 1.5585, "paradas_por_1000_hab": 2.62, "centros_vecinales_por_10000_hab": 5.23, "tiene_escuela": 1, "tiene_dispensario": 0, "tiene_comisaria": 1, "tiene_transporte": 1, "infraestructura_score": 0.2443, "tamano_promedio_hogar": 3.6, "educacion_ratio_publico_privado": 7.0, "ranking_infraestructura": 173, "percentil_infraestructura": 65.2 }, "geometry": { "type": "Point", "coordinates": [ -64.1388534120657, -31.414774668451699 ] } },
{ "type": "Feature", "properties": { "barrio": "MAURIZI", "poblacion": 756.0, "hogares": 255.0, "nbi": 11.0, "pct_nbi": 4.31, "escuelas_total": 1, "escuelas_estatales": 1, "escuelas_privadas": 0, "dispensarios_municipales": 0, "paradas_colectivo": 3, "lineas_colectivo": 3, "luminarias_reportes": 1, "comisarias": 0, "centros_vecinales": 0, "poblacion_log": 6.629, "pct_escuelas_privadas": 0.0, "escuelas_por_1000_hab": 1.32, "dispensarios_por_10000_hab": 0.0, "comisarias_por_10000_hab": 0.0, "paradas_por_1000_hab": 3.97, "centros_vecinales_por_10000_hab": 0.0, "tiene_escuela": 1, "tiene_dispensario": 0, "tiene_comisaria": 0, "tiene_transporte": 1, "infraestructura_score": 0.1651, "tamano_promedio_hogar": 2.96, "educacion_ratio_publico_privado": 1.0, "ranking_infraestructura": 261, "percentil_infraestructura": 47.2 }, "geometry": { "type": "Point", "coordinates": [ -64.208159781047399, -31.427417470563899 ] } },
{ "type": "Feature", "properties": { "barrio": "MERCANTIL", "poblacion": 723.0, "hogares": 214.0, "nbi": 3.0, "pct_nbi": 1.4, "escuelas_total": 5, "escuelas_estatales": 4, "escuelas_privadas": 1, "dispensarios_municipales": 0, "paradas_colectivo": 8, "lineas_colectivo": 2, "luminarias_reportes": 87, "comisarias": 0, "centros_vecinales": 0, "poblacion_log": 6.585, "pct_escuelas_privadas": 0.2, "escuelas_por_1000_hab": 4.8035, "dispensarios_por_10000_hab": 0.0, "comisarias_por_10000_hab": 0.0, "paradas_por_1000_hab": 11.07, "centros_vecinales_por_10000_hab": 0.0, "tiene_escuela": 1, "tiene_dispensario": 0, "tiene_comisaria": 0, "tiene_transporte": 1, "infraestructura_score": 0.5383, "tamano_promedio_hogar": 3.38, "educacion_ratio_publico_privado": 4.0, "ranking_infraestructura": 41, "percentil_infraestructura": 91.9 }, "geometry": { "type": "Point", "coordinates": [ -64.258703891217095, -31.3183526871751 ] } },
{ "type": "Feature", "properties": { "barrio": "MILITAR GENERAL DEHEZA", "poblacion": 825.0, "hogares": 200.0, "nbi": 2.0, "pct_nbi": 1.0, "escuelas_total": 2, "escuelas_estatales": 2, "escuelas_privadas": 0, "dispensarios_municipales": 0, "paradas_colectivo": 3, "lineas_colectivo": 2, "luminarias_reportes": 0, "comisarias": 0, "centros_vecinales": 0, "poblacion_log": 6.717, "pct_escuelas_privadas": 0.0, "escuelas_por_1000_hab": 2.42, "dispensarios_por_10000_hab": 0.0, "comisarias_por_10000_hab": 0.0, "paradas_por_1000_hab": 3.64, "centros_vecinales_por_10000_hab": 0.0, "tiene_escuela": 1, "tiene_dispensario": 0, "tiene_comisaria": 0, "tiene_transporte": 1, "infraestructura_score": 0.2353, "tamano_promedio_hogar": 4.12, "educacion_ratio_publico_privado": 2.0, "ranking_infraestructura": 184, "percentil_infraestructura": 63.0 }, "geometry": { "type": "Point", "coordinates": [ -64.271838120499098, -31.396103834301901 ] } },
{ "type": "Feature", "properties": { "barrio": "MIRADOR", "poblacion": 3164.0, "hogares": 956.0, "nbi": 107.0, "pct_nbi": 11.19, "escuelas_total": 0, "escuelas_estatales": 0, "escuelas_privadas": 0, "dispensarios_municipales": 0, "paradas_colectivo": 13, "lineas_colectivo": 4, "luminarias_reportes": 14, "comisarias": 0, "centros_vecinales": 1, "poblacion_log": 8.06, "pct_escuelas_privadas": 0.0, "escuelas_por_1000_hab": 0.0, "dispensarios_por_10000_hab": 0.0, "comisarias_por_10000_hab": 0.0, "paradas_por_1000_hab": 4.11, "centros_vecinales_por_10000_hab": 3.16, "tiene_escuela": 0, "tiene_dispensario": 0, "tiene_comisaria": 0, "tiene_transporte": 1, "infraestructura_score": 0.0761, "tamano_promedio_hogar": 3.31, "educacion_ratio_publico_privado": 0.0, "ranking_infraestructura": 403, "percentil_infraestructura": 18.6 }, "geometry": { "type": "Point", "coordinates": [ -64.138580494946794, -31.428913305405501 ] } },
{ "type": "Feature", "properties": { "barrio": "MIRADOR DEL CHATEAU", "poblacion": 754.0, "hogares": 288.0, "nbi": 0.0, "pct_nbi": 0.0, "escuelas_total": 0, "escuelas_estatales": 0, "escuelas_privadas": 0, "dispensarios_municipales": 0, "paradas_colectivo": 10, "lineas_colectivo": 4, "luminarias_reportes": 71, "comisarias": 0, "centros_vecinales": 1, "poblacion_log": 6.627, "pct_escuelas_privadas": 0.0, "escuelas_por_1000_hab": 0.0, "dispensarios_por_10000_hab": 0.0, "comisarias_por_10000_hab": 0.0, "paradas_por_1000_hab": 13.26, "centros_vecinales_por_10000_hab": 13.26, "tiene_escuela": 0, "tiene_dispensario": 0, "tiene_comisaria": 0, "tiene_transporte": 1, "infraestructura_score": 0.2456, "tamano_promedio_hogar": 2.62, "educacion_ratio_publico_privado": 0.0, "ranking_infraestructura": 171, "percentil_infraestructura": 65.6 }, "geometry": { "type": "Point", "coordinates": [ -64.262489670154707, -31.385114152134548 ] } },
{ "type": "Feature", "properties": { "barrio": "MIRALTA", "poblacion": 3528.0, "hogares": 889.0, "nbi": 145.0, "pct_nbi": 16.31, "escuelas_total": 0, "escuelas_estatales": 0, "escuelas_privadas": 0, "dispensarios_municipales": 1, "paradas_colectivo": 10, "lineas_colectivo": 2, "luminarias_reportes": 5, "comisarias": 0, "centros_vecinales": 2, "poblacion_log": 8.169, "pct_escuelas_privadas": 0.0, "escuelas_por_1000_hab": 0.0, "dispensarios_por_10000_hab": 2.83, "comisarias_por_10000_hab": 0.0, "paradas_por_1000_hab": 2.83, "centros_vecinales_por_10000_hab": 5.67, "tiene_escuela": 0, "tiene_dispensario": 1, "tiene_comisaria": 0, "tiene_transporte": 1, "infraestructura_score": 0.1469, "tamano_promedio_hogar": 3.97, "educacion_ratio_publico_privado": 0.0, "ranking_infraestructura": 298, "percentil_infraestructura": 39.9 }, "geometry": { "type": "Point", "coordinates": [ -64.112222744239702, -31.424436450164698 ] } },
{ "type": "Feature", "properties": { "barrio": "MIRIZZI", "poblacion": 693.0, "hogares": 200.0, "nbi": 17.0, "pct_nbi": 8.5, "escuelas_total": 3, "escuelas_estatales": 3, "escuelas_privadas": 0, "dispensarios_municipales": 0, "paradas_colectivo": 19, "lineas_colectivo": 5, "luminarias_reportes": 12, "comisarias": 0, "centros_vecinales": 2, "poblacion_log": 6.542, "pct_escuelas_privadas": 0.0, "escuelas_por_1000_hab": 4.33, "dispensarios_por_10000_hab": 0.0, "comisarias_por_10000_hab": 0.0, "paradas_por_1000_hab": 24.0, "centros_vecinales_por_10000_hab": 28.86, "tiene_escuela": 1, "tiene_dispensario": 0, "tiene_comisaria": 0, "tiene_transporte": 1, "infraestructura_score": 0.7449, "tamano_promedio_hogar": 3.46, "educacion_ratio_publico_privado": 3.0, "ranking_infraestructura": 12, "percentil_infraestructura": 97.8 }, "geometry": { "type": "Point", "coordinates": [ -64.205844332568404, -31.473677699954699 ] } },
{ "type": "Feature", "properties": { "barrio": "MUTUAL DE LOS DOCENTES", "poblacion": 729.0, "hogares": 205.0, "nbi": 1.0, "pct_nbi": 0.49, "escuelas_total": 0, "escuelas_estatales": 0, "escuelas_privadas": 0, "dispensarios_municipales": 0, "paradas_colectivo": 3, "lineas_colectivo": 1, "luminarias_reportes": 54, "comisarias": 0, "centros_vecinales": 0, "poblacion_log": 6.593, "pct_escuelas_privadas": 0.0, "escuelas_por_1000_hab": 0.0, "dispensarios_por_10000_hab": 0.0, "comisarias_por_10000_hab": 0.0, "paradas_por_1000_hab": 4.12, "centros_vecinales_por_10000_hab": 0.0, "tiene_escuela": 0, "tiene_dispensario": 0, "tiene_comisaria": 0, "tiene_transporte": 1, "infraestructura_score": 0.0763, "tamano_promedio_hogar": 3.56, "educacion_ratio_publico_privado": 0.0, "ranking_infraestructura": 402, "percentil_infraestructura": 18.8 }, "geometry": { "type": "Point", "coordinates": [ -64.224130061235698, -31.456900459757499 ] } },
{ "type": "Feature", "properties": { "barrio": "NICOLAS AVELLANEDA", "poblacion": 1782.0, "hogares": 492.0, "nbi": 16.0, "pct_nbi": 3.25, "escuelas_total": 6, "escuelas_estatales": 6, "escuelas_privadas": 0, "dispensarios_municipales": 1, "paradas_colectivo": 14, "lineas_colectivo": 5, "luminarias_reportes": 10, "comisarias": 0, "centros_vecinales": 2, "poblacion_log": 7.486, "pct_escuelas_privadas": 0.0, "escuelas_por_1000_hab": 3.37, "dispensarios_por_10000_hab": 5.61, "comisarias_por_10000_hab": 0.0, "paradas_por_1000_hab": 7.86, "centros_vecinales_por_10000_hab": 11.22, "tiene_escuela": 1, "tiene_dispensario": 1, "tiene_comisaria": 0, "tiene_transporte": 1, "infraestructura_score": 0.5667, "tamano_promedio_hogar": 3.62, "educacion_ratio_publico_privado": 6.0, "ranking_infraestructura": 35, "percentil_infraestructura": 93.1 }, "geometry": { "type": "Point", "coordinates": [ -64.103709947958194, -31.462315474899601 ] } },
{ "type": "Feature", "properties": { "barrio": "NUESTRO HOGAR I", "poblacion": 595.0, "hogares": 200.0, "nbi": 18.0, "pct_nbi": 9.0, "escuelas_total": 0, "escuelas_estatales": 0, "escuelas_privadas": 0, "dispensarios_municipales": 1, "paradas_colectivo": 17, "lineas_colectivo": 4, "luminarias_reportes": 0, "comisarias": 0, "centros_vecinales": 1, "poblacion_log": 6.39, "pct_escuelas_privadas": 0.0, "escuelas_por_1000_hab": 0.0, "dispensarios_por_10000_hab": 6.657, "comisarias_por_10000_hab": 0.0, "paradas_por_1000_hab": 24.0, "centros_vecinales_por_10000_hab": 16.81, "tiene_escuela": 0, "tiene_dispensario": 1, "tiene_comisaria": 0, "tiene_transporte": 1, "infraestructura_score": 0.6667, "tamano_promedio_hogar": 2.98, "educacion_ratio_publico_privado": 0.0, "ranking_infraestructura": 20, "percentil_infraestructura": 95.9 }, "geometry": { "type": "Point", "coordinates": [ -64.148980939281103, -31.4713698368511 ] } },
{ "type": "Feature", "properties": { "barrio": "NUESTRO HOGAR II", "poblacion": 861.0, "hogares": 209.0, "nbi": 33.0, "pct_nbi": 15.79, "escuelas_total": 4, "escuelas_estatales": 4, "escuelas_privadas": 0, "dispensarios_municipales": 0, "paradas_colectivo": 9, "lineas_colectivo": 2, "luminarias_reportes": 0, "comisarias": 0, "centros_vecinales": 1, "poblacion_log": 6.759, "pct_escuelas_privadas": 0.0, "escuelas_por_1000_hab": 4.65, "dispensarios_por_10000_hab": 0.0, "comisarias_por_10000_hab": 0.0, "paradas_por_1000_hab": 10.45, "centros_vecinales_por_10000_hab": 11.61, "tiene_escuela": 1, "tiene_dispensario": 0, "tiene_comisaria": 0, "tiene_transporte": 1, "infraestructura_score": 0.5162, "tamano_promedio_hogar": 4.12, "educacion_ratio_publico_privado": 4.0, "ranking_infraestructura": 46, "percentil_infraestructura": 90.9 }, "geometry": { "type": "Point", "coordinates": [ -64.098225340701305, -31.387682870043999 ] } },
{ "type": "Feature", "properties": { "barrio": "NUESTRO HOGAR III", "poblacion": 11140.0, "hogares": 2788.0, "nbi": 610.0, "pct_nbi": 21.88, "escuelas_total": 1, "escuelas_estatales": 1, "escuelas_privadas": 0, "dispensarios_municipales": 1, "paradas_colectivo": 18, "lineas_colectivo": 1, "luminarias_reportes": 3, "comisarias": 0, "centros_vecinales": 2, "poblacion_log": 9.318, "pct_escuelas_privadas": 0.0, "escuelas_por_1000_hab": 0.09, "dispensarios_por_10000_hab": 0.9, "comisarias_por_10000_hab": 0.0, "paradas_por_1000_hab": 1.62, "centros_vecinales_por_10000_hab": 1.8, "tiene_escuela": 1, "tiene_dispensario": 1, "tiene_comisaria": 0, "tiene_transporte": 1, "infraestructura_score": 0.0663, "tamano_promedio_hogar": 4.0, "educacion_ratio_publico_privado": 1.0, "ranking_infraestructura": 424, "percentil_infraestructura": 14.4 }, "geometry": { "type": "Point", "coordinates": [ -64.199822373738144, -31.500914714046051 ] } },
{ "type": "Feature", "properties": { "barrio": "NUEVA CORDOBA", "poblacion": 37055.0, "hogares": 20000.0, "nbi": 245.0, "pct_nbi": 1.23, "escuelas_total": 21, "escuelas_estatales": 8, "escuelas_privadas": 13, "dispensarios_municipales": 0, "paradas_colectivo": 44, "lineas_colectivo": 34, "luminarias_reportes": 344, "comisarias": 1, "centros_vecinales": 1, "poblacion_log": 10.52, "pct_escuelas_privadas": 0.619, "escuelas_por_1000_hab": 0.57, "dispensarios_por_10000_hab": 0.0, "comisarias_por_10000_hab": 0.27, "paradas_por_1000_hab": 1.19, "centros_vecinales_por_10000_hab": 0.27, "tiene_escuela": 1, "tiene_dispensario": 0, "tiene_comisaria": 1, "tiene_transporte": 1, "infraestructura_score": 0.0808, "tamano_promedio_hogar": 1.85, "educacion_ratio_publico_privado": 0.62, "ranking_infraestructura": 398, "percentil_infraestructura": 19.6 }, "geometry": { "type": "Point", "coordinates": [ -64.186098312365004, -31.426755004301999 ] } },
{ "type": "Feature", "properties": { "barrio": "NUEVA CORDOBA ANEXA", "poblacion": 1582.0, "hogares": 500.0, "nbi": 6.0, "pct_nbi": 1.2, "escuelas_total": 0, "escuelas_estatales": 0, "escuelas_privadas": 0, "dispensarios_municipales": 1, "paradas_colectivo": 8, "lineas_colectivo": 4, "luminarias_reportes": 0, "comisarias": 0, "centros_vecinales": 1, "poblacion_log": 7.367, "pct_escuelas_privadas": 0.0, "escuelas_por_1000_hab": 0.0, "dispensarios_por_10000_hab": 6.32, "comisarias_por_10000_hab": 0.0, "paradas_por_1000_hab": 5.06, "centros_vecinales_por_10000_hab": 6.32, "tiene_escuela": 0, "tiene_dispensario": 1, "tiene_comisaria": 0, "tiene_transporte": 1, "infraestructura_score": 0.3047, "tamano_promedio_hogar": 3.16, "educacion_ratio_publico_privado": 0.0, "ranking_infraestructura": 125, "percentil_infraestructura": 74.9 }, "geometry": { "type": "Point", "coordinates": [ -64.164017889066002, -31.436348182683702 ] } },
{ "type": "Feature", "properties": { "barrio": "NUEVA ITALIA", "poblacion": 3347.0, "hogares": 988.0, "nbi": 54.0, "pct_nbi": 5.47, "escuelas_total": 4, "escuelas_estatales": 1, "escuelas_privadas": 3, "dispensarios_municipales": 0, "paradas_colectivo": 5, "lineas_colectivo": 1, "luminarias_reportes": 308, "comisarias": 0, "centros_vecinales": 0, "poblacion_log": 8.116, "pct_escuelas_privadas": 0.75, "escuelas_por_1000_hab": 1.2, "dispensarios_por_10000_hab": 0.0, "comisarias_por_10000_hab": 0.0, "paradas_por_1000_hab": 1.49, "centros_vecinales_por_10000_hab": 0.0, "tiene_escuela": 1, "tiene_dispensario": 0, "tiene_comisaria": 0, "tiene_transporte": 1, "infraestructura_score": 0.1109, "tamano_promedio_hogar": 3.39, "educacion_ratio_publico_privado": 0.33, "ranking_infraestructura": 356, "percentil_infraestructura": 28.1 }, "geometry": { "type": "Point", "coordinates": [ -64.145272221827796, -31.385955030077699 ] } },
{ "type": "Feature", "properties": { "barrio": "NUEVO URCA", "poblacion": 500.0, "hogares": 200.0, "nbi": 0.0, "pct_nbi": 0.0, "escuelas_total": 0, "escuelas_estatales": 0, "escuelas_privadas": 0, "dispensarios_municipales": 0, "paradas_colectivo": 4, "lineas_colectivo": 1, "luminarias_reportes": 120, "comisarias": 0, "centros_vecinales": 1, "poblacion_log": 6.217, "pct_escuelas_privadas": 0.0, "escuelas_por_1000_hab": 0.0, "dispensarios_por_10000_hab": 0.0, "comisarias_por_10000_hab": 0.0, "paradas_por_1000_hab": 8.0, "centros_vecinales_por_10000_hab": 20.0, "tiene_escuela": 0, "tiene_dispensario": 0, "tiene_comisaria": 0, "tiene_transporte": 1, "infraestructura_score": 0.1481, "tamano_promedio_hogar": 2.5, "educacion_ratio_publico_privado": 0.0, "ranking_infraestructura": 288, "percentil_infraestructura": 41.2 }, "geometry": { "type": "Point", "coordinates": [ -64.267490568659895, -31.382847547197901 ] } },
{ "type": "Feature", "properties": { "barrio": "OBRERO", "poblacion": 2481.0, "hogares": 919.0, "nbi": 13.0, "pct_nbi": 1.41, "escuelas_total": 0, "escuelas_estatales": 0, "escuelas_privadas": 0, "dispensarios_municipales": 1, "paradas_colectivo": 21, "lineas_colectivo": 13, "luminarias_reportes": 244, "comisarias": 0, "centros_vecinales": 1, "poblacion_log": 7.817, "pct_escuelas_privadas": 0.0, "escuelas_por_1000_hab": 0.0, "dispensarios_por_10000_hab": 4.03, "comisarias_por_10000_hab": 0.0, "paradas_por_1000_hab": 8.46, "centros_vecinales_por_10000_hab": 4.03, "tiene_escuela": 0, "tiene_dispensario": 1, "tiene_comisaria": 0, "tiene_transporte": 1, "infraestructura_score": 0.2912, "tamano_promedio_hogar": 2.7, "educacion_ratio_publico_privado": 0.0, "ranking_infraestructura": 142, "percentil_infraestructura": 71.5 }, "geometry": { "type": "Point", "coordinates": [ -64.212220088355707, -31.413433506470898 ] } },
{ "type": "Feature", "properties": { "barrio": "OBSERVATORIO", "poblacion": 6616.0, "hogares": 2360.0, "nbi": 128.0, "pct_nbi": 5.42, "escuelas_total": 7, "escuelas_estatales": 3, "escuelas_privadas": 4, "dispensarios_municipales": 0, "paradas_colectivo": 10, "lineas_colectivo": 5, "luminarias_reportes": 100, "comisarias": 0, "centros_vecinales": 1, "poblacion_log": 8.797, "pct_escuelas_privadas": 0.571, "escuelas_por_1000_hab": 1.06, "dispensarios_por_10000_hab": 0.0, "comisarias_por_10000_hab": 0.0, "paradas_por_1000_hab": 1.51, "centros_vecinales_por_10000_hab": 1.51, "tiene_escuela": 1, "tiene_dispensario": 0, "tiene_comisaria": 0, "tiene_transporte": 1, "infraestructura_score": 0.1015, "tamano_promedio_hogar": 2.8, "educacion_ratio_publico_privado": 0.75, "ranking_infraestructura": 375, "percentil_infraestructura": 24.3 }, "geometry": { "type": "Point", "coordinates": [ -64.202882347086401, -31.423136195629301 ] } },
{ "type": "Feature", "properties": { "barrio": "OMBU", "poblacion": 1681.0, "hogares": 567.0, "nbi": 5.0, "pct_nbi": 0.88, "escuelas_total": 0, "escuelas_estatales": 0, "escuelas_privadas": 0, "dispensarios_municipales": 0, "paradas_colectivo": 12, "lineas_colectivo": 11, "luminarias_reportes": 234, "comisarias": 0, "centros_vecinales": 1, "poblacion_log": 7.428, "pct_escuelas_privadas": 0.0, "escuelas_por_1000_hab": 0.0, "dispensarios_por_10000_hab": 0.0, "comisarias_por_10000_hab": 0.0, "paradas_por_1000_hab": 7.14, "centros_vecinales_por_10000_hab": 5.95, "tiene_escuela": 0, "tiene_dispensario": 0, "tiene_comisaria": 0, "tiene_transporte": 1, "infraestructura_score": 0.1322, "tamano_promedio_hogar": 2.96, "educacion_ratio_publico_privado": 0.0, "ranking_infraestructura": 315, "percentil_infraestructura": 36.4 }, "geometry": { "type": "Point", "coordinates": [ -64.217536936629998, -31.389320277386201 ] } },
{ "type": "Feature", "properties": { "barrio": "ONA", "poblacion": 1333.0, "hogares": 405.0, "nbi": 9.0, "pct_nbi": 2.22, "escuelas_total": 7, "escuelas_estatales": 4, "escuelas_privadas": 3, "dispensarios_municipales": 0, "paradas_colectivo": 7, "lineas_colectivo": 3, "luminarias_reportes": 0, "comisarias": 0, "centros_vecinales": 2, "poblacion_log": 7.196, "pct_escuelas_privadas": 0.429, "escuelas_por_1000_hab": 4.8035, "dispensarios_por_10000_hab": 0.0, "comisarias_por_10000_hab": 0.0, "paradas_por_1000_hab": 5.25, "centros_vecinales_por_10000_hab": 15.0, "tiene_escuela": 1, "tiene_dispensario": 0, "tiene_comisaria": 0, "tiene_transporte": 1, "infraestructura_score": 0.4306, "tamano_promedio_hogar": 3.29, "educacion_ratio_publico_privado": 1.33, "ranking_infraestructura": 72, "percentil_infraestructura": 85.6 }, "geometry": { "type": "Point", "coordinates": [ -64.165399184834897, -31.4492916492839 ] } },
{ "type": "Feature", "properties": { "barrio": "OSN", "poblacion": 1993.0, "hogares": 575.0, "nbi": 8.0, "pct_nbi": 1.39, "escuelas_total": 0, "escuelas_estatales": 0, "escuelas_privadas": 0, "dispensarios_municipales": 0, "paradas_colectivo": 11, "lineas_colectivo": 4, "luminarias_reportes": 35, "comisarias": 0, "centros_vecinales": 1, "poblacion_log": 7.598, "pct_escuelas_privadas": 0.0, "escuelas_por_1000_hab": 0.0, "dispensarios_por_10000_hab": 0.0, "comisarias_por_10000_hab": 0.0, "paradas_por_1000_hab": 5.52, "centros_vecinales_por_10000_hab": 5.02, "tiene_escuela": 0, "tiene_dispensario": 0, "tiene_comisaria": 0, "tiene_transporte": 1, "infraestructura_score": 0.1022, "tamano_promedio_hogar": 3.47, "educacion_ratio_publico_privado": 0.0, "ranking_infraestructura": 373, "percentil_infraestructura": 24.7 }, "geometry": { "type": "Point", "coordinates": [ -64.158241257610001, -31.459904377305101 ] } },
{ "type": "Feature", "properties": { "barrio": "PADRE CLARET", "poblacion": 871.0, "hogares": 256.0, "nbi": 0.0, "pct_nbi": 0.0, "escuelas_total": 6, "escuelas_estatales": 0, "escuelas_privadas": 6, "dispensarios_municipales": 0, "paradas_colectivo": 10, "lineas_colectivo": 13, "luminarias_reportes": 48, "comisarias": 0, "centros_vecinales": 1, "poblacion_log": 6.771, "pct_escuelas_privadas": 1.0, "escuelas_por_1000_hab": 4.8035, "dispensarios_por_10000_hab": 0.0, "comisarias_por_10000_hab": 0.0, "paradas_por_1000_hab": 11.48, "centros_vecinales_por_10000_hab": 11.48, "tiene_escuela": 1, "tiene_dispensario": 0, "tiene_comisaria": 0, "tiene_transporte": 1, "infraestructura_score": 0.5459, "tamano_promedio_hogar": 3.4, "educacion_ratio_publico_privado": 0.0, "ranking_infraestructura": 38, "percentil_infraestructura": 92.5 }, "geometry": { "type": "Point", "coordinates": [ -64.237238422405994, -31.3544915100643 ] } },
{ "type": "Feature", "properties": { "barrio": "PALERMO BAJO", "poblacion": 1909.0, "hogares": 666.0, "nbi": 3.0, "pct_nbi": 0.45, "escuelas_total": 0, "escuelas_estatales": 0, "escuelas_privadas": 0, "dispensarios_municipales": 0, "paradas_colectivo": 21, "lineas_colectivo": 5, "luminarias_reportes": 0, "comisarias": 0, "centros_vecinales": 0, "poblacion_log": 7.555, "pct_escuelas_privadas": 0.0, "escuelas_por_1000_hab": 0.0, "dispensarios_por_10000_hab": 0.0, "comisarias_por_10000_hab": 0.0, "paradas_por_1000_hab": 11.0, "centros_vecinales_por_10000_hab": 0.0, "tiene_escuela": 0, "tiene_dispensario": 0, "tiene_comisaria": 0, "tiene_transporte": 1, "infraestructura_score": 0.2037, "tamano_promedio_hogar": 2.87, "educacion_ratio_publico_privado": 0.0, "ranking_infraestructura": 216, "percentil_infraestructura": 56.5 }, "geometry": { "type": "Point", "coordinates": [ -64.224618552733702, -31.3869413360447 ] } },
{ "type": "Feature", "properties": { "barrio": "PALMAR", "poblacion": 1025.0, "hogares": 283.0, "nbi": 10.0, "pct_nbi": 3.53, "escuelas_total": 2, "escuelas_estatales": 2, "escuelas_privadas": 0, "dispensarios_municipales": 0, "paradas_colectivo": 3, "lineas_colectivo": 1, "luminarias_reportes": 55, "comisarias": 0, "centros_vecinales": 1, "poblacion_log": 6.933, "pct_escuelas_privadas": 0.0, "escuelas_por_1000_hab": 1.95, "dispensarios_por_10000_hab": 0.0, "comisarias_por_10000_hab": 0.0, "paradas_por_1000_hab": 2.93, "centros_vecinales_por_10000_hab": 9.76, "tiene_escuela": 1, "tiene_dispensario": 0, "tiene_comisaria": 0, "tiene_transporte": 1, "infraestructura_score": 0.1896, "tamano_promedio_hogar": 3.62, "educacion_ratio_publico_privado": 2.0, "ranking_infraestructura": 233, "percentil_infraestructura": 53.0 }, "geometry": { "type": "Point", "coordinates": [ -64.124670196820702, -31.389975772145299 ] } },
{ "type": "Feature", "properties": { "barrio": "PALMAS DEL CLARET", "poblacion": 623.0, "hogares": 211.0, "nbi": 0.0, "pct_nbi": 0.0, "escuelas_total": 0, "escuelas_estatales": 0, "escuelas_privadas": 0, "dispensarios_municipales": 0, "paradas_colectivo": 1, "lineas_colectivo": 1, "luminarias_reportes": 0, "comisarias": 0, "centros_vecinales": 0, "poblacion_log": 6.436, "pct_escuelas_privadas": 0.0, "escuelas_por_1000_hab": 0.0, "dispensarios_por_10000_hab": 0.0, "comisarias_por_10000_hab": 0.0, "paradas_por_1000_hab": 1.61, "centros_vecinales_por_10000_hab": 0.0, "tiene_escuela": 0, "tiene_dispensario": 0, "tiene_comisaria": 0, "tiene_transporte": 1, "infraestructura_score": 0.0298, "tamano_promedio_hogar": 2.95, "educacion_ratio_publico_privado": 0.0, "ranking_infraestructura": 454, "percentil_infraestructura": 8.3 }, "geometry": { "type": "Point", "coordinates": [ -64.230894562263302, -31.3514066893432 ] } },
{ "type": "Feature", "properties": { "barrio": "PANAMERICANO", "poblacion": 3346.0, "hogares": 1072.0, "nbi": 26.0, "pct_nbi": 2.43, "escuelas_total": 4, "escuelas_estatales": 4, "escuelas_privadas": 0, "dispensarios_municipales": 0, "paradas_colectivo": 13, "lineas_colectivo": 5, "luminarias_reportes": 101, "comisarias": 0, "centros_vecinales": 1, "poblacion_log": 8.116, "pct_escuelas_privadas": 0.0, "escuelas_por_1000_hab": 1.2, "dispensarios_por_10000_hab": 0.0, "comisarias_por_10000_hab": 0.0, "paradas_por_1000_hab": 3.89, "centros_vecinales_por_10000_hab": 2.99, "tiene_escuela": 1, "tiene_dispensario": 0, "tiene_comisaria": 0, "tiene_transporte": 1, "infraestructura_score": 0.1553, "tamano_promedio_hogar": 3.12, "educacion_ratio_publico_privado": 4.0, "ranking_infraestructura": 279, "percentil_infraestructura": 43.7 }, "geometry": { "type": "Point", "coordinates": [ -64.179953156214196, -31.372803701513799 ] } },
{ "type": "Feature", "properties": { "barrio": "PARQUE ALAMEDA", "poblacion": 656.0, "hogares": 200.0, "nbi": 3.0, "pct_nbi": 1.5, "escuelas_total": 0, "escuelas_estatales": 0, "escuelas_privadas": 0, "dispensarios_municipales": 0, "paradas_colectivo": 0, "lineas_colectivo": 0, "luminarias_reportes": 24, "comisarias": 0, "centros_vecinales": 1, "poblacion_log": 6.488, "pct_escuelas_privadas": 0.0, "escuelas_por_1000_hab": 0.0, "dispensarios_por_10000_hab": 0.0, "comisarias_por_10000_hab": 0.0, "paradas_por_1000_hab": 0.0, "centros_vecinales_por_10000_hab": 15.24, "tiene_escuela": 0, "tiene_dispensario": 0, "tiene_comisaria": 0, "tiene_transporte": 0, "infraestructura_score": 0.0, "tamano_promedio_hogar": 3.28, "educacion_ratio_publico_privado": 0.0, "ranking_infraestructura": 469, "percentil_infraestructura": 2.7 }, "geometry": { "type": "Point", "coordinates": [ -64.184246771633198, -31.466730466922201 ] } },
{ "type": "Feature", "properties": { "barrio": "PARQUE ATLANTICA", "poblacion": 2249.0, "hogares": 734.0, "nbi": 17.0, "pct_nbi": 2.32, "escuelas_total": 1, "escuelas_estatales": 1, "escuelas_privadas": 0, "dispensarios_municipales": 0, "paradas_colectivo": 10, "lineas_colectivo": 5, "luminarias_reportes": 49, "comisarias": 0, "centros_vecinales": 0, "poblacion_log": 7.719, "pct_escuelas_privadas": 0.0, "escuelas_por_1000_hab": 0.44, "dispensarios_por_10000_hab": 0.0, "comisarias_por_10000_hab": 0.0, "paradas_por_1000_hab": 4.45, "centros_vecinales_por_10000_hab": 0.0, "tiene_escuela": 1, "tiene_dispensario": 0, "tiene_comisaria": 0, "tiene_transporte": 1, "infraestructura_score": 0.1129, "tamano_promedio_hogar": 3.06, "educacion_ratio_publico_privado": 1.0, "ranking_infraestructura": 340, "percentil_infraestructura": 31.3 }, "geometry": { "type": "Point", "coordinates": [ -64.210043924567898, -31.4538400218945 ] } },
{ "type": "Feature", "properties": { "barrio": "PARQUE CAPITAL", "poblacion": 3972.0, "hogares": 1272.0, "nbi": 6.0, "pct_nbi": 0.47, "escuelas_total": 3, "escuelas_estatales": 2, "escuelas_privadas": 1, "dispensarios_municipales": 0, "paradas_colectivo": 12, "lineas_colectivo": 3, "luminarias_reportes": 563, "comisarias": 0, "centros_vecinales": 1, "poblacion_log": 8.287, "pct_escuelas_privadas": 0.333, "escuelas_por_1000_hab": 0.76, "dispensarios_por_10000_hab": 0.0, "comisarias_por_10000_hab": 0.0, "paradas_por_1000_hab": 3.02, "centros_vecinales_por_10000_hab": 2.52, "tiene_escuela": 1, "tiene_dispensario": 0, "tiene_comisaria": 0, "tiene_transporte": 1, "infraestructura_score": 0.1087, "tamano_promedio_hogar": 3.12, "educacion_ratio_publico_privado": 2.0, "ranking_infraestructura": 358, "percentil_infraestructura": 27.6 }, "geometry": { "type": "Point", "coordinates": [ -64.215934182276399, -31.435161451182299 ] } },
{ "type": "Feature", "properties": { "barrio": "PARQUE CAPITAL SUD", "poblacion": 1443.0, "hogares": 442.0, "nbi": 2.0, "pct_nbi": 0.45, "escuelas_total": 0, "escuelas_estatales": 0, "escuelas_privadas": 0, "dispensarios_municipales": 0, "paradas_colectivo": 13, "lineas_colectivo": 3, "luminarias_reportes": 34, "comisarias": 0, "centros_vecinales": 1, "poblacion_log": 7.275, "pct_escuelas_privadas": 0.0, "escuelas_por_1000_hab": 0.0, "dispensarios_por_10000_hab": 0.0, "comisarias_por_10000_hab": 0.0, "paradas_por_1000_hab": 9.01, "centros_vecinales_por_10000_hab": 6.93, "tiene_escuela": 0, "tiene_dispensario": 0, "tiene_comisaria": 0, "tiene_transporte": 1, "infraestructura_score": 0.1669, "tamano_promedio_hogar": 3.26, "educacion_ratio_publico_privado": 0.0, "ranking_infraestructura": 259, "percentil_infraestructura": 47.8 }, "geometry": { "type": "Point", "coordinates": [ -64.217149079153302, -31.442678207254499 ] } },
{ "type": "Feature", "properties": { "barrio": "PARQUE CHACABUCO", "poblacion": 1164.0, "hogares": 388.0, "nbi": 1.0, "pct_nbi": 0.26, "escuelas_total": 0, "escuelas_estatales": 0, "escuelas_privadas": 0, "dispensarios_municipales": 0, "paradas_colectivo": 4, "lineas_colectivo": 2, "luminarias_reportes": 165, "comisarias": 0, "centros_vecinales": 1, "poblacion_log": 7.06, "pct_escuelas_privadas": 0.0, "escuelas_por_1000_hab": 0.0, "dispensarios_por_10000_hab": 0.0, "comisarias_por_10000_hab": 0.0, "paradas_por_1000_hab": 3.44, "centros_vecinales_por_10000_hab": 8.59, "tiene_escuela": 0, "tiene_dispensario": 0, "tiene_comisaria": 0, "tiene_transporte": 1, "infraestructura_score": 0.0637, "tamano_promedio_hogar": 3.0, "educacion_ratio_publico_privado": 0.0, "ranking_infraestructura": 427, "percentil_infraestructura": 13.7 }, "geometry": { "type": "Point", "coordinates": [ -64.2116422926307, -31.382522710673999 ] } },
{ "type": "Feature", "properties": { "barrio": "PARQUE CHATEAU CARRERAS", "poblacion": 500.0, "hogares": 200.0, "nbi": 2.0, "pct_nbi": 1.0, "escuelas_total": 0, "escuelas_estatales": 0, "escuelas_privadas": 0, "dispensarios_municipales": 0, "paradas_colectivo": 0, "lineas_colectivo": 0, "luminarias_reportes": 80, "comisarias": 0, "centros_vecinales": 0, "poblacion_log": 6.217, "pct_escuelas_privadas": 0.0, "escuelas_por_1000_hab": 0.0, "dispensarios_por_10000_hab": 0.0, "comisarias_por_10000_hab": 0.0, "paradas_por_1000_hab": 0.0, "centros_vecinales_por_10000_hab": 0.0, "tiene_escuela": 0, "tiene_dispensario": 0, "tiene_comisaria": 0, "tiene_transporte": 0, "infraestructura_score": 0.0, "tamano_promedio_hogar": 2.5, "educacion_ratio_publico_privado": 0.0, "ranking_infraestructura": 469, "percentil_infraestructura": 2.7 }, "geometry": { "type": "Point", "coordinates": [ -64.264744414762504, -31.362619796751702 ] } },
{ "type": "Feature", "properties": { "barrio": "PARQUE COREMA", "poblacion": 584.0, "hogares": 220.0, "nbi": 1.0, "pct_nbi": 0.45, "escuelas_total": 1, "escuelas_estatales": 1, "escuelas_privadas": 0, "dispensarios_municipales": 0, "paradas_colectivo": 0, "lineas_colectivo": 0, "luminarias_reportes": 1, "comisarias": 0, "centros_vecinales": 0, "poblacion_log": 6.372, "pct_escuelas_privadas": 0.0, "escuelas_por_1000_hab": 1.71, "dispensarios_por_10000_hab": 0.0, "comisarias_por_10000_hab": 0.0, "paradas_por_1000_hab": 0.0, "centros_vecinales_por_10000_hab": 0.0, "tiene_escuela": 1, "tiene_dispensario": 0, "tiene_comisaria": 0, "tiene_transporte": 0, "infraestructura_score": 0.1187, "tamano_promedio_hogar": 2.65, "educacion_ratio_publico_privado": 1.0, "ranking_infraestructura": 330, "percentil_infraestructura": 33.4 }, "geometry": { "type": "Point", "coordinates": [ -64.228319679796996, -31.367945597451001 ] } },
{ "type": "Feature", "properties": { "barrio": "PARQUE DE LA VEGA II", "poblacion": 596.0, "hogares": 200.0, "nbi": 22.0, "pct_nbi": 11.0, "escuelas_total": 0, "escuelas_estatales": 0, "escuelas_privadas": 0, "dispensarios_municipales": 0, "paradas_colectivo": 20, "lineas_colectivo": 3, "luminarias_reportes": 0, "comisarias": 0, "centros_vecinales": 1, "poblacion_log": 6.392, "pct_escuelas_privadas": 0.0, "escuelas_por_1000_hab": 0.0, "dispensarios_por_10000_hab": 0.0, "comisarias_por_10000_hab": 0.0, "paradas_por_1000_hab": 24.0, "centros_vecinales_por_10000_hab": 16.78, "tiene_escuela": 0, "tiene_dispensario": 0, "tiene_comisaria": 0, "tiene_transporte": 1, "infraestructura_score": 0.4444, "tamano_promedio_hogar": 2.98, "educacion_ratio_publico_privado": 0.0, "ranking_infraestructura": 59, "percentil_infraestructura": 87.4 }, "geometry": { "type": "Point", "coordinates": [ -64.261252051731304, -31.4086410569058 ] } },
{ "type": "Feature", "properties": { "barrio": "PARQUE DE LA VEGA III", "poblacion": 596.0, "hogares": 200.0, "nbi": 1.0, "pct_nbi": 0.5, "escuelas_total": 0, "escuelas_estatales": 0, "escuelas_privadas": 0, "dispensarios_municipales": 0, "paradas_colectivo": 7, "lineas_colectivo": 2, "luminarias_reportes": 0, "comisarias": 0, "centros_vecinales": 0, "poblacion_log": 6.392, "pct_escuelas_privadas": 0.0, "escuelas_por_1000_hab": 0.0, "dispensarios_por_10000_hab": 0.0, "comisarias_por_10000_hab": 0.0, "paradas_por_1000_hab": 11.74, "centros_vecinales_por_10000_hab": 0.0, "tiene_escuela": 0, "tiene_dispensario": 0, "tiene_comisaria": 0, "tiene_transporte": 1, "infraestructura_score": 0.2174, "tamano_promedio_hogar": 2.98, "educacion_ratio_publico_privado": 0.0, "ranking_infraestructura": 202, "percentil_infraestructura": 59.3 }, "geometry": { "type": "Point", "coordinates": [ -64.2671597598804, -31.403547906987601 ] } },
{ "type": "Feature", "properties": { "barrio": "PARQUE DE LA VIDA", "poblacion": 500.0, "hogares": 200.0, "nbi": 0.0, "pct_nbi": 0.0, "escuelas_total": 0, "escuelas_estatales": 0, "escuelas_privadas": 0, "dispensarios_municipales": 0, "paradas_colectivo": 1, "lineas_colectivo": 1, "luminarias_reportes": 0, "comisarias": 0, "centros_vecinales": 0, "poblacion_log": 6.217, "pct_escuelas_privadas": 0.0, "escuelas_por_1000_hab": 0.0, "dispensarios_por_10000_hab": 0.0, "comisarias_por_10000_hab": 0.0, "paradas_por_1000_hab": 2.0, "centros_vecinales_por_10000_hab": 0.0, "tiene_escuela": 0, "tiene_dispensario": 0, "tiene_comisaria": 0, "tiene_transporte": 1, "infraestructura_score": 0.037, "tamano_promedio_hogar": 2.5, "educacion_ratio_publico_privado": 0.0, "ranking_infraestructura": 447, "percentil_infraestructura": 9.2 }, "geometry": { "type": "Point", "coordinates": [ -64.226100094867704, -31.4442273592752 ] } },
{ "type": "Feature", "properties": { "barrio": "PARQUE DEL ESTE", "poblacion": 679.0, "hogares": 200.0, "nbi": 24.0, "pct_nbi": 12.0, "escuelas_total": 2, "escuelas_estatales": 2, "escuelas_privadas": 0, "dispensarios_municipales": 0, "paradas_colectivo": 9, "lineas_colectivo": 1, "luminarias_reportes": 58, "comisarias": 0, "centros_vecinales": 1, "poblacion_log": 6.522, "pct_escuelas_privadas": 0.0, "escuelas_por_1000_hab": 2.95, "dispensarios_por_10000_hab": 0.0, "comisarias_por_10000_hab": 0.0, "paradas_por_1000_hab": 13.25, "centros_vecinales_por_10000_hab": 14.73, "tiene_escuela": 1, "tiene_dispensario": 0, "tiene_comisaria": 0, "tiene_transporte": 1, "infraestructura_score": 0.4501, "tamano_promedio_hogar": 3.4, "educacion_ratio_publico_privado": 2.0, "ranking_infraestructura": 57, "percentil_infraestructura": 88.7 }, "geometry": { "type": "Point", "coordinates": [ -64.145508991196394, -31.4051586405003 ] } },
{ "type": "Feature", "properties": { "barrio": "PARQUE DON BOSCO", "poblacion": 4691.0, "hogares": 1385.0, "nbi": 24.0, "pct_nbi": 1.73, "escuelas_total": 1, "escuelas_estatales": 1, "escuelas_privadas": 0, "dispensarios_municipales": 1, "paradas_colectivo": 18, "lineas_colectivo": 2, "luminarias_reportes": 248, "comisarias": 0, "centros_vecinales": 1, "poblacion_log": 8.454, "pct_escuelas_privadas": 0.0, "escuelas_por_1000_hab": 0.21, "dispensarios_por_10000_hab": 2.13, "comisarias_por_10000_hab": 0.0, "paradas_por_1000_hab": 3.84, "centros_vecinales_por_10000_hab": 2.13, "tiene_escuela": 1, "tiene_dispensario": 1, "tiene_comisaria": 0, "tiene_transporte": 1, "infraestructura_score": 0.1568, "tamano_promedio_hogar": 3.39, "educacion_ratio_publico_privado": 1.0, "ranking_infraestructura": 276, "percentil_infraestructura": 44.3 }, "geometry": { "type": "Point", "coordinates": [ -64.272025814382005, -31.3884319827078 ] } },
{ "type": "Feature", "properties": { "barrio": "PARQUE FUTURA", "poblacion": 2851.0, "hogares": 703.0, "nbi": 68.0, "pct_nbi": 9.67, "escuelas_total": 5, "escuelas_estatales": 2, "escuelas_privadas": 3, "dispensarios_municipales": 0, "paradas_colectivo": 7, "lineas_colectivo": 1, "luminarias_reportes": 49, "comisarias": 0, "centros_vecinales": 1, "poblacion_log": 7.956, "pct_escuelas_privadas": 0.6, "escuelas_por_1000_hab": 1.75, "dispensarios_por_10000_hab": 0.0, "comisarias_por_10000_hab": 0.0, "paradas_por_1000_hab": 2.46, "centros_vecinales_por_10000_hab": 3.51, "tiene_escuela": 1, "tiene_dispensario": 0, "tiene_comisaria": 0, "tiene_transporte": 1, "infraestructura_score": 0.167, "tamano_promedio_hogar": 4.06, "educacion_ratio_publico_privado": 0.67, "ranking_infraestructura": 258, "percentil_infraestructura": 48.0 }, "geometry": { "type": "Point", "coordinates": [ -64.252989970087697, -31.488906450635 ] } },
{ "type": "Feature", "properties": { "barrio": "PARQUE JORGE NEWBERY", "poblacion": 2909.0, "hogares": 913.0, "nbi": 16.0, "pct_nbi": 1.75, "escuelas_total": 2, "escuelas_estatales": 2, "escuelas_privadas": 0, "dispensarios_municipales": 0, "paradas_colectivo": 30, "lineas_colectivo": 4, "luminarias_reportes": 152, "comisarias": 0, "centros_vecinales": 2, "poblacion_log": 7.976, "pct_escuelas_privadas": 0.0, "escuelas_por_1000_hab": 0.69, "dispensarios_por_10000_hab": 0.0, "comisarias_por_10000_hab": 0.0, "paradas_por_1000_hab": 10.31, "centros_vecinales_por_10000_hab": 6.88, "tiene_escuela": 1, "tiene_dispensario": 0, "tiene_comisaria": 0, "tiene_transporte": 1, "infraestructura_score": 0.2388, "tamano_promedio_hogar": 3.19, "educacion_ratio_publico_privado": 2.0, "ranking_infraestructura": 179, "percentil_infraestructura": 64.0 }, "geometry": { "type": "Point", "coordinates": [ -64.180513219247999, -31.350399915225999 ] } },
{ "type": "Feature", "properties": { "barrio": "PARQUE LATINO", "poblacion": 1306.0, "hogares": 432.0, "nbi": 4.0, "pct_nbi": 0.93, "escuelas_total": 5, "escuelas_estatales": 3, "escuelas_privadas": 2, "dispensarios_municipales": 0, "paradas_colectivo": 12, "lineas_colectivo": 7, "luminarias_reportes": 119, "comisarias": 0, "centros_vecinales": 1, "poblacion_log": 7.175, "pct_escuelas_privadas": 0.4, "escuelas_por_1000_hab": 3.83, "dispensarios_por_10000_hab": 0.0, "comisarias_por_10000_hab": 0.0, "paradas_por_1000_hab": 9.19, "centros_vecinales_por_10000_hab": 7.66, "tiene_escuela": 1, "tiene_dispensario": 0, "tiene_comisaria": 0, "tiene_transporte": 1, "infraestructura_score": 0.436, "tamano_promedio_hogar": 3.02, "educacion_ratio_publico_privado": 1.5, "ranking_infraestructura": 70, "percentil_infraestructura": 86.0 }, "geometry": { "type": "Point", "coordinates": [ -64.212454823349404, -31.4596532315616 ] } },
{ "type": "Feature", "properties": { "barrio": "PARQUE LICEO SECCION 1", "poblacion": 3693.0, "hogares": 1108.0, "nbi": 58.0, "pct_nbi": 5.23, "escuelas_total": 0, "escuelas_estatales": 0, "escuelas_privadas": 0, "dispensarios_municipales": 0, "paradas_colectivo": 2, "lineas_colectivo": 1, "luminarias_reportes": 0, "comisarias": 0, "centros_vecinales": 1, "poblacion_log": 8.214, "pct_escuelas_privadas": 0.0, "escuelas_por_1000_hab": 0.0, "dispensarios_por_10000_hab": 0.0, "comisarias_por_10000_hab": 0.0, "paradas_por_1000_hab": 0.54, "centros_vecinales_por_10000_hab": 2.71, "tiene_escuela": 0, "tiene_dispensario": 0, "tiene_comisaria": 0, "tiene_transporte": 1, "infraestructura_score": 0.01, "tamano_promedio_hogar": 3.33, "educacion_ratio_publico_privado": 0.0, "ranking_infraestructura": 466, "percentil_infraestructura": 5.9 }, "geometry": { "type": "Point", "coordinates": [ -64.162530344231499, -31.349706199340201 ] } },
{ "type": "Feature", "properties": { "barrio": "PARQUE LICEO SECCION 2", "poblacion": 7826.0, "hogares": 2013.0, "nbi": 157.0, "pct_nbi": 7.8, "escuelas_total": 2, "escuelas_estatales": 2, "escuelas_privadas": 0, "dispensarios_municipales": 1, "paradas_colectivo": 14, "lineas_colectivo": 2, "luminarias_reportes": 0, "comisarias": 0, "centros_vecinales": 1, "poblacion_log": 8.965, "pct_escuelas_privadas": 0.0, "escuelas_por_1000_hab": 0.26, "dispensarios_por_10000_hab": 1.28, "comisarias_por_10000_hab": 0.0, "paradas_por_1000_hab": 1.79, "centros_vecinales_por_10000_hab": 1.28, "tiene_escuela": 1, "tiene_dispensario": 1, "tiene_comisaria": 0, "tiene_transporte": 1, "infraestructura_score": 0.0939, "tamano_promedio_hogar": 3.89, "educacion_ratio_publico_privado": 2.0, "ranking_infraestructura": 380, "percentil_infraestructura": 23.3 }, "geometry": { "type": "Point", "coordinates": [ -64.162011892770906, -31.355627886988199 ] } },
{ "type": "Feature", "properties": { "barrio": "PARQUE LICEO SECCION 3", "poblacion": 5593.0, "hogares": 1426.0, "nbi": 164.0, "pct_nbi": 11.5, "escuelas_total": 13, "escuelas_estatales": 9, "escuelas_privadas": 4, "dispensarios_municipales": 1, "paradas_colectivo": 25, "lineas_colectivo": 4, "luminarias_reportes": 431, "comisarias": 0, "centros_vecinales": 1, "poblacion_log": 8.629, "pct_escuelas_privadas": 0.308, "escuelas_por_1000_hab": 2.32, "dispensarios_por_10000_hab": 1.79, "comisarias_por_10000_hab": 0.0, "paradas_por_1000_hab": 4.47, "centros_vecinales_por_10000_hab": 1.79, "tiene_escuela": 1, "tiene_dispensario": 1, "tiene_comisaria": 0, "tiene_transporte": 1, "infraestructura_score": 0.3035, "tamano_promedio_hogar": 3.92, "educacion_ratio_publico_privado": 2.25, "ranking_infraestructura": 127, "percentil_infraestructura": 74.5 }, "geometry": { "type": "Point", "coordinates": [ -64.151343264266202, -31.355218226534099 ] } },
{ "type": "Feature", "properties": { "barrio": "PARQUE LOS MOLINOS", "poblacion": 864.0, "hogares": 264.0, "nbi": 6.0, "pct_nbi": 2.27, "escuelas_total": 0, "escuelas_estatales": 0, "escuelas_privadas": 0, "dispensarios_municipales": 0, "paradas_colectivo": 15, "lineas_colectivo": 7, "luminarias_reportes": 39, "comisarias": 0, "centros_vecinales": 0, "poblacion_log": 6.763, "pct_escuelas_privadas": 0.0, "escuelas_por_1000_hab": 0.0, "dispensarios_por_10000_hab": 0.0, "comisarias_por_10000_hab": 0.0, "paradas_por_1000_hab": 17.36, "centros_vecinales_por_10000_hab": 0.0, "tiene_escuela": 0, "tiene_dispensario": 0, "tiene_comisaria": 0, "tiene_transporte": 1, "infraestructura_score": 0.3215, "tamano_promedio_hogar": 3.27, "educacion_ratio_publico_privado": 0.0, "ranking_infraestructura": 115, "percentil_infraestructura": 76.9 }, "geometry": { "type": "Point", "coordinates": [ -64.200896789754694, -31.456102512108799 ] } },
{ "type": "Feature", "properties": { "barrio": "PARQUE MODELO", "poblacion": 500.0, "hogares": 200.0, "nbi": 0.0, "pct_nbi": 0.0, "escuelas_total": 0, "escuelas_estatales": 0, "escuelas_privadas": 0, "dispensarios_municipales": 0, "paradas_colectivo": 7, "lineas_colectivo": 3, "luminarias_reportes": 0, "comisarias": 0, "centros_vecinales": 1, "poblacion_log": 6.217, "pct_escuelas_privadas": 0.0, "escuelas_por_1000_hab": 0.0, "dispensarios_por_10000_hab": 0.0, "comisarias_por_10000_hab": 0.0, "paradas_por_1000_hab": 14.0, "centros_vecinales_por_10000_hab": 20.0, "tiene_escuela": 0, "tiene_dispensario": 0, "tiene_comisaria": 0, "tiene_transporte": 1, "infraestructura_score": 0.2593, "tamano_promedio_hogar": 2.5, "educacion_ratio_publico_privado": 0.0, "ranking_infraestructura": 156, "percentil_infraestructura": 68.4 }, "geometry": { "type": "Point", "coordinates": [ -64.251024139409907, -31.364714273949801 ] } },
{ "type": "Feature", "properties": { "barrio": "PARQUE MONTECRISTO", "poblacion": 1554.0, "hogares": 466.0, "nbi": 6.0, "pct_nbi": 1.29, "escuelas_total": 3, "escuelas_estatales": 3, "escuelas_privadas": 0, "dispensarios_municipales": 0, "paradas_colectivo": 7, "lineas_colectivo": 2, "luminarias_reportes": 26, "comisarias": 0, "centros_vecinales": 2, "poblacion_log": 7.349, "pct_escuelas_privadas": 0.0, "escuelas_por_1000_hab": 1.93, "dispensarios_por_10000_hab": 0.0, "comisarias_por_10000_hab": 0.0, "paradas_por_1000_hab": 4.5, "centros_vecinales_por_10000_hab": 12.87, "tiene_escuela": 1, "tiene_dispensario": 0, "tiene_comisaria": 0, "tiene_transporte": 1, "infraestructura_score": 0.2173, "tamano_promedio_hogar": 3.33, "educacion_ratio_publico_privado": 3.0, "ranking_infraestructura": 203, "percentil_infraestructura": 59.1 }, "geometry": { "type": "Point", "coordinates": [ -64.139965992748103, -31.388625609382299 ] } },
{ "type": "Feature", "properties": { "barrio": "PARQUE REPUBLICA", "poblacion": 7412.0, "hogares": 1861.0, "nbi": 201.0, "pct_nbi": 10.8, "escuelas_total": 7, "escuelas_estatales": 7, "escuelas_privadas": 0, "dispensarios_municipales": 1, "paradas_colectivo": 15, "lineas_colectivo": 2, "luminarias_reportes": 59, "comisarias": 1, "centros_vecinales": 1, "poblacion_log": 8.911, "pct_escuelas_privadas": 0.0, "escuelas_por_1000_hab": 0.94, "dispensarios_por_10000_hab": 1.35, "comisarias_por_10000_hab": 1.35, "paradas_por_1000_hab": 2.02, "centros_vecinales_por_10000_hab": 1.35, "tiene_escuela": 1, "tiene_dispensario": 1, "tiene_comisaria": 1, "tiene_transporte": 1, "infraestructura_score": 0.2439, "tamano_promedio_hogar": 3.98, "educacion_ratio_publico_privado": 7.0, "ranking_infraestructura": 174, "percentil_infraestructura": 65.0 }, "geometry": { "type": "Point", "coordinates": [ -64.258582064064996, -31.416129481320802 ] } },
{ "type": "Feature", "properties": { "barrio": "PARQUE SAN CARLOS", "poblacion": 749.0, "hogares": 231.0, "nbi": 2.0, "pct_nbi": 0.87, "escuelas_total": 1, "escuelas_estatales": 1, "escuelas_privadas": 0, "dispensarios_municipales": 0, "paradas_colectivo": 8, "lineas_colectivo": 2, "luminarias_reportes": 3, "comisarias": 0, "centros_vecinales": 0, "poblacion_log": 6.62, "pct_escuelas_privadas": 0.0, "escuelas_por_1000_hab": 1.34, "dispensarios_por_10000_hab": 0.0, "comisarias_por_10000_hab": 0.0, "paradas_por_1000_hab": 10.68, "centros_vecinales_por_10000_hab": 0.0, "tiene_escuela": 1, "tiene_dispensario": 0, "tiene_comisaria": 0, "tiene_transporte": 1, "infraestructura_score": 0.2908, "tamano_promedio_hogar": 3.24, "educacion_ratio_publico_privado": 1.0, "ranking_infraestructura": 143, "percentil_infraestructura": 71.3 }, "geometry": { "type": "Point", "coordinates": [ -64.1599280417188, -31.449427472358401 ] } },
{ "type": "Feature", "properties": { "barrio": "PARQUE SAN VICENTE", "poblacion": 1327.0, "hogares": 451.0, "nbi": 3.0, "pct_nbi": 0.67, "escuelas_total": 0, "escuelas_estatales": 0, "escuelas_privadas": 0, "dispensarios_municipales": 0, "paradas_colectivo": 19, "lineas_colectivo": 7, "luminarias_reportes": 147, "comisarias": 0, "centros_vecinales": 0, "poblacion_log": 7.191, "pct_escuelas_privadas": 0.0, "escuelas_por_1000_hab": 0.0, "dispensarios_por_10000_hab": 0.0, "comisarias_por_10000_hab": 0.0, "paradas_por_1000_hab": 14.32, "centros_vecinales_por_10000_hab": 0.0, "tiene_escuela": 0, "tiene_dispensario": 0, "tiene_comisaria": 0, "tiene_transporte": 1, "infraestructura_score": 0.2652, "tamano_promedio_hogar": 2.94, "educacion_ratio_publico_privado": 0.0, "ranking_infraestructura": 152, "percentil_infraestructura": 69.4 }, "geometry": { "type": "Point", "coordinates": [ -64.137349148795394, -31.424995969264199 ] } },
{ "type": "Feature", "properties": { "barrio": "PARQUE SARMIENTO", "poblacion": 500.0, "hogares": 200.0, "nbi": 0.0, "pct_nbi": 0.0, "escuelas_total": 3, "escuelas_estatales": 3, "escuelas_privadas": 0, "dispensarios_municipales": 0, "paradas_colectivo": 7, "lineas_colectivo": 12, "luminarias_reportes": 911, "comisarias": 0, "centros_vecinales": 0, "poblacion_log": 6.217, "pct_escuelas_privadas": 0.0, "escuelas_por_1000_hab": 4.8035, "dispensarios_por_10000_hab": 0.0, "comisarias_por_10000_hab": 0.0, "paradas_por_1000_hab": 14.0, "centros_vecinales_por_10000_hab": 0.0, "tiene_escuela": 1, "tiene_dispensario": 0, "tiene_comisaria": 0, "tiene_transporte": 1, "infraestructura_score": 0.5926, "tamano_promedio_hogar": 2.5, "educacion_ratio_publico_privado": 3.0, "ranking_infraestructura": 30, "percentil_infraestructura": 94.0 }, "geometry": { "type": "Point", "coordinates": [ -64.178907850644094, -31.432880129359098 ] } },
{ "type": "Feature", "properties": { "barrio": "PARQUE TABLADA", "poblacion": 981.0, "hogares": 323.0, "nbi": 1.0, "pct_nbi": 0.31, "escuelas_total": 0, "escuelas_estatales": 0, "escuelas_privadas": 0, "dispensarios_municipales": 0, "paradas_colectivo": 16, "lineas_colectivo": 4, "luminarias_reportes": 30, "comisarias": 0, "centros_vecinales": 1, "poblacion_log": 6.89, "pct_escuelas_privadas": 0.0, "escuelas_por_1000_hab": 0.0, "dispensarios_por_10000_hab": 0.0, "comisarias_por_10000_hab": 0.0, "paradas_por_1000_hab": 16.31, "centros_vecinales_por_10000_hab": 10.19, "tiene_escuela": 0, "tiene_dispensario": 0, "tiene_comisaria": 0, "tiene_transporte": 1, "infraestructura_score": 0.302, "tamano_promedio_hogar": 3.04, "educacion_ratio_publico_privado": 0.0, "ranking_infraestructura": 129, "percentil_infraestructura": 74.1 }, "geometry": { "type": "Point", "coordinates": [ -64.231240817875801, -31.387178177056299 ] } },
{ "type": "Feature", "properties": { "barrio": "PARQUE VELEZ SARSFIELD", "poblacion": 3045.0, "hogares": 1004.0, "nbi": 8.0, "pct_nbi": 0.8, "escuelas_total": 1, "escuelas_estatales": 1, "escuelas_privadas": 0, "dispensarios_municipales": 0, "paradas_colectivo": 13, "lineas_colectivo": 3, "luminarias_reportes": 1016, "comisarias": 0, "centros_vecinales": 1, "poblacion_log": 8.022, "pct_escuelas_privadas": 0.0, "escuelas_por_1000_hab": 0.33, "dispensarios_por_10000_hab": 0.0, "comisarias_por_10000_hab": 0.0, "paradas_por_1000_hab": 4.27, "centros_vecinales_por_10000_hab": 3.28, "tiene_escuela": 1, "tiene_dispensario": 0, "tiene_comisaria": 0, "tiene_transporte": 1, "infraestructura_score": 0.102, "tamano_promedio_hogar": 3.03, "educacion_ratio_publico_privado": 1.0, "ranking_infraestructura": 374, "percentil_infraestructura": 24.5 }, "geometry": { "type": "Point", "coordinates": [ -64.204002556582296, -31.441159548532301 ] } },
{ "type": "Feature", "properties": { "barrio": "PASO DE LOS ANDES", "poblacion": 2529.0, "hogares": 902.0, "nbi": 25.0, "pct_nbi": 2.77, "escuelas_total": 6, "escuelas_estatales": 3, "escuelas_privadas": 3, "dispensarios_municipales": 0, "paradas_colectivo": 12, "lineas_colectivo": 18, "luminarias_reportes": 238, "comisarias": 1, "centros_vecinales": 0, "poblacion_log": 7.836, "pct_escuelas_privadas": 0.5, "escuelas_por_1000_hab": 2.37, "dispensarios_por_10000_hab": 0.0, "comisarias_por_10000_hab": 1.5585, "paradas_por_1000_hab": 4.74, "centros_vecinales_por_10000_hab": 0.0, "tiene_escuela": 1, "tiene_dispensario": 0, "tiene_comisaria": 1, "tiene_transporte": 1, "infraestructura_score": 0.3634, "tamano_promedio_hogar": 2.8, "educacion_ratio_publico_privado": 1.0, "ranking_infraestructura": 94, "percentil_infraestructura": 81.2 }, "geometry": { "type": "Point", "coordinates": [ -64.203280297451002, -31.415953870289801 ] } },
{ "type": "Feature", "properties": { "barrio": "PATRIA", "poblacion": 1790.0, "hogares": 640.0, "nbi": 5.0, "pct_nbi": 0.78, "escuelas_total": 2, "escuelas_estatales": 0, "escuelas_privadas": 2, "dispensarios_municipales": 0, "paradas_colectivo": 19, "lineas_colectivo": 8, "luminarias_reportes": 0, "comisarias": 0, "centros_vecinales": 0, "poblacion_log": 7.491, "pct_escuelas_privadas": 1.0, "escuelas_por_1000_hab": 1.12, "dispensarios_por_10000_hab": 0.0, "comisarias_por_10000_hab": 0.0, "paradas_por_1000_hab": 10.61, "centros_vecinales_por_10000_hab": 0.0, "tiene_escuela": 1, "tiene_dispensario": 0, "tiene_comisaria": 0, "tiene_transporte": 1, "infraestructura_score": 0.2742, "tamano_promedio_hogar": 2.8, "educacion_ratio_publico_privado": 0.0, "ranking_infraestructura": 148, "percentil_infraestructura": 70.2 }, "geometry": { "type": "Point", "coordinates": [ -64.160185804521902, -31.409026465430699 ] } },
{ "type": "Feature", "properties": { "barrio": "PATRICIOS", "poblacion": 4731.0, "hogares": 1400.0, "nbi": 67.0, "pct_nbi": 4.79, "escuelas_total": 6, "escuelas_estatales": 6, "escuelas_privadas": 0, "dispensarios_municipales": 0, "paradas_colectivo": 8, "lineas_colectivo": 1, "luminarias_reportes": 466, "comisarias": 2, "centros_vecinales": 1, "poblacion_log": 8.462, "pct_escuelas_privadas": 0.0, "escuelas_por_1000_hab": 1.27, "dispensarios_por_10000_hab": 0.0, "comisarias_por_10000_hab": 1.5585, "paradas_por_1000_hab": 1.69, "centros_vecinales_por_10000_hab": 2.11, "tiene_escuela": 1, "tiene_dispensario": 0, "tiene_comisaria": 1, "tiene_transporte": 1, "infraestructura_score": 0.2305, "tamano_promedio_hogar": 3.38, "educacion_ratio_publico_privado": 6.0, "ranking_infraestructura": 189, "percentil_infraestructura": 61.9 }, "geometry": { "type": "Point", "coordinates": [ -64.138041194422499, -31.3756246362009 ] } },
{ "type": "Feature", "properties": { "barrio": "PATRICIOS ESTE", "poblacion": 2550.0, "hogares": 653.0, "nbi": 51.0, "pct_nbi": 7.81, "escuelas_total": 1, "escuelas_estatales": 1, "escuelas_privadas": 0, "dispensarios_municipales": 1, "paradas_colectivo": 1, "lineas_colectivo": 1, "luminarias_reportes": 10, "comisarias": 0, "centros_vecinales": 1, "poblacion_log": 7.844, "pct_escuelas_privadas": 0.0, "escuelas_por_1000_hab": 0.39, "dispensarios_por_10000_hab": 3.92, "comisarias_por_10000_hab": 0.0, "paradas_por_1000_hab": 0.39, "centros_vecinales_por_10000_hab": 3.92, "tiene_escuela": 1, "tiene_dispensario": 1, "tiene_comisaria": 0, "tiene_transporte": 1, "infraestructura_score": 0.1651, "tamano_promedio_hogar": 3.91, "educacion_ratio_publico_privado": 1.0, "ranking_infraestructura": 261, "percentil_infraestructura": 47.2 }, "geometry": { "type": "Point", "coordinates": [ -64.134933983075499, -31.366499929653902 ] } },
{ "type": "Feature", "properties": { "barrio": "PATRICIOS NORTE", "poblacion": 1790.0, "hogares": 485.0, "nbi": 39.0, "pct_nbi": 8.04, "escuelas_total": 0, "escuelas_estatales": 0, "escuelas_privadas": 0, "dispensarios_municipales": 0, "paradas_colectivo": 14, "lineas_colectivo": 5, "luminarias_reportes": 227, "comisarias": 0, "centros_vecinales": 1, "poblacion_log": 7.491, "pct_escuelas_privadas": 0.0, "escuelas_por_1000_hab": 0.0, "dispensarios_por_10000_hab": 0.0, "comisarias_por_10000_hab": 0.0, "paradas_por_1000_hab": 7.82, "centros_vecinales_por_10000_hab": 5.59, "tiene_escuela": 0, "tiene_dispensario": 0, "tiene_comisaria": 0, "tiene_transporte": 1, "infraestructura_score": 0.1448, "tamano_promedio_hogar": 3.69, "educacion_ratio_publico_privado": 0.0, "ranking_infraestructura": 300, "percentil_infraestructura": 39.5 }, "geometry": { "type": "Point", "coordinates": [ -64.139790254481895, -31.3665348992504 ] } },
{ "type": "Feature", "properties": { "barrio": "PATRICIOS OESTE", "poblacion": 5211.0, "hogares": 1370.0, "nbi": 114.0, "pct_nbi": 8.32, "escuelas_total": 3, "escuelas_estatales": 3, "escuelas_privadas": 0, "dispensarios_municipales": 0, "paradas_colectivo": 16, "lineas_colectivo": 6, "luminarias_reportes": 43, "comisarias": 0, "centros_vecinales": 1, "poblacion_log": 8.559, "pct_escuelas_privadas": 0.0, "escuelas_por_1000_hab": 0.58, "dispensarios_por_10000_hab": 0.0, "comisarias_por_10000_hab": 0.0, "paradas_por_1000_hab": 3.07, "centros_vecinales_por_10000_hab": 1.92, "tiene_escuela": 1, "tiene_dispensario": 0, "tiene_comisaria": 0, "tiene_transporte": 1, "infraestructura_score": 0.0971, "tamano_promedio_hogar": 3.8, "educacion_ratio_publico_privado": 3.0, "ranking_infraestructura": 378, "percentil_infraestructura": 23.7 }, "geometry": { "type": "Point", "coordinates": [ -64.144607787168994, -31.366869744123001 ] } },
{ "type": "Feature", "properties": { "barrio": "PIEDRAS BLANCAS", "poblacion": 500.0, "hogares": 200.0, "nbi": 0.0, "pct_nbi": 0.0, "escuelas_total": 0, "escuelas_estatales": 0, "escuelas_privadas": 0, "dispensarios_municipales": 0, "paradas_colectivo": 5, "lineas_colectivo": 1, "luminarias_reportes": 0, "comisarias": 0, "centros_vecinales": 0, "poblacion_log": 6.217, "pct_escuelas_privadas": 0.0, "escuelas_por_1000_hab": 0.0, "dispensarios_por_10000_hab": 0.0, "comisarias_por_10000_hab": 0.0, "paradas_por_1000_hab": 10.0, "centros_vecinales_por_10000_hab": 0.0, "tiene_escuela": 0, "tiene_dispensario": 0, "tiene_comisaria": 0, "tiene_transporte": 1, "infraestructura_score": 0.1852, "tamano_promedio_hogar": 2.5, "educacion_ratio_publico_privado": 0.0, "ranking_infraestructura": 237, "percentil_infraestructura": 52.0 }, "geometry": { "type": "Point", "coordinates": [ -64.1625623852958, -31.482836769504701 ] } },
{ "type": "Feature", "properties": { "barrio": "POETA LUGONES", "poblacion": 7839.0, "hogares": 2591.0, "nbi": 14.0, "pct_nbi": 0.54, "escuelas_total": 7, "escuelas_estatales": 6, "escuelas_privadas": 1, "dispensarios_municipales": 0, "paradas_colectivo": 31, "lineas_colectivo": 5, "luminarias_reportes": 992, "comisarias": 0, "centros_vecinales": 1, "poblacion_log": 8.967, "pct_escuelas_privadas": 0.143, "escuelas_por_1000_hab": 0.89, "dispensarios_por_10000_hab": 0.0, "comisarias_por_10000_hab": 0.0, "paradas_por_1000_hab": 3.95, "centros_vecinales_por_10000_hab": 1.28, "tiene_escuela": 1, "tiene_dispensario": 0, "tiene_comisaria": 0, "tiene_transporte": 1, "infraestructura_score": 0.1349, "tamano_promedio_hogar": 3.03, "educacion_ratio_publico_privado": 6.0, "ranking_infraestructura": 310, "percentil_infraestructura": 37.4 }, "geometry": { "type": "Point", "coordinates": [ -64.211930715689803, -31.3609843553083 ] } },
{ "type": "Feature", "properties": { "barrio": "POLICARPIO CABRAL", "poblacion": 517.0, "hogares": 200.0, "nbi": 5.0, "pct_nbi": 2.5, "escuelas_total": 0, "escuelas_estatales": 0, "escuelas_privadas": 0, "dispensarios_municipales": 0, "paradas_colectivo": 10, "lineas_colectivo": 2, "luminarias_reportes": 0, "comisarias": 0, "centros_vecinales": 0, "poblacion_log": 6.25, "pct_escuelas_privadas": 0.0, "escuelas_por_1000_hab": 0.0, "dispensarios_por_10000_hab": 0.0, "comisarias_por_10000_hab": 0.0, "paradas_por_1000_hab": 19.34, "centros_vecinales_por_10000_hab": 0.0, "tiene_escuela": 0, "tiene_dispensario": 0, "tiene_comisaria": 0, "tiene_transporte": 1, "infraestructura_score": 0.3581, "tamano_promedio_hogar": 2.58, "educacion_ratio_publico_privado": 0.0, "ranking_infraestructura": 99, "percentil_infraestructura": 80.2 }, "geometry": { "type": "Point", "coordinates": [ -64.137900695588399, -31.4365154316367 ] } },
{ "type": "Feature", "properties": { "barrio": "POLICIAL", "poblacion": 9360.0, "hogares": 2424.0, "nbi": 312.0, "pct_nbi": 12.87, "escuelas_total": 0, "escuelas_estatales": 0, "escuelas_privadas": 0, "dispensarios_municipales": 1, "paradas_colectivo": 2, "lineas_colectivo": 1, "luminarias_reportes": 65, "comisarias": 0, "centros_vecinales": 1, "poblacion_log": 9.144, "pct_escuelas_privadas": 0.0, "escuelas_por_1000_hab": 0.0, "dispensarios_por_10000_hab": 1.07, "comisarias_por_10000_hab": 0.0, "paradas_por_1000_hab": 0.21, "centros_vecinales_por_10000_hab": 1.07, "tiene_escuela": 0, "tiene_dispensario": 1, "tiene_comisaria": 0, "tiene_transporte": 1, "infraestructura_score": 0.0396, "tamano_promedio_hogar": 3.86, "educacion_ratio_publico_privado": 0.0, "ranking_infraestructura": 444, "percentil_infraestructura": 10.3 }, "geometry": { "type": "Point", "coordinates": [ -64.264963098143397, -31.315519812503251 ] } },
{ "type": "Feature", "properties": { "barrio": "PORTAL DE CORDOBA", "poblacion": 2234.0, "hogares": 535.0, "nbi": 20.0, "pct_nbi": 3.74, "escuelas_total": 0, "escuelas_estatales": 0, "escuelas_privadas": 0, "dispensarios_municipales": 0, "paradas_colectivo": 3, "lineas_colectivo": 1, "luminarias_reportes": 38, "comisarias": 0, "centros_vecinales": 0, "poblacion_log": 7.712, "pct_escuelas_privadas": 0.0, "escuelas_por_1000_hab": 0.0, "dispensarios_por_10000_hab": 0.0, "comisarias_por_10000_hab": 0.0, "paradas_por_1000_hab": 1.34, "centros_vecinales_por_10000_hab": 0.0, "tiene_escuela": 0, "tiene_dispensario": 0, "tiene_comisaria": 0, "tiene_transporte": 1, "infraestructura_score": 0.0248, "tamano_promedio_hogar": 4.18, "educacion_ratio_publico_privado": 0.0, "ranking_infraestructura": 459, "percentil_infraestructura": 7.3 }, "geometry": { "type": "Point", "coordinates": [ -64.109445494429295, -31.4442984208467 ] } },
{ "type": "Feature", "properties": { "barrio": "PORTAL DEL JACARANDA", "poblacion": 500.0, "hogares": 200.0, "nbi": 2.0, "pct_nbi": 1.0, "escuelas_total": 1, "escuelas_estatales": 0, "escuelas_privadas": 1, "dispensarios_municipales": 0, "paradas_colectivo": 9, "lineas_colectivo": 3, "luminarias_reportes": 0, "comisarias": 0, "centros_vecinales": 0, "poblacion_log": 6.217, "pct_escuelas_privadas": 1.0, "escuelas_por_1000_hab": 2.0, "dispensarios_por_10000_hab": 0.0, "comisarias_por_10000_hab": 0.0, "paradas_por_1000_hab": 18.0, "centros_vecinales_por_10000_hab": 0.0, "tiene_escuela": 1, "tiene_dispensario": 0, "tiene_comisaria": 0, "tiene_transporte": 1, "infraestructura_score": 0.4721, "tamano_promedio_hogar": 2.5, "educacion_ratio_publico_privado": 0.0, "ranking_infraestructura": 55, "percentil_infraestructura": 89.1 }, "geometry": { "type": "Point", "coordinates": [ -64.288991381410696, -31.3439690435074 ] } },
{ "type": "Feature", "properties": { "barrio": "POSTA DE VARGAS", "poblacion": 719.0, "hogares": 200.0, "nbi": 5.0, "pct_nbi": 2.5, "escuelas_total": 3, "escuelas_estatales": 3, "escuelas_privadas": 0, "dispensarios_municipales": 0, "paradas_colectivo": 4, "lineas_colectivo": 2, "luminarias_reportes": 3, "comisarias": 0, "centros_vecinales": 1, "poblacion_log": 6.579, "pct_escuelas_privadas": 0.0, "escuelas_por_1000_hab": 4.17, "dispensarios_por_10000_hab": 0.0, "comisarias_por_10000_hab": 0.0, "paradas_por_1000_hab": 5.56, "centros_vecinales_por_10000_hab": 13.91, "tiene_escuela": 1, "tiene_dispensario": 0, "tiene_comisaria": 0, "tiene_transporte": 1, "infraestructura_score": 0.3923, "tamano_promedio_hogar": 3.6, "educacion_ratio_publico_privado": 3.0, "ranking_infraestructura": 81, "percentil_infraestructura": 83.8 }, "geometry": { "type": "Point", "coordinates": [ -64.194160517463104, -31.479894648273401 ] } },
{ "type": "Feature", "properties": { "barrio": "PRIMERA JUNTA", "poblacion": 783.0, "hogares": 253.0, "nbi": 3.0, "pct_nbi": 1.19, "escuelas_total": 0, "escuelas_estatales": 0, "escuelas_privadas": 0, "dispensarios_municipales": 0, "paradas_colectivo": 10, "lineas_colectivo": 4, "luminarias_reportes": 0, "comisarias": 0, "centros_vecinales": 1, "poblacion_log": 6.664, "pct_escuelas_privadas": 0.0, "escuelas_por_1000_hab": 0.0, "dispensarios_por_10000_hab": 0.0, "comisarias_por_10000_hab": 0.0, "paradas_por_1000_hab": 12.77, "centros_vecinales_por_10000_hab": 12.77, "tiene_escuela": 0, "tiene_dispensario": 0, "tiene_comisaria": 0, "tiene_transporte": 1, "infraestructura_score": 0.2365, "tamano_promedio_hogar": 3.09, "educacion_ratio_publico_privado": 0.0, "ranking_infraestructura": 183, "percentil_infraestructura": 63.2 }, "geometry": { "type": "Point", "coordinates": [ -64.227764470851398, -31.426221702012299 ] } },
{ "type": "Feature", "properties": { "barrio": "PROVIDENCIA", "poblacion": 4998.0, "hogares": 1856.0, "nbi": 148.0, "pct_nbi": 7.97, "escuelas_total": 0, "escuelas_estatales": 0, "escuelas_privadas": 0, "dispensarios_municipales": 0, "paradas_colectivo": 30, "lineas_colectivo": 21, "luminarias_reportes": 405, "comisarias": 0, "centros_vecinales": 1, "poblacion_log": 8.517, "pct_escuelas_privadas": 0.0, "escuelas_por_1000_hab": 0.0, "dispensarios_por_10000_hab": 0.0, "comisarias_por_10000_hab": 0.0, "paradas_por_1000_hab": 6.0, "centros_vecinales_por_10000_hab": 2.0, "tiene_escuela": 0, "tiene_dispensario": 0, "tiene_comisaria": 0, "tiene_transporte": 1, "infraestructura_score": 0.1111, "tamano_promedio_hogar": 2.69, "educacion_ratio_publico_privado": 0.0, "ranking_infraestructura": 347, "percentil_infraestructura": 29.1 }, "geometry": { "type": "Point", "coordinates": [ -64.200771842818597, -31.400788548213299 ] } },
{ "type": "Feature", "properties": { "barrio": "PUENTE BLANCO", "poblacion": 1157.0, "hogares": 354.0, "nbi": 14.0, "pct_nbi": 3.95, "escuelas_total": 0, "escuelas_estatales": 0, "escuelas_privadas": 0, "dispensarios_municipales": 0, "paradas_colectivo": 5, "lineas_colectivo": 2, "luminarias_reportes": 68, "comisarias": 0, "centros_vecinales": 1, "poblacion_log": 7.054, "pct_escuelas_privadas": 0.0, "escuelas_por_1000_hab": 0.0, "dispensarios_por_10000_hab": 0.0, "comisarias_por_10000_hab": 0.0, "paradas_por_1000_hab": 4.32, "centros_vecinales_por_10000_hab": 8.64, "tiene_escuela": 0, "tiene_dispensario": 0, "tiene_comisaria": 0, "tiene_transporte": 1, "infraestructura_score": 0.08, "tamano_promedio_hogar": 3.27, "educacion_ratio_publico_privado": 0.0, "ranking_infraestructura": 399, "percentil_infraestructura": 19.4 }, "geometry": { "type": "Point", "coordinates": [ -64.235425989044899, -31.410208843848199 ] } },
{ "type": "Feature", "properties": { "barrio": "QUEBRADA DE LAS ROSAS", "poblacion": 4842.0, "hogares": 1503.0, "nbi": 20.0, "pct_nbi": 1.33, "escuelas_total": 3, "escuelas_estatales": 3, "escuelas_privadas": 0, "dispensarios_municipales": 0, "paradas_colectivo": 21, "lineas_colectivo": 7, "luminarias_reportes": 568, "comisarias": 0, "centros_vecinales": 0, "poblacion_log": 8.485, "pct_escuelas_privadas": 0.0, "escuelas_por_1000_hab": 0.62, "dispensarios_por_10000_hab": 0.0, "comisarias_por_10000_hab": 0.0, "paradas_por_1000_hab": 4.34, "centros_vecinales_por_10000_hab": 0.0, "tiene_escuela": 1, "tiene_dispensario": 0, "tiene_comisaria": 0, "tiene_transporte": 1, "infraestructura_score": 0.1234, "tamano_promedio_hogar": 3.22, "educacion_ratio_publico_privado": 3.0, "ranking_infraestructura": 324, "percentil_infraestructura": 34.6 }, "geometry": { "type": "Point", "coordinates": [ -64.255763652992798, -31.391120467937899 ] } },
{ "type": "Feature", "properties": { "barrio": "QUINTA SANTA ANA", "poblacion": 648.0, "hogares": 242.0, "nbi": 0.0, "pct_nbi": 0.0, "escuelas_total": 0, "escuelas_estatales": 0, "escuelas_privadas": 0, "dispensarios_municipales": 0, "paradas_colectivo": 4, "lineas_colectivo": 3, "luminarias_reportes": 11, "comisarias": 0, "centros_vecinales": 0, "poblacion_log": 6.475, "pct_escuelas_privadas": 0.0, "escuelas_por_1000_hab": 0.0, "dispensarios_por_10000_hab": 0.0, "comisarias_por_10000_hab": 0.0, "paradas_por_1000_hab": 6.17, "centros_vecinales_por_10000_hab": 0.0, "tiene_escuela": 0, "tiene_dispensario": 0, "tiene_comisaria": 0, "tiene_transporte": 1, "infraestructura_score": 0.1143, "tamano_promedio_hogar": 2.68, "educacion_ratio_publico_privado": 0.0, "ranking_infraestructura": 336, "percentil_infraestructura": 32.2 }, "geometry": { "type": "Point", "coordinates": [ -64.204155579347599, -31.4116430526547 ] } },
{ "type": "Feature", "properties": { "barrio": "QUINTAS DE ARGUELLO", "poblacion": 649.0, "hogares": 205.0, "nbi": 2.0, "pct_nbi": 0.98, "escuelas_total": 7, "escuelas_estatales": 5, "escuelas_privadas": 2, "dispensarios_municipales": 0, "paradas_colectivo": 10, "lineas_colectivo": 3, "luminarias_reportes": 0, "comisarias": 1, "centros_vecinales": 1, "poblacion_log": 6.477, "pct_escuelas_privadas": 0.286, "escuelas_por_1000_hab": 4.8035, "dispensarios_por_10000_hab": 0.0, "comisarias_por_10000_hab": 1.5585, "paradas_por_1000_hab": 15.41, "centros_vecinales_por_10000_hab": 15.41, "tiene_escuela": 1, "tiene_dispensario": 0, "tiene_comisaria": 1, "tiene_transporte": 1, "infraestructura_score": 0.7298, "tamano_promedio_hogar": 3.17, "educacion_ratio_publico_privado": 2.5, "ranking_infraestructura": 13, "percentil_infraestructura": 97.6 }, "geometry": { "type": "Point", "coordinates": [ -64.271305642959902, -31.3400189964185 ] } },
{ "type": "Feature", "properties": { "barrio": "QUINTAS DE FLORES", "poblacion": 500.0, "hogares": 200.0, "nbi": 0.0, "pct_nbi": 0.0, "escuelas_total": 0, "escuelas_estatales": 0, "escuelas_privadas": 0, "dispensarios_municipales": 0, "paradas_colectivo": 10, "lineas_colectivo": 1, "luminarias_reportes": 5, "comisarias": 0, "centros_vecinales": 0, "poblacion_log": 6.217, "pct_escuelas_privadas": 0.0, "escuelas_por_1000_hab": 0.0, "dispensarios_por_10000_hab": 0.0, "comisarias_por_10000_hab": 0.0, "paradas_por_1000_hab": 20.0, "centros_vecinales_por_10000_hab": 0.0, "tiene_escuela": 0, "tiene_dispensario": 0, "tiene_comisaria": 0, "tiene_transporte": 1, "infraestructura_score": 0.3704, "tamano_promedio_hogar": 2.5, "educacion_ratio_publico_privado": 0.0, "ranking_infraestructura": 90, "percentil_infraestructura": 81.8 }, "geometry": { "type": "Point", "coordinates": [ -64.163666961067193, -31.489414830170599 ] } },
{ "type": "Feature", "properties": { "barrio": "QUINTAS DE ITALIA", "poblacion": 500.0, "hogares": 200.0, "nbi": 3.0, "pct_nbi": 1.5, "escuelas_total": 0, "escuelas_estatales": 0, "escuelas_privadas": 0, "dispensarios_municipales": 0, "paradas_colectivo": 0, "lineas_colectivo": 0, "luminarias_reportes": 52, "comisarias": 0, "centros_vecinales": 0, "poblacion_log": 6.217, "pct_escuelas_privadas": 0.0, "escuelas_por_1000_hab": 0.0, "dispensarios_por_10000_hab": 0.0, "comisarias_por_10000_hab": 0.0, "paradas_por_1000_hab": 0.0, "centros_vecinales_por_10000_hab": 0.0, "tiene_escuela": 0, "tiene_dispensario": 0, "tiene_comisaria": 0, "tiene_transporte": 0, "infraestructura_score": 0.0, "tamano_promedio_hogar": 2.5, "educacion_ratio_publico_privado": 0.0, "ranking_infraestructura": 469, "percentil_infraestructura": 2.7 }, "geometry": { "type": "Point", "coordinates": [ -64.177191210218993, -31.497984297096401 ] } },
{ "type": "Feature", "properties": { "barrio": "QUINTAS DE SAN JORGE", "poblacion": 1537.0, "hogares": 340.0, "nbi": 46.0, "pct_nbi": 13.53, "escuelas_total": 1, "escuelas_estatales": 1, "escuelas_privadas": 0, "dispensarios_municipales": 1, "paradas_colectivo": 4, "lineas_colectivo": 2, "luminarias_reportes": 28, "comisarias": 0, "centros_vecinales": 2, "poblacion_log": 7.338, "pct_escuelas_privadas": 0.0, "escuelas_por_1000_hab": 0.65, "dispensarios_por_10000_hab": 6.51, "comisarias_por_10000_hab": 0.0, "paradas_por_1000_hab": 2.6, "centros_vecinales_por_10000_hab": 13.01, "tiene_escuela": 1, "tiene_dispensario": 1, "tiene_comisaria": 0, "tiene_transporte": 1, "infraestructura_score": 0.3106, "tamano_promedio_hogar": 4.52, "educacion_ratio_publico_privado": 1.0, "ranking_infraestructura": 123, "percentil_infraestructura": 75.3 }, "geometry": { "type": "Point", "coordinates": [ -64.130640825516394, -31.374043152268801 ] } },
{ "type": "Feature", "properties": { "barrio": "RAMON J CARCANO", "poblacion": 2031.0, "hogares": 532.0, "nbi": 50.0, "pct_nbi": 9.4, "escuelas_total": 3, "escuelas_estatales": 3, "escuelas_privadas": 0, "dispensarios_municipales": 0, "paradas_colectivo": 6, "lineas_colectivo": 4, "luminarias_reportes": 44, "comisarias": 0, "centros_vecinales": 1, "poblacion_log": 7.617, "pct_escuelas_privadas": 0.0, "escuelas_por_1000_hab": 1.48, "dispensarios_por_10000_hab": 0.0, "comisarias_por_10000_hab": 0.0, "paradas_por_1000_hab": 2.95, "centros_vecinales_por_10000_hab": 4.92, "tiene_escuela": 1, "tiene_dispensario": 0, "tiene_comisaria": 0, "tiene_transporte": 1, "infraestructura_score": 0.1573, "tamano_promedio_hogar": 3.82, "educacion_ratio_publico_privado": 3.0, "ranking_infraestructura": 275, "percentil_infraestructura": 44.5 }, "geometry": { "type": "Point", "coordinates": [ -64.137670360633194, -31.463692802931 ] } },
{ "type": "Feature", "properties": { "barrio": "RECREO DEL NORTE", "poblacion": 2032.0, "hogares": 487.0, "nbi": 61.0, "pct_nbi": 12.53, "escuelas_total": 0, "escuelas_estatales": 0, "escuelas_privadas": 0, "dispensarios_municipales": 0, "paradas_colectivo": 0, "lineas_colectivo": 0, "luminarias_reportes": 15, "comisarias": 0, "centros_vecinales": 0, "poblacion_log": 7.617, "pct_escuelas_privadas": 0.0, "escuelas_por_1000_hab": 0.0, "dispensarios_por_10000_hab": 0.0, "comisarias_por_10000_hab": 0.0, "paradas_por_1000_hab": 0.0, "centros_vecinales_por_10000_hab": 0.0, "tiene_escuela": 0, "tiene_dispensario": 0, "tiene_comisaria": 0, "tiene_transporte": 0, "infraestructura_score": 0.0, "tamano_promedio_hogar": 4.17, "educacion_ratio_publico_privado": 0.0, "ranking_infraestructura": 469, "percentil_infraestructura": 2.7 }, "geometry": { "type": "Point", "coordinates": [ -64.167325622174005, -31.312353963476699 ] } },
{ "type": "Feature", "properties": { "barrio": "REMEDIOS DE ESCALADA", "poblacion": 4565.0, "hogares": 1256.0, "nbi": 150.0, "pct_nbi": 11.94, "escuelas_total": 7, "escuelas_estatales": 7, "escuelas_privadas": 0, "dispensarios_municipales": 0, "paradas_colectivo": 0, "lineas_colectivo": 0, "luminarias_reportes": 17, "comisarias": 0, "centros_vecinales": 1, "poblacion_log": 8.426, "pct_escuelas_privadas": 0.0, "escuelas_por_1000_hab": 1.53, "dispensarios_por_10000_hab": 0.0, "comisarias_por_10000_hab": 0.0, "paradas_por_1000_hab": 0.0, "centros_vecinales_por_10000_hab": 2.19, "tiene_escuela": 1, "tiene_dispensario": 0, "tiene_comisaria": 0, "tiene_transporte": 0, "infraestructura_score": 0.1062, "tamano_promedio_hogar": 3.63, "educacion_ratio_publico_privado": 7.0, "ranking_infraestructura": 363, "percentil_infraestructura": 26.7 }, "geometry": { "type": "Point", "coordinates": [ -64.186992017723199, -31.342130023804302 ] } },
{ "type": "Feature", "properties": { "barrio": "RENACIMIENTO", "poblacion": 2927.0, "hogares": 699.0, "nbi": 71.0, "pct_nbi": 10.16, "escuelas_total": 1, "escuelas_estatales": 1, "escuelas_privadas": 0, "dispensarios_municipales": 0, "paradas_colectivo": 13, "lineas_colectivo": 1, "luminarias_reportes": 2, "comisarias": 0, "centros_vecinales": 1, "poblacion_log": 7.982, "pct_escuelas_privadas": 0.0, "escuelas_por_1000_hab": 0.34, "dispensarios_por_10000_hab": 0.0, "comisarias_por_10000_hab": 0.0, "paradas_por_1000_hab": 4.44, "centros_vecinales_por_10000_hab": 3.42, "tiene_escuela": 1, "tiene_dispensario": 0, "tiene_comisaria": 0, "tiene_transporte": 1, "infraestructura_score": 0.1058, "tamano_promedio_hogar": 4.19, "educacion_ratio_publico_privado": 1.0, "ranking_infraestructura": 365, "percentil_infraestructura": 26.3 }, "geometry": { "type": "Point", "coordinates": [ -64.121277022138301, -31.418324140871199 ] } },
{ "type": "Feature", "properties": { "barrio": "RENE FAVALORO", "poblacion": 1012.0, "hogares": 296.0, "nbi": 1.0, "pct_nbi": 0.34, "escuelas_total": 3, "escuelas_estatales": 3, "escuelas_privadas": 0, "dispensarios_municipales": 0, "paradas_colectivo": 5, "lineas_colectivo": 1, "luminarias_reportes": 267, "comisarias": 0, "centros_vecinales": 1, "poblacion_log": 6.921, "pct_escuelas_privadas": 0.0, "escuelas_por_1000_hab": 2.96, "dispensarios_por_10000_hab": 0.0, "comisarias_por_10000_hab": 0.0, "paradas_por_1000_hab": 4.94, "centros_vecinales_por_10000_hab": 9.88, "tiene_escuela": 1, "tiene_dispensario": 0, "tiene_comisaria": 0, "tiene_transporte": 1, "infraestructura_score": 0.2969, "tamano_promedio_hogar": 3.42, "educacion_ratio_publico_privado": 3.0, "ranking_infraestructura": 131, "percentil_infraestructura": 73.7 }, "geometry": { "type": "Point", "coordinates": [ -64.231910285769303, -31.409199946721799 ] } },
{ "type": "Feature", "properties": { "barrio": "RENE FAVALORO II", "poblacion": 1536.0, "hogares": 470.0, "nbi": 9.0, "pct_nbi": 1.91, "escuelas_total": 0, "escuelas_estatales": 0, "escuelas_privadas": 0, "dispensarios_municipales": 0, "paradas_colectivo": 4, "lineas_colectivo": 2, "luminarias_reportes": 0, "comisarias": 0, "centros_vecinales": 1, "poblacion_log": 7.338, "pct_escuelas_privadas": 0.0, "escuelas_por_1000_hab": 0.0, "dispensarios_por_10000_hab": 0.0, "comisarias_por_10000_hab": 0.0, "paradas_por_1000_hab": 2.6, "centros_vecinales_por_10000_hab": 6.51, "tiene_escuela": 0, "tiene_dispensario": 0, "tiene_comisaria": 0, "tiene_transporte": 1, "infraestructura_score": 0.0481, "tamano_promedio_hogar": 3.27, "educacion_ratio_publico_privado": 0.0, "ranking_infraestructura": 436, "percentil_infraestructura": 11.9 }, "geometry": { "type": "Point", "coordinates": [ -64.236142398795707, -31.448824229476902 ] } },
{ "type": "Feature", "properties": { "barrio": "RES CHATEAU CARRERAS CO VI CO", "poblacion": 500.0, "hogares": 200.0, "nbi": 0.0, "pct_nbi": 0.0, "escuelas_total": 0, "escuelas_estatales": 0, "escuelas_privadas": 0, "dispensarios_municipales": 0, "paradas_colectivo": 5, "lineas_colectivo": 2, "luminarias_reportes": 0, "comisarias": 0, "centros_vecinales": 0, "poblacion_log": 6.217, "pct_escuelas_privadas": 0.0, "escuelas_por_1000_hab": 0.0, "dispensarios_por_10000_hab": 0.0, "comisarias_por_10000_hab": 0.0, "paradas_por_1000_hab": 10.0, "centros_vecinales_por_10000_hab": 0.0, "tiene_escuela": 0, "tiene_dispensario": 0, "tiene_comisaria": 0, "tiene_transporte": 1, "infraestructura_score": 0.1852, "tamano_promedio_hogar": 2.5, "educacion_ratio_publico_privado": 0.0, "ranking_infraestructura": 237, "percentil_infraestructura": 52.0 }, "geometry": { "type": "Point", "coordinates": [ -64.262581205756206, -31.391122781028798 ] } },
{ "type": "Feature", "properties": { "barrio": "RESIDENCIAL AMERICA", "poblacion": 6874.0, "hogares": 2183.0, "nbi": 50.0, "pct_nbi": 2.29, "escuelas_total": 6, "escuelas_estatales": 3, "escuelas_privadas": 3, "dispensarios_municipales": 0, "paradas_colectivo": 13, "lineas_colectivo": 4, "luminarias_reportes": 64, "comisarias": 1, "centros_vecinales": 1, "poblacion_log": 8.836, "pct_escuelas_privadas": 0.5, "escuelas_por_1000_hab": 0.87, "dispensarios_por_10000_hab": 0.0, "comisarias_por_10000_hab": 1.45, "paradas_por_1000_hab": 1.89, "centros_vecinales_por_10000_hab": 1.45, "tiene_escuela": 1, "tiene_dispensario": 0, "tiene_comisaria": 1, "tiene_transporte": 1, "infraestructura_score": 0.1987, "tamano_promedio_hogar": 3.15, "educacion_ratio_publico_privado": 1.0, "ranking_infraestructura": 221, "percentil_infraestructura": 55.5 }, "geometry": { "type": "Point", "coordinates": [ -64.161888299370403, -31.3823716514569 ] } },
{ "type": "Feature", "properties": { "barrio": "RESIDENCIAL ARAGON", "poblacion": 1719.0, "hogares": 432.0, "nbi": 55.0, "pct_nbi": 12.73, "escuelas_total": 0, "escuelas_estatales": 0, "escuelas_privadas": 0, "dispensarios_municipales": 0, "paradas_colectivo": 5, "lineas_colectivo": 1, "luminarias_reportes": 5, "comisarias": 0, "centros_vecinales": 0, "poblacion_log": 7.45, "pct_escuelas_privadas": 0.0, "escuelas_por_1000_hab": 0.0, "dispensarios_por_10000_hab": 0.0, "comisarias_por_10000_hab": 0.0, "paradas_por_1000_hab": 2.91, "centros_vecinales_por_10000_hab": 0.0, "tiene_escuela": 0, "tiene_dispensario": 0, "tiene_comisaria": 0, "tiene_transporte": 1, "infraestructura_score": 0.0539, "tamano_promedio_hogar": 3.98, "educacion_ratio_publico_privado": 0.0, "ranking_infraestructura": 433, "percentil_infraestructura": 12.4 }, "geometry": { "type": "Point", "coordinates": [ -64.130776697851502, -31.371526199782299 ] } },
{ "type": "Feature", "properties": { "barrio": "RESIDENCIAL OLIVOS", "poblacion": 971.0, "hogares": 311.0, "nbi": 4.0, "pct_nbi": 1.29, "escuelas_total": 1, "escuelas_estatales": 1, "escuelas_privadas": 0, "dispensarios_municipales": 0, "paradas_colectivo": 3, "lineas_colectivo": 3, "luminarias_reportes": 118, "comisarias": 0, "centros_vecinales": 1, "poblacion_log": 6.879, "pct_escuelas_privadas": 0.0, "escuelas_por_1000_hab": 1.03, "dispensarios_por_10000_hab": 0.0, "comisarias_por_10000_hab": 0.0, "paradas_por_1000_hab": 3.09, "centros_vecinales_por_10000_hab": 10.3, "tiene_escuela": 1, "tiene_dispensario": 0, "tiene_comisaria": 0, "tiene_transporte": 1, "infraestructura_score": 0.1287, "tamano_promedio_hogar": 3.12, "educacion_ratio_publico_privado": 1.0, "ranking_infraestructura": 319, "percentil_infraestructura": 35.6 }, "geometry": { "type": "Point", "coordinates": [ -64.2106558663057, -31.432758770391601 ] } },
{ "type": "Feature", "properties": { "barrio": "RESIDENCIAL SAN CARLOS", "poblacion": 2868.0, "hogares": 908.0, "nbi": 17.0, "pct_nbi": 1.87, "escuelas_total": 0, "escuelas_estatales": 0, "escuelas_privadas": 0, "dispensarios_municipales": 0, "paradas_colectivo": 11, "lineas_colectivo": 7, "luminarias_reportes": 672, "comisarias": 2, "centros_vecinales": 0, "poblacion_log": 7.962, "pct_escuelas_privadas": 0.0, "escuelas_por_1000_hab": 0.0, "dispensarios_por_10000_hab": 0.0, "comisarias_por_10000_hab": 1.5585, "paradas_por_1000_hab": 3.84, "centros_vecinales_por_10000_hab": 0.0, "tiene_escuela": 0, "tiene_dispensario": 0, "tiene_comisaria": 1, "tiene_transporte": 1, "infraestructura_score": 0.1822, "tamano_promedio_hogar": 3.16, "educacion_ratio_publico_privado": 0.0, "ranking_infraestructura": 241, "percentil_infraestructura": 51.4 }, "geometry": { "type": "Point", "coordinates": [ -64.165739386770895, -31.4440185024215 ] } },
{ "type": "Feature", "properties": { "barrio": "RESIDENCIAL SAN JORGE", "poblacion": 2240.0, "hogares": 584.0, "nbi": 72.0, "pct_nbi": 12.33, "escuelas_total": 2, "escuelas_estatales": 2, "escuelas_privadas": 0, "dispensarios_municipales": 0, "paradas_colectivo": 1, "lineas_colectivo": 1, "luminarias_reportes": 31, "comisarias": 0, "centros_vecinales": 1, "poblacion_log": 7.715, "pct_escuelas_privadas": 0.0, "escuelas_por_1000_hab": 0.89, "dispensarios_por_10000_hab": 0.0, "comisarias_por_10000_hab": 0.0, "paradas_por_1000_hab": 0.45, "centros_vecinales_por_10000_hab": 4.46, "tiene_escuela": 1, "tiene_dispensario": 0, "tiene_comisaria": 0, "tiene_transporte": 1, "infraestructura_score": 0.0701, "tamano_promedio_hogar": 3.84, "educacion_ratio_publico_privado": 2.0, "ranking_infraestructura": 419, "percentil_infraestructura": 15.4 }, "geometry": { "type": "Point", "coordinates": [ -64.129823770533193, -31.368856127022799 ] } },
{ "type": "Feature", "properties": { "barrio": "RESIDENCIAL SAN ROQUE", "poblacion": 13559.0, "hogares": 3398.0, "nbi": 501.0, "pct_nbi": 14.74, "escuelas_total": 8, "escuelas_estatales": 8, "escuelas_privadas": 0, "dispensarios_municipales": 1, "paradas_colectivo": 12, "lineas_colectivo": 2, "luminarias_reportes": 90, "comisarias": 0, "centros_vecinales": 2, "poblacion_log": 9.515, "pct_escuelas_privadas": 0.0, "escuelas_por_1000_hab": 0.59, "dispensarios_por_10000_hab": 0.74, "comisarias_por_10000_hab": 0.0, "paradas_por_1000_hab": 0.89, "centros_vecinales_por_10000_hab": 1.48, "tiene_escuela": 1, "tiene_dispensario": 1, "tiene_comisaria": 0, "tiene_transporte": 1, "infraestructura_score": 0.0821, "tamano_promedio_hogar": 3.99, "educacion_ratio_publico_privado": 8.0, "ranking_infraestructura": 397, "percentil_infraestructura": 19.8 }, "geometry": { "type": "Point", "coordinates": [ -64.247294783415398, -31.427038231408599 ] } },
{ "type": "Feature", "properties": { "barrio": "RESIDENCIAL SANTA ANA", "poblacion": 1547.0, "hogares": 474.0, "nbi": 13.0, "pct_nbi": 2.74, "escuelas_total": 0, "escuelas_estatales": 0, "escuelas_privadas": 0, "dispensarios_municipales": 0, "paradas_colectivo": 17, "lineas_colectivo": 6, "luminarias_reportes": 0, "comisarias": 0, "centros_vecinales": 1, "poblacion_log": 7.345, "pct_escuelas_privadas": 0.0, "escuelas_por_1000_hab": 0.0, "dispensarios_por_10000_hab": 0.0, "comisarias_por_10000_hab": 0.0, "paradas_por_1000_hab": 10.99, "centros_vecinales_por_10000_hab": 6.46, "tiene_escuela": 0, "tiene_dispensario": 0, "tiene_comisaria": 0, "tiene_transporte": 1, "infraestructura_score": 0.2035, "tamano_promedio_hogar": 3.26, "educacion_ratio_publico_privado": 0.0, "ranking_infraestructura": 217, "percentil_infraestructura": 56.3 }, "geometry": { "type": "Point", "coordinates": [ -64.214955153921693, -31.423846153847499 ] } },
{ "type": "Feature", "properties": { "barrio": "RESIDENCIAL SANTA ROSA", "poblacion": 2741.0, "hogares": 713.0, "nbi": 43.0, "pct_nbi": 6.03, "escuelas_total": 6, "escuelas_estatales": 4, "escuelas_privadas": 2, "dispensarios_municipales": 0, "paradas_colectivo": 7, "lineas_colectivo": 2, "luminarias_reportes": 0, "comisarias": 0, "centros_vecinales": 1, "poblacion_log": 7.916, "pct_escuelas_privadas": 0.333, "escuelas_por_1000_hab": 2.19, "dispensarios_por_10000_hab": 0.0, "comisarias_por_10000_hab": 0.0, "paradas_por_1000_hab": 2.55, "centros_vecinales_por_10000_hab": 3.65, "tiene_escuela": 1, "tiene_dispensario": 0, "tiene_comisaria": 0, "tiene_transporte": 1, "infraestructura_score": 0.1992, "tamano_promedio_hogar": 3.84, "educacion_ratio_publico_privado": 2.0, "ranking_infraestructura": 220, "percentil_infraestructura": 55.7 }, "geometry": { "type": "Point", "coordinates": [ -64.205335465474803, -31.477688749882098 ] } },
{ "type": "Feature", "properties": { "barrio": "RESIDENCIAL SUD", "poblacion": 947.0, "hogares": 282.0, "nbi": 5.0, "pct_nbi": 1.77, "escuelas_total": 1, "escuelas_estatales": 1, "escuelas_privadas": 0, "dispensarios_municipales": 0, "paradas_colectivo": 39, "lineas_colectivo": 10, "luminarias_reportes": 30, "comisarias": 0, "centros_vecinales": 1, "poblacion_log": 6.854, "pct_escuelas_privadas": 0.0, "escuelas_por_1000_hab": 1.06, "dispensarios_por_10000_hab": 0.0, "comisarias_por_10000_hab": 0.0, "paradas_por_1000_hab": 24.0, "centros_vecinales_por_10000_hab": 10.56, "tiene_escuela": 1, "tiene_dispensario": 0, "tiene_comisaria": 0, "tiene_transporte": 1, "infraestructura_score": 0.518, "tamano_promedio_hogar": 3.36, "educacion_ratio_publico_privado": 1.0, "ranking_infraestructura": 44, "percentil_infraestructura": 91.2 }, "geometry": { "type": "Point", "coordinates": [ -64.225444751209594, -31.466375472889698 ] } },
{ "type": "Feature", "properties": { "barrio": "RESIDENCIAL VELEZ SARSFIELD", "poblacion": 3161.0, "hogares": 1013.0, "nbi": 6.0, "pct_nbi": 0.59, "escuelas_total": 2, "escuelas_estatales": 2, "escuelas_privadas": 0, "dispensarios_municipales": 0, "paradas_colectivo": 14, "lineas_colectivo": 5, "luminarias_reportes": 372, "comisarias": 0, "centros_vecinales": 1, "poblacion_log": 8.059, "pct_escuelas_privadas": 0.0, "escuelas_por_1000_hab": 0.63, "dispensarios_por_10000_hab": 0.0, "comisarias_por_10000_hab": 0.0, "paradas_por_1000_hab": 4.43, "centros_vecinales_por_10000_hab": 3.16, "tiene_escuela": 1, "tiene_dispensario": 0, "tiene_comisaria": 0, "tiene_transporte": 1, "infraestructura_score": 0.1258, "tamano_promedio_hogar": 3.12, "educacion_ratio_publico_privado": 2.0, "ranking_infraestructura": 322, "percentil_infraestructura": 35.0 }, "geometry": { "type": "Point", "coordinates": [ -64.209124718755405, -31.448884180452399 ] } },
{ "type": "Feature", "properties": { "barrio": "RIVADAVIA", "poblacion": 3105.0, "hogares": 1064.0, "nbi": 25.0, "pct_nbi": 2.35, "escuelas_total": 0, "escuelas_estatales": 0, "escuelas_privadas": 0, "dispensarios_municipales": 0, "paradas_colectivo": 14, "lineas_colectivo": 11, "luminarias_reportes": 37, "comisarias": 0, "centros_vecinales": 1, "poblacion_log": 8.041, "pct_escuelas_privadas": 0.0, "escuelas_por_1000_hab": 0.0, "dispensarios_por_10000_hab": 0.0, "comisarias_por_10000_hab": 0.0, "paradas_por_1000_hab": 4.51, "centros_vecinales_por_10000_hab": 3.22, "tiene_escuela": 0, "tiene_dispensario": 0, "tiene_comisaria": 0, "tiene_transporte": 1, "infraestructura_score": 0.0835, "tamano_promedio_hogar": 2.92, "educacion_ratio_publico_privado": 0.0, "ranking_infraestructura": 393, "percentil_infraestructura": 20.5 }, "geometry": { "type": "Point", "coordinates": [ -64.1487458501079, -31.432367391206 ] } },
{ "type": "Feature", "properties": { "barrio": "RIVERA INDARTE", "poblacion": 1742.0, "hogares": 517.0, "nbi": 23.0, "pct_nbi": 4.45, "escuelas_total": 0, "escuelas_estatales": 0, "escuelas_privadas": 0, "dispensarios_municipales": 0, "paradas_colectivo": 6, "lineas_colectivo": 2, "luminarias_reportes": 301, "comisarias": 0, "centros_vecinales": 1, "poblacion_log": 7.463, "pct_escuelas_privadas": 0.0, "escuelas_por_1000_hab": 0.0, "dispensarios_por_10000_hab": 0.0, "comisarias_por_10000_hab": 0.0, "paradas_por_1000_hab": 3.44, "centros_vecinales_por_10000_hab": 5.74, "tiene_escuela": 0, "tiene_dispensario": 0, "tiene_comisaria": 0, "tiene_transporte": 1, "infraestructura_score": 0.0637, "tamano_promedio_hogar": 3.37, "educacion_ratio_publico_privado": 0.0, "ranking_infraestructura": 427, "percentil_infraestructura": 13.7 }, "geometry": { "type": "Point", "coordinates": [ -64.296330832544996, -31.333982397703 ] } },
{ "type": "Feature", "properties": { "barrio": "ROCIO", "poblacion": 500.0, "hogares": 200.0, "nbi": 0.0, "pct_nbi": 0.0, "escuelas_total": 0, "escuelas_estatales": 0, "escuelas_privadas": 0, "dispensarios_municipales": 0, "paradas_colectivo": 3, "lineas_colectivo": 1, "luminarias_reportes": 0, "comisarias": 0, "centros_vecinales": 1, "poblacion_log": 6.217, "pct_escuelas_privadas": 0.0, "escuelas_por_1000_hab": 0.0, "dispensarios_por_10000_hab": 0.0, "comisarias_por_10000_hab": 0.0, "paradas_por_1000_hab": 6.0, "centros_vecinales_por_10000_hab": 20.0, "tiene_escuela": 0, "tiene_dispensario": 0, "tiene_comisaria": 0, "tiene_transporte": 1, "infraestructura_score": 0.1111, "tamano_promedio_hogar": 2.5, "educacion_ratio_publico_privado": 0.0, "ranking_infraestructura": 347, "percentil_infraestructura": 29.1 }, "geometry": { "type": "Point", "coordinates": [ -64.280486929841871, -31.368172478299101 ] } },
{ "type": "Feature", "properties": { "barrio": "ROCIO DEL SUR", "poblacion": 500.0, "hogares": 200.0, "nbi": 0.0, "pct_nbi": 0.0, "escuelas_total": 0, "escuelas_estatales": 0, "escuelas_privadas": 0, "dispensarios_municipales": 0, "paradas_colectivo": 4, "lineas_colectivo": 1, "luminarias_reportes": 0, "comisarias": 0, "centros_vecinales": 0, "poblacion_log": 6.217, "pct_escuelas_privadas": 0.0, "escuelas_por_1000_hab": 0.0, "dispensarios_por_10000_hab": 0.0, "comisarias_por_10000_hab": 0.0, "paradas_por_1000_hab": 8.0, "centros_vecinales_por_10000_hab": 0.0, "tiene_escuela": 0, "tiene_dispensario": 0, "tiene_comisaria": 0, "tiene_transporte": 1, "infraestructura_score": 0.1481, "tamano_promedio_hogar": 2.5, "educacion_ratio_publico_privado": 0.0, "ranking_infraestructura": 288, "percentil_infraestructura": 41.2 }, "geometry": { "type": "Point", "coordinates": [ -64.191269302892707, -31.4868760584956 ] } },
{ "type": "Feature", "properties": { "barrio": "ROGELIO MARTINEZ", "poblacion": 1204.0, "hogares": 390.0, "nbi": 3.0, "pct_nbi": 0.77, "escuelas_total": 9, "escuelas_estatales": 9, "escuelas_privadas": 0, "dispensarios_municipales": 0, "paradas_colectivo": 12, "lineas_colectivo": 7, "luminarias_reportes": 13, "comisarias": 0, "centros_vecinales": 1, "poblacion_log": 7.094, "pct_escuelas_privadas": 0.0, "escuelas_por_1000_hab": 4.8035, "dispensarios_por_10000_hab": 0.0, "comisarias_por_10000_hab": 0.0, "paradas_por_1000_hab": 9.97, "centros_vecinales_por_10000_hab": 8.31, "tiene_escuela": 1, "tiene_dispensario": 0, "tiene_comisaria": 0, "tiene_transporte": 1, "infraestructura_score": 0.518, "tamano_promedio_hogar": 3.09, "educacion_ratio_publico_privado": 9.0, "ranking_infraestructura": 44, "percentil_infraestructura": 91.2 }, "geometry": { "type": "Point", "coordinates": [ -64.178200671303102, -31.438234606536898 ] } },
{ "type": "Feature", "properties": { "barrio": "ROSEDAL", "poblacion": 2314.0, "hogares": 755.0, "nbi": 6.0, "pct_nbi": 0.79, "escuelas_total": 2, "escuelas_estatales": 2, "escuelas_privadas": 0, "dispensarios_municipales": 0, "paradas_colectivo": 1, "lineas_colectivo": 1, "luminarias_reportes": 186, "comisarias": 0, "centros_vecinales": 2, "poblacion_log": 7.747, "pct_escuelas_privadas": 0.0, "escuelas_por_1000_hab": 0.86, "dispensarios_por_10000_hab": 0.0, "comisarias_por_10000_hab": 0.0, "paradas_por_1000_hab": 0.43, "centros_vecinales_por_10000_hab": 8.64, "tiene_escuela": 1, "tiene_dispensario": 0, "tiene_comisaria": 0, "tiene_transporte": 1, "infraestructura_score": 0.0676, "tamano_promedio_hogar": 3.06, "educacion_ratio_publico_privado": 2.0, "ranking_infraestructura": 423, "percentil_infraestructura": 14.6 }, "geometry": { "type": "Point", "coordinates": [ -64.226239429100104, -31.433977630522499 ] } },
{ "type": "Feature", "properties": { "barrio": "ROSEDAL ANEXO", "poblacion": 916.0, "hogares": 288.0, "nbi": 6.0, "pct_nbi": 2.08, "escuelas_total": 3, "escuelas_estatales": 3, "escuelas_privadas": 0, "dispensarios_municipales": 0, "paradas_colectivo": 5, "lineas_colectivo": 3, "luminarias_reportes": 0, "comisarias": 0, "centros_vecinales": 2, "poblacion_log": 6.821, "pct_escuelas_privadas": 0.0, "escuelas_por_1000_hab": 3.28, "dispensarios_por_10000_hab": 0.0, "comisarias_por_10000_hab": 0.0, "paradas_por_1000_hab": 5.46, "centros_vecinales_por_10000_hab": 21.83, "tiene_escuela": 1, "tiene_dispensario": 0, "tiene_comisaria": 0, "tiene_transporte": 1, "infraestructura_score": 0.3287, "tamano_promedio_hogar": 3.18, "educacion_ratio_publico_privado": 3.0, "ranking_infraestructura": 114, "percentil_infraestructura": 77.1 }, "geometry": { "type": "Point", "coordinates": [ -64.228573884051102, -31.4394090528371 ] } },
{ "type": "Feature", "properties": { "barrio": "SACHI", "poblacion": 1053.0, "hogares": 255.0, "nbi": 28.0, "pct_nbi": 10.98, "escuelas_total": 2, "escuelas_estatales": 2, "escuelas_privadas": 0, "dispensarios_municipales": 0, "paradas_colectivo": 10, "lineas_colectivo": 2, "luminarias_reportes": 2, "comisarias": 0, "centros_vecinales": 1, "poblacion_log": 6.96, "pct_escuelas_privadas": 0.0, "escuelas_por_1000_hab": 1.9, "dispensarios_por_10000_hab": 0.0, "comisarias_por_10000_hab": 0.0, "paradas_por_1000_hab": 9.5, "centros_vecinales_por_10000_hab": 9.5, "tiene_escuela": 1, "tiene_dispensario": 0, "tiene_comisaria": 0, "tiene_transporte": 1, "infraestructura_score": 0.3078, "tamano_promedio_hogar": 4.13, "educacion_ratio_publico_privado": 2.0, "ranking_infraestructura": 124, "percentil_infraestructura": 75.1 }, "geometry": { "type": "Point", "coordinates": [ -64.266307545617096, -31.453728814029802 ] } },
{ "type": "Feature", "properties": { "barrio": "SAN ANTONIO", "poblacion": 500.0, "hogares": 200.0, "nbi": 4.0, "pct_nbi": 2.0, "escuelas_total": 0, "escuelas_estatales": 0, "escuelas_privadas": 0, "dispensarios_municipales": 0, "paradas_colectivo": 11, "lineas_colectivo": 2, "luminarias_reportes": 2, "comisarias": 0, "centros_vecinales": 1, "poblacion_log": 6.217, "pct_escuelas_privadas": 0.0, "escuelas_por_1000_hab": 0.0, "dispensarios_por_10000_hab": 0.0, "comisarias_por_10000_hab": 0.0, "paradas_por_1000_hab": 22.0, "centros_vecinales_por_10000_hab": 20.0, "tiene_escuela": 0, "tiene_dispensario": 0, "tiene_comisaria": 0, "tiene_transporte": 1, "infraestructura_score": 0.4074, "tamano_promedio_hogar": 2.5, "educacion_ratio_publico_privado": 0.0, "ranking_infraestructura": 75, "percentil_infraestructura": 84.9 }, "geometry": { "type": "Point", "coordinates": [ -64.190516921807799, -31.4744328449938 ] } },
{ "type": "Feature", "properties": { "barrio": "SAN CAYETANO", "poblacion": 500.0, "hogares": 200.0, "nbi": 6.0, "pct_nbi": 3.0, "escuelas_total": 0, "escuelas_estatales": 0, "escuelas_privadas": 0, "dispensarios_municipales": 0, "paradas_colectivo": 9, "lineas_colectivo": 9, "luminarias_reportes": 14, "comisarias": 0, "centros_vecinales": 0, "poblacion_log": 6.217, "pct_escuelas_privadas": 0.0, "escuelas_por_1000_hab": 0.0, "dispensarios_por_10000_hab": 0.0, "comisarias_por_10000_hab": 0.0, "paradas_por_1000_hab": 18.0, "centros_vecinales_por_10000_hab": 0.0, "tiene_escuela": 0, "tiene_dispensario": 0, "tiene_comisaria": 0, "tiene_transporte": 1, "infraestructura_score": 0.3333, "tamano_promedio_hogar": 2.5, "educacion_ratio_publico_privado": 0.0, "ranking_infraestructura": 108, "percentil_infraestructura": 78.0 }, "geometry": { "type": "Point", "coordinates": [ -64.143519364687705, -31.436681628397199 ] } },
{ "type": "Feature", "properties": { "barrio": "SAN DANIEL", "poblacion": 1359.0, "hogares": 455.0, "nbi": 13.0, "pct_nbi": 2.86, "escuelas_total": 0, "escuelas_estatales": 0, "escuelas_privadas": 0, "dispensarios_municipales": 1, "paradas_colectivo": 8, "lineas_colectivo": 11, "luminarias_reportes": 158, "comisarias": 0, "centros_vecinales": 1, "poblacion_log": 7.215, "pct_escuelas_privadas": 0.0, "escuelas_por_1000_hab": 0.0, "dispensarios_por_10000_hab": 6.657, "comisarias_por_10000_hab": 0.0, "paradas_por_1000_hab": 5.89, "centros_vecinales_por_10000_hab": 7.36, "tiene_escuela": 0, "tiene_dispensario": 1, "tiene_comisaria": 0, "tiene_transporte": 1, "infraestructura_score": 0.3313, "tamano_promedio_hogar": 2.99, "educacion_ratio_publico_privado": 0.0, "ranking_infraestructura": 113, "percentil_infraestructura": 77.3 }, "geometry": { "type": "Point", "coordinates": [ -64.202706933683601, -31.448964866865101 ] } },
{ "type": "Feature", "properties": { "barrio": "SAN FELIPE", "poblacion": 2553.0, "hogares": 667.0, "nbi": 44.0, "pct_nbi": 6.6, "escuelas_total": 5, "escuelas_estatales": 5, "escuelas_privadas": 0, "dispensarios_municipales": 0, "paradas_colectivo": 4, "lineas_colectivo": 3, "luminarias_reportes": 20, "comisarias": 0, "centros_vecinales": 1, "poblacion_log": 7.845, "pct_escuelas_privadas": 0.0, "escuelas_por_1000_hab": 1.96, "dispensarios_por_10000_hab": 0.0, "comisarias_por_10000_hab": 0.0, "paradas_por_1000_hab": 1.57, "centros_vecinales_por_10000_hab": 3.92, "tiene_escuela": 1, "tiene_dispensario": 0, "tiene_comisaria": 0, "tiene_transporte": 1, "infraestructura_score": 0.1651, "tamano_promedio_hogar": 3.83, "educacion_ratio_publico_privado": 5.0, "ranking_infraestructura": 261, "percentil_infraestructura": 47.2 }, "geometry": { "type": "Point", "coordinates": [ -64.136040573816004, -31.456762922523801 ] } },
{ "type": "Feature", "properties": { "barrio": "SAN FERNANDO", "poblacion": 4094.0, "hogares": 1612.0, "nbi": 65.0, "pct_nbi": 4.03, "escuelas_total": 4, "escuelas_estatales": 2, "escuelas_privadas": 2, "dispensarios_municipales": 0, "paradas_colectivo": 9, "lineas_colectivo": 4, "luminarias_reportes": 246, "comisarias": 0, "centros_vecinales": 0, "poblacion_log": 8.318, "pct_escuelas_privadas": 0.5, "escuelas_por_1000_hab": 0.98, "dispensarios_por_10000_hab": 0.0, "comisarias_por_10000_hab": 0.0, "paradas_por_1000_hab": 2.2, "centros_vecinales_por_10000_hab": 0.0, "tiene_escuela": 1, "tiene_dispensario": 0, "tiene_comisaria": 0, "tiene_transporte": 1, "infraestructura_score": 0.1087, "tamano_promedio_hogar": 2.54, "educacion_ratio_publico_privado": 1.0, "ranking_infraestructura": 358, "percentil_infraestructura": 27.6 }, "geometry": { "type": "Point", "coordinates": [ -64.190485210172099, -31.447577162001298 ] } },
{ "type": "Feature", "properties": { "barrio": "SAN FRANCISCO", "poblacion": 1123.0, "hogares": 362.0, "nbi": 2.0, "pct_nbi": 0.55, "escuelas_total": 1, "escuelas_estatales": 1, "escuelas_privadas": 0, "dispensarios_municipales": 0, "paradas_colectivo": 6, "lineas_colectivo": 4, "luminarias_reportes": 133, "comisarias": 0, "centros_vecinales": 0, "poblacion_log": 7.025, "pct_escuelas_privadas": 0.0, "escuelas_por_1000_hab": 0.89, "dispensarios_por_10000_hab": 0.0, "comisarias_por_10000_hab": 0.0, "paradas_por_1000_hab": 5.34, "centros_vecinales_por_10000_hab": 0.0, "tiene_escuela": 1, "tiene_dispensario": 0, "tiene_comisaria": 0, "tiene_transporte": 1, "infraestructura_score": 0.1606, "tamano_promedio_hogar": 3.1, "educacion_ratio_publico_privado": 1.0, "ranking_infraestructura": 271, "percentil_infraestructura": 45.3 }, "geometry": { "type": "Point", "coordinates": [ -64.2113739415651, -31.426119682310699 ] } },
{ "type": "Feature", "properties": { "barrio": "SAN IGNACIO", "poblacion": 2787.0, "hogares": 755.0, "nbi": 82.0, "pct_nbi": 10.86, "escuelas_total": 1, "escuelas_estatales": 1, "escuelas_privadas": 0, "dispensarios_municipales": 0, "paradas_colectivo": 17, "lineas_colectivo": 3, "luminarias_reportes": 181, "comisarias": 0, "centros_vecinales": 1, "poblacion_log": 7.933, "pct_escuelas_privadas": 0.0, "escuelas_por_1000_hab": 0.36, "dispensarios_por_10000_hab": 0.0, "comisarias_por_10000_hab": 0.0, "paradas_por_1000_hab": 6.1, "centros_vecinales_por_10000_hab": 3.59, "tiene_escuela": 1, "tiene_dispensario": 0, "tiene_comisaria": 0, "tiene_transporte": 1, "infraestructura_score": 0.1379, "tamano_promedio_hogar": 3.69, "educacion_ratio_publico_privado": 1.0, "ranking_infraestructura": 308, "percentil_infraestructura": 37.9 }, "geometry": { "type": "Point", "coordinates": [ -64.248328176960499, -31.3901313573677 ] } },
{ "type": "Feature", "properties": { "barrio": "SAN JAVIER", "poblacion": 1637.0, "hogares": 413.0, "nbi": 36.0, "pct_nbi": 8.72, "escuelas_total": 2, "escuelas_estatales": 2, "escuelas_privadas": 0, "dispensarios_municipales": 0, "paradas_colectivo": 7, "lineas_colectivo": 1, "luminarias_reportes": 10, "comisarias": 0, "centros_vecinales": 0, "poblacion_log": 7.401, "pct_escuelas_privadas": 0.0, "escuelas_por_1000_hab": 1.22, "dispensarios_por_10000_hab": 0.0, "comisarias_por_10000_hab": 0.0, "paradas_por_1000_hab": 4.28, "centros_vecinales_por_10000_hab": 0.0, "tiene_escuela": 1, "tiene_dispensario": 0, "tiene_comisaria": 0, "tiene_transporte": 1, "infraestructura_score": 0.1639, "tamano_promedio_hogar": 3.96, "educacion_ratio_publico_privado": 2.0, "ranking_infraestructura": 268, "percentil_infraestructura": 46.0 }, "geometry": { "type": "Point", "coordinates": [ -64.101693838953807, -31.455673193755899 ] } },
{ "type": "Feature", "properties": { "barrio": "SAN JOSE", "poblacion": 548.0, "hogares": 200.0, "nbi": 2.0, "pct_nbi": 1.0, "escuelas_total": 1, "escuelas_estatales": 1, "escuelas_privadas": 0, "dispensarios_municipales": 0, "paradas_colectivo": 15, "lineas_colectivo": 4, "luminarias_reportes": 146, "comisarias": 0, "centros_vecinales": 1, "poblacion_log": 6.308, "pct_escuelas_privadas": 0.0, "escuelas_por_1000_hab": 1.82, "dispensarios_por_10000_hab": 0.0, "comisarias_por_10000_hab": 0.0, "paradas_por_1000_hab": 24.0, "centros_vecinales_por_10000_hab": 18.25, "tiene_escuela": 1, "tiene_dispensario": 0, "tiene_comisaria": 0, "tiene_transporte": 1, "infraestructura_score": 0.5707, "tamano_promedio_hogar": 2.74, "educacion_ratio_publico_privado": 1.0, "ranking_infraestructura": 34, "percentil_infraestructura": 93.3 }, "geometry": { "type": "Point", "coordinates": [ -64.289280525716805, -31.339664385095901 ] } },
{ "type": "Feature", "properties": { "barrio": "SAN LORENZO", "poblacion": 1988.0, "hogares": 618.0, "nbi": 17.0, "pct_nbi": 2.75, "escuelas_total": 2, "escuelas_estatales": 2, "escuelas_privadas": 0, "dispensarios_municipales": 1, "paradas_colectivo": 27, "lineas_colectivo": 8, "luminarias_reportes": 61, "comisarias": 0, "centros_vecinales": 1, "poblacion_log": 7.595, "pct_escuelas_privadas": 0.0, "escuelas_por_1000_hab": 1.01, "dispensarios_por_10000_hab": 5.03, "comisarias_por_10000_hab": 0.0, "paradas_por_1000_hab": 13.58, "centros_vecinales_por_10000_hab": 5.03, "tiene_escuela": 1, "tiene_dispensario": 1, "tiene_comisaria": 0, "tiene_transporte": 1, "infraestructura_score": 0.4895, "tamano_promedio_hogar": 3.22, "educacion_ratio_publico_privado": 2.0, "ranking_infraestructura": 49, "percentil_infraestructura": 90.3 }, "geometry": { "type": "Point", "coordinates": [ -64.110482692988697, -31.455585011412701 ] } },
{ "type": "Feature", "properties": { "barrio": "SAN LORENZO NORTE", "poblacion": 500.0, "hogares": 200.0, "nbi": 5.0, "pct_nbi": 2.5, "escuelas_total": 0, "escuelas_estatales": 0, "escuelas_privadas": 0, "dispensarios_municipales": 0, "paradas_colectivo": 4, "lineas_colectivo": 2, "luminarias_reportes": 47, "comisarias": 0, "centros_vecinales": 1, "poblacion_log": 6.217, "pct_escuelas_privadas": 0.0, "escuelas_por_1000_hab": 0.0, "dispensarios_por_10000_hab": 0.0, "comisarias_por_10000_hab": 0.0, "paradas_por_1000_hab": 8.0, "centros_vecinales_por_10000_hab": 20.0, "tiene_escuela": 0, "tiene_dispensario": 0, "tiene_comisaria": 0, "tiene_transporte": 1, "infraestructura_score": 0.1481, "tamano_promedio_hogar": 2.5, "educacion_ratio_publico_privado": 0.0, "ranking_infraestructura": 288, "percentil_infraestructura": 41.2 }, "geometry": { "type": "Point", "coordinates": [ -64.216724630122897, -31.375034879287 ] } },
{ "type": "Feature", "properties": { "barrio": "SAN LUIS DE FRANCIA", "poblacion": 500.0, "hogares": 200.0, "nbi": 4.0, "pct_nbi": 2.0, "escuelas_total": 1, "escuelas_estatales": 1, "escuelas_privadas": 0, "dispensarios_municipales": 0, "paradas_colectivo": 6, "lineas_colectivo": 1, "luminarias_reportes": 19, "comisarias": 0, "centros_vecinales": 0, "poblacion_log": 6.217, "pct_escuelas_privadas": 0.0, "escuelas_por_1000_hab": 2.0, "dispensarios_por_10000_hab": 0.0, "comisarias_por_10000_hab": 0.0, "paradas_por_1000_hab": 12.0, "centros_vecinales_por_10000_hab": 0.0, "tiene_escuela": 1, "tiene_dispensario": 0, "tiene_comisaria": 0, "tiene_transporte": 1, "infraestructura_score": 0.361, "tamano_promedio_hogar": 2.5, "educacion_ratio_publico_privado": 1.0, "ranking_infraestructura": 96, "percentil_infraestructura": 80.8 }, "geometry": { "type": "Point", "coordinates": [ -64.253727618805399, -31.480037185052002 ] } },
{ "type": "Feature", "properties": { "barrio": "SAN MARCELO", "poblacion": 500.0, "hogares": 200.0, "nbi": 0.0, "pct_nbi": 0.0, "escuelas_total": 0, "escuelas_estatales": 0, "escuelas_privadas": 0, "dispensarios_municipales": 0, "paradas_colectivo": 14, "lineas_colectivo": 11, "luminarias_reportes": 8, "comisarias": 0, "centros_vecinales": 0, "poblacion_log": 6.217, "pct_escuelas_privadas": 0.0, "escuelas_por_1000_hab": 0.0, "dispensarios_por_10000_hab": 0.0, "comisarias_por_10000_hab": 0.0, "paradas_por_1000_hab": 24.0, "centros_vecinales_por_10000_hab": 0.0, "tiene_escuela": 0, "tiene_dispensario": 0, "tiene_comisaria": 0, "tiene_transporte": 1, "infraestructura_score": 0.4444, "tamano_promedio_hogar": 2.5, "educacion_ratio_publico_privado": 0.0, "ranking_infraestructura": 59, "percentil_infraestructura": 87.4 }, "geometry": { "type": "Point", "coordinates": [ -64.235621405674394, -31.3625836463826 ] } },
{ "type": "Feature", "properties": { "barrio": "SAN MARTIN", "poblacion": 13157.0, "hogares": 4358.0, "nbi": 207.0, "pct_nbi": 4.75, "escuelas_total": 21, "escuelas_estatales": 13, "escuelas_privadas": 8, "dispensarios_municipales": 1, "paradas_colectivo": 19, "lineas_colectivo": 5, "luminarias_reportes": 728, "comisarias": 0, "centros_vecinales": 0, "poblacion_log": 9.485, "pct_escuelas_privadas": 0.381, "escuelas_por_1000_hab": 1.6, "dispensarios_por_10000_hab": 0.76, "comisarias_por_10000_hab": 0.0, "paradas_por_1000_hab": 1.44, "centros_vecinales_por_10000_hab": 0.0, "tiene_escuela": 1, "tiene_dispensario": 1, "tiene_comisaria": 0, "tiene_transporte": 1, "infraestructura_score": 0.1631, "tamano_promedio_hogar": 3.02, "educacion_ratio_publico_privado": 1.62, "ranking_infraestructura": 269, "percentil_infraestructura": 45.7 }, "geometry": { "type": "Point", "coordinates": [ -64.196540458098994, -31.393809327289102 ] } },
{ "type": "Feature", "properties": { "barrio": "SAN MARTIN ANEXO", "poblacion": 3153.0, "hogares": 1078.0, "nbi": 37.0, "pct_nbi": 3.43, "escuelas_total": 0, "escuelas_estatales": 0, "escuelas_privadas": 0, "dispensarios_municipales": 0, "paradas_colectivo": 12, "lineas_colectivo": 3, "luminarias_reportes": 152, "comisarias": 0, "centros_vecinales": 0, "poblacion_log": 8.056, "pct_escuelas_privadas": 0.0, "escuelas_por_1000_hab": 0.0, "dispensarios_por_10000_hab": 0.0, "comisarias_por_10000_hab": 0.0, "paradas_por_1000_hab": 3.81, "centros_vecinales_por_10000_hab": 0.0, "tiene_escuela": 0, "tiene_dispensario": 0, "tiene_comisaria": 0, "tiene_transporte": 1, "infraestructura_score": 0.0706, "tamano_promedio_hogar": 2.92, "educacion_ratio_publico_privado": 0.0, "ranking_infraestructura": 417, "percentil_infraestructura": 15.8 }, "geometry": { "type": "Point", "coordinates": [ -64.203113972154199, -31.381012472971399 ] } },
{ "type": "Feature", "properties": { "barrio": "SAN MARTIN NORTE", "poblacion": 1945.0, "hogares": 560.0, "nbi": 34.0, "pct_nbi": 6.07, "escuelas_total": 0, "escuelas_estatales": 0, "escuelas_privadas": 0, "dispensarios_municipales": 1, "paradas_colectivo": 13, "lineas_colectivo": 7, "luminarias_reportes": 110, "comisarias": 0, "centros_vecinales": 0, "poblacion_log": 7.574, "pct_escuelas_privadas": 0.0, "escuelas_por_1000_hab": 0.0, "dispensarios_por_10000_hab": 5.14, "comisarias_por_10000_hab": 0.0, "paradas_por_1000_hab": 6.68, "centros_vecinales_por_10000_hab": 0.0, "tiene_escuela": 0, "tiene_dispensario": 1, "tiene_comisaria": 0, "tiene_transporte": 1, "infraestructura_score": 0.2953, "tamano_promedio_hogar": 3.47, "educacion_ratio_publico_privado": 0.0, "ranking_infraestructura": 138, "percentil_infraestructura": 72.3 }, "geometry": { "type": "Point", "coordinates": [ -64.202524437143396, -31.3727739384295 ] } },
{ "type": "Feature", "properties": { "barrio": "SAN NICOLAS", "poblacion": 2063.0, "hogares": 596.0, "nbi": 44.0, "pct_nbi": 7.38, "escuelas_total": 0, "escuelas_estatales": 0, "escuelas_privadas": 0, "dispensarios_municipales": 0, "paradas_colectivo": 7, "lineas_colectivo": 2, "luminarias_reportes": 193, "comisarias": 0, "centros_vecinales": 1, "poblacion_log": 7.632, "pct_escuelas_privadas": 0.0, "escuelas_por_1000_hab": 0.0, "dispensarios_por_10000_hab": 0.0, "comisarias_por_10000_hab": 0.0, "paradas_por_1000_hab": 3.39, "centros_vecinales_por_10000_hab": 4.85, "tiene_escuela": 0, "tiene_dispensario": 0, "tiene_comisaria": 0, "tiene_transporte": 1, "infraestructura_score": 0.0628, "tamano_promedio_hogar": 3.46, "educacion_ratio_publico_privado": 0.0, "ranking_infraestructura": 429, "percentil_infraestructura": 13.4 }, "geometry": { "type": "Point", "coordinates": [ -64.151307802430395, -31.380675844601601 ] } },
{ "type": "Feature", "properties": { "barrio": "SAN PABLO", "poblacion": 2190.0, "hogares": 672.0, "nbi": 25.0, "pct_nbi": 3.72, "escuelas_total": 0, "escuelas_estatales": 0, "escuelas_privadas": 0, "dispensarios_municipales": 0, "paradas_colectivo": 15, "lineas_colectivo": 6, "luminarias_reportes": 69, "comisarias": 0, "centros_vecinales": 1, "poblacion_log": 7.692, "pct_escuelas_privadas": 0.0, "escuelas_por_1000_hab": 0.0, "dispensarios_por_10000_hab": 0.0, "comisarias_por_10000_hab": 0.0, "paradas_por_1000_hab": 6.85, "centros_vecinales_por_10000_hab": 4.57, "tiene_escuela": 0, "tiene_dispensario": 0, "tiene_comisaria": 0, "tiene_transporte": 1, "infraestructura_score": 0.1269, "tamano_promedio_hogar": 3.26, "educacion_ratio_publico_privado": 0.0, "ranking_infraestructura": 320, "percentil_infraestructura": 35.3 }, "geometry": { "type": "Point", "coordinates": [ -64.160920567727402, -31.4442248614309 ] } },
{ "type": "Feature", "properties": { "barrio": "SAN PEDRO NOLASCO", "poblacion": 982.0, "hogares": 265.0, "nbi": 26.0, "pct_nbi": 9.81, "escuelas_total": 1, "escuelas_estatales": 1, "escuelas_privadas": 0, "dispensarios_municipales": 0, "paradas_colectivo": 9, "lineas_colectivo": 1, "luminarias_reportes": 15, "comisarias": 0, "centros_vecinales": 2, "poblacion_log": 6.891, "pct_escuelas_privadas": 0.0, "escuelas_por_1000_hab": 1.02, "dispensarios_por_10000_hab": 0.0, "comisarias_por_10000_hab": 0.0, "paradas_por_1000_hab": 9.16, "centros_vecinales_por_10000_hab": 20.37, "tiene_escuela": 1, "tiene_dispensario": 0, "tiene_comisaria": 0, "tiene_transporte": 1, "infraestructura_score": 0.2404, "tamano_promedio_hogar": 3.71, "educacion_ratio_publico_privado": 1.0, "ranking_infraestructura": 176, "percentil_infraestructura": 64.6 }, "geometry": { "type": "Point", "coordinates": [ -64.240216005579896, -31.466073357489002 ] } },
{ "type": "Feature", "properties": { "barrio": "SAN RAFAEL", "poblacion": 5172.0, "hogares": 1698.0, "nbi": 20.0, "pct_nbi": 1.18, "escuelas_total": 5, "escuelas_estatales": 2, "escuelas_privadas": 3, "dispensarios_municipales": 0, "paradas_colectivo": 9, "lineas_colectivo": 2, "luminarias_reportes": 252, "comisarias": 0, "centros_vecinales": 0, "poblacion_log": 8.551, "pct_escuelas_privadas": 0.6, "escuelas_por_1000_hab": 0.97, "dispensarios_por_10000_hab": 0.0, "comisarias_por_10000_hab": 0.0, "paradas_por_1000_hab": 1.74, "centros_vecinales_por_10000_hab": 0.0, "tiene_escuela": 1, "tiene_dispensario": 0, "tiene_comisaria": 0, "tiene_transporte": 1, "infraestructura_score": 0.0995, "tamano_promedio_hogar": 3.05, "educacion_ratio_publico_privado": 0.67, "ranking_infraestructura": 377, "percentil_infraestructura": 23.9 }, "geometry": { "type": "Point", "coordinates": [ -64.221991291085899, -31.425400209762302 ] } },
{ "type": "Feature", "properties": { "barrio": "SAN RAMON", "poblacion": 500.0, "hogares": 200.0, "nbi": 11.0, "pct_nbi": 5.5, "escuelas_total": 3, "escuelas_estatales": 3, "escuelas_privadas": 0, "dispensarios_municipales": 0, "paradas_colectivo": 3, "lineas_colectivo": 1, "luminarias_reportes": 0, "comisarias": 0, "centros_vecinales": 0, "poblacion_log": 6.217, "pct_escuelas_privadas": 0.0, "escuelas_por_1000_hab": 4.8035, "dispensarios_por_10000_hab": 0.0, "comisarias_por_10000_hab": 0.0, "paradas_por_1000_hab": 6.0, "centros_vecinales_por_10000_hab": 0.0, "tiene_escuela": 1, "tiene_dispensario": 0, "tiene_comisaria": 0, "tiene_transporte": 1, "infraestructura_score": 0.4444, "tamano_promedio_hogar": 2.5, "educacion_ratio_publico_privado": 3.0, "ranking_infraestructura": 59, "percentil_infraestructura": 87.4 }, "geometry": { "type": "Point", "coordinates": [ -64.100772327435195, -31.340878023571499 ] } },
{ "type": "Feature", "properties": { "barrio": "SAN SALVADOR", "poblacion": 2101.0, "hogares": 648.0, "nbi": 4.0, "pct_nbi": 0.62, "escuelas_total": 0, "escuelas_estatales": 0, "escuelas_privadas": 0, "dispensarios_municipales": 0, "paradas_colectivo": 16, "lineas_colectivo": 9, "luminarias_reportes": 339, "comisarias": 0, "centros_vecinales": 1, "poblacion_log": 7.651, "pct_escuelas_privadas": 0.0, "escuelas_por_1000_hab": 0.0, "dispensarios_por_10000_hab": 0.0, "comisarias_por_10000_hab": 0.0, "paradas_por_1000_hab": 7.62, "centros_vecinales_por_10000_hab": 4.76, "tiene_escuela": 0, "tiene_dispensario": 0, "tiene_comisaria": 0, "tiene_transporte": 1, "infraestructura_score": 0.1411, "tamano_promedio_hogar": 3.24, "educacion_ratio_publico_privado": 0.0, "ranking_infraestructura": 304, "percentil_infraestructura": 38.7 }, "geometry": { "type": "Point", "coordinates": [ -64.232386926928498, -31.400940068771799 ] } },
{ "type": "Feature", "properties": { "barrio": "SAN VICENTE", "poblacion": 18145.0, "hogares": 5733.0, "nbi": 291.0, "pct_nbi": 5.08, "escuelas_total": 34, "escuelas_estatales": 23, "escuelas_privadas": 11, "dispensarios_municipales": 0, "paradas_colectivo": 42, "lineas_colectivo": 9, "luminarias_reportes": 272, "comisarias": 1, "centros_vecinales": 1, "poblacion_log": 9.806, "pct_escuelas_privadas": 0.324, "escuelas_por_1000_hab": 1.87, "dispensarios_por_10000_hab": 0.0, "comisarias_por_10000_hab": 0.55, "paradas_por_1000_hab": 2.31, "centros_vecinales_por_10000_hab": 0.55, "tiene_escuela": 1, "tiene_dispensario": 0, "tiene_comisaria": 1, "tiene_transporte": 1, "infraestructura_score": 0.2118, "tamano_promedio_hogar": 3.17, "educacion_ratio_publico_privado": 2.09, "ranking_infraestructura": 210, "percentil_infraestructura": 57.7 }, "geometry": { "type": "Point", "coordinates": [ -64.153975059953694, -31.424320515993699 ] } },
{ "type": "Feature", "properties": { "barrio": "SANTA CECILIA", "poblacion": 1089.0, "hogares": 317.0, "nbi": 40.0, "pct_nbi": 12.62, "escuelas_total": 2, "escuelas_estatales": 2, "escuelas_privadas": 0, "dispensarios_municipales": 0, "paradas_colectivo": 7, "lineas_colectivo": 3, "luminarias_reportes": 40, "comisarias": 0, "centros_vecinales": 1, "poblacion_log": 6.994, "pct_escuelas_privadas": 0.0, "escuelas_por_1000_hab": 1.84, "dispensarios_por_10000_hab": 0.0, "comisarias_por_10000_hab": 0.0, "paradas_por_1000_hab": 6.43, "centros_vecinales_por_10000_hab": 9.18, "tiene_escuela": 1, "tiene_dispensario": 0, "tiene_comisaria": 0, "tiene_transporte": 1, "infraestructura_score": 0.2468, "tamano_promedio_hogar": 3.44, "educacion_ratio_publico_privado": 2.0, "ranking_infraestructura": 170, "percentil_infraestructura": 65.8 }, "geometry": { "type": "Point", "coordinates": [ -64.227724269632702, -31.357632029265901 ] } },
{ "type": "Feature", "properties": { "barrio": "SANTA CLARA DE ASIS", "poblacion": 1839.0, "hogares": 481.0, "nbi": 8.0, "pct_nbi": 1.66, "escuelas_total": 3, "escuelas_estatales": 0, "escuelas_privadas": 3, "dispensarios_municipales": 0, "paradas_colectivo": 8, "lineas_colectivo": 2, "luminarias_reportes": 200, "comisarias": 0, "centros_vecinales": 1, "poblacion_log": 7.518, "pct_escuelas_privadas": 1.0, "escuelas_por_1000_hab": 1.63, "dispensarios_por_10000_hab": 0.0, "comisarias_por_10000_hab": 0.0, "paradas_por_1000_hab": 4.35, "centros_vecinales_por_10000_hab": 5.44, "tiene_escuela": 1, "tiene_dispensario": 0, "tiene_comisaria": 0, "tiene_transporte": 1, "infraestructura_score": 0.1937, "tamano_promedio_hogar": 3.82, "educacion_ratio_publico_privado": 0.0, "ranking_infraestructura": 228, "percentil_infraestructura": 54.0 }, "geometry": { "type": "Point", "coordinates": [ -64.140798012536195, -31.380728813508501 ] } },
{ "type": "Feature", "properties": { "barrio": "SANTA ISABEL ANEXO", "poblacion": 1361.0, "hogares": 328.0, "nbi": 24.0, "pct_nbi": 7.32, "escuelas_total": 2, "escuelas_estatales": 0, "escuelas_privadas": 2, "dispensarios_municipales": 0, "paradas_colectivo": 8, "lineas_colectivo": 2, "luminarias_reportes": 0, "comisarias": 0, "centros_vecinales": 0, "poblacion_log": 7.217, "pct_escuelas_privadas": 1.0, "escuelas_por_1000_hab": 1.47, "dispensarios_por_10000_hab": 0.0, "comisarias_por_10000_hab": 0.0, "paradas_por_1000_hab": 5.88, "centros_vecinales_por_10000_hab": 0.0, "tiene_escuela": 1, "tiene_dispensario": 0, "tiene_comisaria": 0, "tiene_transporte": 1, "infraestructura_score": 0.2109, "tamano_promedio_hogar": 4.15, "educacion_ratio_publico_privado": 0.0, "ranking_infraestructura": 211, "percentil_infraestructura": 57.5 }, "geometry": { "type": "Point", "coordinates": [ -64.246541585743998, -31.476253531180401 ] } },
{ "type": "Feature", "properties": { "barrio": "SANTA ISABEL SECCION 1", "poblacion": 3583.0, "hogares": 1013.0, "nbi": 45.0, "pct_nbi": 4.44, "escuelas_total": 0, "escuelas_estatales": 0, "escuelas_privadas": 0, "dispensarios_municipales": 1, "paradas_colectivo": 13, "lineas_colectivo": 6, "luminarias_reportes": 0, "comisarias": 0, "centros_vecinales": 1, "poblacion_log": 8.184, "pct_escuelas_privadas": 0.0, "escuelas_por_1000_hab": 0.0, "dispensarios_por_10000_hab": 2.79, "comisarias_por_10000_hab": 0.0, "paradas_por_1000_hab": 3.63, "centros_vecinales_por_10000_hab": 2.79, "tiene_escuela": 0, "tiene_dispensario": 1, "tiene_comisaria": 0, "tiene_transporte": 1, "infraestructura_score": 0.1604, "tamano_promedio_hogar": 3.54, "educacion_ratio_publico_privado": 0.0, "ranking_infraestructura": 272, "percentil_infraestructura": 45.1 }, "geometry": { "type": "Point", "coordinates": [ -64.232406285714603, -31.470699157260199 ] } },
{ "type": "Feature", "properties": { "barrio": "SANTA ISABEL SECCION 2", "poblacion": 6113.0, "hogares": 1748.0, "nbi": 100.0, "pct_nbi": 5.72, "escuelas_total": 0, "escuelas_estatales": 0, "escuelas_privadas": 0, "dispensarios_municipales": 1, "paradas_colectivo": 19, "lineas_colectivo": 5, "luminarias_reportes": 0, "comisarias": 0, "centros_vecinales": 1, "poblacion_log": 8.718, "pct_escuelas_privadas": 0.0, "escuelas_por_1000_hab": 0.0, "dispensarios_por_10000_hab": 1.64, "comisarias_por_10000_hab": 0.0, "paradas_por_1000_hab": 3.11, "centros_vecinales_por_10000_hab": 1.64, "tiene_escuela": 0, "tiene_dispensario": 1, "tiene_comisaria": 0, "tiene_transporte": 1, "infraestructura_score": 0.1123, "tamano_promedio_hogar": 3.5, "educacion_ratio_publico_privado": 0.0, "ranking_infraestructura": 342, "percentil_infraestructura": 31.0 }, "geometry": { "type": "Point", "coordinates": [ -64.231421473532805, -31.476569498700801 ] } },
{ "type": "Feature", "properties": { "barrio": "SANTA ISABEL SECCION 3", "poblacion": 4047.0, "hogares": 1071.0, "nbi": 51.0, "pct_nbi": 4.76, "escuelas_total": 12, "escuelas_estatales": 8, "escuelas_privadas": 4, "dispensarios_municipales": 0, "paradas_colectivo": 14, "lineas_colectivo": 3, "luminarias_reportes": 102, "comisarias": 0, "centros_vecinales": 2, "poblacion_log": 8.306, "pct_escuelas_privadas": 0.333, "escuelas_por_1000_hab": 2.97, "dispensarios_por_10000_hab": 0.0, "comisarias_por_10000_hab": 0.0, "paradas_por_1000_hab": 3.46, "centros_vecinales_por_10000_hab": 4.94, "tiene_escuela": 1, "tiene_dispensario": 0, "tiene_comisaria": 0, "tiene_transporte": 1, "infraestructura_score": 0.2702, "tamano_promedio_hogar": 3.78, "educacion_ratio_publico_privado": 2.0, "ranking_infraestructura": 150, "percentil_infraestructura": 69.8 }, "geometry": { "type": "Point", "coordinates": [ -64.241772169909595, -31.4780759649089 ] } },
{ "type": "Feature", "properties": { "barrio": "SANTA RITA", "poblacion": 1145.0, "hogares": 395.0, "nbi": 13.0, "pct_nbi": 3.29, "escuelas_total": 1, "escuelas_estatales": 1, "escuelas_privadas": 0, "dispensarios_municipales": 1, "paradas_colectivo": 14, "lineas_colectivo": 5, "luminarias_reportes": 247, "comisarias": 0, "centros_vecinales": 0, "poblacion_log": 7.044, "pct_escuelas_privadas": 0.0, "escuelas_por_1000_hab": 0.87, "dispensarios_por_10000_hab": 6.657, "comisarias_por_10000_hab": 0.0, "paradas_por_1000_hab": 12.23, "centros_vecinales_por_10000_hab": 0.0, "tiene_escuela": 1, "tiene_dispensario": 1, "tiene_comisaria": 0, "tiene_transporte": 1, "infraestructura_score": 0.5091, "tamano_promedio_hogar": 2.9, "educacion_ratio_publico_privado": 1.0, "ranking_infraestructura": 47, "percentil_infraestructura": 90.7 }, "geometry": { "type": "Point", "coordinates": [ -64.172693293309194, -31.447511153190899 ] } },
{ "type": "Feature", "properties": { "barrio": "SARGENTO CABRAL", "poblacion": 3597.0, "hogares": 1060.0, "nbi": 78.0, "pct_nbi": 7.36, "escuelas_total": 1, "escuelas_estatales": 1, "escuelas_privadas": 0, "dispensarios_municipales": 1, "paradas_colectivo": 9, "lineas_colectivo": 4, "luminarias_reportes": 34, "comisarias": 0, "centros_vecinales": 1, "poblacion_log": 8.188, "pct_escuelas_privadas": 0.0, "escuelas_por_1000_hab": 0.28, "dispensarios_por_10000_hab": 2.78, "comisarias_por_10000_hab": 0.0, "paradas_por_1000_hab": 2.5, "centros_vecinales_por_10000_hab": 2.78, "tiene_escuela": 1, "tiene_dispensario": 1, "tiene_comisaria": 0, "tiene_transporte": 1, "infraestructura_score": 0.1585, "tamano_promedio_hogar": 3.39, "educacion_ratio_publico_privado": 1.0, "ranking_infraestructura": 274, "percentil_infraestructura": 44.7 }, "geometry": { "type": "Point", "coordinates": [ -64.193003966038304, -31.376155393463801 ] } },
{ "type": "Feature", "properties": { "barrio": "SARMIENTO", "poblacion": 2507.0, "hogares": 785.0, "nbi": 17.0, "pct_nbi": 2.17, "escuelas_total": 5, "escuelas_estatales": 3, "escuelas_privadas": 2, "dispensarios_municipales": 0, "paradas_colectivo": 12, "lineas_colectivo": 8, "luminarias_reportes": 23, "comisarias": 0, "centros_vecinales": 1, "poblacion_log": 7.827, "pct_escuelas_privadas": 0.4, "escuelas_por_1000_hab": 1.99, "dispensarios_por_10000_hab": 0.0, "comisarias_por_10000_hab": 0.0, "paradas_por_1000_hab": 4.79, "centros_vecinales_por_10000_hab": 3.99, "tiene_escuela": 1, "tiene_dispensario": 0, "tiene_comisaria": 0, "tiene_transporte": 1, "infraestructura_score": 0.2268, "tamano_promedio_hogar": 3.19, "educacion_ratio_publico_privado": 1.5, "ranking_infraestructura": 193, "percentil_infraestructura": 61.1 }, "geometry": { "type": "Point", "coordinates": [ -64.154266606956796, -31.430143821805402 ] } },
{ "type": "Feature", "properties": { "barrio": "SEP", "poblacion": 1039.0, "hogares": 292.0, "nbi": 7.0, "pct_nbi": 2.4, "escuelas_total": 2, "escuelas_estatales": 2, "escuelas_privadas": 0, "dispensarios_municipales": 0, "paradas_colectivo": 9, "lineas_colectivo": 6, "luminarias_reportes": 27, "comisarias": 0, "centros_vecinales": 1, "poblacion_log": 6.947, "pct_escuelas_privadas": 0.0, "escuelas_por_1000_hab": 1.92, "dispensarios_por_10000_hab": 0.0, "comisarias_por_10000_hab": 0.0, "paradas_por_1000_hab": 8.66, "centros_vecinales_por_10000_hab": 9.62, "tiene_escuela": 1, "tiene_dispensario": 0, "tiene_comisaria": 0, "tiene_transporte": 1, "infraestructura_score": 0.2936, "tamano_promedio_hogar": 3.56, "educacion_ratio_publico_privado": 2.0, "ranking_infraestructura": 139, "percentil_infraestructura": 72.1 }, "geometry": { "type": "Point", "coordinates": [ -64.165690570845697, -31.459045886122102 ] } },
{ "type": "Feature", "properties": { "barrio": "SEP SEGUNDA ETAPA", "poblacion": 2640.0, "hogares": 759.0, "nbi": 16.0, "pct_nbi": 2.11, "escuelas_total": 0, "escuelas_estatales": 0, "escuelas_privadas": 0, "dispensarios_municipales": 0, "paradas_colectivo": 6, "lineas_colectivo": 3, "luminarias_reportes": 0, "comisarias": 0, "centros_vecinales": 0, "poblacion_log": 7.879, "pct_escuelas_privadas": 0.0, "escuelas_por_1000_hab": 0.0, "dispensarios_por_10000_hab": 0.0, "comisarias_por_10000_hab": 0.0, "paradas_por_1000_hab": 2.27, "centros_vecinales_por_10000_hab": 0.0, "tiene_escuela": 0, "tiene_dispensario": 0, "tiene_comisaria": 0, "tiene_transporte": 1, "infraestructura_score": 0.042, "tamano_promedio_hogar": 3.48, "educacion_ratio_publico_privado": 0.0, "ranking_infraestructura": 440, "percentil_infraestructura": 11.1 }, "geometry": { "type": "Point", "coordinates": [ -64.163901564558003, -31.459818195198 ] } },
{ "type": "Feature", "properties": { "barrio": "SMATA", "poblacion": 2291.0, "hogares": 599.0, "nbi": 2.0, "pct_nbi": 0.33, "escuelas_total": 4, "escuelas_estatales": 4, "escuelas_privadas": 0, "dispensarios_municipales": 0, "paradas_colectivo": 4, "lineas_colectivo": 2, "luminarias_reportes": 79, "comisarias": 0, "centros_vecinales": 2, "poblacion_log": 7.737, "pct_escuelas_privadas": 0.0, "escuelas_por_1000_hab": 1.75, "dispensarios_por_10000_hab": 0.0, "comisarias_por_10000_hab": 0.0, "paradas_por_1000_hab": 1.75, "centros_vecinales_por_10000_hab": 8.73, "tiene_escuela": 1, "tiene_dispensario": 0, "tiene_comisaria": 0, "tiene_transporte": 1, "infraestructura_score": 0.1538, "tamano_promedio_hogar": 3.82, "educacion_ratio_publico_privado": 4.0, "ranking_infraestructura": 281, "percentil_infraestructura": 43.3 }, "geometry": { "type": "Point", "coordinates": [ -64.223530271459694, -31.454401816722601 ] } },
{ "type": "Feature", "properties": { "barrio": "SOLARES DE SANTA MARIA- ALTOS DE MANANTIALES", "poblacion": 650.0, "hogares": 200.0, "nbi": 1.0, "pct_nbi": 0.5, "escuelas_total": 0, "escuelas_estatales": 0, "escuelas_privadas": 0, "dispensarios_municipales": 0, "paradas_colectivo": 0, "lineas_colectivo": 0, "luminarias_reportes": 0, "comisarias": 0, "centros_vecinales": 1, "poblacion_log": 6.479, "pct_escuelas_privadas": 0.0, "escuelas_por_1000_hab": 0.0, "dispensarios_por_10000_hab": 0.0, "comisarias_por_10000_hab": 0.0, "paradas_por_1000_hab": 0.0, "centros_vecinales_por_10000_hab": 15.38, "tiene_escuela": 0, "tiene_dispensario": 0, "tiene_comisaria": 0, "tiene_transporte": 0, "infraestructura_score": 0.0, "tamano_promedio_hogar": 3.25, "educacion_ratio_publico_privado": 0.0, "ranking_infraestructura": 469, "percentil_infraestructura": 2.7 }, "geometry": { "type": "Point", "coordinates": [ -64.224447160524093, -31.460576017594899 ] } },
{ "type": "Feature", "properties": { "barrio": "SUAREZ", "poblacion": 2807.0, "hogares": 762.0, "nbi": 87.0, "pct_nbi": 11.42, "escuelas_total": 4, "escuelas_estatales": 4, "escuelas_privadas": 0, "dispensarios_municipales": 0, "paradas_colectivo": 7, "lineas_colectivo": 2, "luminarias_reportes": 26, "comisarias": 0, "centros_vecinales": 0, "poblacion_log": 7.94, "pct_escuelas_privadas": 0.0, "escuelas_por_1000_hab": 1.43, "dispensarios_por_10000_hab": 0.0, "comisarias_por_10000_hab": 0.0, "paradas_por_1000_hab": 2.49, "centros_vecinales_por_10000_hab": 0.0, "tiene_escuela": 1, "tiene_dispensario": 0, "tiene_comisaria": 0, "tiene_transporte": 1, "infraestructura_score": 0.1453, "tamano_promedio_hogar": 3.68, "educacion_ratio_publico_privado": 4.0, "ranking_infraestructura": 299, "percentil_infraestructura": 39.7 }, "geometry": { "type": "Point", "coordinates": [ -64.210448800224597, -31.438652540263099 ] } },
{ "type": "Feature", "properties": { "barrio": "TABLADA PARK", "poblacion": 748.0, "hogares": 265.0, "nbi": 0.0, "pct_nbi": 0.0, "escuelas_total": 0, "escuelas_estatales": 0, "escuelas_privadas": 0, "dispensarios_municipales": 0, "paradas_colectivo": 7, "lineas_colectivo": 11, "luminarias_reportes": 17, "comisarias": 0, "centros_vecinales": 0, "poblacion_log": 6.619, "pct_escuelas_privadas": 0.0, "escuelas_por_1000_hab": 0.0, "dispensarios_por_10000_hab": 0.0, "comisarias_por_10000_hab": 0.0, "paradas_por_1000_hab": 9.36, "centros_vecinales_por_10000_hab": 0.0, "tiene_escuela": 0, "tiene_dispensario": 0, "tiene_comisaria": 0, "tiene_transporte": 1, "infraestructura_score": 0.1733, "tamano_promedio_hogar": 2.82, "educacion_ratio_publico_privado": 0.0, "ranking_infraestructura": 249, "percentil_infraestructura": 49.8 }, "geometry": { "type": "Point", "coordinates": [ -64.2262528800577, -31.371014347978001 ] } },
{ "type": "Feature", "properties": { "barrio": "TALLERES ESTE", "poblacion": 5542.0, "hogares": 1710.0, "nbi": 59.0, "pct_nbi": 3.45, "escuelas_total": 4, "escuelas_estatales": 4, "escuelas_privadas": 0, "dispensarios_municipales": 0, "paradas_colectivo": 18, "lineas_colectivo": 7, "luminarias_reportes": 31, "comisarias": 0, "centros_vecinales": 2, "poblacion_log": 8.62, "pct_escuelas_privadas": 0.0, "escuelas_por_1000_hab": 0.72, "dispensarios_por_10000_hab": 0.0, "comisarias_por_10000_hab": 0.0, "paradas_por_1000_hab": 3.25, "centros_vecinales_por_10000_hab": 3.61, "tiene_escuela": 1, "tiene_dispensario": 0, "tiene_comisaria": 0, "tiene_transporte": 1, "infraestructura_score": 0.1101, "tamano_promedio_hogar": 3.24, "educacion_ratio_publico_privado": 4.0, "ranking_infraestructura": 357, "percentil_infraestructura": 27.9 }, "geometry": { "type": "Point", "coordinates": [ -64.150664447062098, -31.388961448415799 ] } },
{ "type": "Feature", "properties": { "barrio": "TALLERES OESTE", "poblacion": 5925.0, "hogares": 1848.0, "nbi": 62.0, "pct_nbi": 3.35, "escuelas_total": 7, "escuelas_estatales": 7, "escuelas_privadas": 0, "dispensarios_municipales": 0, "paradas_colectivo": 27, "lineas_colectivo": 9, "luminarias_reportes": 0, "comisarias": 0, "centros_vecinales": 0, "poblacion_log": 8.687, "pct_escuelas_privadas": 0.0, "escuelas_por_1000_hab": 1.18, "dispensarios_por_10000_hab": 0.0, "comisarias_por_10000_hab": 0.0, "paradas_por_1000_hab": 4.56, "centros_vecinales_por_10000_hab": 0.0, "tiene_escuela": 1, "tiene_dispensario": 0, "tiene_comisaria": 0, "tiene_transporte": 1, "infraestructura_score": 0.1663, "tamano_promedio_hogar": 3.21, "educacion_ratio_publico_privado": 7.0, "ranking_infraestructura": 260, "percentil_infraestructura": 47.6 }, "geometry": { "type": "Point", "coordinates": [ -64.158942619612304, -31.390196226412801 ] } },
{ "type": "Feature", "properties": { "barrio": "TALLERES SUD", "poblacion": 3940.0, "hogares": 1027.0, "nbi": 145.0, "pct_nbi": 14.12, "escuelas_total": 0, "escuelas_estatales": 0, "escuelas_privadas": 0, "dispensarios_municipales": 0, "paradas_colectivo": 4, "lineas_colectivo": 1, "luminarias_reportes": 18, "comisarias": 0, "centros_vecinales": 1, "poblacion_log": 8.279, "pct_escuelas_privadas": 0.0, "escuelas_por_1000_hab": 0.0, "dispensarios_por_10000_hab": 0.0, "comisarias_por_10000_hab": 0.0, "paradas_por_1000_hab": 1.02, "centros_vecinales_por_10000_hab": 2.54, "tiene_escuela": 0, "tiene_dispensario": 0, "tiene_comisaria": 0, "tiene_transporte": 1, "infraestructura_score": 0.0189, "tamano_promedio_hogar": 3.84, "educacion_ratio_publico_privado": 0.0, "ranking_infraestructura": 463, "percentil_infraestructura": 6.5 }, "geometry": { "type": "Point", "coordinates": [ -64.134242534103095, -31.439533425260901 ] } },
{ "type": "Feature", "properties": { "barrio": "TEJAS DEL SUR", "poblacion": 1454.0, "hogares": 406.0, "nbi": 5.0, "pct_nbi": 1.23, "escuelas_total": 0, "escuelas_estatales": 0, "escuelas_privadas": 0, "dispensarios_municipales": 0, "paradas_colectivo": 0, "lineas_colectivo": 0, "luminarias_reportes": 3, "comisarias": 0, "centros_vecinales": 0, "poblacion_log": 7.283, "pct_escuelas_privadas": 0.0, "escuelas_por_1000_hab": 0.0, "dispensarios_por_10000_hab": 0.0, "comisarias_por_10000_hab": 0.0, "paradas_por_1000_hab": 0.0, "centros_vecinales_por_10000_hab": 0.0, "tiene_escuela": 0, "tiene_dispensario": 0, "tiene_comisaria": 0, "tiene_transporte": 0, "infraestructura_score": 0.0, "tamano_promedio_hogar": 3.58, "educacion_ratio_publico_privado": 0.0, "ranking_infraestructura": 469, "percentil_infraestructura": 2.7 }, "geometry": { "type": "Point", "coordinates": [ -64.190162283759904, -31.462377651235201 ] } },
{ "type": "Feature", "properties": { "barrio": "TEJAS II", "poblacion": 687.0, "hogares": 200.0, "nbi": 6.0, "pct_nbi": 3.0, "escuelas_total": 0, "escuelas_estatales": 0, "escuelas_privadas": 0, "dispensarios_municipales": 0, "paradas_colectivo": 1, "lineas_colectivo": 1, "luminarias_reportes": 0, "comisarias": 0, "centros_vecinales": 0, "poblacion_log": 6.534, "pct_escuelas_privadas": 0.0, "escuelas_por_1000_hab": 0.0, "dispensarios_por_10000_hab": 0.0, "comisarias_por_10000_hab": 0.0, "paradas_por_1000_hab": 1.46, "centros_vecinales_por_10000_hab": 0.0, "tiene_escuela": 0, "tiene_dispensario": 0, "tiene_comisaria": 0, "tiene_transporte": 1, "infraestructura_score": 0.027, "tamano_promedio_hogar": 3.44, "educacion_ratio_publico_privado": 0.0, "ranking_infraestructura": 458, "percentil_infraestructura": 7.5 }, "geometry": { "type": "Point", "coordinates": [ -64.199231769997297, -31.478659775233101 ] } },
{ "type": "Feature", "properties": { "barrio": "TENIENTE BENJAMIN MATIENZO", "poblacion": 6873.0, "hogares": 2080.0, "nbi": 45.0, "pct_nbi": 2.16, "escuelas_total": 6, "escuelas_estatales": 2, "escuelas_privadas": 4, "dispensarios_municipales": 0, "paradas_colectivo": 17, "lineas_colectivo": 4, "luminarias_reportes": 274, "comisarias": 0, "centros_vecinales": 1, "poblacion_log": 8.836, "pct_escuelas_privadas": 0.667, "escuelas_por_1000_hab": 0.87, "dispensarios_por_10000_hab": 0.0, "comisarias_por_10000_hab": 0.0, "paradas_por_1000_hab": 2.47, "centros_vecinales_por_10000_hab": 1.45, "tiene_escuela": 1, "tiene_dispensario": 0, "tiene_comisaria": 0, "tiene_transporte": 1, "infraestructura_score": 0.1061, "tamano_promedio_hogar": 3.3, "educacion_ratio_publico_privado": 0.5, "ranking_infraestructura": 364, "percentil_infraestructura": 26.5 }, "geometry": { "type": "Point", "coordinates": [ -64.2375452199026, -31.441394842937399 ] } },
{ "type": "Feature", "properties": { "barrio": "TEODORO FELDS", "poblacion": 3542.0, "hogares": 1258.0, "nbi": 5.0, "pct_nbi": 0.4, "escuelas_total": 2, "escuelas_estatales": 1, "escuelas_privadas": 1, "dispensarios_municipales": 0, "paradas_colectivo": 24, "lineas_colectivo": 7, "luminarias_reportes": 329, "comisarias": 0, "centros_vecinales": 1, "poblacion_log": 8.173, "pct_escuelas_privadas": 0.5, "escuelas_por_1000_hab": 0.56, "dispensarios_por_10000_hab": 0.0, "comisarias_por_10000_hab": 0.0, "paradas_por_1000_hab": 6.78, "centros_vecinales_por_10000_hab": 2.82, "tiene_escuela": 1, "tiene_dispensario": 0, "tiene_comisaria": 0, "tiene_transporte": 1, "infraestructura_score": 0.1644, "tamano_promedio_hogar": 2.82, "educacion_ratio_publico_privado": 1.0, "ranking_infraestructura": 267, "percentil_infraestructura": 46.2 }, "geometry": { "type": "Point", "coordinates": [ -64.249188644474003, -31.400399552587999 ] } },
{ "type": "Feature", "properties": { "barrio": "TRANVIARIOS", "poblacion": 2245.0, "hogares": 720.0, "nbi": 16.0, "pct_nbi": 2.22, "escuelas_total": 0, "escuelas_estatales": 0, "escuelas_privadas": 0, "dispensarios_municipales": 0, "paradas_colectivo": 20, "lineas_colectivo": 6, "luminarias_reportes": 12, "comisarias": 0, "centros_vecinales": 1, "poblacion_log": 7.717, "pct_escuelas_privadas": 0.0, "escuelas_por_1000_hab": 0.0, "dispensarios_por_10000_hab": 0.0, "comisarias_por_10000_hab": 0.0, "paradas_por_1000_hab": 8.91, "centros_vecinales_por_10000_hab": 4.45, "tiene_escuela": 0, "tiene_dispensario": 0, "tiene_comisaria": 0, "tiene_transporte": 1, "infraestructura_score": 0.165, "tamano_promedio_hogar": 3.12, "educacion_ratio_publico_privado": 0.0, "ranking_infraestructura": 264, "percentil_infraestructura": 46.7 }, "geometry": { "type": "Point", "coordinates": [ -64.228177351827696, -31.409506522260902 ] } },
{ "type": "Feature", "properties": { "barrio": "UOCRA", "poblacion": 1906.0, "hogares": 582.0, "nbi": 25.0, "pct_nbi": 4.3, "escuelas_total": 3, "escuelas_estatales": 3, "escuelas_privadas": 0, "dispensarios_municipales": 0, "paradas_colectivo": 16, "lineas_colectivo": 2, "luminarias_reportes": 71, "comisarias": 0, "centros_vecinales": 1, "poblacion_log": 7.553, "pct_escuelas_privadas": 0.0, "escuelas_por_1000_hab": 1.57, "dispensarios_por_10000_hab": 0.0, "comisarias_por_10000_hab": 0.0, "paradas_por_1000_hab": 8.39, "centros_vecinales_por_10000_hab": 5.25, "tiene_escuela": 1, "tiene_dispensario": 0, "tiene_comisaria": 0, "tiene_transporte": 1, "infraestructura_score": 0.2643, "tamano_promedio_hogar": 3.27, "educacion_ratio_publico_privado": 3.0, "ranking_infraestructura": 153, "percentil_infraestructura": 69.2 }, "geometry": { "type": "Point", "coordinates": [ -64.265347841710494, -31.322606288629601 ] } },
{ "type": "Feature", "properties": { "barrio": "URCA", "poblacion": 3308.0, "hogares": 1073.0, "nbi": 19.0, "pct_nbi": 1.77, "escuelas_total": 5, "escuelas_estatales": 3, "escuelas_privadas": 2, "dispensarios_municipales": 0, "paradas_colectivo": 13, "lineas_colectivo": 3, "luminarias_reportes": 147, "comisarias": 0, "centros_vecinales": 0, "poblacion_log": 8.104, "pct_escuelas_privadas": 0.4, "escuelas_por_1000_hab": 1.51, "dispensarios_por_10000_hab": 0.0, "comisarias_por_10000_hab": 0.0, "paradas_por_1000_hab": 3.93, "centros_vecinales_por_10000_hab": 0.0, "tiene_escuela": 1, "tiene_dispensario": 0, "tiene_comisaria": 0, "tiene_transporte": 1, "infraestructura_score": 0.1776, "tamano_promedio_hogar": 3.08, "educacion_ratio_publico_privado": 1.5, "ranking_infraestructura": 246, "percentil_infraestructura": 50.4 }, "geometry": { "type": "Point", "coordinates": [ -64.237176476033994, -31.382529143732899 ] } },
{ "type": "Feature", "properties": { "barrio": "URITORCO", "poblacion": 500.0, "hogares": 200.0, "nbi": 1.0, "pct_nbi": 0.5, "escuelas_total": 0, "escuelas_estatales": 0, "escuelas_privadas": 0, "dispensarios_municipales": 0, "paradas_colectivo": 10, "lineas_colectivo": 7, "luminarias_reportes": 41, "comisarias": 0, "centros_vecinales": 0, "poblacion_log": 6.217, "pct_escuelas_privadas": 0.0, "escuelas_por_1000_hab": 0.0, "dispensarios_por_10000_hab": 0.0, "comisarias_por_10000_hab": 0.0, "paradas_por_1000_hab": 20.0, "centros_vecinales_por_10000_hab": 0.0, "tiene_escuela": 0, "tiene_dispensario": 0, "tiene_comisaria": 0, "tiene_transporte": 1, "infraestructura_score": 0.3704, "tamano_promedio_hogar": 2.5, "educacion_ratio_publico_privado": 0.0, "ranking_infraestructura": 90, "percentil_infraestructura": 81.8 }, "geometry": { "type": "Point", "coordinates": [ -64.234855153455598, -31.400702464821499 ] } },
{ "type": "Feature", "properties": { "barrio": "URQUIZA", "poblacion": 5578.0, "hogares": 1562.0, "nbi": 160.0, "pct_nbi": 10.24, "escuelas_total": 1, "escuelas_estatales": 1, "escuelas_privadas": 0, "dispensarios_municipales": 1, "paradas_colectivo": 4, "lineas_colectivo": 2, "luminarias_reportes": 17, "comisarias": 0, "centros_vecinales": 1, "poblacion_log": 8.627, "pct_escuelas_privadas": 0.0, "escuelas_por_1000_hab": 0.18, "dispensarios_por_10000_hab": 1.79, "comisarias_por_10000_hab": 0.0, "paradas_por_1000_hab": 0.72, "centros_vecinales_por_10000_hab": 1.79, "tiene_escuela": 1, "tiene_dispensario": 1, "tiene_comisaria": 0, "tiene_transporte": 1, "infraestructura_score": 0.0856, "tamano_promedio_hogar": 3.57, "educacion_ratio_publico_privado": 1.0, "ranking_infraestructura": 389, "percentil_infraestructura": 21.5 }, "geometry": { "type": "Point", "coordinates": [ -64.147482320187606, -31.438642250908 ] } },
{ "type": "Feature", "properties": { "barrio": "VALLE DEL CERRO", "poblacion": 701.0, "hogares": 216.0, "nbi": 0.0, "pct_nbi": 0.0, "escuelas_total": 1, "escuelas_estatales": 0, "escuelas_privadas": 1, "dispensarios_municipales": 0, "paradas_colectivo": 5, "lineas_colectivo": 2, "luminarias_reportes": 65, "comisarias": 0, "centros_vecinales": 1, "poblacion_log": 6.554, "pct_escuelas_privadas": 1.0, "escuelas_por_1000_hab": 1.43, "dispensarios_por_10000_hab": 0.0, "comisarias_por_10000_hab": 0.0, "paradas_por_1000_hab": 7.13, "centros_vecinales_por_10000_hab": 14.27, "tiene_escuela": 1, "tiene_dispensario": 0, "tiene_comisaria": 0, "tiene_transporte": 1, "infraestructura_score": 0.2313, "tamano_promedio_hogar": 3.25, "educacion_ratio_publico_privado": 0.0, "ranking_infraestructura": 187, "percentil_infraestructura": 62.3 }, "geometry": { "type": "Point", "coordinates": [ -64.240357525310102, -31.371418496264202 ] } },
{ "type": "Feature", "properties": { "barrio": "VASQUEZ", "poblacion": 500.0, "hogares": 200.0, "nbi": 13.0, "pct_nbi": 6.5, "escuelas_total": 0, "escuelas_estatales": 0, "escuelas_privadas": 0, "dispensarios_municipales": 0, "paradas_colectivo": 4, "lineas_colectivo": 1, "luminarias_reportes": 0, "comisarias": 0, "centros_vecinales": 0, "poblacion_log": 6.217, "pct_escuelas_privadas": 0.0, "escuelas_por_1000_hab": 0.0, "dispensarios_por_10000_hab": 0.0, "comisarias_por_10000_hab": 0.0, "paradas_por_1000_hab": 8.0, "centros_vecinales_por_10000_hab": 0.0, "tiene_escuela": 0, "tiene_dispensario": 0, "tiene_comisaria": 0, "tiene_transporte": 1, "infraestructura_score": 0.1481, "tamano_promedio_hogar": 2.5, "educacion_ratio_publico_privado": 0.0, "ranking_infraestructura": 288, "percentil_infraestructura": 41.2 }, "geometry": { "type": "Point", "coordinates": [ -64.131141552493403, -31.4814988423669 ] } },
{ "type": "Feature", "properties": { "barrio": "VICOR", "poblacion": 500.0, "hogares": 200.0, "nbi": 3.0, "pct_nbi": 1.5, "escuelas_total": 3, "escuelas_estatales": 3, "escuelas_privadas": 0, "dispensarios_municipales": 1, "paradas_colectivo": 10, "lineas_colectivo": 2, "luminarias_reportes": 72, "comisarias": 0, "centros_vecinales": 2, "poblacion_log": 6.217, "pct_escuelas_privadas": 0.0, "escuelas_por_1000_hab": 4.8035, "dispensarios_por_10000_hab": 6.657, "comisarias_por_10000_hab": 0.0, "paradas_por_1000_hab": 20.0, "centros_vecinales_por_10000_hab": 40.0, "tiene_escuela": 1, "tiene_dispensario": 1, "tiene_comisaria": 0, "tiene_transporte": 1, "infraestructura_score": 0.9259, "tamano_promedio_hogar": 2.5, "educacion_ratio_publico_privado": 3.0, "ranking_infraestructura": 2, "percentil_infraestructura": 99.8 }, "geometry": { "type": "Point", "coordinates": [ -64.247608871777203, -31.477971099691398 ] } },
{ "type": "Feature", "properties": { "barrio": "VILLA 4 DE AGOSTO", "poblacion": 1620.0, "hogares": 329.0, "nbi": 81.0, "pct_nbi": 24.62, "escuelas_total": 0, "escuelas_estatales": 0, "escuelas_privadas": 0, "dispensarios_municipales": 1, "paradas_colectivo": 4, "lineas_colectivo": 1, "luminarias_reportes": 0, "comisarias": 0, "centros_vecinales": 0, "poblacion_log": 7.391, "pct_escuelas_privadas": 0.0, "escuelas_por_1000_hab": 0.0, "dispensarios_por_10000_hab": 6.17, "comisarias_por_10000_hab": 0.0, "paradas_por_1000_hab": 2.47, "centros_vecinales_por_10000_hab": 0.0, "tiene_escuela": 0, "tiene_dispensario": 1, "tiene_comisaria": 0, "tiene_transporte": 1, "infraestructura_score": 0.2517, "tamano_promedio_hogar": 4.92, "educacion_ratio_publico_privado": 0.0, "ranking_infraestructura": 163, "percentil_infraestructura": 67.2 }, "geometry": { "type": "Point", "coordinates": [ -64.190822008843099, -31.370938944816899 ] } },
{ "type": "Feature", "properties": { "barrio": "VILLA 9 DE JULIO", "poblacion": 8712.0, "hogares": 2383.0, "nbi": 268.0, "pct_nbi": 11.25, "escuelas_total": 2, "escuelas_estatales": 2, "escuelas_privadas": 0, "dispensarios_municipales": 2, "paradas_colectivo": 10, "lineas_colectivo": 2, "luminarias_reportes": 472, "comisarias": 0, "centros_vecinales": 2, "poblacion_log": 9.073, "pct_escuelas_privadas": 0.0, "escuelas_por_1000_hab": 0.23, "dispensarios_por_10000_hab": 2.3, "comisarias_por_10000_hab": 0.0, "paradas_por_1000_hab": 1.15, "centros_vecinales_por_10000_hab": 2.3, "tiene_escuela": 1, "tiene_dispensario": 1, "tiene_comisaria": 0, "tiene_transporte": 1, "infraestructura_score": 0.114, "tamano_promedio_hogar": 3.66, "educacion_ratio_publico_privado": 2.0, "ranking_infraestructura": 337, "percentil_infraestructura": 32.0 }, "geometry": { "type": "Point", "coordinates": [ -64.270839671136002, -31.329018947508999 ] } },
{ "type": "Feature", "properties": { "barrio": "VILLA ADELA", "poblacion": 3684.0, "hogares": 1088.0, "nbi": 56.0, "pct_nbi": 5.15, "escuelas_total": 10, "escuelas_estatales": 8, "escuelas_privadas": 2, "dispensarios_municipales": 1, "paradas_colectivo": 14, "lineas_colectivo": 3, "luminarias_reportes": 278, "comisarias": 0, "centros_vecinales": 1, "poblacion_log": 8.212, "pct_escuelas_privadas": 0.2, "escuelas_por_1000_hab": 2.71, "dispensarios_por_10000_hab": 2.71, "comisarias_por_10000_hab": 0.0, "paradas_por_1000_hab": 3.8, "centros_vecinales_por_10000_hab": 2.71, "tiene_escuela": 1, "tiene_dispensario": 1, "tiene_comisaria": 0, "tiene_transporte": 1, "infraestructura_score": 0.3489, "tamano_promedio_hogar": 3.39, "educacion_ratio_publico_privado": 4.0, "ranking_infraestructura": 102, "percentil_infraestructura": 79.6 }, "geometry": { "type": "Point", "coordinates": [ -64.247507386986001, -31.435445900999799 ] } },
{ "type": "Feature", "properties": { "barrio": "VILLA ALBERDI", "poblacion": 2014.0, "hogares": 547.0, "nbi": 44.0, "pct_nbi": 8.04, "escuelas_total": 1, "escuelas_estatales": 1, "escuelas_privadas": 0, "dispensarios_municipales": 0, "paradas_colectivo": 15, "lineas_colectivo": 6, "luminarias_reportes": 11, "comisarias": 0, "centros_vecinales": 0, "poblacion_log": 7.608, "pct_escuelas_privadas": 0.0, "escuelas_por_1000_hab": 0.5, "dispensarios_por_10000_hab": 0.0, "comisarias_por_10000_hab": 0.0, "paradas_por_1000_hab": 7.45, "centros_vecinales_por_10000_hab": 0.0, "tiene_escuela": 1, "tiene_dispensario": 0, "tiene_comisaria": 0, "tiene_transporte": 1, "infraestructura_score": 0.1727, "tamano_promedio_hogar": 3.68, "educacion_ratio_publico_privado": 1.0, "ranking_infraestructura": 250, "percentil_infraestructura": 49.6 }, "geometry": { "type": "Point", "coordinates": [ -64.235837618934198, -31.3934888286527 ] } },
{ "type": "Feature", "properties": { "barrio": "VILLA ALBERTO", "poblacion": 876.0, "hogares": 200.0, "nbi": 25.0, "pct_nbi": 12.5, "escuelas_total": 3, "escuelas_estatales": 3, "escuelas_privadas": 0, "dispensarios_municipales": 0, "paradas_colectivo": 5, "lineas_colectivo": 1, "luminarias_reportes": 3, "comisarias": 0, "centros_vecinales": 1, "poblacion_log": 6.777, "pct_escuelas_privadas": 0.0, "escuelas_por_1000_hab": 3.42, "dispensarios_por_10000_hab": 0.0, "comisarias_por_10000_hab": 0.0, "paradas_por_1000_hab": 5.71, "centros_vecinales_por_10000_hab": 11.42, "tiene_escuela": 1, "tiene_dispensario": 0, "tiene_comisaria": 0, "tiene_transporte": 1, "infraestructura_score": 0.3431, "tamano_promedio_hogar": 4.38, "educacion_ratio_publico_privado": 3.0, "ranking_infraestructura": 105, "percentil_infraestructura": 78.9 }, "geometry": { "type": "Point", "coordinates": [ -64.2666051276845, -31.416141639399299 ] } },
{ "type": "Feature", "properties": { "barrio": "VILLA ALICIA RISLER", "poblacion": 3062.0, "hogares": 797.0, "nbi": 100.0, "pct_nbi": 12.55, "escuelas_total": 2, "escuelas_estatales": 2, "escuelas_privadas": 0, "dispensarios_municipales": 0, "paradas_colectivo": 11, "lineas_colectivo": 1, "luminarias_reportes": 85, "comisarias": 0, "centros_vecinales": 1, "poblacion_log": 8.027, "pct_escuelas_privadas": 0.0, "escuelas_por_1000_hab": 0.65, "dispensarios_por_10000_hab": 0.0, "comisarias_por_10000_hab": 0.0, "paradas_por_1000_hab": 3.59, "centros_vecinales_por_10000_hab": 3.27, "tiene_escuela": 1, "tiene_dispensario": 0, "tiene_comisaria": 0, "tiene_transporte": 1, "infraestructura_score": 0.1116, "tamano_promedio_hogar": 3.84, "educacion_ratio_publico_privado": 2.0, "ranking_infraestructura": 346, "percentil_infraestructura": 30.2 }, "geometry": { "type": "Point", "coordinates": [ -64.180431145491397, -31.311435463252199 ] } },
{ "type": "Feature", "properties": { "barrio": "VILLA ALLENDE PARQUE", "poblacion": 5601.0, "hogares": 1512.0, "nbi": 138.0, "pct_nbi": 9.13, "escuelas_total": 3, "escuelas_estatales": 3, "escuelas_privadas": 0, "dispensarios_municipales": 1, "paradas_colectivo": 29, "lineas_colectivo": 3, "luminarias_reportes": 85, "comisarias": 0, "centros_vecinales": 1, "poblacion_log": 8.631, "pct_escuelas_privadas": 0.0, "escuelas_por_1000_hab": 0.54, "dispensarios_por_10000_hab": 1.79, "comisarias_por_10000_hab": 0.0, "paradas_por_1000_hab": 5.18, "centros_vecinales_por_10000_hab": 1.79, "tiene_escuela": 1, "tiene_dispensario": 1, "tiene_comisaria": 0, "tiene_transporte": 1, "infraestructura_score": 0.1932, "tamano_promedio_hogar": 3.7, "educacion_ratio_publico_privado": 3.0, "ranking_infraestructura": 229, "percentil_infraestructura": 53.8 }, "geometry": { "type": "Point", "coordinates": [ -64.282173590419802, -31.313883841242198 ] } },
{ "type": "Feature", "properties": { "barrio": "VILLA ARGENTINA", "poblacion": 966.0, "hogares": 313.0, "nbi": 3.0, "pct_nbi": 0.96, "escuelas_total": 0, "escuelas_estatales": 0, "escuelas_privadas": 0, "dispensarios_municipales": 0, "paradas_colectivo": 7, "lineas_colectivo": 3, "luminarias_reportes": 96, "comisarias": 0, "centros_vecinales": 0, "poblacion_log": 6.874, "pct_escuelas_privadas": 0.0, "escuelas_por_1000_hab": 0.0, "dispensarios_por_10000_hab": 0.0, "comisarias_por_10000_hab": 0.0, "paradas_por_1000_hab": 7.25, "centros_vecinales_por_10000_hab": 0.0, "tiene_escuela": 0, "tiene_dispensario": 0, "tiene_comisaria": 0, "tiene_transporte": 1, "infraestructura_score": 0.1343, "tamano_promedio_hogar": 3.09, "educacion_ratio_publico_privado": 0.0, "ranking_infraestructura": 313, "percentil_infraestructura": 36.7 }, "geometry": { "type": "Point", "coordinates": [ -64.135452635797293, -31.431052918483001 ] } },
{ "type": "Feature", "properties": { "barrio": "VILLA ASPACIA", "poblacion": 2319.0, "hogares": 607.0, "nbi": 43.0, "pct_nbi": 7.08, "escuelas_total": 0, "escuelas_estatales": 0, "escuelas_privadas": 0, "dispensarios_municipales": 0, "paradas_colectivo": 8, "lineas_colectivo": 2, "luminarias_reportes": 52, "comisarias": 0, "centros_vecinales": 1, "poblacion_log": 7.749, "pct_escuelas_privadas": 0.0, "escuelas_por_1000_hab": 0.0, "dispensarios_por_10000_hab": 0.0, "comisarias_por_10000_hab": 0.0, "paradas_por_1000_hab": 3.45, "centros_vecinales_por_10000_hab": 4.31, "tiene_escuela": 0, "tiene_dispensario": 0, "tiene_comisaria": 0, "tiene_transporte": 1, "infraestructura_score": 0.0639, "tamano_promedio_hogar": 3.82, "educacion_ratio_publico_privado": 0.0, "ranking_infraestructura": 426, "percentil_infraestructura": 14.0 }, "geometry": { "type": "Point", "coordinates": [ -64.247452237944799, -31.443086304447199 ] } },
{ "type": "Feature", "properties": { "barrio": "VILLA AVALOS", "poblacion": 1364.0, "hogares": 350.0, "nbi": 88.0, "pct_nbi": 25.14, "escuelas_total": 0, "escuelas_estatales": 0, "escuelas_privadas": 0, "dispensarios_municipales": 0, "paradas_colectivo": 0, "lineas_colectivo": 0, "luminarias_reportes": 17, "comisarias": 0, "centros_vecinales": 2, "poblacion_log": 7.219, "pct_escuelas_privadas": 0.0, "escuelas_por_1000_hab": 0.0, "dispensarios_por_10000_hab": 0.0, "comisarias_por_10000_hab": 0.0, "paradas_por_1000_hab": 0.0, "centros_vecinales_por_10000_hab": 14.66, "tiene_escuela": 0, "tiene_dispensario": 0, "tiene_comisaria": 0, "tiene_transporte": 0, "infraestructura_score": 0.0, "tamano_promedio_hogar": 3.9, "educacion_ratio_publico_privado": 0.0, "ranking_infraestructura": 469, "percentil_infraestructura": 2.7 }, "geometry": { "type": "Point", "coordinates": [ -64.2431944869072, -31.4159890689732 ] } },
{ "type": "Feature", "properties": { "barrio": "VILLA AZALAIS", "poblacion": 7680.0, "hogares": 2225.0, "nbi": 140.0, "pct_nbi": 6.29, "escuelas_total": 8, "escuelas_estatales": 6, "escuelas_privadas": 2, "dispensarios_municipales": 1, "paradas_colectivo": 8, "lineas_colectivo": 1, "luminarias_reportes": 54, "comisarias": 0, "centros_vecinales": 1, "poblacion_log": 8.947, "pct_escuelas_privadas": 0.25, "escuelas_por_1000_hab": 1.04, "dispensarios_por_10000_hab": 1.3, "comisarias_por_10000_hab": 0.0, "paradas_por_1000_hab": 1.04, "centros_vecinales_por_10000_hab": 1.3, "tiene_escuela": 1, "tiene_dispensario": 1, "tiene_comisaria": 0, "tiene_transporte": 1, "infraestructura_score": 0.1348, "tamano_promedio_hogar": 3.45, "educacion_ratio_publico_privado": 3.0, "ranking_infraestructura": 311, "percentil_infraestructura": 37.2 }, "geometry": { "type": "Point", "coordinates": [ -64.151905506119604, -31.373360591093199 ] } },
{ "type": "Feature", "properties": { "barrio": "VILLA AZALAIS ANEXO", "poblacion": 500.0, "hogares": 200.0, "nbi": 13.0, "pct_nbi": 6.5, "escuelas_total": 0, "escuelas_estatales": 0, "escuelas_privadas": 0, "dispensarios_municipales": 0, "paradas_colectivo": 2, "lineas_colectivo": 2, "luminarias_reportes": 0, "comisarias": 0, "centros_vecinales": 0, "poblacion_log": 6.217, "pct_escuelas_privadas": 0.0, "escuelas_por_1000_hab": 0.0, "dispensarios_por_10000_hab": 0.0, "comisarias_por_10000_hab": 0.0, "paradas_por_1000_hab": 4.0, "centros_vecinales_por_10000_hab": 0.0, "tiene_escuela": 0, "tiene_dispensario": 0, "tiene_comisaria": 0, "tiene_transporte": 1, "infraestructura_score": 0.0741, "tamano_promedio_hogar": 2.5, "educacion_ratio_publico_privado": 0.0, "ranking_infraestructura": 406, "percentil_infraestructura": 17.5 }, "geometry": { "type": "Point", "coordinates": [ -64.161743519470306, -31.365152444676799 ] } },
{ "type": "Feature", "properties": { "barrio": "VILLA AZALAIS OESTE", "poblacion": 1121.0, "hogares": 319.0, "nbi": 14.0, "pct_nbi": 4.39, "escuelas_total": 6, "escuelas_estatales": 6, "escuelas_privadas": 0, "dispensarios_municipales": 1, "paradas_colectivo": 9, "lineas_colectivo": 3, "luminarias_reportes": 11, "comisarias": 0, "centros_vecinales": 0, "poblacion_log": 7.023, "pct_escuelas_privadas": 0.0, "escuelas_por_1000_hab": 4.8035, "dispensarios_por_10000_hab": 6.657, "comisarias_por_10000_hab": 0.0, "paradas_por_1000_hab": 8.03, "centros_vecinales_por_10000_hab": 0.0, "tiene_escuela": 1, "tiene_dispensario": 1, "tiene_comisaria": 0, "tiene_transporte": 1, "infraestructura_score": 0.7043, "tamano_promedio_hogar": 3.51, "educacion_ratio_publico_privado": 6.0, "ranking_infraestructura": 16, "percentil_infraestructura": 97.0 }, "geometry": { "type": "Point", "coordinates": [ -64.174890521404706, -31.367927764313599 ] } },
{ "type": "Feature", "properties": { "barrio": "VILLA BELGRANO", "poblacion": 5152.0, "hogares": 1554.0, "nbi": 24.0, "pct_nbi": 1.54, "escuelas_total": 10, "escuelas_estatales": 2, "escuelas_privadas": 8, "dispensarios_municipales": 0, "paradas_colectivo": 16, "lineas_colectivo": 3, "luminarias_reportes": 417, "comisarias": 0, "centros_vecinales": 0, "poblacion_log": 8.547, "pct_escuelas_privadas": 0.8, "escuelas_por_1000_hab": 1.94, "dispensarios_por_10000_hab": 0.0, "comisarias_por_10000_hab": 0.0, "paradas_por_1000_hab": 3.11, "centros_vecinales_por_10000_hab": 0.0, "tiene_escuela": 1, "tiene_dispensario": 0, "tiene_comisaria": 0, "tiene_transporte": 1, "infraestructura_score": 0.1922, "tamano_promedio_hogar": 3.32, "educacion_ratio_publico_privado": 0.25, "ranking_infraestructura": 230, "percentil_infraestructura": 53.6 }, "geometry": { "type": "Point", "coordinates": [ -64.250273210831196, -31.359322355069398 ] } },
{ "type": "Feature", "properties": { "barrio": "VILLA BUSTOS", "poblacion": 2219.0, "hogares": 538.0, "nbi": 54.0, "pct_nbi": 10.04, "escuelas_total": 5, "escuelas_estatales": 5, "escuelas_privadas": 0, "dispensarios_municipales": 1, "paradas_colectivo": 10, "lineas_colectivo": 2, "luminarias_reportes": 23, "comisarias": 0, "centros_vecinales": 1, "poblacion_log": 7.705, "pct_escuelas_privadas": 0.0, "escuelas_por_1000_hab": 2.25, "dispensarios_por_10000_hab": 4.51, "comisarias_por_10000_hab": 0.0, "paradas_por_1000_hab": 4.51, "centros_vecinales_por_10000_hab": 4.51, "tiene_escuela": 1, "tiene_dispensario": 1, "tiene_comisaria": 0, "tiene_transporte": 1, "infraestructura_score": 0.3902, "tamano_promedio_hogar": 4.12, "educacion_ratio_publico_privado": 5.0, "ranking_infraestructura": 84, "percentil_infraestructura": 83.2 }, "geometry": { "type": "Point", "coordinates": [ -64.111819673319204, -31.4380459286388 ] } },
{ "type": "Feature", "properties": { "barrio": "VILLA CABRERA", "poblacion": 6437.0, "hogares": 2336.0, "nbi": 28.0, "pct_nbi": 1.2, "escuelas_total": 8, "escuelas_estatales": 4, "escuelas_privadas": 4, "dispensarios_municipales": 0, "paradas_colectivo": 15, "lineas_colectivo": 13, "luminarias_reportes": 755, "comisarias": 0, "centros_vecinales": 1, "poblacion_log": 8.77, "pct_escuelas_privadas": 0.5, "escuelas_por_1000_hab": 1.24, "dispensarios_por_10000_hab": 0.0, "comisarias_por_10000_hab": 0.0, "paradas_por_1000_hab": 2.33, "centros_vecinales_por_10000_hab": 1.55, "tiene_escuela": 1, "tiene_dispensario": 0, "tiene_comisaria": 0, "tiene_transporte": 1, "infraestructura_score": 0.1292, "tamano_promedio_hogar": 2.76, "educacion_ratio_publico_privado": 1.0, "ranking_infraestructura": 318, "percentil_infraestructura": 35.8 }, "geometry": { "type": "Point", "coordinates": [ -64.210776657421306, -31.387389622533199 ] } },
{ "type": "Feature", "properties": { "barrio": "VILLA CENTENARIO", "poblacion": 2331.0, "hogares": 847.0, "nbi": 13.0, "pct_nbi": 1.53, "escuelas_total": 3, "escuelas_estatales": 3, "escuelas_privadas": 0, "dispensarios_municipales": 0, "paradas_colectivo": 3, "lineas_colectivo": 9, "luminarias_reportes": 17, "comisarias": 0, "centros_vecinales": 0, "poblacion_log": 7.754, "pct_escuelas_privadas": 0.0, "escuelas_por_1000_hab": 1.29, "dispensarios_por_10000_hab": 0.0, "comisarias_por_10000_hab": 0.0, "paradas_por_1000_hab": 1.29, "centros_vecinales_por_10000_hab": 0.0, "tiene_escuela": 1, "tiene_dispensario": 0, "tiene_comisaria": 0, "tiene_transporte": 1, "infraestructura_score": 0.1134, "tamano_promedio_hogar": 2.75, "educacion_ratio_publico_privado": 3.0, "ranking_infraestructura": 339, "percentil_infraestructura": 31.6 }, "geometry": { "type": "Point", "coordinates": [ -64.230890084963505, -31.365513647496499 ] } },
{ "type": "Feature", "properties": { "barrio": "VILLA CLARET", "poblacion": 500.0, "hogares": 200.0, "nbi": 4.0, "pct_nbi": 2.0, "escuelas_total": 1, "escuelas_estatales": 0, "escuelas_privadas": 1, "dispensarios_municipales": 0, "paradas_colectivo": 11, "lineas_colectivo": 4, "luminarias_reportes": 11, "comisarias": 0, "centros_vecinales": 0, "poblacion_log": 6.217, "pct_escuelas_privadas": 1.0, "escuelas_por_1000_hab": 2.0, "dispensarios_por_10000_hab": 0.0, "comisarias_por_10000_hab": 0.0, "paradas_por_1000_hab": 22.0, "centros_vecinales_por_10000_hab": 0.0, "tiene_escuela": 1, "tiene_dispensario": 0, "tiene_comisaria": 0, "tiene_transporte": 1, "infraestructura_score": 0.5462, "tamano_promedio_hogar": 2.5, "educacion_ratio_publico_privado": 0.0, "ranking_infraestructura": 37, "percentil_infraestructura": 92.7 }, "geometry": { "type": "Point", "coordinates": [ -64.238479952603996, -31.346764951577001 ] } },
{ "type": "Feature", "properties": { "barrio": "VILLA CLAUDINA", "poblacion": 500.0, "hogares": 200.0, "nbi": 6.0, "pct_nbi": 3.0, "escuelas_total": 3, "escuelas_estatales": 3, "escuelas_privadas": 0, "dispensarios_municipales": 0, "paradas_colectivo": 9, "lineas_colectivo": 2, "luminarias_reportes": 0, "comisarias": 0, "centros_vecinales": 0, "poblacion_log": 6.217, "pct_escuelas_privadas": 0.0, "escuelas_por_1000_hab": 4.8035, "dispensarios_por_10000_hab": 0.0, "comisarias_por_10000_hab": 0.0, "paradas_por_1000_hab": 18.0, "centros_vecinales_por_10000_hab": 0.0, "tiene_escuela": 1, "tiene_dispensario": 0, "tiene_comisaria": 0, "tiene_transporte": 1, "infraestructura_score": 0.6667, "tamano_promedio_hogar": 2.5, "educacion_ratio_publico_privado": 3.0, "ranking_infraestructura": 20, "percentil_infraestructura": 95.9 }, "geometry": { "type": "Point", "coordinates": [ -64.122556491781907, -31.3886748687489 ] } },
{ "type": "Feature", "properties": { "barrio": "VILLA CORINA", "poblacion": 4622.0, "hogares": 1373.0, "nbi": 78.0, "pct_nbi": 5.68, "escuelas_total": 7, "escuelas_estatales": 1, "escuelas_privadas": 6, "dispensarios_municipales": 0, "paradas_colectivo": 15, "lineas_colectivo": 2, "luminarias_reportes": 38, "comisarias": 0, "centros_vecinales": 1, "poblacion_log": 8.439, "pct_escuelas_privadas": 0.857, "escuelas_por_1000_hab": 1.51, "dispensarios_por_10000_hab": 0.0, "comisarias_por_10000_hab": 0.0, "paradas_por_1000_hab": 3.25, "centros_vecinales_por_10000_hab": 2.16, "tiene_escuela": 1, "tiene_dispensario": 0, "tiene_comisaria": 0, "tiene_transporte": 1, "infraestructura_score": 0.165, "tamano_promedio_hogar": 3.37, "educacion_ratio_publico_privado": 0.17, "ranking_infraestructura": 264, "percentil_infraestructura": 46.7 }, "geometry": { "type": "Point", "coordinates": [ -64.144697534858196, -31.375312240754301 ] } },
{ "type": "Feature", "properties": { "barrio": "VILLA CORNU", "poblacion": 7274.0, "hogares": 1908.0, "nbi": 144.0, "pct_nbi": 7.55, "escuelas_total": 3, "escuelas_estatales": 3, "escuelas_privadas": 0, "dispensarios_municipales": 0, "paradas_colectivo": 0, "lineas_colectivo": 0, "luminarias_reportes": 13, "comisarias": 0, "centros_vecinales": 0, "poblacion_log": 8.892, "pct_escuelas_privadas": 0.0, "escuelas_por_1000_hab": 0.41, "dispensarios_por_10000_hab": 0.0, "comisarias_por_10000_hab": 0.0, "paradas_por_1000_hab": 0.0, "centros_vecinales_por_10000_hab": 0.0, "tiene_escuela": 1, "tiene_dispensario": 0, "tiene_comisaria": 0, "tiene_transporte": 0, "infraestructura_score": 0.0285, "tamano_promedio_hogar": 3.81, "educacion_ratio_publico_privado": 3.0, "ranking_infraestructura": 456, "percentil_infraestructura": 7.9 }, "geometry": { "type": "Point", "coordinates": [ -64.264164524590953, -31.315163784747249 ] } },
{ "type": "Feature", "properties": { "barrio": "VILLA CORONEL OLMEDO", "poblacion": 3719.0, "hogares": 1052.0, "nbi": 66.0, "pct_nbi": 6.27, "escuelas_total": 6, "escuelas_estatales": 6, "escuelas_privadas": 0, "dispensarios_municipales": 1, "paradas_colectivo": 23, "lineas_colectivo": 4, "luminarias_reportes": 46, "comisarias": 0, "centros_vecinales": 1, "poblacion_log": 8.221, "pct_escuelas_privadas": 0.0, "escuelas_por_1000_hab": 1.61, "dispensarios_por_10000_hab": 2.69, "comisarias_por_10000_hab": 0.0, "paradas_por_1000_hab": 6.18, "centros_vecinales_por_10000_hab": 2.69, "tiene_escuela": 1, "tiene_dispensario": 1, "tiene_comisaria": 0, "tiene_transporte": 1, "infraestructura_score": 0.316, "tamano_promedio_hogar": 3.54, "educacion_ratio_publico_privado": 6.0, "ranking_infraestructura": 119, "percentil_infraestructura": 76.1 }, "geometry": { "type": "Point", "coordinates": [ -64.141566795508197, -31.4808392426478 ] } },
{ "type": "Feature", "properties": { "barrio": "VILLA EL LIBERTADOR", "poblacion": 58648.0, "hogares": 15082.0, "nbi": 2096.0, "pct_nbi": 13.9, "escuelas_total": 26, "escuelas_estatales": 17, "escuelas_privadas": 9, "dispensarios_municipales": 1, "paradas_colectivo": 21, "lineas_colectivo": 6, "luminarias_reportes": 145, "comisarias": 1, "centros_vecinales": 0, "poblacion_log": 10.979, "pct_escuelas_privadas": 0.346, "escuelas_por_1000_hab": 0.44, "dispensarios_por_10000_hab": 0.17, "comisarias_por_10000_hab": 0.17, "paradas_por_1000_hab": 0.36, "centros_vecinales_por_10000_hab": 0.0, "tiene_escuela": 1, "tiene_dispensario": 1, "tiene_comisaria": 1, "tiene_transporte": 1, "infraestructura_score": 0.055, "tamano_promedio_hogar": 3.89, "educacion_ratio_publico_privado": 1.89, "ranking_infraestructura": 432, "percentil_infraestructura": 12.8 }, "geometry": { "type": "Point", "coordinates": [ -64.224058251340551, -31.483166369366401 ] } },
{ "type": "Feature", "properties": { "barrio": "VILLA ESQUIU", "poblacion": 834.0, "hogares": 224.0, "nbi": 18.0, "pct_nbi": 8.04, "escuelas_total": 4, "escuelas_estatales": 4, "escuelas_privadas": 0, "dispensarios_municipales": 1, "paradas_colectivo": 7, "lineas_colectivo": 1, "luminarias_reportes": 0, "comisarias": 0, "centros_vecinales": 0, "poblacion_log": 6.727, "pct_escuelas_privadas": 0.0, "escuelas_por_1000_hab": 4.8, "dispensarios_por_10000_hab": 6.657, "comisarias_por_10000_hab": 0.0, "paradas_por_1000_hab": 8.39, "centros_vecinales_por_10000_hab": 0.0, "tiene_escuela": 1, "tiene_dispensario": 1, "tiene_comisaria": 0, "tiene_transporte": 1, "infraestructura_score": 0.7107, "tamano_promedio_hogar": 3.72, "educacion_ratio_publico_privado": 4.0, "ranking_infraestructura": 14, "percentil_infraestructura": 97.4 }, "geometry": { "type": "Point", "coordinates": [ -64.106364790417004, -31.358173170560399 ] } },
{ "type": "Feature", "properties": { "barrio": "VILLA EUCARISTICA", "poblacion": 1404.0, "hogares": 366.0, "nbi": 6.0, "pct_nbi": 1.64, "escuelas_total": 3, "escuelas_estatales": 0, "escuelas_privadas": 3, "dispensarios_municipales": 0, "paradas_colectivo": 0, "lineas_colectivo": 0, "luminarias_reportes": 9, "comisarias": 0, "centros_vecinales": 2, "poblacion_log": 7.248, "pct_escuelas_privadas": 1.0, "escuelas_por_1000_hab": 2.14, "dispensarios_por_10000_hab": 0.0, "comisarias_por_10000_hab": 0.0, "paradas_por_1000_hab": 0.0, "centros_vecinales_por_10000_hab": 14.25, "tiene_escuela": 1, "tiene_dispensario": 0, "tiene_comisaria": 0, "tiene_transporte": 0, "infraestructura_score": 0.1485, "tamano_promedio_hogar": 3.84, "educacion_ratio_publico_privado": 0.0, "ranking_infraestructura": 287, "percentil_infraestructura": 42.1 }, "geometry": { "type": "Point", "coordinates": [ -64.178837298163799, -31.482104897379799 ] } },
{ "type": "Feature", "properties": { "barrio": "VILLA GENERAL URQUIZA", "poblacion": 6010.0, "hogares": 1524.0, "nbi": 261.0, "pct_nbi": 17.13, "escuelas_total": 6, "escuelas_estatales": 3, "escuelas_privadas": 3, "dispensarios_municipales": 1, "paradas_colectivo": 12, "lineas_colectivo": 4, "luminarias_reportes": 45, "comisarias": 0, "centros_vecinales": 2, "poblacion_log": 8.701, "pct_escuelas_privadas": 0.5, "escuelas_por_1000_hab": 1.0, "dispensarios_por_10000_hab": 1.66, "comisarias_por_10000_hab": 0.0, "paradas_por_1000_hab": 2.0, "centros_vecinales_por_10000_hab": 3.33, "tiene_escuela": 1, "tiene_dispensario": 1, "tiene_comisaria": 0, "tiene_transporte": 1, "infraestructura_score": 0.1618, "tamano_promedio_hogar": 3.94, "educacion_ratio_publico_privado": 1.0, "ranking_infraestructura": 270, "percentil_infraestructura": 45.5 }, "geometry": { "type": "Point", "coordinates": [ -64.241797442003204, -31.390991333013101 ] } },
{ "type": "Feature", "properties": { "barrio": "VILLA GRAN PARQUE", "poblacion": 581.0, "hogares": 200.0, "nbi": 11.0, "pct_nbi": 5.5, "escuelas_total": 0, "escuelas_estatales": 0, "escuelas_privadas": 0, "dispensarios_municipales": 0, "paradas_colectivo": 0, "lineas_colectivo": 0, "luminarias_reportes": 81, "comisarias": 0, "centros_vecinales": 1, "poblacion_log": 6.366, "pct_escuelas_privadas": 0.0, "escuelas_por_1000_hab": 0.0, "dispensarios_por_10000_hab": 0.0, "comisarias_por_10000_hab": 0.0, "paradas_por_1000_hab": 0.0, "centros_vecinales_por_10000_hab": 17.21, "tiene_escuela": 0, "tiene_dispensario": 0, "tiene_comisaria": 0, "tiene_transporte": 0, "infraestructura_score": 0.0, "tamano_promedio_hogar": 2.9, "educacion_ratio_publico_privado": 0.0, "ranking_infraestructura": 469, "percentil_infraestructura": 2.7 }, "geometry": { "type": "Point", "coordinates": [ -64.161610637320607, -31.327102952856301 ] } },
{ "type": "Feature", "properties": { "barrio": "VILLA LA MERCED", "poblacion": 1325.0, "hogares": 280.0, "nbi": 61.0, "pct_nbi": 21.79, "escuelas_total": 3, "escuelas_estatales": 3, "escuelas_privadas": 0, "dispensarios_municipales": 1, "paradas_colectivo": 6, "lineas_colectivo": 1, "luminarias_reportes": 0, "comisarias": 0, "centros_vecinales": 0, "poblacion_log": 7.19, "pct_escuelas_privadas": 0.0, "escuelas_por_1000_hab": 2.26, "dispensarios_por_10000_hab": 6.657, "comisarias_por_10000_hab": 0.0, "paradas_por_1000_hab": 4.53, "centros_vecinales_por_10000_hab": 0.0, "tiene_escuela": 1, "tiene_dispensario": 1, "tiene_comisaria": 0, "tiene_transporte": 1, "infraestructura_score": 0.4629, "tamano_promedio_hogar": 4.73, "educacion_ratio_publico_privado": 3.0, "ranking_infraestructura": 56, "percentil_infraestructura": 88.9 }, "geometry": { "type": "Point", "coordinates": [ -64.064223857116303, -31.408270845020201 ] } },
{ "type": "Feature", "properties": { "barrio": "VILLA MAFEKIN", "poblacion": 1923.0, "hogares": 542.0, "nbi": 44.0, "pct_nbi": 8.12, "escuelas_total": 3, "escuelas_estatales": 3, "escuelas_privadas": 0, "dispensarios_municipales": 0, "paradas_colectivo": 14, "lineas_colectivo": 3, "luminarias_reportes": 0, "comisarias": 0, "centros_vecinales": 1, "poblacion_log": 7.562, "pct_escuelas_privadas": 0.0, "escuelas_por_1000_hab": 1.56, "dispensarios_por_10000_hab": 0.0, "comisarias_por_10000_hab": 0.0, "paradas_por_1000_hab": 7.28, "centros_vecinales_por_10000_hab": 5.2, "tiene_escuela": 1, "tiene_dispensario": 0, "tiene_comisaria": 0, "tiene_transporte": 1, "infraestructura_score": 0.2431, "tamano_promedio_hogar": 3.55, "educacion_ratio_publico_privado": 3.0, "ranking_infraestructura": 175, "percentil_infraestructura": 64.8 }, "geometry": { "type": "Point", "coordinates": [ -64.256949126076805, -31.402248111278499 ] } },
{ "type": "Feature", "properties": { "barrio": "VILLA MARTA", "poblacion": 981.0, "hogares": 340.0, "nbi": 2.0, "pct_nbi": 0.59, "escuelas_total": 0, "escuelas_estatales": 0, "escuelas_privadas": 0, "dispensarios_municipales": 0, "paradas_colectivo": 8, "lineas_colectivo": 3, "luminarias_reportes": 29, "comisarias": 0, "centros_vecinales": 0, "poblacion_log": 6.89, "pct_escuelas_privadas": 0.0, "escuelas_por_1000_hab": 0.0, "dispensarios_por_10000_hab": 0.0, "comisarias_por_10000_hab": 0.0, "paradas_por_1000_hab": 8.15, "centros_vecinales_por_10000_hab": 0.0, "tiene_escuela": 0, "tiene_dispensario": 0, "tiene_comisaria": 0, "tiene_transporte": 1, "infraestructura_score": 0.1509, "tamano_promedio_hogar": 2.89, "educacion_ratio_publico_privado": 0.0, "ranking_infraestructura": 283, "percentil_infraestructura": 42.9 }, "geometry": { "type": "Point", "coordinates": [ -64.228181478438501, -31.360819163349898 ] } },
{ "type": "Feature", "properties": { "barrio": "VILLA MARTINEZ", "poblacion": 3496.0, "hogares": 826.0, "nbi": 169.0, "pct_nbi": 20.46, "escuelas_total": 3, "escuelas_estatales": 3, "escuelas_privadas": 0, "dispensarios_municipales": 0, "paradas_colectivo": 9, "lineas_colectivo": 2, "luminarias_reportes": 4, "comisarias": 0, "centros_vecinales": 1, "poblacion_log": 8.16, "pct_escuelas_privadas": 0.0, "escuelas_por_1000_hab": 0.86, "dispensarios_por_10000_hab": 0.0, "comisarias_por_10000_hab": 0.0, "paradas_por_1000_hab": 2.57, "centros_vecinales_por_10000_hab": 2.86, "tiene_escuela": 1, "tiene_dispensario": 0, "tiene_comisaria": 0, "tiene_transporte": 1, "infraestructura_score": 0.1073, "tamano_promedio_hogar": 4.23, "educacion_ratio_publico_privado": 3.0, "ranking_infraestructura": 361, "percentil_infraestructura": 27.1 }, "geometry": { "type": "Point", "coordinates": [ -64.250731021989907, -31.416085792792199 ] } },
{ "type": "Feature", "properties": { "barrio": "VILLA PAEZ", "poblacion": 4861.0, "hogares": 1428.0, "nbi": 105.0, "pct_nbi": 7.35, "escuelas_total": 7, "escuelas_estatales": 4, "escuelas_privadas": 3, "dispensarios_municipales": 1, "paradas_colectivo": 12, "lineas_colectivo": 4, "luminarias_reportes": 140, "comisarias": 0, "centros_vecinales": 1, "poblacion_log": 8.489, "pct_escuelas_privadas": 0.429, "escuelas_por_1000_hab": 1.44, "dispensarios_por_10000_hab": 2.06, "comisarias_por_10000_hab": 0.0, "paradas_por_1000_hab": 2.47, "centros_vecinales_por_10000_hab": 2.06, "tiene_escuela": 1, "tiene_dispensario": 1, "tiene_comisaria": 0, "tiene_transporte": 1, "infraestructura_score": 0.2144, "tamano_promedio_hogar": 3.4, "educacion_ratio_publico_privado": 1.33, "ranking_infraestructura": 207, "percentil_infraestructura": 58.3 }, "geometry": { "type": "Point", "coordinates": [ -64.206000590895798, -31.395934836050198 ] } },
{ "type": "Feature", "properties": { "barrio": "VILLA QUISQUIZACATE", "poblacion": 1477.0, "hogares": 421.0, "nbi": 13.0, "pct_nbi": 3.09, "escuelas_total": 1, "escuelas_estatales": 1, "escuelas_privadas": 0, "dispensarios_municipales": 0, "paradas_colectivo": 6, "lineas_colectivo": 2, "luminarias_reportes": 152, "comisarias": 0, "centros_vecinales": 1, "poblacion_log": 7.298, "pct_escuelas_privadas": 0.0, "escuelas_por_1000_hab": 0.68, "dispensarios_por_10000_hab": 0.0, "comisarias_por_10000_hab": 0.0, "paradas_por_1000_hab": 4.06, "centros_vecinales_por_10000_hab": 6.77, "tiene_escuela": 1, "tiene_dispensario": 0, "tiene_comisaria": 0, "tiene_transporte": 1, "infraestructura_score": 0.1224, "tamano_promedio_hogar": 3.51, "educacion_ratio_publico_privado": 1.0, "ranking_infraestructura": 325, "percentil_infraestructura": 34.1 }, "geometry": { "type": "Point", "coordinates": [ -64.281848605384795, -31.3331577606987 ] } },
{ "type": "Feature", "properties": { "barrio": "VILLA RETIRO", "poblacion": 910.0, "hogares": 258.0, "nbi": 16.0, "pct_nbi": 6.2, "escuelas_total": 6, "escuelas_estatales": 3, "escuelas_privadas": 3, "dispensarios_municipales": 0, "paradas_colectivo": 3, "lineas_colectivo": 2, "luminarias_reportes": 53, "comisarias": 0, "centros_vecinales": 1, "poblacion_log": 6.815, "pct_escuelas_privadas": 0.5, "escuelas_por_1000_hab": 4.8035, "dispensarios_por_10000_hab": 0.0, "comisarias_por_10000_hab": 0.0, "paradas_por_1000_hab": 3.3, "centros_vecinales_por_10000_hab": 10.99, "tiene_escuela": 1, "tiene_dispensario": 0, "tiene_comisaria": 0, "tiene_transporte": 1, "infraestructura_score": 0.3944, "tamano_promedio_hogar": 3.53, "educacion_ratio_publico_privado": 1.0, "ranking_infraestructura": 80, "percentil_infraestructura": 84.0 }, "geometry": { "type": "Point", "coordinates": [ -64.145948137302, -31.336307674505548 ] } },
{ "type": "Feature", "properties": { "barrio": "VILLA REVOL", "poblacion": 4327.0, "hogares": 1341.0, "nbi": 58.0, "pct_nbi": 4.33, "escuelas_total": 2, "escuelas_estatales": 2, "escuelas_privadas": 0, "dispensarios_municipales": 0, "paradas_colectivo": 10, "lineas_colectivo": 4, "luminarias_reportes": 298, "comisarias": 0, "centros_vecinales": 1, "poblacion_log": 8.373, "pct_escuelas_privadas": 0.0, "escuelas_por_1000_hab": 0.46, "dispensarios_por_10000_hab": 0.0, "comisarias_por_10000_hab": 0.0, "paradas_por_1000_hab": 2.31, "centros_vecinales_por_10000_hab": 2.31, "tiene_escuela": 1, "tiene_dispensario": 0, "tiene_comisaria": 0, "tiene_transporte": 1, "infraestructura_score": 0.0747, "tamano_promedio_hogar": 3.23, "educacion_ratio_publico_privado": 2.0, "ranking_infraestructura": 405, "percentil_infraestructura": 18.2 }, "geometry": { "type": "Point", "coordinates": [ -64.172706597505197, -31.443555025435899 ] } },
{ "type": "Feature", "properties": { "barrio": "VILLA REVOL ANEXO", "poblacion": 876.0, "hogares": 258.0, "nbi": 31.0, "pct_nbi": 12.02, "escuelas_total": 1, "escuelas_estatales": 1, "escuelas_privadas": 0, "dispensarios_municipales": 0, "paradas_colectivo": 6, "lineas_colectivo": 5, "luminarias_reportes": 16, "comisarias": 1, "centros_vecinales": 0, "poblacion_log": 6.777, "pct_escuelas_privadas": 0.0, "escuelas_por_1000_hab": 1.14, "dispensarios_por_10000_hab": 0.0, "comisarias_por_10000_hab": 1.5585, "paradas_por_1000_hab": 6.85, "centros_vecinales_por_10000_hab": 0.0, "tiene_escuela": 1, "tiene_dispensario": 0, "tiene_comisaria": 1, "tiene_transporte": 1, "infraestructura_score": 0.3171, "tamano_promedio_hogar": 3.4, "educacion_ratio_publico_privado": 1.0, "ranking_infraestructura": 116, "percentil_infraestructura": 76.7 }, "geometry": { "type": "Point", "coordinates": [ -64.1699676689109, -31.437058030005801 ] } },
{ "type": "Feature", "properties": { "barrio": "VILLA RIVADAVIA", "poblacion": 876.0, "hogares": 226.0, "nbi": 49.0, "pct_nbi": 21.68, "escuelas_total": 5, "escuelas_estatales": 5, "escuelas_privadas": 0, "dispensarios_municipales": 1, "paradas_colectivo": 23, "lineas_colectivo": 1, "luminarias_reportes": 0, "comisarias": 0, "centros_vecinales": 1, "poblacion_log": 6.777, "pct_escuelas_privadas": 0.0, "escuelas_por_1000_hab": 4.8035, "dispensarios_por_10000_hab": 6.657, "comisarias_por_10000_hab": 0.0, "paradas_por_1000_hab": 24.0, "centros_vecinales_por_10000_hab": 11.42, "tiene_escuela": 1, "tiene_dispensario": 1, "tiene_comisaria": 0, "tiene_transporte": 1, "infraestructura_score": 1.0, "tamano_promedio_hogar": 3.88, "educacion_ratio_publico_privado": 5.0, "ranking_infraestructura": 1, "percentil_infraestructura": 100.0 }, "geometry": { "type": "Point", "coordinates": [ -64.194591589564197, -31.513059677159202 ] } },
{ "type": "Feature", "properties": { "barrio": "VILLA RIVERA INDARTE", "poblacion": 4473.0, "hogares": 1207.0, "nbi": 62.0, "pct_nbi": 5.14, "escuelas_total": 13, "escuelas_estatales": 5, "escuelas_privadas": 8, "dispensarios_municipales": 1, "paradas_colectivo": 20, "lineas_colectivo": 2, "luminarias_reportes": 121, "comisarias": 0, "centros_vecinales": 1, "poblacion_log": 8.406, "pct_escuelas_privadas": 0.615, "escuelas_por_1000_hab": 2.91, "dispensarios_por_10000_hab": 2.24, "comisarias_por_10000_hab": 0.0, "paradas_por_1000_hab": 4.47, "centros_vecinales_por_10000_hab": 2.24, "tiene_escuela": 1, "tiene_dispensario": 1, "tiene_comisaria": 0, "tiene_transporte": 1, "infraestructura_score": 0.3595, "tamano_promedio_hogar": 3.71, "educacion_ratio_publico_privado": 0.62, "ranking_infraestructura": 97, "percentil_infraestructura": 80.6 }, "geometry": { "type": "Point", "coordinates": [ -64.293945633209901, -31.3254407068763 ] } },
{ "type": "Feature", "properties": { "barrio": "VILLA SAN CARLOS", "poblacion": 507.0, "hogares": 200.0, "nbi": 15.0, "pct_nbi": 7.5, "escuelas_total": 9, "escuelas_estatales": 6, "escuelas_privadas": 3, "dispensarios_municipales": 0, "paradas_colectivo": 8, "lineas_colectivo": 4, "luminarias_reportes": 4, "comisarias": 0, "centros_vecinales": 1, "poblacion_log": 6.23, "pct_escuelas_privadas": 0.333, "escuelas_por_1000_hab": 4.8035, "dispensarios_por_10000_hab": 0.0, "comisarias_por_10000_hab": 0.0, "paradas_por_1000_hab": 15.78, "centros_vecinales_por_10000_hab": 19.72, "tiene_escuela": 1, "tiene_dispensario": 0, "tiene_comisaria": 0, "tiene_transporte": 1, "infraestructura_score": 0.6256, "tamano_promedio_hogar": 2.54, "educacion_ratio_publico_privado": 2.0, "ranking_infraestructura": 28, "percentil_infraestructura": 94.5 }, "geometry": { "type": "Point", "coordinates": [ -64.1700416939278, -31.462097760029899 ] } },
{ "type": "Feature", "properties": { "barrio": "VILLA SAN ISIDRO", "poblacion": 844.0, "hogares": 252.0, "nbi": 7.0, "pct_nbi": 2.78, "escuelas_total": 0, "escuelas_estatales": 0, "escuelas_privadas": 0, "dispensarios_municipales": 0, "paradas_colectivo": 9, "lineas_colectivo": 3, "luminarias_reportes": 26, "comisarias": 0, "centros_vecinales": 0, "poblacion_log": 6.739, "pct_escuelas_privadas": 0.0, "escuelas_por_1000_hab": 0.0, "dispensarios_por_10000_hab": 0.0, "comisarias_por_10000_hab": 0.0, "paradas_por_1000_hab": 10.66, "centros_vecinales_por_10000_hab": 0.0, "tiene_escuela": 0, "tiene_dispensario": 0, "tiene_comisaria": 0, "tiene_transporte": 1, "infraestructura_score": 0.1974, "tamano_promedio_hogar": 3.35, "educacion_ratio_publico_privado": 0.0, "ranking_infraestructura": 224, "percentil_infraestructura": 54.8 }, "geometry": { "type": "Point", "coordinates": [ -64.188108734735906, -31.457571253641401 ] } },
{ "type": "Feature", "properties": { "barrio": "VILLA SERRANA", "poblacion": 1089.0, "hogares": 275.0, "nbi": 51.0, "pct_nbi": 18.55, "escuelas_total": 2, "escuelas_estatales": 1, "escuelas_privadas": 1, "dispensarios_municipales": 0, "paradas_colectivo": 6, "lineas_colectivo": 1, "luminarias_reportes": 1, "comisarias": 0, "centros_vecinales": 2, "poblacion_log": 6.994, "pct_escuelas_privadas": 0.5, "escuelas_por_1000_hab": 1.84, "dispensarios_por_10000_hab": 0.0, "comisarias_por_10000_hab": 0.0, "paradas_por_1000_hab": 5.51, "centros_vecinales_por_10000_hab": 18.37, "tiene_escuela": 1, "tiene_dispensario": 0, "tiene_comisaria": 0, "tiene_transporte": 1, "infraestructura_score": 0.2297, "tamano_promedio_hogar": 3.96, "educacion_ratio_publico_privado": 1.0, "ranking_infraestructura": 190, "percentil_infraestructura": 61.7 }, "geometry": { "type": "Point", "coordinates": [ -64.278904648241394, -31.330162350551401 ] } },
{ "type": "Feature", "properties": { "barrio": "VILLA SIBURU", "poblacion": 1333.0, "hogares": 365.0, "nbi": 43.0, "pct_nbi": 11.78, "escuelas_total": 4, "escuelas_estatales": 4, "escuelas_privadas": 0, "dispensarios_municipales": 1, "paradas_colectivo": 8, "lineas_colectivo": 4, "luminarias_reportes": 100, "comisarias": 0, "centros_vecinales": 1, "poblacion_log": 7.196, "pct_escuelas_privadas": 0.0, "escuelas_por_1000_hab": 3.0, "dispensarios_por_10000_hab": 6.657, "comisarias_por_10000_hab": 0.0, "paradas_por_1000_hab": 6.0, "centros_vecinales_por_10000_hab": 7.5, "tiene_escuela": 1, "tiene_dispensario": 1, "tiene_comisaria": 0, "tiene_transporte": 1, "infraestructura_score": 0.5415, "tamano_promedio_hogar": 3.65, "educacion_ratio_publico_privado": 4.0, "ranking_infraestructura": 40, "percentil_infraestructura": 92.1 }, "geometry": { "type": "Point", "coordinates": [ -64.230544053367595, -31.3956863950044 ] } },
{ "type": "Feature", "properties": { "barrio": "VILLA SILVANO FUNES", "poblacion": 925.0, "hogares": 274.0, "nbi": 15.0, "pct_nbi": 5.47, "escuelas_total": 0, "escuelas_estatales": 0, "escuelas_privadas": 0, "dispensarios_municipales": 0, "paradas_colectivo": 22, "lineas_colectivo": 7, "luminarias_reportes": 28, "comisarias": 0, "centros_vecinales": 1, "poblacion_log": 6.831, "pct_escuelas_privadas": 0.0, "escuelas_por_1000_hab": 0.0, "dispensarios_por_10000_hab": 0.0, "comisarias_por_10000_hab": 0.0, "paradas_por_1000_hab": 23.78, "centros_vecinales_por_10000_hab": 10.81, "tiene_escuela": 0, "tiene_dispensario": 0, "tiene_comisaria": 0, "tiene_transporte": 1, "infraestructura_score": 0.4404, "tamano_promedio_hogar": 3.38, "educacion_ratio_publico_privado": 0.0, "ranking_infraestructura": 69, "percentil_infraestructura": 86.2 }, "geometry": { "type": "Point", "coordinates": [ -64.251239453436, -31.3403524658703 ] } },
{ "type": "Feature", "properties": { "barrio": "VILLA SOLFERINO", "poblacion": 664.0, "hogares": 200.0, "nbi": 5.0, "pct_nbi": 2.5, "escuelas_total": 0, "escuelas_estatales": 0, "escuelas_privadas": 0, "dispensarios_municipales": 0, "paradas_colectivo": 7, "lineas_colectivo": 3, "luminarias_reportes": 11, "comisarias": 0, "centros_vecinales": 1, "poblacion_log": 6.5, "pct_escuelas_privadas": 0.0, "escuelas_por_1000_hab": 0.0, "dispensarios_por_10000_hab": 0.0, "comisarias_por_10000_hab": 0.0, "paradas_por_1000_hab": 10.54, "centros_vecinales_por_10000_hab": 15.06, "tiene_escuela": 0, "tiene_dispensario": 0, "tiene_comisaria": 0, "tiene_transporte": 1, "infraestructura_score": 0.1952, "tamano_promedio_hogar": 3.32, "educacion_ratio_publico_privado": 0.0, "ranking_infraestructura": 227, "percentil_infraestructura": 54.3 }, "geometry": { "type": "Point", "coordinates": [ -64.275511466466298, -31.341833627199001 ] } },
{ "type": "Feature", "properties": { "barrio": "VILLA UNION", "poblacion": 4842.0, "hogares": 1232.0, "nbi": 212.0, "pct_nbi": 17.21, "escuelas_total": 4, "escuelas_estatales": 4, "escuelas_privadas": 0, "dispensarios_municipales": 1, "paradas_colectivo": 16, "lineas_colectivo": 2, "luminarias_reportes": 8, "comisarias": 0, "centros_vecinales": 1, "poblacion_log": 8.485, "pct_escuelas_privadas": 0.0, "escuelas_por_1000_hab": 0.83, "dispensarios_por_10000_hab": 2.07, "comisarias_por_10000_hab": 0.0, "paradas_por_1000_hab": 3.3, "centros_vecinales_por_10000_hab": 2.07, "tiene_escuela": 1, "tiene_dispensario": 1, "tiene_comisaria": 0, "tiene_transporte": 1, "infraestructura_score": 0.1878, "tamano_promedio_hogar": 3.93, "educacion_ratio_publico_privado": 4.0, "ranking_infraestructura": 236, "percentil_infraestructura": 52.4 }, "geometry": { "type": "Point", "coordinates": [ -64.265193153366695, -31.425044723947899 ] } },
{ "type": "Feature", "properties": { "barrio": "VILLA WARCALDE", "poblacion": 624.0, "hogares": 200.0, "nbi": 20.0, "pct_nbi": 10.0, "escuelas_total": 3, "escuelas_estatales": 0, "escuelas_privadas": 3, "dispensarios_municipales": 0, "paradas_colectivo": 5, "lineas_colectivo": 1, "luminarias_reportes": 10, "comisarias": 0, "centros_vecinales": 0, "poblacion_log": 6.438, "pct_escuelas_privadas": 1.0, "escuelas_por_1000_hab": 4.8035, "dispensarios_por_10000_hab": 0.0, "comisarias_por_10000_hab": 0.0, "paradas_por_1000_hab": 8.01, "centros_vecinales_por_10000_hab": 0.0, "tiene_escuela": 1, "tiene_dispensario": 0, "tiene_comisaria": 0, "tiene_transporte": 1, "infraestructura_score": 0.4817, "tamano_promedio_hogar": 3.12, "educacion_ratio_publico_privado": 0.0, "ranking_infraestructura": 51, "percentil_infraestructura": 89.8 }, "geometry": { "type": "Point", "coordinates": [ -64.294956131485506, -31.3436875418139 ] } },
{ "type": "Feature", "properties": { "barrio": "VIVERO NORTE", "poblacion": 1571.0, "hogares": 442.0, "nbi": 17.0, "pct_nbi": 3.85, "escuelas_total": 2, "escuelas_estatales": 2, "escuelas_privadas": 0, "dispensarios_municipales": 1, "paradas_colectivo": 8, "lineas_colectivo": 2, "luminarias_reportes": 152, "comisarias": 0, "centros_vecinales": 0, "poblacion_log": 7.36, "pct_escuelas_privadas": 0.0, "escuelas_por_1000_hab": 1.27, "dispensarios_por_10000_hab": 6.37, "comisarias_por_10000_hab": 0.0, "paradas_por_1000_hab": 5.09, "centros_vecinales_por_10000_hab": 0.0, "tiene_escuela": 1, "tiene_dispensario": 1, "tiene_comisaria": 0, "tiene_transporte": 1, "infraestructura_score": 0.395, "tamano_promedio_hogar": 3.55, "educacion_ratio_publico_privado": 2.0, "ranking_infraestructura": 79, "percentil_infraestructura": 84.2 }, "geometry": { "type": "Point", "coordinates": [ -64.144663686219602, -31.382311576231 ] } },
{ "type": "Feature", "properties": { "barrio": "YAPEYU", "poblacion": 25119.0, "hogares": 7218.0, "nbi": 426.0, "pct_nbi": 5.9, "escuelas_total": 8, "escuelas_estatales": 8, "escuelas_privadas": 0, "dispensarios_municipales": 1, "paradas_colectivo": 6, "lineas_colectivo": 2, "luminarias_reportes": 30, "comisarias": 0, "centros_vecinales": 1, "poblacion_log": 10.131, "pct_escuelas_privadas": 0.0, "escuelas_por_1000_hab": 0.32, "dispensarios_por_10000_hab": 0.4, "comisarias_por_10000_hab": 0.0, "paradas_por_1000_hab": 0.24, "centros_vecinales_por_10000_hab": 0.4, "tiene_escuela": 1, "tiene_dispensario": 1, "tiene_comisaria": 0, "tiene_transporte": 1, "infraestructura_score": 0.04, "tamano_promedio_hogar": 3.48, "educacion_ratio_publico_privado": 8.0, "ranking_infraestructura": 443, "percentil_infraestructura": 10.5 }, "geometry": { "type": "Point", "coordinates": [ -64.146169870818937, -31.410369494566265 ] } },
{ "type": "Feature", "properties": { "barrio": "YOFRE H", "poblacion": 3578.0, "hogares": 1016.0, "nbi": 58.0, "pct_nbi": 5.71, "escuelas_total": 2, "escuelas_estatales": 2, "escuelas_privadas": 0, "dispensarios_municipales": 0, "paradas_colectivo": 0, "lineas_colectivo": 0, "luminarias_reportes": 267, "comisarias": 0, "centros_vecinales": 0, "poblacion_log": 8.183, "pct_escuelas_privadas": 0.0, "escuelas_por_1000_hab": 0.56, "dispensarios_por_10000_hab": 0.0, "comisarias_por_10000_hab": 0.0, "paradas_por_1000_hab": 0.0, "centros_vecinales_por_10000_hab": 0.0, "tiene_escuela": 1, "tiene_dispensario": 0, "tiene_comisaria": 0, "tiene_transporte": 0, "infraestructura_score": 0.0389, "tamano_promedio_hogar": 3.52, "educacion_ratio_publico_privado": 2.0, "ranking_infraestructura": 446, "percentil_infraestructura": 9.9 }, "geometry": { "type": "Point", "coordinates": [ -64.125560074900449, -31.382342542470951 ] } },
{ "type": "Feature", "properties": { "barrio": "YOFRE I", "poblacion": 5262.0, "hogares": 1582.0, "nbi": 66.0, "pct_nbi": 4.17, "escuelas_total": 0, "escuelas_estatales": 0, "escuelas_privadas": 0, "dispensarios_municipales": 1, "paradas_colectivo": 15, "lineas_colectivo": 2, "luminarias_reportes": 44, "comisarias": 0, "centros_vecinales": 1, "poblacion_log": 8.568, "pct_escuelas_privadas": 0.0, "escuelas_por_1000_hab": 0.0, "dispensarios_por_10000_hab": 1.9, "comisarias_por_10000_hab": 0.0, "paradas_por_1000_hab": 2.85, "centros_vecinales_por_10000_hab": 1.9, "tiene_escuela": 0, "tiene_dispensario": 1, "tiene_comisaria": 0, "tiene_transporte": 1, "infraestructura_score": 0.1162, "tamano_promedio_hogar": 3.33, "educacion_ratio_publico_privado": 0.0, "ranking_infraestructura": 334, "percentil_infraestructura": 32.6 }, "geometry": { "type": "Point", "coordinates": [ -64.127717322127637, -31.390017827593901 ] } },
{ "type": "Feature", "properties": { "barrio": "YOFRE NORTE", "poblacion": 6935.0, "hogares": 2180.0, "nbi": 60.0, "pct_nbi": 2.75, "escuelas_total": 9, "escuelas_estatales": 4, "escuelas_privadas": 5, "dispensarios_municipales": 0, "paradas_colectivo": 18, "lineas_colectivo": 4, "luminarias_reportes": 46, "comisarias": 0, "centros_vecinales": 1, "poblacion_log": 8.844, "pct_escuelas_privadas": 0.556, "escuelas_por_1000_hab": 1.3, "dispensarios_por_10000_hab": 0.0, "comisarias_por_10000_hab": 0.0, "paradas_por_1000_hab": 2.6, "centros_vecinales_por_10000_hab": 1.44, "tiene_escuela": 1, "tiene_dispensario": 0, "tiene_comisaria": 0, "tiene_transporte": 1, "infraestructura_score": 0.1384, "tamano_promedio_hogar": 3.18, "educacion_ratio_publico_privado": 0.8, "ranking_infraestructura": 306, "percentil_infraestructura": 38.3 }, "geometry": { "type": "Point", "coordinates": [ -64.134090779460294, -31.383963889503001 ] } },
{ "type": "Feature", "properties": { "barrio": "YOFRE SUD", "poblacion": 5126.0, "hogares": 1543.0, "nbi": 55.0, "pct_nbi": 3.56, "escuelas_total": 3, "escuelas_estatales": 3, "escuelas_privadas": 0, "dispensarios_municipales": 0, "paradas_colectivo": 12, "lineas_colectivo": 3, "luminarias_reportes": 321, "comisarias": 0, "centros_vecinales": 1, "poblacion_log": 8.542, "pct_escuelas_privadas": 0.0, "escuelas_por_1000_hab": 0.59, "dispensarios_por_10000_hab": 0.0, "comisarias_por_10000_hab": 0.0, "paradas_por_1000_hab": 2.34, "centros_vecinales_por_10000_hab": 1.95, "tiene_escuela": 1, "tiene_dispensario": 0, "tiene_comisaria": 0, "tiene_transporte": 1, "infraestructura_score": 0.0843, "tamano_promedio_hogar": 3.32, "educacion_ratio_publico_privado": 3.0, "ranking_infraestructura": 390, "percentil_infraestructura": 21.3 }, "geometry": { "type": "Point", "coordinates": [ -64.135461097676099, -31.392268965840199 ] } },
{ "type": "Feature", "properties": { "barrio": "ZEPA", "poblacion": 1061.0, "hogares": 255.0, "nbi": 36.0, "pct_nbi": 14.12, "escuelas_total": 4, "escuelas_estatales": 4, "escuelas_privadas": 0, "dispensarios_municipales": 1, "paradas_colectivo": 5, "lineas_colectivo": 3, "luminarias_reportes": 10, "comisarias": 1, "centros_vecinales": 2, "poblacion_log": 6.968, "pct_escuelas_privadas": 0.0, "escuelas_por_1000_hab": 3.77, "dispensarios_por_10000_hab": 6.657, "comisarias_por_10000_hab": 1.5585, "paradas_por_1000_hab": 4.71, "centros_vecinales_por_10000_hab": 18.85, "tiene_escuela": 1, "tiene_dispensario": 1, "tiene_comisaria": 1, "tiene_transporte": 1, "infraestructura_score": 0.6822, "tamano_promedio_hogar": 4.16, "educacion_ratio_publico_privado": 4.0, "ranking_infraestructura": 17, "percentil_infraestructura": 96.8 }, "geometry": { "type": "Point", "coordinates": [ -64.106439209292304, -31.3894472257739 ] } }
]
}
