barrio,poblacion,hogares,nbi,pct_nbi,escuelas_total,escuelas_estatales,escuelas_privadas,dispensarios_municipales,paradas_colectivo,lineas_colectivo,luminarias_reportes,comisarias,centros_vecinales,poblacion_log,pct_escuelas_privadas,escuelas_por_1000_hab,dispensarios_por_10000_hab,comisarias_por_10000_hab,paradas_por_1000_hab,centros_vecinales_por_10000_hab,tiene_escuela,tiene_dispensario,tiene_comisaria,tiene_transporte,infraestructura_score,centroide_lat,centroide_lon,area_barrio_km2,densidad_poblacional,densidad_hogares,infraestructura_por_km2,educacion_ratio_publico_privado,tamano_promedio_hogar,cluster_barrio,cluster_barrio_str,cluster_descripcion,categoria_infraestructura,tooltip_html
1 DE MAYO,3.397195512891604,2.560454944934963,2.202029229100918,0.16883369876307763,0.8320298302692002,1.0758257193341945,0.3977986178312334,-0.48584923172746025,0.4533168296410579,-0.19473719256359964,-0.3149675279585204,-0.28378320797232354,1.682563641638338,2.568492187776073,0.6209718553965115,-0.49941130387521077,-0.4167327248757193,-0.2757577768833604,-0.9182151359681601,-0.5236302998930843,0.8528028654224415,-0.49430000374546906,-0.2968260885977624,0.2968260885977624,-1.0190069133474329,-31.436,-64.1177,0.28325560856813947,2.1599521309939633,1.5246548890684293,-0.510041435795275,-0.04067584710878904,0.5444091562256971,0.35011742918165384,Cluster 3,Transición Urbana Mixta,Muy Baja,<b>1 DE MAYO</b><hr>Tipología: <span style='color:#38bdf8'>Transición Urbana Mixta</span><br>Pob: 19996.0<br>Score Infra: <b style='color:#e2e8f0'>Muy Baja</b>
2 DE SEPTIEMBRE,-0.06385286628977761,-0.18320999953016476,0.5556222412652161,2.8813557249323947,-0.35247373213133265,-0.31179283249633316,-0.31679235383650955,1.9142459730061934,-0.008983983411548631,-0.19473719256359964,-0.5454591245138511,-0.28378320797232354,0.32441586554464696,0.47380747937004186,-0.44690291629477147,-0.4769796275526727,1.669885428591569,-0.2757577768833604,-0.39813039097117386,-0.1749403170219131,0.8528028654224415,2.0230629019273323,-0.2968260885977624,0.2968260885977624,0.011854339239590346,-31.3336,-64.2419,-0.25677370873409466,0.8126325132502833,0.16918408939783575,-0.18268260918521775,-0.04067584710878904,2.050531893030847,-1.6926937127365,Cluster 0,Vulnerabilidad y Periferia NBI,Alta,<b>2 DE SEPTIEMBRE</b><hr>Tipología: <span style='color:#38bdf8'>Vulnerabilidad y Periferia NBI</span><br>Pob: 2624.0<br>Score Infra: <b style='color:#e2e8f0'>Alta</b>
20 DE JUNIO,-0.45494416080584094,-0.39663060868262456,-0.19135870691950044,1.5640982965377526,-0.5498909925314214,-0.6586974704539651,-0.31679235383650955,1.9142459730061934,0.4533168296410579,0.18853042945400297,-0.515131282861834,-0.28378320797232354,-1.0337319105490443,-0.9481016478139537,-0.44690291629477147,-0.7611141943048213,3.2290985212218493,-0.2757577768833604,2.6410668946896796,-0.6477192617689459,-1.1726039399558572,2.0230629019273323,-0.2968260885977624,0.2968260885977624,2.350620806046399,-31.3867,-64.1638,-0.37812861149864163,1.926724226355951,1.5603841808283443,5.3570189135349775,-0.6046351081736687,0.04236824395731384,-1.0117566654304488,Cluster 1,Núcleo Consolidado (Alta Infraestructura),Muy Alta,<b>20 DE JUNIO</b><hr>Tipología: <span style='color:#38bdf8'>Núcleo Consolidado (Alta Infraestructura)</span><br>Pob: 661.0<br>Score Infra: <b style='color:#e2e8f0'>Muy Alta</b>
23 DE ABRIL,-0.2122802806629142,-0.2734187106152251,0.12115373058635034,1.9665443749301936,-0.5498909925314214,-0.6586974704539651,-0.31679235383650955,-0.48584923172746025,-0.7486652842957191,-0.5780048145812022,-0.3634920746017479,-0.28378320797232354,0.32441586554464696,0.1291647736520047,-0.44690291629477147,-0.7611141943048213,-0.4167327248757193,-0.2757577768833604,-0.7954812728420275,0.012434015410637989,-1.1726039399558572,-0.49430000374546906,-0.2968260885977624,0.2968260885977624,-1.070013069074395,-31.4577,-64.128,-0.29318017956345876,0.7141196348744194,0.11766058483520936,-0.46453573683762706,-0.6046351081736687,1.998596626244462,-1.6926937127365,Cluster 0,Vulnerabilidad y Periferia NBI,Muy Baja,<b>23 DE ABRIL</b><hr>Tipología: <span style='color:#38bdf8'>Vulnerabilidad y Periferia NBI</span><br>Pob: 1879.0<br>Score Infra: <b style='color:#e2e8f0'>Muy Baja</b>
25 DE MAYO,-0.4870204208247335,-0.39663060868262456,-0.16849194319956015,1.8300318285151365,0.4371953094690225,1.0758257193341945,-0.31679235383650955,-0.48584923172746025,0.08347617919897267,-0.5780048145812022,-0.5211968511922374,-0.28378320797232354,4.398859193825721,-1.2349599477828588,-0.44690291629477147,2.830571046205563,-0.4167327248757193,-0.2757577768833604,2.6410668946896796,9.279397688299984,0.8528028654224415,-0.49430000374546906,-0.2968260885977624,0.2968260885977624,2.9471243746006617,-31.4901,-64.0823,-0.29318017956345876,-0.8122900359736387,-0.5612723382160442,1.001876593138675,2.2151611971507297,-1.342572203679605,-1.0117566654304488,Cluster 1,Núcleo Consolidado (Alta Infraestructura),Muy Alta,<b>25 DE MAYO</b><hr>Tipología: <span style='color:#38bdf8'>Núcleo Consolidado (Alta Infraestructura)</span><br>Pob: 500.0<br>Score Infra: <b style='color:#e2e8f0'>Muy Alta</b>
4 DE FEBRERO,-0.41649249506890756,-0.39278023686801833,-0.28282576179926167,0.45249613287228735,-0.5498909925314214,-0.6586974704539651,-0.31679235383650955,-0.48584923172746025,-0.8411254469062404,-0.38637100357240095,-0.47873787287941333,-0.28378320797232354,0.32441586554464696,-0.6839443643893505,-0.44690291629477147,-0.7611141943048213,-0.4167327248757193,-0.2757577768833604,-0.6819524494503552,0.8053624817973939,-1.1726039399558572,-0.49430000374546906,-0.2968260885977624,0.2968260885977624,-0.9964568234470917,-31.4561,-64.1457,-0.25070596359586733,-0.6851302405747152,-0.7157282824846289,-0.4613609206312794,-0.6046351081736687,1.4792439583806176,1.0310544764877052,Cluster 4,Transición Urbana Mixta,Muy Baja,<b>4 DE FEBRERO</b><hr>Tipología: <span style='color:#38bdf8'>Transición Urbana Mixta</span><br>Pob: 854.0<br>Score Infra: <b style='color:#e2e8f0'>Muy Baja</b>
ACHAVAL PENA,-0.43641563793778493,-0.3867296525879228,-0.32855928923914224,-0.10419139406703662,-0.5498909925314214,-0.6586974704539651,-0.31679235383650955,-0.48584923172746025,-0.47128479646415516,-0.5780048145812022,-0.07234479474238271,-0.28378320797232354,-1.0337319105490443,-0.8118955485481432,-0.44690291629477147,-0.7611141943048213,-0.4167327248757193,-0.2757577768833604,0.18025293901072506,-0.6477192617689459,-1.1726039399558572,-0.49430000374546906,-0.2968260885977624,0.2968260885977624,-0.43753673806006504,-31.4362,-64.2041,4.500338479636148,-1.347145390485554,-1.1527396931660665,-0.5160383108517093,-0.6046351081736687,0.31935633348469794,1.0310544764877052,Cluster 4,Transición Urbana Mixta,Baja,<b>ACHAVAL PENA</b><hr>Tipología: <span style='color:#38bdf8'>Transición Urbana Mixta</span><br>Pob: 754.0<br>Score Infra: <b style='color:#e2e8f0'>Baja</b>
ACOSTA,0.5115274997634016,0.3288894518124643,0.6394670415716639,0.6811989703728375,0.8320298302692002,1.7696349952494583,-0.31679235383650955,-0.48584923172746025,0.6382371548621005,-0.19473719256359964,-0.45447559955779954,-0.28378320797232354,0.32441586554464696,1.2394508555460393,-0.44690291629477147,0.18849343668262283,-0.4167327248757193,-0.2757577768833604,-0.5392743335662262,-0.42311824077363636,0.8528028654224415,-0.49430000374546906,-0.2968260885977624,0.2968260885977624,-0.4305569483290071,-31.4236,-64.1235,-0.026199393481455353,0.4055805036016434,0.16918408939783575,-0.43772617776180334,3.3430797192804893,0.6136561786075432,0.35011742918165384,Cluster 3,Transición Urbana Mixta,Media,<b>ACOSTA</b><hr>Tipología: <span style='color:#38bdf8'>Transición Urbana Mixta</span><br>Pob: 5512.0<br>Score Infra: <b style='color:#e2e8f0'>Media</b>
AERONAUTICO- VILLA ZEPELLIN,-0.40174936934593825,-0.3658276341657747,-0.3514260529590825,-0.43394897371899277,0.23977804906893374,0.7289210813765625,-0.31679235383650955,-0.48584923172746025,-0.10144414602206994,-0.5780048145812022,-0.5454591245138511,-0.28378320797232354,-1.0337319105490443,-0.5982996201540307,-0.44690291629477147,2.4615699706998115,-0.4167327248757193,-0.2757577768833604,0.6128898065303416,-0.6477192617689459,0.8528028654224415,-0.49430000374546906,-0.2968260885977624,0.2968260885977624,1.448617210032754,-31.4304,-64.2709,-0.23250272818118525,-0.7053950752555846,-0.6686511625279472,0.10587290823614742,1.65120193608585,0.596344423012082,-1.0117566654304488,Cluster 1,Núcleo Consolidado (Alta Infraestructura),Muy Alta,<b>AERONAUTICO- VILLA ZEPELLIN</b><hr>Tipología: <span style='color:#38bdf8'>Núcleo Consolidado (Alta Infraestructura)</span><br>Pob: 928.0<br>Score Infra: <b style='color:#e2e8f0'>Muy Alta</b>
AEROPUERTO,-0.4870204208247335,-0.39663060868262456,-0.3666705621057094,-0.4747254486221917,-0.35247373213133265,-0.31179283249633316,-0.31679235383650955,-0.48584923172746025,-0.28636447124311254,-0.38637100357240095,-0.5454591245138511,-0.28378320797232354,-1.0337319105490443,-1.2349599477828588,-0.44690291629477147,0.7343308938643821,-0.4167327248757193,-0.2757577768833604,1.4137282634283557,-0.6477192617689459,0.8528028654224415,-0.49430000374546906,-0.2968260885977624,0.2968260885977624,1.1071444201133025,-31.325,-64.1957,1.4846691459371548,-1.3337065634358571,-1.1323736149648507,-0.47300191338788705,-0.04067584710878904,-1.342572203679605,-1.0117566654304488,Cluster 1,Núcleo Consolidado (Alta Infraestructura),Muy Alta,<b>AEROPUERTO</b><hr>Tipología: <span style='color:#38bdf8'>Núcleo Consolidado (Alta Infraestructura)</span><br>Pob: 500.0<br>Score Infra: <b style='color:#e2e8f0'>Muy Alta</b>
AIRES DEL SUR,-0.4870204208247335,-0.39663060868262456,-0.4047818349722766,-0.9179480019178317,-0.5498909925314214,-0.6586974704539651,-0.31679235383650955,-0.48584923172746025,-0.8411254469062404,-0.38637100357240095,-0.5454591245138511,-0.28378320797232354,-1.0337319105490443,-1.2349599477828588,-0.44690291629477147,-0.7611141943048213,-0.4167327248757193,-0.2757577768833604,-0.4272796834636304,-0.6477192617689459,-1.1726039399558572,-0.49430000374546906,-0.2968260885977624,0.2968260885977624,-0.8310894975112567,-31.4642,-64.1844,-0.365993121222187,0.2946050806452233,0.651101256755997,-0.08673260828226986,-0.6046351081736687,-1.342572203679605,1.0310544764877052,Cluster 4,Transición Urbana Mixta,Muy Baja,<b>AIRES DEL SUR</b><hr>Tipología: <span style='color:#38bdf8'>Transición Urbana Mixta</span><br>Pob: 500.0<br>Score Infra: <b style='color:#e2e8f0'>Muy Baja</b>
ALBERDI,5.9340092943857625,8.021932337395718,6.1351125889306495,0.0624602859721241,6.951964902671952,4.197967460952882,8.258299306176404,-0.48584923172746025,3.319581870567218,4.404474271647632,1.6017520644489673,5.9468347803978014,1.682563641638338,3.0772013312461097,1.9128762994705815,0.10624395683331657,-0.4167327248757193,1.3884258407210421,-0.820028045467254,-0.5720249950246703,0.8528028654224415,-0.49430000374546906,3.368976105584603,0.2968260885977624,-0.41981881028122564,-31.4084,-64.2022,1.1145366925052866,1.242649077468946,2.2161577141222546,-0.5012225018887541,-0.8302188125996206,-2.0177306719026036,0.35011742918165384,Cluster 3,Transición Urbana Mixta,Media,<b>ALBERDI</b><hr>Tipología: <span style='color:#38bdf8'>Transición Urbana Mixta</span><br>Pob: 32729.0<br>Score Infra: <b style='color:#e2e8f0'>Media</b>
ALBORADA NORTE,-0.4870204208247335,-0.39663060868262456,-0.3895373258256497,-0.7406589805995757,-0.5498909925314214,-0.6586974704539651,-0.31679235383650955,-0.48584923172746025,0.5457769922515792,0.18853042945400297,-0.5454591245138511,-0.28378320797232354,-1.0337319105490443,-1.2349599477828588,-0.44690291629477147,-0.7611141943048213,-0.4167327248757193,-0.2757577768833604,2.6410668946896796,-0.6477192617689459,-1.1726039399558572,-0.49430000374546906,-0.2968260885977624,0.2968260885977624,1.1570767620354865,-31.3417,-64.2683,-0.365993121222187,0.2946050806452233,0.651101256755997,2.09048579455962,-0.6046351081736687,-1.342572203679605,-1.0117566654304488,Cluster 1,Núcleo Consolidado (Alta Infraestructura),Muy Alta,<b>ALBORADA NORTE</b><hr>Tipología: <span style='color:#38bdf8'>Núcleo Consolidado (Alta Infraestructura)</span><br>Pob: 500.0<br>Score Infra: <b style='color:#e2e8f0'>Muy Alta</b>
ALBORADA SUR,-0.4870204208247335,-0.39663060868262456,-0.39715958039896315,-0.8293034912587037,-0.5498909925314214,-0.6586974704539651,-0.31679235383650955,-0.48584923172746025,-0.37882463385363385,-0.19473719256359964,-0.405951052914572,-0.28378320797232354,-1.0337319105490443,-1.2349599477828588,-0.44690291629477147,-0.7611141943048213,-0.4167327248757193,-0.2757577768833604,1.1068936056130247,-0.6477192617689459,-1.1726039399558572,-0.49430000374546906,-0.2968260885977624,0.2968260885977624,0.16326208571330925,-31.3621,-64.2251,-0.365993121222187,0.2946050806452233,0.651101256755997,1.002229350494936,-0.6046351081736687,-1.342572203679605,1.0310544764877052,Cluster 4,Transición Urbana Mixta,Alta,<b>ALBORADA SUR</b><hr>Tipología: <span style='color:#38bdf8'>Transición Urbana Mixta</span><br>Pob: 500.0<br>Score Infra: <b style='color:#e2e8f0'>Alta</b>
ALEJANDRO CENTENO,-0.3413822464532398,-0.2690182856842465,-0.3895373258256497,-0.836395052111434,-0.15505647173124384,0.035111805461298766,-0.31679235383650955,-0.48584923172746025,-0.10144414602206994,-0.19473719256359964,-0.4180821895753789,-0.28378320797232354,0.32441586554464696,-0.3073138626316166,-0.44690291629477147,0.4501963271122335,-0.4167327248757193,-0.2757577768833604,0.20479971163595143,0.3598831086630504,0.8528028654224415,-0.49430000374546906,-0.2968260885977624,0.2968260885977624,0.18205382729692687,-31.3583,-64.2315,-0.25070596359586733,-0.3846743296637803,-0.22471648550915532,-0.15163996183426404,0.5232834139560907,-0.7366607578384528,1.0310544764877052,Cluster 4,Transición Urbana Mixta,Alta,<b>ALEJANDRO CENTENO</b><hr>Tipología: <span style='color:#38bdf8'>Transición Urbana Mixta</span><br>Pob: 1231.0<br>Score Infra: <b style='color:#e2e8f0'>Alta</b>
ALMIRANTE BROWN,-0.38361930933525984,-0.37132816532949786,-0.30569252551920195,0.0181380306425601,-0.15505647173124384,0.035111805461298766,-0.31679235383650955,-0.48584923172746025,-0.47128479646415516,-0.003103381554798346,-0.4484100312273961,-0.28378320797232354,1.682563641638338,-0.5013043676465591,-0.44690291629477147,0.704421992100998,-0.4167327248757193,-0.2757577768833604,-0.1373209318281426,1.7881470598542177,0.8528028654224415,-0.49430000374546906,-0.2968260885977624,0.2968260885977624,0.08702130557406086,-31.4616,-64.0911,-0.32351890525459553,0.19600652850165942,-0.13507409844133306,0.14255967328727456,0.5232834139560907,1.4965557139760788,1.0310544764877052,Cluster 4,Transición Urbana Mixta,Alta,<b>ALMIRANTE BROWN</b><hr>Tipología: <span style='color:#38bdf8'>Transición Urbana Mixta</span><br>Pob: 1019.0<br>Score Infra: <b style='color:#e2e8f0'>Alta</b>
ALTA CORDOBA,6.3017905117452395,6.402025909679239,2.430696866300321,-0.3931724988157939,5.964878600671509,3.85106282299525,6.829117362840919,-0.48584923172746025,1.8402192687988774,0.9550656734892082,2.7542100472256212,2.831525786212739,-1.0337319105490443,3.1339538726068636,1.8157967747713737,-0.050777777424449756,-0.4167327248757193,0.5154114839449621,-0.9028734030773934,-0.6477192617689459,0.8528028654224415,-0.49430000374546906,3.368976105584603,0.2968260885977624,-0.6743126820136469,-31.3904,-64.1842,2.4979825840211225,0.07542568149682011,0.2660879953742619,-0.5146272814266659,-0.7907416643250791,-0.9097783137930678,0.35011742918165384,Cluster 3,Transición Urbana Mixta,Baja,<b>ALTA CORDOBA</b><hr>Tipología: <span style='color:#38bdf8'>Transición Urbana Mixta</span><br>Pob: 34575.0<br>Score Infra: <b style='color:#e2e8f0'>Baja</b>
ALTAMIRA,0.629273274118467,0.5357094235684563,-0.13038067033299297,-0.5810988614131453,-0.15505647173124384,-0.31179283249633316,0.040503131997361934,1.9142459730061934,0.5457769922515792,-0.003103381554798346,0.006507593552862024,-0.28378320797232354,-1.0337319105490443,1.3447010231605299,1.4200110202284506,-0.5143657547569027,0.4814441180865779,-0.2757577768833604,-0.6129146514419056,-0.6477192617689459,0.8528028654224415,2.0230629019273323,-0.2968260885977624,0.2968260885977624,-0.5347168873924876,-31.4252,-64.1313,0.03447805790081814,0.32310854391771543,0.2684448519997443,-0.45889161913745363,-0.6046351081736687,-0.09612580080637743,0.35011742918165384,Cluster 3,Transición Urbana Mixta,Baja,<b>ALTAMIRA</b><hr>Tipología: <span style='color:#38bdf8'>Transición Urbana Mixta</span><br>Pob: 6103.0<br>Score Infra: <b style='color:#e2e8f0'>Baja</b>
ALTO ALBERDI,5.4843439598352,5.049445296519706,2.5602751940466493,-0.235385269842546,7.346799423472129,4.544872098910514,8.615594792010276,1.9142459730061934,3.4120420331777397,1.913234728533215,1.692735589405019,5.9468347803978014,1.682563641638338,3.003938959671316,1.8867395043592563,0.21840233844600693,-0.23600201866989115,1.5248343339673047,-0.7985496194201809,-0.5658205469308772,0.8528028654224415,2.0230629019273323,3.368976105584603,0.2968260885977624,-0.2721694121242301,-31.4078,-64.2199,1.951885521580661,0.199025034503185,0.25284704391582336,-0.5061611048764059,-0.8189396273783229,-0.44236091271560757,0.35011742918165384,Cluster 3,Transición Urbana Mixta,Media,<b>ALTO ALBERDI</b><hr>Tipología: <span style='color:#38bdf8'>Transición Urbana Mixta</span><br>Pob: 30472.0<br>Score Infra: <b style='color:#e2e8f0'>Media</b>
ALTO DE DON BOSCO,-0.45215492080419806,-0.39002997128615674,-0.4047818349722766,-0.9179480019178317,-0.5498909925314214,-0.6586974704539651,-0.31679235383650955,-0.48584923172746025,-1.0260457721272829,-0.7696386255900036,-0.5454591245138511,-0.28378320797232354,-1.0337319105490443,-0.9264324956580293,-0.44690291629477147,-0.7611141943048213,-0.4167327248757193,-0.2757577768833604,-1.0409489990942924,-0.6477192617689459,-1.1726039399558572,-0.49430000374546906,-0.2968260885977624,-3.3689761055846037,-1.228937512181561,-31.387,-64.2658,0.10122325442131899,-1.2037055868104152,-1.0281099877204252,-0.5223879432644044,-0.6046351081736687,-0.16537282318822347,1.0310544764877052,Cluster 4,Transición Urbana Mixta,Muy Baja,<b>ALTO DE DON BOSCO</b><hr>Tipología: <span style='color:#38bdf8'>Transición Urbana Mixta</span><br>Pob: 675.0<br>Score Infra: <b style='color:#e2e8f0'>Muy Baja</b>
ALTO DE SANTA ANA,-0.28619514070644936,-0.2734187106152251,-0.25233674350600793,-0.08114382129566336,-0.5498909925314214,-0.6586974704539651,-0.31679235383650955,-0.48584923172746025,-0.47128479646415516,-0.38637100357240095,-0.16332831969843434,-0.28378320797232354,-1.0337319105490443,-0.09784539179101316,-0.44690291629477147,-0.7611141943048213,-0.4167327248757193,-0.2757577768833604,-0.4303480300417837,-0.6477192617689459,-1.1726039399558572,-0.49430000374546906,-0.2968260885977624,0.2968260885977624,-0.8332371251208132,-31.4064,-64.2489,-0.020131648343227997,-0.8888246043146316,-0.8002805139238055,-0.4811153325818864,-0.6046351081736687,0.492473889439313,1.0310544764877052,Cluster 4,Transición Urbana Mixta,Muy Baja,<b>ALTO DE SANTA ANA</b><hr>Tipología: <span style='color:#38bdf8'>Transición Urbana Mixta</span><br>Pob: 1508.0<br>Score Infra: <b style='color:#e2e8f0'>Muy Baja</b>
ALTO HERMOSO,-0.4870204208247335,-0.39663060868262456,-0.4047818349722766,-0.9179480019178317,-0.5498909925314214,-0.6586974704539651,-0.31679235383650955,-0.48584923172746025,-0.28636447124311254,-0.19473719256359964,-0.5454591245138511,-0.28378320797232354,-1.0337319105490443,-1.2349599477828588,-0.44690291629477147,-0.7611141943048213,-0.4167327248757193,-0.2757577768833604,1.4137282634283557,-0.6477192617689459,-1.1726039399558572,-0.49430000374546906,-0.2968260885977624,0.2968260885977624,0.361917639597267,-31.3303,-64.3053,-0.08687684486372885,-1.1741600914331058,-0.9576225164212796,-0.32131625019572696,-0.6046351081736687,-1.342572203679605,1.0310544764877052,Cluster 4,Transición Urbana Mixta,Alta,<b>ALTO HERMOSO</b><hr>Tipología: <span style='color:#38bdf8'>Transición Urbana Mixta</span><br>Pob: 500.0<br>Score Infra: <b style='color:#e2e8f0'>Alta</b>
ALTO PALERMO,-0.4027455264893821,-0.33557471276529716,-0.4047818349722766,-0.9179480019178317,-0.35247373213133265,-0.31179283249633316,-0.31679235383650955,-0.48584923172746025,1.2854582931357497,1.7216009175244136,0.41290067168989264,-0.28378320797232354,-1.0337319105490443,-0.6034589420959174,-0.44690291629477147,0.04642615330654855,-0.4167327248757193,-0.2757577768833604,2.6410668946896796,-0.6477192617689459,0.8528028654224415,-0.49430000374546906,-0.2968260885977624,0.2968260885977624,1.5597569388272923,-31.3757,-64.2247,-0.24463821845763997,-0.6584319036635312,-0.5148771790884948,0.18242125454474922,-0.04067584710878904,-0.5289196906929147,-1.0117566654304488,Cluster 1,Núcleo Consolidado (Alta Infraestructura),Muy Alta,<b>ALTO PALERMO</b><hr>Tipología: <span style='color:#38bdf8'>Núcleo Consolidado (Alta Infraestructura)</span><br>Pob: 923.0<br>Score Infra: <b style='color:#e2e8f0'>Muy Alta</b>
ALTO VERDE,0.2015233967236693,0.2012771288140863,-0.38191507125233626,-0.8771715270146327,0.6346125698691113,0.035111805461298766,1.1123895894989762,-0.48584923172746025,-0.37882463385363385,-0.38637100357240095,3.0453573270849863,-0.28378320797232354,-1.0337319105490443,0.8968718786047567,2.043560275027207,0.37542407270377326,-0.4167327248757193,-0.2757577768833604,-0.7694003269277244,-0.6477192617689459,0.8528028654224415,-0.49430000374546906,-0.2968260885977624,0.2968260885977624,-0.48639526617747086,-31.3735,-64.2141,0.14369747038891048,-0.48996141292755635,-0.3872959471743677,-0.4680633104002354,-0.8302188125996206,-0.3558021347383004,0.35011742918165384,Cluster 3,Transición Urbana Mixta,Baja,<b>ALTO VERDE</b><hr>Tipología: <span style='color:#38bdf8'>Transición Urbana Mixta</span><br>Pob: 3956.0<br>Score Infra: <b style='color:#e2e8f0'>Baja</b>
ALTOS DE VELEZ SARSFIELD,-0.25232579782935777,-0.20741233665054679,-0.3514260529590825,-0.6892451644172815,-0.35247373213133265,-0.31179283249633316,-0.31679235383650955,-0.48584923172746025,-0.10144414602206994,-0.003103381554798346,0.4856874916547339,-0.28378320797232354,0.32441586554464696,0.012564097765364048,-0.44690291629477147,-0.3124806678540603,-0.4167327248757193,-0.2757577768833604,-0.12658171880460597,0.0918509510111894,0.8528028654224415,-0.49430000374546906,-0.2968260885977624,0.2968260885977624,-0.4128390205501677,-31.4483,-64.2141,-0.27497694414877677,0.22629519400343673,0.24582557521907414,-0.26699161733155796,-0.04067584710878904,-0.3384903791428385,0.35011742918165384,Cluster 3,Transición Urbana Mixta,Media,<b>ALTOS DE VELEZ SARSFIELD</b><hr>Tipología: <span style='color:#38bdf8'>Transición Urbana Mixta</span><br>Pob: 1678.0<br>Score Infra: <b style='color:#e2e8f0'>Media</b>
ALTOS DE VILLA CABRERA,-0.35473075217538763,-0.28661998540816075,-0.3666705621057094,-0.6963367252700117,-0.35247373213133265,-0.31179283249633316,-0.31679235383650955,-0.48584923172746025,0.6382371548621005,1.7216009175244136,0.5038841966459442,-0.28378320797232354,-1.0337319105490443,-0.3650982683807485,-0.44690291629477147,-0.11807280639206388,-0.4167327248757193,-0.2757577768833604,1.3308829058182163,-0.6477192617689459,0.8528028654224415,-0.49430000374546906,-0.2968260885977624,0.2968260885977624,0.6287603700846369,-31.3812,-64.2196,-0.26284145387232205,-0.35740417016352855,-0.21864430628655857,0.008159120551895433,-0.04067584710878904,-0.6327902242656838,1.0310544764877052,Cluster 4,Transición Urbana Mixta,Alta,<b>ALTOS DE VILLA CABRERA</b><hr>Tipología: <span style='color:#38bdf8'>Transición Urbana Mixta</span><br>Pob: 1164.0<br>Score Infra: <b style='color:#e2e8f0'>Alta</b>
ALTOS SAN MARTIN,-0.3318191378761786,-0.264617860753268,-0.38191507125233626,-0.7973914674214176,-0.5498909925314214,-0.6586974704539651,-0.31679235383650955,-0.48584923172746025,-0.37882463385363385,-0.38637100357240095,0.528146469967558,-0.28378320797232354,-1.0337319105490443,-0.2670711514848991,-0.44690291629477147,-0.7611141943048213,-0.4167327248757193,-0.2757577768833604,-0.2017562099693621,-0.6477192617689459,-1.1726039399558572,-0.49430000374546906,-0.2968260885977624,0.2968260885977624,-0.6850508200614285,-31.3772,-64.2144,-0.2689091990105494,-0.2074212815319473,-0.07632180908990106,-0.3601195593844191,-0.6046351081736687,-0.6327902242656838,1.0310544764877052,Cluster 4,Transición Urbana Mixta,Baja,<b>ALTOS SAN MARTIN</b><hr>Tipología: <span style='color:#38bdf8'>Transición Urbana Mixta</span><br>Pob: 1279.0<br>Score Infra: <b style='color:#e2e8f0'>Baja</b>
ALTOS SUD DE SAN VICENTE,-0.38282238362050475,-0.3553766249547006,-0.24471448893269448,0.4365401209536442,-0.5498909925314214,-0.6586974704539651,-0.31679235383650955,-0.48584923172746025,-0.6562051216851977,-0.38637100357240095,-0.5030001462010271,-0.28378320797232354,-1.0337319105490443,-0.49820877448142686,-0.44690291629477147,-0.7611141943048213,-0.4167327248757193,-0.2757577768833604,-0.4410872430653202,-0.6477192617689459,-1.1726039399558572,-0.49430000374546906,-0.2968260885977624,0.2968260885977624,-0.8402169148518709,-31.4371,-64.1409,-0.3538576309457323,1.1820597919861773,0.7079331444125916,-0.2031425358483463,-0.6046351081736687,0.7694619789666971,0.35011742918165384,Cluster 3,Transición Urbana Mixta,Muy Baja,<b>ALTOS SUD DE SAN VICENTE</b><hr>Tipología: <span style='color:#38bdf8'>Transición Urbana Mixta</span><br>Pob: 1023.0<br>Score Infra: <b style='color:#e2e8f0'>Muy Baja</b>
AMEGHINO NORTE,0.16665789670313386,0.04781230934620927,0.5403777321185892,1.2627069602967174,-0.35247373213133265,-0.31179283249633316,-0.31679235383650955,1.9142459730061934,0.5457769922515792,0.5717980514716056,-0.06627922641197928,-0.28378320797232354,0.32441586554464696,0.8504379811277758,-0.44690291629477147,-0.5667063328428249,1.0291129247709057,-0.2757577768833604,-0.3505710190097976,-0.3201244024166712,0.8528028654224415,2.0230629019273323,-0.2968260885977624,0.2968260885977624,-0.21149893215426468,-31.4292,-64.2372,-0.08687684486372885,0.08297493512043758,-0.10989610462975732,-0.3939842655854595,-0.04067584710878904,0.8213972457530812,-1.6926937127365,Cluster 0,Vulnerabilidad y Periferia NBI,Media,<b>AMEGHINO NORTE</b><hr>Tipología: <span style='color:#38bdf8'>Vulnerabilidad y Periferia NBI</span><br>Pob: 3781.0<br>Score Infra: <b style='color:#e2e8f0'>Media</b>
AMEGHINO SUD,0.1005130623784609,0.09456682423785638,-0.26758125265263477,-0.6254211167427093,0.23977804906893374,0.7289210813765625,-0.31679235383650955,-0.48584923172746025,1.0080778053041857,0.7634318624804068,1.5350308128145294,-0.28378320797232354,0.32441586554464696,0.7555064573970605,-0.44690291629477147,0.10624395683331657,-0.4167327248757193,-0.2757577768833604,-0.06214644066338647,-0.2878612723289472,0.8528028654224415,-0.49430000374546906,-0.2968260885977624,0.2968260885977624,-0.1626404040368589,-31.4344,-64.2376,-0.08080909972550149,-0.06916573700926379,-0.042354704112464295,-0.39010393466659027,1.65120193608585,-0.19999633437914646,0.35011742918165384,Cluster 3,Transición Urbana Mixta,Media,<b>AMEGHINO SUD</b><hr>Tipología: <span style='color:#38bdf8'>Transición Urbana Mixta</span><br>Pob: 3449.0<br>Score Infra: <b style='color:#e2e8f0'>Media</b>
AMPLIACION ALTAMIRA,-0.2086941149465163,-0.22941446130543955,-0.12275841575967954,0.3833534145581674,-0.5498909925314214,-0.6586974704539651,-0.31679235383650955,1.9142459730061934,0.4533168296410579,-0.38637100357240095,-0.49086900954022017,-0.28378320797232354,1.682563641638338,0.13948341753577895,-0.44690291629477147,-0.7611141943048213,2.4694818863506867,-0.2757577768833604,0.2523590835973278,0.6601783964026355,-1.1726039399558572,2.0230629019273323,-0.2968260885977624,0.2968260885977624,0.5535934037501667,-31.4188,-64.1301,-0.2992479247016861,0.8575594385495583,0.44999373608810916,0.16654717351301157,-0.6046351081736687,0.8387090013485423,0.35011742918165384,Cluster 3,Transición Urbana Mixta,Alta,<b>AMPLIACION ALTAMIRA</b><hr>Tipología: <span style='color:#38bdf8'>Transición Urbana Mixta</span><br>Pob: 1897.0<br>Score Infra: <b style='color:#e2e8f0'>Alta</b>
AMPLIACION BENJAMIN MATIENZO,-0.183391723503042,-0.225014036374461,0.006819911986648839,0.9524511729897693,0.23977804906893374,0.7289210813765625,-0.31679235383650955,-0.48584923172746025,-0.28636447124311254,-0.19473719256359964,-0.3028363912977135,-0.28378320797232354,-1.0337319105490443,0.20552273839192975,-0.44690291629477147,0.71937644298269,-0.4167327248757193,-0.2757577768833604,-0.4349505499090136,-0.6477192617689459,0.8528028654224415,-0.49430000374546906,-0.2968260885977624,0.2968260885977624,-0.09874848265255906,-31.4463,-64.2349,-0.14755429624600236,-0.4055847062222037,-0.5023836566987857,-0.3456565077777247,1.65120193608585,1.1676323576623113,-1.6926937127365,Cluster 0,Vulnerabilidad y Periferia NBI,Media,<b>AMPLIACION BENJAMIN MATIENZO</b><hr>Tipología: <span style='color:#38bdf8'>Vulnerabilidad y Periferia NBI</span><br>Pob: 2024.0<br>Score Infra: <b style='color:#e2e8f0'>Media</b>
AMPLIACION CABO FARINA,-0.4870204208247335,-0.39663060868262456,-0.3133147800925154,0.14578612599170437,-0.5498909925314214,-0.6586974704539651,-0.31679235383650955,-0.48584923172746025,-0.7486652842957191,-0.5780048145812022,-0.44234446289699264,-0.28378320797232354,0.32441586554464696,-1.2349599477828588,-0.44690291629477147,-0.7611141943048213,-0.4167327248757193,-0.2757577768833604,-0.12044502564829934,1.8340599757482867,-1.1726039399558572,-0.49430000374546906,-0.2968260885977624,0.2968260885977624,-0.6324339436272991,-31.4615,-64.2149,-0.3720608663604143,0.6266746118374831,1.0148155175222626,0.26143890234717687,-0.6046351081736687,-1.342572203679605,1.0310544764877052,Cluster 4,Transición Urbana Mixta,Baja,<b>AMPLIACION CABO FARINA</b><hr>Tipología: <span style='color:#38bdf8'>Transición Urbana Mixta</span><br>Pob: 500.0<br>Score Infra: <b style='color:#e2e8f0'>Baja</b>
AMPLIACION EMPALME,0.0339697651964104,0.010408697432891566,-0.21422547063944075,-0.44635920521127065,-0.5498909925314214,-0.6586974704539651,-0.31679235383650955,1.9142459730061934,1.2854582931357497,-0.19473719256359964,-0.4302133262361858,-0.28378320797232354,0.32441586554464696,0.6502562897825699,-0.44690291629477147,-0.7611141943048213,1.3412841445809722,-0.2757577768833604,0.19099215203426154,-0.2493936941474301,-1.1726039399558572,2.0230629019273323,-0.2968260885977624,0.2968260885977624,0.14500725103208092,-31.4317,-64.1252,-0.19002851221359382,0.40750915958149614,0.2977800790257123,-0.26452231583773206,-0.6046351081736687,0.059679999552775725,0.35011742918165384,Cluster 3,Transición Urbana Mixta,Alta,<b>AMPLIACION EMPALME</b><hr>Tipología: <span style='color:#38bdf8'>Transición Urbana Mixta</span><br>Pob: 3115.0<br>Score Infra: <b style='color:#e2e8f0'>Alta</b>
AMPLIACION GENERAL ARTIGAS,-0.12342306346772103,-0.14305612203498547,-0.25233674350600793,-0.380762267323516,-0.5498909925314214,-0.6586974704539651,-0.31679235383650955,-0.48584923172746025,-0.9335856095167617,-0.7696386255900036,-0.06021365808157583,-0.28378320797232354,1.682563641638338,0.34895188837638147,-0.44690291629477147,-0.7611141943048213,-0.4167327248757193,-0.2757577768833604,-0.9749795476639963,0.41944581036346407,-1.1726039399558572,-0.49430000374546906,-0.2968260885977624,0.2968260885977624,-1.185984959990435,-31.4632,-64.1959,-0.09901233514018355,-0.43926645140754433,-0.44621736281142454,-0.5167438255642309,-0.6046351081736687,0.423226867057467,0.35011742918165384,Cluster 3,Transición Urbana Mixta,Muy Baja,<b>AMPLIACION GENERAL ARTIGAS</b><hr>Tipología: <span style='color:#38bdf8'>Transición Urbana Mixta</span><br>Pob: 2325.0<br>Score Infra: <b style='color:#e2e8f0'>Muy Baja</b>
AMPLIACION JARDIN ESPINOSA,-0.4832350236796468,-0.39663060868262456,-0.4047818349722766,-0.9179480019178317,-0.5498909925314214,-0.6586974704539651,-0.31679235383650955,-0.48584923172746025,-0.10144414602206994,-0.003103381554798346,0.23093362177778937,-0.28378320797232354,-1.0337319105490443,-1.196780965412897,-0.44690291629477147,-0.7611141943048213,-0.4167327248757193,-0.2757577768833604,1.9154029289564218,-0.6477192617689459,-1.1726039399558572,-0.49430000374546906,-0.2968260885977624,0.2968260885977624,0.6872832224450461,-31.4554,-64.1733,-0.28711243442523143,-0.8214949849683902,-0.5931771936461837,0.14009037179344866,-0.6046351081736687,-1.16945464772499,1.0310544764877052,Cluster 4,Transición Urbana Mixta,Alta,<b>AMPLIACION JARDIN ESPINOSA</b><hr>Tipología: <span style='color:#38bdf8'>Transición Urbana Mixta</span><br>Pob: 519.0<br>Score Infra: <b style='color:#e2e8f0'>Alta</b>
AMPLIACION JOSE IGNACIO DIAZ SECCION 2,-0.21148335494815912,-0.27011839191699116,0.022064421133275707,1.3903550556458615,-0.35247373213133265,-0.31179283249633316,-0.31679235383650955,1.9142459730061934,-0.28636447124311254,-0.38637100357240095,-0.5454591245138511,-0.28378320797232354,0.32441586554464696,0.1312285024287601,-0.44690291629477147,-0.36482124593998244,2.49138863861806,-0.2757577768833604,-0.388925351236714,0.011193125791879288,0.8528028654224415,2.0230629019273323,-0.2968260885977624,0.2968260885977624,0.3425889911112604,-31.4509,-64.1466,-0.2689091990105494,0.33958580110096115,-0.10111790483716251,-0.05322065943749029,-0.04067584710878904,1.912037848267155,-1.6926937127365,Cluster 0,Vulnerabilidad y Periferia NBI,Alta,<b>AMPLIACION JOSE IGNACIO DIAZ SECCION 2</b><hr>Tipología: <span style='color:#38bdf8'>Vulnerabilidad y Periferia NBI</span><br>Pob: 1883.0<br>Score Infra: <b style='color:#e2e8f0'>Alta</b>
AMPLIACION JOSE IGNACIO DIAZ SECCION 3,-0.45354954080501947,-0.39663060868262456,-0.23709223435938104,1.0322312325829845,-0.5498909925314214,-0.6586974704539651,-0.31679235383650955,-0.48584923172746025,-0.19390430863259123,-0.19473719256359964,-0.5454591245138511,-0.28378320797232354,0.32441586554464696,-0.9367511395418027,-0.44690291629477147,-0.7611141943048213,-0.4167327248757193,-0.2757577768833604,1.0255824212919622,1.2098924975127028,-1.1726039399558572,-0.49430000374546906,-0.2968260885977624,0.2968260885977624,0.11010830237679105,-31.4508,-64.1432,-0.2992479247016861,-0.5828377543540367,-0.5256139703823586,-0.004892901629755531,-0.6046351081736687,0.11161526633915986,1.0310544764877052,Cluster 4,Transición Urbana Mixta,Alta,<b>AMPLIACION JOSE IGNACIO DIAZ SECCION 3</b><hr>Tipología: <span style='color:#38bdf8'>Transición Urbana Mixta</span><br>Pob: 668.0<br>Score Infra: <b style='color:#e2e8f0'>Alta</b>
AMPLIACION KENNEDY,-0.4870204208247335,-0.39663060868262456,-0.3514260529590825,-0.29743642730393566,-0.5498909925314214,-0.6586974704539651,-0.31679235383650955,-0.48584923172746025,0.08347617919897267,-0.19473719256359964,-0.42414775790578235,-0.28378320797232354,-1.0337319105490443,-1.2349599477828588,-0.44690291629477147,-0.7611141943048213,-0.4167327248757193,-0.2757577768833604,2.6410668946896796,-0.6477192617689459,-1.1726039399558572,-0.49430000374546906,-0.2968260885977624,0.2968260885977624,1.1570767620354865,-31.4563,-64.1944,-0.365993121222187,0.2946050806452233,0.651101256755997,2.09048579455962,-0.6046351081736687,-1.342572203679605,-1.0117566654304488,Cluster 1,Núcleo Consolidado (Alta Infraestructura),Muy Alta,<b>AMPLIACION KENNEDY</b><hr>Tipología: <span style='color:#38bdf8'>Núcleo Consolidado (Alta Infraestructura)</span><br>Pob: 500.0<br>Score Infra: <b style='color:#e2e8f0'>Muy Alta</b>
AMPLIACION LAS PALMAS,-0.23798113496376608,-0.22446398325808867,-0.3133147800925154,-0.5030916920331127,-0.15505647173124384,0.035111805461298766,-0.31679235383650955,-0.48584923172746025,0.7306973174726218,0.7634318624804068,0.5584743116195752,-0.28378320797232354,0.32441586554464696,0.055902402077212775,-0.44690291629477147,0.09128950595162452,-0.4167327248757193,-0.2757577768833604,0.625163192842955,0.06082871054222398,0.8528028654224415,-0.49430000374546906,-0.2968260885977624,0.2968260885977624,0.275475628312626,-31.4011,-64.2429,-0.26284145387232205,0.1502288427649907,0.04939357799571927,-0.09272948333870415,0.5232834139560907,0.23279755550739079,0.35011742918165384,Cluster 3,Transición Urbana Mixta,Alta,<b>AMPLIACION LAS PALMAS</b><hr>Tipología: <span style='color:#38bdf8'>Transición Urbana Mixta</span><br>Pob: 1750.0<br>Score Infra: <b style='color:#e2e8f0'>Alta</b>
AMPLIACION LOS ALAMOS,-0.4282471493615452,-0.39663060868262456,-0.37429281667902287,-0.5633699592813196,-0.5498909925314214,-0.6586974704539651,-0.31679235383650955,-0.48584923172746025,-0.47128479646415516,0.3801642404628043,-0.5454591245138511,-0.28378320797232354,-1.0337319105490443,-0.7572067359641433,-0.44690291629477147,-0.7611141943048213,-0.4167327248757193,-0.2757577768833604,0.11735183415858216,-0.6477192617689459,-1.1726039399558572,-0.49430000374546906,-0.2968260885977624,0.2968260885977624,-0.4783416626416347,-31.3644,-64.1543,-0.347789885807505,0.39422574076158096,0.04491445926997632,0.025444231008676453,-0.6046351081736687,1.2195676244486955,1.0310544764877052,Cluster 4,Transición Urbana Mixta,Baja,<b>AMPLIACION LOS ALAMOS</b><hr>Tipología: <span style='color:#38bdf8'>Transición Urbana Mixta</span><br>Pob: 795.0<br>Score Infra: <b style='color:#e2e8f0'>Baja</b>
AMPLIACION LOS PLATANOS,-0.3754508207590201,-0.3520763062564667,-0.32855928923914224,-0.2867990860248403,-0.5498909925314214,-0.6586974704539651,-0.31679235383650955,-0.48584923172746025,-0.5637449590746765,-0.38637100357240095,-0.4362788945665892,-0.28378320797232354,0.32441586554464696,-0.4610616564998425,-0.44690291629477147,-0.7611141943048213,-0.4167327248757193,-0.2757577768833604,-0.3168192066501112,0.5224396487204293,-1.1726039399558572,-0.49430000374546906,-0.2968260885977624,0.2968260885977624,-0.7596808794935098,-31.4186,-64.2341,-0.347789885807505,0.9808818461208,0.53592625624545,-0.17986055033513104,-0.6046351081736687,0.8560207569440043,1.0310544764877052,Cluster 4,Transición Urbana Mixta,Baja,<b>AMPLIACION LOS PLATANOS</b><hr>Tipología: <span style='color:#38bdf8'>Transición Urbana Mixta</span><br>Pob: 1060.0<br>Score Infra: <b style='color:#e2e8f0'>Baja</b>
AMPLIACION PALMAR,-0.31647831786714303,-0.2976210477356071,-0.35904830753239597,-0.6378313482349872,-0.15505647173124384,0.035111805461298766,-0.31679235383650955,-0.48584923172746025,-0.008983983411548631,-0.38637100357240095,-0.5030001462010271,-0.28378320797232354,0.32441586554464696,-0.20722301695901268,-0.44690291629477147,0.33803794549954314,-0.4167327248757193,-0.2757577768833604,0.2032655383468748,0.2668163872561543,0.8528028654224415,-0.49430000374546906,-0.2968260885977624,0.2968260885977624,0.12514169564368496,-31.3875,-64.1203,-0.30531566983991343,0.3228315984825921,0.1282664396498796,0.033557650202675766,0.5232834139560907,0.5097856450347741,1.0310544764877052,Cluster 4,Transición Urbana Mixta,Alta,<b>AMPLIACION PALMAR</b><hr>Tipología: <span style='color:#38bdf8'>Transición Urbana Mixta</span><br>Pob: 1356.0<br>Score Infra: <b style='color:#e2e8f0'>Alta</b>
AMPLIACION PANAMERICANO,-0.27882357784496475,-0.2162131865125039,-0.32855928923914224,-0.5828717516263279,-0.5498909925314214,-0.6586974704539651,-0.31679235383650955,-0.48584923172746025,-0.6562051216851977,-0.19473719256359964,-0.21791843467206531,-0.28378320797232354,0.32441586554464696,-0.07308064646995663,-0.44690291629477147,-0.7611141943048213,-0.4167327248757193,-0.2757577768833604,-0.6435981172234387,0.1551363215678788,-1.1726039399558572,-0.49430000374546906,-0.2968260885977624,0.2968260885977624,-0.9712221990348053,-31.3655,-64.18,-0.06260586431081942,-0.8160457348600254,-0.6530642658172924,-0.49205081062597233,-0.6046351081736687,-0.5981667130747607,1.0310544764877052,Cluster 4,Transición Urbana Mixta,Muy Baja,<b>AMPLIACION PANAMERICANO</b><hr>Tipología: <span style='color:#38bdf8'>Transición Urbana Mixta</span><br>Pob: 1545.0<br>Score Infra: <b style='color:#e2e8f0'>Muy Baja</b>
AMPLIACION PARQUE SAN CARLOS,-0.37345850647213236,-0.33557471276529716,-0.37429281667902287,-0.6892451644172815,-0.5498909925314214,-0.6586974704539651,-0.31679235383650955,-0.48584923172746025,-0.6562051216851977,-0.38637100357240095,-0.5454591245138511,-0.28378320797232354,-1.0337319105490443,-0.45177487700444596,-0.44690291629477147,-0.7611141943048213,-0.4167327248757193,-0.2757577768833604,-0.46716818897962337,-0.6477192617689459,-1.1726039399558572,-0.49430000374546906,-0.2968260885977624,0.2968260885977624,-0.8568610288259323,-31.45,-64.1564,-0.33565439553105025,0.5723355265704146,0.37501077900332125,-0.30015080882007666,-0.6046351081736687,0.2847328222937749,1.0310544764877052,Cluster 4,Transición Urbana Mixta,Muy Baja,<b>AMPLIACION PARQUE SAN CARLOS</b><hr>Tipología: <span style='color:#38bdf8'>Transición Urbana Mixta</span><br>Pob: 1070.0<br>Score Infra: <b style='color:#e2e8f0'>Muy Baja</b>
AMPLIACION POETA LUGONES,-0.02281119197989018,-0.04514666732071266,-0.3895373258256497,-0.8753986368014502,-0.35247373213133265,-0.31179283249633316,-0.31679235383650955,-0.48584923172746025,-0.19390430863259123,-0.38637100357240095,0.34617942005545477,-0.28378320797232354,0.32441586554464696,0.5511973084983437,-0.44690291629477147,-0.49941130387521077,-0.4167327248757193,-0.2757577768833604,-0.553081893167916,-0.2096852263471544,0.8528028654224415,-0.49430000374546906,-0.2968260885977624,0.2968260885977624,-0.782230969393851,-31.3598,-64.2228,-0.10508008027841091,-0.21501835307242076,-0.23331464764285917,-0.462419192700062,-0.04067584710878904,0.16355053312554477,0.35011742918165384,Cluster 3,Transición Urbana Mixta,Baja,<b>AMPLIACION POETA LUGONES</b><hr>Tipología: <span style='color:#38bdf8'>Transición Urbana Mixta</span><br>Pob: 2830.0<br>Score Infra: <b style='color:#e2e8f0'>Baja</b>
AMPLIACION PRIMERO DE MAYO,-0.2499350206850925,-0.2926705696882562,-0.09989165203973924,0.90458313723384,0.04236078866884495,-0.6586974704539651,0.7550941036651048,-0.48584923172746025,-0.47128479646415516,-0.19473719256359964,-0.5454591245138511,-0.28378320797232354,0.32441586554464696,0.019787148484005198,3.286924956751673,0.5698319341657697,-0.4167327248757193,-0.2757577768833604,-0.4963174814720799,0.08688739253615492,0.8528028654224415,-0.49430000374546906,-0.2968260885977624,0.2968260885977624,-0.21257274595904285,-31.4437,-64.1123,-0.32351890525459553,1.2243985725356292,0.46505143119535697,-0.008773232548624789,-1.0276045539723284,1.842790825885309,-1.6926937127365,Cluster 0,Vulnerabilidad y Periferia NBI,Media,<b>AMPLIACION PRIMERO DE MAYO</b><hr>Tipología: <span style='color:#38bdf8'>Vulnerabilidad y Periferia NBI</span><br>Pob: 1690.0<br>Score Infra: <b style='color:#e2e8f0'>Media</b>
AMPLIACION PUEYRREDON,-0.2262264806711284,-0.2024618586031959,-0.2980702709458885,-0.469406777982644,0.4371953094690225,0.7289210813765625,0.040503131997361934,-0.48584923172746025,0.2683965044200153,0.18853042945400297,-0.4362788945665892,-0.28378320797232354,0.32441586554464696,0.08995392689366587,0.2998626583145174,1.3026000273686793,-0.4167327248757193,-0.2757577768833604,0.14650112665103868,0.038492697404568926,0.8528028654224415,-0.49430000374546906,-0.2968260885977624,0.2968260885977624,0.5691637039194496,-31.3937,-64.1451,-0.26284145387232205,0.20133822623108694,0.14427887991791308,-0.008773232548624789,0.2413037834236508,-0.009567022829070296,0.35011742918165384,Cluster 3,Transición Urbana Mixta,Alta,<b>AMPLIACION PUEYRREDON</b><hr>Tipología: <span style='color:#38bdf8'>Transición Urbana Mixta</span><br>Pob: 1809.0<br>Score Infra: <b style='color:#e2e8f0'>Alta</b>
AMPLIACION RESIDENCIAL AMERICA,0.5067459454748711,0.37509391358773914,-0.0008023425866645948,-0.3311213413544043,0.8320298302692002,0.7289210813765625,0.7550941036651048,-0.48584923172746025,-0.19390430863259123,-0.5780048145812022,0.26126146342980655,-0.28378320797232354,1.682563641638338,1.2353233979925304,1.154909241242153,0.19597066212346886,-0.4167327248757193,-0.2757577768833604,-0.789344579685721,-0.19603544054080957,0.8528028654224415,-0.49430000374546906,-0.2968260885977624,0.2968260885977624,-0.5889444845337841,-31.376,-64.1612,-0.04440262889613742,0.48754240550577566,0.3148236440673942,-0.4511309572997152,-0.4636452929074488,0.2501093111028519,0.35011742918165384,Cluster 3,Transición Urbana Mixta,Baja,<b>AMPLIACION RESIDENCIAL AMERICA</b><hr>Tipología: <span style='color:#38bdf8'>Transición Urbana Mixta</span><br>Pob: 5488.0<br>Score Infra: <b style='color:#e2e8f0'>Baja</b>
AMPLIACION ROSEDAL,0.03556361662592059,-0.058897995230020636,-0.09989165203973924,-0.047458907245194644,-0.5498909925314214,-0.6586974704539651,-0.31679235383650955,1.9142459730061934,-0.28636447124311254,-0.19473719256359964,1.1286377346774987,-0.28378320797232354,0.32441586554464696,0.6533518829477021,-0.44690291629477147,-0.7611141943048213,1.3358074565141291,-0.2757577768833604,-0.6482006370906688,-0.2506345837661887,-1.1726039399558572,2.0230629019273323,-0.2968260885977624,0.2968260885977624,-0.401027068697608,-31.44,-64.2242,-0.20823174762827587,0.5787331653630869,0.2203311515827809,-0.35235889754668065,-0.6046351081736687,0.9772030461122344,0.35011742918165384,Cluster 3,Transición Urbana Mixta,Media,<b>AMPLIACION ROSEDAL</b><hr>Tipología: <span style='color:#38bdf8'>Transición Urbana Mixta</span><br>Pob: 3123.0<br>Score Infra: <b style='color:#e2e8f0'>Media</b>
AMPLIACION SAN FERNANDO,0.08576993665549162,0.04341188441523071,-0.03891361545323176,-0.06696069959020286,-0.5498909925314214,-0.6586974704539651,-0.31679235383650955,-0.48584923172746025,-0.5637449590746765,-0.5780048145812022,-0.06021365808157583,-0.28378320797232354,-1.0337319105490443,0.7328054408527583,-0.44690291629477147,-0.7611141943048213,-0.4167327248757193,-0.2757577768833604,-0.8138913523109476,-0.6477192617689459,-1.1726039399558572,-0.49430000374546906,-0.2968260885977624,0.2968260885977624,-1.0818250209269547,-31.4535,-64.1916,-0.18396076707536646,0.502148786692036,0.34801058585630334,-0.4955783841885807,-0.6046351081736687,0.18086228872100588,0.35011742918165384,Cluster 3,Transición Urbana Mixta,Muy Baja,<b>AMPLIACION SAN FERNANDO</b><hr>Tipología: <span style='color:#38bdf8'>Transición Urbana Mixta</span><br>Pob: 3375.0<br>Score Infra: <b style='color:#e2e8f0'>Muy Baja</b>
AMPLIACION SAN PABLO,-0.1389631149054454,-0.10235219142343384,-0.3895373258256497,-0.8700799661619026,0.23977804906893374,0.7289210813765625,-0.31679235383650955,-0.48584923172746025,-0.5637449590746765,-0.38637100357240095,-0.14513161470722402,-0.28378320797232354,0.32441586554464696,0.3138684991715516,-0.44690291629477147,0.5698319341657697,-0.4167327248757193,-0.2757577768833604,-0.6988283556301984,-0.09552338142136164,0.8528028654224415,-0.49430000374546906,-0.2968260885977624,0.2968260885977624,-0.3441149370443661,-31.452,-64.1597,-0.29318017956345876,1.1214565596109922,1.0602777542355584,-0.19926220492947708,1.65120193608585,-0.3731138903337615,0.35011742918165384,Cluster 3,Transición Urbana Mixta,Media,<b>AMPLIACION SAN PABLO</b><hr>Tipología: <span style='color:#38bdf8'>Transición Urbana Mixta</span><br>Pob: 2247.0<br>Score Infra: <b style='color:#e2e8f0'>Media</b>
AMPLIACION URCA,-0.17641862349893492,-0.16010776864252735,-0.38191507125233626,-0.8328492716850687,-0.5498909925314214,-0.6586974704539651,-0.31679235383650955,-0.48584923172746025,-1.0260457721272829,-0.7696386255900036,-0.5454591245138511,-0.28378320797232354,-1.0337319105490443,0.22306443299434423,-0.44690291629477147,-0.7611141943048213,-0.4167327248757193,-0.2757577768833604,-1.0409489990942924,-0.6477192617689459,-1.1726039399558572,-0.49430000374546906,-0.2968260885977624,-3.3689761055846037,-1.228937512181561,-31.3861,-64.2397,-0.09901233514018355,-0.5452628337713489,-0.4800426199364016,-0.5223879432644044,-0.6046351081736687,-0.009567022829070296,1.0310544764877052,Cluster 4,Transición Urbana Mixta,Muy Baja,<b>AMPLIACION URCA</b><hr>Tipología: <span style='color:#38bdf8'>Transición Urbana Mixta</span><br>Pob: 2059.0<br>Score Infra: <b style='color:#e2e8f0'>Muy Baja</b>
AMPLIACION VELEZ SARSFIELD,-0.2628850635498628,-0.2596673827059171,-0.2980702709458885,-0.36480625540487294,-0.5498909925314214,-0.6586974704539651,-0.31679235383650955,-0.48584923172746025,-0.10144414602206994,-0.003103381554798346,-0.24824627632408253,-0.28378320797232354,-1.0337319105490443,-0.020455562662711348,-0.44690291629477147,-0.7611141943048213,-0.4167327248757193,-0.2757577768833604,-0.09743242631214946,-0.6477192617689459,-1.1726039399558572,-0.49430000374546906,-0.2968260885977624,0.2968260885977624,-0.6174005503604051,-31.4536,-64.2156,-0.28711243442523143,0.3382987021722576,0.12180690667633552,-0.3110862868641626,-0.6046351081736687,0.596344423012082,0.35011742918165384,Cluster 3,Transición Urbana Mixta,Baja,<b>AMPLIACION VELEZ SARSFIELD</b><hr>Tipología: <span style='color:#38bdf8'>Transición Urbana Mixta</span><br>Pob: 1625.0<br>Score Infra: <b style='color:#e2e8f0'>Baja</b>
ANA MARIA ZUMARAN,0.11904158524651688,0.1523224014569499,-0.13038067033299297,-0.38430804774988114,0.8320298302692002,0.7289210813765625,0.7550941036651048,-0.48584923172746025,-0.47128479646415516,-0.003103381554798346,1.0861787563646748,-0.28378320797232354,0.32441586554464696,0.7833667958832482,1.154909241242153,0.71937644298269,-0.4167327248757193,-0.2757577768833604,-0.7816737132403376,-0.29778838927901613,0.8528028654224415,-0.49430000374546906,-0.2968260885977624,0.2968260885977624,-0.3231755678511923,-31.3789,-64.2013,-0.15968978652245705,0.39854330017102396,0.46651901089965037,-0.37352433892233095,-0.4636452929074488,-0.5462314462883766,0.35011742918165384,Cluster 3,Transición Urbana Mixta,Media,<b>ANA MARIA ZUMARAN</b><hr>Tipología: <span style='color:#38bdf8'>Transición Urbana Mixta</span><br>Pob: 3542.0<br>Score Infra: <b style='color:#e2e8f0'>Media</b>
ANEXO LOS ALAMOS,-0.4358179436517186,-0.3867296525879228,-0.38191507125233626,-0.6732891524986384,-0.5498909925314214,-0.6586974704539651,-0.31679235383650955,-0.48584923172746025,-0.37882463385363385,-0.19473719256359964,-0.5454591245138511,-0.28378320797232354,-1.0337319105490443,-0.8077680909946332,-0.44690291629477147,-0.7611141943048213,-0.4167327248757193,-0.2757577768833604,0.3781612933016136,-0.6477192617689459,-1.1726039399558572,-0.49430000374546906,-0.2968260885977624,0.2968260885977624,-0.3092159883890762,-31.3667,-64.1595,-0.37812861149864163,2.404903394914468,1.8058900793160813,0.9881190562445024,-0.6046351081736687,0.3366680890801598,-0.3308196181243975,Cluster 2,Anillos Densos Poblacionales,Media,<b>ANEXO LOS ALAMOS</b><hr>Tipología: <span style='color:#38bdf8'>Anillos Densos Poblacionales</span><br>Pob: 757.0<br>Score Infra: <b style='color:#e2e8f0'>Media</b>
APEADERO LA TABLADA,-0.4870204208247335,-0.39663060868262456,-0.38191507125233626,-0.6520144699404476,-0.5498909925314214,-0.6586974704539651,-0.31679235383650955,-0.48584923172746025,-0.8411254469062404,-0.38637100357240095,-0.3452953696105376,-0.28378320797232354,-1.0337319105490443,-1.2349599477828588,-0.44690291629477147,-0.7611141943048213,-0.4167327248757193,-0.2757577768833604,-0.4272796834636304,-0.6477192617689459,-1.1726039399558572,-0.49430000374546906,-0.2968260885977624,0.2968260885977624,-0.8310894975112567,-31.352,-64.2356,-0.347789885807505,-0.2588414814576065,0.04491445926997632,-0.23206863906173503,-0.6046351081736687,-1.342572203679605,1.0310544764877052,Cluster 4,Transición Urbana Mixta,Muy Baja,<b>APEADERO LA TABLADA</b><hr>Tipología: <span style='color:#38bdf8'>Transición Urbana Mixta</span><br>Pob: 500.0<br>Score Infra: <b style='color:#e2e8f0'>Muy Baja</b>
ARGUELLO,2.3749390522895046,1.8882900367279891,0.25835431290599215,-0.5633699592813196,4.18812325707071,1.0758257193341945,6.471821877007048,-0.48584923172746025,0.3608566670305366,-0.19473719256359964,2.6874887955911833,-0.28378320797232354,0.32441586554464696,2.263060328816375,2.5102887591580125,0.44271910167138745,-0.4167327248757193,-0.2757577768833604,-0.8859974968975503,-0.5645796573121187,0.8528028654224415,-0.49430000374546906,-0.2968260885977624,0.2968260885977624,-0.5288109114662078,-31.3462,-64.2621,2.61933748678567,-0.7710152040742294,-0.6904684533735574,-0.5132162520016226,-0.9994065909190845,0.23279755550739079,0.35011742918165384,Cluster 3,Transición Urbana Mixta,Baja,<b>ARGUELLO</b><hr>Tipología: <span style='color:#38bdf8'>Transición Urbana Mixta</span><br>Pob: 14865.0<br>Score Infra: <b style='color:#e2e8f0'>Baja</b>
ARGUELLO II,-0.0532936005692726,-0.16395814045713358,0.2888433311992459,1.6722445995418886,-0.15505647173124384,0.035111805461298766,-0.31679235383650955,-0.48584923172746025,-0.7486652842957191,-0.5780048145812022,-0.5454591245138511,-0.28378320797232354,-1.0337319105490443,0.49444476713758856,-0.44690291629477147,-0.20032228624137005,-0.4167327248757193,-0.2757577768833604,-0.869121590717707,-0.6477192617689459,0.8528028654224415,-0.49430000374546906,-0.2968260885977624,0.2968260885977624,-0.8380692872423147,-31.3247,-64.2422,-0.19609625735182115,0.2029939216022207,-0.16778639549316574,-0.4468978690245851,0.5232834139560907,1.7735438035034627,-1.6926937127365,Cluster 0,Vulnerabilidad y Periferia NBI,Muy Baja,<b>ARGUELLO II</b><hr>Tipología: <span style='color:#38bdf8'>Vulnerabilidad y Periferia NBI</span><br>Pob: 2677.0<br>Score Infra: <b style='color:#e2e8f0'>Muy Baja</b>
ARGUELLO NORTE,2.516194135229845,1.7370254297256014,3.7036133800436644,1.4240399696963304,2.016533392669733,3.157253547079986,0.3977986178312334,-0.48584923172746025,0.8231574800831432,-0.19473719256359964,-0.1875905930200481,2.831525786212739,0.32441586554464696,2.3105260906817344,0.12810657615438095,-0.14050448271460195,-0.4167327248757193,1.4702709366687996,-0.8445748180924805,-0.5683023261683945,0.8528028654224415,-0.49430000374546906,3.368976105584603,0.2968260885977624,-0.5476026530498254,-31.3308,-64.2488,1.4057884591401995,-0.32446957992906067,-0.420690205055333,-0.5072193769451884,1.0872426750209703,0.9425795349213113,-1.6926937127365,Cluster 0,Vulnerabilidad y Periferia NBI,Baja,<b>ARGUELLO NORTE</b><hr>Tipología: <span style='color:#38bdf8'>Vulnerabilidad y Periferia NBI</span><br>Pob: 15574.0<br>Score Infra: <b style='color:#e2e8f0'>Baja</b>
ARTURO CAPDEVILA,-0.22443339781292942,-0.24041552363288593,-0.3514260529590825,-0.6608789210063605,0.23977804906893374,0.7289210813765625,-0.31679235383650955,-0.48584923172746025,0.6382371548621005,-0.19473719256359964,-0.39988548458416856,-0.28378320797232354,-1.0337319105490443,0.09511324883555253,-0.44690291629477147,0.8838754026813025,-0.4167327248757193,-0.2757577768833604,0.4778825570915962,-0.6477192617689459,0.8528028654224415,-0.49430000374546906,-0.2968260885977624,0.2968260885977624,0.5750696798457297,-31.3762,-64.1312,-0.3113834149781408,1.0490662107308397,0.5929109031277704,0.267788534759872,1.65120193608585,0.8387090013485423,0.35011742918165384,Cluster 3,Transición Urbana Mixta,Alta,<b>ARTURO CAPDEVILA</b><hr>Tipología: <span style='color:#38bdf8'>Transición Urbana Mixta</span><br>Pob: 1818.0<br>Score Infra: <b style='color:#e2e8f0'>Alta</b>
ATE,-0.3937801121983873,-0.328424022252457,-0.35904830753239597,-0.5899633124790581,-0.5498909925314214,-0.6586974704539651,-0.31679235383650955,-0.48584923172746025,0.17593634180949397,0.7634318624804068,0.6009332899323994,-0.28378320797232354,0.32441586554464696,-0.5549613158421811,-0.44690291629477147,-0.7611141943048213,-0.4167327248757193,-0.2757577768833604,1.0194457281356553,0.6341197144087047,-1.1726039399558572,-0.49430000374546906,-0.2968260885977624,0.2968260885977624,0.1063499540600675,-31.4342,-64.2308,-0.29318017956345876,-0.29426260336857873,-0.18543554175111743,-0.0348772769119268,-0.6046351081736687,-0.4942961795019917,1.0310544764877052,Cluster 4,Transición Urbana Mixta,Alta,<b>ATE</b><hr>Tipología: <span style='color:#38bdf8'>Transición Urbana Mixta</span><br>Pob: 968.0<br>Score Infra: <b style='color:#e2e8f0'>Alta</b>
AVENIDA,-0.3632977036090049,-0.31302253499403204,-0.37429281667902287,-0.7158385176150199,0.04236078866884495,-0.6586974704539651,0.7550941036651048,-0.48584923172746025,-0.5637449590746765,0.18853042945400297,-0.10873820472480336,-0.28378320797232354,-1.0337319105490443,-0.4032772507507106,3.286924956751673,1.2427822238419113,-0.4167327248757193,-0.2757577768833604,-0.35670771216610425,-0.6477192617689459,0.8528028654224415,-0.49430000374546906,-0.2968260885977624,0.2968260885977624,0.21319442763549334,-31.4281,-64.217,-0.30531566983991343,0.030195909390791347,0.032791923571315294,0.06989165789754204,-1.0276045539723284,-0.16537282318822347,1.0310544764877052,Cluster 4,Transición Urbana Mixta,Alta,<b>AVENIDA</b><hr>Tipología: <span style='color:#38bdf8'>Transición Urbana Mixta</span><br>Pob: 1121.0<br>Score Infra: <b style='color:#e2e8f0'>Alta</b>
AYACUCHO,0.2812159681991789,0.2826849900371895,-0.29044801637257506,-0.7317945295336629,0.23977804906893374,0.035111805461298766,0.3977986178312334,-0.48584923172746025,2.4874404070725267,0.7634318624804068,0.5766710166107856,-0.28378320797232354,1.682563641638338,0.9969627242773615,1.4200110202284506,-0.07320945374698774,-0.4167327248757193,-0.2757577768833604,0.2968501089805509,-0.07815092675874105,0.8528028654224415,-0.49430000374546906,-0.2968260885977624,0.2968260885977624,-0.01928626109897598,-31.3791,-64.171,0.010207077347908784,-0.08942260203732398,-0.016151041213873327,-0.40562525834206714,-0.6046351081736687,-0.4077374015246845,0.35011742918165384,Cluster 3,Transición Urbana Mixta,Alta,<b>AYACUCHO</b><hr>Tipología: <span style='color:#38bdf8'>Transición Urbana Mixta</span><br>Pob: 4356.0<br>Score Infra: <b style='color:#e2e8f0'>Alta</b>
BAJADA DE PIEDRA,-0.40951939506480045,-0.38287928077331657,-0.2066032160661273,1.1315130845212078,-0.5498909925314214,-0.6586974704539651,-0.31679235383650955,-0.48584923172746025,0.08347617919897267,-0.003103381554798346,-0.4302133262361858,-0.28378320797232354,0.32441586554464696,-0.6426697888542563,-0.44690291629477147,-0.7611141943048213,-0.4167327248757193,-0.2757577768833604,1.030184941159192,0.7482815593344975,-1.1726039399558572,-0.49430000374546906,-0.2968260885977624,0.2968260885977624,0.11332974379112544,-31.4148,-64.1451,-0.25070596359586733,-0.657236455742135,-0.676447338726591,-0.16963058700356673,-0.6046351081736687,1.1676323576623113,-1.6926937127365,Cluster 0,Vulnerabilidad y Periferia NBI,Alta,<b>BAJADA DE PIEDRA</b><hr>Tipología: <span style='color:#38bdf8'>Vulnerabilidad y Periferia NBI</span><br>Pob: 889.0<br>Score Infra: <b style='color:#e2e8f0'>Alta</b>
BAJADA SAN ROQUE,-0.4870204208247335,-0.39663060868262456,-0.38191507125233626,-0.6520144699404476,-0.35247373213133265,-0.31179283249633316,-0.31679235383650955,-0.48584923172746025,-0.6562051216851977,-0.19473719256359964,-0.5454591245138511,-0.28378320797232354,-1.0337319105490443,-1.2349599477828588,-0.44690291629477147,0.7343308938643821,-0.4167327248757193,-0.2757577768833604,0.18638963216703167,-0.6477192617689459,0.8528028654224415,-0.49430000374546906,-0.2968260885977624,0.2968260885977624,0.31144839077269393,-31.427,-64.205,-0.3720608663604143,0.6266746118374831,1.0148155175222626,1.501733766960282,-0.04067584710878904,-1.342572203679605,1.0310544764877052,Cluster 4,Transición Urbana Mixta,Alta,<b>BAJADA SAN ROQUE</b><hr>Tipología: <span style='color:#38bdf8'>Transición Urbana Mixta</span><br>Pob: 500.0<br>Score Infra: <b style='color:#e2e8f0'>Alta</b>
BAJO GALAN,-0.4252586779312136,-0.34107524392902033,-0.35904830753239597,-0.5651428494945022,-0.35247373213133265,-0.31179283249633316,-0.31679235383650955,-0.48584923172746025,1.655298943577835,2.488136161559619,-0.199721729680855,2.831525786212739,0.32441586554464696,-0.7386331769733503,-0.44690291629477147,0.15858453491923874,-0.4167327248757193,3.976094957602642,2.6410668946896796,0.8847794173979452,0.8528028654224415,-0.49430000374546906,3.368976105584603,0.2968260885977624,2.212098825230018,-31.3931,-64.2021,-0.2992479247016861,-0.41641147956364954,-0.20148071613894936,0.8075072898389535,-0.04067584710878904,-1.013648847365837,-1.0117566654304488,Cluster 1,Núcleo Consolidado (Alta Infraestructura),Muy Alta,<b>BAJO GALAN</b><hr>Tipología: <span style='color:#38bdf8'>Núcleo Consolidado (Alta Infraestructura)</span><br>Pob: 810.0<br>Score Infra: <b style='color:#e2e8f0'>Muy Alta</b>
BAJO GENERAL PAZ,-0.34297609788274996,-0.2739687637315974,-0.3514260529590825,-0.6254211167427093,0.23977804906893374,0.3820164434189307,0.040503131997361934,-0.48584923172746025,2.02513959401992,1.3383332955068108,-0.41201662124497546,-0.28378320797232354,0.32441586554464696,-0.31350504896188003,0.48655405196683954,1.6839385248518262,-0.4167327248757193,-0.2757577768833604,2.6410668946896796,0.3673284463756022,0.8528028654224415,-0.49430000374546906,-0.2968260885977624,0.2968260885977624,2.3758554304586856,-31.415,-64.1586,-0.31745116011636815,0.37477580308046315,0.48093839067083,1.1694363373625731,-0.04067584710878904,-0.6674137354566068,-1.0117566654304488,Cluster 1,Núcleo Consolidado (Alta Infraestructura),Muy Alta,<b>BAJO GENERAL PAZ</b><hr>Tipología: <span style='color:#38bdf8'>Núcleo Consolidado (Alta Infraestructura)</span><br>Pob: 1223.0<br>Score Infra: <b style='color:#e2e8f0'>Muy Alta</b>
BARRANCAS DEL SUR,-0.4870204208247335,-0.39663060868262456,-0.4047818349722766,-0.9179480019178317,-0.5498909925314214,-0.6586974704539651,-0.31679235383650955,-0.48584923172746025,-0.7486652842957191,-0.38637100357240095,-0.5454591245138511,-0.28378320797232354,-1.0337319105490443,-1.2349599477828588,-0.44690291629477147,-0.7611141943048213,-0.4167327248757193,-0.2757577768833604,-0.12044502564829934,-0.6477192617689459,-1.1726039399558572,-0.49430000374546906,-0.2968260885977624,0.2968260885977624,-0.6324339436272991,-31.463,-64.1844,-0.32958665039282287,-0.5355657587156226,-0.25817621162971727,-0.19573463136686872,-0.6046351081736687,-1.342572203679605,1.0310544764877052,Cluster 4,Transición Urbana Mixta,Baja,<b>BARRANCAS DEL SUR</b><hr>Tipología: <span style='color:#38bdf8'>Transición Urbana Mixta</span><br>Pob: 500.0<br>Score Infra: <b style='color:#e2e8f0'>Baja</b>
BELLA VISTA,0.33122305680006114,0.24363121877475485,0.4946442046787086,0.6156020324850828,0.4371953094690225,1.0758257193341945,-0.31679235383650955,-0.48584923172746025,-0.19390430863259123,0.18853042945400297,0.9648673897566059,-0.28378320797232354,-1.0337319105490443,1.0547471300264926,-0.44690291629477147,0.05390337874739457,-0.4167327248757193,-0.2757577768833604,-0.7417852077243446,-0.6477192617689459,0.8528028654224415,-0.49430000374546906,-0.2968260885977624,0.2968260885977624,-0.6286755953105757,-31.4311,-64.2018,-0.08687684486372885,0.39946379507049923,0.26361111364285233,-0.4465451116683243,2.2151611971507297,0.18086228872100588,0.35011742918165384,Cluster 3,Transición Urbana Mixta,Baja,<b>BELLA VISTA</b><hr>Tipología: <span style='color:#38bdf8'>Transición Urbana Mixta</span><br>Pob: 4607.0<br>Score Infra: <b style='color:#e2e8f0'>Baja</b>
BELLA VISTA OESTE,-0.2224410835260417,-0.2140129740470146,-0.19135870691950044,0.014592250216194898,-0.5498909925314214,-0.6586974704539651,-0.31679235383650955,-0.48584923172746025,-0.6562051216851977,-0.5780048145812022,-0.3574265062713445,-0.28378320797232354,0.32441586554464696,0.10130443516581598,-0.44690291629477147,-0.7611141943048213,-0.4167327248757193,-0.2757577768833604,-0.7049650487865049,0.031047359692017166,-1.1726039399558572,-0.49430000374546906,-0.2968260885977624,0.2968260885977624,-1.0109533098115968,-31.4326,-64.2076,-0.2992479247016861,0.7766913714935039,0.5398488949346207,-0.4380789351180642,-0.6046351081736687,0.2847328222937749,0.35011742918165384,Cluster 3,Transición Urbana Mixta,Muy Baja,<b>BELLA VISTA OESTE</b><hr>Tipología: <span style='color:#38bdf8'>Transición Urbana Mixta</span><br>Pob: 1828.0<br>Score Infra: <b style='color:#e2e8f0'>Muy Baja</b>
BETANIA,-0.18976712922108277,-0.24261573609837522,0.09066471229309661,1.4825453467313545,-0.5498909925314214,-0.6586974704539651,-0.31679235383650955,-0.48584923172746025,-0.10144414602206994,-0.38637100357240095,-0.45447559955779954,-0.28378320797232354,4.398859193825721,0.18901290817789204,-0.44690291629477147,-0.7611141943048213,-0.4167327248757193,-0.2757577768833604,-0.2707940079778116,1.8439870926983555,-1.1726039399558572,-0.49430000374546906,-0.2968260885977624,0.2968260885977624,-0.7296140929597217,-31.4568,-64.091,0.1558329606653652,-0.9343372990953909,-0.8828141413087496,-0.4867594502820598,-0.6046351081736687,1.5138674695715415,-1.6926937127365,Cluster 0,Vulnerabilidad y Periferia NBI,Baja,<b>BETANIA</b><hr>Tipología: <span style='color:#38bdf8'>Vulnerabilidad y Periferia NBI</span><br>Pob: 1992.0<br>Score Infra: <b style='color:#e2e8f0'>Baja</b>
BH_CAMINO A 60 CUADRAS,-0.2648773778367505,-0.2745188168479697,0.27359882205261904,2.8210774576841877,-0.5498909925314214,-0.6586974704539651,-0.31679235383650955,-0.48584923172746025,-1.0260457721272829,-0.7696386255900036,-0.5454591245138511,-0.28378320797232354,0.32441586554464696,-0.026646748992975713,-0.44690291629477147,-0.7611141943048213,-0.4167327248757193,-0.2757577768833604,-1.0409489990942924,0.12039141224263762,-1.1726039399558572,-0.49430000374546906,-0.2968260885977624,-3.3689761055846037,-1.228937512181561,-31.4989,-64.1435,-0.23250272818118525,-0.21654254917220114,-0.3452107804869365,-0.5223879432644044,-0.6046351081736687,0.9598912905167732,-1.6926937127365,Cluster 0,Vulnerabilidad y Periferia NBI,Muy Baja,<b>BH_CAMINO A 60 CUADRAS</b><hr>Tipología: <span style='color:#38bdf8'>Vulnerabilidad y Periferia NBI</span><br>Pob: 1615.0<br>Score Infra: <b style='color:#e2e8f0'>Muy Baja</b>
BIALET MASSE,-0.17004321778089415,-0.1815598401810478,-0.25233674350600793,-0.31871110986212636,-0.5498909925314214,-0.6586974704539651,-0.31679235383650955,1.9142459730061934,-0.19390430863259123,-0.38637100357240095,0.2915893050818238,-0.28378320797232354,0.32441586554464696,0.23957426320838193,-0.44690291629477147,-0.7611141943048213,2.201124171075367,-0.2757577768833604,-0.38125448479133073,-0.0545740240023273,-1.1726039399558572,2.0230629019273323,-0.2968260885977624,0.2968260885977624,0.05534379833310537,-31.4525,-64.1651,-0.27497694414877677,0.6181351288523088,0.3679292977536083,-0.1205973144833103,-0.6046351081736687,0.45785037824839,0.35011742918165384,Cluster 3,Transición Urbana Mixta,Alta,<b>BIALET MASSE</b><hr>Tipología: <span style='color:#38bdf8'>Transición Urbana Mixta</span><br>Pob: 2091.0<br>Score Infra: <b style='color:#e2e8f0'>Alta</b>
BOEDO,-0.05588360914222666,-0.19476111497398346,0.7690453693179922,3.8972218170860016,-0.5498909925314214,-0.6586974704539651,-0.31679235383650955,-0.48584923172746025,-0.47128479646415516,-0.5780048145812022,-0.3149675279585204,-0.28378320797232354,0.32441586554464696,0.4892854451957019,-0.44690291629477147,-0.7611141943048213,-0.4167327248757193,-0.2757577768833604,-0.695760009052045,-0.1823856547344648,-1.1726039399558572,-0.49430000374546906,-0.2968260885977624,0.2968260885977624,-1.0050473338853168,-31.432,-64.1082,-0.2689091990105494,1.0468924879271009,0.23861861317680078,-0.4553640455748452,-0.6046351081736687,2.466014027321923,-1.6926937127365,Cluster 0,Vulnerabilidad y Periferia NBI,Muy Baja,<b>BOEDO</b><hr>Tipología: <span style='color:#38bdf8'>Vulnerabilidad y Periferia NBI</span><br>Pob: 2664.0<br>Score Infra: <b style='color:#e2e8f0'>Muy Baja</b>
BRIGADIER SAN MARTIN,-0.4870204208247335,-0.39663060868262456,-0.4047818349722766,-0.9179480019178317,0.4371953094690225,1.0758257193341945,-0.31679235383650955,-0.48584923172746025,1.9326794314093987,-0.003103381554798346,-0.28463968630650316,-0.28378320797232354,3.0407114177320294,-1.2349599477828588,-0.44690291629477147,2.830571046205563,-0.4167327248757193,-0.2757577768833604,2.6410668946896796,6.7976184507827515,0.8528028654224415,-0.49430000374546906,-0.2968260885977624,0.2968260885977624,2.9471243746006617,-31.3411,-64.2395,-0.365993121222187,0.2946050806452233,0.651101256755997,4.050405665944834,2.2151611971507297,-1.342572203679605,-1.0117566654304488,Cluster 1,Núcleo Consolidado (Alta Infraestructura),Muy Alta,<b>BRIGADIER SAN MARTIN</b><hr>Tipología: <span style='color:#38bdf8'>Núcleo Consolidado (Alta Infraestructura)</span><br>Pob: 500.0<br>Score Infra: <b style='color:#e2e8f0'>Muy Alta</b>
CABANA DEL PILAR,-0.4870204208247335,-0.39663060868262456,-0.4047818349722766,-0.9179480019178317,-0.5498909925314214,-0.6586974704539651,-0.31679235383650955,-0.48584923172746025,0.08347617919897267,0.7634318624804068,0.1945402117953687,-0.28378320797232354,-1.0337319105490443,-1.2349599477828588,-0.44690291629477147,-0.7611141943048213,-0.4167327248757193,-0.2757577768833604,2.6410668946896796,-0.6477192617689459,-1.1726039399558572,-0.49430000374546906,-0.2968260885977624,0.2968260885977624,1.1570767620354865,-31.4423,-64.1677,-0.40239959205155107,-1.3657385904896708,-1.1674591357020647,-0.5223879432644044,-0.6046351081736687,-1.342572203679605,-1.0117566654304488,Cluster 1,Núcleo Consolidado (Alta Infraestructura),Muy Alta,<b>CABANA DEL PILAR</b><hr>Tipología: <span style='color:#38bdf8'>Núcleo Consolidado (Alta Infraestructura)</span><br>Pob: 500.0<br>Score Infra: <b style='color:#e2e8f0'>Muy Alta</b>
CABO FARINA,0.32464841965333163,0.20512750062869253,0.799534387611246,1.2467509483780743,-0.5498909925314214,-0.6586974704539651,-0.31679235383650955,1.9142459730061934,-0.28636447124311254,-0.003103381554798346,0.3401138517250513,-0.28378320797232354,-1.0337319105490443,1.0464922149194746,-0.44690291629477147,-0.7611141943048213,0.7826619617629581,-0.2757577768833604,-0.7724686735058778,-0.6477192617689459,-1.1726039399558572,2.0230629019273323,-0.2968260885977624,0.2968260885977624,-0.6625007301610873,-31.4655,-64.2075,0.046613548177272854,-0.13421205082563845,-0.21345049261188467,-0.4719436413191046,-0.6046351081736687,0.4405386226529281,-1.6926937127365,Cluster 0,Vulnerabilidad y Periferia NBI,Baja,<b>CABO FARINA</b><hr>Tipología: <span style='color:#38bdf8'>Vulnerabilidad y Periferia NBI</span><br>Pob: 4574.0<br>Score Infra: <b style='color:#e2e8f0'>Baja</b>
CACERES,-0.4123086350664433,-0.3702280590967532,-0.24471448893269448,0.5836900086477969,-0.15505647173124384,0.035111805461298766,-0.31679235383650955,-0.48584923172746025,-0.10144414602206994,-0.19473719256359964,-0.16332831969843434,2.831525786212739,-1.0337319105490443,-0.6591796190682939,-0.44690291629477147,0.9511704316489166,-0.4167327248757193,3.976094957602642,0.7126110703203243,-0.6477192617689459,0.8528028654224415,-0.49430000374546906,3.368976105584603,0.2968260885977624,1.3573430366266113,-31.4335,-64.1996,-0.32958665039282287,0.08706336701161299,-0.03994874630728455,0.893580084766598,0.5232834139560907,0.4405386226529281,-1.0117566654304488,Cluster 1,Núcleo Consolidado (Alta Infraestructura),Muy Alta,<b>CACERES</b><hr>Tipología: <span style='color:#38bdf8'>Núcleo Consolidado (Alta Infraestructura)</span><br>Pob: 875.0<br>Score Infra: <b style='color:#e2e8f0'>Muy Alta</b>
CALIFORNIA,-0.46709727795585615,-0.39663060868262456,-0.3133147800925154,0.14578612599170437,-0.35247373213133265,-0.31179283249633316,-0.31679235383650955,-0.48584923172746025,-0.28636447124311254,0.7634318624804068,-0.12086934138561026,-0.28378320797232354,-1.0337319105490443,-1.0471606290981799,-0.44690291629477147,0.48758245431646347,-0.4167327248757193,-0.2757577768833604,1.004103995244889,-0.6477192617689459,0.8528028654224415,-0.49430000374546906,-0.2968260885977624,0.2968260885977624,0.7184238227836126,-31.4512,-64.2049,-0.365993121222187,0.6266746118374831,0.651101256755997,1.6100302753323592,-0.04067584710878904,-0.47698442390653056,-1.0117566654304488,Cluster 1,Núcleo Consolidado (Alta Infraestructura),Muy Alta,<b>CALIFORNIA</b><hr>Tipología: <span style='color:#38bdf8'>Núcleo Consolidado (Alta Infraestructura)</span><br>Pob: 600.0<br>Score Infra: <b style='color:#e2e8f0'>Muy Alta</b>
CAMINO A SAN CARLOS,-0.3628992407516273,-0.3328244471834355,0.03730893027990258,2.3353055392721664,-0.5498909925314214,-0.6586974704539651,-0.31679235383650955,-0.48584923172746025,-1.0260457721272829,-0.7696386255900036,-0.5454591245138511,-0.28378320797232354,-1.0337319105490443,-0.40121352197395516,-0.44690291629477147,-0.7611141943048213,-0.4167327248757193,-0.2757577768833604,-1.0409489990942924,-0.6477192617689459,-1.1726039399558572,-0.49430000374546906,-0.2968260885977624,-3.3689761055846037,-1.228937512181561,-31.4984,-64.1602,8.61426968335429,-1.3506819239196848,-1.1558548902335444,-0.5223879432644044,-0.6046351081736687,0.4751621338438511,-1.6926937127365,Cluster 0,Vulnerabilidad y Periferia NBI,Muy Baja,<b>CAMINO A SAN CARLOS</b><hr>Tipología: <span style='color:#38bdf8'>Vulnerabilidad y Periferia NBI</span><br>Pob: 1123.0<br>Score Infra: <b style='color:#e2e8f0'>Muy Baja</b>
CAMINO A VILLA POSSE,-0.4870204208247335,-0.39663060868262456,-0.3666705621057094,-0.4747254486221917,-0.15505647173124384,0.035111805461298766,-0.31679235383650955,-0.48584923172746025,-0.6562051216851977,-0.5780048145812022,-0.5454591245138511,-0.28378320797232354,0.32441586554464696,-1.2349599477828588,-0.44690291629477147,2.2297759820335856,-0.4167327248757193,-0.2757577768833604,0.18638963216703167,1.8340599757482867,0.8528028654224415,-0.49430000374546906,-0.2968260885977624,0.2968260885977624,1.0566751712887297,-31.4454,-64.1016,0.3378653148121857,-1.284081527805495,-1.0780240647262986,-0.39927562592937205,0.5232834139560907,-1.342572203679605,-1.0117566654304488,Cluster 1,Núcleo Consolidado (Alta Infraestructura),Muy Alta,<b>CAMINO A VILLA POSSE</b><hr>Tipología: <span style='color:#38bdf8'>Núcleo Consolidado (Alta Infraestructura)</span><br>Pob: 500.0<br>Score Infra: <b style='color:#e2e8f0'>Muy Alta</b>
CAMPING GRL SAN MARTIN,-0.4870204208247335,-0.39663060868262456,-0.4047818349722766,-0.9179480019178317,-0.5498909925314214,-0.6586974704539651,-0.31679235383650955,-0.48584923172746025,-1.0260457721272829,-0.7696386255900036,-0.5454591245138511,-0.28378320797232354,0.32441586554464696,-1.2349599477828588,-0.44690291629477147,-0.7611141943048213,-0.4167327248757193,-0.2757577768833604,-1.0409489990942924,1.8340599757482867,-1.1726039399558572,-0.49430000374546906,-0.2968260885977624,-3.3689761055846037,-1.228937512181561,-31.3644,-64.2619,-0.40239959205155107,-1.3657385904896708,-1.1674591357020647,-0.5223879432644044,-0.6046351081736687,-1.342572203679605,1.0310544764877052,Cluster 4,Transición Urbana Mixta,Muy Baja,<b>CAMPING GRL SAN MARTIN</b><hr>Tipología: <span style='color:#38bdf8'>Transición Urbana Mixta</span><br>Pob: 500.0<br>Score Infra: <b style='color:#e2e8f0'>Muy Baja</b>
CARBO,-0.2989459521425309,-0.28937025099002234,-0.18373645234618702,0.3833534145581674,-0.5498909925314214,-0.6586974704539651,-0.31679235383650955,1.9142459730061934,1.9326794314093987,-0.19473719256359964,-0.45447559955779954,-0.28378320797232354,1.682563641638338,-0.1422155604912396,-0.44690291629477147,-0.7611141943048213,3.2290985212218493,-0.2757577768833604,2.358779009499575,1.0709128602117377,-1.1726039399558572,2.0230629019273323,-0.2968260885977624,0.2968260885977624,2.1675355523317252,-31.4815,-64.2062,-0.3113834149781408,0.5522918497550035,0.2692031924417397,0.9651898280875478,-0.6046351081736687,0.665591445393928,-1.0117566654304488,Cluster 1,Núcleo Consolidado (Alta Infraestructura),Muy Alta,<b>CARBO</b><hr>Tipología: <span style='color:#38bdf8'>Núcleo Consolidado (Alta Infraestructura)</span><br>Pob: 1444.0<br>Score Infra: <b style='color:#e2e8f0'>Muy Alta</b>
CAROLA LORENZINI,-0.4870204208247335,-0.39663060868262456,-0.38191507125233626,-0.6520144699404476,-0.5498909925314214,-0.6586974704539651,-0.31679235383650955,-0.48584923172746025,-0.37882463385363385,0.3801642404628043,-0.4848034412098168,-0.28378320797232354,0.32441586554464696,-1.2349599477828588,-0.44690291629477147,-0.7611141943048213,-0.4167327248757193,-0.2757577768833604,1.1068936056130247,1.8340599757482867,-1.1726039399558572,-0.49430000374546906,-0.2968260885977624,0.2968260885977624,0.16326208571330925,-31.4288,-64.2143,-0.35992537608395964,0.05741426614778253,0.39130691497627385,0.7842253043257383,-0.6046351081736687,-1.342572203679605,1.0310544764877052,Cluster 4,Transición Urbana Mixta,Alta,<b>CAROLA LORENZINI</b><hr>Tipología: <span style='color:#38bdf8'>Transición Urbana Mixta</span><br>Pob: 500.0<br>Score Infra: <b style='color:#e2e8f0'>Alta</b>
CARRARA,-0.4870204208247335,-0.39663060868262456,-0.3209370346658288,0.057141615332576376,-0.5498909925314214,-0.6586974704539651,-0.31679235383650955,1.9142459730061934,-0.10144414602206994,-0.38637100357240095,-0.49086900954022017,-0.28378320797232354,-1.0337319105490443,-1.2349599477828588,-0.44690291629477147,-0.7611141943048213,3.2290985212218493,-0.2757577768833604,2.0273975790590177,-0.6477192617689459,-1.1726039399558572,2.0230629019273323,-0.2968260885977624,0.2968260885977624,1.952772791376095,-31.454,-64.2571,-0.32351890525459553,-0.5994265866766125,-0.32812356995219005,1.0854800865724936,-0.6046351081736687,-1.342572203679605,-1.0117566654304488,Cluster 1,Núcleo Consolidado (Alta Infraestructura),Muy Alta,<b>CARRARA</b><hr>Tipología: <span style='color:#38bdf8'>Núcleo Consolidado (Alta Infraestructura)</span><br>Pob: 500.0<br>Score Infra: <b style='color:#e2e8f0'>Muy Alta</b>
CASEROS,-0.28838668642202586,-0.16615835292262285,-0.35904830753239597,-0.7459776512391234,-0.35247373213133265,-0.31179283249633316,-0.31679235383650955,-0.48584923172746025,-0.10144414602206994,-0.003103381554798346,-0.5333279878530442,-0.28378320797232354,-1.0337319105490443,-0.10506844250965432,-0.44690291629477147,-0.2601400897681382,-0.4167327248757193,-0.2757577768833604,-0.016121241991086842,-0.6477192617689459,0.8528028654224415,-0.49430000374546906,-0.2968260885977624,0.2968260885977624,-0.3151219643153561,-31.4142,-64.2083,-0.31745116011636815,0.7647209529739224,1.2447345192993449,-0.09343499805122582,-0.04067584710878904,-1.481066248443297,0.35011742918165384,Cluster 3,Transición Urbana Mixta,Media,<b>CASEROS</b><hr>Tipología: <span style='color:#38bdf8'>Transición Urbana Mixta</span><br>Pob: 1497.0<br>Score Infra: <b style='color:#e2e8f0'>Media</b>
CENTRO,5.0316901538543055,7.426774865480869,3.9246587626697536,-0.219429257923903,7.346799423472129,5.932490650741042,7.186412848674791,-0.48584923172746025,10.069173741135273,11.49492527897328,8.061582336328634,2.831525786212739,1.682563641638338,2.9234535373778825,1.5133567170546118,0.300651818295313,-0.4167327248757193,0.6791016758404771,-0.3873911779476374,-0.5596160988370842,0.8528028654224415,-0.49430000374546906,3.368976105584603,0.2968260885977624,-0.14223794174607407,-31.4178,-64.1835,1.4907368910753824,0.43509611278091775,1.3545738582827582,-0.49945871510744994,-0.6553914416695078,-2.2774070058345255,0.35011742918165384,Cluster 3,Transición Urbana Mixta,Media,<b>CENTRO</b><hr>Tipología: <span style='color:#38bdf8'>Transición Urbana Mixta</span><br>Pob: 28200.0<br>Score Infra: <b style='color:#e2e8f0'>Media</b>
CENTRO AMERICA,0.5149144340511107,0.40534683498821666,-0.13038067033299297,-0.5332308256572161,0.4371953094690225,1.0758257193341945,-0.31679235383650955,-0.48584923172746025,0.4533168296410579,-0.38637100357240095,1.4561784245192846,-0.28378320797232354,0.32441586554464696,1.2425464487111715,-0.44690291629477147,-0.08816390462867979,-0.4167327248757193,-0.2757577768833604,-0.597572918551139,-0.42311824077363636,0.8528028654224415,-0.49430000374546906,-0.2968260885977624,0.2968260885977624,-0.6061255054102345,-31.3711,-64.1696,0.0041393322096814275,0.27844860198755234,0.1826214455750646,-0.4613609206312794,2.2151611971507297,0.09430351074369873,0.35011742918165384,Cluster 3,Transición Urbana Mixta,Baja,<b>CENTRO AMERICA</b><hr>Tipología: <span style='color:#38bdf8'>Transición Urbana Mixta</span><br>Pob: 5529.0<br>Score Infra: <b style='color:#e2e8f0'>Baja</b>
CERRO CHICO,-0.044925880564344094,0.053862893626304774,-0.35904830753239597,-0.8133474793400607,-0.5498909925314214,-0.6586974704539651,-0.31679235383650955,-0.48584923172746025,1.2854582931357497,0.3801642404628043,0.05503214019608956,-0.28378320797232354,-1.0337319105490443,0.5099227329632494,-0.44690291629477147,-0.7611141943048213,-0.4167327248757193,-0.2757577768833604,0.36895625356715356,-0.6477192617689459,-1.1726039399558572,-0.49430000374546906,-0.2968260885977624,0.2968260885977624,-0.3151219643153561,-31.3661,-64.2219,-0.0019284129285459283,-0.5449241235269533,-0.3251338536772727,-0.43137654534910824,-0.6046351081736687,-1.04827235855676,0.35011742918165384,Cluster 3,Transición Urbana Mixta,Media,<b>CERRO CHICO</b><hr>Tipología: <span style='color:#38bdf8'>Transición Urbana Mixta</span><br>Pob: 2719.0<br>Score Infra: <b style='color:#e2e8f0'>Media</b>
CERRO DE LAS ROSAS,0.5981931712430183,0.5626620262706999,-0.38191507125233626,-0.8913546487200932,3.2010369550702658,1.0758257193341945,4.685344447837691,-0.48584923172746025,-0.008983983411548631,1.1466994844980094,1.322735921250409,2.831525786212739,0.32441586554464696,1.317872549062719,2.3049282261404582,1.6241207213250581,-0.4167327248757193,3.976094957602642,-0.7571269406151111,-0.4392498058174984,0.8528028654224415,-0.49430000374546906,3.368976105584603,0.2968260885977624,0.7399000988791756,-31.3721,-64.2338,0.9810462994642848,-0.8460514776870723,-0.7022909263074001,-0.4655940089064095,-0.9430106648125967,-0.3731138903337615,0.35011742918165384,Cluster 3,Transición Urbana Mixta,Muy Alta,<b>CERRO DE LAS ROSAS</b><hr>Tipología: <span style='color:#38bdf8'>Transición Urbana Mixta</span><br>Pob: 5947.0<br>Score Infra: <b style='color:#e2e8f0'>Muy Alta</b>
CERRO NORTE,0.48403356260435076,0.29038573366640197,0.44128842266551455,0.4400859013800094,-0.15505647173124384,0.035111805461298766,-0.31679235383650955,-0.48584923172746025,0.5457769922515792,-0.38637100357240095,0.10962225516972053,-0.28378320797232354,-1.0337319105490443,1.213654245836605,-0.44690291629477147,-0.4844568529935187,-0.4167327248757193,-0.2757577768833604,-0.5561502397460694,-0.6477192617689459,0.8528028654224415,-0.49430000374546906,-0.2968260885977624,0.2968260885977624,-0.7768619003699603,-31.321,-64.2769,0.16190070580359256,-0.21442461393812737,-0.3174304241513909,-0.49028702384466816,0.5232834139560907,0.7521502233712352,0.35011742918165384,Cluster 3,Transición Urbana Mixta,Baja,<b>CERRO NORTE</b><hr>Tipología: <span style='color:#38bdf8'>Transición Urbana Mixta</span><br>Pob: 5374.0<br>Score Infra: <b style='color:#e2e8f0'>Baja</b>
CERVECEROS,0.18897181671627655,0.0951168773542287,-0.2752035072259482,-0.6431500188745349,0.4371953094690225,1.0758257193341945,-0.31679235383650955,1.9142459730061934,-0.008983983411548631,-0.38637100357240095,-0.13300047804641713,-0.28378320797232354,0.32441586554464696,0.8803620483907191,-0.44690291629477147,0.19597066212346886,0.9907761083030026,-0.2757577768833604,-0.606777958285599,-0.32881062974798153,0.8528028654224415,2.0230629019273323,-0.2968260885977624,0.2968260885977624,-0.010158843758361673,-31.4646,-64.159,-0.1657575316606844,0.6230982301393057,0.36293188879772464,-0.3170831619205969,2.2151611971507297,0.492473889439313,0.35011742918165384,Cluster 3,Transición Urbana Mixta,Alta,<b>CERVECEROS</b><hr>Tipología: <span style='color:#38bdf8'>Transición Urbana Mixta</span><br>Pob: 3893.0<br>Score Infra: <b style='color:#e2e8f0'>Alta</b>
CHATEAU CARRERAS,-0.26308429497855157,-0.22391393014171637,-0.38191507125233626,-0.8151203695532432,1.6216988718695553,0.7289210813765625,2.1842760470005906,-0.48584923172746025,0.3608566670305366,-0.003103381554798346,0.13995009682173773,2.831525786212739,-1.0337319105490443,-0.021487427051089046,1.9278116109627672,2.830571046205563,-0.4167327248757193,3.976094957602642,0.37662712001253695,-0.6477192617689459,0.8528028654224415,-0.49430000374546906,3.368976105584603,0.2968260885977624,2.076261378925582,-31.3817,-64.2552,0.1983071766329566,-1.0389031287799244,-0.88420534140018,-0.30297286767016335,-0.8189396273783229,-0.19999633437914646,-1.0117566654304488,Cluster 1,Núcleo Consolidado (Alta Infraestructura),Muy Alta,<b>CHATEAU CARRERAS</b><hr>Tipología: <span style='color:#38bdf8'>Núcleo Consolidado (Alta Infraestructura)</span><br>Pob: 1624.0<br>Score Infra: <b style='color:#e2e8f0'>Muy Alta</b>
CIRCUNVALACION,-0.4870204208247335,-0.39663060868262456,-0.4047818349722766,-0.9179480019178317,-0.5498909925314214,-0.6586974704539651,-0.31679235383650955,-0.48584923172746025,0.3608566670305366,2.6797699725684203,-0.5454591245138511,-0.28378320797232354,0.32441586554464696,-1.2349599477828588,-0.44690291629477147,-0.7611141943048213,-0.4167327248757193,-0.2757577768833604,2.6410668946896796,1.8340599757482867,-1.1726039399558572,-0.49430000374546906,-0.2968260885977624,0.2968260885977624,1.1570767620354865,-31.4145,-64.2034,-0.40239959205155107,-1.3657385904896708,-1.1674591357020647,-0.5223879432644044,-0.6046351081736687,-1.342572203679605,-1.0117566654304488,Cluster 1,Núcleo Consolidado (Alta Infraestructura),Muy Alta,<b>CIRCUNVALACION</b><hr>Tipología: <span style='color:#38bdf8'>Núcleo Consolidado (Alta Infraestructura)</span><br>Pob: 500.0<br>Score Infra: <b style='color:#e2e8f0'>Muy Alta</b>
CIUDAD AMPLIACION CABILDO,-0.0700290405791296,-0.18926058381026026,0.3040878403458728,1.9399510217324554,-0.15505647173124384,0.035111805461298766,-0.31679235383650955,-0.48584923172746025,-0.5637449590746765,-0.38637100357240095,-0.5454591245138511,2.831525786212739,3.0407114177320294,0.46142510670951314,-0.44690291629477147,-0.18536783535967802,-0.4167327248757193,3.976094957602642,-0.744853554302498,0.7879900271347732,0.8528028654224415,-0.49430000374546906,3.368976105584603,0.2968260885977624,-0.1535129866962446,-31.4849,-64.2275,-0.21429949276650323,0.3008194174232818,-0.15199763837708768,-0.29450669111990324,0.5232834139560907,2.1024671598172318,-1.6926937127365,Cluster 0,Vulnerabilidad y Periferia NBI,Media,<b>CIUDAD AMPLIACION CABILDO</b><hr>Tipología: <span style='color:#38bdf8'>Vulnerabilidad y Periferia NBI</span><br>Pob: 2593.0<br>Score Infra: <b style='color:#e2e8f0'>Media</b>
CIUDAD AMPLIACION FERREYRA,-0.4870204208247335,-0.39663060868262456,-0.4047818349722766,-0.9179480019178317,0.23977804906893374,0.7289210813765625,-0.31679235383650955,-0.48584923172746025,-1.0260457721272829,-0.7696386255900036,-0.5454591245138511,-0.28378320797232354,0.32441586554464696,-1.2349599477828588,-0.44690291629477147,2.830571046205563,-0.4167327248757193,-0.2757577768833604,-1.0409489990942924,1.8340599757482867,0.8528028654224415,-0.49430000374546906,-0.2968260885977624,-3.3689761055846037,0.5605731934812245,-31.4735,-64.1192,-0.29318017956345876,-0.8122900359736387,-0.5612723382160442,0.13091868053066696,1.65120193608585,-1.342572203679605,1.0310544764877052,Cluster 4,Transición Urbana Mixta,Alta,<b>CIUDAD AMPLIACION FERREYRA</b><hr>Tipología: <span style='color:#38bdf8'>Transición Urbana Mixta</span><br>Pob: 500.0<br>Score Infra: <b style='color:#e2e8f0'>Alta</b>
CIUDAD DE JUAN PABLO II,-0.16326934920547584,-0.20301191171956823,-0.06178037917317206,0.5269575218259549,0.23977804906893374,0.7289210813765625,-0.31679235383650955,-0.48584923172746025,-0.8411254469062404,-0.5780048145812022,-0.5272624195226409,-0.28378320797232354,0.32441586554464696,0.2560840934224196,-0.44690291629477147,0.6446041885742297,-0.4167327248757193,-0.2757577768833604,-0.8967367099210868,-0.06326025133363765,0.8528028654224415,-0.49430000374546906,-0.2968260885977624,0.2968260885977624,-0.4348522035481197,-31.3635,-64.1578,-0.2385704733194126,0.20236431903028534,-0.05207673769257876,-0.32907691203346534,1.65120193608585,0.9945148017076962,0.35011742918165384,Cluster 3,Transición Urbana Mixta,Media,<b>CIUDAD DE JUAN PABLO II</b><hr>Tipología: <span style='color:#38bdf8'>Transición Urbana Mixta</span><br>Pob: 2125.0<br>Score Infra: <b style='color:#e2e8f0'>Media</b>
CIUDAD DE LAS ARTES,-0.4870204208247335,-0.39663060868262456,-0.4047818349722766,-0.9179480019178317,-0.5498909925314214,-0.6586974704539651,-0.31679235383650955,-0.48584923172746025,-0.19390430863259123,0.18853042945400297,-0.5454591245138511,-0.28378320797232354,-1.0337319105490443,-1.2349599477828588,-0.44690291629477147,-0.7611141943048213,-0.4167327248757193,-0.2757577768833604,1.7205629212436866,-0.6477192617689459,-1.1726039399558572,-0.49430000374546906,-0.2968260885977624,0.2968260885977624,0.5605731934812245,-31.4373,-64.1749,-0.40239959205155107,-1.3657385904896708,-1.1674591357020647,-0.5223879432644044,-0.6046351081736687,-1.342572203679605,1.0310544764877052,Cluster 4,Transición Urbana Mixta,Alta,<b>CIUDAD DE LAS ARTES</b><hr>Tipología: <span style='color:#38bdf8'>Transición Urbana Mixta</span><br>Pob: 500.0<br>Score Infra: <b style='color:#e2e8f0'>Alta</b>
CIUDAD DE LOS CUARTETOS,-0.14753006633906268,-0.23766525805102434,0.11353147601303691,1.5481422846191095,-0.15505647173124384,0.035111805461298766,-0.31679235383650955,-0.48584923172746025,-0.47128479646415516,-0.5780048145812022,-0.5454591245138511,2.831525786212739,1.682563641638338,0.2932312114040049,-0.44690291629477147,-0.08068667918783377,-0.4167327248757193,3.976094957602642,-0.6236538644654422,0.4777676224451191,0.8528028654224415,-0.49430000374546906,3.368976105584603,0.2968260885977624,-0.023044609415699534,-31.3567,-64.1304,-0.22036723790473056,0.09802163962441234,-0.27818221451315134,-0.25817268342503696,0.5232834139560907,2.137090671008154,-1.6926937127365,Cluster 0,Vulnerabilidad y Periferia NBI,Alta,<b>CIUDAD DE LOS CUARTETOS</b><hr>Tipología: <span style='color:#38bdf8'>Vulnerabilidad y Periferia NBI</span><br>Pob: 2204.0<br>Score Infra: <b style='color:#e2e8f0'>Alta</b>
CIUDAD DE MIS SUENOS,-0.1588862577743228,-0.2255640894908333,0.24310980375936528,2.0303684226047656,0.6346125698691113,1.4227303572918264,-0.31679235383650955,-0.48584923172746025,-0.28636447124311254,-0.5780048145812022,-0.5454591245138511,2.831525786212739,-1.0337319105490443,0.26640273730619296,-0.44690291629477147,1.3250317036912174,-0.4167327248757193,3.976094957602642,-0.46870236226870005,-0.6477192617689459,0.8528028654224415,-0.49430000374546906,3.368976105584603,0.2968260885977624,0.7780204889487999,-31.4778,-64.0864,-0.22036723790473056,0.06016578878019641,-0.2381756644329164,-0.08285227736340069,2.7791204582156093,1.6004262475488487,-1.6926937127365,Cluster 0,Vulnerabilidad y Periferia NBI,Muy Alta,<b>CIUDAD DE MIS SUENOS</b><hr>Tipología: <span style='color:#38bdf8'>Vulnerabilidad y Periferia NBI</span><br>Pob: 2147.0<br>Score Infra: <b style='color:#e2e8f0'>Muy Alta</b>
CIUDAD EVITA,-0.05628207199960421,-0.1557073437115488,0.3193323494924996,1.7218855255110004,0.04236078866884495,0.3820164434189307,-0.31679235383650955,-0.48584923172746025,-0.37882463385363385,-0.38637100357240095,-0.5454591245138511,2.831525786212739,0.32441586554464696,0.4882535808073242,-0.44690291629477147,0.0838122805107785,-0.4167327248757193,3.976094957602642,-0.6374614240671321,-0.1811447651157062,0.8528028654224415,-0.49430000374546906,3.368976105584603,0.2968260885977624,0.049974729309214615,-31.4484,-64.1088,-0.15968978652245705,-0.03978760434094994,-0.2972771177288642,-0.312497316289206,1.0872426750209703,1.5484909807624636,-1.6926937127365,Cluster 0,Vulnerabilidad y Periferia NBI,Alta,<b>CIUDAD EVITA</b><hr>Tipología: <span style='color:#38bdf8'>Vulnerabilidad y Periferia NBI</span><br>Pob: 2662.0<br>Score Infra: <b style='color:#e2e8f0'>Alta</b>
CIUDAD MI ESPERANZA,-0.2893828435654697,-0.314672694343149,-0.023669106306604897,1.622603673572777,-0.35247373213133265,-0.31179283249633316,-0.31679235383650955,-0.48584923172746025,-0.6562051216851977,-0.5780048145812022,-0.5454591245138511,-0.28378320797232354,0.32441586554464696,-0.1081640356747865,-0.44690291629477147,-0.2601400897681382,-0.4167327248757193,-0.2757577768833604,-0.6297905576217487,0.18367678279932703,0.8528028654224415,-0.49430000374546906,-0.2968260885977624,0.2968260885977624,-0.7129699789856603,-31.4039,-64.0648,-0.28711243442523143,0.19882977800935703,-0.16533679219492142,-0.34389272099642054,-0.04067584710878904,1.7389202923125406,-1.6926937127365,Cluster 0,Vulnerabilidad y Periferia NBI,Baja,<b>CIUDAD MI ESPERANZA</b><hr>Tipología: <span style='color:#38bdf8'>Vulnerabilidad y Periferia NBI</span><br>Pob: 1492.0<br>Score Infra: <b style='color:#e2e8f0'>Baja</b>
CIUDAD OBISPO ANGELELLI,-0.2224410835260417,-0.2849698260590438,0.21262078546611154,2.6455613265791142,0.4371953094690225,1.0758257193341945,-0.31679235383650955,-0.48584923172746025,0.9156176426936644,-0.38637100357240095,-0.5454591245138511,-0.28378320797232354,0.32441586554464696,0.10130443516581598,-0.44690291629477147,1.2876455764869874,-0.4167327248757193,-0.2757577768833604,0.7218161100547843,0.031047359692017166,0.8528028654224415,-0.49430000374546906,-0.2968260885977624,0.2968260885977624,0.9342603975440203,-31.5051,-64.1938,-0.25677370873409466,0.1518167960872455,-0.25135660333839127,0.06989165789754204,2.2151611971507297,2.189025937794539,-1.6926937127365,Cluster 0,Vulnerabilidad y Periferia NBI,Muy Alta,<b>CIUDAD OBISPO ANGELELLI</b><hr>Tipología: <span style='color:#38bdf8'>Vulnerabilidad y Periferia NBI</span><br>Pob: 1828.0<br>Score Infra: <b style='color:#e2e8f0'>Muy Alta</b>
CIUDAD PARQUE LAS ROSAS,-0.31070060643516856,-0.3278739691360847,-0.2066032160661273,0.5003641686282164,-0.5498909925314214,-0.6586974704539651,-0.31679235383650955,-0.48584923172746025,-0.5637449590746765,-0.38637100357240095,-0.5454591245138511,2.831525786212739,0.32441586554464696,-0.18555386480308833,-0.44690291629477147,-0.7611141943048213,-0.4167327248757193,3.976094957602642,-0.4871124417376199,0.24820304297477502,-1.1726039399558572,-0.49430000374546906,3.368976105584603,0.2968260885977624,-0.2732432259290083,-31.4488,-64.2411,-0.27497694414877677,-0.051694265638057055,-0.3231261609963064,-0.22324970515521406,-0.6046351081736687,1.7042967811216168,0.35011742918165384,Cluster 3,Transición Urbana Mixta,Media,<b>CIUDAD PARQUE LAS ROSAS</b><hr>Tipología: <span style='color:#38bdf8'>Transición Urbana Mixta</span><br>Pob: 1385.0<br>Score Infra: <b style='color:#e2e8f0'>Media</b>
CIUDAD UNIVERSITARIA,-0.4870204208247335,-0.39663060868262456,-0.4047818349722766,-0.9179480019178317,1.4242816114694665,2.1165396332070903,0.3977986178312334,-0.48584923172746025,6.093386748882857,3.254671405594824,-0.29677082296731006,-0.28378320797232354,-1.0337319105490443,-1.2349599477828588,0.2998626583145174,2.830571046205563,-0.4167327248757193,-0.2757577768833604,2.6410668946896796,-0.6477192617689459,0.8528028654224415,-0.49430000374546906,-0.2968260885977624,0.2968260885977624,2.9471243746006617,-31.4382,-64.1885,-0.40239959205155107,-1.3657385904896708,-1.1674591357020647,-0.5223879432644044,0.5232834139560907,-1.342572203679605,-1.0117566654304488,Cluster 1,Núcleo Consolidado (Alta Infraestructura),Muy Alta,<b>CIUDAD UNIVERSITARIA</b><hr>Tipología: <span style='color:#38bdf8'>Núcleo Consolidado (Alta Infraestructura)</span><br>Pob: 500.0<br>Score Infra: <b style='color:#e2e8f0'>Muy Alta</b>
CIUDAD VILLA RETIRO,-0.3073136721474594,-0.3328244471834355,0.02968667570658914,2.2803459426635064,-0.15505647173124384,0.035111805461298766,-0.31679235383650955,-0.48584923172746025,-0.47128479646415516,-0.38637100357240095,-0.5454591245138511,-0.28378320797232354,-1.0337319105490443,-0.17317149214255959,-0.44690291629477147,0.30812904373615907,-0.4167327248757193,-0.2757577768833604,-0.384322831369484,-0.6477192617689459,0.8528028654224415,-0.49430000374546906,-0.2968260885977624,0.2968260885977624,-0.27055869141706296,-31.3475,-64.1404,-0.33565439553105025,1.1736816944703916,0.3998123304372157,0.05013724594693511,0.5232834139560907,2.0159083818399246,-1.6926937127365,Cluster 0,Vulnerabilidad y Periferia NBI,Media,<b>CIUDAD VILLA RETIRO</b><hr>Tipología: <span style='color:#38bdf8'>Vulnerabilidad y Periferia NBI</span><br>Pob: 1402.0<br>Score Infra: <b style='color:#e2e8f0'>Media</b>
CIUDADELA,-0.29934441499990844,-0.24866632037847072,-0.32855928923914224,-0.5403223865099464,-0.5498909925314214,-0.6586974704539651,-0.31679235383650955,-0.48584923172746025,-0.6562051216851977,-0.19473719256359964,0.12781896016093086,-0.28378320797232354,-1.0337319105490443,-0.14427928926799408,-0.44690291629477147,-0.7611141943048213,-0.4167327248757193,-0.2757577768833604,-0.6159829980200588,-0.6477192617689459,-1.1726039399558572,-0.49430000374546906,-0.2968260885977624,0.2968260885977624,-0.9535042712559657,-31.446,-64.2018,-0.2689091990105494,-0.05980139495832616,-0.004404947892893274,-0.4401954792556292,-0.6046351081736687,-0.3558021347383004,1.0310544764877052,Cluster 4,Transición Urbana Mixta,Muy Baja,<b>CIUDADELA</b><hr>Tipología: <span style='color:#38bdf8'>Transición Urbana Mixta</span><br>Pob: 1442.0<br>Score Infra: <b style='color:#e2e8f0'>Muy Baja</b>
CLAROS DEL BOSQUE,-0.4870204208247335,-0.39663060868262456,-0.3666705621057094,-0.4747254486221917,-0.5498909925314214,-0.6586974704539651,-0.31679235383650955,-0.48584923172746025,-0.6562051216851977,-0.19473719256359964,-0.515131282861834,-0.28378320797232354,-1.0337319105490443,-1.2349599477828588,-0.44690291629477147,-0.7611141943048213,-0.4167327248757193,-0.2757577768833604,0.18638963216703167,-0.6477192617689459,-1.1726039399558572,-0.49430000374546906,-0.2968260885977624,0.2968260885977624,-0.4337783897433415,-31.457,-64.1501,-0.33565439553105025,-0.46009713143787473,-0.17551710345221283,-0.04757654173731689,-0.6046351081736687,-1.342572203679605,1.0310544764877052,Cluster 4,Transición Urbana Mixta,Media,<b>CLAROS DEL BOSQUE</b><hr>Tipología: <span style='color:#38bdf8'>Transición Urbana Mixta</span><br>Pob: 500.0<br>Score Infra: <b style='color:#e2e8f0'>Media</b>
COFICO,-0.4870204208247335,-0.39663060868262456,-0.39715958039896315,-0.8293034912587037,0.23977804906893374,0.7289210813765625,-0.31679235383650955,-0.48584923172746025,2.302520081851484,3.4463052166036254,-0.5333279878530442,-0.28378320797232354,0.32441586554464696,-1.2349599477828588,-0.44690291629477147,2.830571046205563,-0.4167327248757193,-0.2757577768833604,2.6410668946896796,1.8340599757482867,0.8528028654224415,-0.49430000374546906,-0.2968260885977624,0.2968260885977624,2.9471243746006617,-31.4032,-64.1853,-0.35992537608395964,0.05741426614778253,0.39130691497627385,3.397099042149763,1.65120193608585,-1.342572203679605,-1.0117566654304488,Cluster 1,Núcleo Consolidado (Alta Infraestructura),Muy Alta,<b>COFICO</b><hr>Tipología: <span style='color:#38bdf8'>Núcleo Consolidado (Alta Infraestructura)</span><br>Pob: 500.0<br>Score Infra: <b style='color:#e2e8f0'>Muy Alta</b>
COLINAS DE BELLA VISTA,-0.42386405793039217,-0.37352837779498715,-0.30569252551920195,0.03409404256120312,-0.35247373213133265,-0.31179283249633316,-0.31679235383650955,1.9142459730061934,-0.47128479646415516,-0.38637100357240095,-0.4180821895753789,-0.28378320797232354,-1.0337319105490443,-0.7293463974779546,-0.44690291629477147,0.1511073094783927,3.2290985212218493,-0.2757577768833604,0.08513419508797242,-0.6477192617689459,0.8528028654224415,2.0230629019273323,-0.2968260885977624,0.2968260885977624,1.1484862515972614,-31.4365,-64.2085,-0.3417221406692776,0.2620629958116139,0.1528170294986533,1.0396216302585846,-0.04067584710878904,0.18086228872100588,-1.0117566654304488,Cluster 1,Núcleo Consolidado (Alta Infraestructura),Muy Alta,<b>COLINAS DE BELLA VISTA</b><hr>Tipología: <span style='color:#38bdf8'>Núcleo Consolidado (Alta Infraestructura)</span><br>Pob: 817.0<br>Score Infra: <b style='color:#e2e8f0'>Muy Alta</b>
COLINAS DE VELEZ SARSFIELD,-0.25949812926215365,-0.187060371344771,-0.37429281667902287,-0.7956185772082351,0.23977804906893374,-0.31179283249633316,0.7550941036651048,-0.48584923172746025,0.6382371548621005,0.9550656734892082,1.37732603622404,-0.28378320797232354,0.32441586554464696,-0.010136918778938015,2.353467988490062,1.0633288132616068,-0.4167327248757193,-0.2757577768833604,0.6405049257337218,0.1079825160550514,0.8528028654224415,-0.49430000374546906,-0.2968260885977624,0.2968260885977624,0.7699668854129638,-31.4381,-64.1991,-0.22643498304295792,-0.2376202884396201,-0.07443959720149507,-0.06944749782548884,-0.8866147387061086,-0.7712842690293757,1.0310544764877052,Cluster 4,Transición Urbana Mixta,Muy Alta,<b>COLINAS DE VELEZ SARSFIELD</b><hr>Tipología: <span style='color:#38bdf8'>Transición Urbana Mixta</span><br>Pob: 1642.0<br>Score Infra: <b style='color:#e2e8f0'>Muy Alta</b>
COLINAS DEL CERRO,-0.13557618061773624,-0.13590543152214532,-0.19898096149281388,-0.20701902643162512,0.23977804906893374,0.7289210813765625,-0.31679235383650955,-0.48584923172746025,-0.008983983411548631,-0.19473719256359964,1.2742113746071815,-0.28378320797232354,-1.0337319105490443,0.32109154989019273,-0.44690291629477147,0.5623547087249237,-0.4167327248757193,-0.2757577768833604,-0.295340780603038,-0.6477192617689459,0.8528028654224415,-0.49430000374546906,-0.2968260885977624,0.2968260885977624,-0.08639962389761036,-31.3795,-64.2426,-0.1293510608313203,-0.3633335918536542,-0.3503173031754815,-0.3555337137530282,1.65120193608585,0.14623877753008288,0.35011742918165384,Cluster 3,Transición Urbana Mixta,Media,<b>COLINAS DEL CERRO</b><hr>Tipología: <span style='color:#38bdf8'>Transición Urbana Mixta</span><br>Pob: 2264.0<br>Score Infra: <b style='color:#e2e8f0'>Media</b>
COLON,0.18279564242692456,0.18587564155566136,-0.17611419777287357,-0.4960001311803824,1.6216988718695553,1.0758257193341945,1.8269805611667191,-0.48584923172746025,0.08347617919897267,-0.003103381554798346,1.1589655763295161,-0.28378320797232354,0.32441586554464696,0.872107133283701,1.5880332745155408,1.3698950563362935,-0.4167327248757193,-0.2757577768833604,-0.5638211061914526,-0.32632885051046434,0.8528028654224415,-0.49430000374546906,-0.2968260885977624,0.2968260885977624,0.14232271652013556,-31.4366,-64.1545,-0.11114782541663827,0.2373232010783176,0.26352382265672347,-0.33472102973363876,-0.683589404722752,-0.3558021347383004,0.35011742918165384,Cluster 3,Transición Urbana Mixta,Alta,<b>COLON</b><hr>Tipología: <span style='color:#38bdf8'>Transición Urbana Mixta</span><br>Pob: 3862.0<br>Score Infra: <b style='color:#e2e8f0'>Alta</b>
COLONIA LOLA,1.2897254602217527,0.7958845476125632,1.820916500435246,1.268025630936265,-0.35247373213133265,-0.31179283249633316,-0.31679235383650955,1.9142459730061934,-1.0260457721272829,-0.7696386255900036,-0.47873787287941333,-0.28378320797232354,0.32441586554464696,1.7914983033279246,-0.44690291629477147,-0.6788647144555152,0.163796210209668,-0.2757577768833604,-1.0409489990942924,-0.5161849621805326,0.8528028654224415,2.0230629019273323,-0.2968260885977624,-3.3689761055846037,-0.998067544154259,-31.4137,-64.1166,0.4046105113326866,0.04512904634223333,-0.19610140911875132,-0.5110997078640576,-0.04067584710878904,1.2195676244486955,-1.6926937127365,Cluster 0,Vulnerabilidad y Periferia NBI,Muy Baja,<b>COLONIA LOLA</b><hr>Tipología: <span style='color:#38bdf8'>Vulnerabilidad y Periferia NBI</span><br>Pob: 9418.0<br>Score Infra: <b style='color:#e2e8f0'>Muy Baja</b>
COMANDANTE ESPORA,-0.2744404864138117,-0.23161467377092884,-0.32855928923914224,-0.5633699592813196,-0.5498909925314214,-0.6586974704539651,-0.31679235383650955,-0.48584923172746025,-0.10144414602206994,-0.19473719256359964,-0.42414775790578235,-0.28378320797232354,0.32441586554464696,-0.057602680644296626,-0.44690291629477147,-0.7611141943048213,-0.4167327248757193,-0.2757577768833604,-0.06214644066338647,0.14396831499905127,-1.1726039399558572,-0.49430000374546906,-0.2968260885977624,0.2968260885977624,-0.594850460460064,-31.4172,-64.224,-0.27497694414877677,0.12098021695482805,0.1315125731965507,-0.3241383090458136,-0.6046351081736687,-0.25193160116553137,1.0310544764877052,Cluster 4,Transición Urbana Mixta,Baja,<b>COMANDANTE ESPORA</b><hr>Tipología: <span style='color:#38bdf8'>Transición Urbana Mixta</span><br>Pob: 1567.0<br>Score Infra: <b style='color:#e2e8f0'>Baja</b>
COMERCIAL,0.7233105084595683,0.4284490658758541,1.2340028982901117,1.324758117758107,-0.15505647173124384,0.035111805461298766,-0.31679235383650955,-0.48584923172746025,-0.5637449590746765,-0.5780048145812022,-0.32103309628892385,2.831525786212739,-1.0337319105490443,1.421058987900454,-0.44690291629477147,-0.5367974310794408,-0.4167327248757193,3.8710604178030197,-0.9243518291244667,-0.6477192617689459,0.8528028654224415,-0.49430000374546906,3.368976105584603,0.2968260885977624,-0.45954992105801706,-31.4889,-64.2022,0.45922021757673265,-0.4431954902425335,-0.5143152433652897,-0.4867594502820598,0.5232834139560907,1.0291383128986193,-1.6926937127365,Cluster 0,Vulnerabilidad y Periferia NBI,Baja,<b>COMERCIAL</b><hr>Tipología: <span style='color:#38bdf8'>Vulnerabilidad y Periferia NBI</span><br>Pob: 6575.0<br>Score Infra: <b style='color:#e2e8f0'>Baja</b>
CONGRESO,-0.08178369487176727,-0.14525633450047473,-0.10751390661305267,0.1351487847126091,0.23977804906893374,0.7289210813765625,-0.31679235383650955,-0.48584923172746025,-0.10144414602206994,0.18853042945400297,0.04290100353528267,-0.28378320797232354,0.32441586554464696,0.4376922257768343,-0.44690291629477147,0.4202874253488494,-0.4167327248757193,-0.2757577768833604,-0.4349505499090136,-0.15756786235929246,0.8528028654224415,-0.49430000374546906,-0.2968260885977624,0.2968260885977624,-0.24747169461433274,-31.4681,-64.2358,-0.15968978652245705,-0.10354482681541886,-0.27136260622182534,-0.36117783145320154,1.65120193608585,1.0118265573031573,0.35011742918165384,Cluster 3,Transición Urbana Mixta,Media,<b>CONGRESO</b><hr>Tipología: <span style='color:#38bdf8'>Transición Urbana Mixta</span><br>Pob: 2534.0<br>Score Infra: <b style='color:#e2e8f0'>Media</b>
CONSORCIO 16 DE NOVIEMBRE,-0.43023946364843296,-0.3894799181697844,-0.3133147800925154,0.08018918810394964,0.6346125698691113,1.4227303572918264,-0.31679235383650955,4.3143411777398475,0.3608566670305366,-0.19473719256359964,-0.3756232112625548,-0.28378320797232354,3.0407114177320294,-0.7706209730130489,-0.44690291629477147,2.830571046205563,3.2290985212218493,-0.2757577768833604,1.8908561563311952,4.094960861126485,0.8528028654224415,2.0230629019273323,-0.2968260885977624,0.2968260885977624,3.6536938581446834,-31.3183,-64.2569,-0.347789885807505,0.37208803767052384,0.12372185268453999,3.041872384395099,2.7791204582156093,0.7175267121803122,-1.0117566654304488,Cluster 1,Núcleo Consolidado (Alta Infraestructura),Muy Alta,<b>CONSORCIO 16 DE NOVIEMBRE</b><hr>Tipología: <span style='color:#38bdf8'>Núcleo Consolidado (Alta Infraestructura)</span><br>Pob: 785.0<br>Score Infra: <b style='color:#e2e8f0'>Muy Alta</b>
CONSORCIO ESPERANZA,-0.4870204208247335,-0.39663060868262456,-0.38191507125233626,-0.6520144699404476,-0.5498909925314214,-0.6586974704539651,-0.31679235383650955,-0.48584923172746025,-0.47128479646415516,-0.38637100357240095,-0.5211968511922374,-0.28378320797232354,-1.0337319105490443,-1.2349599477828588,-0.44690291629477147,-0.7611141943048213,-0.4167327248757193,-0.2757577768833604,0.8000589477976937,-0.6477192617689459,-1.1726039399558572,-0.49430000374546906,-0.2968260885977624,0.2968260885977624,-0.03593037507303724,-31.4208,-64.2344,-0.37812861149864163,1.1247779124192716,1.5603841808283443,1.4371791707645487,-0.6046351081736687,-1.342572203679605,1.0310544764877052,Cluster 4,Transición Urbana Mixta,Media,<b>CONSORCIO ESPERANZA</b><hr>Tipología: <span style='color:#38bdf8'>Transición Urbana Mixta</span><br>Pob: 500.0<br>Score Infra: <b style='color:#e2e8f0'>Media</b>
COOPERATIVA 16 DE NOVIEMBRE,0.5442014540683605,0.25078190928759503,0.9214904607842609,1.3229852275449243,-0.15505647173124384,0.035111805461298766,-0.31679235383650955,1.9142459730061934,-0.47128479646415516,-0.5780048145812022,0.3037204417426307,-0.28378320797232354,0.32441586554464696,1.2693749228089826,-0.44690291629477147,-0.49941130387521077,0.5471643748886973,-0.2757577768833604,-0.878326630452167,-0.42932268886742947,0.8528028654224415,2.0230629019273323,-0.2968260885977624,0.2968260885977624,-0.6775341234279814,-31.3133,-64.2614,-0.15968978652245705,1.4614957436125606,0.710660987729122,-0.4317293027053691,0.5232834139560907,1.4619322027851565,-1.6926937127365,Cluster 0,Vulnerabilidad y Periferia NBI,Baja,<b>COOPERATIVA 16 DE NOVIEMBRE</b><hr>Tipología: <span style='color:#38bdf8'>Vulnerabilidad y Periferia NBI</span><br>Pob: 5676.0<br>Score Infra: <b style='color:#e2e8f0'>Baja</b>
COOPERATIVA EL FUTURO,-0.4870204208247335,-0.39663060868262456,-0.3133147800925154,0.14578612599170437,-0.5498909925314214,-0.6586974704539651,-0.31679235383650955,-0.48584923172746025,-0.7486652842957191,-0.38637100357240095,-0.5454591245138511,-0.28378320797232354,-1.0337319105490443,-1.2349599477828588,-0.44690291629477147,-0.7611141943048213,-0.4167327248757193,-0.2757577768833604,-0.12044502564829934,-0.6477192617689459,-1.1726039399558572,-0.49430000374546906,-0.2968260885977624,0.2968260885977624,-0.6324339436272991,-31.4402,-64.1081,-0.37812861149864163,1.1247779124192716,1.5603841808283443,0.4575719924282026,-0.6046351081736687,-1.342572203679605,1.0310544764877052,Cluster 4,Transición Urbana Mixta,Baja,<b>COOPERATIVA EL FUTURO</b><hr>Tipología: <span style='color:#38bdf8'>Transición Urbana Mixta</span><br>Pob: 500.0<br>Score Infra: <b style='color:#e2e8f0'>Baja</b>
COOPERATIVA LA HERMOSA,-0.4870204208247335,-0.39663060868262456,-0.22184772521275417,1.2095202539012404,-0.5498909925314214,-0.6586974704539651,-0.31679235383650955,-0.48584923172746025,-1.0260457721272829,-0.7696386255900036,-0.5454591245138511,-0.28378320797232354,0.32441586554464696,-1.2349599477828588,-0.44690291629477147,-0.7611141943048213,-0.4167327248757193,-0.2757577768833604,-1.0409489990942924,1.8340599757482867,-1.1726039399558572,-0.49430000374546906,-0.2968260885977624,-3.3689761055846037,-1.228937512181561,-31.4387,-64.1081,-0.37812861149864163,1.1247779124192716,1.5603841808283443,-0.5223879432644044,-0.6046351081736687,-1.342572203679605,-1.6926937127365,Cluster 0,Vulnerabilidad y Periferia NBI,Muy Baja,<b>COOPERATIVA LA HERMOSA</b><hr>Tipología: <span style='color:#38bdf8'>Vulnerabilidad y Periferia NBI</span><br>Pob: 500.0<br>Score Infra: <b style='color:#e2e8f0'>Muy Baja</b>
COOPERATIVA LA UNIDAD,-0.1642655063489197,-0.22721424883995028,-0.1608696886262467,0.19897283238718116,-0.5498909925314214,-0.6586974704539651,-0.31679235383650955,-0.48584923172746025,-0.28636447124311254,-0.19473719256359964,-0.5454591245138511,-0.28378320797232354,0.32441586554464696,0.25402036464566513,-0.44690291629477147,-0.7611141943048213,-0.4167327248757193,-0.2757577768833604,-0.46256566911239344,-0.062019361714879054,-1.1726039399558572,-0.49430000374546906,-0.2968260885977624,0.2968260885977624,-0.854176494313987,-31.4306,-64.1129,-0.27497694414877677,0.6456503551764469,0.15229873926851262,-0.40527250098580625,-0.6046351081736687,1.5484909807624636,0.35011742918165384,Cluster 3,Transición Urbana Mixta,Muy Baja,<b>COOPERATIVA LA UNIDAD</b><hr>Tipología: <span style='color:#38bdf8'>Transición Urbana Mixta</span><br>Pob: 2120.0<br>Score Infra: <b style='color:#e2e8f0'>Muy Baja</b>
CORDOBA IV,-0.4870204208247335,-0.39663060868262456,-0.4047818349722766,-0.9179480019178317,-0.15505647173124384,-0.6586974704539651,0.3977986178312334,-0.48584923172746025,-0.6562051216851977,-0.5780048145812022,-0.5454591245138511,-0.28378320797232354,-1.0337319105490443,-1.2349599477828588,3.286924956751673,2.2297759820335856,-0.4167327248757193,-0.2757577768833604,0.18638963216703167,-0.6477192617689459,0.8528028654224415,-0.49430000374546906,-0.2968260885977624,0.2968260885977624,1.0566751712887297,-31.3896,-64.2636,-0.347789885807505,-0.2588414814576065,0.04491445926997632,1.1461543518493578,-0.9824878130871381,-1.342572203679605,-1.0117566654304488,Cluster 1,Núcleo Consolidado (Alta Infraestructura),Muy Alta,<b>CORDOBA IV</b><hr>Tipología: <span style='color:#38bdf8'>Núcleo Consolidado (Alta Infraestructura)</span><br>Pob: 500.0<br>Score Infra: <b style='color:#e2e8f0'>Muy Alta</b>
CORDOBA V,-0.4870204208247335,-0.39663060868262456,-0.39715958039896315,-0.8293034912587037,-0.5498909925314214,-0.6586974704539651,-0.31679235383650955,-0.48584923172746025,-0.8411254469062404,-0.38637100357240095,-0.5454591245138511,-0.28378320797232354,-1.0337319105490443,-1.2349599477828588,-0.44690291629477147,-0.7611141943048213,-0.4167327248757193,-0.2757577768833604,-0.4272796834636304,-0.6477192617689459,-1.1726039399558572,-0.49430000374546906,-0.2968260885977624,0.2968260885977624,-0.8310894975112567,-31.385,-64.2625,-0.365993121222187,0.2946050806452233,0.651101256755997,-0.08673260828226986,-0.6046351081736687,-1.342572203679605,1.0310544764877052,Cluster 4,Transición Urbana Mixta,Muy Baja,<b>CORDOBA V</b><hr>Tipología: <span style='color:#38bdf8'>Transición Urbana Mixta</span><br>Pob: 500.0<br>Score Infra: <b style='color:#e2e8f0'>Muy Baja</b>
CORRAL DE PALOS,-0.3387922378802857,-0.3185230661577552,-0.22946997978606762,0.2752071115540313,-0.5498909925314214,-0.6586974704539651,-0.31679235383650955,-0.48584923172746025,-0.37882463385363385,-0.38637100357240095,-0.5454591245138511,-0.28378320797232354,0.32441586554464696,-0.2959633543594655,-0.44690291629477147,-0.7611141943048213,-0.4167327248757193,-0.2757577768833604,-0.1772094373441356,0.3499559917129815,-1.1726039399558572,-0.49430000374546906,-0.2968260885977624,0.2968260885977624,-0.6689436129897562,-31.4396,-64.1411,-0.32351890525459553,0.5408474283208362,0.26780653666367615,-0.23947654354321257,-0.6046351081736687,0.630967934203005,0.35011742918165384,Cluster 3,Transición Urbana Mixta,Baja,<b>CORRAL DE PALOS</b><hr>Tipología: <span style='color:#38bdf8'>Transición Urbana Mixta</span><br>Pob: 1244.0<br>Score Infra: <b style='color:#e2e8f0'>Baja</b>
COSTA VERDE,-0.4870204208247335,-0.39663060868262456,-0.4047818349722766,-0.9179480019178317,-0.5498909925314214,-0.6586974704539651,-0.31679235383650955,1.9142459730061934,-0.47128479646415516,-0.38637100357240095,-0.5454591245138511,-0.28378320797232354,-1.0337319105490443,-1.2349599477828588,-0.44690291629477147,-0.7611141943048213,3.2290985212218493,-0.2757577768833604,0.8000589477976937,-0.6477192617689459,-1.1726039399558572,2.0230629019273323,-0.2968260885977624,0.2968260885977624,1.1570767620354865,-31.3812,-64.2505,-0.347789885807505,-0.2588414814576065,0.04491445926997632,1.2195278819516118,-0.6046351081736687,-1.342572203679605,-1.0117566654304488,Cluster 1,Núcleo Consolidado (Alta Infraestructura),Muy Alta,<b>COSTA VERDE</b><hr>Tipología: <span style='color:#38bdf8'>Núcleo Consolidado (Alta Infraestructura)</span><br>Pob: 500.0<br>Score Infra: <b style='color:#e2e8f0'>Muy Alta</b>
COUNTRY ALTOS DEL CHATEAU,-0.36349693503769365,-0.368027846631264,-0.4047818349722766,-0.9179480019178317,-0.35247373213133265,-0.6586974704539651,0.040503131997361934,-0.48584923172746025,-1.0260457721272829,-0.7696386255900036,-0.5454591245138511,-0.28378320797232354,-1.0337319105490443,-0.40430911513908735,3.286924956751673,-0.09564113006952582,-0.4167327248757193,-0.2757577768833604,-1.0409489990942924,-0.6477192617689459,0.8528028654224415,-0.49430000374546906,-0.2968260885977624,-3.3689761055846037,-0.8971290465051129,-31.3748,-64.2668,-0.12328331569309295,-0.8806298088134602,-0.868580254883094,-0.4751184575254522,-0.8866147387061086,2.0159083818399246,1.0310544764877052,Cluster 4,Transición Urbana Mixta,Muy Baja,<b>COUNTRY ALTOS DEL CHATEAU</b><hr>Tipología: <span style='color:#38bdf8'>Transición Urbana Mixta</span><br>Pob: 1120.0<br>Score Infra: <b style='color:#e2e8f0'>Muy Baja</b>
COUNTRY BARRANCAS,-0.4870204208247335,-0.39663060868262456,-0.4047818349722766,-0.9179480019178317,-0.5498909925314214,-0.6586974704539651,-0.31679235383650955,-0.48584923172746025,-0.47128479646415516,-0.5780048145812022,-0.5454591245138511,-0.28378320797232354,-1.0337319105490443,-1.2349599477828588,-0.44690291629477147,-0.7611141943048213,-0.4167327248757193,-0.2757577768833604,0.8000589477976937,-0.6477192617689459,-1.1726039399558572,-0.49430000374546906,-0.2968260885977624,0.2968260885977624,-0.03593037507303724,-31.3805,-64.2463,-0.31745116011636815,-0.6541621621709441,-0.3880761103628954,0.03743798112154494,-0.6046351081736687,-1.342572203679605,1.0310544764877052,Cluster 4,Transición Urbana Mixta,Media,<b>COUNTRY BARRANCAS</b><hr>Tipología: <span style='color:#38bdf8'>Transición Urbana Mixta</span><br>Pob: 500.0<br>Score Infra: <b style='color:#e2e8f0'>Media</b>
COUNTRY CLUB,-0.4870204208247335,-0.39663060868262456,-0.4047818349722766,-0.9179480019178317,-0.5498909925314214,-0.6586974704539651,-0.31679235383650955,-0.48584923172746025,-0.47128479646415516,-0.38637100357240095,-0.5454591245138511,-0.28378320797232354,-1.0337319105490443,-1.2349599477828588,-0.44690291629477147,-0.7611141943048213,-0.4167327248757193,-0.2757577768833604,0.8000589477976937,-0.6477192617689459,-1.1726039399558572,-0.49430000374546906,-0.2968260885977624,0.2968260885977624,-0.03593037507303724,-31.4533,-64.1873,-0.37812861149864163,1.1247779124192716,1.5603841808283443,1.4371791707645487,-0.6046351081736687,-1.342572203679605,1.0310544764877052,Cluster 4,Transición Urbana Mixta,Media,<b>COUNTRY CLUB</b><hr>Tipología: <span style='color:#38bdf8'>Transición Urbana Mixta</span><br>Pob: 500.0<br>Score Infra: <b style='color:#e2e8f0'>Media</b>
COUNTRY FORTIN DEL POZO,-0.4870204208247335,-0.39663060868262456,-0.35904830753239597,-0.38608093796306364,-0.5498909925314214,-0.6586974704539651,-0.31679235383650955,-0.48584923172746025,-0.9335856095167617,-0.38637100357240095,-0.5454591245138511,-0.28378320797232354,-1.0337319105490443,-1.2349599477828588,-0.44690291629477147,-0.7611141943048213,-0.4167327248757193,-0.2757577768833604,-0.7341143412789614,-0.6477192617689459,-1.1726039399558572,-0.49430000374546906,-0.2968260885977624,0.2968260885977624,-1.0302819582976035,-31.474,-64.1758,-0.11721557055486562,-1.1537796967865013,-0.9353033024054277,-0.49452011211979824,-0.6046351081736687,-1.342572203679605,1.0310544764877052,Cluster 4,Transición Urbana Mixta,Muy Baja,<b>COUNTRY FORTIN DEL POZO</b><hr>Tipología: <span style='color:#38bdf8'>Transición Urbana Mixta</span><br>Pob: 500.0<br>Score Infra: <b style='color:#e2e8f0'>Muy Baja</b>
COUNTRY JOCKEY CLUB,-0.27683126355807697,-0.29817110085197945,-0.3514260529590825,-0.5899633124790581,-0.5498909925314214,-0.6586974704539651,-0.31679235383650955,-0.48584923172746025,-1.0260457721272829,-0.7696386255900036,-0.5454591245138511,-0.28378320797232354,-1.0337319105490443,-0.06585759575131547,-0.44690291629477147,-0.7611141943048213,-0.4167327248757193,-0.2757577768833604,-1.0409489990942924,-0.6477192617689459,-1.1726039399558572,-0.49430000374546906,-0.2968260885977624,-3.3689761055846037,-1.228937512181561,-31.4635,-64.1767,0.3378653148121857,-1.1117875961342543,-0.9979727747593973,-0.5223879432644044,-0.6046351081736687,1.4273086915942328,1.0310544764877052,Cluster 4,Transición Urbana Mixta,Muy Baja,<b>COUNTRY JOCKEY CLUB</b><hr>Tipología: <span style='color:#38bdf8'>Transición Urbana Mixta</span><br>Pob: 1555.0<br>Score Infra: <b style='color:#e2e8f0'>Muy Baja</b>
COUNTRY LA RESERVA,-0.4282471493615452,-0.39278023686801833,-0.3895373258256497,-0.7459776512391234,-0.5498909925314214,-0.6586974704539651,-0.31679235383650955,-0.48584923172746025,-1.0260457721272829,-0.7696386255900036,-0.5454591245138511,-0.28378320797232354,-1.0337319105490443,-0.7572067359641433,-0.44690291629477147,-0.7611141943048213,-0.4167327248757193,-0.2757577768833604,-1.0409489990942924,-0.6477192617689459,-1.1726039399558572,-0.49430000374546906,-0.2968260885977624,-3.3689761055846037,-1.228937512181561,-31.3673,-64.2684,-0.1657575316606844,-0.9595931288480899,-0.8778876562790957,-0.5223879432644044,-0.6046351081736687,0.9772030461122344,1.0310544764877052,Cluster 4,Transición Urbana Mixta,Muy Baja,<b>COUNTRY LA RESERVA</b><hr>Tipología: <span style='color:#38bdf8'>Transición Urbana Mixta</span><br>Pob: 795.0<br>Score Infra: <b style='color:#e2e8f0'>Muy Baja</b>
COUNTRY LA SANTINA - COUNTRY CAMPINA DEL SUR,-0.4870204208247335,-0.39663060868262456,-0.4047818349722766,-0.9179480019178317,-0.5498909925314214,-0.6586974704539651,-0.31679235383650955,-0.48584923172746025,-0.19390430863259123,-0.38637100357240095,-0.5454591245138511,-0.28378320797232354,-1.0337319105490443,-1.2349599477828588,-0.44690291629477147,-0.7611141943048213,-0.4167327248757193,-0.2757577768833604,1.7205629212436866,-0.6477192617689459,-1.1726039399558572,-0.49430000374546906,-0.2968260885977624,0.2968260885977624,0.5605731934812245,-31.4774,-64.1737,-0.23250272818118525,-1.0099513725369087,-0.7777648951891636,-0.10260668931400761,-0.6046351081736687,-1.342572203679605,1.0310544764877052,Cluster 4,Transición Urbana Mixta,Alta,<b>COUNTRY LA SANTINA - COUNTRY CAMPINA DEL SUR</b><hr>Tipología: <span style='color:#38bdf8'>Transición Urbana Mixta</span><br>Pob: 500.0<br>Score Infra: <b style='color:#e2e8f0'>Alta</b>
COUNTRY LAS DELICIAS,-0.4320325465066319,-0.3894799181697844,-0.3895373258256497,-0.7512963218786711,-0.5498909925314214,-0.6586974704539651,-0.31679235383650955,-0.48584923172746025,-1.0260457721272829,-0.7696386255900036,-0.5454591245138511,-0.28378320797232354,-1.0337319105490443,-0.7830033456735767,-0.44690291629477147,-0.7611141943048213,-0.4167327248757193,-0.2757577768833604,-1.0409489990942924,-0.6477192617689459,-1.1726039399558572,-0.49430000374546906,-0.2968260885977624,-3.3689761055846037,-1.228937512181561,-31.3619,-64.2995,0.4046105113326866,-1.2494892497866907,-1.0800863142735957,-0.5223879432644044,-0.6046351081736687,0.630967934203005,1.0310544764877052,Cluster 4,Transición Urbana Mixta,Muy Baja,<b>COUNTRY LAS DELICIAS</b><hr>Tipología: <span style='color:#38bdf8'>Transición Urbana Mixta</span><br>Pob: 776.0<br>Score Infra: <b style='color:#e2e8f0'>Muy Baja</b>
COUNTRY LOMAS DE LA CAROLINA,-0.2734443292703678,-0.29597088838649016,-0.4047818349722766,-0.9179480019178317,-0.5498909925314214,-0.6586974704539651,-0.31679235383650955,-0.48584923172746025,-0.8411254469062404,-0.5780048145812022,-0.5454591245138511,-0.28378320797232354,-1.0337319105490443,-0.05450708747916444,-0.44690291629477147,-0.7611141943048213,-0.4167327248757193,-0.2757577768833604,-0.8461089913815572,-0.6477192617689459,-1.1726039399558572,-0.49430000374546906,-0.2968260885977624,0.2968260885977624,-1.1027643901201285,-31.3557,-64.3056,0.47135570785318737,-1.1482328184312225,-1.0223542383225461,-0.5167438255642309,-0.6046351081736687,1.4273086915942328,1.0310544764877052,Cluster 4,Transición Urbana Mixta,Muy Baja,<b>COUNTRY LOMAS DE LA CAROLINA</b><hr>Tipología: <span style='color:#38bdf8'>Transición Urbana Mixta</span><br>Pob: 1572.0<br>Score Infra: <b style='color:#e2e8f0'>Muy Baja</b>
COUNTRY LOS ALGARROBOS,-0.4870204208247335,-0.39663060868262456,-0.4047818349722766,-0.9179480019178317,-0.5498909925314214,-0.6586974704539651,-0.31679235383650955,-0.48584923172746025,-0.6562051216851977,-0.38637100357240095,-0.5454591245138511,-0.28378320797232354,-1.0337319105490443,-1.2349599477828588,-0.44690291629477147,-0.7611141943048213,-0.4167327248757193,-0.2757577768833604,0.18638963216703167,-0.6477192617689459,-1.1726039399558572,-0.49430000374546906,-0.2968260885977624,0.2968260885977624,-0.4337783897433415,-31.4834,-64.2407,-0.347789885807505,-0.2588414814576065,0.04491445926997632,0.05825066514093435,-0.6046351081736687,-1.342572203679605,1.0310544764877052,Cluster 4,Transición Urbana Mixta,Media,<b>COUNTRY LOS ALGARROBOS</b><hr>Tipología: <span style='color:#38bdf8'>Transición Urbana Mixta</span><br>Pob: 500.0<br>Score Infra: <b style='color:#e2e8f0'>Media</b>
COUNTRY LOS MIMBRES,-0.4870204208247335,-0.39663060868262456,-0.4047818349722766,-0.9179480019178317,-0.5498909925314214,-0.6586974704539651,-0.31679235383650955,-0.48584923172746025,-0.7486652842957191,-0.5780048145812022,-0.5454591245138511,-0.28378320797232354,-1.0337319105490443,-1.2349599477828588,-0.44690291629477147,-0.7611141943048213,-0.4167327248757193,-0.2757577768833604,-0.12044502564829934,-0.6477192617689459,-1.1726039399558572,-0.49430000374546906,-0.2968260885977624,0.2968260885977624,-0.6324339436272991,-31.4934,-64.184,-0.29318017956345876,-0.8122900359736387,-0.5612723382160442,-0.3047366544514676,-0.6046351081736687,-1.342572203679605,1.0310544764877052,Cluster 4,Transición Urbana Mixta,Baja,<b>COUNTRY LOS MIMBRES</b><hr>Tipología: <span style='color:#38bdf8'>Transición Urbana Mixta</span><br>Pob: 500.0<br>Score Infra: <b style='color:#e2e8f0'>Baja</b>
COUNTRY RANCH CLUB,-0.4870204208247335,-0.39663060868262456,-0.4047818349722766,-0.9179480019178317,-0.5498909925314214,-0.6586974704539651,-0.31679235383650955,-0.48584923172746025,-0.7486652842957191,-0.5780048145812022,-0.5454591245138511,-0.28378320797232354,-1.0337319105490443,-1.2349599477828588,-0.44690291629477147,-0.7611141943048213,-0.4167327248757193,-0.2757577768833604,-0.12044502564829934,-0.6477192617689459,-1.1726039399558572,-0.49430000374546906,-0.2968260885977624,0.2968260885977624,-0.6324339436272991,-31.4527,-64.2192,-0.365993121222187,0.2946050806452233,0.651101256755997,0.13091868053066696,-0.6046351081736687,-1.342572203679605,1.0310544764877052,Cluster 4,Transición Urbana Mixta,Baja,<b>COUNTRY RANCH CLUB</b><hr>Tipología: <span style='color:#38bdf8'>Transición Urbana Mixta</span><br>Pob: 500.0<br>Score Infra: <b style='color:#e2e8f0'>Baja</b>
COUNTRY VALLE ESCONDIDO,0.7402451798981141,0.4933553336077877,-0.34380379838576913,-0.8399408325377989,-0.35247373213133265,-0.6586974704539651,0.040503131997361934,-0.48584923172746025,-0.7486652842957191,-0.5780048145812022,-0.5454591245138511,-0.28378320797232354,-1.0337319105490443,1.4344732249493597,3.286924956751673,-0.6489558126921311,-0.4167327248757193,-0.2757577768833604,-0.971911201085843,-0.6477192617689459,0.8528028654224415,-0.49430000374546906,-0.2968260885977624,0.2968260885977624,-1.128535921434804,-31.3651,-64.2806,2.8620472923147635,-1.119093775347188,-0.9831005729976735,-0.5213296711956219,-0.8866147387061086,0.665591445393928,0.35011742918165384,Cluster 3,Transición Urbana Mixta,Muy Baja,<b>COUNTRY VALLE ESCONDIDO</b><hr>Tipología: <span style='color:#38bdf8'>Transición Urbana Mixta</span><br>Pob: 6660.0<br>Score Infra: <b style='color:#e2e8f0'>Muy Baja</b>
CRISOL NORTE,-0.3427768664540612,-0.20906249599966376,-0.3666705621057094,-0.7548421023050361,1.029447090669289,0.7289210813765625,1.1123895894989762,-0.48584923172746025,2.7648208949040907,3.0630375945860226,0.18847464346496529,-0.28378320797232354,0.32441586554464696,-0.31247318457350326,1.4200110202284506,2.830571046205563,-0.4167327248757193,-0.2757577768833604,2.6410668946896796,0.36608755675684357,0.8528028654224415,-0.49430000374546906,-0.2968260885977624,0.2968260885977624,2.9471243746006617,-31.4281,-64.1672,-0.25677370873409466,-0.3496078573028224,0.06234537806260579,0.6208986483769704,-0.6046351081736687,-1.7580543379706812,-1.0117566654304488,Cluster 1,Núcleo Consolidado (Alta Infraestructura),Muy Alta,<b>CRISOL NORTE</b><hr>Tipología: <span style='color:#38bdf8'>Núcleo Consolidado (Alta Infraestructura)</span><br>Pob: 1224.0<br>Score Infra: <b style='color:#e2e8f0'>Muy Alta</b>
CRISOL SUD,0.07799991093662945,0.11161847084539828,-0.32855928923914224,-0.7601607729445838,0.8320298302692002,0.7289210813765625,0.7550941036651048,-0.48584923172746025,0.5457769922515792,0.7634318624804068,0.37650726170747195,-0.28378320797232354,0.32441586554464696,0.7214549325806064,1.154909241242153,0.8091031482728422,-0.4167327248757193,-0.2757577768833604,-0.25852062166519835,-0.27545237614136103,0.8528028654224415,-0.49430000374546906,-0.2968260885977624,0.2968260885977624,0.06071286735699612,-31.435,-64.1674,-0.08687684486372885,-0.08752980949511319,0.011809352780563368,-0.3594140446718974,-0.4636452929074488,-0.5289196906929147,0.35011742918165384,Cluster 3,Transición Urbana Mixta,Alta,<b>CRISOL SUD</b><hr>Tipología: <span style='color:#38bdf8'>Transición Urbana Mixta</span><br>Pob: 3336.0<br>Score Infra: <b style='color:#e2e8f0'>Alta</b>
CUPANI,-0.1373692634759352,-0.13590543152214532,-0.1608696886262467,-0.07582515065611563,-0.15505647173124384,-0.6586974704539651,0.3977986178312334,1.9142459730061934,0.17593634180949397,0.3801642404628043,-0.5090657145314306,-0.28378320797232354,0.32441586554464696,0.31696409233668377,3.286924956751673,-0.09564113006952582,2.0094400887358517,-0.2757577768833604,-0.1572651845861391,-0.09800516065887893,0.8528028654224415,2.0230629019273323,-0.2968260885977624,0.2968260885977624,0.469299020075082,-31.4215,-64.2077,-0.28711243442523143,0.9989410793866932,0.7678747734500307,0.0649530549098903,-0.9824878130871381,0.12892702193462174,0.35011742918165384,Cluster 3,Transición Urbana Mixta,Alta,<b>CUPANI</b><hr>Tipología: <span style='color:#38bdf8'>Transición Urbana Mixta</span><br>Pob: 2255.0<br>Score Infra: <b style='color:#e2e8f0'>Alta</b>
DE LOS BIOQUIMICOS,-0.33460837787782144,-0.31522274745952134,-0.21422547063944075,0.3549871711472464,-0.5498909925314214,-0.6586974704539651,-0.31679235383650955,-0.48584923172746025,0.17593634180949397,-0.5780048145812022,-0.5454591245138511,-0.28378320797232354,0.32441586554464696,-0.27842165975705013,-0.44690291629477147,-0.7611141943048213,-0.4167327248757193,-0.2757577768833604,0.5361811420765089,0.3338244266691196,-1.1726039399558572,-0.49430000374546906,-0.2968260885977624,0.2968260885977624,-0.20666677003276293,-31.3204,-64.2668,-0.2992479247016861,0.11685193679960632,-0.050647347794716885,-0.1272997042522662,-0.6046351081736687,0.630967934203005,1.0310544764877052,Cluster 4,Transición Urbana Mixta,Media,<b>DE LOS BIOQUIMICOS</b><hr>Tipología: <span style='color:#38bdf8'>Transición Urbana Mixta</span><br>Pob: 1265.0<br>Score Infra: <b style='color:#e2e8f0'>Media</b>
DE LOS DOCENTES,-0.4870204208247335,-0.39663060868262456,-0.4047818349722766,-0.9179480019178317,-0.5498909925314214,-0.6586974704539651,-0.31679235383650955,-0.48584923172746025,-0.7486652842957191,-0.19473719256359964,-0.5454591245138511,-0.28378320797232354,1.682563641638338,-1.2349599477828588,-0.44690291629477147,-0.7611141943048213,-0.4167327248757193,-0.2757577768833604,-0.12044502564829934,4.3158392132655194,-1.1726039399558572,-0.49430000374546906,-0.2968260885977624,0.2968260885977624,-0.6324339436272991,-31.4591,-64.1524,-0.39633184691332374,8.5963274211461,9.743914130419572,3.396746284793502,-0.6046351081736687,-1.342572203679605,-0.3308196181243975,Cluster 2,Anillos Densos Poblacionales,Baja,<b>DE LOS DOCENTES</b><hr>Tipología: <span style='color:#38bdf8'>Anillos Densos Poblacionales</span><br>Pob: 500.0<br>Score Infra: <b style='color:#e2e8f0'>Baja</b>
DEAN FUNES,-0.1634685806341646,-0.13150500659116676,-0.23709223435938104,-0.3453044630598648,-0.15505647173124384,-0.31179283249633316,0.040503131997361934,-0.48584923172746025,1.4703786183567922,1.1466994844980094,-0.01775467976875174,-0.28378320797232354,0.32441586554464696,0.2560840934224196,1.4200110202284506,-0.05825500286529578,-0.4167327248757193,-0.2757577768833604,0.9089852513221364,-0.06326025133363765,0.8528028654224415,-0.49430000374546906,-0.2968260885977624,0.2968260885977624,0.38500463639999705,-31.4459,-64.1179,0.046613548177272854,-0.7938622062653149,-0.6646521442259137,-0.37916845662250426,-0.6046351081736687,-0.28655511235645437,1.0310544764877052,Cluster 4,Transición Urbana Mixta,Alta,<b>DEAN FUNES</b><hr>Tipología: <span style='color:#38bdf8'>Transición Urbana Mixta</span><br>Pob: 2124.0<br>Score Infra: <b style='color:#e2e8f0'>Alta</b>
DIPAS,-0.4870204208247335,-0.39663060868262456,-0.4047818349722766,-0.9179480019178317,-0.5498909925314214,-0.6586974704539651,-0.31679235383650955,-0.48584923172746025,-1.0260457721272829,-0.7696386255900036,-0.5454591245138511,-0.28378320797232354,-1.0337319105490443,-1.2349599477828588,-0.44690291629477147,-0.7611141943048213,-0.4167327248757193,-0.2757577768833604,-1.0409489990942924,-0.6477192617689459,-1.1726039399558572,-0.49430000374546906,-0.2968260885977624,-3.3689761055846037,-1.228937512181561,-31.3563,-64.2945,-0.40239959205155107,-1.3657385904896708,-1.1674591357020647,-0.5223879432644044,-0.6046351081736687,-1.342572203679605,1.0310544764877052,Cluster 4,Transición Urbana Mixta,Muy Baja,<b>DIPAS</b><hr>Tipología: <span style='color:#38bdf8'>Transición Urbana Mixta</span><br>Pob: 500.0<br>Score Infra: <b style='color:#e2e8f0'>Muy Baja</b>
DUCASSE,-0.40015551791642806,-0.2926705696882562,-0.1608696886262467,0.5411406435314153,-0.35247373213133265,-0.31179283249633316,-0.31679235383650955,-0.48584923172746025,3.7818826836198247,7.470615247788452,-0.515131282861834,-0.28378320797232354,0.32441586554464696,-0.5890128406586342,-0.44690291629477147,0.038948927865702525,-0.4167327248757193,-0.2757577768833604,2.6410668946896796,0.6775508510652563,0.8528028654224415,-0.49430000374546906,-0.2968260885977624,0.2968260885977624,1.555998590510569,-31.4049,-64.1909,-0.2992479247016861,-0.26873979024676786,0.08093290242144384,0.5538747506874113,-0.04067584710878904,-1.4983780040387582,-1.0117566654304488,Cluster 1,Núcleo Consolidado (Alta Infraestructura),Muy Alta,<b>DUCASSE</b><hr>Tipología: <span style='color:#38bdf8'>Núcleo Consolidado (Alta Infraestructura)</span><br>Pob: 936.0<br>Score Infra: <b style='color:#e2e8f0'>Muy Alta</b>
EJERCITO ARGENTINO,-0.21905414923833255,-0.16340808734076126,-0.34380379838576913,-0.691018054630464,0.04236078866884495,0.3820164434189307,-0.31679235383650955,-0.48584923172746025,2.394980244462005,3.8295728386212278,-0.1572627513680309,-0.28378320797232354,0.32441586554464696,0.11059121466121254,-0.44690291629477147,0.45767355255307934,-0.4167327248757193,-0.2757577768833604,2.0350684455044012,0.024842911598224108,0.8528028654224415,-0.49430000374546906,-0.2968260885977624,0.2968260885977624,1.3718395229911162,-31.4476,-64.1962,-0.3113834149781408,1.0849296483727284,1.1021065036512356,0.6166655601018404,1.0872426750209703,-0.5462314462883766,-1.0117566654304488,Cluster 1,Núcleo Consolidado (Alta Infraestructura),Muy Alta,<b>EJERCITO ARGENTINO</b><hr>Tipología: <span style='color:#38bdf8'>Núcleo Consolidado (Alta Infraestructura)</span><br>Pob: 1845.0<br>Score Infra: <b style='color:#e2e8f0'>Muy Alta</b>
EL BALCON,-0.4870204208247335,-0.39663060868262456,-0.4047818349722766,-0.9179480019178317,-0.5498909925314214,-0.6586974704539651,-0.31679235383650955,-0.48584923172746025,-0.9335856095167617,-0.5780048145812022,-0.5454591245138511,-0.28378320797232354,-1.0337319105490443,-1.2349599477828588,-0.44690291629477147,-0.7611141943048213,-0.4167327248757193,-0.2757577768833604,-0.7341143412789614,-0.6477192617689459,-1.1726039399558572,-0.49430000374546906,-0.2968260885977624,0.2968260885977624,-1.0302819582976035,-31.3747,-64.2748,-0.40239959205155107,-1.3657385904896708,-1.1674591357020647,-0.5223879432644044,-0.6046351081736687,-1.342572203679605,1.0310544764877052,Cluster 4,Transición Urbana Mixta,Muy Baja,<b>EL BALCON</b><hr>Tipología: <span style='color:#38bdf8'>Transición Urbana Mixta</span><br>Pob: 500.0<br>Score Infra: <b style='color:#e2e8f0'>Muy Baja</b>
EL BOSQUE,-0.2698581635539699,-0.2827696135935545,-0.35904830753239597,-0.6573331405799954,-0.5498909925314214,-0.6586974704539651,-0.31679235383650955,-0.48584923172746025,-0.47128479646415516,-0.5780048145812022,-0.5454591245138511,-0.28378320797232354,0.32441586554464696,-0.04315657920701341,-0.44690291629477147,-0.7611141943048213,-0.4167327248757193,-0.2757577768833604,-0.46256566911239344,0.13280030843022375,-1.1726039399558572,-0.49430000374546906,-0.2968260885977624,0.2968260885977624,-0.854176494313987,-31.338,-64.3074,0.6473203168617806,-1.1826198778901869,-1.039108651972676,-0.5082776490139709,-0.6046351081736687,1.0983853352804653,1.0310544764877052,Cluster 4,Transición Urbana Mixta,Muy Baja,<b>EL BOSQUE</b><hr>Tipología: <span style='color:#38bdf8'>Transición Urbana Mixta</span><br>Pob: 1590.0<br>Score Infra: <b style='color:#e2e8f0'>Muy Baja</b>
EL CABILDO,0.41928334828049924,0.22547946593446833,0.2659765674793056,0.2539324289958406,0.4371953094690225,1.0758257193341945,-0.31679235383650955,1.9142459730061934,1.0080778053041857,-0.003103381554798346,-0.46660673621860643,-0.28378320797232354,0.32441586554464696,1.1486467893688312,-0.44690291629477147,-0.020868875661065663,0.6676515123592494,-0.2757577768833604,-0.3720494450568707,-0.4020231172547399,0.8528028654224415,2.0230629019273323,-0.2968260885977624,0.2968260885977624,-0.0719031375331053,-31.4859,-64.2351,-0.06867360944904678,0.46329672924665644,0.1528170294986533,-0.38410705961015607,2.2151611971507297,0.8906442681349273,0.35011742918165384,Cluster 3,Transición Urbana Mixta,Media,<b>EL CABILDO</b><hr>Tipología: <span style='color:#38bdf8'>Transición Urbana Mixta</span><br>Pob: 5049.0<br>Score Infra: <b style='color:#e2e8f0'>Media</b>
EL CERRITO,0.14235166240310343,-0.0005923648945548148,0.395554895225634,1.1049197313234693,-0.35247373213133265,-0.31179283249633316,-0.31679235383650955,1.9142459730061934,-0.28636447124311254,-0.38637100357240095,-0.515131282861834,-0.28378320797232354,1.682563641638338,0.8163864563113237,-0.44690291629477147,-0.5592291074019788,1.078403117372495,-0.2757577768833604,-0.7049650487865049,0.031047359692017166,0.8528028654224415,2.0230629019273323,-0.2968260885977624,0.2968260885977624,-0.4214295309883928,-31.3222,-64.2503,0.02234256762436343,-0.32427631584843486,-0.45042369720551445,-0.4465451116683243,-0.04067584710878904,1.2195676244486955,-1.6926937127365,Cluster 0,Vulnerabilidad y Periferia NBI,Media,<b>EL CERRITO</b><hr>Tipología: <span style='color:#38bdf8'>Vulnerabilidad y Periferia NBI</span><br>Pob: 3659.0<br>Score Infra: <b style='color:#e2e8f0'>Media</b>
EL PRADO,-0.4870204208247335,-0.39663060868262456,-0.4047818349722766,-0.9179480019178317,-0.5498909925314214,-0.6586974704539651,-0.31679235383650955,-0.48584923172746025,-0.6562051216851977,-0.5780048145812022,-0.5454591245138511,-0.28378320797232354,-1.0337319105490443,-1.2349599477828588,-0.44690291629477147,-0.7611141943048213,-0.4167327248757193,-0.2757577768833604,0.18638963216703167,-0.6477192617689459,-1.1726039399558572,-0.49430000374546906,-0.2968260885977624,0.2968260885977624,-0.4337783897433415,-31.3758,-64.2703,-0.40239959205155107,-1.3657385904896708,-1.1674591357020647,-0.5223879432644044,-0.6046351081736687,-1.342572203679605,1.0310544764877052,Cluster 4,Transición Urbana Mixta,Media,<b>EL PRADO</b><hr>Tipología: <span style='color:#38bdf8'>Transición Urbana Mixta</span><br>Pob: 500.0<br>Score Infra: <b style='color:#e2e8f0'>Media</b>
EL PUEBLITO,-0.32464680644338273,-0.32402359732147845,0.5403777321185892,5.7037969443190315,-0.5498909925314214,-0.6586974704539651,-0.31679235383650955,-0.48584923172746025,-1.0260457721272829,-0.7696386255900036,-0.5454591245138511,-0.28378320797232354,-1.0337319105490443,-0.2392108129987104,-0.44690291629477147,-0.7611141943048213,-0.4167327248757193,-0.2757577768833604,-1.0409489990942924,-0.6477192617689459,-1.1726039399558572,-0.49430000374546906,-0.2968260885977624,-3.3689761055846037,-1.228937512181561,-31.4064,-64.2568,-0.15968978652245705,-0.710732750224619,-0.7146371451580168,-0.5223879432644044,-0.6046351081736687,1.1849441132577725,-1.6926937127365,Cluster 0,Vulnerabilidad y Periferia NBI,Muy Baja,<b>EL PUEBLITO</b><hr>Tipología: <span style='color:#38bdf8'>Vulnerabilidad y Periferia NBI</span><br>Pob: 1315.0<br>Score Infra: <b style='color:#e2e8f0'>Muy Baja</b>
EL QUEBRACHAL,-0.4870204208247335,-0.39663060868262456,-0.3666705621057094,-0.4747254486221917,-0.5498909925314214,-0.6586974704539651,-0.31679235383650955,-0.48584923172746025,-0.28636447124311254,-0.5780048145812022,-0.5454591245138511,-0.28378320797232354,-1.0337319105490443,-1.2349599477828588,-0.44690291629477147,-0.7611141943048213,-0.4167327248757193,-0.2757577768833604,1.4137282634283557,-0.6477192617689459,-1.1726039399558572,-0.49430000374546906,-0.2968260885977624,0.2968260885977624,0.361917639597267,-31.338,-64.0667,0.7990139453174644,-1.3154241798913033,-1.1123512450215174,-0.46947433982527875,-0.6046351081736687,-1.342572203679605,1.0310544764877052,Cluster 4,Transición Urbana Mixta,Alta,<b>EL QUEBRACHAL</b><hr>Tipología: <span style='color:#38bdf8'>Transición Urbana Mixta</span><br>Pob: 500.0<br>Score Infra: <b style='color:#e2e8f0'>Alta</b>
EL QUEBRACHO,0.28221212534262274,0.052762787393560134,0.6318447869983504,1.452406213107251,-0.15505647173124384,0.035111805461298766,-0.31679235383650955,-0.48584923172746025,0.08347617919897267,-0.003103381554798346,0.898146138122168,-0.28378320797232354,1.682563641638338,0.9979945886657383,-0.44690291629477147,-0.41716182402590457,-0.4167327248757193,-0.2757577768833604,-0.6190513445982122,-0.07815092675874105,0.8528028654224415,-0.49430000374546906,-0.2968260885977624,0.2968260885977624,-0.7843785970034074,-31.4773,-64.1377,0.058749038453727566,-0.22246001638311275,-0.43740097321239824,-0.48393739143197306,0.5232834139560907,1.7562320479080018,-1.6926937127365,Cluster 0,Vulnerabilidad y Periferia NBI,Muy Baja,<b>EL QUEBRACHO</b><hr>Tipología: <span style='color:#38bdf8'>Vulnerabilidad y Periferia NBI</span><br>Pob: 4361.0<br>Score Infra: <b style='color:#e2e8f0'>Muy Baja</b>
EL REFUGIO,-0.34735918931390297,-0.3229234910887338,-0.3895373258256497,-0.8115745891268782,-0.35247373213133265,-0.6586974704539651,0.040503131997361934,-0.48584923172746025,-0.5637449590746765,-0.19473719256359964,0.3401138517250513,-0.28378320797232354,-1.0337319105490443,-0.33207860795267313,3.286924956751673,-0.14050448271460195,-0.4167327248757193,-0.2757577768833604,-0.40273291083840385,-0.6477192617689459,0.8528028654224415,-0.49430000374546906,-0.2968260885977624,0.2968260885977624,-0.5062608215658666,-31.3443,-64.2818,-0.20823174762827587,-0.6179620066978622,-0.5980218433763418,-0.3738770962785917,-0.8866147387061086,0.561720911821159,1.0310544764877052,Cluster 4,Transición Urbana Mixta,Baja,<b>EL REFUGIO</b><hr>Tipología: <span style='color:#38bdf8'>Transición Urbana Mixta</span><br>Pob: 1201.0<br>Score Infra: <b style='color:#e2e8f0'>Baja</b>
EL TREBOL,-0.3348076093065102,-0.2800193480116929,-0.35904830753239597,-0.6591060307931779,-0.5498909925314214,-0.6586974704539651,-0.31679235383650955,-0.48584923172746025,-0.5637449590746765,-0.003103381554798346,-0.18152502468964465,-0.28378320797232354,0.32441586554464696,-0.27945352414542785,-0.44690291629477147,-0.7611141943048213,-0.4167327248757193,-0.2757577768833604,-0.433416376619937,0.3338244266691196,-1.1726039399558572,-0.49430000374546906,-0.2968260885977624,0.2968260885977624,-0.8353847527303694,-31.4231,-64.2256,-0.2992479247016861,0.11567840542343555,0.15474288688012386,-0.3703495227159833,-0.6046351081736687,-0.3558021347383004,1.0310544764877052,Cluster 4,Transición Urbana Mixta,Muy Baja,<b>EL TREBOL</b><hr>Tipología: <span style='color:#38bdf8'>Transición Urbana Mixta</span><br>Pob: 1264.0<br>Score Infra: <b style='color:#e2e8f0'>Muy Baja</b>
EL VIEJO ALGARROBO,-0.4870204208247335,-0.39663060868262456,-0.37429281667902287,-0.5633699592813196,-0.35247373213133265,-0.31179283249633316,-0.31679235383650955,-0.48584923172746025,1.100537967914707,-0.5780048145812022,-0.5454591245138511,-0.28378320797232354,0.32441586554464696,-1.2349599477828588,-0.44690291629477147,0.7343308938643821,-0.4167327248757193,-0.2757577768833604,2.6410668946896796,1.8340599757482867,0.8528028654224415,-0.49430000374546906,-0.2968260885977624,0.2968260885977624,1.9023035425515222,-31.5024,-64.1658,-0.25677370873409466,-0.9506531708092479,-0.7128204015092076,0.33481243244943115,-0.04067584710878904,-1.342572203679605,-1.0117566654304488,Cluster 1,Núcleo Consolidado (Alta Infraestructura),Muy Alta,<b>EL VIEJO ALGARROBO</b><hr>Tipología: <span style='color:#38bdf8'>Núcleo Consolidado (Alta Infraestructura)</span><br>Pob: 500.0<br>Score Infra: <b style='color:#e2e8f0'>Muy Alta</b>
EMAUS,-0.4870204208247335,-0.39663060868262456,-0.39715958039896315,-0.8293034912587037,-0.5498909925314214,-0.6586974704539651,-0.31679235383650955,-0.48584923172746025,-0.8411254469062404,-0.5780048145812022,-0.5090657145314306,-0.28378320797232354,-1.0337319105490443,-1.2349599477828588,-0.44690291629477147,-0.7611141943048213,-0.4167327248757193,-0.2757577768833604,-0.4272796834636304,-0.6477192617689459,-1.1726039399558572,-0.49430000374546906,-0.2968260885977624,0.2968260885977624,-0.8310894975112567,-31.4371,-64.143,-0.39026410177509635,3.615294415328214,4.288227497358753,0.7845780616819991,-0.6046351081736687,-1.342572203679605,-0.3308196181243975,Cluster 2,Anillos Densos Poblacionales,Muy Baja,<b>EMAUS</b><hr>Tipología: <span style='color:#38bdf8'>Anillos Densos Poblacionales</span><br>Pob: 500.0<br>Score Infra: <b style='color:#e2e8f0'>Muy Baja</b>
EMPALME,0.09593073951861911,0.12041932070735538,-0.3133147800925154,-0.7317945295336629,0.8320298302692002,1.0758257193341945,0.3977986178312334,-0.48584923172746025,-0.37882463385363385,0.7634318624804068,-0.06627922641197928,2.831525786212739,-1.0337319105490443,0.7482834066784174,0.6209718553965115,0.7642397956277661,-0.4167327248757193,3.976094957602642,-0.7279776481226548,-0.6477192617689459,0.8528028654224415,-0.49430000374546906,3.368976105584603,0.2968260885977624,0.33077703925870056,-31.4345,-64.1305,-0.020131648343227997,-0.2822443669321412,-0.18024172807644354,-0.3597668020281582,-0.04067584710878904,-0.45967266831106945,0.35011742918165384,Cluster 3,Transición Urbana Mixta,Alta,<b>EMPALME</b><hr>Tipología: <span style='color:#38bdf8'>Transición Urbana Mixta</span><br>Pob: 3426.0<br>Score Infra: <b style='color:#e2e8f0'>Alta</b>
EMPALME CASAS DE OBREROS Y EMPLEADOS,-0.3409837835958622,-0.3003713133174687,-0.30569252551920195,-0.30275509794348326,-0.5498909925314214,-0.6586974704539651,-0.31679235383650955,-0.48584923172746025,0.9156176426936644,1.3383332955068108,-0.39988548458416856,-0.28378320797232354,0.32441586554464696,-0.30525013385486116,-0.44690291629477147,-0.7611141943048213,-0.4167327248757193,-0.2757577768833604,1.5717481122032513,0.35864221904429183,-1.1726039399558572,-0.49430000374546906,-0.2968260885977624,0.2968260885977624,0.4644668579535803,-31.4387,-64.1252,-0.29318017956345876,-0.0009355468955704354,-0.03085957237660531,0.09564294490458317,-0.6046351081736687,0.025056488361852716,1.0310544764877052,Cluster 4,Transición Urbana Mixta,Alta,<b>EMPALME CASAS DE OBREROS Y EMPLEADOS</b><hr>Tipología: <span style='color:#38bdf8'>Transición Urbana Mixta</span><br>Pob: 1233.0<br>Score Infra: <b style='color:#e2e8f0'>Alta</b>
ESCOBAR,-0.15231162062759326,-0.10345229765617849,-0.3514260529590825,-0.7495234316654884,0.23977804906893374,0.035111805461298766,0.3977986178312334,-0.48584923172746025,0.5457769922515792,-0.003103381554798346,2.2204400341501183,-0.28378320797232354,-1.0337319105490443,0.28291256752023064,1.4200110202284506,0.6072180613699998,-0.4167327248757193,-0.2757577768833604,0.15570616638549856,-0.6477192617689459,0.8528028654224415,-0.49430000374546906,-0.2968260885977624,0.2968260885977624,0.22822782090238727,-31.3919,-64.2206,-0.13541880596954767,-0.3785875073306708,-0.2585908438138299,-0.3047366544514676,-0.6046351081736687,-0.5289196906929147,0.35011742918165384,Cluster 3,Transición Urbana Mixta,Alta,<b>ESCOBAR</b><hr>Tipología: <span style='color:#38bdf8'>Transición Urbana Mixta</span><br>Pob: 2180.0<br>Score Infra: <b style='color:#e2e8f0'>Alta</b>
ESCUELA DE SUBOFICIALES,-0.4870204208247335,-0.39663060868262456,-0.4047818349722766,-0.9179480019178317,-0.5498909925314214,-0.6586974704539651,-0.31679235383650955,1.9142459730061934,-0.8411254469062404,-0.5780048145812022,-0.5454591245138511,-0.28378320797232354,0.32441586554464696,-1.2349599477828588,-0.44690291629477147,-0.7611141943048213,3.2290985212218493,-0.2757577768833604,-0.4272796834636304,1.8340599757482867,-1.1726039399558572,2.0230629019273323,-0.2968260885977624,0.2968260885977624,0.361917639597267,-31.4272,-64.2575,-0.40239959205155107,-1.3657385904896708,-1.1674591357020647,-0.5223879432644044,-0.6046351081736687,-1.342572203679605,1.0310544764877052,Cluster 4,Transición Urbana Mixta,Alta,<b>ESCUELA DE SUBOFICIALES</b><hr>Tipología: <span style='color:#38bdf8'>Transición Urbana Mixta</span><br>Pob: 500.0<br>Score Infra: <b style='color:#e2e8f0'>Alta</b>
ESTACION FLORES,0.18558488242856738,0.05661315920816637,0.5403777321185892,1.2290220462462484,0.4371953094690225,1.0758257193341945,-0.31679235383650955,1.9142459730061934,0.17593634180949397,-0.38637100357240095,1.1953589863119367,-0.28378320797232354,0.32441586554464696,0.87623459083721,-0.44690291629477147,0.2034478875643149,0.996252796369846,-0.2757577768833604,-0.5270009472536129,-0.3275697401292229,0.8528028654224415,2.0230629019273323,-0.2968260885977624,0.2968260885977624,0.04729019479726924,-31.4487,-64.2475,0.02234256762436343,-0.26251150657629313,-0.3693685608981299,-0.40245044213571957,2.2151611971507297,0.8906442681349273,-1.6926937127365,Cluster 0,Vulnerabilidad y Periferia NBI,Alta,<b>ESTACION FLORES</b><hr>Tipología: <span style='color:#38bdf8'>Vulnerabilidad y Periferia NBI</span><br>Pob: 3876.0<br>Score Infra: <b style='color:#e2e8f0'>Alta</b>
ESTADIO CORDOBA,-0.4870204208247335,-0.39663060868262456,-0.4047818349722766,-0.9179480019178317,-0.5498909925314214,-0.6586974704539651,-0.31679235383650955,-0.48584923172746025,-0.6562051216851977,-0.7696386255900036,-0.5454591245138511,-0.28378320797232354,-1.0337319105490443,-1.2349599477828588,-0.44690291629477147,-0.7611141943048213,-0.4167327248757193,-0.2757577768833604,0.18638963216703167,-0.6477192617689459,-1.1726039399558572,-0.49430000374546906,-0.2968260885977624,0.2968260885977624,-0.4337783897433415,-31.3679,-64.2468,-0.40239959205155107,-1.3657385904896708,-1.1674591357020647,-0.5223879432644044,-0.6046351081736687,-1.342572203679605,1.0310544764877052,Cluster 4,Transición Urbana Mixta,Media,<b>ESTADIO CORDOBA</b><hr>Tipología: <span style='color:#38bdf8'>Transición Urbana Mixta</span><br>Pob: 500.0<br>Score Infra: <b style='color:#e2e8f0'>Media</b>
FERIAR,-0.4870204208247335,-0.39663060868262456,-0.4047818349722766,-0.9179480019178317,-0.5498909925314214,-0.6586974704539651,-0.31679235383650955,-0.48584923172746025,-0.10144414602206994,-0.38637100357240095,-0.5454591245138511,-0.28378320797232354,0.32441586554464696,-1.2349599477828588,-0.44690291629477147,-0.7611141943048213,-0.4167327248757193,-0.2757577768833604,2.0273975790590177,1.8340599757482867,-1.1726039399558572,-0.49430000374546906,-0.2968260885977624,0.2968260885977624,0.7597656542675713,-31.3703,-64.2557,-0.40239959205155107,-1.3657385904896708,-1.1674591357020647,-0.5223879432644044,-0.6046351081736687,-1.342572203679605,1.0310544764877052,Cluster 4,Transición Urbana Mixta,Muy Alta,<b>FERIAR</b><hr>Tipología: <span style='color:#38bdf8'>Transición Urbana Mixta</span><br>Pob: 500.0<br>Score Infra: <b style='color:#e2e8f0'>Muy Alta</b>
FERRER,-0.21925338066702132,-0.25251669219307693,0.6547115507182907,4.4166786495484915,-0.5498909925314214,-0.6586974704539651,-0.31679235383650955,1.9142459730061934,0.17593634180949397,0.18853042945400297,-0.4180821895753789,-0.28378320797232354,1.682563641638338,0.10955935027283484,-0.44690291629477147,-0.7611141943048213,2.551632207353336,-0.2757577768833604,0.04064316970474941,0.6986459745841528,-1.1726039399558572,2.0230629019273323,-0.2968260885977624,0.2968260885977624,0.4435274887604063,-31.4438,-64.2118,-0.27497694414877677,0.3837894804077915,0.032791923571315294,0.0007512160704178755,-0.6046351081736687,1.2368793800441573,-1.6926937127365,Cluster 0,Vulnerabilidad y Periferia NBI,Alta,<b>FERRER</b><hr>Tipología: <span style='color:#38bdf8'>Vulnerabilidad y Periferia NBI</span><br>Pob: 1844.0<br>Score Infra: <b style='color:#e2e8f0'>Alta</b>
FERREYRA,0.1839910309990572,0.059363424790027965,0.36506587693238024,0.8230301874274424,0.4371953094690225,0.7289210813765625,0.040503131997361934,-0.48584923172746025,0.7306973174726218,-0.38637100357240095,-0.14513161470722402,5.9468347803978014,0.32441586554464696,0.8741708620604547,0.2998626583145174,0.2034478875643149,-0.4167327248757193,3.976094957602642,-0.28766991415765475,-0.32632885051046434,0.8528028654224415,-0.49430000374546906,3.368976105584603,0.2968260885977624,0.3366830151849806,-31.4664,-64.1106,0.13762972525068312,-0.49982186586587357,-0.536683558560839,-0.4066835304108496,0.2413037834236508,0.8387090013485423,-1.6926937127365,Cluster 0,Vulnerabilidad y Periferia NBI,Alta,<b>FERREYRA</b><hr>Tipología: <span style='color:#38bdf8'>Vulnerabilidad y Periferia NBI</span><br>Pob: 3868.0<br>Score Infra: <b style='color:#e2e8f0'>Alta</b>
FERREYRA SEGUNDA SECCION,-0.39955782363036174,-0.38837981193703974,-0.1608696886262467,1.720112635297818,-0.5498909925314214,-0.6586974704539651,-0.31679235383650955,-0.48584923172746025,-0.47128479646415516,-0.38637100357240095,-0.5454591245138511,-0.28378320797232354,-1.0337319105490443,-0.585917247493502,-0.44690291629477147,-0.7611141943048213,-0.4167327248757193,-0.2757577768833604,-0.060612267374309844,-0.6477192617689459,-1.1726039399558572,-0.49430000374546906,-0.2968260885977624,0.2968260885977624,-0.5937766466552857,-31.4711,-64.1176,-0.3417221406692776,0.5051374064955266,0.005513490406011204,-0.10507599080783343,-0.6046351081736687,1.8947260926716938,-1.6926937127365,Cluster 0,Vulnerabilidad y Periferia NBI,Baja,<b>FERREYRA SEGUNDA SECCION</b><hr>Tipología: <span style='color:#38bdf8'>Vulnerabilidad y Periferia NBI</span><br>Pob: 939.0<br>Score Infra: <b style='color:#e2e8f0'>Baja</b>
FERROVIARIO MITRE,-0.3609069264647396,-0.3141226412267767,-0.08464714289311237,1.2095202539012404,0.6346125698691113,1.0758257193341945,0.040503131997361934,-0.48584923172746025,-0.19390430863259123,0.9550656734892082,-0.460541167888203,-0.28378320797232354,0.32441586554464696,-0.3919267424785595,0.17664633850398476,2.830571046205563,-0.4167327248757193,-0.2757577768833604,0.1771845924325718,0.4479862715949123,0.8528028654224415,-0.49430000374546906,-0.2968260885977624,0.2968260885977624,1.3503632468955533,-31.4335,-64.1364,-0.29318017956345876,-0.11162605476405789,-0.10663360402318695,0.4191214405957713,0.5232834139560907,-0.061502289615454425,-1.0117566654304488,Cluster 1,Núcleo Consolidado (Alta Infraestructura),Muy Alta,<b>FERROVIARIO MITRE</b><hr>Tipología: <span style='color:#38bdf8'>Núcleo Consolidado (Alta Infraestructura)</span><br>Pob: 1133.0<br>Score Infra: <b style='color:#e2e8f0'>Muy Alta</b>
FINCA LA DOROTEA,-0.4870204208247335,-0.39663060868262456,-0.32855928923914224,-0.03150289532655163,-0.5498909925314214,-0.6586974704539651,-0.31679235383650955,-0.48584923172746025,-0.8411254469062404,-0.5780048145812022,-0.4726723045490099,-0.28378320797232354,0.32441586554464696,-1.2349599477828588,-0.44690291629477147,-0.7611141943048213,-0.4167327248757193,-0.2757577768833604,-0.4272796834636304,1.8340599757482867,-1.1726039399558572,-0.49430000374546906,-0.2968260885977624,0.2968260885977624,-0.8310894975112567,-31.3764,-64.1151,-0.3113834149781408,-0.7016015205183537,-0.44003606985616667,-0.34812580927155057,-0.6046351081736687,-1.342572203679605,1.0310544764877052,Cluster 4,Transición Urbana Mixta,Muy Baja,<b>FINCA LA DOROTEA</b><hr>Tipología: <span style='color:#38bdf8'>Transición Urbana Mixta</span><br>Pob: 500.0<br>Score Infra: <b style='color:#e2e8f0'>Muy Baja</b>
FINCAS DEL SUR,-0.4870204208247335,-0.39663060868262456,-0.4047818349722766,-0.9179480019178317,-0.5498909925314214,-0.6586974704539651,-0.31679235383650955,-0.48584923172746025,-1.0260457721272829,-0.7696386255900036,0.5888021532715925,-0.28378320797232354,-1.0337319105490443,-1.2349599477828588,-0.44690291629477147,-0.7611141943048213,-0.4167327248757193,-0.2757577768833604,-1.0409489990942924,-0.6477192617689459,-1.1726039399558572,-0.49430000374546906,-0.2968260885977624,-3.3689761055846037,-1.228937512181561,-31.4868,-64.1573,-0.04440262889613742,-1.1968895412452538,-0.9825222702145691,-0.5223879432644044,-0.6046351081736687,-1.342572203679605,1.0310544764877052,Cluster 4,Transición Urbana Mixta,Muy Baja,<b>FINCAS DEL SUR</b><hr>Tipología: <span style='color:#38bdf8'>Transición Urbana Mixta</span><br>Pob: 500.0<br>Score Infra: <b style='color:#e2e8f0'>Muy Baja</b>
GENERAL ARENALES,-0.12481768346854245,-0.1645081935735059,0.052553439426529444,0.7928910538033389,0.04236078866884495,0.3820164434189307,-0.31679235383650955,4.3143411777398475,-0.10144414602206994,-0.5780048145812022,-0.29677082296731006,-0.28378320797232354,1.682563641638338,0.3458562952112493,-0.44690291629477147,0.2034478875643149,3.2290985212218493,-0.2757577768833604,-0.3797203115022541,0.42316847921974005,0.8528028654224415,2.0230629019273323,-0.2968260885977624,0.2968260885977624,0.8735899175740551,-31.3688,-64.0602,-0.17789302193713913,-0.11751961301654158,-0.2503145671914767,-0.14917066034043813,1.0872426750209703,0.7867737345621582,-1.6926937127365,Cluster 0,Vulnerabilidad y Periferia NBI,Muy Alta,<b>GENERAL ARENALES</b><hr>Tipología: <span style='color:#38bdf8'>Vulnerabilidad y Periferia NBI</span><br>Pob: 2318.0<br>Score Infra: <b style='color:#e2e8f0'>Muy Alta</b>
GENERAL ARTIGAS,-0.2774289578441433,-0.24756621414572608,-0.34380379838576913,-0.6165566656767965,-0.15505647173124384,0.035111805461298766,-0.31679235383650955,-0.48584923172746025,-0.10144414602206994,-0.19473719256359964,-0.13300047804641713,-0.28378320797232354,-1.0337319105490443,-0.06792132452806995,-0.44690291629477147,0.2034478875643149,-0.4167327248757193,-0.2757577768833604,-0.05294140092892646,-0.6477192617689459,0.8528028654224415,-0.49430000374546906,-0.2968260885977624,0.2968260885977624,-0.10787589999317322,-31.4615,-64.1996,-0.19609625735182115,-0.4562597436101926,-0.41168832211078266,-0.3057949265202501,0.5232834139560907,0.04236824395731384,1.0310544764877052,Cluster 4,Transición Urbana Mixta,Media,<b>GENERAL ARTIGAS</b><hr>Tipología: <span style='color:#38bdf8'>Transición Urbana Mixta</span><br>Pob: 1552.0<br>Score Infra: <b style='color:#e2e8f0'>Media</b>
GENERAL BELGRANO,0.041739790915272586,-0.017093958385724386,-0.17611419777287357,-0.3204840000753089,-0.15505647173124384,0.035111805461298766,-0.31679235383650955,-0.48584923172746025,-0.28636447124311254,-0.19473719256359964,0.7707692031836957,-0.28378320797232354,0.32441586554464696,0.6636705268314754,-0.44690291629477147,-0.29004899153152225,-0.4167327248757193,-0.2757577768833604,-0.651268983668822,-0.25435725262246456,0.8528028654224415,-0.49430000374546906,-0.2968260885977624,0.2968260885977624,-0.7414260448122814,-31.3704,-64.1373,-0.22643498304295792,0.8011821145765093,0.5068747249244011,-0.41197489075476224,0.5232834139560907,0.45785037824839,0.35011742918165384,Cluster 3,Transición Urbana Mixta,Baja,<b>GENERAL BELGRANO</b><hr>Tipología: <span style='color:#38bdf8'>Transición Urbana Mixta</span><br>Pob: 3154.0<br>Score Infra: <b style='color:#e2e8f0'>Baja</b>
GENERAL BUSTOS,2.5331288066683912,2.206770791107562,1.4474260263428878,-0.0439131268188296,2.6087851738699994,2.463444271164722,2.1842760470005906,-0.48584923172746025,1.7477591061883562,0.7634318624804068,2.1658499191764875,-0.28378320797232354,1.682563641638338,2.316717277011999,1.1885136920995711,0.0015628006614724081,-0.4167327248757193,-0.2757577768833604,-0.7463877275915747,-0.488885390567843,0.8528028654224415,-0.49430000374546906,-0.2968260885977624,0.2968260885977624,-0.6582054749419747,-31.3903,-64.1696,0.6533880620000079,0.42731972405223506,0.37926075889047556,-0.5008697445324933,-0.4636452929074488,-0.18268457878368535,0.35011742918165384,Cluster 3,Transición Urbana Mixta,Baja,<b>GENERAL BUSTOS</b><hr>Tipología: <span style='color:#38bdf8'>Transición Urbana Mixta</span><br>Pob: 15659.0<br>Score Infra: <b style='color:#e2e8f0'>Baja</b>
GENERAL MOSCONI,0.07560913379236416,-0.03854602992424483,0.43366616809220115,1.3743990437272184,-0.35247373213133265,-0.31179283249633316,-0.31679235383650955,1.9142459730061934,0.4533168296410579,0.3801642404628043,0.33404828339464787,-0.28378320797232354,0.32441586554464696,0.7173274750270975,-0.44690291629477147,-0.5367974310794408,1.2317503832441066,-0.2757577768833604,-0.3030116470484214,-0.27421148652260247,0.8528028654224415,2.0230629019273323,-0.2968260885977624,0.2968260885977624,-0.09928538955494808,-31.3652,-64.1504,-0.22036723790473056,0.8418552376888156,0.3801391244383984,-0.27510503652555723,-0.04067584710878904,1.0983853352804653,-1.6926937127365,Cluster 0,Vulnerabilidad y Periferia NBI,Media,<b>GENERAL MOSCONI</b><hr>Tipología: <span style='color:#38bdf8'>Vulnerabilidad y Periferia NBI</span><br>Pob: 3324.0<br>Score Infra: <b style='color:#e2e8f0'>Media</b>
GENERAL PAZ,1.3108439916627628,1.8085323348540028,0.4107994043722608,-0.4676338877694614,3.990705996670621,3.85106282299525,3.256162504502205,-0.48584923172746025,1.9326794314093987,1.7216009175244136,0.8496215914789405,2.831525786212739,0.32441586554464696,1.8038806759884534,1.1773122084804317,1.040897136939069,-0.4167327248757193,2.5888205812881524,-0.5254667739645363,-0.5174258517992912,0.8528028654224415,-0.49430000374546906,3.368976105584603,0.2968260885977624,0.404870191788393,-31.4126,-64.1657,0.28325560856813947,0.3135310136541289,0.8646641100071628,-0.427496214430239,-0.4523661076861512,-1.7580543379706812,0.35011742918165384,Cluster 3,Transición Urbana Mixta,Alta,<b>GENERAL PAZ</b><hr>Tipología: <span style='color:#38bdf8'>Transición Urbana Mixta</span><br>Pob: 9524.0<br>Score Infra: <b style='color:#e2e8f0'>Alta</b>
GENERAL PUEYRREDON,4.199102013363919,3.8596804058063805,3.87130298065656,0.3354853788022384,2.806202434270088,0.7289210813765625,4.32804896200382,-0.48584923172746025,3.4120420331777397,1.5299671065156122,0.679785678227644,-0.28378320797232354,0.32441586554464696,2.758355235237506,2.4094754065857584,-0.23023118800475417,-0.4167327248757193,-0.2757577768833604,-0.7341143412789614,-0.5956018977810841,0.8528028654224415,-0.49430000374546906,-0.2968260885977624,0.2968260885977624,-0.7655868554197898,-31.4021,-64.1625,1.5150078716282918,0.1488102445649338,0.20302571358271213,-0.5128634946453617,-0.9655690352551918,-0.4250491571201464,0.35011742918165384,Cluster 3,Transición Urbana Mixta,Baja,<b>GENERAL PUEYRREDON</b><hr>Tipología: <span style='color:#38bdf8'>Transición Urbana Mixta</span><br>Pob: 24021.0<br>Score Infra: <b style='color:#e2e8f0'>Baja</b>
GENERAL SAVIO,0.38740631969029543,0.2133782973742773,1.9809838464748282,3.3210324978016694,-0.5498909925314214,-0.6586974704539651,-0.31679235383650955,-0.48584923172746025,-0.19390430863259123,-0.5780048145812022,-0.12086934138561026,-0.28378320797232354,0.32441586554464696,1.1156271289407558,-0.44690291629477147,-0.7611141943048213,-0.4167327248757193,-0.2757577768833604,-0.7586611139041879,-0.39333688992342963,-1.1726039399558572,-0.49430000374546906,-0.2968260885977624,0.2968260885977624,-1.0458522584668866,-31.372,-64.1581,-0.21429949276650323,1.7764902936608766,1.1362481906009303,-0.4835846340757122,-0.6046351081736687,0.7867737345621582,-1.6926937127365,Cluster 0,Vulnerabilidad y Periferia NBI,Muy Baja,<b>GENERAL SAVIO</b><hr>Tipología: <span style='color:#38bdf8'>Vulnerabilidad y Periferia NBI</span><br>Pob: 4889.0<br>Score Infra: <b style='color:#e2e8f0'>Muy Baja</b>
GRANADERO PRINGLES,-0.14653390919561882,-0.161207874875272,-0.28282576179926167,-0.4658609975562789,-0.5498909925314214,-0.6586974704539651,-0.31679235383650955,-0.48584923172746025,0.7306973174726218,-0.003103381554798346,-0.3938199162537651,-0.28378320797232354,0.32441586554464696,0.2963268045691362,-0.44690291629477147,-0.7611141943048213,-0.4167327248757193,-0.2757577768833604,0.27844002951163094,-0.0855962644712927,-1.1726039399558572,-0.49430000374546906,-0.2968260885977624,0.2968260885977624,-0.3736448166757652,-31.3756,-64.1976,-0.28711243442523143,0.9507047557583527,0.6357871443769954,-0.22677727871782244,-0.6046351081736687,0.423226867057467,0.35011742918165384,Cluster 3,Transición Urbana Mixta,Media,<b>GRANADERO PRINGLES</b><hr>Tipología: <span style='color:#38bdf8'>Transición Urbana Mixta</span><br>Pob: 2209.0<br>Score Infra: <b style='color:#e2e8f0'>Media</b>
GRANJA DE FUNES,0.18359256814167965,0.16882399494811945,-0.19898096149281388,-0.5279121550176684,0.4371953094690225,1.0758257193341945,-0.31679235383650955,-0.48584923172746025,1.7477591061883562,1.3383332955068108,-0.24218070799367908,-0.28378320797232354,0.32441586554464696,0.8731389976720779,-0.44690291629477147,0.2034478875643149,-0.4167327248757193,-0.2757577768833604,0.14956947322919192,-0.32632885051046434,0.8528028654224415,-0.49430000374546906,-0.2968260885977624,0.2968260885977624,0.023129384189760863,-31.3492,-64.2446,0.26505237315345753,-0.665495008465781,-0.5584081027336872,-0.4476033837371068,2.2151611971507297,-0.21730808997460835,0.35011742918165384,Cluster 3,Transición Urbana Mixta,Alta,<b>GRANJA DE FUNES</b><hr>Tipología: <span style='color:#38bdf8'>Transición Urbana Mixta</span><br>Pob: 3866.0<br>Score Infra: <b style='color:#e2e8f0'>Alta</b>
GUARNICION AEREA CORDOBA,-0.4870204208247335,-0.39663060868262456,-0.4047818349722766,-0.9179480019178317,-0.5498909925314214,-0.6586974704539651,-0.31679235383650955,-0.48584923172746025,-1.0260457721272829,-0.7696386255900036,-0.5454591245138511,-0.28378320797232354,-1.0337319105490443,-1.2349599477828588,-0.44690291629477147,-0.7611141943048213,-0.4167327248757193,-0.2757577768833604,-1.0409489990942924,-0.6477192617689459,-1.1726039399558572,-0.49430000374546906,-0.2968260885977624,-3.3689761055846037,-1.228937512181561,-31.4438,-64.2815,6.253916824583852,-1.3566571711134638,-1.1575134189699947,-0.5223879432644044,-0.6046351081736687,-1.342572203679605,1.0310544764877052,Cluster 4,Transición Urbana Mixta,Muy Baja,<b>GUARNICION AEREA CORDOBA</b><hr>Tipología: <span style='color:#38bdf8'>Transición Urbana Mixta</span><br>Pob: 500.0<br>Score Infra: <b style='color:#e2e8f0'>Muy Baja</b>
GUARNICION MILITAR CORDOBA,-0.4870204208247335,-0.39663060868262456,-0.4047818349722766,-0.9179480019178317,-0.5498909925314214,-0.6586974704539651,-0.31679235383650955,-0.48584923172746025,-1.0260457721272829,-0.7696386255900036,-0.5333279878530442,-0.28378320797232354,-1.0337319105490443,-1.2349599477828588,-0.44690291629477147,-0.7611141943048213,-0.4167327248757193,-0.2757577768833604,-1.0409489990942924,-0.6477192617689459,-1.1726039399558572,-0.49430000374546906,-0.2968260885977624,-3.3689761055846037,-1.228937512181561,-31.3933,-64.2925,14.63954060561405,-1.361719893060577,-1.1630563965891845,-0.5223879432644044,-0.6046351081736687,-1.342572203679605,1.0310544764877052,Cluster 4,Transición Urbana Mixta,Muy Baja,<b>GUARNICION MILITAR CORDOBA</b><hr>Tipología: <span style='color:#38bdf8'>Transición Urbana Mixta</span><br>Pob: 500.0<br>Score Infra: <b style='color:#e2e8f0'>Muy Baja</b>
GUAYAQUIL,-0.4696872865288102,-0.39663060868262456,-0.4047818349722766,-0.9179480019178317,-0.15505647173124384,0.035111805461298766,-0.31679235383650955,-0.48584923172746025,0.2683965044200153,-0.003103381554798346,-0.023820248099155183,-0.28378320797232354,0.32441586554464696,-1.0698616456424819,-0.44690291629477147,1.7886196810236705,-0.4167327248757193,-0.2757577768833604,2.61805429535353,1.4667566485957362,0.8528028654224415,-0.49430000374546906,-0.2968260885977624,0.2968260885977624,2.412902006723532,-31.3828,-64.1551,-0.3538576309457323,0.09619459671787832,0.19646252256313984,2.468641680471238,0.5232834139560907,-0.5808549574792996,-1.0117566654304488,Cluster 1,Núcleo Consolidado (Alta Infraestructura),Muy Alta,<b>GUAYAQUIL</b><hr>Tipología: <span style='color:#38bdf8'>Núcleo Consolidado (Alta Infraestructura)</span><br>Pob: 587.0<br>Score Infra: <b style='color:#e2e8f0'>Muy Alta</b>
GUEMES,1.7220576604763922,2.4267920376564893,2.857543122405873,0.505682839267764,2.806202434270088,4.197967460952882,0.7550941036651048,1.9142459730061934,2.7648208949040907,3.254671405594824,0.25519589509940316,-0.28378320797232354,-1.0337319105490443,2.006126096110415,0.21025078936140268,0.33803794549954314,0.05426244887280245,-0.2757577768833604,-0.4978516547611565,-0.6477192617689459,0.8528028654224415,2.0230629019273323,-0.2968260885977624,0.2968260885977624,-0.1749892627918076,-31.4281,-64.1937,0.31359433425927624,0.5908789162444734,1.298232982423139,-0.4638302221251054,0.9462528597547505,-1.9138601383298344,0.35011742918165384,Cluster 3,Transición Urbana Mixta,Media,<b>GUEMES</b><hr>Tipología: <span style='color:#38bdf8'>Transición Urbana Mixta</span><br>Pob: 11588.0<br>Score Infra: <b style='color:#e2e8f0'>Media</b>
GUINAZU,-0.3154821607236991,-0.30147141955021334,-0.0922693974664258,1.030458342369802,0.4371953094690225,1.0758257193341945,-0.31679235383650955,1.9142459730061934,0.8231574800831432,-0.38637100357240095,-0.4848034412098168,2.831525786212739,0.32441586554464696,-0.20309555940550372,-0.44690291629477147,1.983027542485667,3.2290985212218493,3.976094957602642,1.2142857358483905,0.264334608018637,0.8528028654224415,2.0230629019273323,3.368976105584603,0.2968260885977624,3.389535662169258,-31.3122,-64.1733,-0.19609625735182115,-0.5681875400773251,-0.5689375779354946,0.37008816807551476,2.2151611971507297,0.6482796897984662,-1.0117566654304488,Cluster 1,Núcleo Consolidado (Alta Infraestructura),Muy Alta,<b>GUINAZU</b><hr>Tipología: <span style='color:#38bdf8'>Núcleo Consolidado (Alta Infraestructura)</span><br>Pob: 1361.0<br>Score Infra: <b style='color:#e2e8f0'>Muy Alta</b>
GUINAZU SUD,-0.4870204208247335,-0.39663060868262456,-0.38191507125233626,-0.6520144699404476,-0.5498909925314214,-0.6586974704539651,-0.31679235383650955,1.9142459730061934,0.08347617919897267,-0.38637100357240095,-0.5211968511922374,-0.28378320797232354,0.32441586554464696,-1.2349599477828588,-0.44690291629477147,-0.7611141943048213,3.2290985212218493,-0.2757577768833604,2.6410668946896796,1.8340599757482867,-1.1726039399558572,2.0230629019273323,-0.2968260885977624,0.2968260885977624,2.350620806046399,-31.3357,-64.1831,-0.37812861149864163,1.1247779124192716,1.5603841808283443,5.3570189135349775,-0.6046351081736687,-1.342572203679605,-1.0117566654304488,Cluster 1,Núcleo Consolidado (Alta Infraestructura),Muy Alta,<b>GUINAZU SUD</b><hr>Tipología: <span style='color:#38bdf8'>Núcleo Consolidado (Alta Infraestructura)</span><br>Pob: 500.0<br>Score Infra: <b style='color:#e2e8f0'>Muy Alta</b>
HIPOLITO IRIGOYEN,0.07341758807678764,-0.01544379903660743,0.2278652946127384,0.7290670061287665,-0.5498909925314214,-0.6586974704539651,-0.31679235383650955,1.9142459730061934,-0.47128479646415516,-0.003103381554798346,-0.405951052914572,-0.28378320797232354,0.32441586554464696,0.7142318818619653,-0.44690291629477147,-0.7611141943048213,1.23722707131095,-0.2757577768833604,-0.7632636337714179,-0.2729705969038438,-1.1726039399558572,2.0230629019273323,-0.2968260885977624,0.2968260885977624,-0.5078715422730339,-31.3728,-64.1863,-0.22643498304295792,0.9104221456337023,0.512515904902986,-0.3590612873156365,-0.6046351081736687,0.7521502233712352,0.35011742918165384,Cluster 3,Transición Urbana Mixta,Baja,<b>HIPOLITO IRIGOYEN</b><hr>Tipología: <span style='color:#38bdf8'>Transición Urbana Mixta</span><br>Pob: 3313.0<br>Score Infra: <b style='color:#e2e8f0'>Baja</b>
HOGAR PROPIO,0.3529392825271375,0.3629927450275481,0.022064421133275707,-0.2903448664512054,-0.15505647173124384,0.035111805461298766,-0.31679235383650955,1.9142459730061934,0.7306973174726218,0.18853042945400297,-0.4362788945665892,-0.28378320797232354,3.0407114177320294,1.0784800109591715,-0.44690291629477147,-0.4470707257892887,0.7443251452950553,-0.2757577768833604,-0.42267716359640034,0.14148653576153408,0.8528028654224415,2.0230629019273323,-0.2968260885977624,0.2968260885977624,-0.2920349675126259,-31.4073,-64.1542,-0.11114782541663827,0.5918073807967579,0.6295076490623422,-0.3939842655854595,0.5232834139560907,-0.5116079350974536,0.35011742918165384,Cluster 3,Transición Urbana Mixta,Media,<b>HOGAR PROPIO</b><hr>Tipología: <span style='color:#38bdf8'>Transición Urbana Mixta</span><br>Pob: 4716.0<br>Score Infra: <b style='color:#e2e8f0'>Media</b>
HORIZONTE,-0.1849855749325522,-0.15405718436243185,-0.3209370346658288,-0.6130108852504313,-0.5498909925314214,-0.6586974704539651,-0.31679235383650955,-0.48584923172746025,-0.10144414602206994,0.3801642404628043,0.5948677216019959,-0.28378320797232354,-1.0337319105490443,0.20139528083841987,-0.44690291629477147,-0.7611141943048213,-0.4167327248757193,-0.2757577768833604,-0.27999904771227146,-0.6477192617689459,-1.1726039399558572,-0.49430000374546906,-0.2968260885977624,0.2968260885977624,-0.7355200688860016,-31.4587,-64.2065,-0.22643498304295792,0.019331280198501426,0.03843310354990026,-0.4105638613297189,-0.6046351081736687,-0.21730808997460835,0.35011742918165384,Cluster 3,Transición Urbana Mixta,Baja,<b>HORIZONTE</b><hr>Tipología: <span style='color:#38bdf8'>Transición Urbana Mixta</span><br>Pob: 2016.0<br>Score Infra: <b style='color:#e2e8f0'>Baja</b>
INAUDI,-0.2555135006883782,-0.25416685154219393,-0.37429281667902287,-0.763706553370949,0.23977804906893374,0.7289210813765625,-0.31679235383650955,1.9142459730061934,-0.37882463385363385,-0.5780048145812022,-0.2300495713328722,2.831525786212739,0.32441586554464696,0.002245453881590716,-0.44690291629477147,1.040897136939069,2.8802334913639327,3.976094957602642,-0.3950620443930206,0.09929628872374104,0.8528028654224415,2.0230629019273323,3.368976105584603,0.2968260885977624,1.7632446548327518,-31.4764,-64.1943,-0.22036723790473056,-0.2619416764004276,-0.3327390808437595,0.13303522466823198,1.65120193608585,0.596344423012082,-1.0117566654304488,Cluster 1,Núcleo Consolidado (Alta Infraestructura),Muy Alta,<b>INAUDI</b><hr>Tipología: <span style='color:#38bdf8'>Núcleo Consolidado (Alta Infraestructura)</span><br>Pob: 1662.0<br>Score Infra: <b style='color:#e2e8f0'>Muy Alta</b>
INDEPENDENCIA,-0.42466098364514726,-0.34492561574362657,-0.3514260529590825,-0.4960001311803824,-0.35247373213133265,-0.6586974704539651,0.040503131997361934,-0.48584923172746025,0.4533168296410579,0.9550656734892082,-0.3149675279585204,-0.28378320797232354,-1.0337319105490443,-0.7345057194198413,3.286924956751673,0.15858453491923874,-0.4167327248757193,-0.2757577768833604,1.9783040338085647,-0.6477192617689459,0.8528028654224415,-0.49430000374546906,-0.2968260885977624,0.2968260885977624,1.1860697347644964,-31.4012,-64.1902,-0.32958665039282287,-0.01587864591302409,0.16918408939783575,0.7997466280012152,-0.8866147387061086,-0.8751548026021448,-1.0117566654304488,Cluster 1,Núcleo Consolidado (Alta Infraestructura),Muy Alta,<b>INDEPENDENCIA</b><hr>Tipología: <span style='color:#38bdf8'>Núcleo Consolidado (Alta Infraestructura)</span><br>Pob: 813.0<br>Score Infra: <b style='color:#e2e8f0'>Muy Alta</b>
INDUSTRIAL ESTE,-0.35692229789096414,-0.2943207290373732,-0.39715958039896315,-0.8718528563750851,-0.5498909925314214,-0.6586974704539651,-0.31679235383650955,-0.48584923172746025,0.2683965044200153,1.1466994844980094,0.4674907866635236,-0.28378320797232354,-1.0337319105490443,-0.37438504787614413,-0.44690291629477147,-0.7611141943048213,-0.4167327248757193,-0.2757577768833604,0.821537373844767,-0.6477192617689459,-1.1726039399558572,-0.49430000374546906,-0.2968260885977624,0.2968260885977624,-0.021970795610921353,-31.4295,-64.1642,-0.2992479247016861,-0.01441422220931356,0.07130361551409169,-0.056042718287576995,-0.6046351081736687,-0.4942961795019917,1.0310544764877052,Cluster 4,Transición Urbana Mixta,Alta,<b>INDUSTRIAL ESTE</b><hr>Tipología: <span style='color:#38bdf8'>Transición Urbana Mixta</span><br>Pob: 1153.0<br>Score Infra: <b style='color:#e2e8f0'>Alta</b>
INDUSTRIAL OESTE,-0.2636819892646179,-0.24646610791298143,-0.2980702709458885,-0.3931724988157939,-0.5498909925314214,-0.6586974704539651,-0.31679235383650955,-0.48584923172746025,0.7306973174726218,-0.19473719256359964,0.34617942005545477,-0.28378320797232354,-1.0337319105490443,-0.02355115582784353,-0.44690291629477147,-0.7611141943048213,-0.4167327248757193,-0.2757577768833604,0.7571020957035475,-0.6477192617689459,-1.1726039399558572,-0.49430000374546906,-0.2968260885977624,0.2968260885977624,-0.06384953399726918,-31.4093,-64.2666,-0.2385704733194126,-0.16955347620851752,-0.21170467288930533,-0.2387710288306909,-0.6046351081736687,0.2674210666983138,1.0310544764877052,Cluster 4,Transición Urbana Mixta,Media,<b>INDUSTRIAL OESTE</b><hr>Tipología: <span style='color:#38bdf8'>Transición Urbana Mixta</span><br>Pob: 1621.0<br>Score Infra: <b style='color:#e2e8f0'>Media</b>
IPONA,-0.39099087219674444,-0.2855198791754161,-0.34380379838576913,-0.5651428494945022,0.04236078866884495,-0.6586974704539651,0.7550941036651048,-0.48584923172746025,1.377918455746271,2.488136161559619,-0.460541167888203,-0.28378320797232354,0.32441586554464696,-0.5394833500165211,3.286924956751673,1.5194395651532138,-0.4167327248757193,-0.2757577768833604,2.6410668946896796,0.6155063701273255,0.8528028654224415,-0.49430000374546906,-0.2968260885977624,0.2968260885977624,2.2937086743931574,-31.4448,-64.1884,-0.32351890525459553,0.13930045635022636,0.5196082975259652,1.2579784337840432,-1.0276045539723284,-1.446442737252374,-1.0117566654304488,Cluster 1,Núcleo Consolidado (Alta Infraestructura),Muy Alta,<b>IPONA</b><hr>Tipología: <span style='color:#38bdf8'>Núcleo Consolidado (Alta Infraestructura)</span><br>Pob: 982.0<br>Score Infra: <b style='color:#e2e8f0'>Muy Alta</b>
IPV ANEXO LOS GIGANTES,0.45733655116005506,0.2711338745933708,-0.13038067033299297,-0.4658609975562789,0.04236078866884495,0.3820164434189307,-0.31679235383650955,-0.48584923172746025,-0.008983983411548631,-0.38637100357240095,-0.5454591245138511,-0.28378320797232354,0.32441586554464696,1.1868257717387942,-0.44690291629477147,-0.33491234417659843,-0.4167327248757193,-0.2757577768833604,-0.7187726083881948,-0.4107093445860502,0.8528028654224415,-0.49430000374546906,-0.2968260885977624,0.2968260885977624,-0.8080025007085265,-31.3649,-64.1633,-0.2385704733194126,2.501019400207932,1.689705776778418,-0.42008830994876145,1.0872426750209703,0.7521502233712352,-0.3308196181243975,Cluster 2,Anillos Densos Poblacionales,Muy Baja,<b>IPV ANEXO LOS GIGANTES</b><hr>Tipología: <span style='color:#38bdf8'>Anillos Densos Poblacionales</span><br>Pob: 5240.0<br>Score Infra: <b style='color:#e2e8f0'>Muy Baja</b>
IRUPE,-0.48243809796489173,-0.39663060868262456,-0.32855928923914224,-0.03150289532655163,0.04236078866884495,0.3820164434189307,-0.31679235383650955,-0.48584923172746025,-0.47128479646415516,0.3801642404628043,-0.2725085496456963,-0.28378320797232354,0.32441586554464696,-1.1895579146942548,-0.44690291629477147,2.830571046205563,-0.4167327248757193,-0.2757577768833604,0.718747763476631,1.7248616892975286,0.8528028654224415,-0.49430000374546906,-0.2968260885977624,0.2968260885977624,1.700963454155619,-31.4592,-64.2025,-0.31745116011636815,-0.6214307980831136,-0.3880761103628954,0.8526602314403408,1.0872426750209703,-1.134831136534067,-1.0117566654304488,Cluster 1,Núcleo Consolidado (Alta Infraestructura),Muy Alta,<b>IRUPE</b><hr>Tipología: <span style='color:#38bdf8'>Núcleo Consolidado (Alta Infraestructura)</span><br>Pob: 523.0<br>Score Infra: <b style='color:#e2e8f0'>Muy Alta</b>
ITUZAINGO,0.04931058520544599,0.006558325618285333,-0.26758125265263477,-0.5757801907735977,1.2268643510693777,1.4227303572918264,0.7550941036651048,-0.48584923172746025,0.4533168296410579,-0.003103381554798346,-0.4302133262361858,2.831525786212739,-1.0337319105490443,0.6760528994920041,0.7964617654296945,1.3474633800137554,-0.4167327248757193,3.976094957602642,-0.27232818126688824,-0.6477192617689459,0.8528028654224415,-0.49430000374546906,3.368976105584603,0.2968260885977624,0.9165424697651811,-31.4647,-64.0971,-0.11721557055486562,-0.012593156542386658,-0.08444532648652868,-0.22254419044269239,-0.18166566237500897,0.2501093111028519,0.35011742918165384,Cluster 3,Transición Urbana Mixta,Muy Alta,<b>ITUZAINGO</b><hr>Tipología: <span style='color:#38bdf8'>Transición Urbana Mixta</span><br>Pob: 3192.0<br>Score Infra: <b style='color:#e2e8f0'>Muy Alta</b>
ITUZAINGO ANEXO,0.624890182687314,0.3640928512602927,0.6470892961449772,0.6280122639773609,-0.35247373213133265,-0.31179283249633316,-0.31679235383650955,1.9142459730061934,2.2100599192409627,0.18853042945400297,-0.405951052914572,-0.28378320797232354,5.757006969919413,1.3405735656070192,-0.44690291629477147,-0.641478587251285,0.4814441180865779,-0.2757577768833604,-0.1572651845861391,0.37229200485063674,0.8528028654224415,2.0230629019273323,-0.2968260885977624,0.2968260885977624,-0.30277310556040743,-31.4637,-64.0829,0.16190070580359256,-0.0629573774708124,-0.23881943545561748,-0.4571278323561494,-0.04067584710878904,0.9772030461122344,0.35011742918165384,Cluster 3,Transición Urbana Mixta,Media,<b>ITUZAINGO ANEXO</b><hr>Tipología: <span style='color:#38bdf8'>Transición Urbana Mixta</span><br>Pob: 6081.0<br>Score Infra: <b style='color:#e2e8f0'>Media</b>
ITUZAINGO II,-0.2772297264154545,-0.28992030410639463,-0.08464714289311237,0.9719529653347774,-0.5498909925314214,-0.6586974704539651,-0.31679235383650955,-0.48584923172746025,-0.8411254469062404,-0.5780048145812022,-0.5454591245138511,-0.28378320797232354,0.32441586554464696,-0.06688946013969226,-0.44690291629477147,-0.7611141943048213,-0.4167327248757193,-0.2757577768833604,-0.8430406448034039,0.15141365271160304,-1.1726039399558572,-0.49430000374546906,-0.2968260885977624,0.2968260885977624,-1.1006167625105723,-31.4748,-64.0879,0.3378653148121857,-1.1121143518994359,-0.9912677358873656,-0.5153327961391876,-0.6046351081736687,1.1503206020668495,-1.6926937127365,Cluster 0,Vulnerabilidad y Periferia NBI,Muy Baja,<b>ITUZAINGO II</b><hr>Tipología: <span style='color:#38bdf8'>Vulnerabilidad y Periferia NBI</span><br>Pob: 1553.0<br>Score Infra: <b style='color:#e2e8f0'>Muy Baja</b>
JARDIN,0.7763060684907822,0.9350479860547599,-0.06178037917317206,-0.6130108852504313,1.819116132269644,2.1165396332070903,1.1123895894989762,-0.48584923172746025,0.17593634180949397,1.7216009175244136,-0.2300495713328722,-0.28378320797232354,0.32441586554464696,1.4623335634355474,0.7964617654296945,0.5474002578432317,-0.4167327248757193,-0.2757577768833604,-0.749456074169728,-0.46654937743018793,0.8528028654224415,-0.49430000374546906,-0.2968260885977624,0.2968260885977624,-0.3881413030402703,-31.4463,-64.1817,0.16796845094181984,0.0842719961151526,0.35374996819428334,-0.4634774647688445,-0.15346769932176496,-1.152142892129529,0.35011742918165384,Cluster 3,Transición Urbana Mixta,Media,<b>JARDIN</b><hr>Tipología: <span style='color:#38bdf8'>Transición Urbana Mixta</span><br>Pob: 6841.0<br>Score Infra: <b style='color:#e2e8f0'>Media</b>
JARDIN DEL CLARET,-0.4870204208247335,-0.39663060868262456,-0.39715958039896315,-0.8293034912587037,-0.5498909925314214,-0.6586974704539651,-0.31679235383650955,-0.48584923172746025,-0.008983983411548631,-0.003103381554798346,-0.5454591245138511,-0.28378320797232354,-1.0337319105490443,-1.2349599477828588,-0.44690291629477147,-0.7611141943048213,-0.4167327248757193,-0.2757577768833604,2.3342322368743487,-0.6477192617689459,-1.1726039399558572,-0.49430000374546906,-0.2968260885977624,0.2968260885977624,0.9584212081515288,-31.3481,-64.2296,-0.29318017956345876,-0.8122900359736387,-0.5612723382160442,0.2759019539538712,-0.6046351081736687,-1.342572203679605,-1.0117566654304488,Cluster 1,Núcleo Consolidado (Alta Infraestructura),Muy Alta,<b>JARDIN DEL CLARET</b><hr>Tipología: <span style='color:#38bdf8'>Núcleo Consolidado (Alta Infraestructura)</span><br>Pob: 500.0<br>Score Infra: <b style='color:#e2e8f0'>Muy Alta</b>
JARDIN DEL PILAR,-0.16207396063334317,-0.15845760929341038,-0.12275841575967954,0.11919277279396592,-0.15505647173124384,0.035111805461298766,-0.31679235383650955,-0.48584923172746025,0.08347617919897267,-0.19473719256359964,0.15814680181294807,-0.28378320797232354,0.32441586554464696,0.2591796865875518,-0.44690291629477147,-0.05825500286529578,-0.4167327248757193,-0.2757577768833604,-0.1772094373441356,-0.06574203057115482,0.8528028654224415,-0.49430000374546906,-0.2968260885977624,0.2968260885977624,-0.31888031263207955,-31.4441,-64.1529,-0.2021640024900485,-0.07912182578129262,-0.12096023712160466,-0.3410706621463338,0.5232834139560907,0.16355053312554477,0.35011742918165384,Cluster 3,Transición Urbana Mixta,Media,<b>JARDIN DEL PILAR</b><hr>Tipología: <span style='color:#38bdf8'>Transición Urbana Mixta</span><br>Pob: 2131.0<br>Score Infra: <b style='color:#e2e8f0'>Media</b>
JARDIN DEL SUD,-0.2913751578523575,-0.25856727647317246,-0.38191507125233626,-0.7991643576346001,-0.5498909925314214,-0.6586974704539651,-0.31679235383650955,-0.48584923172746025,-0.37882463385363385,-0.38637100357240095,-0.3149675279585204,-0.28378320797232354,0.32441586554464696,-0.11538708639342857,-0.44690291629477147,-0.7611141943048213,-0.4167327248757193,-0.2757577768833604,-0.3168192066501112,0.1898812308931201,-1.1726039399558572,-0.49430000374546906,-0.2968260885977624,0.2968260885977624,-0.7596808794935098,-31.4561,-64.1646,-0.15968978652245705,-0.6275494990274604,-0.5523304678244575,-0.4454868395995418,-0.6046351081736687,0.025056488361852716,1.0310544764877052,Cluster 4,Transición Urbana Mixta,Baja,<b>JARDIN DEL SUD</b><hr>Tipología: <span style='color:#38bdf8'>Transición Urbana Mixta</span><br>Pob: 1482.0<br>Score Infra: <b style='color:#e2e8f0'>Baja</b>
JARDIN ESPINOSA,-0.28480052070562795,-0.2398654705165136,-0.38191507125233626,-0.808028808700513,0.6346125698691113,-0.6586974704539651,1.8269805611667191,-0.48584923172746025,-0.47128479646415516,-0.19473719256359964,1.5471619494753364,-0.28378320797232354,0.32441586554464696,-0.0926860698491265,3.286924956751673,2.1998670802702014,-0.4167327248757193,-0.2757577768833604,-0.433416376619937,0.1712678866117408,0.8528028654224415,-0.49430000374546906,-0.2968260885977624,0.2968260885977624,0.6400354150348078,-31.4535,-64.1713,-0.11114782541663827,-0.736883173505163,-0.6162056469243334,-0.26663885997529707,-1.0896400726894653,-0.2692433567609925,1.0310544764877052,Cluster 4,Transición Urbana Mixta,Alta,<b>JARDIN ESPINOSA</b><hr>Tipología: <span style='color:#38bdf8'>Transición Urbana Mixta</span><br>Pob: 1515.0<br>Score Infra: <b style='color:#e2e8f0'>Alta</b>
JARDIN HIPODROMO,-0.15071776919808308,-0.15240702501331488,-0.19135870691950044,-0.14674075918341808,0.04236078866884495,-0.6586974704539651,0.7550941036651048,-0.48584923172746025,-0.8411254469062404,-0.5780048145812022,-0.3756232112625548,-0.28378320797232354,1.682563641638338,0.28600816068536283,3.286924956751673,0.26326569109108305,-0.4167327248757193,-0.2757577768833604,-0.9013392297883167,0.48645384977642947,0.8528028654224415,-0.49430000374546906,-0.2968260885977624,0.2968260885977624,-0.6281386884081865,-31.4589,-64.1908,-0.27497694414877677,0.7101666870810023,0.5056199169987973,-0.33436827237737793,-1.0276045539723284,0.2154857999119289,0.35011742918165384,Cluster 3,Transición Urbana Mixta,Baja,<b>JARDIN HIPODROMO</b><hr>Tipología: <span style='color:#38bdf8'>Transición Urbana Mixta</span><br>Pob: 2188.0<br>Score Infra: <b style='color:#e2e8f0'>Baja</b>
JARDINES DEL JOCKEY,-0.48383271796571314,-0.39663060868262456,-0.39715958039896315,-0.8293034912587037,-0.5498909925314214,-0.6586974704539651,-0.31679235383650955,-0.48584923172746025,-0.37882463385363385,-0.003103381554798346,-0.5454591245138511,-0.28378320797232354,-1.0337319105490443,-1.2029721517431602,-0.44690291629477147,-0.7611141943048213,-0.4167327248757193,-0.2757577768833604,1.0409241541827285,-0.6477192617689459,-1.1726039399558572,-0.49430000374546906,-0.2968260885977624,0.2968260885977624,0.12030953352218354,-31.4545,-64.1762,-0.28711243442523143,-0.8246410054148647,-0.5931771936461837,-0.055689960931316194,-0.6046351081736687,-1.204078158915913,1.0310544764877052,Cluster 4,Transición Urbana Mixta,Alta,<b>JARDINES DEL JOCKEY</b><hr>Tipología: <span style='color:#38bdf8'>Transición Urbana Mixta</span><br>Pob: 516.0<br>Score Infra: <b style='color:#e2e8f0'>Alta</b>
JERONIMO LUIS DE CABRERA,0.06524909950054791,0.003808060036423738,-0.03891361545323176,-0.0013637617024481183,-0.35247373213133265,-0.31179283249633316,-0.31679235383650955,-0.48584923172746025,0.4533168296410579,0.18853042945400297,-0.4848034412098168,-0.28378320797232354,1.682563641638338,0.7008176448130597,-0.44690291629477147,-0.5293202056385947,-0.4167327248757193,-0.2757577768833604,-0.2907382607358081,0.11046429529256868,0.8528028654224415,-0.49430000374546906,-0.2968260885977624,0.2968260885977624,-0.6270648746034084,-31.3559,-64.1826,-0.25677370873409466,1.350584077878615,0.9420748476436627,-0.3576502578905932,-0.04067584710878904,0.4405386226529281,0.35011742918165384,Cluster 3,Transición Urbana Mixta,Baja,<b>JERONIMO LUIS DE CABRERA</b><hr>Tipología: <span style='color:#38bdf8'>Transición Urbana Mixta</span><br>Pob: 3272.0<br>Score Infra: <b style='color:#e2e8f0'>Baja</b>
JOCKEY CLUB,-0.48383271796571314,-0.39663060868262456,-0.4047818349722766,-0.9179480019178317,-0.5498909925314214,-0.6586974704539651,-0.31679235383650955,-0.48584923172746025,-0.8411254469062404,-0.19473719256359964,0.03683543520487923,-0.28378320797232354,0.32441586554464696,-1.2029721517431602,-0.44690291629477147,-0.7611141943048213,-0.4167327248757193,-0.2757577768833604,-0.44568976293255025,1.7571248193852524,-1.1726039399558572,-0.49430000374546906,-0.2968260885977624,0.2968260885977624,-0.8429014493638163,-31.4535,-64.1792,0.03447805790081814,-1.2229483135184906,-1.0159110724089013,-0.4871122076383206,-0.6046351081736687,-1.204078158915913,1.0310544764877052,Cluster 4,Transición Urbana Mixta,Muy Baja,<b>JOCKEY CLUB</b><hr>Tipología: <span style='color:#38bdf8'>Transición Urbana Mixta</span><br>Pob: 516.0<br>Score Infra: <b style='color:#e2e8f0'>Muy Baja</b>
JOSE HERNANDEZ,0.05747907378168573,0.01645928171298708,-0.0694026337464855,-0.09709983321430637,-0.35247373213133265,-0.31179283249633316,-0.31679235383650955,1.9142459730061934,-0.19390430863259123,-0.19473719256359964,-0.2907052546369066,-0.28378320797232354,0.32441586554464696,0.688435272152531,-0.44690291629477147,-0.5293202056385947,1.2755638877788529,-0.2757577768833604,-0.6144488247309823,-0.2642843695725335,0.8528028654224415,2.0230629019273323,-0.2968260885977624,0.2968260885977624,-0.28344445707440064,-31.4442,-64.157,-0.19609625735182115,0.5288112601655779,0.35852914968484445,-0.33965963272129046,-0.04067584710878904,0.2154857999119289,0.35011742918165384,Cluster 3,Transición Urbana Mixta,Media,<b>JOSE HERNANDEZ</b><hr>Tipología: <span style='color:#38bdf8'>Transición Urbana Mixta</span><br>Pob: 3233.0<br>Score Infra: <b style='color:#e2e8f0'>Media</b>
JOSE I RUCCI,-0.4870204208247335,-0.39663060868262456,-0.4047818349722766,-0.9179480019178317,-0.5498909925314214,-0.6586974704539651,-0.31679235383650955,-0.48584923172746025,-0.28636447124311254,-0.19473719256359964,-0.5454591245138511,-0.28378320797232354,0.32441586554464696,-1.2349599477828588,-0.44690291629477147,-0.7611141943048213,-0.4167327248757193,-0.2757577768833604,1.4137282634283557,1.8340599757482867,-1.1726039399558572,-0.49430000374546906,-0.2968260885977624,0.2968260885977624,0.361917639597267,-31.461,-64.1294,-0.39633184691332374,8.5963274211461,9.743914130419572,9.929812522744214,-0.6046351081736687,-1.342572203679605,-0.3308196181243975,Cluster 2,Anillos Densos Poblacionales,Alta,<b>JOSE I RUCCI</b><hr>Tipología: <span style='color:#38bdf8'>Anillos Densos Poblacionales</span><br>Pob: 500.0<br>Score Infra: <b style='color:#e2e8f0'>Alta</b>
JOSE IGNACIO DIAZ SECCION 1,0.30651835964265317,0.15122229522420524,0.2507320583326787,0.3567600613604291,-0.5498909925314214,-0.6586974704539651,-0.31679235383650955,1.9142459730061934,-0.37882463385363385,-0.38637100357240095,-0.5454591245138511,-0.28378320797232354,0.32441586554464696,1.0258549271519262,-0.44690291629477147,-0.7611141943048213,0.8045687140303313,-0.2757577768833604,-0.8016179659983342,-0.3710008767857745,-1.1726039399558572,2.0230629019273323,-0.2968260885977624,0.2968260885977624,-0.6743126820136469,-31.4434,-64.1379,-0.06867360944904678,0.2582594790083713,0.018907201090175612,-0.45606956028736695,-0.6046351081736687,0.8213972457530812,0.35011742918165384,Cluster 3,Transición Urbana Mixta,Baja,<b>JOSE IGNACIO DIAZ SECCION 1</b><hr>Tipología: <span style='color:#38bdf8'>Transición Urbana Mixta</span><br>Pob: 4483.0<br>Score Infra: <b style='color:#e2e8f0'>Baja</b>
JOSE IGNACIO DIAZ SECCION 2,-0.14753006633906268,-0.17770946836644155,-0.008424597159978028,0.6244664835509955,-0.5498909925314214,-0.6586974704539651,-0.31679235383650955,-0.48584923172746025,-0.10144414602206994,-0.38637100357240095,-0.5454591245138511,-0.28378320797232354,-1.0337319105490443,0.2932312114040049,-0.44690291629477147,-0.7611141943048213,-0.4167327248757193,-0.2757577768833604,-0.344434325853491,-0.6477192617689459,-1.1726039399558572,-0.49430000374546906,-0.2968260885977624,0.2968260885977624,-0.7773988072723492,-31.4451,-64.1454,-0.17789302193713913,-0.1789058637802411,-0.2857001506935091,-0.4423120233931942,-0.6046351081736687,0.7175267121803122,0.35011742918165384,Cluster 3,Transición Urbana Mixta,Baja,<b>JOSE IGNACIO DIAZ SECCION 2</b><hr>Tipología: <span style='color:#38bdf8'>Transición Urbana Mixta</span><br>Pob: 2204.0<br>Score Infra: <b style='color:#e2e8f0'>Baja</b>
JOSE IGNACIO DIAZ SECCION 3,1.779436311938759,1.1468184358581028,3.208166832778291,1.8778998642710656,0.6346125698691113,1.4227303572918264,-0.31679235383650955,1.9142459730061934,-0.28636447124311254,-0.19473719256359964,0.17027793847375494,2.831525786212739,-1.0337319105490443,2.03089084143147,-0.44690291629477147,-0.37977569682167445,0.04330907273911589,2.0159049096538495,-0.9381593887261566,-0.6477192617689459,0.8528028654224415,2.0230629019273323,3.368976105584603,0.2968260885977624,-0.5003548456395869,-31.4514,-64.1323,1.2662303209609704,-0.5053049869986778,-0.5711034855288197,-0.5051028328076234,2.7791204582156093,1.1676323576623113,-1.6926937127365,Cluster 0,Vulnerabilidad y Periferia NBI,Baja,<b>JOSE IGNACIO DIAZ SECCION 3</b><hr>Tipología: <span style='color:#38bdf8'>Vulnerabilidad y Periferia NBI</span><br>Pob: 11876.0<br>Score Infra: <b style='color:#e2e8f0'>Baja</b>
JUAN B JUSTO,0.0285905166218135,-0.05944804834639296,-0.22184772521275417,-0.3949453890289764,-0.35247373213133265,-0.31179283249633316,-0.31679235383650955,-0.48584923172746025,-0.28636447124311254,-0.19473719256359964,-0.41201662124497546,-0.28378320797232354,0.32441586554464696,0.6420013746755501,-0.44690291629477147,-0.5218429801977488,-0.4167327248757193,-0.2757577768833604,-0.6435981172234387,-0.24567102529115423,0.8528028654224415,-0.49430000374546906,-0.2968260885977624,0.2968260885977624,-0.8520288667044308,-31.3597,-64.1816,-0.13541880596954767,0.0325728583411677,-0.15939554945151813,-0.4659467662626704,-0.04067584710878904,0.9079560237303883,0.35011742918165384,Cluster 3,Transición Urbana Mixta,Muy Baja,<b>JUAN B JUSTO</b><hr>Tipología: <span style='color:#38bdf8'>Transición Urbana Mixta</span><br>Pob: 3088.0<br>Score Infra: <b style='color:#e2e8f0'>Muy Baja</b>
JUAN XXIII,-0.39198702934018836,-0.3372248721144141,-0.3895373258256497,-0.8027101380609653,-0.5498909925314214,-0.6586974704539651,-0.31679235383650955,-0.48584923172746025,0.3608566670305366,0.18853042945400297,-0.12086934138561026,-0.28378320797232354,0.32441586554464696,-0.5446426719584078,-0.44690291629477147,-0.7611141943048213,-0.4167327248757193,-0.2757577768833604,1.3140069996383732,0.6229517078398772,-1.1726039399558572,-0.49430000374546906,-0.2968260885977624,0.2968260885977624,0.297488811310578,-31.4205,-64.2249,-0.32351890525459553,0.13163564276087375,0.12511850846260353,0.2490923948780475,-0.6046351081736687,-0.18268457878368535,1.0310544764877052,Cluster 4,Transición Urbana Mixta,Alta,<b>JUAN XXIII</b><hr>Tipología: <span style='color:#38bdf8'>Transición Urbana Mixta</span><br>Pob: 977.0<br>Score Infra: <b style='color:#e2e8f0'>Alta</b>
JUNIORS,0.7125520113103745,0.8184367253838283,-0.2599589980793213,-0.7778896750764094,0.8320298302692002,1.4227303572918264,0.040503131997361934,-0.48584923172746025,0.6382371548621005,0.18853042945400297,-0.0116891114383483,-0.28378320797232354,0.32441586554464696,1.4128040727934343,0.08703446955087002,0.038948927865702525,-0.4167327248757193,-0.2757577768833604,-0.6175171713091356,-0.4578631500988776,0.8528028654224415,-0.49430000374546906,-0.2968260885977624,0.2968260885977624,-0.5556562565856614,-31.4193,-64.1653,0.16190070580359256,0.031307675957689886,0.24573828423294525,-0.4747657001691913,0.8052630444885305,-0.9790253361749138,0.35011742918165384,Cluster 3,Transición Urbana Mixta,Baja,<b>JUNIORS</b><hr>Tipología: <span style='color:#38bdf8'>Transición Urbana Mixta</span><br>Pob: 6521.0<br>Score Infra: <b style='color:#e2e8f0'>Baja</b>
KAIROS,-0.4220709750721932,-0.39663060868262456,-0.22946997978606762,1.1208757432421124,-0.5498909925314214,-0.6586974704539651,-0.31679235383650955,1.9142459730061934,-0.37882463385363385,-0.5780048145812022,-0.4362788945665892,-0.28378320797232354,1.682563641638338,-0.7179958892058036,-0.44690291629477147,-0.7611141943048213,3.2290985212218493,-0.2757577768833604,0.25849577675363455,2.356474505245664,-1.1726039399558572,2.0230629019273323,-0.2968260885977624,0.2968260885977624,0.8064765547754207,-31.4827,-64.2497,-0.365993121222187,1.3771509155184452,0.651101256755997,1.7063330335915678,-0.6046351081736687,1.4792439583806176,-1.6926937127365,Cluster 0,Vulnerabilidad y Periferia NBI,Muy Alta,<b>KAIROS</b><hr>Tipología: <span style='color:#38bdf8'>Vulnerabilidad y Periferia NBI</span><br>Pob: 826.0<br>Score Infra: <b style='color:#e2e8f0'>Muy Alta</b>
KENNEDY,-0.37266158075737726,-0.32732391601971234,-0.34380379838576913,-0.48358989968810445,0.04236078866884495,0.3820164434189307,-0.31679235383650955,-0.48584923172746025,-0.8411254469062404,-0.5780048145812022,0.1763435068041584,-0.28378320797232354,-1.0337319105490443,-0.44764741945093606,-0.44690291629477147,1.3250317036912174,-0.4167327248757193,-0.2757577768833604,-0.7555927673260345,-0.6477192617689459,0.8528028654224415,-0.49430000374546906,-0.2968260885977624,0.2968260885977624,-0.0042528678320819064,-31.458,-64.1911,-0.33565439553105025,0.5795819333872784,0.44940997761837154,0.20923081362057283,1.0872426750209703,0.025056488361852716,1.0310544764877052,Cluster 4,Transición Urbana Mixta,Alta,<b>KENNEDY</b><hr>Tipología: <span style='color:#38bdf8'>Transición Urbana Mixta</span><br>Pob: 1074.0<br>Score Infra: <b style='color:#e2e8f0'>Alta</b>
LA CAROLINA,-0.44717413508697873,-0.39663060868262456,-0.4047818349722766,-0.9179480019178317,-0.15505647173124384,0.035111805461298766,-0.31679235383650955,-0.48584923172746025,-1.0260457721272829,-0.7696386255900036,-0.515131282861834,-0.28378320797232354,0.32441586554464696,-0.8882535132880672,-0.44690291629477147,1.3773722817771394,-0.4167327248757193,-0.2757577768833604,-1.0409489990942924,1.1255120034371167,0.8528028654224415,-0.49430000374546906,-0.2968260885977624,-3.3689761055846037,-0.16317731093924792,-31.3528,-64.2862,0.08908776414486434,-1.1935542415445584,-1.0327527770451599,-0.4359623909804991,0.5232834139560907,0.38860335586654393,1.0310544764877052,Cluster 4,Transición Urbana Mixta,Media,<b>LA CAROLINA</b><hr>Tipología: <span style='color:#38bdf8'>Transición Urbana Mixta</span><br>Pob: 700.0<br>Score Infra: <b style='color:#e2e8f0'>Media</b>
LA DOROTEA,-0.4818404036788254,-0.39663060868262456,-0.28282576179926167,0.5003641686282164,-0.35247373213133265,-0.31179283249633316,-0.31679235383650955,-0.48584923172746025,-0.7486652842957191,-0.5780048145812022,-0.5454591245138511,-0.28378320797232354,-1.0337319105490443,-1.1833667283639904,-0.44690291629477147,0.6595586394559219,-0.4167327248757193,-0.2757577768833604,-0.16647022432059896,-0.6477192617689459,0.8528028654224415,-0.49430000374546906,-0.2968260885977624,0.2968260885977624,0.04567947409010205,-31.3788,-64.1116,-0.365993121222187,0.3809443143548682,0.651101256755997,0.8734729154597302,-0.04067584710878904,-1.117519380938606,1.0310544764877052,Cluster 4,Transición Urbana Mixta,Alta,<b>LA DOROTEA</b><hr>Tipología: <span style='color:#38bdf8'>Transición Urbana Mixta</span><br>Pob: 526.0<br>Score Infra: <b style='color:#e2e8f0'>Alta</b>
LA ESPERANZA,-0.4870204208247335,-0.39663060868262456,-0.39715958039896315,-0.8293034912587037,-0.5498909925314214,-0.6586974704539651,-0.31679235383650955,-0.48584923172746025,-0.28636447124311254,-0.19473719256359964,-0.5090657145314306,-0.28378320797232354,-1.0337319105490443,-1.2349599477828588,-0.44690291629477147,-0.7611141943048213,-0.4167327248757193,-0.2757577768833604,1.4137282634283557,-0.6477192617689459,-1.1726039399558572,-0.49430000374546906,-0.2968260885977624,0.2968260885977624,0.361917639597267,-31.4838,-64.2421,-0.384196356636869,1.9549507441933194,2.469667104900692,2.9617964645238892,-0.6046351081736687,-1.342572203679605,1.0310544764877052,Cluster 4,Transición Urbana Mixta,Alta,<b>LA ESPERANZA</b><hr>Tipología: <span style='color:#38bdf8'>Transición Urbana Mixta</span><br>Pob: 500.0<br>Score Infra: <b style='color:#e2e8f0'>Alta</b>
LA FLORESTA,-0.2698581635539699,-0.3053217913648196,0.14402049430629066,2.5693270474122643,-0.15505647173124384,0.035111805461298766,-0.31679235383650955,-0.48584923172746025,-0.7486652842957191,-0.5780048145812022,0.625195563254013,-0.28378320797232354,1.682563641638338,-0.04315657920701341,-0.44690291629477147,0.1810162112417768,-0.4167327248757193,-0.2757577768833604,-0.7509902474588046,0.9133198786293935,0.8528028654224415,-0.49430000374546906,-0.2968260885977624,0.2968260885977624,-0.5717634636573338,-31.3892,-64.0584,0.3621362953650951,-1.1143159684880073,-1.008982350384914,-0.48817047970710314,0.5232834139560907,1.842790825885309,-1.6926937127365,Cluster 0,Vulnerabilidad y Periferia NBI,Baja,<b>LA FLORESTA</b><hr>Tipología: <span style='color:#38bdf8'>Vulnerabilidad y Periferia NBI</span><br>Pob: 1590.0<br>Score Infra: <b style='color:#e2e8f0'>Baja</b>
LA FRANCE,0.05449060235135412,0.05221273427718782,-0.17611419777287357,-0.3949453890289764,1.029447090669289,1.0758257193341945,0.7550941036651048,-0.48584923172746025,0.5457769922515792,0.7634318624804068,0.7465069298620819,2.831525786212739,0.32441586554464696,0.684307814599022,0.953282536097645,1.100714940465837,-0.4167327248757193,3.976094957602642,-0.23090550246181848,-0.2618025903350163,0.8528028654224415,-0.49430000374546906,3.368976105584603,0.2968260885977624,0.8204361342375366,-31.3731,-64.2086,-0.22036723790473056,0.7714573020109904,0.6802018892567434,-0.0736805861006189,-0.32265547764122887,-0.18268457878368535,0.35011742918165384,Cluster 3,Transición Urbana Mixta,Muy Alta,<b>LA FRANCE</b><hr>Tipología: <span style='color:#38bdf8'>Transición Urbana Mixta</span><br>Pob: 3218.0<br>Score Infra: <b style='color:#e2e8f0'>Muy Alta</b>
LA FRATERNIDAD,-0.4870204208247335,-0.39663060868262456,-0.3666705621057094,-0.4747254486221917,-0.35247373213133265,-0.31179283249633316,-0.31679235383650955,-0.48584923172746025,1.2854582931357497,0.7634318624804068,-0.23611513966327563,-0.28378320797232354,1.682563641638338,-1.2349599477828588,-0.44690291629477147,0.7343308938643821,-0.4167327248757193,-0.2757577768833604,2.6410668946896796,4.3158392132655194,0.8528028654224415,-0.49430000374546906,-0.2968260885977624,0.2968260885977624,1.9023035425515222,-31.3769,-64.184,-0.365993121222187,0.2946050806452233,0.651101256755997,2.9064135595909377,-0.04067584710878904,-1.342572203679605,-1.0117566654304488,Cluster 1,Núcleo Consolidado (Alta Infraestructura),Muy Alta,<b>LA FRATERNIDAD</b><hr>Tipología: <span style='color:#38bdf8'>Núcleo Consolidado (Alta Infraestructura)</span><br>Pob: 500.0<br>Score Infra: <b style='color:#e2e8f0'>Muy Alta</b>
LA HORTENSIA,-0.3031298121449951,-0.302571525782958,-0.18373645234618702,0.4684521447909304,-0.5498909925314214,-0.6586974704539651,-0.31679235383650955,-0.48584923172746025,-0.9335856095167617,-0.5780048145812022,0.9102772747829749,-0.28378320797232354,-1.0337319105490443,-0.1576935263168996,-0.44690291629477147,-0.7611141943048213,-0.4167327248757193,-0.2757577768833604,-0.9335568688589265,-0.6477192617689459,-1.1726039399558572,-0.49430000374546906,-0.2968260885977624,0.2968260885977624,-1.1591396148709812,-31.3844,-64.1399,-0.22036723790473056,-0.420671258990225,-0.49277073685133244,-0.5072193769451884,-0.6046351081736687,0.9772030461122344,1.0310544764877052,Cluster 4,Transición Urbana Mixta,Muy Baja,<b>LA HORTENSIA</b><hr>Tipología: <span style='color:#38bdf8'>Transición Urbana Mixta</span><br>Pob: 1423.0<br>Score Infra: <b style='color:#e2e8f0'>Muy Baja</b>
LA SALLE,-0.4457795150861573,-0.3911300775189014,-0.38191507125233626,-0.6644247014327256,-0.15505647173124384,0.035111805461298766,-0.31679235383650955,1.9142459730061934,-0.008983983411548631,-0.003103381554798346,-0.5211968511922374,-0.28378320797232354,-1.0337319105490443,-0.8789667337926707,-0.44690291629477147,1.3549406054546016,3.2290985212218493,-0.2757577768833604,1.3462246387089831,-0.6477192617689459,0.8528028654224415,2.0230629019273323,-0.2968260885977624,0.2968260885977624,2.565920473904418,-31.3455,-64.2755,-0.3113834149781408,-0.42664849859720644,-0.4036630070735502,1.1398047194366625,0.5232834139560907,0.16355053312554477,-1.0117566654304488,Cluster 1,Núcleo Consolidado (Alta Infraestructura),Muy Alta,<b>LA SALLE</b><hr>Tipología: <span style='color:#38bdf8'>Núcleo Consolidado (Alta Infraestructura)</span><br>Pob: 707.0<br>Score Infra: <b style='color:#e2e8f0'>Muy Alta</b>
LA TOMA,-0.4870204208247335,-0.39663060868262456,-0.26758125265263477,0.6776531899464724,-0.5498909925314214,-0.6586974704539651,-0.31679235383650955,1.9142459730061934,-1.0260457721272829,-0.7696386255900036,-0.515131282861834,-0.28378320797232354,1.682563641638338,-1.2349599477828588,-0.44690291629477147,-0.7611141943048213,3.2290985212218493,-0.2757577768833604,-1.0409489990942924,4.3158392132655194,-1.1726039399558572,2.0230629019273323,-0.2968260885977624,-3.3689761055846037,-0.03593037507303724,-31.4051,-64.2618,-0.31745116011636815,-0.6541621621709441,-0.3880761103628954,0.03743798112154494,-0.6046351081736687,-1.342572203679605,1.0310544764877052,Cluster 4,Transición Urbana Mixta,Alta,<b>LA TOMA</b><hr>Tipología: <span style='color:#38bdf8'>Transición Urbana Mixta</span><br>Pob: 500.0<br>Score Infra: <b style='color:#e2e8f0'>Alta</b>
LAMADRID,-0.11923920346525678,-0.14030585645312385,-0.1608696886262467,-0.06696069959020286,-0.5498909925314214,-0.6586974704539651,-0.31679235383650955,1.9142459730061934,-0.37882463385363385,-0.5780048145812022,-0.4726723045490099,-0.28378320797232354,0.32441586554464696,0.358238667871778,-0.44690291629477147,-0.7611141943048213,1.9163363915995162,-0.2757577768833604,-0.5837653589494491,-0.1191002841777754,-1.1726039399558572,2.0230629019273323,-0.2968260885977624,0.2968260885977624,-0.16908328686552784,-31.4143,-64.2346,-0.23250272818118525,0.3036187579725513,0.13021411977788241,-0.27369400710051384,-0.6046351081736687,0.423226867057467,0.35011742918165384,Cluster 3,Transición Urbana Mixta,Media,<b>LAMADRID</b><hr>Tipología: <span style='color:#38bdf8'>Transición Urbana Mixta</span><br>Pob: 2346.0<br>Score Infra: <b style='color:#e2e8f0'>Media</b>
LAS CANITAS,-0.4870204208247335,-0.39663060868262456,-0.4047818349722766,-0.9179480019178317,-0.5498909925314214,-0.6586974704539651,-0.31679235383650955,-0.48584923172746025,-0.9335856095167617,-0.38637100357240095,-0.5454591245138511,-0.28378320797232354,-1.0337319105490443,-1.2349599477828588,-0.44690291629477147,-0.7611141943048213,-0.4167327248757193,-0.2757577768833604,-0.7341143412789614,-0.6477192617689459,-1.1726039399558572,-0.49430000374546906,-0.2968260885977624,0.2968260885977624,-1.0302819582976035,-31.4651,-64.1891,-0.3417221406692776,-0.36953198932609393,-0.07632180908990106,-0.3918677214478944,-0.6046351081736687,-1.342572203679605,1.0310544764877052,Cluster 4,Transición Urbana Mixta,Muy Baja,<b>LAS CANITAS</b><hr>Tipología: <span style='color:#38bdf8'>Transición Urbana Mixta</span><br>Pob: 500.0<br>Score Infra: <b style='color:#e2e8f0'>Muy Baja</b>
LAS CANUELAS,-0.4870204208247335,-0.39663060868262456,-0.4047818349722766,-0.9179480019178317,-0.5498909925314214,-0.6586974704539651,-0.31679235383650955,-0.48584923172746025,-1.0260457721272829,-0.7696386255900036,-0.5454591245138511,-0.28378320797232354,-1.0337319105490443,-1.2349599477828588,-0.44690291629477147,-0.7611141943048213,-0.4167327248757193,-0.2757577768833604,-1.0409489990942924,-0.6477192617689459,-1.1726039399558572,-0.49430000374546906,-0.2968260885977624,-3.3689761055846037,-1.228937512181561,-31.476,-64.1546,-0.01406390320500064,-1.210081309057862,-0.9969689284189142,-0.5223879432644044,-0.6046351081736687,-1.342572203679605,1.0310544764877052,Cluster 4,Transición Urbana Mixta,Muy Baja,<b>LAS CANUELAS</b><hr>Tipología: <span style='color:#38bdf8'>Transición Urbana Mixta</span><br>Pob: 500.0<br>Score Infra: <b style='color:#e2e8f0'>Muy Baja</b>
LAS CORTADERAS,-0.4870204208247335,-0.39663060868262456,-0.26758125265263477,0.6776531899464724,-0.35247373213133265,-0.31179283249633316,-0.31679235383650955,1.9142459730061934,1.1929981305252284,-0.19473719256359964,-0.5454591245138511,-0.28378320797232354,-1.0337319105490443,-1.2349599477828588,-0.44690291629477147,0.7343308938643821,3.2290985212218493,-0.2757577768833604,2.6410668946896796,-0.6477192617689459,0.8528028654224415,2.0230629019273323,-0.2968260885977624,0.2968260885977624,3.0958475865624346,-31.3316,-64.2296,-0.37812861149864163,1.1247779124192716,1.5603841808283443,6.581439697116344,-0.04067584710878904,-1.342572203679605,-1.0117566654304488,Cluster 1,Núcleo Consolidado (Alta Infraestructura),Muy Alta,<b>LAS CORTADERAS</b><hr>Tipología: <span style='color:#38bdf8'>Núcleo Consolidado (Alta Infraestructura)</span><br>Pob: 500.0<br>Score Infra: <b style='color:#e2e8f0'>Muy Alta</b>
LAS DALIAS,-0.4573349379501062,-0.39663060868262456,-0.3514260529590825,-0.29743642730393566,-0.5498909925314214,-0.6586974704539651,-0.31679235383650955,-0.48584923172746025,-0.5637449590746765,-0.38637100357240095,-0.26644298131529287,-0.28378320797232354,0.32441586554464696,-0.9666752068047458,-0.44690291629477147,-0.7611141943048213,-0.4167327248757193,-0.2757577768833604,0.14036443349473204,1.2644916407380817,-1.1726039399558572,-0.49430000374546906,-0.2968260885977624,0.2968260885977624,-0.4633082693747406,-31.4097,-64.2373,-0.3538576309457323,0.25060661989823274,0.19646252256313984,0.1062256655924083,-0.6046351081736687,-0.061502289615454425,1.0310544764877052,Cluster 4,Transición Urbana Mixta,Baja,<b>LAS DALIAS</b><hr>Tipología: <span style='color:#38bdf8'>Transición Urbana Mixta</span><br>Pob: 649.0<br>Score Infra: <b style='color:#e2e8f0'>Baja</b>
LAS FLORES,0.21766114244746,0.19962696946496933,-0.10751390661305267,-0.3789893771103334,1.029447090669289,1.0758257193341945,0.7550941036651048,-0.48584923172746025,0.9156176426936644,1.7216009175244136,1.4258505828672674,-0.28378320797232354,-1.0337319105490443,0.918541030760682,0.953282536097645,0.71937644298269,-0.4167327248757193,-0.2757577768833604,-0.24317888877443172,-0.6477192617689459,0.8528028654224415,-0.49430000374546906,-0.2968260885977624,0.2968260885977624,0.025813918701706236,-31.45,-64.1972,0.028410312762590786,-0.23286838295206977,-0.18082548654618102,-0.4063307730545888,-0.32265547764122887,-0.23461984557006949,0.35011742918165384,Cluster 3,Transición Urbana Mixta,Alta,<b>LAS FLORES</b><hr>Tipología: <span style='color:#38bdf8'>Transición Urbana Mixta</span><br>Pob: 4037.0<br>Score Infra: <b style='color:#e2e8f0'>Alta</b>
LAS HUERTILLAS,-0.3609069264647396,-0.3537264656055837,-0.19898096149281388,0.8035283950824343,-0.35247373213133265,-0.31179283249633316,-0.31679235383650955,-0.48584923172746025,-0.9335856095167617,-0.5780048145812022,-0.5030001462010271,-0.28378320797232354,1.682563641638338,-0.3919267424785595,-0.44690291629477147,-0.10311835551037184,-0.4167327248757193,-0.2757577768833604,-0.9059417496555467,1.5424509153400117,0.8528028654224415,-0.49430000374546906,-0.2968260885977624,0.2968260885977624,-0.8133715697324173,-31.4712,-64.1963,0.21651041204763868,-1.1444253168015754,-1.0187643965179922,-0.4955783841885807,-0.04067584710878904,1.3926851804033105,1.0310544764877052,Cluster 4,Transición Urbana Mixta,Muy Baja,<b>LAS HUERTILLAS</b><hr>Tipología: <span style='color:#38bdf8'>Transición Urbana Mixta</span><br>Pob: 1133.0<br>Score Infra: <b style='color:#e2e8f0'>Muy Baja</b>
LAS LILAS,-0.14095542919233314,-0.20411201795231287,0.022064421133275707,0.8868542351020144,-0.15505647173124384,0.035111805461298766,-0.31679235383650955,1.9142459730061934,-0.47128479646415516,-0.5780048145812022,-0.2300495713328722,-0.28378320797232354,0.32441586554464696,0.3087091772296649,-0.44690291629477147,-0.09564113006952582,2.031346841003225,-0.2757577768833604,-0.6297905576217487,-0.09304160218384447,0.8528028654224415,2.0230629019273323,-0.2968260885977624,0.2968260885977624,0.17024187544436734,-31.4453,-64.1319,-0.03226713861968271,-0.6350788285190547,-0.6755526061187692,-0.3717605521410267,0.5232834139560907,1.3753734248078493,-1.6926937127365,Cluster 0,Vulnerabilidad y Periferia NBI,Alta,<b>LAS LILAS</b><hr>Tipología: <span style='color:#38bdf8'>Vulnerabilidad y Periferia NBI</span><br>Pob: 2237.0<br>Score Infra: <b style='color:#e2e8f0'>Alta</b>
LAS MAGNOLIAS,-0.09672605202342532,-0.08475049169951963,-0.21422547063944075,-0.3399857924203171,-0.5498909925314214,-0.6586974704539651,-0.31679235383650955,-0.48584923172746025,2.117599756630441,0.7634318624804068,-0.3816887795929582,-0.28378320797232354,1.682563641638338,0.4067362941255134,-0.44690291629477147,-0.7611141943048213,-0.4167327248757193,-0.2757577768833604,1.0808126596987215,0.36112399828180924,-1.1726039399558572,-0.49430000374546906,-0.2968260885977624,0.2968260885977624,0.14608106483685895,-31.3678,-64.2102,-0.19609625735182115,0.07524437189540836,0.0632783004768592,-0.2567616539999936,-0.6046351081736687,-0.11343755640183933,0.35011742918165384,Cluster 3,Transición Urbana Mixta,Alta,<b>LAS MAGNOLIAS</b><hr>Tipología: <span style='color:#38bdf8'>Transición Urbana Mixta</span><br>Pob: 2459.0<br>Score Infra: <b style='color:#e2e8f0'>Alta</b>
LAS MARGARITAS,-0.18179787207353182,-0.15240702501331488,-0.2599589980793213,-0.3949453890289764,-0.15505647173124384,0.035111805461298766,-0.31679235383650955,1.9142459730061934,-0.37882463385363385,0.5717980514716056,0.6979823832188544,-0.28378320797232354,0.32441586554464696,0.2096501959454387,-0.44690291629477147,-0.028346101101911686,2.2777978040111724,-0.2757577768833604,-0.513193387651923,-0.03720156933970671,0.8528028654224415,2.0230629019273323,-0.2968260885977624,0.2968260885977624,0.35977001198771064,-31.3785,-64.2099,-0.22643498304295792,0.030325416248942538,0.04407973921511816,-0.16257543987835,0.5232834139560907,-0.19999633437914646,0.35011742918165384,Cluster 3,Transición Urbana Mixta,Alta,<b>LAS MARGARITAS</b><hr>Tipología: <span style='color:#38bdf8'>Transición Urbana Mixta</span><br>Pob: 2032.0<br>Score Infra: <b style='color:#e2e8f0'>Alta</b>
LAS PALMAS,0.6370432998373292,0.5896146289729436,0.02968667570658914,-0.4109014009476195,2.016533392669733,1.4227303572918264,2.1842760470005906,1.9142459730061934,0.3608566670305366,-0.003103381554798346,2.0688008258900323,2.831525786212739,0.32441586554464696,1.3508922094907942,1.5618964794042156,0.8240575991545344,0.4759674300197346,3.976094957602642,-0.6666107165595885,-0.4454542539112915,0.8528028654224415,2.0230629019273323,3.368976105584603,0.2968260885977624,0.6921153845665479,-31.4039,-64.2393,0.23471364746232076,-0.20027250296199745,-0.13191525588079087,-0.40209768477945873,-0.6723102195014544,-0.3384903791428385,0.35011742918165384,Cluster 3,Transición Urbana Mixta,Alta,<b>LAS PALMAS</b><hr>Tipología: <span style='color:#38bdf8'>Transición Urbana Mixta</span><br>Pob: 6142.0<br>Score Infra: <b style='color:#e2e8f0'>Alta</b>
LAS PALMAS ANEXO,-0.4145001807820198,-0.380129015191455,-0.38191507125233626,-0.687472274204099,-0.5498909925314214,-0.6586974704539651,-0.31679235383650955,-0.48584923172746025,-0.28636447124311254,-0.38637100357240095,-0.5454591245138511,-0.28378320797232354,-1.0337319105490443,-0.6715619917288227,-0.44690291629477147,-0.7611141943048213,-0.4167327248757193,-0.2757577768833604,0.3796954665906902,-0.6477192617689459,-1.1726039399558572,-0.49430000374546906,-0.2968260885977624,0.2968260885977624,-0.30814217458429805,-31.4129,-64.2397,-0.32958665039282287,0.06879891518587995,-0.12178404580319682,-0.018297681167667373,-0.6046351081736687,0.8387090013485423,1.0310544764877052,Cluster 4,Transición Urbana Mixta,Media,<b>LAS PALMAS ANEXO</b><hr>Tipología: <span style='color:#38bdf8'>Transición Urbana Mixta</span><br>Pob: 864.0<br>Score Infra: <b style='color:#e2e8f0'>Media</b>
LAS PLAYAS,-0.015041166261027998,-0.06769884509197774,-0.03129136087991833,0.17060658897626016,-0.5498909925314214,-0.6586974704539651,-0.31679235383650955,-0.48584923172746025,-0.7486652842957191,-0.5780048145812022,0.41896624002029603,-0.28378320797232354,-1.0337319105490443,0.565643409935626,-0.44690291629477147,-0.7611141943048213,-0.4167327248757193,-0.2757577768833604,-0.8798608037412436,-0.6477192617689459,-1.1726039399558572,-0.49430000374546906,-0.2968260885977624,0.2968260885977624,-1.1247775731180805,-31.4396,-64.2475,-0.21429949276650323,0.4782079496528729,0.23693826169381807,-0.5001642298199717,-0.6046351081736687,0.561720911821159,0.35011742918165384,Cluster 3,Transición Urbana Mixta,Muy Baja,<b>LAS PLAYAS</b><hr>Tipología: <span style='color:#38bdf8'>Transición Urbana Mixta</span><br>Pob: 2869.0<br>Score Infra: <b style='color:#e2e8f0'>Muy Baja</b>
LAS ROSAS,-0.41191017220906573,-0.316322853692266,-0.39715958039896315,-0.8665341857355374,0.23977804906893374,-0.6586974704539651,1.1123895894989762,-0.48584923172746025,-0.8411254469062404,-0.5780048145812022,0.8071626131661164,-0.28378320797232354,-1.0337319105490443,-0.6560840259031627,3.286924956751673,2.648500606720962,-0.4167327248757193,-0.2757577768833604,-0.691157489184815,-0.6477192617689459,0.8528028654224415,-0.49430000374546906,-0.2968260885977624,0.2968260885977624,0.6969475466880496,-31.3914,-64.2281,-0.21429949276650323,-0.8020789183117121,-0.5585335835262475,-0.11424768207061523,-1.0558025170255725,-1.290636936893221,1.0310544764877052,Cluster 4,Transición Urbana Mixta,Muy Alta,<b>LAS ROSAS</b><hr>Tipología: <span style='color:#38bdf8'>Transición Urbana Mixta</span><br>Pob: 877.0<br>Score Infra: <b style='color:#e2e8f0'>Muy Alta</b>
LAS VIOLETAS,0.059471388068573466,-0.047896932902574255,0.34219911321243995,1.1651979985716765,0.4371953094690225,1.0758257193341945,-0.31679235383650955,1.9142459730061934,-0.37882463385363385,-0.38637100357240095,-0.5333279878530442,-0.28378320797232354,1.682563641638338,0.6925627297060418,-0.44690291629477147,0.3903785235854653,1.2700871997120098,-0.2757577768833604,-0.7095675686537348,0.11790963300512033,0.8528028654224415,2.0230629019273323,-0.2968260885977624,0.2968260885977624,0.11171902308395824,-31.4093,-64.2504,-0.23250272818118525,0.9419022742304713,0.4575553177615315,-0.2077283814797372,2.2151611971507297,1.0637618240895423,-1.6926937127365,Cluster 0,Vulnerabilidad y Periferia NBI,Alta,<b>LAS VIOLETAS</b><hr>Tipología: <span style='color:#38bdf8'>Vulnerabilidad y Periferia NBI</span><br>Pob: 3243.0<br>Score Infra: <b style='color:#e2e8f0'>Alta</b>
LICEO GENERAL PAZ,-0.46151879795257045,-0.39663060868262456,-0.2980702709458885,0.3230751473099604,-0.5498909925314214,-0.6586974704539651,-0.31679235383650955,-0.48584923172746025,-1.0260457721272829,-0.7696386255900036,-0.460541167888203,2.831525786212739,0.32441586554464696,-1.000726731621199,-0.44690291629477147,-0.7611141943048213,-0.4167327248757193,3.976094957602642,-1.0409489990942924,1.3277770112947713,-1.1726039399558572,-0.49430000374546906,3.368976105584603,-3.3689761055846037,-0.6324339436272991,-31.3356,-64.1667,0.41067825647091394,-1.2723621533494065,-1.086033012703632,-0.4931090826947549,-0.6046351081736687,-0.23461984557006949,1.0310544764877052,Cluster 4,Transición Urbana Mixta,Baja,<b>LICEO GENERAL PAZ</b><hr>Tipología: <span style='color:#38bdf8'>Transición Urbana Mixta</span><br>Pob: 628.0<br>Score Infra: <b style='color:#e2e8f0'>Baja</b>
LOMAS DE SAN MARTIN,-0.24116883782278645,-0.1986114867885897,-0.38191507125233626,-0.8222119304059734,-0.5498909925314214,-0.6586974704539651,-0.31679235383650955,-0.48584923172746025,-0.37882463385363385,-0.003103381554798346,1.322735921250409,-0.28378320797232354,-1.0337319105490443,0.04661562258181622,-0.44690291629477147,-0.7611141943048213,-0.4167327248757193,-0.2757577768833604,-0.4211429903073237,-0.6477192617689459,-1.1726039399558572,-0.49430000374546906,-0.2968260885977624,0.2968260885977624,-0.8273311491945332,-31.3825,-64.2059,-0.24463821845763997,-0.03695240035403848,0.007613929759739569,-0.4207938246612831,-0.6046351081736687,-0.3038668679519155,1.0310544764877052,Cluster 4,Transición Urbana Mixta,Muy Baja,<b>LOMAS DE SAN MARTIN</b><hr>Tipología: <span style='color:#38bdf8'>Transición Urbana Mixta</span><br>Pob: 1734.0<br>Score Infra: <b style='color:#e2e8f0'>Muy Baja</b>
LOS ALAMOS,-0.19534560922436844,-0.22171371767622708,-0.15324743405293328,0.21138306387945913,-0.5498909925314214,-0.6586974704539651,-0.31679235383650955,-0.48584923172746025,-0.47128479646415516,-0.19473719256359964,0.6737201098972406,-0.28378320797232354,0.32441586554464696,0.17456680674060884,-0.44690291629477147,-0.7611141943048213,-0.4167327248757193,-0.2757577768833604,-0.5730261459259126,-0.01610644582081024,-1.1726039399558572,-0.49430000374546906,-0.2968260885977624,0.2968260885977624,-0.9255851123317339,-31.3678,-64.1569,-0.28104468928700405,0.5908111741955943,0.24556370226068722,-0.42291036879884814,-0.6046351081736687,0.8906442681349273,0.35011742918165384,Cluster 3,Transición Urbana Mixta,Muy Baja,<b>LOS ALAMOS</b><hr>Tipología: <span style='color:#38bdf8'>Transición Urbana Mixta</span><br>Pob: 1964.0<br>Score Infra: <b style='color:#e2e8f0'>Muy Baja</b>
LOS ANGELES,-0.43402486079351965,-0.3515262531400944,-0.4047818349722766,-0.9179480019178317,0.04236078866884495,-0.6586974704539651,0.7550941036651048,-0.48584923172746025,0.3608566670305366,1.7216009175244136,-0.5211968511922374,-0.28378320797232354,-1.0337319105490443,-0.7964175827224822,3.286924956751673,2.169958178506817,-0.4167327248757193,-0.2757577768833604,1.9629623009177979,-0.6477192617689459,0.8528028654224415,-0.49430000374546906,-0.2968260885977624,0.2968260885977624,2.178273690379507,-31.3595,-64.237,-0.26284145387232205,-0.7021793203470286,-0.4985428533091109,0.45086960265924664,-1.0276045539723284,-0.9617135805794519,-1.0117566654304488,Cluster 1,Núcleo Consolidado (Alta Infraestructura),Muy Alta,<b>LOS ANGELES</b><hr>Tipología: <span style='color:#38bdf8'>Núcleo Consolidado (Alta Infraestructura)</span><br>Pob: 766.0<br>Score Infra: <b style='color:#e2e8f0'>Muy Alta</b>
LOS ARBOLES,-0.4870204208247335,-0.39663060868262456,-0.4047818349722766,-0.9179480019178317,-0.5498909925314214,-0.6586974704539651,-0.31679235383650955,-0.48584923172746025,-1.0260457721272829,-0.7696386255900036,-0.5454591245138511,-0.28378320797232354,-1.0337319105490443,-1.2349599477828588,-0.44690291629477147,-0.7611141943048213,-0.4167327248757193,-0.2757577768833604,-1.0409489990942924,-0.6477192617689459,-1.1726039399558572,-0.49430000374546906,-0.2968260885977624,-3.3689761055846037,-1.228937512181561,-31.3663,-64.2847,-0.40239959205155107,-1.3657385904896708,-1.1674591357020647,-0.5223879432644044,-0.6046351081736687,-1.342572203679605,1.0310544764877052,Cluster 4,Transición Urbana Mixta,Muy Baja,<b>LOS ARBOLES</b><hr>Tipología: <span style='color:#38bdf8'>Transición Urbana Mixta</span><br>Pob: 500.0<br>Score Infra: <b style='color:#e2e8f0'>Muy Baja</b>
LOS BOULEVARES,1.8593281148429575,1.407543613018582,1.256869662010052,0.19188127153445092,1.029447090669289,2.1165396332070903,-0.31679235383650955,1.9142459730061934,4.15172333406191,-0.19473719256359964,2.147653214185277,2.831525786212739,1.682563641638338,2.065974230636301,-0.44690291629477147,-0.27509454064983024,0.02687900853858611,1.9340598137060923,-0.34136597927533774,-0.4454542539112915,0.8528028654224415,2.0230629019273323,3.368976105584603,0.2968260885977624,-0.07834602036177424,-31.3452,-64.2193,5.829174664907937,-1.1275615314570782,-0.9825931941407989,-0.5149800387829269,3.907038980345369,0.4405386226529281,0.35011742918165384,Cluster 3,Transición Urbana Mixta,Media,<b>LOS BOULEVARES</b><hr>Tipología: <span style='color:#38bdf8'>Transición Urbana Mixta</span><br>Pob: 12277.0<br>Score Infra: <b style='color:#e2e8f0'>Media</b>
LOS CEIBOS,-0.4220709750721932,-0.3696780059803809,-0.3514260529590825,-0.4197658520135323,-0.5498909925314214,-0.6586974704539651,-0.31679235383650955,-0.48584923172746025,-0.28636447124311254,0.18853042945400297,-0.405951052914572,-0.28378320797232354,0.32441586554464696,-0.7179958892058036,-0.44690291629477147,-0.7611141943048213,-0.4167327248757193,-0.2757577768833604,0.4456649180209863,0.8549980665477384,-1.1726039399558572,-0.49430000374546906,-0.2968260885977624,0.2968260885977624,-0.2657265292955612,-31.4293,-64.1481,-0.32958665039282287,0.005705166307785954,-0.035404159341944935,0.004984304345547931,-0.6046351081736687,0.07699175514823685,1.0310544764877052,Cluster 4,Transición Urbana Mixta,Media,<b>LOS CEIBOS</b><hr>Tipología: <span style='color:#38bdf8'>Transición Urbana Mixta</span><br>Pob: 826.0<br>Score Infra: <b style='color:#e2e8f0'>Media</b>
LOS CHINGOLOS,-0.1993302377981439,-0.24646610791298143,-0.08464714289311237,0.6563785073882819,0.23977804906893374,0.7289210813765625,-0.31679235383650955,-0.48584923172746025,-0.5637449590746765,-0.5780048145812022,-0.24824627632408253,-0.28378320797232354,0.32441586554464696,0.1642481628568355,-0.44690291629477147,0.7791942465094582,-0.4167327248757193,-0.2757577768833604,-0.6466664638015921,-0.00990199772701718,0.8528028654224415,-0.49430000374546906,-0.2968260885977624,0.2968260885977624,-0.20612986313037393,-31.3408,-64.1691,-0.26284145387232205,0.3182829191416792,-0.04548626823984134,-0.23030485228043082,1.65120193608585,1.4446204471896953,0.35011742918165384,Cluster 3,Transición Urbana Mixta,Media,<b>LOS CHINGOLOS</b><hr>Tipología: <span style='color:#38bdf8'>Transición Urbana Mixta</span><br>Pob: 1944.0<br>Score Infra: <b style='color:#e2e8f0'>Media</b>
LOS CIELOS,-0.4870204208247335,-0.39663060868262456,-0.4047818349722766,-0.9179480019178317,-0.5498909925314214,-0.6586974704539651,-0.31679235383650955,-0.48584923172746025,-1.0260457721272829,-0.7696386255900036,-0.5454591245138511,-0.28378320797232354,-1.0337319105490443,-1.2349599477828588,-0.44690291629477147,-0.7611141943048213,-0.4167327248757193,-0.2757577768833604,-1.0409489990942924,-0.6477192617689459,-1.1726039399558572,-0.49430000374546906,-0.2968260885977624,-3.3689761055846037,-1.228937512181561,-31.3715,-64.2827,-0.40239959205155107,-1.3657385904896708,-1.1674591357020647,-0.5223879432644044,-0.6046351081736687,-1.342572203679605,1.0310544764877052,Cluster 4,Transición Urbana Mixta,Muy Baja,<b>LOS CIELOS</b><hr>Tipología: <span style='color:#38bdf8'>Transición Urbana Mixta</span><br>Pob: 500.0<br>Score Infra: <b style='color:#e2e8f0'>Muy Baja</b>
LOS EUCALIPTUS,-0.23977421782196504,-0.24261573609837522,-0.29044801637257506,-0.36480625540487294,-0.15505647173124384,-0.31179283249633316,0.040503131997361934,-0.48584923172746025,-0.6562051216851977,-0.19473719256359964,-0.3574265062713445,-0.28378320797232354,0.32441586554464696,0.05074308013532611,1.4200110202284506,0.09876673139247055,-0.4167327248757193,-0.2757577768833604,-0.6880891426066618,0.06455137939849986,0.8528028654224415,-0.49430000374546906,-0.2968260885977624,0.2968260885977624,-0.5717634636573338,-31.4678,-64.0885,-0.28104468928700405,0.36865710213611663,0.14190565623253165,-0.30650044123277176,-0.6046351081736687,0.6136561786075432,0.35011742918165384,Cluster 3,Transición Urbana Mixta,Baja,<b>LOS EUCALIPTUS</b><hr>Tipología: <span style='color:#38bdf8'>Transición Urbana Mixta</span><br>Pob: 1741.0<br>Score Infra: <b style='color:#e2e8f0'>Baja</b>
LOS FILTROS,-0.4168909579262851,-0.39663060868262456,-0.1608696886262467,1.9186763391742645,-0.15505647173124384,0.035111805461298766,-0.31679235383650955,-0.48584923172746025,-0.37882463385363385,-0.38637100357240095,-0.4726723045490099,-0.28378320797232354,-1.0337319105490443,-0.6860080931661059,-0.44690291629477147,0.9960337842939927,-0.4167327248757193,-0.2757577768833604,0.2201414445267182,-0.6477192617689459,0.8528028654224415,-0.49430000374546906,-0.2968260885977624,0.2968260885977624,0.4639299510511913,-31.4133,-64.2485,-0.28104468928700405,-0.5169705662983033,-0.6218904723959829,0.033557650202675766,0.5232834139560907,1.7042967811216168,-1.6926937127365,Cluster 0,Vulnerabilidad y Periferia NBI,Alta,<b>LOS FILTROS</b><hr>Tipología: <span style='color:#38bdf8'>Vulnerabilidad y Periferia NBI</span><br>Pob: 852.0<br>Score Infra: <b style='color:#e2e8f0'>Alta</b>
LOS FRESNOS,-0.3740562007581987,-0.37132816532949786,-0.1151361611863661,1.8211673774492236,-0.35247373213133265,-0.31179283249633316,-0.31679235383650955,-0.48584923172746025,-1.0260457721272829,-0.7696386255900036,-0.5454591245138511,-0.28378320797232354,1.682563641638338,-0.45383860578120044,-0.44690291629477147,-0.05825500286529578,-0.4167327248757193,-0.2757577768833604,-1.0409489990942924,1.6777078837847008,0.8528028654224415,-0.49430000374546906,-0.2968260885977624,-3.3689761055846037,-0.8788742118238845,-31.4709,-64.0816,-0.31745116011636815,0.15276518477155326,-0.20881861466041604,-0.3580030152468541,-0.04067584710878904,1.842790825885309,-1.6926937127365,Cluster 0,Vulnerabilidad y Periferia NBI,Muy Baja,<b>LOS FRESNOS</b><hr>Tipología: <span style='color:#38bdf8'>Vulnerabilidad y Periferia NBI</span><br>Pob: 1067.0<br>Score Infra: <b style='color:#e2e8f0'>Muy Baja</b>
LOS GIGANTES,0.2983498710664135,0.18037511039193815,-0.03129136087991833,-0.22297503835026813,0.04236078866884495,0.3820164434189307,-0.31679235383650955,-0.48584923172746025,-0.008983983411548631,-0.38637100357240095,-0.29677082296731006,-0.28378320797232354,0.32441586554464696,1.0165681476565296,-0.44690291629477147,-0.2526628643272921,-0.4167327248757193,-0.2757577768833604,-0.660474023403282,-0.36851909754825724,0.8528028654224415,-0.49430000374546906,-0.2968260885977624,0.2968260885977624,-0.7290771860573325,-31.3626,-64.1695,0.03447805790081814,-0.1365312197931473,-0.22105026409173845,-0.4768822443067563,1.0872426750209703,0.492473889439313,0.35011742918165384,Cluster 3,Transición Urbana Mixta,Baja,<b>LOS GIGANTES</b><hr>Tipología: <span style='color:#38bdf8'>Transición Urbana Mixta</span><br>Pob: 4442.0<br>Score Infra: <b style='color:#e2e8f0'>Baja</b>
LOS GRANADOS,0.09772382237681806,-0.002242524243671772,-0.0922693974664258,-0.12546607662522735,0.23977804906893374,0.3820164434189307,0.040503131997361934,-0.48584923172746025,-0.47128479646415516,-0.38637100357240095,-0.4848034412098168,-0.28378320797232354,0.32441586554464696,0.7513789998435496,0.48655405196683954,0.10624395683331657,-0.4167327248757193,-0.2757577768833604,-0.7724686735058778,-0.2866203827101886,0.8528028654224415,-0.49430000374546906,-0.2968260885977624,0.2968260885977624,-0.6227696193842959,-31.4234,-64.237,-0.1293510608313203,0.1551361564823225,-0.055710224990197316,-0.43384584684293415,-0.04067584710878904,0.8213972457530812,0.35011742918165384,Cluster 3,Transición Urbana Mixta,Baja,<b>LOS GRANADOS</b><hr>Tipología: <span style='color:#38bdf8'>Transición Urbana Mixta</span><br>Pob: 3435.0<br>Score Infra: <b style='color:#e2e8f0'>Baja</b>
LOS HORNILLOS,-0.44199411794107063,-0.39663060868262456,-0.25233674350600793,0.8549422112647285,-0.5498909925314214,-0.6586974704539651,-0.31679235383650955,-0.48584923172746025,0.7306973174726218,0.18853042945400297,-0.5393935561834478,-0.28378320797232354,0.32441586554464696,-0.8511063953064819,-0.44690291629477147,-0.7611141943048213,-0.4167327248757193,-0.2757577768833604,2.6410668946896796,1.0609857432616687,-1.1726039399558572,-0.49430000374546906,-0.2968260885977624,0.2968260885977624,1.1570767620354865,-31.3409,-64.1721,-0.3720608663604143,1.5272453792893568,1.0148155175222626,2.612919439181921,-0.6046351081736687,0.6136561786075432,-1.0117566654304488,Cluster 1,Núcleo Consolidado (Alta Infraestructura),Muy Alta,<b>LOS HORNILLOS</b><hr>Tipología: <span style='color:#38bdf8'>Núcleo Consolidado (Alta Infraestructura)</span><br>Pob: 726.0<br>Score Infra: <b style='color:#e2e8f0'>Muy Alta</b>
LOS JACARANDAES,-0.32663912073027046,-0.33117428783431857,0.1287759851596638,2.9717731258047055,-0.5498909925314214,-0.6586974704539651,-0.31679235383650955,-0.48584923172746025,-1.0260457721272829,-0.7696386255900036,-0.5090657145314306,-0.28378320797232354,0.32441586554464696,-0.24643386371735243,-0.44690291629477147,-0.7611141943048213,-0.4167327248757193,-0.2757577768833604,-1.0409489990942924,0.3028021862001542,-1.1726039399558572,-0.49430000374546906,-0.2968260885977624,-3.3689761055846037,-1.228937512181561,-31.4172,-64.2365,-0.3113834149781408,0.36766089553495307,-0.007214626508919645,-0.5223879432644044,-0.6046351081736687,1.4099969359987716,-1.6926937127365,Cluster 0,Vulnerabilidad y Periferia NBI,Muy Baja,<b>LOS JACARANDAES</b><hr>Tipología: <span style='color:#38bdf8'>Vulnerabilidad y Periferia NBI</span><br>Pob: 1305.0<br>Score Infra: <b style='color:#e2e8f0'>Muy Baja</b>
LOS JOSEFINOS,-0.4870204208247335,-0.39663060868262456,-0.3361815438124557,-0.12014740598567963,-0.5498909925314214,-0.6586974704539651,-0.31679235383650955,1.9142459730061934,-1.0260457721272829,-0.7696386255900036,-0.5454591245138511,-0.28378320797232354,0.32441586554464696,-1.2349599477828588,-0.44690291629477147,-0.7611141943048213,3.2290985212218493,-0.2757577768833604,-1.0409489990942924,1.8340599757482867,-1.1726039399558572,2.0230629019273323,-0.2968260885977624,-3.3689761055846037,-0.03593037507303724,-31.4142,-64.1239,-0.3720608663604143,0.6266746118374831,1.0148155175222626,1.0452657479587582,-0.6046351081736687,-1.342572203679605,1.0310544764877052,Cluster 4,Transición Urbana Mixta,Alta,<b>LOS JOSEFINOS</b><hr>Tipología: <span style='color:#38bdf8'>Transición Urbana Mixta</span><br>Pob: 500.0<br>Score Infra: <b style='color:#e2e8f0'>Alta</b>
LOS NARANJOS,-0.2648773778367505,-0.19806143367221737,-0.3514260529590825,-0.6963367252700117,0.6346125698691113,0.3820164434189307,0.7550941036651048,-0.48584923172746025,-0.19390430863259123,0.5717980514716056,2.0627352575596287,2.831525786212739,0.32441586554464696,-0.026646748992975713,1.4200110202284506,2.0204136696898973,-0.4167327248757193,3.976094957602642,-0.18641447707859546,0.12039141224263762,0.8528028654224415,-0.49430000374546906,3.368976105584603,0.2968260885977624,1.3074106947044273,-31.4297,-64.2266,-0.25070596359586733,-0.07863966178632945,0.056796944756782895,0.14432346006857874,-0.6046351081736687,-0.6847254910520686,-1.0117566654304488,Cluster 1,Núcleo Consolidado (Alta Infraestructura),Muy Alta,<b>LOS NARANJOS</b><hr>Tipología: <span style='color:#38bdf8'>Núcleo Consolidado (Alta Infraestructura)</span><br>Pob: 1615.0<br>Score Infra: <b style='color:#e2e8f0'>Muy Alta</b>
LOS OLMOS,-0.2162649092366897,-0.20906249599966376,-0.24471448893269448,-0.23006659920299838,-0.15505647173124384,-0.6586974704539651,0.3977986178312334,-0.48584923172746025,0.17593634180949397,0.7634318624804068,-0.20578729801125845,-0.28378320797232354,0.32441586554464696,0.11781426537985368,3.286924956751673,0.04642615330654855,-0.4167327248757193,-0.2757577768833604,0.031438129970289545,0.019879353123189638,0.8528028654224415,-0.49430000374546906,-0.2968260885977624,0.2968260885977624,-0.1314998036982926,-31.4598,-64.2173,-0.18396076707536646,-0.33687832935315415,-0.34758945985895107,-0.32202176490824863,-0.9824878130871381,0.2847328222937749,0.35011742918165384,Cluster 3,Transición Urbana Mixta,Media,<b>LOS OLMOS</b><hr>Tipología: <span style='color:#38bdf8'>Transición Urbana Mixta</span><br>Pob: 1859.0<br>Score Infra: <b style='color:#e2e8f0'>Media</b>
LOS OLMOS SUD,-0.09134680344882842,-0.15680744994429344,-0.03891361545323176,0.42058410903500115,-0.35247373213133265,-0.31179283249633316,-0.31679235383650955,1.9142459730061934,0.7306973174726218,-0.003103381554798346,-0.4302133262361858,-0.28378320797232354,1.682563641638338,0.41808680239766444,-0.44690291629477147,-0.46202517667098064,1.7848958779952775,-0.2757577768833604,0.13115939376027205,0.3511968813317403,0.8528028654224415,2.0230629019273323,-0.2968260885977624,0.2968260885977624,0.4000380296668913,-31.4654,-64.2155,-0.14755429624600236,-0.1864192539662168,-0.3413099645442981,-0.26769713204407963,-0.04067584710878904,1.0983853352804653,0.35011742918165384,Cluster 3,Transición Urbana Mixta,Alta,<b>LOS OLMOS SUD</b><hr>Tipología: <span style='color:#38bdf8'>Transición Urbana Mixta</span><br>Pob: 2486.0<br>Score Infra: <b style='color:#e2e8f0'>Alta</b>
LOS PARAISOS,0.4252602911411625,0.3943457726607703,-0.09989165203973924,-0.485362789901287,0.04236078866884495,-0.6586974704539651,0.7550941036651048,-0.48584923172746025,1.5628387809673134,0.3801642404628043,1.6624077477530017,-0.28378320797232354,0.32441586554464696,1.1548379756990954,3.286924956751673,-0.31995789329490637,-0.4167327248757193,-0.2757577768833604,-0.19561951681305548,-0.40326400687349856,0.8528028654224415,-0.49430000374546906,-0.2968260885977624,0.2968260885977624,-0.46116064176518445,-31.3831,-64.1946,-0.11114782541663827,0.7424836292227489,0.6942939278299395,-0.41726625109867477,-1.0276045539723284,-0.3038668679519155,0.35011742918165384,Cluster 3,Transición Urbana Mixta,Baja,<b>LOS PARAISOS</b><hr>Tipología: <span style='color:#38bdf8'>Transición Urbana Mixta</span><br>Pob: 5079.0<br>Score Infra: <b style='color:#e2e8f0'>Baja</b>
LOS PINOS,-0.2078971892317612,-0.2140129740470146,-0.24471448893269448,-0.21765636771072042,-0.15505647173124384,0.035111805461298766,-0.31679235383650955,1.9142459730061934,-0.37882463385363385,-0.003103381554798346,0.4250318083506995,-0.28378320797232354,0.32441586554464696,0.14154714631253346,-0.44690291629477147,0.023994476984010478,2.464005198283844,-0.2757577768833604,-0.4763732287140833,0.004988677698086229,0.8528028654224415,2.0230629019273323,-0.2968260885977624,0.2968260885977624,0.47090974078224906,-31.3937,-64.141,-0.30531566983991343,1.001497345525279,0.6465566697906573,0.17571886477579335,0.5232834139560907,0.5097856450347741,0.35011742918165384,Cluster 3,Transición Urbana Mixta,Alta,<b>LOS PINOS</b><hr>Tipología: <span style='color:#38bdf8'>Transición Urbana Mixta</span><br>Pob: 1901.0<br>Score Infra: <b style='color:#e2e8f0'>Alta</b>
LOS PLATANOS,0.8085815599383636,0.6847738181053548,0.03730893027990258,-0.44281342478490554,1.029447090669289,1.7696349952494583,0.040503131997361934,-0.48584923172746025,-0.008983983411548631,0.18853042945400297,0.18240907513456184,-0.28378320797232354,-1.0337319105490443,1.4860664443682263,0.019825567836034067,0.09128950595162452,-0.4167327248757193,-0.2757577768833604,-0.8000837927092576,-0.6477192617689459,0.8528028654224415,-0.49430000374546906,-0.2968260885977624,0.2968260885977624,-0.6480042437965823,-31.4222,-64.2307,0.1558329606653652,0.1508783694689494,0.11700044675260897,-0.4807625752256256,1.0872426750209703,-0.07881404521091631,0.35011742918165384,Cluster 3,Transición Urbana Mixta,Baja,<b>LOS PLATANOS</b><hr>Tipología: <span style='color:#38bdf8'>Transición Urbana Mixta</span><br>Pob: 7003.0<br>Score Infra: <b style='color:#e2e8f0'>Baja</b>
LOS ROBLES,0.10649000523912412,0.02030965352759331,0.6928228235848579,1.746705988495556,0.23977804906893374,0.7289210813765625,-0.31679235383650955,-0.48584923172746025,-0.28636447124311254,-0.38637100357240095,0.6858512465580475,-0.28378320797232354,0.32441586554464696,0.7647932368924552,-0.44690291629477147,0.09876673139247055,-0.4167327248757193,-0.2757577768833604,-0.6880891426066618,-0.291583941185223,0.8528028654224415,-0.49430000374546906,-0.2968260885977624,0.2968260885977624,-0.5717634636573338,-31.401,-64.2649,-0.05653811917259213,-0.1496672000360901,-0.250521883283533,-0.4465451116683243,1.65120193608585,0.6136561786075432,-1.6926937127365,Cluster 0,Vulnerabilidad y Periferia NBI,Baja,<b>LOS ROBLES</b><hr>Tipología: <span style='color:#38bdf8'>Vulnerabilidad y Periferia NBI</span><br>Pob: 3479.0<br>Score Infra: <b style='color:#e2e8f0'>Baja</b>
LOS SAUCES,-0.26089274926297507,-0.24866632037847072,-0.23709223435938104,-0.08646249193521093,-0.15505647173124384,0.035111805461298766,-0.31679235383650955,1.9142459730061934,-0.19390430863259123,-0.38637100357240095,-0.4484100312273961,-0.28378320797232354,0.32441586554464696,-0.014264376332446982,-0.44690291629477147,0.1511073094783927,2.9350003720323654,-0.2757577768833604,-0.1971536901021321,0.11170518491132728,0.8528028654224415,2.0230629019273323,-0.2968260885977624,0.2968260885977624,0.8692946623549423,-31.4612,-64.0989,-0.27497694414877677,0.1854965488593837,0.05097572711930696,0.13409349673701446,0.5232834139560907,0.3712916002710828,-1.0117566654304488,Cluster 1,Núcleo Consolidado (Alta Infraestructura),Muy Alta,<b>LOS SAUCES</b><hr>Tipología: <span style='color:#38bdf8'>Núcleo Consolidado (Alta Infraestructura)</span><br>Pob: 1635.0<br>Score Infra: <b style='color:#e2e8f0'>Muy Alta</b>
LOS SOLES,-0.4870204208247335,-0.39663060868262456,-0.4047818349722766,-0.9179480019178317,-0.5498909925314214,-0.6586974704539651,-0.31679235383650955,-0.48584923172746025,-0.5637449590746765,-0.5780048145812022,-0.5454591245138511,-0.28378320797232354,-1.0337319105490443,-1.2349599477828588,-0.44690291629477147,-0.7611141943048213,-0.4167327248757193,-0.2757577768833604,0.4932242899823627,-0.6477192617689459,-1.1726039399558572,-0.49430000374546906,-0.2968260885977624,0.2968260885977624,-0.23458592895699487,-31.3732,-64.2786,-0.40239959205155107,-1.3657385904896708,-1.1674591357020647,-0.5223879432644044,-0.6046351081736687,-1.342572203679605,1.0310544764877052,Cluster 4,Transición Urbana Mixta,Media,<b>LOS SOLES</b><hr>Tipología: <span style='color:#38bdf8'>Transición Urbana Mixta</span><br>Pob: 500.0<br>Score Infra: <b style='color:#e2e8f0'>Media</b>
LOS SUENOS,-0.4870204208247335,-0.39663060868262456,-0.4047818349722766,-0.9179480019178317,-0.5498909925314214,-0.6586974704539651,-0.31679235383650955,-0.48584923172746025,-0.9335856095167617,-0.5780048145812022,-0.5454591245138511,-0.28378320797232354,-1.0337319105490443,-1.2349599477828588,-0.44690291629477147,-0.7611141943048213,-0.4167327248757193,-0.2757577768833604,-0.7341143412789614,-0.6477192617689459,-1.1726039399558572,-0.49430000374546906,-0.2968260885977624,0.2968260885977624,-1.0302819582976035,-31.3604,-64.2833,-0.40239959205155107,-1.3657385904896708,-1.1674591357020647,-0.5223879432644044,-0.6046351081736687,-1.342572203679605,1.0310544764877052,Cluster 4,Transición Urbana Mixta,Muy Baja,<b>LOS SUENOS</b><hr>Tipología: <span style='color:#38bdf8'>Transición Urbana Mixta</span><br>Pob: 500.0<br>Score Infra: <b style='color:#e2e8f0'>Muy Baja</b>
LOURDES,-0.3051221264318829,-0.3317243409506909,-0.023669106306604897,1.869035413205153,-0.35247373213133265,-0.31179283249633316,-0.31679235383650955,-0.48584923172746025,1.377918455746271,0.3801642404628043,-0.5030001462010271,-0.28378320797232354,0.32441586554464696,-0.16491657703554166,-0.44690291629477147,-0.23023118800475417,-0.4167327248757193,-0.2757577768833604,1.7819298528067526,0.23083058831215444,0.8528028654224415,-0.49430000374546906,-0.2968260885977624,0.2968260885977624,0.8649994071358299,-31.3317,-64.256,-0.32351890525459553,0.7998611446233662,0.16708365004410738,0.5358841255181085,-0.04067584710878904,2.0159083818399246,-1.6926937127365,Cluster 0,Vulnerabilidad y Periferia NBI,Muy Alta,<b>LOURDES</b><hr>Tipología: <span style='color:#38bdf8'>Vulnerabilidad y Periferia NBI</span><br>Pob: 1413.0<br>Score Infra: <b style='color:#e2e8f0'>Muy Alta</b>
MAIPU SECCION 1,-0.18379018636041955,-0.1331551659402837,-0.3514260529590825,-0.735340309960028,-0.5498909925314214,-0.6586974704539651,-0.31679235383650955,-0.48584923172746025,0.5457769922515792,1.5299671065156122,-0.5454591245138511,-0.28378320797232354,0.32441586554464696,0.20449087400355204,-0.44690291629477147,-0.7611141943048213,-0.4167327248757193,-0.2757577768833604,0.24929073701917456,-0.03347890048343083,-1.1726039399558572,-0.49430000374546906,-0.2968260885977624,0.2968260885977624,-0.39297346516177184,-31.4362,-64.1595,-0.2385704733194126,0.12635774018790918,0.2045423944667029,-0.31884694870190106,-0.6046351081736687,-0.5116079350974536,0.35011742918165384,Cluster 3,Transición Urbana Mixta,Media,<b>MAIPU SECCION 1</b><hr>Tipología: <span style='color:#38bdf8'>Transición Urbana Mixta</span><br>Pob: 2022.0<br>Score Infra: <b style='color:#e2e8f0'>Media</b>
MAIPU SECCION 2,-0.13179078347264955,-0.08640065104863659,-0.34380379838576913,-0.7317945295336629,-0.5498909925314214,-0.6586974704539651,-0.31679235383650955,-0.48584923172746025,0.17593634180949397,1.3383332955068108,-0.5454591245138511,-0.28378320797232354,0.32441586554464696,0.33037832938558925,-0.44690291629477147,-0.7611141943048213,-0.4167327248757193,-0.2757577768833604,-0.1680043976096756,-0.10420960875267199,-1.1726039399558572,-0.49430000374546906,-0.2968260885977624,0.2968260885977624,-0.6630376370634764,-31.4297,-64.1598,-0.18396076707536646,-0.10221588720946664,-0.009642407060631858,-0.419030037879979,-0.6046351081736687,-0.4942961795019917,0.35011742918165384,Cluster 3,Transición Urbana Mixta,Baja,<b>MAIPU SECCION 2</b><hr>Tipología: <span style='color:#38bdf8'>Transición Urbana Mixta</span><br>Pob: 2283.0<br>Score Infra: <b style='color:#e2e8f0'>Baja</b>
MALDONADO,1.010801460057469,0.5236082550082652,2.331607556847246,2.4806825367531364,0.8320298302692002,1.7696349952494583,-0.31679235383650955,-0.48584923172746025,-0.10144414602206994,-0.38637100357240095,-0.46660673621860643,-0.28378320797232354,-1.0337319105490443,1.6264000011875477,-0.44690291629477147,-0.11059558095121787,-0.4167327248757193,-0.2757577768833604,-0.8491773379597105,-0.6477192617689459,0.8528028654224415,-0.49430000374546906,-0.2968260885977624,0.2968260885977624,-0.7806202486866837,-31.4122,-64.1275,0.7383364939351909,-0.5159962762423653,-0.6239199878234816,-0.5068666195889275,3.3430797192804893,1.7389202923125406,-1.6926937127365,Cluster 0,Vulnerabilidad y Periferia NBI,Baja,<b>MALDONADO</b><hr>Tipología: <span style='color:#38bdf8'>Vulnerabilidad y Periferia NBI</span><br>Pob: 8018.0<br>Score Infra: <b style='color:#e2e8f0'>Baja</b>
MANANTIALES I-MANANTIALES II,-0.4870204208247335,-0.39663060868262456,-0.4047818349722766,-0.9179480019178317,-0.5498909925314214,-0.6586974704539651,-0.31679235383650955,-0.48584923172746025,-0.9335856095167617,-0.5780048145812022,-0.5454591245138511,-0.28378320797232354,-1.0337319105490443,-1.2349599477828588,-0.44690291629477147,-0.7611141943048213,-0.4167327248757193,-0.2757577768833604,-0.7341143412789614,-0.6477192617689459,-1.1726039399558572,-0.49430000374546906,-0.2968260885977624,0.2968260885977624,-1.0302819582976035,-31.4502,-64.2275,-0.23250272818118525,-1.0099513725369087,-0.7777648951891636,-0.4758239722379738,-0.6046351081736687,-1.342572203679605,1.0310544764877052,Cluster 4,Transición Urbana Mixta,Muy Baja,<b>MANANTIALES I-MANANTIALES II</b><hr>Tipología: <span style='color:#38bdf8'>Transición Urbana Mixta</span><br>Pob: 500.0<br>Score Infra: <b style='color:#e2e8f0'>Muy Baja</b>
MARCELO T DE ALVEAR,-0.039148169132369647,-0.09355134156147674,-0.03891361545323176,0.21492884430582418,-0.5498909925314214,-0.6586974704539651,-0.31679235383650955,-0.48584923172746025,-0.28636447124311254,-0.38637100357240095,1.0497853463822542,-0.28378320797232354,0.32441586554464696,0.5212732412353995,-0.44690291629477147,-0.7611141943048213,-0.4167327248757193,-0.2757577768833604,-0.5945045719729858,-0.19603544054080957,-1.1726039399558572,-0.49430000374546906,-0.2968260885977624,0.2968260885977624,-0.9395446917938498,-31.368,-64.1719,-0.23250272818118525,0.5896735062570657,0.2958323988977095,-0.45465853086232355,-0.6046351081736687,0.665591445393928,0.35011742918165384,Cluster 3,Transición Urbana Mixta,Muy Baja,<b>MARCELO T DE ALVEAR</b><hr>Tipología: <span style='color:#38bdf8'>Transición Urbana Mixta</span><br>Pob: 2748.0<br>Score Infra: <b style='color:#e2e8f0'>Muy Baja</b>
MARCOS SASTRE,-0.36668463789671407,-0.3520763062564667,-0.26758125265263477,0.21847462473218937,-0.35247373213133265,-0.31179283249633316,-0.31679235383650955,-0.48584923172746025,-0.008983983411548631,-0.19473719256359964,-0.3452953696105376,-0.28378320797232354,0.32441586554464696,-0.41875521657637055,-0.44690291629477147,-0.08068667918783377,-0.4167327248757193,-0.2757577768833604,0.4870875968260562,0.47652673282636054,0.8528028654224415,-0.49430000374546906,-0.2968260885977624,0.2968260885977624,0.10044397813378758,-31.4451,-64.1499,-0.2992479247016861,-0.07184154793998922,-0.2656668693769098,-0.008773232548624789,-0.04067584710878904,1.1330088464713883,1.0310544764877052,Cluster 4,Transición Urbana Mixta,Alta,<b>MARCOS SASTRE</b><hr>Tipología: <span style='color:#38bdf8'>Transición Urbana Mixta</span><br>Pob: 1104.0<br>Score Infra: <b style='color:#e2e8f0'>Alta</b>
MARECHAL,0.12203005667684849,0.08576597437589928,0.06017569399984288,0.08550785874349737,-0.35247373213133265,-0.31179283249633316,-0.31679235383650955,-0.48584923172746025,0.7306973174726218,-0.003103381554798346,-0.42414775790578235,-0.28378320797232354,0.32441586554464696,0.7874942534367572,-0.44690291629477147,-0.5517518819611329,-0.4167327248757193,-0.2757577768833604,-0.2217004627273586,-0.29902927889777475,0.8528028654224415,-0.49430000374546906,-0.2968260885977624,0.2968260885977624,-0.5937766466552857,-31.3955,-64.2143,-0.15362204138422972,0.3628013997344772,0.2656569961302502,-0.42044106730502234,-0.04067584710878904,0.04236824395731384,0.35011742918165384,Cluster 3,Transición Urbana Mixta,Baja,<b>MARECHAL</b><hr>Tipología: <span style='color:#38bdf8'>Transición Urbana Mixta</span><br>Pob: 3557.0<br>Score Infra: <b style='color:#e2e8f0'>Baja</b>
MARIA LASTENIA,-0.4870204208247335,-0.39663060868262456,-0.3209370346658288,0.057141615332576376,0.23977804906893374,0.7289210813765625,-0.31679235383650955,-0.48584923172746025,0.8231574800831432,0.18853042945400297,-0.4484100312273961,-0.28378320797232354,0.32441586554464696,-1.2349599477828588,-0.44690291629477147,2.830571046205563,-0.4167327248757193,-0.2757577768833604,2.6410668946896796,1.8340599757482867,0.8528028654224415,-0.49430000374546906,-0.2968260885977624,0.2968260885977624,2.9471243746006617,-31.3267,-64.1819,0.9871140446025123,-1.3222362406300598,-1.1198091686489113,-0.40245044213571957,1.65120193608585,-1.342572203679605,-1.0117566654304488,Cluster 1,Núcleo Consolidado (Alta Infraestructura),Muy Alta,<b>MARIA LASTENIA</b><hr>Tipología: <span style='color:#38bdf8'>Núcleo Consolidado (Alta Infraestructura)</span><br>Pob: 500.0<br>Score Infra: <b style='color:#e2e8f0'>Muy Alta</b>
MARIANO BALCARCE,-0.18936866636370522,-0.14580638761684706,-0.32855928923914224,-0.6484686895140825,-0.35247373213133265,-0.6586974704539651,0.040503131997361934,-0.48584923172746025,-0.47128479646415516,0.5717980514716056,-0.3028363912977135,-0.28378320797232354,0.32441586554464696,0.19004477256626884,3.286924956751673,-0.3872529222625205,-0.4167327248757193,-0.2757577768833604,-0.5791628390822192,-0.024792673152120588,0.8528028654224415,-0.49430000374546906,-0.2968260885977624,0.2968260885977624,-0.7435736724218377,-31.4337,-64.2216,-0.2689091990105494,0.44011300922437757,0.45932841591727624,-0.3774046698412001,-0.8866147387061086,-0.4077374015246845,0.35011742918165384,Cluster 3,Transición Urbana Mixta,Baja,<b>MARIANO BALCARCE</b><hr>Tipología: <span style='color:#38bdf8'>Transición Urbana Mixta</span><br>Pob: 1994.0<br>Score Infra: <b style='color:#e2e8f0'>Baja</b>
MARIANO FRAGUEIRO,0.13657395097112898,0.023059919109454905,0.27359882205261904,0.7202025550628539,0.04236078866884495,0.3820164434189307,-0.31679235383650955,-0.48584923172746025,1.8402192687988774,0.7634318624804068,-0.3938199162537651,-0.28378320797232354,0.32441586554464696,0.8081315412043039,-0.44690291629477147,-0.14050448271460195,-0.4167327248757193,-0.2757577768833604,0.2692349897771709,-0.30647461661032643,0.8528028654224415,-0.49430000374546906,-0.2968260885977624,0.2968260885977624,-0.07082932372832712,-31.3661,-64.1857,-0.22643498304295792,1.1282128327800836,0.6442052688518082,-0.2599364702063412,1.0872426750209703,0.8560207569440043,0.35011742918165384,Cluster 3,Transición Urbana Mixta,Media,<b>MARIANO FRAGUEIRO</b><hr>Tipología: <span style='color:#38bdf8'>Transición Urbana Mixta</span><br>Pob: 3630.0<br>Score Infra: <b style='color:#e2e8f0'>Media</b>
MARQUES ANEXO,1.500910774631853,0.9807023947136624,1.3483367168898133,0.590781569500527,-0.35247373213133265,-0.31179283249633316,-0.31679235383650955,-0.48584923172746025,-1.0260457721272829,-0.7696386255900036,-0.5454591245138511,-0.28378320797232354,-1.0337319105490443,1.901907792884301,-0.44690291629477147,-0.6863419398963612,-0.4167327248757193,-0.2757577768833604,-1.0409489990942924,-0.6477192617689459,0.8528028654224415,-0.49430000374546906,-0.2968260885977624,-3.3689761055846037,-1.191890935916715,-31.3714,-64.1916,-0.03226713861968271,2.056639529213693,1.2509321793145016,-0.5185076123455352,-0.04067584710878904,1.0464500684940803,0.35011742918165384,Cluster 3,Transición Urbana Mixta,Muy Baja,<b>MARQUES ANEXO</b><hr>Tipología: <span style='color:#38bdf8'>Transición Urbana Mixta</span><br>Pob: 10478.0<br>Score Infra: <b style='color:#e2e8f0'>Muy Baja</b>
MARQUES DE SOBREMONTE,4.3160508620042295,3.6407592654901975,2.1867847199542907,-0.11837451577249711,1.819116132269644,2.1165396332070903,1.1123895894989762,1.9142459730061934,2.2100599192409627,-0.003103381554798346,8.03732006300702,2.831525786212739,1.682563641638338,2.7831199805585634,0.7964617654296945,-0.3947301477033665,-0.19218851413514496,0.842791867735992,-0.8230963920454074,-0.547207202649498,0.8528028654224415,2.0230629019273323,3.368976105584603,0.2968260885977624,-0.674849588916036,-31.3686,-64.194,1.2358915952698337,0.45016074900371345,0.3560904577598664,-0.5089831637264925,-0.15346769932176496,-0.026878778424532186,0.35011742918165384,Cluster 3,Transición Urbana Mixta,Baja,<b>MARQUES DE SOBREMONTE</b><hr>Tipología: <span style='color:#38bdf8'>Transición Urbana Mixta</span><br>Pob: 24608.0<br>Score Infra: <b style='color:#e2e8f0'>Baja</b>
MAULLER,0.5557568769323095,0.3695933824240159,0.5479999866919026,0.47377081543047794,0.8320298302692002,1.7696349952494583,-0.31679235383650955,-0.48584923172746025,0.3608566670305366,-0.5780048145812022,-0.5454591245138511,2.831525786212739,3.0407114177320294,1.279693566692756,-0.44690291629477147,0.1511073094783927,-0.4167327248757193,3.976094957602642,-0.6389955973562087,0.0012660088418104591,0.8528028654224415,-0.49430000374546906,3.368976105584603,0.2968260885977624,0.08272605035494814,-31.4148,-64.1389,0.10729099955954634,-0.005679482730311469,-0.13282635554851194,-0.41973555259250067,3.3430797192804893,0.561720911821159,0.35011742918165384,Cluster 3,Transición Urbana Mixta,Alta,<b>MAULLER</b><hr>Tipología: <span style='color:#38bdf8'>Transición Urbana Mixta</span><br>Pob: 5734.0<br>Score Infra: <b style='color:#e2e8f0'>Alta</b>
MAURIZI,-0.4360171750804074,-0.366377687282147,-0.3209370346658288,-0.15383232003614836,-0.35247373213133265,-0.31179283249633316,-0.31679235383650955,-0.48584923172746025,-0.7486652842957191,-0.19473719256359964,-0.5393935561834478,-0.28378320797232354,-1.0337319105490443,-0.8098318197713886,-0.44690291629477147,0.22587956388685296,-0.4167327248757193,-0.2757577768833604,-0.4318822033308603,-0.6477192617689459,0.8528028654224415,-0.49430000374546906,-0.2968260885977624,0.2968260885977624,-0.3425042163371989,-31.4274,-64.2082,-0.33565439553105025,0.0035932083133190986,0.09726722820082795,0.00710084848311288,-0.04067584710878904,-0.5462314462883766,1.0310544764877052,Cluster 4,Transición Urbana Mixta,Media,<b>MAURIZI</b><hr>Tipología: <span style='color:#38bdf8'>Transición Urbana Mixta</span><br>Pob: 756.0<br>Score Infra: <b style='color:#e2e8f0'>Media</b>
MERCANTIL,-0.44259181222713695,-0.3889298650534121,-0.38191507125233626,-0.6697433720722733,0.4371953094690225,0.7289210813765625,0.040503131997361934,-0.48584923172746025,-0.28636447124311254,-0.38637100357240095,-0.01775467976875174,-0.28378320797232354,-1.0337319105490443,-0.8552338528599919,0.2998626583145174,2.830571046205563,-0.4167327248757193,-0.2757577768833604,0.6573808319135648,-0.6477192617689459,0.8528028654224415,-0.49430000374546906,-0.2968260885977624,0.2968260885977624,1.6612323433788274,-31.3184,-64.2587,-0.347789885807505,0.23483268457540865,0.12978312053387062,1.5874538045316657,0.2413037834236508,0.18086228872100588,-1.0117566654304488,Cluster 1,Núcleo Consolidado (Alta Infraestructura),Muy Alta,<b>MERCANTIL</b><hr>Tipología: <span style='color:#38bdf8'>Núcleo Consolidado (Alta Infraestructura)</span><br>Pob: 723.0<br>Score Infra: <b style='color:#e2e8f0'>Muy Alta</b>
MILITAR GENERAL DEHEZA,-0.422270206500882,-0.39663060868262456,-0.3895373258256497,-0.7406589805995757,-0.15505647173124384,0.035111805461298766,-0.31679235383650955,-0.48584923172746025,-0.7486652842957191,-0.38637100357240095,-0.5454591245138511,-0.28378320797232354,-1.0337319105490443,-0.7190277535941813,-0.44690291629477147,1.0483743623799147,-0.4167327248757193,-0.2757577768833604,-0.48250992187038994,-0.6477192617689459,0.8528028654224415,-0.49430000374546906,-0.2968260885977624,0.2968260885977624,0.03440442913993153,-31.3961,-64.2718,-0.17789302193713913,-0.9214842415271783,-0.8725574504385952,-0.29803426468251165,0.5232834139560907,1.4619322027851565,1.0310544764877052,Cluster 4,Transición Urbana Mixta,Alta,<b>MILITAR GENERAL DEHEZA</b><hr>Tipología: <span style='color:#38bdf8'>Transición Urbana Mixta</span><br>Pob: 825.0<br>Score Infra: <b style='color:#e2e8f0'>Alta</b>
MIRADOR,0.043732105202160323,0.019209547294848674,0.4107994043722608,1.065916146633453,-0.5498909925314214,-0.6586974704539651,-0.31679235383650955,-0.48584923172746025,0.17593634180949397,-0.003103381554798346,-0.460541167888203,-0.28378320797232354,0.32441586554464696,0.6667661199966076,-0.44690291629477147,-0.7611141943048213,-0.4167327248757193,-0.2757577768833604,-0.41040377728378713,-0.2555981422412232,-1.1726039399558572,-0.49430000374546906,-0.2968260885977624,0.2968260885977624,-0.8203513594634753,-31.4289,-64.1386,-0.21429949276650323,0.6678079823995273,0.5150036980076618,-0.4359623909804991,-0.6046351081736687,0.059679999552775725,-1.6926937127365,Cluster 0,Vulnerabilidad y Periferia NBI,Muy Baja,<b>MIRADOR</b><hr>Tipología: <span style='color:#38bdf8'>Vulnerabilidad y Periferia NBI</span><br>Pob: 3164.0<br>Score Infra: <b style='color:#e2e8f0'>Muy Baja</b>
MIRADOR DEL CHATEAU,-0.43641563793778493,-0.34822593444186045,-0.4047818349722766,-0.9179480019178317,-0.5498909925314214,-0.6586974704539651,-0.31679235383650955,-0.48584923172746025,-0.10144414602206994,-0.003103381554798346,-0.11480377305520681,-0.28378320797232354,0.32441586554464696,-0.8118955485481432,-0.44690291629477147,-0.7611141943048213,-0.4167327248757193,-0.2757577768833604,0.9933647822213523,0.9977003727049792,-1.1726039399558572,-0.49430000374546906,-0.2968260885977624,0.2968260885977624,0.08970584008600622,-31.3851,-64.2625,-0.09901233514018355,-1.065282679578736,-0.8532115856377616,-0.3491840813403331,-0.6046351081736687,-1.134831136534067,1.0310544764877052,Cluster 4,Transición Urbana Mixta,Alta,<b>MIRADOR DEL CHATEAU</b><hr>Tipología: <span style='color:#38bdf8'>Transición Urbana Mixta</span><br>Pob: 754.0<br>Score Infra: <b style='color:#e2e8f0'>Alta</b>
MIRALTA,0.11625234524487404,-0.017644011502096706,0.7004450781581714,1.9736359357829236,-0.5498909925314214,-0.6586974704539651,-0.31679235383650955,1.9142459730061934,-0.10144414602206994,-0.38637100357240095,-0.515131282861834,-0.28378320797232354,1.682563641638338,0.7792393383297392,-0.44690291629477147,-0.7611141943048213,1.1331699980409278,-0.2757577768833604,-0.606777958285599,0.05586515206718951,-1.1726039399558572,2.0230629019273323,-0.2968260885977624,0.2968260885977624,-0.44022127257201044,-31.4244,-64.1122,-0.19609625735182115,0.7016829916654933,0.2590447039309805,-0.36999676535972253,-0.6046351081736687,1.2022558688532343,-1.6926937127365,Cluster 0,Vulnerabilidad y Periferia NBI,Baja,<b>MIRALTA</b><hr>Tipología: <span style='color:#38bdf8'>Vulnerabilidad y Periferia NBI</span><br>Pob: 3528.0<br>Score Infra: <b style='color:#e2e8f0'>Baja</b>
MIRIZZI,-0.44856875508780014,-0.39663060868262456,-0.2752035072259482,0.5890086792873445,0.04236078866884495,0.3820164434189307,-0.31679235383650955,-0.48584923172746025,0.7306973174726218,0.18853042945400297,-0.4726723045490099,-0.28378320797232354,1.682563641638338,-0.8996040215602182,-0.44690291629477147,2.476524421581504,-0.4167327248757193,-0.2757577768833604,2.6410668946896796,2.9334881779684205,0.8528028654224415,-0.49430000374546906,-0.2968260885977624,0.2968260885977624,2.770482003714655,-31.4737,-64.2058,-0.25677370873409466,-0.7904292783177052,-0.7128204015092076,0.5725708905692357,1.0872426750209703,0.31935633348469794,-1.0117566654304488,Cluster 1,Núcleo Consolidado (Alta Infraestructura),Muy Alta,<b>MIRIZZI</b><hr>Tipología: <span style='color:#38bdf8'>Núcleo Consolidado (Alta Infraestructura)</span><br>Pob: 693.0<br>Score Infra: <b style='color:#e2e8f0'>Muy Alta</b>
MUTUAL DE LOS DOCENTES,-0.4413964236550043,-0.393880343100763,-0.39715958039896315,-0.8310763814718862,-0.5498909925314214,-0.6586974704539651,-0.31679235383650955,-0.48584923172746025,-0.7486652842957191,-0.5780048145812022,-0.21791843467206531,-0.28378320797232354,-1.0337319105490443,-0.846978937752973,-0.44690291629477147,-0.7611141943048213,-0.4167327248757193,-0.2757577768833604,-0.4088696039947105,-0.6477192617689459,-1.1726039399558572,-0.49430000374546906,-0.2968260885977624,0.2968260885977624,-0.819277545658697,-31.4569,-64.2241,-0.28104468928700405,-0.6395039782414232,-0.6082512558133308,-0.38763463317276436,-0.6046351081736687,0.492473889439313,1.0310544764877052,Cluster 4,Transición Urbana Mixta,Muy Baja,<b>MUTUAL DE LOS DOCENTES</b><hr>Tipología: <span style='color:#38bdf8'>Transición Urbana Mixta</span><br>Pob: 729.0<br>Score Infra: <b style='color:#e2e8f0'>Muy Baja</b>
NICOLAS AVELLANEDA,-0.2316057292457253,-0.23601509870190737,-0.28282576179926167,-0.3417586826334996,0.6346125698691113,1.4227303572918264,-0.31679235383650955,1.9142459730061934,0.2683965044200153,0.18853042945400297,-0.4848034412098168,-0.28378320797232354,1.682563641638338,0.07447596106800496,-0.44690291629477147,1.7587107792602865,2.6556892806233585,-0.2757577768833604,0.16491120611995855,0.7445588904782217,0.8528028654224415,2.0230629019273323,-0.2968260885977624,0.2968260885977624,1.8137139036573247,-31.4623,-64.1037,-0.2992479247016861,0.7227786626517334,0.41148204414533274,0.6537050825092283,2.7791204582156093,0.596344423012082,-1.0117566654304488,Cluster 1,Núcleo Consolidado (Alta Infraestructura),Muy Alta,<b>NICOLAS AVELLANEDA</b><hr>Tipología: <span style='color:#38bdf8'>Núcleo Consolidado (Alta Infraestructura)</span><br>Pob: 1782.0<br>Score Infra: <b style='color:#e2e8f0'>Muy Alta</b>
NUESTRO HOGAR I,-0.4680934350993,-0.39663060868262456,-0.26758125265263477,0.6776531899464724,-0.5498909925314214,-0.6586974704539651,-0.31679235383650955,1.9142459730061934,0.5457769922515792,-0.003103381554798346,-0.5454591245138511,-0.28378320797232354,0.32441586554464696,-1.0564474085935764,-0.44690291629477147,-0.7611141943048213,3.2290985212218493,-0.2757577768833604,2.6410668946896796,1.438216187364288,-1.1726039399558572,2.0230629019273323,-0.2968260885977624,0.2968260885977624,2.350620806046399,-31.4714,-64.149,-0.35992537608395964,0.32781263148841,0.39130691497627385,2.837273117763813,-0.6046351081736687,-0.5116079350974536,-1.0117566654304488,Cluster 1,Núcleo Consolidado (Alta Infraestructura),Muy Alta,<b>NUESTRO HOGAR I</b><hr>Tipología: <span style='color:#38bdf8'>Núcleo Consolidado (Alta Infraestructura)</span><br>Pob: 595.0<br>Score Infra: <b style='color:#e2e8f0'>Muy Alta</b>
NUESTRO HOGAR II,-0.4150978750680861,-0.3916801306352737,-0.15324743405293328,1.8814456446974306,0.23977804906893374,0.7289210813765625,-0.31679235383650955,-0.48584923172746025,-0.19390430863259123,-0.38637100357240095,-0.5454591245138511,-0.28378320797232354,0.32441586554464696,-0.6756894492823317,-0.44690291629477147,2.715795635688577,-0.4167327248757193,-0.2757577768833604,0.562262087990812,0.7929535856098076,0.8528028654224415,-0.49430000374546906,-0.2968260885977624,0.2968260885977624,1.542575917950842,-31.3877,-64.0982,-0.32351890525459553,-0.04614738728277823,-0.29035385139151,0.878411518447382,1.65120193608585,1.4619322027851565,-1.0117566654304488,Cluster 1,Núcleo Consolidado (Alta Infraestructura),Muy Alta,<b>NUESTRO HOGAR II</b><hr>Tipología: <span style='color:#38bdf8'>Núcleo Consolidado (Alta Infraestructura)</span><br>Pob: 861.0<br>Score Infra: <b style='color:#e2e8f0'>Muy Alta</b>
NUESTRO HOGAR III,1.6328019804238214,1.0269068564889372,4.244793454748917,2.96113578452561,-0.35247373213133265,-0.31179283249633316,-0.31679235383650955,1.9142459730061934,0.6382371548621005,-0.5780048145812022,-0.5272624195226409,-0.28378320797232354,1.682563641638338,1.9648515205753194,-0.44690291629477147,-0.6938191653372072,0.07616920114017557,-0.2757577768833604,-0.7924129262638743,-0.42435913039239503,0.8528028654224415,2.0230629019273323,-0.2968260885977624,0.2968260885977624,-0.8729682358976046,-31.5009,-64.1998,-0.020131648343227997,2.1573540241781286,1.2469004268926696,-0.48534842085701646,-0.04067584710878904,1.2541911356396185,-1.6926937127365,Cluster 0,Vulnerabilidad y Periferia NBI,Muy Baja,<b>NUESTRO HOGAR III</b><hr>Tipología: <span style='color:#38bdf8'>Vulnerabilidad y Periferia NBI</span><br>Pob: 11140.0<br>Score Infra: <b style='color:#e2e8f0'>Muy Baja</b>
NUEVA CORDOBA,6.7958844548933985,10.494421095489294,1.4626705354895146,-0.6998825056963768,3.5958714758704433,2.1165396332070903,4.32804896200382,-0.48584923172746025,3.042201382735654,5.745910948709241,1.5410963811449327,2.831525786212739,0.32441586554464696,3.2051525154049005,1.8643365371209775,-0.33491234417659843,-0.4167327248757193,0.46084808664645716,-0.8583823776941704,-0.6142152420624634,0.8528028654224415,-0.49430000374546906,3.368976105584603,0.2968260885977624,-0.7951167350511888,-31.4268,-64.1861,0.3500008050886404,4.588201736503778,7.632034201821629,-0.49945871510744994,-0.8076604421570254,-2.467836317384602,-0.3308196181243975,Cluster 2,Anillos Densos Poblacionales,Muy Baja,<b>NUEVA CORDOBA</b><hr>Tipología: <span style='color:#38bdf8'>Anillos Densos Poblacionales</span><br>Pob: 37055.0<br>Score Infra: <b style='color:#e2e8f0'>Muy Baja</b>
NUEVA CORDOBA ANEXA,-0.2714520149834801,-0.23161467377092884,-0.35904830753239597,-0.7052011763359244,-0.5498909925314214,-0.6586974704539651,-0.31679235383650955,1.9142459730061934,-0.28636447124311254,-0.003103381554798346,-0.5454591245138511,-0.28378320797232354,0.32441586554464696,-0.048315901148900074,-0.44690291629477147,-0.7611141943048213,3.0445341333692313,-0.2757577768833604,-0.264657314821505,0.13652297728649962,-1.1726039399558572,2.0230629019273323,-0.2968260885977624,0.2968260885977624,0.4070178193979494,-31.4363,-64.164,-0.28711243442523143,0.2932083989903919,0.26824844728095404,0.04343485617797923,-0.6046351081736687,-0.19999633437914646,0.35011742918165384,Cluster 3,Transición Urbana Mixta,Alta,<b>NUEVA CORDOBA ANEXA</b><hr>Tipología: <span style='color:#38bdf8'>Transición Urbana Mixta</span><br>Pob: 1582.0<br>Score Infra: <b style='color:#e2e8f0'>Alta</b>
NUEVA ITALIA,0.08019145665220596,0.036811247018762885,0.006819911986648839,0.05182294469302865,0.23977804906893374,-0.31179283249633316,0.7550941036651048,-0.48584923172746025,-0.5637449590746765,-0.5780048145812022,1.322735921250409,-0.28378320797232354,-1.0337319105490443,0.7245505257457386,2.353467988490062,0.13615285859670068,-0.4167327248757193,-0.2757577768833604,-0.8123571790218708,-0.6477192617689459,0.8528028654224415,-0.49430000374546906,-0.2968260885977624,0.2968260885977624,-0.6335077574320773,-31.386,-64.1453,-0.13541880596954767,0.14985426908295318,0.057588019318576614,-0.4334930894866733,-0.8866147387061086,0.19817404431646776,0.35011742918165384,Cluster 3,Transición Urbana Mixta,Baja,<b>NUEVA ITALIA</b><hr>Tipología: <span style='color:#38bdf8'>Transición Urbana Mixta</span><br>Pob: 3347.0<br>Score Infra: <b style='color:#e2e8f0'>Baja</b>
NUEVO URCA,-0.4870204208247335,-0.39663060868262456,-0.4047818349722766,-0.9179480019178317,-0.5498909925314214,-0.6586974704539651,-0.31679235383650955,-0.48584923172746025,-0.6562051216851977,-0.5780048145812022,0.18240907513456184,-0.28378320797232354,0.32441586554464696,-1.2349599477828588,-0.44690291629477147,-0.7611141943048213,-0.4167327248757193,-0.2757577768833604,0.18638963216703167,1.8340599757482867,-1.1726039399558572,-0.49430000374546906,-0.2968260885977624,0.2968260885977624,-0.4337783897433415,-31.3828,-64.2675,-0.26284145387232205,-0.9326058920225686,-0.693048993150995,-0.2952122058324249,-0.6046351081736687,-1.342572203679605,1.0310544764877052,Cluster 4,Transición Urbana Mixta,Media,<b>NUEVO URCA</b><hr>Tipología: <span style='color:#38bdf8'>Transición Urbana Mixta</span><br>Pob: 500.0<br>Score Infra: <b style='color:#e2e8f0'>Media</b>
OBRERO,-0.0923429605922723,-0.0011424180109271338,-0.30569252551920195,-0.6679704818590907,-0.5498909925314214,-0.6586974704539651,-0.31679235383650955,1.9142459730061934,0.9156176426936644,1.7216009175244136,0.9345395481045887,-0.28378320797232354,0.32441586554464696,0.41602307362090996,-0.44690291629477147,-0.7611141943048213,1.790372566062121,-0.2757577768833604,0.25696160346455793,-0.14764074540922353,-1.1726039399558572,2.0230629019273323,-0.2968260885977624,0.2968260885977624,0.3345353875754242,-31.4134,-64.2122,-0.22643498304295792,0.3388047751256489,0.5614315912550093,-0.1682195575785234,-0.6046351081736687,-0.996337091770375,0.35011742918165384,Cluster 3,Transición Urbana Mixta,Alta,<b>OBRERO</b><hr>Tipología: <span style='color:#38bdf8'>Transición Urbana Mixta</span><br>Pob: 2481.0<br>Score Infra: <b style='color:#e2e8f0'>Alta</b>
OBSERVATORIO,0.7314789970358081,0.7914841226815846,0.570866750411843,0.04295849362711589,0.8320298302692002,0.3820164434189307,1.1123895894989762,-0.48584923172746025,-0.10144414602206994,0.18853042945400297,0.061097708526493,-0.28378320797232354,0.32441586554464696,1.4272501742307184,1.6851127992147479,0.0314717024248565,-0.4167327248757193,-0.2757577768833604,-0.8092888324437175,-0.46034492933639487,0.8528028654224415,-0.49430000374546906,-0.2968260885977624,0.2968260885977624,-0.6839770062566503,-31.4231,-64.2029,0.08908776414486434,0.26164458903912513,0.4220988103332691,-0.4782932737317997,-0.7174269603866447,-0.8232195358157607,0.35011742918165384,Cluster 3,Transición Urbana Mixta,Baja,<b>OBSERVATORIO</b><hr>Tipología: <span style='color:#38bdf8'>Transición Urbana Mixta</span><br>Pob: 6616.0<br>Score Infra: <b style='color:#e2e8f0'>Baja</b>
OMBU,-0.25172810354329145,-0.19476111497398346,-0.3666705621057094,-0.7619336631577664,-0.5498909925314214,-0.6586974704539651,-0.31679235383650955,-0.48584923172746025,0.08347617919897267,1.3383332955068108,0.8738838648005542,-0.28378320797232354,0.32441586554464696,0.01462782654211853,-0.44690291629477147,-0.7611141943048213,-0.4167327248757193,-0.2757577768833604,0.05445072930643929,0.0906100613924308,-1.1726039399558572,-0.49430000374546906,-0.2968260885977624,0.2968260885977624,-0.5191465872232044,-31.3893,-64.2175,-0.22643498304295792,-0.21082631569472443,-0.10077965226591268,-0.3615305888094624,-0.6046351081736687,-0.5462314462883766,1.0310544764877052,Cluster 4,Transición Urbana Mixta,Baja,<b>OMBU</b><hr>Tipología: <span style='color:#38bdf8'>Transición Urbana Mixta</span><br>Pob: 1681.0<br>Score Infra: <b style='color:#e2e8f0'>Baja</b>
ONA,-0.3210606407269848,-0.28386971982629916,-0.3361815438124557,-0.5243663745913033,0.8320298302692002,0.7289210813765625,0.7550941036651048,-0.48584923172746025,-0.37882463385363385,-0.19473719256359964,-0.5454591245138511,-0.28378320797232354,1.682563641638338,-0.22476471156142808,1.154909241242153,2.830571046205563,-0.4167327248757193,-0.2757577768833604,-0.23550802232904847,1.2136151663689785,0.8528028654224415,-0.49430000374546906,-0.2968260885977624,0.2968260885977624,1.082983609505794,-31.4493,-64.1654,-0.2689091990105494,-0.15851749948082736,-0.16311632773526558,0.1679582029380549,-0.4636452929074488,0.025056488361852716,-1.0117566654304488,Cluster 1,Núcleo Consolidado (Alta Infraestructura),Muy Alta,<b>ONA</b><hr>Tipología: <span style='color:#38bdf8'>Núcleo Consolidado (Alta Infraestructura)</span><br>Pob: 1333.0<br>Score Infra: <b style='color:#e2e8f0'>Muy Alta</b>
OSN,-0.189567897792394,-0.1903606900430049,-0.34380379838576913,-0.6715162622854559,-0.5498909925314214,-0.6586974704539651,-0.31679235383650955,-0.48584923172746025,-0.008983983411548631,-0.003103381554798346,-0.3331642329497307,-0.28378320797232354,0.32441586554464696,0.19004477256626884,-0.44690291629477147,-0.7611141943048213,-0.4167327248757193,-0.2757577768833604,-0.19408534352397885,-0.024792673152120588,-1.1726039399558572,-0.49430000374546906,-0.2968260885977624,0.2968260885977624,-0.6802186579399268,-31.4599,-64.1582,-0.31745116011636815,1.4706030643603978,1.0732677441088763,-0.2648750731939929,-0.6046351081736687,0.3366680890801598,0.35011742918165384,Cluster 3,Transición Urbana Mixta,Baja,<b>OSN</b><hr>Tipología: <span style='color:#38bdf8'>Transición Urbana Mixta</span><br>Pob: 1993.0<br>Score Infra: <b style='color:#e2e8f0'>Baja</b>
PADRE CLARET,-0.41310556078119837,-0.3658276341657747,-0.4047818349722766,-0.9179480019178317,0.6346125698691113,-0.6586974704539651,1.8269805611667191,-0.48584923172746025,-0.10144414602206994,1.7216009175244136,-0.254311844654486,-0.28378320797232354,0.32441586554464696,-0.6633070766218039,3.286924956751673,2.830571046205563,-0.4167327248757193,-0.2757577768833604,0.7202819367657077,0.7768220205659456,0.8528028654224415,-0.49430000374546906,-0.2968260885977624,0.2968260885977624,1.7020372679603974,-31.3545,-64.2372,-0.20823174762827587,-0.8234276257746475,-0.7310042050571992,0.07941610651658462,-1.0896400726894653,0.2154857999119289,-1.0117566654304488,Cluster 1,Núcleo Consolidado (Alta Infraestructura),Muy Alta,<b>PADRE CLARET</b><hr>Tipología: <span style='color:#38bdf8'>Núcleo Consolidado (Alta Infraestructura)</span><br>Pob: 871.0<br>Score Infra: <b style='color:#e2e8f0'>Muy Alta</b>
PALERMO BAJO,-0.206303337802251,-0.14030585645312385,-0.38191507125233626,-0.8381679423246164,-0.5498909925314214,-0.6586974704539651,-0.31679235383650955,-0.48584923172746025,0.9156176426936644,0.18853042945400297,-0.5454591245138511,-0.28378320797232354,-1.0337319105490443,0.14567460386604242,-0.44690291629477147,-0.7611141943048213,-0.4167327248757193,-0.2757577768833604,0.6466416188900282,-0.6477192617689459,-1.1726039399558572,-0.49430000374546906,-0.2968260885977624,0.2968260885977624,-0.13525815201501612,-31.3869,-64.2246,-0.17789302193713913,-0.3377609684017851,-0.18543554175111743,-0.32801863996468283,-0.6046351081736687,-0.7020372466475298,1.0310544764877052,Cluster 4,Transición Urbana Mixta,Media,<b>PALERMO BAJO</b><hr>Tipología: <span style='color:#38bdf8'>Transición Urbana Mixta</span><br>Pob: 1909.0<br>Score Infra: <b style='color:#e2e8f0'>Media</b>
PALMAR,-0.3824239207631272,-0.3509762000237221,-0.32855928923914224,-0.292117756664388,-0.15505647173124384,0.035111805461298766,-0.31679235383650955,-0.48584923172746025,-0.7486652842957191,-0.5780048145812022,-0.21185286634166187,-0.28378320797232354,0.32441586554464696,-0.4961450457046724,-0.44690291629477147,0.6969447666601519,-0.4167327248757193,-0.2757577768833604,-0.5914362253948324,0.5633890061394635,0.8528028654224415,-0.49430000374546906,-0.2968260885977624,0.2968260885977624,-0.21096202525187566,-31.39,-64.1247,-0.25677370873409466,-0.514812782800183,-0.5241409349914322,-0.24370963181834263,0.5232834139560907,0.596344423012082,1.0310544764877052,Cluster 4,Transición Urbana Mixta,Media,<b>PALMAR</b><hr>Tipología: <span style='color:#38bdf8'>Transición Urbana Mixta</span><br>Pob: 1025.0<br>Score Infra: <b style='color:#e2e8f0'>Media</b>
PALMAS DEL CLARET,-0.4625149550960143,-0.39058002440252904,-0.4047818349722766,-0.9179480019178317,-0.5498909925314214,-0.6586974704539651,-0.31679235383650955,-0.48584923172746025,-0.9335856095167617,-0.5780048145812022,-0.5454591245138511,-0.28378320797232354,-1.0337319105490443,-1.0089816467282178,-0.44690291629477147,-0.7611141943048213,-0.4167327248757193,-0.2757577768833604,-0.7939470995529508,-0.6477192617689459,-1.1726039399558572,-0.49430000374546906,-0.2968260885977624,0.2968260885977624,-1.0689392552696169,-31.3514,-64.2309,-0.3720608663604143,1.1168082596099629,1.1348406234496005,-0.3121445589329452,-0.6046351081736687,-0.5635432018838377,1.0310544764877052,Cluster 4,Transición Urbana Mixta,Muy Baja,<b>PALMAS DEL CLARET</b><hr>Tipología: <span style='color:#38bdf8'>Transición Urbana Mixta</span><br>Pob: 623.0<br>Score Infra: <b style='color:#e2e8f0'>Muy Baja</b>
PANAMERICANO,0.07999222522351718,0.08301570879403769,-0.2066032160661273,-0.48713568011446956,0.23977804906893374,0.7289210813765625,-0.31679235383650955,-0.48584923172746025,0.17593634180949397,0.18853042945400297,0.06716327685689644,-0.28378320797232354,0.32441586554464696,0.7245505257457386,-0.44690291629477147,0.13615285859670068,-0.4167327248757193,-0.2757577768833604,-0.44415558964347357,-0.2766932657601196,0.8528028654224415,-0.49430000374546906,-0.2968260885977624,0.2968260885977624,-0.39512109277132823,-31.3728,-64.18,-0.05653811917259213,-0.19615617728598958,-0.1414081506223166,-0.42643794236145655,1.65120193608585,-0.2692433567609925,0.35011742918165384,Cluster 3,Transición Urbana Mixta,Media,<b>PANAMERICANO</b><hr>Tipología: <span style='color:#38bdf8'>Transición Urbana Mixta</span><br>Pob: 3346.0<br>Score Infra: <b style='color:#e2e8f0'>Media</b>
PARQUE ALAMEDA,-0.4559403179492848,-0.39663060868262456,-0.38191507125233626,-0.6520144699404476,-0.5498909925314214,-0.6586974704539651,-0.31679235383650955,-0.48584923172746025,-1.0260457721272829,-0.7696386255900036,-0.39988548458416856,-0.28378320797232354,0.32441586554464696,-0.9553246985325948,-0.44690291629477147,-0.7611141943048213,-0.4167327248757193,-0.2757577768833604,-1.0409489990942924,1.2433965172191854,-1.1726039399558572,-0.49430000374546906,-0.2968260885977624,-3.3689761055846037,-1.228937512181561,-31.4667,-64.1842,-0.26284145387232205,-0.797468474161527,-0.693048993150995,-0.5223879432644044,-0.6046351081736687,0.007744732766390826,1.0310544764877052,Cluster 4,Transición Urbana Mixta,Muy Baja,<b>PARQUE ALAMEDA</b><hr>Tipología: <span style='color:#38bdf8'>Transición Urbana Mixta</span><br>Pob: 656.0<br>Score Infra: <b style='color:#e2e8f0'>Muy Baja</b>
PARQUE ATLANTICA,-0.13856465204806787,-0.10290224453980616,-0.2752035072259482,-0.5066374724594778,-0.35247373213133265,-0.31179283249633316,-0.31679235383650955,-0.48584923172746025,-0.10144414602206994,0.18853042945400297,-0.24824627632408253,-0.28378320797232354,-1.0337319105490443,0.3149003635599293,-0.44690291629477147,-0.43211627490759663,-0.4167327248757193,-0.2757577768833604,-0.3582418854551809,-0.6477192617689459,0.8528028654224415,-0.49430000374546906,-0.2968260885977624,0.2968260885977624,-0.6227696193842959,-31.4538,-64.21,-0.2021640024900485,-0.00787910690568064,0.0460165079698546,-0.4017449274231979,-0.04067584710878904,-0.3731138903337615,0.35011742918165384,Cluster 3,Transición Urbana Mixta,Baja,<b>PARQUE ATLANTICA</b><hr>Tipología: <span style='color:#38bdf8'>Transición Urbana Mixta</span><br>Pob: 2249.0<br>Score Infra: <b style='color:#e2e8f0'>Baja</b>
PARQUE CAPITAL,0.20471109958268968,0.1930263320685015,-0.35904830753239597,-0.8346221618982514,0.04236078866884495,0.035111805461298766,0.040503131997361934,-0.48584923172746025,0.08347617919897267,-0.19473719256359964,2.869455845503287,-0.28378320797232354,0.32441586554464696,0.9009993361582675,0.7964617654296945,-0.19284506080052405,-0.4167327248757193,-0.2757577768833604,-0.5776286657931425,-0.3350150778417746,0.8528028654224415,-0.49430000374546906,-0.2968260885977624,0.2968260885977624,-0.6453197092846369,-31.4352,-64.2159,0.03447805790081814,-0.2665899764014568,-0.2036193452991091,-0.46912158246901786,-0.32265547764122887,-0.2692433567609925,0.35011742918165384,Cluster 3,Transición Urbana Mixta,Baja,<b>PARQUE CAPITAL</b><hr>Tipología: <span style='color:#38bdf8'>Transición Urbana Mixta</span><br>Pob: 3972.0<br>Score Infra: <b style='color:#e2e8f0'>Baja</b>
PARQUE CAPITAL SUD,-0.29914518357121966,-0.26351775452052334,-0.3895373258256497,-0.8381679423246164,-0.5498909925314214,-0.6586974704539651,-0.31679235383650955,-0.48584923172746025,0.17593634180949397,-0.19473719256359964,-0.33922980128013414,-0.28378320797232354,0.32441586554464696,-0.14324742487961636,-0.44690291629477147,-0.7611141943048213,-0.4167327248757193,-0.2757577768833604,0.3413411343637738,0.21221724403077513,-1.1726039399558572,-0.49430000374546906,-0.2968260885977624,0.2968260885977624,-0.33283989209419557,-31.4427,-64.2171,-0.23250272818118525,-0.33893449977795587,-0.3062408108669832,-0.3121445589329452,-0.6046351081736687,-0.026878778424532186,1.0310544764877052,Cluster 4,Transición Urbana Mixta,Media,<b>PARQUE CAPITAL SUD</b><hr>Tipología: <span style='color:#38bdf8'>Transición Urbana Mixta</span><br>Pob: 1443.0<br>Score Infra: <b style='color:#e2e8f0'>Media</b>
PARQUE CHACABUCO,-0.35473075217538763,-0.2932206228046286,-0.39715958039896315,-0.8718528563750851,-0.5498909925314214,-0.6586974704539651,-0.31679235383650955,-0.48584923172746025,-0.6562051216851977,-0.38637100357240095,0.4553596500027167,-0.28378320797232354,0.32441586554464696,-0.3650982683807485,-0.44690291629477147,-0.7611141943048213,-0.4167327248757193,-0.2757577768833604,-0.513193387651923,0.4182049207447055,-1.1726039399558572,-0.49430000374546906,-0.2968260885977624,0.2968260885977624,-0.8869278153597204,-31.3825,-64.2116,-0.23250272818118525,-0.5374645284974403,-0.41145918327219405,-0.4419592660369334,-0.6046351081736687,-0.47698442390653056,1.0310544764877052,Cluster 4,Transición Urbana Mixta,Muy Baja,<b>PARQUE CHACABUCO</b><hr>Tipología: <span style='color:#38bdf8'>Transición Urbana Mixta</span><br>Pob: 1164.0<br>Score Infra: <b style='color:#e2e8f0'>Muy Baja</b>
PARQUE CHATEAU CARRERAS,-0.4870204208247335,-0.39663060868262456,-0.3895373258256497,-0.7406589805995757,-0.5498909925314214,-0.6586974704539651,-0.31679235383650955,-0.48584923172746025,-1.0260457721272829,-0.7696386255900036,-0.06021365808157583,-0.28378320797232354,-1.0337319105490443,-1.2349599477828588,-0.44690291629477147,-0.7611141943048213,-0.4167327248757193,-0.2757577768833604,-1.0409489990942924,-0.6477192617689459,-1.1726039399558572,-0.49430000374546906,-0.2968260885977624,-3.3689761055846037,-1.228937512181561,-31.3626,-64.2647,1.2116206147169244,-1.3282871995255274,-1.1264378279080804,-0.5223879432644044,-0.6046351081736687,-1.342572203679605,1.0310544764877052,Cluster 4,Transición Urbana Mixta,Muy Baja,<b>PARQUE CHATEAU CARRERAS</b><hr>Tipología: <span style='color:#38bdf8'>Transición Urbana Mixta</span><br>Pob: 500.0<br>Score Infra: <b style='color:#e2e8f0'>Muy Baja</b>
PARQUE COREMA,-0.4702849808148765,-0.38562954635517815,-0.39715958039896315,-0.8381679423246164,-0.35247373213133265,-0.31179283249633316,-0.31679235383650955,-0.48584923172746025,-1.0260457721272829,-0.7696386255900036,-0.5393935561834478,-0.28378320797232354,-1.0337319105490443,-1.0750209675843685,-0.44690291629477147,0.5174913560798475,-0.4167327248757193,-0.2757577768833604,-1.0409489990942924,-0.6477192617689459,0.8528028654224415,-0.49430000374546906,-0.2968260885977624,-3.3689761055846037,-0.5916290190457295,-31.3679,-64.2283,-0.31745116011636815,-0.5346173700313148,-0.3101361711229885,-0.22324970515521406,-0.04067584710878904,-1.082895869747683,1.0310544764877052,Cluster 4,Transición Urbana Mixta,Baja,<b>PARQUE COREMA</b><hr>Tipología: <span style='color:#38bdf8'>Transición Urbana Mixta</span><br>Pob: 584.0<br>Score Infra: <b style='color:#e2e8f0'>Baja</b>
PARQUE DE LA VEGA II,-0.46789420367061124,-0.39663060868262456,-0.23709223435938104,1.0322312325829845,-0.5498909925314214,-0.6586974704539651,-0.31679235383650955,-0.48584923172746025,0.8231574800831432,-0.19473719256359964,-0.5454591245138511,-0.28378320797232354,0.32441586554464696,-1.054383679816821,-0.44690291629477147,-0.7611141943048213,-0.4167327248757193,-0.2757577768833604,2.6410668946896796,1.4344935185080123,-1.1726039399558572,-0.49430000374546906,-0.2968260885977624,0.2968260885977624,1.1570767620354865,-31.4086,-64.2613,-0.25070596359586733,-0.8907472830548774,-0.7310042050571992,0.10481463616736496,-0.6046351081736687,-0.5116079350974536,-1.0117566654304488,Cluster 1,Núcleo Consolidado (Alta Infraestructura),Muy Alta,<b>PARQUE DE LA VEGA II</b><hr>Tipología: <span style='color:#38bdf8'>Núcleo Consolidado (Alta Infraestructura)</span><br>Pob: 596.0<br>Score Infra: <b style='color:#e2e8f0'>Muy Alta</b>
PARQUE DE LA VEGA III,-0.46789420367061124,-0.39663060868262456,-0.39715958039896315,-0.8293034912587037,-0.5498909925314214,-0.6586974704539651,-0.31679235383650955,-0.48584923172746025,-0.37882463385363385,-0.38637100357240095,-0.5454591245138511,-0.28378320797232354,-1.0337319105490443,-1.054383679816821,-0.44690291629477147,-0.7611141943048213,-0.4167327248757193,-0.2757577768833604,0.7601704422817007,-0.6477192617689459,-1.1726039399558572,-0.49430000374546906,-0.2968260885977624,0.2968260885977624,-0.06170190638771282,-31.4035,-64.2672,-0.2689091990105494,-0.8259759222604239,-0.6714881195771387,-0.17386367527869678,-0.6046351081736687,-0.5116079350974536,1.0310544764877052,Cluster 4,Transición Urbana Mixta,Media,<b>PARQUE DE LA VEGA III</b><hr>Tipología: <span style='color:#38bdf8'>Transición Urbana Mixta</span><br>Pob: 596.0<br>Score Infra: <b style='color:#e2e8f0'>Media</b>
PARQUE DE LA VIDA,-0.4870204208247335,-0.39663060868262456,-0.4047818349722766,-0.9179480019178317,-0.5498909925314214,-0.6586974704539651,-0.31679235383650955,-0.48584923172746025,-0.9335856095167617,-0.5780048145812022,-0.5454591245138511,-0.28378320797232354,-1.0337319105490443,-1.2349599477828588,-0.44690291629477147,-0.7611141943048213,-0.4167327248757193,-0.2757577768833604,-0.7341143412789614,-0.6477192617689459,-1.1726039399558572,-0.49430000374546906,-0.2968260885977624,0.2968260885977624,-1.0302819582976035,-31.4442,-64.2261,-0.40239959205155107,-1.3657385904896708,-1.1674591357020647,-0.5223879432644044,-0.6046351081736687,-1.342572203679605,1.0310544764877052,Cluster 4,Transición Urbana Mixta,Muy Baja,<b>PARQUE DE LA VIDA</b><hr>Tipología: <span style='color:#38bdf8'>Transición Urbana Mixta</span><br>Pob: 500.0<br>Score Infra: <b style='color:#e2e8f0'>Muy Baja</b>
PARQUE DEL ESTE,-0.45135799508944296,-0.39663060868262456,-0.22184772521275417,1.2095202539012404,-0.15505647173124384,0.035111805461298766,-0.31679235383650955,-0.48584923172746025,-0.19390430863259123,-0.5780048145812022,-0.19365616135045155,-0.28378320797232354,0.32441586554464696,-0.9202413093277649,-0.44690291629477147,1.4446673107447539,-0.4167327248757193,-0.2757577768833604,0.9918306089322756,1.180111146662496,0.8528028654224415,-0.49430000374546906,-0.2968260885977624,0.2968260885977624,1.1876804554716638,-31.4052,-64.1455,0.08302001900663698,-1.1966325199421537,-1.0310669698755444,-0.3237855516895528,0.5232834139560907,0.2154857999119289,-1.0117566654304488,Cluster 1,Núcleo Consolidado (Alta Infraestructura),Muy Alta,<b>PARQUE DEL ESTE</b><hr>Tipología: <span style='color:#38bdf8'>Núcleo Consolidado (Alta Infraestructura)</span><br>Pob: 679.0<br>Score Infra: <b style='color:#e2e8f0'>Muy Alta</b>
PARQUE DON BOSCO,0.3479584968099182,0.25518233421857356,-0.22184772521275417,-0.6112379950372487,-0.35247373213133265,-0.31179283249633316,-0.31679235383650955,1.9142459730061934,0.6382371548621005,-0.38637100357240095,0.9588018214262024,-0.28378320797232354,0.32441586554464696,1.0733206890172857,-0.44690291629477147,-0.604092460047055,0.7498018333618984,-0.2757577768833604,-0.45182645608885685,-0.38340977297336065,0.8528028654224415,2.0230629019273323,-0.2968260885977624,0.2968260885977624,-0.3870674892354921,-31.3884,-64.272,0.0041393322096814275,0.029247520706483576,-0.03968141766226469,-0.43984272189936835,-0.04067584710878904,0.19817404431646776,0.35011742918165384,Cluster 3,Transición Urbana Mixta,Media,<b>PARQUE DON BOSCO</b><hr>Tipología: <span style='color:#38bdf8'>Transición Urbana Mixta</span><br>Pob: 4691.0<br>Score Infra: <b style='color:#e2e8f0'>Media</b>
PARQUE FUTURA,-0.01862733197742593,-0.11995389114734806,0.11353147601303691,0.7964368342297039,0.4371953094690225,0.035111805461298766,0.7550941036651048,-0.48584923172746025,-0.37882463385363385,-0.5780048145812022,-0.24824627632408253,-0.28378320797232354,0.32441586554464696,0.5594522236053625,1.7933938075330949,0.5474002578432317,-0.4167327248757193,-0.2757577768833604,-0.6635423699814352,-0.21216700558467164,0.8528028654224415,-0.49430000374546906,-0.2968260885977624,0.2968260885977624,-0.3323029851918064,-31.4889,-64.253,0.28325560856813947,-0.8630507471293276,-0.8280499588860851,-0.4701798545378004,-0.7456249234398886,1.3580616692123868,-1.6926937127365,Cluster 0,Vulnerabilidad y Periferia NBI,Media,<b>PARQUE FUTURA</b><hr>Tipología: <span style='color:#38bdf8'>Vulnerabilidad y Periferia NBI</span><br>Pob: 2851.0<br>Score Infra: <b style='color:#e2e8f0'>Media</b>
PARQUE JORGE NEWBERY,-0.007071909113477039,-0.0044427367091610485,-0.28282576179926167,-0.6076922146108836,-0.15505647173124384,0.035111805461298766,-0.31679235383650955,-0.48584923172746025,1.7477591061883562,-0.003103381554798346,0.37650726170747195,-0.28378320797232354,1.682563641638338,0.5800895113729092,-0.44690291629477147,-0.2451856388864462,-0.4167327248757193,-0.2757577768833604,0.5407836619437391,0.20601279593698207,0.8528028654224415,-0.49430000374546906,-0.2968260885977624,0.2968260885977624,0.05319617072354916,-31.3504,-64.1805,-0.11721557055486562,-0.1325623326941116,-0.10766472879683549,-0.34318720628389887,0.5232834139560907,-0.14806106759276233,0.35011742918165384,Cluster 3,Transición Urbana Mixta,Alta,<b>PARQUE JORGE NEWBERY</b><hr>Tipología: <span style='color:#38bdf8'>Transición Urbana Mixta</span><br>Pob: 2909.0<br>Score Infra: <b style='color:#e2e8f0'>Alta</b>
PARQUE LATINO,-0.3264398893015817,-0.2690182856842465,-0.37429281667902287,-0.7530692120918536,0.4371953094690225,0.3820164434189307,0.3977986178312334,-0.48584923172746025,0.08347617919897267,0.5717980514716056,0.1763435068041584,-0.28378320797232354,0.32441586554464696,-0.24643386371735243,1.0466282329238064,2.1026631495392034,-0.4167327248757193,-0.2757577768833604,0.36895625356715356,0.3028021862001542,0.8528028654224415,-0.49430000374546906,-0.2968260885977624,0.2968260885977624,1.1119765822348042,-31.4597,-64.2125,-0.20823174762827587,-0.5525849522899012,-0.4309414402388542,-0.04193242403714348,-0.4185285520222584,-0.44236091271560757,-1.0117566654304488,Cluster 1,Núcleo Consolidado (Alta Infraestructura),Muy Alta,<b>PARQUE LATINO</b><hr>Tipología: <span style='color:#38bdf8'>Núcleo Consolidado (Alta Infraestructura)</span><br>Pob: 1306.0<br>Score Infra: <b style='color:#e2e8f0'>Muy Alta</b>
PARQUE LICEO SECCION 1,0.14912553097852174,0.10281762098344117,0.03730893027990258,0.009273579576647331,-0.5498909925314214,-0.6586974704539651,-0.31679235383650955,-0.48584923172746025,-0.8411254469062404,-0.5780048145812022,-0.5454591245138511,-0.28378320797232354,0.32441586554464696,0.8256732358067201,-0.44690291629477147,-0.7611141943048213,-0.4167327248757193,-0.2757577768833604,-0.9581036414841531,-0.3114381750853609,-1.1726039399558572,-0.49430000374546906,-0.2968260885977624,0.2968260885977624,-1.1752468219426535,-31.3497,-64.1625,1.1448754181964234,-1.0771893408758433,-0.9304040958089391,-0.5209769138393611,-0.6046351081736687,0.09430351074369873,0.35011742918165384,Cluster 3,Transición Urbana Mixta,Muy Baja,<b>PARQUE LICEO SECCION 1</b><hr>Tipología: <span style='color:#38bdf8'>Transición Urbana Mixta</span><br>Pob: 3693.0<br>Score Infra: <b style='color:#e2e8f0'>Muy Baja</b>
PARQUE LICEO SECCION 2,0.9725490257492245,0.6006156913003899,0.7919121330379325,0.46490636436456517,-0.15505647173124384,0.035111805461298766,-0.31679235383650955,1.9142459730061934,0.2683965044200153,-0.38637100357240095,-0.5454591245138511,-0.28378320797232354,0.32441586554464696,1.6006033914781133,-0.44690291629477147,-0.5667063328428249,0.28428334768022007,-0.2757577768833604,-0.7663319803495712,-0.488885390567843,0.8528028654224415,2.0230629019273323,-0.2968260885977624,0.2968260885977624,-0.7247819308382201,-31.3556,-64.162,0.18010394121827455,0.25849259135304364,-0.023467116988807803,-0.48781772235084225,0.5232834139560907,1.0637618240895423,0.35011742918165384,Cluster 3,Transición Urbana Mixta,Baja,<b>PARQUE LICEO SECCION 2</b><hr>Tipología: <span style='color:#38bdf8'>Transición Urbana Mixta</span><br>Pob: 7826.0<br>Score Infra: <b style='color:#e2e8f0'>Baja</b>
PARQUE LICEO SECCION 3,0.5276652454871923,0.2777345119898386,0.8452679150511265,1.1208757432421124,2.016533392669733,2.463444271164722,1.1123895894989762,1.9142459730061934,1.2854582931357497,-0.003103381554798346,2.0688008258900323,-0.28378320797232354,0.32441586554464696,1.2538969569833216,0.7031160686035333,0.9736021079714545,0.5635944390892271,-0.2757577768833604,-0.35517353887702763,-0.4256000200111536,0.8528028654224415,2.0230629019273323,-0.2968260885977624,0.2968260885977624,0.4005749365692803,-31.3552,-64.1513,0.11942648983600106,-0.06997465676940869,-0.26282991232771813,-0.3978645965043287,-0.04067584710878904,1.1156970908759265,-1.6926937127365,Cluster 0,Vulnerabilidad y Periferia NBI,Alta,<b>PARQUE LICEO SECCION 3</b><hr>Tipología: <span style='color:#38bdf8'>Vulnerabilidad y Periferia NBI</span><br>Pob: 5593.0<br>Score Infra: <b style='color:#e2e8f0'>Alta</b>
PARQUE LOS MOLINOS,-0.4145001807820198,-0.36142720923479615,-0.35904830753239597,-0.5155019235253905,-0.5498909925314214,-0.6586974704539651,-0.31679235383650955,-0.48584923172746025,0.3608566670305366,0.5717980514716056,-0.30890195962811695,-0.28378320797232354,-1.0337319105490443,-0.6715619917288227,-0.44690291629477147,-0.7611141943048213,-0.4167327248757193,-0.2757577768833604,1.6223758307427807,-0.6477192617689459,-1.1726039399558572,-0.49430000374546906,-0.2968260885977624,0.2968260885977624,0.4972181789993138,-31.4561,-64.2009,-0.30531566983991343,-0.28983546123300774,-0.2672708412470297,0.1863015854636184,-0.6046351081736687,-0.009567022829070296,1.0310544764877052,Cluster 4,Transición Urbana Mixta,Alta,<b>PARQUE LOS MOLINOS</b><hr>Tipología: <span style='color:#38bdf8'>Transición Urbana Mixta</span><br>Pob: 864.0<br>Score Infra: <b style='color:#e2e8f0'>Alta</b>
PARQUE MODELO,-0.4870204208247335,-0.39663060868262456,-0.4047818349722766,-0.9179480019178317,-0.5498909925314214,-0.6586974704539651,-0.31679235383650955,-0.48584923172746025,-0.37882463385363385,-0.19473719256359964,-0.5454591245138511,-0.28378320797232354,0.32441586554464696,-1.2349599477828588,-0.44690291629477147,-0.7611141943048213,-0.4167327248757193,-0.2757577768833604,1.1068936056130247,1.8340599757482867,-1.1726039399558572,-0.49430000374546906,-0.2968260885977624,0.2968260885977624,0.16326208571330925,-31.3647,-64.251,-0.33565439553105025,-0.46009713143787473,-0.17551710345221283,0.30906114544239,-0.6046351081736687,-1.342572203679605,1.0310544764877052,Cluster 4,Transición Urbana Mixta,Alta,<b>PARQUE MODELO</b><hr>Tipología: <span style='color:#38bdf8'>Transición Urbana Mixta</span><br>Pob: 500.0<br>Score Infra: <b style='color:#e2e8f0'>Alta</b>
PARQUE MONTECRISTO,-0.27703049498676574,-0.2503164797275877,-0.35904830753239597,-0.6892451644172815,0.04236078866884495,0.3820164434189307,-0.31679235383650955,-0.48584923172746025,-0.37882463385363385,-0.38637100357240095,-0.38775434792336166,-0.28378320797232354,1.682563641638338,-0.06688946013969226,-0.44690291629477147,0.6819903157784599,-0.4167327248757193,-0.2757577768833604,-0.3505710190097976,0.9493056775733931,0.8528028654224415,-0.49430000374546906,-0.2968260885977624,0.2968260885977624,-0.06223881329010198,-31.3886,-64.14,-0.28711243442523143,0.2638462056276967,0.1706189349823308,-0.11883352770200616,1.0872426750209703,0.09430351074369873,1.0310544764877052,Cluster 4,Transición Urbana Mixta,Media,<b>PARQUE MONTECRISTO</b><hr>Tipología: <span style='color:#38bdf8'>Transición Urbana Mixta</span><br>Pob: 1554.0<br>Score Infra: <b style='color:#e2e8f0'>Media</b>
PARQUE REPUBLICA,0.8900672142720721,0.5170076176117975,1.1272913342637236,0.9967734283193334,0.8320298302692002,1.7696349952494583,-0.31679235383650955,1.9142459730061934,0.3608566670305366,-0.38637100357240095,-0.1875905930200481,2.831525786212739,0.32441586554464696,1.5448827145057358,-0.44690291629477147,-0.05825500286529578,0.322620164148123,3.4072715407657275,-0.731045994700808,-0.4801991632365327,0.8528028654224415,2.0230629019273323,3.368976105584603,0.2968260885977624,0.08057842274539193,-31.4161,-64.2586,0.19223943149472925,0.14117730958681857,-0.13143515545708145,-0.43455136155545576,3.3430797192804893,1.2195676244486955,-1.6926937127365,Cluster 0,Vulnerabilidad y Periferia NBI,Alta,<b>PARQUE REPUBLICA</b><hr>Tipología: <span style='color:#38bdf8'>Vulnerabilidad y Periferia NBI</span><br>Pob: 7412.0<br>Score Infra: <b style='color:#e2e8f0'>Alta</b>
PARQUE SAN CARLOS,-0.4374117950812288,-0.3795789620750827,-0.3895373258256497,-0.763706553370949,-0.35247373213133265,-0.31179283249633316,-0.31679235383650955,-0.48584923172746025,-0.28636447124311254,-0.38637100357240095,-0.5272624195226409,-0.28378320797232354,-1.0337319105490443,-0.8191185992667843,-0.44690291629477147,0.240834014768545,-0.4167327248757193,-0.2757577768833604,0.5975480736395752,-0.6477192617689459,0.8528028654224415,-0.49430000374546906,-0.2968260885977624,0.2968260885977624,0.3323877599658679,-31.4494,-64.1599,-0.3417221406692776,0.12657889805336742,0.09280447653498429,0.5034304487421114,-0.04067584710878904,-0.061502289615454425,1.0310544764877052,Cluster 4,Transición Urbana Mixta,Alta,<b>PARQUE SAN CARLOS</b><hr>Tipología: <span style='color:#38bdf8'>Transición Urbana Mixta</span><br>Pob: 749.0<br>Score Infra: <b style='color:#e2e8f0'>Alta</b>
PARQUE SAN VICENTE,-0.32225602929911745,-0.25856727647317246,-0.38191507125233626,-0.7991643576346001,-0.5498909925314214,-0.6586974704539651,-0.31679235383650955,-0.48584923172746025,0.7306973174726218,0.5717980514716056,0.34617942005545477,-0.28378320797232354,-1.0337319105490443,-0.22992403350331475,-0.44690291629477147,-0.7611141943048213,-0.4167327248757193,-0.2757577768833604,1.1559871508634778,-0.6477192617689459,-1.1726039399558572,-0.49430000374546906,-0.2968260885977624,0.2968260885977624,0.19493959295426475,-31.425,-64.1373,-0.29318017956345876,0.10311225535635825,0.19949588433112161,-0.002776357492190504,-0.6046351081736687,-0.5808549574792996,1.0310544764877052,Cluster 4,Transición Urbana Mixta,Alta,<b>PARQUE SAN VICENTE</b><hr>Tipología: <span style='color:#38bdf8'>Transición Urbana Mixta</span><br>Pob: 1327.0<br>Score Infra: <b style='color:#e2e8f0'>Alta</b>
PARQUE SARMIENTO,-0.4870204208247335,-0.39663060868262456,-0.4047818349722766,-0.9179480019178317,0.04236078866884495,0.3820164434189307,-0.31679235383650955,-0.48584923172746025,-0.37882463385363385,1.5299671065156122,4.980273624483684,-0.28378320797232354,-1.0337319105490443,-1.2349599477828588,-0.44690291629477147,2.830571046205563,-0.4167327248757193,-0.2757577768833604,1.1068936056130247,-0.6477192617689459,0.8528028654224415,-0.49430000374546906,-0.2968260885977624,0.2968260885977624,1.952772791376095,-31.4329,-64.1789,-0.40239959205155107,-1.3657385904896708,-1.1674591357020647,-0.5223879432644044,1.0872426750209703,-1.342572203679605,-1.0117566654304488,Cluster 1,Núcleo Consolidado (Alta Infraestructura),Muy Alta,<b>PARQUE SARMIENTO</b><hr>Tipología: <span style='color:#38bdf8'>Núcleo Consolidado (Alta Infraestructura)</span><br>Pob: 500.0<br>Score Infra: <b style='color:#e2e8f0'>Muy Alta</b>
PARQUE TABLADA,-0.39119010362543327,-0.32897407536882933,-0.39715958039896315,-0.8629884053091724,-0.5498909925314214,-0.6586974704539651,-0.31679235383650955,-0.48584923172746025,0.4533168296410579,-0.003103381554798346,-0.3634920746017479,-0.28378320797232354,0.32441586554464696,-0.5405152144048988,-0.44690291629477147,-0.7611141943048213,-0.4167327248757193,-0.2757577768833604,1.4612876353897317,0.616747259746084,-1.1726039399558572,-0.49430000374546906,-0.2968260885977624,0.2968260885977624,0.39252133303344416,-31.3872,-64.2312,-0.25677370873409466,-0.5513396940384467,-0.43321646156484067,-0.07861918908827062,-0.6046351081736687,-0.4077374015246845,1.0310544764877052,Cluster 4,Transición Urbana Mixta,Alta,<b>PARQUE TABLADA</b><hr>Tipología: <span style='color:#38bdf8'>Transición Urbana Mixta</span><br>Pob: 981.0<br>Score Infra: <b style='color:#e2e8f0'>Alta</b>
PARQUE VELEZ SARSFIELD,0.02002356518819622,0.04561209688071999,-0.34380379838576913,-0.7761167848632269,-0.35247373213133265,-0.31179283249633316,-0.31679235383650955,-0.48584923172746025,0.17593634180949397,-0.19473719256359964,5.617158299176046,-0.28378320797232354,0.32441586554464696,0.6275552732382678,-0.44690291629477147,-0.5143657547569027,-0.4167327248757193,-0.2757577768833604,-0.38585700465856076,-0.2407074668161198,0.8528028654224415,-0.49430000374546906,-0.2968260885977624,0.2968260885977624,-0.6812924717447051,-31.4412,-64.204,-0.007996158066773285,-0.43236871690108775,-0.32476286698622464,-0.46700503833145285,-0.04067584710878904,-0.4250491571201464,0.35011742918165384,Cluster 3,Transición Urbana Mixta,Baja,<b>PARQUE VELEZ SARSFIELD</b><hr>Tipología: <span style='color:#38bdf8'>Transición Urbana Mixta</span><br>Pob: 3045.0<br>Score Infra: <b style='color:#e2e8f0'>Baja</b>
PASO DE LOS ANDES,-0.08277985201521115,-0.010493320989256559,-0.21422547063944075,-0.42685741286626255,0.6346125698691113,0.3820164434189307,0.7550941036651048,-0.48584923172746025,0.08347617919897267,2.6797699725684203,0.898146138122168,2.831525786212739,-1.0337319105490443,0.43562849700007983,1.4200110202284506,1.0109882351756847,-0.4167327248757193,3.976094957602642,-0.31375086007195785,-0.6477192617689459,0.8528028654224415,-0.49430000374546906,3.368976105584603,0.2968260885977624,0.722182171100336,-31.416,-64.2033,-0.17182527679891177,-0.03973580159768939,0.1275462890143155,-0.1851519106790436,-0.6046351081736687,-0.8232195358157607,0.35011742918165384,Cluster 3,Transición Urbana Mixta,Muy Alta,<b>PASO DE LOS ANDES</b><hr>Tipología: <span style='color:#38bdf8'>Transición Urbana Mixta</span><br>Pob: 2529.0<br>Score Infra: <b style='color:#e2e8f0'>Muy Alta</b>
PATRIA,-0.2300118778162151,-0.15460723747880414,-0.3666705621057094,-0.779662565289592,-0.15505647173124384,-0.6586974704539651,0.3977986178312334,-0.48584923172746025,0.7306973174726218,0.7634318624804068,-0.5454591245138511,-0.28378320797232354,-1.0337319105490443,0.07963528300989162,3.286924956751673,0.07633505506993264,-0.4167327248757193,-0.2757577768833604,0.5868088606160385,-0.6477192617689459,0.8528028654224415,-0.49430000374546906,-0.2968260885977624,0.2968260885977624,0.24326121416928148,-31.409,-64.1602,-0.25070596359586733,0.06082926237657134,0.22919664236150475,-0.1354131234462655,-0.9824878130871381,-0.8232195358157607,0.35011742918165384,Cluster 3,Transición Urbana Mixta,Alta,<b>PATRIA</b><hr>Tipología: <span style='color:#38bdf8'>Transición Urbana Mixta</span><br>Pob: 1790.0<br>Score Infra: <b style='color:#e2e8f0'>Alta</b>
PATRICIOS,0.3559277539574691,0.2634331309641583,0.10590922143972348,-0.06873358980338538,0.6346125698691113,1.4227303572918264,-0.31679235383650955,-0.48584923172746025,-0.28636447124311254,-0.5780048145812022,2.2810957174541526,5.9468347803978014,0.32441586554464696,1.0815756041243036,-0.44690291629477147,0.18849343668262283,-0.4167327248757193,3.976094957602642,-0.7816737132403376,-0.3858915522108779,0.8528028654224415,-0.49430000374546906,3.368976105584603,0.2968260885977624,0.008632897825255954,-31.3756,-64.138,-0.09901233514018355,0.5194827815522822,0.3601331215549644,-0.3597668020281582,2.7791204582156093,0.18086228872100588,0.35011742918165384,Cluster 3,Transición Urbana Mixta,Alta,<b>PATRICIOS</b><hr>Tipología: <span style='color:#38bdf8'>Transición Urbana Mixta</span><br>Pob: 4731.0<br>Score Infra: <b style='color:#e2e8f0'>Alta</b>
PATRICIOS ESTE,-0.07859599201274689,-0.147456546965964,-0.016046851733291463,0.46667925457774767,-0.35247373213133265,-0.31179283249633316,-0.31679235383650955,1.9142459730061934,-0.9335856095167617,-0.5780048145812022,-0.4848034412098168,-0.28378320797232354,0.32441586554464696,0.44388341210709864,-0.44690291629477147,-0.46950240211182664,1.7301289973268448,-0.2757577768833604,-0.9811162408203029,-0.16129053121556833,0.8528028654224415,2.0230629019273323,-0.2968260885977624,0.2968260885977624,-0.3425042163371989,-31.3665,-64.1349,-0.2385704733194126,0.5159841039689959,0.15200958787696028,-0.3068531985890326,-0.04067584710878904,1.0983853352804653,0.35011742918165384,Cluster 3,Transición Urbana Mixta,Media,<b>PATRICIOS ESTE</b><hr>Tipología: <span style='color:#38bdf8'>Transición Urbana Mixta</span><br>Pob: 2550.0<br>Score Infra: <b style='color:#e2e8f0'>Media</b>
PATRICIOS NORTE,-0.2300118778162151,-0.2398654705165136,-0.10751390661305267,0.5074557294809465,-0.5498909925314214,-0.6586974704539651,-0.31679235383650955,-0.48584923172746025,0.2683965044200153,0.18853042945400297,0.8314248864877302,-0.28378320797232354,0.32441586554464696,0.07963528300989162,-0.44690291629477147,-0.7611141943048213,-0.4167327248757193,-0.2757577768833604,0.15877451296365191,0.04593803511712058,-1.1726039399558572,-0.49430000374546906,-0.2968260885977624,0.2968260885977624,-0.45149631752218095,-31.3665,-64.1398,-0.29318017956345876,0.6156047640853535,0.3025428934563744,-0.2387710288306909,-0.6046351081736687,0.7175267121803122,0.35011742918165384,Cluster 3,Transición Urbana Mixta,Baja,<b>PATRICIOS NORTE</b><hr>Tipología: <span style='color:#38bdf8'>Transición Urbana Mixta</span><br>Pob: 1790.0<br>Score Infra: <b style='color:#e2e8f0'>Baja</b>
PATRICIOS OESTE,0.45155883972808064,0.24693153747298877,0.4641551863854549,0.5570966554500584,0.04236078866884495,0.3820164434189307,-0.31679235383650955,-0.48584923172746025,0.4533168296410579,0.3801642404628043,-0.28463968630650316,-0.28378320797232354,0.32441586554464696,1.1816664497969065,-0.44690291629477147,-0.3274351187357524,-0.4167327248757193,-0.2757577768833604,-0.5699577993477594,-0.4094684549672916,0.8528028654224415,-0.49430000374546906,-0.2968260885977624,0.2968260885977624,-0.7076009099617695,-31.3669,-64.1446,-0.0929445900019562,0.6700394851861335,0.2980855974771637,-0.4553640455748452,1.0872426750209703,0.9079560237303883,0.35011742918165384,Cluster 3,Transición Urbana Mixta,Baja,<b>PATRICIOS OESTE</b><hr>Tipología: <span style='color:#38bdf8'>Transición Urbana Mixta</span><br>Pob: 5211.0<br>Score Infra: <b style='color:#e2e8f0'>Baja</b>
PIEDRAS BLANCAS,-0.4870204208247335,-0.39663060868262456,-0.4047818349722766,-0.9179480019178317,-0.5498909925314214,-0.6586974704539651,-0.31679235383650955,-0.48584923172746025,-0.5637449590746765,-0.5780048145812022,-0.5454591245138511,-0.28378320797232354,-1.0337319105490443,-1.2349599477828588,-0.44690291629477147,-0.7611141943048213,-0.4167327248757193,-0.2757577768833604,0.4932242899823627,-0.6477192617689459,-1.1726039399558572,-0.49430000374546906,-0.2968260885977624,0.2968260885977624,-0.23458592895699487,-31.4828,-64.1626,-0.37812861149864163,1.1247779124192716,1.5603841808283443,1.1108786162232738,-0.6046351081736687,-1.342572203679605,1.0310544764877052,Cluster 4,Transición Urbana Mixta,Media,<b>PIEDRAS BLANCAS</b><hr>Tipología: <span style='color:#38bdf8'>Transición Urbana Mixta</span><br>Pob: 500.0<br>Score Infra: <b style='color:#e2e8f0'>Media</b>
POETA LUGONES,0.9751390343221786,0.9185463925635904,-0.2980702709458885,-0.8222119304059734,0.8320298302692002,1.4227303572918264,0.040503131997361934,-0.48584923172746025,1.8402192687988774,0.18853042945400297,5.471584659246362,-0.28378320797232354,0.32441586554464696,1.6026671202548688,0.08703446955087002,-0.09564113006952582,-0.4167327248757193,-0.2757577768833604,-0.4349505499090136,-0.488885390567843,0.8528028654224415,-0.49430000374546906,-0.2968260885977624,0.2968260885977624,-0.5046501008586994,-31.361,-64.2119,0.5198976689590062,-0.3382032841327018,-0.23747733654388464,-0.49099253855718983,0.8052630444885305,-0.4250491571201464,0.35011742918165384,Cluster 3,Transición Urbana Mixta,Baja,<b>POETA LUGONES</b><hr>Tipología: <span style='color:#38bdf8'>Transición Urbana Mixta</span><br>Pob: 7839.0<br>Score Infra: <b style='color:#e2e8f0'>Baja</b>
POLICARPIO CABRAL,-0.48363348653702437,-0.39663060868262456,-0.3666705621057094,-0.4747254486221917,-0.5498909925314214,-0.6586974704539651,-0.31679235383650955,-0.48584923172746025,-0.10144414602206994,-0.38637100357240095,-0.5454591245138511,-0.28378320797232354,-1.0337319105490443,-1.2009084229664058,-0.44690291629477147,-0.7611141943048213,-0.4167327248757193,-0.2757577768833604,1.9261421419799585,-0.6477192617689459,-1.1726039399558572,-0.49430000374546906,-0.2968260885977624,0.2968260885977624,0.6937261052737149,-31.4365,-64.1379,-0.35992537608395964,0.10580002076629753,0.39130691497627385,1.282318691366041,-0.6046351081736687,-1.204078158915913,1.0310544764877052,Cluster 4,Transición Urbana Mixta,Muy Alta,<b>POLICARPIO CABRAL</b><hr>Tipología: <span style='color:#38bdf8'>Transición Urbana Mixta</span><br>Pob: 517.0<br>Score Infra: <b style='color:#e2e8f0'>Muy Alta</b>
POLICIAL,1.2781700373578038,0.8266875221294131,1.9733615919015148,1.363761702448123,-0.5498909925314214,-0.6586974704539651,-0.31679235383650955,1.9142459730061934,-0.8411254469062404,-0.5780048145812022,-0.15119718303762747,-0.28378320797232354,0.32441586554464696,1.7853071169976602,-0.44690291629477147,-0.7611141943048213,0.1692728982765113,-0.2757577768833604,-1.0087313600236827,-0.514944072561774,-1.1726039399558572,2.0230629019273323,-0.2968260885977624,0.2968260885977624,-1.0163223788354876,-31.3155,-64.265,0.08302001900663698,0.9653848562330992,0.4856139141153632,-0.5047500754513625,-0.6046351081736687,1.0118265573031573,-1.6926937127365,Cluster 0,Vulnerabilidad y Periferia NBI,Muy Baja,<b>POLICIAL</b><hr>Tipología: <span style='color:#38bdf8'>Vulnerabilidad y Periferia NBI</span><br>Pob: 9360.0<br>Score Infra: <b style='color:#e2e8f0'>Muy Baja</b>
PORTAL DE CORDOBA,-0.14155312347839946,-0.21236281469789767,-0.25233674350600793,-0.2548870621875542,-0.5498909925314214,-0.6586974704539651,-0.31679235383650955,-0.48584923172746025,-0.7486652842957191,-0.5780048145812022,-0.3149675279585204,-0.28378320797232354,-1.0337319105490443,0.3076773128412872,-0.44690291629477147,-0.7611141943048213,-0.4167327248757193,-0.2757577768833604,-0.8353697783580206,-0.6477192617689459,-1.1726039399558572,-0.49430000374546906,-0.2968260885977624,0.2968260885977624,-1.0957846003890706,-31.4443,-64.1094,-0.25677370873409466,0.4888653678721208,0.04870616147995374,-0.48605393556953813,-0.6046351081736687,1.5658027363579248,0.35011742918165384,Cluster 3,Transición Urbana Mixta,Muy Baja,<b>PORTAL DE CORDOBA</b><hr>Tipología: <span style='color:#38bdf8'>Transición Urbana Mixta</span><br>Pob: 2234.0<br>Score Infra: <b style='color:#e2e8f0'>Muy Baja</b>
PORTAL DEL JACARANDA,-0.4870204208247335,-0.39663060868262456,-0.3895373258256497,-0.7406589805995757,-0.35247373213133265,-0.6586974704539651,0.040503131997361934,-0.48584923172746025,-0.19390430863259123,-0.19473719256359964,-0.5454591245138511,-0.28378320797232354,-1.0337319105490443,-1.2349599477828588,3.286924956751673,0.7343308938643821,-0.4167327248757193,-0.2757577768833604,1.7205629212436866,-0.6477192617689459,0.8528028654224415,-0.49430000374546906,-0.2968260885977624,0.2968260885977624,1.30579997399726,-31.344,-64.289,-0.347789885807505,-0.2588414814576065,0.04491445926997632,1.32817714767995,-0.8866147387061086,-1.342572203679605,-1.0117566654304488,Cluster 1,Núcleo Consolidado (Alta Infraestructura),Muy Alta,<b>PORTAL DEL JACARANDA</b><hr>Tipología: <span style='color:#38bdf8'>Núcleo Consolidado (Alta Infraestructura)</span><br>Pob: 500.0<br>Score Infra: <b style='color:#e2e8f0'>Muy Alta</b>
POSTA DE VARGAS,-0.44338873794189204,-0.39663060868262456,-0.3666705621057094,-0.4747254486221917,0.04236078866884495,0.3820164434189307,-0.31679235383650955,-0.48584923172746025,-0.6562051216851977,-0.38637100357240095,-0.5272624195226409,-0.28378320797232354,0.32441586554464696,-0.8614250391902563,-0.44690291629477147,2.356888814527968,-0.4167327248757193,-0.2757577768833604,-0.18794865036767222,1.0783581979242893,0.8528028654224415,-0.49430000374546906,-0.2968260885977624,0.2968260885977624,0.8773482658907785,-31.4799,-64.1942,-0.3538576309457323,0.42494277510185874,0.19646252256313984,1.2075341318387434,1.0872426750209703,0.561720911821159,-1.0117566654304488,Cluster 1,Núcleo Consolidado (Alta Infraestructura),Muy Alta,<b>POSTA DE VARGAS</b><hr>Tipología: <span style='color:#38bdf8'>Núcleo Consolidado (Alta Infraestructura)</span><br>Pob: 719.0<br>Score Infra: <b style='color:#e2e8f0'>Muy Alta</b>
PRIMERA JUNTA,-0.4306379265058105,-0.3674777935148916,-0.38191507125233626,-0.706974066549107,-0.5498909925314214,-0.6586974704539651,-0.31679235383650955,-0.48584923172746025,-0.10144414602206994,-0.003103381554798346,-0.5454591245138511,-0.28378320797232354,0.32441586554464696,-0.7737165661781811,-0.44690291629477147,-0.7611141943048213,-0.4167327248757193,-0.2757577768833604,0.9181902910565961,0.936896781385807,-1.1726039399558572,-0.49430000374546906,-0.2968260885977624,0.2968260885977624,0.04084731196860031,-31.4262,-64.2278,-0.3417221406692776,0.19432094693249066,0.21282958246232228,0.31188320429247673,-0.6046351081736687,-0.3211786235473774,1.0310544764877052,Cluster 4,Transición Urbana Mixta,Alta,<b>PRIMERA JUNTA</b><hr>Tipología: <span style='color:#38bdf8'>Transición Urbana Mixta</span><br>Pob: 783.0<br>Score Infra: <b style='color:#e2e8f0'>Alta</b>
PROVIDENCIA,0.40912254541737175,0.5142573520299358,0.7233118418781116,0.4950454979886687,-0.5498909925314214,-0.6586974704539651,-0.31679235383650955,-0.48584923172746025,1.7477591061883562,3.254671405594824,1.9110960492995428,-0.28378320797232354,0.32441586554464696,1.1383281454850578,-0.44690291629477147,-0.7611141943048213,-0.4167327248757193,-0.2757577768833604,-0.12044502564829934,-0.3995413380172227,-1.1726039399558572,-0.49430000374546906,-0.2968260885977624,0.2968260885977624,-0.6324339436272991,-31.4008,-64.2008,-0.03226713861968271,0.26673321235786884,0.4924989906462859,-0.45818610442493196,-0.6046351081736687,-1.013648847365837,0.35011742918165384,Cluster 3,Transición Urbana Mixta,Baja,<b>PROVIDENCIA</b><hr>Tipología: <span style='color:#38bdf8'>Transición Urbana Mixta</span><br>Pob: 4998.0<br>Score Infra: <b style='color:#e2e8f0'>Baja</b>
PUENTE BLANCO,-0.35612537217620904,-0.3119224287612874,-0.2980702709458885,-0.21765636771072042,-0.5498909925314214,-0.6586974704539651,-0.31679235383650955,-0.48584923172746025,-0.5637449590746765,-0.38637100357240095,-0.13300047804641713,-0.28378320797232354,0.32441586554464696,-0.37128945471101193,-0.44690291629477147,-0.7611141943048213,-0.4167327248757193,-0.2757577768833604,-0.37818613821317737,0.42440936883849867,-1.1726039399558572,-0.49430000374546906,-0.2968260885977624,0.2968260885977624,-0.7994119902703013,-31.4102,-64.2354,-0.29318017956345876,-0.08505921712422758,-0.09450561263789274,-0.3657636770845925,-0.6046351081736687,-0.009567022829070296,1.0310544764877052,Cluster 4,Transición Urbana Mixta,Muy Baja,<b>PUENTE BLANCO</b><hr>Tipología: <span style='color:#38bdf8'>Transición Urbana Mixta</span><br>Pob: 1157.0<br>Score Infra: <b style='color:#e2e8f0'>Muy Baja</b>
QUEBRADA DE LAS ROSAS,0.37804244254192304,0.3200886019505072,-0.25233674350600793,-0.6821536035645511,0.04236078866884495,0.3820164434189307,-0.31679235383650955,-0.48584923172746025,0.9156176426936644,0.5717980514716056,2.899783687155304,-0.28378320797232354,-1.0337319105490443,1.1053084850569823,-0.44690291629477147,-0.2975262169723683,-0.4167327248757193,-0.2757577768833604,-0.3751177916350241,-0.6477192617689459,0.8528028654224415,-0.49430000374546906,-0.2968260885977624,0.2968260885977624,-0.566394394633443,-31.3911,-64.2558,0.5745073752030524,-0.766530281955791,-0.6581489657593051,-0.4952256268323199,1.0872426750209703,-0.09612580080637743,0.35011742918165384,Cluster 3,Transición Urbana Mixta,Baja,<b>QUEBRADA DE LAS ROSAS</b><hr>Tipología: <span style='color:#38bdf8'>Transición Urbana Mixta</span><br>Pob: 4842.0<br>Score Infra: <b style='color:#e2e8f0'>Baja</b>
QUINTA SANTA ANA,-0.457534169378795,-0.37352837779498715,-0.4047818349722766,-0.9179480019178317,-0.5498909925314214,-0.6586974704539651,-0.31679235383650955,-0.48584923172746025,-0.6562051216851977,-0.19473719256359964,-0.47873787287941333,-0.28378320797232354,-1.0337319105490443,-0.9687389355815013,-0.44690291629477147,-0.7611141943048213,-0.4167327248757193,-0.2757577768833604,-0.09436407973399621,-0.6477192617689459,-1.1726039399558572,-0.49430000374546906,-0.2968260885977624,0.2968260885977624,-0.6152529227508488,-31.4116,-64.2042,-0.31745116011636815,-0.44353619290013147,-0.2244055113710709,-0.23453794055556088,-0.6046351081736687,-1.0309606029612979,1.0310544764877052,Cluster 4,Transición Urbana Mixta,Baja,<b>QUINTA SANTA ANA</b><hr>Tipología: <span style='color:#38bdf8'>Transición Urbana Mixta</span><br>Pob: 648.0<br>Score Infra: <b style='color:#e2e8f0'>Baja</b>
QUINTAS DE ARGUELLO,-0.4573349379501062,-0.393880343100763,-0.3895373258256497,-0.7442047610259407,0.8320298302692002,1.0758257193341945,0.3977986178312334,-0.48584923172746025,-0.10144414602206994,-0.19473719256359964,-0.5454591245138511,2.831525786212739,0.32441586554464696,-0.9666752068047458,0.6209718553965115,2.830571046205563,-0.4167327248757193,3.976094957602642,1.323212039372833,1.2644916407380817,0.8528028654224415,-0.49430000374546906,3.368976105584603,0.2968260885977624,2.6894090614539055,-31.34,-64.2713,-0.3538576309457323,0.25060661989823274,0.23056056401976996,2.6954646605469565,-0.04067584710878904,-0.18268457878368535,-1.0117566654304488,Cluster 1,Núcleo Consolidado (Alta Infraestructura),Muy Alta,<b>QUINTAS DE ARGUELLO</b><hr>Tipología: <span style='color:#38bdf8'>Núcleo Consolidado (Alta Infraestructura)</span><br>Pob: 649.0<br>Score Infra: <b style='color:#e2e8f0'>Muy Alta</b>
QUINTAS DE FLORES,-0.4870204208247335,-0.39663060868262456,-0.4047818349722766,-0.9179480019178317,-0.5498909925314214,-0.6586974704539651,-0.31679235383650955,-0.48584923172746025,-0.10144414602206994,-0.5780048145812022,-0.515131282861834,-0.28378320797232354,-1.0337319105490443,-1.2349599477828588,-0.44690291629477147,-0.7611141943048213,-0.4167327248757193,-0.2757577768833604,2.0273975790590177,-0.6477192617689459,-1.1726039399558572,-0.49430000374546906,-0.2968260885977624,0.2968260885977624,0.7597656542675713,-31.4894,-64.1637,-0.26284145387232205,-0.9326058920225686,-0.693048993150995,0.045551400315544256,-0.6046351081736687,-1.342572203679605,1.0310544764877052,Cluster 4,Transición Urbana Mixta,Muy Alta,<b>QUINTAS DE FLORES</b><hr>Tipología: <span style='color:#38bdf8'>Transición Urbana Mixta</span><br>Pob: 500.0<br>Score Infra: <b style='color:#e2e8f0'>Muy Alta</b>
QUINTAS DE ITALIA,-0.4870204208247335,-0.39663060868262456,-0.38191507125233626,-0.6520144699404476,-0.5498909925314214,-0.6586974704539651,-0.31679235383650955,-0.48584923172746025,-1.0260457721272829,-0.7696386255900036,-0.2300495713328722,-0.28378320797232354,-1.0337319105490443,-1.2349599477828588,-0.44690291629477147,-0.7611141943048213,-0.4167327248757193,-0.2757577768833604,-1.0409489990942924,-0.6477192617689459,-1.1726039399558572,-0.49430000374546906,-0.2968260885977624,-3.3689761055846037,-1.228937512181561,-31.498,-64.1772,-0.15362204138422972,-1.1227618080526722,-0.901330741741358,-0.5223879432644044,-0.6046351081736687,-1.342572203679605,1.0310544764877052,Cluster 4,Transición Urbana Mixta,Muy Baja,<b>QUINTAS DE ITALIA</b><hr>Tipología: <span style='color:#38bdf8'>Transición Urbana Mixta</span><br>Pob: 500.0<br>Score Infra: <b style='color:#e2e8f0'>Muy Baja</b>
QUINTAS DE SAN JORGE,-0.28041742927447494,-0.31962317239049987,-0.05415812459985863,1.4807724565181721,-0.35247373213133265,-0.31179283249633316,-0.31679235383650955,1.9142459730061934,-0.6562051216851977,-0.38637100357240095,-0.3756232112625548,-0.28378320797232354,1.682563641638338,-0.07823996841184329,-0.44690291629477147,-0.27509454064983024,3.148591206639253,-0.2757577768833604,-0.642063943934362,0.9666781322360138,0.8528028654224415,2.0230629019273323,-0.2968260885977624,0.2968260885977624,0.4386953266389046,-31.374,-64.1306,-0.347789885807505,2.0368608433541913,0.8935792491623852,0.6949776931917463,-0.04067584710878904,2.1544024266036153,-1.6926937127365,Cluster 0,Vulnerabilidad y Periferia NBI,Alta,<b>QUINTAS DE SAN JORGE</b><hr>Tipología: <span style='color:#38bdf8'>Vulnerabilidad y Periferia NBI</span><br>Pob: 1537.0<br>Score Infra: <b style='color:#e2e8f0'>Alta</b>
RAMON J CARCANO,-0.1819971035022206,-0.2140129740470146,-0.023669106306604897,0.7485687984737749,0.04236078866884495,0.3820164434189307,-0.31679235383650955,-0.48584923172746025,-0.47128479646415516,-0.003103381554798346,-0.2785741179760997,-0.28378320797232354,0.32441586554464696,0.2096501959454387,-0.44690291629477147,0.34551517094038914,-0.4167327248757193,-0.2757577768833604,-0.5883678788166791,-0.03720156933970671,0.8528028654224415,-0.49430000374546906,-0.2968260885977624,0.2968260885977624,-0.3843829547235467,-31.4637,-64.1377,0.5077621786825515,-1.0959658428945742,-0.9739622978872966,-0.48534842085701646,1.0872426750209703,0.9425795349213113,-1.6926937127365,Cluster 0,Vulnerabilidad y Periferia NBI,Media,<b>RAMON J CARCANO</b><hr>Tipología: <span style='color:#38bdf8'>Vulnerabilidad y Periferia NBI</span><br>Pob: 2031.0<br>Score Infra: <b style='color:#e2e8f0'>Media</b>
RECREO DEL NORTE,-0.18179787207353182,-0.238765364283769,0.06017569399984288,1.303483435199916,-0.5498909925314214,-0.6586974704539651,-0.31679235383650955,-0.48584923172746025,-1.0260457721272829,-0.7696386255900036,-0.45447559955779954,-0.28378320797232354,-1.0337319105490443,0.2096501959454387,-0.44690291629477147,-0.7611141943048213,-0.4167327248757193,-0.2757577768833604,-1.0409489990942924,-0.6477192617689459,-1.1726039399558572,-0.49430000374546906,-0.2968260885977624,-3.3689761055846037,-1.228937512181561,-31.3124,-64.1673,-0.09901233514018355,-0.5560218650639155,-0.6360752576419411,-0.5223879432644044,-0.6046351081736687,1.5484909807624636,-1.6926937127365,Cluster 0,Vulnerabilidad y Periferia NBI,Muy Baja,<b>RECREO DEL NORTE</b><hr>Tipología: <span style='color:#38bdf8'>Vulnerabilidad y Periferia NBI</span><br>Pob: 2032.0<br>Score Infra: <b style='color:#e2e8f0'>Muy Baja</b>
REMEDIOS DE ESCALADA,0.3228553367951327,0.1842254822065444,0.7385563510247385,1.198882912622145,0.8320298302692002,1.7696349952494583,-0.31679235383650955,-0.48584923172746025,-1.0260457721272829,-0.7696386255900036,-0.44234446289699264,-0.28378320797232354,0.32441586554464696,1.044428486142719,-0.44690291629477147,0.38290129814461926,-0.4167327248757193,-0.2757577768833604,-1.0409489990942924,-0.37596443526080897,0.8528028654224415,-0.49430000374546906,-0.2968260885977624,-3.3689761055846037,-0.6587423818443638,-31.3421,-64.187,1.0781302216759225,-0.9929780044662836,-0.8866276662652591,-0.5068666195889275,3.3430797192804893,0.6136561786075432,-1.6926937127365,Cluster 0,Vulnerabilidad y Periferia NBI,Baja,<b>REMEDIOS DE ESCALADA</b><hr>Tipología: <span style='color:#38bdf8'>Vulnerabilidad y Periferia NBI</span><br>Pob: 4565.0<br>Score Infra: <b style='color:#e2e8f0'>Baja</b>
RENACIMIENTO,-0.003485743397079108,-0.12215410361283734,0.1363982397329772,0.8833084546756494,-0.35247373213133265,-0.31179283249633316,-0.31679235383650955,-0.48584923172746025,0.17593634180949397,-0.5780048145812022,-0.5333279878530442,-0.28378320797232354,0.32441586554464696,0.5862806977031736,-0.44690291629477147,-0.5068885293160567,-0.4167327248757193,-0.2757577768833604,-0.3597760587442575,-0.22333501215349916,0.8528028654224415,-0.49430000374546906,-0.2968260885977624,0.2968260885977624,-0.6608900094539201,-31.4183,-64.1213,-0.24463821845763997,0.877258427880967,0.29928039284980407,-0.3788156992662435,-0.04067584710878904,1.5831144919533875,-1.6926937127365,Cluster 0,Vulnerabilidad y Periferia NBI,Baja,<b>RENACIMIENTO</b><hr>Tipología: <span style='color:#38bdf8'>Vulnerabilidad y Periferia NBI</span><br>Pob: 2927.0<br>Score Infra: <b style='color:#e2e8f0'>Baja</b>
RENE FAVALORO,-0.38501392933608125,-0.3438255095108819,-0.39715958039896315,-0.8576697346696247,0.04236078866884495,0.3820164434189307,-0.31679235383650955,-0.48584923172746025,-0.5637449590746765,-0.5780048145812022,1.0740476197038678,-0.28378320797232354,0.32441586554464696,-0.5085274183652002,-0.44690291629477147,1.4521445361855996,-0.4167327248757193,-0.2757577768833604,-0.2830673942904247,0.5782796815645671,0.8528028654224415,-0.49430000374546906,-0.2968260885977624,0.2968260885977624,0.3651390810116014,-31.4092,-64.2319,-0.33565439553105025,0.46728155565131074,0.30061703607490387,0.42970416128359634,1.0872426750209703,0.2501093111028519,1.0310544764877052,Cluster 4,Transición Urbana Mixta,Alta,<b>RENE FAVALORO</b><hr>Tipología: <span style='color:#38bdf8'>Transición Urbana Mixta</span><br>Pob: 1012.0<br>Score Infra: <b style='color:#e2e8f0'>Alta</b>
RENE FAVALORO II,-0.2806166607031637,-0.2481162672620984,-0.3361815438124557,-0.5793259711999627,-0.5498909925314214,-0.6586974704539651,-0.31679235383650955,-0.48584923172746025,-0.6562051216851977,-0.38637100357240095,-0.5454591245138511,-0.28378320797232354,0.32441586554464696,-0.07823996841184329,-0.44690291629477147,-0.7611141943048213,-0.4167327248757193,-0.2757577768833604,-0.642063943934362,0.16009988004291326,-1.1726039399558572,-0.49430000374546906,-0.2968260885977624,0.2968260885977624,-0.9706852921324162,-31.4488,-64.2361,-0.30531566983991343,0.5469780837443969,0.43514881275955064,-0.41620797902989226,-0.6046351081736687,-0.009567022829070296,0.35011742918165384,Cluster 3,Transición Urbana Mixta,Muy Baja,<b>RENE FAVALORO II</b><hr>Tipología: <span style='color:#38bdf8'>Transición Urbana Mixta</span><br>Pob: 1536.0<br>Score Infra: <b style='color:#e2e8f0'>Muy Baja</b>
RES CHATEAU CARRERAS CO VI CO,-0.4870204208247335,-0.39663060868262456,-0.4047818349722766,-0.9179480019178317,-0.5498909925314214,-0.6586974704539651,-0.31679235383650955,-0.48584923172746025,-0.5637449590746765,-0.38637100357240095,-0.5454591245138511,-0.28378320797232354,-1.0337319105490443,-1.2349599477828588,-0.44690291629477147,-0.7611141943048213,-0.4167327248757193,-0.2757577768833604,0.4932242899823627,-0.6477192617689459,-1.1726039399558572,-0.49430000374546906,-0.2968260885977624,0.2968260885977624,-0.23458592895699487,-31.3911,-64.2626,-0.37812861149864163,1.1247779124192716,1.5603841808283443,1.1108786162232738,-0.6046351081736687,-1.342572203679605,1.0310544764877052,Cluster 4,Transición Urbana Mixta,Media,<b>RES CHATEAU CARRERAS CO VI CO</b><hr>Tipología: <span style='color:#38bdf8'>Transición Urbana Mixta</span><br>Pob: 500.0<br>Score Infra: <b style='color:#e2e8f0'>Media</b>
RESIDENCIAL AMERICA,0.7828807056375118,0.6941247210836842,-0.023669106306604897,-0.5119561430990254,0.6346125698691113,0.3820164434189307,0.7550941036651048,-0.48584923172746025,0.17593634180949397,-0.003103381554798346,-0.1572627513680309,2.831525786212739,0.32441586554464696,1.467492885377435,1.4200110202284506,-0.11059558095121787,-0.4167327248757193,3.680088527258252,-0.7509902474588046,-0.46779026704894655,0.8528028654224415,-0.49430000374546906,3.368976105584603,0.2968260885977624,-0.1621034971344699,-31.3824,-64.1619,0.1133587446977737,0.24553792071151256,0.23369212814714674,-0.43984272189936835,-0.6046351081736687,-0.21730808997460835,0.35011742918165384,Cluster 3,Transición Urbana Mixta,Media,<b>RESIDENCIAL AMERICA</b><hr>Tipología: <span style='color:#38bdf8'>Transición Urbana Mixta</span><br>Pob: 6874.0<br>Score Infra: <b style='color:#e2e8f0'>Media</b>
RESIDENCIAL ARAGON,-0.24415730925311807,-0.2690182856842465,0.014442166559962272,1.3389412394635674,-0.5498909925314214,-0.6586974704539651,-0.31679235383650955,-0.48584923172746025,-0.5637449590746765,-0.5780048145812022,-0.515131282861834,-0.28378320797232354,-1.0337319105490443,0.03732884308642059,-0.44690291629477147,-0.7611141943048213,-0.4167327248757193,-0.2757577768833604,-0.5945045719729858,-0.6477192617689459,-1.1726039399558572,-0.49430000374546906,-0.2968260885977624,0.2968260885977624,-0.9395446917938498,-31.3715,-64.1308,-0.31745116011636815,1.0806599068801412,0.516007544348145,-0.38657636110398186,-0.6046351081736687,1.2195676244486955,-1.6926937127365,Cluster 0,Vulnerabilidad y Periferia NBI,Muy Baja,<b>RESIDENCIAL ARAGON</b><hr>Tipología: <span style='color:#38bdf8'>Vulnerabilidad y Periferia NBI</span><br>Pob: 1719.0<br>Score Infra: <b style='color:#e2e8f0'>Muy Baja</b>
RESIDENCIAL OLIVOS,-0.393182417912321,-0.33557471276529716,-0.37429281667902287,-0.6892451644172815,-0.35247373213133265,-0.31179283249633316,-0.31679235383650955,-0.48584923172746025,-0.7486652842957191,-0.19473719256359964,0.17027793847375494,-0.28378320797232354,0.32441586554464696,-0.5518657226770498,-0.44690291629477147,0.009040026102318431,-0.4167327248757193,-0.2757577768833604,-0.566889452769606,0.6303970455524289,0.8528028654224415,-0.49430000374546906,-0.2968260885977624,0.2968260885977624,-0.537938328806822,-31.4328,-64.2107,-0.28104468928700405,-0.39842198075983765,-0.3190998642611075,-0.2952122058324249,-0.04067584710878904,-0.2692433567609925,1.0310544764877052,Cluster 4,Transición Urbana Mixta,Baja,<b>RESIDENCIAL OLIVOS</b><hr>Tipología: <span style='color:#38bdf8'>Transición Urbana Mixta</span><br>Pob: 971.0<br>Score Infra: <b style='color:#e2e8f0'>Baja</b>
RESIDENCIAL SAN CARLOS,-0.01524039768971677,-0.007193002291022644,-0.2752035072259482,-0.586417532052693,-0.5498909925314214,-0.6586974704539651,-0.31679235383650955,-0.48584923172746025,-0.008983983411548631,0.5717980514716056,3.5306027935172613,5.9468347803978014,-1.0337319105490443,0.565643409935626,-0.44690291629477147,-0.7611141943048213,-0.4167327248757193,3.976094957602642,-0.45182645608885685,-0.6477192617689459,-1.1726039399558572,-0.49430000374546906,3.368976105584603,0.2968260885977624,-0.2506931360286671,-31.444,-64.1657,-0.13541880596954767,-0.06704780177519,-0.04160181935710209,-0.37634639777241763,-0.6046351081736687,-0.19999633437914646,0.35011742918165384,Cluster 3,Transición Urbana Mixta,Media,<b>RESIDENCIAL SAN CARLOS</b><hr>Tipología: <span style='color:#38bdf8'>Transición Urbana Mixta</span><br>Pob: 2868.0<br>Score Infra: <b style='color:#e2e8f0'>Media</b>
RESIDENCIAL SAN JORGE,-0.14035773490626682,-0.18541021199565402,0.14402049430629066,1.268025630936265,-0.15505647173124384,0.035111805461298766,-0.31679235383650955,-0.48584923172746025,-0.9335856095167617,-0.5780048145812022,-0.3574265062713445,-0.28378320797232354,0.32441586554464696,0.3107729060064194,-0.44690291629477147,-0.09564113006952582,-0.4167327248757193,-0.2757577768833604,-0.971911201085843,-0.09428249180260305,0.8528028654224415,-0.49430000374546906,-0.2968260885977624,0.2968260885977624,-0.8525657736068197,-31.3689,-64.1298,-0.3417221406692776,3.097266982723154,2.018661858005453,-0.27510503652555723,0.5232834139560907,0.9772030461122344,-0.3308196181243975,Cluster 2,Anillos Densos Poblacionales,Muy Baja,<b>RESIDENCIAL SAN JORGE</b><hr>Tipología: <span style='color:#38bdf8'>Anillos Densos Poblacionales</span><br>Pob: 2240.0<br>Score Infra: <b style='color:#e2e8f0'>Muy Baja</b>
RESIDENCIAL SAN ROQUE,2.1147428064219658,1.362439257476052,3.4139677062577536,1.695292172313262,1.029447090669289,2.1165396332070903,-0.31679235383650955,1.9142459730061934,0.08347617919897267,-0.38637100357240095,0.0004420252224585829,-0.28378320797232354,1.682563641638338,2.1681288050856593,-0.44690291629477147,-0.31995789329490637,-0.011457807929316855,-0.2757577768833604,-0.9044075763664702,-0.46406759819267074,0.8528028654224415,2.0230629019273323,-0.2968260885977624,0.2968260885977624,-0.7881369453201308,-31.427,-64.2473,0.550236394650143,0.35497121584933133,0.013331489351187317,-0.5040445607388409,3.907038980345369,1.2368793800441573,-1.6926937127365,Cluster 0,Vulnerabilidad y Periferia NBI,Muy Baja,<b>RESIDENCIAL SAN ROQUE</b><hr>Tipología: <span style='color:#38bdf8'>Vulnerabilidad y Periferia NBI</span><br>Pob: 13559.0<br>Score Infra: <b style='color:#e2e8f0'>Muy Baja</b>
RESIDENCIAL SANTA ANA,-0.27842511498758715,-0.24591605479660913,-0.30569252551920195,-0.43217608350581016,-0.5498909925314214,-0.6586974704539651,-0.31679235383650955,-0.48584923172746025,0.5457769922515792,0.3801642404628043,-0.5454591245138511,-0.28378320797232354,0.32441586554464696,-0.07101691769320213,-0.44690291629477147,-0.7611141943048213,-0.4167327248757193,-0.2757577768833604,0.6451074456009516,0.1538954319491202,-1.1726039399558572,-0.49430000374546906,-0.2968260885977624,0.2968260885977624,-0.13633196581979432,-31.4238,-64.215,-0.22643498304295792,-0.3028897525346554,-0.27573806690154007,-0.2747522791692964,-0.6046351081736687,-0.026878778424532186,1.0310544764877052,Cluster 4,Transición Urbana Mixta,Media,<b>RESIDENCIAL SANTA ANA</b><hr>Tipología: <span style='color:#38bdf8'>Transición Urbana Mixta</span><br>Pob: 1547.0<br>Score Infra: <b style='color:#e2e8f0'>Media</b>
RESIDENCIAL SANTA ROSA,-0.040542789133191065,-0.11445335998362487,-0.07702488831979894,0.15110479663125212,0.6346125698691113,0.7289210813765625,0.3977986178312334,-0.48584923172746025,-0.37882463385363385,-0.38637100357240095,-0.5454591245138511,-0.28378320797232354,0.32441586554464696,0.5181776480702683,0.7964617654296945,0.8763981772404563,-0.4167327248757193,-0.2757577768833604,-0.6497348103797453,-0.19479455092205097,0.8528028654224415,-0.49430000374546906,-0.2968260885977624,0.2968260885977624,-0.1594189626225245,-31.4777,-64.2053,-0.23250272818118525,0.5846924732512477,0.22179327560044113,-0.2715774629629488,-0.22678240326019938,0.9772030461122344,0.35011742918165384,Cluster 3,Transición Urbana Mixta,Media,<b>RESIDENCIAL SANTA ROSA</b><hr>Tipología: <span style='color:#38bdf8'>Transición Urbana Mixta</span><br>Pob: 2741.0<br>Score Infra: <b style='color:#e2e8f0'>Media</b>
RESIDENCIAL SUD,-0.39796397220085156,-0.3515262531400944,-0.3666705621057094,-0.6041464341845185,-0.35247373213133265,-0.31179283249633316,-0.31679235383650955,-0.48584923172746025,2.5799005696830477,1.1466994844980094,-0.3634920746017479,-0.28378320797232354,0.32441586554464696,-0.5776623323864831,-0.44690291629477147,0.0314717024248565,-0.4167327248757193,-0.2757577768833604,2.6410668946896796,0.662660175640153,0.8528028654224415,-0.49430000374546906,-0.2968260885977624,0.2968260885977624,1.5522402421938455,-31.4664,-64.2254,-0.28711243442523143,-0.3726780097725685,-0.357720669936545,0.439228609902639,-0.04067584710878904,0.14623877753008288,-1.0117566654304488,Cluster 1,Núcleo Consolidado (Alta Infraestructura),Muy Alta,<b>RESIDENCIAL SUD</b><hr>Tipología: <span style='color:#38bdf8'>Núcleo Consolidado (Alta Infraestructura)</span><br>Pob: 947.0<br>Score Infra: <b style='color:#e2e8f0'>Muy Alta</b>
RESIDENCIAL VELEZ SARSFIELD,0.043134410916094,0.05056257492807086,-0.35904830753239597,-0.8133474793400607,-0.15505647173124384,0.035111805461298766,-0.31679235383650955,-0.48584923172746025,0.2683965044200153,0.18853042945400297,1.7109322943962293,-0.28378320797232354,0.32441586554464696,0.665734255608229,-0.44690291629477147,-0.29004899153152225,-0.4167327248757193,-0.2757577768833604,-0.36131023203333423,-0.2555981422412232,0.8528028654224415,-0.49430000374546906,-0.2968260885977624,0.2968260885977624,-0.5535086289761052,-31.4489,-64.2091,-0.12328331569309295,0.003395959406288754,0.033975807570689534,-0.42608518500519565,0.5232834139560907,-0.2692433567609925,0.35011742918165384,Cluster 3,Transición Urbana Mixta,Baja,<b>RESIDENCIAL VELEZ SARSFIELD</b><hr>Tipología: <span style='color:#38bdf8'>Transición Urbana Mixta</span><br>Pob: 3161.0<br>Score Infra: <b style='color:#e2e8f0'>Baja</b>
RIVADAVIA,0.031977450909522656,0.07861528386305913,-0.21422547063944075,-0.50131880181993,-0.5498909925314214,-0.6586974704539651,-0.31679235383650955,-0.48584923172746025,0.2683965044200153,1.3383332955068108,-0.32103309628892385,-0.28378320797232354,0.32441586554464696,0.6471606966174377,-0.44690291629477147,-0.7611141943048213,-0.4167327248757193,-0.2757577768833604,-0.34903684572072097,-0.24815280452867144,-1.1726039399558572,-0.49430000374546906,-0.2968260885977624,0.2968260885977624,-0.7806202486866837,-31.4324,-64.1487,-0.19609625735182115,0.4538028803375676,0.5398488949346207,-0.4356096336242383,-0.6046351081736687,-0.6154784686702226,0.35011742918165384,Cluster 3,Transición Urbana Mixta,Baja,<b>RIVADAVIA</b><hr>Tipología: <span style='color:#38bdf8'>Transición Urbana Mixta</span><br>Pob: 3105.0<br>Score Infra: <b style='color:#e2e8f0'>Baja</b>
RIVERA INDARTE,-0.23957498639327626,-0.2222637707925994,-0.22946997978606762,-0.1290118570515924,-0.5498909925314214,-0.6586974704539651,-0.31679235383650955,-0.48584923172746025,-0.47128479646415516,-0.38637100357240095,1.2802769429375849,-0.28378320797232354,0.32441586554464696,0.05074308013532611,-0.44690291629477147,-0.7611141943048213,-0.4167327248757193,-0.2757577768833604,-0.513193387651923,0.06455137939849986,-1.1726039399558572,-0.49430000374546906,-0.2968260885977624,0.2968260885977624,-0.8869278153597204,-31.334,-64.2963,0.2529168828770028,-1.0443703106071103,-0.9062954165774433,-0.501575259245015,-0.6046351081736687,0.16355053312554477,1.0310544764877052,Cluster 4,Transición Urbana Mixta,Muy Baja,<b>RIVERA INDARTE</b><hr>Tipología: <span style='color:#38bdf8'>Transición Urbana Mixta</span><br>Pob: 1742.0<br>Score Infra: <b style='color:#e2e8f0'>Muy Baja</b>
ROCIO,-0.4870204208247335,-0.39663060868262456,-0.4047818349722766,-0.9179480019178317,-0.5498909925314214,-0.6586974704539651,-0.31679235383650955,-0.48584923172746025,-0.7486652842957191,-0.5780048145812022,-0.5454591245138511,-0.28378320797232354,0.32441586554464696,-1.2349599477828588,-0.44690291629477147,-0.7611141943048213,-0.4167327248757193,-0.2757577768833604,-0.12044502564829934,1.8340599757482867,-1.1726039399558572,-0.49430000374546906,-0.2968260885977624,0.2968260885977624,-0.6324339436272991,-31.3682,-64.2805,-0.40239959205155107,-1.3657385904896708,-1.1674591357020647,-0.5223879432644044,-0.6046351081736687,-1.342572203679605,1.0310544764877052,Cluster 4,Transición Urbana Mixta,Baja,<b>ROCIO</b><hr>Tipología: <span style='color:#38bdf8'>Transición Urbana Mixta</span><br>Pob: 500.0<br>Score Infra: <b style='color:#e2e8f0'>Baja</b>
ROCIO DEL SUR,-0.4870204208247335,-0.39663060868262456,-0.4047818349722766,-0.9179480019178317,-0.5498909925314214,-0.6586974704539651,-0.31679235383650955,-0.48584923172746025,-0.6562051216851977,-0.5780048145812022,-0.5454591245138511,-0.28378320797232354,-1.0337319105490443,-1.2349599477828588,-0.44690291629477147,-0.7611141943048213,-0.4167327248757193,-0.2757577768833604,0.18638963216703167,-0.6477192617689459,-1.1726039399558572,-0.49430000374546906,-0.2968260885977624,0.2968260885977624,-0.4337783897433415,-31.4869,-64.1913,-0.365993121222187,0.2946050806452233,0.651101256755997,0.3482172119873429,-0.6046351081736687,-1.342572203679605,1.0310544764877052,Cluster 4,Transición Urbana Mixta,Media,<b>ROCIO DEL SUR</b><hr>Tipología: <span style='color:#38bdf8'>Transición Urbana Mixta</span><br>Pob: 500.0<br>Score Infra: <b style='color:#e2e8f0'>Media</b>
ROGELIO MARTINEZ,-0.34676149502783665,-0.2921205165718839,-0.38191507125233626,-0.7814354555027746,1.2268643510693777,2.463444271164722,-0.31679235383650955,-0.48584923172746025,0.08347617919897267,0.5717980514716056,-0.46660673621860643,-0.28378320797232354,0.32441586554464696,-0.3300148791759177,-0.44690291629477147,2.830571046205563,-0.4167327248757193,-0.2757577768833604,0.4886217701151328,0.3834600114194643,0.8528028654224415,-0.49430000374546906,-0.2968260885977624,0.2968260885977624,1.5522402421938455,-31.4382,-64.1782,-0.20823174762827587,-0.6160931231140793,-0.5025473272977775,0.04872621652189176,4.470998241410249,-0.3211786235473774,-1.0117566654304488,Cluster 1,Núcleo Consolidado (Alta Infraestructura),Muy Alta,<b>ROGELIO MARTINEZ</b><hr>Tipología: <span style='color:#38bdf8'>Núcleo Consolidado (Alta Infraestructura)</span><br>Pob: 1204.0<br>Score Infra: <b style='color:#e2e8f0'>Muy Alta</b>
ROSEDAL,-0.12561460918329756,-0.09135112909598746,-0.35904830753239597,-0.7778896750764094,-0.15505647173124384,0.035111805461298766,-0.31679235383650955,-0.48584923172746025,-0.9335856095167617,-0.5780048145812022,0.582736584941189,-0.28378320797232354,1.682563641638338,0.3437925664344948,-0.44690291629477147,-0.11807280639206388,-0.4167327248757193,-0.2757577768833604,-0.9749795476639963,0.42440936883849867,0.8528028654224415,-0.49430000374546906,-0.2968260885977624,0.2968260885977624,-0.8659884461665467,-31.434,-64.2262,-0.19609625735182115,-0.009726073944237816,0.0440251823487876,-0.45218922936849765,0.5232834139560907,-0.3731138903337615,0.35011742918165384,Cluster 3,Transición Urbana Mixta,Muy Baja,<b>ROSEDAL</b><hr>Tipología: <span style='color:#38bdf8'>Transición Urbana Mixta</span><br>Pob: 2314.0<br>Score Infra: <b style='color:#e2e8f0'>Muy Baja</b>
ROSEDAL ANEXO,-0.4041401464902036,-0.34822593444186045,-0.35904830753239597,-0.5491868375758592,0.04236078866884495,0.3820164434189307,-0.31679235383650955,-0.48584923172746025,-0.5637449590746765,-0.19473719256359964,-0.5454591245138511,-0.28378320797232354,1.682563641638338,-0.6117138572029363,-0.44690291629477147,1.691415750292672,-0.4167327248757193,-0.2757577768833604,-0.20329038325843873,2.061142775981113,0.8528028654224415,-0.49430000374546906,-0.2968260885977624,0.2968260885977624,0.5358754759713271,-31.4394,-64.2286,-0.31745116011636815,-0.06213052599184671,-0.045148015668591626,0.30588632923604236,1.0872426750209703,-0.16537282318822347,1.0310544764877052,Cluster 4,Transición Urbana Mixta,Alta,<b>ROSEDAL ANEXO</b><hr>Tipología: <span style='color:#38bdf8'>Transición Urbana Mixta</span><br>Pob: 916.0<br>Score Infra: <b style='color:#e2e8f0'>Alta</b>
SACHI,-0.3768454407598415,-0.366377687282147,-0.19135870691950044,1.0286854521566193,-0.15505647173124384,0.035111805461298766,-0.31679235383650955,-0.48584923172746025,-0.10144414602206994,-0.38637100357240095,-0.5333279878530442,-0.28378320797232354,0.32441586554464696,-0.46828470721848364,-0.44690291629477147,0.6595586394559219,-0.4167327248757193,-0.2757577768833604,0.41651562552852994,0.5311258760517396,0.8528028654224415,-0.49430000374546906,-0.2968260885977624,0.2968260885977624,0.42366193337201064,-31.4537,-64.2663,-0.3113834149781408,0.03293547754399118,-0.23999240808172562,0.20147015178283448,0.5232834139560907,1.4792439583806176,-1.6926937127365,Cluster 0,Vulnerabilidad y Periferia NBI,Alta,<b>SACHI</b><hr>Tipología: <span style='color:#38bdf8'>Vulnerabilidad y Periferia NBI</span><br>Pob: 1053.0<br>Score Infra: <b style='color:#e2e8f0'>Alta</b>
SAN ANTONIO,-0.4870204208247335,-0.39663060868262456,-0.37429281667902287,-0.5633699592813196,-0.5498909925314214,-0.6586974704539651,-0.31679235383650955,-0.48584923172746025,-0.008983983411548631,-0.38637100357240095,-0.5333279878530442,-0.28378320797232354,0.32441586554464696,-1.2349599477828588,-0.44690291629477147,-0.7611141943048213,-0.4167327248757193,-0.2757577768833604,2.3342322368743487,1.8340599757482867,-1.1726039399558572,-0.49430000374546906,-0.2968260885977624,0.2968260885977624,0.9584212081515288,-31.4744,-64.1905,-0.28104468928700405,-0.8676352899078824,-0.6218904723959829,0.19617879143892186,-0.6046351081736687,-1.342572203679605,-1.0117566654304488,Cluster 1,Núcleo Consolidado (Alta Infraestructura),Muy Alta,<b>SAN ANTONIO</b><hr>Tipología: <span style='color:#38bdf8'>Núcleo Consolidado (Alta Infraestructura)</span><br>Pob: 500.0<br>Score Infra: <b style='color:#e2e8f0'>Muy Alta</b>
SAN CAYETANO,-0.4870204208247335,-0.39663060868262456,-0.35904830753239597,-0.38608093796306364,-0.5498909925314214,-0.6586974704539651,-0.31679235383650955,-0.48584923172746025,-0.19390430863259123,0.9550656734892082,-0.460541167888203,-0.28378320797232354,-1.0337319105490443,-1.2349599477828588,-0.44690291629477147,-0.7611141943048213,-0.4167327248757193,-0.2757577768833604,1.7205629212436866,-0.6477192617689459,-1.1726039399558572,-0.49430000374546906,-0.2968260885977624,0.2968260885977624,0.5605731934812245,-31.4367,-64.1435,-0.3720608663604143,0.6266746118374831,1.0148155175222626,1.8290925935703397,-0.6046351081736687,-1.342572203679605,1.0310544764877052,Cluster 4,Transición Urbana Mixta,Alta,<b>SAN CAYETANO</b><hr>Tipología: <span style='color:#38bdf8'>Transición Urbana Mixta</span><br>Pob: 500.0<br>Score Infra: <b style='color:#e2e8f0'>Alta</b>
SAN DANIEL,-0.31588062358107666,-0.25636706400768317,-0.30569252551920195,-0.4109014009476195,-0.5498909925314214,-0.6586974704539651,-0.31679235383650955,1.9142459730061934,-0.28636447124311254,1.3383332955068108,0.41290067168989264,-0.28378320797232354,0.32441586554464696,-0.2051592881822582,-0.44690291629477147,-0.7611141943048213,3.2290985212218493,-0.2757577768833604,-0.1373209318281426,0.26557549763739574,-1.1726039399558572,2.0230629019273323,-0.2968260885977624,0.2968260885977624,0.549835055433443,-31.449,-64.2027,-0.28104468928700405,-0.011893819508369782,0.07370957331927143,0.06177823870354272,-0.6046351081736687,-0.4942961795019917,1.0310544764877052,Cluster 4,Transición Urbana Mixta,Alta,<b>SAN DANIEL</b><hr>Tipología: <span style='color:#38bdf8'>Transición Urbana Mixta</span><br>Pob: 1359.0<br>Score Infra: <b style='color:#e2e8f0'>Alta</b>
SAN FELIPE,-0.07799829772668057,-0.13975580333675156,-0.0694026337464855,0.25215953878265795,0.4371953094690225,1.0758257193341945,-0.31679235383650955,-0.48584923172746025,-0.6562051216851977,-0.19473719256359964,-0.42414775790578235,-0.28378320797232354,0.32441586554464696,0.44491527649547546,-0.44690291629477147,0.704421992100998,-0.4167327248757193,-0.2757577768833604,-0.8000837927092576,-0.16129053121556833,0.8528028654224415,-0.49430000374546906,-0.2968260885977624,0.2968260885977624,-0.3425042163371989,-31.4568,-64.136,0.08302001900663698,-0.7299097272970179,-0.712591262670619,-0.44971992787467185,2.2151611971507297,0.9598912905167732,0.35011742918165384,Cluster 3,Transición Urbana Mixta,Media,<b>SAN FELIPE</b><hr>Tipología: <span style='color:#38bdf8'>Transición Urbana Mixta</span><br>Pob: 2553.0<br>Score Infra: <b style='color:#e2e8f0'>Media</b>
SAN FERNANDO,0.2290173338827201,0.38004439163508996,0.09066471229309661,-0.20347324600525993,0.23977804906893374,0.035111805461298766,0.3977986178312334,-0.48584923172746025,-0.19390430863259123,-0.003103381554798346,0.9466706847653956,-0.28378320797232354,-1.0337319105490443,0.9329871321979643,1.4200110202284506,-0.028346101101911686,-0.4167327248757193,-0.2757577768833604,-0.7034308754974282,-0.6477192617689459,0.8528028654224415,-0.49430000374546906,-0.2968260885977624,0.2968260885977624,-0.6453197092846369,-31.4476,-64.1905,-0.08687684486372885,0.202904263008116,0.5238037205467889,-0.4486616558058893,-0.6046351081736687,-1.273325181297759,0.35011742918165384,Cluster 3,Transición Urbana Mixta,Baja,<b>SAN FERNANDO</b><hr>Tipología: <span style='color:#38bdf8'>Transición Urbana Mixta</span><br>Pob: 4094.0<br>Score Infra: <b style='color:#e2e8f0'>Baja</b>
SAN FRANCISCO,-0.3628992407516273,-0.30752200383030887,-0.3895373258256497,-0.8204390401927909,-0.35247373213133265,-0.31179283249633316,-0.31679235383650955,-0.48584923172746025,-0.47128479646415516,-0.003103381554798346,0.26126146342980655,-0.28378320797232354,-1.0337319105490443,-0.40121352197395516,-0.44690291629477147,-0.09564113006952582,-0.4167327248757193,-0.2757577768833604,-0.2217004627273586,-0.6477192617689459,0.8528028654224415,-0.49430000374546906,-0.2968260885977624,0.2968260885977624,-0.36666502694470726,-31.4261,-64.2114,-0.24463821845763997,-0.5051695029009197,-0.40785843009437395,-0.30438389709520675,-0.04067584710878904,-0.3038668679519155,1.0310544764877052,Cluster 4,Transición Urbana Mixta,Media,<b>SAN FRANCISCO</b><hr>Tipología: <span style='color:#38bdf8'>Transición Urbana Mixta</span><br>Pob: 1123.0<br>Score Infra: <b style='color:#e2e8f0'>Media</b>
SAN IGNACIO,-0.03137814341350746,-0.09135112909598746,0.220243040039425,1.0074107695984285,-0.35247373213133265,-0.31179283249633316,-0.31679235383650955,-0.48584923172746025,0.5457769922515792,-0.19473719256359964,0.5524087432891718,-0.28378320797232354,0.32441586554464696,0.5357193426726827,-0.44690291629477147,-0.49193407843436476,-0.4167327248757193,-0.2757577768833604,-0.10510329275753284,-0.20223988863460268,0.8528028654224415,-0.49430000374546906,-0.2968260885977624,0.2968260885977624,-0.4885428937870272,-31.3901,-64.2483,-0.10508008027841091,-0.23250177892284155,-0.32683602790678773,-0.42326312615510897,-0.04067584710878904,0.7175267121803122,-1.6926937127365,Cluster 0,Vulnerabilidad y Periferia NBI,Baja,<b>SAN IGNACIO</b><hr>Tipología: <span style='color:#38bdf8'>Vulnerabilidad y Periferia NBI</span><br>Pob: 2787.0<br>Score Infra: <b style='color:#e2e8f0'>Baja</b>
SAN JAVIER,-0.2604942864055975,-0.2794692948953206,-0.13038067033299297,0.6280122639773609,-0.15505647173124384,0.035111805461298766,-0.31679235383650955,-0.48584923172746025,-0.37882463385363385,-0.5780048145812022,-0.4848034412098168,-0.28378320797232354,-1.0337319105490443,-0.013232511944070198,-0.44690291629477147,0.1511073094783927,-0.4167327248757193,-0.2757577768833604,-0.384322831369484,-0.6477192617689459,0.8528028654224415,-0.49430000374546906,-0.2968260885977624,0.2968260885977624,-0.34894709916586786,-31.4557,-64.1017,0.3075265891210489,-1.086970097286067,-0.9748788532416509,-0.47300191338788705,0.5232834139560907,1.1849441132577725,1.0310544764877052,Cluster 4,Transición Urbana Mixta,Media,<b>SAN JAVIER</b><hr>Tipología: <span style='color:#38bdf8'>Transición Urbana Mixta</span><br>Pob: 1637.0<br>Score Infra: <b style='color:#e2e8f0'>Media</b>
SAN JOSE,-0.47745731224767235,-0.39663060868262456,-0.3895373258256497,-0.7406589805995757,-0.35247373213133265,-0.31179283249633316,-0.31679235383650955,-0.48584923172746025,0.3608566670305366,-0.003103381554798346,0.3401138517250513,-0.28378320797232354,0.32441586554464696,-1.1410602884405194,-0.44690291629477147,0.5997408359291538,-0.4167327248757193,-0.2757577768833604,2.6410668946896796,1.6169042924655288,0.8528028654224415,-0.49430000374546906,-0.2968260885977624,0.2968260885977624,1.8351901797528876,-31.3397,-64.2893,-0.31745116011636815,-0.5858502831159553,-0.3880761103628954,0.9154510408547697,-0.04067584710878904,-0.9270900693885289,-1.0117566654304488,Cluster 1,Núcleo Consolidado (Alta Infraestructura),Muy Alta,<b>SAN JOSE</b><hr>Tipología: <span style='color:#38bdf8'>Núcleo Consolidado (Alta Infraestructura)</span><br>Pob: 548.0<br>Score Infra: <b style='color:#e2e8f0'>Muy Alta</b>
SAN LORENZO,-0.19056405493583786,-0.16670840603899517,-0.2752035072259482,-0.43040319329262766,-0.15505647173124384,0.035111805461298766,-0.31679235383650955,1.9142459730061934,1.4703786183567922,0.7634318624804068,-0.17545945635924123,-0.28378320797232354,0.32441586554464696,0.18694917940113664,-0.44690291629477147,-0.005914424779373616,2.3380413727464484,-0.2757577768833604,1.0424583274718053,-0.02355178353336189,0.8528028654224415,2.0230629019273323,-0.2968260885977624,0.2968260885977624,1.399221775012959,-31.4556,-64.1105,-0.18396076707536646,-0.2654841870741652,-0.2308977784644132,-0.04263793874966516,0.5232834139560907,-0.09612580080637743,-1.0117566654304488,Cluster 1,Núcleo Consolidado (Alta Infraestructura),Muy Alta,<b>SAN LORENZO</b><hr>Tipología: <span style='color:#38bdf8'>Núcleo Consolidado (Alta Infraestructura)</span><br>Pob: 1988.0<br>Score Infra: <b style='color:#e2e8f0'>Muy Alta</b>
SAN LORENZO NORTE,-0.4870204208247335,-0.39663060868262456,-0.3666705621057094,-0.4747254486221917,-0.5498909925314214,-0.6586974704539651,-0.31679235383650955,-0.48584923172746025,-0.6562051216851977,-0.38637100357240095,-0.2603774129848894,-0.28378320797232354,0.32441586554464696,-1.2349599477828588,-0.44690291629477147,-0.7611141943048213,-0.4167327248757193,-0.2757577768833604,0.18638963216703167,1.8340599757482867,-1.1726039399558572,-0.49430000374546906,-0.2968260885977624,0.2968260885977624,-0.4337783897433415,-31.375,-64.2167,-0.3720608663604143,0.6266746118374831,1.0148155175222626,0.5224793459801967,-0.6046351081736687,-1.342572203679605,1.0310544764877052,Cluster 4,Transición Urbana Mixta,Media,<b>SAN LORENZO NORTE</b><hr>Tipología: <span style='color:#38bdf8'>Transición Urbana Mixta</span><br>Pob: 500.0<br>Score Infra: <b style='color:#e2e8f0'>Media</b>
SAN LUIS DE FRANCIA,-0.4870204208247335,-0.39663060868262456,-0.37429281667902287,-0.5633699592813196,-0.35247373213133265,-0.31179283249633316,-0.31679235383650955,-0.48584923172746025,-0.47128479646415516,-0.5780048145812022,-0.4302133262361858,-0.28378320797232354,-1.0337319105490443,-1.2349599477828588,-0.44690291629477147,0.7343308938643821,-0.4167327248757193,-0.2757577768833604,0.8000589477976937,-0.6477192617689459,0.8528028654224415,-0.49430000374546906,-0.2968260885977624,0.2968260885977624,0.7092964054429982,-31.48,-64.2537,-0.35992537608395964,0.05741426614778253,0.39130691497627385,1.2967817429727353,-0.04067584710878904,-1.342572203679605,1.0310544764877052,Cluster 4,Transición Urbana Mixta,Muy Alta,<b>SAN LUIS DE FRANCIA</b><hr>Tipología: <span style='color:#38bdf8'>Transición Urbana Mixta</span><br>Pob: 500.0<br>Score Infra: <b style='color:#e2e8f0'>Muy Alta</b>
SAN MARCELO,-0.4870204208247335,-0.39663060868262456,-0.4047818349722766,-0.9179480019178317,-0.5498909925314214,-0.6586974704539651,-0.31679235383650955,-0.48584923172746025,0.2683965044200153,1.3383332955068108,-0.4969345778706236,-0.28378320797232354,-1.0337319105490443,-1.2349599477828588,-0.44690291629477147,-0.7611141943048213,-0.4167327248757193,-0.2757577768833604,2.6410668946896796,-0.6477192617689459,-1.1726039399558572,-0.49430000374546906,-0.2968260885977624,0.2968260885977624,1.1570767620354865,-31.3626,-64.2356,-0.347789885807505,-0.2588414814576065,0.04491445926997632,1.2195278819516118,-0.6046351081736687,-1.342572203679605,-1.0117566654304488,Cluster 1,Núcleo Consolidado (Alta Infraestructura),Muy Alta,<b>SAN MARCELO</b><hr>Tipología: <span style='color:#38bdf8'>Núcleo Consolidado (Alta Infraestructura)</span><br>Pob: 500.0<br>Score Infra: <b style='color:#e2e8f0'>Muy Alta</b>
SAN MARTIN,2.0346517720890787,1.8904902491934783,1.1730248617036043,-0.07582515065611563,3.5958714758704433,3.85106282299525,2.541571532834462,1.9142459730061934,0.7306973174726218,0.18853042945400297,3.8702746200198543,-0.28378320797232354,-1.0337319105490443,2.1371728734343374,0.9756855033359237,0.43524187623054145,-0.0005044317956302941,-0.2757577768833604,-0.820028045467254,-0.6477192617689459,0.8528028654224415,2.0230629019273323,-0.2968260885977624,0.2968260885977624,-0.3532423543849804,-31.3938,-64.1965,0.4774234529914147,0.44213530862473993,0.4722583932376303,-0.48287911936319056,-0.2888179219773361,-0.44236091271560757,0.35011742918165384,Cluster 3,Transición Urbana Mixta,Media,<b>SAN MARTIN</b><hr>Tipología: <span style='color:#38bdf8'>Transición Urbana Mixta</span><br>Pob: 13157.0<br>Score Infra: <b style='color:#e2e8f0'>Media</b>
SAN MARTIN ANEXO,0.041540559486583806,0.0863160274922716,-0.12275841575967954,-0.30984665879621354,-0.5498909925314214,-0.6586974704539651,-0.31679235383650955,-0.48584923172746025,0.08347617919897267,-0.19473719256359964,0.37650726170747195,-0.28378320797232354,-1.0337319105490443,0.6626386624430968,-0.44690291629477147,-0.7611141943048213,-0.4167327248757193,-0.2757577768833604,-0.4564289759560868,-0.6477192617689459,-1.1726039399558572,-0.49430000374546906,-0.2968260885977624,0.2968260885977624,-0.8498812390948743,-31.381,-64.2031,-0.19609625735182115,0.48193176992802245,0.5623154124895653,-0.4490144131621502,-0.6046351081736687,-0.6154784686702226,0.35011742918165384,Cluster 3,Transición Urbana Mixta,Muy Baja,<b>SAN MARTIN ANEXO</b><hr>Tipología: <span style='color:#38bdf8'>Transición Urbana Mixta</span><br>Pob: 3153.0<br>Score Infra: <b style='color:#e2e8f0'>Muy Baja</b>
SAN MARTIN NORTE,-0.19913100636945513,-0.1986114867885897,-0.14562517947961984,0.15819635748398236,-0.5498909925314214,-0.6586974704539651,-0.31679235383650955,1.9142459730061934,0.17593634180949397,0.5717980514716056,0.12175339183052741,-0.28378320797232354,-1.0337319105490443,0.1652800272452123,-0.44690291629477147,-0.7611141943048213,2.3982849414817244,-0.2757577768833604,-0.016121241991086842,-0.6477192617689459,-1.1726039399558572,2.0230629019273323,-0.2968260885977624,0.2968260885977624,0.35654857057337624,-31.3728,-64.2025,-0.26284145387232205,0.3191496188846916,0.1608805343423173,-0.06944749782548884,-0.6046351081736687,0.3366680890801598,0.35011742918165384,Cluster 3,Transición Urbana Mixta,Alta,<b>SAN MARTIN NORTE</b><hr>Tipología: <span style='color:#38bdf8'>Transición Urbana Mixta</span><br>Pob: 1945.0<br>Score Infra: <b style='color:#e2e8f0'>Alta</b>
SAN NICOLAS,-0.17562169778417983,-0.1788095745991862,-0.0694026337464855,0.3904449754108977,-0.5498909925314214,-0.6586974704539651,-0.31679235383650955,-0.48584923172746025,-0.37882463385363385,-0.38637100357240095,0.625195563254013,-0.28378320797232354,0.32441586554464696,0.2251281617710987,-0.44690291629477147,-0.7611141943048213,-0.4167327248757193,-0.2757577768833604,-0.5208642540973063,-0.045887796671017056,-1.1726039399558572,-0.49430000374546906,-0.2968260885977624,0.2968260885977624,-0.8917599774812223,-31.3807,-64.1513,-0.2689091990105494,0.5026010644889642,0.3105354743738086,-0.4218520967300657,-0.6046351081736687,0.31935633348469794,0.35011742918165384,Cluster 3,Transición Urbana Mixta,Muy Baja,<b>SAN NICOLAS</b><hr>Tipología: <span style='color:#38bdf8'>Transición Urbana Mixta</span><br>Pob: 2063.0<br>Score Infra: <b style='color:#e2e8f0'>Muy Baja</b>
SAN PABLO,-0.15031930634070553,-0.13700553775488994,-0.21422547063944075,-0.2584328426139193,-0.5498909925314214,-0.6586974704539651,-0.31679235383650955,-0.48584923172746025,0.3608566670305366,0.3801642404628043,-0.1269349097160137,-0.28378320797232354,0.32441586554464696,0.28704002507374055,-0.44690291629477147,-0.7611141943048213,-0.4167327248757193,-0.2757577768833604,0.009959703923216283,-0.08063270599625824,-1.1726039399558572,-0.49430000374546906,-0.2968260885977624,0.2968260885977624,-0.5476026530498254,-31.4442,-64.1609,-0.23250272818118525,0.19261344881809633,0.14190565623253165,-0.3625888608782449,-0.6046351081736687,-0.026878778424532186,0.35011742918165384,Cluster 3,Transición Urbana Mixta,Baja,<b>SAN PABLO</b><hr>Tipología: <span style='color:#38bdf8'>Transición Urbana Mixta</span><br>Pob: 2190.0<br>Score Infra: <b style='color:#e2e8f0'>Baja</b>
SAN PEDRO NOLASCO,-0.39099087219674444,-0.3608771561184238,-0.2066032160661273,0.8212572972142599,-0.35247373213133265,-0.31179283249633316,-0.31679235383650955,-0.48584923172746025,-0.19390430863259123,-0.5780048145812022,-0.45447559955779954,-0.28378320797232354,1.682563641638338,-0.5394833500165211,-0.44690291629477147,0.0015628006614724081,-0.4167327248757193,-0.2757577768833604,0.3643537336999237,1.8799728916423557,0.8528028654224415,-0.49430000374546906,-0.2968260885977624,0.2968260885977624,0.0617866811617743,-31.4661,-64.2402,-0.15362204138422972,-0.8885317195738897,-0.8148362858608117,-0.31567213249555354,-0.04067584710878904,0.7521502233712352,1.0310544764877052,Cluster 4,Transición Urbana Mixta,Alta,<b>SAN PEDRO NOLASCO</b><hr>Tipología: <span style='color:#38bdf8'>Transición Urbana Mixta</span><br>Pob: 982.0<br>Score Infra: <b style='color:#e2e8f0'>Alta</b>
SAN RAFAEL,0.44378881400921844,0.4273489596431094,-0.25233674350600793,-0.7087469567622896,0.4371953094690225,0.035111805461298766,0.7550941036651048,-0.48584923172746025,-0.19390430863259123,-0.38637100357240095,0.9830640947478162,-0.28378320797232354,-1.0337319105490443,1.1734115346898886,1.7933938075330949,-0.03582332654275771,-0.4167327248757193,-0.2757577768833604,-0.7740028467949543,-0.6477192617689459,0.8528028654224415,-0.49430000374546906,-0.2968260885977624,0.2968260885977624,-0.6947151443044318,-31.4254,-64.222,-0.007996158066773285,0.2196086552964269,0.25773533913904584,-0.4684160677564962,-0.7456249234398886,-0.3904256459292234,0.35011742918165384,Cluster 3,Transición Urbana Mixta,Baja,<b>SAN RAFAEL</b><hr>Tipología: <span style='color:#38bdf8'>Transición Urbana Mixta</span><br>Pob: 5172.0<br>Score Infra: <b style='color:#e2e8f0'>Baja</b>
SAN RAMON,-0.4870204208247335,-0.39663060868262456,-0.3209370346658288,0.057141615332576376,0.04236078866884495,0.3820164434189307,-0.31679235383650955,-0.48584923172746025,-0.7486652842957191,-0.5780048145812022,-0.5454591245138511,-0.28378320797232354,-1.0337319105490443,-1.2349599477828588,-0.44690291629477147,2.830571046205563,-0.4167327248757193,-0.2757577768833604,-0.12044502564829934,-0.6477192617689459,0.8528028654224415,-0.49430000374546906,-0.2968260885977624,0.2968260885977624,1.1570767620354865,-31.3409,-64.1008,0.2407813926005481,-1.271756459735899,-1.0645212403094733,-0.3745826109911134,1.0872426750209703,-1.342572203679605,-1.0117566654304488,Cluster 1,Núcleo Consolidado (Alta Infraestructura),Muy Alta,<b>SAN RAMON</b><hr>Tipología: <span style='color:#38bdf8'>Núcleo Consolidado (Alta Infraestructura)</span><br>Pob: 500.0<br>Score Infra: <b style='color:#e2e8f0'>Muy Alta</b>
SAN SALVADOR,-0.1680509034940064,-0.1502068125478256,-0.37429281667902287,-0.808028808700513,-0.5498909925314214,-0.6586974704539651,-0.31679235383650955,-0.48584923172746025,0.4533168296410579,0.9550656734892082,1.5107685394929156,-0.28378320797232354,0.32441586554464696,0.2447335851502686,-0.44690291629477147,-0.7611141943048213,-0.4167327248757193,-0.2757577768833604,0.1280910471821188,-0.05705580323984459,-1.1726039399558572,-0.49430000374546906,-0.2968260885977624,0.2968260885977624,-0.47136187291057674,-31.4009,-64.2324,-0.19609625735182115,-0.1345447838304271,-0.12767073168026943,-0.37599364041615674,-0.6046351081736687,-0.061502289615454425,0.35011742918165384,Cluster 3,Transición Urbana Mixta,Baja,<b>SAN SALVADOR</b><hr>Tipología: <span style='color:#38bdf8'>Transición Urbana Mixta</span><br>Pob: 2101.0<br>Score Infra: <b style='color:#e2e8f0'>Baja</b>
SAN VICENTE,3.028418138388683,2.646813284205417,1.8132942458619326,-0.017319773621091133,6.162295861071597,7.32010920257157,3.6134579903360766,-0.48584923172746025,2.8572810575146117,0.9550656734892082,1.1043754613558852,2.831525786212739,0.32441586554464696,2.4684013421034683,0.7628573145722765,0.6371269631333839,-0.4167327248757193,1.2247356488255272,-0.6865549693175851,-0.579470332737222,0.8528028654224415,-0.49430000374546906,3.368976105584603,0.2968260885977624,-0.09176869292150111,-31.4243,-64.154,1.17521414388756,0.024736697216415016,0.0355197668878457,-0.49381459740727657,-0.04067584710878904,-0.18268457878368535,0.35011742918165384,Cluster 3,Transición Urbana Mixta,Media,<b>SAN VICENTE</b><hr>Tipología: <span style='color:#38bdf8'>Transición Urbana Mixta</span><br>Pob: 18145.0<br>Score Infra: <b style='color:#e2e8f0'>Media</b>
SANTA CECILIA,-0.36967310932704567,-0.3322743940670632,-0.09989165203973924,1.319439447118559,-0.15505647173124384,0.035111805461298766,-0.31679235383650955,-0.48584923172746025,-0.37882463385363385,-0.19473719256359964,-0.3028363912977135,-0.28378320797232354,0.32441586554464696,-0.4332013180136538,-0.44690291629477147,0.6146952868108458,-0.4167327248757193,-0.2757577768833604,-0.05447557421800322,0.4914174082514638,0.8528028654224415,-0.49430000374546906,-0.2968260885977624,0.2968260885977624,0.09614872291467501,-31.3576,-64.2277,-0.32351890525459553,0.30329000979416737,0.1628882270232836,0.14714551891866542,0.5232834139560907,0.2847328222937749,-1.6926937127365,Cluster 0,Vulnerabilidad y Periferia NBI,Alta,<b>SANTA CECILIA</b><hr>Tipología: <span style='color:#38bdf8'>Vulnerabilidad y Periferia NBI</span><br>Pob: 1089.0<br>Score Infra: <b style='color:#e2e8f0'>Alta</b>
SANTA CLARA DE ASIS,-0.2202495378104652,-0.2420656829820029,-0.34380379838576913,-0.6236482265295267,0.04236078866884495,-0.6586974704539651,0.7550941036651048,-0.48584923172746025,-0.28636447124311254,-0.38637100357240095,0.6676545415668371,-0.28378320797232354,0.32441586554464696,0.10749562149608034,3.286924956751673,0.45767355255307934,-0.4167327248757193,-0.2757577768833604,-0.3735836183459475,0.0273246908357414,0.8528028654224415,-0.49430000374546906,-0.2968260885977624,0.2968260885977624,-0.1889488422539235,-31.3807,-64.1408,-0.28104468928700405,0.4662853490501472,0.14463349954906207,-0.18091882240391355,-1.0276045539723284,0.9425795349213113,0.35011742918165384,Cluster 3,Transición Urbana Mixta,Media,<b>SANTA CLARA DE ASIS</b><hr>Tipología: <span style='color:#38bdf8'>Transición Urbana Mixta</span><br>Pob: 1839.0<br>Score Infra: <b style='color:#e2e8f0'>Media</b>
SANTA ISABEL ANEXO,-0.3154821607236991,-0.3262238097869677,-0.22184772521275417,0.37980763413180235,-0.15505647173124384,-0.6586974704539651,0.3977986178312334,-0.48584923172746025,-0.28636447124311254,-0.38637100357240095,-0.5454591245138511,-0.28378320797232354,-1.0337319105490443,-0.20309555940550372,3.286924956751673,0.33803794549954314,-0.4167327248757193,-0.2757577768833604,-0.1388551051172192,-0.6477192617689459,0.8528028654224415,-0.49430000374546906,-0.2968260885977624,0.2968260885977624,-0.0966008550430027,-31.4763,-64.2465,-0.29318017956345876,0.14074694833511575,-0.17331300605245628,-0.10895632172670269,-0.9824878130871381,1.5138674695715415,0.35011742918165384,Cluster 3,Transición Urbana Mixta,Media,<b>SANTA ISABEL ANEXO</b><hr>Tipología: <span style='color:#38bdf8'>Transición Urbana Mixta</span><br>Pob: 1361.0<br>Score Infra: <b style='color:#e2e8f0'>Media</b>
SANTA ISABEL SECCION 1,0.12721007382275662,0.05056257492807086,-0.06178037917317206,-0.13078474726477493,-0.5498909925314214,-0.6586974704539651,-0.31679235383650955,1.9142459730061934,0.17593634180949397,0.3801642404628043,-0.5454591245138511,-0.28378320797232354,0.32441586554464696,0.7947173041553983,-0.44690291629477147,-0.7611141943048213,1.1112632457735547,-0.2757577768833604,-0.4840440951594666,-0.301511058135292,-1.1726039399558572,2.0230629019273323,-0.2968260885977624,0.2968260885977624,-0.3677388407494855,-31.4707,-64.2324,0.07695227386840964,-0.4620915370534043,-0.46788735011794214,-0.4507781999434543,-0.6046351081736687,0.45785037824839,0.35011742918165384,Cluster 3,Transición Urbana Mixta,Media,<b>SANTA ISABEL SECCION 1</b><hr>Tipología: <span style='color:#38bdf8'>Transición Urbana Mixta</span><br>Pob: 3583.0<br>Score Infra: <b style='color:#e2e8f0'>Media</b>
SANTA ISABEL SECCION 2,0.6312655884053547,0.45485161546172537,0.3574436223590668,0.09614520002259265,-0.5498909925314214,-0.6586974704539651,-0.31679235383650955,1.9142459730061934,0.7306973174726218,0.18853042945400297,-0.5454591245138511,-0.28378320797232354,0.32441586554464696,1.3457328875489067,-0.44690291629477147,-0.7611141943048213,0.4814441180865779,-0.2757577768833604,-0.5638211061914526,-0.4442133642925329,-1.1726039399558572,2.0230629019273323,-0.2968260885977624,0.2968260885977624,-0.6259910607986303,-31.4766,-64.2314,0.13762972525068312,0.0027583871815441007,-0.0959404582223878,-0.47794051637553886,-0.6046351081736687,0.38860335586654393,0.35011742918165384,Cluster 3,Transición Urbana Mixta,Baja,<b>SANTA ISABEL SECCION 2</b><hr>Tipología: <span style='color:#38bdf8'>Transición Urbana Mixta</span><br>Pob: 6113.0<br>Score Infra: <b style='color:#e2e8f0'>Baja</b>
SANTA ISABEL SECCION 3,0.21965345673434775,0.08246565567766537,-0.016046851733291463,-0.0740522604429331,1.819116132269644,2.1165396332070903,1.1123895894989762,-0.48584923172746025,0.2683965044200153,-0.19473719256359964,0.07322884518729988,-0.28378320797232354,1.682563641638338,0.9206047595374356,0.7964617654296945,1.4596217616264457,-0.4167327248757193,-0.2757577768833604,-0.5101250410737698,-0.03471979010218942,0.8528028654224415,-0.49430000374546906,-0.2968260885977624,0.2968260885977624,0.2217849380737185,-31.4781,-64.2418,-0.10508008027841091,0.2798313367499675,0.024995747372671406,-0.32801863996468283,-0.15346769932176496,0.8733325125394653,0.35011742918165384,Cluster 3,Transición Urbana Mixta,Alta,<b>SANTA ISABEL SECCION 3</b><hr>Tipología: <span style='color:#38bdf8'>Transición Urbana Mixta</span><br>Pob: 4047.0<br>Score Infra: <b style='color:#e2e8f0'>Alta</b>
SANTA RITA,-0.3585161493204743,-0.28937025099002234,-0.30569252551920195,-0.3346671217807694,-0.35247373213133265,-0.31179283249633316,-0.31679235383650955,1.9142459730061934,0.2683965044200153,0.18853042945400297,0.952736253095799,-0.28378320797232354,-1.0337319105490443,-0.3816080985947862,-0.44690291629477147,-0.11059558095121787,3.2290985212218493,-0.2757577768833604,0.8353449334464569,-0.6477192617689459,0.8528028654224415,2.0230629019273323,-0.2968260885977624,0.2968260885977624,1.5044555278812177,-31.4475,-64.1727,-0.30531566983991343,0.06008210742569865,0.1794135018348248,0.600085964357581,-0.04067584710878904,-0.6501019798611456,-1.0117566654304488,Cluster 1,Núcleo Consolidado (Alta Infraestructura),Muy Alta,<b>SANTA RITA</b><hr>Tipología: <span style='color:#38bdf8'>Núcleo Consolidado (Alta Infraestructura)</span><br>Pob: 1145.0<br>Score Infra: <b style='color:#e2e8f0'>Muy Alta</b>
SARGENTO CABRAL,0.12999931382439944,0.07641507139756985,0.18975402174617126,0.3868991949845326,-0.35247373213133265,-0.31179283249633316,-0.31679235383650955,1.9142459730061934,-0.19390430863259123,-0.003103381554798346,-0.33922980128013414,-0.28378320797232354,0.32441586554464696,0.7988447617089092,-0.44690291629477147,-0.5517518819611329,1.1057865577067114,-0.2757577768833604,-0.6574056768251286,-0.3027519477540506,0.8528028654224415,2.0230629019273323,-0.2968260885977624,0.2968260885977624,-0.37794007189487777,-31.3762,-64.193,-0.18396076707536646,0.6250149316399446,0.4389350592828949,-0.36717470650963585,-0.04067584710878904,0.19817404431646776,0.35011742918165384,Cluster 3,Transición Urbana Mixta,Media,<b>SARGENTO CABRAL</b><hr>Tipología: <span style='color:#38bdf8'>Transición Urbana Mixta</span><br>Pob: 3597.0<br>Score Infra: <b style='color:#e2e8f0'>Media</b>
SARMIENTO,-0.08716294344636417,-0.07484953560481789,-0.2752035072259482,-0.5332308256572161,0.4371953094690225,0.3820164434189307,0.3977986178312334,-0.48584923172746025,0.08347617919897267,0.7634318624804068,-0.405951052914572,-0.28378320797232354,0.32441586554464696,0.42634171750468325,1.0466282329238064,0.726853668423536,-0.4167327248757193,-0.2757577768833604,-0.3060799936265746,-0.152604303884258,0.8528028654224415,-0.49430000374546906,-0.2968260885977624,0.2968260885977624,-0.011232657563139853,-31.4301,-64.1543,-0.22036723790473056,0.2992553730594549,0.2601140185110604,-0.2557033819312111,-0.4185285520222584,-0.14806106759276233,0.35011742918165384,Cluster 3,Transición Urbana Mixta,Alta,<b>SARMIENTO</b><hr>Tipología: <span style='color:#38bdf8'>Transición Urbana Mixta</span><br>Pob: 2507.0<br>Score Infra: <b style='color:#e2e8f0'>Alta</b>
SEP,-0.3796346807614844,-0.3460257219763712,-0.3514260529590825,-0.4924543507540173,-0.15505647173124384,0.035111805461298766,-0.31679235383650955,-0.48584923172746025,-0.19390430863259123,0.3801642404628043,-0.3816887795929582,-0.28378320797232354,0.32441586554464696,-0.4816989442673892,-0.44690291629477147,0.6745130903376139,-0.4167327248757193,-0.2757577768833604,0.28764506924609096,0.5460165514768429,0.8528028654224415,-0.49430000374546906,-0.2968260885977624,0.2968260885977624,0.3474211532327621,-31.459,-64.1657,-0.365993121222187,2.0844576023445844,1.4876435109497446,1.203653800919874,0.5232834139560907,0.492473889439313,-0.3308196181243975,Cluster 2,Anillos Densos Poblacionales,Alta,<b>SEP</b><hr>Tipología: <span style='color:#38bdf8'>Anillos Densos Poblacionales</span><br>Pob: 1039.0<br>Score Infra: <b style='color:#e2e8f0'>Alta</b>
SEP SEGUNDA ETAPA,-0.06066516343075724,-0.08915091663049819,-0.28282576179926167,-0.5438681669363116,-0.5498909925314214,-0.6586974704539651,-0.31679235383650955,-0.48584923172746025,-0.47128479646415516,-0.19473719256359964,-0.5454591245138511,-0.28378320797232354,-1.0337319105490443,0.4799986657003053,-0.44690291629477147,-0.7611141943048213,-0.4167327248757193,-0.2757577768833604,-0.6926916624738916,-0.6477192617689459,-1.1726039399558572,-0.49430000374546906,-0.2968260885977624,0.2968260885977624,-1.0034366131781496,-31.4598,-64.1639,-0.3113834149781408,2.1409086456061197,1.5931183006267093,-0.4236158835113698,-0.6046351081736687,0.35397984467562094,-0.3308196181243975,Cluster 2,Anillos Densos Poblacionales,Muy Baja,<b>SEP SEGUNDA ETAPA</b><hr>Tipología: <span style='color:#38bdf8'>Anillos Densos Poblacionales</span><br>Pob: 2640.0<br>Score Infra: <b style='color:#e2e8f0'>Muy Baja</b>
SMATA,-0.13019693204313934,-0.17715941525006923,-0.3895373258256497,-0.8594426248828072,0.23977804906893374,0.7289210813765625,-0.31679235383650955,-0.48584923172746025,-0.6562051216851977,-0.38637100357240095,-0.06627922641197928,-0.28378320797232354,1.682563641638338,0.33347392255072145,-0.44690291629477147,0.5474002578432317,-0.4167327248757193,-0.2757577768833604,-0.7724686735058778,0.43557737540732616,0.8528028654224415,-0.49430000374546906,-0.2968260885977624,0.2968260885977624,-0.40317469630716435,-31.4544,-64.2235,-0.22036723790473056,0.1558016224918998,-0.07813855273871029,-0.34142341950259464,1.65120193608585,0.9425795349213113,0.35011742918165384,Cluster 3,Transición Urbana Mixta,Media,<b>SMATA</b><hr>Tipología: <span style='color:#38bdf8'>Transición Urbana Mixta</span><br>Pob: 2291.0<br>Score Infra: <b style='color:#e2e8f0'>Media</b>
SOLARES DE SANTA MARIA- ALTOS DE MANANTIALES,-0.45713570652141744,-0.39663060868262456,-0.39715958039896315,-0.8293034912587037,-0.5498909925314214,-0.6586974704539651,-0.31679235383650955,-0.48584923172746025,-1.0260457721272829,-0.7696386255900036,-0.5454591245138511,-0.28378320797232354,0.32441586554464696,-0.9646114780279914,-0.44690291629477147,-0.7611141943048213,-0.4167327248757193,-0.2757577768833604,-1.0409489990942924,1.260768971881806,-1.1726039399558572,-0.49430000374546906,-0.2968260885977624,-3.3689761055846037,-1.228937512181561,-31.4606,-64.2244,-0.23250272818118525,-0.9032138124618385,-0.7777648951891636,-0.5223879432644044,-0.6046351081736687,-0.04419053401999331,1.0310544764877052,Cluster 4,Transición Urbana Mixta,Muy Baja,<b>SOLARES DE SANTA MARIA- ALTOS DE MANANTIALES</b><hr>Tipología: <span style='color:#38bdf8'>Transición Urbana Mixta</span><br>Pob: 650.0<br>Score Infra: <b style='color:#e2e8f0'>Muy Baja</b>
SUAREZ,-0.027393514839731983,-0.08750075728138124,0.25835431290599215,1.106692621536652,0.23977804906893374,0.7289210813765625,-0.31679235383650955,-0.48584923172746025,-0.37882463385363385,-0.38637100357240095,-0.38775434792336166,-0.28378320797232354,-1.0337319105490443,0.5429423933913249,-0.44690291629477147,0.30812904373615907,-0.4167327248757193,-0.2757577768833604,-0.6589398501142052,-0.6477192617689459,0.8528028654224415,-0.49430000374546906,-0.2968260885977624,0.2968260885977624,-0.4488117830102356,-31.4387,-64.2104,-0.19002851221359382,0.23217679777670658,0.020320223928138197,-0.37599364041615674,1.65120193608585,0.700214956584851,-1.6926937127365,Cluster 0,Vulnerabilidad y Periferia NBI,Baja,<b>SUAREZ</b><hr>Tipología: <span style='color:#38bdf8'>Vulnerabilidad y Periferia NBI</span><br>Pob: 2807.0<br>Score Infra: <b style='color:#e2e8f0'>Baja</b>
TABLADA PARK,-0.43761102650991757,-0.3608771561184238,-0.4047818349722766,-0.9179480019178317,-0.5498909925314214,-0.6586974704539651,-0.31679235383650955,-0.48584923172746025,-0.37882463385363385,1.3383332955068108,-0.44234446289699264,-0.28378320797232354,-1.0337319105490443,-0.820150463655162,-0.44690291629477147,-0.7611141943048213,-0.4167327248757193,-0.2757577768833604,0.39503719948145666,-0.6477192617689459,-1.1726039399558572,-0.49430000374546906,-0.2968260885977624,0.2968260885977624,-0.2984778503412947,-31.371,-64.2263,-0.23250272818118525,-0.8334793503803881,-0.6511165856892898,-0.30403113973894585,-0.6046351081736687,-0.7885960246248377,1.0310544764877052,Cluster 4,Transición Urbana Mixta,Media,<b>TABLADA PARK</b><hr>Tipología: <span style='color:#38bdf8'>Transición Urbana Mixta</span><br>Pob: 748.0<br>Score Infra: <b style='color:#e2e8f0'>Media</b>
TALLERES ESTE,0.5175044426240648,0.43394959703957725,0.04493118485321601,-0.30630087836984843,0.23977804906893374,0.7289210813765625,-0.31679235383650955,-0.48584923172746025,0.6382371548621005,0.5717980514716056,-0.3574265062713445,-0.28378320797232354,1.682563641638338,1.2446101774879252,-0.44690291629477147,-0.22275396256390814,-0.4167327248757193,-0.2757577768833604,-0.5423426801443795,-0.19975810939708546,0.8528028654224415,-0.49430000374546906,-0.2968260885977624,0.2968260885977624,-0.6378030126511899,-31.389,-64.1507,-0.03833488375791006,0.47458773486424444,0.3874115547202685,-0.4574805897124103,1.65120193608585,-0.061502289615454425,0.35011742918165384,Cluster 3,Transición Urbana Mixta,Baja,<b>TALLERES ESTE</b><hr>Tipología: <span style='color:#38bdf8'>Transición Urbana Mixta</span><br>Pob: 5542.0<br>Score Infra: <b style='color:#e2e8f0'>Baja</b>
TALLERES OESTE,0.5938100798118653,0.5098569270989572,0.06779794857315631,-0.324029780501674,0.8320298302692002,1.7696349952494583,-0.31679235383650955,-0.48584923172746025,1.4703786183567922,0.9550656734892082,-0.5454591245138511,-0.28378320797232354,-1.0337319105490443,1.3137450915092082,-0.44690291629477147,0.12119840771500862,-0.4167327248757193,-0.2757577768833604,-0.34136597927533774,-0.6477192617689459,0.8528028654224415,-0.49430000374546906,-0.2968260885977624,0.2968260885977624,-0.33606133350852996,-31.3902,-64.1589,0.4410169821620506,-0.5164545312789005,-0.4421255978366289,-0.4800570605131038,3.3430797192804893,-0.11343755640183933,0.35011742918165384,Cluster 3,Transición Urbana Mixta,Media,<b>TALLERES OESTE</b><hr>Tipología: <span style='color:#38bdf8'>Transición Urbana Mixta</span><br>Pob: 5925.0<br>Score Infra: <b style='color:#e2e8f0'>Media</b>
TALLERES SUD,0.19833569386464892,0.058263318557283325,0.7004450781581714,1.585372979095943,-0.5498909925314214,-0.6586974704539651,-0.31679235383650955,-0.48584923172746025,-0.6562051216851977,-0.5780048145812022,-0.4362788945665892,-0.28378320797232354,0.32441586554464696,0.8927444210512477,-0.44690291629477147,-0.7611141943048213,-0.4167327248757193,-0.2757577768833604,-0.8844633236084735,-0.3325332986042574,-1.1726039399558572,-0.49430000374546906,-0.2968260885977624,0.2968260885977624,-1.127462107630026,-31.4395,-64.1342,-0.11114782541663827,0.2696999156161339,-0.0001713350656382084,-0.5086304063702317,-0.6046351081736687,0.9772030461122344,-1.6926937127365,Cluster 0,Vulnerabilidad y Periferia NBI,Muy Baja,<b>TALLERES SUD</b><hr>Tipología: <span style='color:#38bdf8'>Vulnerabilidad y Periferia NBI</span><br>Pob: 3940.0<br>Score Infra: <b style='color:#e2e8f0'>Muy Baja</b>
TEJAS DEL SUR,-0.29695363785564316,-0.2833196667099268,-0.3666705621057094,-0.6998825056963768,-0.5498909925314214,-0.6586974704539651,-0.31679235383650955,-0.48584923172746025,-1.0260457721272829,-0.7696386255900036,-0.5272624195226409,-0.28378320797232354,-1.0337319105490443,-0.13499250977259752,-0.44690291629477147,-0.7611141943048213,-0.4167327248757193,-0.2757577768833604,-1.0409489990942924,-0.6477192617689459,-1.1726039399558572,-0.49430000374546906,-0.2968260885977624,-3.3689761055846037,-1.228937512181561,-31.4624,-64.1902,-0.23250272818118525,-0.3311063083060125,-0.3763845739082461,-0.5223879432644044,-0.6046351081736687,0.527097400630236,1.0310544764877052,Cluster 4,Transición Urbana Mixta,Muy Baja,<b>TEJAS DEL SUR</b><hr>Tipología: <span style='color:#38bdf8'>Transición Urbana Mixta</span><br>Pob: 1454.0<br>Score Infra: <b style='color:#e2e8f0'>Muy Baja</b>
TEJAS II,-0.4497641436599328,-0.39663060868262456,-0.35904830753239597,-0.38608093796306364,-0.5498909925314214,-0.6586974704539651,-0.31679235383650955,-0.48584923172746025,-0.9335856095167617,-0.5780048145812022,-0.5454591245138511,-0.28378320797232354,-1.0337319105490443,-0.9078589366672372,-0.44690291629477147,-0.7611141943048213,-0.4167327248757193,-0.2757577768833604,-0.8169596988891008,-0.6477192617689459,-1.1726039399558572,-0.49430000374546906,-0.2968260885977624,0.2968260885977624,-1.0839726485365109,-31.4787,-64.1992,-0.11114782541663827,-1.080574450906597,-0.9401370407623195,-0.5026335313137974,-0.6046351081736687,0.2847328222937749,1.0310544764877052,Cluster 4,Transición Urbana Mixta,Muy Baja,<b>TEJAS II</b><hr>Tipología: <span style='color:#38bdf8'>Transición Urbana Mixta</span><br>Pob: 687.0<br>Score Infra: <b style='color:#e2e8f0'>Muy Baja</b>
TENIENTE BENJAMIN MATIENZO,0.782681474208823,0.6374692500973353,-0.06178037917317206,-0.5350037158703986,0.6346125698691113,0.035111805461298766,1.1123895894989762,-0.48584923172746025,0.5457769922515792,-0.003103381554798346,1.116506598016692,-0.28378320797232354,0.32441586554464696,1.467492885377435,2.043560275027207,-0.11059558095121787,-0.4167327248757193,-0.2757577768833604,-0.6620081966923587,-0.46779026704894655,0.8528028654224415,-0.49430000374546906,-0.2968260885977624,0.2968260885977624,-0.6592792887467529,-31.4414,-64.2375,0.1983071766329566,0.017478335920337137,-0.021213918409353626,-0.48464290614449473,-0.8302188125996206,0.04236824395731384,0.35011742918165384,Cluster 3,Transición Urbana Mixta,Baja,<b>TENIENTE BENJAMIN MATIENZO</b><hr>Tipología: <span style='color:#38bdf8'>Transición Urbana Mixta</span><br>Pob: 6873.0<br>Score Infra: <b style='color:#e2e8f0'>Baja</b>
TEODORO FELDS,0.11904158524651688,0.18532558843928904,-0.3666705621057094,-0.8470323933905293,-0.15505647173124384,-0.31179283249633316,0.040503131997361934,-0.48584923172746025,1.1929981305252284,0.5717980514716056,1.4501128561888812,-0.28378320797232354,0.32441586554464696,0.7833667958832482,1.4200110202284506,-0.3423895696174443,-0.4167327248757193,-0.2757577768833604,-0.0007795091003202093,-0.29778838927901613,0.8528028654224415,-0.49430000374546906,-0.2968260885977624,0.2968260885977624,-0.34626256465392247,-31.4004,-64.2492,0.052681293315500206,-0.4247875846662329,-0.25236044967887455,-0.4451340822432809,-0.6046351081736687,-0.7885960246248377,0.35011742918165384,Cluster 3,Transición Urbana Mixta,Media,<b>TEODORO FELDS</b><hr>Tipología: <span style='color:#38bdf8'>Transición Urbana Mixta</span><br>Pob: 3542.0<br>Score Infra: <b style='color:#e2e8f0'>Media</b>
TRANVIARIOS,-0.13936157776282296,-0.11060298816901863,-0.28282576179926167,-0.5243663745913033,-0.5498909925314214,-0.6586974704539651,-0.31679235383650955,-0.48584923172746025,0.8231574800831432,0.3801642404628043,-0.4726723045490099,-0.28378320797232354,0.32441586554464696,0.31283663478317386,-0.44690291629477147,-0.7611141943048213,-0.4167327248757193,-0.2757577768833604,0.3259994014730073,-0.09552338142136164,-1.1726039399558572,-0.49430000374546906,-0.2968260885977624,0.2968260885977624,-0.3430411232395879,-31.4095,-64.2282,-0.2385704733194126,0.2909151313945133,0.2873924516763645,-0.3068531985890326,-0.6046351081736687,-0.2692433567609925,0.35011742918165384,Cluster 3,Transición Urbana Mixta,Media,<b>TRANVIARIOS</b><hr>Tipología: <span style='color:#38bdf8'>Transición Urbana Mixta</span><br>Pob: 2245.0<br>Score Infra: <b style='color:#e2e8f0'>Media</b>
UOCRA,-0.20690103208831734,-0.18651031822839867,-0.21422547063944075,-0.15560521024933086,0.04236078866884495,0.3820164434189307,-0.31679235383650955,-0.48584923172746025,0.4533168296410579,-0.38637100357240095,-0.11480377305520681,-0.28378320797232354,0.32441586554464696,0.14361087508928794,-0.44690291629477147,0.4128101999080034,-0.4167327248757193,-0.2757577768833604,0.24622239044102132,0.003747788079327639,0.8528028654224415,-0.49430000374546906,-0.2968260885977624,0.2968260885977624,0.190107430832763,-31.3226,-64.2653,-0.21429949276650323,-0.1407252495840458,-0.14319761583796053,-0.22148591837390988,1.0872426750209703,-0.009567022829070296,0.35011742918165384,Cluster 3,Transición Urbana Mixta,Alta,<b>UOCRA</b><hr>Tipología: <span style='color:#38bdf8'>Transición Urbana Mixta</span><br>Pob: 1906.0<br>Score Infra: <b style='color:#e2e8f0'>Alta</b>
URCA,0.07242143093334377,0.08356576191041,-0.2599589980793213,-0.6041464341845185,0.4371953094690225,0.3820164434189307,0.3977986178312334,-0.48584923172746025,0.17593634180949397,-0.19473719256359964,0.34617942005545477,-0.28378320797232354,-1.0337319105490443,0.7121681530852099,1.0466282329238064,0.36794684726292726,-0.4167327248757193,-0.2757577768833604,-0.4380188964871669,-0.6477192617689459,0.8528028654224415,-0.49430000374546906,-0.2968260885977624,0.2968260885977624,-0.2753908535385645,-31.3825,-64.2372,-0.0019284129285459283,-0.3671171845248734,-0.2804954256455691,-0.427496214430239,-0.4185285520222584,-0.3384903791428385,0.35011742918165384,Cluster 3,Transición Urbana Mixta,Media,<b>URCA</b><hr>Tipología: <span style='color:#38bdf8'>Transición Urbana Mixta</span><br>Pob: 3308.0<br>Score Infra: <b style='color:#e2e8f0'>Media</b>
URITORCO,-0.4870204208247335,-0.39663060868262456,-0.39715958039896315,-0.8293034912587037,-0.5498909925314214,-0.6586974704539651,-0.31679235383650955,-0.48584923172746025,-0.10144414602206994,0.5717980514716056,-0.29677082296731006,-0.28378320797232354,-1.0337319105490443,-1.2349599477828588,-0.44690291629477147,-0.7611141943048213,-0.4167327248757193,-0.2757577768833604,2.0273975790590177,-0.6477192617689459,-1.1726039399558572,-0.49430000374546906,-0.2968260885977624,0.2968260885977624,0.7597656542675713,-31.4007,-64.2349,-0.3538576309457323,-0.12048033903519967,0.19646252256313984,1.1108786162232738,-0.6046351081736687,-1.342572203679605,1.0310544764877052,Cluster 4,Transición Urbana Mixta,Muy Alta,<b>URITORCO</b><hr>Tipología: <span style='color:#38bdf8'>Transición Urbana Mixta</span><br>Pob: 500.0<br>Score Infra: <b style='color:#e2e8f0'>Muy Alta</b>
URQUIZA,0.5246767740568606,0.352541735816474,0.8147788967578729,0.8974915763811099,-0.35247373213133265,-0.31179283249633316,-0.31679235383650955,1.9142459730061934,-0.6562051216851977,-0.38637100357240095,-0.44234446289699264,-0.28378320797232354,0.32441586554464696,1.251833228206568,-0.44690291629477147,-0.626524136369593,0.5635944390892271,-0.2757577768833604,-0.9304885222807733,-0.4256000200111536,0.8528028654224415,2.0230629019273323,-0.2968260885977624,0.2968260885977624,-0.7693452037365132,-31.4386,-64.1475,-0.06867360944904678,0.6549310158728867,0.38195586808720766,-0.46735779568771374,-0.04067584710878904,0.5097856450347741,0.35011742918165384,Cluster 3,Transición Urbana Mixta,Baja,<b>URQUIZA</b><hr>Tipología: <span style='color:#38bdf8'>Transición Urbana Mixta</span><br>Pob: 5578.0<br>Score Infra: <b style='color:#e2e8f0'>Baja</b>
VALLE DEL CERRO,-0.44697490365828996,-0.38782975882066745,-0.4047818349722766,-0.9179480019178317,-0.35247373213133265,-0.6586974704539651,0.040503131997361934,-0.48584923172746025,-0.5637449590746765,-0.38637100357240095,-0.15119718303762747,-0.28378320797232354,0.32441586554464696,-0.8872216488996896,3.286924956751673,0.30812904373615907,-0.4167327248757193,-0.2757577768833604,0.05291655601736266,1.1230302241995995,0.8528028654224415,-0.49430000374546906,-0.2968260885977624,0.2968260885977624,0.012928153044368526,-31.3714,-64.2404,-0.25677370873409466,-0.7837885651143488,-0.676447338726591,-0.18232985182895692,-0.8866147387061086,-0.04419053401999331,1.0310544764877052,Cluster 4,Transición Urbana Mixta,Alta,<b>VALLE DEL CERRO</b><hr>Tipología: <span style='color:#38bdf8'>Transición Urbana Mixta</span><br>Pob: 701.0<br>Score Infra: <b style='color:#e2e8f0'>Alta</b>
VASQUEZ,-0.4870204208247335,-0.39663060868262456,-0.30569252551920195,0.23443063665083239,-0.5498909925314214,-0.6586974704539651,-0.31679235383650955,-0.48584923172746025,-0.6562051216851977,-0.5780048145812022,-0.5454591245138511,-0.28378320797232354,-1.0337319105490443,-1.2349599477828588,-0.44690291629477147,-0.7611141943048213,-0.4167327248757193,-0.2757577768833604,0.18638963216703167,-0.6477192617689459,-1.1726039399558572,-0.49430000374546906,-0.2968260885977624,0.2968260885977624,-0.4337783897433415,-31.4815,-64.1311,-0.35992537608395964,0.05741426614778253,0.39130691497627385,0.22404662258352812,-0.6046351081736687,-1.342572203679605,1.0310544764877052,Cluster 4,Transición Urbana Mixta,Media,<b>VASQUEZ</b><hr>Tipología: <span style='color:#38bdf8'>Transición Urbana Mixta</span><br>Pob: 500.0<br>Score Infra: <b style='color:#e2e8f0'>Media</b>
VICOR,-0.4870204208247335,-0.39663060868262456,-0.38191507125233626,-0.6520144699404476,0.04236078866884495,0.3820164434189307,-0.31679235383650955,1.9142459730061934,-0.10144414602206994,-0.38637100357240095,-0.10873820472480336,-0.28378320797232354,1.682563641638338,-1.2349599477828588,-0.44690291629477147,2.830571046205563,3.2290985212218493,-0.2757577768833604,2.0273975790590177,4.3158392132655194,0.8528028654224415,2.0230629019273323,-0.2968260885977624,0.2968260885977624,3.7422834970388807,-31.478,-64.2476,-0.3720608663604143,0.6266746118374831,1.0148155175222626,6.009972779973787,1.0872426750209703,-1.342572203679605,-1.0117566654304488,Cluster 1,Núcleo Consolidado (Alta Infraestructura),Muy Alta,<b>VICOR</b><hr>Tipología: <span style='color:#38bdf8'>Núcleo Consolidado (Alta Infraestructura)</span><br>Pob: 500.0<br>Score Infra: <b style='color:#e2e8f0'>Muy Alta</b>
VILLA 4 DE AGOSTO,-0.26388122069330666,-0.3256737566705954,0.21262078546611154,3.4469077029376316,-0.5498909925314214,-0.6586974704539651,-0.31679235383650955,1.9142459730061934,-0.6562051216851977,-0.5780048145812022,-0.5454591245138511,-0.28378320797232354,-1.0337319105490443,-0.02355115582784353,-0.44690291629477147,-0.7611141943048213,2.962383812366582,-0.2757577768833604,-0.6620081966923587,-0.6477192617689459,-1.1726039399558572,2.0230629019273323,-0.2968260885977624,0.2968260885977624,0.1224571611317396,-31.3709,-64.1908,-0.3417221406692776,1.8619707972803183,0.6274617665749445,0.36550232244412395,-0.6046351081736687,2.8468726504220756,-1.6926937127365,Cluster 0,Vulnerabilidad y Periferia NBI,Alta,<b>VILLA 4 DE AGOSTO</b><hr>Tipología: <span style='color:#38bdf8'>Vulnerabilidad y Periferia NBI</span><br>Pob: 1620.0<br>Score Infra: <b style='color:#e2e8f0'>Alta</b>
VILLA 9 DE JULIO,1.1490680715674784,0.804135344358148,1.6379823906757236,1.0765534879125485,-0.15505647173124384,0.035111805461298766,-0.31679235383650955,4.3143411777398475,-0.10144414602206994,-0.38637100357240095,2.3174891274365734,-0.28378320797232354,1.682563641638338,1.7120447454228682,-0.44690291629477147,-0.589138009165363,0.8429055304982341,-0.2757577768833604,-0.8645190708504772,-0.3623146494544642,0.8528028654224415,2.0230629019273323,-0.2968260885977624,0.2968260885977624,-0.616863643458016,-31.329,-64.2708,0.8050816904556916,-0.49348200705606843,-0.5141461170796647,-0.5022807739575367,0.5232834139560907,0.665591445393928,-1.6926937127365,Cluster 0,Vulnerabilidad y Periferia NBI,Baja,<b>VILLA 9 DE JULIO</b><hr>Tipología: <span style='color:#38bdf8'>Vulnerabilidad y Periferia NBI</span><br>Pob: 8712.0<br>Score Infra: <b style='color:#e2e8f0'>Baja</b>
VILLA ADELA,0.14733244812032278,0.09181655865599479,0.022064421133275707,-0.004909542128813163,1.4242816114694665,2.1165396332070903,0.3977986178312334,1.9142459730061934,0.2683965044200153,-0.19473719256359964,1.1407688713383057,-0.28378320797232354,0.32441586554464696,0.8236095070299648,0.2998626583145174,1.2652139001644493,1.0674497412388084,-0.2757577768833604,-0.4579631492451635,-0.3114381750853609,0.8528028654224415,2.0230629019273323,-0.2968260885977624,0.2968260885977624,0.6443306702539201,-31.4354,-64.2475,-0.08080909972550149,0.01917587196871978,-0.04749941660744081,-0.2902736028447732,0.5232834139560907,0.19817404431646776,0.35011742918165384,Cluster 3,Transición Urbana Mixta,Alta,<b>VILLA ADELA</b><hr>Tipología: <span style='color:#38bdf8'>Transición Urbana Mixta</span><br>Pob: 3684.0<br>Score Infra: <b style='color:#e2e8f0'>Alta</b>
VILLA ALBERDI,-0.18538403778992973,-0.20576217730142984,-0.0694026337464855,0.5074557294809465,-0.35247373213133265,-0.31179283249633316,-0.31679235383650955,-0.48584923172746025,0.3608566670305366,0.3801642404628043,-0.47873787287941333,-0.28378320797232354,-1.0337319105490443,0.20036341645004216,-0.44690291629477147,-0.3872529222625205,-0.4167327248757193,-0.2757577768833604,0.10201010126781566,-0.6477192617689459,0.8528028654224415,-0.49430000374546906,-0.2968260885977624,0.2968260885977624,-0.30169929175562926,-31.3935,-64.2358,-0.22036723790473056,-0.028165858131775665,-0.1727074248361866,-0.3191997060581619,-0.04067584710878904,0.700214956584851,0.35011742918165384,Cluster 3,Transición Urbana Mixta,Media,<b>VILLA ALBERDI</b><hr>Tipología: <span style='color:#38bdf8'>Transición Urbana Mixta</span><br>Pob: 2014.0<br>Score Infra: <b style='color:#e2e8f0'>Media</b>
VILLA ALBERTO,-0.4121094036377545,-0.39663060868262456,-0.21422547063944075,1.2981647645603684,0.04236078866884495,0.3820164434189307,-0.31679235383650955,-0.48584923172746025,-0.5637449590746765,-0.5780048145812022,-0.5272624195226409,-0.28378320797232354,0.32441586554464696,-0.6571158902915395,-0.44690291629477147,1.7960969064645165,-0.4167327248757193,-0.2757577768833604,-0.16493605103152234,0.7693766828533939,0.8528028654224415,-0.49430000374546906,-0.2968260885977624,0.2968260885977624,0.613190069915354,-31.4161,-64.2666,-0.08080909972550149,-1.036426559169432,-0.9615833449168816,-0.2941539337636424,1.0872426750209703,1.912037848267155,-1.6926937127365,Cluster 0,Vulnerabilidad y Periferia NBI,Alta,<b>VILLA ALBERTO</b><hr>Tipología: <span style='color:#38bdf8'>Vulnerabilidad y Periferia NBI</span><br>Pob: 876.0<br>Score Infra: <b style='color:#e2e8f0'>Alta</b>
VILLA ALICIA RISLER,0.02341049947590538,-0.06824889820835006,0.3574436223590668,1.3070292156262815,-0.15505647173124384,0.035111805461298766,-0.31679235383650955,-0.48584923172746025,-0.008983983411548631,-0.5780048145812022,-0.029885816429558624,-0.28378320797232354,0.32441586554464696,0.6327145951801536,-0.44690291629477147,-0.27509454064983024,-0.4167327248757193,-0.2757577768833604,-0.4901807883157732,-0.2419483564348784,0.8528028654224415,-0.49430000374546906,-0.2968260885977624,0.2968260885977624,-0.6297494091153537,-31.3114,-64.1804,-0.15968978652245705,0.15945371589176546,-0.08041357406469668,-0.4239686408676307,0.5232834139560907,0.9772030461122344,-1.6926937127365,Cluster 0,Vulnerabilidad y Periferia NBI,Baja,<b>VILLA ALICIA RISLER</b><hr>Tipología: <span style='color:#38bdf8'>Vulnerabilidad y Periferia NBI</span><br>Pob: 3062.0<br>Score Infra: <b style='color:#e2e8f0'>Baja</b>
VILLA ALLENDE PARQUE,0.5292590969167025,0.3250390799978581,0.6470892961449772,0.7007007627178459,0.04236078866884495,0.3820164434189307,-0.31679235383650955,1.9142459730061934,1.655298943577835,-0.19473719256359964,-0.029885816429558624,-0.28378320797232354,0.32441586554464696,1.2559606857600771,-0.44690291629477147,-0.3573440204991364,0.5635944390892271,-0.2757577768833604,-0.2462472353525851,-0.4256000200111536,0.8528028654224415,2.0230629019273323,-0.2968260885977624,0.2968260885977624,-0.19163337676586886,-31.3139,-64.2822,0.3924750210562319,-0.51386837894228,-0.537763784514185,-0.47053261189406126,1.0872426750209703,0.7348384677757741,0.35011742918165384,Cluster 3,Transición Urbana Mixta,Media,<b>VILLA ALLENDE PARQUE</b><hr>Tipología: <span style='color:#38bdf8'>Transición Urbana Mixta</span><br>Pob: 5601.0<br>Score Infra: <b style='color:#e2e8f0'>Media</b>
VILLA ARGENTINA,-0.39417857505576487,-0.3344746065325525,-0.38191507125233626,-0.7477505414523059,-0.5498909925314214,-0.6586974704539651,-0.31679235383650955,-0.48584923172746025,-0.37882463385363385,-0.19473719256359964,0.03683543520487923,-0.28378320797232354,-1.0337319105490443,-0.5570250446189365,-0.44690291629477147,-0.7611141943048213,-0.4167327248757193,-0.2757577768833604,0.07132663548628254,-0.6477192617689459,-1.1726039399558572,-0.49430000374546906,-0.2968260885977624,0.2968260885977624,-0.5078715422730339,-31.4311,-64.1355,-0.32351890525459553,0.11477783465598378,0.14610107925335547,-0.15798959424695913,-0.6046351081736687,-0.3211786235473774,1.0310544764877052,Cluster 4,Transición Urbana Mixta,Baja,<b>VILLA ARGENTINA</b><hr>Tipología: <span style='color:#38bdf8'>Transición Urbana Mixta</span><br>Pob: 966.0<br>Score Infra: <b style='color:#e2e8f0'>Baja</b>
VILLA ASPACIA,-0.12461845203985368,-0.1727589903190907,-0.07702488831979894,0.3372582690154209,-0.5498909925314214,-0.6586974704539651,-0.31679235383650955,-0.48584923172746025,-0.28636447124311254,-0.38637100357240095,-0.2300495713328722,-0.28378320797232354,0.32441586554464696,0.3458562952112493,-0.44690291629477147,-0.7611141943048213,-0.4167327248757193,-0.2757577768833604,-0.5116592143628463,-0.11289583608398235,-1.1726039399558572,-0.49430000374546906,-0.2968260885977624,0.2968260885977624,-0.8858540015549423,-31.4431,-64.2475,-0.15362204138422972,-0.23880975912140928,-0.35975018536404363,-0.46735779568771374,-0.6046351081736687,0.9425795349213113,0.35011742918165384,Cluster 3,Transición Urbana Mixta,Muy Baja,<b>VILLA ASPACIA</b><hr>Tipología: <span style='color:#38bdf8'>Transición Urbana Mixta</span><br>Pob: 2319.0<br>Score Infra: <b style='color:#e2e8f0'>Muy Baja</b>
VILLA AVALOS,-0.3148844664376328,-0.3141226412267767,0.2659765674793056,3.5390979940231246,-0.5498909925314214,-0.6586974704539651,-0.31679235383650955,-0.48584923172746025,-1.0260457721272829,-0.7696386255900036,-0.44234446289699264,-0.28378320797232354,1.682563641638338,-0.20103183062874833,-0.44690291629477147,-0.7611141943048213,-0.4167327248757193,-0.2757577768833604,-1.0409489990942924,1.1714249193311856,-1.1726039399558572,-0.49430000374546906,-0.2968260885977624,-3.3689761055846037,-1.228937512181561,-31.416,-64.2432,0.028410312762590786,-0.9829701129509943,-0.8985156074386986,-0.5223879432644044,-0.6046351081736687,1.0810735796850033,-1.6926937127365,Cluster 0,Vulnerabilidad y Periferia NBI,Muy Baja,<b>VILLA AVALOS</b><hr>Tipología: <span style='color:#38bdf8'>Vulnerabilidad y Periferia NBI</span><br>Pob: 1364.0<br>Score Infra: <b style='color:#e2e8f0'>Muy Baja</b>
VILLA AZALAIS,0.9434612371606635,0.7172269519713216,0.6623338052916041,0.19719994217399864,1.029447090669289,1.4227303572918264,0.3977986178312334,1.9142459730061934,-0.28636447124311254,-0.5780048145812022,-0.21791843467206531,-0.28378320797232354,0.32441586554464696,1.5820298324873203,0.48655405196683954,0.016517251543164455,0.2952367238139066,-0.2757577768833604,-0.8813949770303202,-0.48640361133032584,0.8528028654224415,2.0230629019273323,-0.2968260885977624,0.2968260885977624,-0.5051870077610885,-31.3734,-64.1519,0.13156198011245576,0.3730942063376993,0.21196212828766556,-0.4684160677564962,0.14543070904262131,0.3020445778892368,0.35011742918165384,Cluster 3,Transición Urbana Mixta,Baja,<b>VILLA AZALAIS</b><hr>Tipología: <span style='color:#38bdf8'>Transición Urbana Mixta</span><br>Pob: 7680.0<br>Score Infra: <b style='color:#e2e8f0'>Baja</b>
VILLA AZALAIS ANEXO,-0.4870204208247335,-0.39663060868262456,-0.30569252551920195,0.23443063665083239,-0.5498909925314214,-0.6586974704539651,-0.31679235383650955,-0.48584923172746025,-0.8411254469062404,-0.38637100357240095,-0.5454591245138511,-0.28378320797232354,-1.0337319105490443,-1.2349599477828588,-0.44690291629477147,-0.7611141943048213,-0.4167327248757193,-0.2757577768833604,-0.4272796834636304,-0.6477192617689459,-1.1726039399558572,-0.49430000374546906,-0.2968260885977624,0.2968260885977624,-0.8310894975112567,-31.3652,-64.1617,-0.32351890525459553,-0.5994265866766125,-0.32812356995219005,-0.32131625019572696,-0.6046351081736687,-1.342572203679605,1.0310544764877052,Cluster 4,Transición Urbana Mixta,Muy Baja,<b>VILLA AZALAIS ANEXO</b><hr>Tipología: <span style='color:#38bdf8'>Transición Urbana Mixta</span><br>Pob: 500.0<br>Score Infra: <b style='color:#e2e8f0'>Muy Baja</b>
VILLA AZALAIS OESTE,-0.3632977036090049,-0.33117428783431857,-0.2980702709458885,-0.13964919833068784,0.6346125698691113,1.4227303572918264,-0.31679235383650955,1.9142459730061934,-0.19390430863259123,-0.19473719256359964,-0.47873787287941333,-0.28378320797232354,-1.0337319105490443,-0.4032772507507106,-0.44690291629477147,2.830571046205563,3.2290985212218493,-0.2757577768833604,0.19099215203426154,-0.6477192617689459,0.8528028654224415,2.0230629019273323,-0.2968260885977624,0.2968260885977624,2.5524978013446913,-31.3679,-64.1749,-0.2689091990105494,-0.35051440530988126,-0.3763845739082461,0.606788354126537,2.7791204582156093,0.40591511146200504,-1.0117566654304488,Cluster 1,Núcleo Consolidado (Alta Infraestructura),Muy Alta,<b>VILLA AZALAIS OESTE</b><hr>Tipología: <span style='color:#38bdf8'>Núcleo Consolidado (Alta Infraestructura)</span><br>Pob: 1121.0<br>Score Infra: <b style='color:#e2e8f0'>Muy Alta</b>
VILLA BELGRANO,0.439804185435443,0.3481413108854955,-0.22184772521275417,-0.6449229090877174,1.4242816114694665,0.035111805461298766,2.541571532834462,-0.48584923172746025,0.4533168296410579,-0.19473719256359964,1.9838828692643842,-0.28378320797232354,-1.0337319105490443,1.1692840771363797,2.5401593821423845,0.6894675412193059,-0.4167327248757193,-0.2757577768833604,-0.5638211061914526,-0.6477192617689459,0.8528028654224415,-0.49430000374546906,-0.2968260885977624,0.2968260885977624,-0.19700244578975962,-31.3593,-64.2503,1.1691463987493327,-0.9694097486959559,-0.8401179377184156,-0.49628389890110236,-0.9824878130871381,0.07699175514823685,0.35011742918165384,Cluster 3,Transición Urbana Mixta,Media,<b>VILLA BELGRANO</b><hr>Tipología: <span style='color:#38bdf8'>Transición Urbana Mixta</span><br>Pob: 5152.0<br>Score Infra: <b style='color:#e2e8f0'>Media</b>
VILLA BUSTOS,-0.14454159490873109,-0.2107126553487807,0.006819911986648839,0.8620337721174586,0.4371953094690225,1.0758257193341945,-0.31679235383650955,1.9142459730061934,-0.10144414602206994,-0.38637100357240095,-0.405951052914572,-0.28378320797232354,0.32441586554464696,0.30045426212264603,-0.44690291629477147,0.9212615298855324,2.053253593270598,-0.2757577768833604,-0.34903684572072097,-0.08807804370880999,0.8528028654224415,2.0230629019273323,-0.2968260885977624,0.2968260885977624,0.866073220940608,-31.438,-64.1118,-0.20823174762827587,0.01587643570566611,-0.25022182051871467,-0.09237672598244327,2.2151611971507297,1.4619322027851565,-1.6926937127365,Cluster 0,Vulnerabilidad y Periferia NBI,Muy Alta,<b>VILLA BUSTOS</b><hr>Tipología: <span style='color:#38bdf8'>Vulnerabilidad y Periferia NBI</span><br>Pob: 2219.0<br>Score Infra: <b style='color:#e2e8f0'>Muy Alta</b>
VILLA CABRERA,0.6958165713005176,0.778282847888649,-0.19135870691950044,-0.7052011763359244,1.029447090669289,0.7289210813765625,1.1123895894989762,-0.48584923172746025,0.3608566670305366,1.7216009175244136,4.034044964940747,-0.28378320797232354,0.32441586554464696,1.3993898357445287,1.4200110202284506,0.16606176036008477,-0.4167327248757193,-0.2757577768833604,-0.6834866227394317,-0.45538137086136043,0.8528028654224415,-0.49430000374546906,-0.2968260885977624,0.2968260885977624,-0.5352537942948766,-31.3874,-64.2108,0.28325560856813947,-0.23076837943681694,-0.03962686079593389,-0.48217360465066883,-0.6046351081736687,-0.8924665581976067,0.35011742918165384,Cluster 3,Transición Urbana Mixta,Baja,<b>VILLA CABRERA</b><hr>Tipología: <span style='color:#38bdf8'>Transición Urbana Mixta</span><br>Pob: 6437.0<br>Score Infra: <b style='color:#e2e8f0'>Baja</b>
VILLA CENTENARIO,-0.12222767489558839,-0.04074624238973411,-0.30569252551920195,-0.6466957993008999,0.04236078866884495,0.3820164434189307,-0.31679235383650955,-0.48584923172746025,-0.7486652842957191,0.9550656734892082,-0.44234446289699264,-0.28378320797232354,-1.0337319105490443,0.35101561715313595,-0.44690291629477147,0.2034478875643149,-0.4167327248757193,-0.2757577768833604,-0.8430406448034039,-0.6477192617689459,0.8528028654224415,-0.49430000374546906,-0.2968260885977624,0.2968260885977624,-0.6200850848723505,-31.3655,-64.2309,-0.10508008027841091,-0.4179197363578111,-0.2244055113710709,-0.44090099396815086,1.0872426750209703,-0.9097783137930678,0.35011742918165384,Cluster 3,Transición Urbana Mixta,Baja,<b>VILLA CENTENARIO</b><hr>Tipología: <span style='color:#38bdf8'>Transición Urbana Mixta</span><br>Pob: 2331.0<br>Score Infra: <b style='color:#e2e8f0'>Baja</b>
VILLA CLARET,-0.4870204208247335,-0.39663060868262456,-0.37429281667902287,-0.5633699592813196,-0.35247373213133265,-0.6586974704539651,0.040503131997361934,-0.48584923172746025,-0.008983983411548631,-0.003103381554798346,-0.47873787287941333,-0.28378320797232354,-1.0337319105490443,-1.2349599477828588,3.286924956751673,0.7343308938643821,-0.4167327248757193,-0.2757577768833604,2.3342322368743487,-0.6477192617689459,0.8528028654224415,-0.49430000374546906,-0.2968260885977624,0.2968260885977624,1.7036479886675644,-31.3468,-64.2385,-0.365993121222187,0.2946050806452233,0.651101256755997,2.6887622707780006,-0.8866147387061086,-1.342572203679605,-1.0117566654304488,Cluster 1,Núcleo Consolidado (Alta Infraestructura),Muy Alta,<b>VILLA CLARET</b><hr>Tipología: <span style='color:#38bdf8'>Núcleo Consolidado (Alta Infraestructura)</span><br>Pob: 500.0<br>Score Infra: <b style='color:#e2e8f0'>Muy Alta</b>
VILLA CLAUDINA,-0.4870204208247335,-0.39663060868262456,-0.35904830753239597,-0.38608093796306364,0.04236078866884495,0.3820164434189307,-0.31679235383650955,-0.48584923172746025,-0.19390430863259123,-0.38637100357240095,-0.5454591245138511,-0.28378320797232354,-1.0337319105490443,-1.2349599477828588,-0.44690291629477147,2.830571046205563,-0.4167327248757193,-0.2757577768833604,1.7205629212436866,-0.6477192617689459,0.8528028654224415,-0.49430000374546906,-0.2968260885977624,0.2968260885977624,2.350620806046399,-31.3887,-64.1226,-0.37812861149864163,1.1247779124192716,1.5603841808283443,5.3570189135349775,1.0872426750209703,-1.342572203679605,-1.0117566654304488,Cluster 1,Núcleo Consolidado (Alta Infraestructura),Muy Alta,<b>VILLA CLAUDINA</b><hr>Tipología: <span style='color:#38bdf8'>Núcleo Consolidado (Alta Infraestructura)</span><br>Pob: 500.0<br>Score Infra: <b style='color:#e2e8f0'>Muy Alta</b>
VILLA CORINA,0.33421152823039274,0.24858169682210574,0.18975402174617126,0.0890536391698624,0.8320298302692002,-0.31179283249633316,1.8269805611667191,-0.48584923172746025,0.3608566670305366,-0.38637100357240095,-0.3149675279585204,-0.28378320797232354,0.32441586554464696,1.0578427231916248,2.7529875709060314,0.36794684726292726,-0.4167327248757193,-0.2757577768833604,-0.5423426801443795,-0.3796871041170848,0.8528028654224415,-0.49430000374546906,-0.2968260885977624,0.2968260885977624,-0.3430411232395879,-31.3753,-64.1447,-0.05653811917259213,0.24986344977376482,0.14669029340972597,-0.42044106730502234,-1.0050461835297333,0.16355053312554477,0.35011742918165384,Cluster 3,Transición Urbana Mixta,Media,<b>VILLA CORINA</b><hr>Tipología: <span style='color:#38bdf8'>Transición Urbana Mixta</span><br>Pob: 4622.0<br>Score Infra: <b style='color:#e2e8f0'>Media</b>
VILLA CORNU,0.8625732771130213,0.5428601140812964,0.6928228235848579,0.42058410903500115,0.04236078866884495,0.3820164434189307,-0.31679235383650955,-0.48584923172746025,-1.0260457721272829,-0.7696386255900036,-0.46660673621860643,-0.28378320797232354,-1.0337319105490443,1.525277291126566,-0.44690291629477147,-0.4545479512301347,-0.4167327248757193,-0.2757577768833604,-1.0409489990942924,-0.6477192617689459,0.8528028654224415,-0.49430000374546906,-0.2968260885977624,-3.3689761055846037,-1.0759190450006748,-31.3152,-64.2642,0.058749038453727566,0.5412100475236596,0.202207360587753,-0.5089831637264925,1.0872426750209703,0.9252677793258502,0.35011742918165384,Cluster 3,Transición Urbana Mixta,Muy Baja,<b>VILLA CORNU</b><hr>Tipología: <span style='color:#38bdf8'>Transición Urbana Mixta</span><br>Pob: 7274.0<br>Score Infra: <b style='color:#e2e8f0'>Muy Baja</b>
VILLA CORONEL OLMEDO,0.15430554812442987,0.07201464646659131,0.09828696686641004,0.19365416174763342,0.6346125698691113,1.4227303572918264,-0.31679235383650955,1.9142459730061934,1.100537967914707,-0.003103381554798346,-0.26644298131529287,-0.28378320797232354,0.32441586554464696,0.8328962865253613,-0.44690291629477147,0.44271910167138745,1.056496365105122,-0.2757577768833604,-0.09282990644491959,-0.31391995432287817,0.8528028654224415,2.0230629019273323,-0.2968260885977624,0.2968260885977624,0.4676882993679147,-31.4808,-64.1416,-0.1293510608313203,0.28087934609439164,0.10796037400162736,-0.2747522791692964,2.7791204582156093,0.45785037824839,0.35011742918165384,Cluster 3,Transición Urbana Mixta,Alta,<b>VILLA CORONEL OLMEDO</b><hr>Tipología: <span style='color:#38bdf8'>Transición Urbana Mixta</span><br>Pob: 3719.0<br>Score Infra: <b style='color:#e2e8f0'>Alta</b>
VILLA EL LIBERTADOR,11.097888694570095,7.789259869170228,15.571463750692681,1.546369394405927,4.582957777870887,5.238681374825778,2.898867018668334,1.9142459730061934,0.9156176426936644,0.3801642404628043,0.33404828339464787,2.831525786212739,-1.0337319105490443,3.678778269670106,0.845001527779298,-0.43211627490759663,-0.3236290277393835,0.18803110015393215,-0.9857187606875327,-0.6477192617689459,0.8528028654224415,2.0230629019273323,3.368976105584603,0.2968260885977624,-0.9336387158675701,-31.4832,-64.2241,3.857157494984049,0.29880708008893125,0.004656947604620566,-0.5195658844143177,-0.15346769932176496,1.0637618240895423,-1.6926937127365,Cluster 0,Vulnerabilidad y Periferia NBI,Muy Baja,<b>VILLA EL LIBERTADOR</b><hr>Tipología: <span style='color:#38bdf8'>Vulnerabilidad y Periferia NBI</span><br>Pob: 58648.0<br>Score Infra: <b style='color:#e2e8f0'>Muy Baja</b>
VILLA ESQUIU,-0.420477123642683,-0.3834293338896889,-0.26758125265263477,0.5074557294809465,0.23977804906893374,0.7289210813765625,-0.31679235383650955,1.9142459730061934,-0.37882463385363385,-0.5780048145812022,-0.5454591245138511,-0.28378320797232354,-1.0337319105490443,-0.708709109710407,-0.44690291629477147,2.8279540173012667,3.2290985212218493,-0.2757577768833604,0.24622239044102132,-0.6477192617689459,0.8528028654224415,2.0230629019273323,-0.2968260885977624,0.2968260885977624,2.586859843097592,-31.3582,-64.1064,1.4968046362136096,-1.3126507407136638,-1.1284127864692484,-0.4423120233931942,1.65120193608585,0.7694619789666971,-1.0117566654304488,Cluster 1,Núcleo Consolidado (Alta Infraestructura),Muy Alta,<b>VILLA ESQUIU</b><hr>Tipología: <span style='color:#38bdf8'>Núcleo Consolidado (Alta Infraestructura)</span><br>Pob: 834.0<br>Score Infra: <b style='color:#e2e8f0'>Muy Alta</b>
VILLA EUCARISTICA,-0.30691520929008187,-0.3053217913648196,-0.35904830753239597,-0.6271940069558919,0.04236078866884495,-0.6586974704539651,0.7550941036651048,-0.48584923172746025,-1.0260457721272829,-0.7696386255900036,-0.49086900954022017,-0.28378320797232354,1.682563641638338,-0.1711077633658051,3.286924956751673,0.8390120500362264,-0.4167327248757193,-0.2757577768833604,-1.0409489990942924,1.1205484449620824,0.8528028654224415,-0.49430000374546906,-0.2968260885977624,-3.3689761055846037,-0.4316307621337853,-31.4821,-64.1788,2.4433728777770765,-1.3060937088648052,-1.1248829572176582,-0.5110997078640576,-1.0276045539723284,0.9772030461122344,1.0310544764877052,Cluster 4,Transición Urbana Mixta,Media,<b>VILLA EUCARISTICA</b><hr>Tipología: <span style='color:#38bdf8'>Transición Urbana Mixta</span><br>Pob: 1404.0<br>Score Infra: <b style='color:#e2e8f0'>Media</b>
VILLA GENERAL URQUIZA,0.610744751250411,0.3316397173943259,1.5846266086625296,2.1190129332638934,0.6346125698691113,0.3820164434189307,0.7550941036651048,1.9142459730061934,0.08347617919897267,-0.003103381554798346,-0.2725085496456963,-0.28378320797232354,1.682563641638338,1.3281911929464922,1.4200110202284506,-0.01339165022021964,0.49239749422026446,-0.2757577768833604,-0.7341143412789614,-0.23450301872232668,0.8528028654224415,2.0230629019273323,-0.2968260885977624,0.2968260885977624,-0.36022214411603837,-31.391,-64.2418,0.13156198011245576,-0.005010031894329429,-0.22263241321532612,-0.4574805897124103,-0.6046351081736687,1.1503206020668495,-1.6926937127365,Cluster 0,Vulnerabilidad y Periferia NBI,Media,<b>VILLA GENERAL URQUIZA</b><hr>Tipología: <span style='color:#38bdf8'>Vulnerabilidad y Periferia NBI</span><br>Pob: 6010.0<br>Score Infra: <b style='color:#e2e8f0'>Media</b>
VILLA GRAN PARQUE,-0.47088267510094284,-0.39663060868262456,-0.3209370346658288,0.057141615332576376,-0.5498909925314214,-0.6586974704539651,-0.31679235383650955,-0.48584923172746025,-1.0260457721272829,-0.7696386255900036,-0.05414808975117239,-0.28378320797232354,0.32441586554464696,-1.0812121539146329,-0.44690291629477147,-0.7611141943048213,-0.4167327248757193,-0.2757577768833604,-1.0409489990942924,1.487851772114633,-1.1726039399558572,-0.49430000374546906,-0.2968260885977624,-3.3689761055846037,-1.228937512181561,-31.3271,-64.1616,1.9700887569953431,-1.3361333227162917,-1.1395532985739585,-0.5223879432644044,-0.6046351081736687,-0.6501019798611456,1.0310544764877052,Cluster 4,Transición Urbana Mixta,Muy Baja,<b>VILLA GRAN PARQUE</b><hr>Tipología: <span style='color:#38bdf8'>Transición Urbana Mixta</span><br>Pob: 581.0<br>Score Infra: <b style='color:#e2e8f0'>Muy Baja</b>
VILLA LA MERCED,-0.322654492156495,-0.35262635937283904,0.06017569399984288,2.945179772606967,0.04236078866884495,0.3820164434189307,-0.31679235383650955,1.9142459730061934,-0.47128479646415516,-0.5780048145812022,-0.5454591245138511,-0.28378320797232354,-1.0337319105490443,-0.23095589789169152,-0.44690291629477147,0.9287387553263784,3.2290985212218493,-0.2757577768833604,-0.3459684991425676,-0.6477192617689459,0.8528028654224415,2.0230629019273323,-0.2968260885977624,0.2968260885977624,1.2564045389774652,-31.4083,-64.0642,-0.1293510608313203,-0.7790844775436544,-0.8279954020197544,-0.15940062367200247,1.0872426750209703,2.517949294108308,-1.6926937127365,Cluster 0,Vulnerabilidad y Periferia NBI,Muy Alta,<b>VILLA LA MERCED</b><hr>Tipología: <span style='color:#38bdf8'>Vulnerabilidad y Periferia NBI</span><br>Pob: 1325.0<br>Score Infra: <b style='color:#e2e8f0'>Muy Alta</b>
VILLA MAFEKIN,-0.20351409780060817,-0.20851244288329143,-0.0694026337464855,0.521638851186407,0.04236078866884495,0.3820164434189307,-0.31679235383650955,-0.48584923172746025,0.2683965044200153,-0.19473719256359964,-0.5454591245138511,-0.28378320797232354,0.32441586554464696,0.15289765458468446,-0.44690291629477147,0.4053329744671573,-0.4167327248757193,-0.2757577768833604,0.07592915535351255,-0.002456660014465421,0.8528028654224415,-0.49430000374546906,-0.2968260885977624,0.2968260885977624,0.07628316752627935,-31.4022,-64.2569,-0.1657575316606844,-0.38332546592580474,-0.40926054155907055,-0.3026201103139025,1.0872426750209703,0.4751621338438511,0.35011742918165384,Cluster 3,Transición Urbana Mixta,Alta,<b>VILLA MAFEKIN</b><hr>Tipología: <span style='color:#38bdf8'>Transición Urbana Mixta</span><br>Pob: 1923.0<br>Score Infra: <b style='color:#e2e8f0'>Alta</b>
VILLA MARTA,-0.39119010362543327,-0.31962317239049987,-0.3895373258256497,-0.8133474793400607,-0.5498909925314214,-0.6586974704539651,-0.31679235383650955,-0.48584923172746025,-0.28636447124311254,-0.19473719256359964,-0.3695576429321514,-0.28378320797232354,-1.0337319105490443,-0.5405152144048988,-0.44690291629477147,-0.7611141943048213,-0.4167327248757193,-0.2757577768833604,0.20940223150318155,-0.6477192617689459,-1.1726039399558572,-0.49430000374546906,-0.2968260885977624,0.2968260885977624,-0.4187449964764474,-31.3608,-64.2282,-0.31745116011636815,0.030373234165798527,0.1574925529431865,-0.14211551321522137,-0.6046351081736687,-0.6674137354566068,1.0310544764877052,Cluster 4,Transición Urbana Mixta,Media,<b>VILLA MARTA</b><hr>Tipología: <span style='color:#38bdf8'>Transición Urbana Mixta</span><br>Pob: 981.0<br>Score Infra: <b style='color:#e2e8f0'>Media</b>
VILLA MARTINEZ,0.10987693952683328,-0.052297357833552806,0.8833791879176938,2.7093853742536864,0.04236078866884495,0.3820164434189307,-0.31679235383650955,-0.48584923172746025,-0.19390430863259123,-0.38637100357240095,-0.5211968511922374,-0.28378320797232354,0.32441586554464696,0.7699525588343428,-0.44690291629477147,-0.11807280639206388,-0.4167327248757193,-0.2757577768833604,-0.6466664638015921,-0.2928248308039817,0.8528028654224415,-0.49430000374546906,-0.2968260885977624,0.2968260885977624,-0.652836405918084,-31.4161,-64.2507,-0.17789302193713913,0.5168229099271754,0.05048471532233144,-0.42008830994876145,1.0872426750209703,1.6523615143352335,-1.6926937127365,Cluster 0,Vulnerabilidad y Periferia NBI,Baja,<b>VILLA MARTINEZ</b><hr>Tipología: <span style='color:#38bdf8'>Vulnerabilidad y Periferia NBI</span><br>Pob: 3496.0<br>Score Infra: <b style='color:#e2e8f0'>Baja</b>
VILLA PAEZ,0.38182783968700973,0.27883461822258326,0.395554895225634,0.38512630477134996,0.8320298302692002,0.7289210813765625,0.7550941036651048,1.9142459730061934,0.08347617919897267,-0.003103381554798346,0.3037204417426307,-0.28378320797232354,0.32441586554464696,1.1094359426104932,1.154909241242153,0.31560626917700507,0.7114650168939957,-0.2757577768833604,-0.6620081966923587,-0.39209600030467096,0.8528028654224415,2.0230629019273323,-0.2968260885977624,0.2968260885977624,-0.07780911345938507,-31.3959,-64.206,-0.05653811917259213,0.33340533534734224,0.19933221373212995,-0.3897511773103295,-0.4636452929074488,0.2154857999119289,0.35011742918165384,Cluster 3,Transición Urbana Mixta,Media,<b>VILLA PAEZ</b><hr>Tipología: <span style='color:#38bdf8'>Transición Urbana Mixta</span><br>Pob: 4861.0<br>Score Infra: <b style='color:#e2e8f0'>Media</b>
VILLA QUISQUIZACATE,-0.2923713149958014,-0.27506886996434204,-0.30569252551920195,-0.37012492604442065,-0.35247373213133265,-0.31179283249633316,-0.31679235383650955,-0.48584923172746025,-0.47128479646415516,-0.38637100357240095,0.37650726170747195,-0.28378320797232354,0.32441586554464696,-0.11951454394693753,-0.44690291629477147,-0.2526628643272921,-0.4167327248757193,-0.2757577768833604,-0.41807464372917047,0.19236301013063728,0.8528028654224415,-0.49430000374546906,-0.2968260885977624,0.2968260885977624,-0.5717634636573338,-31.3332,-64.2818,0.10122325442131899,-1.0111846763091492,-0.8907303426133208,-0.47053261189406126,-0.04067584710878904,0.40591511146200504,1.0310544764877052,Cluster 4,Transición Urbana Mixta,Baja,<b>VILLA QUISQUIZACATE</b><hr>Tipología: <span style='color:#38bdf8'>Transición Urbana Mixta</span><br>Pob: 1477.0<br>Score Infra: <b style='color:#e2e8f0'>Baja</b>
VILLA RETIRO,-0.4053355350623362,-0.36472752793303004,-0.28282576179926167,0.18124393025535562,0.6346125698691113,0.3820164434189307,0.7550941036651048,-0.48584923172746025,-0.7486652842957191,-0.38637100357240095,-0.22398400300246876,-0.28378320797232354,0.32441586554464696,-0.6179050435331997,1.4200110202284506,2.830571046205563,-0.4167327248757193,-0.2757577768833604,-0.5346718136989963,0.7160184292467734,0.8528028654224415,-0.49430000374546906,-0.2968260885977624,0.2968260885977624,0.888623310840949,-31.3363,-64.1459,1.2480270855462885,-1.2990804143926136,-1.1157119479874829,-0.47123812660658293,-0.6046351081736687,0.4405386226529281,-1.0117566654304488,Cluster 1,Núcleo Consolidado (Alta Infraestructura),Muy Alta,<b>VILLA RETIRO</b><hr>Tipología: <span style='color:#38bdf8'>Núcleo Consolidado (Alta Infraestructura)</span><br>Pob: 910.0<br>Score Infra: <b style='color:#e2e8f0'>Muy Alta</b>
VILLA REVOL,0.27543825676720446,0.23097999709819153,0.03730893027990258,-0.15028653960978314,-0.15505647173124384,0.035111805461298766,-0.31679235383650955,-0.48584923172746025,-0.10144414602206994,-0.003103381554798346,1.2620802379463745,-0.28378320797232354,0.32441586554464696,0.9897396735587185,-0.44690291629477147,-0.41716182402590457,-0.4167327248757193,-0.2757577768833604,-0.6865549693175851,-0.36107375983570555,0.8528028654224415,-0.49430000374546906,-0.2968260885977624,0.2968260885977624,-0.8278680560969224,-31.4436,-64.1727,-0.11721557055486562,0.4685527152743953,0.3891519187562149,-0.4662995236189312,0.5232834139560907,-0.07881404521091631,0.35011742918165384,Cluster 3,Transición Urbana Mixta,Muy Baja,<b>VILLA REVOL</b><hr>Tipología: <span style='color:#38bdf8'>Transición Urbana Mixta</span><br>Pob: 4327.0<br>Score Infra: <b style='color:#e2e8f0'>Muy Baja</b>
VILLA REVOL ANEXO,-0.4121094036377545,-0.36472752793303004,-0.16849194319956015,1.2130660343276054,-0.35247373213133265,-0.31179283249633316,-0.31679235383650955,-0.48584923172746025,-0.47128479646415516,0.18853042945400297,-0.4484100312273961,2.831525786212739,-1.0337319105490443,-0.6571158902915395,-0.44690291629477147,0.09128950595162452,-0.4167327248757193,3.976094957602642,0.009959703923216283,-0.6477192617689459,0.8528028654224415,-0.49430000374546906,3.368976105584603,0.2968260885977624,0.47359427529419446,-31.4371,-64.17,-0.28711243442523143,-0.44713050631712964,-0.4266369034853692,0.06636408433493365,-0.04067584710878904,0.2154857999119289,-1.6926937127365,Cluster 0,Vulnerabilidad y Periferia NBI,Alta,<b>VILLA REVOL ANEXO</b><hr>Tipología: <span style='color:#38bdf8'>Vulnerabilidad y Periferia NBI</span><br>Pob: 876.0<br>Score Infra: <b style='color:#e2e8f0'>Alta</b>
VILLA RIVADAVIA,-0.4121094036377545,-0.38232922765694427,-0.03129136087991833,2.9256779802619586,0.4371953094690225,1.0758257193341945,-0.31679235383650955,1.9142459730061934,1.100537967914707,-0.5780048145812022,-0.5454591245138511,-0.28378320797232354,0.32441586554464696,-0.6571158902915395,-0.44690291629477147,2.830571046205563,3.2290985212218493,-0.2757577768833604,2.6410668946896796,0.7693766828533939,0.8528028654224415,2.0230629019273323,-0.2968260885977624,0.2968260885977624,4.1401315117091855,-31.5131,-64.1946,-0.29318017956345876,-0.3960968345527219,-0.48246494480148067,1.4375319281208094,2.2151611971507297,1.0464500684940803,-1.0117566654304488,Cluster 1,Núcleo Consolidado (Alta Infraestructura),Muy Alta,<b>VILLA RIVADAVIA</b><hr>Tipología: <span style='color:#38bdf8'>Núcleo Consolidado (Alta Infraestructura)</span><br>Pob: 876.0<br>Score Infra: <b style='color:#e2e8f0'>Muy Alta</b>
VILLA RIVERA INDARTE,0.30452604535576544,0.15727287950430077,0.06779794857315631,-0.0066824323419958425,2.016533392669733,1.0758257193341945,2.541571532834462,1.9142459730061934,0.8231574800831432,-0.38637100357240095,0.18847464346496529,-0.28378320797232354,0.32441586554464696,1.0237911983751726,1.8494012256287917,1.4147584089813696,0.8100454020971747,-0.2757577768833604,-0.35517353887702763,-0.36975998716701586,0.8528028654224415,2.0230629019273323,-0.2968260885977624,0.2968260885977624,0.701242801907162,-31.3254,-64.2939,0.8232849258703738,-0.9245465806191553,-0.8414709480034147,-0.4595971338499753,-0.7907416643250791,0.7521502233712352,0.35011742918165384,Cluster 3,Transición Urbana Mixta,Muy Alta,<b>VILLA RIVERA INDARTE</b><hr>Tipología: <span style='color:#38bdf8'>Transición Urbana Mixta</span><br>Pob: 4473.0<br>Score Infra: <b style='color:#e2e8f0'>Muy Alta</b>
VILLA SAN CARLOS,-0.4856258008239121,-0.39663060868262456,-0.29044801637257506,0.4117196579690884,1.2268643510693777,1.4227303572918264,0.7550941036651048,-0.48584923172746025,-0.28636447124311254,-0.003103381554798346,-0.5211968511922374,-0.28378320797232354,0.32441586554464696,-1.2215457107339525,0.7964617654296945,2.830571046205563,-0.4167327248757193,-0.2757577768833604,1.3799764510686694,1.7993150664230453,0.8528028654224415,-0.49430000374546906,-0.2968260885977624,0.2968260885977624,2.12995206916449,-31.4621,-64.17,-0.28711243442523143,-0.8340790667542884,-0.5931771936461837,0.6392420309025341,-0.18166566237500897,-1.273325181297759,-1.0117566654304488,Cluster 1,Núcleo Consolidado (Alta Infraestructura),Muy Alta,<b>VILLA SAN CARLOS</b><hr>Tipología: <span style='color:#38bdf8'>Núcleo Consolidado (Alta Infraestructura)</span><br>Pob: 507.0<br>Score Infra: <b style='color:#e2e8f0'>Muy Alta</b>
VILLA SAN ISIDRO,-0.4184848093557953,-0.368027846631264,-0.3514260529590825,-0.42508452265308,-0.5498909925314214,-0.6586974704539651,-0.31679235383650955,-0.48584923172746025,-0.19390430863259123,-0.19473719256359964,-0.38775434792336166,-0.28378320797232354,-1.0337319105490443,-0.6963267370498792,-0.44690291629477147,-0.7611141943048213,-0.4167327248757193,-0.2757577768833604,0.5944797270614219,-0.6477192617689459,-1.1726039399558572,-0.49430000374546906,-0.2968260885977624,0.2968260885977624,-0.16908328686552784,-31.4576,-64.1881,-0.32958665039282287,0.03559136434269326,-0.021764942759292888,0.05789790778467355,-0.6046351081736687,0.12892702193462174,1.0310544764877052,Cluster 4,Transición Urbana Mixta,Media,<b>VILLA SAN ISIDRO</b><hr>Tipología: <span style='color:#38bdf8'>Transición Urbana Mixta</span><br>Pob: 844.0<br>Score Infra: <b style='color:#e2e8f0'>Media</b>
VILLA SERRANA,-0.36967310932704567,-0.3553766249547006,-0.016046851733291463,2.3707633435358173,-0.15505647173124384,-0.31179283249633316,0.040503131997361934,-0.48584923172746025,-0.47128479646415516,-0.5780048145812022,-0.5393935561834478,-0.28378320797232354,1.682563641638338,-0.4332013180136538,1.4200110202284506,0.6146952868108458,-0.4167327248757193,-0.2757577768833604,-0.19561951681305548,1.6317949678906323,0.8528028654224415,-0.49430000374546906,-0.2968260885977624,0.2968260885977624,0.0043376426061432355,-31.3302,-64.2789,-0.29318017956345876,-0.16032860308174277,-0.333950243276299,-0.07226955667557554,-0.6046351081736687,1.1849441132577725,-1.6926937127365,Cluster 0,Vulnerabilidad y Periferia NBI,Alta,<b>VILLA SERRANA</b><hr>Tipología: <span style='color:#38bdf8'>Vulnerabilidad y Periferia NBI</span><br>Pob: 1089.0<br>Score Infra: <b style='color:#e2e8f0'>Alta</b>
VILLA SIBURU,-0.3210606407269848,-0.3058718444811919,-0.07702488831979894,1.170516669211224,0.23977804906893374,0.7289210813765625,-0.31679235383650955,1.9142459730061934,-0.28636447124311254,-0.003103381554798346,0.061097708526493,-0.28378320797232354,0.32441586554464696,-0.22476471156142808,-0.44690291629477147,1.4820534379489838,3.2290985212218493,-0.2757577768833604,-0.12044502564829934,0.2829479523000163,0.8528028654224415,2.0230629019273323,-0.2968260885977624,0.2968260885977624,1.6784133642552779,-31.3957,-64.2305,-0.11721557055486562,-0.8006563352852505,-0.7437705117785616,-0.11601146885191944,1.65120193608585,0.6482796897984662,-1.0117566654304488,Cluster 1,Núcleo Consolidado (Alta Infraestructura),Muy Alta,<b>VILLA SIBURU</b><hr>Tipología: <span style='color:#38bdf8'>Núcleo Consolidado (Alta Infraestructura)</span><br>Pob: 1333.0<br>Score Infra: <b style='color:#e2e8f0'>Muy Alta</b>
VILLA SILVANO FUNES,-0.40234706363200456,-0.3559266780710729,-0.29044801637257506,0.05182294469302865,-0.5498909925314214,-0.6586974704539651,-0.31679235383650955,-0.48584923172746025,1.0080778053041857,0.5717980514716056,-0.3756232112625548,-0.28378320797232354,0.32441586554464696,-0.601395213319162,-0.44690291629477147,-0.7611141943048213,-0.4167327248757193,-0.2757577768833604,2.6073150823299933,0.6936824161091184,-1.1726039399558572,-0.49430000374546906,-0.2968260885977624,0.2968260885977624,1.1356004859399236,-31.3404,-64.2512,-0.27497694414877677,-0.4881283927814154,-0.4556229665668214,0.21734423281457216,-0.6046351081736687,0.18086228872100588,-1.0117566654304488,Cluster 1,Núcleo Consolidado (Alta Infraestructura),Muy Alta,<b>VILLA SILVANO FUNES</b><hr>Tipología: <span style='color:#38bdf8'>Núcleo Consolidado (Alta Infraestructura)</span><br>Pob: 925.0<br>Score Infra: <b style='color:#e2e8f0'>Muy Alta</b>
VILLA SOLFERINO,-0.4543464665197746,-0.39663060868262456,-0.3666705621057094,-0.4747254486221917,-0.5498909925314214,-0.6586974704539651,-0.31679235383650955,-0.48584923172746025,-0.37882463385363385,-0.19473719256359964,-0.47873787287941333,-0.28378320797232354,0.32441586554464696,-0.9429423258720669,-0.44690291629477147,-0.7611141943048213,-0.4167327248757193,-0.2757577768833604,0.5760696475925019,1.2210605040815303,-1.1726039399558572,-0.49430000374546906,-0.2968260885977624,0.2968260885977624,-0.18089523871808735,-31.3418,-64.2755,-0.32351890525459553,-0.3480756915502329,-0.32812356995219005,0.007453605839373757,-0.6046351081736687,0.07699175514823685,1.0310544764877052,Cluster 4,Transición Urbana Mixta,Media,<b>VILLA SOLFERINO</b><hr>Tipología: <span style='color:#38bdf8'>Transición Urbana Mixta</span><br>Pob: 664.0<br>Score Infra: <b style='color:#e2e8f0'>Media</b>
VILLA UNION,0.37804244254192304,0.17102420741360874,1.2111361345701714,2.1331960549693543,0.23977804906893374,0.7289210813765625,-0.31679235383650955,1.9142459730061934,0.4533168296410579,-0.38637100357240095,-0.4969345778706236,-0.28378320797232354,0.32441586554464696,1.1053084850569823,-0.44690291629477147,-0.14050448271460195,0.7169417049608388,-0.2757577768833604,-0.5346718136989963,-0.3908551106859124,0.8528028654224415,2.0230629019273323,-0.2968260885977624,0.2968260885977624,-0.22062634949487897,-31.425,-64.2652,0.1558329606653652,-0.31712355245208046,-0.4368717716089913,-0.4504254425871935,1.65120193608585,1.1330088464713883,-1.6926937127365,Cluster 0,Vulnerabilidad y Periferia NBI,Media,<b>VILLA UNION</b><hr>Tipología: <span style='color:#38bdf8'>Vulnerabilidad y Periferia NBI</span><br>Pob: 4842.0<br>Score Infra: <b style='color:#e2e8f0'>Media</b>
VILLA WARCALDE,-0.46231572366732554,-0.39663060868262456,-0.25233674350600793,0.8549422112647285,0.04236078866884495,-0.6586974704539651,0.7550941036651048,-0.48584923172746025,-0.5637449590746765,-0.5780048145812022,-0.4848034412098168,-0.28378320797232354,-1.0337319105490443,-1.0069179179514633,3.286924956751673,2.830571046205563,-0.4167327248757193,-0.2757577768833604,0.1879238054561083,-0.6477192617689459,0.8528028654224415,-0.49430000374546906,-0.2968260885977624,0.2968260885977624,1.3573430366266113,-31.3437,-64.295,0.3075265891210489,-1.2594772171699569,-1.074199628396523,-0.3770519124849393,-1.0276045539723284,-0.2692433567609925,-1.0117566654304488,Cluster 1,Núcleo Consolidado (Alta Infraestructura),Muy Alta,<b>VILLA WARCALDE</b><hr>Tipología: <span style='color:#38bdf8'>Núcleo Consolidado (Alta Infraestructura)</span><br>Pob: 624.0<br>Score Infra: <b style='color:#e2e8f0'>Muy Alta</b>
VIVERO NORTE,-0.2736435606990566,-0.26351775452052334,-0.2752035072259482,-0.235385269842546,-0.15505647173124384,0.035111805461298766,-0.31679235383650955,1.9142459730061934,-0.28636447124311254,-0.38637100357240095,0.37650726170747195,-0.28378320797232354,-1.0337319105490443,-0.05553895186754122,-0.44690291629477147,0.18849343668262283,3.0719175737034474,-0.2757577768833604,-0.26005479495427497,-0.6477192617689459,0.8528028654224415,2.0230629019273323,-0.2968260885977624,0.2968260885977624,0.8918447522552837,-31.3823,-64.1447,-0.27497694414877677,0.12477576410526131,-0.019168035921955817,0.14114864386223122,0.5232834139560907,0.4751621338438511,-1.0117566654304488,Cluster 1,Núcleo Consolidado (Alta Infraestructura),Muy Alta,<b>VIVERO NORTE</b><hr>Tipología: <span style='color:#38bdf8'>Núcleo Consolidado (Alta Infraestructura)</span><br>Pob: 1571.0<br>Score Infra: <b style='color:#e2e8f0'>Muy Alta</b>
YAPEYU,4.417858122064192,3.463642162018311,2.842298613259246,0.12805722385987883,1.029447090669289,2.1165396332070903,-0.31679235383650955,1.9142459730061934,-0.47128479646415516,-0.38637100357240095,-0.3634920746017479,-0.28378320797232354,0.32441586554464696,2.80375726832611,-0.44690291629477147,-0.5218429801977488,-0.19766520220198822,-0.2757577768833604,-1.0041288401564525,-0.5980836770186012,0.8528028654224415,2.0230629019273323,-0.2968260885977624,0.2968260885977624,-1.0141747512259311,-31.4104,-64.1462,0.1133587446977737,4.522193087110678,3.465379016613989,-0.505808347520145,3.907038980345369,0.35397984467562094,-0.3308196181243975,Cluster 2,Anillos Densos Poblacionales,Muy Baja,<b>YAPEYU</b><hr>Tipología: <span style='color:#38bdf8'>Anillos Densos Poblacionales</span><br>Pob: 25119.0<br>Score Infra: <b style='color:#e2e8f0'>Muy Baja</b>
YOFRE H,0.12621391667931275,0.05221273427718782,0.03730893027990258,0.09437230980941014,-0.15505647173124384,0.035111805461298766,-0.31679235383650955,-0.48584923172746025,-1.0260457721272829,-0.7696386255900036,1.0740476197038678,-0.28378320797232354,-1.0337319105490443,0.7936854397670215,-0.44690291629477147,-0.3423895696174443,-0.4167327248757193,-0.2757577768833604,-1.0409489990942924,-0.6477192617689459,0.8528028654224415,-0.49430000374546906,-0.2968260885977624,-3.3689761055846037,-1.020080727152211,-31.3823,-64.1256,0.3621362953650951,-0.7999569982512337,-0.7275398440452057,-0.5114524652203184,0.5232834139560907,0.423226867057467,0.35011742918165384,Cluster 3,Transición Urbana Mixta,Muy Baja,<b>YOFRE H</b><hr>Tipología: <span style='color:#38bdf8'>Transición Urbana Mixta</span><br>Pob: 3578.0<br>Score Infra: <b style='color:#e2e8f0'>Muy Baja</b>
YOFRE I,0.4617196425912081,0.36354279814392043,0.09828696686641004,-0.17865278302070414,-0.5498909925314214,-0.6586974704539651,-0.31679235383650955,1.9142459730061934,0.3608566670305366,-0.38637100357240095,-0.2785741179760997,-0.28378320797232354,0.32441586554464696,1.190953229292303,-0.44690291629477147,-0.7611141943048213,0.6238380078245032,-0.2757577768833604,-0.6037096117074456,-0.41195023420480886,-1.1726039399558572,2.0230629019273323,-0.2968260885977624,0.2968260885977624,-0.6050516916054564,-31.39,-64.1277,-0.23250272818118525,2.3785756468589168,1.9150038119772976,-0.37599364041615674,-0.6046351081736687,0.09430351074369873,-0.3308196181243975,Cluster 2,Anillos Densos Poblacionales,Baja,<b>YOFRE I</b><hr>Tipología: <span style='color:#38bdf8'>Anillos Densos Poblacionales</span><br>Pob: 5262.0<br>Score Infra: <b style='color:#e2e8f0'>Baja</b>
YOFRE NORTE,0.795033822787527,0.6924745617345672,0.052553439426529444,-0.43040319329262766,1.2268643510693777,0.7289210813765625,1.4696850753328476,-0.48584923172746025,0.6382371548621005,-0.003103381554798346,-0.26644298131529287,-0.28378320797232354,0.32441586554464696,1.4757478004844529,1.6291053811190517,0.2109251130051609,-0.4167327248757193,-0.2757577768833604,-0.642063943934362,-0.4690311566677052,0.8528028654224415,-0.49430000374546906,-0.2968260885977624,0.2968260885977624,-0.4858583592750818,-31.384,-64.1341,0.046613548177272854,0.5014753510296496,0.43975886796448693,-0.45642231764362773,-0.7005081825546983,-0.16537282318822347,0.35011742918165384,Cluster 3,Transición Urbana Mixta,Baja,<b>YOFRE NORTE</b><hr>Tipología: <span style='color:#38bdf8'>Transición Urbana Mixta</span><br>Pob: 6935.0<br>Score Infra: <b style='color:#e2e8f0'>Baja</b>
YOFRE SUD,0.4346241682895348,0.34209072660539996,0.014442166559962272,-0.2867990860248403,0.04236078866884495,0.3820164434189307,-0.31679235383650955,-0.48584923172746025,0.08347617919897267,-0.19473719256359964,1.4015883095456536,-0.28378320797232354,0.32441586554464696,1.164124755194492,-0.44690291629477147,-0.31995789329490637,-0.4167327248757193,-0.2757577768833604,-0.6819524494503552,-0.40574578611101575,0.8528028654224415,-0.49430000374546906,-0.2968260885977624,0.2968260885977624,-0.7763249934675712,-31.3923,-64.1355,-0.12328331569309295,0.8545030766971884,0.6625691100586908,-0.45783334706867107,1.0872426750209703,0.07699175514823685,0.35011742918165384,Cluster 3,Transición Urbana Mixta,Baja,<b>YOFRE SUD</b><hr>Tipología: <span style='color:#38bdf8'>Transición Urbana Mixta</span><br>Pob: 5126.0<br>Score Infra: <b style='color:#e2e8f0'>Baja</b>
ZEPA,-0.3752515893303313,-0.366377687282147,-0.13038067033299297,1.585372979095943,0.23977804906893374,0.7289210813765625,-0.31679235383650955,1.9142459730061934,-0.5637449590746765,-0.19473719256359964,-0.4848034412098168,2.831525786212739,1.682563641638338,-0.46002979211146483,-0.44690291629477147,2.0577997968941273,3.2290985212218493,3.976094957602642,-0.31835337993918783,1.691357669591046,0.8528028654224415,2.0230629019273323,3.368976105584603,0.2968260885977624,2.433841375916706,-31.3894,-64.1064,-0.2385704733194126,-0.5827939212635855,-0.6522022673292688,0.36902989600673236,1.65120193608585,1.5311792251670024,-1.0117566654304488,Cluster 1,Núcleo Consolidado (Alta Infraestructura),Muy Alta,<b>ZEPA</b><hr>Tipología: <span style='color:#38bdf8'>Núcleo Consolidado (Alta Infraestructura)</span><br>Pob: 1061.0<br>Score Infra: <b style='color:#e2e8f0'>Muy Alta</b>
