{
"type": "FeatureCollection",
"name": "dataset_gis_v12",
"crs": { "type": "name", "properties": { "name": "urn:ogc:def:crs:OGC:1.3:CRS84" } },
"features": [
{ "type": "Feature", "properties": { "barrio": "1 DE MAYO", "poblacion": 19996.0, "hogares": 5576.0, "nbi": 342.0, "pct_nbi": 6.13, "escuelas_total": 7, "escuelas_estatales": 5, "escuelas_privadas": 2, "dispensarios_municipales": 0, "paradas_colectivo": 16, "lineas_colectivo": 3, "luminarias_reportes": 38, "comisarias": 0, "centros_vecinales": 2, "hogares_por_poblacion": 0.279, "poblacion_log": 9.903, "pct_escuelas_privadas": 0.286, "escuelas_por_1000_hab": 0.35, "dispensarios_por_10000_hab": 0.0, "comisarias_por_10000_hab": 0.0, "paradas_por_1000_hab": 0.8, "centros_vecinales_por_10000_hab": 1.0, "tiene_escuela": 1, "tiene_dispensario": 0, "tiene_comisaria": 0, "tiene_transporte": 1, "infraestructura_score": 0.0391, "area_barrio_km2": 1.13, "densidad_poblacional": 17695.58, "densidad_hogares": 4934.51, "infraestructura_por_km2": 0.035, "educacion_ratio_publico_privado": 2.0, "cluster_barrio": 4, "cluster_descripcion": "Tipo E (Infr 0.11 - NBI 5.5%)", "categoria_infraestructura": "Muy Baja", "tooltip_barrio": "<b>1 DE MAYO</b><br>Pob: 19996.0<br>Score: 0.04 (Muy Baja)", "servicios_basicos_score": 0.67, "infraestructura_por_habitante": 0.0196, "ranking_infraestructura": 445, "percentil_infraestructura": 10.1 }, "geometry": { "type": "Point", "coordinates": [ -64.117694942404498, -31.435959219356199 ] } },
{ "type": "Feature", "properties": { "barrio": "2 DE SEPTIEMBRE", "poblacion": 2624.0, "hogares": 588.0, "nbi": 126.0, "pct_nbi": 21.43, "escuelas_total": 1, "escuelas_estatales": 1, "escuelas_privadas": 0, "dispensarios_municipales": 1, "paradas_colectivo": 11, "lineas_colectivo": 3, "luminarias_reportes": 0, "comisarias": 0, "centros_vecinales": 1, "hogares_por_poblacion": 0.224, "poblacion_log": 7.873, "pct_escuelas_privadas": 0.0, "escuelas_por_1000_hab": 0.38, "dispensarios_por_10000_hab": 3.81, "comisarias_por_10000_hab": 0.0, "paradas_por_1000_hab": 4.19, "centros_vecinales_por_10000_hab": 3.81, "tiene_escuela": 1, "tiene_dispensario": 1, "tiene_comisaria": 0, "tiene_transporte": 1, "infraestructura_score": 0.2311, "area_barrio_km2": 0.24, "densidad_poblacional": 10933.33, "densidad_hogares": 2450.0, "infraestructura_por_km2": 0.963, "educacion_ratio_publico_privado": 2.0, "cluster_barrio": 2, "cluster_descripcion": "Tipo C (Infr 0.16 - NBI 14.4%)", "categoria_infraestructura": "Alta", "tooltip_barrio": "<b>2 DE SEPTIEMBRE</b><br>Pob: 2624.0<br>Score: 0.23 (Alta)", "servicios_basicos_score": 1.0, "infraestructura_por_habitante": 0.8807, "ranking_infraestructura": 188, "percentil_infraestructura": 62.1 }, "geometry": { "type": "Point", "coordinates": [ -64.241927756780498, -31.333631355996499 ] } },
{ "type": "Feature", "properties": { "barrio": "20 DE JUNIO", "poblacion": 661.0, "hogares": 200.0, "nbi": 28.0, "pct_nbi": 14.0, "escuelas_total": 0, "escuelas_estatales": 0, "escuelas_privadas": 0, "dispensarios_municipales": 1, "paradas_colectivo": 16, "lineas_colectivo": 5, "luminarias_reportes": 5, "comisarias": 0, "centros_vecinales": 0, "hogares_por_poblacion": 0.303, "poblacion_log": 6.495, "pct_escuelas_privadas": 0.0, "escuelas_por_1000_hab": 0.0, "dispensarios_por_10000_hab": 6.657, "comisarias_por_10000_hab": 0.0, "paradas_por_1000_hab": 24.0, "centros_vecinales_por_10000_hab": 0.0, "tiene_escuela": 0, "tiene_dispensario": 1, "tiene_comisaria": 0, "tiene_transporte": 1, "infraestructura_score": 0.6667, "area_barrio_km2": 0.04, "densidad_poblacional": 16525.0, "densidad_hogares": 5000.0, "infraestructura_por_km2": 16.667, "educacion_ratio_publico_privado": 1.0, "cluster_barrio": 3, "cluster_descripcion": "Tipo D (Infr 0.40 - NBI 2.8%)", "categoria_infraestructura": "Muy Alta", "tooltip_barrio": "<b>20 DE JUNIO</b><br>Pob: 661.0<br>Score: 0.67 (Muy Alta)", "servicios_basicos_score": 0.67, "infraestructura_por_habitante": 10.0862, "ranking_infraestructura": 20, "percentil_infraestructura": 95.9 }, "geometry": { "type": "Point", "coordinates": [ -64.163794098630902, -31.38667683145 ] } },
{ "type": "Feature", "properties": { "barrio": "23 DE ABRIL", "poblacion": 1879.0, "hogares": 424.0, "nbi": 69.0, "pct_nbi": 16.27, "escuelas_total": 0, "escuelas_estatales": 0, "escuelas_privadas": 0, "dispensarios_municipales": 0, "paradas_colectivo": 3, "lineas_colectivo": 1, "luminarias_reportes": 30, "comisarias": 0, "centros_vecinales": 1, "hogares_por_poblacion": 0.226, "poblacion_log": 7.539, "pct_escuelas_privadas": 0.0, "escuelas_por_1000_hab": 0.0, "dispensarios_por_10000_hab": 0.0, "comisarias_por_10000_hab": 0.0, "paradas_por_1000_hab": 1.6, "centros_vecinales_por_10000_hab": 5.32, "tiene_escuela": 0, "tiene_dispensario": 0, "tiene_comisaria": 0, "tiene_transporte": 1, "infraestructura_score": 0.0296, "area_barrio_km2": 0.18, "densidad_poblacional": 10438.89, "densidad_hogares": 2355.56, "infraestructura_por_km2": 0.164, "educacion_ratio_publico_privado": 1.0, "cluster_barrio": 2, "cluster_descripcion": "Tipo C (Infr 0.16 - NBI 14.4%)", "categoria_infraestructura": "Muy Baja", "tooltip_barrio": "<b>23 DE ABRIL</b><br>Pob: 1879.0<br>Score: 0.03 (Muy Baja)", "servicios_basicos_score": 0.33, "infraestructura_por_habitante": 0.1575, "ranking_infraestructura": 455, "percentil_infraestructura": 8.1 }, "geometry": { "type": "Point", "coordinates": [ -64.127962082695603, -31.457686116578799 ] } },
{ "type": "Feature", "properties": { "barrio": "25 DE MAYO", "poblacion": 500.0, "hogares": 200.0, "nbi": 31.0, "pct_nbi": 15.5, "escuelas_total": 5, "escuelas_estatales": 5, "escuelas_privadas": 0, "dispensarios_municipales": 0, "paradas_colectivo": 12, "lineas_colectivo": 1, "luminarias_reportes": 4, "comisarias": 0, "centros_vecinales": 4, "hogares_por_poblacion": 0.4, "poblacion_log": 6.217, "pct_escuelas_privadas": 0.0, "escuelas_por_1000_hab": 4.8035, "dispensarios_por_10000_hab": 0.0, "comisarias_por_10000_hab": 0.0, "paradas_por_1000_hab": 24.0, "centros_vecinales_por_10000_hab": 80.0, "tiene_escuela": 1, "tiene_dispensario": 0, "tiene_comisaria": 0, "tiene_transporte": 1, "infraestructura_score": 0.7778, "area_barrio_km2": 0.18, "densidad_poblacional": 2777.78, "densidad_hogares": 1111.11, "infraestructura_por_km2": 4.321, "educacion_ratio_publico_privado": 6.0, "cluster_barrio": 0, "cluster_descripcion": "Tipo A (Infr 0.57 - NBI 4.5%)", "categoria_infraestructura": "Muy Alta", "tooltip_barrio": "<b>25 DE MAYO</b><br>Pob: 500.0<br>Score: 0.78 (Muy Alta)", "servicios_basicos_score": 0.67, "infraestructura_por_habitante": 15.556, "ranking_infraestructura": 6, "percentil_infraestructura": 98.5 }, "geometry": { "type": "Point", "coordinates": [ -64.082323111252904, -31.490098672510101 ] } },
{ "type": "Feature", "properties": { "barrio": "4 DE FEBRERO", "poblacion": 854.0, "hogares": 207.0, "nbi": 16.0, "pct_nbi": 7.73, "escuelas_total": 0, "escuelas_estatales": 0, "escuelas_privadas": 0, "dispensarios_municipales": 0, "paradas_colectivo": 2, "lineas_colectivo": 2, "luminarias_reportes": 11, "comisarias": 0, "centros_vecinales": 1, "hogares_por_poblacion": 0.242, "poblacion_log": 6.751, "pct_escuelas_privadas": 0.0, "escuelas_por_1000_hab": 0.0, "dispensarios_por_10000_hab": 0.0, "comisarias_por_10000_hab": 0.0, "paradas_por_1000_hab": 2.34, "centros_vecinales_por_10000_hab": 11.71, "tiene_escuela": 0, "tiene_dispensario": 0, "tiene_comisaria": 0, "tiene_transporte": 1, "infraestructura_score": 0.0433, "area_barrio_km2": 0.25, "densidad_poblacional": 3416.0, "densidad_hogares": 828.0, "infraestructura_por_km2": 0.173, "educacion_ratio_publico_privado": 1.0, "cluster_barrio": 1, "cluster_descripcion": "Tipo B (Infr 0.14 - NBI 3.0%)", "categoria_infraestructura": "Muy Baja", "tooltip_barrio": "<b>4 DE FEBRERO</b><br>Pob: 854.0<br>Score: 0.04 (Muy Baja)", "servicios_basicos_score": 0.33, "infraestructura_por_habitante": 0.507, "ranking_infraestructura": 438, "percentil_infraestructura": 11.5 }, "geometry": { "type": "Point", "coordinates": [ -64.145696556247103, -31.4561267034649 ] } },
{ "type": "Feature", "properties": { "barrio": "ACHAVAL PENA", "poblacion": 754.0, "hogares": 218.0, "nbi": 10.0, "pct_nbi": 4.59, "escuelas_total": 0, "escuelas_estatales": 0, "escuelas_privadas": 0, "dispensarios_municipales": 0, "paradas_colectivo": 6, "lineas_colectivo": 1, "luminarias_reportes": 78, "comisarias": 0, "centros_vecinales": 0, "hogares_por_poblacion": 0.289, "poblacion_log": 6.627, "pct_escuelas_privadas": 0.0, "escuelas_por_1000_hab": 0.0, "dispensarios_por_10000_hab": 0.0, "comisarias_por_10000_hab": 0.0, "paradas_por_1000_hab": 7.96, "centros_vecinales_por_10000_hab": 0.0, "tiene_escuela": 0, "tiene_dispensario": 0, "tiene_comisaria": 0, "tiene_transporte": 1, "infraestructura_score": 0.1474, "area_barrio_km2": 8.08, "densidad_poblacional": 93.32, "densidad_hogares": 26.98, "infraestructura_por_km2": 0.018, "educacion_ratio_publico_privado": 1.0, "cluster_barrio": 1, "cluster_descripcion": "Tipo B (Infr 0.14 - NBI 3.0%)", "categoria_infraestructura": "Baja", "tooltip_barrio": "<b>ACHAVAL PENA</b><br>Pob: 754.0<br>Score: 0.15 (Baja)", "servicios_basicos_score": 0.33, "infraestructura_por_habitante": 1.9549, "ranking_infraestructura": 297, "percentil_infraestructura": 40.1 }, "geometry": { "type": "Point", "coordinates": [ -64.204058596153303, -31.436225387802999 ] } },
{ "type": "Feature", "properties": { "barrio": "ACOSTA", "poblacion": 5512.0, "hogares": 1519.0, "nbi": 137.0, "pct_nbi": 9.02, "escuelas_total": 7, "escuelas_estatales": 7, "escuelas_privadas": 0, "dispensarios_municipales": 0, "paradas_colectivo": 18, "lineas_colectivo": 3, "luminarias_reportes": 15, "comisarias": 0, "centros_vecinales": 1, "hogares_por_poblacion": 0.276, "poblacion_log": 8.615, "pct_escuelas_privadas": 0.0, "escuelas_por_1000_hab": 1.27, "dispensarios_por_10000_hab": 0.0, "comisarias_por_10000_hab": 0.0, "paradas_por_1000_hab": 3.27, "centros_vecinales_por_10000_hab": 1.81, "tiene_escuela": 1, "tiene_dispensario": 0, "tiene_comisaria": 0, "tiene_transporte": 1, "infraestructura_score": 0.1487, "area_barrio_km2": 0.62, "densidad_poblacional": 8890.32, "densidad_hogares": 2450.0, "infraestructura_por_km2": 0.24, "educacion_ratio_publico_privado": 8.0, "cluster_barrio": 2, "cluster_descripcion": "Tipo C (Infr 0.16 - NBI 14.4%)", "categoria_infraestructura": "Media", "tooltip_barrio": "<b>ACOSTA</b><br>Pob: 5512.0<br>Score: 0.15 (Media)", "servicios_basicos_score": 0.67, "infraestructura_por_habitante": 0.2698, "ranking_infraestructura": 286, "percentil_infraestructura": 42.3 }, "geometry": { "type": "Point", "coordinates": [ -64.123510842969694, -31.423604569836499 ] } },
{ "type": "Feature", "properties": { "barrio": "AERONAUTICO- VILLA ZEPELLIN", "poblacion": 928.0, "hogares": 256.0, "nbi": 7.0, "pct_nbi": 2.73, "escuelas_total": 4, "escuelas_estatales": 4, "escuelas_privadas": 0, "dispensarios_municipales": 0, "paradas_colectivo": 10, "lineas_colectivo": 1, "luminarias_reportes": 0, "comisarias": 0, "centros_vecinales": 0, "hogares_por_poblacion": 0.276, "poblacion_log": 6.834, "pct_escuelas_privadas": 0.0, "escuelas_por_1000_hab": 4.31, "dispensarios_por_10000_hab": 0.0, "comisarias_por_10000_hab": 0.0, "paradas_por_1000_hab": 10.78, "centros_vecinales_por_10000_hab": 0.0, "tiene_escuela": 1, "tiene_dispensario": 0, "tiene_comisaria": 0, "tiene_transporte": 1, "infraestructura_score": 0.4987, "area_barrio_km2": null, "densidad_poblacional": 0.0, "densidad_hogares": 0.0, "infraestructura_por_km2": 0.0, "educacion_ratio_publico_privado": 5.0, "cluster_barrio": 0, "cluster_descripcion": "Tipo A (Infr 0.57 - NBI 4.5%)", "categoria_infraestructura": "Muy Alta", "tooltip_barrio": "<b>AERONAUTICO- VILLA ZEPELLIN</b><br>Pob: 928.0<br>Score: 0.50 (Muy Alta)", "servicios_basicos_score": 0.67, "infraestructura_por_habitante": 5.3739, "ranking_infraestructura": 48, "percentil_infraestructura": 90.5 }, "geometry": { "type": "Point", "coordinates": [ -64.270881350096005, -31.4304095651434 ] } },
{ "type": "Feature", "properties": { "barrio": "AEROPUERTO", "poblacion": 500.0, "hogares": 200.0, "nbi": 5.0, "pct_nbi": 2.5, "escuelas_total": 1, "escuelas_estatales": 1, "escuelas_privadas": 0, "dispensarios_municipales": 0, "paradas_colectivo": 8, "lineas_colectivo": 2, "luminarias_reportes": 0, "comisarias": 0, "centros_vecinales": 0, "hogares_por_poblacion": 0.4, "poblacion_log": 6.217, "pct_escuelas_privadas": 0.0, "escuelas_por_1000_hab": 2.0, "dispensarios_por_10000_hab": 0.0, "comisarias_por_10000_hab": 0.0, "paradas_por_1000_hab": 16.0, "centros_vecinales_por_10000_hab": 0.0, "tiene_escuela": 1, "tiene_dispensario": 0, "tiene_comisaria": 0, "tiene_transporte": 1, "infraestructura_score": 0.4351, "area_barrio_km2": 3.11, "densidad_poblacional": 160.77, "densidad_hogares": 64.31, "infraestructura_por_km2": 0.14, "educacion_ratio_publico_privado": 2.0, "cluster_barrio": 3, "cluster_descripcion": "Tipo D (Infr 0.40 - NBI 2.8%)", "categoria_infraestructura": "Muy Alta", "tooltip_barrio": "<b>AEROPUERTO</b><br>Pob: 500.0<br>Score: 0.44 (Muy Alta)", "servicios_basicos_score": 0.67, "infraestructura_por_habitante": 8.702, "ranking_infraestructura": 71, "percentil_infraestructura": 85.8 }, "geometry": { "type": "Point", "coordinates": [ -64.195735685938203, -31.3249626672809 ] } },
{ "type": "Feature", "properties": { "barrio": "AIRES DEL SUR", "poblacion": 500.0, "hogares": 200.0, "nbi": 0.0, "pct_nbi": 0.0, "escuelas_total": 0, "escuelas_estatales": 0, "escuelas_privadas": 0, "dispensarios_municipales": 0, "paradas_colectivo": 2, "lineas_colectivo": 2, "luminarias_reportes": 0, "comisarias": 0, "centros_vecinales": 0, "hogares_por_poblacion": 0.4, "poblacion_log": 6.217, "pct_escuelas_privadas": 0.0, "escuelas_por_1000_hab": 0.0, "dispensarios_por_10000_hab": 0.0, "comisarias_por_10000_hab": 0.0, "paradas_por_1000_hab": 4.0, "centros_vecinales_por_10000_hab": 0.0, "tiene_escuela": 0, "tiene_dispensario": 0, "tiene_comisaria": 0, "tiene_transporte": 1, "infraestructura_score": 0.0741, "area_barrio_km2": 0.06, "densidad_poblacional": 8333.33, "densidad_hogares": 3333.33, "infraestructura_por_km2": 1.235, "educacion_ratio_publico_privado": 1.0, "cluster_barrio": 1, "cluster_descripcion": "Tipo B (Infr 0.14 - NBI 3.0%)", "categoria_infraestructura": "Muy Baja", "tooltip_barrio": "<b>AIRES DEL SUR</b><br>Pob: 500.0<br>Score: 0.07 (Muy Baja)", "servicios_basicos_score": 0.33, "infraestructura_por_habitante": 1.482, "ranking_infraestructura": 406, "percentil_infraestructura": 17.5 }, "geometry": { "type": "Point", "coordinates": [ -64.184434853089698, -31.464244055340099 ] } },
{ "type": "Feature", "properties": { "barrio": "ALBERDI", "poblacion": 32729.0, "hogares": 15505.0, "nbi": 858.0, "pct_nbi": 5.53, "escuelas_total": 38, "escuelas_estatales": 14, "escuelas_privadas": 24, "dispensarios_municipales": 0, "paradas_colectivo": 47, "lineas_colectivo": 27, "luminarias_reportes": 354, "comisarias": 2, "centros_vecinales": 2, "hogares_por_poblacion": 0.474, "poblacion_log": 10.396, "pct_escuelas_privadas": 0.632, "escuelas_por_1000_hab": 1.16, "dispensarios_por_10000_hab": 0.0, "comisarias_por_10000_hab": 0.61, "paradas_por_1000_hab": 1.44, "centros_vecinales_por_10000_hab": 0.61, "tiene_escuela": 1, "tiene_dispensario": 0, "tiene_comisaria": 1, "tiene_transporte": 1, "infraestructura_score": 0.1507, "area_barrio_km2": 2.5, "densidad_poblacional": 13091.6, "densidad_hogares": 6202.0, "infraestructura_por_km2": 0.06, "educacion_ratio_publico_privado": 0.6, "cluster_barrio": 4, "cluster_descripcion": "Tipo E (Infr 0.11 - NBI 5.5%)", "categoria_infraestructura": "Media", "tooltip_barrio": "<b>ALBERDI</b><br>Pob: 32729.0<br>Score: 0.15 (Media)", "servicios_basicos_score": 0.67, "infraestructura_por_habitante": 0.046, "ranking_infraestructura": 284, "percentil_infraestructura": 42.7 }, "geometry": { "type": "Point", "coordinates": [ -64.202174218064897, -31.408369589323001 ] } },
{ "type": "Feature", "properties": { "barrio": "ALBORADA NORTE", "poblacion": 500.0, "hogares": 200.0, "nbi": 2.0, "pct_nbi": 1.0, "escuelas_total": 0, "escuelas_estatales": 0, "escuelas_privadas": 0, "dispensarios_municipales": 0, "paradas_colectivo": 17, "lineas_colectivo": 5, "luminarias_reportes": 0, "comisarias": 0, "centros_vecinales": 0, "hogares_por_poblacion": 0.4, "poblacion_log": 6.217, "pct_escuelas_privadas": 0.0, "escuelas_por_1000_hab": 0.0, "dispensarios_por_10000_hab": 0.0, "comisarias_por_10000_hab": 0.0, "paradas_por_1000_hab": 24.0, "centros_vecinales_por_10000_hab": 0.0, "tiene_escuela": 0, "tiene_dispensario": 0, "tiene_comisaria": 0, "tiene_transporte": 1, "infraestructura_score": 0.4444, "area_barrio_km2": 0.06, "densidad_poblacional": 8333.33, "densidad_hogares": 3333.33, "infraestructura_por_km2": 7.407, "educacion_ratio_publico_privado": 1.0, "cluster_barrio": 3, "cluster_descripcion": "Tipo D (Infr 0.40 - NBI 2.8%)", "categoria_infraestructura": "Muy Alta", "tooltip_barrio": "<b>ALBORADA NORTE</b><br>Pob: 500.0<br>Score: 0.44 (Muy Alta)", "servicios_basicos_score": 0.33, "infraestructura_por_habitante": 8.888, "ranking_infraestructura": 59, "percentil_infraestructura": 87.4 }, "geometry": { "type": "Point", "coordinates": [ -64.268301940807305, -31.3416624086498 ] } },
{ "type": "Feature", "properties": { "barrio": "ALBORADA SUR", "poblacion": 500.0, "hogares": 200.0, "nbi": 1.0, "pct_nbi": 0.5, "escuelas_total": 0, "escuelas_estatales": 0, "escuelas_privadas": 0, "dispensarios_municipales": 0, "paradas_colectivo": 7, "lineas_colectivo": 3, "luminarias_reportes": 23, "comisarias": 0, "centros_vecinales": 0, "hogares_por_poblacion": 0.4, "poblacion_log": 6.217, "pct_escuelas_privadas": 0.0, "escuelas_por_1000_hab": 0.0, "dispensarios_por_10000_hab": 0.0, "comisarias_por_10000_hab": 0.0, "paradas_por_1000_hab": 14.0, "centros_vecinales_por_10000_hab": 0.0, "tiene_escuela": 0, "tiene_dispensario": 0, "tiene_comisaria": 0, "tiene_transporte": 1, "infraestructura_score": 0.2593, "area_barrio_km2": 0.06, "densidad_poblacional": 8333.33, "densidad_hogares": 3333.33, "infraestructura_por_km2": 4.322, "educacion_ratio_publico_privado": 1.0, "cluster_barrio": 3, "cluster_descripcion": "Tipo D (Infr 0.40 - NBI 2.8%)", "categoria_infraestructura": "Alta", "tooltip_barrio": "<b>ALBORADA SUR</b><br>Pob: 500.0<br>Score: 0.26 (Alta)", "servicios_basicos_score": 0.33, "infraestructura_por_habitante": 5.186, "ranking_infraestructura": 156, "percentil_infraestructura": 68.4 }, "geometry": { "type": "Point", "coordinates": [ -64.225114426046304, -31.362050061794299 ] } },
{ "type": "Feature", "properties": { "barrio": "ALEJANDRO CENTENO", "poblacion": 1231.0, "hogares": 432.0, "nbi": 2.0, "pct_nbi": 0.46, "escuelas_total": 2, "escuelas_estatales": 2, "escuelas_privadas": 0, "dispensarios_municipales": 0, "paradas_colectivo": 10, "lineas_colectivo": 3, "luminarias_reportes": 21, "comisarias": 0, "centros_vecinales": 1, "hogares_por_poblacion": 0.351, "poblacion_log": 7.116, "pct_escuelas_privadas": 0.0, "escuelas_por_1000_hab": 1.62, "dispensarios_por_10000_hab": 0.0, "comisarias_por_10000_hab": 0.0, "paradas_por_1000_hab": 8.12, "centros_vecinales_por_10000_hab": 8.12, "tiene_escuela": 1, "tiene_dispensario": 0, "tiene_comisaria": 0, "tiene_transporte": 1, "infraestructura_score": 0.2628, "area_barrio_km2": 0.25, "densidad_poblacional": 4924.0, "densidad_hogares": 1728.0, "infraestructura_por_km2": 1.051, "educacion_ratio_publico_privado": 3.0, "cluster_barrio": 1, "cluster_descripcion": "Tipo B (Infr 0.14 - NBI 3.0%)", "categoria_infraestructura": "Alta", "tooltip_barrio": "<b>ALEJANDRO CENTENO</b><br>Pob: 1231.0<br>Score: 0.26 (Alta)", "servicios_basicos_score": 0.67, "infraestructura_por_habitante": 2.1348, "ranking_infraestructura": 154, "percentil_infraestructura": 69.0 }, "geometry": { "type": "Point", "coordinates": [ -64.231473963748002, -31.358280528973498 ] } },
{ "type": "Feature", "properties": { "barrio": "ALMIRANTE BROWN", "poblacion": 1019.0, "hogares": 246.0, "nbi": 13.0, "pct_nbi": 5.28, "escuelas_total": 2, "escuelas_estatales": 2, "escuelas_privadas": 0, "dispensarios_municipales": 0, "paradas_colectivo": 6, "lineas_colectivo": 4, "luminarias_reportes": 16, "comisarias": 0, "centros_vecinales": 2, "hogares_por_poblacion": 0.241, "poblacion_log": 6.928, "pct_escuelas_privadas": 0.0, "escuelas_por_1000_hab": 1.96, "dispensarios_por_10000_hab": 0.0, "comisarias_por_10000_hab": 0.0, "paradas_por_1000_hab": 5.89, "centros_vecinales_por_10000_hab": 19.63, "tiene_escuela": 1, "tiene_dispensario": 0, "tiene_comisaria": 0, "tiene_transporte": 1, "infraestructura_score": 0.2451, "area_barrio_km2": 0.13, "densidad_poblacional": 7838.46, "densidad_hogares": 1892.31, "infraestructura_por_km2": 1.885, "educacion_ratio_publico_privado": 3.0, "cluster_barrio": 1, "cluster_descripcion": "Tipo B (Infr 0.14 - NBI 3.0%)", "categoria_infraestructura": "Alta", "tooltip_barrio": "<b>ALMIRANTE BROWN</b><br>Pob: 1019.0<br>Score: 0.25 (Alta)", "servicios_basicos_score": 0.67, "infraestructura_por_habitante": 2.4053, "ranking_infraestructura": 172, "percentil_infraestructura": 65.4 }, "geometry": { "type": "Point", "coordinates": [ -64.091113885027895, -31.461644015416699 ] } },
{ "type": "Feature", "properties": { "barrio": "ALTA CORDOBA", "poblacion": 34575.0, "hogares": 12560.0, "nbi": 372.0, "pct_nbi": 2.96, "escuelas_total": 33, "escuelas_estatales": 13, "escuelas_privadas": 20, "dispensarios_municipales": 0, "paradas_colectivo": 31, "lineas_colectivo": 9, "luminarias_reportes": 544, "comisarias": 1, "centros_vecinales": 0, "hogares_por_poblacion": 0.363, "poblacion_log": 10.451, "pct_escuelas_privadas": 0.606, "escuelas_por_1000_hab": 0.95, "dispensarios_por_10000_hab": 0.0, "comisarias_por_10000_hab": 0.29, "paradas_por_1000_hab": 0.9, "centros_vecinales_por_10000_hab": 0.0, "tiene_escuela": 1, "tiene_dispensario": 0, "tiene_comisaria": 1, "tiene_transporte": 1, "infraestructura_score": 0.1033, "area_barrio_km2": 4.78, "densidad_poblacional": 7233.26, "densidad_hogares": 2627.62, "infraestructura_por_km2": 0.022, "educacion_ratio_publico_privado": 0.67, "cluster_barrio": 4, "cluster_descripcion": "Tipo E (Infr 0.11 - NBI 5.5%)", "categoria_infraestructura": "Baja", "tooltip_barrio": "<b>ALTA CORDOBA</b><br>Pob: 34575.0<br>Score: 0.10 (Baja)", "servicios_basicos_score": 0.67, "infraestructura_por_habitante": 0.0299, "ranking_infraestructura": 369, "percentil_infraestructura": 25.4 }, "geometry": { "type": "Point", "coordinates": [ -64.184249472869794, -31.3903799365102 ] } },
{ "type": "Feature", "properties": { "barrio": "ALTAMIRA", "poblacion": 6103.0, "hogares": 1895.0, "nbi": 36.0, "pct_nbi": 1.9, "escuelas_total": 2, "escuelas_estatales": 1, "escuelas_privadas": 1, "dispensarios_municipales": 1, "paradas_colectivo": 17, "lineas_colectivo": 4, "luminarias_reportes": 91, "comisarias": 0, "centros_vecinales": 0, "hogares_por_poblacion": 0.311, "poblacion_log": 8.717, "pct_escuelas_privadas": 0.5, "escuelas_por_1000_hab": 0.33, "dispensarios_por_10000_hab": 1.64, "comisarias_por_10000_hab": 0.0, "paradas_por_1000_hab": 2.79, "centros_vecinales_por_10000_hab": 0.0, "tiene_escuela": 1, "tiene_dispensario": 1, "tiene_comisaria": 0, "tiene_transporte": 1, "infraestructura_score": 0.1293, "area_barrio_km2": 0.72, "densidad_poblacional": 8476.39, "densidad_hogares": 2631.94, "infraestructura_por_km2": 0.18, "educacion_ratio_publico_privado": 1.0, "cluster_barrio": 1, "cluster_descripcion": "Tipo B (Infr 0.14 - NBI 3.0%)", "categoria_infraestructura": "Baja", "tooltip_barrio": "<b>ALTAMIRA</b><br>Pob: 6103.0<br>Score: 0.13 (Baja)", "servicios_basicos_score": 1.0, "infraestructura_por_habitante": 0.2119, "ranking_infraestructura": 317, "percentil_infraestructura": 36.0 }, "geometry": { "type": "Point", "coordinates": [ -64.131257437785905, -31.425157900948101 ] } },
{ "type": "Feature", "properties": { "barrio": "ALTO ALBERDI", "poblacion": 30472.0, "hogares": 10101.0, "nbi": 389.0, "pct_nbi": 3.85, "escuelas_total": 40, "escuelas_estatales": 15, "escuelas_privadas": 25, "dispensarios_municipales": 1, "paradas_colectivo": 48, "lineas_colectivo": 14, "luminarias_reportes": 369, "comisarias": 2, "centros_vecinales": 2, "hogares_por_poblacion": 0.331, "poblacion_log": 10.325, "pct_escuelas_privadas": 0.625, "escuelas_por_1000_hab": 1.31, "dispensarios_por_10000_hab": 0.33, "comisarias_por_10000_hab": 0.66, "paradas_por_1000_hab": 1.58, "centros_vecinales_por_10000_hab": 0.66, "tiene_escuela": 1, "tiene_dispensario": 1, "tiene_comisaria": 1, "tiene_transporte": 1, "infraestructura_score": 0.1782, "area_barrio_km2": 3.88, "densidad_poblacional": 7853.61, "densidad_hogares": 2603.35, "infraestructura_por_km2": 0.046, "educacion_ratio_publico_privado": 0.62, "cluster_barrio": 4, "cluster_descripcion": "Tipo E (Infr 0.11 - NBI 5.5%)", "categoria_infraestructura": "Media", "tooltip_barrio": "<b>ALTO ALBERDI</b><br>Pob: 30472.0<br>Score: 0.18 (Media)", "servicios_basicos_score": 1.0, "infraestructura_por_habitante": 0.0585, "ranking_infraestructura": 244, "percentil_infraestructura": 50.8 }, "geometry": { "type": "Point", "coordinates": [ -64.219940676278, -31.4077929131874 ] } },
{ "type": "Feature", "properties": { "barrio": "ALTO DE DON BOSCO", "poblacion": 675.0, "hogares": 212.0, "nbi": 0.0, "pct_nbi": 0.0, "escuelas_total": 0, "escuelas_estatales": 0, "escuelas_privadas": 0, "dispensarios_municipales": 0, "paradas_colectivo": 0, "lineas_colectivo": 0, "luminarias_reportes": 0, "comisarias": 0, "centros_vecinales": 0, "hogares_por_poblacion": 0.314, "poblacion_log": 6.516, "pct_escuelas_privadas": 0.0, "escuelas_por_1000_hab": 0.0, "dispensarios_por_10000_hab": 0.0, "comisarias_por_10000_hab": 0.0, "paradas_por_1000_hab": 0.0, "centros_vecinales_por_10000_hab": 0.0, "tiene_escuela": 0, "tiene_dispensario": 0, "tiene_comisaria": 0, "tiene_transporte": 0, "infraestructura_score": 0.0, "area_barrio_km2": 0.83, "densidad_poblacional": 813.25, "densidad_hogares": 255.42, "infraestructura_por_km2": 0.0, "educacion_ratio_publico_privado": 1.0, "cluster_barrio": 1, "cluster_descripcion": "Tipo B (Infr 0.14 - NBI 3.0%)", "categoria_infraestructura": "Muy Baja", "tooltip_barrio": "<b>ALTO DE DON BOSCO</b><br>Pob: 675.0<br>Score: 0.00 (Muy Baja)", "servicios_basicos_score": 0.0, "infraestructura_por_habitante": 0.0, "ranking_infraestructura": 469, "percentil_infraestructura": 2.7 }, "geometry": { "type": "Point", "coordinates": [ -64.265764553635805, -31.3869535266229 ] } },
{ "type": "Feature", "properties": { "barrio": "ALTO DE SANTA ANA", "poblacion": 1508.0, "hogares": 424.0, "nbi": 20.0, "pct_nbi": 4.72, "escuelas_total": 0, "escuelas_estatales": 0, "escuelas_privadas": 0, "dispensarios_municipales": 0, "paradas_colectivo": 6, "lineas_colectivo": 2, "luminarias_reportes": 63, "comisarias": 0, "centros_vecinales": 0, "hogares_por_poblacion": 0.281, "poblacion_log": 7.319, "pct_escuelas_privadas": 0.0, "escuelas_por_1000_hab": 0.0, "dispensarios_por_10000_hab": 0.0, "comisarias_por_10000_hab": 0.0, "paradas_por_1000_hab": 3.98, "centros_vecinales_por_10000_hab": 0.0, "tiene_escuela": 0, "tiene_dispensario": 0, "tiene_comisaria": 0, "tiene_transporte": 1, "infraestructura_score": 0.0737, "area_barrio_km2": 0.63, "densidad_poblacional": 2393.65, "densidad_hogares": 673.02, "infraestructura_por_km2": 0.117, "educacion_ratio_publico_privado": 1.0, "cluster_barrio": 1, "cluster_descripcion": "Tipo B (Infr 0.14 - NBI 3.0%)", "categoria_infraestructura": "Muy Baja", "tooltip_barrio": "<b>ALTO DE SANTA ANA</b><br>Pob: 1508.0<br>Score: 0.07 (Muy Baja)", "servicios_basicos_score": 0.33, "infraestructura_por_habitante": 0.4887, "ranking_infraestructura": 412, "percentil_infraestructura": 16.8 }, "geometry": { "type": "Point", "coordinates": [ -64.248946867237095, -31.4064423364043 ] } },
{ "type": "Feature", "properties": { "barrio": "ALTO HERMOSO", "poblacion": 500.0, "hogares": 200.0, "nbi": 0.0, "pct_nbi": 0.0, "escuelas_total": 0, "escuelas_estatales": 0, "escuelas_privadas": 0, "dispensarios_municipales": 0, "paradas_colectivo": 8, "lineas_colectivo": 3, "luminarias_reportes": 0, "comisarias": 0, "centros_vecinales": 0, "hogares_por_poblacion": 0.4, "poblacion_log": 6.217, "pct_escuelas_privadas": 0.0, "escuelas_por_1000_hab": 0.0, "dispensarios_por_10000_hab": 0.0, "comisarias_por_10000_hab": 0.0, "paradas_por_1000_hab": 16.0, "centros_vecinales_por_10000_hab": 0.0, "tiene_escuela": 0, "tiene_dispensario": 0, "tiene_comisaria": 0, "tiene_transporte": 1, "infraestructura_score": 0.2963, "area_barrio_km2": 0.52, "densidad_poblacional": 961.54, "densidad_hogares": 384.62, "infraestructura_por_km2": 0.57, "educacion_ratio_publico_privado": 1.0, "cluster_barrio": 3, "cluster_descripcion": "Tipo D (Infr 0.40 - NBI 2.8%)", "categoria_infraestructura": "Alta", "tooltip_barrio": "<b>ALTO HERMOSO</b><br>Pob: 500.0<br>Score: 0.30 (Alta)", "servicios_basicos_score": 0.33, "infraestructura_por_habitante": 5.926, "ranking_infraestructura": 132, "percentil_infraestructura": 73.1 }, "geometry": { "type": "Point", "coordinates": [ -64.305293755477607, -31.330293964089599 ] } },
{ "type": "Feature", "properties": { "barrio": "ALTO PALERMO", "poblacion": 923.0, "hogares": 311.0, "nbi": 0.0, "pct_nbi": 0.0, "escuelas_total": 1, "escuelas_estatales": 1, "escuelas_privadas": 0, "dispensarios_municipales": 0, "paradas_colectivo": 25, "lineas_colectivo": 13, "luminarias_reportes": 158, "comisarias": 0, "centros_vecinales": 0, "hogares_por_poblacion": 0.337, "poblacion_log": 6.829, "pct_escuelas_privadas": 0.0, "escuelas_por_1000_hab": 1.08, "dispensarios_por_10000_hab": 0.0, "comisarias_por_10000_hab": 0.0, "paradas_por_1000_hab": 24.0, "centros_vecinales_por_10000_hab": 0.0, "tiene_escuela": 1, "tiene_dispensario": 0, "tiene_comisaria": 0, "tiene_transporte": 1, "infraestructura_score": 0.5194, "area_barrio_km2": 0.26, "densidad_poblacional": 3550.0, "densidad_hogares": 1196.15, "infraestructura_por_km2": 1.998, "educacion_ratio_publico_privado": 2.0, "cluster_barrio": 3, "cluster_descripcion": "Tipo D (Infr 0.40 - NBI 2.8%)", "categoria_infraestructura": "Muy Alta", "tooltip_barrio": "<b>ALTO PALERMO</b><br>Pob: 923.0<br>Score: 0.52 (Muy Alta)", "servicios_basicos_score": 0.67, "infraestructura_por_habitante": 5.6273, "ranking_infraestructura": 42, "percentil_infraestructura": 91.7 }, "geometry": { "type": "Point", "coordinates": [ -64.224736294399193, -31.3756925958522 ] } },
{ "type": "Feature", "properties": { "barrio": "ALTO VERDE", "poblacion": 3956.0, "hogares": 1287.0, "nbi": 3.0, "pct_nbi": 0.23, "escuelas_total": 6, "escuelas_estatales": 2, "escuelas_privadas": 4, "dispensarios_municipales": 0, "paradas_colectivo": 7, "lineas_colectivo": 2, "luminarias_reportes": 592, "comisarias": 0, "centros_vecinales": 0, "hogares_por_poblacion": 0.325, "poblacion_log": 8.283, "pct_escuelas_privadas": 0.667, "escuelas_por_1000_hab": 1.52, "dispensarios_por_10000_hab": 0.0, "comisarias_por_10000_hab": 0.0, "paradas_por_1000_hab": 1.77, "centros_vecinales_por_10000_hab": 0.0, "tiene_escuela": 1, "tiene_dispensario": 0, "tiene_comisaria": 0, "tiene_transporte": 1, "infraestructura_score": 0.1383, "area_barrio_km2": 0.9, "densidad_poblacional": 4395.56, "densidad_hogares": 1430.0, "infraestructura_por_km2": 0.154, "educacion_ratio_publico_privado": 0.6, "cluster_barrio": 1, "cluster_descripcion": "Tipo B (Infr 0.14 - NBI 3.0%)", "categoria_infraestructura": "Baja", "tooltip_barrio": "<b>ALTO VERDE</b><br>Pob: 3956.0<br>Score: 0.14 (Baja)", "servicios_basicos_score": 0.67, "infraestructura_por_habitante": 0.3496, "ranking_infraestructura": 307, "percentil_infraestructura": 38.1 }, "geometry": { "type": "Point", "coordinates": [ -64.214132596461397, -31.373535822628799 ] } },
{ "type": "Feature", "properties": { "barrio": "ALTOS DE VELEZ SARSFIELD", "poblacion": 1678.0, "hogares": 544.0, "nbi": 7.0, "pct_nbi": 1.29, "escuelas_total": 1, "escuelas_estatales": 1, "escuelas_privadas": 0, "dispensarios_municipales": 0, "paradas_colectivo": 10, "lineas_colectivo": 4, "luminarias_reportes": 170, "comisarias": 0, "centros_vecinales": 1, "hogares_por_poblacion": 0.324, "poblacion_log": 7.426, "pct_escuelas_privadas": 0.0, "escuelas_por_1000_hab": 0.6, "dispensarios_por_10000_hab": 0.0, "comisarias_por_10000_hab": 0.0, "paradas_por_1000_hab": 5.96, "centros_vecinales_por_10000_hab": 5.96, "tiene_escuela": 1, "tiene_dispensario": 0, "tiene_comisaria": 0, "tiene_transporte": 1, "infraestructura_score": 0.152, "area_barrio_km2": 0.21, "densidad_poblacional": 7990.48, "densidad_hogares": 2590.48, "infraestructura_por_km2": 0.724, "educacion_ratio_publico_privado": 2.0, "cluster_barrio": 1, "cluster_descripcion": "Tipo B (Infr 0.14 - NBI 3.0%)", "categoria_infraestructura": "Media", "tooltip_barrio": "<b>ALTOS DE VELEZ SARSFIELD</b><br>Pob: 1678.0<br>Score: 0.15 (Media)", "servicios_basicos_score": 0.67, "infraestructura_por_habitante": 0.9058, "ranking_infraestructura": 282, "percentil_infraestructura": 43.1 }, "geometry": { "type": "Point", "coordinates": [ -64.214097503870207, -31.4483323168207 ] } },
{ "type": "Feature", "properties": { "barrio": "ALTOS DE VILLA CABRERA", "poblacion": 1164.0, "hogares": 400.0, "nbi": 5.0, "pct_nbi": 1.25, "escuelas_total": 1, "escuelas_estatales": 1, "escuelas_privadas": 0, "dispensarios_municipales": 0, "paradas_colectivo": 18, "lineas_colectivo": 13, "luminarias_reportes": 173, "comisarias": 0, "centros_vecinales": 0, "hogares_por_poblacion": 0.344, "poblacion_log": 7.06, "pct_escuelas_privadas": 0.0, "escuelas_por_1000_hab": 0.86, "dispensarios_por_10000_hab": 0.0, "comisarias_por_10000_hab": 0.0, "paradas_por_1000_hab": 15.46, "centros_vecinales_por_10000_hab": 0.0, "tiene_escuela": 1, "tiene_dispensario": 0, "tiene_comisaria": 0, "tiene_transporte": 1, "infraestructura_score": 0.346, "area_barrio_km2": 0.23, "densidad_poblacional": 5060.87, "densidad_hogares": 1739.13, "infraestructura_por_km2": 1.504, "educacion_ratio_publico_privado": 2.0, "cluster_barrio": 3, "cluster_descripcion": "Tipo D (Infr 0.40 - NBI 2.8%)", "categoria_infraestructura": "Alta", "tooltip_barrio": "<b>ALTOS DE VILLA CABRERA</b><br>Pob: 1164.0<br>Score: 0.35 (Alta)", "servicios_basicos_score": 0.67, "infraestructura_por_habitante": 2.9725, "ranking_infraestructura": 104, "percentil_infraestructura": 79.1 }, "geometry": { "type": "Point", "coordinates": [ -64.219623094015105, -31.381247201843902 ] } },
{ "type": "Feature", "properties": { "barrio": "ALTOS SAN MARTIN", "poblacion": 1279.0, "hogares": 440.0, "nbi": 3.0, "pct_nbi": 0.68, "escuelas_total": 0, "escuelas_estatales": 0, "escuelas_privadas": 0, "dispensarios_municipales": 0, "paradas_colectivo": 7, "lineas_colectivo": 2, "luminarias_reportes": 177, "comisarias": 0, "centros_vecinales": 0, "hogares_por_poblacion": 0.344, "poblacion_log": 7.155, "pct_escuelas_privadas": 0.0, "escuelas_por_1000_hab": 0.0, "dispensarios_por_10000_hab": 0.0, "comisarias_por_10000_hab": 0.0, "paradas_por_1000_hab": 5.47, "centros_vecinales_por_10000_hab": 0.0, "tiene_escuela": 0, "tiene_dispensario": 0, "tiene_comisaria": 0, "tiene_transporte": 1, "infraestructura_score": 0.1013, "area_barrio_km2": 0.22, "densidad_poblacional": 5813.64, "densidad_hogares": 2000.0, "infraestructura_por_km2": 0.46, "educacion_ratio_publico_privado": 1.0, "cluster_barrio": 1, "cluster_descripcion": "Tipo B (Infr 0.14 - NBI 3.0%)", "categoria_infraestructura": "Baja", "tooltip_barrio": "<b>ALTOS SAN MARTIN</b><br>Pob: 1279.0<br>Score: 0.10 (Baja)", "servicios_basicos_score": 0.33, "infraestructura_por_habitante": 0.792, "ranking_infraestructura": 376, "percentil_infraestructura": 24.1 }, "geometry": { "type": "Point", "coordinates": [ -64.214357851734704, -31.377232595889801 ] } },
{ "type": "Feature", "properties": { "barrio": "ALTOS SUD DE SAN VICENTE", "poblacion": 1023.0, "hogares": 275.0, "nbi": 21.0, "pct_nbi": 7.64, "escuelas_total": 0, "escuelas_estatales": 0, "escuelas_privadas": 0, "dispensarios_municipales": 0, "paradas_colectivo": 4, "lineas_colectivo": 2, "luminarias_reportes": 7, "comisarias": 0, "centros_vecinales": 0, "hogares_por_poblacion": 0.269, "poblacion_log": 6.931, "pct_escuelas_privadas": 0.0, "escuelas_por_1000_hab": 0.0, "dispensarios_por_10000_hab": 0.0, "comisarias_por_10000_hab": 0.0, "paradas_por_1000_hab": 3.91, "centros_vecinales_por_10000_hab": 0.0, "tiene_escuela": 0, "tiene_dispensario": 0, "tiene_comisaria": 0, "tiene_transporte": 1, "infraestructura_score": 0.0724, "area_barrio_km2": 0.08, "densidad_poblacional": 12787.5, "densidad_hogares": 3437.5, "infraestructura_por_km2": 0.905, "educacion_ratio_publico_privado": 1.0, "cluster_barrio": 1, "cluster_descripcion": "Tipo B (Infr 0.14 - NBI 3.0%)", "categoria_infraestructura": "Muy Baja", "tooltip_barrio": "<b>ALTOS SUD DE SAN VICENTE</b><br>Pob: 1023.0<br>Score: 0.07 (Muy Baja)", "servicios_basicos_score": 0.33, "infraestructura_por_habitante": 0.7077, "ranking_infraestructura": 415, "percentil_infraestructura": 16.2 }, "geometry": { "type": "Point", "coordinates": [ -64.140888844494398, -31.4371311914398 ] } },
{ "type": "Feature", "properties": { "barrio": "AMEGHINO NORTE", "poblacion": 3781.0, "hogares": 1008.0, "nbi": 124.0, "pct_nbi": 12.3, "escuelas_total": 1, "escuelas_estatales": 1, "escuelas_privadas": 0, "dispensarios_municipales": 1, "paradas_colectivo": 17, "lineas_colectivo": 7, "luminarias_reportes": 79, "comisarias": 0, "centros_vecinales": 1, "hogares_por_poblacion": 0.267, "poblacion_log": 8.238, "pct_escuelas_privadas": 0.0, "escuelas_por_1000_hab": 0.26, "dispensarios_por_10000_hab": 2.64, "comisarias_por_10000_hab": 0.0, "paradas_por_1000_hab": 4.5, "centros_vecinales_por_10000_hab": 2.64, "tiene_escuela": 1, "tiene_dispensario": 1, "tiene_comisaria": 0, "tiene_transporte": 1, "infraestructura_score": 0.1895, "area_barrio_km2": 0.52, "densidad_poblacional": 7271.15, "densidad_hogares": 1938.46, "infraestructura_por_km2": 0.364, "educacion_ratio_publico_privado": 2.0, "cluster_barrio": 2, "cluster_descripcion": "Tipo C (Infr 0.16 - NBI 14.4%)", "categoria_infraestructura": "Media", "tooltip_barrio": "<b>AMEGHINO NORTE</b><br>Pob: 3781.0<br>Score: 0.19 (Media)", "servicios_basicos_score": 1.0, "infraestructura_por_habitante": 0.5012, "ranking_infraestructura": 234, "percentil_infraestructura": 52.8 }, "geometry": { "type": "Point", "coordinates": [ -64.237200841710703, -31.4291728661583 ] } },
{ "type": "Feature", "properties": { "barrio": "AMEGHINO SUD", "poblacion": 3449.0, "hogares": 1093.0, "nbi": 18.0, "pct_nbi": 1.65, "escuelas_total": 4, "escuelas_estatales": 4, "escuelas_privadas": 0, "dispensarios_municipales": 0, "paradas_colectivo": 22, "lineas_colectivo": 8, "luminarias_reportes": 343, "comisarias": 0, "centros_vecinales": 1, "hogares_por_poblacion": 0.317, "poblacion_log": 8.146, "pct_escuelas_privadas": 0.0, "escuelas_por_1000_hab": 1.16, "dispensarios_por_10000_hab": 0.0, "comisarias_por_10000_hab": 0.0, "paradas_por_1000_hab": 6.38, "centros_vecinales_por_10000_hab": 2.9, "tiene_escuela": 1, "tiene_dispensario": 0, "tiene_comisaria": 0, "tiene_transporte": 1, "infraestructura_score": 0.1986, "area_barrio_km2": 0.53, "densidad_poblacional": 6507.55, "densidad_hogares": 2062.26, "infraestructura_por_km2": 0.375, "educacion_ratio_publico_privado": 5.0, "cluster_barrio": 1, "cluster_descripcion": "Tipo B (Infr 0.14 - NBI 3.0%)", "categoria_infraestructura": "Media", "tooltip_barrio": "<b>AMEGHINO SUD</b><br>Pob: 3449.0<br>Score: 0.20 (Media)", "servicios_basicos_score": 0.67, "infraestructura_por_habitante": 0.5758, "ranking_infraestructura": 222, "percentil_infraestructura": 55.3 }, "geometry": { "type": "Point", "coordinates": [ -64.2375798932284, -31.434434412078101 ] } },
{ "type": "Feature", "properties": { "barrio": "AMPLIACION ALTAMIRA", "poblacion": 1897.0, "hogares": 504.0, "nbi": 37.0, "pct_nbi": 7.34, "escuelas_total": 0, "escuelas_estatales": 0, "escuelas_privadas": 0, "dispensarios_municipales": 1, "paradas_colectivo": 16, "lineas_colectivo": 2, "luminarias_reportes": 9, "comisarias": 0, "centros_vecinales": 2, "hogares_por_poblacion": 0.266, "poblacion_log": 7.549, "pct_escuelas_privadas": 0.0, "escuelas_por_1000_hab": 0.0, "dispensarios_por_10000_hab": 5.27, "comisarias_por_10000_hab": 0.0, "paradas_por_1000_hab": 8.43, "centros_vecinales_por_10000_hab": 10.54, "tiene_escuela": 0, "tiene_dispensario": 1, "tiene_comisaria": 0, "tiene_transporte": 1, "infraestructura_score": 0.332, "area_barrio_km2": 0.17, "densidad_poblacional": 11158.82, "densidad_hogares": 2964.71, "infraestructura_por_km2": 1.953, "educacion_ratio_publico_privado": 1.0, "cluster_barrio": 1, "cluster_descripcion": "Tipo B (Infr 0.14 - NBI 3.0%)", "categoria_infraestructura": "Alta", "tooltip_barrio": "<b>AMPLIACION ALTAMIRA</b><br>Pob: 1897.0<br>Score: 0.33 (Alta)", "servicios_basicos_score": 0.67, "infraestructura_por_habitante": 1.7501, "ranking_infraestructura": 112, "percentil_infraestructura": 77.5 }, "geometry": { "type": "Point", "coordinates": [ -64.130149050924004, -31.418800365534 ] } },
{ "type": "Feature", "properties": { "barrio": "AMPLIACION BENJAMIN MATIENZO", "poblacion": 2024.0, "hogares": 512.0, "nbi": 54.0, "pct_nbi": 10.55, "escuelas_total": 4, "escuelas_estatales": 4, "escuelas_privadas": 0, "dispensarios_municipales": 0, "paradas_colectivo": 8, "lineas_colectivo": 3, "luminarias_reportes": 40, "comisarias": 0, "centros_vecinales": 0, "hogares_por_poblacion": 0.253, "poblacion_log": 7.613, "pct_escuelas_privadas": 0.0, "escuelas_por_1000_hab": 1.98, "dispensarios_por_10000_hab": 0.0, "comisarias_por_10000_hab": 0.0, "paradas_por_1000_hab": 3.95, "centros_vecinales_por_10000_hab": 0.0, "tiene_escuela": 1, "tiene_dispensario": 0, "tiene_comisaria": 0, "tiene_transporte": 1, "infraestructura_score": 0.2105, "area_barrio_km2": 0.42, "densidad_poblacional": 4819.05, "densidad_hogares": 1219.05, "infraestructura_por_km2": 0.501, "educacion_ratio_publico_privado": 5.0, "cluster_barrio": 2, "cluster_descripcion": "Tipo C (Infr 0.16 - NBI 14.4%)", "categoria_infraestructura": "Media", "tooltip_barrio": "<b>AMPLIACION BENJAMIN MATIENZO</b><br>Pob: 2024.0<br>Score: 0.21 (Media)", "servicios_basicos_score": 0.67, "infraestructura_por_habitante": 1.04, "ranking_infraestructura": 212, "percentil_infraestructura": 57.3 }, "geometry": { "type": "Point", "coordinates": [ -64.234915849134495, -31.446298400218549 ] } },
{ "type": "Feature", "properties": { "barrio": "AMPLIACION CABO FARINA", "poblacion": 500.0, "hogares": 200.0, "nbi": 12.0, "pct_nbi": 6.0, "escuelas_total": 0, "escuelas_estatales": 0, "escuelas_privadas": 0, "dispensarios_municipales": 0, "paradas_colectivo": 3, "lineas_colectivo": 1, "luminarias_reportes": 17, "comisarias": 0, "centros_vecinales": 1, "hogares_por_poblacion": 0.4, "poblacion_log": 6.217, "pct_escuelas_privadas": 0.0, "escuelas_por_1000_hab": 0.0, "dispensarios_por_10000_hab": 0.0, "comisarias_por_10000_hab": 0.0, "paradas_por_1000_hab": 6.0, "centros_vecinales_por_10000_hab": 20.0, "tiene_escuela": 0, "tiene_dispensario": 0, "tiene_comisaria": 0, "tiene_transporte": 1, "infraestructura_score": 0.1111, "area_barrio_km2": 0.05, "densidad_poblacional": 10000.0, "densidad_hogares": 4000.0, "infraestructura_por_km2": 2.222, "educacion_ratio_publico_privado": 1.0, "cluster_barrio": 1, "cluster_descripcion": "Tipo B (Infr 0.14 - NBI 3.0%)", "categoria_infraestructura": "Baja", "tooltip_barrio": "<b>AMPLIACION CABO FARINA</b><br>Pob: 500.0<br>Score: 0.11 (Baja)", "servicios_basicos_score": 0.33, "infraestructura_por_habitante": 2.222, "ranking_infraestructura": 347, "percentil_infraestructura": 29.1 }, "geometry": { "type": "Point", "coordinates": [ -64.214878000792098, -31.461542095923502 ] } },
{ "type": "Feature", "properties": { "barrio": "AMPLIACION EMPALME", "poblacion": 3115.0, "hogares": 940.0, "nbi": 25.0, "pct_nbi": 2.66, "escuelas_total": 0, "escuelas_estatales": 0, "escuelas_privadas": 0, "dispensarios_municipales": 1, "paradas_colectivo": 25, "lineas_colectivo": 3, "luminarias_reportes": 19, "comisarias": 0, "centros_vecinales": 1, "hogares_por_poblacion": 0.302, "poblacion_log": 8.044, "pct_escuelas_privadas": 0.0, "escuelas_por_1000_hab": 0.0, "dispensarios_por_10000_hab": 3.21, "comisarias_por_10000_hab": 0.0, "paradas_por_1000_hab": 8.03, "centros_vecinales_por_10000_hab": 3.21, "tiene_escuela": 0, "tiene_dispensario": 1, "tiene_comisaria": 0, "tiene_transporte": 1, "infraestructura_score": 0.2559, "area_barrio_km2": 0.35, "densidad_poblacional": 8900.0, "densidad_hogares": 2685.71, "infraestructura_por_km2": 0.731, "educacion_ratio_publico_privado": 1.0, "cluster_barrio": 1, "cluster_descripcion": "Tipo B (Infr 0.14 - NBI 3.0%)", "categoria_infraestructura": "Alta", "tooltip_barrio": "<b>AMPLIACION EMPALME</b><br>Pob: 3115.0<br>Score: 0.26 (Alta)", "servicios_basicos_score": 0.67, "infraestructura_por_habitante": 0.8215, "ranking_infraestructura": 160, "percentil_infraestructura": 67.8 }, "geometry": { "type": "Point", "coordinates": [ -64.125216128004894, -31.4317354197924 ] } },
{ "type": "Feature", "properties": { "barrio": "AMPLIACION GENERAL ARTIGAS", "poblacion": 2325.0, "hogares": 661.0, "nbi": 20.0, "pct_nbi": 3.03, "escuelas_total": 0, "escuelas_estatales": 0, "escuelas_privadas": 0, "dispensarios_municipales": 0, "paradas_colectivo": 1, "lineas_colectivo": 0, "luminarias_reportes": 80, "comisarias": 0, "centros_vecinales": 2, "hogares_por_poblacion": 0.284, "poblacion_log": 7.752, "pct_escuelas_privadas": 0.0, "escuelas_por_1000_hab": 0.0, "dispensarios_por_10000_hab": 0.0, "comisarias_por_10000_hab": 0.0, "paradas_por_1000_hab": 0.43, "centros_vecinales_por_10000_hab": 8.6, "tiene_escuela": 0, "tiene_dispensario": 0, "tiene_comisaria": 0, "tiene_transporte": 1, "infraestructura_score": 0.008, "area_barrio_km2": 0.5, "densidad_poblacional": 4650.0, "densidad_hogares": 1322.0, "infraestructura_por_km2": 0.016, "educacion_ratio_publico_privado": 1.0, "cluster_barrio": 1, "cluster_descripcion": "Tipo B (Infr 0.14 - NBI 3.0%)", "categoria_infraestructura": "Muy Baja", "tooltip_barrio": "<b>AMPLIACION GENERAL ARTIGAS</b><br>Pob: 2325.0<br>Score: 0.01 (Muy Baja)", "servicios_basicos_score": 0.33, "infraestructura_por_habitante": 0.0344, "ranking_infraestructura": 467, "percentil_infraestructura": 5.7 }, "geometry": { "type": "Point", "coordinates": [ -64.195887521265902, -31.4632233206896 ] } },
{ "type": "Feature", "properties": { "barrio": "AMPLIACION JARDIN ESPINOSA", "poblacion": 519.0, "hogares": 200.0, "nbi": 0.0, "pct_nbi": 0.0, "escuelas_total": 0, "escuelas_estatales": 0, "escuelas_privadas": 0, "dispensarios_municipales": 0, "paradas_colectivo": 10, "lineas_colectivo": 4, "luminarias_reportes": 128, "comisarias": 0, "centros_vecinales": 0, "hogares_por_poblacion": 0.385, "poblacion_log": 6.254, "pct_escuelas_privadas": 0.0, "escuelas_por_1000_hab": 0.0, "dispensarios_por_10000_hab": 0.0, "comisarias_por_10000_hab": 0.0, "paradas_por_1000_hab": 19.27, "centros_vecinales_por_10000_hab": 0.0, "tiene_escuela": 0, "tiene_dispensario": 0, "tiene_comisaria": 0, "tiene_transporte": 1, "infraestructura_score": 0.3569, "area_barrio_km2": 0.19, "densidad_poblacional": 2731.58, "densidad_hogares": 1052.63, "infraestructura_por_km2": 1.878, "educacion_ratio_publico_privado": 1.0, "cluster_barrio": 3, "cluster_descripcion": "Tipo D (Infr 0.40 - NBI 2.8%)", "categoria_infraestructura": "Alta", "tooltip_barrio": "<b>AMPLIACION JARDIN ESPINOSA</b><br>Pob: 519.0<br>Score: 0.36 (Alta)", "servicios_basicos_score": 0.33, "infraestructura_por_habitante": 6.8767, "ranking_infraestructura": 101, "percentil_infraestructura": 79.8 }, "geometry": { "type": "Point", "coordinates": [ -64.173298057738705, -31.4554158322251 ] } },
{ "type": "Feature", "properties": { "barrio": "AMPLIACION JOSE IGNACIO DIAZ SECCION 2", "poblacion": 1883.0, "hogares": 430.0, "nbi": 56.0, "pct_nbi": 13.02, "escuelas_total": 1, "escuelas_estatales": 1, "escuelas_privadas": 0, "dispensarios_municipales": 1, "paradas_colectivo": 8, "lineas_colectivo": 2, "luminarias_reportes": 0, "comisarias": 0, "centros_vecinales": 1, "hogares_por_poblacion": 0.228, "poblacion_log": 7.541, "pct_escuelas_privadas": 0.0, "escuelas_por_1000_hab": 0.53, "dispensarios_por_10000_hab": 5.31, "comisarias_por_10000_hab": 0.0, "paradas_por_1000_hab": 4.25, "centros_vecinales_por_10000_hab": 5.31, "tiene_escuela": 1, "tiene_dispensario": 1, "tiene_comisaria": 0, "tiene_transporte": 1, "infraestructura_score": 0.2927, "area_barrio_km2": 0.22, "densidad_poblacional": 8559.09, "densidad_hogares": 1954.55, "infraestructura_por_km2": 1.33, "educacion_ratio_publico_privado": 2.0, "cluster_barrio": 2, "cluster_descripcion": "Tipo C (Infr 0.16 - NBI 14.4%)", "categoria_infraestructura": "Alta", "tooltip_barrio": "<b>AMPLIACION JOSE IGNACIO DIAZ SECCION 2</b><br>Pob: 1883.0<br>Score: 0.29 (Alta)", "servicios_basicos_score": 1.0, "infraestructura_por_habitante": 1.5544, "ranking_infraestructura": 140, "percentil_infraestructura": 71.9 }, "geometry": { "type": "Point", "coordinates": [ -64.146600727316596, -31.4509219153054 ] } },
{ "type": "Feature", "properties": { "barrio": "AMPLIACION JOSE IGNACIO DIAZ SECCION 3", "poblacion": 668.0, "hogares": 200.0, "nbi": 22.0, "pct_nbi": 11.0, "escuelas_total": 0, "escuelas_estatales": 0, "escuelas_privadas": 0, "dispensarios_municipales": 0, "paradas_colectivo": 9, "lineas_colectivo": 3, "luminarias_reportes": 0, "comisarias": 0, "centros_vecinales": 1, "hogares_por_poblacion": 0.299, "poblacion_log": 6.506, "pct_escuelas_privadas": 0.0, "escuelas_por_1000_hab": 0.0, "dispensarios_por_10000_hab": 0.0, "comisarias_por_10000_hab": 0.0, "paradas_por_1000_hab": 13.47, "centros_vecinales_por_10000_hab": 14.97, "tiene_escuela": 0, "tiene_dispensario": 0, "tiene_comisaria": 0, "tiene_transporte": 1, "infraestructura_score": 0.2494, "area_barrio_km2": 0.17, "densidad_poblacional": 3929.41, "densidad_hogares": 1176.47, "infraestructura_por_km2": 1.467, "educacion_ratio_publico_privado": 1.0, "cluster_barrio": 3, "cluster_descripcion": "Tipo D (Infr 0.40 - NBI 2.8%)", "categoria_infraestructura": "Alta", "tooltip_barrio": "<b>AMPLIACION JOSE IGNACIO DIAZ SECCION 3</b><br>Pob: 668.0<br>Score: 0.25 (Alta)", "servicios_basicos_score": 0.33, "infraestructura_por_habitante": 3.7335, "ranking_infraestructura": 167, "percentil_infraestructura": 66.4 }, "geometry": { "type": "Point", "coordinates": [ -64.143218137555806, -31.4507822343279 ] } },
{ "type": "Feature", "properties": { "barrio": "AMPLIACION KENNEDY", "poblacion": 500.0, "hogares": 200.0, "nbi": 7.0, "pct_nbi": 3.5, "escuelas_total": 0, "escuelas_estatales": 0, "escuelas_privadas": 0, "dispensarios_municipales": 0, "paradas_colectivo": 12, "lineas_colectivo": 3, "luminarias_reportes": 20, "comisarias": 0, "centros_vecinales": 0, "hogares_por_poblacion": 0.4, "poblacion_log": 6.217, "pct_escuelas_privadas": 0.0, "escuelas_por_1000_hab": 0.0, "dispensarios_por_10000_hab": 0.0, "comisarias_por_10000_hab": 0.0, "paradas_por_1000_hab": 24.0, "centros_vecinales_por_10000_hab": 0.0, "tiene_escuela": 0, "tiene_dispensario": 0, "tiene_comisaria": 0, "tiene_transporte": 1, "infraestructura_score": 0.4444, "area_barrio_km2": 0.06, "densidad_poblacional": 8333.33, "densidad_hogares": 3333.33, "infraestructura_por_km2": 7.407, "educacion_ratio_publico_privado": 1.0, "cluster_barrio": 3, "cluster_descripcion": "Tipo D (Infr 0.40 - NBI 2.8%)", "categoria_infraestructura": "Muy Alta", "tooltip_barrio": "<b>AMPLIACION KENNEDY</b><br>Pob: 500.0<br>Score: 0.44 (Muy Alta)", "servicios_basicos_score": 0.33, "infraestructura_por_habitante": 8.888, "ranking_infraestructura": 59, "percentil_infraestructura": 87.4 }, "geometry": { "type": "Point", "coordinates": [ -64.194388163618299, -31.4562968531853 ] } },
{ "type": "Feature", "properties": { "barrio": "AMPLIACION LAS PALMAS", "poblacion": 1750.0, "hogares": 513.0, "nbi": 12.0, "pct_nbi": 2.34, "escuelas_total": 2, "escuelas_estatales": 2, "escuelas_privadas": 0, "dispensarios_municipales": 0, "paradas_colectivo": 19, "lineas_colectivo": 8, "luminarias_reportes": 182, "comisarias": 0, "centros_vecinales": 1, "hogares_por_poblacion": 0.293, "poblacion_log": 7.468, "pct_escuelas_privadas": 0.0, "escuelas_por_1000_hab": 1.14, "dispensarios_por_10000_hab": 0.0, "comisarias_por_10000_hab": 0.0, "paradas_por_1000_hab": 10.86, "centros_vecinales_por_10000_hab": 5.71, "tiene_escuela": 1, "tiene_dispensario": 0, "tiene_comisaria": 0, "tiene_transporte": 1, "infraestructura_score": 0.2802, "area_barrio_km2": 0.23, "densidad_poblacional": 7608.7, "densidad_hogares": 2230.43, "infraestructura_por_km2": 1.218, "educacion_ratio_publico_privado": 3.0, "cluster_barrio": 1, "cluster_descripcion": "Tipo B (Infr 0.14 - NBI 3.0%)", "categoria_infraestructura": "Alta", "tooltip_barrio": "<b>AMPLIACION LAS PALMAS</b><br>Pob: 1750.0<br>Score: 0.28 (Alta)", "servicios_basicos_score": 0.67, "infraestructura_por_habitante": 1.6011, "ranking_infraestructura": 147, "percentil_infraestructura": 70.4 }, "geometry": { "type": "Point", "coordinates": [ -64.242859773251197, -31.4010828106417 ] } },
{ "type": "Feature", "properties": { "barrio": "AMPLIACION LOS ALAMOS", "poblacion": 795.0, "hogares": 200.0, "nbi": 4.0, "pct_nbi": 2.0, "escuelas_total": 0, "escuelas_estatales": 0, "escuelas_privadas": 0, "dispensarios_municipales": 0, "paradas_colectivo": 6, "lineas_colectivo": 6, "luminarias_reportes": 0, "comisarias": 0, "centros_vecinales": 0, "hogares_por_poblacion": 0.252, "poblacion_log": 6.68, "pct_escuelas_privadas": 0.0, "escuelas_por_1000_hab": 0.0, "dispensarios_por_10000_hab": 0.0, "comisarias_por_10000_hab": 0.0, "paradas_por_1000_hab": 7.55, "centros_vecinales_por_10000_hab": 0.0, "tiene_escuela": 0, "tiene_dispensario": 0, "tiene_comisaria": 0, "tiene_transporte": 1, "infraestructura_score": 0.1398, "area_barrio_km2": 0.09, "densidad_poblacional": 8833.33, "densidad_hogares": 2222.22, "infraestructura_por_km2": 1.553, "educacion_ratio_publico_privado": 1.0, "cluster_barrio": 1, "cluster_descripcion": "Tipo B (Infr 0.14 - NBI 3.0%)", "categoria_infraestructura": "Baja", "tooltip_barrio": "<b>AMPLIACION LOS ALAMOS</b><br>Pob: 795.0<br>Score: 0.14 (Baja)", "servicios_basicos_score": 0.33, "infraestructura_por_habitante": 1.7585, "ranking_infraestructura": 305, "percentil_infraestructura": 38.5 }, "geometry": { "type": "Point", "coordinates": [ -64.154291942821402, -31.364416650738601 ] } },
{ "type": "Feature", "properties": { "barrio": "AMPLIACION LOS PLATANOS", "poblacion": 1060.0, "hogares": 281.0, "nbi": 10.0, "pct_nbi": 3.56, "escuelas_total": 0, "escuelas_estatales": 0, "escuelas_privadas": 0, "dispensarios_municipales": 0, "paradas_colectivo": 5, "lineas_colectivo": 2, "luminarias_reportes": 18, "comisarias": 0, "centros_vecinales": 1, "hogares_por_poblacion": 0.265, "poblacion_log": 6.967, "pct_escuelas_privadas": 0.0, "escuelas_por_1000_hab": 0.0, "dispensarios_por_10000_hab": 0.0, "comisarias_por_10000_hab": 0.0, "paradas_por_1000_hab": 4.72, "centros_vecinales_por_10000_hab": 9.43, "tiene_escuela": 0, "tiene_dispensario": 0, "tiene_comisaria": 0, "tiene_transporte": 1, "infraestructura_score": 0.0874, "area_barrio_km2": 0.09, "densidad_poblacional": 11777.78, "densidad_hogares": 3122.22, "infraestructura_por_km2": 0.971, "educacion_ratio_publico_privado": 1.0, "cluster_barrio": 1, "cluster_descripcion": "Tipo B (Infr 0.14 - NBI 3.0%)", "categoria_infraestructura": "Baja", "tooltip_barrio": "<b>AMPLIACION LOS PLATANOS</b><br>Pob: 1060.0<br>Score: 0.09 (Baja)", "servicios_basicos_score": 0.33, "infraestructura_por_habitante": 0.8245, "ranking_infraestructura": 386, "percentil_infraestructura": 22.0 }, "geometry": { "type": "Point", "coordinates": [ -64.234140557603595, -31.4186010236435 ] } },
{ "type": "Feature", "properties": { "barrio": "AMPLIACION PALMAR", "poblacion": 1356.0, "hogares": 380.0, "nbi": 6.0, "pct_nbi": 1.58, "escuelas_total": 2, "escuelas_estatales": 2, "escuelas_privadas": 0, "dispensarios_municipales": 0, "paradas_colectivo": 11, "lineas_colectivo": 2, "luminarias_reportes": 7, "comisarias": 0, "centros_vecinales": 1, "hogares_por_poblacion": 0.28, "poblacion_log": 7.213, "pct_escuelas_privadas": 0.0, "escuelas_por_1000_hab": 1.47, "dispensarios_por_10000_hab": 0.0, "comisarias_por_10000_hab": 0.0, "paradas_por_1000_hab": 8.11, "centros_vecinales_por_10000_hab": 7.37, "tiene_escuela": 1, "tiene_dispensario": 0, "tiene_comisaria": 0, "tiene_transporte": 1, "infraestructura_score": 0.2522, "area_barrio_km2": 0.16, "densidad_poblacional": 8475.0, "densidad_hogares": 2375.0, "infraestructura_por_km2": 1.576, "educacion_ratio_publico_privado": 3.0, "cluster_barrio": 1, "cluster_descripcion": "Tipo B (Infr 0.14 - NBI 3.0%)", "categoria_infraestructura": "Alta", "tooltip_barrio": "<b>AMPLIACION PALMAR</b><br>Pob: 1356.0<br>Score: 0.25 (Alta)", "servicios_basicos_score": 0.67, "infraestructura_por_habitante": 1.8599, "ranking_infraestructura": 162, "percentil_infraestructura": 67.4 }, "geometry": { "type": "Point", "coordinates": [ -64.120252778461307, -31.3875352636237 ] } },
{ "type": "Feature", "properties": { "barrio": "AMPLIACION PANAMERICANO", "poblacion": 1545.0, "hogares": 528.0, "nbi": 10.0, "pct_nbi": 1.89, "escuelas_total": 0, "escuelas_estatales": 0, "escuelas_privadas": 0, "dispensarios_municipales": 0, "paradas_colectivo": 4, "lineas_colectivo": 3, "luminarias_reportes": 54, "comisarias": 0, "centros_vecinales": 1, "hogares_por_poblacion": 0.342, "poblacion_log": 7.343, "pct_escuelas_privadas": 0.0, "escuelas_por_1000_hab": 0.0, "dispensarios_por_10000_hab": 0.0, "comisarias_por_10000_hab": 0.0, "paradas_por_1000_hab": 2.59, "centros_vecinales_por_10000_hab": 6.47, "tiene_escuela": 0, "tiene_dispensario": 0, "tiene_comisaria": 0, "tiene_transporte": 1, "infraestructura_score": 0.048, "area_barrio_km2": 0.56, "densidad_poblacional": 2758.93, "densidad_hogares": 942.86, "infraestructura_por_km2": 0.086, "educacion_ratio_publico_privado": 1.0, "cluster_barrio": 1, "cluster_descripcion": "Tipo B (Infr 0.14 - NBI 3.0%)", "categoria_infraestructura": "Muy Baja", "tooltip_barrio": "<b>AMPLIACION PANAMERICANO</b><br>Pob: 1545.0<br>Score: 0.05 (Muy Baja)", "servicios_basicos_score": 0.33, "infraestructura_por_habitante": 0.3107, "ranking_infraestructura": 437, "percentil_infraestructura": 11.7 }, "geometry": { "type": "Point", "coordinates": [ -64.179988667288896, -31.365476066006 ] } },
{ "type": "Feature", "properties": { "barrio": "AMPLIACION PARQUE SAN CARLOS", "poblacion": 1070.0, "hogares": 311.0, "nbi": 4.0, "pct_nbi": 1.29, "escuelas_total": 0, "escuelas_estatales": 0, "escuelas_privadas": 0, "dispensarios_municipales": 0, "paradas_colectivo": 4, "lineas_colectivo": 2, "luminarias_reportes": 0, "comisarias": 0, "centros_vecinales": 0, "hogares_por_poblacion": 0.291, "poblacion_log": 6.976, "pct_escuelas_privadas": 0.0, "escuelas_por_1000_hab": 0.0, "dispensarios_por_10000_hab": 0.0, "comisarias_por_10000_hab": 0.0, "paradas_por_1000_hab": 3.74, "centros_vecinales_por_10000_hab": 0.0, "tiene_escuela": 0, "tiene_dispensario": 0, "tiene_comisaria": 0, "tiene_transporte": 1, "infraestructura_score": 0.0693, "area_barrio_km2": 0.11, "densidad_poblacional": 9727.27, "densidad_hogares": 2827.27, "infraestructura_por_km2": 0.63, "educacion_ratio_publico_privado": 1.0, "cluster_barrio": 1, "cluster_descripcion": "Tipo B (Infr 0.14 - NBI 3.0%)", "categoria_infraestructura": "Muy Baja", "tooltip_barrio": "<b>AMPLIACION PARQUE SAN CARLOS</b><br>Pob: 1070.0<br>Score: 0.07 (Muy Baja)", "servicios_basicos_score": 0.33, "infraestructura_por_habitante": 0.6477, "ranking_infraestructura": 422, "percentil_infraestructura": 14.8 }, "geometry": { "type": "Point", "coordinates": [ -64.156384165343695, -31.449958521527599 ] } },
{ "type": "Feature", "properties": { "barrio": "AMPLIACION POETA LUGONES", "poblacion": 2830.0, "hogares": 839.0, "nbi": 2.0, "pct_nbi": 0.24, "escuelas_total": 1, "escuelas_estatales": 1, "escuelas_privadas": 0, "dispensarios_municipales": 0, "paradas_colectivo": 9, "lineas_colectivo": 2, "luminarias_reportes": 147, "comisarias": 0, "centros_vecinales": 1, "hogares_por_poblacion": 0.296, "poblacion_log": 7.948, "pct_escuelas_privadas": 0.0, "escuelas_por_1000_hab": 0.35, "dispensarios_por_10000_hab": 0.0, "comisarias_por_10000_hab": 0.0, "paradas_por_1000_hab": 3.18, "centros_vecinales_por_10000_hab": 3.53, "tiene_escuela": 1, "tiene_dispensario": 0, "tiene_comisaria": 0, "tiene_transporte": 1, "infraestructura_score": 0.0832, "area_barrio_km2": 0.49, "densidad_poblacional": 5775.51, "densidad_hogares": 1712.24, "infraestructura_por_km2": 0.17, "educacion_ratio_publico_privado": 2.0, "cluster_barrio": 1, "cluster_descripcion": "Tipo B (Infr 0.14 - NBI 3.0%)", "categoria_infraestructura": "Baja", "tooltip_barrio": "<b>AMPLIACION POETA LUGONES</b><br>Pob: 2830.0<br>Score: 0.08 (Baja)", "servicios_basicos_score": 0.67, "infraestructura_por_habitante": 0.294, "ranking_infraestructura": 395, "percentil_infraestructura": 20.2 }, "geometry": { "type": "Point", "coordinates": [ -64.222766984913207, -31.359759551625402 ] } },
{ "type": "Feature", "properties": { "barrio": "AMPLIACION PRIMERO DE MAYO", "poblacion": 1690.0, "hogares": 389.0, "nbi": 40.0, "pct_nbi": 10.28, "escuelas_total": 3, "escuelas_estatales": 0, "escuelas_privadas": 3, "dispensarios_municipales": 0, "paradas_colectivo": 6, "lineas_colectivo": 3, "luminarias_reportes": 0, "comisarias": 0, "centros_vecinales": 1, "hogares_por_poblacion": 0.23, "poblacion_log": 7.433, "pct_escuelas_privadas": 1.0, "escuelas_por_1000_hab": 1.78, "dispensarios_por_10000_hab": 0.0, "comisarias_por_10000_hab": 0.0, "paradas_por_1000_hab": 3.55, "centros_vecinales_por_10000_hab": 5.92, "tiene_escuela": 1, "tiene_dispensario": 0, "tiene_comisaria": 0, "tiene_transporte": 1, "infraestructura_score": 0.1893, "area_barrio_km2": 0.13, "densidad_poblacional": 13000.0, "densidad_hogares": 2992.31, "infraestructura_por_km2": 1.456, "educacion_ratio_publico_privado": 0.25, "cluster_barrio": 2, "cluster_descripcion": "Tipo C (Infr 0.16 - NBI 14.4%)", "categoria_infraestructura": "Media", "tooltip_barrio": "<b>AMPLIACION PRIMERO DE MAYO</b><br>Pob: 1690.0<br>Score: 0.19 (Media)", "servicios_basicos_score": 0.67, "infraestructura_por_habitante": 1.1201, "ranking_infraestructura": 235, "percentil_infraestructura": 52.6 }, "geometry": { "type": "Point", "coordinates": [ -64.112337093766101, -31.4437153991218 ] } },
{ "type": "Feature", "properties": { "barrio": "AMPLIACION PUEYRREDON", "poblacion": 1809.0, "hogares": 553.0, "nbi": 14.0, "pct_nbi": 2.53, "escuelas_total": 5, "escuelas_estatales": 4, "escuelas_privadas": 1, "dispensarios_municipales": 0, "paradas_colectivo": 14, "lineas_colectivo": 5, "luminarias_reportes": 18, "comisarias": 0, "centros_vecinales": 1, "hogares_por_poblacion": 0.306, "poblacion_log": 7.501, "pct_escuelas_privadas": 0.2, "escuelas_por_1000_hab": 2.76, "dispensarios_por_10000_hab": 0.0, "comisarias_por_10000_hab": 0.0, "paradas_por_1000_hab": 7.74, "centros_vecinales_por_10000_hab": 5.53, "tiene_escuela": 1, "tiene_dispensario": 0, "tiene_comisaria": 0, "tiene_transporte": 1, "infraestructura_score": 0.3349, "area_barrio_km2": 0.23, "densidad_poblacional": 7865.22, "densidad_hogares": 2404.35, "infraestructura_por_km2": 1.456, "educacion_ratio_publico_privado": 2.5, "cluster_barrio": 0, "cluster_descripcion": "Tipo A (Infr 0.57 - NBI 4.5%)", "categoria_infraestructura": "Alta", "tooltip_barrio": "<b>AMPLIACION PUEYRREDON</b><br>Pob: 1809.0<br>Score: 0.33 (Alta)", "servicios_basicos_score": 0.67, "infraestructura_por_habitante": 1.8513, "ranking_infraestructura": 107, "percentil_infraestructura": 78.5 }, "geometry": { "type": "Point", "coordinates": [ -64.145082179747703, -31.393666954667999 ] } },
{ "type": "Feature", "properties": { "barrio": "AMPLIACION RESIDENCIAL AMERICA", "poblacion": 5488.0, "hogares": 1603.0, "nbi": 53.0, "pct_nbi": 3.31, "escuelas_total": 7, "escuelas_estatales": 4, "escuelas_privadas": 3, "dispensarios_municipales": 0, "paradas_colectivo": 9, "lineas_colectivo": 1, "luminarias_reportes": 133, "comisarias": 0, "centros_vecinales": 2, "hogares_por_poblacion": 0.292, "poblacion_log": 8.611, "pct_escuelas_privadas": 0.429, "escuelas_por_1000_hab": 1.28, "dispensarios_por_10000_hab": 0.0, "comisarias_por_10000_hab": 0.0, "paradas_por_1000_hab": 1.64, "centros_vecinales_por_10000_hab": 3.64, "tiene_escuela": 1, "tiene_dispensario": 0, "tiene_comisaria": 0, "tiene_transporte": 1, "infraestructura_score": 0.1192, "area_barrio_km2": 0.59, "densidad_poblacional": 9301.69, "densidad_hogares": 2716.95, "infraestructura_por_km2": 0.202, "educacion_ratio_publico_privado": 1.25, "cluster_barrio": 1, "cluster_descripcion": "Tipo B (Infr 0.14 - NBI 3.0%)", "categoria_infraestructura": "Baja", "tooltip_barrio": "<b>AMPLIACION RESIDENCIAL AMERICA</b><br>Pob: 5488.0<br>Score: 0.12 (Baja)", "servicios_basicos_score": 0.67, "infraestructura_por_habitante": 0.2172, "ranking_infraestructura": 329, "percentil_infraestructura": 33.6 }, "geometry": { "type": "Point", "coordinates": [ -64.161233126445296, -31.376008249887999 ] } },
{ "type": "Feature", "properties": { "barrio": "AMPLIACION ROSEDAL", "poblacion": 3123.0, "hogares": 814.0, "nbi": 40.0, "pct_nbi": 4.91, "escuelas_total": 0, "escuelas_estatales": 0, "escuelas_privadas": 0, "dispensarios_municipales": 1, "paradas_colectivo": 8, "lineas_colectivo": 3, "luminarias_reportes": 276, "comisarias": 0, "centros_vecinales": 1, "hogares_por_poblacion": 0.261, "poblacion_log": 8.047, "pct_escuelas_privadas": 0.0, "escuelas_por_1000_hab": 0.0, "dispensarios_por_10000_hab": 3.2, "comisarias_por_10000_hab": 0.0, "paradas_por_1000_hab": 2.56, "centros_vecinales_por_10000_hab": 3.2, "tiene_escuela": 0, "tiene_dispensario": 1, "tiene_comisaria": 0, "tiene_transporte": 1, "infraestructura_score": 0.1542, "area_barrio_km2": 0.32, "densidad_poblacional": 9759.38, "densidad_hogares": 2543.75, "infraestructura_por_km2": 0.482, "educacion_ratio_publico_privado": 1.0, "cluster_barrio": 1, "cluster_descripcion": "Tipo B (Infr 0.14 - NBI 3.0%)", "categoria_infraestructura": "Media", "tooltip_barrio": "<b>AMPLIACION ROSEDAL</b><br>Pob: 3123.0<br>Score: 0.15 (Media)", "servicios_basicos_score": 0.67, "infraestructura_por_habitante": 0.4938, "ranking_infraestructura": 280, "percentil_infraestructura": 43.5 }, "geometry": { "type": "Point", "coordinates": [ -64.224239317809406, -31.4399633501796 ] } },
{ "type": "Feature", "properties": { "barrio": "AMPLIACION SAN FERNANDO", "poblacion": 3375.0, "hogares": 1000.0, "nbi": 48.0, "pct_nbi": 4.8, "escuelas_total": 0, "escuelas_estatales": 0, "escuelas_privadas": 0, "dispensarios_municipales": 0, "paradas_colectivo": 5, "lineas_colectivo": 1, "luminarias_reportes": 80, "comisarias": 0, "centros_vecinales": 0, "hogares_por_poblacion": 0.296, "poblacion_log": 8.124, "pct_escuelas_privadas": 0.0, "escuelas_por_1000_hab": 0.0, "dispensarios_por_10000_hab": 0.0, "comisarias_por_10000_hab": 0.0, "paradas_por_1000_hab": 1.48, "centros_vecinales_por_10000_hab": 0.0, "tiene_escuela": 0, "tiene_dispensario": 0, "tiene_comisaria": 0, "tiene_transporte": 1, "infraestructura_score": 0.0274, "area_barrio_km2": 0.36, "densidad_poblacional": 9375.0, "densidad_hogares": 2777.78, "infraestructura_por_km2": 0.076, "educacion_ratio_publico_privado": 1.0, "cluster_barrio": 1, "cluster_descripcion": "Tipo B (Infr 0.14 - NBI 3.0%)", "categoria_infraestructura": "Muy Baja", "tooltip_barrio": "<b>AMPLIACION SAN FERNANDO</b><br>Pob: 3375.0<br>Score: 0.03 (Muy Baja)", "servicios_basicos_score": 0.33, "infraestructura_por_habitante": 0.0812, "ranking_infraestructura": 457, "percentil_infraestructura": 7.7 }, "geometry": { "type": "Point", "coordinates": [ -64.191618433940107, -31.4534767190212 ] } },
{ "type": "Feature", "properties": { "barrio": "AMPLIACION SAN PABLO", "poblacion": 2247.0, "hogares": 735.0, "nbi": 2.0, "pct_nbi": 0.27, "escuelas_total": 4, "escuelas_estatales": 4, "escuelas_privadas": 0, "dispensarios_municipales": 0, "paradas_colectivo": 5, "lineas_colectivo": 2, "luminarias_reportes": 66, "comisarias": 0, "centros_vecinales": 1, "hogares_por_poblacion": 0.327, "poblacion_log": 7.718, "pct_escuelas_privadas": 0.0, "escuelas_por_1000_hab": 1.78, "dispensarios_por_10000_hab": 0.0, "comisarias_por_10000_hab": 0.0, "paradas_por_1000_hab": 2.23, "centros_vecinales_por_10000_hab": 4.45, "tiene_escuela": 1, "tiene_dispensario": 0, "tiene_comisaria": 0, "tiene_transporte": 1, "infraestructura_score": 0.1648, "area_barrio_km2": 0.18, "densidad_poblacional": 12483.33, "densidad_hogares": 4083.33, "infraestructura_por_km2": 0.916, "educacion_ratio_publico_privado": 5.0, "cluster_barrio": 1, "cluster_descripcion": "Tipo B (Infr 0.14 - NBI 3.0%)", "categoria_infraestructura": "Media", "tooltip_barrio": "<b>AMPLIACION SAN PABLO</b><br>Pob: 2247.0<br>Score: 0.16 (Media)", "servicios_basicos_score": 0.67, "infraestructura_por_habitante": 0.7334, "ranking_infraestructura": 266, "percentil_infraestructura": 46.4 }, "geometry": { "type": "Point", "coordinates": [ -64.159721455458893, -31.4520403999847 ] } },
{ "type": "Feature", "properties": { "barrio": "AMPLIACION URCA", "poblacion": 2059.0, "hogares": 630.0, "nbi": 3.0, "pct_nbi": 0.48, "escuelas_total": 0, "escuelas_estatales": 0, "escuelas_privadas": 0, "dispensarios_municipales": 0, "paradas_colectivo": 0, "lineas_colectivo": 0, "luminarias_reportes": 0, "comisarias": 0, "centros_vecinales": 0, "hogares_por_poblacion": 0.306, "poblacion_log": 7.63, "pct_escuelas_privadas": 0.0, "escuelas_por_1000_hab": 0.0, "dispensarios_por_10000_hab": 0.0, "comisarias_por_10000_hab": 0.0, "paradas_por_1000_hab": 0.0, "centros_vecinales_por_10000_hab": 0.0, "tiene_escuela": 0, "tiene_dispensario": 0, "tiene_comisaria": 0, "tiene_transporte": 0, "infraestructura_score": 0.0, "area_barrio_km2": 0.5, "densidad_poblacional": 4118.0, "densidad_hogares": 1260.0, "infraestructura_por_km2": 0.0, "educacion_ratio_publico_privado": 1.0, "cluster_barrio": 1, "cluster_descripcion": "Tipo B (Infr 0.14 - NBI 3.0%)", "categoria_infraestructura": "Muy Baja", "tooltip_barrio": "<b>AMPLIACION URCA</b><br>Pob: 2059.0<br>Score: 0.00 (Muy Baja)", "servicios_basicos_score": 0.0, "infraestructura_por_habitante": 0.0, "ranking_infraestructura": 469, "percentil_infraestructura": 2.7 }, "geometry": { "type": "Point", "coordinates": [ -64.239705764308695, -31.386101477602399 ] } },
{ "type": "Feature", "properties": { "barrio": "AMPLIACION VELEZ SARSFIELD", "poblacion": 1625.0, "hogares": 449.0, "nbi": 14.0, "pct_nbi": 3.12, "escuelas_total": 0, "escuelas_estatales": 0, "escuelas_privadas": 0, "dispensarios_municipales": 0, "paradas_colectivo": 10, "lineas_colectivo": 4, "luminarias_reportes": 49, "comisarias": 0, "centros_vecinales": 0, "hogares_por_poblacion": 0.276, "poblacion_log": 7.394, "pct_escuelas_privadas": 0.0, "escuelas_por_1000_hab": 0.0, "dispensarios_por_10000_hab": 0.0, "comisarias_por_10000_hab": 0.0, "paradas_por_1000_hab": 6.15, "centros_vecinales_por_10000_hab": 0.0, "tiene_escuela": 0, "tiene_dispensario": 0, "tiene_comisaria": 0, "tiene_transporte": 1, "infraestructura_score": 0.1139, "area_barrio_km2": 0.19, "densidad_poblacional": 8552.63, "densidad_hogares": 2363.16, "infraestructura_por_km2": 0.599, "educacion_ratio_publico_privado": 1.0, "cluster_barrio": 1, "cluster_descripcion": "Tipo B (Infr 0.14 - NBI 3.0%)", "categoria_infraestructura": "Baja", "tooltip_barrio": "<b>AMPLIACION VELEZ SARSFIELD</b><br>Pob: 1625.0<br>Score: 0.11 (Baja)", "servicios_basicos_score": 0.33, "infraestructura_por_habitante": 0.7009, "ranking_infraestructura": 338, "percentil_infraestructura": 31.8 }, "geometry": { "type": "Point", "coordinates": [ -64.215583946543802, -31.4536351703001 ] } },
{ "type": "Feature", "properties": { "barrio": "ANA MARIA ZUMARAN", "poblacion": 3542.0, "hogares": 1198.0, "nbi": 36.0, "pct_nbi": 3.01, "escuelas_total": 7, "escuelas_estatales": 4, "escuelas_privadas": 3, "dispensarios_municipales": 0, "paradas_colectivo": 6, "lineas_colectivo": 4, "luminarias_reportes": 269, "comisarias": 0, "centros_vecinales": 1, "hogares_por_poblacion": 0.338, "poblacion_log": 8.173, "pct_escuelas_privadas": 0.429, "escuelas_por_1000_hab": 1.98, "dispensarios_por_10000_hab": 0.0, "comisarias_por_10000_hab": 0.0, "paradas_por_1000_hab": 1.69, "centros_vecinales_por_10000_hab": 2.82, "tiene_escuela": 1, "tiene_dispensario": 0, "tiene_comisaria": 0, "tiene_transporte": 1, "infraestructura_score": 0.1687, "area_barrio_km2": 0.4, "densidad_poblacional": 8855.0, "densidad_hogares": 2995.0, "infraestructura_por_km2": 0.422, "educacion_ratio_publico_privado": 1.25, "cluster_barrio": 1, "cluster_descripcion": "Tipo B (Infr 0.14 - NBI 3.0%)", "categoria_infraestructura": "Media", "tooltip_barrio": "<b>ANA MARIA ZUMARAN</b><br>Pob: 3542.0<br>Score: 0.17 (Media)", "servicios_basicos_score": 0.67, "infraestructura_por_habitante": 0.4763, "ranking_infraestructura": 257, "percentil_infraestructura": 48.2 }, "geometry": { "type": "Point", "coordinates": [ -64.201274173708399, -31.378893984669901 ] } },
{ "type": "Feature", "properties": { "barrio": "ANEXO LOS ALAMOS", "poblacion": 757.0, "hogares": 218.0, "nbi": 3.0, "pct_nbi": 1.38, "escuelas_total": 0, "escuelas_estatales": 0, "escuelas_privadas": 0, "dispensarios_municipales": 0, "paradas_colectivo": 7, "lineas_colectivo": 3, "luminarias_reportes": 0, "comisarias": 0, "centros_vecinales": 0, "hogares_por_poblacion": 0.288, "poblacion_log": 6.631, "pct_escuelas_privadas": 0.0, "escuelas_por_1000_hab": 0.0, "dispensarios_por_10000_hab": 0.0, "comisarias_por_10000_hab": 0.0, "paradas_por_1000_hab": 9.25, "centros_vecinales_por_10000_hab": 0.0, "tiene_escuela": 0, "tiene_dispensario": 0, "tiene_comisaria": 0, "tiene_transporte": 1, "infraestructura_score": 0.1713, "area_barrio_km2": 0.04, "densidad_poblacional": 18925.0, "densidad_hogares": 5450.0, "infraestructura_por_km2": 4.282, "educacion_ratio_publico_privado": 1.0, "cluster_barrio": 1, "cluster_descripcion": "Tipo B (Infr 0.14 - NBI 3.0%)", "categoria_infraestructura": "Media", "tooltip_barrio": "<b>ANEXO LOS ALAMOS</b><br>Pob: 757.0<br>Score: 0.17 (Media)", "servicios_basicos_score": 0.33, "infraestructura_por_habitante": 2.2629, "ranking_infraestructura": 253, "percentil_infraestructura": 49.0 }, "geometry": { "type": "Point", "coordinates": [ -64.159451401446503, -31.366664245274499 ] } },
{ "type": "Feature", "properties": { "barrio": "APEADERO LA TABLADA", "poblacion": 500.0, "hogares": 200.0, "nbi": 3.0, "pct_nbi": 1.5, "escuelas_total": 0, "escuelas_estatales": 0, "escuelas_privadas": 0, "dispensarios_municipales": 0, "paradas_colectivo": 2, "lineas_colectivo": 2, "luminarias_reportes": 33, "comisarias": 0, "centros_vecinales": 0, "hogares_por_poblacion": 0.4, "poblacion_log": 6.217, "pct_escuelas_privadas": 0.0, "escuelas_por_1000_hab": 0.0, "dispensarios_por_10000_hab": 0.0, "comisarias_por_10000_hab": 0.0, "paradas_por_1000_hab": 4.0, "centros_vecinales_por_10000_hab": 0.0, "tiene_escuela": 0, "tiene_dispensario": 0, "tiene_comisaria": 0, "tiene_transporte": 1, "infraestructura_score": 0.0741, "area_barrio_km2": 0.09, "densidad_poblacional": 5555.56, "densidad_hogares": 2222.22, "infraestructura_por_km2": 0.823, "educacion_ratio_publico_privado": 1.0, "cluster_barrio": 1, "cluster_descripcion": "Tipo B (Infr 0.14 - NBI 3.0%)", "categoria_infraestructura": "Muy Baja", "tooltip_barrio": "<b>APEADERO LA TABLADA</b><br>Pob: 500.0<br>Score: 0.07 (Muy Baja)", "servicios_basicos_score": 0.33, "infraestructura_por_habitante": 1.482, "ranking_infraestructura": 406, "percentil_infraestructura": 17.5 }, "geometry": { "type": "Point", "coordinates": [ -64.235597500668902, -31.3520184390118 ] } },
{ "type": "Feature", "properties": { "barrio": "ARGUELLO", "poblacion": 14865.0, "hogares": 4354.0, "nbi": 87.0, "pct_nbi": 2.0, "escuelas_total": 24, "escuelas_estatales": 5, "escuelas_privadas": 19, "dispensarios_municipales": 0, "paradas_colectivo": 15, "lineas_colectivo": 3, "luminarias_reportes": 533, "comisarias": 0, "centros_vecinales": 1, "hogares_por_poblacion": 0.293, "poblacion_log": 9.607, "pct_escuelas_privadas": 0.792, "escuelas_por_1000_hab": 1.61, "dispensarios_por_10000_hab": 0.0, "comisarias_por_10000_hab": 0.0, "paradas_por_1000_hab": 1.01, "centros_vecinales_por_10000_hab": 0.67, "tiene_escuela": 1, "tiene_dispensario": 0, "tiene_comisaria": 0, "tiene_transporte": 1, "infraestructura_score": 0.1304, "area_barrio_km2": 4.98, "densidad_poblacional": 2984.94, "densidad_hogares": 874.3, "infraestructura_por_km2": 0.026, "educacion_ratio_publico_privado": 0.3, "cluster_barrio": 1, "cluster_descripcion": "Tipo B (Infr 0.14 - NBI 3.0%)", "categoria_infraestructura": "Baja", "tooltip_barrio": "<b>ARGUELLO</b><br>Pob: 14865.0<br>Score: 0.13 (Baja)", "servicios_basicos_score": 0.67, "infraestructura_por_habitante": 0.0877, "ranking_infraestructura": 316, "percentil_infraestructura": 36.2 }, "geometry": { "type": "Point", "coordinates": [ -64.262051826128001, -31.346172242985901 ] } },
{ "type": "Feature", "properties": { "barrio": "ARGUELLO II", "poblacion": 2677.0, "hogares": 623.0, "nbi": 91.0, "pct_nbi": 14.61, "escuelas_total": 2, "escuelas_estatales": 2, "escuelas_privadas": 0, "dispensarios_municipales": 0, "paradas_colectivo": 3, "lineas_colectivo": 1, "luminarias_reportes": 0, "comisarias": 0, "centros_vecinales": 0, "hogares_por_poblacion": 0.233, "poblacion_log": 7.893, "pct_escuelas_privadas": 0.0, "escuelas_por_1000_hab": 0.75, "dispensarios_por_10000_hab": 0.0, "comisarias_por_10000_hab": 0.0, "paradas_por_1000_hab": 1.12, "centros_vecinales_por_10000_hab": 0.0, "tiene_escuela": 1, "tiene_dispensario": 0, "tiene_comisaria": 0, "tiene_transporte": 1, "infraestructura_score": 0.0728, "area_barrio_km2": 0.34, "densidad_poblacional": 7873.53, "densidad_hogares": 1832.35, "infraestructura_por_km2": 0.214, "educacion_ratio_publico_privado": 3.0, "cluster_barrio": 2, "cluster_descripcion": "Tipo C (Infr 0.16 - NBI 14.4%)", "categoria_infraestructura": "Muy Baja", "tooltip_barrio": "<b>ARGUELLO II</b><br>Pob: 2677.0<br>Score: 0.07 (Muy Baja)", "servicios_basicos_score": 0.67, "infraestructura_por_habitante": 0.2719, "ranking_infraestructura": 414, "percentil_infraestructura": 16.4 }, "geometry": { "type": "Point", "coordinates": [ -64.242239248677905, -31.324724991938499 ] } },
{ "type": "Feature", "properties": { "barrio": "ARGUELLO NORTE", "poblacion": 15574.0, "hogares": 4079.0, "nbi": 539.0, "pct_nbi": 13.21, "escuelas_total": 13, "escuelas_estatales": 11, "escuelas_privadas": 2, "dispensarios_municipales": 0, "paradas_colectivo": 20, "lineas_colectivo": 3, "luminarias_reportes": 59, "comisarias": 1, "centros_vecinales": 1, "hogares_por_poblacion": 0.262, "poblacion_log": 9.653, "pct_escuelas_privadas": 0.154, "escuelas_por_1000_hab": 0.83, "dispensarios_por_10000_hab": 0.0, "comisarias_por_10000_hab": 0.64, "paradas_por_1000_hab": 1.28, "centros_vecinales_por_10000_hab": 0.64, "tiene_escuela": 1, "tiene_dispensario": 0, "tiene_comisaria": 1, "tiene_transporte": 1, "infraestructura_score": 0.1269, "area_barrio_km2": 2.98, "densidad_poblacional": 5226.17, "densidad_hogares": 1368.79, "infraestructura_por_km2": 0.043, "educacion_ratio_publico_privado": 4.0, "cluster_barrio": 2, "cluster_descripcion": "Tipo C (Infr 0.16 - NBI 14.4%)", "categoria_infraestructura": "Baja", "tooltip_barrio": "<b>ARGUELLO NORTE</b><br>Pob: 15574.0<br>Score: 0.13 (Baja)", "servicios_basicos_score": 0.67, "infraestructura_por_habitante": 0.0815, "ranking_infraestructura": 320, "percentil_infraestructura": 35.3 }, "geometry": { "type": "Point", "coordinates": [ -64.248844893565604, -31.330818058016099 ] } },
{ "type": "Feature", "properties": { "barrio": "ARTURO CAPDEVILA", "poblacion": 1818.0, "hogares": 484.0, "nbi": 7.0, "pct_nbi": 1.45, "escuelas_total": 4, "escuelas_estatales": 4, "escuelas_privadas": 0, "dispensarios_municipales": 0, "paradas_colectivo": 18, "lineas_colectivo": 3, "luminarias_reportes": 24, "comisarias": 0, "centros_vecinales": 0, "hogares_por_poblacion": 0.266, "poblacion_log": 7.506, "pct_escuelas_privadas": 0.0, "escuelas_por_1000_hab": 2.2, "dispensarios_por_10000_hab": 0.0, "comisarias_por_10000_hab": 0.0, "paradas_por_1000_hab": 9.9, "centros_vecinales_por_10000_hab": 0.0, "tiene_escuela": 1, "tiene_dispensario": 0, "tiene_comisaria": 0, "tiene_transporte": 1, "infraestructura_score": 0.336, "area_barrio_km2": 0.15, "densidad_poblacional": 12120.0, "densidad_hogares": 3226.67, "infraestructura_por_km2": 2.24, "educacion_ratio_publico_privado": 5.0, "cluster_barrio": 3, "cluster_descripcion": "Tipo D (Infr 0.40 - NBI 2.8%)", "categoria_infraestructura": "Alta", "tooltip_barrio": "<b>ARTURO CAPDEVILA</b><br>Pob: 1818.0<br>Score: 0.34 (Alta)", "servicios_basicos_score": 0.67, "infraestructura_por_habitante": 1.8482, "ranking_infraestructura": 106, "percentil_infraestructura": 78.7 }, "geometry": { "type": "Point", "coordinates": [ -64.131224666199003, -31.376191018105601 ] } },
{ "type": "Feature", "properties": { "barrio": "ATE", "poblacion": 968.0, "hogares": 324.0, "nbi": 6.0, "pct_nbi": 1.85, "escuelas_total": 0, "escuelas_estatales": 0, "escuelas_privadas": 0, "dispensarios_municipales": 0, "paradas_colectivo": 13, "lineas_colectivo": 8, "luminarias_reportes": 189, "comisarias": 0, "centros_vecinales": 1, "hogares_por_poblacion": 0.335, "poblacion_log": 6.876, "pct_escuelas_privadas": 0.0, "escuelas_por_1000_hab": 0.0, "dispensarios_por_10000_hab": 0.0, "comisarias_por_10000_hab": 0.0, "paradas_por_1000_hab": 13.43, "centros_vecinales_por_10000_hab": 10.33, "tiene_escuela": 0, "tiene_dispensario": 0, "tiene_comisaria": 0, "tiene_transporte": 1, "infraestructura_score": 0.2487, "area_barrio_km2": 0.18, "densidad_poblacional": 5377.78, "densidad_hogares": 1800.0, "infraestructura_por_km2": 1.382, "educacion_ratio_publico_privado": 1.0, "cluster_barrio": 3, "cluster_descripcion": "Tipo D (Infr 0.40 - NBI 2.8%)", "categoria_infraestructura": "Alta", "tooltip_barrio": "<b>ATE</b><br>Pob: 968.0<br>Score: 0.25 (Alta)", "servicios_basicos_score": 0.33, "infraestructura_por_habitante": 2.5692, "ranking_infraestructura": 168, "percentil_infraestructura": 66.2 }, "geometry": { "type": "Point", "coordinates": [ -64.230755913667096, -31.434176445062398 ] } },
{ "type": "Feature", "properties": { "barrio": "AVENIDA", "poblacion": 1121.0, "hogares": 352.0, "nbi": 4.0, "pct_nbi": 1.14, "escuelas_total": 3, "escuelas_estatales": 0, "escuelas_privadas": 3, "dispensarios_municipales": 0, "paradas_colectivo": 5, "lineas_colectivo": 5, "luminarias_reportes": 72, "comisarias": 0, "centros_vecinales": 0, "hogares_por_poblacion": 0.314, "poblacion_log": 7.023, "pct_escuelas_privadas": 1.0, "escuelas_por_1000_hab": 2.68, "dispensarios_por_10000_hab": 0.0, "comisarias_por_10000_hab": 0.0, "paradas_por_1000_hab": 4.46, "centros_vecinales_por_10000_hab": 0.0, "tiene_escuela": 1, "tiene_dispensario": 0, "tiene_comisaria": 0, "tiene_transporte": 1, "infraestructura_score": 0.2686, "area_barrio_km2": 0.16, "densidad_poblacional": 7006.25, "densidad_hogares": 2200.0, "infraestructura_por_km2": 1.679, "educacion_ratio_publico_privado": 0.25, "cluster_barrio": 1, "cluster_descripcion": "Tipo B (Infr 0.14 - NBI 3.0%)", "categoria_infraestructura": "Alta", "tooltip_barrio": "<b>AVENIDA</b><br>Pob: 1121.0<br>Score: 0.27 (Alta)", "servicios_basicos_score": 0.67, "infraestructura_por_habitante": 2.3961, "ranking_infraestructura": 151, "percentil_infraestructura": 69.6 }, "geometry": { "type": "Point", "coordinates": [ -64.216962995784399, -31.4281121539283 ] } },
{ "type": "Feature", "properties": { "barrio": "AYACUCHO", "poblacion": 4356.0, "hogares": 1435.0, "nbi": 15.0, "pct_nbi": 1.05, "escuelas_total": 4, "escuelas_estatales": 2, "escuelas_privadas": 2, "dispensarios_municipales": 0, "paradas_colectivo": 38, "lineas_colectivo": 8, "luminarias_reportes": 185, "comisarias": 0, "centros_vecinales": 2, "hogares_por_poblacion": 0.329, "poblacion_log": 8.38, "pct_escuelas_privadas": 0.5, "escuelas_por_1000_hab": 0.92, "dispensarios_por_10000_hab": 0.0, "comisarias_por_10000_hab": 0.0, "paradas_por_1000_hab": 8.72, "centros_vecinales_por_10000_hab": 4.59, "tiene_escuela": 1, "tiene_dispensario": 0, "tiene_comisaria": 0, "tiene_transporte": 1, "infraestructura_score": 0.2253, "area_barrio_km2": 0.68, "densidad_poblacional": 6405.88, "densidad_hogares": 2110.29, "infraestructura_por_km2": 0.331, "educacion_ratio_publico_privado": 1.0, "cluster_barrio": 1, "cluster_descripcion": "Tipo B (Infr 0.14 - NBI 3.0%)", "categoria_infraestructura": "Alta", "tooltip_barrio": "<b>AYACUCHO</b><br>Pob: 4356.0<br>Score: 0.23 (Alta)", "servicios_basicos_score": 0.67, "infraestructura_por_habitante": 0.5172, "ranking_infraestructura": 194, "percentil_infraestructura": 60.9 }, "geometry": { "type": "Point", "coordinates": [ -64.171042655952405, -31.379086057275799 ] } },
{ "type": "Feature", "properties": { "barrio": "BAJADA DE PIEDRA", "poblacion": 889.0, "hogares": 225.0, "nbi": 26.0, "pct_nbi": 11.56, "escuelas_total": 0, "escuelas_estatales": 0, "escuelas_privadas": 0, "dispensarios_municipales": 0, "paradas_colectivo": 12, "lineas_colectivo": 4, "luminarias_reportes": 19, "comisarias": 0, "centros_vecinales": 1, "hogares_por_poblacion": 0.253, "poblacion_log": 6.791, "pct_escuelas_privadas": 0.0, "escuelas_por_1000_hab": 0.0, "dispensarios_por_10000_hab": 0.0, "comisarias_por_10000_hab": 0.0, "paradas_por_1000_hab": 13.5, "centros_vecinales_por_10000_hab": 11.25, "tiene_escuela": 0, "tiene_dispensario": 0, "tiene_comisaria": 0, "tiene_transporte": 1, "infraestructura_score": 0.25, "area_barrio_km2": 0.25, "densidad_poblacional": 3556.0, "densidad_hogares": 900.0, "infraestructura_por_km2": 1.0, "educacion_ratio_publico_privado": 1.0, "cluster_barrio": 3, "cluster_descripcion": "Tipo D (Infr 0.40 - NBI 2.8%)", "categoria_infraestructura": "Alta", "tooltip_barrio": "<b>BAJADA DE PIEDRA</b><br>Pob: 889.0<br>Score: 0.25 (Alta)", "servicios_basicos_score": 0.33, "infraestructura_por_habitante": 2.8121, "ranking_infraestructura": 165, "percentil_infraestructura": 66.8 }, "geometry": { "type": "Point", "coordinates": [ -64.145069147668806, -31.414768303163999 ] } },
{ "type": "Feature", "properties": { "barrio": "BAJADA SAN ROQUE", "poblacion": 500.0, "hogares": 200.0, "nbi": 3.0, "pct_nbi": 1.5, "escuelas_total": 1, "escuelas_estatales": 1, "escuelas_privadas": 0, "dispensarios_municipales": 0, "paradas_colectivo": 4, "lineas_colectivo": 3, "luminarias_reportes": 0, "comisarias": 0, "centros_vecinales": 0, "hogares_por_poblacion": 0.4, "poblacion_log": 6.217, "pct_escuelas_privadas": 0.0, "escuelas_por_1000_hab": 2.0, "dispensarios_por_10000_hab": 0.0, "comisarias_por_10000_hab": 0.0, "paradas_por_1000_hab": 8.0, "centros_vecinales_por_10000_hab": 0.0, "tiene_escuela": 1, "tiene_dispensario": 0, "tiene_comisaria": 0, "tiene_transporte": 1, "infraestructura_score": 0.2869, "area_barrio_km2": 0.05, "densidad_poblacional": 10000.0, "densidad_hogares": 4000.0, "infraestructura_por_km2": 5.738, "educacion_ratio_publico_privado": 2.0, "cluster_barrio": 1, "cluster_descripcion": "Tipo B (Infr 0.14 - NBI 3.0%)", "categoria_infraestructura": "Alta", "tooltip_barrio": "<b>BAJADA SAN ROQUE</b><br>Pob: 500.0<br>Score: 0.29 (Alta)", "servicios_basicos_score": 0.67, "infraestructura_por_habitante": 5.738, "ranking_infraestructura": 145, "percentil_infraestructura": 70.9 }, "geometry": { "type": "Point", "coordinates": [ -64.205017536623899, -31.4270086711897 ] } },
{ "type": "Feature", "properties": { "barrio": "BAJO GALAN", "poblacion": 810.0, "hogares": 301.0, "nbi": 6.0, "pct_nbi": 1.99, "escuelas_total": 1, "escuelas_estatales": 1, "escuelas_privadas": 0, "dispensarios_municipales": 0, "paradas_colectivo": 29, "lineas_colectivo": 17, "luminarias_reportes": 57, "comisarias": 1, "centros_vecinales": 1, "hogares_por_poblacion": 0.372, "poblacion_log": 6.698, "pct_escuelas_privadas": 0.0, "escuelas_por_1000_hab": 1.23, "dispensarios_por_10000_hab": 0.0, "comisarias_por_10000_hab": 1.5585, "paradas_por_1000_hab": 24.0, "centros_vecinales_por_10000_hab": 12.35, "tiene_escuela": 1, "tiene_dispensario": 0, "tiene_comisaria": 1, "tiene_transporte": 1, "infraestructura_score": 0.6409, "area_barrio_km2": 0.17, "densidad_poblacional": 4764.71, "densidad_hogares": 1770.59, "infraestructura_por_km2": 3.77, "educacion_ratio_publico_privado": 2.0, "cluster_barrio": 3, "cluster_descripcion": "Tipo D (Infr 0.40 - NBI 2.8%)", "categoria_infraestructura": "Muy Alta", "tooltip_barrio": "<b>BAJO GALAN</b><br>Pob: 810.0<br>Score: 0.64 (Muy Alta)", "servicios_basicos_score": 0.67, "infraestructura_por_habitante": 7.9123, "ranking_infraestructura": 25, "percentil_infraestructura": 95.1 }, "geometry": { "type": "Point", "coordinates": [ -64.202096041365195, -31.393145323592002 ] } },
{ "type": "Feature", "properties": { "barrio": "BAJO GENERAL PAZ", "poblacion": 1223.0, "hogares": 423.0, "nbi": 7.0, "pct_nbi": 1.65, "escuelas_total": 4, "escuelas_estatales": 3, "escuelas_privadas": 1, "dispensarios_municipales": 0, "paradas_colectivo": 33, "lineas_colectivo": 11, "luminarias_reportes": 22, "comisarias": 0, "centros_vecinales": 1, "hogares_por_poblacion": 0.346, "poblacion_log": 7.11, "pct_escuelas_privadas": 0.25, "escuelas_por_1000_hab": 3.27, "dispensarios_por_10000_hab": 0.0, "comisarias_por_10000_hab": 0.0, "paradas_por_1000_hab": 24.0, "centros_vecinales_por_10000_hab": 8.18, "tiene_escuela": 1, "tiene_dispensario": 0, "tiene_comisaria": 0, "tiene_transporte": 1, "infraestructura_score": 0.6714, "area_barrio_km2": 0.14, "densidad_poblacional": 8735.71, "densidad_hogares": 3021.43, "infraestructura_por_km2": 4.796, "educacion_ratio_publico_privado": 2.0, "cluster_barrio": 0, "cluster_descripcion": "Tipo A (Infr 0.57 - NBI 4.5%)", "categoria_infraestructura": "Muy Alta", "tooltip_barrio": "<b>BAJO GENERAL PAZ</b><br>Pob: 1223.0<br>Score: 0.67 (Muy Alta)", "servicios_basicos_score": 0.67, "infraestructura_por_habitante": 5.4898, "ranking_infraestructura": 19, "percentil_infraestructura": 96.4 }, "geometry": { "type": "Point", "coordinates": [ -64.158649829748896, -31.415001699413001 ] } },
{ "type": "Feature", "properties": { "barrio": "BARRANCAS DEL SUR", "poblacion": 500.0, "hogares": 200.0, "nbi": 0.0, "pct_nbi": 0.0, "escuelas_total": 0, "escuelas_estatales": 0, "escuelas_privadas": 0, "dispensarios_municipales": 0, "paradas_colectivo": 3, "lineas_colectivo": 2, "luminarias_reportes": 0, "comisarias": 0, "centros_vecinales": 0, "hogares_por_poblacion": 0.4, "poblacion_log": 6.217, "pct_escuelas_privadas": 0.0, "escuelas_por_1000_hab": 0.0, "dispensarios_por_10000_hab": 0.0, "comisarias_por_10000_hab": 0.0, "paradas_por_1000_hab": 6.0, "centros_vecinales_por_10000_hab": 0.0, "tiene_escuela": 0, "tiene_dispensario": 0, "tiene_comisaria": 0, "tiene_transporte": 1, "infraestructura_score": 0.1111, "area_barrio_km2": 0.12, "densidad_poblacional": 4166.67, "densidad_hogares": 1666.67, "infraestructura_por_km2": 0.926, "educacion_ratio_publico_privado": 1.0, "cluster_barrio": 1, "cluster_descripcion": "Tipo B (Infr 0.14 - NBI 3.0%)", "categoria_infraestructura": "Baja", "tooltip_barrio": "<b>BARRANCAS DEL SUR</b><br>Pob: 500.0<br>Score: 0.11 (Baja)", "servicios_basicos_score": 0.33, "infraestructura_por_habitante": 2.222, "ranking_infraestructura": 347, "percentil_infraestructura": 29.1 }, "geometry": { "type": "Point", "coordinates": [ -64.184364632092894, -31.4629669528025 ] } },
{ "type": "Feature", "properties": { "barrio": "BELLA VISTA", "poblacion": 4607.0, "hogares": 1364.0, "nbi": 118.0, "pct_nbi": 8.65, "escuelas_total": 5, "escuelas_estatales": 5, "escuelas_privadas": 0, "dispensarios_municipales": 0, "paradas_colectivo": 9, "lineas_colectivo": 5, "luminarias_reportes": 249, "comisarias": 0, "centros_vecinales": 0, "hogares_por_poblacion": 0.296, "poblacion_log": 8.436, "pct_escuelas_privadas": 0.0, "escuelas_por_1000_hab": 1.09, "dispensarios_por_10000_hab": 0.0, "comisarias_por_10000_hab": 0.0, "paradas_por_1000_hab": 1.95, "centros_vecinales_por_10000_hab": 0.0, "tiene_escuela": 1, "tiene_dispensario": 0, "tiene_comisaria": 0, "tiene_transporte": 1, "infraestructura_score": 0.1118, "area_barrio_km2": 0.52, "densidad_poblacional": 8859.62, "densidad_hogares": 2623.08, "infraestructura_por_km2": 0.215, "educacion_ratio_publico_privado": 6.0, "cluster_barrio": 2, "cluster_descripcion": "Tipo C (Infr 0.16 - NBI 14.4%)", "categoria_infraestructura": "Baja", "tooltip_barrio": "<b>BELLA VISTA</b><br>Pob: 4607.0<br>Score: 0.11 (Baja)", "servicios_basicos_score": 0.67, "infraestructura_por_habitante": 0.2427, "ranking_infraestructura": 345, "percentil_infraestructura": 30.4 }, "geometry": { "type": "Point", "coordinates": [ -64.201761038570297, -31.4310760948932 ] } },
{ "type": "Feature", "properties": { "barrio": "BELLA VISTA OESTE", "poblacion": 1828.0, "hogares": 532.0, "nbi": 28.0, "pct_nbi": 5.26, "escuelas_total": 0, "escuelas_estatales": 0, "escuelas_privadas": 0, "dispensarios_municipales": 0, "paradas_colectivo": 4, "lineas_colectivo": 1, "luminarias_reportes": 31, "comisarias": 0, "centros_vecinales": 1, "hogares_por_poblacion": 0.291, "poblacion_log": 7.512, "pct_escuelas_privadas": 0.0, "escuelas_por_1000_hab": 0.0, "dispensarios_por_10000_hab": 0.0, "comisarias_por_10000_hab": 0.0, "paradas_por_1000_hab": 2.19, "centros_vecinales_por_10000_hab": 5.47, "tiene_escuela": 0, "tiene_dispensario": 0, "tiene_comisaria": 0, "tiene_transporte": 1, "infraestructura_score": 0.0406, "area_barrio_km2": 0.17, "densidad_poblacional": 10752.94, "densidad_hogares": 3129.41, "infraestructura_por_km2": 0.239, "educacion_ratio_publico_privado": 1.0, "cluster_barrio": 1, "cluster_descripcion": "Tipo B (Infr 0.14 - NBI 3.0%)", "categoria_infraestructura": "Muy Baja", "tooltip_barrio": "<b>BELLA VISTA OESTE</b><br>Pob: 1828.0<br>Score: 0.04 (Muy Baja)", "servicios_basicos_score": 0.33, "infraestructura_por_habitante": 0.2221, "ranking_infraestructura": 442, "percentil_infraestructura": 10.7 }, "geometry": { "type": "Point", "coordinates": [ -64.207623259201299, -31.432582224074199 ] } },
{ "type": "Feature", "properties": { "barrio": "BETANIA", "poblacion": 1992.0, "hogares": 480.0, "nbi": 65.0, "pct_nbi": 13.54, "escuelas_total": 0, "escuelas_estatales": 0, "escuelas_privadas": 0, "dispensarios_municipales": 0, "paradas_colectivo": 10, "lineas_colectivo": 2, "luminarias_reportes": 15, "comisarias": 0, "centros_vecinales": 4, "hogares_por_poblacion": 0.241, "poblacion_log": 7.597, "pct_escuelas_privadas": 0.0, "escuelas_por_1000_hab": 0.0, "dispensarios_por_10000_hab": 0.0, "comisarias_por_10000_hab": 0.0, "paradas_por_1000_hab": 5.02, "centros_vecinales_por_10000_hab": 20.08, "tiene_escuela": 0, "tiene_dispensario": 0, "tiene_comisaria": 0, "tiene_transporte": 1, "infraestructura_score": 0.093, "area_barrio_km2": 0.92, "densidad_poblacional": 2165.22, "densidad_hogares": 521.74, "infraestructura_por_km2": 0.101, "educacion_ratio_publico_privado": 1.0, "cluster_barrio": 2, "cluster_descripcion": "Tipo C (Infr 0.16 - NBI 14.4%)", "categoria_infraestructura": "Baja", "tooltip_barrio": "<b>BETANIA</b><br>Pob: 1992.0<br>Score: 0.09 (Baja)", "servicios_basicos_score": 0.33, "infraestructura_por_habitante": 0.4669, "ranking_infraestructura": 382, "percentil_infraestructura": 22.9 }, "geometry": { "type": "Point", "coordinates": [ -64.091001881744504, -31.456813713872201 ] } },
{ "type": "Feature", "properties": { "barrio": "BH_CAMINO A 60 CUADRAS", "poblacion": 1615.0, "hogares": 422.0, "nbi": 89.0, "pct_nbi": 21.09, "escuelas_total": 0, "escuelas_estatales": 0, "escuelas_privadas": 0, "dispensarios_municipales": 0, "paradas_colectivo": 0, "lineas_colectivo": 0, "luminarias_reportes": 0, "comisarias": 0, "centros_vecinales": 1, "hogares_por_poblacion": 0.261, "poblacion_log": 7.388, "pct_escuelas_privadas": 0.0, "escuelas_por_1000_hab": 0.0, "dispensarios_por_10000_hab": 0.0, "comisarias_por_10000_hab": 0.0, "paradas_por_1000_hab": 0.0, "centros_vecinales_por_10000_hab": 6.19, "tiene_escuela": 0, "tiene_dispensario": 0, "tiene_comisaria": 0, "tiene_transporte": 0, "infraestructura_score": 0.0, "area_barrio_km2": null, "densidad_poblacional": 0.0, "densidad_hogares": 0.0, "infraestructura_por_km2": 0.0, "educacion_ratio_publico_privado": 1.0, "cluster_barrio": 2, "cluster_descripcion": "Tipo C (Infr 0.16 - NBI 14.4%)", "categoria_infraestructura": "Muy Baja", "tooltip_barrio": "<b>BH_CAMINO A 60 CUADRAS</b><br>Pob: 1615.0<br>Score: 0.00 (Muy Baja)", "servicios_basicos_score": 0.0, "infraestructura_por_habitante": 0.0, "ranking_infraestructura": 469, "percentil_infraestructura": 2.7 }, "geometry": { "type": "Point", "coordinates": [ -64.143523025115101, -31.4988602721623 ] } },
{ "type": "Feature", "properties": { "barrio": "BIALET MASSE", "poblacion": 2091.0, "hogares": 591.0, "nbi": 20.0, "pct_nbi": 3.38, "escuelas_total": 0, "escuelas_estatales": 0, "escuelas_privadas": 0, "dispensarios_municipales": 1, "paradas_colectivo": 9, "lineas_colectivo": 2, "luminarias_reportes": 138, "comisarias": 0, "centros_vecinales": 1, "hogares_por_poblacion": 0.283, "poblacion_log": 7.646, "pct_escuelas_privadas": 0.0, "escuelas_por_1000_hab": 0.0, "dispensarios_por_10000_hab": 4.78, "comisarias_por_10000_hab": 0.0, "paradas_por_1000_hab": 4.3, "centros_vecinales_por_10000_hab": 4.78, "tiene_escuela": 0, "tiene_dispensario": 1, "tiene_comisaria": 0, "tiene_transporte": 1, "infraestructura_score": 0.2392, "area_barrio_km2": 0.21, "densidad_poblacional": 9957.14, "densidad_hogares": 2814.29, "infraestructura_por_km2": 1.139, "educacion_ratio_publico_privado": 1.0, "cluster_barrio": 1, "cluster_descripcion": "Tipo B (Infr 0.14 - NBI 3.0%)", "categoria_infraestructura": "Alta", "tooltip_barrio": "<b>BIALET MASSE</b><br>Pob: 2091.0<br>Score: 0.24 (Alta)", "servicios_basicos_score": 0.67, "infraestructura_por_habitante": 1.144, "ranking_infraestructura": 178, "percentil_infraestructura": 64.2 }, "geometry": { "type": "Point", "coordinates": [ -64.165146714212298, -31.4525117900242 ] } },
{ "type": "Feature", "properties": { "barrio": "BOEDO", "poblacion": 2664.0, "hogares": 567.0, "nbi": 154.0, "pct_nbi": 27.16, "escuelas_total": 0, "escuelas_estatales": 0, "escuelas_privadas": 0, "dispensarios_municipales": 0, "paradas_colectivo": 6, "lineas_colectivo": 1, "luminarias_reportes": 38, "comisarias": 0, "centros_vecinales": 1, "hogares_por_poblacion": 0.213, "poblacion_log": 7.888, "pct_escuelas_privadas": 0.0, "escuelas_por_1000_hab": 0.0, "dispensarios_por_10000_hab": 0.0, "comisarias_por_10000_hab": 0.0, "paradas_por_1000_hab": 2.25, "centros_vecinales_por_10000_hab": 3.75, "tiene_escuela": 0, "tiene_dispensario": 0, "tiene_comisaria": 0, "tiene_transporte": 1, "infraestructura_score": 0.0417, "area_barrio_km2": 0.22, "densidad_poblacional": 12109.09, "densidad_hogares": 2577.27, "infraestructura_por_km2": 0.19, "educacion_ratio_publico_privado": 1.0, "cluster_barrio": 2, "cluster_descripcion": "Tipo C (Infr 0.16 - NBI 14.4%)", "categoria_infraestructura": "Muy Baja", "tooltip_barrio": "<b>BOEDO</b><br>Pob: 2664.0<br>Score: 0.04 (Muy Baja)", "servicios_basicos_score": 0.33, "infraestructura_por_habitante": 0.1565, "ranking_infraestructura": 441, "percentil_infraestructura": 10.9 }, "geometry": { "type": "Point", "coordinates": [ -64.108167199937597, -31.4319549557882 ] } },
{ "type": "Feature", "properties": { "barrio": "BRIGADIER SAN MARTIN", "poblacion": 500.0, "hogares": 200.0, "nbi": 0.0, "pct_nbi": 0.0, "escuelas_total": 5, "escuelas_estatales": 5, "escuelas_privadas": 0, "dispensarios_municipales": 0, "paradas_colectivo": 32, "lineas_colectivo": 4, "luminarias_reportes": 43, "comisarias": 0, "centros_vecinales": 3, "hogares_por_poblacion": 0.4, "poblacion_log": 6.217, "pct_escuelas_privadas": 0.0, "escuelas_por_1000_hab": 4.8035, "dispensarios_por_10000_hab": 0.0, "comisarias_por_10000_hab": 0.0, "paradas_por_1000_hab": 24.0, "centros_vecinales_por_10000_hab": 60.0, "tiene_escuela": 1, "tiene_dispensario": 0, "tiene_comisaria": 0, "tiene_transporte": 1, "infraestructura_score": 0.7778, "area_barrio_km2": 0.06, "densidad_poblacional": 8333.33, "densidad_hogares": 3333.33, "infraestructura_por_km2": 12.963, "educacion_ratio_publico_privado": 6.0, "cluster_barrio": 0, "cluster_descripcion": "Tipo A (Infr 0.57 - NBI 4.5%)", "categoria_infraestructura": "Muy Alta", "tooltip_barrio": "<b>BRIGADIER SAN MARTIN</b><br>Pob: 500.0<br>Score: 0.78 (Muy Alta)", "servicios_basicos_score": 0.67, "infraestructura_por_habitante": 15.556, "ranking_infraestructura": 6, "percentil_infraestructura": 98.5 }, "geometry": { "type": "Point", "coordinates": [ -64.239460453251397, -31.341122602252401 ] } },
{ "type": "Feature", "properties": { "barrio": "CABANA DEL PILAR", "poblacion": 500.0, "hogares": 200.0, "nbi": 0.0, "pct_nbi": 0.0, "escuelas_total": 0, "escuelas_estatales": 0, "escuelas_privadas": 0, "dispensarios_municipales": 0, "paradas_colectivo": 12, "lineas_colectivo": 8, "luminarias_reportes": 122, "comisarias": 0, "centros_vecinales": 0, "hogares_por_poblacion": 0.4, "poblacion_log": 6.217, "pct_escuelas_privadas": 0.0, "escuelas_por_1000_hab": 0.0, "dispensarios_por_10000_hab": 0.0, "comisarias_por_10000_hab": 0.0, "paradas_por_1000_hab": 24.0, "centros_vecinales_por_10000_hab": 0.0, "tiene_escuela": 0, "tiene_dispensario": 0, "tiene_comisaria": 0, "tiene_transporte": 1, "infraestructura_score": 0.4444, "area_barrio_km2": 0.0, "densidad_poblacional": 0.0, "densidad_hogares": 0.0, "infraestructura_por_km2": 0.0, "educacion_ratio_publico_privado": 1.0, "cluster_barrio": 3, "cluster_descripcion": "Tipo D (Infr 0.40 - NBI 2.8%)", "categoria_infraestructura": "Muy Alta", "tooltip_barrio": "<b>CABANA DEL PILAR</b><br>Pob: 500.0<br>Score: 0.44 (Muy Alta)", "servicios_basicos_score": 0.33, "infraestructura_por_habitante": 8.888, "ranking_infraestructura": 59, "percentil_infraestructura": 87.4 }, "geometry": { "type": "Point", "coordinates": [ -64.167683330608, -31.4422675134741 ] } },
{ "type": "Feature", "properties": { "barrio": "CABO FARINA", "poblacion": 4574.0, "hogares": 1294.0, "nbi": 158.0, "pct_nbi": 12.21, "escuelas_total": 0, "escuelas_estatales": 0, "escuelas_privadas": 0, "dispensarios_municipales": 1, "paradas_colectivo": 8, "lineas_colectivo": 4, "luminarias_reportes": 146, "comisarias": 0, "centros_vecinales": 0, "hogares_por_poblacion": 0.283, "poblacion_log": 8.428, "pct_escuelas_privadas": 0.0, "escuelas_por_1000_hab": 0.0, "dispensarios_por_10000_hab": 2.19, "comisarias_por_10000_hab": 0.0, "paradas_por_1000_hab": 1.75, "centros_vecinales_por_10000_hab": 0.0, "tiene_escuela": 0, "tiene_dispensario": 1, "tiene_comisaria": 0, "tiene_transporte": 1, "infraestructura_score": 0.1055, "area_barrio_km2": 0.74, "densidad_poblacional": 6181.08, "densidad_hogares": 1748.65, "infraestructura_por_km2": 0.143, "educacion_ratio_publico_privado": 1.0, "cluster_barrio": 2, "cluster_descripcion": "Tipo C (Infr 0.16 - NBI 14.4%)", "categoria_infraestructura": "Baja", "tooltip_barrio": "<b>CABO FARINA</b><br>Pob: 4574.0<br>Score: 0.11 (Baja)", "servicios_basicos_score": 0.67, "infraestructura_por_habitante": 0.2307, "ranking_infraestructura": 366, "percentil_infraestructura": 26.1 }, "geometry": { "type": "Point", "coordinates": [ -64.207475724787244, -31.465487959144749 ] } },
{ "type": "Feature", "properties": { "barrio": "CACERES", "poblacion": 875.0, "hogares": 248.0, "nbi": 21.0, "pct_nbi": 8.47, "escuelas_total": 2, "escuelas_estatales": 2, "escuelas_privadas": 0, "dispensarios_municipales": 0, "paradas_colectivo": 10, "lineas_colectivo": 3, "luminarias_reportes": 63, "comisarias": 1, "centros_vecinales": 0, "hogares_por_poblacion": 0.283, "poblacion_log": 6.775, "pct_escuelas_privadas": 0.0, "escuelas_por_1000_hab": 2.29, "dispensarios_por_10000_hab": 0.0, "comisarias_por_10000_hab": 1.5585, "paradas_por_1000_hab": 11.43, "centros_vecinales_por_10000_hab": 0.0, "tiene_escuela": 1, "tiene_dispensario": 0, "tiene_comisaria": 1, "tiene_transporte": 1, "infraestructura_score": 0.4817, "area_barrio_km2": 0.12, "densidad_poblacional": 7291.67, "densidad_hogares": 2066.67, "infraestructura_por_km2": 4.014, "educacion_ratio_publico_privado": 3.0, "cluster_barrio": 0, "cluster_descripcion": "Tipo A (Infr 0.57 - NBI 4.5%)", "categoria_infraestructura": "Muy Alta", "tooltip_barrio": "<b>CACERES</b><br>Pob: 875.0<br>Score: 0.48 (Muy Alta)", "servicios_basicos_score": 0.67, "infraestructura_por_habitante": 5.5051, "ranking_infraestructura": 51, "percentil_infraestructura": 89.8 }, "geometry": { "type": "Point", "coordinates": [ -64.199555604683098, -31.433453444177701 ] } },
{ "type": "Feature", "properties": { "barrio": "CALIFORNIA", "poblacion": 600.0, "hogares": 200.0, "nbi": 12.0, "pct_nbi": 6.0, "escuelas_total": 1, "escuelas_estatales": 1, "escuelas_privadas": 0, "dispensarios_municipales": 0, "paradas_colectivo": 8, "lineas_colectivo": 8, "luminarias_reportes": 70, "comisarias": 0, "centros_vecinales": 0, "hogares_por_poblacion": 0.333, "poblacion_log": 6.399, "pct_escuelas_privadas": 0.0, "escuelas_por_1000_hab": 1.67, "dispensarios_por_10000_hab": 0.0, "comisarias_por_10000_hab": 0.0, "paradas_por_1000_hab": 13.33, "centros_vecinales_por_10000_hab": 0.0, "tiene_escuela": 1, "tiene_dispensario": 0, "tiene_comisaria": 0, "tiene_transporte": 1, "infraestructura_score": 0.3627, "area_barrio_km2": 0.06, "densidad_poblacional": 10000.0, "densidad_hogares": 3333.33, "infraestructura_por_km2": 6.045, "educacion_ratio_publico_privado": 2.0, "cluster_barrio": 3, "cluster_descripcion": "Tipo D (Infr 0.40 - NBI 2.8%)", "categoria_infraestructura": "Muy Alta", "tooltip_barrio": "<b>CALIFORNIA</b><br>Pob: 600.0<br>Score: 0.36 (Muy Alta)", "servicios_basicos_score": 0.67, "infraestructura_por_habitante": 6.045, "ranking_infraestructura": 95, "percentil_infraestructura": 81.0 }, "geometry": { "type": "Point", "coordinates": [ -64.204911494895896, -31.451219523821599 ] } },
{ "type": "Feature", "properties": { "barrio": "CAMINO A SAN CARLOS", "poblacion": 1123.0, "hogares": 316.0, "nbi": 58.0, "pct_nbi": 18.35, "escuelas_total": 0, "escuelas_estatales": 0, "escuelas_privadas": 0, "dispensarios_municipales": 0, "paradas_colectivo": 0, "lineas_colectivo": 0, "luminarias_reportes": 0, "comisarias": 0, "centros_vecinales": 0, "hogares_por_poblacion": 0.281, "poblacion_log": 7.025, "pct_escuelas_privadas": 0.0, "escuelas_por_1000_hab": 0.0, "dispensarios_por_10000_hab": 0.0, "comisarias_por_10000_hab": 0.0, "paradas_por_1000_hab": 0.0, "centros_vecinales_por_10000_hab": 0.0, "tiene_escuela": 0, "tiene_dispensario": 0, "tiene_comisaria": 0, "tiene_transporte": 0, "infraestructura_score": 0.0, "area_barrio_km2": 14.86, "densidad_poblacional": 75.57, "densidad_hogares": 21.27, "infraestructura_por_km2": 0.0, "educacion_ratio_publico_privado": 1.0, "cluster_barrio": 2, "cluster_descripcion": "Tipo C (Infr 0.16 - NBI 14.4%)", "categoria_infraestructura": "Muy Baja", "tooltip_barrio": "<b>CAMINO A SAN CARLOS</b><br>Pob: 1123.0<br>Score: 0.00 (Muy Baja)", "servicios_basicos_score": 0.0, "infraestructura_por_habitante": 0.0, "ranking_infraestructura": 469, "percentil_infraestructura": 2.7 }, "geometry": { "type": "Point", "coordinates": [ -64.160200942176203, -31.498433296584999 ] } },
{ "type": "Feature", "properties": { "barrio": "CAMINO A VILLA POSSE", "poblacion": 500.0, "hogares": 200.0, "nbi": 5.0, "pct_nbi": 2.5, "escuelas_total": 2, "escuelas_estatales": 2, "escuelas_privadas": 0, "dispensarios_municipales": 0, "paradas_colectivo": 4, "lineas_colectivo": 1, "luminarias_reportes": 0, "comisarias": 0, "centros_vecinales": 1, "hogares_por_poblacion": 0.4, "poblacion_log": 6.217, "pct_escuelas_privadas": 0.0, "escuelas_por_1000_hab": 4.0, "dispensarios_por_10000_hab": 0.0, "comisarias_por_10000_hab": 0.0, "paradas_por_1000_hab": 8.0, "centros_vecinales_por_10000_hab": 20.0, "tiene_escuela": 1, "tiene_dispensario": 0, "tiene_comisaria": 0, "tiene_transporte": 1, "infraestructura_score": 0.4257, "area_barrio_km2": 1.22, "densidad_poblacional": 409.84, "densidad_hogares": 163.93, "infraestructura_por_km2": 0.349, "educacion_ratio_publico_privado": 3.0, "cluster_barrio": 0, "cluster_descripcion": "Tipo A (Infr 0.57 - NBI 4.5%)", "categoria_infraestructura": "Muy Alta", "tooltip_barrio": "<b>CAMINO A VILLA POSSE</b><br>Pob: 500.0<br>Score: 0.43 (Muy Alta)", "servicios_basicos_score": 0.67, "infraestructura_por_habitante": 8.514, "ranking_infraestructura": 73, "percentil_infraestructura": 85.3 }, "geometry": { "type": "Point", "coordinates": [ -64.101634099028601, -31.445431402889199 ] } },
{ "type": "Feature", "properties": { "barrio": "CAMPING GRL SAN MARTIN", "poblacion": 500.0, "hogares": 200.0, "nbi": 0.0, "pct_nbi": 0.0, "escuelas_total": 0, "escuelas_estatales": 0, "escuelas_privadas": 0, "dispensarios_municipales": 0, "paradas_colectivo": 0, "lineas_colectivo": 0, "luminarias_reportes": 0, "comisarias": 0, "centros_vecinales": 1, "hogares_por_poblacion": 0.4, "poblacion_log": 6.217, "pct_escuelas_privadas": 0.0, "escuelas_por_1000_hab": 0.0, "dispensarios_por_10000_hab": 0.0, "comisarias_por_10000_hab": 0.0, "paradas_por_1000_hab": 0.0, "centros_vecinales_por_10000_hab": 20.0, "tiene_escuela": 0, "tiene_dispensario": 0, "tiene_comisaria": 0, "tiene_transporte": 0, "infraestructura_score": 0.0, "area_barrio_km2": 0.0, "densidad_poblacional": 0.0, "densidad_hogares": 0.0, "infraestructura_por_km2": 0.0, "educacion_ratio_publico_privado": 1.0, "cluster_barrio": 1, "cluster_descripcion": "Tipo B (Infr 0.14 - NBI 3.0%)", "categoria_infraestructura": "Muy Baja", "tooltip_barrio": "<b>CAMPING GRL SAN MARTIN</b><br>Pob: 500.0<br>Score: 0.00 (Muy Baja)", "servicios_basicos_score": 0.0, "infraestructura_por_habitante": 0.0, "ranking_infraestructura": 469, "percentil_infraestructura": 2.7 }, "geometry": { "type": "Point", "coordinates": [ -64.261887727931494, -31.364375318901899 ] } },
{ "type": "Feature", "properties": { "barrio": "CARBO", "poblacion": 1444.0, "hogares": 395.0, "nbi": 29.0, "pct_nbi": 7.34, "escuelas_total": 0, "escuelas_estatales": 0, "escuelas_privadas": 0, "dispensarios_municipales": 1, "paradas_colectivo": 32, "lineas_colectivo": 3, "luminarias_reportes": 15, "comisarias": 0, "centros_vecinales": 2, "hogares_por_poblacion": 0.274, "poblacion_log": 7.276, "pct_escuelas_privadas": 0.0, "escuelas_por_1000_hab": 0.0, "dispensarios_por_10000_hab": 6.657, "comisarias_por_10000_hab": 0.0, "paradas_por_1000_hab": 22.16, "centros_vecinales_por_10000_hab": 13.85, "tiene_escuela": 0, "tiene_dispensario": 1, "tiene_comisaria": 0, "tiene_transporte": 1, "infraestructura_score": 0.6326, "area_barrio_km2": 0.15, "densidad_poblacional": 9626.67, "densidad_hogares": 2633.33, "infraestructura_por_km2": 4.217, "educacion_ratio_publico_privado": 1.0, "cluster_barrio": 3, "cluster_descripcion": "Tipo D (Infr 0.40 - NBI 2.8%)", "categoria_infraestructura": "Muy Alta", "tooltip_barrio": "<b>CARBO</b><br>Pob: 1444.0<br>Score: 0.63 (Muy Alta)", "servicios_basicos_score": 0.67, "infraestructura_por_habitante": 4.3809, "ranking_infraestructura": 27, "percentil_infraestructura": 94.7 }, "geometry": { "type": "Point", "coordinates": [ -64.206221582679802, -31.481475590576999 ] } },
{ "type": "Feature", "properties": { "barrio": "CAROLA LORENZINI", "poblacion": 500.0, "hogares": 200.0, "nbi": 3.0, "pct_nbi": 1.5, "escuelas_total": 0, "escuelas_estatales": 0, "escuelas_privadas": 0, "dispensarios_municipales": 0, "paradas_colectivo": 7, "lineas_colectivo": 6, "luminarias_reportes": 10, "comisarias": 0, "centros_vecinales": 1, "hogares_por_poblacion": 0.4, "poblacion_log": 6.217, "pct_escuelas_privadas": 0.0, "escuelas_por_1000_hab": 0.0, "dispensarios_por_10000_hab": 0.0, "comisarias_por_10000_hab": 0.0, "paradas_por_1000_hab": 14.0, "centros_vecinales_por_10000_hab": 20.0, "tiene_escuela": 0, "tiene_dispensario": 0, "tiene_comisaria": 0, "tiene_transporte": 1, "infraestructura_score": 0.2593, "area_barrio_km2": 0.07, "densidad_poblacional": 7142.86, "densidad_hogares": 2857.14, "infraestructura_por_km2": 3.704, "educacion_ratio_publico_privado": 1.0, "cluster_barrio": 3, "cluster_descripcion": "Tipo D (Infr 0.40 - NBI 2.8%)", "categoria_infraestructura": "Alta", "tooltip_barrio": "<b>CAROLA LORENZINI</b><br>Pob: 500.0<br>Score: 0.26 (Alta)", "servicios_basicos_score": 0.33, "infraestructura_por_habitante": 5.186, "ranking_infraestructura": 156, "percentil_infraestructura": 68.4 }, "geometry": { "type": "Point", "coordinates": [ -64.2143267353581, -31.428791330017098 ] } },
{ "type": "Feature", "properties": { "barrio": "CARRARA", "poblacion": 500.0, "hogares": 200.0, "nbi": 11.0, "pct_nbi": 5.5, "escuelas_total": 0, "escuelas_estatales": 0, "escuelas_privadas": 0, "dispensarios_municipales": 1, "paradas_colectivo": 10, "lineas_colectivo": 2, "luminarias_reportes": 9, "comisarias": 0, "centros_vecinales": 0, "hogares_por_poblacion": 0.4, "poblacion_log": 6.217, "pct_escuelas_privadas": 0.0, "escuelas_por_1000_hab": 0.0, "dispensarios_por_10000_hab": 6.657, "comisarias_por_10000_hab": 0.0, "paradas_por_1000_hab": 20.0, "centros_vecinales_por_10000_hab": 0.0, "tiene_escuela": 0, "tiene_dispensario": 1, "tiene_comisaria": 0, "tiene_transporte": 1, "infraestructura_score": 0.5926, "area_barrio_km2": 0.13, "densidad_poblacional": 3846.15, "densidad_hogares": 1538.46, "infraestructura_por_km2": 4.558, "educacion_ratio_publico_privado": 1.0, "cluster_barrio": 3, "cluster_descripcion": "Tipo D (Infr 0.40 - NBI 2.8%)", "categoria_infraestructura": "Muy Alta", "tooltip_barrio": "<b>CARRARA</b><br>Pob: 500.0<br>Score: 0.59 (Muy Alta)", "servicios_basicos_score": 0.67, "infraestructura_por_habitante": 11.852, "ranking_infraestructura": 30, "percentil_infraestructura": 94.0 }, "geometry": { "type": "Point", "coordinates": [ -64.257101507556101, -31.453972787190501 ] } },
{ "type": "Feature", "properties": { "barrio": "CASEROS", "poblacion": 1497.0, "hogares": 619.0, "nbi": 6.0, "pct_nbi": 0.97, "escuelas_total": 1, "escuelas_estatales": 1, "escuelas_privadas": 0, "dispensarios_municipales": 0, "paradas_colectivo": 10, "lineas_colectivo": 4, "luminarias_reportes": 2, "comisarias": 0, "centros_vecinales": 0, "hogares_por_poblacion": 0.413, "poblacion_log": 7.312, "pct_escuelas_privadas": 0.0, "escuelas_por_1000_hab": 0.67, "dispensarios_por_10000_hab": 0.0, "comisarias_por_10000_hab": 0.0, "paradas_por_1000_hab": 6.68, "centros_vecinales_por_10000_hab": 0.0, "tiene_escuela": 1, "tiene_dispensario": 0, "tiene_comisaria": 0, "tiene_transporte": 1, "infraestructura_score": 0.1702, "area_barrio_km2": 0.14, "densidad_poblacional": 10692.86, "densidad_hogares": 4421.43, "infraestructura_por_km2": 1.216, "educacion_ratio_publico_privado": 2.0, "cluster_barrio": 1, "cluster_descripcion": "Tipo B (Infr 0.14 - NBI 3.0%)", "categoria_infraestructura": "Media", "tooltip_barrio": "<b>CASEROS</b><br>Pob: 1497.0<br>Score: 0.17 (Media)", "servicios_basicos_score": 0.67, "infraestructura_por_habitante": 1.1369, "ranking_infraestructura": 254, "percentil_infraestructura": 48.7 }, "geometry": { "type": "Point", "coordinates": [ -64.208252034811693, -31.4142417872261 ] } },
{ "type": "Feature", "properties": { "barrio": "CENTRO", "poblacion": 28200.0, "hogares": 14423.0, "nbi": 568.0, "pct_nbi": 3.94, "escuelas_total": 40, "escuelas_estatales": 19, "escuelas_privadas": 21, "dispensarios_municipales": 0, "paradas_colectivo": 120, "lineas_colectivo": 64, "luminarias_reportes": 1419, "comisarias": 1, "centros_vecinales": 2, "hogares_por_poblacion": 0.511, "poblacion_log": 10.247, "pct_escuelas_privadas": 0.525, "escuelas_por_1000_hab": 1.42, "dispensarios_por_10000_hab": 0.0, "comisarias_por_10000_hab": 0.35, "paradas_por_1000_hab": 4.26, "centros_vecinales_por_10000_hab": 0.71, "tiene_escuela": 1, "tiene_dispensario": 0, "tiene_comisaria": 1, "tiene_transporte": 1, "infraestructura_score": 0.2024, "area_barrio_km2": 3.12, "densidad_poblacional": 9038.46, "densidad_hogares": 4622.76, "infraestructura_por_km2": 0.065, "educacion_ratio_publico_privado": 0.91, "cluster_barrio": 4, "cluster_descripcion": "Tipo E (Infr 0.11 - NBI 5.5%)", "categoria_infraestructura": "Media", "tooltip_barrio": "<b>CENTRO</b><br>Pob: 28200.0<br>Score: 0.20 (Media)", "servicios_basicos_score": 0.67, "infraestructura_por_habitante": 0.0718, "ranking_infraestructura": 218, "percentil_infraestructura": 56.1 }, "geometry": { "type": "Point", "coordinates": [ -64.183450035512706, -31.417804293232201 ] } },
{ "type": "Feature", "properties": { "barrio": "CENTRO AMERICA", "poblacion": 5529.0, "hogares": 1658.0, "nbi": 36.0, "pct_nbi": 2.17, "escuelas_total": 5, "escuelas_estatales": 5, "escuelas_privadas": 0, "dispensarios_municipales": 0, "paradas_colectivo": 16, "lineas_colectivo": 2, "luminarias_reportes": 330, "comisarias": 0, "centros_vecinales": 1, "hogares_por_poblacion": 0.3, "poblacion_log": 8.618, "pct_escuelas_privadas": 0.0, "escuelas_por_1000_hab": 0.9, "dispensarios_por_10000_hab": 0.0, "comisarias_por_10000_hab": 0.0, "paradas_por_1000_hab": 2.89, "centros_vecinales_por_10000_hab": 1.81, "tiene_escuela": 1, "tiene_dispensario": 0, "tiene_comisaria": 0, "tiene_transporte": 1, "infraestructura_score": 0.116, "area_barrio_km2": 0.67, "densidad_poblacional": 8252.24, "densidad_hogares": 2474.63, "infraestructura_por_km2": 0.173, "educacion_ratio_publico_privado": 6.0, "cluster_barrio": 1, "cluster_descripcion": "Tipo B (Infr 0.14 - NBI 3.0%)", "categoria_infraestructura": "Baja", "tooltip_barrio": "<b>CENTRO AMERICA</b><br>Pob: 5529.0<br>Score: 0.12 (Baja)", "servicios_basicos_score": 0.67, "infraestructura_por_habitante": 0.2098, "ranking_infraestructura": 335, "percentil_infraestructura": 32.4 }, "geometry": { "type": "Point", "coordinates": [ -64.169598089564005, -31.371116868511599 ] } },
{ "type": "Feature", "properties": { "barrio": "CERRO CHICO", "poblacion": 2719.0, "hogares": 1019.0, "nbi": 6.0, "pct_nbi": 0.59, "escuelas_total": 0, "escuelas_estatales": 0, "escuelas_privadas": 0, "dispensarios_municipales": 0, "paradas_colectivo": 25, "lineas_colectivo": 6, "luminarias_reportes": 99, "comisarias": 0, "centros_vecinales": 0, "hogares_por_poblacion": 0.375, "poblacion_log": 7.908, "pct_escuelas_privadas": 0.0, "escuelas_por_1000_hab": 0.0, "dispensarios_por_10000_hab": 0.0, "comisarias_por_10000_hab": 0.0, "paradas_por_1000_hab": 9.19, "centros_vecinales_por_10000_hab": 0.0, "tiene_escuela": 0, "tiene_dispensario": 0, "tiene_comisaria": 0, "tiene_transporte": 1, "infraestructura_score": 0.1702, "area_barrio_km2": 0.66, "densidad_poblacional": 4119.7, "densidad_hogares": 1543.94, "infraestructura_por_km2": 0.258, "educacion_ratio_publico_privado": 1.0, "cluster_barrio": 1, "cluster_descripcion": "Tipo B (Infr 0.14 - NBI 3.0%)", "categoria_infraestructura": "Media", "tooltip_barrio": "<b>CERRO CHICO</b><br>Pob: 2719.0<br>Score: 0.17 (Media)", "servicios_basicos_score": 0.33, "infraestructura_por_habitante": 0.626, "ranking_infraestructura": 254, "percentil_infraestructura": 48.7 }, "geometry": { "type": "Point", "coordinates": [ -64.221899804956195, -31.3661094460602 ] } },
{ "type": "Feature", "properties": { "barrio": "CERRO DE LAS ROSAS", "poblacion": 5947.0, "hogares": 1944.0, "nbi": 3.0, "pct_nbi": 0.15, "escuelas_total": 19, "escuelas_estatales": 5, "escuelas_privadas": 14, "dispensarios_municipales": 0, "paradas_colectivo": 11, "lineas_colectivo": 10, "luminarias_reportes": 308, "comisarias": 1, "centros_vecinales": 1, "hogares_por_poblacion": 0.327, "poblacion_log": 8.691, "pct_escuelas_privadas": 0.737, "escuelas_por_1000_hab": 3.19, "dispensarios_por_10000_hab": 0.0, "comisarias_por_10000_hab": 1.5585, "paradas_por_1000_hab": 1.85, "centros_vecinales_por_10000_hab": 1.68, "tiene_escuela": 1, "tiene_dispensario": 0, "tiene_comisaria": 1, "tiene_transporte": 1, "infraestructura_score": 0.3667, "area_barrio_km2": 2.28, "densidad_poblacional": 2608.33, "densidad_hogares": 852.63, "infraestructura_por_km2": 0.161, "educacion_ratio_publico_privado": 0.4, "cluster_barrio": 0, "cluster_descripcion": "Tipo A (Infr 0.57 - NBI 4.5%)", "categoria_infraestructura": "Muy Alta", "tooltip_barrio": "<b>CERRO DE LAS ROSAS</b><br>Pob: 5947.0<br>Score: 0.37 (Muy Alta)", "servicios_basicos_score": 0.67, "infraestructura_por_habitante": 0.6166, "ranking_infraestructura": 93, "percentil_infraestructura": 81.4 }, "geometry": { "type": "Point", "coordinates": [ -64.233811404979505, -31.372120565705501 ] } },
{ "type": "Feature", "properties": { "barrio": "CERRO NORTE", "poblacion": 5374.0, "hogares": 1449.0, "nbi": 111.0, "pct_nbi": 7.66, "escuelas_total": 2, "escuelas_estatales": 2, "escuelas_privadas": 0, "dispensarios_municipales": 0, "paradas_colectivo": 17, "lineas_colectivo": 2, "luminarias_reportes": 108, "comisarias": 0, "centros_vecinales": 0, "hogares_por_poblacion": 0.27, "poblacion_log": 8.59, "pct_escuelas_privadas": 0.0, "escuelas_por_1000_hab": 0.37, "dispensarios_por_10000_hab": 0.0, "comisarias_por_10000_hab": 0.0, "paradas_por_1000_hab": 3.16, "centros_vecinales_por_10000_hab": 0.0, "tiene_escuela": 1, "tiene_dispensario": 0, "tiene_comisaria": 0, "tiene_transporte": 1, "infraestructura_score": 0.0842, "area_barrio_km2": 0.93, "densidad_poblacional": 5778.49, "densidad_hogares": 1558.06, "infraestructura_por_km2": 0.091, "educacion_ratio_publico_privado": 3.0, "cluster_barrio": 1, "cluster_descripcion": "Tipo B (Infr 0.14 - NBI 3.0%)", "categoria_infraestructura": "Baja", "tooltip_barrio": "<b>CERRO NORTE</b><br>Pob: 5374.0<br>Score: 0.08 (Baja)", "servicios_basicos_score": 0.67, "infraestructura_por_habitante": 0.1567, "ranking_infraestructura": 391, "percentil_infraestructura": 21.1 }, "geometry": { "type": "Point", "coordinates": [ -64.276873385826903, -31.3209690442071 ] } },
{ "type": "Feature", "properties": { "barrio": "CERVECEROS", "poblacion": 3893.0, "hogares": 1094.0, "nbi": 17.0, "pct_nbi": 1.55, "escuelas_total": 5, "escuelas_estatales": 5, "escuelas_privadas": 0, "dispensarios_municipales": 1, "paradas_colectivo": 11, "lineas_colectivo": 2, "luminarias_reportes": 68, "comisarias": 0, "centros_vecinales": 1, "hogares_por_poblacion": 0.281, "poblacion_log": 8.267, "pct_escuelas_privadas": 0.0, "escuelas_por_1000_hab": 1.28, "dispensarios_por_10000_hab": 2.57, "comisarias_por_10000_hab": 0.0, "paradas_por_1000_hab": 2.83, "centros_vecinales_por_10000_hab": 2.57, "tiene_escuela": 1, "tiene_dispensario": 1, "tiene_comisaria": 0, "tiene_transporte": 1, "infraestructura_score": 0.227, "area_barrio_km2": 0.39, "densidad_poblacional": 9982.05, "densidad_hogares": 2805.13, "infraestructura_por_km2": 0.582, "educacion_ratio_publico_privado": 6.0, "cluster_barrio": 1, "cluster_descripcion": "Tipo B (Infr 0.14 - NBI 3.0%)", "categoria_infraestructura": "Alta", "tooltip_barrio": "<b>CERVECEROS</b><br>Pob: 3893.0<br>Score: 0.23 (Alta)", "servicios_basicos_score": 1.0, "infraestructura_por_habitante": 0.5831, "ranking_infraestructura": 192, "percentil_infraestructura": 61.3 }, "geometry": { "type": "Point", "coordinates": [ -64.159002291346795, -31.464596235155899 ] } },
{ "type": "Feature", "properties": { "barrio": "CHATEAU CARRERAS", "poblacion": 1624.0, "hogares": 514.0, "nbi": 3.0, "pct_nbi": 0.58, "escuelas_total": 11, "escuelas_estatales": 4, "escuelas_privadas": 7, "dispensarios_municipales": 0, "paradas_colectivo": 15, "lineas_colectivo": 4, "luminarias_reportes": 113, "comisarias": 1, "centros_vecinales": 0, "hogares_por_poblacion": 0.317, "poblacion_log": 7.393, "pct_escuelas_privadas": 0.636, "escuelas_por_1000_hab": 4.8035, "dispensarios_por_10000_hab": 0.0, "comisarias_por_10000_hab": 1.5585, "paradas_por_1000_hab": 9.24, "centros_vecinales_por_10000_hab": 0.0, "tiene_escuela": 1, "tiene_dispensario": 0, "tiene_comisaria": 1, "tiene_transporte": 1, "infraestructura_score": 0.6156, "area_barrio_km2": 0.99, "densidad_poblacional": 1640.4, "densidad_hogares": 519.19, "infraestructura_por_km2": 0.622, "educacion_ratio_publico_privado": 0.62, "cluster_barrio": 0, "cluster_descripcion": "Tipo A (Infr 0.57 - NBI 4.5%)", "categoria_infraestructura": "Muy Alta", "tooltip_barrio": "<b>CHATEAU CARRERAS</b><br>Pob: 1624.0<br>Score: 0.62 (Muy Alta)", "servicios_basicos_score": 0.67, "infraestructura_por_habitante": 3.7906, "ranking_infraestructura": 29, "percentil_infraestructura": 94.3 }, "geometry": { "type": "Point", "coordinates": [ -64.255217739636294, -31.381692368558699 ] } },
{ "type": "Feature", "properties": { "barrio": "CIRCUNVALACION", "poblacion": 500.0, "hogares": 200.0, "nbi": 0.0, "pct_nbi": 0.0, "escuelas_total": 0, "escuelas_estatales": 0, "escuelas_privadas": 0, "dispensarios_municipales": 0, "paradas_colectivo": 15, "lineas_colectivo": 18, "luminarias_reportes": 0, "comisarias": 0, "centros_vecinales": 1, "hogares_por_poblacion": 0.4, "poblacion_log": 6.217, "pct_escuelas_privadas": 0.0, "escuelas_por_1000_hab": 0.0, "dispensarios_por_10000_hab": 0.0, "comisarias_por_10000_hab": 0.0, "paradas_por_1000_hab": 24.0, "centros_vecinales_por_10000_hab": 20.0, "tiene_escuela": 0, "tiene_dispensario": 0, "tiene_comisaria": 0, "tiene_transporte": 1, "infraestructura_score": 0.4444, "area_barrio_km2": 0.0, "densidad_poblacional": 0.0, "densidad_hogares": 0.0, "infraestructura_por_km2": 0.0, "educacion_ratio_publico_privado": 1.0, "cluster_barrio": 3, "cluster_descripcion": "Tipo D (Infr 0.40 - NBI 2.8%)", "categoria_infraestructura": "Muy Alta", "tooltip_barrio": "<b>CIRCUNVALACION</b><br>Pob: 500.0<br>Score: 0.44 (Muy Alta)", "servicios_basicos_score": 0.33, "infraestructura_por_habitante": 8.888, "ranking_infraestructura": 59, "percentil_infraestructura": 87.4 }, "geometry": { "type": "Point", "coordinates": [ -64.203435508242634, -31.41451436457093 ] } },
{ "type": "Feature", "properties": { "barrio": "CIUDAD AMPLIACION CABILDO", "poblacion": 2593.0, "hogares": 577.0, "nbi": 93.0, "pct_nbi": 16.12, "escuelas_total": 2, "escuelas_estatales": 2, "escuelas_privadas": 0, "dispensarios_municipales": 0, "paradas_colectivo": 5, "lineas_colectivo": 2, "luminarias_reportes": 0, "comisarias": 1, "centros_vecinales": 3, "hogares_por_poblacion": 0.223, "poblacion_log": 7.861, "pct_escuelas_privadas": 0.0, "escuelas_por_1000_hab": 0.77, "dispensarios_por_10000_hab": 0.0, "comisarias_por_10000_hab": 1.5585, "paradas_por_1000_hab": 1.93, "centros_vecinales_por_10000_hab": 11.57, "tiene_escuela": 1, "tiene_dispensario": 0, "tiene_comisaria": 1, "tiene_transporte": 1, "infraestructura_score": 0.2003, "area_barrio_km2": 0.31, "densidad_poblacional": 8364.52, "densidad_hogares": 1861.29, "infraestructura_por_km2": 0.646, "educacion_ratio_publico_privado": 3.0, "cluster_barrio": 2, "cluster_descripcion": "Tipo C (Infr 0.16 - NBI 14.4%)", "categoria_infraestructura": "Media", "tooltip_barrio": "<b>CIUDAD AMPLIACION CABILDO</b><br>Pob: 2593.0<br>Score: 0.20 (Media)", "servicios_basicos_score": 0.67, "infraestructura_por_habitante": 0.7725, "ranking_infraestructura": 219, "percentil_infraestructura": 55.9 }, "geometry": { "type": "Point", "coordinates": [ -64.227458711807898, -31.484919927022599 ] } },
{ "type": "Feature", "properties": { "barrio": "CIUDAD AMPLIACION FERREYRA", "poblacion": 500.0, "hogares": 200.0, "nbi": 0.0, "pct_nbi": 0.0, "escuelas_total": 4, "escuelas_estatales": 4, "escuelas_privadas": 0, "dispensarios_municipales": 0, "paradas_colectivo": 0, "lineas_colectivo": 0, "luminarias_reportes": 0, "comisarias": 0, "centros_vecinales": 1, "hogares_por_poblacion": 0.4, "poblacion_log": 6.217, "pct_escuelas_privadas": 0.0, "escuelas_por_1000_hab": 4.8035, "dispensarios_por_10000_hab": 0.0, "comisarias_por_10000_hab": 0.0, "paradas_por_1000_hab": 0.0, "centros_vecinales_por_10000_hab": 20.0, "tiene_escuela": 1, "tiene_dispensario": 0, "tiene_comisaria": 0, "tiene_transporte": 0, "infraestructura_score": 0.3333, "area_barrio_km2": 0.18, "densidad_poblacional": 2777.78, "densidad_hogares": 1111.11, "infraestructura_por_km2": 1.852, "educacion_ratio_publico_privado": 5.0, "cluster_barrio": 0, "cluster_descripcion": "Tipo A (Infr 0.57 - NBI 4.5%)", "categoria_infraestructura": "Alta", "tooltip_barrio": "<b>CIUDAD AMPLIACION FERREYRA</b><br>Pob: 500.0<br>Score: 0.33 (Alta)", "servicios_basicos_score": 0.33, "infraestructura_por_habitante": 6.666, "ranking_infraestructura": 108, "percentil_infraestructura": 78.0 }, "geometry": { "type": "Point", "coordinates": [ -64.119219823282606, -31.4735017733638 ] } },
{ "type": "Feature", "properties": { "barrio": "CIUDAD DE JUAN PABLO II", "poblacion": 2125.0, "hogares": 552.0, "nbi": 45.0, "pct_nbi": 8.15, "escuelas_total": 4, "escuelas_estatales": 4, "escuelas_privadas": 0, "dispensarios_municipales": 0, "paradas_colectivo": 2, "lineas_colectivo": 1, "luminarias_reportes": 3, "comisarias": 0, "centros_vecinales": 1, "hogares_por_poblacion": 0.26, "poblacion_log": 7.662, "pct_escuelas_privadas": 0.0, "escuelas_por_1000_hab": 1.88, "dispensarios_por_10000_hab": 0.0, "comisarias_por_10000_hab": 0.0, "paradas_por_1000_hab": 0.94, "centros_vecinales_por_10000_hab": 4.71, "tiene_escuela": 1, "tiene_dispensario": 0, "tiene_comisaria": 0, "tiene_transporte": 1, "infraestructura_score": 0.1479, "area_barrio_km2": 0.27, "densidad_poblacional": 7870.37, "densidad_hogares": 2044.44, "infraestructura_por_km2": 0.548, "educacion_ratio_publico_privado": 5.0, "cluster_barrio": 1, "cluster_descripcion": "Tipo B (Infr 0.14 - NBI 3.0%)", "categoria_infraestructura": "Media", "tooltip_barrio": "<b>CIUDAD DE JUAN PABLO II</b><br>Pob: 2125.0<br>Score: 0.15 (Media)", "servicios_basicos_score": 0.67, "infraestructura_por_habitante": 0.696, "ranking_infraestructura": 296, "percentil_infraestructura": 40.3 }, "geometry": { "type": "Point", "coordinates": [ -64.157828175751106, -31.363520824950498 ] } },
{ "type": "Feature", "properties": { "barrio": "CIUDAD DE LAS ARTES", "poblacion": 500.0, "hogares": 200.0, "nbi": 0.0, "pct_nbi": 0.0, "escuelas_total": 0, "escuelas_estatales": 0, "escuelas_privadas": 0, "dispensarios_municipales": 0, "paradas_colectivo": 9, "lineas_colectivo": 5, "luminarias_reportes": 0, "comisarias": 0, "centros_vecinales": 0, "hogares_por_poblacion": 0.4, "poblacion_log": 6.217, "pct_escuelas_privadas": 0.0, "escuelas_por_1000_hab": 0.0, "dispensarios_por_10000_hab": 0.0, "comisarias_por_10000_hab": 0.0, "paradas_por_1000_hab": 18.0, "centros_vecinales_por_10000_hab": 0.0, "tiene_escuela": 0, "tiene_dispensario": 0, "tiene_comisaria": 0, "tiene_transporte": 1, "infraestructura_score": 0.3333, "area_barrio_km2": 0.0, "densidad_poblacional": 0.0, "densidad_hogares": 0.0, "infraestructura_por_km2": 0.0, "educacion_ratio_publico_privado": 1.0, "cluster_barrio": 3, "cluster_descripcion": "Tipo D (Infr 0.40 - NBI 2.8%)", "categoria_infraestructura": "Alta", "tooltip_barrio": "<b>CIUDAD DE LAS ARTES</b><br>Pob: 500.0<br>Score: 0.33 (Alta)", "servicios_basicos_score": 0.33, "infraestructura_por_habitante": 6.666, "ranking_infraestructura": 108, "percentil_infraestructura": 78.0 }, "geometry": { "type": "Point", "coordinates": [ -64.174936278587495, -31.437258984795601 ] } },
{ "type": "Feature", "properties": { "barrio": "CIUDAD DE LOS CUARTETOS", "poblacion": 2204.0, "hogares": 489.0, "nbi": 68.0, "pct_nbi": 13.91, "escuelas_total": 2, "escuelas_estatales": 2, "escuelas_privadas": 0, "dispensarios_municipales": 0, "paradas_colectivo": 6, "lineas_colectivo": 1, "luminarias_reportes": 0, "comisarias": 1, "centros_vecinales": 2, "hogares_por_poblacion": 0.222, "poblacion_log": 7.698, "pct_escuelas_privadas": 0.0, "escuelas_por_1000_hab": 0.91, "dispensarios_por_10000_hab": 0.0, "comisarias_por_10000_hab": 1.5585, "paradas_por_1000_hab": 2.72, "centros_vecinales_por_10000_hab": 9.07, "tiene_escuela": 1, "tiene_dispensario": 0, "tiene_comisaria": 1, "tiene_transporte": 1, "infraestructura_score": 0.2246, "area_barrio_km2": 0.3, "densidad_poblacional": 7346.67, "densidad_hogares": 1630.0, "infraestructura_por_km2": 0.749, "educacion_ratio_publico_privado": 3.0, "cluster_barrio": 2, "cluster_descripcion": "Tipo C (Infr 0.16 - NBI 14.4%)", "categoria_infraestructura": "Alta", "tooltip_barrio": "<b>CIUDAD DE LOS CUARTETOS</b><br>Pob: 2204.0<br>Score: 0.22 (Alta)", "servicios_basicos_score": 0.67, "infraestructura_por_habitante": 1.0191, "ranking_infraestructura": 196, "percentil_infraestructura": 60.5 }, "geometry": { "type": "Point", "coordinates": [ -64.130385948895693, -31.3566522536983 ] } },
{ "type": "Feature", "properties": { "barrio": "CIUDAD DE MIS SUENOS", "poblacion": 2147.0, "hogares": 511.0, "nbi": 85.0, "pct_nbi": 16.63, "escuelas_total": 6, "escuelas_estatales": 6, "escuelas_privadas": 0, "dispensarios_municipales": 0, "paradas_colectivo": 8, "lineas_colectivo": 1, "luminarias_reportes": 0, "comisarias": 1, "centros_vecinales": 0, "hogares_por_poblacion": 0.238, "poblacion_log": 7.672, "pct_escuelas_privadas": 0.0, "escuelas_por_1000_hab": 2.79, "dispensarios_por_10000_hab": 0.0, "comisarias_por_10000_hab": 1.5585, "paradas_por_1000_hab": 3.73, "centros_vecinales_por_10000_hab": 0.0, "tiene_escuela": 1, "tiene_dispensario": 0, "tiene_comisaria": 1, "tiene_transporte": 1, "infraestructura_score": 0.3738, "area_barrio_km2": 0.3, "densidad_poblacional": 7156.67, "densidad_hogares": 1703.33, "infraestructura_por_km2": 1.246, "educacion_ratio_publico_privado": 7.0, "cluster_barrio": 2, "cluster_descripcion": "Tipo C (Infr 0.16 - NBI 14.4%)", "categoria_infraestructura": "Muy Alta", "tooltip_barrio": "<b>CIUDAD DE MIS SUENOS</b><br>Pob: 2147.0<br>Score: 0.37 (Muy Alta)", "servicios_basicos_score": 0.67, "infraestructura_por_habitante": 1.741, "ranking_infraestructura": 88, "percentil_infraestructura": 82.4 }, "geometry": { "type": "Point", "coordinates": [ -64.086363859368007, -31.477817458291302 ] } },
{ "type": "Feature", "properties": { "barrio": "CIUDAD EVITA", "poblacion": 2662.0, "hogares": 638.0, "nbi": 95.0, "pct_nbi": 14.89, "escuelas_total": 3, "escuelas_estatales": 3, "escuelas_privadas": 0, "dispensarios_municipales": 0, "paradas_colectivo": 7, "lineas_colectivo": 2, "luminarias_reportes": 0, "comisarias": 1, "centros_vecinales": 1, "hogares_por_poblacion": 0.24, "poblacion_log": 7.887, "pct_escuelas_privadas": 0.0, "escuelas_por_1000_hab": 1.13, "dispensarios_por_10000_hab": 0.0, "comisarias_por_10000_hab": 1.5585, "paradas_por_1000_hab": 2.63, "centros_vecinales_por_10000_hab": 3.76, "tiene_escuela": 1, "tiene_dispensario": 0, "tiene_comisaria": 1, "tiene_transporte": 1, "infraestructura_score": 0.2382, "area_barrio_km2": 0.4, "densidad_poblacional": 6655.0, "densidad_hogares": 1595.0, "infraestructura_por_km2": 0.595, "educacion_ratio_publico_privado": 4.0, "cluster_barrio": 2, "cluster_descripcion": "Tipo C (Infr 0.16 - NBI 14.4%)", "categoria_infraestructura": "Alta", "tooltip_barrio": "<b>CIUDAD EVITA</b><br>Pob: 2662.0<br>Score: 0.24 (Alta)", "servicios_basicos_score": 0.67, "infraestructura_por_habitante": 0.8948, "ranking_infraestructura": 180, "percentil_infraestructura": 63.8 }, "geometry": { "type": "Point", "coordinates": [ -64.1087832676033, -31.448407952165098 ] } },
{ "type": "Feature", "properties": { "barrio": "CIUDAD MI ESPERANZA", "poblacion": 1492.0, "hogares": 349.0, "nbi": 50.0, "pct_nbi": 14.33, "escuelas_total": 1, "escuelas_estatales": 1, "escuelas_privadas": 0, "dispensarios_municipales": 0, "paradas_colectivo": 4, "lineas_colectivo": 1, "luminarias_reportes": 0, "comisarias": 0, "centros_vecinales": 1, "hogares_por_poblacion": 0.234, "poblacion_log": 7.309, "pct_escuelas_privadas": 0.0, "escuelas_por_1000_hab": 0.67, "dispensarios_por_10000_hab": 0.0, "comisarias_por_10000_hab": 0.0, "paradas_por_1000_hab": 2.68, "centros_vecinales_por_10000_hab": 6.7, "tiene_escuela": 1, "tiene_dispensario": 0, "tiene_comisaria": 0, "tiene_transporte": 1, "infraestructura_score": 0.0961, "area_barrio_km2": 0.19, "densidad_poblacional": 7852.63, "densidad_hogares": 1836.84, "infraestructura_por_km2": 0.506, "educacion_ratio_publico_privado": 2.0, "cluster_barrio": 2, "cluster_descripcion": "Tipo C (Infr 0.16 - NBI 14.4%)", "categoria_infraestructura": "Baja", "tooltip_barrio": "<b>CIUDAD MI ESPERANZA</b><br>Pob: 1492.0<br>Score: 0.10 (Baja)", "servicios_basicos_score": 0.67, "infraestructura_por_habitante": 0.6441, "ranking_infraestructura": 379, "percentil_infraestructura": 23.5 }, "geometry": { "type": "Point", "coordinates": [ -64.0647579740385, -31.403922472016401 ] } },
{ "type": "Feature", "properties": { "barrio": "CIUDAD OBISPO ANGELELLI", "poblacion": 1828.0, "hogares": 403.0, "nbi": 81.0, "pct_nbi": 20.1, "escuelas_total": 5, "escuelas_estatales": 5, "escuelas_privadas": 0, "dispensarios_municipales": 0, "paradas_colectivo": 21, "lineas_colectivo": 2, "luminarias_reportes": 0, "comisarias": 0, "centros_vecinales": 1, "hogares_por_poblacion": 0.22, "poblacion_log": 7.512, "pct_escuelas_privadas": 0.0, "escuelas_por_1000_hab": 2.74, "dispensarios_por_10000_hab": 0.0, "comisarias_por_10000_hab": 0.0, "paradas_por_1000_hab": 11.49, "centros_vecinales_por_10000_hab": 5.47, "tiene_escuela": 1, "tiene_dispensario": 0, "tiene_comisaria": 0, "tiene_transporte": 1, "infraestructura_score": 0.4029, "area_barrio_km2": 0.24, "densidad_poblacional": 7616.67, "densidad_hogares": 1679.17, "infraestructura_por_km2": 1.679, "educacion_ratio_publico_privado": 6.0, "cluster_barrio": 2, "cluster_descripcion": "Tipo C (Infr 0.16 - NBI 14.4%)", "categoria_infraestructura": "Muy Alta", "tooltip_barrio": "<b>CIUDAD OBISPO ANGELELLI</b><br>Pob: 1828.0<br>Score: 0.40 (Muy Alta)", "servicios_basicos_score": 0.67, "infraestructura_por_habitante": 2.204, "ranking_infraestructura": 77, "percentil_infraestructura": 84.6 }, "geometry": { "type": "Point", "coordinates": [ -64.193764629989701, -31.5051491986518 ] } },
{ "type": "Feature", "properties": { "barrio": "CIUDAD PARQUE LAS ROSAS", "poblacion": 1385.0, "hogares": 325.0, "nbi": 26.0, "pct_nbi": 8.0, "escuelas_total": 0, "escuelas_estatales": 0, "escuelas_privadas": 0, "dispensarios_municipales": 0, "paradas_colectivo": 5, "lineas_colectivo": 2, "luminarias_reportes": 0, "comisarias": 1, "centros_vecinales": 1, "hogares_por_poblacion": 0.235, "poblacion_log": 7.234, "pct_escuelas_privadas": 0.0, "escuelas_por_1000_hab": 0.0, "dispensarios_por_10000_hab": 0.0, "comisarias_por_10000_hab": 1.5585, "paradas_por_1000_hab": 3.61, "centros_vecinales_por_10000_hab": 7.22, "tiene_escuela": 0, "tiene_dispensario": 0, "tiene_comisaria": 1, "tiene_transporte": 1, "infraestructura_score": 0.178, "area_barrio_km2": 0.21, "densidad_poblacional": 6595.24, "densidad_hogares": 1547.62, "infraestructura_por_km2": 0.848, "educacion_ratio_publico_privado": 1.0, "cluster_barrio": 1, "cluster_descripcion": "Tipo B (Infr 0.14 - NBI 3.0%)", "categoria_infraestructura": "Media", "tooltip_barrio": "<b>CIUDAD PARQUE LAS ROSAS</b><br>Pob: 1385.0<br>Score: 0.18 (Media)", "servicios_basicos_score": 0.33, "infraestructura_por_habitante": 1.2852, "ranking_infraestructura": 245, "percentil_infraestructura": 50.6 }, "geometry": { "type": "Point", "coordinates": [ -64.241105406189504, -31.448819916147301 ] } },
{ "type": "Feature", "properties": { "barrio": "CIUDAD UNIVERSITARIA", "poblacion": 500.0, "hogares": 200.0, "nbi": 0.0, "pct_nbi": 0.0, "escuelas_total": 10, "escuelas_estatales": 8, "escuelas_privadas": 2, "dispensarios_municipales": 0, "paradas_colectivo": 77, "lineas_colectivo": 21, "luminarias_reportes": 41, "comisarias": 0, "centros_vecinales": 0, "hogares_por_poblacion": 0.4, "poblacion_log": 6.217, "pct_escuelas_privadas": 0.2, "escuelas_por_1000_hab": 4.8035, "dispensarios_por_10000_hab": 0.0, "comisarias_por_10000_hab": 0.0, "paradas_por_1000_hab": 24.0, "centros_vecinales_por_10000_hab": 0.0, "tiene_escuela": 1, "tiene_dispensario": 0, "tiene_comisaria": 0, "tiene_transporte": 1, "infraestructura_score": 0.7778, "area_barrio_km2": 0.0, "densidad_poblacional": 0.0, "densidad_hogares": 0.0, "infraestructura_por_km2": 0.0, "educacion_ratio_publico_privado": 3.0, "cluster_barrio": 0, "cluster_descripcion": "Tipo A (Infr 0.57 - NBI 4.5%)", "categoria_infraestructura": "Muy Alta", "tooltip_barrio": "<b>CIUDAD UNIVERSITARIA</b><br>Pob: 500.0<br>Score: 0.78 (Muy Alta)", "servicios_basicos_score": 0.67, "infraestructura_por_habitante": 15.556, "ranking_infraestructura": 6, "percentil_infraestructura": 98.5 }, "geometry": { "type": "Point", "coordinates": [ -64.188505625432796, -31.4381745010519 ] } },
{ "type": "Feature", "properties": { "barrio": "CIUDAD VILLA RETIRO", "poblacion": 1402.0, "hogares": 316.0, "nbi": 57.0, "pct_nbi": 18.04, "escuelas_total": 2, "escuelas_estatales": 2, "escuelas_privadas": 0, "dispensarios_municipales": 0, "paradas_colectivo": 6, "lineas_colectivo": 2, "luminarias_reportes": 0, "comisarias": 0, "centros_vecinales": 0, "hogares_por_poblacion": 0.225, "poblacion_log": 7.246, "pct_escuelas_privadas": 0.0, "escuelas_por_1000_hab": 1.43, "dispensarios_por_10000_hab": 0.0, "comisarias_por_10000_hab": 0.0, "paradas_por_1000_hab": 4.28, "centros_vecinales_por_10000_hab": 0.0, "tiene_escuela": 1, "tiene_dispensario": 0, "tiene_comisaria": 0, "tiene_transporte": 1, "infraestructura_score": 0.1785, "area_barrio_km2": 0.11, "densidad_poblacional": 12745.45, "densidad_hogares": 2872.73, "infraestructura_por_km2": 1.623, "educacion_ratio_publico_privado": 3.0, "cluster_barrio": 2, "cluster_descripcion": "Tipo C (Infr 0.16 - NBI 14.4%)", "categoria_infraestructura": "Media", "tooltip_barrio": "<b>CIUDAD VILLA RETIRO</b><br>Pob: 1402.0<br>Score: 0.18 (Media)", "servicios_basicos_score": 0.67, "infraestructura_por_habitante": 1.2732, "ranking_infraestructura": 243, "percentil_infraestructura": 51.0 }, "geometry": { "type": "Point", "coordinates": [ -64.140444276692406, -31.3475166725032 ] } },
{ "type": "Feature", "properties": { "barrio": "CIUDADELA", "poblacion": 1442.0, "hogares": 469.0, "nbi": 10.0, "pct_nbi": 2.13, "escuelas_total": 0, "escuelas_estatales": 0, "escuelas_privadas": 0, "dispensarios_municipales": 0, "paradas_colectivo": 4, "lineas_colectivo": 3, "luminarias_reportes": 111, "comisarias": 0, "centros_vecinales": 0, "hogares_por_poblacion": 0.325, "poblacion_log": 7.274, "pct_escuelas_privadas": 0.0, "escuelas_por_1000_hab": 0.0, "dispensarios_por_10000_hab": 0.0, "comisarias_por_10000_hab": 0.0, "paradas_por_1000_hab": 2.77, "centros_vecinales_por_10000_hab": 0.0, "tiene_escuela": 0, "tiene_dispensario": 0, "tiene_comisaria": 0, "tiene_transporte": 1, "infraestructura_score": 0.0513, "area_barrio_km2": 0.22, "densidad_poblacional": 6554.55, "densidad_hogares": 2131.82, "infraestructura_por_km2": 0.233, "educacion_ratio_publico_privado": 1.0, "cluster_barrio": 1, "cluster_descripcion": "Tipo B (Infr 0.14 - NBI 3.0%)", "categoria_infraestructura": "Muy Baja", "tooltip_barrio": "<b>CIUDADELA</b><br>Pob: 1442.0<br>Score: 0.05 (Muy Baja)", "servicios_basicos_score": 0.33, "infraestructura_por_habitante": 0.3558, "ranking_infraestructura": 435, "percentil_infraestructura": 12.1 }, "geometry": { "type": "Point", "coordinates": [ -64.201786649785106, -31.4460153622855 ] } },
{ "type": "Feature", "properties": { "barrio": "CLAROS DEL BOSQUE", "poblacion": 500.0, "hogares": 200.0, "nbi": 5.0, "pct_nbi": 2.5, "escuelas_total": 0, "escuelas_estatales": 0, "escuelas_privadas": 0, "dispensarios_municipales": 0, "paradas_colectivo": 4, "lineas_colectivo": 3, "luminarias_reportes": 5, "comisarias": 0, "centros_vecinales": 0, "hogares_por_poblacion": 0.4, "poblacion_log": 6.217, "pct_escuelas_privadas": 0.0, "escuelas_por_1000_hab": 0.0, "dispensarios_por_10000_hab": 0.0, "comisarias_por_10000_hab": 0.0, "paradas_por_1000_hab": 8.0, "centros_vecinales_por_10000_hab": 0.0, "tiene_escuela": 0, "tiene_dispensario": 0, "tiene_comisaria": 0, "tiene_transporte": 1, "infraestructura_score": 0.1481, "area_barrio_km2": 0.11, "densidad_poblacional": 4545.45, "densidad_hogares": 1818.18, "infraestructura_por_km2": 1.346, "educacion_ratio_publico_privado": 1.0, "cluster_barrio": 1, "cluster_descripcion": "Tipo B (Infr 0.14 - NBI 3.0%)", "categoria_infraestructura": "Media", "tooltip_barrio": "<b>CLAROS DEL BOSQUE</b><br>Pob: 500.0<br>Score: 0.15 (Media)", "servicios_basicos_score": 0.33, "infraestructura_por_habitante": 2.962, "ranking_infraestructura": 288, "percentil_infraestructura": 41.2 }, "geometry": { "type": "Point", "coordinates": [ -64.150132865599105, -31.456977552862998 ] } },
{ "type": "Feature", "properties": { "barrio": "COFICO", "poblacion": 500.0, "hogares": 200.0, "nbi": 1.0, "pct_nbi": 0.5, "escuelas_total": 4, "escuelas_estatales": 4, "escuelas_privadas": 0, "dispensarios_municipales": 0, "paradas_colectivo": 36, "lineas_colectivo": 22, "luminarias_reportes": 2, "comisarias": 0, "centros_vecinales": 1, "hogares_por_poblacion": 0.4, "poblacion_log": 6.217, "pct_escuelas_privadas": 0.0, "escuelas_por_1000_hab": 4.8035, "dispensarios_por_10000_hab": 0.0, "comisarias_por_10000_hab": 0.0, "paradas_por_1000_hab": 24.0, "centros_vecinales_por_10000_hab": 20.0, "tiene_escuela": 1, "tiene_dispensario": 0, "tiene_comisaria": 0, "tiene_transporte": 1, "infraestructura_score": 0.7778, "area_barrio_km2": 0.07, "densidad_poblacional": 7142.86, "densidad_hogares": 2857.14, "infraestructura_por_km2": 11.111, "educacion_ratio_publico_privado": 5.0, "cluster_barrio": 0, "cluster_descripcion": "Tipo A (Infr 0.57 - NBI 4.5%)", "categoria_infraestructura": "Muy Alta", "tooltip_barrio": "<b>COFICO</b><br>Pob: 500.0<br>Score: 0.78 (Muy Alta)", "servicios_basicos_score": 0.67, "infraestructura_por_habitante": 15.556, "ranking_infraestructura": 6, "percentil_infraestructura": 98.5 }, "geometry": { "type": "Point", "coordinates": [ -64.185285139536802, -31.4031901115249 ] } },
{ "type": "Feature", "properties": { "barrio": "COLINAS DE BELLA VISTA", "poblacion": 817.0, "hogares": 242.0, "nbi": 13.0, "pct_nbi": 5.37, "escuelas_total": 1, "escuelas_estatales": 1, "escuelas_privadas": 0, "dispensarios_municipales": 1, "paradas_colectivo": 6, "lineas_colectivo": 2, "luminarias_reportes": 21, "comisarias": 0, "centros_vecinales": 0, "hogares_por_poblacion": 0.296, "poblacion_log": 6.707, "pct_escuelas_privadas": 0.0, "escuelas_por_1000_hab": 1.22, "dispensarios_por_10000_hab": 6.657, "comisarias_por_10000_hab": 0.0, "paradas_por_1000_hab": 7.34, "centros_vecinales_por_10000_hab": 0.0, "tiene_escuela": 1, "tiene_dispensario": 1, "tiene_comisaria": 0, "tiene_transporte": 1, "infraestructura_score": 0.4428, "area_barrio_km2": 0.1, "densidad_poblacional": 8170.0, "densidad_hogares": 2420.0, "infraestructura_por_km2": 4.428, "educacion_ratio_publico_privado": 2.0, "cluster_barrio": 3, "cluster_descripcion": "Tipo D (Infr 0.40 - NBI 2.8%)", "categoria_infraestructura": "Muy Alta", "tooltip_barrio": "<b>COLINAS DE BELLA VISTA</b><br>Pob: 817.0<br>Score: 0.44 (Muy Alta)", "servicios_basicos_score": 1.0, "infraestructura_por_habitante": 5.4198, "ranking_infraestructura": 68, "percentil_infraestructura": 86.4 }, "geometry": { "type": "Point", "coordinates": [ -64.208524863791794, -31.436452678148001 ] } },
{ "type": "Feature", "properties": { "barrio": "COLINAS DE VELEZ SARSFIELD", "poblacion": 1642.0, "hogares": 581.0, "nbi": 4.0, "pct_nbi": 0.69, "escuelas_total": 4, "escuelas_estatales": 1, "escuelas_privadas": 3, "dispensarios_municipales": 0, "paradas_colectivo": 18, "lineas_colectivo": 9, "luminarias_reportes": 317, "comisarias": 0, "centros_vecinales": 1, "hogares_por_poblacion": 0.354, "poblacion_log": 7.404, "pct_escuelas_privadas": 0.75, "escuelas_por_1000_hab": 2.44, "dispensarios_por_10000_hab": 0.0, "comisarias_por_10000_hab": 0.0, "paradas_por_1000_hab": 10.96, "centros_vecinales_por_10000_hab": 6.09, "tiene_escuela": 1, "tiene_dispensario": 0, "tiene_comisaria": 0, "tiene_transporte": 1, "infraestructura_score": 0.3723, "area_barrio_km2": 0.29, "densidad_poblacional": 5662.07, "densidad_hogares": 2003.45, "infraestructura_por_km2": 1.284, "educacion_ratio_publico_privado": 0.5, "cluster_barrio": 0, "cluster_descripcion": "Tipo A (Infr 0.57 - NBI 4.5%)", "categoria_infraestructura": "Muy Alta", "tooltip_barrio": "<b>COLINAS DE VELEZ SARSFIELD</b><br>Pob: 1642.0<br>Score: 0.37 (Muy Alta)", "servicios_basicos_score": 0.67, "infraestructura_por_habitante": 2.2674, "ranking_infraestructura": 89, "percentil_infraestructura": 82.2 }, "geometry": { "type": "Point", "coordinates": [ -64.199062320261305, -31.438146876299601 ] } },
{ "type": "Feature", "properties": { "barrio": "COLINAS DEL CERRO", "poblacion": 2264.0, "hogares": 674.0, "nbi": 27.0, "pct_nbi": 4.01, "escuelas_total": 4, "escuelas_estatales": 4, "escuelas_privadas": 0, "dispensarios_municipales": 0, "paradas_colectivo": 11, "lineas_colectivo": 3, "luminarias_reportes": 300, "comisarias": 0, "centros_vecinales": 0, "hogares_por_poblacion": 0.298, "poblacion_log": 7.725, "pct_escuelas_privadas": 0.0, "escuelas_por_1000_hab": 1.77, "dispensarios_por_10000_hab": 0.0, "comisarias_por_10000_hab": 0.0, "paradas_por_1000_hab": 4.86, "centros_vecinales_por_10000_hab": 0.0, "tiene_escuela": 1, "tiene_dispensario": 0, "tiene_comisaria": 0, "tiene_transporte": 1, "infraestructura_score": 0.2128, "area_barrio_km2": 0.45, "densidad_poblacional": 5031.11, "densidad_hogares": 1497.78, "infraestructura_por_km2": 0.473, "educacion_ratio_publico_privado": 5.0, "cluster_barrio": 1, "cluster_descripcion": "Tipo B (Infr 0.14 - NBI 3.0%)", "categoria_infraestructura": "Media", "tooltip_barrio": "<b>COLINAS DEL CERRO</b><br>Pob: 2264.0<br>Score: 0.21 (Media)", "servicios_basicos_score": 0.67, "infraestructura_por_habitante": 0.9399, "ranking_infraestructura": 209, "percentil_infraestructura": 57.9 }, "geometry": { "type": "Point", "coordinates": [ -64.2425945373611, -31.379477514073699 ] } },
{ "type": "Feature", "properties": { "barrio": "COLON", "poblacion": 3862.0, "hogares": 1259.0, "nbi": 30.0, "pct_nbi": 2.38, "escuelas_total": 11, "escuelas_estatales": 5, "escuelas_privadas": 6, "dispensarios_municipales": 0, "paradas_colectivo": 12, "lineas_colectivo": 4, "luminarias_reportes": 281, "comisarias": 0, "centros_vecinales": 1, "hogares_por_poblacion": 0.326, "poblacion_log": 8.259, "pct_escuelas_privadas": 0.545, "escuelas_por_1000_hab": 2.85, "dispensarios_por_10000_hab": 0.0, "comisarias_por_10000_hab": 0.0, "paradas_por_1000_hab": 3.11, "centros_vecinales_por_10000_hab": 2.59, "tiene_escuela": 1, "tiene_dispensario": 0, "tiene_comisaria": 0, "tiene_transporte": 1, "infraestructura_score": 0.2554, "area_barrio_km2": 0.48, "densidad_poblacional": 8045.83, "densidad_hogares": 2622.92, "infraestructura_por_km2": 0.532, "educacion_ratio_publico_privado": 0.86, "cluster_barrio": 1, "cluster_descripcion": "Tipo B (Infr 0.14 - NBI 3.0%)", "categoria_infraestructura": "Alta", "tooltip_barrio": "<b>COLON</b><br>Pob: 3862.0<br>Score: 0.26 (Alta)", "servicios_basicos_score": 0.67, "infraestructura_por_habitante": 0.6613, "ranking_infraestructura": 161, "percentil_infraestructura": 67.6 }, "geometry": { "type": "Point", "coordinates": [ -64.154530623164305, -31.436618122344001 ] } },
{ "type": "Feature", "properties": { "barrio": "COLONIA LOLA", "poblacion": 9418.0, "hogares": 2368.0, "nbi": 292.0, "pct_nbi": 12.33, "escuelas_total": 1, "escuelas_estatales": 1, "escuelas_privadas": 0, "dispensarios_municipales": 1, "paradas_colectivo": 0, "lineas_colectivo": 0, "luminarias_reportes": 11, "comisarias": 0, "centros_vecinales": 1, "hogares_por_poblacion": 0.251, "poblacion_log": 9.15, "pct_escuelas_privadas": 0.0, "escuelas_por_1000_hab": 0.11, "dispensarios_por_10000_hab": 1.06, "comisarias_por_10000_hab": 0.0, "paradas_por_1000_hab": 0.0, "centros_vecinales_por_10000_hab": 1.06, "tiene_escuela": 1, "tiene_dispensario": 1, "tiene_comisaria": 0, "tiene_transporte": 0, "infraestructura_score": 0.043, "area_barrio_km2": 1.33, "densidad_poblacional": 7081.2, "densidad_hogares": 1780.45, "infraestructura_por_km2": 0.032, "educacion_ratio_publico_privado": 2.0, "cluster_barrio": 2, "cluster_descripcion": "Tipo C (Infr 0.16 - NBI 14.4%)", "categoria_infraestructura": "Muy Baja", "tooltip_barrio": "<b>COLONIA LOLA</b><br>Pob: 9418.0<br>Score: 0.04 (Muy Baja)", "servicios_basicos_score": 0.67, "infraestructura_por_habitante": 0.0457, "ranking_infraestructura": 439, "percentil_infraestructura": 11.3 }, "geometry": { "type": "Point", "coordinates": [ -64.1166371703697, -31.413698402747151 ] } },
{ "type": "Feature", "properties": { "barrio": "COMANDANTE ESPORA", "poblacion": 1567.0, "hogares": 500.0, "nbi": 10.0, "pct_nbi": 2.0, "escuelas_total": 0, "escuelas_estatales": 0, "escuelas_privadas": 0, "dispensarios_municipales": 0, "paradas_colectivo": 10, "lineas_colectivo": 3, "luminarias_reportes": 20, "comisarias": 0, "centros_vecinales": 1, "hogares_por_poblacion": 0.319, "poblacion_log": 7.358, "pct_escuelas_privadas": 0.0, "escuelas_por_1000_hab": 0.0, "dispensarios_por_10000_hab": 0.0, "comisarias_por_10000_hab": 0.0, "paradas_por_1000_hab": 6.38, "centros_vecinales_por_10000_hab": 6.38, "tiene_escuela": 0, "tiene_dispensario": 0, "tiene_comisaria": 0, "tiene_transporte": 1, "infraestructura_score": 0.1181, "area_barrio_km2": 0.21, "densidad_poblacional": 7461.9, "densidad_hogares": 2380.95, "infraestructura_por_km2": 0.562, "educacion_ratio_publico_privado": 1.0, "cluster_barrio": 1, "cluster_descripcion": "Tipo B (Infr 0.14 - NBI 3.0%)", "categoria_infraestructura": "Baja", "tooltip_barrio": "<b>COMANDANTE ESPORA</b><br>Pob: 1567.0<br>Score: 0.12 (Baja)", "servicios_basicos_score": 0.33, "infraestructura_por_habitante": 0.7537, "ranking_infraestructura": 333, "percentil_infraestructura": 32.8 }, "geometry": { "type": "Point", "coordinates": [ -64.223980108742396, -31.417200830004798 ] } },
{ "type": "Feature", "properties": { "barrio": "COMERCIAL", "poblacion": 6575.0, "hogares": 1700.0, "nbi": 215.0, "pct_nbi": 12.65, "escuelas_total": 2, "escuelas_estatales": 2, "escuelas_privadas": 0, "dispensarios_municipales": 0, "paradas_colectivo": 5, "lineas_colectivo": 1, "luminarias_reportes": 37, "comisarias": 1, "centros_vecinales": 0, "hogares_por_poblacion": 0.259, "poblacion_log": 8.791, "pct_escuelas_privadas": 0.0, "escuelas_por_1000_hab": 0.3, "dispensarios_por_10000_hab": 0.0, "comisarias_por_10000_hab": 1.52, "paradas_por_1000_hab": 0.76, "centros_vecinales_por_10000_hab": 0.0, "tiene_escuela": 1, "tiene_dispensario": 0, "tiene_comisaria": 1, "tiene_transporte": 1, "infraestructura_score": 0.1433, "area_barrio_km2": 1.42, "densidad_poblacional": 4630.28, "densidad_hogares": 1197.18, "infraestructura_por_km2": 0.101, "educacion_ratio_publico_privado": 3.0, "cluster_barrio": 2, "cluster_descripcion": "Tipo C (Infr 0.16 - NBI 14.4%)", "categoria_infraestructura": "Baja", "tooltip_barrio": "<b>COMERCIAL</b><br>Pob: 6575.0<br>Score: 0.14 (Baja)", "servicios_basicos_score": 0.67, "infraestructura_por_habitante": 0.2179, "ranking_infraestructura": 301, "percentil_infraestructura": 39.3 }, "geometry": { "type": "Point", "coordinates": [ -64.202236231271698, -31.488879537458502 ] } },
{ "type": "Feature", "properties": { "barrio": "CONGRESO", "poblacion": 2534.0, "hogares": 657.0, "nbi": 39.0, "pct_nbi": 5.94, "escuelas_total": 4, "escuelas_estatales": 4, "escuelas_privadas": 0, "dispensarios_municipales": 0, "paradas_colectivo": 10, "lineas_colectivo": 5, "luminarias_reportes": 97, "comisarias": 0, "centros_vecinales": 1, "hogares_por_poblacion": 0.259, "poblacion_log": 7.838, "pct_escuelas_privadas": 0.0, "escuelas_por_1000_hab": 1.58, "dispensarios_por_10000_hab": 0.0, "comisarias_por_10000_hab": 0.0, "paradas_por_1000_hab": 3.95, "centros_vecinales_por_10000_hab": 3.95, "tiene_escuela": 1, "tiene_dispensario": 0, "tiene_comisaria": 0, "tiene_transporte": 1, "infraestructura_score": 0.1828, "area_barrio_km2": 0.4, "densidad_poblacional": 6335.0, "densidad_hogares": 1642.5, "infraestructura_por_km2": 0.457, "educacion_ratio_publico_privado": 5.0, "cluster_barrio": 1, "cluster_descripcion": "Tipo B (Infr 0.14 - NBI 3.0%)", "categoria_infraestructura": "Media", "tooltip_barrio": "<b>CONGRESO</b><br>Pob: 2534.0<br>Score: 0.18 (Media)", "servicios_basicos_score": 0.67, "infraestructura_por_habitante": 0.7214, "ranking_infraestructura": 240, "percentil_infraestructura": 51.6 }, "geometry": { "type": "Point", "coordinates": [ -64.235805899028506, -31.4681013129692 ] } },
{ "type": "Feature", "properties": { "barrio": "CONSORCIO 16 DE NOVIEMBRE", "poblacion": 785.0, "hogares": 213.0, "nbi": 12.0, "pct_nbi": 5.63, "escuelas_total": 6, "escuelas_estatales": 6, "escuelas_privadas": 0, "dispensarios_municipales": 2, "paradas_colectivo": 15, "lineas_colectivo": 3, "luminarias_reportes": 28, "comisarias": 0, "centros_vecinales": 3, "hogares_por_poblacion": 0.271, "poblacion_log": 6.667, "pct_escuelas_privadas": 0.0, "escuelas_por_1000_hab": 4.8035, "dispensarios_por_10000_hab": 6.657, "comisarias_por_10000_hab": 0.0, "paradas_por_1000_hab": 19.11, "centros_vecinales_por_10000_hab": 38.22, "tiene_escuela": 1, "tiene_dispensario": 1, "tiene_comisaria": 0, "tiene_transporte": 1, "infraestructura_score": 0.9094, "area_barrio_km2": 0.09, "densidad_poblacional": 8722.22, "densidad_hogares": 2366.67, "infraestructura_por_km2": 10.104, "educacion_ratio_publico_privado": 7.0, "cluster_barrio": 0, "cluster_descripcion": "Tipo A (Infr 0.57 - NBI 4.5%)", "categoria_infraestructura": "Muy Alta", "tooltip_barrio": "<b>CONSORCIO 16 DE NOVIEMBRE</b><br>Pob: 785.0<br>Score: 0.91 (Muy Alta)", "servicios_basicos_score": 1.0, "infraestructura_por_habitante": 11.5847, "ranking_infraestructura": 3, "percentil_infraestructura": 99.6 }, "geometry": { "type": "Point", "coordinates": [ -64.256874832935495, -31.318339045152001 ] } },
{ "type": "Feature", "properties": { "barrio": "CONSORCIO ESPERANZA", "poblacion": 500.0, "hogares": 200.0, "nbi": 3.0, "pct_nbi": 1.5, "escuelas_total": 0, "escuelas_estatales": 0, "escuelas_privadas": 0, "dispensarios_municipales": 0, "paradas_colectivo": 6, "lineas_colectivo": 2, "luminarias_reportes": 4, "comisarias": 0, "centros_vecinales": 0, "hogares_por_poblacion": 0.4, "poblacion_log": 6.217, "pct_escuelas_privadas": 0.0, "escuelas_por_1000_hab": 0.0, "dispensarios_por_10000_hab": 0.0, "comisarias_por_10000_hab": 0.0, "paradas_por_1000_hab": 12.0, "centros_vecinales_por_10000_hab": 0.0, "tiene_escuela": 0, "tiene_dispensario": 0, "tiene_comisaria": 0, "tiene_transporte": 1, "infraestructura_score": 0.2222, "area_barrio_km2": 0.04, "densidad_poblacional": 12500.0, "densidad_hogares": 5000.0, "infraestructura_por_km2": 5.555, "educacion_ratio_publico_privado": 1.0, "cluster_barrio": 3, "cluster_descripcion": "Tipo D (Infr 0.40 - NBI 2.8%)", "categoria_infraestructura": "Media", "tooltip_barrio": "<b>CONSORCIO ESPERANZA</b><br>Pob: 500.0<br>Score: 0.22 (Media)", "servicios_basicos_score": 0.33, "infraestructura_por_habitante": 4.444, "ranking_infraestructura": 197, "percentil_infraestructura": 59.9 }, "geometry": { "type": "Point", "coordinates": [ -64.234352759439304, -31.420751186943999 ] } },
{ "type": "Feature", "properties": { "barrio": "COOPERATIVA 16 DE NOVIEMBRE", "poblacion": 5676.0, "hogares": 1377.0, "nbi": 174.0, "pct_nbi": 12.64, "escuelas_total": 2, "escuelas_estatales": 2, "escuelas_privadas": 0, "dispensarios_municipales": 1, "paradas_colectivo": 6, "lineas_colectivo": 1, "luminarias_reportes": 140, "comisarias": 0, "centros_vecinales": 1, "hogares_por_poblacion": 0.243, "poblacion_log": 8.644, "pct_escuelas_privadas": 0.0, "escuelas_por_1000_hab": 0.35, "dispensarios_por_10000_hab": 1.76, "comisarias_por_10000_hab": 0.0, "paradas_por_1000_hab": 1.06, "centros_vecinales_por_10000_hab": 1.76, "tiene_escuela": 1, "tiene_dispensario": 1, "tiene_comisaria": 0, "tiene_transporte": 1, "infraestructura_score": 0.1027, "area_barrio_km2": 0.4, "densidad_poblacional": 14190.0, "densidad_hogares": 3442.5, "infraestructura_por_km2": 0.257, "educacion_ratio_publico_privado": 3.0, "cluster_barrio": 2, "cluster_descripcion": "Tipo C (Infr 0.16 - NBI 14.4%)", "categoria_infraestructura": "Baja", "tooltip_barrio": "<b>COOPERATIVA 16 DE NOVIEMBRE</b><br>Pob: 5676.0<br>Score: 0.10 (Baja)", "servicios_basicos_score": 1.0, "infraestructura_por_habitante": 0.1809, "ranking_infraestructura": 372, "percentil_infraestructura": 24.9 }, "geometry": { "type": "Point", "coordinates": [ -64.261432872389662, -31.313277089012065 ] } },
{ "type": "Feature", "properties": { "barrio": "COOPERATIVA EL FUTURO", "poblacion": 500.0, "hogares": 200.0, "nbi": 12.0, "pct_nbi": 6.0, "escuelas_total": 0, "escuelas_estatales": 0, "escuelas_privadas": 0, "dispensarios_municipales": 0, "paradas_colectivo": 3, "lineas_colectivo": 2, "luminarias_reportes": 0, "comisarias": 0, "centros_vecinales": 0, "hogares_por_poblacion": 0.4, "poblacion_log": 6.217, "pct_escuelas_privadas": 0.0, "escuelas_por_1000_hab": 0.0, "dispensarios_por_10000_hab": 0.0, "comisarias_por_10000_hab": 0.0, "paradas_por_1000_hab": 6.0, "centros_vecinales_por_10000_hab": 0.0, "tiene_escuela": 0, "tiene_dispensario": 0, "tiene_comisaria": 0, "tiene_transporte": 1, "infraestructura_score": 0.1111, "area_barrio_km2": 0.04, "densidad_poblacional": 12500.0, "densidad_hogares": 5000.0, "infraestructura_por_km2": 2.778, "educacion_ratio_publico_privado": 1.0, "cluster_barrio": 1, "cluster_descripcion": "Tipo B (Infr 0.14 - NBI 3.0%)", "categoria_infraestructura": "Baja", "tooltip_barrio": "<b>COOPERATIVA EL FUTURO</b><br>Pob: 500.0<br>Score: 0.11 (Baja)", "servicios_basicos_score": 0.33, "infraestructura_por_habitante": 2.222, "ranking_infraestructura": 347, "percentil_infraestructura": 29.1 }, "geometry": { "type": "Point", "coordinates": [ -64.108101277920696, -31.440182349523202 ] } },
{ "type": "Feature", "properties": { "barrio": "COOPERATIVA LA HERMOSA", "poblacion": 500.0, "hogares": 200.0, "nbi": 24.0, "pct_nbi": 12.0, "escuelas_total": 0, "escuelas_estatales": 0, "escuelas_privadas": 0, "dispensarios_municipales": 0, "paradas_colectivo": 0, "lineas_colectivo": 0, "luminarias_reportes": 0, "comisarias": 0, "centros_vecinales": 1, "hogares_por_poblacion": 0.4, "poblacion_log": 6.217, "pct_escuelas_privadas": 0.0, "escuelas_por_1000_hab": 0.0, "dispensarios_por_10000_hab": 0.0, "comisarias_por_10000_hab": 0.0, "paradas_por_1000_hab": 0.0, "centros_vecinales_por_10000_hab": 20.0, "tiene_escuela": 0, "tiene_dispensario": 0, "tiene_comisaria": 0, "tiene_transporte": 0, "infraestructura_score": 0.0, "area_barrio_km2": 0.04, "densidad_poblacional": 12500.0, "densidad_hogares": 5000.0, "infraestructura_por_km2": 0.0, "educacion_ratio_publico_privado": 1.0, "cluster_barrio": 2, "cluster_descripcion": "Tipo C (Infr 0.16 - NBI 14.4%)", "categoria_infraestructura": "Muy Baja", "tooltip_barrio": "<b>COOPERATIVA LA HERMOSA</b><br>Pob: 500.0<br>Score: 0.00 (Muy Baja)", "servicios_basicos_score": 0.0, "infraestructura_por_habitante": 0.0, "ranking_infraestructura": 469, "percentil_infraestructura": 2.7 }, "geometry": { "type": "Point", "coordinates": [ -64.108104347353006, -31.438734758829899 ] } },
{ "type": "Feature", "properties": { "barrio": "COOPERATIVA LA UNIDAD", "poblacion": 2120.0, "hogares": 508.0, "nbi": 32.0, "pct_nbi": 6.3, "escuelas_total": 0, "escuelas_estatales": 0, "escuelas_privadas": 0, "dispensarios_municipales": 0, "paradas_colectivo": 8, "lineas_colectivo": 3, "luminarias_reportes": 0, "comisarias": 0, "centros_vecinales": 1, "hogares_por_poblacion": 0.24, "poblacion_log": 7.66, "pct_escuelas_privadas": 0.0, "escuelas_por_1000_hab": 0.0, "dispensarios_por_10000_hab": 0.0, "comisarias_por_10000_hab": 0.0, "paradas_por_1000_hab": 3.77, "centros_vecinales_por_10000_hab": 4.72, "tiene_escuela": 0, "tiene_dispensario": 0, "tiene_comisaria": 0, "tiene_transporte": 1, "infraestructura_score": 0.0698, "area_barrio_km2": 0.21, "densidad_poblacional": 10095.24, "densidad_hogares": 2419.05, "infraestructura_por_km2": 0.332, "educacion_ratio_publico_privado": 1.0, "cluster_barrio": 1, "cluster_descripcion": "Tipo B (Infr 0.14 - NBI 3.0%)", "categoria_infraestructura": "Muy Baja", "tooltip_barrio": "<b>COOPERATIVA LA UNIDAD</b><br>Pob: 2120.0<br>Score: 0.07 (Muy Baja)", "servicios_basicos_score": 0.33, "infraestructura_por_habitante": 0.3292, "ranking_infraestructura": 420, "percentil_infraestructura": 15.1 }, "geometry": { "type": "Point", "coordinates": [ -64.112884039505502, -31.430630677950798 ] } },
{ "type": "Feature", "properties": { "barrio": "CORDOBA IV", "poblacion": 500.0, "hogares": 200.0, "nbi": 0.0, "pct_nbi": 0.0, "escuelas_total": 2, "escuelas_estatales": 0, "escuelas_privadas": 2, "dispensarios_municipales": 0, "paradas_colectivo": 4, "lineas_colectivo": 1, "luminarias_reportes": 0, "comisarias": 0, "centros_vecinales": 0, "hogares_por_poblacion": 0.4, "poblacion_log": 6.217, "pct_escuelas_privadas": 1.0, "escuelas_por_1000_hab": 4.0, "dispensarios_por_10000_hab": 0.0, "comisarias_por_10000_hab": 0.0, "paradas_por_1000_hab": 8.0, "centros_vecinales_por_10000_hab": 0.0, "tiene_escuela": 1, "tiene_dispensario": 0, "tiene_comisaria": 0, "tiene_transporte": 1, "infraestructura_score": 0.4257, "area_barrio_km2": 0.09, "densidad_poblacional": 5555.56, "densidad_hogares": 2222.22, "infraestructura_por_km2": 4.73, "educacion_ratio_publico_privado": 0.33, "cluster_barrio": 0, "cluster_descripcion": "Tipo A (Infr 0.57 - NBI 4.5%)", "categoria_infraestructura": "Muy Alta", "tooltip_barrio": "<b>CORDOBA IV</b><br>Pob: 500.0<br>Score: 0.43 (Muy Alta)", "servicios_basicos_score": 0.67, "infraestructura_por_habitante": 8.514, "ranking_infraestructura": 73, "percentil_infraestructura": 85.3 }, "geometry": { "type": "Point", "coordinates": [ -64.2635715412857, -31.389649848724201 ] } },
{ "type": "Feature", "properties": { "barrio": "CORDOBA V", "poblacion": 500.0, "hogares": 200.0, "nbi": 1.0, "pct_nbi": 0.5, "escuelas_total": 0, "escuelas_estatales": 0, "escuelas_privadas": 0, "dispensarios_municipales": 0, "paradas_colectivo": 2, "lineas_colectivo": 2, "luminarias_reportes": 0, "comisarias": 0, "centros_vecinales": 0, "hogares_por_poblacion": 0.4, "poblacion_log": 6.217, "pct_escuelas_privadas": 0.0, "escuelas_por_1000_hab": 0.0, "dispensarios_por_10000_hab": 0.0, "comisarias_por_10000_hab": 0.0, "paradas_por_1000_hab": 4.0, "centros_vecinales_por_10000_hab": 0.0, "tiene_escuela": 0, "tiene_dispensario": 0, "tiene_comisaria": 0, "tiene_transporte": 1, "infraestructura_score": 0.0741, "area_barrio_km2": 0.06, "densidad_poblacional": 8333.33, "densidad_hogares": 3333.33, "infraestructura_por_km2": 1.235, "educacion_ratio_publico_privado": 1.0, "cluster_barrio": 1, "cluster_descripcion": "Tipo B (Infr 0.14 - NBI 3.0%)", "categoria_infraestructura": "Muy Baja", "tooltip_barrio": "<b>CORDOBA V</b><br>Pob: 500.0<br>Score: 0.07 (Muy Baja)", "servicios_basicos_score": 0.33, "infraestructura_por_habitante": 1.482, "ranking_infraestructura": 406, "percentil_infraestructura": 17.5 }, "geometry": { "type": "Point", "coordinates": [ -64.262488817918197, -31.3849544927415 ] } },
{ "type": "Feature", "properties": { "barrio": "CORRAL DE PALOS", "poblacion": 1244.0, "hogares": 342.0, "nbi": 23.0, "pct_nbi": 6.73, "escuelas_total": 0, "escuelas_estatales": 0, "escuelas_privadas": 0, "dispensarios_municipales": 0, "paradas_colectivo": 7, "lineas_colectivo": 2, "luminarias_reportes": 0, "comisarias": 0, "centros_vecinales": 1, "hogares_por_poblacion": 0.275, "poblacion_log": 7.127, "pct_escuelas_privadas": 0.0, "escuelas_por_1000_hab": 0.0, "dispensarios_por_10000_hab": 0.0, "comisarias_por_10000_hab": 0.0, "paradas_por_1000_hab": 5.63, "centros_vecinales_por_10000_hab": 8.04, "tiene_escuela": 0, "tiene_dispensario": 0, "tiene_comisaria": 0, "tiene_transporte": 1, "infraestructura_score": 0.1043, "area_barrio_km2": 0.13, "densidad_poblacional": 9569.23, "densidad_hogares": 2630.77, "infraestructura_por_km2": 0.802, "educacion_ratio_publico_privado": 1.0, "cluster_barrio": 1, "cluster_descripcion": "Tipo B (Infr 0.14 - NBI 3.0%)", "categoria_infraestructura": "Baja", "tooltip_barrio": "<b>CORRAL DE PALOS</b><br>Pob: 1244.0<br>Score: 0.10 (Baja)", "servicios_basicos_score": 0.33, "infraestructura_por_habitante": 0.8384, "ranking_infraestructura": 368, "percentil_infraestructura": 25.7 }, "geometry": { "type": "Point", "coordinates": [ -64.141051484461002, -31.439641102746901 ] } },
{ "type": "Feature", "properties": { "barrio": "COSTA VERDE", "poblacion": 500.0, "hogares": 200.0, "nbi": 0.0, "pct_nbi": 0.0, "escuelas_total": 0, "escuelas_estatales": 0, "escuelas_privadas": 0, "dispensarios_municipales": 1, "paradas_colectivo": 6, "lineas_colectivo": 2, "luminarias_reportes": 0, "comisarias": 0, "centros_vecinales": 0, "hogares_por_poblacion": 0.4, "poblacion_log": 6.217, "pct_escuelas_privadas": 0.0, "escuelas_por_1000_hab": 0.0, "dispensarios_por_10000_hab": 6.657, "comisarias_por_10000_hab": 0.0, "paradas_por_1000_hab": 12.0, "centros_vecinales_por_10000_hab": 0.0, "tiene_escuela": 0, "tiene_dispensario": 1, "tiene_comisaria": 0, "tiene_transporte": 1, "infraestructura_score": 0.4444, "area_barrio_km2": 0.09, "densidad_poblacional": 5555.56, "densidad_hogares": 2222.22, "infraestructura_por_km2": 4.938, "educacion_ratio_publico_privado": 1.0, "cluster_barrio": 3, "cluster_descripcion": "Tipo D (Infr 0.40 - NBI 2.8%)", "categoria_infraestructura": "Muy Alta", "tooltip_barrio": "<b>COSTA VERDE</b><br>Pob: 500.0<br>Score: 0.44 (Muy Alta)", "servicios_basicos_score": 0.67, "infraestructura_por_habitante": 8.888, "ranking_infraestructura": 59, "percentil_infraestructura": 87.4 }, "geometry": { "type": "Point", "coordinates": [ -64.250469001840898, -31.381222125591101 ] } },
{ "type": "Feature", "properties": { "barrio": "COUNTRY ALTOS DEL CHATEAU", "poblacion": 1120.0, "hogares": 252.0, "nbi": 0.0, "pct_nbi": 0.0, "escuelas_total": 1, "escuelas_estatales": 0, "escuelas_privadas": 1, "dispensarios_municipales": 0, "paradas_colectivo": 0, "lineas_colectivo": 0, "luminarias_reportes": 0, "comisarias": 0, "centros_vecinales": 0, "hogares_por_poblacion": 0.225, "poblacion_log": 7.022, "pct_escuelas_privadas": 1.0, "escuelas_por_1000_hab": 0.89, "dispensarios_por_10000_hab": 0.0, "comisarias_por_10000_hab": 0.0, "paradas_por_1000_hab": 0.0, "centros_vecinales_por_10000_hab": 0.0, "tiene_escuela": 1, "tiene_dispensario": 0, "tiene_comisaria": 0, "tiene_transporte": 0, "infraestructura_score": 0.0618, "area_barrio_km2": 0.46, "densidad_poblacional": 2434.78, "densidad_hogares": 547.83, "infraestructura_por_km2": 0.134, "educacion_ratio_publico_privado": 0.5, "cluster_barrio": 1, "cluster_descripcion": "Tipo B (Infr 0.14 - NBI 3.0%)", "categoria_infraestructura": "Muy Baja", "tooltip_barrio": "<b>COUNTRY ALTOS DEL CHATEAU</b><br>Pob: 1120.0<br>Score: 0.06 (Muy Baja)", "servicios_basicos_score": 0.33, "infraestructura_por_habitante": 0.5518, "ranking_infraestructura": 430, "percentil_infraestructura": 13.2 }, "geometry": { "type": "Point", "coordinates": [ -64.266809952847595, -31.374793804328448 ] } },
{ "type": "Feature", "properties": { "barrio": "COUNTRY BARRANCAS", "poblacion": 500.0, "hogares": 200.0, "nbi": 0.0, "pct_nbi": 0.0, "escuelas_total": 0, "escuelas_estatales": 0, "escuelas_privadas": 0, "dispensarios_municipales": 0, "paradas_colectivo": 6, "lineas_colectivo": 1, "luminarias_reportes": 0, "comisarias": 0, "centros_vecinales": 0, "hogares_por_poblacion": 0.4, "poblacion_log": 6.217, "pct_escuelas_privadas": 0.0, "escuelas_por_1000_hab": 0.0, "dispensarios_por_10000_hab": 0.0, "comisarias_por_10000_hab": 0.0, "paradas_por_1000_hab": 12.0, "centros_vecinales_por_10000_hab": 0.0, "tiene_escuela": 0, "tiene_dispensario": 0, "tiene_comisaria": 0, "tiene_transporte": 1, "infraestructura_score": 0.2222, "area_barrio_km2": 0.14, "densidad_poblacional": 3571.43, "densidad_hogares": 1428.57, "infraestructura_por_km2": 1.587, "educacion_ratio_publico_privado": 1.0, "cluster_barrio": 3, "cluster_descripcion": "Tipo D (Infr 0.40 - NBI 2.8%)", "categoria_infraestructura": "Media", "tooltip_barrio": "<b>COUNTRY BARRANCAS</b><br>Pob: 500.0<br>Score: 0.22 (Media)", "servicios_basicos_score": 0.33, "infraestructura_por_habitante": 4.444, "ranking_infraestructura": 197, "percentil_infraestructura": 59.9 }, "geometry": { "type": "Point", "coordinates": [ -64.246288053041198, -31.380506148248902 ] } },
{ "type": "Feature", "properties": { "barrio": "COUNTRY CLUB", "poblacion": 500.0, "hogares": 200.0, "nbi": 0.0, "pct_nbi": 0.0, "escuelas_total": 0, "escuelas_estatales": 0, "escuelas_privadas": 0, "dispensarios_municipales": 0, "paradas_colectivo": 6, "lineas_colectivo": 2, "luminarias_reportes": 0, "comisarias": 0, "centros_vecinales": 0, "hogares_por_poblacion": 0.4, "poblacion_log": 6.217, "pct_escuelas_privadas": 0.0, "escuelas_por_1000_hab": 0.0, "dispensarios_por_10000_hab": 0.0, "comisarias_por_10000_hab": 0.0, "paradas_por_1000_hab": 12.0, "centros_vecinales_por_10000_hab": 0.0, "tiene_escuela": 0, "tiene_dispensario": 0, "tiene_comisaria": 0, "tiene_transporte": 1, "infraestructura_score": 0.2222, "area_barrio_km2": 0.04, "densidad_poblacional": 12500.0, "densidad_hogares": 5000.0, "infraestructura_por_km2": 5.555, "educacion_ratio_publico_privado": 1.0, "cluster_barrio": 3, "cluster_descripcion": "Tipo D (Infr 0.40 - NBI 2.8%)", "categoria_infraestructura": "Media", "tooltip_barrio": "<b>COUNTRY CLUB</b><br>Pob: 500.0<br>Score: 0.22 (Media)", "servicios_basicos_score": 0.33, "infraestructura_por_habitante": 4.444, "ranking_infraestructura": 197, "percentil_infraestructura": 59.9 }, "geometry": { "type": "Point", "coordinates": [ -64.187278985351696, -31.453336410891801 ] } },
{ "type": "Feature", "properties": { "barrio": "COUNTRY FORTIN DEL POZO", "poblacion": 500.0, "hogares": 200.0, "nbi": 6.0, "pct_nbi": 3.0, "escuelas_total": 0, "escuelas_estatales": 0, "escuelas_privadas": 0, "dispensarios_municipales": 0, "paradas_colectivo": 1, "lineas_colectivo": 2, "luminarias_reportes": 0, "comisarias": 0, "centros_vecinales": 0, "hogares_por_poblacion": 0.4, "poblacion_log": 6.217, "pct_escuelas_privadas": 0.0, "escuelas_por_1000_hab": 0.0, "dispensarios_por_10000_hab": 0.0, "comisarias_por_10000_hab": 0.0, "paradas_por_1000_hab": 2.0, "centros_vecinales_por_10000_hab": 0.0, "tiene_escuela": 0, "tiene_dispensario": 0, "tiene_comisaria": 0, "tiene_transporte": 1, "infraestructura_score": 0.037, "area_barrio_km2": 0.47, "densidad_poblacional": 1063.83, "densidad_hogares": 425.53, "infraestructura_por_km2": 0.079, "educacion_ratio_publico_privado": 1.0, "cluster_barrio": 1, "cluster_descripcion": "Tipo B (Infr 0.14 - NBI 3.0%)", "categoria_infraestructura": "Muy Baja", "tooltip_barrio": "<b>COUNTRY FORTIN DEL POZO</b><br>Pob: 500.0<br>Score: 0.04 (Muy Baja)", "servicios_basicos_score": 0.33, "infraestructura_por_habitante": 0.74, "ranking_infraestructura": 447, "percentil_infraestructura": 9.2 }, "geometry": { "type": "Point", "coordinates": [ -64.175790757753902, -31.474020631974799 ] } },
{ "type": "Feature", "properties": { "barrio": "COUNTRY JOCKEY CLUB", "poblacion": 1555.0, "hogares": 379.0, "nbi": 7.0, "pct_nbi": 1.85, "escuelas_total": 0, "escuelas_estatales": 0, "escuelas_privadas": 0, "dispensarios_municipales": 0, "paradas_colectivo": 0, "lineas_colectivo": 0, "luminarias_reportes": 0, "comisarias": 0, "centros_vecinales": 0, "hogares_por_poblacion": 0.244, "poblacion_log": 7.35, "pct_escuelas_privadas": 0.0, "escuelas_por_1000_hab": 0.0, "dispensarios_por_10000_hab": 0.0, "comisarias_por_10000_hab": 0.0, "paradas_por_1000_hab": 0.0, "centros_vecinales_por_10000_hab": 0.0, "tiene_escuela": 0, "tiene_dispensario": 0, "tiene_comisaria": 0, "tiene_transporte": 0, "infraestructura_score": 0.0, "area_barrio_km2": 1.22, "densidad_poblacional": 1274.59, "densidad_hogares": 310.66, "infraestructura_por_km2": 0.0, "educacion_ratio_publico_privado": 1.0, "cluster_barrio": 1, "cluster_descripcion": "Tipo B (Infr 0.14 - NBI 3.0%)", "categoria_infraestructura": "Muy Baja", "tooltip_barrio": "<b>COUNTRY JOCKEY CLUB</b><br>Pob: 1555.0<br>Score: 0.00 (Muy Baja)", "servicios_basicos_score": 0.0, "infraestructura_por_habitante": 0.0, "ranking_infraestructura": 469, "percentil_infraestructura": 2.7 }, "geometry": { "type": "Point", "coordinates": [ -64.176659020741397, -31.4634727942897 ] } },
{ "type": "Feature", "properties": { "barrio": "COUNTRY LA RESERVA", "poblacion": 795.0, "hogares": 207.0, "nbi": 2.0, "pct_nbi": 0.97, "escuelas_total": 0, "escuelas_estatales": 0, "escuelas_privadas": 0, "dispensarios_municipales": 0, "paradas_colectivo": 0, "lineas_colectivo": 0, "luminarias_reportes": 0, "comisarias": 0, "centros_vecinales": 0, "hogares_por_poblacion": 0.26, "poblacion_log": 6.68, "pct_escuelas_privadas": 0.0, "escuelas_por_1000_hab": 0.0, "dispensarios_por_10000_hab": 0.0, "comisarias_por_10000_hab": 0.0, "paradas_por_1000_hab": 0.0, "centros_vecinales_por_10000_hab": 0.0, "tiene_escuela": 0, "tiene_dispensario": 0, "tiene_comisaria": 0, "tiene_transporte": 0, "infraestructura_score": 0.0, "area_barrio_km2": 0.39, "densidad_poblacional": 2038.46, "densidad_hogares": 530.77, "infraestructura_por_km2": 0.0, "educacion_ratio_publico_privado": 1.0, "cluster_barrio": 1, "cluster_descripcion": "Tipo B (Infr 0.14 - NBI 3.0%)", "categoria_infraestructura": "Muy Baja", "tooltip_barrio": "<b>COUNTRY LA RESERVA</b><br>Pob: 795.0<br>Score: 0.00 (Muy Baja)", "servicios_basicos_score": 0.0, "infraestructura_por_habitante": 0.0, "ranking_infraestructura": 469, "percentil_infraestructura": 2.7 }, "geometry": { "type": "Point", "coordinates": [ -64.268355787394398, -31.3672636397445 ] } },
{ "type": "Feature", "properties": { "barrio": "COUNTRY LA SANTINA - COUNTRY CAMPINA DEL SUR", "poblacion": 500.0, "hogares": 200.0, "nbi": 0.0, "pct_nbi": 0.0, "escuelas_total": 0, "escuelas_estatales": 0, "escuelas_privadas": 0, "dispensarios_municipales": 0, "paradas_colectivo": 9, "lineas_colectivo": 2, "luminarias_reportes": 0, "comisarias": 0, "centros_vecinales": 0, "hogares_por_poblacion": 0.4, "poblacion_log": 6.217, "pct_escuelas_privadas": 0.0, "escuelas_por_1000_hab": 0.0, "dispensarios_por_10000_hab": 0.0, "comisarias_por_10000_hab": 0.0, "paradas_por_1000_hab": 18.0, "centros_vecinales_por_10000_hab": 0.0, "tiene_escuela": 0, "tiene_dispensario": 0, "tiene_comisaria": 0, "tiene_transporte": 1, "infraestructura_score": 0.3333, "area_barrio_km2": null, "densidad_poblacional": 0.0, "densidad_hogares": 0.0, "infraestructura_por_km2": 0.0, "educacion_ratio_publico_privado": 1.0, "cluster_barrio": 3, "cluster_descripcion": "Tipo D (Infr 0.40 - NBI 2.8%)", "categoria_infraestructura": "Alta", "tooltip_barrio": "<b>COUNTRY LA SANTINA - COUNTRY CAMPINA DEL SUR</b><br>Pob: 500.0<br>Score: 0.33 (Alta)", "servicios_basicos_score": 0.33, "infraestructura_por_habitante": 6.666, "ranking_infraestructura": 108, "percentil_infraestructura": 78.0 }, "geometry": { "type": "Point", "coordinates": [ -64.173676120465402, -31.477364978202701 ] } },
{ "type": "Feature", "properties": { "barrio": "COUNTRY LAS DELICIAS", "poblacion": 776.0, "hogares": 213.0, "nbi": 2.0, "pct_nbi": 0.94, "escuelas_total": 0, "escuelas_estatales": 0, "escuelas_privadas": 0, "dispensarios_municipales": 0, "paradas_colectivo": 0, "lineas_colectivo": 0, "luminarias_reportes": 0, "comisarias": 0, "centros_vecinales": 0, "hogares_por_poblacion": 0.274, "poblacion_log": 6.655, "pct_escuelas_privadas": 0.0, "escuelas_por_1000_hab": 0.0, "dispensarios_por_10000_hab": 0.0, "comisarias_por_10000_hab": 0.0, "paradas_por_1000_hab": 0.0, "centros_vecinales_por_10000_hab": 0.0, "tiene_escuela": 0, "tiene_dispensario": 0, "tiene_comisaria": 0, "tiene_transporte": 0, "infraestructura_score": 0.0, "area_barrio_km2": 1.33, "densidad_poblacional": 583.46, "densidad_hogares": 160.15, "infraestructura_por_km2": 0.0, "educacion_ratio_publico_privado": 1.0, "cluster_barrio": 1, "cluster_descripcion": "Tipo B (Infr 0.14 - NBI 3.0%)", "categoria_infraestructura": "Muy Baja", "tooltip_barrio": "<b>COUNTRY LAS DELICIAS</b><br>Pob: 776.0<br>Score: 0.00 (Muy Baja)", "servicios_basicos_score": 0.0, "infraestructura_por_habitante": 0.0, "ranking_infraestructura": 469, "percentil_infraestructura": 2.7 }, "geometry": { "type": "Point", "coordinates": [ -64.299457900815497, -31.361935253570302 ] } },
{ "type": "Feature", "properties": { "barrio": "COUNTRY LOMAS DE LA CAROLINA", "poblacion": 1572.0, "hogares": 383.0, "nbi": 0.0, "pct_nbi": 0.0, "escuelas_total": 0, "escuelas_estatales": 0, "escuelas_privadas": 0, "dispensarios_municipales": 0, "paradas_colectivo": 2, "lineas_colectivo": 1, "luminarias_reportes": 0, "comisarias": 0, "centros_vecinales": 0, "hogares_por_poblacion": 0.244, "poblacion_log": 7.361, "pct_escuelas_privadas": 0.0, "escuelas_por_1000_hab": 0.0, "dispensarios_por_10000_hab": 0.0, "comisarias_por_10000_hab": 0.0, "paradas_por_1000_hab": 1.27, "centros_vecinales_por_10000_hab": 0.0, "tiene_escuela": 0, "tiene_dispensario": 0, "tiene_comisaria": 0, "tiene_transporte": 1, "infraestructura_score": 0.0235, "area_barrio_km2": 1.44, "densidad_poblacional": 1091.67, "densidad_hogares": 265.97, "infraestructura_por_km2": 0.016, "educacion_ratio_publico_privado": 1.0, "cluster_barrio": 1, "cluster_descripcion": "Tipo B (Infr 0.14 - NBI 3.0%)", "categoria_infraestructura": "Muy Baja", "tooltip_barrio": "<b>COUNTRY LOMAS DE LA CAROLINA</b><br>Pob: 1572.0<br>Score: 0.02 (Muy Baja)", "servicios_basicos_score": 0.33, "infraestructura_por_habitante": 0.1495, "ranking_infraestructura": 461, "percentil_infraestructura": 6.9 }, "geometry": { "type": "Point", "coordinates": [ -64.305620917096505, -31.3556553169784 ] } },
{ "type": "Feature", "properties": { "barrio": "COUNTRY LOS ALGARROBOS", "poblacion": 500.0, "hogares": 200.0, "nbi": 0.0, "pct_nbi": 0.0, "escuelas_total": 0, "escuelas_estatales": 0, "escuelas_privadas": 0, "dispensarios_municipales": 0, "paradas_colectivo": 4, "lineas_colectivo": 2, "luminarias_reportes": 0, "comisarias": 0, "centros_vecinales": 0, "hogares_por_poblacion": 0.4, "poblacion_log": 6.217, "pct_escuelas_privadas": 0.0, "escuelas_por_1000_hab": 0.0, "dispensarios_por_10000_hab": 0.0, "comisarias_por_10000_hab": 0.0, "paradas_por_1000_hab": 8.0, "centros_vecinales_por_10000_hab": 0.0, "tiene_escuela": 0, "tiene_dispensario": 0, "tiene_comisaria": 0, "tiene_transporte": 1, "infraestructura_score": 0.1481, "area_barrio_km2": 0.09, "densidad_poblacional": 5555.56, "densidad_hogares": 2222.22, "infraestructura_por_km2": 1.646, "educacion_ratio_publico_privado": 1.0, "cluster_barrio": 1, "cluster_descripcion": "Tipo B (Infr 0.14 - NBI 3.0%)", "categoria_infraestructura": "Media", "tooltip_barrio": "<b>COUNTRY LOS ALGARROBOS</b><br>Pob: 500.0<br>Score: 0.15 (Media)", "servicios_basicos_score": 0.33, "infraestructura_por_habitante": 2.962, "ranking_infraestructura": 288, "percentil_infraestructura": 41.2 }, "geometry": { "type": "Point", "coordinates": [ -64.240689521780695, -31.483351000404198 ] } },
{ "type": "Feature", "properties": { "barrio": "COUNTRY LOS MIMBRES", "poblacion": 500.0, "hogares": 200.0, "nbi": 0.0, "pct_nbi": 0.0, "escuelas_total": 0, "escuelas_estatales": 0, "escuelas_privadas": 0, "dispensarios_municipales": 0, "paradas_colectivo": 3, "lineas_colectivo": 1, "luminarias_reportes": 0, "comisarias": 0, "centros_vecinales": 0, "hogares_por_poblacion": 0.4, "poblacion_log": 6.217, "pct_escuelas_privadas": 0.0, "escuelas_por_1000_hab": 0.0, "dispensarios_por_10000_hab": 0.0, "comisarias_por_10000_hab": 0.0, "paradas_por_1000_hab": 6.0, "centros_vecinales_por_10000_hab": 0.0, "tiene_escuela": 0, "tiene_dispensario": 0, "tiene_comisaria": 0, "tiene_transporte": 1, "infraestructura_score": 0.1111, "area_barrio_km2": 0.18, "densidad_poblacional": 2777.78, "densidad_hogares": 1111.11, "infraestructura_por_km2": 0.617, "educacion_ratio_publico_privado": 1.0, "cluster_barrio": 1, "cluster_descripcion": "Tipo B (Infr 0.14 - NBI 3.0%)", "categoria_infraestructura": "Baja", "tooltip_barrio": "<b>COUNTRY LOS MIMBRES</b><br>Pob: 500.0<br>Score: 0.11 (Baja)", "servicios_basicos_score": 0.33, "infraestructura_por_habitante": 2.222, "ranking_infraestructura": 347, "percentil_infraestructura": 29.1 }, "geometry": { "type": "Point", "coordinates": [ -64.1839627867177, -31.493384547455101 ] } },
{ "type": "Feature", "properties": { "barrio": "COUNTRY RANCH CLUB", "poblacion": 500.0, "hogares": 200.0, "nbi": 0.0, "pct_nbi": 0.0, "escuelas_total": 0, "escuelas_estatales": 0, "escuelas_privadas": 0, "dispensarios_municipales": 0, "paradas_colectivo": 3, "lineas_colectivo": 1, "luminarias_reportes": 0, "comisarias": 0, "centros_vecinales": 0, "hogares_por_poblacion": 0.4, "poblacion_log": 6.217, "pct_escuelas_privadas": 0.0, "escuelas_por_1000_hab": 0.0, "dispensarios_por_10000_hab": 0.0, "comisarias_por_10000_hab": 0.0, "paradas_por_1000_hab": 6.0, "centros_vecinales_por_10000_hab": 0.0, "tiene_escuela": 0, "tiene_dispensario": 0, "tiene_comisaria": 0, "tiene_transporte": 1, "infraestructura_score": 0.1111, "area_barrio_km2": 0.06, "densidad_poblacional": 8333.33, "densidad_hogares": 3333.33, "infraestructura_por_km2": 1.852, "educacion_ratio_publico_privado": 1.0, "cluster_barrio": 1, "cluster_descripcion": "Tipo B (Infr 0.14 - NBI 3.0%)", "categoria_infraestructura": "Baja", "tooltip_barrio": "<b>COUNTRY RANCH CLUB</b><br>Pob: 500.0<br>Score: 0.11 (Baja)", "servicios_basicos_score": 0.33, "infraestructura_por_habitante": 2.222, "ranking_infraestructura": 347, "percentil_infraestructura": 29.1 }, "geometry": { "type": "Point", "coordinates": [ -64.219181088996194, -31.452719803409298 ] } },
{ "type": "Feature", "properties": { "barrio": "COUNTRY VALLE ESCONDIDO", "poblacion": 6660.0, "hogares": 1818.0, "nbi": 8.0, "pct_nbi": 0.44, "escuelas_total": 1, "escuelas_estatales": 0, "escuelas_privadas": 1, "dispensarios_municipales": 0, "paradas_colectivo": 3, "lineas_colectivo": 1, "luminarias_reportes": 0, "comisarias": 0, "centros_vecinales": 0, "hogares_por_poblacion": 0.273, "poblacion_log": 8.804, "pct_escuelas_privadas": 1.0, "escuelas_por_1000_hab": 0.15, "dispensarios_por_10000_hab": 0.0, "comisarias_por_10000_hab": 0.0, "paradas_por_1000_hab": 0.45, "centros_vecinales_por_10000_hab": 0.0, "tiene_escuela": 1, "tiene_dispensario": 0, "tiene_comisaria": 0, "tiene_transporte": 1, "infraestructura_score": 0.0187, "area_barrio_km2": 5.38, "densidad_poblacional": 1237.92, "densidad_hogares": 337.92, "infraestructura_por_km2": 0.003, "educacion_ratio_publico_privado": 0.5, "cluster_barrio": 1, "cluster_descripcion": "Tipo B (Infr 0.14 - NBI 3.0%)", "categoria_infraestructura": "Muy Baja", "tooltip_barrio": "<b>COUNTRY VALLE ESCONDIDO</b><br>Pob: 6660.0<br>Score: 0.02 (Muy Baja)", "servicios_basicos_score": 0.67, "infraestructura_por_habitante": 0.0281, "ranking_infraestructura": 464, "percentil_infraestructura": 6.3 }, "geometry": { "type": "Point", "coordinates": [ -64.280614112077004, -31.365093628436902 ] } },
{ "type": "Feature", "properties": { "barrio": "CRISOL NORTE", "poblacion": 1224.0, "hogares": 541.0, "nbi": 5.0, "pct_nbi": 0.92, "escuelas_total": 8, "escuelas_estatales": 4, "escuelas_privadas": 4, "dispensarios_municipales": 0, "paradas_colectivo": 41, "lineas_colectivo": 20, "luminarias_reportes": 121, "comisarias": 0, "centros_vecinales": 1, "hogares_por_poblacion": 0.442, "poblacion_log": 7.111, "pct_escuelas_privadas": 0.5, "escuelas_por_1000_hab": 4.8035, "dispensarios_por_10000_hab": 0.0, "comisarias_por_10000_hab": 0.0, "paradas_por_1000_hab": 24.0, "centros_vecinales_por_10000_hab": 8.17, "tiene_escuela": 1, "tiene_dispensario": 0, "tiene_comisaria": 0, "tiene_transporte": 1, "infraestructura_score": 0.7778, "area_barrio_km2": 0.24, "densidad_poblacional": 5100.0, "densidad_hogares": 2254.17, "infraestructura_por_km2": 3.241, "educacion_ratio_publico_privado": 1.0, "cluster_barrio": 0, "cluster_descripcion": "Tipo A (Infr 0.57 - NBI 4.5%)", "categoria_infraestructura": "Muy Alta", "tooltip_barrio": "<b>CRISOL NORTE</b><br>Pob: 1224.0<br>Score: 0.78 (Muy Alta)", "servicios_basicos_score": 0.67, "infraestructura_por_habitante": 6.3546, "ranking_infraestructura": 6, "percentil_infraestructura": 98.5 }, "geometry": { "type": "Point", "coordinates": [ -64.167176368667995, -31.428051362203998 ] } },
{ "type": "Feature", "properties": { "barrio": "CRISOL SUD", "poblacion": 3336.0, "hogares": 1124.0, "nbi": 10.0, "pct_nbi": 0.89, "escuelas_total": 7, "escuelas_estatales": 4, "escuelas_privadas": 3, "dispensarios_municipales": 0, "paradas_colectivo": 17, "lineas_colectivo": 8, "luminarias_reportes": 152, "comisarias": 0, "centros_vecinales": 1, "hogares_por_poblacion": 0.337, "poblacion_log": 8.113, "pct_escuelas_privadas": 0.429, "escuelas_por_1000_hab": 2.1, "dispensarios_por_10000_hab": 0.0, "comisarias_por_10000_hab": 0.0, "paradas_por_1000_hab": 5.1, "centros_vecinales_por_10000_hab": 3.0, "tiene_escuela": 1, "tiene_dispensario": 0, "tiene_comisaria": 0, "tiene_transporte": 1, "infraestructura_score": 0.2402, "area_barrio_km2": 0.52, "densidad_poblacional": 6415.38, "densidad_hogares": 2161.54, "infraestructura_por_km2": 0.462, "educacion_ratio_publico_privado": 1.25, "cluster_barrio": 1, "cluster_descripcion": "Tipo B (Infr 0.14 - NBI 3.0%)", "categoria_infraestructura": "Alta", "tooltip_barrio": "<b>CRISOL SUD</b><br>Pob: 3336.0<br>Score: 0.24 (Alta)", "servicios_basicos_score": 0.67, "infraestructura_por_habitante": 0.72, "ranking_infraestructura": 177, "percentil_infraestructura": 64.4 }, "geometry": { "type": "Point", "coordinates": [ -64.167425431100298, -31.434958282136201 ] } },
{ "type": "Feature", "properties": { "barrio": "CUPANI", "poblacion": 2255.0, "hogares": 674.0, "nbi": 32.0, "pct_nbi": 4.75, "escuelas_total": 2, "escuelas_estatales": 0, "escuelas_privadas": 2, "dispensarios_municipales": 1, "paradas_colectivo": 13, "lineas_colectivo": 6, "luminarias_reportes": 6, "comisarias": 0, "centros_vecinales": 1, "hogares_por_poblacion": 0.299, "poblacion_log": 7.721, "pct_escuelas_privadas": 1.0, "escuelas_por_1000_hab": 0.89, "dispensarios_por_10000_hab": 4.43, "comisarias_por_10000_hab": 0.0, "paradas_por_1000_hab": 5.76, "centros_vecinales_por_10000_hab": 4.43, "tiene_escuela": 1, "tiene_dispensario": 1, "tiene_comisaria": 0, "tiene_transporte": 1, "infraestructura_score": 0.3163, "area_barrio_km2": 0.19, "densidad_poblacional": 11868.42, "densidad_hogares": 3547.37, "infraestructura_por_km2": 1.665, "educacion_ratio_publico_privado": 0.33, "cluster_barrio": 1, "cluster_descripcion": "Tipo B (Infr 0.14 - NBI 3.0%)", "categoria_infraestructura": "Alta", "tooltip_barrio": "<b>CUPANI</b><br>Pob: 2255.0<br>Score: 0.32 (Alta)", "servicios_basicos_score": 1.0, "infraestructura_por_habitante": 1.4027, "ranking_infraestructura": 118, "percentil_infraestructura": 76.3 }, "geometry": { "type": "Point", "coordinates": [ -64.207695161941402, -31.421473588853299 ] } },
{ "type": "Feature", "properties": { "barrio": "DE LOS BIOQUIMICOS", "poblacion": 1265.0, "hogares": 348.0, "nbi": 25.0, "pct_nbi": 7.18, "escuelas_total": 0, "escuelas_estatales": 0, "escuelas_privadas": 0, "dispensarios_municipales": 0, "paradas_colectivo": 13, "lineas_colectivo": 1, "luminarias_reportes": 0, "comisarias": 0, "centros_vecinales": 1, "hogares_por_poblacion": 0.275, "poblacion_log": 7.144, "pct_escuelas_privadas": 0.0, "escuelas_por_1000_hab": 0.0, "dispensarios_por_10000_hab": 0.0, "comisarias_por_10000_hab": 0.0, "paradas_por_1000_hab": 10.28, "centros_vecinales_por_10000_hab": 7.91, "tiene_escuela": 0, "tiene_dispensario": 0, "tiene_comisaria": 0, "tiene_transporte": 1, "infraestructura_score": 0.1904, "area_barrio_km2": 0.17, "densidad_poblacional": 7441.18, "densidad_hogares": 2047.06, "infraestructura_por_km2": 1.12, "educacion_ratio_publico_privado": 1.0, "cluster_barrio": 1, "cluster_descripcion": "Tipo B (Infr 0.14 - NBI 3.0%)", "categoria_infraestructura": "Media", "tooltip_barrio": "<b>DE LOS BIOQUIMICOS</b><br>Pob: 1265.0<br>Score: 0.19 (Media)", "servicios_basicos_score": 0.33, "infraestructura_por_habitante": 1.5051, "ranking_infraestructura": 232, "percentil_infraestructura": 53.2 }, "geometry": { "type": "Point", "coordinates": [ -64.266813895788502, -31.320428853528298 ] } },
{ "type": "Feature", "properties": { "barrio": "DE LOS DOCENTES", "poblacion": 500.0, "hogares": 200.0, "nbi": 0.0, "pct_nbi": 0.0, "escuelas_total": 0, "escuelas_estatales": 0, "escuelas_privadas": 0, "dispensarios_municipales": 0, "paradas_colectivo": 3, "lineas_colectivo": 3, "luminarias_reportes": 0, "comisarias": 0, "centros_vecinales": 2, "hogares_por_poblacion": 0.4, "poblacion_log": 6.217, "pct_escuelas_privadas": 0.0, "escuelas_por_1000_hab": 0.0, "dispensarios_por_10000_hab": 0.0, "comisarias_por_10000_hab": 0.0, "paradas_por_1000_hab": 6.0, "centros_vecinales_por_10000_hab": 40.0, "tiene_escuela": 0, "tiene_dispensario": 0, "tiene_comisaria": 0, "tiene_transporte": 1, "infraestructura_score": 0.1111, "area_barrio_km2": 0.01, "densidad_poblacional": 50000.0, "densidad_hogares": 20000.0, "infraestructura_por_km2": 11.11, "educacion_ratio_publico_privado": 1.0, "cluster_barrio": 1, "cluster_descripcion": "Tipo B (Infr 0.14 - NBI 3.0%)", "categoria_infraestructura": "Baja", "tooltip_barrio": "<b>DE LOS DOCENTES</b><br>Pob: 500.0<br>Score: 0.11 (Baja)", "servicios_basicos_score": 0.33, "infraestructura_por_habitante": 2.222, "ranking_infraestructura": 347, "percentil_infraestructura": 29.1 }, "geometry": { "type": "Point", "coordinates": [ -64.152411891778598, -31.4590670929175 ] } },
{ "type": "Feature", "properties": { "barrio": "DEAN FUNES", "poblacion": 2124.0, "hogares": 682.0, "nbi": 22.0, "pct_nbi": 3.23, "escuelas_total": 2, "escuelas_estatales": 1, "escuelas_privadas": 1, "dispensarios_municipales": 0, "paradas_colectivo": 27, "lineas_colectivo": 10, "luminarias_reportes": 87, "comisarias": 0, "centros_vecinales": 1, "hogares_por_poblacion": 0.321, "poblacion_log": 7.662, "pct_escuelas_privadas": 0.5, "escuelas_por_1000_hab": 0.94, "dispensarios_por_10000_hab": 0.0, "comisarias_por_10000_hab": 0.0, "paradas_por_1000_hab": 12.71, "centros_vecinales_por_10000_hab": 4.71, "tiene_escuela": 1, "tiene_dispensario": 0, "tiene_comisaria": 0, "tiene_transporte": 1, "infraestructura_score": 0.3006, "area_barrio_km2": 0.74, "densidad_poblacional": 2870.27, "densidad_hogares": 921.62, "infraestructura_por_km2": 0.406, "educacion_ratio_publico_privado": 1.0, "cluster_barrio": 3, "cluster_descripcion": "Tipo D (Infr 0.40 - NBI 2.8%)", "categoria_infraestructura": "Alta", "tooltip_barrio": "<b>DEAN FUNES</b><br>Pob: 2124.0<br>Score: 0.30 (Alta)", "servicios_basicos_score": 0.67, "infraestructura_por_habitante": 1.4153, "ranking_infraestructura": 130, "percentil_infraestructura": 73.9 }, "geometry": { "type": "Point", "coordinates": [ -64.117895792127101, -31.445859707152199 ] } },
{ "type": "Feature", "properties": { "barrio": "DIPAS", "poblacion": 500.0, "hogares": 200.0, "nbi": 0.0, "pct_nbi": 0.0, "escuelas_total": 0, "escuelas_estatales": 0, "escuelas_privadas": 0, "dispensarios_municipales": 0, "paradas_colectivo": 0, "lineas_colectivo": 0, "luminarias_reportes": 0, "comisarias": 0, "centros_vecinales": 0, "hogares_por_poblacion": 0.4, "poblacion_log": 6.217, "pct_escuelas_privadas": 0.0, "escuelas_por_1000_hab": 0.0, "dispensarios_por_10000_hab": 0.0, "comisarias_por_10000_hab": 0.0, "paradas_por_1000_hab": 0.0, "centros_vecinales_por_10000_hab": 0.0, "tiene_escuela": 0, "tiene_dispensario": 0, "tiene_comisaria": 0, "tiene_transporte": 0, "infraestructura_score": 0.0, "area_barrio_km2": 0.0, "densidad_poblacional": 0.0, "densidad_hogares": 0.0, "infraestructura_por_km2": 0.0, "educacion_ratio_publico_privado": 1.0, "cluster_barrio": 1, "cluster_descripcion": "Tipo B (Infr 0.14 - NBI 3.0%)", "categoria_infraestructura": "Muy Baja", "tooltip_barrio": "<b>DIPAS</b><br>Pob: 500.0<br>Score: 0.00 (Muy Baja)", "servicios_basicos_score": 0.0, "infraestructura_por_habitante": 0.0, "ranking_infraestructura": 469, "percentil_infraestructura": 2.7 }, "geometry": { "type": "Point", "coordinates": [ -64.294493647769201, -31.3563236095696 ] } },
{ "type": "Feature", "properties": { "barrio": "DUCASSE", "poblacion": 936.0, "hogares": 389.0, "nbi": 32.0, "pct_nbi": 8.23, "escuelas_total": 1, "escuelas_estatales": 1, "escuelas_privadas": 0, "dispensarios_municipales": 0, "paradas_colectivo": 52, "lineas_colectivo": 43, "luminarias_reportes": 5, "comisarias": 0, "centros_vecinales": 1, "hogares_por_poblacion": 0.416, "poblacion_log": 6.843, "pct_escuelas_privadas": 0.0, "escuelas_por_1000_hab": 1.07, "dispensarios_por_10000_hab": 0.0, "comisarias_por_10000_hab": 0.0, "paradas_por_1000_hab": 24.0, "centros_vecinales_por_10000_hab": 10.68, "tiene_escuela": 1, "tiene_dispensario": 0, "tiene_comisaria": 0, "tiene_transporte": 1, "infraestructura_score": 0.5187, "area_barrio_km2": 0.17, "densidad_poblacional": 5505.88, "densidad_hogares": 2288.24, "infraestructura_por_km2": 3.051, "educacion_ratio_publico_privado": 2.0, "cluster_barrio": 3, "cluster_descripcion": "Tipo D (Infr 0.40 - NBI 2.8%)", "categoria_infraestructura": "Muy Alta", "tooltip_barrio": "<b>DUCASSE</b><br>Pob: 936.0<br>Score: 0.52 (Muy Alta)", "servicios_basicos_score": 0.67, "infraestructura_por_habitante": 5.5417, "ranking_infraestructura": 43, "percentil_infraestructura": 91.5 }, "geometry": { "type": "Point", "coordinates": [ -64.190885543401194, -31.404888252086 ] } },
{ "type": "Feature", "properties": { "barrio": "EJERCITO ARGENTINO", "poblacion": 1845.0, "hogares": 624.0, "nbi": 8.0, "pct_nbi": 1.28, "escuelas_total": 3, "escuelas_estatales": 3, "escuelas_privadas": 0, "dispensarios_municipales": 0, "paradas_colectivo": 37, "lineas_colectivo": 24, "luminarias_reportes": 64, "comisarias": 0, "centros_vecinales": 1, "hogares_por_poblacion": 0.338, "poblacion_log": 7.521, "pct_escuelas_privadas": 0.0, "escuelas_por_1000_hab": 1.63, "dispensarios_por_10000_hab": 0.0, "comisarias_por_10000_hab": 0.0, "paradas_por_1000_hab": 20.05, "centros_vecinales_por_10000_hab": 5.42, "tiene_escuela": 1, "tiene_dispensario": 0, "tiene_comisaria": 0, "tiene_transporte": 1, "infraestructura_score": 0.4844, "area_barrio_km2": 0.15, "densidad_poblacional": 12300.0, "densidad_hogares": 4160.0, "infraestructura_por_km2": 3.229, "educacion_ratio_publico_privado": 4.0, "cluster_barrio": 3, "cluster_descripcion": "Tipo D (Infr 0.40 - NBI 2.8%)", "categoria_infraestructura": "Muy Alta", "tooltip_barrio": "<b>EJERCITO ARGENTINO</b><br>Pob: 1845.0<br>Score: 0.48 (Muy Alta)", "servicios_basicos_score": 0.67, "infraestructura_por_habitante": 2.6255, "ranking_infraestructura": 50, "percentil_infraestructura": 90.1 }, "geometry": { "type": "Point", "coordinates": [ -64.196191342289694, -31.447568948722999 ] } },
{ "type": "Feature", "properties": { "barrio": "EL BALCON", "poblacion": 500.0, "hogares": 200.0, "nbi": 0.0, "pct_nbi": 0.0, "escuelas_total": 0, "escuelas_estatales": 0, "escuelas_privadas": 0, "dispensarios_municipales": 0, "paradas_colectivo": 1, "lineas_colectivo": 1, "luminarias_reportes": 0, "comisarias": 0, "centros_vecinales": 0, "hogares_por_poblacion": 0.4, "poblacion_log": 6.217, "pct_escuelas_privadas": 0.0, "escuelas_por_1000_hab": 0.0, "dispensarios_por_10000_hab": 0.0, "comisarias_por_10000_hab": 0.0, "paradas_por_1000_hab": 2.0, "centros_vecinales_por_10000_hab": 0.0, "tiene_escuela": 0, "tiene_dispensario": 0, "tiene_comisaria": 0, "tiene_transporte": 1, "infraestructura_score": 0.037, "area_barrio_km2": 0.0, "densidad_poblacional": 0.0, "densidad_hogares": 0.0, "infraestructura_por_km2": 0.0, "educacion_ratio_publico_privado": 1.0, "cluster_barrio": 1, "cluster_descripcion": "Tipo B (Infr 0.14 - NBI 3.0%)", "categoria_infraestructura": "Muy Baja", "tooltip_barrio": "<b>EL BALCON</b><br>Pob: 500.0<br>Score: 0.04 (Muy Baja)", "servicios_basicos_score": 0.33, "infraestructura_por_habitante": 0.74, "ranking_infraestructura": 447, "percentil_infraestructura": 9.2 }, "geometry": { "type": "Point", "coordinates": [ -64.274779653245602, -31.374720195908498 ] } },
{ "type": "Feature", "properties": { "barrio": "EL BOSQUE", "poblacion": 1590.0, "hogares": 407.0, "nbi": 6.0, "pct_nbi": 1.47, "escuelas_total": 0, "escuelas_estatales": 0, "escuelas_privadas": 0, "dispensarios_municipales": 0, "paradas_colectivo": 6, "lineas_colectivo": 1, "luminarias_reportes": 0, "comisarias": 0, "centros_vecinales": 1, "hogares_por_poblacion": 0.256, "poblacion_log": 7.372, "pct_escuelas_privadas": 0.0, "escuelas_por_1000_hab": 0.0, "dispensarios_por_10000_hab": 0.0, "comisarias_por_10000_hab": 0.0, "paradas_por_1000_hab": 3.77, "centros_vecinales_por_10000_hab": 6.29, "tiene_escuela": 0, "tiene_dispensario": 0, "tiene_comisaria": 0, "tiene_transporte": 1, "infraestructura_score": 0.0698, "area_barrio_km2": 1.73, "densidad_poblacional": 919.08, "densidad_hogares": 235.26, "infraestructura_por_km2": 0.04, "educacion_ratio_publico_privado": 1.0, "cluster_barrio": 1, "cluster_descripcion": "Tipo B (Infr 0.14 - NBI 3.0%)", "categoria_infraestructura": "Muy Baja", "tooltip_barrio": "<b>EL BOSQUE</b><br>Pob: 1590.0<br>Score: 0.07 (Muy Baja)", "servicios_basicos_score": 0.33, "infraestructura_por_habitante": 0.439, "ranking_infraestructura": 420, "percentil_infraestructura": 15.1 }, "geometry": { "type": "Point", "coordinates": [ -64.307387518257002, -31.338038471300202 ] } },
{ "type": "Feature", "properties": { "barrio": "EL CABILDO", "poblacion": 5049.0, "hogares": 1331.0, "nbi": 88.0, "pct_nbi": 6.61, "escuelas_total": 5, "escuelas_estatales": 5, "escuelas_privadas": 0, "dispensarios_municipales": 1, "paradas_colectivo": 22, "lineas_colectivo": 4, "luminarias_reportes": 13, "comisarias": 0, "centros_vecinales": 1, "hogares_por_poblacion": 0.264, "poblacion_log": 8.527, "pct_escuelas_privadas": 0.0, "escuelas_por_1000_hab": 0.99, "dispensarios_por_10000_hab": 1.98, "comisarias_por_10000_hab": 0.0, "paradas_por_1000_hab": 4.36, "centros_vecinales_por_10000_hab": 1.98, "tiene_escuela": 1, "tiene_dispensario": 1, "tiene_comisaria": 0, "tiene_transporte": 1, "infraestructura_score": 0.2155, "area_barrio_km2": 0.55, "densidad_poblacional": 9180.0, "densidad_hogares": 2420.0, "infraestructura_por_km2": 0.392, "educacion_ratio_publico_privado": 6.0, "cluster_barrio": 1, "cluster_descripcion": "Tipo B (Infr 0.14 - NBI 3.0%)", "categoria_infraestructura": "Media", "tooltip_barrio": "<b>EL CABILDO</b><br>Pob: 5049.0<br>Score: 0.22 (Media)", "servicios_basicos_score": 1.0, "infraestructura_por_habitante": 0.4268, "ranking_infraestructura": 206, "percentil_infraestructura": 58.5 }, "geometry": { "type": "Point", "coordinates": [ -64.235110543777594, -31.485906822712501 ] } },
{ "type": "Feature", "properties": { "barrio": "EL CERRITO", "poblacion": 3659.0, "hogares": 920.0, "nbi": 105.0, "pct_nbi": 11.41, "escuelas_total": 1, "escuelas_estatales": 1, "escuelas_privadas": 0, "dispensarios_municipales": 1, "paradas_colectivo": 8, "lineas_colectivo": 2, "luminarias_reportes": 5, "comisarias": 0, "centros_vecinales": 2, "hogares_por_poblacion": 0.251, "poblacion_log": 8.205, "pct_escuelas_privadas": 0.0, "escuelas_por_1000_hab": 0.27, "dispensarios_por_10000_hab": 2.73, "comisarias_por_10000_hab": 0.0, "paradas_por_1000_hab": 2.19, "centros_vecinales_por_10000_hab": 5.47, "tiene_escuela": 1, "tiene_dispensario": 1, "tiene_comisaria": 0, "tiene_transporte": 1, "infraestructura_score": 0.1504, "area_barrio_km2": 0.7, "densidad_poblacional": 5227.14, "densidad_hogares": 1314.29, "infraestructura_por_km2": 0.215, "educacion_ratio_publico_privado": 2.0, "cluster_barrio": 2, "cluster_descripcion": "Tipo C (Infr 0.16 - NBI 14.4%)", "categoria_infraestructura": "Media", "tooltip_barrio": "<b>EL CERRITO</b><br>Pob: 3659.0<br>Score: 0.15 (Media)", "servicios_basicos_score": 1.0, "infraestructura_por_habitante": 0.411, "ranking_infraestructura": 285, "percentil_infraestructura": 42.5 }, "geometry": { "type": "Point", "coordinates": [ -64.250254806682804, -31.322168725286801 ] } },
{ "type": "Feature", "properties": { "barrio": "EL PRADO", "poblacion": 500.0, "hogares": 200.0, "nbi": 0.0, "pct_nbi": 0.0, "escuelas_total": 0, "escuelas_estatales": 0, "escuelas_privadas": 0, "dispensarios_municipales": 0, "paradas_colectivo": 4, "lineas_colectivo": 1, "luminarias_reportes": 0, "comisarias": 0, "centros_vecinales": 0, "hogares_por_poblacion": 0.4, "poblacion_log": 6.217, "pct_escuelas_privadas": 0.0, "escuelas_por_1000_hab": 0.0, "dispensarios_por_10000_hab": 0.0, "comisarias_por_10000_hab": 0.0, "paradas_por_1000_hab": 8.0, "centros_vecinales_por_10000_hab": 0.0, "tiene_escuela": 0, "tiene_dispensario": 0, "tiene_comisaria": 0, "tiene_transporte": 1, "infraestructura_score": 0.1481, "area_barrio_km2": 0.0, "densidad_poblacional": 0.0, "densidad_hogares": 0.0, "infraestructura_por_km2": 0.0, "educacion_ratio_publico_privado": 1.0, "cluster_barrio": 1, "cluster_descripcion": "Tipo B (Infr 0.14 - NBI 3.0%)", "categoria_infraestructura": "Media", "tooltip_barrio": "<b>EL PRADO</b><br>Pob: 500.0<br>Score: 0.15 (Media)", "servicios_basicos_score": 0.33, "infraestructura_por_habitante": 2.962, "ranking_infraestructura": 288, "percentil_infraestructura": 41.2 }, "geometry": { "type": "Point", "coordinates": [ -64.270311185880303, -31.375753313966001 ] } },
{ "type": "Feature", "properties": { "barrio": "EL PUEBLITO", "poblacion": 1315.0, "hogares": 332.0, "nbi": 124.0, "pct_nbi": 37.35, "escuelas_total": 0, "escuelas_estatales": 0, "escuelas_privadas": 0, "dispensarios_municipales": 0, "paradas_colectivo": 0, "lineas_colectivo": 0, "luminarias_reportes": 0, "comisarias": 0, "centros_vecinales": 0, "hogares_por_poblacion": 0.252, "poblacion_log": 7.182, "pct_escuelas_privadas": 0.0, "escuelas_por_1000_hab": 0.0, "dispensarios_por_10000_hab": 0.0, "comisarias_por_10000_hab": 0.0, "paradas_por_1000_hab": 0.0, "centros_vecinales_por_10000_hab": 0.0, "tiene_escuela": 0, "tiene_dispensario": 0, "tiene_comisaria": 0, "tiene_transporte": 0, "infraestructura_score": 0.0, "area_barrio_km2": 0.4, "densidad_poblacional": 3287.5, "densidad_hogares": 830.0, "infraestructura_por_km2": 0.0, "educacion_ratio_publico_privado": 1.0, "cluster_barrio": 2, "cluster_descripcion": "Tipo C (Infr 0.16 - NBI 14.4%)", "categoria_infraestructura": "Muy Baja", "tooltip_barrio": "<b>EL PUEBLITO</b><br>Pob: 1315.0<br>Score: 0.00 (Muy Baja)", "servicios_basicos_score": 0.0, "infraestructura_por_habitante": 0.0, "ranking_infraestructura": 469, "percentil_infraestructura": 2.7 }, "geometry": { "type": "Point", "coordinates": [ -64.2568328545741, -31.406440544694199 ] } },
{ "type": "Feature", "properties": { "barrio": "EL QUEBRACHAL", "poblacion": 500.0, "hogares": 200.0, "nbi": 5.0, "pct_nbi": 2.5, "escuelas_total": 0, "escuelas_estatales": 0, "escuelas_privadas": 0, "dispensarios_municipales": 0, "paradas_colectivo": 8, "lineas_colectivo": 1, "luminarias_reportes": 0, "comisarias": 0, "centros_vecinales": 0, "hogares_por_poblacion": 0.4, "poblacion_log": 6.217, "pct_escuelas_privadas": 0.0, "escuelas_por_1000_hab": 0.0, "dispensarios_por_10000_hab": 0.0, "comisarias_por_10000_hab": 0.0, "paradas_por_1000_hab": 16.0, "centros_vecinales_por_10000_hab": 0.0, "tiene_escuela": 0, "tiene_dispensario": 0, "tiene_comisaria": 0, "tiene_transporte": 1, "infraestructura_score": 0.2963, "area_barrio_km2": 1.98, "densidad_poblacional": 252.53, "densidad_hogares": 101.01, "infraestructura_por_km2": 0.15, "educacion_ratio_publico_privado": 1.0, "cluster_barrio": 3, "cluster_descripcion": "Tipo D (Infr 0.40 - NBI 2.8%)", "categoria_infraestructura": "Alta", "tooltip_barrio": "<b>EL QUEBRACHAL</b><br>Pob: 500.0<br>Score: 0.30 (Alta)", "servicios_basicos_score": 0.33, "infraestructura_por_habitante": 5.926, "ranking_infraestructura": 132, "percentil_infraestructura": 73.1 }, "geometry": { "type": "Point", "coordinates": [ -64.066675338554404, -31.338007652155699 ] } },
{ "type": "Feature", "properties": { "barrio": "EL QUEBRACHO", "poblacion": 4361.0, "hogares": 1017.0, "nbi": 136.0, "pct_nbi": 13.37, "escuelas_total": 2, "escuelas_estatales": 2, "escuelas_privadas": 0, "dispensarios_municipales": 0, "paradas_colectivo": 12, "lineas_colectivo": 4, "luminarias_reportes": 238, "comisarias": 0, "centros_vecinales": 2, "hogares_por_poblacion": 0.233, "poblacion_log": 8.381, "pct_escuelas_privadas": 0.0, "escuelas_por_1000_hab": 0.46, "dispensarios_por_10000_hab": 0.0, "comisarias_por_10000_hab": 0.0, "paradas_por_1000_hab": 2.75, "centros_vecinales_por_10000_hab": 4.59, "tiene_escuela": 1, "tiene_dispensario": 0, "tiene_comisaria": 0, "tiene_transporte": 1, "infraestructura_score": 0.0828, "area_barrio_km2": 0.76, "densidad_poblacional": 5738.16, "densidad_hogares": 1338.16, "infraestructura_por_km2": 0.109, "educacion_ratio_publico_privado": 3.0, "cluster_barrio": 2, "cluster_descripcion": "Tipo C (Infr 0.16 - NBI 14.4%)", "categoria_infraestructura": "Muy Baja", "tooltip_barrio": "<b>EL QUEBRACHO</b><br>Pob: 4361.0<br>Score: 0.08 (Muy Baja)", "servicios_basicos_score": 0.67, "infraestructura_por_habitante": 0.1899, "ranking_infraestructura": 396, "percentil_infraestructura": 20.0 }, "geometry": { "type": "Point", "coordinates": [ -64.137715162198305, -31.477337154760502 ] } },
{ "type": "Feature", "properties": { "barrio": "EL REFUGIO", "poblacion": 1201.0, "hogares": 334.0, "nbi": 2.0, "pct_nbi": 0.6, "escuelas_total": 1, "escuelas_estatales": 0, "escuelas_privadas": 1, "dispensarios_municipales": 0, "paradas_colectivo": 5, "lineas_colectivo": 3, "luminarias_reportes": 146, "comisarias": 0, "centros_vecinales": 0, "hogares_por_poblacion": 0.278, "poblacion_log": 7.092, "pct_escuelas_privadas": 1.0, "escuelas_por_1000_hab": 0.83, "dispensarios_por_10000_hab": 0.0, "comisarias_por_10000_hab": 0.0, "paradas_por_1000_hab": 4.16, "centros_vecinales_por_10000_hab": 0.0, "tiene_escuela": 1, "tiene_dispensario": 0, "tiene_comisaria": 0, "tiene_transporte": 1, "infraestructura_score": 0.1346, "area_barrio_km2": 0.32, "densidad_poblacional": 3753.12, "densidad_hogares": 1043.75, "infraestructura_por_km2": 0.421, "educacion_ratio_publico_privado": 0.5, "cluster_barrio": 1, "cluster_descripcion": "Tipo B (Infr 0.14 - NBI 3.0%)", "categoria_infraestructura": "Baja", "tooltip_barrio": "<b>EL REFUGIO</b><br>Pob: 1201.0<br>Score: 0.13 (Baja)", "servicios_basicos_score": 0.67, "infraestructura_por_habitante": 1.1207, "ranking_infraestructura": 312, "percentil_infraestructura": 37.0 }, "geometry": { "type": "Point", "coordinates": [ -64.281819993740797, -31.3442649511605 ] } },
{ "type": "Feature", "properties": { "barrio": "EL TREBOL", "poblacion": 1264.0, "hogares": 412.0, "nbi": 6.0, "pct_nbi": 1.46, "escuelas_total": 0, "escuelas_estatales": 0, "escuelas_privadas": 0, "dispensarios_municipales": 0, "paradas_colectivo": 5, "lineas_colectivo": 4, "luminarias_reportes": 60, "comisarias": 0, "centros_vecinales": 1, "hogares_por_poblacion": 0.326, "poblacion_log": 7.143, "pct_escuelas_privadas": 0.0, "escuelas_por_1000_hab": 0.0, "dispensarios_por_10000_hab": 0.0, "comisarias_por_10000_hab": 0.0, "paradas_por_1000_hab": 3.96, "centros_vecinales_por_10000_hab": 7.91, "tiene_escuela": 0, "tiene_dispensario": 0, "tiene_comisaria": 0, "tiene_transporte": 1, "infraestructura_score": 0.0733, "area_barrio_km2": 0.17, "densidad_poblacional": 7435.29, "densidad_hogares": 2423.53, "infraestructura_por_km2": 0.431, "educacion_ratio_publico_privado": 1.0, "cluster_barrio": 1, "cluster_descripcion": "Tipo B (Infr 0.14 - NBI 3.0%)", "categoria_infraestructura": "Muy Baja", "tooltip_barrio": "<b>EL TREBOL</b><br>Pob: 1264.0<br>Score: 0.07 (Muy Baja)", "servicios_basicos_score": 0.33, "infraestructura_por_habitante": 0.5799, "ranking_infraestructura": 413, "percentil_infraestructura": 16.6 }, "geometry": { "type": "Point", "coordinates": [ -64.225553745173201, -31.423085777625801 ] } },
{ "type": "Feature", "properties": { "barrio": "EL VIEJO ALGARROBO", "poblacion": 500.0, "hogares": 200.0, "nbi": 4.0, "pct_nbi": 2.0, "escuelas_total": 1, "escuelas_estatales": 1, "escuelas_privadas": 0, "dispensarios_municipales": 0, "paradas_colectivo": 23, "lineas_colectivo": 1, "luminarias_reportes": 0, "comisarias": 0, "centros_vecinales": 1, "hogares_por_poblacion": 0.4, "poblacion_log": 6.217, "pct_escuelas_privadas": 0.0, "escuelas_por_1000_hab": 2.0, "dispensarios_por_10000_hab": 0.0, "comisarias_por_10000_hab": 0.0, "paradas_por_1000_hab": 24.0, "centros_vecinales_por_10000_hab": 20.0, "tiene_escuela": 1, "tiene_dispensario": 0, "tiene_comisaria": 0, "tiene_transporte": 1, "infraestructura_score": 0.5832, "area_barrio_km2": 0.24, "densidad_poblacional": 2083.33, "densidad_hogares": 833.33, "infraestructura_por_km2": 2.43, "educacion_ratio_publico_privado": 2.0, "cluster_barrio": 3, "cluster_descripcion": "Tipo D (Infr 0.40 - NBI 2.8%)", "categoria_infraestructura": "Muy Alta", "tooltip_barrio": "<b>EL VIEJO ALGARROBO</b><br>Pob: 500.0<br>Score: 0.58 (Muy Alta)", "servicios_basicos_score": 0.67, "infraestructura_por_habitante": 11.664, "ranking_infraestructura": 32, "percentil_infraestructura": 93.6 }, "geometry": { "type": "Point", "coordinates": [ -64.165811955432105, -31.502436349363801 ] } },
{ "type": "Feature", "properties": { "barrio": "EMAUS", "poblacion": 500.0, "hogares": 200.0, "nbi": 1.0, "pct_nbi": 0.5, "escuelas_total": 0, "escuelas_estatales": 0, "escuelas_privadas": 0, "dispensarios_municipales": 0, "paradas_colectivo": 2, "lineas_colectivo": 1, "luminarias_reportes": 6, "comisarias": 0, "centros_vecinales": 0, "hogares_por_poblacion": 0.4, "poblacion_log": 6.217, "pct_escuelas_privadas": 0.0, "escuelas_por_1000_hab": 0.0, "dispensarios_por_10000_hab": 0.0, "comisarias_por_10000_hab": 0.0, "paradas_por_1000_hab": 4.0, "centros_vecinales_por_10000_hab": 0.0, "tiene_escuela": 0, "tiene_dispensario": 0, "tiene_comisaria": 0, "tiene_transporte": 1, "infraestructura_score": 0.0741, "area_barrio_km2": 0.02, "densidad_poblacional": 25000.0, "densidad_hogares": 10000.0, "infraestructura_por_km2": 3.705, "educacion_ratio_publico_privado": 1.0, "cluster_barrio": 1, "cluster_descripcion": "Tipo B (Infr 0.14 - NBI 3.0%)", "categoria_infraestructura": "Muy Baja", "tooltip_barrio": "<b>EMAUS</b><br>Pob: 500.0<br>Score: 0.07 (Muy Baja)", "servicios_basicos_score": 0.33, "infraestructura_por_habitante": 1.482, "ranking_infraestructura": 406, "percentil_infraestructura": 17.5 }, "geometry": { "type": "Point", "coordinates": [ -64.143047957670802, -31.437126400126601 ] } },
{ "type": "Feature", "properties": { "barrio": "EMPALME", "poblacion": 3426.0, "hogares": 1140.0, "nbi": 12.0, "pct_nbi": 1.05, "escuelas_total": 7, "escuelas_estatales": 5, "escuelas_privadas": 2, "dispensarios_municipales": 0, "paradas_colectivo": 7, "lineas_colectivo": 8, "luminarias_reportes": 79, "comisarias": 1, "centros_vecinales": 0, "hogares_por_poblacion": 0.333, "poblacion_log": 8.139, "pct_escuelas_privadas": 0.286, "escuelas_por_1000_hab": 2.04, "dispensarios_por_10000_hab": 0.0, "comisarias_por_10000_hab": 1.5585, "paradas_por_1000_hab": 2.04, "centros_vecinales_por_10000_hab": 0.0, "tiene_escuela": 1, "tiene_dispensario": 0, "tiene_comisaria": 1, "tiene_transporte": 1, "infraestructura_score": 0.2905, "area_barrio_km2": 0.63, "densidad_poblacional": 5438.1, "densidad_hogares": 1809.52, "infraestructura_por_km2": 0.461, "educacion_ratio_publico_privado": 2.0, "cluster_barrio": 1, "cluster_descripcion": "Tipo B (Infr 0.14 - NBI 3.0%)", "categoria_infraestructura": "Alta", "tooltip_barrio": "<b>EMPALME</b><br>Pob: 3426.0<br>Score: 0.29 (Alta)", "servicios_basicos_score": 0.67, "infraestructura_por_habitante": 0.8479, "ranking_infraestructura": 144, "percentil_infraestructura": 71.1 }, "geometry": { "type": "Point", "coordinates": [ -64.130487667634995, -31.434511209477499 ] } },
{ "type": "Feature", "properties": { "barrio": "EMPALME CASAS DE OBREROS Y EMPLEADOS", "poblacion": 1233.0, "hogares": 375.0, "nbi": 13.0, "pct_nbi": 3.47, "escuelas_total": 0, "escuelas_estatales": 0, "escuelas_privadas": 0, "dispensarios_municipales": 0, "paradas_colectivo": 21, "lineas_colectivo": 11, "luminarias_reportes": 24, "comisarias": 0, "centros_vecinales": 1, "hogares_por_poblacion": 0.304, "poblacion_log": 7.118, "pct_escuelas_privadas": 0.0, "escuelas_por_1000_hab": 0.0, "dispensarios_por_10000_hab": 0.0, "comisarias_por_10000_hab": 0.0, "paradas_por_1000_hab": 17.03, "centros_vecinales_por_10000_hab": 8.11, "tiene_escuela": 0, "tiene_dispensario": 0, "tiene_comisaria": 0, "tiene_transporte": 1, "infraestructura_score": 0.3154, "area_barrio_km2": 0.18, "densidad_poblacional": 6850.0, "densidad_hogares": 2083.33, "infraestructura_por_km2": 1.752, "educacion_ratio_publico_privado": 1.0, "cluster_barrio": 3, "cluster_descripcion": "Tipo D (Infr 0.40 - NBI 2.8%)", "categoria_infraestructura": "Alta", "tooltip_barrio": "<b>EMPALME CASAS DE OBREROS Y EMPLEADOS</b><br>Pob: 1233.0<br>Score: 0.32 (Alta)", "servicios_basicos_score": 0.33, "infraestructura_por_habitante": 2.558, "ranking_infraestructura": 120, "percentil_infraestructura": 75.9 }, "geometry": { "type": "Point", "coordinates": [ -64.125166606526804, -31.438740145805699 ] } },
{ "type": "Feature", "properties": { "barrio": "ESCOBAR", "poblacion": 2180.0, "hogares": 733.0, "nbi": 7.0, "pct_nbi": 0.95, "escuelas_total": 4, "escuelas_estatales": 2, "escuelas_privadas": 2, "dispensarios_municipales": 0, "paradas_colectivo": 17, "lineas_colectivo": 4, "luminarias_reportes": 456, "comisarias": 0, "centros_vecinales": 0, "hogares_por_poblacion": 0.336, "poblacion_log": 7.688, "pct_escuelas_privadas": 0.5, "escuelas_por_1000_hab": 1.83, "dispensarios_por_10000_hab": 0.0, "comisarias_por_10000_hab": 0.0, "paradas_por_1000_hab": 7.8, "centros_vecinales_por_10000_hab": 0.0, "tiene_escuela": 1, "tiene_dispensario": 0, "tiene_comisaria": 0, "tiene_transporte": 1, "infraestructura_score": 0.2714, "area_barrio_km2": 0.44, "densidad_poblacional": 4954.55, "densidad_hogares": 1665.91, "infraestructura_por_km2": 0.617, "educacion_ratio_publico_privado": 1.0, "cluster_barrio": 1, "cluster_descripcion": "Tipo B (Infr 0.14 - NBI 3.0%)", "categoria_infraestructura": "Alta", "tooltip_barrio": "<b>ESCOBAR</b><br>Pob: 2180.0<br>Score: 0.27 (Alta)", "servicios_basicos_score": 0.67, "infraestructura_por_habitante": 1.245, "ranking_infraestructura": 149, "percentil_infraestructura": 70.0 }, "geometry": { "type": "Point", "coordinates": [ -64.220642257480094, -31.3918891605182 ] } },
{ "type": "Feature", "properties": { "barrio": "ESCUELA DE SUBOFICIALES", "poblacion": 500.0, "hogares": 200.0, "nbi": 0.0, "pct_nbi": 0.0, "escuelas_total": 0, "escuelas_estatales": 0, "escuelas_privadas": 0, "dispensarios_municipales": 1, "paradas_colectivo": 2, "lineas_colectivo": 1, "luminarias_reportes": 0, "comisarias": 0, "centros_vecinales": 1, "hogares_por_poblacion": 0.4, "poblacion_log": 6.217, "pct_escuelas_privadas": 0.0, "escuelas_por_1000_hab": 0.0, "dispensarios_por_10000_hab": 6.657, "comisarias_por_10000_hab": 0.0, "paradas_por_1000_hab": 4.0, "centros_vecinales_por_10000_hab": 20.0, "tiene_escuela": 0, "tiene_dispensario": 1, "tiene_comisaria": 0, "tiene_transporte": 1, "infraestructura_score": 0.2963, "area_barrio_km2": 0.0, "densidad_poblacional": 0.0, "densidad_hogares": 0.0, "infraestructura_por_km2": 0.0, "educacion_ratio_publico_privado": 1.0, "cluster_barrio": 1, "cluster_descripcion": "Tipo B (Infr 0.14 - NBI 3.0%)", "categoria_infraestructura": "Alta", "tooltip_barrio": "<b>ESCUELA DE SUBOFICIALES</b><br>Pob: 500.0<br>Score: 0.30 (Alta)", "servicios_basicos_score": 0.67, "infraestructura_por_habitante": 5.926, "ranking_infraestructura": 132, "percentil_infraestructura": 73.1 }, "geometry": { "type": "Point", "coordinates": [ -64.2575368439051, -31.427217543488201 ] } },
{ "type": "Feature", "properties": { "barrio": "ESTACION FLORES", "poblacion": 3876.0, "hogares": 1024.0, "nbi": 124.0, "pct_nbi": 12.11, "escuelas_total": 5, "escuelas_estatales": 5, "escuelas_privadas": 0, "dispensarios_municipales": 1, "paradas_colectivo": 13, "lineas_colectivo": 2, "luminarias_reportes": 287, "comisarias": 0, "centros_vecinales": 1, "hogares_por_poblacion": 0.264, "poblacion_log": 8.263, "pct_escuelas_privadas": 0.0, "escuelas_por_1000_hab": 1.29, "dispensarios_por_10000_hab": 2.58, "comisarias_por_10000_hab": 0.0, "paradas_por_1000_hab": 3.35, "centros_vecinales_por_10000_hab": 2.58, "tiene_escuela": 1, "tiene_dispensario": 1, "tiene_comisaria": 0, "tiene_transporte": 1, "infraestructura_score": 0.2377, "area_barrio_km2": 0.7, "densidad_poblacional": 5537.14, "densidad_hogares": 1462.86, "infraestructura_por_km2": 0.34, "educacion_ratio_publico_privado": 6.0, "cluster_barrio": 2, "cluster_descripcion": "Tipo C (Infr 0.16 - NBI 14.4%)", "categoria_infraestructura": "Alta", "tooltip_barrio": "<b>ESTACION FLORES</b><br>Pob: 3876.0<br>Score: 0.24 (Alta)", "servicios_basicos_score": 1.0, "infraestructura_por_habitante": 0.6133, "ranking_infraestructura": 181, "percentil_infraestructura": 63.6 }, "geometry": { "type": "Point", "coordinates": [ -64.247507893428605, -31.4487314083608 ] } },
{ "type": "Feature", "properties": { "barrio": "ESTADIO CORDOBA", "poblacion": 500.0, "hogares": 200.0, "nbi": 0.0, "pct_nbi": 0.0, "escuelas_total": 0, "escuelas_estatales": 0, "escuelas_privadas": 0, "dispensarios_municipales": 0, "paradas_colectivo": 4, "lineas_colectivo": 0, "luminarias_reportes": 0, "comisarias": 0, "centros_vecinales": 0, "hogares_por_poblacion": 0.4, "poblacion_log": 6.217, "pct_escuelas_privadas": 0.0, "escuelas_por_1000_hab": 0.0, "dispensarios_por_10000_hab": 0.0, "comisarias_por_10000_hab": 0.0, "paradas_por_1000_hab": 8.0, "centros_vecinales_por_10000_hab": 0.0, "tiene_escuela": 0, "tiene_dispensario": 0, "tiene_comisaria": 0, "tiene_transporte": 1, "infraestructura_score": 0.1481, "area_barrio_km2": 0.0, "densidad_poblacional": 0.0, "densidad_hogares": 0.0, "infraestructura_por_km2": 0.0, "educacion_ratio_publico_privado": 1.0, "cluster_barrio": 1, "cluster_descripcion": "Tipo B (Infr 0.14 - NBI 3.0%)", "categoria_infraestructura": "Media", "tooltip_barrio": "<b>ESTADIO CORDOBA</b><br>Pob: 500.0<br>Score: 0.15 (Media)", "servicios_basicos_score": 0.33, "infraestructura_por_habitante": 2.962, "ranking_infraestructura": 288, "percentil_infraestructura": 41.2 }, "geometry": { "type": "Point", "coordinates": [ -64.246768960644204, -31.367880134314799 ] } },
{ "type": "Feature", "properties": { "barrio": "FERIAR", "poblacion": 500.0, "hogares": 200.0, "nbi": 0.0, "pct_nbi": 0.0, "escuelas_total": 0, "escuelas_estatales": 0, "escuelas_privadas": 0, "dispensarios_municipales": 0, "paradas_colectivo": 10, "lineas_colectivo": 2, "luminarias_reportes": 0, "comisarias": 0, "centros_vecinales": 1, "hogares_por_poblacion": 0.4, "poblacion_log": 6.217, "pct_escuelas_privadas": 0.0, "escuelas_por_1000_hab": 0.0, "dispensarios_por_10000_hab": 0.0, "comisarias_por_10000_hab": 0.0, "paradas_por_1000_hab": 20.0, "centros_vecinales_por_10000_hab": 20.0, "tiene_escuela": 0, "tiene_dispensario": 0, "tiene_comisaria": 0, "tiene_transporte": 1, "infraestructura_score": 0.3704, "area_barrio_km2": 0.0, "densidad_poblacional": 0.0, "densidad_hogares": 0.0, "infraestructura_por_km2": 0.0, "educacion_ratio_publico_privado": 1.0, "cluster_barrio": 3, "cluster_descripcion": "Tipo D (Infr 0.40 - NBI 2.8%)", "categoria_infraestructura": "Muy Alta", "tooltip_barrio": "<b>FERIAR</b><br>Pob: 500.0<br>Score: 0.37 (Muy Alta)", "servicios_basicos_score": 0.33, "infraestructura_por_habitante": 7.408, "ranking_infraestructura": 90, "percentil_infraestructura": 81.8 }, "geometry": { "type": "Point", "coordinates": [ -64.2556701915654, -31.3702867943909 ] } },
{ "type": "Feature", "properties": { "barrio": "FERRER", "poblacion": 1844.0, "hogares": 462.0, "nbi": 139.0, "pct_nbi": 30.09, "escuelas_total": 0, "escuelas_estatales": 0, "escuelas_privadas": 0, "dispensarios_municipales": 1, "paradas_colectivo": 13, "lineas_colectivo": 5, "luminarias_reportes": 21, "comisarias": 0, "centros_vecinales": 2, "hogares_por_poblacion": 0.251, "poblacion_log": 7.52, "pct_escuelas_privadas": 0.0, "escuelas_por_1000_hab": 0.0, "dispensarios_por_10000_hab": 5.42, "comisarias_por_10000_hab": 0.0, "paradas_por_1000_hab": 7.05, "centros_vecinales_por_10000_hab": 10.85, "tiene_escuela": 0, "tiene_dispensario": 1, "tiene_comisaria": 0, "tiene_transporte": 1, "infraestructura_score": 0.3115, "area_barrio_km2": 0.21, "densidad_poblacional": 8780.95, "densidad_hogares": 2200.0, "infraestructura_por_km2": 1.483, "educacion_ratio_publico_privado": 1.0, "cluster_barrio": 2, "cluster_descripcion": "Tipo C (Infr 0.16 - NBI 14.4%)", "categoria_infraestructura": "Alta", "tooltip_barrio": "<b>FERRER</b><br>Pob: 1844.0<br>Score: 0.31 (Alta)", "servicios_basicos_score": 0.67, "infraestructura_por_habitante": 1.6893, "ranking_infraestructura": 122, "percentil_infraestructura": 75.5 }, "geometry": { "type": "Point", "coordinates": [ -64.211781294758794, -31.443774924318902 ] } },
{ "type": "Feature", "properties": { "barrio": "FERREYRA", "poblacion": 3868.0, "hogares": 1029.0, "nbi": 101.0, "pct_nbi": 9.82, "escuelas_total": 5, "escuelas_estatales": 4, "escuelas_privadas": 1, "dispensarios_municipales": 0, "paradas_colectivo": 19, "lineas_colectivo": 2, "luminarias_reportes": 66, "comisarias": 2, "centros_vecinales": 1, "hogares_por_poblacion": 0.266, "poblacion_log": 8.261, "pct_escuelas_privadas": 0.2, "escuelas_por_1000_hab": 1.29, "dispensarios_por_10000_hab": 0.0, "comisarias_por_10000_hab": 1.5585, "paradas_por_1000_hab": 4.91, "centros_vecinales_por_10000_hab": 2.59, "tiene_escuela": 1, "tiene_dispensario": 0, "tiene_comisaria": 1, "tiene_transporte": 1, "infraestructura_score": 0.2916, "area_barrio_km2": 0.89, "densidad_poblacional": 4346.07, "densidad_hogares": 1156.18, "infraestructura_por_km2": 0.328, "educacion_ratio_publico_privado": 2.5, "cluster_barrio": 2, "cluster_descripcion": "Tipo C (Infr 0.16 - NBI 14.4%)", "categoria_infraestructura": "Alta", "tooltip_barrio": "<b>FERREYRA</b><br>Pob: 3868.0<br>Score: 0.29 (Alta)", "servicios_basicos_score": 0.67, "infraestructura_por_habitante": 0.7539, "ranking_infraestructura": 141, "percentil_infraestructura": 71.7 }, "geometry": { "type": "Point", "coordinates": [ -64.110608987788297, -31.466354017313499 ] } },
{ "type": "Feature", "properties": { "barrio": "FERREYRA SEGUNDA SECCION", "poblacion": 939.0, "hogares": 215.0, "nbi": 32.0, "pct_nbi": 14.88, "escuelas_total": 0, "escuelas_estatales": 0, "escuelas_privadas": 0, "dispensarios_municipales": 0, "paradas_colectivo": 6, "lineas_colectivo": 2, "luminarias_reportes": 0, "comisarias": 0, "centros_vecinales": 0, "hogares_por_poblacion": 0.229, "poblacion_log": 6.846, "pct_escuelas_privadas": 0.0, "escuelas_por_1000_hab": 0.0, "dispensarios_por_10000_hab": 0.0, "comisarias_por_10000_hab": 0.0, "paradas_por_1000_hab": 6.39, "centros_vecinales_por_10000_hab": 0.0, "tiene_escuela": 0, "tiene_dispensario": 0, "tiene_comisaria": 0, "tiene_transporte": 1, "infraestructura_score": 0.1183, "area_barrio_km2": 0.1, "densidad_poblacional": 9390.0, "densidad_hogares": 2150.0, "infraestructura_por_km2": 1.183, "educacion_ratio_publico_privado": 1.0, "cluster_barrio": 2, "cluster_descripcion": "Tipo C (Infr 0.16 - NBI 14.4%)", "categoria_infraestructura": "Baja", "tooltip_barrio": "<b>FERREYRA SEGUNDA SECCION</b><br>Pob: 939.0<br>Score: 0.12 (Baja)", "servicios_basicos_score": 0.33, "infraestructura_por_habitante": 1.2599, "ranking_infraestructura": 331, "percentil_infraestructura": 33.1 }, "geometry": { "type": "Point", "coordinates": [ -64.1175953235484, -31.471061970725899 ] } },
{ "type": "Feature", "properties": { "barrio": "FERROVIARIO MITRE", "poblacion": 1133.0, "hogares": 350.0, "nbi": 42.0, "pct_nbi": 12.0, "escuelas_total": 6, "escuelas_estatales": 5, "escuelas_privadas": 1, "dispensarios_municipales": 0, "paradas_colectivo": 9, "lineas_colectivo": 9, "luminarias_reportes": 14, "comisarias": 0, "centros_vecinales": 1, "hogares_por_poblacion": 0.309, "poblacion_log": 7.034, "pct_escuelas_privadas": 0.167, "escuelas_por_1000_hab": 4.8035, "dispensarios_por_10000_hab": 0.0, "comisarias_por_10000_hab": 0.0, "paradas_por_1000_hab": 7.94, "centros_vecinales_por_10000_hab": 8.83, "tiene_escuela": 1, "tiene_dispensario": 0, "tiene_comisaria": 0, "tiene_transporte": 1, "infraestructura_score": 0.4804, "area_barrio_km2": 0.18, "densidad_poblacional": 6294.44, "densidad_hogares": 1944.44, "infraestructura_por_km2": 2.669, "educacion_ratio_publico_privado": 3.0, "cluster_barrio": 0, "cluster_descripcion": "Tipo A (Infr 0.57 - NBI 4.5%)", "categoria_infraestructura": "Muy Alta", "tooltip_barrio": "<b>FERROVIARIO MITRE</b><br>Pob: 1133.0<br>Score: 0.48 (Muy Alta)", "servicios_basicos_score": 0.67, "infraestructura_por_habitante": 4.2401, "ranking_infraestructura": 53, "percentil_infraestructura": 89.5 }, "geometry": { "type": "Point", "coordinates": [ -64.136352474103006, -31.433451462628799 ] } },
{ "type": "Feature", "properties": { "barrio": "FINCA LA DOROTEA", "poblacion": 500.0, "hogares": 200.0, "nbi": 10.0, "pct_nbi": 5.0, "escuelas_total": 0, "escuelas_estatales": 0, "escuelas_privadas": 0, "dispensarios_municipales": 0, "paradas_colectivo": 2, "lineas_colectivo": 1, "luminarias_reportes": 12, "comisarias": 0, "centros_vecinales": 1, "hogares_por_poblacion": 0.4, "poblacion_log": 6.217, "pct_escuelas_privadas": 0.0, "escuelas_por_1000_hab": 0.0, "dispensarios_por_10000_hab": 0.0, "comisarias_por_10000_hab": 0.0, "paradas_por_1000_hab": 4.0, "centros_vecinales_por_10000_hab": 20.0, "tiene_escuela": 0, "tiene_dispensario": 0, "tiene_comisaria": 0, "tiene_transporte": 1, "infraestructura_score": 0.0741, "area_barrio_km2": 0.15, "densidad_poblacional": 3333.33, "densidad_hogares": 1333.33, "infraestructura_por_km2": 0.494, "educacion_ratio_publico_privado": 1.0, "cluster_barrio": 1, "cluster_descripcion": "Tipo B (Infr 0.14 - NBI 3.0%)", "categoria_infraestructura": "Muy Baja", "tooltip_barrio": "<b>FINCA LA DOROTEA</b><br>Pob: 500.0<br>Score: 0.07 (Muy Baja)", "servicios_basicos_score": 0.33, "infraestructura_por_habitante": 1.482, "ranking_infraestructura": 406, "percentil_infraestructura": 17.5 }, "geometry": { "type": "Point", "coordinates": [ -64.115140691779303, -31.376429050003399 ] } },
{ "type": "Feature", "properties": { "barrio": "FINCAS DEL SUR", "poblacion": 500.0, "hogares": 200.0, "nbi": 0.0, "pct_nbi": 0.0, "escuelas_total": 0, "escuelas_estatales": 0, "escuelas_privadas": 0, "dispensarios_municipales": 0, "paradas_colectivo": 0, "lineas_colectivo": 0, "luminarias_reportes": 187, "comisarias": 0, "centros_vecinales": 0, "hogares_por_poblacion": 0.4, "poblacion_log": 6.217, "pct_escuelas_privadas": 0.0, "escuelas_por_1000_hab": 0.0, "dispensarios_por_10000_hab": 0.0, "comisarias_por_10000_hab": 0.0, "paradas_por_1000_hab": 0.0, "centros_vecinales_por_10000_hab": 0.0, "tiene_escuela": 0, "tiene_dispensario": 0, "tiene_comisaria": 0, "tiene_transporte": 0, "infraestructura_score": 0.0, "area_barrio_km2": 0.59, "densidad_poblacional": 847.46, "densidad_hogares": 338.98, "infraestructura_por_km2": 0.0, "educacion_ratio_publico_privado": 1.0, "cluster_barrio": 1, "cluster_descripcion": "Tipo B (Infr 0.14 - NBI 3.0%)", "categoria_infraestructura": "Muy Baja", "tooltip_barrio": "<b>FINCAS DEL SUR</b><br>Pob: 500.0<br>Score: 0.00 (Muy Baja)", "servicios_basicos_score": 0.0, "infraestructura_por_habitante": 0.0, "ranking_infraestructura": 469, "percentil_infraestructura": 2.7 }, "geometry": { "type": "Point", "coordinates": [ -64.1572739805666, -31.486771654520499 ] } },
{ "type": "Feature", "properties": { "barrio": "GENERAL ARENALES", "poblacion": 2318.0, "hogares": 622.0, "nbi": 60.0, "pct_nbi": 9.65, "escuelas_total": 3, "escuelas_estatales": 3, "escuelas_privadas": 0, "dispensarios_municipales": 2, "paradas_colectivo": 10, "lineas_colectivo": 1, "luminarias_reportes": 41, "comisarias": 0, "centros_vecinales": 2, "hogares_por_poblacion": 0.268, "poblacion_log": 7.749, "pct_escuelas_privadas": 0.0, "escuelas_por_1000_hab": 1.29, "dispensarios_por_10000_hab": 6.657, "comisarias_por_10000_hab": 0.0, "paradas_por_1000_hab": 4.31, "centros_vecinales_por_10000_hab": 8.63, "tiene_escuela": 1, "tiene_dispensario": 1, "tiene_comisaria": 0, "tiene_transporte": 1, "infraestructura_score": 0.3916, "area_barrio_km2": 0.37, "densidad_poblacional": 6264.86, "densidad_hogares": 1681.08, "infraestructura_por_km2": 1.058, "educacion_ratio_publico_privado": 4.0, "cluster_barrio": 2, "cluster_descripcion": "Tipo C (Infr 0.16 - NBI 14.4%)", "categoria_infraestructura": "Muy Alta", "tooltip_barrio": "<b>GENERAL ARENALES</b><br>Pob: 2318.0<br>Score: 0.39 (Muy Alta)", "servicios_basicos_score": 1.0, "infraestructura_por_habitante": 1.6894, "ranking_infraestructura": 82, "percentil_infraestructura": 83.6 }, "geometry": { "type": "Point", "coordinates": [ -64.060237111781802, -31.368780268192399 ] } },
{ "type": "Feature", "properties": { "barrio": "GENERAL ARTIGAS", "poblacion": 1552.0, "hogares": 471.0, "nbi": 8.0, "pct_nbi": 1.7, "escuelas_total": 2, "escuelas_estatales": 2, "escuelas_privadas": 0, "dispensarios_municipales": 0, "paradas_colectivo": 10, "lineas_colectivo": 3, "luminarias_reportes": 68, "comisarias": 0, "centros_vecinales": 0, "hogares_por_poblacion": 0.303, "poblacion_log": 7.348, "pct_escuelas_privadas": 0.0, "escuelas_por_1000_hab": 1.29, "dispensarios_por_10000_hab": 0.0, "comisarias_por_10000_hab": 0.0, "paradas_por_1000_hab": 6.44, "centros_vecinales_por_10000_hab": 0.0, "tiene_escuela": 1, "tiene_dispensario": 0, "tiene_comisaria": 0, "tiene_transporte": 1, "infraestructura_score": 0.2088, "area_barrio_km2": 0.34, "densidad_poblacional": 4564.71, "densidad_hogares": 1385.29, "infraestructura_por_km2": 0.614, "educacion_ratio_publico_privado": 3.0, "cluster_barrio": 1, "cluster_descripcion": "Tipo B (Infr 0.14 - NBI 3.0%)", "categoria_infraestructura": "Media", "tooltip_barrio": "<b>GENERAL ARTIGAS</b><br>Pob: 1552.0<br>Score: 0.21 (Media)", "servicios_basicos_score": 0.67, "infraestructura_por_habitante": 1.3454, "ranking_infraestructura": 214, "percentil_infraestructura": 56.9 }, "geometry": { "type": "Point", "coordinates": [ -64.199621502356095, -31.461519585210802 ] } },
{ "type": "Feature", "properties": { "barrio": "GENERAL BELGRANO", "poblacion": 3154.0, "hogares": 890.0, "nbi": 30.0, "pct_nbi": 3.37, "escuelas_total": 2, "escuelas_estatales": 2, "escuelas_privadas": 0, "dispensarios_municipales": 0, "paradas_colectivo": 8, "lineas_colectivo": 3, "luminarias_reportes": 217, "comisarias": 0, "centros_vecinales": 1, "hogares_por_poblacion": 0.282, "poblacion_log": 8.057, "pct_escuelas_privadas": 0.0, "escuelas_por_1000_hab": 0.63, "dispensarios_por_10000_hab": 0.0, "comisarias_por_10000_hab": 0.0, "paradas_por_1000_hab": 2.54, "centros_vecinales_por_10000_hab": 3.17, "tiene_escuela": 1, "tiene_dispensario": 0, "tiene_comisaria": 0, "tiene_transporte": 1, "infraestructura_score": 0.0908, "area_barrio_km2": 0.29, "densidad_poblacional": 10875.86, "densidad_hogares": 3068.97, "infraestructura_por_km2": 0.313, "educacion_ratio_publico_privado": 3.0, "cluster_barrio": 1, "cluster_descripcion": "Tipo B (Infr 0.14 - NBI 3.0%)", "categoria_infraestructura": "Baja", "tooltip_barrio": "<b>GENERAL BELGRANO</b><br>Pob: 3154.0<br>Score: 0.09 (Baja)", "servicios_basicos_score": 0.67, "infraestructura_por_habitante": 0.2879, "ranking_infraestructura": 384, "percentil_infraestructura": 22.5 }, "geometry": { "type": "Point", "coordinates": [ -64.137287829952498, -31.370429393451499 ] } },
{ "type": "Feature", "properties": { "barrio": "GENERAL BUSTOS", "poblacion": 15659.0, "hogares": 4933.0, "nbi": 243.0, "pct_nbi": 4.93, "escuelas_total": 16, "escuelas_estatales": 9, "escuelas_privadas": 7, "dispensarios_municipales": 0, "paradas_colectivo": 30, "lineas_colectivo": 8, "luminarias_reportes": 447, "comisarias": 0, "centros_vecinales": 2, "hogares_por_poblacion": 0.315, "poblacion_log": 9.659, "pct_escuelas_privadas": 0.438, "escuelas_por_1000_hab": 1.02, "dispensarios_por_10000_hab": 0.0, "comisarias_por_10000_hab": 0.0, "paradas_por_1000_hab": 1.92, "centros_vecinales_por_10000_hab": 1.28, "tiene_escuela": 1, "tiene_dispensario": 0, "tiene_comisaria": 0, "tiene_transporte": 1, "infraestructura_score": 0.1063, "area_barrio_km2": 1.74, "densidad_poblacional": 8999.43, "densidad_hogares": 2835.06, "infraestructura_por_km2": 0.061, "educacion_ratio_publico_privado": 1.25, "cluster_barrio": 1, "cluster_descripcion": "Tipo B (Infr 0.14 - NBI 3.0%)", "categoria_infraestructura": "Baja", "tooltip_barrio": "<b>GENERAL BUSTOS</b><br>Pob: 15659.0<br>Score: 0.11 (Baja)", "servicios_basicos_score": 0.67, "infraestructura_por_habitante": 0.0679, "ranking_infraestructura": 362, "percentil_infraestructura": 26.9 }, "geometry": { "type": "Point", "coordinates": [ -64.169649855879896, -31.390333612325101 ] } },
{ "type": "Feature", "properties": { "barrio": "GENERAL MOSCONI", "poblacion": 3324.0, "hogares": 851.0, "nbi": 110.0, "pct_nbi": 12.93, "escuelas_total": 1, "escuelas_estatales": 1, "escuelas_privadas": 0, "dispensarios_municipales": 1, "paradas_colectivo": 16, "lineas_colectivo": 6, "luminarias_reportes": 145, "comisarias": 0, "centros_vecinales": 1, "hogares_por_poblacion": 0.256, "poblacion_log": 8.109, "pct_escuelas_privadas": 0.0, "escuelas_por_1000_hab": 0.3, "dispensarios_por_10000_hab": 3.01, "comisarias_por_10000_hab": 0.0, "paradas_por_1000_hab": 4.81, "centros_vecinales_por_10000_hab": 3.01, "tiene_escuela": 1, "tiene_dispensario": 1, "tiene_comisaria": 0, "tiene_transporte": 1, "infraestructura_score": 0.2104, "area_barrio_km2": 0.3, "densidad_poblacional": 11080.0, "densidad_hogares": 2836.67, "infraestructura_por_km2": 0.701, "educacion_ratio_publico_privado": 2.0, "cluster_barrio": 2, "cluster_descripcion": "Tipo C (Infr 0.16 - NBI 14.4%)", "categoria_infraestructura": "Media", "tooltip_barrio": "<b>GENERAL MOSCONI</b><br>Pob: 3324.0<br>Score: 0.21 (Media)", "servicios_basicos_score": 1.0, "infraestructura_por_habitante": 0.633, "ranking_infraestructura": 213, "percentil_infraestructura": 57.1 }, "geometry": { "type": "Point", "coordinates": [ -64.150441056565597, -31.3651885926033 ] } },
{ "type": "Feature", "properties": { "barrio": "GENERAL PAZ", "poblacion": 9524.0, "hogares": 4209.0, "nbi": 107.0, "pct_nbi": 2.54, "escuelas_total": 23, "escuelas_estatales": 13, "escuelas_privadas": 10, "dispensarios_municipales": 0, "paradas_colectivo": 32, "lineas_colectivo": 13, "luminarias_reportes": 230, "comisarias": 1, "centros_vecinales": 1, "hogares_por_poblacion": 0.442, "poblacion_log": 9.162, "pct_escuelas_privadas": 0.435, "escuelas_por_1000_hab": 2.41, "dispensarios_por_10000_hab": 0.0, "comisarias_por_10000_hab": 1.05, "paradas_por_1000_hab": 3.36, "centros_vecinales_por_10000_hab": 1.05, "tiene_escuela": 1, "tiene_dispensario": 0, "tiene_comisaria": 1, "tiene_transporte": 1, "infraestructura_score": 0.3043, "area_barrio_km2": 1.13, "densidad_poblacional": 8428.32, "densidad_hogares": 3724.78, "infraestructura_por_km2": 0.269, "educacion_ratio_publico_privado": 1.27, "cluster_barrio": 1, "cluster_descripcion": "Tipo B (Infr 0.14 - NBI 3.0%)", "categoria_infraestructura": "Alta", "tooltip_barrio": "<b>GENERAL PAZ</b><br>Pob: 9524.0<br>Score: 0.30 (Alta)", "servicios_basicos_score": 0.67, "infraestructura_por_habitante": 0.3195, "ranking_infraestructura": 126, "percentil_infraestructura": 74.7 }, "geometry": { "type": "Point", "coordinates": [ -64.165690699503102, -31.412557487445401 ] } },
{ "type": "Feature", "properties": { "barrio": "GENERAL PUEYRREDON", "poblacion": 24021.0, "hogares": 7938.0, "nbi": 561.0, "pct_nbi": 7.07, "escuelas_total": 17, "escuelas_estatales": 4, "escuelas_privadas": 13, "dispensarios_municipales": 0, "paradas_colectivo": 48, "lineas_colectivo": 12, "luminarias_reportes": 202, "comisarias": 0, "centros_vecinales": 1, "hogares_por_poblacion": 0.33, "poblacion_log": 10.087, "pct_escuelas_privadas": 0.765, "escuelas_por_1000_hab": 0.71, "dispensarios_por_10000_hab": 0.0, "comisarias_por_10000_hab": 0.0, "paradas_por_1000_hab": 2.0, "centros_vecinales_por_10000_hab": 0.42, "tiene_escuela": 1, "tiene_dispensario": 0, "tiene_comisaria": 0, "tiene_transporte": 1, "infraestructura_score": 0.0863, "area_barrio_km2": 3.16, "densidad_poblacional": 7601.58, "densidad_hogares": 2512.03, "infraestructura_por_km2": 0.027, "educacion_ratio_publico_privado": 0.36, "cluster_barrio": 4, "cluster_descripcion": "Tipo E (Infr 0.11 - NBI 5.5%)", "categoria_infraestructura": "Baja", "tooltip_barrio": "<b>GENERAL PUEYRREDON</b><br>Pob: 24021.0<br>Score: 0.09 (Baja)", "servicios_basicos_score": 0.67, "infraestructura_por_habitante": 0.0359, "ranking_infraestructura": 388, "percentil_infraestructura": 21.7 }, "geometry": { "type": "Point", "coordinates": [ -64.1624596839047, -31.4020774327923 ] } },
{ "type": "Feature", "properties": { "barrio": "GENERAL SAVIO", "poblacion": 4889.0, "hogares": 1309.0, "nbi": 313.0, "pct_nbi": 23.91, "escuelas_total": 0, "escuelas_estatales": 0, "escuelas_privadas": 0, "dispensarios_municipales": 0, "paradas_colectivo": 9, "lineas_colectivo": 1, "luminarias_reportes": 70, "comisarias": 0, "centros_vecinales": 1, "hogares_por_poblacion": 0.268, "poblacion_log": 8.495, "pct_escuelas_privadas": 0.0, "escuelas_por_1000_hab": 0.0, "dispensarios_por_10000_hab": 0.0, "comisarias_por_10000_hab": 0.0, "paradas_por_1000_hab": 1.84, "centros_vecinales_por_10000_hab": 2.05, "tiene_escuela": 0, "tiene_dispensario": 0, "tiene_comisaria": 0, "tiene_transporte": 1, "infraestructura_score": 0.0341, "area_barrio_km2": 0.31, "densidad_poblacional": 15770.97, "densidad_hogares": 4222.58, "infraestructura_por_km2": 0.11, "educacion_ratio_publico_privado": 1.0, "cluster_barrio": 2, "cluster_descripcion": "Tipo C (Infr 0.16 - NBI 14.4%)", "categoria_infraestructura": "Muy Baja", "tooltip_barrio": "<b>GENERAL SAVIO</b><br>Pob: 4889.0<br>Score: 0.03 (Muy Baja)", "servicios_basicos_score": 0.33, "infraestructura_por_habitante": 0.0697, "ranking_infraestructura": 453, "percentil_infraestructura": 8.5 }, "geometry": { "type": "Point", "coordinates": [ -64.158089161032095, -31.371992117919 ] } },
{ "type": "Feature", "properties": { "barrio": "GRANADERO PRINGLES", "poblacion": 2209.0, "hogares": 628.0, "nbi": 16.0, "pct_nbi": 2.55, "escuelas_total": 0, "escuelas_estatales": 0, "escuelas_privadas": 0, "dispensarios_municipales": 0, "paradas_colectivo": 19, "lineas_colectivo": 4, "luminarias_reportes": 25, "comisarias": 0, "centros_vecinales": 1, "hogares_por_poblacion": 0.284, "poblacion_log": 7.701, "pct_escuelas_privadas": 0.0, "escuelas_por_1000_hab": 0.0, "dispensarios_por_10000_hab": 0.0, "comisarias_por_10000_hab": 0.0, "paradas_por_1000_hab": 8.6, "centros_vecinales_por_10000_hab": 4.53, "tiene_escuela": 0, "tiene_dispensario": 0, "tiene_comisaria": 0, "tiene_transporte": 1, "infraestructura_score": 0.1593, "area_barrio_km2": 0.19, "densidad_poblacional": 11626.32, "densidad_hogares": 3305.26, "infraestructura_por_km2": 0.838, "educacion_ratio_publico_privado": 1.0, "cluster_barrio": 1, "cluster_descripcion": "Tipo B (Infr 0.14 - NBI 3.0%)", "categoria_infraestructura": "Media", "tooltip_barrio": "<b>GRANADERO PRINGLES</b><br>Pob: 2209.0<br>Score: 0.16 (Media)", "servicios_basicos_score": 0.33, "infraestructura_por_habitante": 0.7211, "ranking_infraestructura": 273, "percentil_infraestructura": 44.9 }, "geometry": { "type": "Point", "coordinates": [ -64.197608374872104, -31.375551588209099 ] } },
{ "type": "Feature", "properties": { "barrio": "GRANJA DE FUNES", "poblacion": 3866.0, "hogares": 1228.0, "nbi": 27.0, "pct_nbi": 2.2, "escuelas_total": 5, "escuelas_estatales": 5, "escuelas_privadas": 0, "dispensarios_municipales": 0, "paradas_colectivo": 30, "lineas_colectivo": 11, "luminarias_reportes": 50, "comisarias": 0, "centros_vecinales": 1, "hogares_por_poblacion": 0.318, "poblacion_log": 8.26, "pct_escuelas_privadas": 0.0, "escuelas_por_1000_hab": 1.29, "dispensarios_por_10000_hab": 0.0, "comisarias_por_10000_hab": 0.0, "paradas_por_1000_hab": 7.76, "centros_vecinales_por_10000_hab": 2.59, "tiene_escuela": 1, "tiene_dispensario": 0, "tiene_comisaria": 0, "tiene_transporte": 1, "infraestructura_score": 0.2332, "area_barrio_km2": 1.1, "densidad_poblacional": 3514.55, "densidad_hogares": 1116.36, "infraestructura_por_km2": 0.212, "educacion_ratio_publico_privado": 6.0, "cluster_barrio": 1, "cluster_descripcion": "Tipo B (Infr 0.14 - NBI 3.0%)", "categoria_infraestructura": "Alta", "tooltip_barrio": "<b>GRANJA DE FUNES</b><br>Pob: 3866.0<br>Score: 0.23 (Alta)", "servicios_basicos_score": 0.67, "infraestructura_por_habitante": 0.6032, "ranking_infraestructura": 186, "percentil_infraestructura": 62.6 }, "geometry": { "type": "Point", "coordinates": [ -64.244571976219902, -31.349164455122001 ] } },
{ "type": "Feature", "properties": { "barrio": "GUARNICION AEREA CORDOBA", "poblacion": 500.0, "hogares": 200.0, "nbi": 0.0, "pct_nbi": 0.0, "escuelas_total": 0, "escuelas_estatales": 0, "escuelas_privadas": 0, "dispensarios_municipales": 0, "paradas_colectivo": 0, "lineas_colectivo": 0, "luminarias_reportes": 0, "comisarias": 0, "centros_vecinales": 0, "hogares_por_poblacion": 0.4, "poblacion_log": 6.217, "pct_escuelas_privadas": 0.0, "escuelas_por_1000_hab": 0.0, "dispensarios_por_10000_hab": 0.0, "comisarias_por_10000_hab": 0.0, "paradas_por_1000_hab": 0.0, "centros_vecinales_por_10000_hab": 0.0, "tiene_escuela": 0, "tiene_dispensario": 0, "tiene_comisaria": 0, "tiene_transporte": 0, "infraestructura_score": 0.0, "area_barrio_km2": 10.97, "densidad_poblacional": 45.58, "densidad_hogares": 18.23, "infraestructura_por_km2": 0.0, "educacion_ratio_publico_privado": 1.0, "cluster_barrio": 1, "cluster_descripcion": "Tipo B (Infr 0.14 - NBI 3.0%)", "categoria_infraestructura": "Muy Baja", "tooltip_barrio": "<b>GUARNICION AEREA CORDOBA</b><br>Pob: 500.0<br>Score: 0.00 (Muy Baja)", "servicios_basicos_score": 0.0, "infraestructura_por_habitante": 0.0, "ranking_infraestructura": 469, "percentil_infraestructura": 2.7 }, "geometry": { "type": "Point", "coordinates": [ -64.281543425375602, -31.443769278157902 ] } },
{ "type": "Feature", "properties": { "barrio": "GUARNICION MILITAR CORDOBA", "poblacion": 500.0, "hogares": 200.0, "nbi": 0.0, "pct_nbi": 0.0, "escuelas_total": 0, "escuelas_estatales": 0, "escuelas_privadas": 0, "dispensarios_municipales": 0, "paradas_colectivo": 0, "lineas_colectivo": 0, "luminarias_reportes": 2, "comisarias": 0, "centros_vecinales": 0, "hogares_por_poblacion": 0.4, "poblacion_log": 6.217, "pct_escuelas_privadas": 0.0, "escuelas_por_1000_hab": 0.0, "dispensarios_por_10000_hab": 0.0, "comisarias_por_10000_hab": 0.0, "paradas_por_1000_hab": 0.0, "centros_vecinales_por_10000_hab": 0.0, "tiene_escuela": 0, "tiene_dispensario": 0, "tiene_comisaria": 0, "tiene_transporte": 0, "infraestructura_score": 0.0, "area_barrio_km2": 24.79, "densidad_poblacional": 20.17, "densidad_hogares": 8.07, "infraestructura_por_km2": 0.0, "educacion_ratio_publico_privado": 1.0, "cluster_barrio": 1, "cluster_descripcion": "Tipo B (Infr 0.14 - NBI 3.0%)", "categoria_infraestructura": "Muy Baja", "tooltip_barrio": "<b>GUARNICION MILITAR CORDOBA</b><br>Pob: 500.0<br>Score: 0.00 (Muy Baja)", "servicios_basicos_score": 0.0, "infraestructura_por_habitante": 0.0, "ranking_infraestructura": 469, "percentil_infraestructura": 2.7 }, "geometry": { "type": "Point", "coordinates": [ -64.292549876520098, -31.3932530580866 ] } },
{ "type": "Feature", "properties": { "barrio": "GUAYAQUIL", "poblacion": 587.0, "hogares": 200.0, "nbi": 0.0, "pct_nbi": 0.0, "escuelas_total": 2, "escuelas_estatales": 2, "escuelas_privadas": 0, "dispensarios_municipales": 0, "paradas_colectivo": 14, "lineas_colectivo": 4, "luminarias_reportes": 86, "comisarias": 0, "centros_vecinales": 1, "hogares_por_poblacion": 0.341, "poblacion_log": 6.377, "pct_escuelas_privadas": 0.0, "escuelas_por_1000_hab": 3.41, "dispensarios_por_10000_hab": 0.0, "comisarias_por_10000_hab": 0.0, "paradas_por_1000_hab": 23.85, "centros_vecinales_por_10000_hab": 17.04, "tiene_escuela": 1, "tiene_dispensario": 0, "tiene_comisaria": 0, "tiene_transporte": 1, "infraestructura_score": 0.6783, "area_barrio_km2": 0.08, "densidad_poblacional": 7337.5, "densidad_hogares": 2500.0, "infraestructura_por_km2": 8.479, "educacion_ratio_publico_privado": 3.0, "cluster_barrio": 0, "cluster_descripcion": "Tipo A (Infr 0.57 - NBI 4.5%)", "categoria_infraestructura": "Muy Alta", "tooltip_barrio": "<b>GUAYAQUIL</b><br>Pob: 587.0<br>Score: 0.68 (Muy Alta)", "servicios_basicos_score": 0.67, "infraestructura_por_habitante": 11.5554, "ranking_infraestructura": 18, "percentil_infraestructura": 96.6 }, "geometry": { "type": "Point", "coordinates": [ -64.155065277441295, -31.382844844148 ] } },
{ "type": "Feature", "properties": { "barrio": "GUEMES", "poblacion": 11588.0, "hogares": 5333.0, "nbi": 428.0, "pct_nbi": 8.03, "escuelas_total": 17, "escuelas_estatales": 14, "escuelas_privadas": 3, "dispensarios_municipales": 1, "paradas_colectivo": 41, "lineas_colectivo": 21, "luminarias_reportes": 132, "comisarias": 0, "centros_vecinales": 0, "hogares_por_poblacion": 0.46, "poblacion_log": 9.358, "pct_escuelas_privadas": 0.176, "escuelas_por_1000_hab": 1.47, "dispensarios_por_10000_hab": 0.86, "comisarias_por_10000_hab": 0.0, "paradas_por_1000_hab": 3.54, "centros_vecinales_por_10000_hab": 0.0, "tiene_escuela": 1, "tiene_dispensario": 1, "tiene_comisaria": 0, "tiene_transporte": 1, "infraestructura_score": 0.1963, "area_barrio_km2": 1.18, "densidad_poblacional": 9820.34, "densidad_hogares": 4519.49, "infraestructura_por_km2": 0.166, "educacion_ratio_publico_privado": 3.75, "cluster_barrio": 2, "cluster_descripcion": "Tipo C (Infr 0.16 - NBI 14.4%)", "categoria_infraestructura": "Media", "tooltip_barrio": "<b>GUEMES</b><br>Pob: 11588.0<br>Score: 0.20 (Media)", "servicios_basicos_score": 1.0, "infraestructura_por_habitante": 0.1694, "ranking_infraestructura": 226, "percentil_infraestructura": 54.5 }, "geometry": { "type": "Point", "coordinates": [ -64.193679039325303, -31.4281317736306 ] } },
{ "type": "Feature", "properties": { "barrio": "GUINAZU", "poblacion": 1361.0, "hogares": 373.0, "nbi": 41.0, "pct_nbi": 10.99, "escuelas_total": 5, "escuelas_estatales": 5, "escuelas_privadas": 0, "dispensarios_municipales": 1, "paradas_colectivo": 20, "lineas_colectivo": 2, "luminarias_reportes": 10, "comisarias": 1, "centros_vecinales": 1, "hogares_por_poblacion": 0.274, "poblacion_log": 7.217, "pct_escuelas_privadas": 0.0, "escuelas_por_1000_hab": 3.67, "dispensarios_por_10000_hab": 6.657, "comisarias_por_10000_hab": 1.5585, "paradas_por_1000_hab": 14.7, "centros_vecinales_por_10000_hab": 7.35, "tiene_escuela": 1, "tiene_dispensario": 1, "tiene_comisaria": 1, "tiene_transporte": 1, "infraestructura_score": 0.8602, "area_barrio_km2": 0.34, "densidad_poblacional": 4002.94, "densidad_hogares": 1097.06, "infraestructura_por_km2": 2.53, "educacion_ratio_publico_privado": 6.0, "cluster_barrio": 0, "cluster_descripcion": "Tipo A (Infr 0.57 - NBI 4.5%)", "categoria_infraestructura": "Muy Alta", "tooltip_barrio": "<b>GUINAZU</b><br>Pob: 1361.0<br>Score: 0.86 (Muy Alta)", "servicios_basicos_score": 1.0, "infraestructura_por_habitante": 6.3204, "ranking_infraestructura": 4, "percentil_infraestructura": 99.4 }, "geometry": { "type": "Point", "coordinates": [ -64.173293525659403, -31.312246344435199 ] } },
{ "type": "Feature", "properties": { "barrio": "GUINAZU SUD", "poblacion": 500.0, "hogares": 200.0, "nbi": 3.0, "pct_nbi": 1.5, "escuelas_total": 0, "escuelas_estatales": 0, "escuelas_privadas": 0, "dispensarios_municipales": 1, "paradas_colectivo": 12, "lineas_colectivo": 2, "luminarias_reportes": 4, "comisarias": 0, "centros_vecinales": 1, "hogares_por_poblacion": 0.4, "poblacion_log": 6.217, "pct_escuelas_privadas": 0.0, "escuelas_por_1000_hab": 0.0, "dispensarios_por_10000_hab": 6.657, "comisarias_por_10000_hab": 0.0, "paradas_por_1000_hab": 24.0, "centros_vecinales_por_10000_hab": 20.0, "tiene_escuela": 0, "tiene_dispensario": 1, "tiene_comisaria": 0, "tiene_transporte": 1, "infraestructura_score": 0.6667, "area_barrio_km2": 0.04, "densidad_poblacional": 12500.0, "densidad_hogares": 5000.0, "infraestructura_por_km2": 16.667, "educacion_ratio_publico_privado": 1.0, "cluster_barrio": 3, "cluster_descripcion": "Tipo D (Infr 0.40 - NBI 2.8%)", "categoria_infraestructura": "Muy Alta", "tooltip_barrio": "<b>GUINAZU SUD</b><br>Pob: 500.0<br>Score: 0.67 (Muy Alta)", "servicios_basicos_score": 0.67, "infraestructura_por_habitante": 13.334, "ranking_infraestructura": 20, "percentil_infraestructura": 95.9 }, "geometry": { "type": "Point", "coordinates": [ -64.183134064619694, -31.335667108704001 ] } },
{ "type": "Feature", "properties": { "barrio": "HIPOLITO IRIGOYEN", "poblacion": 3313.0, "hogares": 893.0, "nbi": 83.0, "pct_nbi": 9.29, "escuelas_total": 0, "escuelas_estatales": 0, "escuelas_privadas": 0, "dispensarios_municipales": 1, "paradas_colectivo": 6, "lineas_colectivo": 4, "luminarias_reportes": 23, "comisarias": 0, "centros_vecinales": 1, "hogares_por_poblacion": 0.27, "poblacion_log": 8.106, "pct_escuelas_privadas": 0.0, "escuelas_por_1000_hab": 0.0, "dispensarios_por_10000_hab": 3.02, "comisarias_por_10000_hab": 0.0, "paradas_por_1000_hab": 1.81, "centros_vecinales_por_10000_hab": 3.02, "tiene_escuela": 0, "tiene_dispensario": 1, "tiene_comisaria": 0, "tiene_transporte": 1, "infraestructura_score": 0.1343, "area_barrio_km2": 0.29, "densidad_poblacional": 11424.14, "densidad_hogares": 3079.31, "infraestructura_por_km2": 0.463, "educacion_ratio_publico_privado": 1.0, "cluster_barrio": 2, "cluster_descripcion": "Tipo C (Infr 0.16 - NBI 14.4%)", "categoria_infraestructura": "Baja", "tooltip_barrio": "<b>HIPOLITO IRIGOYEN</b><br>Pob: 3313.0<br>Score: 0.13 (Baja)", "servicios_basicos_score": 0.67, "infraestructura_por_habitante": 0.4054, "ranking_infraestructura": 313, "percentil_infraestructura": 36.7 }, "geometry": { "type": "Point", "coordinates": [ -64.186296574919893, -31.372810139673799 ] } },
{ "type": "Feature", "properties": { "barrio": "HOGAR PROPIO", "poblacion": 4716.0, "hogares": 1581.0, "nbi": 56.0, "pct_nbi": 3.54, "escuelas_total": 2, "escuelas_estatales": 2, "escuelas_privadas": 0, "dispensarios_municipales": 1, "paradas_colectivo": 19, "lineas_colectivo": 5, "luminarias_reportes": 18, "comisarias": 0, "centros_vecinales": 3, "hogares_por_poblacion": 0.335, "poblacion_log": 8.459, "pct_escuelas_privadas": 0.0, "escuelas_por_1000_hab": 0.42, "dispensarios_por_10000_hab": 2.12, "comisarias_por_10000_hab": 0.0, "paradas_por_1000_hab": 4.03, "centros_vecinales_por_10000_hab": 6.36, "tiene_escuela": 1, "tiene_dispensario": 1, "tiene_comisaria": 0, "tiene_transporte": 1, "infraestructura_score": 0.1745, "area_barrio_km2": 0.48, "densidad_poblacional": 9825.0, "densidad_hogares": 3293.75, "infraestructura_por_km2": 0.364, "educacion_ratio_publico_privado": 3.0, "cluster_barrio": 1, "cluster_descripcion": "Tipo B (Infr 0.14 - NBI 3.0%)", "categoria_infraestructura": "Media", "tooltip_barrio": "<b>HOGAR PROPIO</b><br>Pob: 4716.0<br>Score: 0.17 (Media)", "servicios_basicos_score": 1.0, "infraestructura_por_habitante": 0.37, "ranking_infraestructura": 248, "percentil_infraestructura": 50.0 }, "geometry": { "type": "Point", "coordinates": [ -64.154169755154598, -31.4073366174112 ] } },
{ "type": "Feature", "properties": { "barrio": "HORIZONTE", "poblacion": 2016.0, "hogares": 641.0, "nbi": 11.0, "pct_nbi": 1.72, "escuelas_total": 0, "escuelas_estatales": 0, "escuelas_privadas": 0, "dispensarios_municipales": 0, "paradas_colectivo": 10, "lineas_colectivo": 6, "luminarias_reportes": 188, "comisarias": 0, "centros_vecinales": 0, "hogares_por_poblacion": 0.318, "poblacion_log": 7.609, "pct_escuelas_privadas": 0.0, "escuelas_por_1000_hab": 0.0, "dispensarios_por_10000_hab": 0.0, "comisarias_por_10000_hab": 0.0, "paradas_por_1000_hab": 4.96, "centros_vecinales_por_10000_hab": 0.0, "tiene_escuela": 0, "tiene_dispensario": 0, "tiene_comisaria": 0, "tiene_transporte": 1, "infraestructura_score": 0.0919, "area_barrio_km2": 0.29, "densidad_poblacional": 6951.72, "densidad_hogares": 2210.34, "infraestructura_por_km2": 0.317, "educacion_ratio_publico_privado": 1.0, "cluster_barrio": 1, "cluster_descripcion": "Tipo B (Infr 0.14 - NBI 3.0%)", "categoria_infraestructura": "Baja", "tooltip_barrio": "<b>HORIZONTE</b><br>Pob: 2016.0<br>Score: 0.09 (Baja)", "servicios_basicos_score": 0.33, "infraestructura_por_habitante": 0.4559, "ranking_infraestructura": 383, "percentil_infraestructura": 22.7 }, "geometry": { "type": "Point", "coordinates": [ -64.206522191129594, -31.458659818396999 ] } },
{ "type": "Feature", "properties": { "barrio": "INAUDI", "poblacion": 1662.0, "hogares": 459.0, "nbi": 4.0, "pct_nbi": 0.87, "escuelas_total": 4, "escuelas_estatales": 4, "escuelas_privadas": 0, "dispensarios_municipales": 1, "paradas_colectivo": 7, "lineas_colectivo": 1, "luminarias_reportes": 52, "comisarias": 1, "centros_vecinales": 1, "hogares_por_poblacion": 0.276, "poblacion_log": 7.416, "pct_escuelas_privadas": 0.0, "escuelas_por_1000_hab": 2.41, "dispensarios_por_10000_hab": 6.02, "comisarias_por_10000_hab": 1.5585, "paradas_por_1000_hab": 4.21, "centros_vecinales_por_10000_hab": 6.02, "tiene_escuela": 1, "tiene_dispensario": 1, "tiene_comisaria": 1, "tiene_transporte": 1, "infraestructura_score": 0.5573, "area_barrio_km2": 0.3, "densidad_poblacional": 5540.0, "densidad_hogares": 1530.0, "infraestructura_por_km2": 1.858, "educacion_ratio_publico_privado": 5.0, "cluster_barrio": 0, "cluster_descripcion": "Tipo A (Infr 0.57 - NBI 4.5%)", "categoria_infraestructura": "Muy Alta", "tooltip_barrio": "<b>INAUDI</b><br>Pob: 1662.0<br>Score: 0.56 (Muy Alta)", "servicios_basicos_score": 1.0, "infraestructura_por_habitante": 3.3532, "ranking_infraestructura": 36, "percentil_infraestructura": 92.9 }, "geometry": { "type": "Point", "coordinates": [ -64.194287019464298, -31.476444820122101 ] } },
{ "type": "Feature", "properties": { "barrio": "INDEPENDENCIA", "poblacion": 813.0, "hogares": 294.0, "nbi": 7.0, "pct_nbi": 2.38, "escuelas_total": 1, "escuelas_estatales": 0, "escuelas_privadas": 1, "dispensarios_municipales": 0, "paradas_colectivo": 16, "lineas_colectivo": 9, "luminarias_reportes": 38, "comisarias": 0, "centros_vecinales": 0, "hogares_por_poblacion": 0.362, "poblacion_log": 6.702, "pct_escuelas_privadas": 1.0, "escuelas_por_1000_hab": 1.23, "dispensarios_por_10000_hab": 0.0, "comisarias_por_10000_hab": 0.0, "paradas_por_1000_hab": 19.68, "centros_vecinales_por_10000_hab": 0.0, "tiene_escuela": 1, "tiene_dispensario": 0, "tiene_comisaria": 0, "tiene_transporte": 1, "infraestructura_score": 0.4498, "area_barrio_km2": 0.12, "densidad_poblacional": 6775.0, "densidad_hogares": 2450.0, "infraestructura_por_km2": 3.748, "educacion_ratio_publico_privado": 0.5, "cluster_barrio": 3, "cluster_descripcion": "Tipo D (Infr 0.40 - NBI 2.8%)", "categoria_infraestructura": "Muy Alta", "tooltip_barrio": "<b>INDEPENDENCIA</b><br>Pob: 813.0<br>Score: 0.45 (Muy Alta)", "servicios_basicos_score": 0.67, "infraestructura_por_habitante": 5.5326, "ranking_infraestructura": 58, "percentil_infraestructura": 88.5 }, "geometry": { "type": "Point", "coordinates": [ -64.190151577784505, -31.401174726175899 ] } },
{ "type": "Feature", "properties": { "barrio": "INDUSTRIAL ESTE", "poblacion": 1153.0, "hogares": 386.0, "nbi": 1.0, "pct_nbi": 0.26, "escuelas_total": 0, "escuelas_estatales": 0, "escuelas_privadas": 0, "dispensarios_municipales": 0, "paradas_colectivo": 14, "lineas_colectivo": 10, "luminarias_reportes": 167, "comisarias": 0, "centros_vecinales": 0, "hogares_por_poblacion": 0.335, "poblacion_log": 7.051, "pct_escuelas_privadas": 0.0, "escuelas_por_1000_hab": 0.0, "dispensarios_por_10000_hab": 0.0, "comisarias_por_10000_hab": 0.0, "paradas_por_1000_hab": 12.14, "centros_vecinales_por_10000_hab": 0.0, "tiene_escuela": 0, "tiene_dispensario": 0, "tiene_comisaria": 0, "tiene_transporte": 1, "infraestructura_score": 0.2248, "area_barrio_km2": 0.17, "densidad_poblacional": 6782.35, "densidad_hogares": 2270.59, "infraestructura_por_km2": 1.322, "educacion_ratio_publico_privado": 1.0, "cluster_barrio": 3, "cluster_descripcion": "Tipo D (Infr 0.40 - NBI 2.8%)", "categoria_infraestructura": "Alta", "tooltip_barrio": "<b>INDUSTRIAL ESTE</b><br>Pob: 1153.0<br>Score: 0.22 (Alta)", "servicios_basicos_score": 0.33, "infraestructura_por_habitante": 1.9497, "ranking_infraestructura": 195, "percentil_infraestructura": 60.7 }, "geometry": { "type": "Point", "coordinates": [ -64.164209964880101, -31.429515067724498 ] } },
{ "type": "Feature", "properties": { "barrio": "INDUSTRIAL OESTE", "poblacion": 1621.0, "hogares": 473.0, "nbi": 14.0, "pct_nbi": 2.96, "escuelas_total": 0, "escuelas_estatales": 0, "escuelas_privadas": 0, "dispensarios_municipales": 0, "paradas_colectivo": 19, "lineas_colectivo": 3, "luminarias_reportes": 147, "comisarias": 0, "centros_vecinales": 0, "hogares_por_poblacion": 0.292, "poblacion_log": 7.391, "pct_escuelas_privadas": 0.0, "escuelas_por_1000_hab": 0.0, "dispensarios_por_10000_hab": 0.0, "comisarias_por_10000_hab": 0.0, "paradas_por_1000_hab": 11.72, "centros_vecinales_por_10000_hab": 0.0, "tiene_escuela": 0, "tiene_dispensario": 0, "tiene_comisaria": 0, "tiene_transporte": 1, "infraestructura_score": 0.217, "area_barrio_km2": 0.27, "densidad_poblacional": 6003.7, "densidad_hogares": 1751.85, "infraestructura_por_km2": 0.804, "educacion_ratio_publico_privado": 1.0, "cluster_barrio": 1, "cluster_descripcion": "Tipo B (Infr 0.14 - NBI 3.0%)", "categoria_infraestructura": "Media", "tooltip_barrio": "<b>INDUSTRIAL OESTE</b><br>Pob: 1621.0<br>Score: 0.22 (Media)", "servicios_basicos_score": 0.33, "infraestructura_por_habitante": 1.3387, "ranking_infraestructura": 204, "percentil_infraestructura": 58.9 }, "geometry": { "type": "Point", "coordinates": [ -64.266555392910604, -31.409302206900701 ] } },
{ "type": "Feature", "properties": { "barrio": "IPONA", "poblacion": 982.0, "hogares": 402.0, "nbi": 8.0, "pct_nbi": 1.99, "escuelas_total": 3, "escuelas_estatales": 0, "escuelas_privadas": 3, "dispensarios_municipales": 0, "paradas_colectivo": 26, "lineas_colectivo": 17, "luminarias_reportes": 14, "comisarias": 0, "centros_vecinales": 1, "hogares_por_poblacion": 0.409, "poblacion_log": 6.891, "pct_escuelas_privadas": 1.0, "escuelas_por_1000_hab": 3.05, "dispensarios_por_10000_hab": 0.0, "comisarias_por_10000_hab": 0.0, "paradas_por_1000_hab": 24.0, "centros_vecinales_por_10000_hab": 10.18, "tiene_escuela": 1, "tiene_dispensario": 0, "tiene_comisaria": 0, "tiene_transporte": 1, "infraestructura_score": 0.6561, "area_barrio_km2": 0.13, "densidad_poblacional": 7553.85, "densidad_hogares": 3092.31, "infraestructura_por_km2": 5.047, "educacion_ratio_publico_privado": 0.25, "cluster_barrio": 0, "cluster_descripcion": "Tipo A (Infr 0.57 - NBI 4.5%)", "categoria_infraestructura": "Muy Alta", "tooltip_barrio": "<b>IPONA</b><br>Pob: 982.0<br>Score: 0.66 (Muy Alta)", "servicios_basicos_score": 0.67, "infraestructura_por_habitante": 6.6813, "ranking_infraestructura": 24, "percentil_infraestructura": 95.3 }, "geometry": { "type": "Point", "coordinates": [ -64.188372230409797, -31.444761206534299 ] } },
{ "type": "Feature", "properties": { "barrio": "IPV ANEXO LOS GIGANTES", "poblacion": 5240.0, "hogares": 1414.0, "nbi": 36.0, "pct_nbi": 2.55, "escuelas_total": 3, "escuelas_estatales": 3, "escuelas_privadas": 0, "dispensarios_municipales": 0, "paradas_colectivo": 11, "lineas_colectivo": 2, "luminarias_reportes": 0, "comisarias": 0, "centros_vecinales": 1, "hogares_por_poblacion": 0.27, "poblacion_log": 8.564, "pct_escuelas_privadas": 0.0, "escuelas_por_1000_hab": 0.57, "dispensarios_por_10000_hab": 0.0, "comisarias_por_10000_hab": 0.0, "paradas_por_1000_hab": 2.1, "centros_vecinales_por_10000_hab": 1.91, "tiene_escuela": 1, "tiene_dispensario": 0, "tiene_comisaria": 0, "tiene_transporte": 1, "infraestructura_score": 0.0784, "area_barrio_km2": 0.27, "densidad_poblacional": 19407.41, "densidad_hogares": 5237.04, "infraestructura_por_km2": 0.29, "educacion_ratio_publico_privado": 4.0, "cluster_barrio": 1, "cluster_descripcion": "Tipo B (Infr 0.14 - NBI 3.0%)", "categoria_infraestructura": "Muy Baja", "tooltip_barrio": "<b>IPV ANEXO LOS GIGANTES</b><br>Pob: 5240.0<br>Score: 0.08 (Muy Baja)", "servicios_basicos_score": 0.67, "infraestructura_por_habitante": 0.1496, "ranking_infraestructura": 400, "percentil_infraestructura": 19.2 }, "geometry": { "type": "Point", "coordinates": [ -64.16327334385565, -31.3648676647868 ] } },
{ "type": "Feature", "properties": { "barrio": "IRUPE", "poblacion": 523.0, "hogares": 200.0, "nbi": 10.0, "pct_nbi": 5.0, "escuelas_total": 3, "escuelas_estatales": 3, "escuelas_privadas": 0, "dispensarios_municipales": 0, "paradas_colectivo": 6, "lineas_colectivo": 6, "luminarias_reportes": 45, "comisarias": 0, "centros_vecinales": 1, "hogares_por_poblacion": 0.382, "poblacion_log": 6.261, "pct_escuelas_privadas": 0.0, "escuelas_por_1000_hab": 4.8035, "dispensarios_por_10000_hab": 0.0, "comisarias_por_10000_hab": 0.0, "paradas_por_1000_hab": 11.47, "centros_vecinales_por_10000_hab": 19.12, "tiene_escuela": 1, "tiene_dispensario": 0, "tiene_comisaria": 0, "tiene_transporte": 1, "infraestructura_score": 0.5457, "area_barrio_km2": 0.14, "densidad_poblacional": 3735.71, "densidad_hogares": 1428.57, "infraestructura_por_km2": 3.898, "educacion_ratio_publico_privado": 4.0, "cluster_barrio": 0, "cluster_descripcion": "Tipo A (Infr 0.57 - NBI 4.5%)", "categoria_infraestructura": "Muy Alta", "tooltip_barrio": "<b>IRUPE</b><br>Pob: 523.0<br>Score: 0.55 (Muy Alta)", "servicios_basicos_score": 0.67, "infraestructura_por_habitante": 10.434, "ranking_infraestructura": 39, "percentil_infraestructura": 92.3 }, "geometry": { "type": "Point", "coordinates": [ -64.202540669052496, -31.459166131371699 ] } },
{ "type": "Feature", "properties": { "barrio": "ITUZAINGO", "poblacion": 3192.0, "hogares": 933.0, "nbi": 18.0, "pct_nbi": 1.93, "escuelas_total": 9, "escuelas_estatales": 6, "escuelas_privadas": 3, "dispensarios_municipales": 0, "paradas_colectivo": 16, "lineas_colectivo": 4, "luminarias_reportes": 19, "comisarias": 1, "centros_vecinales": 0, "hogares_por_poblacion": 0.292, "poblacion_log": 8.069, "pct_escuelas_privadas": 0.333, "escuelas_por_1000_hab": 2.82, "dispensarios_por_10000_hab": 0.0, "comisarias_por_10000_hab": 1.5585, "paradas_por_1000_hab": 5.01, "centros_vecinales_por_10000_hab": 0.0, "tiene_escuela": 1, "tiene_dispensario": 0, "tiene_comisaria": 1, "tiene_transporte": 1, "infraestructura_score": 0.3996, "area_barrio_km2": 0.47, "densidad_poblacional": 6791.49, "densidad_hogares": 1985.11, "infraestructura_por_km2": 0.85, "educacion_ratio_publico_privado": 1.75, "cluster_barrio": 0, "cluster_descripcion": "Tipo A (Infr 0.57 - NBI 4.5%)", "categoria_infraestructura": "Muy Alta", "tooltip_barrio": "<b>ITUZAINGO</b><br>Pob: 3192.0<br>Score: 0.40 (Muy Alta)", "servicios_basicos_score": 0.67, "infraestructura_por_habitante": 1.2519, "ranking_infraestructura": 78, "percentil_infraestructura": 84.4 }, "geometry": { "type": "Point", "coordinates": [ -64.097148361854096, -31.4647362980865 ] } },
{ "type": "Feature", "properties": { "barrio": "ITUZAINGO ANEXO", "poblacion": 6081.0, "hogares": 1583.0, "nbi": 138.0, "pct_nbi": 8.72, "escuelas_total": 1, "escuelas_estatales": 1, "escuelas_privadas": 0, "dispensarios_municipales": 1, "paradas_colectivo": 35, "lineas_colectivo": 5, "luminarias_reportes": 23, "comisarias": 0, "centros_vecinales": 5, "hogares_por_poblacion": 0.26, "poblacion_log": 8.713, "pct_escuelas_privadas": 0.0, "escuelas_por_1000_hab": 0.16, "dispensarios_por_10000_hab": 1.64, "comisarias_por_10000_hab": 0.0, "paradas_por_1000_hab": 5.76, "centros_vecinales_por_10000_hab": 8.22, "tiene_escuela": 1, "tiene_dispensario": 1, "tiene_comisaria": 0, "tiene_transporte": 1, "infraestructura_score": 0.1725, "area_barrio_km2": 0.93, "densidad_poblacional": 6538.71, "densidad_hogares": 1702.15, "infraestructura_por_km2": 0.185, "educacion_ratio_publico_privado": 2.0, "cluster_barrio": 2, "cluster_descripcion": "Tipo C (Infr 0.16 - NBI 14.4%)", "categoria_infraestructura": "Media", "tooltip_barrio": "<b>ITUZAINGO ANEXO</b><br>Pob: 6081.0<br>Score: 0.17 (Media)", "servicios_basicos_score": 1.0, "infraestructura_por_habitante": 0.2837, "ranking_infraestructura": 251, "percentil_infraestructura": 49.4 }, "geometry": { "type": "Point", "coordinates": [ -64.082901932701205, -31.463692599206599 ] } },
{ "type": "Feature", "properties": { "barrio": "ITUZAINGO II", "poblacion": 1553.0, "hogares": 394.0, "nbi": 42.0, "pct_nbi": 10.66, "escuelas_total": 0, "escuelas_estatales": 0, "escuelas_privadas": 0, "dispensarios_municipales": 0, "paradas_colectivo": 2, "lineas_colectivo": 1, "luminarias_reportes": 0, "comisarias": 0, "centros_vecinales": 1, "hogares_por_poblacion": 0.254, "poblacion_log": 7.349, "pct_escuelas_privadas": 0.0, "escuelas_por_1000_hab": 0.0, "dispensarios_por_10000_hab": 0.0, "comisarias_por_10000_hab": 0.0, "paradas_por_1000_hab": 1.29, "centros_vecinales_por_10000_hab": 6.44, "tiene_escuela": 0, "tiene_dispensario": 0, "tiene_comisaria": 0, "tiene_transporte": 1, "infraestructura_score": 0.0239, "area_barrio_km2": 1.22, "densidad_poblacional": 1272.95, "densidad_hogares": 322.95, "infraestructura_por_km2": 0.02, "educacion_ratio_publico_privado": 1.0, "cluster_barrio": 2, "cluster_descripcion": "Tipo C (Infr 0.16 - NBI 14.4%)", "categoria_infraestructura": "Muy Baja", "tooltip_barrio": "<b>ITUZAINGO II</b><br>Pob: 1553.0<br>Score: 0.02 (Muy Baja)", "servicios_basicos_score": 0.33, "infraestructura_por_habitante": 0.1539, "ranking_infraestructura": 460, "percentil_infraestructura": 7.1 }, "geometry": { "type": "Point", "coordinates": [ -64.087896921299006, -31.474834392517799 ] } },
{ "type": "Feature", "properties": { "barrio": "JARDIN", "poblacion": 6841.0, "hogares": 2621.0, "nbi": 45.0, "pct_nbi": 1.72, "escuelas_total": 12, "escuelas_estatales": 8, "escuelas_privadas": 4, "dispensarios_municipales": 0, "paradas_colectivo": 13, "lineas_colectivo": 13, "luminarias_reportes": 52, "comisarias": 0, "centros_vecinales": 1, "hogares_por_poblacion": 0.383, "poblacion_log": 8.831, "pct_escuelas_privadas": 0.333, "escuelas_por_1000_hab": 1.75, "dispensarios_por_10000_hab": 0.0, "comisarias_por_10000_hab": 0.0, "paradas_por_1000_hab": 1.9, "centros_vecinales_por_10000_hab": 1.46, "tiene_escuela": 1, "tiene_dispensario": 0, "tiene_comisaria": 0, "tiene_transporte": 1, "infraestructura_score": 0.1566, "area_barrio_km2": 0.94, "densidad_poblacional": 7277.66, "densidad_hogares": 2788.3, "infraestructura_por_km2": 0.167, "educacion_ratio_publico_privado": 1.8, "cluster_barrio": 1, "cluster_descripcion": "Tipo B (Infr 0.14 - NBI 3.0%)", "categoria_infraestructura": "Media", "tooltip_barrio": "<b>JARDIN</b><br>Pob: 6841.0<br>Score: 0.16 (Media)", "servicios_basicos_score": 0.67, "infraestructura_por_habitante": 0.2289, "ranking_infraestructura": 277, "percentil_infraestructura": 44.1 }, "geometry": { "type": "Point", "coordinates": [ -64.181705235798702, -31.446325616333599 ] } },
{ "type": "Feature", "properties": { "barrio": "JARDIN DEL CLARET", "poblacion": 500.0, "hogares": 200.0, "nbi": 1.0, "pct_nbi": 0.5, "escuelas_total": 0, "escuelas_estatales": 0, "escuelas_privadas": 0, "dispensarios_municipales": 0, "paradas_colectivo": 11, "lineas_colectivo": 4, "luminarias_reportes": 0, "comisarias": 0, "centros_vecinales": 0, "hogares_por_poblacion": 0.4, "poblacion_log": 6.217, "pct_escuelas_privadas": 0.0, "escuelas_por_1000_hab": 0.0, "dispensarios_por_10000_hab": 0.0, "comisarias_por_10000_hab": 0.0, "paradas_por_1000_hab": 22.0, "centros_vecinales_por_10000_hab": 0.0, "tiene_escuela": 0, "tiene_dispensario": 0, "tiene_comisaria": 0, "tiene_transporte": 1, "infraestructura_score": 0.4074, "area_barrio_km2": 0.18, "densidad_poblacional": 2777.78, "densidad_hogares": 1111.11, "infraestructura_por_km2": 2.263, "educacion_ratio_publico_privado": 1.0, "cluster_barrio": 3, "cluster_descripcion": "Tipo D (Infr 0.40 - NBI 2.8%)", "categoria_infraestructura": "Muy Alta", "tooltip_barrio": "<b>JARDIN DEL CLARET</b><br>Pob: 500.0<br>Score: 0.41 (Muy Alta)", "servicios_basicos_score": 0.33, "infraestructura_por_habitante": 8.148, "ranking_infraestructura": 75, "percentil_infraestructura": 84.9 }, "geometry": { "type": "Point", "coordinates": [ -64.229589572366805, -31.348129492987301 ] } },
{ "type": "Feature", "properties": { "barrio": "JARDIN DEL PILAR", "poblacion": 2131.0, "hogares": 633.0, "nbi": 37.0, "pct_nbi": 5.85, "escuelas_total": 2, "escuelas_estatales": 2, "escuelas_privadas": 0, "dispensarios_municipales": 0, "paradas_colectivo": 12, "lineas_colectivo": 3, "luminarias_reportes": 116, "comisarias": 0, "centros_vecinales": 1, "hogares_por_poblacion": 0.297, "poblacion_log": 7.665, "pct_escuelas_privadas": 0.0, "escuelas_por_1000_hab": 0.94, "dispensarios_por_10000_hab": 0.0, "comisarias_por_10000_hab": 0.0, "paradas_por_1000_hab": 5.63, "centros_vecinales_por_10000_hab": 4.69, "tiene_escuela": 1, "tiene_dispensario": 0, "tiene_comisaria": 0, "tiene_transporte": 1, "infraestructura_score": 0.1695, "area_barrio_km2": 0.33, "densidad_poblacional": 6457.58, "densidad_hogares": 1918.18, "infraestructura_por_km2": 0.514, "educacion_ratio_publico_privado": 3.0, "cluster_barrio": 1, "cluster_descripcion": "Tipo B (Infr 0.14 - NBI 3.0%)", "categoria_infraestructura": "Media", "tooltip_barrio": "<b>JARDIN DEL PILAR</b><br>Pob: 2131.0<br>Score: 0.17 (Media)", "servicios_basicos_score": 0.67, "infraestructura_por_habitante": 0.7954, "ranking_infraestructura": 256, "percentil_infraestructura": 48.4 }, "geometry": { "type": "Point", "coordinates": [ -64.1528930609459, -31.444115899277602 ] } },
{ "type": "Feature", "properties": { "barrio": "JARDIN DEL SUD", "poblacion": 1482.0, "hogares": 451.0, "nbi": 3.0, "pct_nbi": 0.67, "escuelas_total": 0, "escuelas_estatales": 0, "escuelas_privadas": 0, "dispensarios_municipales": 0, "paradas_colectivo": 7, "lineas_colectivo": 2, "luminarias_reportes": 38, "comisarias": 0, "centros_vecinales": 1, "hogares_por_poblacion": 0.304, "poblacion_log": 7.302, "pct_escuelas_privadas": 0.0, "escuelas_por_1000_hab": 0.0, "dispensarios_por_10000_hab": 0.0, "comisarias_por_10000_hab": 0.0, "paradas_por_1000_hab": 4.72, "centros_vecinales_por_10000_hab": 6.75, "tiene_escuela": 0, "tiene_dispensario": 0, "tiene_comisaria": 0, "tiene_transporte": 1, "infraestructura_score": 0.0874, "area_barrio_km2": 0.4, "densidad_poblacional": 3705.0, "densidad_hogares": 1127.5, "infraestructura_por_km2": 0.218, "educacion_ratio_publico_privado": 1.0, "cluster_barrio": 1, "cluster_descripcion": "Tipo B (Infr 0.14 - NBI 3.0%)", "categoria_infraestructura": "Baja", "tooltip_barrio": "<b>JARDIN DEL SUD</b><br>Pob: 1482.0<br>Score: 0.09 (Baja)", "servicios_basicos_score": 0.33, "infraestructura_por_habitante": 0.5897, "ranking_infraestructura": 386, "percentil_infraestructura": 22.0 }, "geometry": { "type": "Point", "coordinates": [ -64.164584989732404, -31.456050472194299 ] } },
{ "type": "Feature", "properties": { "barrio": "JARDIN ESPINOSA", "poblacion": 1515.0, "hogares": 485.0, "nbi": 3.0, "pct_nbi": 0.62, "escuelas_total": 6, "escuelas_estatales": 0, "escuelas_privadas": 6, "dispensarios_municipales": 0, "paradas_colectivo": 6, "lineas_colectivo": 3, "luminarias_reportes": 345, "comisarias": 0, "centros_vecinales": 1, "hogares_por_poblacion": 0.32, "poblacion_log": 7.324, "pct_escuelas_privadas": 1.0, "escuelas_por_1000_hab": 3.96, "dispensarios_por_10000_hab": 0.0, "comisarias_por_10000_hab": 0.0, "paradas_por_1000_hab": 3.96, "centros_vecinales_por_10000_hab": 6.6, "tiene_escuela": 1, "tiene_dispensario": 0, "tiene_comisaria": 0, "tiene_transporte": 1, "infraestructura_score": 0.3481, "area_barrio_km2": 0.48, "densidad_poblacional": 3156.25, "densidad_hogares": 1010.42, "infraestructura_por_km2": 0.725, "educacion_ratio_publico_privado": 0.14, "cluster_barrio": 0, "cluster_descripcion": "Tipo A (Infr 0.57 - NBI 4.5%)", "categoria_infraestructura": "Alta", "tooltip_barrio": "<b>JARDIN ESPINOSA</b><br>Pob: 1515.0<br>Score: 0.35 (Alta)", "servicios_basicos_score": 0.67, "infraestructura_por_habitante": 2.2977, "ranking_infraestructura": 103, "percentil_infraestructura": 79.4 }, "geometry": { "type": "Point", "coordinates": [ -64.171256726383106, -31.4534509945975 ] } },
{ "type": "Feature", "properties": { "barrio": "JARDIN HIPODROMO", "poblacion": 2188.0, "hogares": 644.0, "nbi": 28.0, "pct_nbi": 4.35, "escuelas_total": 3, "escuelas_estatales": 0, "escuelas_privadas": 3, "dispensarios_municipales": 0, "paradas_colectivo": 2, "lineas_colectivo": 1, "luminarias_reportes": 28, "comisarias": 0, "centros_vecinales": 2, "hogares_por_poblacion": 0.294, "poblacion_log": 7.691, "pct_escuelas_privadas": 1.0, "escuelas_por_1000_hab": 1.37, "dispensarios_por_10000_hab": 0.0, "comisarias_por_10000_hab": 0.0, "paradas_por_1000_hab": 0.91, "centros_vecinales_por_10000_hab": 9.14, "tiene_escuela": 1, "tiene_dispensario": 0, "tiene_comisaria": 0, "tiene_transporte": 1, "infraestructura_score": 0.1119, "area_barrio_km2": 0.21, "densidad_poblacional": 10419.05, "densidad_hogares": 3066.67, "infraestructura_por_km2": 0.533, "educacion_ratio_publico_privado": 0.25, "cluster_barrio": 1, "cluster_descripcion": "Tipo B (Infr 0.14 - NBI 3.0%)", "categoria_infraestructura": "Baja", "tooltip_barrio": "<b>JARDIN HIPODROMO</b><br>Pob: 2188.0<br>Score: 0.11 (Baja)", "servicios_basicos_score": 0.67, "infraestructura_por_habitante": 0.5114, "ranking_infraestructura": 344, "percentil_infraestructura": 30.6 }, "geometry": { "type": "Point", "coordinates": [ -64.190803813576508, -31.4589242324741 ] } },
{ "type": "Feature", "properties": { "barrio": "JARDINES DEL JOCKEY", "poblacion": 516.0, "hogares": 200.0, "nbi": 1.0, "pct_nbi": 0.5, "escuelas_total": 0, "escuelas_estatales": 0, "escuelas_privadas": 0, "dispensarios_municipales": 0, "paradas_colectivo": 7, "lineas_colectivo": 4, "luminarias_reportes": 0, "comisarias": 0, "centros_vecinales": 0, "hogares_por_poblacion": 0.388, "poblacion_log": 6.248, "pct_escuelas_privadas": 0.0, "escuelas_por_1000_hab": 0.0, "dispensarios_por_10000_hab": 0.0, "comisarias_por_10000_hab": 0.0, "paradas_por_1000_hab": 13.57, "centros_vecinales_por_10000_hab": 0.0, "tiene_escuela": 0, "tiene_dispensario": 0, "tiene_comisaria": 0, "tiene_transporte": 1, "infraestructura_score": 0.2513, "area_barrio_km2": 0.19, "densidad_poblacional": 2715.79, "densidad_hogares": 1052.63, "infraestructura_por_km2": 1.323, "educacion_ratio_publico_privado": 1.0, "cluster_barrio": 3, "cluster_descripcion": "Tipo D (Infr 0.40 - NBI 2.8%)", "categoria_infraestructura": "Alta", "tooltip_barrio": "<b>JARDINES DEL JOCKEY</b><br>Pob: 516.0<br>Score: 0.25 (Alta)", "servicios_basicos_score": 0.33, "infraestructura_por_habitante": 4.8702, "ranking_infraestructura": 164, "percentil_infraestructura": 67.0 }, "geometry": { "type": "Point", "coordinates": [ -64.176203327793402, -31.454521384429398 ] } },
{ "type": "Feature", "properties": { "barrio": "JERONIMO LUIS DE CABRERA", "poblacion": 3272.0, "hogares": 928.0, "nbi": 48.0, "pct_nbi": 5.17, "escuelas_total": 1, "escuelas_estatales": 1, "escuelas_privadas": 0, "dispensarios_municipales": 0, "paradas_colectivo": 16, "lineas_colectivo": 5, "luminarias_reportes": 10, "comisarias": 0, "centros_vecinales": 2, "hogares_por_poblacion": 0.284, "poblacion_log": 8.093, "pct_escuelas_privadas": 0.0, "escuelas_por_1000_hab": 0.31, "dispensarios_por_10000_hab": 0.0, "comisarias_por_10000_hab": 0.0, "paradas_por_1000_hab": 4.89, "centros_vecinales_por_10000_hab": 6.11, "tiene_escuela": 1, "tiene_dispensario": 0, "tiene_comisaria": 0, "tiene_transporte": 1, "infraestructura_score": 0.1121, "area_barrio_km2": 0.24, "densidad_poblacional": 13633.33, "densidad_hogares": 3866.67, "infraestructura_por_km2": 0.467, "educacion_ratio_publico_privado": 2.0, "cluster_barrio": 1, "cluster_descripcion": "Tipo B (Infr 0.14 - NBI 3.0%)", "categoria_infraestructura": "Baja", "tooltip_barrio": "<b>JERONIMO LUIS DE CABRERA</b><br>Pob: 3272.0<br>Score: 0.11 (Baja)", "servicios_basicos_score": 0.67, "infraestructura_por_habitante": 0.3426, "ranking_infraestructura": 343, "percentil_infraestructura": 30.8 }, "geometry": { "type": "Point", "coordinates": [ -64.182586923342996, -31.355929776680497 ] } },
{ "type": "Feature", "properties": { "barrio": "JOCKEY CLUB", "poblacion": 516.0, "hogares": 200.0, "nbi": 0.0, "pct_nbi": 0.0, "escuelas_total": 0, "escuelas_estatales": 0, "escuelas_privadas": 0, "dispensarios_municipales": 0, "paradas_colectivo": 2, "lineas_colectivo": 3, "luminarias_reportes": 96, "comisarias": 0, "centros_vecinales": 1, "hogares_por_poblacion": 0.388, "poblacion_log": 6.248, "pct_escuelas_privadas": 0.0, "escuelas_por_1000_hab": 0.0, "dispensarios_por_10000_hab": 0.0, "comisarias_por_10000_hab": 0.0, "paradas_por_1000_hab": 3.88, "centros_vecinales_por_10000_hab": 19.38, "tiene_escuela": 0, "tiene_dispensario": 0, "tiene_comisaria": 0, "tiene_transporte": 1, "infraestructura_score": 0.0719, "area_barrio_km2": 0.72, "densidad_poblacional": 716.67, "densidad_hogares": 277.78, "infraestructura_por_km2": 0.1, "educacion_ratio_publico_privado": 1.0, "cluster_barrio": 1, "cluster_descripcion": "Tipo B (Infr 0.14 - NBI 3.0%)", "categoria_infraestructura": "Muy Baja", "tooltip_barrio": "<b>JOCKEY CLUB</b><br>Pob: 516.0<br>Score: 0.07 (Muy Baja)", "servicios_basicos_score": 0.33, "infraestructura_por_habitante": 1.3934, "ranking_infraestructura": 416, "percentil_infraestructura": 16.0 }, "geometry": { "type": "Point", "coordinates": [ -64.179156207240055, -31.453509629395349 ] } },
{ "type": "Feature", "properties": { "barrio": "JOSE HERNANDEZ", "poblacion": 3233.0, "hogares": 951.0, "nbi": 44.0, "pct_nbi": 4.63, "escuelas_total": 1, "escuelas_estatales": 1, "escuelas_privadas": 0, "dispensarios_municipales": 1, "paradas_colectivo": 9, "lineas_colectivo": 3, "luminarias_reportes": 42, "comisarias": 0, "centros_vecinales": 1, "hogares_por_poblacion": 0.294, "poblacion_log": 8.081, "pct_escuelas_privadas": 0.0, "escuelas_por_1000_hab": 0.31, "dispensarios_por_10000_hab": 3.09, "comisarias_por_10000_hab": 0.0, "paradas_por_1000_hab": 2.78, "centros_vecinales_por_10000_hab": 3.09, "tiene_escuela": 1, "tiene_dispensario": 1, "tiene_comisaria": 0, "tiene_transporte": 1, "infraestructura_score": 0.1761, "area_barrio_km2": 0.34, "densidad_poblacional": 9508.82, "densidad_hogares": 2797.06, "infraestructura_por_km2": 0.518, "educacion_ratio_publico_privado": 2.0, "cluster_barrio": 1, "cluster_descripcion": "Tipo B (Infr 0.14 - NBI 3.0%)", "categoria_infraestructura": "Media", "tooltip_barrio": "<b>JOSE HERNANDEZ</b><br>Pob: 3233.0<br>Score: 0.18 (Media)", "servicios_basicos_score": 1.0, "infraestructura_por_habitante": 0.5447, "ranking_infraestructura": 247, "percentil_infraestructura": 50.2 }, "geometry": { "type": "Point", "coordinates": [ -64.157034835906501, -31.444224882036099 ] } },
{ "type": "Feature", "properties": { "barrio": "JOSE I RUCCI", "poblacion": 500.0, "hogares": 200.0, "nbi": 0.0, "pct_nbi": 0.0, "escuelas_total": 0, "escuelas_estatales": 0, "escuelas_privadas": 0, "dispensarios_municipales": 0, "paradas_colectivo": 8, "lineas_colectivo": 3, "luminarias_reportes": 0, "comisarias": 0, "centros_vecinales": 1, "hogares_por_poblacion": 0.4, "poblacion_log": 6.217, "pct_escuelas_privadas": 0.0, "escuelas_por_1000_hab": 0.0, "dispensarios_por_10000_hab": 0.0, "comisarias_por_10000_hab": 0.0, "paradas_por_1000_hab": 16.0, "centros_vecinales_por_10000_hab": 20.0, "tiene_escuela": 0, "tiene_dispensario": 0, "tiene_comisaria": 0, "tiene_transporte": 1, "infraestructura_score": 0.2963, "area_barrio_km2": 0.01, "densidad_poblacional": 50000.0, "densidad_hogares": 20000.0, "infraestructura_por_km2": 29.63, "educacion_ratio_publico_privado": 1.0, "cluster_barrio": 3, "cluster_descripcion": "Tipo D (Infr 0.40 - NBI 2.8%)", "categoria_infraestructura": "Alta", "tooltip_barrio": "<b>JOSE I RUCCI</b><br>Pob: 500.0<br>Score: 0.30 (Alta)", "servicios_basicos_score": 0.33, "infraestructura_por_habitante": 5.926, "ranking_infraestructura": 132, "percentil_infraestructura": 73.1 }, "geometry": { "type": "Point", "coordinates": [ -64.129443226832095, -31.460980208160802 ] } },
{ "type": "Feature", "properties": { "barrio": "JOSE IGNACIO DIAZ SECCION 1", "poblacion": 4483.0, "hogares": 1196.0, "nbi": 86.0, "pct_nbi": 7.19, "escuelas_total": 0, "escuelas_estatales": 0, "escuelas_privadas": 0, "dispensarios_municipales": 1, "paradas_colectivo": 7, "lineas_colectivo": 2, "luminarias_reportes": 0, "comisarias": 0, "centros_vecinales": 1, "hogares_por_poblacion": 0.267, "poblacion_log": 8.408, "pct_escuelas_privadas": 0.0, "escuelas_por_1000_hab": 0.0, "dispensarios_por_10000_hab": 2.23, "comisarias_por_10000_hab": 0.0, "paradas_por_1000_hab": 1.56, "centros_vecinales_por_10000_hab": 2.23, "tiene_escuela": 0, "tiene_dispensario": 1, "tiene_comisaria": 0, "tiene_transporte": 1, "infraestructura_score": 0.1033, "area_barrio_km2": 0.55, "densidad_poblacional": 8150.91, "densidad_hogares": 2174.55, "infraestructura_por_km2": 0.188, "educacion_ratio_publico_privado": 1.0, "cluster_barrio": 1, "cluster_descripcion": "Tipo B (Infr 0.14 - NBI 3.0%)", "categoria_infraestructura": "Baja", "tooltip_barrio": "<b>JOSE IGNACIO DIAZ SECCION 1</b><br>Pob: 4483.0<br>Score: 0.10 (Baja)", "servicios_basicos_score": 0.67, "infraestructura_por_habitante": 0.2304, "ranking_infraestructura": 369, "percentil_infraestructura": 25.4 }, "geometry": { "type": "Point", "coordinates": [ -64.137927985940394, -31.443406605121201 ] } },
{ "type": "Feature", "properties": { "barrio": "JOSE IGNACIO DIAZ SECCION 2", "poblacion": 2204.0, "hogares": 598.0, "nbi": 52.0, "pct_nbi": 8.7, "escuelas_total": 0, "escuelas_estatales": 0, "escuelas_privadas": 0, "dispensarios_municipales": 0, "paradas_colectivo": 10, "lineas_colectivo": 2, "luminarias_reportes": 0, "comisarias": 0, "centros_vecinales": 0, "hogares_por_poblacion": 0.271, "poblacion_log": 7.698, "pct_escuelas_privadas": 0.0, "escuelas_por_1000_hab": 0.0, "dispensarios_por_10000_hab": 0.0, "comisarias_por_10000_hab": 0.0, "paradas_por_1000_hab": 4.54, "centros_vecinales_por_10000_hab": 0.0, "tiene_escuela": 0, "tiene_dispensario": 0, "tiene_comisaria": 0, "tiene_transporte": 1, "infraestructura_score": 0.0841, "area_barrio_km2": 0.37, "densidad_poblacional": 5956.76, "densidad_hogares": 1616.22, "infraestructura_por_km2": 0.227, "educacion_ratio_publico_privado": 1.0, "cluster_barrio": 1, "cluster_descripcion": "Tipo B (Infr 0.14 - NBI 3.0%)", "categoria_infraestructura": "Baja", "tooltip_barrio": "<b>JOSE IGNACIO DIAZ SECCION 2</b><br>Pob: 2204.0<br>Score: 0.08 (Baja)", "servicios_basicos_score": 0.33, "infraestructura_por_habitante": 0.3816, "ranking_infraestructura": 392, "percentil_infraestructura": 20.9 }, "geometry": { "type": "Point", "coordinates": [ -64.145422010933103, -31.445119854089 ] } },
{ "type": "Feature", "properties": { "barrio": "JOSE IGNACIO DIAZ SECCION 3", "poblacion": 11876.0, "hogares": 3006.0, "nbi": 474.0, "pct_nbi": 15.77, "escuelas_total": 6, "escuelas_estatales": 6, "escuelas_privadas": 0, "dispensarios_municipales": 1, "paradas_colectivo": 8, "lineas_colectivo": 3, "luminarias_reportes": 118, "comisarias": 1, "centros_vecinales": 0, "hogares_por_poblacion": 0.253, "poblacion_log": 9.382, "pct_escuelas_privadas": 0.0, "escuelas_por_1000_hab": 0.51, "dispensarios_por_10000_hab": 0.84, "comisarias_por_10000_hab": 0.84, "paradas_por_1000_hab": 0.67, "centros_vecinales_por_10000_hab": 0.0, "tiene_escuela": 1, "tiene_dispensario": 1, "tiene_comisaria": 1, "tiene_transporte": 1, "infraestructura_score": 0.1357, "area_barrio_km2": 2.75, "densidad_poblacional": 4318.55, "densidad_hogares": 1093.09, "infraestructura_por_km2": 0.049, "educacion_ratio_publico_privado": 7.0, "cluster_barrio": 2, "cluster_descripcion": "Tipo C (Infr 0.16 - NBI 14.4%)", "categoria_infraestructura": "Baja", "tooltip_barrio": "<b>JOSE IGNACIO DIAZ SECCION 3</b><br>Pob: 11876.0<br>Score: 0.14 (Baja)", "servicios_basicos_score": 1.0, "infraestructura_por_habitante": 0.1143, "ranking_infraestructura": 309, "percentil_infraestructura": 37.7 }, "geometry": { "type": "Point", "coordinates": [ -64.132274731737709, -31.451379751202701 ] } },
{ "type": "Feature", "properties": { "barrio": "JUAN B JUSTO", "poblacion": 3088.0, "hogares": 813.0, "nbi": 24.0, "pct_nbi": 2.95, "escuelas_total": 1, "escuelas_estatales": 1, "escuelas_privadas": 0, "dispensarios_municipales": 0, "paradas_colectivo": 8, "lineas_colectivo": 3, "luminarias_reportes": 22, "comisarias": 0, "centros_vecinales": 1, "hogares_por_poblacion": 0.263, "poblacion_log": 8.036, "pct_escuelas_privadas": 0.0, "escuelas_por_1000_hab": 0.32, "dispensarios_por_10000_hab": 0.0, "comisarias_por_10000_hab": 0.0, "paradas_por_1000_hab": 2.59, "centros_vecinales_por_10000_hab": 3.24, "tiene_escuela": 1, "tiene_dispensario": 0, "tiene_comisaria": 0, "tiene_transporte": 1, "infraestructura_score": 0.0702, "area_barrio_km2": 0.44, "densidad_poblacional": 7018.18, "densidad_hogares": 1847.73, "infraestructura_por_km2": 0.16, "educacion_ratio_publico_privado": 2.0, "cluster_barrio": 1, "cluster_descripcion": "Tipo B (Infr 0.14 - NBI 3.0%)", "categoria_infraestructura": "Muy Baja", "tooltip_barrio": "<b>JUAN B JUSTO</b><br>Pob: 3088.0<br>Score: 0.07 (Muy Baja)", "servicios_basicos_score": 0.67, "infraestructura_por_habitante": 0.2273, "ranking_infraestructura": 418, "percentil_infraestructura": 15.6 }, "geometry": { "type": "Point", "coordinates": [ -64.181551189376506, -31.359664403448701 ] } },
{ "type": "Feature", "properties": { "barrio": "JUAN XXIII", "poblacion": 977.0, "hogares": 308.0, "nbi": 2.0, "pct_nbi": 0.65, "escuelas_total": 0, "escuelas_estatales": 0, "escuelas_privadas": 0, "dispensarios_municipales": 0, "paradas_colectivo": 15, "lineas_colectivo": 5, "luminarias_reportes": 70, "comisarias": 0, "centros_vecinales": 1, "hogares_por_poblacion": 0.315, "poblacion_log": 6.886, "pct_escuelas_privadas": 0.0, "escuelas_por_1000_hab": 0.0, "dispensarios_por_10000_hab": 0.0, "comisarias_por_10000_hab": 0.0, "paradas_por_1000_hab": 15.35, "centros_vecinales_por_10000_hab": 10.24, "tiene_escuela": 0, "tiene_dispensario": 0, "tiene_comisaria": 0, "tiene_transporte": 1, "infraestructura_score": 0.2843, "area_barrio_km2": 0.13, "densidad_poblacional": 7515.38, "densidad_hogares": 2369.23, "infraestructura_por_km2": 2.187, "educacion_ratio_publico_privado": 1.0, "cluster_barrio": 3, "cluster_descripcion": "Tipo D (Infr 0.40 - NBI 2.8%)", "categoria_infraestructura": "Alta", "tooltip_barrio": "<b>JUAN XXIII</b><br>Pob: 977.0<br>Score: 0.28 (Alta)", "servicios_basicos_score": 0.33, "infraestructura_por_habitante": 2.9099, "ranking_infraestructura": 146, "percentil_infraestructura": 70.6 }, "geometry": { "type": "Point", "coordinates": [ -64.224871196558993, -31.420515602471699 ] } },
{ "type": "Feature", "properties": { "barrio": "JUNIORS", "poblacion": 6521.0, "hogares": 2409.0, "nbi": 19.0, "pct_nbi": 0.79, "escuelas_total": 7, "escuelas_estatales": 6, "escuelas_privadas": 1, "dispensarios_municipales": 0, "paradas_colectivo": 18, "lineas_colectivo": 5, "luminarias_reportes": 88, "comisarias": 0, "centros_vecinales": 1, "hogares_por_poblacion": 0.369, "poblacion_log": 8.783, "pct_escuelas_privadas": 0.143, "escuelas_por_1000_hab": 1.07, "dispensarios_por_10000_hab": 0.0, "comisarias_por_10000_hab": 0.0, "paradas_por_1000_hab": 2.76, "centros_vecinales_por_10000_hab": 1.53, "tiene_escuela": 1, "tiene_dispensario": 0, "tiene_comisaria": 0, "tiene_transporte": 1, "infraestructura_score": 0.1254, "area_barrio_km2": 0.93, "densidad_poblacional": 7011.83, "densidad_hogares": 2590.32, "infraestructura_por_km2": 0.135, "educacion_ratio_publico_privado": 3.5, "cluster_barrio": 1, "cluster_descripcion": "Tipo B (Infr 0.14 - NBI 3.0%)", "categoria_infraestructura": "Baja", "tooltip_barrio": "<b>JUNIORS</b><br>Pob: 6521.0<br>Score: 0.13 (Baja)", "servicios_basicos_score": 0.67, "infraestructura_por_habitante": 0.1923, "ranking_infraestructura": 323, "percentil_infraestructura": 34.8 }, "geometry": { "type": "Point", "coordinates": [ -64.165308207835196, -31.4192717920482 ] } },
{ "type": "Feature", "properties": { "barrio": "KAIROS", "poblacion": 826.0, "hogares": 200.0, "nbi": 23.0, "pct_nbi": 11.5, "escuelas_total": 0, "escuelas_estatales": 0, "escuelas_privadas": 0, "dispensarios_municipales": 1, "paradas_colectivo": 7, "lineas_colectivo": 1, "luminarias_reportes": 18, "comisarias": 0, "centros_vecinales": 2, "hogares_por_poblacion": 0.242, "poblacion_log": 6.718, "pct_escuelas_privadas": 0.0, "escuelas_por_1000_hab": 0.0, "dispensarios_por_10000_hab": 6.657, "comisarias_por_10000_hab": 0.0, "paradas_por_1000_hab": 8.47, "centros_vecinales_por_10000_hab": 24.21, "tiene_escuela": 0, "tiene_dispensario": 1, "tiene_comisaria": 0, "tiene_transporte": 1, "infraestructura_score": 0.3791, "area_barrio_km2": 0.06, "densidad_poblacional": 13766.67, "densidad_hogares": 3333.33, "infraestructura_por_km2": 6.318, "educacion_ratio_publico_privado": 1.0, "cluster_barrio": 2, "cluster_descripcion": "Tipo C (Infr 0.16 - NBI 14.4%)", "categoria_infraestructura": "Muy Alta", "tooltip_barrio": "<b>KAIROS</b><br>Pob: 826.0<br>Score: 0.38 (Muy Alta)", "servicios_basicos_score": 0.67, "infraestructura_por_habitante": 4.5896, "ranking_infraestructura": 87, "percentil_infraestructura": 82.6 }, "geometry": { "type": "Point", "coordinates": [ -64.249717310439806, -31.482680219511799 ] } },
{ "type": "Feature", "properties": { "barrio": "KENNEDY", "poblacion": 1074.0, "hogares": 326.0, "nbi": 8.0, "pct_nbi": 2.45, "escuelas_total": 3, "escuelas_estatales": 3, "escuelas_privadas": 0, "dispensarios_municipales": 0, "paradas_colectivo": 2, "lineas_colectivo": 1, "luminarias_reportes": 119, "comisarias": 0, "centros_vecinales": 0, "hogares_por_poblacion": 0.304, "poblacion_log": 6.98, "pct_escuelas_privadas": 0.0, "escuelas_por_1000_hab": 2.79, "dispensarios_por_10000_hab": 0.0, "comisarias_por_10000_hab": 0.0, "paradas_por_1000_hab": 1.86, "centros_vecinales_por_10000_hab": 0.0, "tiene_escuela": 1, "tiene_dispensario": 0, "tiene_comisaria": 0, "tiene_transporte": 1, "infraestructura_score": 0.2281, "area_barrio_km2": 0.11, "densidad_poblacional": 9763.64, "densidad_hogares": 2963.64, "infraestructura_por_km2": 2.074, "educacion_ratio_publico_privado": 4.0, "cluster_barrio": 1, "cluster_descripcion": "Tipo B (Infr 0.14 - NBI 3.0%)", "categoria_infraestructura": "Alta", "tooltip_barrio": "<b>KENNEDY</b><br>Pob: 1074.0<br>Score: 0.23 (Alta)", "servicios_basicos_score": 0.67, "infraestructura_por_habitante": 2.1238, "ranking_infraestructura": 191, "percentil_infraestructura": 61.5 }, "geometry": { "type": "Point", "coordinates": [ -64.191107152072206, -31.4580417689364 ] } },
{ "type": "Feature", "properties": { "barrio": "LA CAROLINA", "poblacion": 700.0, "hogares": 200.0, "nbi": 0.0, "pct_nbi": 0.0, "escuelas_total": 2, "escuelas_estatales": 2, "escuelas_privadas": 0, "dispensarios_municipales": 0, "paradas_colectivo": 0, "lineas_colectivo": 0, "luminarias_reportes": 5, "comisarias": 0, "centros_vecinales": 1, "hogares_por_poblacion": 0.286, "poblacion_log": 6.553, "pct_escuelas_privadas": 0.0, "escuelas_por_1000_hab": 2.86, "dispensarios_por_10000_hab": 0.0, "comisarias_por_10000_hab": 0.0, "paradas_por_1000_hab": 0.0, "centros_vecinales_por_10000_hab": 14.29, "tiene_escuela": 1, "tiene_dispensario": 0, "tiene_comisaria": 0, "tiene_transporte": 0, "infraestructura_score": 0.1985, "area_barrio_km2": 0.81, "densidad_poblacional": 864.2, "densidad_hogares": 246.91, "infraestructura_por_km2": 0.245, "educacion_ratio_publico_privado": 3.0, "cluster_barrio": 1, "cluster_descripcion": "Tipo B (Infr 0.14 - NBI 3.0%)", "categoria_infraestructura": "Media", "tooltip_barrio": "<b>LA CAROLINA</b><br>Pob: 700.0<br>Score: 0.20 (Media)", "servicios_basicos_score": 0.33, "infraestructura_por_habitante": 2.8357, "ranking_infraestructura": 223, "percentil_infraestructura": 55.1 }, "geometry": { "type": "Point", "coordinates": [ -64.286202023493402, -31.352759985372 ] } },
{ "type": "Feature", "properties": { "barrio": "LA DOROTEA", "poblacion": 526.0, "hogares": 200.0, "nbi": 16.0, "pct_nbi": 8.0, "escuelas_total": 1, "escuelas_estatales": 1, "escuelas_privadas": 0, "dispensarios_municipales": 0, "paradas_colectivo": 3, "lineas_colectivo": 1, "luminarias_reportes": 0, "comisarias": 0, "centros_vecinales": 0, "hogares_por_poblacion": 0.38, "poblacion_log": 6.267, "pct_escuelas_privadas": 0.0, "escuelas_por_1000_hab": 1.9, "dispensarios_por_10000_hab": 0.0, "comisarias_por_10000_hab": 0.0, "paradas_por_1000_hab": 5.7, "centros_vecinales_por_10000_hab": 0.0, "tiene_escuela": 1, "tiene_dispensario": 0, "tiene_comisaria": 0, "tiene_transporte": 1, "infraestructura_score": 0.2374, "area_barrio_km2": 0.06, "densidad_poblacional": 8766.67, "densidad_hogares": 3333.33, "infraestructura_por_km2": 3.957, "educacion_ratio_publico_privado": 2.0, "cluster_barrio": 1, "cluster_descripcion": "Tipo B (Infr 0.14 - NBI 3.0%)", "categoria_infraestructura": "Alta", "tooltip_barrio": "<b>LA DOROTEA</b><br>Pob: 526.0<br>Score: 0.24 (Alta)", "servicios_basicos_score": 0.67, "infraestructura_por_habitante": 4.5133, "ranking_infraestructura": 182, "percentil_infraestructura": 63.4 }, "geometry": { "type": "Point", "coordinates": [ -64.1116311003492, -31.378828630782799 ] } },
{ "type": "Feature", "properties": { "barrio": "LA ESPERANZA", "poblacion": 500.0, "hogares": 200.0, "nbi": 1.0, "pct_nbi": 0.5, "escuelas_total": 0, "escuelas_estatales": 0, "escuelas_privadas": 0, "dispensarios_municipales": 0, "paradas_colectivo": 8, "lineas_colectivo": 3, "luminarias_reportes": 6, "comisarias": 0, "centros_vecinales": 0, "hogares_por_poblacion": 0.4, "poblacion_log": 6.217, "pct_escuelas_privadas": 0.0, "escuelas_por_1000_hab": 0.0, "dispensarios_por_10000_hab": 0.0, "comisarias_por_10000_hab": 0.0, "paradas_por_1000_hab": 16.0, "centros_vecinales_por_10000_hab": 0.0, "tiene_escuela": 0, "tiene_dispensario": 0, "tiene_comisaria": 0, "tiene_transporte": 1, "infraestructura_score": 0.2963, "area_barrio_km2": 0.03, "densidad_poblacional": 16666.67, "densidad_hogares": 6666.67, "infraestructura_por_km2": 9.877, "educacion_ratio_publico_privado": 1.0, "cluster_barrio": 3, "cluster_descripcion": "Tipo D (Infr 0.40 - NBI 2.8%)", "categoria_infraestructura": "Alta", "tooltip_barrio": "<b>LA ESPERANZA</b><br>Pob: 500.0<br>Score: 0.30 (Alta)", "servicios_basicos_score": 0.33, "infraestructura_por_habitante": 5.926, "ranking_infraestructura": 132, "percentil_infraestructura": 73.1 }, "geometry": { "type": "Point", "coordinates": [ -64.2421336446981, -31.4838140058101 ] } },
{ "type": "Feature", "properties": { "barrio": "LA FLORESTA", "poblacion": 1590.0, "hogares": 366.0, "nbi": 72.0, "pct_nbi": 19.67, "escuelas_total": 2, "escuelas_estatales": 2, "escuelas_privadas": 0, "dispensarios_municipales": 0, "paradas_colectivo": 3, "lineas_colectivo": 1, "luminarias_reportes": 193, "comisarias": 0, "centros_vecinales": 2, "hogares_por_poblacion": 0.23, "poblacion_log": 7.372, "pct_escuelas_privadas": 0.0, "escuelas_por_1000_hab": 1.26, "dispensarios_por_10000_hab": 0.0, "comisarias_por_10000_hab": 0.0, "paradas_por_1000_hab": 1.89, "centros_vecinales_por_10000_hab": 12.58, "tiene_escuela": 1, "tiene_dispensario": 0, "tiene_comisaria": 0, "tiene_transporte": 1, "infraestructura_score": 0.1224, "area_barrio_km2": 1.26, "densidad_poblacional": 1261.9, "densidad_hogares": 290.48, "infraestructura_por_km2": 0.097, "educacion_ratio_publico_privado": 3.0, "cluster_barrio": 2, "cluster_descripcion": "Tipo C (Infr 0.16 - NBI 14.4%)", "categoria_infraestructura": "Baja", "tooltip_barrio": "<b>LA FLORESTA</b><br>Pob: 1590.0<br>Score: 0.12 (Baja)", "servicios_basicos_score": 0.67, "infraestructura_por_habitante": 0.7698, "ranking_infraestructura": 325, "percentil_infraestructura": 34.1 }, "geometry": { "type": "Point", "coordinates": [ -64.058429069502097, -31.3892085271405 ] } },
{ "type": "Feature", "properties": { "barrio": "LA FRANCE", "poblacion": 3218.0, "hogares": 1016.0, "nbi": 30.0, "pct_nbi": 2.95, "escuelas_total": 8, "escuelas_estatales": 5, "escuelas_privadas": 3, "dispensarios_municipales": 0, "paradas_colectivo": 17, "lineas_colectivo": 8, "luminarias_reportes": 213, "comisarias": 1, "centros_vecinales": 1, "hogares_por_poblacion": 0.316, "poblacion_log": 8.077, "pct_escuelas_privadas": 0.375, "escuelas_por_1000_hab": 2.49, "dispensarios_por_10000_hab": 0.0, "comisarias_por_10000_hab": 1.5585, "paradas_por_1000_hab": 5.28, "centros_vecinales_por_10000_hab": 3.11, "tiene_escuela": 1, "tiene_dispensario": 0, "tiene_comisaria": 1, "tiene_transporte": 1, "infraestructura_score": 0.3817, "area_barrio_km2": 0.3, "densidad_poblacional": 10726.67, "densidad_hogares": 3386.67, "infraestructura_por_km2": 1.272, "educacion_ratio_publico_privado": 1.5, "cluster_barrio": 1, "cluster_descripcion": "Tipo B (Infr 0.14 - NBI 3.0%)", "categoria_infraestructura": "Muy Alta", "tooltip_barrio": "<b>LA FRANCE</b><br>Pob: 3218.0<br>Score: 0.38 (Muy Alta)", "servicios_basicos_score": 0.67, "infraestructura_por_habitante": 1.1861, "ranking_infraestructura": 86, "percentil_infraestructura": 82.8 }, "geometry": { "type": "Point", "coordinates": [ -64.208593867613203, -31.373065947038 ] } },
{ "type": "Feature", "properties": { "barrio": "LA FRATERNIDAD", "poblacion": 500.0, "hogares": 200.0, "nbi": 5.0, "pct_nbi": 2.5, "escuelas_total": 1, "escuelas_estatales": 1, "escuelas_privadas": 0, "dispensarios_municipales": 0, "paradas_colectivo": 25, "lineas_colectivo": 8, "luminarias_reportes": 51, "comisarias": 0, "centros_vecinales": 2, "hogares_por_poblacion": 0.4, "poblacion_log": 6.217, "pct_escuelas_privadas": 0.0, "escuelas_por_1000_hab": 2.0, "dispensarios_por_10000_hab": 0.0, "comisarias_por_10000_hab": 0.0, "paradas_por_1000_hab": 24.0, "centros_vecinales_por_10000_hab": 40.0, "tiene_escuela": 1, "tiene_dispensario": 0, "tiene_comisaria": 0, "tiene_transporte": 1, "infraestructura_score": 0.5832, "area_barrio_km2": 0.06, "densidad_poblacional": 8333.33, "densidad_hogares": 3333.33, "infraestructura_por_km2": 9.72, "educacion_ratio_publico_privado": 2.0, "cluster_barrio": 3, "cluster_descripcion": "Tipo D (Infr 0.40 - NBI 2.8%)", "categoria_infraestructura": "Muy Alta", "tooltip_barrio": "<b>LA FRATERNIDAD</b><br>Pob: 500.0<br>Score: 0.58 (Muy Alta)", "servicios_basicos_score": 0.67, "infraestructura_por_habitante": 11.664, "ranking_infraestructura": 32, "percentil_infraestructura": 93.6 }, "geometry": { "type": "Point", "coordinates": [ -64.183960741754703, -31.376857778827102 ] } },
{ "type": "Feature", "properties": { "barrio": "LA HORTENSIA", "poblacion": 1423.0, "hogares": 371.0, "nbi": 29.0, "pct_nbi": 7.82, "escuelas_total": 0, "escuelas_estatales": 0, "escuelas_privadas": 0, "dispensarios_municipales": 0, "paradas_colectivo": 1, "lineas_colectivo": 1, "luminarias_reportes": 240, "comisarias": 0, "centros_vecinales": 0, "hogares_por_poblacion": 0.261, "poblacion_log": 7.261, "pct_escuelas_privadas": 0.0, "escuelas_por_1000_hab": 0.0, "dispensarios_por_10000_hab": 0.0, "comisarias_por_10000_hab": 0.0, "paradas_por_1000_hab": 0.7, "centros_vecinales_por_10000_hab": 0.0, "tiene_escuela": 0, "tiene_dispensario": 0, "tiene_comisaria": 0, "tiene_transporte": 1, "infraestructura_score": 0.013, "area_barrio_km2": 0.3, "densidad_poblacional": 4743.33, "densidad_hogares": 1236.67, "infraestructura_por_km2": 0.043, "educacion_ratio_publico_privado": 1.0, "cluster_barrio": 1, "cluster_descripcion": "Tipo B (Infr 0.14 - NBI 3.0%)", "categoria_infraestructura": "Muy Baja", "tooltip_barrio": "<b>LA HORTENSIA</b><br>Pob: 1423.0<br>Score: 0.01 (Muy Baja)", "servicios_basicos_score": 0.33, "infraestructura_por_habitante": 0.0914, "ranking_infraestructura": 465, "percentil_infraestructura": 6.1 }, "geometry": { "type": "Point", "coordinates": [ -64.139948474011305, -31.384397950571401 ] } },
{ "type": "Feature", "properties": { "barrio": "LA SALLE", "poblacion": 707.0, "hogares": 210.0, "nbi": 3.0, "pct_nbi": 1.43, "escuelas_total": 2, "escuelas_estatales": 2, "escuelas_privadas": 0, "dispensarios_municipales": 1, "paradas_colectivo": 11, "lineas_colectivo": 4, "luminarias_reportes": 4, "comisarias": 0, "centros_vecinales": 0, "hogares_por_poblacion": 0.297, "poblacion_log": 6.562, "pct_escuelas_privadas": 0.0, "escuelas_por_1000_hab": 2.83, "dispensarios_por_10000_hab": 6.657, "comisarias_por_10000_hab": 0.0, "paradas_por_1000_hab": 15.56, "centros_vecinales_por_10000_hab": 0.0, "tiene_escuela": 1, "tiene_dispensario": 1, "tiene_comisaria": 0, "tiene_transporte": 1, "infraestructura_score": 0.7068, "area_barrio_km2": 0.15, "densidad_poblacional": 4713.33, "densidad_hogares": 1400.0, "infraestructura_por_km2": 4.712, "educacion_ratio_publico_privado": 3.0, "cluster_barrio": 0, "cluster_descripcion": "Tipo A (Infr 0.57 - NBI 4.5%)", "categoria_infraestructura": "Muy Alta", "tooltip_barrio": "<b>LA SALLE</b><br>Pob: 707.0<br>Score: 0.71 (Muy Alta)", "servicios_basicos_score": 1.0, "infraestructura_por_habitante": 9.9972, "ranking_infraestructura": 15, "percentil_infraestructura": 97.2 }, "geometry": { "type": "Point", "coordinates": [ -64.275515246264007, -31.345477818391501 ] } },
{ "type": "Feature", "properties": { "barrio": "LA TOMA", "poblacion": 500.0, "hogares": 200.0, "nbi": 18.0, "pct_nbi": 9.0, "escuelas_total": 0, "escuelas_estatales": 0, "escuelas_privadas": 0, "dispensarios_municipales": 1, "paradas_colectivo": 0, "lineas_colectivo": 0, "luminarias_reportes": 5, "comisarias": 0, "centros_vecinales": 2, "hogares_por_poblacion": 0.4, "poblacion_log": 6.217, "pct_escuelas_privadas": 0.0, "escuelas_por_1000_hab": 0.0, "dispensarios_por_10000_hab": 6.657, "comisarias_por_10000_hab": 0.0, "paradas_por_1000_hab": 0.0, "centros_vecinales_por_10000_hab": 40.0, "tiene_escuela": 0, "tiene_dispensario": 1, "tiene_comisaria": 0, "tiene_transporte": 0, "infraestructura_score": 0.2222, "area_barrio_km2": 0.14, "densidad_poblacional": 3571.43, "densidad_hogares": 1428.57, "infraestructura_por_km2": 1.587, "educacion_ratio_publico_privado": 1.0, "cluster_barrio": 1, "cluster_descripcion": "Tipo B (Infr 0.14 - NBI 3.0%)", "categoria_infraestructura": "Alta", "tooltip_barrio": "<b>LA TOMA</b><br>Pob: 500.0<br>Score: 0.22 (Alta)", "servicios_basicos_score": 0.33, "infraestructura_por_habitante": 4.444, "ranking_infraestructura": 197, "percentil_infraestructura": 59.9 }, "geometry": { "type": "Point", "coordinates": [ -64.261844975413794, -31.4051127349579 ] } },
{ "type": "Feature", "properties": { "barrio": "LAMADRID", "poblacion": 2346.0, "hogares": 666.0, "nbi": 32.0, "pct_nbi": 4.8, "escuelas_total": 0, "escuelas_estatales": 0, "escuelas_privadas": 0, "dispensarios_municipales": 1, "paradas_colectivo": 7, "lineas_colectivo": 1, "luminarias_reportes": 12, "comisarias": 0, "centros_vecinales": 1, "hogares_por_poblacion": 0.284, "poblacion_log": 7.761, "pct_escuelas_privadas": 0.0, "escuelas_por_1000_hab": 0.0, "dispensarios_por_10000_hab": 4.26, "comisarias_por_10000_hab": 0.0, "paradas_por_1000_hab": 2.98, "centros_vecinales_por_10000_hab": 4.26, "tiene_escuela": 0, "tiene_dispensario": 1, "tiene_comisaria": 0, "tiene_transporte": 1, "infraestructura_score": 0.1974, "area_barrio_km2": 0.28, "densidad_poblacional": 8378.57, "densidad_hogares": 2378.57, "infraestructura_por_km2": 0.705, "educacion_ratio_publico_privado": 1.0, "cluster_barrio": 1, "cluster_descripcion": "Tipo B (Infr 0.14 - NBI 3.0%)", "categoria_infraestructura": "Media", "tooltip_barrio": "<b>LAMADRID</b><br>Pob: 2346.0<br>Score: 0.20 (Media)", "servicios_basicos_score": 0.67, "infraestructura_por_habitante": 0.8414, "ranking_infraestructura": 224, "percentil_infraestructura": 54.8 }, "geometry": { "type": "Point", "coordinates": [ -64.234560072184806, -31.414254225410399 ] } },
{ "type": "Feature", "properties": { "barrio": "LAS CANITAS", "poblacion": 500.0, "hogares": 200.0, "nbi": 0.0, "pct_nbi": 0.0, "escuelas_total": 0, "escuelas_estatales": 0, "escuelas_privadas": 0, "dispensarios_municipales": 0, "paradas_colectivo": 1, "lineas_colectivo": 2, "luminarias_reportes": 0, "comisarias": 0, "centros_vecinales": 0, "hogares_por_poblacion": 0.4, "poblacion_log": 6.217, "pct_escuelas_privadas": 0.0, "escuelas_por_1000_hab": 0.0, "dispensarios_por_10000_hab": 0.0, "comisarias_por_10000_hab": 0.0, "paradas_por_1000_hab": 2.0, "centros_vecinales_por_10000_hab": 0.0, "tiene_escuela": 0, "tiene_dispensario": 0, "tiene_comisaria": 0, "tiene_transporte": 1, "infraestructura_score": 0.037, "area_barrio_km2": 0.1, "densidad_poblacional": 5000.0, "densidad_hogares": 2000.0, "infraestructura_por_km2": 0.37, "educacion_ratio_publico_privado": 1.0, "cluster_barrio": 1, "cluster_descripcion": "Tipo B (Infr 0.14 - NBI 3.0%)", "categoria_infraestructura": "Muy Baja", "tooltip_barrio": "<b>LAS CANITAS</b><br>Pob: 500.0<br>Score: 0.04 (Muy Baja)", "servicios_basicos_score": 0.33, "infraestructura_por_habitante": 0.74, "ranking_infraestructura": 447, "percentil_infraestructura": 9.2 }, "geometry": { "type": "Point", "coordinates": [ -64.189132214288193, -31.465078409608399 ] } },
{ "type": "Feature", "properties": { "barrio": "LAS CANUELAS", "poblacion": 500.0, "hogares": 200.0, "nbi": 0.0, "pct_nbi": 0.0, "escuelas_total": 0, "escuelas_estatales": 0, "escuelas_privadas": 0, "dispensarios_municipales": 0, "paradas_colectivo": 0, "lineas_colectivo": 0, "luminarias_reportes": 0, "comisarias": 0, "centros_vecinales": 0, "hogares_por_poblacion": 0.4, "poblacion_log": 6.217, "pct_escuelas_privadas": 0.0, "escuelas_por_1000_hab": 0.0, "dispensarios_por_10000_hab": 0.0, "comisarias_por_10000_hab": 0.0, "paradas_por_1000_hab": 0.0, "centros_vecinales_por_10000_hab": 0.0, "tiene_escuela": 0, "tiene_dispensario": 0, "tiene_comisaria": 0, "tiene_transporte": 0, "infraestructura_score": 0.0, "area_barrio_km2": 0.64, "densidad_poblacional": 781.25, "densidad_hogares": 312.5, "infraestructura_por_km2": 0.0, "educacion_ratio_publico_privado": 1.0, "cluster_barrio": 1, "cluster_descripcion": "Tipo B (Infr 0.14 - NBI 3.0%)", "categoria_infraestructura": "Muy Baja", "tooltip_barrio": "<b>LAS CANUELAS</b><br>Pob: 500.0<br>Score: 0.00 (Muy Baja)", "servicios_basicos_score": 0.0, "infraestructura_por_habitante": 0.0, "ranking_infraestructura": 469, "percentil_infraestructura": 2.7 }, "geometry": { "type": "Point", "coordinates": [ -64.154596359611205, -31.475993631788999 ] } },
{ "type": "Feature", "properties": { "barrio": "LAS CORTADERAS", "poblacion": 500.0, "hogares": 200.0, "nbi": 18.0, "pct_nbi": 9.0, "escuelas_total": 1, "escuelas_estatales": 1, "escuelas_privadas": 0, "dispensarios_municipales": 1, "paradas_colectivo": 24, "lineas_colectivo": 3, "luminarias_reportes": 0, "comisarias": 0, "centros_vecinales": 0, "hogares_por_poblacion": 0.4, "poblacion_log": 6.217, "pct_escuelas_privadas": 0.0, "escuelas_por_1000_hab": 2.0, "dispensarios_por_10000_hab": 6.657, "comisarias_por_10000_hab": 0.0, "paradas_por_1000_hab": 24.0, "centros_vecinales_por_10000_hab": 0.0, "tiene_escuela": 1, "tiene_dispensario": 1, "tiene_comisaria": 0, "tiene_transporte": 1, "infraestructura_score": 0.8055, "area_barrio_km2": 0.04, "densidad_poblacional": 12500.0, "densidad_hogares": 5000.0, "infraestructura_por_km2": 20.138, "educacion_ratio_publico_privado": 2.0, "cluster_barrio": 3, "cluster_descripcion": "Tipo D (Infr 0.40 - NBI 2.8%)", "categoria_infraestructura": "Muy Alta", "tooltip_barrio": "<b>LAS CORTADERAS</b><br>Pob: 500.0<br>Score: 0.81 (Muy Alta)", "servicios_basicos_score": 1.0, "infraestructura_por_habitante": 16.11, "ranking_infraestructura": 5, "percentil_infraestructura": 99.2 }, "geometry": { "type": "Point", "coordinates": [ -64.229590962206998, -31.331589253103498 ] } },
{ "type": "Feature", "properties": { "barrio": "LAS DALIAS", "poblacion": 649.0, "hogares": 200.0, "nbi": 7.0, "pct_nbi": 3.5, "escuelas_total": 0, "escuelas_estatales": 0, "escuelas_privadas": 0, "dispensarios_municipales": 0, "paradas_colectivo": 5, "lineas_colectivo": 2, "luminarias_reportes": 46, "comisarias": 0, "centros_vecinales": 1, "hogares_por_poblacion": 0.308, "poblacion_log": 6.477, "pct_escuelas_privadas": 0.0, "escuelas_por_1000_hab": 0.0, "dispensarios_por_10000_hab": 0.0, "comisarias_por_10000_hab": 0.0, "paradas_por_1000_hab": 7.7, "centros_vecinales_por_10000_hab": 15.41, "tiene_escuela": 0, "tiene_dispensario": 0, "tiene_comisaria": 0, "tiene_transporte": 1, "infraestructura_score": 0.1426, "area_barrio_km2": 0.08, "densidad_poblacional": 8112.5, "densidad_hogares": 2500.0, "infraestructura_por_km2": 1.782, "educacion_ratio_publico_privado": 1.0, "cluster_barrio": 1, "cluster_descripcion": "Tipo B (Infr 0.14 - NBI 3.0%)", "categoria_infraestructura": "Baja", "tooltip_barrio": "<b>LAS DALIAS</b><br>Pob: 649.0<br>Score: 0.14 (Baja)", "servicios_basicos_score": 0.33, "infraestructura_por_habitante": 2.1972, "ranking_infraestructura": 303, "percentil_infraestructura": 38.9 }, "geometry": { "type": "Point", "coordinates": [ -64.237297768407103, -31.4096984739965 ] } },
{ "type": "Feature", "properties": { "barrio": "LAS FLORES", "poblacion": 4037.0, "hogares": 1284.0, "nbi": 39.0, "pct_nbi": 3.04, "escuelas_total": 8, "escuelas_estatales": 5, "escuelas_privadas": 3, "dispensarios_municipales": 0, "paradas_colectivo": 21, "lineas_colectivo": 13, "luminarias_reportes": 325, "comisarias": 0, "centros_vecinales": 0, "hogares_por_poblacion": 0.318, "poblacion_log": 8.304, "pct_escuelas_privadas": 0.375, "escuelas_por_1000_hab": 1.98, "dispensarios_por_10000_hab": 0.0, "comisarias_por_10000_hab": 0.0, "paradas_por_1000_hab": 5.2, "centros_vecinales_por_10000_hab": 0.0, "tiene_escuela": 1, "tiene_dispensario": 0, "tiene_comisaria": 0, "tiene_transporte": 1, "infraestructura_score": 0.2337, "area_barrio_km2": 0.71, "densidad_poblacional": 5685.92, "densidad_hogares": 1808.45, "infraestructura_por_km2": 0.329, "educacion_ratio_publico_privado": 1.5, "cluster_barrio": 1, "cluster_descripcion": "Tipo B (Infr 0.14 - NBI 3.0%)", "categoria_infraestructura": "Alta", "tooltip_barrio": "<b>LAS FLORES</b><br>Pob: 4037.0<br>Score: 0.23 (Alta)", "servicios_basicos_score": 0.67, "infraestructura_por_habitante": 0.5789, "ranking_infraestructura": 185, "percentil_infraestructura": 62.8 }, "geometry": { "type": "Point", "coordinates": [ -64.197192719419704, -31.4500092193326 ] } },
{ "type": "Feature", "properties": { "barrio": "LAS HUERTILLAS", "poblacion": 1133.0, "hogares": 278.0, "nbi": 27.0, "pct_nbi": 9.71, "escuelas_total": 1, "escuelas_estatales": 1, "escuelas_privadas": 0, "dispensarios_municipales": 0, "paradas_colectivo": 1, "lineas_colectivo": 1, "luminarias_reportes": 7, "comisarias": 0, "centros_vecinales": 2, "hogares_por_poblacion": 0.245, "poblacion_log": 7.034, "pct_escuelas_privadas": 0.0, "escuelas_por_1000_hab": 0.88, "dispensarios_por_10000_hab": 0.0, "comisarias_por_10000_hab": 0.0, "paradas_por_1000_hab": 0.88, "centros_vecinales_por_10000_hab": 17.65, "tiene_escuela": 1, "tiene_dispensario": 0, "tiene_comisaria": 0, "tiene_transporte": 1, "infraestructura_score": 0.0774, "area_barrio_km2": 1.02, "densidad_poblacional": 1110.78, "densidad_hogares": 272.55, "infraestructura_por_km2": 0.076, "educacion_ratio_publico_privado": 2.0, "cluster_barrio": 1, "cluster_descripcion": "Tipo B (Infr 0.14 - NBI 3.0%)", "categoria_infraestructura": "Muy Baja", "tooltip_barrio": "<b>LAS HUERTILLAS</b><br>Pob: 1133.0<br>Score: 0.08 (Muy Baja)", "servicios_basicos_score": 0.67, "infraestructura_por_habitante": 0.6831, "ranking_infraestructura": 401, "percentil_infraestructura": 19.0 }, "geometry": { "type": "Point", "coordinates": [ -64.196333901865003, -31.4711647618496 ] } },
{ "type": "Feature", "properties": { "barrio": "LAS LILAS", "poblacion": 2237.0, "hogares": 550.0, "nbi": 56.0, "pct_nbi": 10.18, "escuelas_total": 2, "escuelas_estatales": 2, "escuelas_privadas": 0, "dispensarios_municipales": 1, "paradas_colectivo": 6, "lineas_colectivo": 1, "luminarias_reportes": 52, "comisarias": 0, "centros_vecinales": 1, "hogares_por_poblacion": 0.246, "poblacion_log": 7.713, "pct_escuelas_privadas": 0.0, "escuelas_por_1000_hab": 0.89, "dispensarios_por_10000_hab": 4.47, "comisarias_por_10000_hab": 0.0, "paradas_por_1000_hab": 2.68, "centros_vecinales_por_10000_hab": 4.47, "tiene_escuela": 1, "tiene_dispensario": 1, "tiene_comisaria": 0, "tiene_transporte": 1, "infraestructura_score": 0.2606, "area_barrio_km2": 0.61, "densidad_poblacional": 3667.21, "densidad_hogares": 901.64, "infraestructura_por_km2": 0.427, "educacion_ratio_publico_privado": 3.0, "cluster_barrio": 2, "cluster_descripcion": "Tipo C (Infr 0.16 - NBI 14.4%)", "categoria_infraestructura": "Alta", "tooltip_barrio": "<b>LAS LILAS</b><br>Pob: 2237.0<br>Score: 0.26 (Alta)", "servicios_basicos_score": 1.0, "infraestructura_por_habitante": 1.165, "ranking_infraestructura": 155, "percentil_infraestructura": 68.8 }, "geometry": { "type": "Point", "coordinates": [ -64.131916861512494, -31.4453296898999 ] } },
{ "type": "Feature", "properties": { "barrio": "LAS MAGNOLIAS", "poblacion": 2459.0, "hogares": 767.0, "nbi": 25.0, "pct_nbi": 3.26, "escuelas_total": 0, "escuelas_estatales": 0, "escuelas_privadas": 0, "dispensarios_municipales": 0, "paradas_colectivo": 34, "lineas_colectivo": 8, "luminarias_reportes": 27, "comisarias": 0, "centros_vecinales": 2, "hogares_por_poblacion": 0.312, "poblacion_log": 7.808, "pct_escuelas_privadas": 0.0, "escuelas_por_1000_hab": 0.0, "dispensarios_por_10000_hab": 0.0, "comisarias_por_10000_hab": 0.0, "paradas_por_1000_hab": 13.83, "centros_vecinales_por_10000_hab": 8.13, "tiene_escuela": 0, "tiene_dispensario": 0, "tiene_comisaria": 0, "tiene_transporte": 1, "infraestructura_score": 0.2561, "area_barrio_km2": 0.34, "densidad_poblacional": 7232.35, "densidad_hogares": 2255.88, "infraestructura_por_km2": 0.753, "educacion_ratio_publico_privado": 1.0, "cluster_barrio": 3, "cluster_descripcion": "Tipo D (Infr 0.40 - NBI 2.8%)", "categoria_infraestructura": "Alta", "tooltip_barrio": "<b>LAS MAGNOLIAS</b><br>Pob: 2459.0<br>Score: 0.26 (Alta)", "servicios_basicos_score": 0.33, "infraestructura_por_habitante": 1.0415, "ranking_infraestructura": 159, "percentil_infraestructura": 68.0 }, "geometry": { "type": "Point", "coordinates": [ -64.210238870092894, -31.3678491335932 ] } },
{ "type": "Feature", "properties": { "barrio": "LAS MARGARITAS", "poblacion": 2032.0, "hogares": 644.0, "nbi": 19.0, "pct_nbi": 2.95, "escuelas_total": 2, "escuelas_estatales": 2, "escuelas_privadas": 0, "dispensarios_municipales": 1, "paradas_colectivo": 7, "lineas_colectivo": 7, "luminarias_reportes": 205, "comisarias": 0, "centros_vecinales": 1, "hogares_por_poblacion": 0.317, "poblacion_log": 7.617, "pct_escuelas_privadas": 0.0, "escuelas_por_1000_hab": 0.98, "dispensarios_por_10000_hab": 4.92, "comisarias_por_10000_hab": 0.0, "paradas_por_1000_hab": 3.44, "centros_vecinales_por_10000_hab": 4.92, "tiene_escuela": 1, "tiene_dispensario": 1, "tiene_comisaria": 0, "tiene_transporte": 1, "infraestructura_score": 0.2959, "area_barrio_km2": 0.29, "densidad_poblacional": 7006.9, "densidad_hogares": 2220.69, "infraestructura_por_km2": 1.02, "educacion_ratio_publico_privado": 3.0, "cluster_barrio": 1, "cluster_descripcion": "Tipo B (Infr 0.14 - NBI 3.0%)", "categoria_infraestructura": "Alta", "tooltip_barrio": "<b>LAS MARGARITAS</b><br>Pob: 2032.0<br>Score: 0.30 (Alta)", "servicios_basicos_score": 1.0, "infraestructura_por_habitante": 1.4562, "ranking_infraestructura": 137, "percentil_infraestructura": 72.5 }, "geometry": { "type": "Point", "coordinates": [ -64.209939672718804, -31.3784736934929 ] } },
{ "type": "Feature", "properties": { "barrio": "LAS PALMAS", "poblacion": 6142.0, "hogares": 1993.0, "nbi": 57.0, "pct_nbi": 2.86, "escuelas_total": 13, "escuelas_estatales": 6, "escuelas_privadas": 7, "dispensarios_municipales": 1, "paradas_colectivo": 15, "lineas_colectivo": 4, "luminarias_reportes": 431, "comisarias": 1, "centros_vecinales": 1, "hogares_por_poblacion": 0.324, "poblacion_log": 8.723, "pct_escuelas_privadas": 0.538, "escuelas_por_1000_hab": 2.12, "dispensarios_por_10000_hab": 1.63, "comisarias_por_10000_hab": 1.5585, "paradas_por_1000_hab": 2.44, "centros_vecinales_por_10000_hab": 1.63, "tiene_escuela": 1, "tiene_dispensario": 1, "tiene_comisaria": 1, "tiene_transporte": 1, "infraestructura_score": 0.3578, "area_barrio_km2": 1.05, "densidad_poblacional": 5849.52, "densidad_hogares": 1898.1, "infraestructura_por_km2": 0.341, "educacion_ratio_publico_privado": 0.88, "cluster_barrio": 1, "cluster_descripcion": "Tipo B (Infr 0.14 - NBI 3.0%)", "categoria_infraestructura": "Alta", "tooltip_barrio": "<b>LAS PALMAS</b><br>Pob: 6142.0<br>Score: 0.36 (Alta)", "servicios_basicos_score": 1.0, "infraestructura_por_habitante": 0.5825, "ranking_infraestructura": 100, "percentil_infraestructura": 80.0 }, "geometry": { "type": "Point", "coordinates": [ -64.2392888497874, -31.4039268357349 ] } },
{ "type": "Feature", "properties": { "barrio": "LAS PALMAS ANEXO", "poblacion": 864.0, "hogares": 230.0, "nbi": 3.0, "pct_nbi": 1.3, "escuelas_total": 0, "escuelas_estatales": 0, "escuelas_privadas": 0, "dispensarios_municipales": 0, "paradas_colectivo": 8, "lineas_colectivo": 2, "luminarias_reportes": 0, "comisarias": 0, "centros_vecinales": 0, "hogares_por_poblacion": 0.266, "poblacion_log": 6.763, "pct_escuelas_privadas": 0.0, "escuelas_por_1000_hab": 0.0, "dispensarios_por_10000_hab": 0.0, "comisarias_por_10000_hab": 0.0, "paradas_por_1000_hab": 9.26, "centros_vecinales_por_10000_hab": 0.0, "tiene_escuela": 0, "tiene_dispensario": 0, "tiene_comisaria": 0, "tiene_transporte": 1, "infraestructura_score": 0.1715, "area_barrio_km2": 0.12, "densidad_poblacional": 7200.0, "densidad_hogares": 1916.67, "infraestructura_por_km2": 1.429, "educacion_ratio_publico_privado": 1.0, "cluster_barrio": 1, "cluster_descripcion": "Tipo B (Infr 0.14 - NBI 3.0%)", "categoria_infraestructura": "Media", "tooltip_barrio": "<b>LAS PALMAS ANEXO</b><br>Pob: 864.0<br>Score: 0.17 (Media)", "servicios_basicos_score": 0.33, "infraestructura_por_habitante": 1.985, "ranking_infraestructura": 252, "percentil_infraestructura": 49.2 }, "geometry": { "type": "Point", "coordinates": [ -64.239700723411104, -31.412859285695401 ] } },
{ "type": "Feature", "properties": { "barrio": "LAS PLAYAS", "poblacion": 2869.0, "hogares": 798.0, "nbi": 49.0, "pct_nbi": 6.14, "escuelas_total": 0, "escuelas_estatales": 0, "escuelas_privadas": 0, "dispensarios_municipales": 0, "paradas_colectivo": 3, "lineas_colectivo": 1, "luminarias_reportes": 159, "comisarias": 0, "centros_vecinales": 0, "hogares_por_poblacion": 0.278, "poblacion_log": 7.962, "pct_escuelas_privadas": 0.0, "escuelas_por_1000_hab": 0.0, "dispensarios_por_10000_hab": 0.0, "comisarias_por_10000_hab": 0.0, "paradas_por_1000_hab": 1.05, "centros_vecinales_por_10000_hab": 0.0, "tiene_escuela": 0, "tiene_dispensario": 0, "tiene_comisaria": 0, "tiene_transporte": 1, "infraestructura_score": 0.0194, "area_barrio_km2": 0.31, "densidad_poblacional": 9254.84, "densidad_hogares": 2574.19, "infraestructura_por_km2": 0.063, "educacion_ratio_publico_privado": 1.0, "cluster_barrio": 1, "cluster_descripcion": "Tipo B (Infr 0.14 - NBI 3.0%)", "categoria_infraestructura": "Muy Baja", "tooltip_barrio": "<b>LAS PLAYAS</b><br>Pob: 2869.0<br>Score: 0.02 (Muy Baja)", "servicios_basicos_score": 0.33, "infraestructura_por_habitante": 0.0676, "ranking_infraestructura": 462, "percentil_infraestructura": 6.7 }, "geometry": { "type": "Point", "coordinates": [ -64.247489470892006, -31.439564782512999 ] } },
{ "type": "Feature", "properties": { "barrio": "LAS ROSAS", "poblacion": 877.0, "hogares": 346.0, "nbi": 1.0, "pct_nbi": 0.29, "escuelas_total": 4, "escuelas_estatales": 0, "escuelas_privadas": 4, "dispensarios_municipales": 0, "paradas_colectivo": 2, "lineas_colectivo": 1, "luminarias_reportes": 223, "comisarias": 0, "centros_vecinales": 0, "hogares_por_poblacion": 0.395, "poblacion_log": 6.778, "pct_escuelas_privadas": 1.0, "escuelas_por_1000_hab": 4.56, "dispensarios_por_10000_hab": 0.0, "comisarias_por_10000_hab": 0.0, "paradas_por_1000_hab": 2.28, "centros_vecinales_por_10000_hab": 0.0, "tiene_escuela": 1, "tiene_dispensario": 0, "tiene_comisaria": 0, "tiene_transporte": 1, "infraestructura_score": 0.3587, "area_barrio_km2": 0.31, "densidad_poblacional": 2829.03, "densidad_hogares": 1116.13, "infraestructura_por_km2": 1.157, "educacion_ratio_publico_privado": 0.2, "cluster_barrio": 0, "cluster_descripcion": "Tipo A (Infr 0.57 - NBI 4.5%)", "categoria_infraestructura": "Muy Alta", "tooltip_barrio": "<b>LAS ROSAS</b><br>Pob: 877.0<br>Score: 0.36 (Muy Alta)", "servicios_basicos_score": 0.67, "infraestructura_por_habitante": 4.0901, "ranking_infraestructura": 98, "percentil_infraestructura": 80.4 }, "geometry": { "type": "Point", "coordinates": [ -64.228107327415202, -31.391393991088002 ] } },
{ "type": "Feature", "properties": { "barrio": "LAS VIOLETAS", "poblacion": 3243.0, "hogares": 834.0, "nbi": 98.0, "pct_nbi": 11.75, "escuelas_total": 5, "escuelas_estatales": 5, "escuelas_privadas": 0, "dispensarios_municipales": 1, "paradas_colectivo": 7, "lineas_colectivo": 2, "luminarias_reportes": 2, "comisarias": 0, "centros_vecinales": 2, "hogares_por_poblacion": 0.257, "poblacion_log": 8.085, "pct_escuelas_privadas": 0.0, "escuelas_por_1000_hab": 1.54, "dispensarios_por_10000_hab": 3.08, "comisarias_por_10000_hab": 0.0, "paradas_por_1000_hab": 2.16, "centros_vecinales_por_10000_hab": 6.17, "tiene_escuela": 1, "tiene_dispensario": 1, "tiene_comisaria": 0, "tiene_transporte": 1, "infraestructura_score": 0.2497, "area_barrio_km2": 0.28, "densidad_poblacional": 11582.14, "densidad_hogares": 2978.57, "infraestructura_por_km2": 0.892, "educacion_ratio_publico_privado": 6.0, "cluster_barrio": 2, "cluster_descripcion": "Tipo C (Infr 0.16 - NBI 14.4%)", "categoria_infraestructura": "Alta", "tooltip_barrio": "<b>LAS VIOLETAS</b><br>Pob: 3243.0<br>Score: 0.25 (Alta)", "servicios_basicos_score": 1.0, "infraestructura_por_habitante": 0.77, "ranking_infraestructura": 166, "percentil_infraestructura": 66.6 }, "geometry": { "type": "Point", "coordinates": [ -64.250395030447507, -31.409331288914601 ] } },
{ "type": "Feature", "properties": { "barrio": "LICEO GENERAL PAZ", "poblacion": 628.0, "hogares": 200.0, "nbi": 14.0, "pct_nbi": 7.0, "escuelas_total": 0, "escuelas_estatales": 0, "escuelas_privadas": 0, "dispensarios_municipales": 0, "paradas_colectivo": 0, "lineas_colectivo": 0, "luminarias_reportes": 14, "comisarias": 1, "centros_vecinales": 1, "hogares_por_poblacion": 0.318, "poblacion_log": 6.444, "pct_escuelas_privadas": 0.0, "escuelas_por_1000_hab": 0.0, "dispensarios_por_10000_hab": 0.0, "comisarias_por_10000_hab": 1.5585, "paradas_por_1000_hab": 0.0, "centros_vecinales_por_10000_hab": 15.92, "tiene_escuela": 0, "tiene_dispensario": 0, "tiene_comisaria": 1, "tiene_transporte": 0, "infraestructura_score": 0.1111, "area_barrio_km2": 1.34, "densidad_poblacional": 468.66, "densidad_hogares": 149.25, "infraestructura_por_km2": 0.083, "educacion_ratio_publico_privado": 1.0, "cluster_barrio": 1, "cluster_descripcion": "Tipo B (Infr 0.14 - NBI 3.0%)", "categoria_infraestructura": "Baja", "tooltip_barrio": "<b>LICEO GENERAL PAZ</b><br>Pob: 628.0<br>Score: 0.11 (Baja)", "servicios_basicos_score": 0.0, "infraestructura_por_habitante": 1.7691, "ranking_infraestructura": 347, "percentil_infraestructura": 29.1 }, "geometry": { "type": "Point", "coordinates": [ -64.166702082437894, -31.335575800530599 ] } },
{ "type": "Feature", "properties": { "barrio": "LOMAS DE SAN MARTIN", "poblacion": 1734.0, "hogares": 560.0, "nbi": 3.0, "pct_nbi": 0.54, "escuelas_total": 0, "escuelas_estatales": 0, "escuelas_privadas": 0, "dispensarios_municipales": 0, "paradas_colectivo": 7, "lineas_colectivo": 4, "luminarias_reportes": 308, "comisarias": 0, "centros_vecinales": 0, "hogares_por_poblacion": 0.323, "poblacion_log": 7.459, "pct_escuelas_privadas": 0.0, "escuelas_por_1000_hab": 0.0, "dispensarios_por_10000_hab": 0.0, "comisarias_por_10000_hab": 0.0, "paradas_por_1000_hab": 4.04, "centros_vecinales_por_10000_hab": 0.0, "tiene_escuela": 0, "tiene_dispensario": 0, "tiene_comisaria": 0, "tiene_transporte": 1, "infraestructura_score": 0.0748, "area_barrio_km2": 0.26, "densidad_poblacional": 6669.23, "densidad_hogares": 2153.85, "infraestructura_por_km2": 0.288, "educacion_ratio_publico_privado": 1.0, "cluster_barrio": 1, "cluster_descripcion": "Tipo B (Infr 0.14 - NBI 3.0%)", "categoria_infraestructura": "Muy Baja", "tooltip_barrio": "<b>LOMAS DE SAN MARTIN</b><br>Pob: 1734.0<br>Score: 0.07 (Muy Baja)", "servicios_basicos_score": 0.33, "infraestructura_por_habitante": 0.4314, "ranking_infraestructura": 404, "percentil_infraestructura": 18.4 }, "geometry": { "type": "Point", "coordinates": [ -64.205947698293699, -31.3825174083115 ] } },
{ "type": "Feature", "properties": { "barrio": "LOS ALAMOS", "poblacion": 1964.0, "hogares": 518.0, "nbi": 33.0, "pct_nbi": 6.37, "escuelas_total": 0, "escuelas_estatales": 0, "escuelas_privadas": 0, "dispensarios_municipales": 0, "paradas_colectivo": 6, "lineas_colectivo": 3, "luminarias_reportes": 201, "comisarias": 0, "centros_vecinales": 1, "hogares_por_poblacion": 0.264, "poblacion_log": 7.583, "pct_escuelas_privadas": 0.0, "escuelas_por_1000_hab": 0.0, "dispensarios_por_10000_hab": 0.0, "comisarias_por_10000_hab": 0.0, "paradas_por_1000_hab": 3.05, "centros_vecinales_por_10000_hab": 5.09, "tiene_escuela": 0, "tiene_dispensario": 0, "tiene_comisaria": 0, "tiene_transporte": 1, "infraestructura_score": 0.0565, "area_barrio_km2": 0.2, "densidad_poblacional": 9820.0, "densidad_hogares": 2590.0, "infraestructura_por_km2": 0.282, "educacion_ratio_publico_privado": 1.0, "cluster_barrio": 1, "cluster_descripcion": "Tipo B (Infr 0.14 - NBI 3.0%)", "categoria_infraestructura": "Muy Baja", "tooltip_barrio": "<b>LOS ALAMOS</b><br>Pob: 1964.0<br>Score: 0.06 (Muy Baja)", "servicios_basicos_score": 0.33, "infraestructura_por_habitante": 0.2877, "ranking_infraestructura": 431, "percentil_infraestructura": 13.0 }, "geometry": { "type": "Point", "coordinates": [ -64.156910128232795, -31.3678133678231 ] } },
{ "type": "Feature", "properties": { "barrio": "LOS ANGELES", "poblacion": 766.0, "hogares": 282.0, "nbi": 0.0, "pct_nbi": 0.0, "escuelas_total": 3, "escuelas_estatales": 0, "escuelas_privadas": 3, "dispensarios_municipales": 0, "paradas_colectivo": 15, "lineas_colectivo": 13, "luminarias_reportes": 4, "comisarias": 0, "centros_vecinales": 0, "hogares_por_poblacion": 0.368, "poblacion_log": 6.642, "pct_escuelas_privadas": 1.0, "escuelas_por_1000_hab": 3.92, "dispensarios_por_10000_hab": 0.0, "comisarias_por_10000_hab": 0.0, "paradas_por_1000_hab": 19.58, "centros_vecinales_por_10000_hab": 0.0, "tiene_escuela": 1, "tiene_dispensario": 0, "tiene_comisaria": 0, "tiene_transporte": 1, "infraestructura_score": 0.6346, "area_barrio_km2": 0.23, "densidad_poblacional": 3330.43, "densidad_hogares": 1226.09, "infraestructura_por_km2": 2.759, "educacion_ratio_publico_privado": 0.25, "cluster_barrio": 0, "cluster_descripcion": "Tipo A (Infr 0.57 - NBI 4.5%)", "categoria_infraestructura": "Muy Alta", "tooltip_barrio": "<b>LOS ANGELES</b><br>Pob: 766.0<br>Score: 0.63 (Muy Alta)", "servicios_basicos_score": 0.67, "infraestructura_por_habitante": 8.2846, "ranking_infraestructura": 26, "percentil_infraestructura": 94.9 }, "geometry": { "type": "Point", "coordinates": [ -64.237017009270303, -31.359507855743001 ] } },
{ "type": "Feature", "properties": { "barrio": "LOS ARBOLES", "poblacion": 500.0, "hogares": 200.0, "nbi": 0.0, "pct_nbi": 0.0, "escuelas_total": 0, "escuelas_estatales": 0, "escuelas_privadas": 0, "dispensarios_municipales": 0, "paradas_colectivo": 0, "lineas_colectivo": 0, "luminarias_reportes": 0, "comisarias": 0, "centros_vecinales": 0, "hogares_por_poblacion": 0.4, "poblacion_log": 6.217, "pct_escuelas_privadas": 0.0, "escuelas_por_1000_hab": 0.0, "dispensarios_por_10000_hab": 0.0, "comisarias_por_10000_hab": 0.0, "paradas_por_1000_hab": 0.0, "centros_vecinales_por_10000_hab": 0.0, "tiene_escuela": 0, "tiene_dispensario": 0, "tiene_comisaria": 0, "tiene_transporte": 0, "infraestructura_score": 0.0, "area_barrio_km2": 0.0, "densidad_poblacional": 0.0, "densidad_hogares": 0.0, "infraestructura_por_km2": 0.0, "educacion_ratio_publico_privado": 1.0, "cluster_barrio": 1, "cluster_descripcion": "Tipo B (Infr 0.14 - NBI 3.0%)", "categoria_infraestructura": "Muy Baja", "tooltip_barrio": "<b>LOS ARBOLES</b><br>Pob: 500.0<br>Score: 0.00 (Muy Baja)", "servicios_basicos_score": 0.0, "infraestructura_por_habitante": 0.0, "ranking_infraestructura": 469, "percentil_infraestructura": 2.7 }, "geometry": { "type": "Point", "coordinates": [ -64.284736687991398, -31.366312829787699 ] } },
{ "type": "Feature", "properties": { "barrio": "LOS BOULEVARES", "poblacion": 12277.0, "hogares": 3480.0, "nbi": 218.0, "pct_nbi": 6.26, "escuelas_total": 8, "escuelas_estatales": 8, "escuelas_privadas": 0, "dispensarios_municipales": 1, "paradas_colectivo": 56, "lineas_colectivo": 3, "luminarias_reportes": 444, "comisarias": 1, "centros_vecinales": 2, "hogares_por_poblacion": 0.283, "poblacion_log": 9.416, "pct_escuelas_privadas": 0.0, "escuelas_por_1000_hab": 0.65, "dispensarios_por_10000_hab": 0.81, "comisarias_por_10000_hab": 0.81, "paradas_por_1000_hab": 4.56, "centros_vecinales_por_10000_hab": 1.63, "tiene_escuela": 1, "tiene_dispensario": 1, "tiene_comisaria": 1, "tiene_transporte": 1, "infraestructura_score": 0.2143, "area_barrio_km2": 10.27, "densidad_poblacional": 1195.42, "densidad_hogares": 338.85, "infraestructura_por_km2": 0.021, "educacion_ratio_publico_privado": 9.0, "cluster_barrio": 1, "cluster_descripcion": "Tipo B (Infr 0.14 - NBI 3.0%)", "categoria_infraestructura": "Media", "tooltip_barrio": "<b>LOS BOULEVARES</b><br>Pob: 12277.0<br>Score: 0.21 (Media)", "servicios_basicos_score": 1.0, "infraestructura_por_habitante": 0.1746, "ranking_infraestructura": 208, "percentil_infraestructura": 58.1 }, "geometry": { "type": "Point", "coordinates": [ -64.219264358542105, -31.345159466376899 ] } },
{ "type": "Feature", "properties": { "barrio": "LOS CEIBOS", "poblacion": 826.0, "hogares": 249.0, "nbi": 7.0, "pct_nbi": 2.81, "escuelas_total": 0, "escuelas_estatales": 0, "escuelas_privadas": 0, "dispensarios_municipales": 0, "paradas_colectivo": 8, "lineas_colectivo": 5, "luminarias_reportes": 23, "comisarias": 0, "centros_vecinales": 1, "hogares_por_poblacion": 0.301, "poblacion_log": 6.718, "pct_escuelas_privadas": 0.0, "escuelas_por_1000_hab": 0.0, "dispensarios_por_10000_hab": 0.0, "comisarias_por_10000_hab": 0.0, "paradas_por_1000_hab": 9.69, "centros_vecinales_por_10000_hab": 12.11, "tiene_escuela": 0, "tiene_dispensario": 0, "tiene_comisaria": 0, "tiene_transporte": 1, "infraestructura_score": 0.1794, "area_barrio_km2": 0.12, "densidad_poblacional": 6883.33, "densidad_hogares": 2075.0, "infraestructura_por_km2": 1.495, "educacion_ratio_publico_privado": 1.0, "cluster_barrio": 1, "cluster_descripcion": "Tipo B (Infr 0.14 - NBI 3.0%)", "categoria_infraestructura": "Media", "tooltip_barrio": "<b>LOS CEIBOS</b><br>Pob: 826.0<br>Score: 0.18 (Media)", "servicios_basicos_score": 0.33, "infraestructura_por_habitante": 2.1719, "ranking_infraestructura": 242, "percentil_infraestructura": 51.2 }, "geometry": { "type": "Point", "coordinates": [ -64.148095989398101, -31.429311789067999 ] } },
{ "type": "Feature", "properties": { "barrio": "LOS CHINGOLOS", "poblacion": 1944.0, "hogares": 473.0, "nbi": 42.0, "pct_nbi": 8.88, "escuelas_total": 4, "escuelas_estatales": 4, "escuelas_privadas": 0, "dispensarios_municipales": 0, "paradas_colectivo": 5, "lineas_colectivo": 1, "luminarias_reportes": 49, "comisarias": 0, "centros_vecinales": 1, "hogares_por_poblacion": 0.243, "poblacion_log": 7.573, "pct_escuelas_privadas": 0.0, "escuelas_por_1000_hab": 2.06, "dispensarios_por_10000_hab": 0.0, "comisarias_por_10000_hab": 0.0, "paradas_por_1000_hab": 2.57, "centros_vecinales_por_10000_hab": 5.14, "tiene_escuela": 1, "tiene_dispensario": 0, "tiene_comisaria": 0, "tiene_transporte": 1, "infraestructura_score": 0.1905, "area_barrio_km2": 0.23, "densidad_poblacional": 8452.17, "densidad_hogares": 2056.52, "infraestructura_por_km2": 0.828, "educacion_ratio_publico_privado": 5.0, "cluster_barrio": 2, "cluster_descripcion": "Tipo C (Infr 0.16 - NBI 14.4%)", "categoria_infraestructura": "Media", "tooltip_barrio": "<b>LOS CHINGOLOS</b><br>Pob: 1944.0<br>Score: 0.19 (Media)", "servicios_basicos_score": 0.67, "infraestructura_por_habitante": 0.9799, "ranking_infraestructura": 231, "percentil_infraestructura": 53.4 }, "geometry": { "type": "Point", "coordinates": [ -64.169066378748994, -31.340792625601999 ] } },
{ "type": "Feature", "properties": { "barrio": "LOS CIELOS", "poblacion": 500.0, "hogares": 200.0, "nbi": 0.0, "pct_nbi": 0.0, "escuelas_total": 0, "escuelas_estatales": 0, "escuelas_privadas": 0, "dispensarios_municipales": 0, "paradas_colectivo": 0, "lineas_colectivo": 0, "luminarias_reportes": 0, "comisarias": 0, "centros_vecinales": 0, "hogares_por_poblacion": 0.4, "poblacion_log": 6.217, "pct_escuelas_privadas": 0.0, "escuelas_por_1000_hab": 0.0, "dispensarios_por_10000_hab": 0.0, "comisarias_por_10000_hab": 0.0, "paradas_por_1000_hab": 0.0, "centros_vecinales_por_10000_hab": 0.0, "tiene_escuela": 0, "tiene_dispensario": 0, "tiene_comisaria": 0, "tiene_transporte": 0, "infraestructura_score": 0.0, "area_barrio_km2": 0.0, "densidad_poblacional": 0.0, "densidad_hogares": 0.0, "infraestructura_por_km2": 0.0, "educacion_ratio_publico_privado": 1.0, "cluster_barrio": 1, "cluster_descripcion": "Tipo B (Infr 0.14 - NBI 3.0%)", "categoria_infraestructura": "Muy Baja", "tooltip_barrio": "<b>LOS CIELOS</b><br>Pob: 500.0<br>Score: 0.00 (Muy Baja)", "servicios_basicos_score": 0.0, "infraestructura_por_habitante": 0.0, "ranking_infraestructura": 469, "percentil_infraestructura": 2.7 }, "geometry": { "type": "Point", "coordinates": [ -64.28265773622033, -31.371485929537101 ] } },
{ "type": "Feature", "properties": { "barrio": "LOS EUCALIPTUS", "poblacion": 1741.0, "hogares": 480.0, "nbi": 15.0, "pct_nbi": 3.12, "escuelas_total": 2, "escuelas_estatales": 1, "escuelas_privadas": 1, "dispensarios_municipales": 0, "paradas_colectivo": 4, "lineas_colectivo": 3, "luminarias_reportes": 31, "comisarias": 0, "centros_vecinales": 1, "hogares_por_poblacion": 0.276, "poblacion_log": 7.463, "pct_escuelas_privadas": 0.5, "escuelas_por_1000_hab": 1.15, "dispensarios_por_10000_hab": 0.0, "comisarias_por_10000_hab": 0.0, "paradas_por_1000_hab": 2.3, "centros_vecinales_por_10000_hab": 5.74, "tiene_escuela": 1, "tiene_dispensario": 0, "tiene_comisaria": 0, "tiene_transporte": 1, "infraestructura_score": 0.1224, "area_barrio_km2": 0.2, "densidad_poblacional": 8705.0, "densidad_hogares": 2400.0, "infraestructura_por_km2": 0.612, "educacion_ratio_publico_privado": 1.0, "cluster_barrio": 1, "cluster_descripcion": "Tipo B (Infr 0.14 - NBI 3.0%)", "categoria_infraestructura": "Baja", "tooltip_barrio": "<b>LOS EUCALIPTUS</b><br>Pob: 1741.0<br>Score: 0.12 (Baja)", "servicios_basicos_score": 0.67, "infraestructura_por_habitante": 0.703, "ranking_infraestructura": 325, "percentil_infraestructura": 34.1 }, "geometry": { "type": "Point", "coordinates": [ -64.088516655311395, -31.4678374607454 ] } },
{ "type": "Feature", "properties": { "barrio": "LOS FILTROS", "poblacion": 852.0, "hogares": 200.0, "nbi": 32.0, "pct_nbi": 16.0, "escuelas_total": 2, "escuelas_estatales": 2, "escuelas_privadas": 0, "dispensarios_municipales": 0, "paradas_colectivo": 7, "lineas_colectivo": 2, "luminarias_reportes": 12, "comisarias": 0, "centros_vecinales": 0, "hogares_por_poblacion": 0.235, "poblacion_log": 6.749, "pct_escuelas_privadas": 0.0, "escuelas_por_1000_hab": 2.35, "dispensarios_por_10000_hab": 0.0, "comisarias_por_10000_hab": 0.0, "paradas_por_1000_hab": 8.22, "centros_vecinales_por_10000_hab": 0.0, "tiene_escuela": 1, "tiene_dispensario": 0, "tiene_comisaria": 0, "tiene_transporte": 1, "infraestructura_score": 0.3153, "area_barrio_km2": 0.2, "densidad_poblacional": 4260.0, "densidad_hogares": 1000.0, "infraestructura_por_km2": 1.576, "educacion_ratio_publico_privado": 3.0, "cluster_barrio": 2, "cluster_descripcion": "Tipo C (Infr 0.16 - NBI 14.4%)", "categoria_infraestructura": "Alta", "tooltip_barrio": "<b>LOS FILTROS</b><br>Pob: 852.0<br>Score: 0.32 (Alta)", "servicios_basicos_score": 0.67, "infraestructura_por_habitante": 3.7007, "ranking_infraestructura": 121, "percentil_infraestructura": 75.7 }, "geometry": { "type": "Point", "coordinates": [ -64.248496868616201, -31.413308127997901 ] } },
{ "type": "Feature", "properties": { "barrio": "LOS FRESNOS", "poblacion": 1067.0, "hogares": 246.0, "nbi": 38.0, "pct_nbi": 15.45, "escuelas_total": 1, "escuelas_estatales": 1, "escuelas_privadas": 0, "dispensarios_municipales": 0, "paradas_colectivo": 0, "lineas_colectivo": 0, "luminarias_reportes": 0, "comisarias": 0, "centros_vecinales": 2, "hogares_por_poblacion": 0.231, "poblacion_log": 6.974, "pct_escuelas_privadas": 0.0, "escuelas_por_1000_hab": 0.94, "dispensarios_por_10000_hab": 0.0, "comisarias_por_10000_hab": 0.0, "paradas_por_1000_hab": 0.0, "centros_vecinales_por_10000_hab": 18.74, "tiene_escuela": 1, "tiene_dispensario": 0, "tiene_comisaria": 0, "tiene_transporte": 0, "infraestructura_score": 0.0652, "area_barrio_km2": 0.14, "densidad_poblacional": 7621.43, "densidad_hogares": 1757.14, "infraestructura_por_km2": 0.466, "educacion_ratio_publico_privado": 2.0, "cluster_barrio": 2, "cluster_descripcion": "Tipo C (Infr 0.16 - NBI 14.4%)", "categoria_infraestructura": "Muy Baja", "tooltip_barrio": "<b>LOS FRESNOS</b><br>Pob: 1067.0<br>Score: 0.07 (Muy Baja)", "servicios_basicos_score": 0.33, "infraestructura_por_habitante": 0.6111, "ranking_infraestructura": 425, "percentil_infraestructura": 14.2 }, "geometry": { "type": "Point", "coordinates": [ -64.081578537093606, -31.4709007424932 ] } },
{ "type": "Feature", "properties": { "barrio": "LOS GIGANTES", "poblacion": 4442.0, "hogares": 1249.0, "nbi": 49.0, "pct_nbi": 3.92, "escuelas_total": 3, "escuelas_estatales": 3, "escuelas_privadas": 0, "dispensarios_municipales": 0, "paradas_colectivo": 11, "lineas_colectivo": 2, "luminarias_reportes": 41, "comisarias": 0, "centros_vecinales": 1, "hogares_por_poblacion": 0.281, "poblacion_log": 8.399, "pct_escuelas_privadas": 0.0, "escuelas_por_1000_hab": 0.68, "dispensarios_por_10000_hab": 0.0, "comisarias_por_10000_hab": 0.0, "paradas_por_1000_hab": 2.48, "centros_vecinales_por_10000_hab": 2.25, "tiene_escuela": 1, "tiene_dispensario": 0, "tiene_comisaria": 0, "tiene_transporte": 1, "infraestructura_score": 0.0931, "area_barrio_km2": 0.72, "densidad_poblacional": 6169.44, "densidad_hogares": 1734.72, "infraestructura_por_km2": 0.129, "educacion_ratio_publico_privado": 4.0, "cluster_barrio": 1, "cluster_descripcion": "Tipo B (Infr 0.14 - NBI 3.0%)", "categoria_infraestructura": "Baja", "tooltip_barrio": "<b>LOS GIGANTES</b><br>Pob: 4442.0<br>Score: 0.09 (Baja)", "servicios_basicos_score": 0.67, "infraestructura_por_habitante": 0.2096, "ranking_infraestructura": 381, "percentil_infraestructura": 23.1 }, "geometry": { "type": "Point", "coordinates": [ -64.169506476040098, -31.362636222678901 ] } },
{ "type": "Feature", "properties": { "barrio": "LOS GRANADOS", "poblacion": 3435.0, "hogares": 917.0, "nbi": 41.0, "pct_nbi": 4.47, "escuelas_total": 4, "escuelas_estatales": 3, "escuelas_privadas": 1, "dispensarios_municipales": 0, "paradas_colectivo": 6, "lineas_colectivo": 2, "luminarias_reportes": 10, "comisarias": 0, "centros_vecinales": 1, "hogares_por_poblacion": 0.267, "poblacion_log": 8.142, "pct_escuelas_privadas": 0.25, "escuelas_por_1000_hab": 1.16, "dispensarios_por_10000_hab": 0.0, "comisarias_por_10000_hab": 0.0, "paradas_por_1000_hab": 1.75, "centros_vecinales_por_10000_hab": 2.91, "tiene_escuela": 1, "tiene_dispensario": 0, "tiene_comisaria": 0, "tiene_transporte": 1, "infraestructura_score": 0.1129, "area_barrio_km2": 0.45, "densidad_poblacional": 7633.33, "densidad_hogares": 2037.78, "infraestructura_por_km2": 0.251, "educacion_ratio_publico_privado": 2.0, "cluster_barrio": 1, "cluster_descripcion": "Tipo B (Infr 0.14 - NBI 3.0%)", "categoria_infraestructura": "Baja", "tooltip_barrio": "<b>LOS GRANADOS</b><br>Pob: 3435.0<br>Score: 0.11 (Baja)", "servicios_basicos_score": 0.67, "infraestructura_por_habitante": 0.3287, "ranking_infraestructura": 340, "percentil_infraestructura": 31.3 }, "geometry": { "type": "Point", "coordinates": [ -64.236995839038499, -31.4233609670665 ] } },
{ "type": "Feature", "properties": { "barrio": "LOS HORNILLOS", "poblacion": 726.0, "hogares": 200.0, "nbi": 20.0, "pct_nbi": 10.0, "escuelas_total": 0, "escuelas_estatales": 0, "escuelas_privadas": 0, "dispensarios_municipales": 0, "paradas_colectivo": 19, "lineas_colectivo": 5, "luminarias_reportes": 1, "comisarias": 0, "centros_vecinales": 1, "hogares_por_poblacion": 0.275, "poblacion_log": 6.589, "pct_escuelas_privadas": 0.0, "escuelas_por_1000_hab": 0.0, "dispensarios_por_10000_hab": 0.0, "comisarias_por_10000_hab": 0.0, "paradas_por_1000_hab": 24.0, "centros_vecinales_por_10000_hab": 13.77, "tiene_escuela": 0, "tiene_dispensario": 0, "tiene_comisaria": 0, "tiene_transporte": 1, "infraestructura_score": 0.4444, "area_barrio_km2": 0.05, "densidad_poblacional": 14520.0, "densidad_hogares": 4000.0, "infraestructura_por_km2": 8.888, "educacion_ratio_publico_privado": 1.0, "cluster_barrio": 3, "cluster_descripcion": "Tipo D (Infr 0.40 - NBI 2.8%)", "categoria_infraestructura": "Muy Alta", "tooltip_barrio": "<b>LOS HORNILLOS</b><br>Pob: 726.0<br>Score: 0.44 (Muy Alta)", "servicios_basicos_score": 0.33, "infraestructura_por_habitante": 6.1212, "ranking_infraestructura": 59, "percentil_infraestructura": 87.4 }, "geometry": { "type": "Point", "coordinates": [ -64.172095336098494, -31.340913220344898 ] } },
{ "type": "Feature", "properties": { "barrio": "LOS JACARANDAES", "poblacion": 1305.0, "hogares": 319.0, "nbi": 70.0, "pct_nbi": 21.94, "escuelas_total": 0, "escuelas_estatales": 0, "escuelas_privadas": 0, "dispensarios_municipales": 0, "paradas_colectivo": 0, "lineas_colectivo": 0, "luminarias_reportes": 6, "comisarias": 0, "centros_vecinales": 1, "hogares_por_poblacion": 0.244, "poblacion_log": 7.175, "pct_escuelas_privadas": 0.0, "escuelas_por_1000_hab": 0.0, "dispensarios_por_10000_hab": 0.0, "comisarias_por_10000_hab": 0.0, "paradas_por_1000_hab": 0.0, "centros_vecinales_por_10000_hab": 7.66, "tiene_escuela": 0, "tiene_dispensario": 0, "tiene_comisaria": 0, "tiene_transporte": 0, "infraestructura_score": 0.0, "area_barrio_km2": 0.15, "densidad_poblacional": 8700.0, "densidad_hogares": 2126.67, "infraestructura_por_km2": 0.0, "educacion_ratio_publico_privado": 1.0, "cluster_barrio": 2, "cluster_descripcion": "Tipo C (Infr 0.16 - NBI 14.4%)", "categoria_infraestructura": "Muy Baja", "tooltip_barrio": "<b>LOS JACARANDAES</b><br>Pob: 1305.0<br>Score: 0.00 (Muy Baja)", "servicios_basicos_score": 0.0, "infraestructura_por_habitante": 0.0, "ranking_infraestructura": 469, "percentil_infraestructura": 2.7 }, "geometry": { "type": "Point", "coordinates": [ -64.236454716346699, -31.417197922717101 ] } },
{ "type": "Feature", "properties": { "barrio": "LOS JOSEFINOS", "poblacion": 500.0, "hogares": 200.0, "nbi": 9.0, "pct_nbi": 4.5, "escuelas_total": 0, "escuelas_estatales": 0, "escuelas_privadas": 0, "dispensarios_municipales": 1, "paradas_colectivo": 0, "lineas_colectivo": 0, "luminarias_reportes": 0, "comisarias": 0, "centros_vecinales": 1, "hogares_por_poblacion": 0.4, "poblacion_log": 6.217, "pct_escuelas_privadas": 0.0, "escuelas_por_1000_hab": 0.0, "dispensarios_por_10000_hab": 6.657, "comisarias_por_10000_hab": 0.0, "paradas_por_1000_hab": 0.0, "centros_vecinales_por_10000_hab": 20.0, "tiene_escuela": 0, "tiene_dispensario": 1, "tiene_comisaria": 0, "tiene_transporte": 0, "infraestructura_score": 0.2222, "area_barrio_km2": 0.05, "densidad_poblacional": 10000.0, "densidad_hogares": 4000.0, "infraestructura_por_km2": 4.444, "educacion_ratio_publico_privado": 1.0, "cluster_barrio": 1, "cluster_descripcion": "Tipo B (Infr 0.14 - NBI 3.0%)", "categoria_infraestructura": "Alta", "tooltip_barrio": "<b>LOS JOSEFINOS</b><br>Pob: 500.0<br>Score: 0.22 (Alta)", "servicios_basicos_score": 0.33, "infraestructura_por_habitante": 4.444, "ranking_infraestructura": 197, "percentil_infraestructura": 59.9 }, "geometry": { "type": "Point", "coordinates": [ -64.123880379689396, -31.414200620776199 ] } },
{ "type": "Feature", "properties": { "barrio": "LOS NARANJOS", "poblacion": 1615.0, "hogares": 561.0, "nbi": 7.0, "pct_nbi": 1.25, "escuelas_total": 6, "escuelas_estatales": 3, "escuelas_privadas": 3, "dispensarios_municipales": 0, "paradas_colectivo": 9, "lineas_colectivo": 7, "luminarias_reportes": 430, "comisarias": 1, "centros_vecinales": 1, "hogares_por_poblacion": 0.347, "poblacion_log": 7.388, "pct_escuelas_privadas": 0.5, "escuelas_por_1000_hab": 3.72, "dispensarios_por_10000_hab": 0.0, "comisarias_por_10000_hab": 1.5585, "paradas_por_1000_hab": 5.57, "centros_vecinales_por_10000_hab": 6.19, "tiene_escuela": 1, "tiene_dispensario": 0, "tiene_comisaria": 1, "tiene_transporte": 1, "infraestructura_score": 0.4724, "area_barrio_km2": 0.25, "densidad_poblacional": 6460.0, "densidad_hogares": 2244.0, "infraestructura_por_km2": 1.89, "educacion_ratio_publico_privado": 1.0, "cluster_barrio": 0, "cluster_descripcion": "Tipo A (Infr 0.57 - NBI 4.5%)", "categoria_infraestructura": "Muy Alta", "tooltip_barrio": "<b>LOS NARANJOS</b><br>Pob: 1615.0<br>Score: 0.47 (Muy Alta)", "servicios_basicos_score": 0.67, "infraestructura_por_habitante": 2.9251, "ranking_infraestructura": 54, "percentil_infraestructura": 89.3 }, "geometry": { "type": "Point", "coordinates": [ -64.226563138602003, -31.429664756605501 ] } },
{ "type": "Feature", "properties": { "barrio": "LOS OLMOS", "poblacion": 1859.0, "hogares": 541.0, "nbi": 21.0, "pct_nbi": 3.88, "escuelas_total": 2, "escuelas_estatales": 0, "escuelas_privadas": 2, "dispensarios_municipales": 0, "paradas_colectivo": 13, "lineas_colectivo": 8, "luminarias_reportes": 56, "comisarias": 0, "centros_vecinales": 1, "hogares_por_poblacion": 0.291, "poblacion_log": 7.528, "pct_escuelas_privadas": 1.0, "escuelas_por_1000_hab": 1.08, "dispensarios_por_10000_hab": 0.0, "comisarias_por_10000_hab": 0.0, "paradas_por_1000_hab": 6.99, "centros_vecinales_por_10000_hab": 5.38, "tiene_escuela": 1, "tiene_dispensario": 0, "tiene_comisaria": 0, "tiene_transporte": 1, "infraestructura_score": 0.2044, "area_barrio_km2": 0.36, "densidad_poblacional": 5163.89, "densidad_hogares": 1502.78, "infraestructura_por_km2": 0.568, "educacion_ratio_publico_privado": 0.33, "cluster_barrio": 1, "cluster_descripcion": "Tipo B (Infr 0.14 - NBI 3.0%)", "categoria_infraestructura": "Media", "tooltip_barrio": "<b>LOS OLMOS</b><br>Pob: 1859.0<br>Score: 0.20 (Media)", "servicios_basicos_score": 0.67, "infraestructura_por_habitante": 1.0995, "ranking_infraestructura": 215, "percentil_infraestructura": 56.7 }, "geometry": { "type": "Point", "coordinates": [ -64.217253093653497, -31.459796582155398 ] } },
{ "type": "Feature", "properties": { "barrio": "LOS OLMOS SUD", "poblacion": 2486.0, "hogares": 636.0, "nbi": 48.0, "pct_nbi": 7.55, "escuelas_total": 1, "escuelas_estatales": 1, "escuelas_privadas": 0, "dispensarios_municipales": 1, "paradas_colectivo": 19, "lineas_colectivo": 4, "luminarias_reportes": 19, "comisarias": 0, "centros_vecinales": 2, "hogares_por_poblacion": 0.256, "poblacion_log": 7.819, "pct_escuelas_privadas": 0.0, "escuelas_por_1000_hab": 0.4, "dispensarios_por_10000_hab": 4.02, "comisarias_por_10000_hab": 0.0, "paradas_por_1000_hab": 7.64, "centros_vecinales_por_10000_hab": 8.05, "tiene_escuela": 1, "tiene_dispensario": 1, "tiene_comisaria": 0, "tiene_transporte": 1, "infraestructura_score": 0.3034, "area_barrio_km2": 0.42, "densidad_poblacional": 5919.05, "densidad_hogares": 1514.29, "infraestructura_por_km2": 0.722, "educacion_ratio_publico_privado": 2.0, "cluster_barrio": 1, "cluster_descripcion": "Tipo B (Infr 0.14 - NBI 3.0%)", "categoria_infraestructura": "Alta", "tooltip_barrio": "<b>LOS OLMOS SUD</b><br>Pob: 2486.0<br>Score: 0.30 (Alta)", "servicios_basicos_score": 1.0, "infraestructura_por_habitante": 1.2204, "ranking_infraestructura": 128, "percentil_infraestructura": 74.3 }, "geometry": { "type": "Point", "coordinates": [ -64.215451219676154, -31.465400290473603 ] } },
{ "type": "Feature", "properties": { "barrio": "LOS PARAISOS", "poblacion": 5079.0, "hogares": 1638.0, "nbi": 40.0, "pct_nbi": 2.44, "escuelas_total": 3, "escuelas_estatales": 0, "escuelas_privadas": 3, "dispensarios_municipales": 0, "paradas_colectivo": 28, "lineas_colectivo": 6, "luminarias_reportes": 364, "comisarias": 0, "centros_vecinales": 1, "hogares_por_poblacion": 0.323, "poblacion_log": 8.533, "pct_escuelas_privadas": 1.0, "escuelas_por_1000_hab": 0.59, "dispensarios_por_10000_hab": 0.0, "comisarias_por_10000_hab": 0.0, "paradas_por_1000_hab": 5.51, "centros_vecinales_por_10000_hab": 1.97, "tiene_escuela": 1, "tiene_dispensario": 0, "tiene_comisaria": 0, "tiene_transporte": 1, "infraestructura_score": 0.143, "area_barrio_km2": 0.48, "densidad_poblacional": 10581.25, "densidad_hogares": 3412.5, "infraestructura_por_km2": 0.298, "educacion_ratio_publico_privado": 0.25, "cluster_barrio": 1, "cluster_descripcion": "Tipo B (Infr 0.14 - NBI 3.0%)", "categoria_infraestructura": "Baja", "tooltip_barrio": "<b>LOS PARAISOS</b><br>Pob: 5079.0<br>Score: 0.14 (Baja)", "servicios_basicos_score": 0.67, "infraestructura_por_habitante": 0.2816, "ranking_infraestructura": 302, "percentil_infraestructura": 39.1 }, "geometry": { "type": "Point", "coordinates": [ -64.194648050397305, -31.3830882690084 ] } },
{ "type": "Feature", "properties": { "barrio": "LOS PINOS", "poblacion": 1901.0, "hogares": 532.0, "nbi": 21.0, "pct_nbi": 3.95, "escuelas_total": 2, "escuelas_estatales": 2, "escuelas_privadas": 0, "dispensarios_municipales": 1, "paradas_colectivo": 7, "lineas_colectivo": 4, "luminarias_reportes": 160, "comisarias": 0, "centros_vecinales": 1, "hogares_por_poblacion": 0.28, "poblacion_log": 7.551, "pct_escuelas_privadas": 0.0, "escuelas_por_1000_hab": 1.05, "dispensarios_por_10000_hab": 5.26, "comisarias_por_10000_hab": 0.0, "paradas_por_1000_hab": 3.68, "centros_vecinales_por_10000_hab": 5.26, "tiene_escuela": 1, "tiene_dispensario": 1, "tiene_comisaria": 0, "tiene_transporte": 1, "infraestructura_score": 0.3166, "area_barrio_km2": 0.16, "densidad_poblacional": 11881.25, "densidad_hogares": 3325.0, "infraestructura_por_km2": 1.979, "educacion_ratio_publico_privado": 3.0, "cluster_barrio": 1, "cluster_descripcion": "Tipo B (Infr 0.14 - NBI 3.0%)", "categoria_infraestructura": "Alta", "tooltip_barrio": "<b>LOS PINOS</b><br>Pob: 1901.0<br>Score: 0.32 (Alta)", "servicios_basicos_score": 1.0, "infraestructura_por_habitante": 1.6654, "ranking_infraestructura": 117, "percentil_infraestructura": 76.5 }, "geometry": { "type": "Point", "coordinates": [ -64.141031965328096, -31.393666951683802 ] } },
{ "type": "Feature", "properties": { "barrio": "LOS PLATANOS", "poblacion": 7003.0, "hogares": 2166.0, "nbi": 58.0, "pct_nbi": 2.68, "escuelas_total": 8, "escuelas_estatales": 7, "escuelas_privadas": 1, "dispensarios_municipales": 0, "paradas_colectivo": 11, "lineas_colectivo": 5, "luminarias_reportes": 120, "comisarias": 0, "centros_vecinales": 0, "hogares_por_poblacion": 0.309, "poblacion_log": 8.854, "pct_escuelas_privadas": 0.125, "escuelas_por_1000_hab": 1.14, "dispensarios_por_10000_hab": 0.0, "comisarias_por_10000_hab": 0.0, "paradas_por_1000_hab": 1.57, "centros_vecinales_por_10000_hab": 0.0, "tiene_escuela": 1, "tiene_dispensario": 0, "tiene_comisaria": 0, "tiene_transporte": 1, "infraestructura_score": 0.1082, "area_barrio_km2": 0.92, "densidad_poblacional": 7611.96, "densidad_hogares": 2354.35, "infraestructura_por_km2": 0.118, "educacion_ratio_publico_privado": 4.0, "cluster_barrio": 1, "cluster_descripcion": "Tipo B (Infr 0.14 - NBI 3.0%)", "categoria_infraestructura": "Baja", "tooltip_barrio": "<b>LOS PLATANOS</b><br>Pob: 7003.0<br>Score: 0.11 (Baja)", "servicios_basicos_score": 0.67, "infraestructura_por_habitante": 0.1545, "ranking_infraestructura": 360, "percentil_infraestructura": 27.3 }, "geometry": { "type": "Point", "coordinates": [ -64.230713018813603, -31.422208075158601 ] } },
{ "type": "Feature", "properties": { "barrio": "LOS ROBLES", "poblacion": 3479.0, "hogares": 958.0, "nbi": 144.0, "pct_nbi": 15.03, "escuelas_total": 4, "escuelas_estatales": 4, "escuelas_privadas": 0, "dispensarios_municipales": 0, "paradas_colectivo": 8, "lineas_colectivo": 2, "luminarias_reportes": 203, "comisarias": 0, "centros_vecinales": 1, "hogares_por_poblacion": 0.275, "poblacion_log": 8.155, "pct_escuelas_privadas": 0.0, "escuelas_por_1000_hab": 1.15, "dispensarios_por_10000_hab": 0.0, "comisarias_por_10000_hab": 0.0, "paradas_por_1000_hab": 2.3, "centros_vecinales_por_10000_hab": 2.87, "tiene_escuela": 1, "tiene_dispensario": 0, "tiene_comisaria": 0, "tiene_transporte": 1, "infraestructura_score": 0.1224, "area_barrio_km2": 0.57, "densidad_poblacional": 6103.51, "densidad_hogares": 1680.7, "infraestructura_por_km2": 0.215, "educacion_ratio_publico_privado": 5.0, "cluster_barrio": 2, "cluster_descripcion": "Tipo C (Infr 0.16 - NBI 14.4%)", "categoria_infraestructura": "Baja", "tooltip_barrio": "<b>LOS ROBLES</b><br>Pob: 3479.0<br>Score: 0.12 (Baja)", "servicios_basicos_score": 0.67, "infraestructura_por_habitante": 0.3518, "ranking_infraestructura": 325, "percentil_infraestructura": 34.1 }, "geometry": { "type": "Point", "coordinates": [ -64.264908632223097, -31.401036267702199 ] } },
{ "type": "Feature", "properties": { "barrio": "LOS SAUCES", "poblacion": 1635.0, "hogares": 469.0, "nbi": 22.0, "pct_nbi": 4.69, "escuelas_total": 2, "escuelas_estatales": 2, "escuelas_privadas": 0, "dispensarios_municipales": 1, "paradas_colectivo": 9, "lineas_colectivo": 2, "luminarias_reportes": 16, "comisarias": 0, "centros_vecinales": 1, "hogares_por_poblacion": 0.287, "poblacion_log": 7.4, "pct_escuelas_privadas": 0.0, "escuelas_por_1000_hab": 1.22, "dispensarios_por_10000_hab": 6.12, "comisarias_por_10000_hab": 0.0, "paradas_por_1000_hab": 5.5, "centros_vecinales_por_10000_hab": 6.12, "tiene_escuela": 1, "tiene_dispensario": 1, "tiene_comisaria": 0, "tiene_transporte": 1, "infraestructura_score": 0.3908, "area_barrio_km2": 0.21, "densidad_poblacional": 7785.71, "densidad_hogares": 2233.33, "infraestructura_por_km2": 1.861, "educacion_ratio_publico_privado": 3.0, "cluster_barrio": 1, "cluster_descripcion": "Tipo B (Infr 0.14 - NBI 3.0%)", "categoria_infraestructura": "Muy Alta", "tooltip_barrio": "<b>LOS SAUCES</b><br>Pob: 1635.0<br>Score: 0.39 (Muy Alta)", "servicios_basicos_score": 1.0, "infraestructura_por_habitante": 2.3902, "ranking_infraestructura": 83, "percentil_infraestructura": 83.4 }, "geometry": { "type": "Point", "coordinates": [ -64.0988703018824, -31.461186855039202 ] } },
{ "type": "Feature", "properties": { "barrio": "LOS SOLES", "poblacion": 500.0, "hogares": 200.0, "nbi": 0.0, "pct_nbi": 0.0, "escuelas_total": 0, "escuelas_estatales": 0, "escuelas_privadas": 0, "dispensarios_municipales": 0, "paradas_colectivo": 5, "lineas_colectivo": 1, "luminarias_reportes": 0, "comisarias": 0, "centros_vecinales": 0, "hogares_por_poblacion": 0.4, "poblacion_log": 6.217, "pct_escuelas_privadas": 0.0, "escuelas_por_1000_hab": 0.0, "dispensarios_por_10000_hab": 0.0, "comisarias_por_10000_hab": 0.0, "paradas_por_1000_hab": 10.0, "centros_vecinales_por_10000_hab": 0.0, "tiene_escuela": 0, "tiene_dispensario": 0, "tiene_comisaria": 0, "tiene_transporte": 1, "infraestructura_score": 0.1852, "area_barrio_km2": 0.0, "densidad_poblacional": 0.0, "densidad_hogares": 0.0, "infraestructura_por_km2": 0.0, "educacion_ratio_publico_privado": 1.0, "cluster_barrio": 1, "cluster_descripcion": "Tipo B (Infr 0.14 - NBI 3.0%)", "categoria_infraestructura": "Media", "tooltip_barrio": "<b>LOS SOLES</b><br>Pob: 500.0<br>Score: 0.19 (Media)", "servicios_basicos_score": 0.33, "infraestructura_por_habitante": 3.704, "ranking_infraestructura": 237, "percentil_infraestructura": 52.0 }, "geometry": { "type": "Point", "coordinates": [ -64.278633279906558, -31.373214275765321 ] } },
{ "type": "Feature", "properties": { "barrio": "LOS SUENOS", "poblacion": 500.0, "hogares": 200.0, "nbi": 0.0, "pct_nbi": 0.0, "escuelas_total": 0, "escuelas_estatales": 0, "escuelas_privadas": 0, "dispensarios_municipales": 0, "paradas_colectivo": 1, "lineas_colectivo": 1, "luminarias_reportes": 0, "comisarias": 0, "centros_vecinales": 0, "hogares_por_poblacion": 0.4, "poblacion_log": 6.217, "pct_escuelas_privadas": 0.0, "escuelas_por_1000_hab": 0.0, "dispensarios_por_10000_hab": 0.0, "comisarias_por_10000_hab": 0.0, "paradas_por_1000_hab": 2.0, "centros_vecinales_por_10000_hab": 0.0, "tiene_escuela": 0, "tiene_dispensario": 0, "tiene_comisaria": 0, "tiene_transporte": 1, "infraestructura_score": 0.037, "area_barrio_km2": 0.0, "densidad_poblacional": 0.0, "densidad_hogares": 0.0, "infraestructura_por_km2": 0.0, "educacion_ratio_publico_privado": 1.0, "cluster_barrio": 1, "cluster_descripcion": "Tipo B (Infr 0.14 - NBI 3.0%)", "categoria_infraestructura": "Muy Baja", "tooltip_barrio": "<b>LOS SUENOS</b><br>Pob: 500.0<br>Score: 0.04 (Muy Baja)", "servicios_basicos_score": 0.33, "infraestructura_por_habitante": 0.74, "ranking_infraestructura": 447, "percentil_infraestructura": 9.2 }, "geometry": { "type": "Point", "coordinates": [ -64.283269093921405, -31.360445359551498 ] } },
{ "type": "Feature", "properties": { "barrio": "LOURDES", "poblacion": 1413.0, "hogares": 318.0, "nbi": 50.0, "pct_nbi": 15.72, "escuelas_total": 1, "escuelas_estatales": 1, "escuelas_privadas": 0, "dispensarios_municipales": 0, "paradas_colectivo": 26, "lineas_colectivo": 6, "luminarias_reportes": 7, "comisarias": 0, "centros_vecinales": 1, "hogares_por_poblacion": 0.225, "poblacion_log": 7.254, "pct_escuelas_privadas": 0.0, "escuelas_por_1000_hab": 0.71, "dispensarios_por_10000_hab": 0.0, "comisarias_por_10000_hab": 0.0, "paradas_por_1000_hab": 18.4, "centros_vecinales_por_10000_hab": 7.08, "tiene_escuela": 1, "tiene_dispensario": 0, "tiene_comisaria": 0, "tiene_transporte": 1, "infraestructura_score": 0.39, "area_barrio_km2": 0.13, "densidad_poblacional": 10869.23, "densidad_hogares": 2446.15, "infraestructura_por_km2": 3.0, "educacion_ratio_publico_privado": 2.0, "cluster_barrio": 3, "cluster_descripcion": "Tipo D (Infr 0.40 - NBI 2.8%)", "categoria_infraestructura": "Muy Alta", "tooltip_barrio": "<b>LOURDES</b><br>Pob: 1413.0<br>Score: 0.39 (Muy Alta)", "servicios_basicos_score": 0.67, "infraestructura_por_habitante": 2.7601, "ranking_infraestructura": 85, "percentil_infraestructura": 83.0 }, "geometry": { "type": "Point", "coordinates": [ -64.255983863229304, -31.331651556266301 ] } },
{ "type": "Feature", "properties": { "barrio": "MAIPU SECCION 1", "poblacion": 2022.0, "hogares": 679.0, "nbi": 7.0, "pct_nbi": 1.03, "escuelas_total": 0, "escuelas_estatales": 0, "escuelas_privadas": 0, "dispensarios_municipales": 0, "paradas_colectivo": 17, "lineas_colectivo": 12, "luminarias_reportes": 0, "comisarias": 0, "centros_vecinales": 1, "hogares_por_poblacion": 0.336, "poblacion_log": 7.612, "pct_escuelas_privadas": 0.0, "escuelas_por_1000_hab": 0.0, "dispensarios_por_10000_hab": 0.0, "comisarias_por_10000_hab": 0.0, "paradas_por_1000_hab": 8.41, "centros_vecinales_por_10000_hab": 4.95, "tiene_escuela": 0, "tiene_dispensario": 0, "tiene_comisaria": 0, "tiene_transporte": 1, "infraestructura_score": 0.1557, "area_barrio_km2": 0.27, "densidad_poblacional": 7488.89, "densidad_hogares": 2514.81, "infraestructura_por_km2": 0.577, "educacion_ratio_publico_privado": 1.0, "cluster_barrio": 1, "cluster_descripcion": "Tipo B (Infr 0.14 - NBI 3.0%)", "categoria_infraestructura": "Media", "tooltip_barrio": "<b>MAIPU SECCION 1</b><br>Pob: 2022.0<br>Score: 0.16 (Media)", "servicios_basicos_score": 0.33, "infraestructura_por_habitante": 0.77, "ranking_infraestructura": 278, "percentil_infraestructura": 43.9 }, "geometry": { "type": "Point", "coordinates": [ -64.159547185407106, -31.436176405854699 ] } },
{ "type": "Feature", "properties": { "barrio": "MAIPU SECCION 2", "poblacion": 2283.0, "hogares": 764.0, "nbi": 8.0, "pct_nbi": 1.05, "escuelas_total": 0, "escuelas_estatales": 0, "escuelas_privadas": 0, "dispensarios_municipales": 0, "paradas_colectivo": 13, "lineas_colectivo": 11, "luminarias_reportes": 0, "comisarias": 0, "centros_vecinales": 1, "hogares_por_poblacion": 0.335, "poblacion_log": 7.734, "pct_escuelas_privadas": 0.0, "escuelas_por_1000_hab": 0.0, "dispensarios_por_10000_hab": 0.0, "comisarias_por_10000_hab": 0.0, "paradas_por_1000_hab": 5.69, "centros_vecinales_por_10000_hab": 4.38, "tiene_escuela": 0, "tiene_dispensario": 0, "tiene_comisaria": 0, "tiene_transporte": 1, "infraestructura_score": 0.1054, "area_barrio_km2": 0.36, "densidad_poblacional": 6341.67, "densidad_hogares": 2122.22, "infraestructura_por_km2": 0.293, "educacion_ratio_publico_privado": 1.0, "cluster_barrio": 1, "cluster_descripcion": "Tipo B (Infr 0.14 - NBI 3.0%)", "categoria_infraestructura": "Baja", "tooltip_barrio": "<b>MAIPU SECCION 2</b><br>Pob: 2283.0<br>Score: 0.11 (Baja)", "servicios_basicos_score": 0.33, "infraestructura_por_habitante": 0.4617, "ranking_infraestructura": 367, "percentil_infraestructura": 25.9 }, "geometry": { "type": "Point", "coordinates": [ -64.159805647332007, -31.429699517301898 ] } },
{ "type": "Feature", "properties": { "barrio": "MALDONADO", "poblacion": 8018.0, "hogares": 1873.0, "nbi": 359.0, "pct_nbi": 19.17, "escuelas_total": 7, "escuelas_estatales": 7, "escuelas_privadas": 0, "dispensarios_municipales": 0, "paradas_colectivo": 10, "lineas_colectivo": 2, "luminarias_reportes": 13, "comisarias": 0, "centros_vecinales": 0, "hogares_por_poblacion": 0.234, "poblacion_log": 8.99, "pct_escuelas_privadas": 0.0, "escuelas_por_1000_hab": 0.87, "dispensarios_por_10000_hab": 0.0, "comisarias_por_10000_hab": 0.0, "paradas_por_1000_hab": 1.25, "centros_vecinales_por_10000_hab": 0.0, "tiene_escuela": 1, "tiene_dispensario": 0, "tiene_comisaria": 0, "tiene_transporte": 1, "infraestructura_score": 0.0835, "area_barrio_km2": 1.88, "densidad_poblacional": 4264.89, "densidad_hogares": 996.28, "infraestructura_por_km2": 0.044, "educacion_ratio_publico_privado": 8.0, "cluster_barrio": 2, "cluster_descripcion": "Tipo C (Infr 0.16 - NBI 14.4%)", "categoria_infraestructura": "Baja", "tooltip_barrio": "<b>MALDONADO</b><br>Pob: 8018.0<br>Score: 0.08 (Baja)", "servicios_basicos_score": 0.67, "infraestructura_por_habitante": 0.1041, "ranking_infraestructura": 393, "percentil_infraestructura": 20.5 }, "geometry": { "type": "Point", "coordinates": [ -64.127450781326999, -31.412245483126 ] } },
{ "type": "Feature", "properties": { "barrio": "MANANTIALES I-MANANTIALES II", "poblacion": 500.0, "hogares": 200.0, "nbi": 0.0, "pct_nbi": 0.0, "escuelas_total": 0, "escuelas_estatales": 0, "escuelas_privadas": 0, "dispensarios_municipales": 0, "paradas_colectivo": 1, "lineas_colectivo": 1, "luminarias_reportes": 0, "comisarias": 0, "centros_vecinales": 0, "hogares_por_poblacion": 0.4, "poblacion_log": 6.217, "pct_escuelas_privadas": 0.0, "escuelas_por_1000_hab": 0.0, "dispensarios_por_10000_hab": 0.0, "comisarias_por_10000_hab": 0.0, "paradas_por_1000_hab": 2.0, "centros_vecinales_por_10000_hab": 0.0, "tiene_escuela": 0, "tiene_dispensario": 0, "tiene_comisaria": 0, "tiene_transporte": 1, "infraestructura_score": 0.037, "area_barrio_km2": null, "densidad_poblacional": 0.0, "densidad_hogares": 0.0, "infraestructura_por_km2": 0.0, "educacion_ratio_publico_privado": 1.0, "cluster_barrio": 1, "cluster_descripcion": "Tipo B (Infr 0.14 - NBI 3.0%)", "categoria_infraestructura": "Muy Baja", "tooltip_barrio": "<b>MANANTIALES I-MANANTIALES II</b><br>Pob: 500.0<br>Score: 0.04 (Muy Baja)", "servicios_basicos_score": 0.33, "infraestructura_por_habitante": 0.74, "ranking_infraestructura": 447, "percentil_infraestructura": 9.2 }, "geometry": { "type": "Point", "coordinates": [ -64.227513212621204, -31.450175544294702 ] } },
{ "type": "Feature", "properties": { "barrio": "MARCELO T DE ALVEAR", "poblacion": 2748.0, "hogares": 751.0, "nbi": 48.0, "pct_nbi": 6.39, "escuelas_total": 0, "escuelas_estatales": 0, "escuelas_privadas": 0, "dispensarios_municipales": 0, "paradas_colectivo": 8, "lineas_colectivo": 2, "luminarias_reportes": 263, "comisarias": 0, "centros_vecinales": 1, "hogares_por_poblacion": 0.273, "poblacion_log": 7.919, "pct_escuelas_privadas": 0.0, "escuelas_por_1000_hab": 0.0, "dispensarios_por_10000_hab": 0.0, "comisarias_por_10000_hab": 0.0, "paradas_por_1000_hab": 2.91, "centros_vecinales_por_10000_hab": 3.64, "tiene_escuela": 0, "tiene_dispensario": 0, "tiene_comisaria": 0, "tiene_transporte": 1, "infraestructura_score": 0.0539, "area_barrio_km2": 0.28, "densidad_poblacional": 9814.29, "densidad_hogares": 2682.14, "infraestructura_por_km2": 0.192, "educacion_ratio_publico_privado": 1.0, "cluster_barrio": 1, "cluster_descripcion": "Tipo B (Infr 0.14 - NBI 3.0%)", "categoria_infraestructura": "Muy Baja", "tooltip_barrio": "<b>MARCELO T DE ALVEAR</b><br>Pob: 2748.0<br>Score: 0.05 (Muy Baja)", "servicios_basicos_score": 0.33, "infraestructura_por_habitante": 0.1961, "ranking_infraestructura": 433, "percentil_infraestructura": 12.4 }, "geometry": { "type": "Point", "coordinates": [ -64.1718542573729, -31.368041149278199 ] } },
{ "type": "Feature", "properties": { "barrio": "MARCOS SASTRE", "poblacion": 1104.0, "hogares": 281.0, "nbi": 18.0, "pct_nbi": 6.41, "escuelas_total": 1, "escuelas_estatales": 1, "escuelas_privadas": 0, "dispensarios_municipales": 0, "paradas_colectivo": 11, "lineas_colectivo": 3, "luminarias_reportes": 33, "comisarias": 0, "centros_vecinales": 1, "hogares_por_poblacion": 0.255, "poblacion_log": 7.008, "pct_escuelas_privadas": 0.0, "escuelas_por_1000_hab": 0.91, "dispensarios_por_10000_hab": 0.0, "comisarias_por_10000_hab": 0.0, "paradas_por_1000_hab": 9.96, "centros_vecinales_por_10000_hab": 9.06, "tiene_escuela": 1, "tiene_dispensario": 0, "tiene_comisaria": 0, "tiene_transporte": 1, "infraestructura_score": 0.2476, "area_barrio_km2": 0.17, "densidad_poblacional": 6494.12, "densidad_hogares": 1652.94, "infraestructura_por_km2": 1.456, "educacion_ratio_publico_privado": 2.0, "cluster_barrio": 1, "cluster_descripcion": "Tipo B (Infr 0.14 - NBI 3.0%)", "categoria_infraestructura": "Alta", "tooltip_barrio": "<b>MARCOS SASTRE</b><br>Pob: 1104.0<br>Score: 0.25 (Alta)", "servicios_basicos_score": 0.67, "infraestructura_por_habitante": 2.2428, "ranking_infraestructura": 169, "percentil_infraestructura": 66.0 }, "geometry": { "type": "Point", "coordinates": [ -64.149863964445004, -31.445119005385401 ] } },
{ "type": "Feature", "properties": { "barrio": "MARECHAL", "poblacion": 3557.0, "hogares": 1077.0, "nbi": 61.0, "pct_nbi": 5.66, "escuelas_total": 1, "escuelas_estatales": 1, "escuelas_privadas": 0, "dispensarios_municipales": 0, "paradas_colectivo": 19, "lineas_colectivo": 4, "luminarias_reportes": 20, "comisarias": 0, "centros_vecinales": 1, "hogares_por_poblacion": 0.303, "poblacion_log": 8.177, "pct_escuelas_privadas": 0.0, "escuelas_por_1000_hab": 0.28, "dispensarios_por_10000_hab": 0.0, "comisarias_por_10000_hab": 0.0, "paradas_por_1000_hab": 5.34, "centros_vecinales_por_10000_hab": 2.81, "tiene_escuela": 1, "tiene_dispensario": 0, "tiene_comisaria": 0, "tiene_transporte": 1, "infraestructura_score": 0.1183, "area_barrio_km2": 0.41, "densidad_poblacional": 8675.61, "densidad_hogares": 2626.83, "infraestructura_por_km2": 0.289, "educacion_ratio_publico_privado": 2.0, "cluster_barrio": 1, "cluster_descripcion": "Tipo B (Infr 0.14 - NBI 3.0%)", "categoria_infraestructura": "Baja", "tooltip_barrio": "<b>MARECHAL</b><br>Pob: 3557.0<br>Score: 0.12 (Baja)", "servicios_basicos_score": 0.67, "infraestructura_por_habitante": 0.3326, "ranking_infraestructura": 331, "percentil_infraestructura": 33.1 }, "geometry": { "type": "Point", "coordinates": [ -64.214265251913702, -31.395529223901701 ] } },
{ "type": "Feature", "properties": { "barrio": "MARIA LASTENIA", "poblacion": 500.0, "hogares": 200.0, "nbi": 11.0, "pct_nbi": 5.5, "escuelas_total": 4, "escuelas_estatales": 4, "escuelas_privadas": 0, "dispensarios_municipales": 0, "paradas_colectivo": 20, "lineas_colectivo": 5, "luminarias_reportes": 16, "comisarias": 0, "centros_vecinales": 1, "hogares_por_poblacion": 0.4, "poblacion_log": 6.217, "pct_escuelas_privadas": 0.0, "escuelas_por_1000_hab": 4.8035, "dispensarios_por_10000_hab": 0.0, "comisarias_por_10000_hab": 0.0, "paradas_por_1000_hab": 24.0, "centros_vecinales_por_10000_hab": 20.0, "tiene_escuela": 1, "tiene_dispensario": 0, "tiene_comisaria": 0, "tiene_transporte": 1, "infraestructura_score": 0.7778, "area_barrio_km2": 2.29, "densidad_poblacional": 218.34, "densidad_hogares": 87.34, "infraestructura_por_km2": 0.34, "educacion_ratio_publico_privado": 5.0, "cluster_barrio": 0, "cluster_descripcion": "Tipo A (Infr 0.57 - NBI 4.5%)", "categoria_infraestructura": "Muy Alta", "tooltip_barrio": "<b>MARIA LASTENIA</b><br>Pob: 500.0<br>Score: 0.78 (Muy Alta)", "servicios_basicos_score": 0.67, "infraestructura_por_habitante": 15.556, "ranking_infraestructura": 6, "percentil_infraestructura": 98.5 }, "geometry": { "type": "Point", "coordinates": [ -64.181920702164703, -31.326660354553201 ] } },
{ "type": "Feature", "properties": { "barrio": "MARIANO BALCARCE", "poblacion": 1994.0, "hogares": 656.0, "nbi": 10.0, "pct_nbi": 1.52, "escuelas_total": 1, "escuelas_estatales": 0, "escuelas_privadas": 1, "dispensarios_municipales": 0, "paradas_colectivo": 6, "lineas_colectivo": 7, "luminarias_reportes": 40, "comisarias": 0, "centros_vecinales": 1, "hogares_por_poblacion": 0.329, "poblacion_log": 7.598, "pct_escuelas_privadas": 1.0, "escuelas_por_1000_hab": 0.5, "dispensarios_por_10000_hab": 0.0, "comisarias_por_10000_hab": 0.0, "paradas_por_1000_hab": 3.01, "centros_vecinales_por_10000_hab": 5.02, "tiene_escuela": 1, "tiene_dispensario": 0, "tiene_comisaria": 0, "tiene_transporte": 1, "infraestructura_score": 0.0904, "area_barrio_km2": 0.22, "densidad_poblacional": 9063.64, "densidad_hogares": 2981.82, "infraestructura_por_km2": 0.411, "educacion_ratio_publico_privado": 0.5, "cluster_barrio": 1, "cluster_descripcion": "Tipo B (Infr 0.14 - NBI 3.0%)", "categoria_infraestructura": "Baja", "tooltip_barrio": "<b>MARIANO BALCARCE</b><br>Pob: 1994.0<br>Score: 0.09 (Baja)", "servicios_basicos_score": 0.67, "infraestructura_por_habitante": 0.4534, "ranking_infraestructura": 385, "percentil_infraestructura": 22.3 }, "geometry": { "type": "Point", "coordinates": [ -64.221593149356906, -31.4336980595615 ] } },
{ "type": "Feature", "properties": { "barrio": "MARIANO FRAGUEIRO", "poblacion": 3630.0, "hogares": 963.0, "nbi": 89.0, "pct_nbi": 9.24, "escuelas_total": 3, "escuelas_estatales": 3, "escuelas_privadas": 0, "dispensarios_municipales": 0, "paradas_colectivo": 31, "lineas_colectivo": 8, "luminarias_reportes": 25, "comisarias": 0, "centros_vecinales": 1, "hogares_por_poblacion": 0.265, "poblacion_log": 8.197, "pct_escuelas_privadas": 0.0, "escuelas_por_1000_hab": 0.83, "dispensarios_por_10000_hab": 0.0, "comisarias_por_10000_hab": 0.0, "paradas_por_1000_hab": 8.54, "centros_vecinales_por_10000_hab": 2.75, "tiene_escuela": 1, "tiene_dispensario": 0, "tiene_comisaria": 0, "tiene_transporte": 1, "infraestructura_score": 0.2157, "area_barrio_km2": 0.29, "densidad_poblacional": 12517.24, "densidad_hogares": 3320.69, "infraestructura_por_km2": 0.744, "educacion_ratio_publico_privado": 4.0, "cluster_barrio": 2, "cluster_descripcion": "Tipo C (Infr 0.16 - NBI 14.4%)", "categoria_infraestructura": "Media", "tooltip_barrio": "<b>MARIANO FRAGUEIRO</b><br>Pob: 3630.0<br>Score: 0.22 (Media)", "servicios_basicos_score": 0.67, "infraestructura_por_habitante": 0.5942, "ranking_infraestructura": 205, "percentil_infraestructura": 58.7 }, "geometry": { "type": "Point", "coordinates": [ -64.185670828933297, -31.366072814557199 ] } },
{ "type": "Feature", "properties": { "barrio": "MARQUES ANEXO", "poblacion": 10478.0, "hogares": 2704.0, "nbi": 230.0, "pct_nbi": 8.51, "escuelas_total": 1, "escuelas_estatales": 1, "escuelas_privadas": 0, "dispensarios_municipales": 0, "paradas_colectivo": 0, "lineas_colectivo": 0, "luminarias_reportes": 0, "comisarias": 0, "centros_vecinales": 0, "hogares_por_poblacion": 0.258, "poblacion_log": 9.257, "pct_escuelas_privadas": 0.0, "escuelas_por_1000_hab": 0.1, "dispensarios_por_10000_hab": 0.0, "comisarias_por_10000_hab": 0.0, "paradas_por_1000_hab": 0.0, "centros_vecinales_por_10000_hab": 0.0, "tiene_escuela": 1, "tiene_dispensario": 0, "tiene_comisaria": 0, "tiene_transporte": 0, "infraestructura_score": 0.0069, "area_barrio_km2": 0.61, "densidad_poblacional": 17177.05, "densidad_hogares": 4432.79, "infraestructura_por_km2": 0.011, "educacion_ratio_publico_privado": 2.0, "cluster_barrio": 2, "cluster_descripcion": "Tipo C (Infr 0.16 - NBI 14.4%)", "categoria_infraestructura": "Muy Baja", "tooltip_barrio": "<b>MARQUES ANEXO</b><br>Pob: 10478.0<br>Score: 0.01 (Muy Baja)", "servicios_basicos_score": 0.33, "infraestructura_por_habitante": 0.0066, "ranking_infraestructura": 468, "percentil_infraestructura": 5.5 }, "geometry": { "type": "Point", "coordinates": [ -64.191612669231461, -31.371435791089649 ] } },
{ "type": "Feature", "properties": { "barrio": "MARQUES DE SOBREMONTE", "poblacion": 24608.0, "hogares": 7540.0, "nbi": 340.0, "pct_nbi": 4.51, "escuelas_total": 12, "escuelas_estatales": 8, "escuelas_privadas": 4, "dispensarios_municipales": 1, "paradas_colectivo": 35, "lineas_colectivo": 4, "luminarias_reportes": 1415, "comisarias": 1, "centros_vecinales": 2, "hogares_por_poblacion": 0.306, "poblacion_log": 10.111, "pct_escuelas_privadas": 0.333, "escuelas_por_1000_hab": 0.49, "dispensarios_por_10000_hab": 0.41, "comisarias_por_10000_hab": 0.41, "paradas_por_1000_hab": 1.42, "centros_vecinales_por_10000_hab": 0.81, "tiene_escuela": 1, "tiene_dispensario": 1, "tiene_comisaria": 1, "tiene_transporte": 1, "infraestructura_score": 0.1032, "area_barrio_km2": 2.7, "densidad_poblacional": 9114.07, "densidad_hogares": 2792.59, "infraestructura_por_km2": 0.038, "educacion_ratio_publico_privado": 1.8, "cluster_barrio": 4, "cluster_descripcion": "Tipo E (Infr 0.11 - NBI 5.5%)", "categoria_infraestructura": "Baja", "tooltip_barrio": "<b>MARQUES DE SOBREMONTE</b><br>Pob: 24608.0<br>Score: 0.10 (Baja)", "servicios_basicos_score": 1.0, "infraestructura_por_habitante": 0.0419, "ranking_infraestructura": 371, "percentil_infraestructura": 25.1 }, "geometry": { "type": "Point", "coordinates": [ -64.194027955290551, -31.368628936555549 ] } },
{ "type": "Feature", "properties": { "barrio": "MAULLER", "poblacion": 5734.0, "hogares": 1593.0, "nbi": 125.0, "pct_nbi": 7.85, "escuelas_total": 7, "escuelas_estatales": 7, "escuelas_privadas": 0, "dispensarios_municipales": 0, "paradas_colectivo": 15, "lineas_colectivo": 1, "luminarias_reportes": 0, "comisarias": 1, "centros_vecinales": 3, "hogares_por_poblacion": 0.278, "poblacion_log": 8.654, "pct_escuelas_privadas": 0.0, "escuelas_por_1000_hab": 1.22, "dispensarios_por_10000_hab": 0.0, "comisarias_por_10000_hab": 1.5585, "paradas_por_1000_hab": 2.62, "centros_vecinales_por_10000_hab": 5.23, "tiene_escuela": 1, "tiene_dispensario": 0, "tiene_comisaria": 1, "tiene_transporte": 1, "infraestructura_score": 0.2443, "area_barrio_km2": 0.84, "densidad_poblacional": 6826.19, "densidad_hogares": 1896.43, "infraestructura_por_km2": 0.291, "educacion_ratio_publico_privado": 8.0, "cluster_barrio": 1, "cluster_descripcion": "Tipo B (Infr 0.14 - NBI 3.0%)", "categoria_infraestructura": "Alta", "tooltip_barrio": "<b>MAULLER</b><br>Pob: 5734.0<br>Score: 0.24 (Alta)", "servicios_basicos_score": 0.67, "infraestructura_por_habitante": 0.4261, "ranking_infraestructura": 173, "percentil_infraestructura": 65.2 }, "geometry": { "type": "Point", "coordinates": [ -64.1388534120657, -31.414774668451699 ] } },
{ "type": "Feature", "properties": { "barrio": "MAURIZI", "poblacion": 756.0, "hogares": 255.0, "nbi": 11.0, "pct_nbi": 4.31, "escuelas_total": 1, "escuelas_estatales": 1, "escuelas_privadas": 0, "dispensarios_municipales": 0, "paradas_colectivo": 3, "lineas_colectivo": 3, "luminarias_reportes": 1, "comisarias": 0, "centros_vecinales": 0, "hogares_por_poblacion": 0.337, "poblacion_log": 6.629, "pct_escuelas_privadas": 0.0, "escuelas_por_1000_hab": 1.32, "dispensarios_por_10000_hab": 0.0, "comisarias_por_10000_hab": 0.0, "paradas_por_1000_hab": 3.97, "centros_vecinales_por_10000_hab": 0.0, "tiene_escuela": 1, "tiene_dispensario": 0, "tiene_comisaria": 0, "tiene_transporte": 1, "infraestructura_score": 0.1651, "area_barrio_km2": 0.11, "densidad_poblacional": 6872.73, "densidad_hogares": 2318.18, "infraestructura_por_km2": 1.501, "educacion_ratio_publico_privado": 2.0, "cluster_barrio": 1, "cluster_descripcion": "Tipo B (Infr 0.14 - NBI 3.0%)", "categoria_infraestructura": "Media", "tooltip_barrio": "<b>MAURIZI</b><br>Pob: 756.0<br>Score: 0.17 (Media)", "servicios_basicos_score": 0.67, "infraestructura_por_habitante": 2.1839, "ranking_infraestructura": 261, "percentil_infraestructura": 47.2 }, "geometry": { "type": "Point", "coordinates": [ -64.208159781047399, -31.427417470563899 ] } },
{ "type": "Feature", "properties": { "barrio": "MERCANTIL", "poblacion": 723.0, "hogares": 214.0, "nbi": 3.0, "pct_nbi": 1.4, "escuelas_total": 5, "escuelas_estatales": 4, "escuelas_privadas": 1, "dispensarios_municipales": 0, "paradas_colectivo": 8, "lineas_colectivo": 2, "luminarias_reportes": 87, "comisarias": 0, "centros_vecinales": 0, "hogares_por_poblacion": 0.296, "poblacion_log": 6.585, "pct_escuelas_privadas": 0.2, "escuelas_por_1000_hab": 4.8035, "dispensarios_por_10000_hab": 0.0, "comisarias_por_10000_hab": 0.0, "paradas_por_1000_hab": 11.07, "centros_vecinales_por_10000_hab": 0.0, "tiene_escuela": 1, "tiene_dispensario": 0, "tiene_comisaria": 0, "tiene_transporte": 1, "infraestructura_score": 0.5383, "area_barrio_km2": 0.09, "densidad_poblacional": 8033.33, "densidad_hogares": 2377.78, "infraestructura_por_km2": 5.981, "educacion_ratio_publico_privado": 2.5, "cluster_barrio": 0, "cluster_descripcion": "Tipo A (Infr 0.57 - NBI 4.5%)", "categoria_infraestructura": "Muy Alta", "tooltip_barrio": "<b>MERCANTIL</b><br>Pob: 723.0<br>Score: 0.54 (Muy Alta)", "servicios_basicos_score": 0.67, "infraestructura_por_habitante": 7.4454, "ranking_infraestructura": 41, "percentil_infraestructura": 91.9 }, "geometry": { "type": "Point", "coordinates": [ -64.258703891217095, -31.3183526871751 ] } },
{ "type": "Feature", "properties": { "barrio": "MILITAR GENERAL DEHEZA", "poblacion": 825.0, "hogares": 200.0, "nbi": 2.0, "pct_nbi": 1.0, "escuelas_total": 2, "escuelas_estatales": 2, "escuelas_privadas": 0, "dispensarios_municipales": 0, "paradas_colectivo": 3, "lineas_colectivo": 2, "luminarias_reportes": 0, "comisarias": 0, "centros_vecinales": 0, "hogares_por_poblacion": 0.242, "poblacion_log": 6.717, "pct_escuelas_privadas": 0.0, "escuelas_por_1000_hab": 2.42, "dispensarios_por_10000_hab": 0.0, "comisarias_por_10000_hab": 0.0, "paradas_por_1000_hab": 3.64, "centros_vecinales_por_10000_hab": 0.0, "tiene_escuela": 1, "tiene_dispensario": 0, "tiene_comisaria": 0, "tiene_transporte": 1, "infraestructura_score": 0.2353, "area_barrio_km2": 0.37, "densidad_poblacional": 2229.73, "densidad_hogares": 540.54, "infraestructura_por_km2": 0.636, "educacion_ratio_publico_privado": 3.0, "cluster_barrio": 1, "cluster_descripcion": "Tipo B (Infr 0.14 - NBI 3.0%)", "categoria_infraestructura": "Alta", "tooltip_barrio": "<b>MILITAR GENERAL DEHEZA</b><br>Pob: 825.0<br>Score: 0.24 (Alta)", "servicios_basicos_score": 0.67, "infraestructura_por_habitante": 2.8521, "ranking_infraestructura": 184, "percentil_infraestructura": 63.0 }, "geometry": { "type": "Point", "coordinates": [ -64.271838120499098, -31.396103834301901 ] } },
{ "type": "Feature", "properties": { "barrio": "MIRADOR", "poblacion": 3164.0, "hogares": 956.0, "nbi": 107.0, "pct_nbi": 11.19, "escuelas_total": 0, "escuelas_estatales": 0, "escuelas_privadas": 0, "dispensarios_municipales": 0, "paradas_colectivo": 13, "lineas_colectivo": 4, "luminarias_reportes": 14, "comisarias": 0, "centros_vecinales": 1, "hogares_por_poblacion": 0.302, "poblacion_log": 8.06, "pct_escuelas_privadas": 0.0, "escuelas_por_1000_hab": 0.0, "dispensarios_por_10000_hab": 0.0, "comisarias_por_10000_hab": 0.0, "paradas_por_1000_hab": 4.11, "centros_vecinales_por_10000_hab": 3.16, "tiene_escuela": 0, "tiene_dispensario": 0, "tiene_comisaria": 0, "tiene_transporte": 1, "infraestructura_score": 0.0761, "area_barrio_km2": 0.31, "densidad_poblacional": 10206.45, "densidad_hogares": 3083.87, "infraestructura_por_km2": 0.245, "educacion_ratio_publico_privado": 1.0, "cluster_barrio": 2, "cluster_descripcion": "Tipo C (Infr 0.16 - NBI 14.4%)", "categoria_infraestructura": "Muy Baja", "tooltip_barrio": "<b>MIRADOR</b><br>Pob: 3164.0<br>Score: 0.08 (Muy Baja)", "servicios_basicos_score": 0.33, "infraestructura_por_habitante": 0.2405, "ranking_infraestructura": 403, "percentil_infraestructura": 18.6 }, "geometry": { "type": "Point", "coordinates": [ -64.138580494946794, -31.428913305405501 ] } },
{ "type": "Feature", "properties": { "barrio": "MIRADOR DEL CHATEAU", "poblacion": 754.0, "hogares": 288.0, "nbi": 0.0, "pct_nbi": 0.0, "escuelas_total": 0, "escuelas_estatales": 0, "escuelas_privadas": 0, "dispensarios_municipales": 0, "paradas_colectivo": 10, "lineas_colectivo": 4, "luminarias_reportes": 71, "comisarias": 0, "centros_vecinales": 1, "hogares_por_poblacion": 0.382, "poblacion_log": 6.627, "pct_escuelas_privadas": 0.0, "escuelas_por_1000_hab": 0.0, "dispensarios_por_10000_hab": 0.0, "comisarias_por_10000_hab": 0.0, "paradas_por_1000_hab": 13.26, "centros_vecinales_por_10000_hab": 13.26, "tiene_escuela": 0, "tiene_dispensario": 0, "tiene_comisaria": 0, "tiene_transporte": 1, "infraestructura_score": 0.2456, "area_barrio_km2": 0.5, "densidad_poblacional": 1508.0, "densidad_hogares": 576.0, "infraestructura_por_km2": 0.491, "educacion_ratio_publico_privado": 1.0, "cluster_barrio": 3, "cluster_descripcion": "Tipo D (Infr 0.40 - NBI 2.8%)", "categoria_infraestructura": "Alta", "tooltip_barrio": "<b>MIRADOR DEL CHATEAU</b><br>Pob: 754.0<br>Score: 0.25 (Alta)", "servicios_basicos_score": 0.33, "infraestructura_por_habitante": 3.2573, "ranking_infraestructura": 171, "percentil_infraestructura": 65.6 }, "geometry": { "type": "Point", "coordinates": [ -64.262489670154707, -31.385114152134548 ] } },
{ "type": "Feature", "properties": { "barrio": "MIRALTA", "poblacion": 3528.0, "hogares": 889.0, "nbi": 145.0, "pct_nbi": 16.31, "escuelas_total": 0, "escuelas_estatales": 0, "escuelas_privadas": 0, "dispensarios_municipales": 1, "paradas_colectivo": 10, "lineas_colectivo": 2, "luminarias_reportes": 5, "comisarias": 0, "centros_vecinales": 2, "hogares_por_poblacion": 0.252, "poblacion_log": 8.169, "pct_escuelas_privadas": 0.0, "escuelas_por_1000_hab": 0.0, "dispensarios_por_10000_hab": 2.83, "comisarias_por_10000_hab": 0.0, "paradas_por_1000_hab": 2.83, "centros_vecinales_por_10000_hab": 5.67, "tiene_escuela": 0, "tiene_dispensario": 1, "tiene_comisaria": 0, "tiene_transporte": 1, "infraestructura_score": 0.1469, "area_barrio_km2": 0.34, "densidad_poblacional": 10376.47, "densidad_hogares": 2614.71, "infraestructura_por_km2": 0.432, "educacion_ratio_publico_privado": 1.0, "cluster_barrio": 2, "cluster_descripcion": "Tipo C (Infr 0.16 - NBI 14.4%)", "categoria_infraestructura": "Baja", "tooltip_barrio": "<b>MIRALTA</b><br>Pob: 3528.0<br>Score: 0.15 (Baja)", "servicios_basicos_score": 0.67, "infraestructura_por_habitante": 0.4164, "ranking_infraestructura": 298, "percentil_infraestructura": 39.9 }, "geometry": { "type": "Point", "coordinates": [ -64.112222744239702, -31.424436450164698 ] } },
{ "type": "Feature", "properties": { "barrio": "MIRIZZI", "poblacion": 693.0, "hogares": 200.0, "nbi": 17.0, "pct_nbi": 8.5, "escuelas_total": 3, "escuelas_estatales": 3, "escuelas_privadas": 0, "dispensarios_municipales": 0, "paradas_colectivo": 19, "lineas_colectivo": 5, "luminarias_reportes": 12, "comisarias": 0, "centros_vecinales": 2, "hogares_por_poblacion": 0.289, "poblacion_log": 6.542, "pct_escuelas_privadas": 0.0, "escuelas_por_1000_hab": 4.33, "dispensarios_por_10000_hab": 0.0, "comisarias_por_10000_hab": 0.0, "paradas_por_1000_hab": 24.0, "centros_vecinales_por_10000_hab": 28.86, "tiene_escuela": 1, "tiene_dispensario": 0, "tiene_comisaria": 0, "tiene_transporte": 1, "infraestructura_score": 0.7449, "area_barrio_km2": 0.24, "densidad_poblacional": 2887.5, "densidad_hogares": 833.33, "infraestructura_por_km2": 3.104, "educacion_ratio_publico_privado": 4.0, "cluster_barrio": 0, "cluster_descripcion": "Tipo A (Infr 0.57 - NBI 4.5%)", "categoria_infraestructura": "Muy Alta", "tooltip_barrio": "<b>MIRIZZI</b><br>Pob: 693.0<br>Score: 0.74 (Muy Alta)", "servicios_basicos_score": 0.67, "infraestructura_por_habitante": 10.7489, "ranking_infraestructura": 12, "percentil_infraestructura": 97.8 }, "geometry": { "type": "Point", "coordinates": [ -64.205844332568404, -31.473677699954699 ] } },
{ "type": "Feature", "properties": { "barrio": "MUTUAL DE LOS DOCENTES", "poblacion": 729.0, "hogares": 205.0, "nbi": 1.0, "pct_nbi": 0.49, "escuelas_total": 0, "escuelas_estatales": 0, "escuelas_privadas": 0, "dispensarios_municipales": 0, "paradas_colectivo": 3, "lineas_colectivo": 1, "luminarias_reportes": 54, "comisarias": 0, "centros_vecinales": 0, "hogares_por_poblacion": 0.281, "poblacion_log": 6.593, "pct_escuelas_privadas": 0.0, "escuelas_por_1000_hab": 0.0, "dispensarios_por_10000_hab": 0.0, "comisarias_por_10000_hab": 0.0, "paradas_por_1000_hab": 4.12, "centros_vecinales_por_10000_hab": 0.0, "tiene_escuela": 0, "tiene_dispensario": 0, "tiene_comisaria": 0, "tiene_transporte": 1, "infraestructura_score": 0.0763, "area_barrio_km2": 0.2, "densidad_poblacional": 3645.0, "densidad_hogares": 1025.0, "infraestructura_por_km2": 0.382, "educacion_ratio_publico_privado": 1.0, "cluster_barrio": 1, "cluster_descripcion": "Tipo B (Infr 0.14 - NBI 3.0%)", "categoria_infraestructura": "Muy Baja", "tooltip_barrio": "<b>MUTUAL DE LOS DOCENTES</b><br>Pob: 729.0<br>Score: 0.08 (Muy Baja)", "servicios_basicos_score": 0.33, "infraestructura_por_habitante": 1.0466, "ranking_infraestructura": 402, "percentil_infraestructura": 18.8 }, "geometry": { "type": "Point", "coordinates": [ -64.224130061235698, -31.456900459757499 ] } },
{ "type": "Feature", "properties": { "barrio": "NICOLAS AVELLANEDA", "poblacion": 1782.0, "hogares": 492.0, "nbi": 16.0, "pct_nbi": 3.25, "escuelas_total": 6, "escuelas_estatales": 6, "escuelas_privadas": 0, "dispensarios_municipales": 1, "paradas_colectivo": 14, "lineas_colectivo": 5, "luminarias_reportes": 10, "comisarias": 0, "centros_vecinales": 2, "hogares_por_poblacion": 0.276, "poblacion_log": 7.486, "pct_escuelas_privadas": 0.0, "escuelas_por_1000_hab": 3.37, "dispensarios_por_10000_hab": 5.61, "comisarias_por_10000_hab": 0.0, "paradas_por_1000_hab": 7.86, "centros_vecinales_por_10000_hab": 11.22, "tiene_escuela": 1, "tiene_dispensario": 1, "tiene_comisaria": 0, "tiene_transporte": 1, "infraestructura_score": 0.5667, "area_barrio_km2": 0.17, "densidad_poblacional": 10482.35, "densidad_hogares": 2894.12, "infraestructura_por_km2": 3.334, "educacion_ratio_publico_privado": 7.0, "cluster_barrio": 0, "cluster_descripcion": "Tipo A (Infr 0.57 - NBI 4.5%)", "categoria_infraestructura": "Muy Alta", "tooltip_barrio": "<b>NICOLAS AVELLANEDA</b><br>Pob: 1782.0<br>Score: 0.57 (Muy Alta)", "servicios_basicos_score": 1.0, "infraestructura_por_habitante": 3.1801, "ranking_infraestructura": 35, "percentil_infraestructura": 93.1 }, "geometry": { "type": "Point", "coordinates": [ -64.103709947958194, -31.462315474899601 ] } },
{ "type": "Feature", "properties": { "barrio": "NUESTRO HOGAR I", "poblacion": 595.0, "hogares": 200.0, "nbi": 18.0, "pct_nbi": 9.0, "escuelas_total": 0, "escuelas_estatales": 0, "escuelas_privadas": 0, "dispensarios_municipales": 1, "paradas_colectivo": 17, "lineas_colectivo": 4, "luminarias_reportes": 0, "comisarias": 0, "centros_vecinales": 1, "hogares_por_poblacion": 0.336, "poblacion_log": 6.39, "pct_escuelas_privadas": 0.0, "escuelas_por_1000_hab": 0.0, "dispensarios_por_10000_hab": 6.657, "comisarias_por_10000_hab": 0.0, "paradas_por_1000_hab": 24.0, "centros_vecinales_por_10000_hab": 16.81, "tiene_escuela": 0, "tiene_dispensario": 1, "tiene_comisaria": 0, "tiene_transporte": 1, "infraestructura_score": 0.6667, "area_barrio_km2": 0.07, "densidad_poblacional": 8500.0, "densidad_hogares": 2857.14, "infraestructura_por_km2": 9.524, "educacion_ratio_publico_privado": 1.0, "cluster_barrio": 3, "cluster_descripcion": "Tipo D (Infr 0.40 - NBI 2.8%)", "categoria_infraestructura": "Muy Alta", "tooltip_barrio": "<b>NUESTRO HOGAR I</b><br>Pob: 595.0<br>Score: 0.67 (Muy Alta)", "servicios_basicos_score": 0.67, "infraestructura_por_habitante": 11.205, "ranking_infraestructura": 20, "percentil_infraestructura": 95.9 }, "geometry": { "type": "Point", "coordinates": [ -64.148980939281103, -31.4713698368511 ] } },
{ "type": "Feature", "properties": { "barrio": "NUESTRO HOGAR II", "poblacion": 861.0, "hogares": 209.0, "nbi": 33.0, "pct_nbi": 15.79, "escuelas_total": 4, "escuelas_estatales": 4, "escuelas_privadas": 0, "dispensarios_municipales": 0, "paradas_colectivo": 9, "lineas_colectivo": 2, "luminarias_reportes": 0, "comisarias": 0, "centros_vecinales": 1, "hogares_por_poblacion": 0.243, "poblacion_log": 6.759, "pct_escuelas_privadas": 0.0, "escuelas_por_1000_hab": 4.65, "dispensarios_por_10000_hab": 0.0, "comisarias_por_10000_hab": 0.0, "paradas_por_1000_hab": 10.45, "centros_vecinales_por_10000_hab": 11.61, "tiene_escuela": 1, "tiene_dispensario": 0, "tiene_comisaria": 0, "tiene_transporte": 1, "infraestructura_score": 0.5162, "area_barrio_km2": 0.13, "densidad_poblacional": 6623.08, "densidad_hogares": 1607.69, "infraestructura_por_km2": 3.971, "educacion_ratio_publico_privado": 5.0, "cluster_barrio": 0, "cluster_descripcion": "Tipo A (Infr 0.57 - NBI 4.5%)", "categoria_infraestructura": "Muy Alta", "tooltip_barrio": "<b>NUESTRO HOGAR II</b><br>Pob: 861.0<br>Score: 0.52 (Muy Alta)", "servicios_basicos_score": 0.67, "infraestructura_por_habitante": 5.9954, "ranking_infraestructura": 46, "percentil_infraestructura": 90.9 }, "geometry": { "type": "Point", "coordinates": [ -64.098225340701305, -31.387682870043999 ] } },
{ "type": "Feature", "properties": { "barrio": "NUESTRO HOGAR III", "poblacion": 11140.0, "hogares": 2788.0, "nbi": 610.0, "pct_nbi": 21.88, "escuelas_total": 1, "escuelas_estatales": 1, "escuelas_privadas": 0, "dispensarios_municipales": 1, "paradas_colectivo": 18, "lineas_colectivo": 1, "luminarias_reportes": 3, "comisarias": 0, "centros_vecinales": 2, "hogares_por_poblacion": 0.25, "poblacion_log": 9.318, "pct_escuelas_privadas": 0.0, "escuelas_por_1000_hab": 0.09, "dispensarios_por_10000_hab": 0.9, "comisarias_por_10000_hab": 0.0, "paradas_por_1000_hab": 1.62, "centros_vecinales_por_10000_hab": 1.8, "tiene_escuela": 1, "tiene_dispensario": 1, "tiene_comisaria": 0, "tiene_transporte": 1, "infraestructura_score": 0.0663, "area_barrio_km2": 0.63, "densidad_poblacional": 17682.54, "densidad_hogares": 4425.4, "infraestructura_por_km2": 0.105, "educacion_ratio_publico_privado": 2.0, "cluster_barrio": 2, "cluster_descripcion": "Tipo C (Infr 0.16 - NBI 14.4%)", "categoria_infraestructura": "Muy Baja", "tooltip_barrio": "<b>NUESTRO HOGAR III</b><br>Pob: 11140.0<br>Score: 0.07 (Muy Baja)", "servicios_basicos_score": 1.0, "infraestructura_por_habitante": 0.0595, "ranking_infraestructura": 424, "percentil_infraestructura": 14.4 }, "geometry": { "type": "Point", "coordinates": [ -64.199822373738144, -31.500914714046051 ] } },
{ "type": "Feature", "properties": { "barrio": "NUEVA CORDOBA", "poblacion": 37055.0, "hogares": 20000.0, "nbi": 245.0, "pct_nbi": 1.23, "escuelas_total": 21, "escuelas_estatales": 8, "escuelas_privadas": 13, "dispensarios_municipales": 0, "paradas_colectivo": 44, "lineas_colectivo": 34, "luminarias_reportes": 344, "comisarias": 1, "centros_vecinales": 1, "hogares_por_poblacion": 0.54, "poblacion_log": 10.52, "pct_escuelas_privadas": 0.619, "escuelas_por_1000_hab": 0.57, "dispensarios_por_10000_hab": 0.0, "comisarias_por_10000_hab": 0.27, "paradas_por_1000_hab": 1.19, "centros_vecinales_por_10000_hab": 0.27, "tiene_escuela": 1, "tiene_dispensario": 0, "tiene_comisaria": 1, "tiene_transporte": 1, "infraestructura_score": 0.0808, "area_barrio_km2": 1.24, "densidad_poblacional": 29883.06, "densidad_hogares": 16129.03, "infraestructura_por_km2": 0.065, "educacion_ratio_publico_privado": 0.64, "cluster_barrio": 4, "cluster_descripcion": "Tipo E (Infr 0.11 - NBI 5.5%)", "categoria_infraestructura": "Muy Baja", "tooltip_barrio": "<b>NUEVA CORDOBA</b><br>Pob: 37055.0<br>Score: 0.08 (Muy Baja)", "servicios_basicos_score": 0.67, "infraestructura_por_habitante": 0.0218, "ranking_infraestructura": 398, "percentil_infraestructura": 19.6 }, "geometry": { "type": "Point", "coordinates": [ -64.186098312365004, -31.426755004301999 ] } },
{ "type": "Feature", "properties": { "barrio": "NUEVA CORDOBA ANEXA", "poblacion": 1582.0, "hogares": 500.0, "nbi": 6.0, "pct_nbi": 1.2, "escuelas_total": 0, "escuelas_estatales": 0, "escuelas_privadas": 0, "dispensarios_municipales": 1, "paradas_colectivo": 8, "lineas_colectivo": 4, "luminarias_reportes": 0, "comisarias": 0, "centros_vecinales": 1, "hogares_por_poblacion": 0.316, "poblacion_log": 7.367, "pct_escuelas_privadas": 0.0, "escuelas_por_1000_hab": 0.0, "dispensarios_por_10000_hab": 6.32, "comisarias_por_10000_hab": 0.0, "paradas_por_1000_hab": 5.06, "centros_vecinales_por_10000_hab": 6.32, "tiene_escuela": 0, "tiene_dispensario": 1, "tiene_comisaria": 0, "tiene_transporte": 1, "infraestructura_score": 0.3047, "area_barrio_km2": 0.19, "densidad_poblacional": 8326.32, "densidad_hogares": 2631.58, "infraestructura_por_km2": 1.604, "educacion_ratio_publico_privado": 1.0, "cluster_barrio": 1, "cluster_descripcion": "Tipo B (Infr 0.14 - NBI 3.0%)", "categoria_infraestructura": "Alta", "tooltip_barrio": "<b>NUEVA CORDOBA ANEXA</b><br>Pob: 1582.0<br>Score: 0.30 (Alta)", "servicios_basicos_score": 0.67, "infraestructura_por_habitante": 1.926, "ranking_infraestructura": 125, "percentil_infraestructura": 74.9 }, "geometry": { "type": "Point", "coordinates": [ -64.164017889066002, -31.436348182683702 ] } },
{ "type": "Feature", "properties": { "barrio": "NUEVA ITALIA", "poblacion": 3347.0, "hogares": 988.0, "nbi": 54.0, "pct_nbi": 5.47, "escuelas_total": 4, "escuelas_estatales": 1, "escuelas_privadas": 3, "dispensarios_municipales": 0, "paradas_colectivo": 5, "lineas_colectivo": 1, "luminarias_reportes": 308, "comisarias": 0, "centros_vecinales": 0, "hogares_por_poblacion": 0.295, "poblacion_log": 8.116, "pct_escuelas_privadas": 0.75, "escuelas_por_1000_hab": 1.2, "dispensarios_por_10000_hab": 0.0, "comisarias_por_10000_hab": 0.0, "paradas_por_1000_hab": 1.49, "centros_vecinales_por_10000_hab": 0.0, "tiene_escuela": 1, "tiene_dispensario": 0, "tiene_comisaria": 0, "tiene_transporte": 1, "infraestructura_score": 0.1109, "area_barrio_km2": 0.44, "densidad_poblacional": 7606.82, "densidad_hogares": 2245.45, "infraestructura_por_km2": 0.252, "educacion_ratio_publico_privado": 0.5, "cluster_barrio": 1, "cluster_descripcion": "Tipo B (Infr 0.14 - NBI 3.0%)", "categoria_infraestructura": "Baja", "tooltip_barrio": "<b>NUEVA ITALIA</b><br>Pob: 3347.0<br>Score: 0.11 (Baja)", "servicios_basicos_score": 0.67, "infraestructura_por_habitante": 0.3313, "ranking_infraestructura": 356, "percentil_infraestructura": 28.1 }, "geometry": { "type": "Point", "coordinates": [ -64.145272221827796, -31.385955030077699 ] } },
{ "type": "Feature", "properties": { "barrio": "NUEVO URCA", "poblacion": 500.0, "hogares": 200.0, "nbi": 0.0, "pct_nbi": 0.0, "escuelas_total": 0, "escuelas_estatales": 0, "escuelas_privadas": 0, "dispensarios_municipales": 0, "paradas_colectivo": 4, "lineas_colectivo": 1, "luminarias_reportes": 120, "comisarias": 0, "centros_vecinales": 1, "hogares_por_poblacion": 0.4, "poblacion_log": 6.217, "pct_escuelas_privadas": 0.0, "escuelas_por_1000_hab": 0.0, "dispensarios_por_10000_hab": 0.0, "comisarias_por_10000_hab": 0.0, "paradas_por_1000_hab": 8.0, "centros_vecinales_por_10000_hab": 20.0, "tiene_escuela": 0, "tiene_dispensario": 0, "tiene_comisaria": 0, "tiene_transporte": 1, "infraestructura_score": 0.1481, "area_barrio_km2": 0.23, "densidad_poblacional": 2173.91, "densidad_hogares": 869.57, "infraestructura_por_km2": 0.644, "educacion_ratio_publico_privado": 1.0, "cluster_barrio": 1, "cluster_descripcion": "Tipo B (Infr 0.14 - NBI 3.0%)", "categoria_infraestructura": "Media", "tooltip_barrio": "<b>NUEVO URCA</b><br>Pob: 500.0<br>Score: 0.15 (Media)", "servicios_basicos_score": 0.33, "infraestructura_por_habitante": 2.962, "ranking_infraestructura": 288, "percentil_infraestructura": 41.2 }, "geometry": { "type": "Point", "coordinates": [ -64.267490568659895, -31.382847547197901 ] } },
{ "type": "Feature", "properties": { "barrio": "OBRERO", "poblacion": 2481.0, "hogares": 919.0, "nbi": 13.0, "pct_nbi": 1.41, "escuelas_total": 0, "escuelas_estatales": 0, "escuelas_privadas": 0, "dispensarios_municipales": 1, "paradas_colectivo": 21, "lineas_colectivo": 13, "luminarias_reportes": 244, "comisarias": 0, "centros_vecinales": 1, "hogares_por_poblacion": 0.37, "poblacion_log": 7.817, "pct_escuelas_privadas": 0.0, "escuelas_por_1000_hab": 0.0, "dispensarios_por_10000_hab": 4.03, "comisarias_por_10000_hab": 0.0, "paradas_por_1000_hab": 8.46, "centros_vecinales_por_10000_hab": 4.03, "tiene_escuela": 0, "tiene_dispensario": 1, "tiene_comisaria": 0, "tiene_transporte": 1, "infraestructura_score": 0.2912, "area_barrio_km2": 0.29, "densidad_poblacional": 8555.17, "densidad_hogares": 3168.97, "infraestructura_por_km2": 1.004, "educacion_ratio_publico_privado": 1.0, "cluster_barrio": 1, "cluster_descripcion": "Tipo B (Infr 0.14 - NBI 3.0%)", "categoria_infraestructura": "Alta", "tooltip_barrio": "<b>OBRERO</b><br>Pob: 2481.0<br>Score: 0.29 (Alta)", "servicios_basicos_score": 0.67, "infraestructura_por_habitante": 1.1737, "ranking_infraestructura": 142, "percentil_infraestructura": 71.5 }, "geometry": { "type": "Point", "coordinates": [ -64.212220088355707, -31.413433506470898 ] } },
{ "type": "Feature", "properties": { "barrio": "OBSERVATORIO", "poblacion": 6616.0, "hogares": 2360.0, "nbi": 128.0, "pct_nbi": 5.42, "escuelas_total": 7, "escuelas_estatales": 3, "escuelas_privadas": 4, "dispensarios_municipales": 0, "paradas_colectivo": 10, "lineas_colectivo": 5, "luminarias_reportes": 100, "comisarias": 0, "centros_vecinales": 1, "hogares_por_poblacion": 0.357, "poblacion_log": 8.797, "pct_escuelas_privadas": 0.571, "escuelas_por_1000_hab": 1.06, "dispensarios_por_10000_hab": 0.0, "comisarias_por_10000_hab": 0.0, "paradas_por_1000_hab": 1.51, "centros_vecinales_por_10000_hab": 1.51, "tiene_escuela": 1, "tiene_dispensario": 0, "tiene_comisaria": 0, "tiene_transporte": 1, "infraestructura_score": 0.1015, "area_barrio_km2": 0.81, "densidad_poblacional": 8167.9, "densidad_hogares": 2913.58, "infraestructura_por_km2": 0.125, "educacion_ratio_publico_privado": 0.8, "cluster_barrio": 1, "cluster_descripcion": "Tipo B (Infr 0.14 - NBI 3.0%)", "categoria_infraestructura": "Baja", "tooltip_barrio": "<b>OBSERVATORIO</b><br>Pob: 6616.0<br>Score: 0.10 (Baja)", "servicios_basicos_score": 0.67, "infraestructura_por_habitante": 0.1534, "ranking_infraestructura": 375, "percentil_infraestructura": 24.3 }, "geometry": { "type": "Point", "coordinates": [ -64.202882347086401, -31.423136195629301 ] } },
{ "type": "Feature", "properties": { "barrio": "OMBU", "poblacion": 1681.0, "hogares": 567.0, "nbi": 5.0, "pct_nbi": 0.88, "escuelas_total": 0, "escuelas_estatales": 0, "escuelas_privadas": 0, "dispensarios_municipales": 0, "paradas_colectivo": 12, "lineas_colectivo": 11, "luminarias_reportes": 234, "comisarias": 0, "centros_vecinales": 1, "hogares_por_poblacion": 0.337, "poblacion_log": 7.428, "pct_escuelas_privadas": 0.0, "escuelas_por_1000_hab": 0.0, "dispensarios_por_10000_hab": 0.0, "comisarias_por_10000_hab": 0.0, "paradas_por_1000_hab": 7.14, "centros_vecinales_por_10000_hab": 5.95, "tiene_escuela": 0, "tiene_dispensario": 0, "tiene_comisaria": 0, "tiene_transporte": 1, "infraestructura_score": 0.1322, "area_barrio_km2": 0.29, "densidad_poblacional": 5796.55, "densidad_hogares": 1955.17, "infraestructura_por_km2": 0.456, "educacion_ratio_publico_privado": 1.0, "cluster_barrio": 1, "cluster_descripcion": "Tipo B (Infr 0.14 - NBI 3.0%)", "categoria_infraestructura": "Baja", "tooltip_barrio": "<b>OMBU</b><br>Pob: 1681.0<br>Score: 0.13 (Baja)", "servicios_basicos_score": 0.33, "infraestructura_por_habitante": 0.7864, "ranking_infraestructura": 315, "percentil_infraestructura": 36.4 }, "geometry": { "type": "Point", "coordinates": [ -64.217536936629998, -31.389320277386201 ] } },
{ "type": "Feature", "properties": { "barrio": "ONA", "poblacion": 1333.0, "hogares": 405.0, "nbi": 9.0, "pct_nbi": 2.22, "escuelas_total": 7, "escuelas_estatales": 4, "escuelas_privadas": 3, "dispensarios_municipales": 0, "paradas_colectivo": 7, "lineas_colectivo": 3, "luminarias_reportes": 0, "comisarias": 0, "centros_vecinales": 2, "hogares_por_poblacion": 0.304, "poblacion_log": 7.196, "pct_escuelas_privadas": 0.429, "escuelas_por_1000_hab": 4.8035, "dispensarios_por_10000_hab": 0.0, "comisarias_por_10000_hab": 0.0, "paradas_por_1000_hab": 5.25, "centros_vecinales_por_10000_hab": 15.0, "tiene_escuela": 1, "tiene_dispensario": 0, "tiene_comisaria": 0, "tiene_transporte": 1, "infraestructura_score": 0.4306, "area_barrio_km2": 0.22, "densidad_poblacional": 6059.09, "densidad_hogares": 1840.91, "infraestructura_por_km2": 1.957, "educacion_ratio_publico_privado": 1.25, "cluster_barrio": 0, "cluster_descripcion": "Tipo A (Infr 0.57 - NBI 4.5%)", "categoria_infraestructura": "Muy Alta", "tooltip_barrio": "<b>ONA</b><br>Pob: 1333.0<br>Score: 0.43 (Muy Alta)", "servicios_basicos_score": 0.67, "infraestructura_por_habitante": 3.2303, "ranking_infraestructura": 72, "percentil_infraestructura": 85.6 }, "geometry": { "type": "Point", "coordinates": [ -64.165399184834897, -31.4492916492839 ] } },
{ "type": "Feature", "properties": { "barrio": "OSN", "poblacion": 1993.0, "hogares": 575.0, "nbi": 8.0, "pct_nbi": 1.39, "escuelas_total": 0, "escuelas_estatales": 0, "escuelas_privadas": 0, "dispensarios_municipales": 0, "paradas_colectivo": 11, "lineas_colectivo": 4, "luminarias_reportes": 35, "comisarias": 0, "centros_vecinales": 1, "hogares_por_poblacion": 0.289, "poblacion_log": 7.598, "pct_escuelas_privadas": 0.0, "escuelas_por_1000_hab": 0.0, "dispensarios_por_10000_hab": 0.0, "comisarias_por_10000_hab": 0.0, "paradas_por_1000_hab": 5.52, "centros_vecinales_por_10000_hab": 5.02, "tiene_escuela": 0, "tiene_dispensario": 0, "tiene_comisaria": 0, "tiene_transporte": 1, "infraestructura_score": 0.1022, "area_barrio_km2": 0.14, "densidad_poblacional": 14235.71, "densidad_hogares": 4107.14, "infraestructura_por_km2": 0.73, "educacion_ratio_publico_privado": 1.0, "cluster_barrio": 1, "cluster_descripcion": "Tipo B (Infr 0.14 - NBI 3.0%)", "categoria_infraestructura": "Baja", "tooltip_barrio": "<b>OSN</b><br>Pob: 1993.0<br>Score: 0.10 (Baja)", "servicios_basicos_score": 0.33, "infraestructura_por_habitante": 0.5128, "ranking_infraestructura": 373, "percentil_infraestructura": 24.7 }, "geometry": { "type": "Point", "coordinates": [ -64.158241257610001, -31.459904377305101 ] } },
{ "type": "Feature", "properties": { "barrio": "PADRE CLARET", "poblacion": 871.0, "hogares": 256.0, "nbi": 0.0, "pct_nbi": 0.0, "escuelas_total": 6, "escuelas_estatales": 0, "escuelas_privadas": 6, "dispensarios_municipales": 0, "paradas_colectivo": 10, "lineas_colectivo": 13, "luminarias_reportes": 48, "comisarias": 0, "centros_vecinales": 1, "hogares_por_poblacion": 0.294, "poblacion_log": 6.771, "pct_escuelas_privadas": 1.0, "escuelas_por_1000_hab": 4.8035, "dispensarios_por_10000_hab": 0.0, "comisarias_por_10000_hab": 0.0, "paradas_por_1000_hab": 11.48, "centros_vecinales_por_10000_hab": 11.48, "tiene_escuela": 1, "tiene_dispensario": 0, "tiene_comisaria": 0, "tiene_transporte": 1, "infraestructura_score": 0.5459, "area_barrio_km2": 0.32, "densidad_poblacional": 2721.88, "densidad_hogares": 800.0, "infraestructura_por_km2": 1.706, "educacion_ratio_publico_privado": 0.14, "cluster_barrio": 0, "cluster_descripcion": "Tipo A (Infr 0.57 - NBI 4.5%)", "categoria_infraestructura": "Muy Alta", "tooltip_barrio": "<b>PADRE CLARET</b><br>Pob: 871.0<br>Score: 0.55 (Muy Alta)", "servicios_basicos_score": 0.67, "infraestructura_por_habitante": 6.2675, "ranking_infraestructura": 38, "percentil_infraestructura": 92.5 }, "geometry": { "type": "Point", "coordinates": [ -64.237238422405994, -31.3544915100643 ] } },
{ "type": "Feature", "properties": { "barrio": "PALERMO BAJO", "poblacion": 1909.0, "hogares": 666.0, "nbi": 3.0, "pct_nbi": 0.45, "escuelas_total": 0, "escuelas_estatales": 0, "escuelas_privadas": 0, "dispensarios_municipales": 0, "paradas_colectivo": 21, "lineas_colectivo": 5, "luminarias_reportes": 0, "comisarias": 0, "centros_vecinales": 0, "hogares_por_poblacion": 0.349, "poblacion_log": 7.555, "pct_escuelas_privadas": 0.0, "escuelas_por_1000_hab": 0.0, "dispensarios_por_10000_hab": 0.0, "comisarias_por_10000_hab": 0.0, "paradas_por_1000_hab": 11.0, "centros_vecinales_por_10000_hab": 0.0, "tiene_escuela": 0, "tiene_dispensario": 0, "tiene_comisaria": 0, "tiene_transporte": 1, "infraestructura_score": 0.2037, "area_barrio_km2": 0.37, "densidad_poblacional": 5159.46, "densidad_hogares": 1800.0, "infraestructura_por_km2": 0.551, "educacion_ratio_publico_privado": 1.0, "cluster_barrio": 1, "cluster_descripcion": "Tipo B (Infr 0.14 - NBI 3.0%)", "categoria_infraestructura": "Media", "tooltip_barrio": "<b>PALERMO BAJO</b><br>Pob: 1909.0<br>Score: 0.20 (Media)", "servicios_basicos_score": 0.33, "infraestructura_por_habitante": 1.0671, "ranking_infraestructura": 216, "percentil_infraestructura": 56.5 }, "geometry": { "type": "Point", "coordinates": [ -64.224618552733702, -31.3869413360447 ] } },
{ "type": "Feature", "properties": { "barrio": "PALMAR", "poblacion": 1025.0, "hogares": 283.0, "nbi": 10.0, "pct_nbi": 3.53, "escuelas_total": 2, "escuelas_estatales": 2, "escuelas_privadas": 0, "dispensarios_municipales": 0, "paradas_colectivo": 3, "lineas_colectivo": 1, "luminarias_reportes": 55, "comisarias": 0, "centros_vecinales": 1, "hogares_por_poblacion": 0.276, "poblacion_log": 6.933, "pct_escuelas_privadas": 0.0, "escuelas_por_1000_hab": 1.95, "dispensarios_por_10000_hab": 0.0, "comisarias_por_10000_hab": 0.0, "paradas_por_1000_hab": 2.93, "centros_vecinales_por_10000_hab": 9.76, "tiene_escuela": 1, "tiene_dispensario": 0, "tiene_comisaria": 0, "tiene_transporte": 1, "infraestructura_score": 0.1896, "area_barrio_km2": 0.24, "densidad_poblacional": 4270.83, "densidad_hogares": 1179.17, "infraestructura_por_km2": 0.79, "educacion_ratio_publico_privado": 3.0, "cluster_barrio": 1, "cluster_descripcion": "Tipo B (Infr 0.14 - NBI 3.0%)", "categoria_infraestructura": "Media", "tooltip_barrio": "<b>PALMAR</b><br>Pob: 1025.0<br>Score: 0.19 (Media)", "servicios_basicos_score": 0.67, "infraestructura_por_habitante": 1.8498, "ranking_infraestructura": 233, "percentil_infraestructura": 53.0 }, "geometry": { "type": "Point", "coordinates": [ -64.124670196820702, -31.389975772145299 ] } },
{ "type": "Feature", "properties": { "barrio": "PALMAS DEL CLARET", "poblacion": 623.0, "hogares": 211.0, "nbi": 0.0, "pct_nbi": 0.0, "escuelas_total": 0, "escuelas_estatales": 0, "escuelas_privadas": 0, "dispensarios_municipales": 0, "paradas_colectivo": 1, "lineas_colectivo": 1, "luminarias_reportes": 0, "comisarias": 0, "centros_vecinales": 0, "hogares_por_poblacion": 0.339, "poblacion_log": 6.436, "pct_escuelas_privadas": 0.0, "escuelas_por_1000_hab": 0.0, "dispensarios_por_10000_hab": 0.0, "comisarias_por_10000_hab": 0.0, "paradas_por_1000_hab": 1.61, "centros_vecinales_por_10000_hab": 0.0, "tiene_escuela": 0, "tiene_dispensario": 0, "tiene_comisaria": 0, "tiene_transporte": 1, "infraestructura_score": 0.0298, "area_barrio_km2": 0.05, "densidad_poblacional": 12460.0, "densidad_hogares": 4220.0, "infraestructura_por_km2": 0.596, "educacion_ratio_publico_privado": 1.0, "cluster_barrio": 1, "cluster_descripcion": "Tipo B (Infr 0.14 - NBI 3.0%)", "categoria_infraestructura": "Muy Baja", "tooltip_barrio": "<b>PALMAS DEL CLARET</b><br>Pob: 623.0<br>Score: 0.03 (Muy Baja)", "servicios_basicos_score": 0.33, "infraestructura_por_habitante": 0.4783, "ranking_infraestructura": 454, "percentil_infraestructura": 8.3 }, "geometry": { "type": "Point", "coordinates": [ -64.230894562263302, -31.3514066893432 ] } },
{ "type": "Feature", "properties": { "barrio": "PANAMERICANO", "poblacion": 3346.0, "hogares": 1072.0, "nbi": 26.0, "pct_nbi": 2.43, "escuelas_total": 4, "escuelas_estatales": 4, "escuelas_privadas": 0, "dispensarios_municipales": 0, "paradas_colectivo": 13, "lineas_colectivo": 5, "luminarias_reportes": 101, "comisarias": 0, "centros_vecinales": 1, "hogares_por_poblacion": 0.32, "poblacion_log": 8.116, "pct_escuelas_privadas": 0.0, "escuelas_por_1000_hab": 1.2, "dispensarios_por_10000_hab": 0.0, "comisarias_por_10000_hab": 0.0, "paradas_por_1000_hab": 3.89, "centros_vecinales_por_10000_hab": 2.99, "tiene_escuela": 1, "tiene_dispensario": 0, "tiene_comisaria": 0, "tiene_transporte": 1, "infraestructura_score": 0.1553, "area_barrio_km2": 0.57, "densidad_poblacional": 5870.18, "densidad_hogares": 1880.7, "infraestructura_por_km2": 0.272, "educacion_ratio_publico_privado": 5.0, "cluster_barrio": 1, "cluster_descripcion": "Tipo B (Infr 0.14 - NBI 3.0%)", "categoria_infraestructura": "Media", "tooltip_barrio": "<b>PANAMERICANO</b><br>Pob: 3346.0<br>Score: 0.16 (Media)", "servicios_basicos_score": 0.67, "infraestructura_por_habitante": 0.4641, "ranking_infraestructura": 279, "percentil_infraestructura": 43.7 }, "geometry": { "type": "Point", "coordinates": [ -64.179953156214196, -31.372803701513799 ] } },
{ "type": "Feature", "properties": { "barrio": "PARQUE ALAMEDA", "poblacion": 656.0, "hogares": 200.0, "nbi": 3.0, "pct_nbi": 1.5, "escuelas_total": 0, "escuelas_estatales": 0, "escuelas_privadas": 0, "dispensarios_municipales": 0, "paradas_colectivo": 0, "lineas_colectivo": 0, "luminarias_reportes": 24, "comisarias": 0, "centros_vecinales": 1, "hogares_por_poblacion": 0.305, "poblacion_log": 6.488, "pct_escuelas_privadas": 0.0, "escuelas_por_1000_hab": 0.0, "dispensarios_por_10000_hab": 0.0, "comisarias_por_10000_hab": 0.0, "paradas_por_1000_hab": 0.0, "centros_vecinales_por_10000_hab": 15.24, "tiene_escuela": 0, "tiene_dispensario": 0, "tiene_comisaria": 0, "tiene_transporte": 0, "infraestructura_score": 0.0, "area_barrio_km2": 0.23, "densidad_poblacional": 2852.17, "densidad_hogares": 869.57, "infraestructura_por_km2": 0.0, "educacion_ratio_publico_privado": 1.0, "cluster_barrio": 1, "cluster_descripcion": "Tipo B (Infr 0.14 - NBI 3.0%)", "categoria_infraestructura": "Muy Baja", "tooltip_barrio": "<b>PARQUE ALAMEDA</b><br>Pob: 656.0<br>Score: 0.00 (Muy Baja)", "servicios_basicos_score": 0.0, "infraestructura_por_habitante": 0.0, "ranking_infraestructura": 469, "percentil_infraestructura": 2.7 }, "geometry": { "type": "Point", "coordinates": [ -64.184246771633198, -31.466730466922201 ] } },
{ "type": "Feature", "properties": { "barrio": "PARQUE ATLANTICA", "poblacion": 2249.0, "hogares": 734.0, "nbi": 17.0, "pct_nbi": 2.32, "escuelas_total": 1, "escuelas_estatales": 1, "escuelas_privadas": 0, "dispensarios_municipales": 0, "paradas_colectivo": 10, "lineas_colectivo": 5, "luminarias_reportes": 49, "comisarias": 0, "centros_vecinales": 0, "hogares_por_poblacion": 0.326, "poblacion_log": 7.719, "pct_escuelas_privadas": 0.0, "escuelas_por_1000_hab": 0.44, "dispensarios_por_10000_hab": 0.0, "comisarias_por_10000_hab": 0.0, "paradas_por_1000_hab": 4.45, "centros_vecinales_por_10000_hab": 0.0, "tiene_escuela": 1, "tiene_dispensario": 0, "tiene_comisaria": 0, "tiene_transporte": 1, "infraestructura_score": 0.1129, "area_barrio_km2": 0.33, "densidad_poblacional": 6815.15, "densidad_hogares": 2224.24, "infraestructura_por_km2": 0.342, "educacion_ratio_publico_privado": 2.0, "cluster_barrio": 1, "cluster_descripcion": "Tipo B (Infr 0.14 - NBI 3.0%)", "categoria_infraestructura": "Baja", "tooltip_barrio": "<b>PARQUE ATLANTICA</b><br>Pob: 2249.0<br>Score: 0.11 (Baja)", "servicios_basicos_score": 0.67, "infraestructura_por_habitante": 0.502, "ranking_infraestructura": 340, "percentil_infraestructura": 31.3 }, "geometry": { "type": "Point", "coordinates": [ -64.210043924567898, -31.4538400218945 ] } },
{ "type": "Feature", "properties": { "barrio": "PARQUE CAPITAL", "poblacion": 3972.0, "hogares": 1272.0, "nbi": 6.0, "pct_nbi": 0.47, "escuelas_total": 3, "escuelas_estatales": 2, "escuelas_privadas": 1, "dispensarios_municipales": 0, "paradas_colectivo": 12, "lineas_colectivo": 3, "luminarias_reportes": 563, "comisarias": 0, "centros_vecinales": 1, "hogares_por_poblacion": 0.32, "poblacion_log": 8.287, "pct_escuelas_privadas": 0.333, "escuelas_por_1000_hab": 0.76, "dispensarios_por_10000_hab": 0.0, "comisarias_por_10000_hab": 0.0, "paradas_por_1000_hab": 3.02, "centros_vecinales_por_10000_hab": 2.52, "tiene_escuela": 1, "tiene_dispensario": 0, "tiene_comisaria": 0, "tiene_transporte": 1, "infraestructura_score": 0.1087, "area_barrio_km2": 0.72, "densidad_poblacional": 5516.67, "densidad_hogares": 1766.67, "infraestructura_por_km2": 0.151, "educacion_ratio_publico_privado": 1.5, "cluster_barrio": 1, "cluster_descripcion": "Tipo B (Infr 0.14 - NBI 3.0%)", "categoria_infraestructura": "Baja", "tooltip_barrio": "<b>PARQUE CAPITAL</b><br>Pob: 3972.0<br>Score: 0.11 (Baja)", "servicios_basicos_score": 0.67, "infraestructura_por_habitante": 0.2737, "ranking_infraestructura": 358, "percentil_infraestructura": 27.6 }, "geometry": { "type": "Point", "coordinates": [ -64.215934182276399, -31.435161451182299 ] } },
{ "type": "Feature", "properties": { "barrio": "PARQUE CAPITAL SUD", "poblacion": 1443.0, "hogares": 442.0, "nbi": 2.0, "pct_nbi": 0.45, "escuelas_total": 0, "escuelas_estatales": 0, "escuelas_privadas": 0, "dispensarios_municipales": 0, "paradas_colectivo": 13, "lineas_colectivo": 3, "luminarias_reportes": 34, "comisarias": 0, "centros_vecinales": 1, "hogares_por_poblacion": 0.306, "poblacion_log": 7.275, "pct_escuelas_privadas": 0.0, "escuelas_por_1000_hab": 0.0, "dispensarios_por_10000_hab": 0.0, "comisarias_por_10000_hab": 0.0, "paradas_por_1000_hab": 9.01, "centros_vecinales_por_10000_hab": 6.93, "tiene_escuela": 0, "tiene_dispensario": 0, "tiene_comisaria": 0, "tiene_transporte": 1, "infraestructura_score": 0.1669, "area_barrio_km2": 0.28, "densidad_poblacional": 5153.57, "densidad_hogares": 1578.57, "infraestructura_por_km2": 0.596, "educacion_ratio_publico_privado": 1.0, "cluster_barrio": 1, "cluster_descripcion": "Tipo B (Infr 0.14 - NBI 3.0%)", "categoria_infraestructura": "Media", "tooltip_barrio": "<b>PARQUE CAPITAL SUD</b><br>Pob: 1443.0<br>Score: 0.17 (Media)", "servicios_basicos_score": 0.33, "infraestructura_por_habitante": 1.1566, "ranking_infraestructura": 259, "percentil_infraestructura": 47.8 }, "geometry": { "type": "Point", "coordinates": [ -64.217149079153302, -31.442678207254499 ] } },
{ "type": "Feature", "properties": { "barrio": "PARQUE CHACABUCO", "poblacion": 1164.0, "hogares": 388.0, "nbi": 1.0, "pct_nbi": 0.26, "escuelas_total": 0, "escuelas_estatales": 0, "escuelas_privadas": 0, "dispensarios_municipales": 0, "paradas_colectivo": 4, "lineas_colectivo": 2, "luminarias_reportes": 165, "comisarias": 0, "centros_vecinales": 1, "hogares_por_poblacion": 0.333, "poblacion_log": 7.06, "pct_escuelas_privadas": 0.0, "escuelas_por_1000_hab": 0.0, "dispensarios_por_10000_hab": 0.0, "comisarias_por_10000_hab": 0.0, "paradas_por_1000_hab": 3.44, "centros_vecinales_por_10000_hab": 8.59, "tiene_escuela": 0, "tiene_dispensario": 0, "tiene_comisaria": 0, "tiene_transporte": 1, "infraestructura_score": 0.0637, "area_barrio_km2": 0.28, "densidad_poblacional": 4157.14, "densidad_hogares": 1385.71, "infraestructura_por_km2": 0.228, "educacion_ratio_publico_privado": 1.0, "cluster_barrio": 1, "cluster_descripcion": "Tipo B (Infr 0.14 - NBI 3.0%)", "categoria_infraestructura": "Muy Baja", "tooltip_barrio": "<b>PARQUE CHACABUCO</b><br>Pob: 1164.0<br>Score: 0.06 (Muy Baja)", "servicios_basicos_score": 0.33, "infraestructura_por_habitante": 0.5473, "ranking_infraestructura": 427, "percentil_infraestructura": 13.7 }, "geometry": { "type": "Point", "coordinates": [ -64.2116422926307, -31.382522710673999 ] } },
{ "type": "Feature", "properties": { "barrio": "PARQUE CHATEAU CARRERAS", "poblacion": 500.0, "hogares": 200.0, "nbi": 2.0, "pct_nbi": 1.0, "escuelas_total": 0, "escuelas_estatales": 0, "escuelas_privadas": 0, "dispensarios_municipales": 0, "paradas_colectivo": 0, "lineas_colectivo": 0, "luminarias_reportes": 80, "comisarias": 0, "centros_vecinales": 0, "hogares_por_poblacion": 0.4, "poblacion_log": 6.217, "pct_escuelas_privadas": 0.0, "escuelas_por_1000_hab": 0.0, "dispensarios_por_10000_hab": 0.0, "comisarias_por_10000_hab": 0.0, "paradas_por_1000_hab": 0.0, "centros_vecinales_por_10000_hab": 0.0, "tiene_escuela": 0, "tiene_dispensario": 0, "tiene_comisaria": 0, "tiene_transporte": 0, "infraestructura_score": 0.0, "area_barrio_km2": 2.66, "densidad_poblacional": 187.97, "densidad_hogares": 75.19, "infraestructura_por_km2": 0.0, "educacion_ratio_publico_privado": 1.0, "cluster_barrio": 1, "cluster_descripcion": "Tipo B (Infr 0.14 - NBI 3.0%)", "categoria_infraestructura": "Muy Baja", "tooltip_barrio": "<b>PARQUE CHATEAU CARRERAS</b><br>Pob: 500.0<br>Score: 0.00 (Muy Baja)", "servicios_basicos_score": 0.0, "infraestructura_por_habitante": 0.0, "ranking_infraestructura": 469, "percentil_infraestructura": 2.7 }, "geometry": { "type": "Point", "coordinates": [ -64.264744414762504, -31.362619796751702 ] } },
{ "type": "Feature", "properties": { "barrio": "PARQUE COREMA", "poblacion": 584.0, "hogares": 220.0, "nbi": 1.0, "pct_nbi": 0.45, "escuelas_total": 1, "escuelas_estatales": 1, "escuelas_privadas": 0, "dispensarios_municipales": 0, "paradas_colectivo": 0, "lineas_colectivo": 0, "luminarias_reportes": 1, "comisarias": 0, "centros_vecinales": 0, "hogares_por_poblacion": 0.377, "poblacion_log": 6.372, "pct_escuelas_privadas": 0.0, "escuelas_por_1000_hab": 1.71, "dispensarios_por_10000_hab": 0.0, "comisarias_por_10000_hab": 0.0, "paradas_por_1000_hab": 0.0, "centros_vecinales_por_10000_hab": 0.0, "tiene_escuela": 1, "tiene_dispensario": 0, "tiene_comisaria": 0, "tiene_transporte": 0, "infraestructura_score": 0.1187, "area_barrio_km2": 0.14, "densidad_poblacional": 4171.43, "densidad_hogares": 1571.43, "infraestructura_por_km2": 0.848, "educacion_ratio_publico_privado": 2.0, "cluster_barrio": 1, "cluster_descripcion": "Tipo B (Infr 0.14 - NBI 3.0%)", "categoria_infraestructura": "Baja", "tooltip_barrio": "<b>PARQUE COREMA</b><br>Pob: 584.0<br>Score: 0.12 (Baja)", "servicios_basicos_score": 0.33, "infraestructura_por_habitante": 2.0325, "ranking_infraestructura": 330, "percentil_infraestructura": 33.4 }, "geometry": { "type": "Point", "coordinates": [ -64.228319679796996, -31.367945597451001 ] } },
{ "type": "Feature", "properties": { "barrio": "PARQUE DE LA VEGA II", "poblacion": 596.0, "hogares": 200.0, "nbi": 22.0, "pct_nbi": 11.0, "escuelas_total": 0, "escuelas_estatales": 0, "escuelas_privadas": 0, "dispensarios_municipales": 0, "paradas_colectivo": 20, "lineas_colectivo": 3, "luminarias_reportes": 0, "comisarias": 0, "centros_vecinales": 1, "hogares_por_poblacion": 0.336, "poblacion_log": 6.392, "pct_escuelas_privadas": 0.0, "escuelas_por_1000_hab": 0.0, "dispensarios_por_10000_hab": 0.0, "comisarias_por_10000_hab": 0.0, "paradas_por_1000_hab": 24.0, "centros_vecinales_por_10000_hab": 16.78, "tiene_escuela": 0, "tiene_dispensario": 0, "tiene_comisaria": 0, "tiene_transporte": 1, "infraestructura_score": 0.4444, "area_barrio_km2": 0.25, "densidad_poblacional": 2384.0, "densidad_hogares": 800.0, "infraestructura_por_km2": 1.778, "educacion_ratio_publico_privado": 1.0, "cluster_barrio": 3, "cluster_descripcion": "Tipo D (Infr 0.40 - NBI 2.8%)", "categoria_infraestructura": "Muy Alta", "tooltip_barrio": "<b>PARQUE DE LA VEGA II</b><br>Pob: 596.0<br>Score: 0.44 (Muy Alta)", "servicios_basicos_score": 0.33, "infraestructura_por_habitante": 7.4564, "ranking_infraestructura": 59, "percentil_infraestructura": 87.4 }, "geometry": { "type": "Point", "coordinates": [ -64.261252051731304, -31.4086410569058 ] } },
{ "type": "Feature", "properties": { "barrio": "PARQUE DE LA VEGA III", "poblacion": 596.0, "hogares": 200.0, "nbi": 1.0, "pct_nbi": 0.5, "escuelas_total": 0, "escuelas_estatales": 0, "escuelas_privadas": 0, "dispensarios_municipales": 0, "paradas_colectivo": 7, "lineas_colectivo": 2, "luminarias_reportes": 0, "comisarias": 0, "centros_vecinales": 0, "hogares_por_poblacion": 0.336, "poblacion_log": 6.392, "pct_escuelas_privadas": 0.0, "escuelas_por_1000_hab": 0.0, "dispensarios_por_10000_hab": 0.0, "comisarias_por_10000_hab": 0.0, "paradas_por_1000_hab": 11.74, "centros_vecinales_por_10000_hab": 0.0, "tiene_escuela": 0, "tiene_dispensario": 0, "tiene_comisaria": 0, "tiene_transporte": 1, "infraestructura_score": 0.2174, "area_barrio_km2": 0.22, "densidad_poblacional": 2709.09, "densidad_hogares": 909.09, "infraestructura_por_km2": 0.988, "educacion_ratio_publico_privado": 1.0, "cluster_barrio": 1, "cluster_descripcion": "Tipo B (Infr 0.14 - NBI 3.0%)", "categoria_infraestructura": "Media", "tooltip_barrio": "<b>PARQUE DE LA VEGA III</b><br>Pob: 596.0<br>Score: 0.22 (Media)", "servicios_basicos_score": 0.33, "infraestructura_por_habitante": 3.6477, "ranking_infraestructura": 202, "percentil_infraestructura": 59.3 }, "geometry": { "type": "Point", "coordinates": [ -64.2671597598804, -31.403547906987601 ] } },
{ "type": "Feature", "properties": { "barrio": "PARQUE DE LA VIDA", "poblacion": 500.0, "hogares": 200.0, "nbi": 0.0, "pct_nbi": 0.0, "escuelas_total": 0, "escuelas_estatales": 0, "escuelas_privadas": 0, "dispensarios_municipales": 0, "paradas_colectivo": 1, "lineas_colectivo": 1, "luminarias_reportes": 0, "comisarias": 0, "centros_vecinales": 0, "hogares_por_poblacion": 0.4, "poblacion_log": 6.217, "pct_escuelas_privadas": 0.0, "escuelas_por_1000_hab": 0.0, "dispensarios_por_10000_hab": 0.0, "comisarias_por_10000_hab": 0.0, "paradas_por_1000_hab": 2.0, "centros_vecinales_por_10000_hab": 0.0, "tiene_escuela": 0, "tiene_dispensario": 0, "tiene_comisaria": 0, "tiene_transporte": 1, "infraestructura_score": 0.037, "area_barrio_km2": 0.0, "densidad_poblacional": 0.0, "densidad_hogares": 0.0, "infraestructura_por_km2": 0.0, "educacion_ratio_publico_privado": 1.0, "cluster_barrio": 1, "cluster_descripcion": "Tipo B (Infr 0.14 - NBI 3.0%)", "categoria_infraestructura": "Muy Baja", "tooltip_barrio": "<b>PARQUE DE LA VIDA</b><br>Pob: 500.0<br>Score: 0.04 (Muy Baja)", "servicios_basicos_score": 0.33, "infraestructura_por_habitante": 0.74, "ranking_infraestructura": 447, "percentil_infraestructura": 9.2 }, "geometry": { "type": "Point", "coordinates": [ -64.226100094867704, -31.4442273592752 ] } },
{ "type": "Feature", "properties": { "barrio": "PARQUE DEL ESTE", "poblacion": 679.0, "hogares": 200.0, "nbi": 24.0, "pct_nbi": 12.0, "escuelas_total": 2, "escuelas_estatales": 2, "escuelas_privadas": 0, "dispensarios_municipales": 0, "paradas_colectivo": 9, "lineas_colectivo": 1, "luminarias_reportes": 58, "comisarias": 0, "centros_vecinales": 1, "hogares_por_poblacion": 0.295, "poblacion_log": 6.522, "pct_escuelas_privadas": 0.0, "escuelas_por_1000_hab": 2.95, "dispensarios_por_10000_hab": 0.0, "comisarias_por_10000_hab": 0.0, "paradas_por_1000_hab": 13.25, "centros_vecinales_por_10000_hab": 14.73, "tiene_escuela": 1, "tiene_dispensario": 0, "tiene_comisaria": 0, "tiene_transporte": 1, "infraestructura_score": 0.4501, "area_barrio_km2": 0.8, "densidad_poblacional": 848.75, "densidad_hogares": 250.0, "infraestructura_por_km2": 0.563, "educacion_ratio_publico_privado": 3.0, "cluster_barrio": 0, "cluster_descripcion": "Tipo A (Infr 0.57 - NBI 4.5%)", "categoria_infraestructura": "Muy Alta", "tooltip_barrio": "<b>PARQUE DEL ESTE</b><br>Pob: 679.0<br>Score: 0.45 (Muy Alta)", "servicios_basicos_score": 0.67, "infraestructura_por_habitante": 6.6289, "ranking_infraestructura": 57, "percentil_infraestructura": 88.7 }, "geometry": { "type": "Point", "coordinates": [ -64.145508991196394, -31.4051586405003 ] } },
{ "type": "Feature", "properties": { "barrio": "PARQUE DON BOSCO", "poblacion": 4691.0, "hogares": 1385.0, "nbi": 24.0, "pct_nbi": 1.73, "escuelas_total": 1, "escuelas_estatales": 1, "escuelas_privadas": 0, "dispensarios_municipales": 1, "paradas_colectivo": 18, "lineas_colectivo": 2, "luminarias_reportes": 248, "comisarias": 0, "centros_vecinales": 1, "hogares_por_poblacion": 0.295, "poblacion_log": 8.454, "pct_escuelas_privadas": 0.0, "escuelas_por_1000_hab": 0.21, "dispensarios_por_10000_hab": 2.13, "comisarias_por_10000_hab": 0.0, "paradas_por_1000_hab": 3.84, "centros_vecinales_por_10000_hab": 2.13, "tiene_escuela": 1, "tiene_dispensario": 1, "tiene_comisaria": 0, "tiene_transporte": 1, "infraestructura_score": 0.1568, "area_barrio_km2": 0.67, "densidad_poblacional": 7001.49, "densidad_hogares": 2067.16, "infraestructura_por_km2": 0.234, "educacion_ratio_publico_privado": 2.0, "cluster_barrio": 1, "cluster_descripcion": "Tipo B (Infr 0.14 - NBI 3.0%)", "categoria_infraestructura": "Media", "tooltip_barrio": "<b>PARQUE DON BOSCO</b><br>Pob: 4691.0<br>Score: 0.16 (Media)", "servicios_basicos_score": 1.0, "infraestructura_por_habitante": 0.3343, "ranking_infraestructura": 276, "percentil_infraestructura": 44.3 }, "geometry": { "type": "Point", "coordinates": [ -64.272025814382005, -31.3884319827078 ] } },
{ "type": "Feature", "properties": { "barrio": "PARQUE FUTURA", "poblacion": 2851.0, "hogares": 703.0, "nbi": 68.0, "pct_nbi": 9.67, "escuelas_total": 5, "escuelas_estatales": 2, "escuelas_privadas": 3, "dispensarios_municipales": 0, "paradas_colectivo": 7, "lineas_colectivo": 1, "luminarias_reportes": 49, "comisarias": 0, "centros_vecinales": 1, "hogares_por_poblacion": 0.247, "poblacion_log": 7.956, "pct_escuelas_privadas": 0.6, "escuelas_por_1000_hab": 1.75, "dispensarios_por_10000_hab": 0.0, "comisarias_por_10000_hab": 0.0, "paradas_por_1000_hab": 2.46, "centros_vecinales_por_10000_hab": 3.51, "tiene_escuela": 1, "tiene_dispensario": 0, "tiene_comisaria": 0, "tiene_transporte": 1, "infraestructura_score": 0.167, "area_barrio_km2": 1.13, "densidad_poblacional": 2523.01, "densidad_hogares": 622.12, "infraestructura_por_km2": 0.148, "educacion_ratio_publico_privado": 0.75, "cluster_barrio": 2, "cluster_descripcion": "Tipo C (Infr 0.16 - NBI 14.4%)", "categoria_infraestructura": "Media", "tooltip_barrio": "<b>PARQUE FUTURA</b><br>Pob: 2851.0<br>Score: 0.17 (Media)", "servicios_basicos_score": 0.67, "infraestructura_por_habitante": 0.5858, "ranking_infraestructura": 258, "percentil_infraestructura": 48.0 }, "geometry": { "type": "Point", "coordinates": [ -64.252989970087697, -31.488906450635 ] } },
{ "type": "Feature", "properties": { "barrio": "PARQUE JORGE NEWBERY", "poblacion": 2909.0, "hogares": 913.0, "nbi": 16.0, "pct_nbi": 1.75, "escuelas_total": 2, "escuelas_estatales": 2, "escuelas_privadas": 0, "dispensarios_municipales": 0, "paradas_colectivo": 30, "lineas_colectivo": 4, "luminarias_reportes": 152, "comisarias": 0, "centros_vecinales": 2, "hogares_por_poblacion": 0.314, "poblacion_log": 7.976, "pct_escuelas_privadas": 0.0, "escuelas_por_1000_hab": 0.69, "dispensarios_por_10000_hab": 0.0, "comisarias_por_10000_hab": 0.0, "paradas_por_1000_hab": 10.31, "centros_vecinales_por_10000_hab": 6.88, "tiene_escuela": 1, "tiene_dispensario": 0, "tiene_comisaria": 0, "tiene_transporte": 1, "infraestructura_score": 0.2388, "area_barrio_km2": 0.47, "densidad_poblacional": 6189.36, "densidad_hogares": 1942.55, "infraestructura_por_km2": 0.508, "educacion_ratio_publico_privado": 3.0, "cluster_barrio": 1, "cluster_descripcion": "Tipo B (Infr 0.14 - NBI 3.0%)", "categoria_infraestructura": "Alta", "tooltip_barrio": "<b>PARQUE JORGE NEWBERY</b><br>Pob: 2909.0<br>Score: 0.24 (Alta)", "servicios_basicos_score": 0.67, "infraestructura_por_habitante": 0.8209, "ranking_infraestructura": 179, "percentil_infraestructura": 64.0 }, "geometry": { "type": "Point", "coordinates": [ -64.180513219247999, -31.350399915225999 ] } },
{ "type": "Feature", "properties": { "barrio": "PARQUE LATINO", "poblacion": 1306.0, "hogares": 432.0, "nbi": 4.0, "pct_nbi": 0.93, "escuelas_total": 5, "escuelas_estatales": 3, "escuelas_privadas": 2, "dispensarios_municipales": 0, "paradas_colectivo": 12, "lineas_colectivo": 7, "luminarias_reportes": 119, "comisarias": 0, "centros_vecinales": 1, "hogares_por_poblacion": 0.331, "poblacion_log": 7.175, "pct_escuelas_privadas": 0.4, "escuelas_por_1000_hab": 3.83, "dispensarios_por_10000_hab": 0.0, "comisarias_por_10000_hab": 0.0, "paradas_por_1000_hab": 9.19, "centros_vecinales_por_10000_hab": 7.66, "tiene_escuela": 1, "tiene_dispensario": 0, "tiene_comisaria": 0, "tiene_transporte": 1, "infraestructura_score": 0.436, "area_barrio_km2": 0.32, "densidad_poblacional": 4081.25, "densidad_hogares": 1350.0, "infraestructura_por_km2": 1.362, "educacion_ratio_publico_privado": 1.33, "cluster_barrio": 0, "cluster_descripcion": "Tipo A (Infr 0.57 - NBI 4.5%)", "categoria_infraestructura": "Muy Alta", "tooltip_barrio": "<b>PARQUE LATINO</b><br>Pob: 1306.0<br>Score: 0.44 (Muy Alta)", "servicios_basicos_score": 0.67, "infraestructura_por_habitante": 3.3384, "ranking_infraestructura": 70, "percentil_infraestructura": 86.0 }, "geometry": { "type": "Point", "coordinates": [ -64.212454823349404, -31.4596532315616 ] } },
{ "type": "Feature", "properties": { "barrio": "PARQUE LICEO SECCION 1", "poblacion": 3693.0, "hogares": 1108.0, "nbi": 58.0, "pct_nbi": 5.23, "escuelas_total": 0, "escuelas_estatales": 0, "escuelas_privadas": 0, "dispensarios_municipales": 0, "paradas_colectivo": 2, "lineas_colectivo": 1, "luminarias_reportes": 0, "comisarias": 0, "centros_vecinales": 1, "hogares_por_poblacion": 0.3, "poblacion_log": 8.214, "pct_escuelas_privadas": 0.0, "escuelas_por_1000_hab": 0.0, "dispensarios_por_10000_hab": 0.0, "comisarias_por_10000_hab": 0.0, "paradas_por_1000_hab": 0.54, "centros_vecinales_por_10000_hab": 2.71, "tiene_escuela": 0, "tiene_dispensario": 0, "tiene_comisaria": 0, "tiene_transporte": 1, "infraestructura_score": 0.01, "area_barrio_km2": 2.55, "densidad_poblacional": 1448.24, "densidad_hogares": 434.51, "infraestructura_por_km2": 0.004, "educacion_ratio_publico_privado": 1.0, "cluster_barrio": 1, "cluster_descripcion": "Tipo B (Infr 0.14 - NBI 3.0%)", "categoria_infraestructura": "Muy Baja", "tooltip_barrio": "<b>PARQUE LICEO SECCION 1</b><br>Pob: 3693.0<br>Score: 0.01 (Muy Baja)", "servicios_basicos_score": 0.33, "infraestructura_por_habitante": 0.0271, "ranking_infraestructura": 466, "percentil_infraestructura": 5.9 }, "geometry": { "type": "Point", "coordinates": [ -64.162530344231499, -31.349706199340201 ] } },
{ "type": "Feature", "properties": { "barrio": "PARQUE LICEO SECCION 2", "poblacion": 7826.0, "hogares": 2013.0, "nbi": 157.0, "pct_nbi": 7.8, "escuelas_total": 2, "escuelas_estatales": 2, "escuelas_privadas": 0, "dispensarios_municipales": 1, "paradas_colectivo": 14, "lineas_colectivo": 2, "luminarias_reportes": 0, "comisarias": 0, "centros_vecinales": 1, "hogares_por_poblacion": 0.257, "poblacion_log": 8.965, "pct_escuelas_privadas": 0.0, "escuelas_por_1000_hab": 0.26, "dispensarios_por_10000_hab": 1.28, "comisarias_por_10000_hab": 0.0, "paradas_por_1000_hab": 1.79, "centros_vecinales_por_10000_hab": 1.28, "tiene_escuela": 1, "tiene_dispensario": 1, "tiene_comisaria": 0, "tiene_transporte": 1, "infraestructura_score": 0.0939, "area_barrio_km2": 0.96, "densidad_poblacional": 8152.08, "densidad_hogares": 2096.88, "infraestructura_por_km2": 0.098, "educacion_ratio_publico_privado": 3.0, "cluster_barrio": 1, "cluster_descripcion": "Tipo B (Infr 0.14 - NBI 3.0%)", "categoria_infraestructura": "Baja", "tooltip_barrio": "<b>PARQUE LICEO SECCION 2</b><br>Pob: 7826.0<br>Score: 0.09 (Baja)", "servicios_basicos_score": 1.0, "infraestructura_por_habitante": 0.12, "ranking_infraestructura": 380, "percentil_infraestructura": 23.3 }, "geometry": { "type": "Point", "coordinates": [ -64.162011892770906, -31.355627886988199 ] } },
{ "type": "Feature", "properties": { "barrio": "PARQUE LICEO SECCION 3", "poblacion": 5593.0, "hogares": 1426.0, "nbi": 164.0, "pct_nbi": 11.5, "escuelas_total": 13, "escuelas_estatales": 9, "escuelas_privadas": 4, "dispensarios_municipales": 1, "paradas_colectivo": 25, "lineas_colectivo": 4, "luminarias_reportes": 431, "comisarias": 0, "centros_vecinales": 1, "hogares_por_poblacion": 0.255, "poblacion_log": 8.629, "pct_escuelas_privadas": 0.308, "escuelas_por_1000_hab": 2.32, "dispensarios_por_10000_hab": 1.79, "comisarias_por_10000_hab": 0.0, "paradas_por_1000_hab": 4.47, "centros_vecinales_por_10000_hab": 1.79, "tiene_escuela": 1, "tiene_dispensario": 1, "tiene_comisaria": 0, "tiene_transporte": 1, "infraestructura_score": 0.3035, "area_barrio_km2": 0.86, "densidad_poblacional": 6503.49, "densidad_hogares": 1658.14, "infraestructura_por_km2": 0.353, "educacion_ratio_publico_privado": 2.0, "cluster_barrio": 2, "cluster_descripcion": "Tipo C (Infr 0.16 - NBI 14.4%)", "categoria_infraestructura": "Alta", "tooltip_barrio": "<b>PARQUE LICEO SECCION 3</b><br>Pob: 5593.0<br>Score: 0.30 (Alta)", "servicios_basicos_score": 1.0, "infraestructura_por_habitante": 0.5426, "ranking_infraestructura": 127, "percentil_infraestructura": 74.5 }, "geometry": { "type": "Point", "coordinates": [ -64.151343264266202, -31.355218226534099 ] } },
{ "type": "Feature", "properties": { "barrio": "PARQUE LOS MOLINOS", "poblacion": 864.0, "hogares": 264.0, "nbi": 6.0, "pct_nbi": 2.27, "escuelas_total": 0, "escuelas_estatales": 0, "escuelas_privadas": 0, "dispensarios_municipales": 0, "paradas_colectivo": 15, "lineas_colectivo": 7, "luminarias_reportes": 39, "comisarias": 0, "centros_vecinales": 0, "hogares_por_poblacion": 0.306, "poblacion_log": 6.763, "pct_escuelas_privadas": 0.0, "escuelas_por_1000_hab": 0.0, "dispensarios_por_10000_hab": 0.0, "comisarias_por_10000_hab": 0.0, "paradas_por_1000_hab": 17.36, "centros_vecinales_por_10000_hab": 0.0, "tiene_escuela": 0, "tiene_dispensario": 0, "tiene_comisaria": 0, "tiene_transporte": 1, "infraestructura_score": 0.3215, "area_barrio_km2": 0.16, "densidad_poblacional": 5400.0, "densidad_hogares": 1650.0, "infraestructura_por_km2": 2.009, "educacion_ratio_publico_privado": 1.0, "cluster_barrio": 3, "cluster_descripcion": "Tipo D (Infr 0.40 - NBI 2.8%)", "categoria_infraestructura": "Alta", "tooltip_barrio": "<b>PARQUE LOS MOLINOS</b><br>Pob: 864.0<br>Score: 0.32 (Alta)", "servicios_basicos_score": 0.33, "infraestructura_por_habitante": 3.7211, "ranking_infraestructura": 115, "percentil_infraestructura": 76.9 }, "geometry": { "type": "Point", "coordinates": [ -64.200896789754694, -31.456102512108799 ] } },
{ "type": "Feature", "properties": { "barrio": "PARQUE MODELO", "poblacion": 500.0, "hogares": 200.0, "nbi": 0.0, "pct_nbi": 0.0, "escuelas_total": 0, "escuelas_estatales": 0, "escuelas_privadas": 0, "dispensarios_municipales": 0, "paradas_colectivo": 7, "lineas_colectivo": 3, "luminarias_reportes": 0, "comisarias": 0, "centros_vecinales": 1, "hogares_por_poblacion": 0.4, "poblacion_log": 6.217, "pct_escuelas_privadas": 0.0, "escuelas_por_1000_hab": 0.0, "dispensarios_por_10000_hab": 0.0, "comisarias_por_10000_hab": 0.0, "paradas_por_1000_hab": 14.0, "centros_vecinales_por_10000_hab": 20.0, "tiene_escuela": 0, "tiene_dispensario": 0, "tiene_comisaria": 0, "tiene_transporte": 1, "infraestructura_score": 0.2593, "area_barrio_km2": 0.11, "densidad_poblacional": 4545.45, "densidad_hogares": 1818.18, "infraestructura_por_km2": 2.357, "educacion_ratio_publico_privado": 1.0, "cluster_barrio": 3, "cluster_descripcion": "Tipo D (Infr 0.40 - NBI 2.8%)", "categoria_infraestructura": "Alta", "tooltip_barrio": "<b>PARQUE MODELO</b><br>Pob: 500.0<br>Score: 0.26 (Alta)", "servicios_basicos_score": 0.33, "infraestructura_por_habitante": 5.186, "ranking_infraestructura": 156, "percentil_infraestructura": 68.4 }, "geometry": { "type": "Point", "coordinates": [ -64.251024139409907, -31.364714273949801 ] } },
{ "type": "Feature", "properties": { "barrio": "PARQUE MONTECRISTO", "poblacion": 1554.0, "hogares": 466.0, "nbi": 6.0, "pct_nbi": 1.29, "escuelas_total": 3, "escuelas_estatales": 3, "escuelas_privadas": 0, "dispensarios_municipales": 0, "paradas_colectivo": 7, "lineas_colectivo": 2, "luminarias_reportes": 26, "comisarias": 0, "centros_vecinales": 2, "hogares_por_poblacion": 0.3, "poblacion_log": 7.349, "pct_escuelas_privadas": 0.0, "escuelas_por_1000_hab": 1.93, "dispensarios_por_10000_hab": 0.0, "comisarias_por_10000_hab": 0.0, "paradas_por_1000_hab": 4.5, "centros_vecinales_por_10000_hab": 12.87, "tiene_escuela": 1, "tiene_dispensario": 0, "tiene_comisaria": 0, "tiene_transporte": 1, "infraestructura_score": 0.2173, "area_barrio_km2": 0.19, "densidad_poblacional": 8178.95, "densidad_hogares": 2452.63, "infraestructura_por_km2": 1.144, "educacion_ratio_publico_privado": 4.0, "cluster_barrio": 1, "cluster_descripcion": "Tipo B (Infr 0.14 - NBI 3.0%)", "categoria_infraestructura": "Media", "tooltip_barrio": "<b>PARQUE MONTECRISTO</b><br>Pob: 1554.0<br>Score: 0.22 (Media)", "servicios_basicos_score": 0.67, "infraestructura_por_habitante": 1.3983, "ranking_infraestructura": 203, "percentil_infraestructura": 59.1 }, "geometry": { "type": "Point", "coordinates": [ -64.139965992748103, -31.388625609382299 ] } },
{ "type": "Feature", "properties": { "barrio": "PARQUE REPUBLICA", "poblacion": 7412.0, "hogares": 1861.0, "nbi": 201.0, "pct_nbi": 10.8, "escuelas_total": 7, "escuelas_estatales": 7, "escuelas_privadas": 0, "dispensarios_municipales": 1, "paradas_colectivo": 15, "lineas_colectivo": 2, "luminarias_reportes": 59, "comisarias": 1, "centros_vecinales": 1, "hogares_por_poblacion": 0.251, "poblacion_log": 8.911, "pct_escuelas_privadas": 0.0, "escuelas_por_1000_hab": 0.94, "dispensarios_por_10000_hab": 1.35, "comisarias_por_10000_hab": 1.35, "paradas_por_1000_hab": 2.02, "centros_vecinales_por_10000_hab": 1.35, "tiene_escuela": 1, "tiene_dispensario": 1, "tiene_comisaria": 1, "tiene_transporte": 1, "infraestructura_score": 0.2439, "area_barrio_km2": 0.98, "densidad_poblacional": 7563.27, "densidad_hogares": 1898.98, "infraestructura_por_km2": 0.249, "educacion_ratio_publico_privado": 8.0, "cluster_barrio": 2, "cluster_descripcion": "Tipo C (Infr 0.16 - NBI 14.4%)", "categoria_infraestructura": "Alta", "tooltip_barrio": "<b>PARQUE REPUBLICA</b><br>Pob: 7412.0<br>Score: 0.24 (Alta)", "servicios_basicos_score": 1.0, "infraestructura_por_habitante": 0.3291, "ranking_infraestructura": 174, "percentil_infraestructura": 65.0 }, "geometry": { "type": "Point", "coordinates": [ -64.258582064064996, -31.416129481320802 ] } },
{ "type": "Feature", "properties": { "barrio": "PARQUE SAN CARLOS", "poblacion": 749.0, "hogares": 231.0, "nbi": 2.0, "pct_nbi": 0.87, "escuelas_total": 1, "escuelas_estatales": 1, "escuelas_privadas": 0, "dispensarios_municipales": 0, "paradas_colectivo": 8, "lineas_colectivo": 2, "luminarias_reportes": 3, "comisarias": 0, "centros_vecinales": 0, "hogares_por_poblacion": 0.308, "poblacion_log": 6.62, "pct_escuelas_privadas": 0.0, "escuelas_por_1000_hab": 1.34, "dispensarios_por_10000_hab": 0.0, "comisarias_por_10000_hab": 0.0, "paradas_por_1000_hab": 10.68, "centros_vecinales_por_10000_hab": 0.0, "tiene_escuela": 1, "tiene_dispensario": 0, "tiene_comisaria": 0, "tiene_transporte": 1, "infraestructura_score": 0.2908, "area_barrio_km2": 0.1, "densidad_poblacional": 7490.0, "densidad_hogares": 2310.0, "infraestructura_por_km2": 2.908, "educacion_ratio_publico_privado": 2.0, "cluster_barrio": 3, "cluster_descripcion": "Tipo D (Infr 0.40 - NBI 2.8%)", "categoria_infraestructura": "Alta", "tooltip_barrio": "<b>PARQUE SAN CARLOS</b><br>Pob: 749.0<br>Score: 0.29 (Alta)", "servicios_basicos_score": 0.67, "infraestructura_por_habitante": 3.8825, "ranking_infraestructura": 143, "percentil_infraestructura": 71.3 }, "geometry": { "type": "Point", "coordinates": [ -64.1599280417188, -31.449427472358401 ] } },
{ "type": "Feature", "properties": { "barrio": "PARQUE SAN VICENTE", "poblacion": 1327.0, "hogares": 451.0, "nbi": 3.0, "pct_nbi": 0.67, "escuelas_total": 0, "escuelas_estatales": 0, "escuelas_privadas": 0, "dispensarios_municipales": 0, "paradas_colectivo": 19, "lineas_colectivo": 7, "luminarias_reportes": 147, "comisarias": 0, "centros_vecinales": 0, "hogares_por_poblacion": 0.34, "poblacion_log": 7.191, "pct_escuelas_privadas": 0.0, "escuelas_por_1000_hab": 0.0, "dispensarios_por_10000_hab": 0.0, "comisarias_por_10000_hab": 0.0, "paradas_por_1000_hab": 14.32, "centros_vecinales_por_10000_hab": 0.0, "tiene_escuela": 0, "tiene_dispensario": 0, "tiene_comisaria": 0, "tiene_transporte": 1, "infraestructura_score": 0.2652, "area_barrio_km2": 0.18, "densidad_poblacional": 7372.22, "densidad_hogares": 2505.56, "infraestructura_por_km2": 1.473, "educacion_ratio_publico_privado": 1.0, "cluster_barrio": 3, "cluster_descripcion": "Tipo D (Infr 0.40 - NBI 2.8%)", "categoria_infraestructura": "Alta", "tooltip_barrio": "<b>PARQUE SAN VICENTE</b><br>Pob: 1327.0<br>Score: 0.27 (Alta)", "servicios_basicos_score": 0.33, "infraestructura_por_habitante": 1.9985, "ranking_infraestructura": 152, "percentil_infraestructura": 69.4 }, "geometry": { "type": "Point", "coordinates": [ -64.137349148795394, -31.424995969264199 ] } },
{ "type": "Feature", "properties": { "barrio": "PARQUE SARMIENTO", "poblacion": 500.0, "hogares": 200.0, "nbi": 0.0, "pct_nbi": 0.0, "escuelas_total": 3, "escuelas_estatales": 3, "escuelas_privadas": 0, "dispensarios_municipales": 0, "paradas_colectivo": 7, "lineas_colectivo": 12, "luminarias_reportes": 911, "comisarias": 0, "centros_vecinales": 0, "hogares_por_poblacion": 0.4, "poblacion_log": 6.217, "pct_escuelas_privadas": 0.0, "escuelas_por_1000_hab": 4.8035, "dispensarios_por_10000_hab": 0.0, "comisarias_por_10000_hab": 0.0, "paradas_por_1000_hab": 14.0, "centros_vecinales_por_10000_hab": 0.0, "tiene_escuela": 1, "tiene_dispensario": 0, "tiene_comisaria": 0, "tiene_transporte": 1, "infraestructura_score": 0.5926, "area_barrio_km2": 0.0, "densidad_poblacional": 0.0, "densidad_hogares": 0.0, "infraestructura_por_km2": 0.0, "educacion_ratio_publico_privado": 4.0, "cluster_barrio": 0, "cluster_descripcion": "Tipo A (Infr 0.57 - NBI 4.5%)", "categoria_infraestructura": "Muy Alta", "tooltip_barrio": "<b>PARQUE SARMIENTO</b><br>Pob: 500.0<br>Score: 0.59 (Muy Alta)", "servicios_basicos_score": 0.67, "infraestructura_por_habitante": 11.852, "ranking_infraestructura": 30, "percentil_infraestructura": 94.0 }, "geometry": { "type": "Point", "coordinates": [ -64.178907850644094, -31.432880129359098 ] } },
{ "type": "Feature", "properties": { "barrio": "PARQUE TABLADA", "poblacion": 981.0, "hogares": 323.0, "nbi": 1.0, "pct_nbi": 0.31, "escuelas_total": 0, "escuelas_estatales": 0, "escuelas_privadas": 0, "dispensarios_municipales": 0, "paradas_colectivo": 16, "lineas_colectivo": 4, "luminarias_reportes": 30, "comisarias": 0, "centros_vecinales": 1, "hogares_por_poblacion": 0.329, "poblacion_log": 6.89, "pct_escuelas_privadas": 0.0, "escuelas_por_1000_hab": 0.0, "dispensarios_por_10000_hab": 0.0, "comisarias_por_10000_hab": 0.0, "paradas_por_1000_hab": 16.31, "centros_vecinales_por_10000_hab": 10.19, "tiene_escuela": 0, "tiene_dispensario": 0, "tiene_comisaria": 0, "tiene_transporte": 1, "infraestructura_score": 0.302, "area_barrio_km2": 0.24, "densidad_poblacional": 4087.5, "densidad_hogares": 1345.83, "infraestructura_por_km2": 1.258, "educacion_ratio_publico_privado": 1.0, "cluster_barrio": 3, "cluster_descripcion": "Tipo D (Infr 0.40 - NBI 2.8%)", "categoria_infraestructura": "Alta", "tooltip_barrio": "<b>PARQUE TABLADA</b><br>Pob: 981.0<br>Score: 0.30 (Alta)", "servicios_basicos_score": 0.33, "infraestructura_por_habitante": 3.0785, "ranking_infraestructura": 129, "percentil_infraestructura": 74.1 }, "geometry": { "type": "Point", "coordinates": [ -64.231240817875801, -31.387178177056299 ] } },
{ "type": "Feature", "properties": { "barrio": "PARQUE VELEZ SARSFIELD", "poblacion": 3045.0, "hogares": 1004.0, "nbi": 8.0, "pct_nbi": 0.8, "escuelas_total": 1, "escuelas_estatales": 1, "escuelas_privadas": 0, "dispensarios_municipales": 0, "paradas_colectivo": 13, "lineas_colectivo": 3, "luminarias_reportes": 1016, "comisarias": 0, "centros_vecinales": 1, "hogares_por_poblacion": 0.33, "poblacion_log": 8.022, "pct_escuelas_privadas": 0.0, "escuelas_por_1000_hab": 0.33, "dispensarios_por_10000_hab": 0.0, "comisarias_por_10000_hab": 0.0, "paradas_por_1000_hab": 4.27, "centros_vecinales_por_10000_hab": 3.28, "tiene_escuela": 1, "tiene_dispensario": 0, "tiene_comisaria": 0, "tiene_transporte": 1, "infraestructura_score": 0.102, "area_barrio_km2": 0.65, "densidad_poblacional": 4684.62, "densidad_hogares": 1544.62, "infraestructura_por_km2": 0.157, "educacion_ratio_publico_privado": 2.0, "cluster_barrio": 1, "cluster_descripcion": "Tipo B (Infr 0.14 - NBI 3.0%)", "categoria_infraestructura": "Baja", "tooltip_barrio": "<b>PARQUE VELEZ SARSFIELD</b><br>Pob: 3045.0<br>Score: 0.10 (Baja)", "servicios_basicos_score": 0.67, "infraestructura_por_habitante": 0.335, "ranking_infraestructura": 374, "percentil_infraestructura": 24.5 }, "geometry": { "type": "Point", "coordinates": [ -64.204002556582296, -31.441159548532301 ] } },
{ "type": "Feature", "properties": { "barrio": "PASO DE LOS ANDES", "poblacion": 2529.0, "hogares": 902.0, "nbi": 25.0, "pct_nbi": 2.77, "escuelas_total": 6, "escuelas_estatales": 3, "escuelas_privadas": 3, "dispensarios_municipales": 0, "paradas_colectivo": 12, "lineas_colectivo": 18, "luminarias_reportes": 238, "comisarias": 1, "centros_vecinales": 0, "hogares_por_poblacion": 0.357, "poblacion_log": 7.836, "pct_escuelas_privadas": 0.5, "escuelas_por_1000_hab": 2.37, "dispensarios_por_10000_hab": 0.0, "comisarias_por_10000_hab": 1.5585, "paradas_por_1000_hab": 4.74, "centros_vecinales_por_10000_hab": 0.0, "tiene_escuela": 1, "tiene_dispensario": 0, "tiene_comisaria": 1, "tiene_transporte": 1, "infraestructura_score": 0.3634, "area_barrio_km2": 0.38, "densidad_poblacional": 6655.26, "densidad_hogares": 2373.68, "infraestructura_por_km2": 0.956, "educacion_ratio_publico_privado": 1.0, "cluster_barrio": 1, "cluster_descripcion": "Tipo B (Infr 0.14 - NBI 3.0%)", "categoria_infraestructura": "Muy Alta", "tooltip_barrio": "<b>PASO DE LOS ANDES</b><br>Pob: 2529.0<br>Score: 0.36 (Muy Alta)", "servicios_basicos_score": 0.67, "infraestructura_por_habitante": 1.4369, "ranking_infraestructura": 94, "percentil_infraestructura": 81.2 }, "geometry": { "type": "Point", "coordinates": [ -64.203280297451002, -31.415953870289801 ] } },
{ "type": "Feature", "properties": { "barrio": "PATRIA", "poblacion": 1790.0, "hogares": 640.0, "nbi": 5.0, "pct_nbi": 0.78, "escuelas_total": 2, "escuelas_estatales": 0, "escuelas_privadas": 2, "dispensarios_municipales": 0, "paradas_colectivo": 19, "lineas_colectivo": 8, "luminarias_reportes": 0, "comisarias": 0, "centros_vecinales": 0, "hogares_por_poblacion": 0.358, "poblacion_log": 7.491, "pct_escuelas_privadas": 1.0, "escuelas_por_1000_hab": 1.12, "dispensarios_por_10000_hab": 0.0, "comisarias_por_10000_hab": 0.0, "paradas_por_1000_hab": 10.61, "centros_vecinales_por_10000_hab": 0.0, "tiene_escuela": 1, "tiene_dispensario": 0, "tiene_comisaria": 0, "tiene_transporte": 1, "infraestructura_score": 0.2742, "area_barrio_km2": 0.25, "densidad_poblacional": 7160.0, "densidad_hogares": 2560.0, "infraestructura_por_km2": 1.097, "educacion_ratio_publico_privado": 0.33, "cluster_barrio": 1, "cluster_descripcion": "Tipo B (Infr 0.14 - NBI 3.0%)", "categoria_infraestructura": "Alta", "tooltip_barrio": "<b>PATRIA</b><br>Pob: 1790.0<br>Score: 0.27 (Alta)", "servicios_basicos_score": 0.67, "infraestructura_por_habitante": 1.5318, "ranking_infraestructura": 148, "percentil_infraestructura": 70.2 }, "geometry": { "type": "Point", "coordinates": [ -64.160185804521902, -31.409026465430699 ] } },
{ "type": "Feature", "properties": { "barrio": "PATRICIOS", "poblacion": 4731.0, "hogares": 1400.0, "nbi": 67.0, "pct_nbi": 4.79, "escuelas_total": 6, "escuelas_estatales": 6, "escuelas_privadas": 0, "dispensarios_municipales": 0, "paradas_colectivo": 8, "lineas_colectivo": 1, "luminarias_reportes": 466, "comisarias": 2, "centros_vecinales": 1, "hogares_por_poblacion": 0.296, "poblacion_log": 8.462, "pct_escuelas_privadas": 0.0, "escuelas_por_1000_hab": 1.27, "dispensarios_por_10000_hab": 0.0, "comisarias_por_10000_hab": 1.5585, "paradas_por_1000_hab": 1.69, "centros_vecinales_por_10000_hab": 2.11, "tiene_escuela": 1, "tiene_dispensario": 0, "tiene_comisaria": 1, "tiene_transporte": 1, "infraestructura_score": 0.2305, "area_barrio_km2": 0.5, "densidad_poblacional": 9462.0, "densidad_hogares": 2800.0, "infraestructura_por_km2": 0.461, "educacion_ratio_publico_privado": 7.0, "cluster_barrio": 1, "cluster_descripcion": "Tipo B (Infr 0.14 - NBI 3.0%)", "categoria_infraestructura": "Alta", "tooltip_barrio": "<b>PATRICIOS</b><br>Pob: 4731.0<br>Score: 0.23 (Alta)", "servicios_basicos_score": 0.67, "infraestructura_por_habitante": 0.4872, "ranking_infraestructura": 189, "percentil_infraestructura": 61.9 }, "geometry": { "type": "Point", "coordinates": [ -64.138041194422499, -31.3756246362009 ] } },
{ "type": "Feature", "properties": { "barrio": "PATRICIOS ESTE", "poblacion": 2550.0, "hogares": 653.0, "nbi": 51.0, "pct_nbi": 7.81, "escuelas_total": 1, "escuelas_estatales": 1, "escuelas_privadas": 0, "dispensarios_municipales": 1, "paradas_colectivo": 1, "lineas_colectivo": 1, "luminarias_reportes": 10, "comisarias": 0, "centros_vecinales": 1, "hogares_por_poblacion": 0.256, "poblacion_log": 7.844, "pct_escuelas_privadas": 0.0, "escuelas_por_1000_hab": 0.39, "dispensarios_por_10000_hab": 3.92, "comisarias_por_10000_hab": 0.0, "paradas_por_1000_hab": 0.39, "centros_vecinales_por_10000_hab": 3.92, "tiene_escuela": 1, "tiene_dispensario": 1, "tiene_comisaria": 0, "tiene_transporte": 1, "infraestructura_score": 0.1651, "area_barrio_km2": 0.27, "densidad_poblacional": 9444.44, "densidad_hogares": 2418.52, "infraestructura_por_km2": 0.611, "educacion_ratio_publico_privado": 2.0, "cluster_barrio": 1, "cluster_descripcion": "Tipo B (Infr 0.14 - NBI 3.0%)", "categoria_infraestructura": "Media", "tooltip_barrio": "<b>PATRICIOS ESTE</b><br>Pob: 2550.0<br>Score: 0.17 (Media)", "servicios_basicos_score": 1.0, "infraestructura_por_habitante": 0.6475, "ranking_infraestructura": 261, "percentil_infraestructura": 47.2 }, "geometry": { "type": "Point", "coordinates": [ -64.134933983075499, -31.366499929653902 ] } },
{ "type": "Feature", "properties": { "barrio": "PATRICIOS NORTE", "poblacion": 1790.0, "hogares": 485.0, "nbi": 39.0, "pct_nbi": 8.04, "escuelas_total": 0, "escuelas_estatales": 0, "escuelas_privadas": 0, "dispensarios_municipales": 0, "paradas_colectivo": 14, "lineas_colectivo": 5, "luminarias_reportes": 227, "comisarias": 0, "centros_vecinales": 1, "hogares_por_poblacion": 0.271, "poblacion_log": 7.491, "pct_escuelas_privadas": 0.0, "escuelas_por_1000_hab": 0.0, "dispensarios_por_10000_hab": 0.0, "comisarias_por_10000_hab": 0.0, "paradas_por_1000_hab": 7.82, "centros_vecinales_por_10000_hab": 5.59, "tiene_escuela": 0, "tiene_dispensario": 0, "tiene_comisaria": 0, "tiene_transporte": 1, "infraestructura_score": 0.1448, "area_barrio_km2": 0.18, "densidad_poblacional": 9944.44, "densidad_hogares": 2694.44, "infraestructura_por_km2": 0.804, "educacion_ratio_publico_privado": 1.0, "cluster_barrio": 1, "cluster_descripcion": "Tipo B (Infr 0.14 - NBI 3.0%)", "categoria_infraestructura": "Baja", "tooltip_barrio": "<b>PATRICIOS NORTE</b><br>Pob: 1790.0<br>Score: 0.14 (Baja)", "servicios_basicos_score": 0.33, "infraestructura_por_habitante": 0.8089, "ranking_infraestructura": 300, "percentil_infraestructura": 39.5 }, "geometry": { "type": "Point", "coordinates": [ -64.139790254481895, -31.3665348992504 ] } },
{ "type": "Feature", "properties": { "barrio": "PATRICIOS OESTE", "poblacion": 5211.0, "hogares": 1370.0, "nbi": 114.0, "pct_nbi": 8.32, "escuelas_total": 3, "escuelas_estatales": 3, "escuelas_privadas": 0, "dispensarios_municipales": 0, "paradas_colectivo": 16, "lineas_colectivo": 6, "luminarias_reportes": 43, "comisarias": 0, "centros_vecinales": 1, "hogares_por_poblacion": 0.263, "poblacion_log": 8.559, "pct_escuelas_privadas": 0.0, "escuelas_por_1000_hab": 0.58, "dispensarios_por_10000_hab": 0.0, "comisarias_por_10000_hab": 0.0, "paradas_por_1000_hab": 3.07, "centros_vecinales_por_10000_hab": 1.92, "tiene_escuela": 1, "tiene_dispensario": 0, "tiene_comisaria": 0, "tiene_transporte": 1, "infraestructura_score": 0.0971, "area_barrio_km2": 0.51, "densidad_poblacional": 10217.65, "densidad_hogares": 2686.27, "infraestructura_por_km2": 0.19, "educacion_ratio_publico_privado": 4.0, "cluster_barrio": 2, "cluster_descripcion": "Tipo C (Infr 0.16 - NBI 14.4%)", "categoria_infraestructura": "Baja", "tooltip_barrio": "<b>PATRICIOS OESTE</b><br>Pob: 5211.0<br>Score: 0.10 (Baja)", "servicios_basicos_score": 0.67, "infraestructura_por_habitante": 0.1863, "ranking_infraestructura": 378, "percentil_infraestructura": 23.7 }, "geometry": { "type": "Point", "coordinates": [ -64.144607787168994, -31.366869744123001 ] } },
{ "type": "Feature", "properties": { "barrio": "PIEDRAS BLANCAS", "poblacion": 500.0, "hogares": 200.0, "nbi": 0.0, "pct_nbi": 0.0, "escuelas_total": 0, "escuelas_estatales": 0, "escuelas_privadas": 0, "dispensarios_municipales": 0, "paradas_colectivo": 5, "lineas_colectivo": 1, "luminarias_reportes": 0, "comisarias": 0, "centros_vecinales": 0, "hogares_por_poblacion": 0.4, "poblacion_log": 6.217, "pct_escuelas_privadas": 0.0, "escuelas_por_1000_hab": 0.0, "dispensarios_por_10000_hab": 0.0, "comisarias_por_10000_hab": 0.0, "paradas_por_1000_hab": 10.0, "centros_vecinales_por_10000_hab": 0.0, "tiene_escuela": 0, "tiene_dispensario": 0, "tiene_comisaria": 0, "tiene_transporte": 1, "infraestructura_score": 0.1852, "area_barrio_km2": 0.04, "densidad_poblacional": 12500.0, "densidad_hogares": 5000.0, "infraestructura_por_km2": 4.63, "educacion_ratio_publico_privado": 1.0, "cluster_barrio": 1, "cluster_descripcion": "Tipo B (Infr 0.14 - NBI 3.0%)", "categoria_infraestructura": "Media", "tooltip_barrio": "<b>PIEDRAS BLANCAS</b><br>Pob: 500.0<br>Score: 0.19 (Media)", "servicios_basicos_score": 0.33, "infraestructura_por_habitante": 3.704, "ranking_infraestructura": 237, "percentil_infraestructura": 52.0 }, "geometry": { "type": "Point", "coordinates": [ -64.1625623852958, -31.482836769504701 ] } },
{ "type": "Feature", "properties": { "barrio": "POETA LUGONES", "poblacion": 7839.0, "hogares": 2591.0, "nbi": 14.0, "pct_nbi": 0.54, "escuelas_total": 7, "escuelas_estatales": 6, "escuelas_privadas": 1, "dispensarios_municipales": 0, "paradas_colectivo": 31, "lineas_colectivo": 5, "luminarias_reportes": 992, "comisarias": 0, "centros_vecinales": 1, "hogares_por_poblacion": 0.331, "poblacion_log": 8.967, "pct_escuelas_privadas": 0.143, "escuelas_por_1000_hab": 0.89, "dispensarios_por_10000_hab": 0.0, "comisarias_por_10000_hab": 0.0, "paradas_por_1000_hab": 3.95, "centros_vecinales_por_10000_hab": 1.28, "tiene_escuela": 1, "tiene_dispensario": 0, "tiene_comisaria": 0, "tiene_transporte": 1, "infraestructura_score": 0.1349, "area_barrio_km2": 1.52, "densidad_poblacional": 5157.24, "densidad_hogares": 1704.61, "infraestructura_por_km2": 0.089, "educacion_ratio_publico_privado": 3.5, "cluster_barrio": 1, "cluster_descripcion": "Tipo B (Infr 0.14 - NBI 3.0%)", "categoria_infraestructura": "Baja", "tooltip_barrio": "<b>POETA LUGONES</b><br>Pob: 7839.0<br>Score: 0.13 (Baja)", "servicios_basicos_score": 0.67, "infraestructura_por_habitante": 0.1721, "ranking_infraestructura": 310, "percentil_infraestructura": 37.4 }, "geometry": { "type": "Point", "coordinates": [ -64.211930715689803, -31.3609843553083 ] } },
{ "type": "Feature", "properties": { "barrio": "POLICARPIO CABRAL", "poblacion": 517.0, "hogares": 200.0, "nbi": 5.0, "pct_nbi": 2.5, "escuelas_total": 0, "escuelas_estatales": 0, "escuelas_privadas": 0, "dispensarios_municipales": 0, "paradas_colectivo": 10, "lineas_colectivo": 2, "luminarias_reportes": 0, "comisarias": 0, "centros_vecinales": 0, "hogares_por_poblacion": 0.387, "poblacion_log": 6.25, "pct_escuelas_privadas": 0.0, "escuelas_por_1000_hab": 0.0, "dispensarios_por_10000_hab": 0.0, "comisarias_por_10000_hab": 0.0, "paradas_por_1000_hab": 19.34, "centros_vecinales_por_10000_hab": 0.0, "tiene_escuela": 0, "tiene_dispensario": 0, "tiene_comisaria": 0, "tiene_transporte": 1, "infraestructura_score": 0.3581, "area_barrio_km2": 0.07, "densidad_poblacional": 7385.71, "densidad_hogares": 2857.14, "infraestructura_por_km2": 5.116, "educacion_ratio_publico_privado": 1.0, "cluster_barrio": 3, "cluster_descripcion": "Tipo D (Infr 0.40 - NBI 2.8%)", "categoria_infraestructura": "Muy Alta", "tooltip_barrio": "<b>POLICARPIO CABRAL</b><br>Pob: 517.0<br>Score: 0.36 (Muy Alta)", "servicios_basicos_score": 0.33, "infraestructura_por_habitante": 6.9265, "ranking_infraestructura": 99, "percentil_infraestructura": 80.2 }, "geometry": { "type": "Point", "coordinates": [ -64.137900695588399, -31.4365154316367 ] } },
{ "type": "Feature", "properties": { "barrio": "POLICIAL", "poblacion": 9360.0, "hogares": 2424.0, "nbi": 312.0, "pct_nbi": 12.87, "escuelas_total": 0, "escuelas_estatales": 0, "escuelas_privadas": 0, "dispensarios_municipales": 1, "paradas_colectivo": 2, "lineas_colectivo": 1, "luminarias_reportes": 65, "comisarias": 0, "centros_vecinales": 1, "hogares_por_poblacion": 0.259, "poblacion_log": 9.144, "pct_escuelas_privadas": 0.0, "escuelas_por_1000_hab": 0.0, "dispensarios_por_10000_hab": 1.07, "comisarias_por_10000_hab": 0.0, "paradas_por_1000_hab": 0.21, "centros_vecinales_por_10000_hab": 1.07, "tiene_escuela": 0, "tiene_dispensario": 1, "tiene_comisaria": 0, "tiene_transporte": 1, "infraestructura_score": 0.0396, "area_barrio_km2": 0.8, "densidad_poblacional": 11700.0, "densidad_hogares": 3030.0, "infraestructura_por_km2": 0.05, "educacion_ratio_publico_privado": 1.0, "cluster_barrio": 2, "cluster_descripcion": "Tipo C (Infr 0.16 - NBI 14.4%)", "categoria_infraestructura": "Muy Baja", "tooltip_barrio": "<b>POLICIAL</b><br>Pob: 9360.0<br>Score: 0.04 (Muy Baja)", "servicios_basicos_score": 0.67, "infraestructura_por_habitante": 0.0423, "ranking_infraestructura": 444, "percentil_infraestructura": 10.3 }, "geometry": { "type": "Point", "coordinates": [ -64.264963098143397, -31.315519812503251 ] } },
{ "type": "Feature", "properties": { "barrio": "PORTAL DE CORDOBA", "poblacion": 2234.0, "hogares": 535.0, "nbi": 20.0, "pct_nbi": 3.74, "escuelas_total": 0, "escuelas_estatales": 0, "escuelas_privadas": 0, "dispensarios_municipales": 0, "paradas_colectivo": 3, "lineas_colectivo": 1, "luminarias_reportes": 38, "comisarias": 0, "centros_vecinales": 0, "hogares_por_poblacion": 0.239, "poblacion_log": 7.712, "pct_escuelas_privadas": 0.0, "escuelas_por_1000_hab": 0.0, "dispensarios_por_10000_hab": 0.0, "comisarias_por_10000_hab": 0.0, "paradas_por_1000_hab": 1.34, "centros_vecinales_por_10000_hab": 0.0, "tiene_escuela": 0, "tiene_dispensario": 0, "tiene_comisaria": 0, "tiene_transporte": 1, "infraestructura_score": 0.0248, "area_barrio_km2": 0.24, "densidad_poblacional": 9308.33, "densidad_hogares": 2229.17, "infraestructura_por_km2": 0.103, "educacion_ratio_publico_privado": 1.0, "cluster_barrio": 1, "cluster_descripcion": "Tipo B (Infr 0.14 - NBI 3.0%)", "categoria_infraestructura": "Muy Baja", "tooltip_barrio": "<b>PORTAL DE CORDOBA</b><br>Pob: 2234.0<br>Score: 0.02 (Muy Baja)", "servicios_basicos_score": 0.33, "infraestructura_por_habitante": 0.111, "ranking_infraestructura": 459, "percentil_infraestructura": 7.3 }, "geometry": { "type": "Point", "coordinates": [ -64.109445494429295, -31.4442984208467 ] } },
{ "type": "Feature", "properties": { "barrio": "PORTAL DEL JACARANDA", "poblacion": 500.0, "hogares": 200.0, "nbi": 2.0, "pct_nbi": 1.0, "escuelas_total": 1, "escuelas_estatales": 0, "escuelas_privadas": 1, "dispensarios_municipales": 0, "paradas_colectivo": 9, "lineas_colectivo": 3, "luminarias_reportes": 0, "comisarias": 0, "centros_vecinales": 0, "hogares_por_poblacion": 0.4, "poblacion_log": 6.217, "pct_escuelas_privadas": 1.0, "escuelas_por_1000_hab": 2.0, "dispensarios_por_10000_hab": 0.0, "comisarias_por_10000_hab": 0.0, "paradas_por_1000_hab": 18.0, "centros_vecinales_por_10000_hab": 0.0, "tiene_escuela": 1, "tiene_dispensario": 0, "tiene_comisaria": 0, "tiene_transporte": 1, "infraestructura_score": 0.4721, "area_barrio_km2": 0.09, "densidad_poblacional": 5555.56, "densidad_hogares": 2222.22, "infraestructura_por_km2": 5.246, "educacion_ratio_publico_privado": 0.5, "cluster_barrio": 3, "cluster_descripcion": "Tipo D (Infr 0.40 - NBI 2.8%)", "categoria_infraestructura": "Muy Alta", "tooltip_barrio": "<b>PORTAL DEL JACARANDA</b><br>Pob: 500.0<br>Score: 0.47 (Muy Alta)", "servicios_basicos_score": 0.67, "infraestructura_por_habitante": 9.442, "ranking_infraestructura": 55, "percentil_infraestructura": 89.1 }, "geometry": { "type": "Point", "coordinates": [ -64.288991381410696, -31.3439690435074 ] } },
{ "type": "Feature", "properties": { "barrio": "POSTA DE VARGAS", "poblacion": 719.0, "hogares": 200.0, "nbi": 5.0, "pct_nbi": 2.5, "escuelas_total": 3, "escuelas_estatales": 3, "escuelas_privadas": 0, "dispensarios_municipales": 0, "paradas_colectivo": 4, "lineas_colectivo": 2, "luminarias_reportes": 3, "comisarias": 0, "centros_vecinales": 1, "hogares_por_poblacion": 0.278, "poblacion_log": 6.579, "pct_escuelas_privadas": 0.0, "escuelas_por_1000_hab": 4.17, "dispensarios_por_10000_hab": 0.0, "comisarias_por_10000_hab": 0.0, "paradas_por_1000_hab": 5.56, "centros_vecinales_por_10000_hab": 13.91, "tiene_escuela": 1, "tiene_dispensario": 0, "tiene_comisaria": 0, "tiene_transporte": 1, "infraestructura_score": 0.3923, "area_barrio_km2": 0.08, "densidad_poblacional": 8987.5, "densidad_hogares": 2500.0, "infraestructura_por_km2": 4.904, "educacion_ratio_publico_privado": 4.0, "cluster_barrio": 0, "cluster_descripcion": "Tipo A (Infr 0.57 - NBI 4.5%)", "categoria_infraestructura": "Muy Alta", "tooltip_barrio": "<b>POSTA DE VARGAS</b><br>Pob: 719.0<br>Score: 0.39 (Muy Alta)", "servicios_basicos_score": 0.67, "infraestructura_por_habitante": 5.4562, "ranking_infraestructura": 81, "percentil_infraestructura": 83.8 }, "geometry": { "type": "Point", "coordinates": [ -64.194160517463104, -31.479894648273401 ] } },
{ "type": "Feature", "properties": { "barrio": "PRIMERA JUNTA", "poblacion": 783.0, "hogares": 253.0, "nbi": 3.0, "pct_nbi": 1.19, "escuelas_total": 0, "escuelas_estatales": 0, "escuelas_privadas": 0, "dispensarios_municipales": 0, "paradas_colectivo": 10, "lineas_colectivo": 4, "luminarias_reportes": 0, "comisarias": 0, "centros_vecinales": 1, "hogares_por_poblacion": 0.323, "poblacion_log": 6.664, "pct_escuelas_privadas": 0.0, "escuelas_por_1000_hab": 0.0, "dispensarios_por_10000_hab": 0.0, "comisarias_por_10000_hab": 0.0, "paradas_por_1000_hab": 12.77, "centros_vecinales_por_10000_hab": 12.77, "tiene_escuela": 0, "tiene_dispensario": 0, "tiene_comisaria": 0, "tiene_transporte": 1, "infraestructura_score": 0.2365, "area_barrio_km2": 0.1, "densidad_poblacional": 7830.0, "densidad_hogares": 2530.0, "infraestructura_por_km2": 2.365, "educacion_ratio_publico_privado": 1.0, "cluster_barrio": 3, "cluster_descripcion": "Tipo D (Infr 0.40 - NBI 2.8%)", "categoria_infraestructura": "Alta", "tooltip_barrio": "<b>PRIMERA JUNTA</b><br>Pob: 783.0<br>Score: 0.24 (Alta)", "servicios_basicos_score": 0.33, "infraestructura_por_habitante": 3.0204, "ranking_infraestructura": 183, "percentil_infraestructura": 63.2 }, "geometry": { "type": "Point", "coordinates": [ -64.227764470851398, -31.426221702012299 ] } },
{ "type": "Feature", "properties": { "barrio": "PROVIDENCIA", "poblacion": 4998.0, "hogares": 1856.0, "nbi": 148.0, "pct_nbi": 7.97, "escuelas_total": 0, "escuelas_estatales": 0, "escuelas_privadas": 0, "dispensarios_municipales": 0, "paradas_colectivo": 30, "lineas_colectivo": 21, "luminarias_reportes": 405, "comisarias": 0, "centros_vecinales": 1, "hogares_por_poblacion": 0.371, "poblacion_log": 8.517, "pct_escuelas_privadas": 0.0, "escuelas_por_1000_hab": 0.0, "dispensarios_por_10000_hab": 0.0, "comisarias_por_10000_hab": 0.0, "paradas_por_1000_hab": 6.0, "centros_vecinales_por_10000_hab": 2.0, "tiene_escuela": 0, "tiene_dispensario": 0, "tiene_comisaria": 0, "tiene_transporte": 1, "infraestructura_score": 0.1111, "area_barrio_km2": 0.61, "densidad_poblacional": 8193.44, "densidad_hogares": 3042.62, "infraestructura_por_km2": 0.182, "educacion_ratio_publico_privado": 1.0, "cluster_barrio": 1, "cluster_descripcion": "Tipo B (Infr 0.14 - NBI 3.0%)", "categoria_infraestructura": "Baja", "tooltip_barrio": "<b>PROVIDENCIA</b><br>Pob: 4998.0<br>Score: 0.11 (Baja)", "servicios_basicos_score": 0.33, "infraestructura_por_habitante": 0.2223, "ranking_infraestructura": 347, "percentil_infraestructura": 29.1 }, "geometry": { "type": "Point", "coordinates": [ -64.200771842818597, -31.400788548213299 ] } },
{ "type": "Feature", "properties": { "barrio": "PUENTE BLANCO", "poblacion": 1157.0, "hogares": 354.0, "nbi": 14.0, "pct_nbi": 3.95, "escuelas_total": 0, "escuelas_estatales": 0, "escuelas_privadas": 0, "dispensarios_municipales": 0, "paradas_colectivo": 5, "lineas_colectivo": 2, "luminarias_reportes": 68, "comisarias": 0, "centros_vecinales": 1, "hogares_por_poblacion": 0.306, "poblacion_log": 7.054, "pct_escuelas_privadas": 0.0, "escuelas_por_1000_hab": 0.0, "dispensarios_por_10000_hab": 0.0, "comisarias_por_10000_hab": 0.0, "paradas_por_1000_hab": 4.32, "centros_vecinales_por_10000_hab": 8.64, "tiene_escuela": 0, "tiene_dispensario": 0, "tiene_comisaria": 0, "tiene_transporte": 1, "infraestructura_score": 0.08, "area_barrio_km2": 0.18, "densidad_poblacional": 6427.78, "densidad_hogares": 1966.67, "infraestructura_por_km2": 0.444, "educacion_ratio_publico_privado": 1.0, "cluster_barrio": 1, "cluster_descripcion": "Tipo B (Infr 0.14 - NBI 3.0%)", "categoria_infraestructura": "Muy Baja", "tooltip_barrio": "<b>PUENTE BLANCO</b><br>Pob: 1157.0<br>Score: 0.08 (Muy Baja)", "servicios_basicos_score": 0.33, "infraestructura_por_habitante": 0.6914, "ranking_infraestructura": 399, "percentil_infraestructura": 19.4 }, "geometry": { "type": "Point", "coordinates": [ -64.235425989044899, -31.410208843848199 ] } },
{ "type": "Feature", "properties": { "barrio": "QUEBRADA DE LAS ROSAS", "poblacion": 4842.0, "hogares": 1503.0, "nbi": 20.0, "pct_nbi": 1.33, "escuelas_total": 3, "escuelas_estatales": 3, "escuelas_privadas": 0, "dispensarios_municipales": 0, "paradas_colectivo": 21, "lineas_colectivo": 7, "luminarias_reportes": 568, "comisarias": 0, "centros_vecinales": 0, "hogares_por_poblacion": 0.31, "poblacion_log": 8.485, "pct_escuelas_privadas": 0.0, "escuelas_por_1000_hab": 0.62, "dispensarios_por_10000_hab": 0.0, "comisarias_por_10000_hab": 0.0, "paradas_por_1000_hab": 4.34, "centros_vecinales_por_10000_hab": 0.0, "tiene_escuela": 1, "tiene_dispensario": 0, "tiene_comisaria": 0, "tiene_transporte": 1, "infraestructura_score": 0.1234, "area_barrio_km2": 1.61, "densidad_poblacional": 3007.45, "densidad_hogares": 933.54, "infraestructura_por_km2": 0.077, "educacion_ratio_publico_privado": 4.0, "cluster_barrio": 1, "cluster_descripcion": "Tipo B (Infr 0.14 - NBI 3.0%)", "categoria_infraestructura": "Baja", "tooltip_barrio": "<b>QUEBRADA DE LAS ROSAS</b><br>Pob: 4842.0<br>Score: 0.12 (Baja)", "servicios_basicos_score": 0.67, "infraestructura_por_habitante": 0.2549, "ranking_infraestructura": 324, "percentil_infraestructura": 34.6 }, "geometry": { "type": "Point", "coordinates": [ -64.255763652992798, -31.391120467937899 ] } },
{ "type": "Feature", "properties": { "barrio": "QUINTA SANTA ANA", "poblacion": 648.0, "hogares": 242.0, "nbi": 0.0, "pct_nbi": 0.0, "escuelas_total": 0, "escuelas_estatales": 0, "escuelas_privadas": 0, "dispensarios_municipales": 0, "paradas_colectivo": 4, "lineas_colectivo": 3, "luminarias_reportes": 11, "comisarias": 0, "centros_vecinales": 0, "hogares_por_poblacion": 0.373, "poblacion_log": 6.475, "pct_escuelas_privadas": 0.0, "escuelas_por_1000_hab": 0.0, "dispensarios_por_10000_hab": 0.0, "comisarias_por_10000_hab": 0.0, "paradas_por_1000_hab": 6.17, "centros_vecinales_por_10000_hab": 0.0, "tiene_escuela": 0, "tiene_dispensario": 0, "tiene_comisaria": 0, "tiene_transporte": 1, "infraestructura_score": 0.1143, "area_barrio_km2": 0.14, "densidad_poblacional": 4628.57, "densidad_hogares": 1728.57, "infraestructura_por_km2": 0.816, "educacion_ratio_publico_privado": 1.0, "cluster_barrio": 1, "cluster_descripcion": "Tipo B (Infr 0.14 - NBI 3.0%)", "categoria_infraestructura": "Baja", "tooltip_barrio": "<b>QUINTA SANTA ANA</b><br>Pob: 648.0<br>Score: 0.11 (Baja)", "servicios_basicos_score": 0.33, "infraestructura_por_habitante": 1.7639, "ranking_infraestructura": 336, "percentil_infraestructura": 32.2 }, "geometry": { "type": "Point", "coordinates": [ -64.204155579347599, -31.4116430526547 ] } },
{ "type": "Feature", "properties": { "barrio": "QUINTAS DE ARGUELLO", "poblacion": 649.0, "hogares": 205.0, "nbi": 2.0, "pct_nbi": 0.98, "escuelas_total": 7, "escuelas_estatales": 5, "escuelas_privadas": 2, "dispensarios_municipales": 0, "paradas_colectivo": 10, "lineas_colectivo": 3, "luminarias_reportes": 0, "comisarias": 1, "centros_vecinales": 1, "hogares_por_poblacion": 0.316, "poblacion_log": 6.477, "pct_escuelas_privadas": 0.286, "escuelas_por_1000_hab": 4.8035, "dispensarios_por_10000_hab": 0.0, "comisarias_por_10000_hab": 1.5585, "paradas_por_1000_hab": 15.41, "centros_vecinales_por_10000_hab": 15.41, "tiene_escuela": 1, "tiene_dispensario": 0, "tiene_comisaria": 1, "tiene_transporte": 1, "infraestructura_score": 0.7298, "area_barrio_km2": 0.08, "densidad_poblacional": 8112.5, "densidad_hogares": 2562.5, "infraestructura_por_km2": 9.122, "educacion_ratio_publico_privado": 2.0, "cluster_barrio": 0, "cluster_descripcion": "Tipo A (Infr 0.57 - NBI 4.5%)", "categoria_infraestructura": "Muy Alta", "tooltip_barrio": "<b>QUINTAS DE ARGUELLO</b><br>Pob: 649.0<br>Score: 0.73 (Muy Alta)", "servicios_basicos_score": 0.67, "infraestructura_por_habitante": 11.245, "ranking_infraestructura": 13, "percentil_infraestructura": 97.6 }, "geometry": { "type": "Point", "coordinates": [ -64.271305642959902, -31.3400189964185 ] } },
{ "type": "Feature", "properties": { "barrio": "QUINTAS DE FLORES", "poblacion": 500.0, "hogares": 200.0, "nbi": 0.0, "pct_nbi": 0.0, "escuelas_total": 0, "escuelas_estatales": 0, "escuelas_privadas": 0, "dispensarios_municipales": 0, "paradas_colectivo": 10, "lineas_colectivo": 1, "luminarias_reportes": 5, "comisarias": 0, "centros_vecinales": 0, "hogares_por_poblacion": 0.4, "poblacion_log": 6.217, "pct_escuelas_privadas": 0.0, "escuelas_por_1000_hab": 0.0, "dispensarios_por_10000_hab": 0.0, "comisarias_por_10000_hab": 0.0, "paradas_por_1000_hab": 20.0, "centros_vecinales_por_10000_hab": 0.0, "tiene_escuela": 0, "tiene_dispensario": 0, "tiene_comisaria": 0, "tiene_transporte": 1, "infraestructura_score": 0.3704, "area_barrio_km2": 0.23, "densidad_poblacional": 2173.91, "densidad_hogares": 869.57, "infraestructura_por_km2": 1.61, "educacion_ratio_publico_privado": 1.0, "cluster_barrio": 3, "cluster_descripcion": "Tipo D (Infr 0.40 - NBI 2.8%)", "categoria_infraestructura": "Muy Alta", "tooltip_barrio": "<b>QUINTAS DE FLORES</b><br>Pob: 500.0<br>Score: 0.37 (Muy Alta)", "servicios_basicos_score": 0.33, "infraestructura_por_habitante": 7.408, "ranking_infraestructura": 90, "percentil_infraestructura": 81.8 }, "geometry": { "type": "Point", "coordinates": [ -64.163666961067193, -31.489414830170599 ] } },
{ "type": "Feature", "properties": { "barrio": "QUINTAS DE ITALIA", "poblacion": 500.0, "hogares": 200.0, "nbi": 3.0, "pct_nbi": 1.5, "escuelas_total": 0, "escuelas_estatales": 0, "escuelas_privadas": 0, "dispensarios_municipales": 0, "paradas_colectivo": 0, "lineas_colectivo": 0, "luminarias_reportes": 52, "comisarias": 0, "centros_vecinales": 0, "hogares_por_poblacion": 0.4, "poblacion_log": 6.217, "pct_escuelas_privadas": 0.0, "escuelas_por_1000_hab": 0.0, "dispensarios_por_10000_hab": 0.0, "comisarias_por_10000_hab": 0.0, "paradas_por_1000_hab": 0.0, "centros_vecinales_por_10000_hab": 0.0, "tiene_escuela": 0, "tiene_dispensario": 0, "tiene_comisaria": 0, "tiene_transporte": 0, "infraestructura_score": 0.0, "area_barrio_km2": 0.41, "densidad_poblacional": 1219.51, "densidad_hogares": 487.8, "infraestructura_por_km2": 0.0, "educacion_ratio_publico_privado": 1.0, "cluster_barrio": 1, "cluster_descripcion": "Tipo B (Infr 0.14 - NBI 3.0%)", "categoria_infraestructura": "Muy Baja", "tooltip_barrio": "<b>QUINTAS DE ITALIA</b><br>Pob: 500.0<br>Score: 0.00 (Muy Baja)", "servicios_basicos_score": 0.0, "infraestructura_por_habitante": 0.0, "ranking_infraestructura": 469, "percentil_infraestructura": 2.7 }, "geometry": { "type": "Point", "coordinates": [ -64.177191210218993, -31.497984297096401 ] } },
{ "type": "Feature", "properties": { "barrio": "QUINTAS DE SAN JORGE", "poblacion": 1537.0, "hogares": 340.0, "nbi": 46.0, "pct_nbi": 13.53, "escuelas_total": 1, "escuelas_estatales": 1, "escuelas_privadas": 0, "dispensarios_municipales": 1, "paradas_colectivo": 4, "lineas_colectivo": 2, "luminarias_reportes": 28, "comisarias": 0, "centros_vecinales": 2, "hogares_por_poblacion": 0.221, "poblacion_log": 7.338, "pct_escuelas_privadas": 0.0, "escuelas_por_1000_hab": 0.65, "dispensarios_por_10000_hab": 6.51, "comisarias_por_10000_hab": 0.0, "paradas_por_1000_hab": 2.6, "centros_vecinales_por_10000_hab": 13.01, "tiene_escuela": 1, "tiene_dispensario": 1, "tiene_comisaria": 0, "tiene_transporte": 1, "infraestructura_score": 0.3106, "area_barrio_km2": 0.09, "densidad_poblacional": 17077.78, "densidad_hogares": 3777.78, "infraestructura_por_km2": 3.451, "educacion_ratio_publico_privado": 2.0, "cluster_barrio": 2, "cluster_descripcion": "Tipo C (Infr 0.16 - NBI 14.4%)", "categoria_infraestructura": "Alta", "tooltip_barrio": "<b>QUINTAS DE SAN JORGE</b><br>Pob: 1537.0<br>Score: 0.31 (Alta)", "servicios_basicos_score": 1.0, "infraestructura_por_habitante": 2.0208, "ranking_infraestructura": 123, "percentil_infraestructura": 75.3 }, "geometry": { "type": "Point", "coordinates": [ -64.130640825516394, -31.374043152268801 ] } },
{ "type": "Feature", "properties": { "barrio": "RAMON J CARCANO", "poblacion": 2031.0, "hogares": 532.0, "nbi": 50.0, "pct_nbi": 9.4, "escuelas_total": 3, "escuelas_estatales": 3, "escuelas_privadas": 0, "dispensarios_municipales": 0, "paradas_colectivo": 6, "lineas_colectivo": 4, "luminarias_reportes": 44, "comisarias": 0, "centros_vecinales": 1, "hogares_por_poblacion": 0.262, "poblacion_log": 7.617, "pct_escuelas_privadas": 0.0, "escuelas_por_1000_hab": 1.48, "dispensarios_por_10000_hab": 0.0, "comisarias_por_10000_hab": 0.0, "paradas_por_1000_hab": 2.95, "centros_vecinales_por_10000_hab": 4.92, "tiene_escuela": 1, "tiene_dispensario": 0, "tiene_comisaria": 0, "tiene_transporte": 1, "infraestructura_score": 0.1573, "area_barrio_km2": 1.5, "densidad_poblacional": 1354.0, "densidad_hogares": 354.67, "infraestructura_por_km2": 0.105, "educacion_ratio_publico_privado": 4.0, "cluster_barrio": 1, "cluster_descripcion": "Tipo B (Infr 0.14 - NBI 3.0%)", "categoria_infraestructura": "Media", "tooltip_barrio": "<b>RAMON J CARCANO</b><br>Pob: 2031.0<br>Score: 0.16 (Media)", "servicios_basicos_score": 0.67, "infraestructura_por_habitante": 0.7745, "ranking_infraestructura": 275, "percentil_infraestructura": 44.5 }, "geometry": { "type": "Point", "coordinates": [ -64.137670360633194, -31.463692802931 ] } },
{ "type": "Feature", "properties": { "barrio": "RECREO DEL NORTE", "poblacion": 2032.0, "hogares": 487.0, "nbi": 61.0, "pct_nbi": 12.53, "escuelas_total": 0, "escuelas_estatales": 0, "escuelas_privadas": 0, "dispensarios_municipales": 0, "paradas_colectivo": 0, "lineas_colectivo": 0, "luminarias_reportes": 15, "comisarias": 0, "centros_vecinales": 0, "hogares_por_poblacion": 0.24, "poblacion_log": 7.617, "pct_escuelas_privadas": 0.0, "escuelas_por_1000_hab": 0.0, "dispensarios_por_10000_hab": 0.0, "comisarias_por_10000_hab": 0.0, "paradas_por_1000_hab": 0.0, "centros_vecinales_por_10000_hab": 0.0, "tiene_escuela": 0, "tiene_dispensario": 0, "tiene_comisaria": 0, "tiene_transporte": 0, "infraestructura_score": 0.0, "area_barrio_km2": 0.5, "densidad_poblacional": 4064.0, "densidad_hogares": 974.0, "infraestructura_por_km2": 0.0, "educacion_ratio_publico_privado": 1.0, "cluster_barrio": 2, "cluster_descripcion": "Tipo C (Infr 0.16 - NBI 14.4%)", "categoria_infraestructura": "Muy Baja", "tooltip_barrio": "<b>RECREO DEL NORTE</b><br>Pob: 2032.0<br>Score: 0.00 (Muy Baja)", "servicios_basicos_score": 0.0, "infraestructura_por_habitante": 0.0, "ranking_infraestructura": 469, "percentil_infraestructura": 2.7 }, "geometry": { "type": "Point", "coordinates": [ -64.167325622174005, -31.312353963476699 ] } },
{ "type": "Feature", "properties": { "barrio": "REMEDIOS DE ESCALADA", "poblacion": 4565.0, "hogares": 1256.0, "nbi": 150.0, "pct_nbi": 11.94, "escuelas_total": 7, "escuelas_estatales": 7, "escuelas_privadas": 0, "dispensarios_municipales": 0, "paradas_colectivo": 0, "lineas_colectivo": 0, "luminarias_reportes": 17, "comisarias": 0, "centros_vecinales": 1, "hogares_por_poblacion": 0.275, "poblacion_log": 8.426, "pct_escuelas_privadas": 0.0, "escuelas_por_1000_hab": 1.53, "dispensarios_por_10000_hab": 0.0, "comisarias_por_10000_hab": 0.0, "paradas_por_1000_hab": 0.0, "centros_vecinales_por_10000_hab": 2.19, "tiene_escuela": 1, "tiene_dispensario": 0, "tiene_comisaria": 0, "tiene_transporte": 0, "infraestructura_score": 0.1062, "area_barrio_km2": 2.44, "densidad_poblacional": 1870.9, "densidad_hogares": 514.75, "infraestructura_por_km2": 0.044, "educacion_ratio_publico_privado": 8.0, "cluster_barrio": 2, "cluster_descripcion": "Tipo C (Infr 0.16 - NBI 14.4%)", "categoria_infraestructura": "Baja", "tooltip_barrio": "<b>REMEDIOS DE ESCALADA</b><br>Pob: 4565.0<br>Score: 0.11 (Baja)", "servicios_basicos_score": 0.33, "infraestructura_por_habitante": 0.2326, "ranking_infraestructura": 363, "percentil_infraestructura": 26.7 }, "geometry": { "type": "Point", "coordinates": [ -64.186992017723199, -31.342130023804302 ] } },
{ "type": "Feature", "properties": { "barrio": "RENACIMIENTO", "poblacion": 2927.0, "hogares": 699.0, "nbi": 71.0, "pct_nbi": 10.16, "escuelas_total": 1, "escuelas_estatales": 1, "escuelas_privadas": 0, "dispensarios_municipales": 0, "paradas_colectivo": 13, "lineas_colectivo": 1, "luminarias_reportes": 2, "comisarias": 0, "centros_vecinales": 1, "hogares_por_poblacion": 0.239, "poblacion_log": 7.982, "pct_escuelas_privadas": 0.0, "escuelas_por_1000_hab": 0.34, "dispensarios_por_10000_hab": 0.0, "comisarias_por_10000_hab": 0.0, "paradas_por_1000_hab": 4.44, "centros_vecinales_por_10000_hab": 3.42, "tiene_escuela": 1, "tiene_dispensario": 0, "tiene_comisaria": 0, "tiene_transporte": 1, "infraestructura_score": 0.1058, "area_barrio_km2": 0.26, "densidad_poblacional": 11257.69, "densidad_hogares": 2688.46, "infraestructura_por_km2": 0.407, "educacion_ratio_publico_privado": 2.0, "cluster_barrio": 2, "cluster_descripcion": "Tipo C (Infr 0.16 - NBI 14.4%)", "categoria_infraestructura": "Baja", "tooltip_barrio": "<b>RENACIMIENTO</b><br>Pob: 2927.0<br>Score: 0.11 (Baja)", "servicios_basicos_score": 0.67, "infraestructura_por_habitante": 0.3615, "ranking_infraestructura": 365, "percentil_infraestructura": 26.3 }, "geometry": { "type": "Point", "coordinates": [ -64.121277022138301, -31.418324140871199 ] } },
{ "type": "Feature", "properties": { "barrio": "RENE FAVALORO", "poblacion": 1012.0, "hogares": 296.0, "nbi": 1.0, "pct_nbi": 0.34, "escuelas_total": 3, "escuelas_estatales": 3, "escuelas_privadas": 0, "dispensarios_municipales": 0, "paradas_colectivo": 5, "lineas_colectivo": 1, "luminarias_reportes": 267, "comisarias": 0, "centros_vecinales": 1, "hogares_por_poblacion": 0.292, "poblacion_log": 6.921, "pct_escuelas_privadas": 0.0, "escuelas_por_1000_hab": 2.96, "dispensarios_por_10000_hab": 0.0, "comisarias_por_10000_hab": 0.0, "paradas_por_1000_hab": 4.94, "centros_vecinales_por_10000_hab": 9.88, "tiene_escuela": 1, "tiene_dispensario": 0, "tiene_comisaria": 0, "tiene_transporte": 1, "infraestructura_score": 0.2969, "area_barrio_km2": 0.11, "densidad_poblacional": 9200.0, "densidad_hogares": 2690.91, "infraestructura_por_km2": 2.699, "educacion_ratio_publico_privado": 4.0, "cluster_barrio": 1, "cluster_descripcion": "Tipo B (Infr 0.14 - NBI 3.0%)", "categoria_infraestructura": "Alta", "tooltip_barrio": "<b>RENE FAVALORO</b><br>Pob: 1012.0<br>Score: 0.30 (Alta)", "servicios_basicos_score": 0.67, "infraestructura_por_habitante": 2.9338, "ranking_infraestructura": 131, "percentil_infraestructura": 73.7 }, "geometry": { "type": "Point", "coordinates": [ -64.231910285769303, -31.409199946721799 ] } },
{ "type": "Feature", "properties": { "barrio": "RENE FAVALORO II", "poblacion": 1536.0, "hogares": 470.0, "nbi": 9.0, "pct_nbi": 1.91, "escuelas_total": 0, "escuelas_estatales": 0, "escuelas_privadas": 0, "dispensarios_municipales": 0, "paradas_colectivo": 4, "lineas_colectivo": 2, "luminarias_reportes": 0, "comisarias": 0, "centros_vecinales": 1, "hogares_por_poblacion": 0.306, "poblacion_log": 7.338, "pct_escuelas_privadas": 0.0, "escuelas_por_1000_hab": 0.0, "dispensarios_por_10000_hab": 0.0, "comisarias_por_10000_hab": 0.0, "paradas_por_1000_hab": 2.6, "centros_vecinales_por_10000_hab": 6.51, "tiene_escuela": 0, "tiene_dispensario": 0, "tiene_comisaria": 0, "tiene_transporte": 1, "infraestructura_score": 0.0481, "area_barrio_km2": 0.16, "densidad_poblacional": 9600.0, "densidad_hogares": 2937.5, "infraestructura_por_km2": 0.301, "educacion_ratio_publico_privado": 1.0, "cluster_barrio": 1, "cluster_descripcion": "Tipo B (Infr 0.14 - NBI 3.0%)", "categoria_infraestructura": "Muy Baja", "tooltip_barrio": "<b>RENE FAVALORO II</b><br>Pob: 1536.0<br>Score: 0.05 (Muy Baja)", "servicios_basicos_score": 0.33, "infraestructura_por_habitante": 0.3132, "ranking_infraestructura": 436, "percentil_infraestructura": 11.9 }, "geometry": { "type": "Point", "coordinates": [ -64.236142398795707, -31.448824229476902 ] } },
{ "type": "Feature", "properties": { "barrio": "RES CHATEAU CARRERAS CO VI CO", "poblacion": 500.0, "hogares": 200.0, "nbi": 0.0, "pct_nbi": 0.0, "escuelas_total": 0, "escuelas_estatales": 0, "escuelas_privadas": 0, "dispensarios_municipales": 0, "paradas_colectivo": 5, "lineas_colectivo": 2, "luminarias_reportes": 0, "comisarias": 0, "centros_vecinales": 0, "hogares_por_poblacion": 0.4, "poblacion_log": 6.217, "pct_escuelas_privadas": 0.0, "escuelas_por_1000_hab": 0.0, "dispensarios_por_10000_hab": 0.0, "comisarias_por_10000_hab": 0.0, "paradas_por_1000_hab": 10.0, "centros_vecinales_por_10000_hab": 0.0, "tiene_escuela": 0, "tiene_dispensario": 0, "tiene_comisaria": 0, "tiene_transporte": 1, "infraestructura_score": 0.1852, "area_barrio_km2": 0.04, "densidad_poblacional": 12500.0, "densidad_hogares": 5000.0, "infraestructura_por_km2": 4.63, "educacion_ratio_publico_privado": 1.0, "cluster_barrio": 1, "cluster_descripcion": "Tipo B (Infr 0.14 - NBI 3.0%)", "categoria_infraestructura": "Media", "tooltip_barrio": "<b>RES CHATEAU CARRERAS CO VI CO</b><br>Pob: 500.0<br>Score: 0.19 (Media)", "servicios_basicos_score": 0.33, "infraestructura_por_habitante": 3.704, "ranking_infraestructura": 237, "percentil_infraestructura": 52.0 }, "geometry": { "type": "Point", "coordinates": [ -64.262581205756206, -31.391122781028798 ] } },
{ "type": "Feature", "properties": { "barrio": "RESIDENCIAL AMERICA", "poblacion": 6874.0, "hogares": 2183.0, "nbi": 50.0, "pct_nbi": 2.29, "escuelas_total": 6, "escuelas_estatales": 3, "escuelas_privadas": 3, "dispensarios_municipales": 0, "paradas_colectivo": 13, "lineas_colectivo": 4, "luminarias_reportes": 64, "comisarias": 1, "centros_vecinales": 1, "hogares_por_poblacion": 0.318, "poblacion_log": 8.836, "pct_escuelas_privadas": 0.5, "escuelas_por_1000_hab": 0.87, "dispensarios_por_10000_hab": 0.0, "comisarias_por_10000_hab": 1.45, "paradas_por_1000_hab": 1.89, "centros_vecinales_por_10000_hab": 1.45, "tiene_escuela": 1, "tiene_dispensario": 0, "tiene_comisaria": 1, "tiene_transporte": 1, "infraestructura_score": 0.1987, "area_barrio_km2": 0.85, "densidad_poblacional": 8087.06, "densidad_hogares": 2568.24, "infraestructura_por_km2": 0.234, "educacion_ratio_publico_privado": 1.0, "cluster_barrio": 1, "cluster_descripcion": "Tipo B (Infr 0.14 - NBI 3.0%)", "categoria_infraestructura": "Media", "tooltip_barrio": "<b>RESIDENCIAL AMERICA</b><br>Pob: 6874.0<br>Score: 0.20 (Media)", "servicios_basicos_score": 0.67, "infraestructura_por_habitante": 0.2891, "ranking_infraestructura": 221, "percentil_infraestructura": 55.5 }, "geometry": { "type": "Point", "coordinates": [ -64.161888299370403, -31.3823716514569 ] } },
{ "type": "Feature", "properties": { "barrio": "RESIDENCIAL ARAGON", "poblacion": 1719.0, "hogares": 432.0, "nbi": 55.0, "pct_nbi": 12.73, "escuelas_total": 0, "escuelas_estatales": 0, "escuelas_privadas": 0, "dispensarios_municipales": 0, "paradas_colectivo": 5, "lineas_colectivo": 1, "luminarias_reportes": 5, "comisarias": 0, "centros_vecinales": 0, "hogares_por_poblacion": 0.251, "poblacion_log": 7.45, "pct_escuelas_privadas": 0.0, "escuelas_por_1000_hab": 0.0, "dispensarios_por_10000_hab": 0.0, "comisarias_por_10000_hab": 0.0, "paradas_por_1000_hab": 2.91, "centros_vecinales_por_10000_hab": 0.0, "tiene_escuela": 0, "tiene_dispensario": 0, "tiene_comisaria": 0, "tiene_transporte": 1, "infraestructura_score": 0.0539, "area_barrio_km2": 0.14, "densidad_poblacional": 12278.57, "densidad_hogares": 3085.71, "infraestructura_por_km2": 0.385, "educacion_ratio_publico_privado": 1.0, "cluster_barrio": 2, "cluster_descripcion": "Tipo C (Infr 0.16 - NBI 14.4%)", "categoria_infraestructura": "Muy Baja", "tooltip_barrio": "<b>RESIDENCIAL ARAGON</b><br>Pob: 1719.0<br>Score: 0.05 (Muy Baja)", "servicios_basicos_score": 0.33, "infraestructura_por_habitante": 0.3136, "ranking_infraestructura": 433, "percentil_infraestructura": 12.4 }, "geometry": { "type": "Point", "coordinates": [ -64.130776697851502, -31.371526199782299 ] } },
{ "type": "Feature", "properties": { "barrio": "RESIDENCIAL OLIVOS", "poblacion": 971.0, "hogares": 311.0, "nbi": 4.0, "pct_nbi": 1.29, "escuelas_total": 1, "escuelas_estatales": 1, "escuelas_privadas": 0, "dispensarios_municipales": 0, "paradas_colectivo": 3, "lineas_colectivo": 3, "luminarias_reportes": 118, "comisarias": 0, "centros_vecinales": 1, "hogares_por_poblacion": 0.32, "poblacion_log": 6.879, "pct_escuelas_privadas": 0.0, "escuelas_por_1000_hab": 1.03, "dispensarios_por_10000_hab": 0.0, "comisarias_por_10000_hab": 0.0, "paradas_por_1000_hab": 3.09, "centros_vecinales_por_10000_hab": 10.3, "tiene_escuela": 1, "tiene_dispensario": 0, "tiene_comisaria": 0, "tiene_transporte": 1, "infraestructura_score": 0.1287, "area_barrio_km2": 0.2, "densidad_poblacional": 4855.0, "densidad_hogares": 1555.0, "infraestructura_por_km2": 0.644, "educacion_ratio_publico_privado": 2.0, "cluster_barrio": 1, "cluster_descripcion": "Tipo B (Infr 0.14 - NBI 3.0%)", "categoria_infraestructura": "Baja", "tooltip_barrio": "<b>RESIDENCIAL OLIVOS</b><br>Pob: 971.0<br>Score: 0.13 (Baja)", "servicios_basicos_score": 0.67, "infraestructura_por_habitante": 1.3254, "ranking_infraestructura": 319, "percentil_infraestructura": 35.6 }, "geometry": { "type": "Point", "coordinates": [ -64.2106558663057, -31.432758770391601 ] } },
{ "type": "Feature", "properties": { "barrio": "RESIDENCIAL SAN CARLOS", "poblacion": 2868.0, "hogares": 908.0, "nbi": 17.0, "pct_nbi": 1.87, "escuelas_total": 0, "escuelas_estatales": 0, "escuelas_privadas": 0, "dispensarios_municipales": 0, "paradas_colectivo": 11, "lineas_colectivo": 7, "luminarias_reportes": 672, "comisarias": 2, "centros_vecinales": 0, "hogares_por_poblacion": 0.317, "poblacion_log": 7.962, "pct_escuelas_privadas": 0.0, "escuelas_por_1000_hab": 0.0, "dispensarios_por_10000_hab": 0.0, "comisarias_por_10000_hab": 1.5585, "paradas_por_1000_hab": 3.84, "centros_vecinales_por_10000_hab": 0.0, "tiene_escuela": 0, "tiene_dispensario": 0, "tiene_comisaria": 1, "tiene_transporte": 1, "infraestructura_score": 0.1822, "area_barrio_km2": 0.44, "densidad_poblacional": 6518.18, "densidad_hogares": 2063.64, "infraestructura_por_km2": 0.414, "educacion_ratio_publico_privado": 1.0, "cluster_barrio": 1, "cluster_descripcion": "Tipo B (Infr 0.14 - NBI 3.0%)", "categoria_infraestructura": "Media", "tooltip_barrio": "<b>RESIDENCIAL SAN CARLOS</b><br>Pob: 2868.0<br>Score: 0.18 (Media)", "servicios_basicos_score": 0.33, "infraestructura_por_habitante": 0.6353, "ranking_infraestructura": 241, "percentil_infraestructura": 51.4 }, "geometry": { "type": "Point", "coordinates": [ -64.165739386770895, -31.4440185024215 ] } },
{ "type": "Feature", "properties": { "barrio": "RESIDENCIAL SAN JORGE", "poblacion": 2240.0, "hogares": 584.0, "nbi": 72.0, "pct_nbi": 12.33, "escuelas_total": 2, "escuelas_estatales": 2, "escuelas_privadas": 0, "dispensarios_municipales": 0, "paradas_colectivo": 1, "lineas_colectivo": 1, "luminarias_reportes": 31, "comisarias": 0, "centros_vecinales": 1, "hogares_por_poblacion": 0.261, "poblacion_log": 7.715, "pct_escuelas_privadas": 0.0, "escuelas_por_1000_hab": 0.89, "dispensarios_por_10000_hab": 0.0, "comisarias_por_10000_hab": 0.0, "paradas_por_1000_hab": 0.45, "centros_vecinales_por_10000_hab": 4.46, "tiene_escuela": 1, "tiene_dispensario": 0, "tiene_comisaria": 0, "tiene_transporte": 1, "infraestructura_score": 0.0701, "area_barrio_km2": 0.1, "densidad_poblacional": 22400.0, "densidad_hogares": 5840.0, "infraestructura_por_km2": 0.701, "educacion_ratio_publico_privado": 3.0, "cluster_barrio": 2, "cluster_descripcion": "Tipo C (Infr 0.16 - NBI 14.4%)", "categoria_infraestructura": "Muy Baja", "tooltip_barrio": "<b>RESIDENCIAL SAN JORGE</b><br>Pob: 2240.0<br>Score: 0.07 (Muy Baja)", "servicios_basicos_score": 0.67, "infraestructura_por_habitante": 0.3129, "ranking_infraestructura": 419, "percentil_infraestructura": 15.4 }, "geometry": { "type": "Point", "coordinates": [ -64.129823770533193, -31.368856127022799 ] } },
{ "type": "Feature", "properties": { "barrio": "RESIDENCIAL SAN ROQUE", "poblacion": 13559.0, "hogares": 3398.0, "nbi": 501.0, "pct_nbi": 14.74, "escuelas_total": 8, "escuelas_estatales": 8, "escuelas_privadas": 0, "dispensarios_municipales": 1, "paradas_colectivo": 12, "lineas_colectivo": 2, "luminarias_reportes": 90, "comisarias": 0, "centros_vecinales": 2, "hogares_por_poblacion": 0.251, "poblacion_log": 9.515, "pct_escuelas_privadas": 0.0, "escuelas_por_1000_hab": 0.59, "dispensarios_por_10000_hab": 0.74, "comisarias_por_10000_hab": 0.0, "paradas_por_1000_hab": 0.89, "centros_vecinales_por_10000_hab": 1.48, "tiene_escuela": 1, "tiene_dispensario": 1, "tiene_comisaria": 0, "tiene_transporte": 1, "infraestructura_score": 0.0821, "area_barrio_km2": 1.57, "densidad_poblacional": 8636.31, "densidad_hogares": 2164.33, "infraestructura_por_km2": 0.052, "educacion_ratio_publico_privado": 9.0, "cluster_barrio": 2, "cluster_descripcion": "Tipo C (Infr 0.16 - NBI 14.4%)", "categoria_infraestructura": "Muy Baja", "tooltip_barrio": "<b>RESIDENCIAL SAN ROQUE</b><br>Pob: 13559.0<br>Score: 0.08 (Muy Baja)", "servicios_basicos_score": 1.0, "infraestructura_por_habitante": 0.0606, "ranking_infraestructura": 397, "percentil_infraestructura": 19.8 }, "geometry": { "type": "Point", "coordinates": [ -64.247294783415398, -31.427038231408599 ] } },
{ "type": "Feature", "properties": { "barrio": "RESIDENCIAL SANTA ANA", "poblacion": 1547.0, "hogares": 474.0, "nbi": 13.0, "pct_nbi": 2.74, "escuelas_total": 0, "escuelas_estatales": 0, "escuelas_privadas": 0, "dispensarios_municipales": 0, "paradas_colectivo": 17, "lineas_colectivo": 6, "luminarias_reportes": 0, "comisarias": 0, "centros_vecinales": 1, "hogares_por_poblacion": 0.306, "poblacion_log": 7.345, "pct_escuelas_privadas": 0.0, "escuelas_por_1000_hab": 0.0, "dispensarios_por_10000_hab": 0.0, "comisarias_por_10000_hab": 0.0, "paradas_por_1000_hab": 10.99, "centros_vecinales_por_10000_hab": 6.46, "tiene_escuela": 0, "tiene_dispensario": 0, "tiene_comisaria": 0, "tiene_transporte": 1, "infraestructura_score": 0.2035, "area_barrio_km2": 0.29, "densidad_poblacional": 5334.48, "densidad_hogares": 1634.48, "infraestructura_por_km2": 0.702, "educacion_ratio_publico_privado": 1.0, "cluster_barrio": 1, "cluster_descripcion": "Tipo B (Infr 0.14 - NBI 3.0%)", "categoria_infraestructura": "Media", "tooltip_barrio": "<b>RESIDENCIAL SANTA ANA</b><br>Pob: 1547.0<br>Score: 0.20 (Media)", "servicios_basicos_score": 0.33, "infraestructura_por_habitante": 1.3154, "ranking_infraestructura": 217, "percentil_infraestructura": 56.3 }, "geometry": { "type": "Point", "coordinates": [ -64.214955153921693, -31.423846153847499 ] } },
{ "type": "Feature", "properties": { "barrio": "RESIDENCIAL SANTA ROSA", "poblacion": 2741.0, "hogares": 713.0, "nbi": 43.0, "pct_nbi": 6.03, "escuelas_total": 6, "escuelas_estatales": 4, "escuelas_privadas": 2, "dispensarios_municipales": 0, "paradas_colectivo": 7, "lineas_colectivo": 2, "luminarias_reportes": 0, "comisarias": 0, "centros_vecinales": 1, "hogares_por_poblacion": 0.26, "poblacion_log": 7.916, "pct_escuelas_privadas": 0.333, "escuelas_por_1000_hab": 2.19, "dispensarios_por_10000_hab": 0.0, "comisarias_por_10000_hab": 0.0, "paradas_por_1000_hab": 2.55, "centros_vecinales_por_10000_hab": 3.65, "tiene_escuela": 1, "tiene_dispensario": 0, "tiene_comisaria": 0, "tiene_transporte": 1, "infraestructura_score": 0.1992, "area_barrio_km2": 0.28, "densidad_poblacional": 9789.29, "densidad_hogares": 2546.43, "infraestructura_por_km2": 0.711, "educacion_ratio_publico_privado": 1.67, "cluster_barrio": 1, "cluster_descripcion": "Tipo B (Infr 0.14 - NBI 3.0%)", "categoria_infraestructura": "Media", "tooltip_barrio": "<b>RESIDENCIAL SANTA ROSA</b><br>Pob: 2741.0<br>Score: 0.20 (Media)", "servicios_basicos_score": 0.67, "infraestructura_por_habitante": 0.7267, "ranking_infraestructura": 220, "percentil_infraestructura": 55.7 }, "geometry": { "type": "Point", "coordinates": [ -64.205335465474803, -31.477688749882098 ] } },
{ "type": "Feature", "properties": { "barrio": "RESIDENCIAL SUD", "poblacion": 947.0, "hogares": 282.0, "nbi": 5.0, "pct_nbi": 1.77, "escuelas_total": 1, "escuelas_estatales": 1, "escuelas_privadas": 0, "dispensarios_municipales": 0, "paradas_colectivo": 39, "lineas_colectivo": 10, "luminarias_reportes": 30, "comisarias": 0, "centros_vecinales": 1, "hogares_por_poblacion": 0.298, "poblacion_log": 6.854, "pct_escuelas_privadas": 0.0, "escuelas_por_1000_hab": 1.06, "dispensarios_por_10000_hab": 0.0, "comisarias_por_10000_hab": 0.0, "paradas_por_1000_hab": 24.0, "centros_vecinales_por_10000_hab": 10.56, "tiene_escuela": 1, "tiene_dispensario": 0, "tiene_comisaria": 0, "tiene_transporte": 1, "infraestructura_score": 0.518, "area_barrio_km2": 0.19, "densidad_poblacional": 4984.21, "densidad_hogares": 1484.21, "infraestructura_por_km2": 2.726, "educacion_ratio_publico_privado": 2.0, "cluster_barrio": 3, "cluster_descripcion": "Tipo D (Infr 0.40 - NBI 2.8%)", "categoria_infraestructura": "Muy Alta", "tooltip_barrio": "<b>RESIDENCIAL SUD</b><br>Pob: 947.0<br>Score: 0.52 (Muy Alta)", "servicios_basicos_score": 0.67, "infraestructura_por_habitante": 5.4699, "ranking_infraestructura": 44, "percentil_infraestructura": 91.2 }, "geometry": { "type": "Point", "coordinates": [ -64.225444751209594, -31.466375472889698 ] } },
{ "type": "Feature", "properties": { "barrio": "RESIDENCIAL VELEZ SARSFIELD", "poblacion": 3161.0, "hogares": 1013.0, "nbi": 6.0, "pct_nbi": 0.59, "escuelas_total": 2, "escuelas_estatales": 2, "escuelas_privadas": 0, "dispensarios_municipales": 0, "paradas_colectivo": 14, "lineas_colectivo": 5, "luminarias_reportes": 372, "comisarias": 0, "centros_vecinales": 1, "hogares_por_poblacion": 0.32, "poblacion_log": 8.059, "pct_escuelas_privadas": 0.0, "escuelas_por_1000_hab": 0.63, "dispensarios_por_10000_hab": 0.0, "comisarias_por_10000_hab": 0.0, "paradas_por_1000_hab": 4.43, "centros_vecinales_por_10000_hab": 3.16, "tiene_escuela": 1, "tiene_dispensario": 0, "tiene_comisaria": 0, "tiene_transporte": 1, "infraestructura_score": 0.1258, "area_barrio_km2": 0.46, "densidad_poblacional": 6871.74, "densidad_hogares": 2202.17, "infraestructura_por_km2": 0.273, "educacion_ratio_publico_privado": 3.0, "cluster_barrio": 1, "cluster_descripcion": "Tipo B (Infr 0.14 - NBI 3.0%)", "categoria_infraestructura": "Baja", "tooltip_barrio": "<b>RESIDENCIAL VELEZ SARSFIELD</b><br>Pob: 3161.0<br>Score: 0.13 (Baja)", "servicios_basicos_score": 0.67, "infraestructura_por_habitante": 0.398, "ranking_infraestructura": 322, "percentil_infraestructura": 35.0 }, "geometry": { "type": "Point", "coordinates": [ -64.209124718755405, -31.448884180452399 ] } },
{ "type": "Feature", "properties": { "barrio": "RIVADAVIA", "poblacion": 3105.0, "hogares": 1064.0, "nbi": 25.0, "pct_nbi": 2.35, "escuelas_total": 0, "escuelas_estatales": 0, "escuelas_privadas": 0, "dispensarios_municipales": 0, "paradas_colectivo": 14, "lineas_colectivo": 11, "luminarias_reportes": 37, "comisarias": 0, "centros_vecinales": 1, "hogares_por_poblacion": 0.343, "poblacion_log": 8.041, "pct_escuelas_privadas": 0.0, "escuelas_por_1000_hab": 0.0, "dispensarios_por_10000_hab": 0.0, "comisarias_por_10000_hab": 0.0, "paradas_por_1000_hab": 4.51, "centros_vecinales_por_10000_hab": 3.22, "tiene_escuela": 0, "tiene_dispensario": 0, "tiene_comisaria": 0, "tiene_transporte": 1, "infraestructura_score": 0.0835, "area_barrio_km2": 0.34, "densidad_poblacional": 9132.35, "densidad_hogares": 3129.41, "infraestructura_por_km2": 0.246, "educacion_ratio_publico_privado": 1.0, "cluster_barrio": 1, "cluster_descripcion": "Tipo B (Infr 0.14 - NBI 3.0%)", "categoria_infraestructura": "Baja", "tooltip_barrio": "<b>RIVADAVIA</b><br>Pob: 3105.0<br>Score: 0.08 (Baja)", "servicios_basicos_score": 0.33, "infraestructura_por_habitante": 0.2689, "ranking_infraestructura": 393, "percentil_infraestructura": 20.5 }, "geometry": { "type": "Point", "coordinates": [ -64.1487458501079, -31.432367391206 ] } },
{ "type": "Feature", "properties": { "barrio": "RIVERA INDARTE", "poblacion": 1742.0, "hogares": 517.0, "nbi": 23.0, "pct_nbi": 4.45, "escuelas_total": 0, "escuelas_estatales": 0, "escuelas_privadas": 0, "dispensarios_municipales": 0, "paradas_colectivo": 6, "lineas_colectivo": 2, "luminarias_reportes": 301, "comisarias": 0, "centros_vecinales": 1, "hogares_por_poblacion": 0.297, "poblacion_log": 7.463, "pct_escuelas_privadas": 0.0, "escuelas_por_1000_hab": 0.0, "dispensarios_por_10000_hab": 0.0, "comisarias_por_10000_hab": 0.0, "paradas_por_1000_hab": 3.44, "centros_vecinales_por_10000_hab": 5.74, "tiene_escuela": 0, "tiene_dispensario": 0, "tiene_comisaria": 0, "tiene_transporte": 1, "infraestructura_score": 0.0637, "area_barrio_km2": 1.08, "densidad_poblacional": 1612.96, "densidad_hogares": 478.7, "infraestructura_por_km2": 0.059, "educacion_ratio_publico_privado": 1.0, "cluster_barrio": 1, "cluster_descripcion": "Tipo B (Infr 0.14 - NBI 3.0%)", "categoria_infraestructura": "Muy Baja", "tooltip_barrio": "<b>RIVERA INDARTE</b><br>Pob: 1742.0<br>Score: 0.06 (Muy Baja)", "servicios_basicos_score": 0.33, "infraestructura_por_habitante": 0.3657, "ranking_infraestructura": 427, "percentil_infraestructura": 13.7 }, "geometry": { "type": "Point", "coordinates": [ -64.296330832544996, -31.333982397703 ] } },
{ "type": "Feature", "properties": { "barrio": "ROCIO", "poblacion": 500.0, "hogares": 200.0, "nbi": 0.0, "pct_nbi": 0.0, "escuelas_total": 0, "escuelas_estatales": 0, "escuelas_privadas": 0, "dispensarios_municipales": 0, "paradas_colectivo": 3, "lineas_colectivo": 1, "luminarias_reportes": 0, "comisarias": 0, "centros_vecinales": 1, "hogares_por_poblacion": 0.4, "poblacion_log": 6.217, "pct_escuelas_privadas": 0.0, "escuelas_por_1000_hab": 0.0, "dispensarios_por_10000_hab": 0.0, "comisarias_por_10000_hab": 0.0, "paradas_por_1000_hab": 6.0, "centros_vecinales_por_10000_hab": 20.0, "tiene_escuela": 0, "tiene_dispensario": 0, "tiene_comisaria": 0, "tiene_transporte": 1, "infraestructura_score": 0.1111, "area_barrio_km2": 0.0, "densidad_poblacional": 0.0, "densidad_hogares": 0.0, "infraestructura_por_km2": 0.0, "educacion_ratio_publico_privado": 1.0, "cluster_barrio": 1, "cluster_descripcion": "Tipo B (Infr 0.14 - NBI 3.0%)", "categoria_infraestructura": "Baja", "tooltip_barrio": "<b>ROCIO</b><br>Pob: 500.0<br>Score: 0.11 (Baja)", "servicios_basicos_score": 0.33, "infraestructura_por_habitante": 2.222, "ranking_infraestructura": 347, "percentil_infraestructura": 29.1 }, "geometry": { "type": "Point", "coordinates": [ -64.280486929841871, -31.368172478299101 ] } },
{ "type": "Feature", "properties": { "barrio": "ROCIO DEL SUR", "poblacion": 500.0, "hogares": 200.0, "nbi": 0.0, "pct_nbi": 0.0, "escuelas_total": 0, "escuelas_estatales": 0, "escuelas_privadas": 0, "dispensarios_municipales": 0, "paradas_colectivo": 4, "lineas_colectivo": 1, "luminarias_reportes": 0, "comisarias": 0, "centros_vecinales": 0, "hogares_por_poblacion": 0.4, "poblacion_log": 6.217, "pct_escuelas_privadas": 0.0, "escuelas_por_1000_hab": 0.0, "dispensarios_por_10000_hab": 0.0, "comisarias_por_10000_hab": 0.0, "paradas_por_1000_hab": 8.0, "centros_vecinales_por_10000_hab": 0.0, "tiene_escuela": 0, "tiene_dispensario": 0, "tiene_comisaria": 0, "tiene_transporte": 1, "infraestructura_score": 0.1481, "area_barrio_km2": 0.06, "densidad_poblacional": 8333.33, "densidad_hogares": 3333.33, "infraestructura_por_km2": 2.468, "educacion_ratio_publico_privado": 1.0, "cluster_barrio": 1, "cluster_descripcion": "Tipo B (Infr 0.14 - NBI 3.0%)", "categoria_infraestructura": "Media", "tooltip_barrio": "<b>ROCIO DEL SUR</b><br>Pob: 500.0<br>Score: 0.15 (Media)", "servicios_basicos_score": 0.33, "infraestructura_por_habitante": 2.962, "ranking_infraestructura": 288, "percentil_infraestructura": 41.2 }, "geometry": { "type": "Point", "coordinates": [ -64.191269302892707, -31.4868760584956 ] } },
{ "type": "Feature", "properties": { "barrio": "ROGELIO MARTINEZ", "poblacion": 1204.0, "hogares": 390.0, "nbi": 3.0, "pct_nbi": 0.77, "escuelas_total": 9, "escuelas_estatales": 9, "escuelas_privadas": 0, "dispensarios_municipales": 0, "paradas_colectivo": 12, "lineas_colectivo": 7, "luminarias_reportes": 13, "comisarias": 0, "centros_vecinales": 1, "hogares_por_poblacion": 0.324, "poblacion_log": 7.094, "pct_escuelas_privadas": 0.0, "escuelas_por_1000_hab": 4.8035, "dispensarios_por_10000_hab": 0.0, "comisarias_por_10000_hab": 0.0, "paradas_por_1000_hab": 9.97, "centros_vecinales_por_10000_hab": 8.31, "tiene_escuela": 1, "tiene_dispensario": 0, "tiene_comisaria": 0, "tiene_transporte": 1, "infraestructura_score": 0.518, "area_barrio_km2": 0.32, "densidad_poblacional": 3762.5, "densidad_hogares": 1218.75, "infraestructura_por_km2": 1.619, "educacion_ratio_publico_privado": 10.0, "cluster_barrio": 0, "cluster_descripcion": "Tipo A (Infr 0.57 - NBI 4.5%)", "categoria_infraestructura": "Muy Alta", "tooltip_barrio": "<b>ROGELIO MARTINEZ</b><br>Pob: 1204.0<br>Score: 0.52 (Muy Alta)", "servicios_basicos_score": 0.67, "infraestructura_por_habitante": 4.3023, "ranking_infraestructura": 44, "percentil_infraestructura": 91.2 }, "geometry": { "type": "Point", "coordinates": [ -64.178200671303102, -31.438234606536898 ] } },
{ "type": "Feature", "properties": { "barrio": "ROSEDAL", "poblacion": 2314.0, "hogares": 755.0, "nbi": 6.0, "pct_nbi": 0.79, "escuelas_total": 2, "escuelas_estatales": 2, "escuelas_privadas": 0, "dispensarios_municipales": 0, "paradas_colectivo": 1, "lineas_colectivo": 1, "luminarias_reportes": 186, "comisarias": 0, "centros_vecinales": 2, "hogares_por_poblacion": 0.326, "poblacion_log": 7.747, "pct_escuelas_privadas": 0.0, "escuelas_por_1000_hab": 0.86, "dispensarios_por_10000_hab": 0.0, "comisarias_por_10000_hab": 0.0, "paradas_por_1000_hab": 0.43, "centros_vecinales_por_10000_hab": 8.64, "tiene_escuela": 1, "tiene_dispensario": 0, "tiene_comisaria": 0, "tiene_transporte": 1, "infraestructura_score": 0.0676, "area_barrio_km2": 0.34, "densidad_poblacional": 6805.88, "densidad_hogares": 2220.59, "infraestructura_por_km2": 0.199, "educacion_ratio_publico_privado": 3.0, "cluster_barrio": 1, "cluster_descripcion": "Tipo B (Infr 0.14 - NBI 3.0%)", "categoria_infraestructura": "Muy Baja", "tooltip_barrio": "<b>ROSEDAL</b><br>Pob: 2314.0<br>Score: 0.07 (Muy Baja)", "servicios_basicos_score": 0.67, "infraestructura_por_habitante": 0.2921, "ranking_infraestructura": 423, "percentil_infraestructura": 14.6 }, "geometry": { "type": "Point", "coordinates": [ -64.226239429100104, -31.433977630522499 ] } },
{ "type": "Feature", "properties": { "barrio": "ROSEDAL ANEXO", "poblacion": 916.0, "hogares": 288.0, "nbi": 6.0, "pct_nbi": 2.08, "escuelas_total": 3, "escuelas_estatales": 3, "escuelas_privadas": 0, "dispensarios_municipales": 0, "paradas_colectivo": 5, "lineas_colectivo": 3, "luminarias_reportes": 0, "comisarias": 0, "centros_vecinales": 2, "hogares_por_poblacion": 0.314, "poblacion_log": 6.821, "pct_escuelas_privadas": 0.0, "escuelas_por_1000_hab": 3.28, "dispensarios_por_10000_hab": 0.0, "comisarias_por_10000_hab": 0.0, "paradas_por_1000_hab": 5.46, "centros_vecinales_por_10000_hab": 21.83, "tiene_escuela": 1, "tiene_dispensario": 0, "tiene_comisaria": 0, "tiene_transporte": 1, "infraestructura_score": 0.3287, "area_barrio_km2": 0.14, "densidad_poblacional": 6542.86, "densidad_hogares": 2057.14, "infraestructura_por_km2": 2.348, "educacion_ratio_publico_privado": 4.0, "cluster_barrio": 0, "cluster_descripcion": "Tipo A (Infr 0.57 - NBI 4.5%)", "categoria_infraestructura": "Alta", "tooltip_barrio": "<b>ROSEDAL ANEXO</b><br>Pob: 916.0<br>Score: 0.33 (Alta)", "servicios_basicos_score": 0.67, "infraestructura_por_habitante": 3.5884, "ranking_infraestructura": 114, "percentil_infraestructura": 77.1 }, "geometry": { "type": "Point", "coordinates": [ -64.228573884051102, -31.4394090528371 ] } },
{ "type": "Feature", "properties": { "barrio": "SACHI", "poblacion": 1053.0, "hogares": 255.0, "nbi": 28.0, "pct_nbi": 10.98, "escuelas_total": 2, "escuelas_estatales": 2, "escuelas_privadas": 0, "dispensarios_municipales": 0, "paradas_colectivo": 10, "lineas_colectivo": 2, "luminarias_reportes": 2, "comisarias": 0, "centros_vecinales": 1, "hogares_por_poblacion": 0.242, "poblacion_log": 6.96, "pct_escuelas_privadas": 0.0, "escuelas_por_1000_hab": 1.9, "dispensarios_por_10000_hab": 0.0, "comisarias_por_10000_hab": 0.0, "paradas_por_1000_hab": 9.5, "centros_vecinales_por_10000_hab": 9.5, "tiene_escuela": 1, "tiene_dispensario": 0, "tiene_comisaria": 0, "tiene_transporte": 1, "infraestructura_score": 0.3078, "area_barrio_km2": 0.15, "densidad_poblacional": 7020.0, "densidad_hogares": 1700.0, "infraestructura_por_km2": 2.052, "educacion_ratio_publico_privado": 3.0, "cluster_barrio": 2, "cluster_descripcion": "Tipo C (Infr 0.16 - NBI 14.4%)", "categoria_infraestructura": "Alta", "tooltip_barrio": "<b>SACHI</b><br>Pob: 1053.0<br>Score: 0.31 (Alta)", "servicios_basicos_score": 0.67, "infraestructura_por_habitante": 2.9231, "ranking_infraestructura": 124, "percentil_infraestructura": 75.1 }, "geometry": { "type": "Point", "coordinates": [ -64.266307545617096, -31.453728814029802 ] } },
{ "type": "Feature", "properties": { "barrio": "SAN ANTONIO", "poblacion": 500.0, "hogares": 200.0, "nbi": 4.0, "pct_nbi": 2.0, "escuelas_total": 0, "escuelas_estatales": 0, "escuelas_privadas": 0, "dispensarios_municipales": 0, "paradas_colectivo": 11, "lineas_colectivo": 2, "luminarias_reportes": 2, "comisarias": 0, "centros_vecinales": 1, "hogares_por_poblacion": 0.4, "poblacion_log": 6.217, "pct_escuelas_privadas": 0.0, "escuelas_por_1000_hab": 0.0, "dispensarios_por_10000_hab": 0.0, "comisarias_por_10000_hab": 0.0, "paradas_por_1000_hab": 22.0, "centros_vecinales_por_10000_hab": 20.0, "tiene_escuela": 0, "tiene_dispensario": 0, "tiene_comisaria": 0, "tiene_transporte": 1, "infraestructura_score": 0.4074, "area_barrio_km2": 0.2, "densidad_poblacional": 2500.0, "densidad_hogares": 1000.0, "infraestructura_por_km2": 2.037, "educacion_ratio_publico_privado": 1.0, "cluster_barrio": 3, "cluster_descripcion": "Tipo D (Infr 0.40 - NBI 2.8%)", "categoria_infraestructura": "Muy Alta", "tooltip_barrio": "<b>SAN ANTONIO</b><br>Pob: 500.0<br>Score: 0.41 (Muy Alta)", "servicios_basicos_score": 0.33, "infraestructura_por_habitante": 8.148, "ranking_infraestructura": 75, "percentil_infraestructura": 84.9 }, "geometry": { "type": "Point", "coordinates": [ -64.190516921807799, -31.4744328449938 ] } },
{ "type": "Feature", "properties": { "barrio": "SAN CAYETANO", "poblacion": 500.0, "hogares": 200.0, "nbi": 6.0, "pct_nbi": 3.0, "escuelas_total": 0, "escuelas_estatales": 0, "escuelas_privadas": 0, "dispensarios_municipales": 0, "paradas_colectivo": 9, "lineas_colectivo": 9, "luminarias_reportes": 14, "comisarias": 0, "centros_vecinales": 0, "hogares_por_poblacion": 0.4, "poblacion_log": 6.217, "pct_escuelas_privadas": 0.0, "escuelas_por_1000_hab": 0.0, "dispensarios_por_10000_hab": 0.0, "comisarias_por_10000_hab": 0.0, "paradas_por_1000_hab": 18.0, "centros_vecinales_por_10000_hab": 0.0, "tiene_escuela": 0, "tiene_dispensario": 0, "tiene_comisaria": 0, "tiene_transporte": 1, "infraestructura_score": 0.3333, "area_barrio_km2": 0.05, "densidad_poblacional": 10000.0, "densidad_hogares": 4000.0, "infraestructura_por_km2": 6.666, "educacion_ratio_publico_privado": 1.0, "cluster_barrio": 3, "cluster_descripcion": "Tipo D (Infr 0.40 - NBI 2.8%)", "categoria_infraestructura": "Alta", "tooltip_barrio": "<b>SAN CAYETANO</b><br>Pob: 500.0<br>Score: 0.33 (Alta)", "servicios_basicos_score": 0.33, "infraestructura_por_habitante": 6.666, "ranking_infraestructura": 108, "percentil_infraestructura": 78.0 }, "geometry": { "type": "Point", "coordinates": [ -64.143519364687705, -31.436681628397199 ] } },
{ "type": "Feature", "properties": { "barrio": "SAN DANIEL", "poblacion": 1359.0, "hogares": 455.0, "nbi": 13.0, "pct_nbi": 2.86, "escuelas_total": 0, "escuelas_estatales": 0, "escuelas_privadas": 0, "dispensarios_municipales": 1, "paradas_colectivo": 8, "lineas_colectivo": 11, "luminarias_reportes": 158, "comisarias": 0, "centros_vecinales": 1, "hogares_por_poblacion": 0.335, "poblacion_log": 7.215, "pct_escuelas_privadas": 0.0, "escuelas_por_1000_hab": 0.0, "dispensarios_por_10000_hab": 6.657, "comisarias_por_10000_hab": 0.0, "paradas_por_1000_hab": 5.89, "centros_vecinales_por_10000_hab": 7.36, "tiene_escuela": 0, "tiene_dispensario": 1, "tiene_comisaria": 0, "tiene_transporte": 1, "infraestructura_score": 0.3313, "area_barrio_km2": 0.2, "densidad_poblacional": 6795.0, "densidad_hogares": 2275.0, "infraestructura_por_km2": 1.656, "educacion_ratio_publico_privado": 1.0, "cluster_barrio": 1, "cluster_descripcion": "Tipo B (Infr 0.14 - NBI 3.0%)", "categoria_infraestructura": "Alta", "tooltip_barrio": "<b>SAN DANIEL</b><br>Pob: 1359.0<br>Score: 0.33 (Alta)", "servicios_basicos_score": 0.67, "infraestructura_por_habitante": 2.4378, "ranking_infraestructura": 113, "percentil_infraestructura": 77.3 }, "geometry": { "type": "Point", "coordinates": [ -64.202706933683601, -31.448964866865101 ] } },
{ "type": "Feature", "properties": { "barrio": "SAN FELIPE", "poblacion": 2553.0, "hogares": 667.0, "nbi": 44.0, "pct_nbi": 6.6, "escuelas_total": 5, "escuelas_estatales": 5, "escuelas_privadas": 0, "dispensarios_municipales": 0, "paradas_colectivo": 4, "lineas_colectivo": 3, "luminarias_reportes": 20, "comisarias": 0, "centros_vecinales": 1, "hogares_por_poblacion": 0.261, "poblacion_log": 7.845, "pct_escuelas_privadas": 0.0, "escuelas_por_1000_hab": 1.96, "dispensarios_por_10000_hab": 0.0, "comisarias_por_10000_hab": 0.0, "paradas_por_1000_hab": 1.57, "centros_vecinales_por_10000_hab": 3.92, "tiene_escuela": 1, "tiene_dispensario": 0, "tiene_comisaria": 0, "tiene_transporte": 1, "infraestructura_score": 0.1651, "area_barrio_km2": 0.8, "densidad_poblacional": 3191.25, "densidad_hogares": 833.75, "infraestructura_por_km2": 0.206, "educacion_ratio_publico_privado": 6.0, "cluster_barrio": 1, "cluster_descripcion": "Tipo B (Infr 0.14 - NBI 3.0%)", "categoria_infraestructura": "Media", "tooltip_barrio": "<b>SAN FELIPE</b><br>Pob: 2553.0<br>Score: 0.17 (Media)", "servicios_basicos_score": 0.67, "infraestructura_por_habitante": 0.6467, "ranking_infraestructura": 261, "percentil_infraestructura": 47.2 }, "geometry": { "type": "Point", "coordinates": [ -64.136040573816004, -31.456762922523801 ] } },
{ "type": "Feature", "properties": { "barrio": "SAN FERNANDO", "poblacion": 4094.0, "hogares": 1612.0, "nbi": 65.0, "pct_nbi": 4.03, "escuelas_total": 4, "escuelas_estatales": 2, "escuelas_privadas": 2, "dispensarios_municipales": 0, "paradas_colectivo": 9, "lineas_colectivo": 4, "luminarias_reportes": 246, "comisarias": 0, "centros_vecinales": 0, "hogares_por_poblacion": 0.394, "poblacion_log": 8.318, "pct_escuelas_privadas": 0.5, "escuelas_por_1000_hab": 0.98, "dispensarios_por_10000_hab": 0.0, "comisarias_por_10000_hab": 0.0, "paradas_por_1000_hab": 2.2, "centros_vecinales_por_10000_hab": 0.0, "tiene_escuela": 1, "tiene_dispensario": 0, "tiene_comisaria": 0, "tiene_transporte": 1, "infraestructura_score": 0.1087, "area_barrio_km2": 0.52, "densidad_poblacional": 7873.08, "densidad_hogares": 3100.0, "infraestructura_por_km2": 0.209, "educacion_ratio_publico_privado": 1.0, "cluster_barrio": 1, "cluster_descripcion": "Tipo B (Infr 0.14 - NBI 3.0%)", "categoria_infraestructura": "Baja", "tooltip_barrio": "<b>SAN FERNANDO</b><br>Pob: 4094.0<br>Score: 0.11 (Baja)", "servicios_basicos_score": 0.67, "infraestructura_por_habitante": 0.2655, "ranking_infraestructura": 358, "percentil_infraestructura": 27.6 }, "geometry": { "type": "Point", "coordinates": [ -64.190485210172099, -31.447577162001298 ] } },
{ "type": "Feature", "properties": { "barrio": "SAN FRANCISCO", "poblacion": 1123.0, "hogares": 362.0, "nbi": 2.0, "pct_nbi": 0.55, "escuelas_total": 1, "escuelas_estatales": 1, "escuelas_privadas": 0, "dispensarios_municipales": 0, "paradas_colectivo": 6, "lineas_colectivo": 4, "luminarias_reportes": 133, "comisarias": 0, "centros_vecinales": 0, "hogares_por_poblacion": 0.322, "poblacion_log": 7.025, "pct_escuelas_privadas": 0.0, "escuelas_por_1000_hab": 0.89, "dispensarios_por_10000_hab": 0.0, "comisarias_por_10000_hab": 0.0, "paradas_por_1000_hab": 5.34, "centros_vecinales_por_10000_hab": 0.0, "tiene_escuela": 1, "tiene_dispensario": 0, "tiene_comisaria": 0, "tiene_transporte": 1, "infraestructura_score": 0.1606, "area_barrio_km2": 0.26, "densidad_poblacional": 4319.23, "densidad_hogares": 1392.31, "infraestructura_por_km2": 0.618, "educacion_ratio_publico_privado": 2.0, "cluster_barrio": 1, "cluster_descripcion": "Tipo B (Infr 0.14 - NBI 3.0%)", "categoria_infraestructura": "Media", "tooltip_barrio": "<b>SAN FRANCISCO</b><br>Pob: 1123.0<br>Score: 0.16 (Media)", "servicios_basicos_score": 0.67, "infraestructura_por_habitante": 1.4301, "ranking_infraestructura": 271, "percentil_infraestructura": 45.3 }, "geometry": { "type": "Point", "coordinates": [ -64.2113739415651, -31.426119682310699 ] } },
{ "type": "Feature", "properties": { "barrio": "SAN IGNACIO", "poblacion": 2787.0, "hogares": 755.0, "nbi": 82.0, "pct_nbi": 10.86, "escuelas_total": 1, "escuelas_estatales": 1, "escuelas_privadas": 0, "dispensarios_municipales": 0, "paradas_colectivo": 17, "lineas_colectivo": 3, "luminarias_reportes": 181, "comisarias": 0, "centros_vecinales": 1, "hogares_por_poblacion": 0.271, "poblacion_log": 7.933, "pct_escuelas_privadas": 0.0, "escuelas_por_1000_hab": 0.36, "dispensarios_por_10000_hab": 0.0, "comisarias_por_10000_hab": 0.0, "paradas_por_1000_hab": 6.1, "centros_vecinales_por_10000_hab": 3.59, "tiene_escuela": 1, "tiene_dispensario": 0, "tiene_comisaria": 0, "tiene_transporte": 1, "infraestructura_score": 0.1379, "area_barrio_km2": 0.49, "densidad_poblacional": 5687.76, "densidad_hogares": 1540.82, "infraestructura_por_km2": 0.281, "educacion_ratio_publico_privado": 2.0, "cluster_barrio": 2, "cluster_descripcion": "Tipo C (Infr 0.16 - NBI 14.4%)", "categoria_infraestructura": "Baja", "tooltip_barrio": "<b>SAN IGNACIO</b><br>Pob: 2787.0<br>Score: 0.14 (Baja)", "servicios_basicos_score": 0.67, "infraestructura_por_habitante": 0.4948, "ranking_infraestructura": 308, "percentil_infraestructura": 37.9 }, "geometry": { "type": "Point", "coordinates": [ -64.248328176960499, -31.3901313573677 ] } },
{ "type": "Feature", "properties": { "barrio": "SAN JAVIER", "poblacion": 1637.0, "hogares": 413.0, "nbi": 36.0, "pct_nbi": 8.72, "escuelas_total": 2, "escuelas_estatales": 2, "escuelas_privadas": 0, "dispensarios_municipales": 0, "paradas_colectivo": 7, "lineas_colectivo": 1, "luminarias_reportes": 10, "comisarias": 0, "centros_vecinales": 0, "hogares_por_poblacion": 0.252, "poblacion_log": 7.401, "pct_escuelas_privadas": 0.0, "escuelas_por_1000_hab": 1.22, "dispensarios_por_10000_hab": 0.0, "comisarias_por_10000_hab": 0.0, "paradas_por_1000_hab": 4.28, "centros_vecinales_por_10000_hab": 0.0, "tiene_escuela": 1, "tiene_dispensario": 0, "tiene_comisaria": 0, "tiene_transporte": 1, "infraestructura_score": 0.1639, "area_barrio_km2": 1.17, "densidad_poblacional": 1399.15, "densidad_hogares": 352.99, "infraestructura_por_km2": 0.14, "educacion_ratio_publico_privado": 3.0, "cluster_barrio": 1, "cluster_descripcion": "Tipo B (Infr 0.14 - NBI 3.0%)", "categoria_infraestructura": "Media", "tooltip_barrio": "<b>SAN JAVIER</b><br>Pob: 1637.0<br>Score: 0.16 (Media)", "servicios_basicos_score": 0.67, "infraestructura_por_habitante": 1.0012, "ranking_infraestructura": 268, "percentil_infraestructura": 46.0 }, "geometry": { "type": "Point", "coordinates": [ -64.101693838953807, -31.455673193755899 ] } },
{ "type": "Feature", "properties": { "barrio": "SAN JOSE", "poblacion": 548.0, "hogares": 200.0, "nbi": 2.0, "pct_nbi": 1.0, "escuelas_total": 1, "escuelas_estatales": 1, "escuelas_privadas": 0, "dispensarios_municipales": 0, "paradas_colectivo": 15, "lineas_colectivo": 4, "luminarias_reportes": 146, "comisarias": 0, "centros_vecinales": 1, "hogares_por_poblacion": 0.365, "poblacion_log": 6.308, "pct_escuelas_privadas": 0.0, "escuelas_por_1000_hab": 1.82, "dispensarios_por_10000_hab": 0.0, "comisarias_por_10000_hab": 0.0, "paradas_por_1000_hab": 24.0, "centros_vecinales_por_10000_hab": 18.25, "tiene_escuela": 1, "tiene_dispensario": 0, "tiene_comisaria": 0, "tiene_transporte": 1, "infraestructura_score": 0.5707, "area_barrio_km2": 0.14, "densidad_poblacional": 3914.29, "densidad_hogares": 1428.57, "infraestructura_por_km2": 4.076, "educacion_ratio_publico_privado": 2.0, "cluster_barrio": 3, "cluster_descripcion": "Tipo D (Infr 0.40 - NBI 2.8%)", "categoria_infraestructura": "Muy Alta", "tooltip_barrio": "<b>SAN JOSE</b><br>Pob: 548.0<br>Score: 0.57 (Muy Alta)", "servicios_basicos_score": 0.67, "infraestructura_por_habitante": 10.4142, "ranking_infraestructura": 34, "percentil_infraestructura": 93.3 }, "geometry": { "type": "Point", "coordinates": [ -64.289280525716805, -31.339664385095901 ] } },
{ "type": "Feature", "properties": { "barrio": "SAN LORENZO", "poblacion": 1988.0, "hogares": 618.0, "nbi": 17.0, "pct_nbi": 2.75, "escuelas_total": 2, "escuelas_estatales": 2, "escuelas_privadas": 0, "dispensarios_municipales": 1, "paradas_colectivo": 27, "lineas_colectivo": 8, "luminarias_reportes": 61, "comisarias": 0, "centros_vecinales": 1, "hogares_por_poblacion": 0.311, "poblacion_log": 7.595, "pct_escuelas_privadas": 0.0, "escuelas_por_1000_hab": 1.01, "dispensarios_por_10000_hab": 5.03, "comisarias_por_10000_hab": 0.0, "paradas_por_1000_hab": 13.58, "centros_vecinales_por_10000_hab": 5.03, "tiene_escuela": 1, "tiene_dispensario": 1, "tiene_comisaria": 0, "tiene_transporte": 1, "infraestructura_score": 0.4895, "area_barrio_km2": 0.36, "densidad_poblacional": 5522.22, "densidad_hogares": 1716.67, "infraestructura_por_km2": 1.36, "educacion_ratio_publico_privado": 3.0, "cluster_barrio": 3, "cluster_descripcion": "Tipo D (Infr 0.40 - NBI 2.8%)", "categoria_infraestructura": "Muy Alta", "tooltip_barrio": "<b>SAN LORENZO</b><br>Pob: 1988.0<br>Score: 0.49 (Muy Alta)", "servicios_basicos_score": 1.0, "infraestructura_por_habitante": 2.4623, "ranking_infraestructura": 49, "percentil_infraestructura": 90.3 }, "geometry": { "type": "Point", "coordinates": [ -64.110482692988697, -31.455585011412701 ] } },
{ "type": "Feature", "properties": { "barrio": "SAN LORENZO NORTE", "poblacion": 500.0, "hogares": 200.0, "nbi": 5.0, "pct_nbi": 2.5, "escuelas_total": 0, "escuelas_estatales": 0, "escuelas_privadas": 0, "dispensarios_municipales": 0, "paradas_colectivo": 4, "lineas_colectivo": 2, "luminarias_reportes": 47, "comisarias": 0, "centros_vecinales": 1, "hogares_por_poblacion": 0.4, "poblacion_log": 6.217, "pct_escuelas_privadas": 0.0, "escuelas_por_1000_hab": 0.0, "dispensarios_por_10000_hab": 0.0, "comisarias_por_10000_hab": 0.0, "paradas_por_1000_hab": 8.0, "centros_vecinales_por_10000_hab": 20.0, "tiene_escuela": 0, "tiene_dispensario": 0, "tiene_comisaria": 0, "tiene_transporte": 1, "infraestructura_score": 0.1481, "area_barrio_km2": 0.05, "densidad_poblacional": 10000.0, "densidad_hogares": 4000.0, "infraestructura_por_km2": 2.962, "educacion_ratio_publico_privado": 1.0, "cluster_barrio": 1, "cluster_descripcion": "Tipo B (Infr 0.14 - NBI 3.0%)", "categoria_infraestructura": "Media", "tooltip_barrio": "<b>SAN LORENZO NORTE</b><br>Pob: 500.0<br>Score: 0.15 (Media)", "servicios_basicos_score": 0.33, "infraestructura_por_habitante": 2.962, "ranking_infraestructura": 288, "percentil_infraestructura": 41.2 }, "geometry": { "type": "Point", "coordinates": [ -64.216724630122897, -31.375034879287 ] } },
{ "type": "Feature", "properties": { "barrio": "SAN LUIS DE FRANCIA", "poblacion": 500.0, "hogares": 200.0, "nbi": 4.0, "pct_nbi": 2.0, "escuelas_total": 1, "escuelas_estatales": 1, "escuelas_privadas": 0, "dispensarios_municipales": 0, "paradas_colectivo": 6, "lineas_colectivo": 1, "luminarias_reportes": 19, "comisarias": 0, "centros_vecinales": 0, "hogares_por_poblacion": 0.4, "poblacion_log": 6.217, "pct_escuelas_privadas": 0.0, "escuelas_por_1000_hab": 2.0, "dispensarios_por_10000_hab": 0.0, "comisarias_por_10000_hab": 0.0, "paradas_por_1000_hab": 12.0, "centros_vecinales_por_10000_hab": 0.0, "tiene_escuela": 1, "tiene_dispensario": 0, "tiene_comisaria": 0, "tiene_transporte": 1, "infraestructura_score": 0.361, "area_barrio_km2": 0.07, "densidad_poblacional": 7142.86, "densidad_hogares": 2857.14, "infraestructura_por_km2": 5.157, "educacion_ratio_publico_privado": 2.0, "cluster_barrio": 3, "cluster_descripcion": "Tipo D (Infr 0.40 - NBI 2.8%)", "categoria_infraestructura": "Muy Alta", "tooltip_barrio": "<b>SAN LUIS DE FRANCIA</b><br>Pob: 500.0<br>Score: 0.36 (Muy Alta)", "servicios_basicos_score": 0.67, "infraestructura_por_habitante": 7.22, "ranking_infraestructura": 96, "percentil_infraestructura": 80.8 }, "geometry": { "type": "Point", "coordinates": [ -64.253727618805399, -31.480037185052002 ] } },
{ "type": "Feature", "properties": { "barrio": "SAN MARCELO", "poblacion": 500.0, "hogares": 200.0, "nbi": 0.0, "pct_nbi": 0.0, "escuelas_total": 0, "escuelas_estatales": 0, "escuelas_privadas": 0, "dispensarios_municipales": 0, "paradas_colectivo": 14, "lineas_colectivo": 11, "luminarias_reportes": 8, "comisarias": 0, "centros_vecinales": 0, "hogares_por_poblacion": 0.4, "poblacion_log": 6.217, "pct_escuelas_privadas": 0.0, "escuelas_por_1000_hab": 0.0, "dispensarios_por_10000_hab": 0.0, "comisarias_por_10000_hab": 0.0, "paradas_por_1000_hab": 24.0, "centros_vecinales_por_10000_hab": 0.0, "tiene_escuela": 0, "tiene_dispensario": 0, "tiene_comisaria": 0, "tiene_transporte": 1, "infraestructura_score": 0.4444, "area_barrio_km2": 0.09, "densidad_poblacional": 5555.56, "densidad_hogares": 2222.22, "infraestructura_por_km2": 4.938, "educacion_ratio_publico_privado": 1.0, "cluster_barrio": 3, "cluster_descripcion": "Tipo D (Infr 0.40 - NBI 2.8%)", "categoria_infraestructura": "Muy Alta", "tooltip_barrio": "<b>SAN MARCELO</b><br>Pob: 500.0<br>Score: 0.44 (Muy Alta)", "servicios_basicos_score": 0.33, "infraestructura_por_habitante": 8.888, "ranking_infraestructura": 59, "percentil_infraestructura": 87.4 }, "geometry": { "type": "Point", "coordinates": [ -64.235621405674394, -31.3625836463826 ] } },
{ "type": "Feature", "properties": { "barrio": "SAN MARTIN", "poblacion": 13157.0, "hogares": 4358.0, "nbi": 207.0, "pct_nbi": 4.75, "escuelas_total": 21, "escuelas_estatales": 13, "escuelas_privadas": 8, "dispensarios_municipales": 1, "paradas_colectivo": 19, "lineas_colectivo": 5, "luminarias_reportes": 728, "comisarias": 0, "centros_vecinales": 0, "hogares_por_poblacion": 0.331, "poblacion_log": 9.485, "pct_escuelas_privadas": 0.381, "escuelas_por_1000_hab": 1.6, "dispensarios_por_10000_hab": 0.76, "comisarias_por_10000_hab": 0.0, "paradas_por_1000_hab": 1.44, "centros_vecinales_por_10000_hab": 0.0, "tiene_escuela": 1, "tiene_dispensario": 1, "tiene_comisaria": 0, "tiene_transporte": 1, "infraestructura_score": 0.1631, "area_barrio_km2": 1.45, "densidad_poblacional": 9073.79, "densidad_hogares": 3005.52, "infraestructura_por_km2": 0.112, "educacion_ratio_publico_privado": 1.56, "cluster_barrio": 1, "cluster_descripcion": "Tipo B (Infr 0.14 - NBI 3.0%)", "categoria_infraestructura": "Media", "tooltip_barrio": "<b>SAN MARTIN</b><br>Pob: 13157.0<br>Score: 0.16 (Media)", "servicios_basicos_score": 1.0, "infraestructura_por_habitante": 0.124, "ranking_infraestructura": 269, "percentil_infraestructura": 45.7 }, "geometry": { "type": "Point", "coordinates": [ -64.196540458098994, -31.393809327289102 ] } },
{ "type": "Feature", "properties": { "barrio": "SAN MARTIN ANEXO", "poblacion": 3153.0, "hogares": 1078.0, "nbi": 37.0, "pct_nbi": 3.43, "escuelas_total": 0, "escuelas_estatales": 0, "escuelas_privadas": 0, "dispensarios_municipales": 0, "paradas_colectivo": 12, "lineas_colectivo": 3, "luminarias_reportes": 152, "comisarias": 0, "centros_vecinales": 0, "hogares_por_poblacion": 0.342, "poblacion_log": 8.056, "pct_escuelas_privadas": 0.0, "escuelas_por_1000_hab": 0.0, "dispensarios_por_10000_hab": 0.0, "comisarias_por_10000_hab": 0.0, "paradas_por_1000_hab": 3.81, "centros_vecinales_por_10000_hab": 0.0, "tiene_escuela": 0, "tiene_dispensario": 0, "tiene_comisaria": 0, "tiene_transporte": 1, "infraestructura_score": 0.0706, "area_barrio_km2": 0.34, "densidad_poblacional": 9273.53, "densidad_hogares": 3170.59, "infraestructura_por_km2": 0.208, "educacion_ratio_publico_privado": 1.0, "cluster_barrio": 1, "cluster_descripcion": "Tipo B (Infr 0.14 - NBI 3.0%)", "categoria_infraestructura": "Muy Baja", "tooltip_barrio": "<b>SAN MARTIN ANEXO</b><br>Pob: 3153.0<br>Score: 0.07 (Muy Baja)", "servicios_basicos_score": 0.33, "infraestructura_por_habitante": 0.2239, "ranking_infraestructura": 417, "percentil_infraestructura": 15.8 }, "geometry": { "type": "Point", "coordinates": [ -64.203113972154199, -31.381012472971399 ] } },
{ "type": "Feature", "properties": { "barrio": "SAN MARTIN NORTE", "poblacion": 1945.0, "hogares": 560.0, "nbi": 34.0, "pct_nbi": 6.07, "escuelas_total": 0, "escuelas_estatales": 0, "escuelas_privadas": 0, "dispensarios_municipales": 1, "paradas_colectivo": 13, "lineas_colectivo": 7, "luminarias_reportes": 110, "comisarias": 0, "centros_vecinales": 0, "hogares_por_poblacion": 0.288, "poblacion_log": 7.574, "pct_escuelas_privadas": 0.0, "escuelas_por_1000_hab": 0.0, "dispensarios_por_10000_hab": 5.14, "comisarias_por_10000_hab": 0.0, "paradas_por_1000_hab": 6.68, "centros_vecinales_por_10000_hab": 0.0, "tiene_escuela": 0, "tiene_dispensario": 1, "tiene_comisaria": 0, "tiene_transporte": 1, "infraestructura_score": 0.2953, "area_barrio_km2": 0.23, "densidad_poblacional": 8456.52, "densidad_hogares": 2434.78, "infraestructura_por_km2": 1.284, "educacion_ratio_publico_privado": 1.0, "cluster_barrio": 1, "cluster_descripcion": "Tipo B (Infr 0.14 - NBI 3.0%)", "categoria_infraestructura": "Alta", "tooltip_barrio": "<b>SAN MARTIN NORTE</b><br>Pob: 1945.0<br>Score: 0.30 (Alta)", "servicios_basicos_score": 0.67, "infraestructura_por_habitante": 1.5183, "ranking_infraestructura": 138, "percentil_infraestructura": 72.3 }, "geometry": { "type": "Point", "coordinates": [ -64.202524437143396, -31.3727739384295 ] } },
{ "type": "Feature", "properties": { "barrio": "SAN NICOLAS", "poblacion": 2063.0, "hogares": 596.0, "nbi": 44.0, "pct_nbi": 7.38, "escuelas_total": 0, "escuelas_estatales": 0, "escuelas_privadas": 0, "dispensarios_municipales": 0, "paradas_colectivo": 7, "lineas_colectivo": 2, "luminarias_reportes": 193, "comisarias": 0, "centros_vecinales": 1, "hogares_por_poblacion": 0.289, "poblacion_log": 7.632, "pct_escuelas_privadas": 0.0, "escuelas_por_1000_hab": 0.0, "dispensarios_por_10000_hab": 0.0, "comisarias_por_10000_hab": 0.0, "paradas_por_1000_hab": 3.39, "centros_vecinales_por_10000_hab": 4.85, "tiene_escuela": 0, "tiene_dispensario": 0, "tiene_comisaria": 0, "tiene_transporte": 1, "infraestructura_score": 0.0628, "area_barrio_km2": 0.22, "densidad_poblacional": 9377.27, "densidad_hogares": 2709.09, "infraestructura_por_km2": 0.285, "educacion_ratio_publico_privado": 1.0, "cluster_barrio": 1, "cluster_descripcion": "Tipo B (Infr 0.14 - NBI 3.0%)", "categoria_infraestructura": "Muy Baja", "tooltip_barrio": "<b>SAN NICOLAS</b><br>Pob: 2063.0<br>Score: 0.06 (Muy Baja)", "servicios_basicos_score": 0.33, "infraestructura_por_habitante": 0.3044, "ranking_infraestructura": 429, "percentil_infraestructura": 13.4 }, "geometry": { "type": "Point", "coordinates": [ -64.151307802430395, -31.380675844601601 ] } },
{ "type": "Feature", "properties": { "barrio": "SAN PABLO", "poblacion": 2190.0, "hogares": 672.0, "nbi": 25.0, "pct_nbi": 3.72, "escuelas_total": 0, "escuelas_estatales": 0, "escuelas_privadas": 0, "dispensarios_municipales": 0, "paradas_colectivo": 15, "lineas_colectivo": 6, "luminarias_reportes": 69, "comisarias": 0, "centros_vecinales": 1, "hogares_por_poblacion": 0.307, "poblacion_log": 7.692, "pct_escuelas_privadas": 0.0, "escuelas_por_1000_hab": 0.0, "dispensarios_por_10000_hab": 0.0, "comisarias_por_10000_hab": 0.0, "paradas_por_1000_hab": 6.85, "centros_vecinales_por_10000_hab": 4.57, "tiene_escuela": 0, "tiene_dispensario": 0, "tiene_comisaria": 0, "tiene_transporte": 1, "infraestructura_score": 0.1269, "area_barrio_km2": 0.28, "densidad_poblacional": 7821.43, "densidad_hogares": 2400.0, "infraestructura_por_km2": 0.453, "educacion_ratio_publico_privado": 1.0, "cluster_barrio": 1, "cluster_descripcion": "Tipo B (Infr 0.14 - NBI 3.0%)", "categoria_infraestructura": "Baja", "tooltip_barrio": "<b>SAN PABLO</b><br>Pob: 2190.0<br>Score: 0.13 (Baja)", "servicios_basicos_score": 0.33, "infraestructura_por_habitante": 0.5795, "ranking_infraestructura": 320, "percentil_infraestructura": 35.3 }, "geometry": { "type": "Point", "coordinates": [ -64.160920567727402, -31.4442248614309 ] } },
{ "type": "Feature", "properties": { "barrio": "SAN PEDRO NOLASCO", "poblacion": 982.0, "hogares": 265.0, "nbi": 26.0, "pct_nbi": 9.81, "escuelas_total": 1, "escuelas_estatales": 1, "escuelas_privadas": 0, "dispensarios_municipales": 0, "paradas_colectivo": 9, "lineas_colectivo": 1, "luminarias_reportes": 15, "comisarias": 0, "centros_vecinales": 2, "hogares_por_poblacion": 0.27, "poblacion_log": 6.891, "pct_escuelas_privadas": 0.0, "escuelas_por_1000_hab": 1.02, "dispensarios_por_10000_hab": 0.0, "comisarias_por_10000_hab": 0.0, "paradas_por_1000_hab": 9.16, "centros_vecinales_por_10000_hab": 20.37, "tiene_escuela": 1, "tiene_dispensario": 0, "tiene_comisaria": 0, "tiene_transporte": 1, "infraestructura_score": 0.2404, "area_barrio_km2": 0.41, "densidad_poblacional": 2395.12, "densidad_hogares": 646.34, "infraestructura_por_km2": 0.586, "educacion_ratio_publico_privado": 2.0, "cluster_barrio": 1, "cluster_descripcion": "Tipo B (Infr 0.14 - NBI 3.0%)", "categoria_infraestructura": "Alta", "tooltip_barrio": "<b>SAN PEDRO NOLASCO</b><br>Pob: 982.0<br>Score: 0.24 (Alta)", "servicios_basicos_score": 0.67, "infraestructura_por_habitante": 2.4481, "ranking_infraestructura": 176, "percentil_infraestructura": 64.6 }, "geometry": { "type": "Point", "coordinates": [ -64.240216005579896, -31.466073357489002 ] } },
{ "type": "Feature", "properties": { "barrio": "SAN RAFAEL", "poblacion": 5172.0, "hogares": 1698.0, "nbi": 20.0, "pct_nbi": 1.18, "escuelas_total": 5, "escuelas_estatales": 2, "escuelas_privadas": 3, "dispensarios_municipales": 0, "paradas_colectivo": 9, "lineas_colectivo": 2, "luminarias_reportes": 252, "comisarias": 0, "centros_vecinales": 0, "hogares_por_poblacion": 0.328, "poblacion_log": 8.551, "pct_escuelas_privadas": 0.6, "escuelas_por_1000_hab": 0.97, "dispensarios_por_10000_hab": 0.0, "comisarias_por_10000_hab": 0.0, "paradas_por_1000_hab": 1.74, "centros_vecinales_por_10000_hab": 0.0, "tiene_escuela": 1, "tiene_dispensario": 0, "tiene_comisaria": 0, "tiene_transporte": 1, "infraestructura_score": 0.0995, "area_barrio_km2": 0.65, "densidad_poblacional": 7956.92, "densidad_hogares": 2612.31, "infraestructura_por_km2": 0.153, "educacion_ratio_publico_privado": 0.75, "cluster_barrio": 1, "cluster_descripcion": "Tipo B (Infr 0.14 - NBI 3.0%)", "categoria_infraestructura": "Baja", "tooltip_barrio": "<b>SAN RAFAEL</b><br>Pob: 5172.0<br>Score: 0.10 (Baja)", "servicios_basicos_score": 0.67, "infraestructura_por_habitante": 0.1924, "ranking_infraestructura": 377, "percentil_infraestructura": 23.9 }, "geometry": { "type": "Point", "coordinates": [ -64.221991291085899, -31.425400209762302 ] } },
{ "type": "Feature", "properties": { "barrio": "SAN RAMON", "poblacion": 500.0, "hogares": 200.0, "nbi": 11.0, "pct_nbi": 5.5, "escuelas_total": 3, "escuelas_estatales": 3, "escuelas_privadas": 0, "dispensarios_municipales": 0, "paradas_colectivo": 3, "lineas_colectivo": 1, "luminarias_reportes": 0, "comisarias": 0, "centros_vecinales": 0, "hogares_por_poblacion": 0.4, "poblacion_log": 6.217, "pct_escuelas_privadas": 0.0, "escuelas_por_1000_hab": 4.8035, "dispensarios_por_10000_hab": 0.0, "comisarias_por_10000_hab": 0.0, "paradas_por_1000_hab": 6.0, "centros_vecinales_por_10000_hab": 0.0, "tiene_escuela": 1, "tiene_dispensario": 0, "tiene_comisaria": 0, "tiene_transporte": 1, "infraestructura_score": 0.4444, "area_barrio_km2": 1.06, "densidad_poblacional": 471.7, "densidad_hogares": 188.68, "infraestructura_por_km2": 0.419, "educacion_ratio_publico_privado": 4.0, "cluster_barrio": 0, "cluster_descripcion": "Tipo A (Infr 0.57 - NBI 4.5%)", "categoria_infraestructura": "Muy Alta", "tooltip_barrio": "<b>SAN RAMON</b><br>Pob: 500.0<br>Score: 0.44 (Muy Alta)", "servicios_basicos_score": 0.67, "infraestructura_por_habitante": 8.888, "ranking_infraestructura": 59, "percentil_infraestructura": 87.4 }, "geometry": { "type": "Point", "coordinates": [ -64.100772327435195, -31.340878023571499 ] } },
{ "type": "Feature", "properties": { "barrio": "SAN SALVADOR", "poblacion": 2101.0, "hogares": 648.0, "nbi": 4.0, "pct_nbi": 0.62, "escuelas_total": 0, "escuelas_estatales": 0, "escuelas_privadas": 0, "dispensarios_municipales": 0, "paradas_colectivo": 16, "lineas_colectivo": 9, "luminarias_reportes": 339, "comisarias": 0, "centros_vecinales": 1, "hogares_por_poblacion": 0.308, "poblacion_log": 7.651, "pct_escuelas_privadas": 0.0, "escuelas_por_1000_hab": 0.0, "dispensarios_por_10000_hab": 0.0, "comisarias_por_10000_hab": 0.0, "paradas_por_1000_hab": 7.62, "centros_vecinales_por_10000_hab": 4.76, "tiene_escuela": 0, "tiene_dispensario": 0, "tiene_comisaria": 0, "tiene_transporte": 1, "infraestructura_score": 0.1411, "area_barrio_km2": 0.34, "densidad_poblacional": 6179.41, "densidad_hogares": 1905.88, "infraestructura_por_km2": 0.415, "educacion_ratio_publico_privado": 1.0, "cluster_barrio": 1, "cluster_descripcion": "Tipo B (Infr 0.14 - NBI 3.0%)", "categoria_infraestructura": "Baja", "tooltip_barrio": "<b>SAN SALVADOR</b><br>Pob: 2101.0<br>Score: 0.14 (Baja)", "servicios_basicos_score": 0.33, "infraestructura_por_habitante": 0.6716, "ranking_infraestructura": 304, "percentil_infraestructura": 38.7 }, "geometry": { "type": "Point", "coordinates": [ -64.232386926928498, -31.400940068771799 ] } },
{ "type": "Feature", "properties": { "barrio": "SAN VICENTE", "poblacion": 18145.0, "hogares": 5733.0, "nbi": 291.0, "pct_nbi": 5.08, "escuelas_total": 34, "escuelas_estatales": 23, "escuelas_privadas": 11, "dispensarios_municipales": 0, "paradas_colectivo": 42, "lineas_colectivo": 9, "luminarias_reportes": 272, "comisarias": 1, "centros_vecinales": 1, "hogares_por_poblacion": 0.316, "poblacion_log": 9.806, "pct_escuelas_privadas": 0.324, "escuelas_por_1000_hab": 1.87, "dispensarios_por_10000_hab": 0.0, "comisarias_por_10000_hab": 0.55, "paradas_por_1000_hab": 2.31, "centros_vecinales_por_10000_hab": 0.55, "tiene_escuela": 1, "tiene_dispensario": 0, "tiene_comisaria": 1, "tiene_transporte": 1, "infraestructura_score": 0.2118, "area_barrio_km2": 2.6, "densidad_poblacional": 6978.85, "densidad_hogares": 2205.0, "infraestructura_por_km2": 0.081, "educacion_ratio_publico_privado": 2.0, "cluster_barrio": 4, "cluster_descripcion": "Tipo E (Infr 0.11 - NBI 5.5%)", "categoria_infraestructura": "Media", "tooltip_barrio": "<b>SAN VICENTE</b><br>Pob: 18145.0<br>Score: 0.21 (Media)", "servicios_basicos_score": 0.67, "infraestructura_por_habitante": 0.1167, "ranking_infraestructura": 210, "percentil_infraestructura": 57.7 }, "geometry": { "type": "Point", "coordinates": [ -64.153975059953694, -31.424320515993699 ] } },
{ "type": "Feature", "properties": { "barrio": "SANTA CECILIA", "poblacion": 1089.0, "hogares": 317.0, "nbi": 40.0, "pct_nbi": 12.62, "escuelas_total": 2, "escuelas_estatales": 2, "escuelas_privadas": 0, "dispensarios_municipales": 0, "paradas_colectivo": 7, "lineas_colectivo": 3, "luminarias_reportes": 40, "comisarias": 0, "centros_vecinales": 1, "hogares_por_poblacion": 0.291, "poblacion_log": 6.994, "pct_escuelas_privadas": 0.0, "escuelas_por_1000_hab": 1.84, "dispensarios_por_10000_hab": 0.0, "comisarias_por_10000_hab": 0.0, "paradas_por_1000_hab": 6.43, "centros_vecinales_por_10000_hab": 9.18, "tiene_escuela": 1, "tiene_dispensario": 0, "tiene_comisaria": 0, "tiene_transporte": 1, "infraestructura_score": 0.2468, "area_barrio_km2": 0.13, "densidad_poblacional": 8376.92, "densidad_hogares": 2438.46, "infraestructura_por_km2": 1.898, "educacion_ratio_publico_privado": 3.0, "cluster_barrio": 2, "cluster_descripcion": "Tipo C (Infr 0.16 - NBI 14.4%)", "categoria_infraestructura": "Alta", "tooltip_barrio": "<b>SANTA CECILIA</b><br>Pob: 1089.0<br>Score: 0.25 (Alta)", "servicios_basicos_score": 0.67, "infraestructura_por_habitante": 2.2663, "ranking_infraestructura": 170, "percentil_infraestructura": 65.8 }, "geometry": { "type": "Point", "coordinates": [ -64.227724269632702, -31.357632029265901 ] } },
{ "type": "Feature", "properties": { "barrio": "SANTA CLARA DE ASIS", "poblacion": 1839.0, "hogares": 481.0, "nbi": 8.0, "pct_nbi": 1.66, "escuelas_total": 3, "escuelas_estatales": 0, "escuelas_privadas": 3, "dispensarios_municipales": 0, "paradas_colectivo": 8, "lineas_colectivo": 2, "luminarias_reportes": 200, "comisarias": 0, "centros_vecinales": 1, "hogares_por_poblacion": 0.262, "poblacion_log": 7.518, "pct_escuelas_privadas": 1.0, "escuelas_por_1000_hab": 1.63, "dispensarios_por_10000_hab": 0.0, "comisarias_por_10000_hab": 0.0, "paradas_por_1000_hab": 4.35, "centros_vecinales_por_10000_hab": 5.44, "tiene_escuela": 1, "tiene_dispensario": 0, "tiene_comisaria": 0, "tiene_transporte": 1, "infraestructura_score": 0.1937, "area_barrio_km2": 0.2, "densidad_poblacional": 9195.0, "densidad_hogares": 2405.0, "infraestructura_por_km2": 0.968, "educacion_ratio_publico_privado": 0.25, "cluster_barrio": 1, "cluster_descripcion": "Tipo B (Infr 0.14 - NBI 3.0%)", "categoria_infraestructura": "Media", "tooltip_barrio": "<b>SANTA CLARA DE ASIS</b><br>Pob: 1839.0<br>Score: 0.19 (Media)", "servicios_basicos_score": 0.67, "infraestructura_por_habitante": 1.0533, "ranking_infraestructura": 228, "percentil_infraestructura": 54.0 }, "geometry": { "type": "Point", "coordinates": [ -64.140798012536195, -31.380728813508501 ] } },
{ "type": "Feature", "properties": { "barrio": "SANTA ISABEL ANEXO", "poblacion": 1361.0, "hogares": 328.0, "nbi": 24.0, "pct_nbi": 7.32, "escuelas_total": 2, "escuelas_estatales": 0, "escuelas_privadas": 2, "dispensarios_municipales": 0, "paradas_colectivo": 8, "lineas_colectivo": 2, "luminarias_reportes": 0, "comisarias": 0, "centros_vecinales": 0, "hogares_por_poblacion": 0.241, "poblacion_log": 7.217, "pct_escuelas_privadas": 1.0, "escuelas_por_1000_hab": 1.47, "dispensarios_por_10000_hab": 0.0, "comisarias_por_10000_hab": 0.0, "paradas_por_1000_hab": 5.88, "centros_vecinales_por_10000_hab": 0.0, "tiene_escuela": 1, "tiene_dispensario": 0, "tiene_comisaria": 0, "tiene_transporte": 1, "infraestructura_score": 0.2109, "area_barrio_km2": 0.18, "densidad_poblacional": 7561.11, "densidad_hogares": 1822.22, "infraestructura_por_km2": 1.172, "educacion_ratio_publico_privado": 0.33, "cluster_barrio": 1, "cluster_descripcion": "Tipo B (Infr 0.14 - NBI 3.0%)", "categoria_infraestructura": "Media", "tooltip_barrio": "<b>SANTA ISABEL ANEXO</b><br>Pob: 1361.0<br>Score: 0.21 (Media)", "servicios_basicos_score": 0.67, "infraestructura_por_habitante": 1.5496, "ranking_infraestructura": 211, "percentil_infraestructura": 57.5 }, "geometry": { "type": "Point", "coordinates": [ -64.246541585743998, -31.476253531180401 ] } },
{ "type": "Feature", "properties": { "barrio": "SANTA ISABEL SECCION 1", "poblacion": 3583.0, "hogares": 1013.0, "nbi": 45.0, "pct_nbi": 4.44, "escuelas_total": 0, "escuelas_estatales": 0, "escuelas_privadas": 0, "dispensarios_municipales": 1, "paradas_colectivo": 13, "lineas_colectivo": 6, "luminarias_reportes": 0, "comisarias": 0, "centros_vecinales": 1, "hogares_por_poblacion": 0.283, "poblacion_log": 8.184, "pct_escuelas_privadas": 0.0, "escuelas_por_1000_hab": 0.0, "dispensarios_por_10000_hab": 2.79, "comisarias_por_10000_hab": 0.0, "paradas_por_1000_hab": 3.63, "centros_vecinales_por_10000_hab": 2.79, "tiene_escuela": 0, "tiene_dispensario": 1, "tiene_comisaria": 0, "tiene_transporte": 1, "infraestructura_score": 0.1604, "area_barrio_km2": 0.79, "densidad_poblacional": 4535.44, "densidad_hogares": 1282.28, "infraestructura_por_km2": 0.203, "educacion_ratio_publico_privado": 1.0, "cluster_barrio": 1, "cluster_descripcion": "Tipo B (Infr 0.14 - NBI 3.0%)", "categoria_infraestructura": "Media", "tooltip_barrio": "<b>SANTA ISABEL SECCION 1</b><br>Pob: 3583.0<br>Score: 0.16 (Media)", "servicios_basicos_score": 0.67, "infraestructura_por_habitante": 0.4477, "ranking_infraestructura": 272, "percentil_infraestructura": 45.1 }, "geometry": { "type": "Point", "coordinates": [ -64.232406285714603, -31.470699157260199 ] } },
{ "type": "Feature", "properties": { "barrio": "SANTA ISABEL SECCION 2", "poblacion": 6113.0, "hogares": 1748.0, "nbi": 100.0, "pct_nbi": 5.72, "escuelas_total": 0, "escuelas_estatales": 0, "escuelas_privadas": 0, "dispensarios_municipales": 1, "paradas_colectivo": 19, "lineas_colectivo": 5, "luminarias_reportes": 0, "comisarias": 0, "centros_vecinales": 1, "hogares_por_poblacion": 0.286, "poblacion_log": 8.718, "pct_escuelas_privadas": 0.0, "escuelas_por_1000_hab": 0.0, "dispensarios_por_10000_hab": 1.64, "comisarias_por_10000_hab": 0.0, "paradas_por_1000_hab": 3.11, "centros_vecinales_por_10000_hab": 1.64, "tiene_escuela": 0, "tiene_dispensario": 1, "tiene_comisaria": 0, "tiene_transporte": 1, "infraestructura_score": 0.1123, "area_barrio_km2": 0.89, "densidad_poblacional": 6868.54, "densidad_hogares": 1964.04, "infraestructura_por_km2": 0.126, "educacion_ratio_publico_privado": 1.0, "cluster_barrio": 1, "cluster_descripcion": "Tipo B (Infr 0.14 - NBI 3.0%)", "categoria_infraestructura": "Baja", "tooltip_barrio": "<b>SANTA ISABEL SECCION 2</b><br>Pob: 6113.0<br>Score: 0.11 (Baja)", "servicios_basicos_score": 0.67, "infraestructura_por_habitante": 0.1837, "ranking_infraestructura": 342, "percentil_infraestructura": 31.0 }, "geometry": { "type": "Point", "coordinates": [ -64.231421473532805, -31.476569498700801 ] } },
{ "type": "Feature", "properties": { "barrio": "SANTA ISABEL SECCION 3", "poblacion": 4047.0, "hogares": 1071.0, "nbi": 51.0, "pct_nbi": 4.76, "escuelas_total": 12, "escuelas_estatales": 8, "escuelas_privadas": 4, "dispensarios_municipales": 0, "paradas_colectivo": 14, "lineas_colectivo": 3, "luminarias_reportes": 102, "comisarias": 0, "centros_vecinales": 2, "hogares_por_poblacion": 0.265, "poblacion_log": 8.306, "pct_escuelas_privadas": 0.333, "escuelas_por_1000_hab": 2.97, "dispensarios_por_10000_hab": 0.0, "comisarias_por_10000_hab": 0.0, "paradas_por_1000_hab": 3.46, "centros_vecinales_por_10000_hab": 4.94, "tiene_escuela": 1, "tiene_dispensario": 0, "tiene_comisaria": 0, "tiene_transporte": 1, "infraestructura_score": 0.2702, "area_barrio_km2": 0.49, "densidad_poblacional": 8259.18, "densidad_hogares": 2185.71, "infraestructura_por_km2": 0.551, "educacion_ratio_publico_privado": 1.8, "cluster_barrio": 1, "cluster_descripcion": "Tipo B (Infr 0.14 - NBI 3.0%)", "categoria_infraestructura": "Alta", "tooltip_barrio": "<b>SANTA ISABEL SECCION 3</b><br>Pob: 4047.0<br>Score: 0.27 (Alta)", "servicios_basicos_score": 0.67, "infraestructura_por_habitante": 0.6677, "ranking_infraestructura": 150, "percentil_infraestructura": 69.8 }, "geometry": { "type": "Point", "coordinates": [ -64.241772169909595, -31.4780759649089 ] } },
{ "type": "Feature", "properties": { "barrio": "SANTA RITA", "poblacion": 1145.0, "hogares": 395.0, "nbi": 13.0, "pct_nbi": 3.29, "escuelas_total": 1, "escuelas_estatales": 1, "escuelas_privadas": 0, "dispensarios_municipales": 1, "paradas_colectivo": 14, "lineas_colectivo": 5, "luminarias_reportes": 247, "comisarias": 0, "centros_vecinales": 0, "hogares_por_poblacion": 0.345, "poblacion_log": 7.044, "pct_escuelas_privadas": 0.0, "escuelas_por_1000_hab": 0.87, "dispensarios_por_10000_hab": 6.657, "comisarias_por_10000_hab": 0.0, "paradas_por_1000_hab": 12.23, "centros_vecinales_por_10000_hab": 0.0, "tiene_escuela": 1, "tiene_dispensario": 1, "tiene_comisaria": 0, "tiene_transporte": 1, "infraestructura_score": 0.5091, "area_barrio_km2": 0.16, "densidad_poblacional": 7156.25, "densidad_hogares": 2468.75, "infraestructura_por_km2": 3.182, "educacion_ratio_publico_privado": 2.0, "cluster_barrio": 3, "cluster_descripcion": "Tipo D (Infr 0.40 - NBI 2.8%)", "categoria_infraestructura": "Muy Alta", "tooltip_barrio": "<b>SANTA RITA</b><br>Pob: 1145.0<br>Score: 0.51 (Muy Alta)", "servicios_basicos_score": 1.0, "infraestructura_por_habitante": 4.4463, "ranking_infraestructura": 47, "percentil_infraestructura": 90.7 }, "geometry": { "type": "Point", "coordinates": [ -64.172693293309194, -31.447511153190899 ] } },
{ "type": "Feature", "properties": { "barrio": "SARGENTO CABRAL", "poblacion": 3597.0, "hogares": 1060.0, "nbi": 78.0, "pct_nbi": 7.36, "escuelas_total": 1, "escuelas_estatales": 1, "escuelas_privadas": 0, "dispensarios_municipales": 1, "paradas_colectivo": 9, "lineas_colectivo": 4, "luminarias_reportes": 34, "comisarias": 0, "centros_vecinales": 1, "hogares_por_poblacion": 0.295, "poblacion_log": 8.188, "pct_escuelas_privadas": 0.0, "escuelas_por_1000_hab": 0.28, "dispensarios_por_10000_hab": 2.78, "comisarias_por_10000_hab": 0.0, "paradas_por_1000_hab": 2.5, "centros_vecinales_por_10000_hab": 2.78, "tiene_escuela": 1, "tiene_dispensario": 1, "tiene_comisaria": 0, "tiene_transporte": 1, "infraestructura_score": 0.1585, "area_barrio_km2": 0.36, "densidad_poblacional": 9991.67, "densidad_hogares": 2944.44, "infraestructura_por_km2": 0.44, "educacion_ratio_publico_privado": 2.0, "cluster_barrio": 1, "cluster_descripcion": "Tipo B (Infr 0.14 - NBI 3.0%)", "categoria_infraestructura": "Media", "tooltip_barrio": "<b>SARGENTO CABRAL</b><br>Pob: 3597.0<br>Score: 0.16 (Media)", "servicios_basicos_score": 1.0, "infraestructura_por_habitante": 0.4406, "ranking_infraestructura": 274, "percentil_infraestructura": 44.7 }, "geometry": { "type": "Point", "coordinates": [ -64.193003966038304, -31.376155393463801 ] } },
{ "type": "Feature", "properties": { "barrio": "SARMIENTO", "poblacion": 2507.0, "hogares": 785.0, "nbi": 17.0, "pct_nbi": 2.17, "escuelas_total": 5, "escuelas_estatales": 3, "escuelas_privadas": 2, "dispensarios_municipales": 0, "paradas_colectivo": 12, "lineas_colectivo": 8, "luminarias_reportes": 23, "comisarias": 0, "centros_vecinales": 1, "hogares_por_poblacion": 0.313, "poblacion_log": 7.827, "pct_escuelas_privadas": 0.4, "escuelas_por_1000_hab": 1.99, "dispensarios_por_10000_hab": 0.0, "comisarias_por_10000_hab": 0.0, "paradas_por_1000_hab": 4.79, "centros_vecinales_por_10000_hab": 3.99, "tiene_escuela": 1, "tiene_dispensario": 0, "tiene_comisaria": 0, "tiene_transporte": 1, "infraestructura_score": 0.2268, "area_barrio_km2": 0.3, "densidad_poblacional": 8356.67, "densidad_hogares": 2616.67, "infraestructura_por_km2": 0.756, "educacion_ratio_publico_privado": 1.33, "cluster_barrio": 1, "cluster_descripcion": "Tipo B (Infr 0.14 - NBI 3.0%)", "categoria_infraestructura": "Alta", "tooltip_barrio": "<b>SARMIENTO</b><br>Pob: 2507.0<br>Score: 0.23 (Alta)", "servicios_basicos_score": 0.67, "infraestructura_por_habitante": 0.9047, "ranking_infraestructura": 193, "percentil_infraestructura": 61.1 }, "geometry": { "type": "Point", "coordinates": [ -64.154266606956796, -31.430143821805402 ] } },
{ "type": "Feature", "properties": { "barrio": "SEP", "poblacion": 1039.0, "hogares": 292.0, "nbi": 7.0, "pct_nbi": 2.4, "escuelas_total": 2, "escuelas_estatales": 2, "escuelas_privadas": 0, "dispensarios_municipales": 0, "paradas_colectivo": 9, "lineas_colectivo": 6, "luminarias_reportes": 27, "comisarias": 0, "centros_vecinales": 1, "hogares_por_poblacion": 0.281, "poblacion_log": 6.947, "pct_escuelas_privadas": 0.0, "escuelas_por_1000_hab": 1.92, "dispensarios_por_10000_hab": 0.0, "comisarias_por_10000_hab": 0.0, "paradas_por_1000_hab": 8.66, "centros_vecinales_por_10000_hab": 9.62, "tiene_escuela": 1, "tiene_dispensario": 0, "tiene_comisaria": 0, "tiene_transporte": 1, "infraestructura_score": 0.2936, "area_barrio_km2": 0.06, "densidad_poblacional": 17316.67, "densidad_hogares": 4866.67, "infraestructura_por_km2": 4.893, "educacion_ratio_publico_privado": 3.0, "cluster_barrio": 1, "cluster_descripcion": "Tipo B (Infr 0.14 - NBI 3.0%)", "categoria_infraestructura": "Alta", "tooltip_barrio": "<b>SEP</b><br>Pob: 1039.0<br>Score: 0.29 (Alta)", "servicios_basicos_score": 0.67, "infraestructura_por_habitante": 2.8258, "ranking_infraestructura": 139, "percentil_infraestructura": 72.1 }, "geometry": { "type": "Point", "coordinates": [ -64.165690570845697, -31.459045886122102 ] } },
{ "type": "Feature", "properties": { "barrio": "SEP SEGUNDA ETAPA", "poblacion": 2640.0, "hogares": 759.0, "nbi": 16.0, "pct_nbi": 2.11, "escuelas_total": 0, "escuelas_estatales": 0, "escuelas_privadas": 0, "dispensarios_municipales": 0, "paradas_colectivo": 6, "lineas_colectivo": 3, "luminarias_reportes": 0, "comisarias": 0, "centros_vecinales": 0, "hogares_por_poblacion": 0.288, "poblacion_log": 7.879, "pct_escuelas_privadas": 0.0, "escuelas_por_1000_hab": 0.0, "dispensarios_por_10000_hab": 0.0, "comisarias_por_10000_hab": 0.0, "paradas_por_1000_hab": 2.27, "centros_vecinales_por_10000_hab": 0.0, "tiene_escuela": 0, "tiene_dispensario": 0, "tiene_comisaria": 0, "tiene_transporte": 1, "infraestructura_score": 0.042, "area_barrio_km2": 0.15, "densidad_poblacional": 17600.0, "densidad_hogares": 5060.0, "infraestructura_por_km2": 0.28, "educacion_ratio_publico_privado": 1.0, "cluster_barrio": 1, "cluster_descripcion": "Tipo B (Infr 0.14 - NBI 3.0%)", "categoria_infraestructura": "Muy Baja", "tooltip_barrio": "<b>SEP SEGUNDA ETAPA</b><br>Pob: 2640.0<br>Score: 0.04 (Muy Baja)", "servicios_basicos_score": 0.33, "infraestructura_por_habitante": 0.1591, "ranking_infraestructura": 440, "percentil_infraestructura": 11.1 }, "geometry": { "type": "Point", "coordinates": [ -64.163901564558003, -31.459818195198 ] } },
{ "type": "Feature", "properties": { "barrio": "SMATA", "poblacion": 2291.0, "hogares": 599.0, "nbi": 2.0, "pct_nbi": 0.33, "escuelas_total": 4, "escuelas_estatales": 4, "escuelas_privadas": 0, "dispensarios_municipales": 0, "paradas_colectivo": 4, "lineas_colectivo": 2, "luminarias_reportes": 79, "comisarias": 0, "centros_vecinales": 2, "hogares_por_poblacion": 0.261, "poblacion_log": 7.737, "pct_escuelas_privadas": 0.0, "escuelas_por_1000_hab": 1.75, "dispensarios_por_10000_hab": 0.0, "comisarias_por_10000_hab": 0.0, "paradas_por_1000_hab": 1.75, "centros_vecinales_por_10000_hab": 8.73, "tiene_escuela": 1, "tiene_dispensario": 0, "tiene_comisaria": 0, "tiene_transporte": 1, "infraestructura_score": 0.1538, "area_barrio_km2": 0.3, "densidad_poblacional": 7636.67, "densidad_hogares": 1996.67, "infraestructura_por_km2": 0.513, "educacion_ratio_publico_privado": 5.0, "cluster_barrio": 1, "cluster_descripcion": "Tipo B (Infr 0.14 - NBI 3.0%)", "categoria_infraestructura": "Media", "tooltip_barrio": "<b>SMATA</b><br>Pob: 2291.0<br>Score: 0.15 (Media)", "servicios_basicos_score": 0.67, "infraestructura_por_habitante": 0.6713, "ranking_infraestructura": 281, "percentil_infraestructura": 43.3 }, "geometry": { "type": "Point", "coordinates": [ -64.223530271459694, -31.454401816722601 ] } },
{ "type": "Feature", "properties": { "barrio": "SOLARES DE SANTA MARIA- ALTOS DE MANANTIALES", "poblacion": 650.0, "hogares": 200.0, "nbi": 1.0, "pct_nbi": 0.5, "escuelas_total": 0, "escuelas_estatales": 0, "escuelas_privadas": 0, "dispensarios_municipales": 0, "paradas_colectivo": 0, "lineas_colectivo": 0, "luminarias_reportes": 0, "comisarias": 0, "centros_vecinales": 1, "hogares_por_poblacion": 0.308, "poblacion_log": 6.479, "pct_escuelas_privadas": 0.0, "escuelas_por_1000_hab": 0.0, "dispensarios_por_10000_hab": 0.0, "comisarias_por_10000_hab": 0.0, "paradas_por_1000_hab": 0.0, "centros_vecinales_por_10000_hab": 15.38, "tiene_escuela": 0, "tiene_dispensario": 0, "tiene_comisaria": 0, "tiene_transporte": 0, "infraestructura_score": 0.0, "area_barrio_km2": null, "densidad_poblacional": 0.0, "densidad_hogares": 0.0, "infraestructura_por_km2": 0.0, "educacion_ratio_publico_privado": 1.0, "cluster_barrio": 1, "cluster_descripcion": "Tipo B (Infr 0.14 - NBI 3.0%)", "categoria_infraestructura": "Muy Baja", "tooltip_barrio": "<b>SOLARES DE SANTA MARIA- ALTOS DE MANANTIALES</b><br>Pob: 650.0<br>Score: 0.00 (Muy Baja)", "servicios_basicos_score": 0.0, "infraestructura_por_habitante": 0.0, "ranking_infraestructura": 469, "percentil_infraestructura": 2.7 }, "geometry": { "type": "Point", "coordinates": [ -64.224447160524093, -31.460576017594899 ] } },
{ "type": "Feature", "properties": { "barrio": "SUAREZ", "poblacion": 2807.0, "hogares": 762.0, "nbi": 87.0, "pct_nbi": 11.42, "escuelas_total": 4, "escuelas_estatales": 4, "escuelas_privadas": 0, "dispensarios_municipales": 0, "paradas_colectivo": 7, "lineas_colectivo": 2, "luminarias_reportes": 26, "comisarias": 0, "centros_vecinales": 0, "hogares_por_poblacion": 0.271, "poblacion_log": 7.94, "pct_escuelas_privadas": 0.0, "escuelas_por_1000_hab": 1.43, "dispensarios_por_10000_hab": 0.0, "comisarias_por_10000_hab": 0.0, "paradas_por_1000_hab": 2.49, "centros_vecinales_por_10000_hab": 0.0, "tiene_escuela": 1, "tiene_dispensario": 0, "tiene_comisaria": 0, "tiene_transporte": 1, "infraestructura_score": 0.1453, "area_barrio_km2": 0.35, "densidad_poblacional": 8020.0, "densidad_hogares": 2177.14, "infraestructura_por_km2": 0.415, "educacion_ratio_publico_privado": 5.0, "cluster_barrio": 2, "cluster_descripcion": "Tipo C (Infr 0.16 - NBI 14.4%)", "categoria_infraestructura": "Baja", "tooltip_barrio": "<b>SUAREZ</b><br>Pob: 2807.0<br>Score: 0.15 (Baja)", "servicios_basicos_score": 0.67, "infraestructura_por_habitante": 0.5176, "ranking_infraestructura": 299, "percentil_infraestructura": 39.7 }, "geometry": { "type": "Point", "coordinates": [ -64.210448800224597, -31.438652540263099 ] } },
{ "type": "Feature", "properties": { "barrio": "TABLADA PARK", "poblacion": 748.0, "hogares": 265.0, "nbi": 0.0, "pct_nbi": 0.0, "escuelas_total": 0, "escuelas_estatales": 0, "escuelas_privadas": 0, "dispensarios_municipales": 0, "paradas_colectivo": 7, "lineas_colectivo": 11, "luminarias_reportes": 17, "comisarias": 0, "centros_vecinales": 0, "hogares_por_poblacion": 0.354, "poblacion_log": 6.619, "pct_escuelas_privadas": 0.0, "escuelas_por_1000_hab": 0.0, "dispensarios_por_10000_hab": 0.0, "comisarias_por_10000_hab": 0.0, "paradas_por_1000_hab": 9.36, "centros_vecinales_por_10000_hab": 0.0, "tiene_escuela": 0, "tiene_dispensario": 0, "tiene_comisaria": 0, "tiene_transporte": 1, "infraestructura_score": 0.1733, "area_barrio_km2": 0.28, "densidad_poblacional": 2671.43, "densidad_hogares": 946.43, "infraestructura_por_km2": 0.619, "educacion_ratio_publico_privado": 1.0, "cluster_barrio": 1, "cluster_descripcion": "Tipo B (Infr 0.14 - NBI 3.0%)", "categoria_infraestructura": "Media", "tooltip_barrio": "<b>TABLADA PARK</b><br>Pob: 748.0<br>Score: 0.17 (Media)", "servicios_basicos_score": 0.33, "infraestructura_por_habitante": 2.3168, "ranking_infraestructura": 249, "percentil_infraestructura": 49.8 }, "geometry": { "type": "Point", "coordinates": [ -64.2262528800577, -31.371014347978001 ] } },
{ "type": "Feature", "properties": { "barrio": "TALLERES ESTE", "poblacion": 5542.0, "hogares": 1710.0, "nbi": 59.0, "pct_nbi": 3.45, "escuelas_total": 4, "escuelas_estatales": 4, "escuelas_privadas": 0, "dispensarios_municipales": 0, "paradas_colectivo": 18, "lineas_colectivo": 7, "luminarias_reportes": 31, "comisarias": 0, "centros_vecinales": 2, "hogares_por_poblacion": 0.309, "poblacion_log": 8.62, "pct_escuelas_privadas": 0.0, "escuelas_por_1000_hab": 0.72, "dispensarios_por_10000_hab": 0.0, "comisarias_por_10000_hab": 0.0, "paradas_por_1000_hab": 3.25, "centros_vecinales_por_10000_hab": 3.61, "tiene_escuela": 1, "tiene_dispensario": 0, "tiene_comisaria": 0, "tiene_transporte": 1, "infraestructura_score": 0.1101, "area_barrio_km2": 0.6, "densidad_poblacional": 9236.67, "densidad_hogares": 2850.0, "infraestructura_por_km2": 0.184, "educacion_ratio_publico_privado": 5.0, "cluster_barrio": 1, "cluster_descripcion": "Tipo B (Infr 0.14 - NBI 3.0%)", "categoria_infraestructura": "Baja", "tooltip_barrio": "<b>TALLERES ESTE</b><br>Pob: 5542.0<br>Score: 0.11 (Baja)", "servicios_basicos_score": 0.67, "infraestructura_por_habitante": 0.1987, "ranking_infraestructura": 357, "percentil_infraestructura": 27.9 }, "geometry": { "type": "Point", "coordinates": [ -64.150664447062098, -31.388961448415799 ] } },
{ "type": "Feature", "properties": { "barrio": "TALLERES OESTE", "poblacion": 5925.0, "hogares": 1848.0, "nbi": 62.0, "pct_nbi": 3.35, "escuelas_total": 7, "escuelas_estatales": 7, "escuelas_privadas": 0, "dispensarios_municipales": 0, "paradas_colectivo": 27, "lineas_colectivo": 9, "luminarias_reportes": 0, "comisarias": 0, "centros_vecinales": 0, "hogares_por_poblacion": 0.312, "poblacion_log": 8.687, "pct_escuelas_privadas": 0.0, "escuelas_por_1000_hab": 1.18, "dispensarios_por_10000_hab": 0.0, "comisarias_por_10000_hab": 0.0, "paradas_por_1000_hab": 4.56, "centros_vecinales_por_10000_hab": 0.0, "tiene_escuela": 1, "tiene_dispensario": 0, "tiene_comisaria": 0, "tiene_transporte": 1, "infraestructura_score": 0.1663, "area_barrio_km2": 1.39, "densidad_poblacional": 4262.59, "densidad_hogares": 1329.5, "infraestructura_por_km2": 0.12, "educacion_ratio_publico_privado": 8.0, "cluster_barrio": 1, "cluster_descripcion": "Tipo B (Infr 0.14 - NBI 3.0%)", "categoria_infraestructura": "Media", "tooltip_barrio": "<b>TALLERES OESTE</b><br>Pob: 5925.0<br>Score: 0.17 (Media)", "servicios_basicos_score": 0.67, "infraestructura_por_habitante": 0.2807, "ranking_infraestructura": 260, "percentil_infraestructura": 47.6 }, "geometry": { "type": "Point", "coordinates": [ -64.158942619612304, -31.390196226412801 ] } },
{ "type": "Feature", "properties": { "barrio": "TALLERES SUD", "poblacion": 3940.0, "hogares": 1027.0, "nbi": 145.0, "pct_nbi": 14.12, "escuelas_total": 0, "escuelas_estatales": 0, "escuelas_privadas": 0, "dispensarios_municipales": 0, "paradas_colectivo": 4, "lineas_colectivo": 1, "luminarias_reportes": 18, "comisarias": 0, "centros_vecinales": 1, "hogares_por_poblacion": 0.261, "poblacion_log": 8.279, "pct_escuelas_privadas": 0.0, "escuelas_por_1000_hab": 0.0, "dispensarios_por_10000_hab": 0.0, "comisarias_por_10000_hab": 0.0, "paradas_por_1000_hab": 1.02, "centros_vecinales_por_10000_hab": 2.54, "tiene_escuela": 0, "tiene_dispensario": 0, "tiene_comisaria": 0, "tiene_transporte": 1, "infraestructura_score": 0.0189, "area_barrio_km2": 0.48, "densidad_poblacional": 8208.33, "densidad_hogares": 2139.58, "infraestructura_por_km2": 0.039, "educacion_ratio_publico_privado": 1.0, "cluster_barrio": 2, "cluster_descripcion": "Tipo C (Infr 0.16 - NBI 14.4%)", "categoria_infraestructura": "Muy Baja", "tooltip_barrio": "<b>TALLERES SUD</b><br>Pob: 3940.0<br>Score: 0.02 (Muy Baja)", "servicios_basicos_score": 0.33, "infraestructura_por_habitante": 0.048, "ranking_infraestructura": 463, "percentil_infraestructura": 6.5 }, "geometry": { "type": "Point", "coordinates": [ -64.134242534103095, -31.439533425260901 ] } },
{ "type": "Feature", "properties": { "barrio": "TEJAS DEL SUR", "poblacion": 1454.0, "hogares": 406.0, "nbi": 5.0, "pct_nbi": 1.23, "escuelas_total": 0, "escuelas_estatales": 0, "escuelas_privadas": 0, "dispensarios_municipales": 0, "paradas_colectivo": 0, "lineas_colectivo": 0, "luminarias_reportes": 3, "comisarias": 0, "centros_vecinales": 0, "hogares_por_poblacion": 0.279, "poblacion_log": 7.283, "pct_escuelas_privadas": 0.0, "escuelas_por_1000_hab": 0.0, "dispensarios_por_10000_hab": 0.0, "comisarias_por_10000_hab": 0.0, "paradas_por_1000_hab": 0.0, "centros_vecinales_por_10000_hab": 0.0, "tiene_escuela": 0, "tiene_dispensario": 0, "tiene_comisaria": 0, "tiene_transporte": 0, "infraestructura_score": 0.0, "area_barrio_km2": 0.28, "densidad_poblacional": 5192.86, "densidad_hogares": 1450.0, "infraestructura_por_km2": 0.0, "educacion_ratio_publico_privado": 1.0, "cluster_barrio": 1, "cluster_descripcion": "Tipo B (Infr 0.14 - NBI 3.0%)", "categoria_infraestructura": "Muy Baja", "tooltip_barrio": "<b>TEJAS DEL SUR</b><br>Pob: 1454.0<br>Score: 0.00 (Muy Baja)", "servicios_basicos_score": 0.0, "infraestructura_por_habitante": 0.0, "ranking_infraestructura": 469, "percentil_infraestructura": 2.7 }, "geometry": { "type": "Point", "coordinates": [ -64.190162283759904, -31.462377651235201 ] } },
{ "type": "Feature", "properties": { "barrio": "TEJAS II", "poblacion": 687.0, "hogares": 200.0, "nbi": 6.0, "pct_nbi": 3.0, "escuelas_total": 0, "escuelas_estatales": 0, "escuelas_privadas": 0, "dispensarios_municipales": 0, "paradas_colectivo": 1, "lineas_colectivo": 1, "luminarias_reportes": 0, "comisarias": 0, "centros_vecinales": 0, "hogares_por_poblacion": 0.291, "poblacion_log": 6.534, "pct_escuelas_privadas": 0.0, "escuelas_por_1000_hab": 0.0, "dispensarios_por_10000_hab": 0.0, "comisarias_por_10000_hab": 0.0, "paradas_por_1000_hab": 1.46, "centros_vecinales_por_10000_hab": 0.0, "tiene_escuela": 0, "tiene_dispensario": 0, "tiene_comisaria": 0, "tiene_transporte": 1, "infraestructura_score": 0.027, "area_barrio_km2": 0.48, "densidad_poblacional": 1431.25, "densidad_hogares": 416.67, "infraestructura_por_km2": 0.056, "educacion_ratio_publico_privado": 1.0, "cluster_barrio": 1, "cluster_descripcion": "Tipo B (Infr 0.14 - NBI 3.0%)", "categoria_infraestructura": "Muy Baja", "tooltip_barrio": "<b>TEJAS II</b><br>Pob: 687.0<br>Score: 0.03 (Muy Baja)", "servicios_basicos_score": 0.33, "infraestructura_por_habitante": 0.393, "ranking_infraestructura": 458, "percentil_infraestructura": 7.5 }, "geometry": { "type": "Point", "coordinates": [ -64.199231769997297, -31.478659775233101 ] } },
{ "type": "Feature", "properties": { "barrio": "TENIENTE BENJAMIN MATIENZO", "poblacion": 6873.0, "hogares": 2080.0, "nbi": 45.0, "pct_nbi": 2.16, "escuelas_total": 6, "escuelas_estatales": 2, "escuelas_privadas": 4, "dispensarios_municipales": 0, "paradas_colectivo": 17, "lineas_colectivo": 4, "luminarias_reportes": 274, "comisarias": 0, "centros_vecinales": 1, "hogares_por_poblacion": 0.303, "poblacion_log": 8.836, "pct_escuelas_privadas": 0.667, "escuelas_por_1000_hab": 0.87, "dispensarios_por_10000_hab": 0.0, "comisarias_por_10000_hab": 0.0, "paradas_por_1000_hab": 2.47, "centros_vecinales_por_10000_hab": 1.45, "tiene_escuela": 1, "tiene_dispensario": 0, "tiene_comisaria": 0, "tiene_transporte": 1, "infraestructura_score": 0.1061, "area_barrio_km2": 0.99, "densidad_poblacional": 6942.42, "densidad_hogares": 2101.01, "infraestructura_por_km2": 0.107, "educacion_ratio_publico_privado": 0.6, "cluster_barrio": 1, "cluster_descripcion": "Tipo B (Infr 0.14 - NBI 3.0%)", "categoria_infraestructura": "Baja", "tooltip_barrio": "<b>TENIENTE BENJAMIN MATIENZO</b><br>Pob: 6873.0<br>Score: 0.11 (Baja)", "servicios_basicos_score": 0.67, "infraestructura_por_habitante": 0.1544, "ranking_infraestructura": 364, "percentil_infraestructura": 26.5 }, "geometry": { "type": "Point", "coordinates": [ -64.2375452199026, -31.441394842937399 ] } },
{ "type": "Feature", "properties": { "barrio": "TEODORO FELDS", "poblacion": 3542.0, "hogares": 1258.0, "nbi": 5.0, "pct_nbi": 0.4, "escuelas_total": 2, "escuelas_estatales": 1, "escuelas_privadas": 1, "dispensarios_municipales": 0, "paradas_colectivo": 24, "lineas_colectivo": 7, "luminarias_reportes": 329, "comisarias": 0, "centros_vecinales": 1, "hogares_por_poblacion": 0.355, "poblacion_log": 8.173, "pct_escuelas_privadas": 0.5, "escuelas_por_1000_hab": 0.56, "dispensarios_por_10000_hab": 0.0, "comisarias_por_10000_hab": 0.0, "paradas_por_1000_hab": 6.78, "centros_vecinales_por_10000_hab": 2.82, "tiene_escuela": 1, "tiene_dispensario": 0, "tiene_comisaria": 0, "tiene_transporte": 1, "infraestructura_score": 0.1644, "area_barrio_km2": 0.75, "densidad_poblacional": 4722.67, "densidad_hogares": 1677.33, "infraestructura_por_km2": 0.219, "educacion_ratio_publico_privado": 1.0, "cluster_barrio": 1, "cluster_descripcion": "Tipo B (Infr 0.14 - NBI 3.0%)", "categoria_infraestructura": "Media", "tooltip_barrio": "<b>TEODORO FELDS</b><br>Pob: 3542.0<br>Score: 0.16 (Media)", "servicios_basicos_score": 0.67, "infraestructura_por_habitante": 0.4641, "ranking_infraestructura": 267, "percentil_infraestructura": 46.2 }, "geometry": { "type": "Point", "coordinates": [ -64.249188644474003, -31.400399552587999 ] } },
{ "type": "Feature", "properties": { "barrio": "TRANVIARIOS", "poblacion": 2245.0, "hogares": 720.0, "nbi": 16.0, "pct_nbi": 2.22, "escuelas_total": 0, "escuelas_estatales": 0, "escuelas_privadas": 0, "dispensarios_municipales": 0, "paradas_colectivo": 20, "lineas_colectivo": 6, "luminarias_reportes": 12, "comisarias": 0, "centros_vecinales": 1, "hogares_por_poblacion": 0.321, "poblacion_log": 7.717, "pct_escuelas_privadas": 0.0, "escuelas_por_1000_hab": 0.0, "dispensarios_por_10000_hab": 0.0, "comisarias_por_10000_hab": 0.0, "paradas_por_1000_hab": 8.91, "centros_vecinales_por_10000_hab": 4.45, "tiene_escuela": 0, "tiene_dispensario": 0, "tiene_comisaria": 0, "tiene_transporte": 1, "infraestructura_score": 0.165, "area_barrio_km2": 0.27, "densidad_poblacional": 8314.81, "densidad_hogares": 2666.67, "infraestructura_por_km2": 0.611, "educacion_ratio_publico_privado": 1.0, "cluster_barrio": 1, "cluster_descripcion": "Tipo B (Infr 0.14 - NBI 3.0%)", "categoria_infraestructura": "Media", "tooltip_barrio": "<b>TRANVIARIOS</b><br>Pob: 2245.0<br>Score: 0.17 (Media)", "servicios_basicos_score": 0.33, "infraestructura_por_habitante": 0.735, "ranking_infraestructura": 264, "percentil_infraestructura": 46.7 }, "geometry": { "type": "Point", "coordinates": [ -64.228177351827696, -31.409506522260902 ] } },
{ "type": "Feature", "properties": { "barrio": "UOCRA", "poblacion": 1906.0, "hogares": 582.0, "nbi": 25.0, "pct_nbi": 4.3, "escuelas_total": 3, "escuelas_estatales": 3, "escuelas_privadas": 0, "dispensarios_municipales": 0, "paradas_colectivo": 16, "lineas_colectivo": 2, "luminarias_reportes": 71, "comisarias": 0, "centros_vecinales": 1, "hogares_por_poblacion": 0.305, "poblacion_log": 7.553, "pct_escuelas_privadas": 0.0, "escuelas_por_1000_hab": 1.57, "dispensarios_por_10000_hab": 0.0, "comisarias_por_10000_hab": 0.0, "paradas_por_1000_hab": 8.39, "centros_vecinales_por_10000_hab": 5.25, "tiene_escuela": 1, "tiene_dispensario": 0, "tiene_comisaria": 0, "tiene_transporte": 1, "infraestructura_score": 0.2643, "area_barrio_km2": 0.31, "densidad_poblacional": 6148.39, "densidad_hogares": 1877.42, "infraestructura_por_km2": 0.853, "educacion_ratio_publico_privado": 4.0, "cluster_barrio": 1, "cluster_descripcion": "Tipo B (Infr 0.14 - NBI 3.0%)", "categoria_infraestructura": "Alta", "tooltip_barrio": "<b>UOCRA</b><br>Pob: 1906.0<br>Score: 0.26 (Alta)", "servicios_basicos_score": 0.67, "infraestructura_por_habitante": 1.3867, "ranking_infraestructura": 153, "percentil_infraestructura": 69.2 }, "geometry": { "type": "Point", "coordinates": [ -64.265347841710494, -31.322606288629601 ] } },
{ "type": "Feature", "properties": { "barrio": "URCA", "poblacion": 3308.0, "hogares": 1073.0, "nbi": 19.0, "pct_nbi": 1.77, "escuelas_total": 5, "escuelas_estatales": 3, "escuelas_privadas": 2, "dispensarios_municipales": 0, "paradas_colectivo": 13, "lineas_colectivo": 3, "luminarias_reportes": 147, "comisarias": 0, "centros_vecinales": 0, "hogares_por_poblacion": 0.324, "poblacion_log": 8.104, "pct_escuelas_privadas": 0.4, "escuelas_por_1000_hab": 1.51, "dispensarios_por_10000_hab": 0.0, "comisarias_por_10000_hab": 0.0, "paradas_por_1000_hab": 3.93, "centros_vecinales_por_10000_hab": 0.0, "tiene_escuela": 1, "tiene_dispensario": 0, "tiene_comisaria": 0, "tiene_transporte": 1, "infraestructura_score": 0.1776, "area_barrio_km2": 0.66, "densidad_poblacional": 5012.12, "densidad_hogares": 1625.76, "infraestructura_por_km2": 0.269, "educacion_ratio_publico_privado": 1.33, "cluster_barrio": 1, "cluster_descripcion": "Tipo B (Infr 0.14 - NBI 3.0%)", "categoria_infraestructura": "Media", "tooltip_barrio": "<b>URCA</b><br>Pob: 3308.0<br>Score: 0.18 (Media)", "servicios_basicos_score": 0.67, "infraestructura_por_habitante": 0.5369, "ranking_infraestructura": 246, "percentil_infraestructura": 50.4 }, "geometry": { "type": "Point", "coordinates": [ -64.237176476033994, -31.382529143732899 ] } },
{ "type": "Feature", "properties": { "barrio": "URITORCO", "poblacion": 500.0, "hogares": 200.0, "nbi": 1.0, "pct_nbi": 0.5, "escuelas_total": 0, "escuelas_estatales": 0, "escuelas_privadas": 0, "dispensarios_municipales": 0, "paradas_colectivo": 10, "lineas_colectivo": 7, "luminarias_reportes": 41, "comisarias": 0, "centros_vecinales": 0, "hogares_por_poblacion": 0.4, "poblacion_log": 6.217, "pct_escuelas_privadas": 0.0, "escuelas_por_1000_hab": 0.0, "dispensarios_por_10000_hab": 0.0, "comisarias_por_10000_hab": 0.0, "paradas_por_1000_hab": 20.0, "centros_vecinales_por_10000_hab": 0.0, "tiene_escuela": 0, "tiene_dispensario": 0, "tiene_comisaria": 0, "tiene_transporte": 1, "infraestructura_score": 0.3704, "area_barrio_km2": 0.08, "densidad_poblacional": 6250.0, "densidad_hogares": 2500.0, "infraestructura_por_km2": 4.63, "educacion_ratio_publico_privado": 1.0, "cluster_barrio": 3, "cluster_descripcion": "Tipo D (Infr 0.40 - NBI 2.8%)", "categoria_infraestructura": "Muy Alta", "tooltip_barrio": "<b>URITORCO</b><br>Pob: 500.0<br>Score: 0.37 (Muy Alta)", "servicios_basicos_score": 0.33, "infraestructura_por_habitante": 7.408, "ranking_infraestructura": 90, "percentil_infraestructura": 81.8 }, "geometry": { "type": "Point", "coordinates": [ -64.234855153455598, -31.400702464821499 ] } },
{ "type": "Feature", "properties": { "barrio": "URQUIZA", "poblacion": 5578.0, "hogares": 1562.0, "nbi": 160.0, "pct_nbi": 10.24, "escuelas_total": 1, "escuelas_estatales": 1, "escuelas_privadas": 0, "dispensarios_municipales": 1, "paradas_colectivo": 4, "lineas_colectivo": 2, "luminarias_reportes": 17, "comisarias": 0, "centros_vecinales": 1, "hogares_por_poblacion": 0.28, "poblacion_log": 8.627, "pct_escuelas_privadas": 0.0, "escuelas_por_1000_hab": 0.18, "dispensarios_por_10000_hab": 1.79, "comisarias_por_10000_hab": 0.0, "paradas_por_1000_hab": 0.72, "centros_vecinales_por_10000_hab": 1.79, "tiene_escuela": 1, "tiene_dispensario": 1, "tiene_comisaria": 0, "tiene_transporte": 1, "infraestructura_score": 0.0856, "area_barrio_km2": 0.55, "densidad_poblacional": 10141.82, "densidad_hogares": 2840.0, "infraestructura_por_km2": 0.156, "educacion_ratio_publico_privado": 2.0, "cluster_barrio": 2, "cluster_descripcion": "Tipo C (Infr 0.16 - NBI 14.4%)", "categoria_infraestructura": "Baja", "tooltip_barrio": "<b>URQUIZA</b><br>Pob: 5578.0<br>Score: 0.09 (Baja)", "servicios_basicos_score": 1.0, "infraestructura_por_habitante": 0.1535, "ranking_infraestructura": 389, "percentil_infraestructura": 21.5 }, "geometry": { "type": "Point", "coordinates": [ -64.147482320187606, -31.438642250908 ] } },
{ "type": "Feature", "properties": { "barrio": "VALLE DEL CERRO", "poblacion": 701.0, "hogares": 216.0, "nbi": 0.0, "pct_nbi": 0.0, "escuelas_total": 1, "escuelas_estatales": 0, "escuelas_privadas": 1, "dispensarios_municipales": 0, "paradas_colectivo": 5, "lineas_colectivo": 2, "luminarias_reportes": 65, "comisarias": 0, "centros_vecinales": 1, "hogares_por_poblacion": 0.308, "poblacion_log": 6.554, "pct_escuelas_privadas": 1.0, "escuelas_por_1000_hab": 1.43, "dispensarios_por_10000_hab": 0.0, "comisarias_por_10000_hab": 0.0, "paradas_por_1000_hab": 7.13, "centros_vecinales_por_10000_hab": 14.27, "tiene_escuela": 1, "tiene_dispensario": 0, "tiene_comisaria": 0, "tiene_transporte": 1, "infraestructura_score": 0.2313, "area_barrio_km2": 0.24, "densidad_poblacional": 2920.83, "densidad_hogares": 900.0, "infraestructura_por_km2": 0.964, "educacion_ratio_publico_privado": 0.5, "cluster_barrio": 1, "cluster_descripcion": "Tipo B (Infr 0.14 - NBI 3.0%)", "categoria_infraestructura": "Alta", "tooltip_barrio": "<b>VALLE DEL CERRO</b><br>Pob: 701.0<br>Score: 0.23 (Alta)", "servicios_basicos_score": 0.67, "infraestructura_por_habitante": 3.2996, "ranking_infraestructura": 187, "percentil_infraestructura": 62.3 }, "geometry": { "type": "Point", "coordinates": [ -64.240357525310102, -31.371418496264202 ] } },
{ "type": "Feature", "properties": { "barrio": "VASQUEZ", "poblacion": 500.0, "hogares": 200.0, "nbi": 13.0, "pct_nbi": 6.5, "escuelas_total": 0, "escuelas_estatales": 0, "escuelas_privadas": 0, "dispensarios_municipales": 0, "paradas_colectivo": 4, "lineas_colectivo": 1, "luminarias_reportes": 0, "comisarias": 0, "centros_vecinales": 0, "hogares_por_poblacion": 0.4, "poblacion_log": 6.217, "pct_escuelas_privadas": 0.0, "escuelas_por_1000_hab": 0.0, "dispensarios_por_10000_hab": 0.0, "comisarias_por_10000_hab": 0.0, "paradas_por_1000_hab": 8.0, "centros_vecinales_por_10000_hab": 0.0, "tiene_escuela": 0, "tiene_dispensario": 0, "tiene_comisaria": 0, "tiene_transporte": 1, "infraestructura_score": 0.1481, "area_barrio_km2": 0.07, "densidad_poblacional": 7142.86, "densidad_hogares": 2857.14, "infraestructura_por_km2": 2.116, "educacion_ratio_publico_privado": 1.0, "cluster_barrio": 1, "cluster_descripcion": "Tipo B (Infr 0.14 - NBI 3.0%)", "categoria_infraestructura": "Media", "tooltip_barrio": "<b>VASQUEZ</b><br>Pob: 500.0<br>Score: 0.15 (Media)", "servicios_basicos_score": 0.33, "infraestructura_por_habitante": 2.962, "ranking_infraestructura": 288, "percentil_infraestructura": 41.2 }, "geometry": { "type": "Point", "coordinates": [ -64.131141552493403, -31.4814988423669 ] } },
{ "type": "Feature", "properties": { "barrio": "VICOR", "poblacion": 500.0, "hogares": 200.0, "nbi": 3.0, "pct_nbi": 1.5, "escuelas_total": 3, "escuelas_estatales": 3, "escuelas_privadas": 0, "dispensarios_municipales": 1, "paradas_colectivo": 10, "lineas_colectivo": 2, "luminarias_reportes": 72, "comisarias": 0, "centros_vecinales": 2, "hogares_por_poblacion": 0.4, "poblacion_log": 6.217, "pct_escuelas_privadas": 0.0, "escuelas_por_1000_hab": 4.8035, "dispensarios_por_10000_hab": 6.657, "comisarias_por_10000_hab": 0.0, "paradas_por_1000_hab": 20.0, "centros_vecinales_por_10000_hab": 40.0, "tiene_escuela": 1, "tiene_dispensario": 1, "tiene_comisaria": 0, "tiene_transporte": 1, "infraestructura_score": 0.9259, "area_barrio_km2": 0.05, "densidad_poblacional": 10000.0, "densidad_hogares": 4000.0, "infraestructura_por_km2": 18.518, "educacion_ratio_publico_privado": 4.0, "cluster_barrio": 0, "cluster_descripcion": "Tipo A (Infr 0.57 - NBI 4.5%)", "categoria_infraestructura": "Muy Alta", "tooltip_barrio": "<b>VICOR</b><br>Pob: 500.0<br>Score: 0.93 (Muy Alta)", "servicios_basicos_score": 1.0, "infraestructura_por_habitante": 18.518, "ranking_infraestructura": 2, "percentil_infraestructura": 99.8 }, "geometry": { "type": "Point", "coordinates": [ -64.247608871777203, -31.477971099691398 ] } },
{ "type": "Feature", "properties": { "barrio": "VILLA 4 DE AGOSTO", "poblacion": 1620.0, "hogares": 329.0, "nbi": 81.0, "pct_nbi": 24.62, "escuelas_total": 0, "escuelas_estatales": 0, "escuelas_privadas": 0, "dispensarios_municipales": 1, "paradas_colectivo": 4, "lineas_colectivo": 1, "luminarias_reportes": 0, "comisarias": 0, "centros_vecinales": 0, "hogares_por_poblacion": 0.203, "poblacion_log": 7.391, "pct_escuelas_privadas": 0.0, "escuelas_por_1000_hab": 0.0, "dispensarios_por_10000_hab": 6.17, "comisarias_por_10000_hab": 0.0, "paradas_por_1000_hab": 2.47, "centros_vecinales_por_10000_hab": 0.0, "tiene_escuela": 0, "tiene_dispensario": 1, "tiene_comisaria": 0, "tiene_transporte": 1, "infraestructura_score": 0.2517, "area_barrio_km2": 0.1, "densidad_poblacional": 16200.0, "densidad_hogares": 3290.0, "infraestructura_por_km2": 2.517, "educacion_ratio_publico_privado": 1.0, "cluster_barrio": 2, "cluster_descripcion": "Tipo C (Infr 0.16 - NBI 14.4%)", "categoria_infraestructura": "Alta", "tooltip_barrio": "<b>VILLA 4 DE AGOSTO</b><br>Pob: 1620.0<br>Score: 0.25 (Alta)", "servicios_basicos_score": 0.67, "infraestructura_por_habitante": 1.5537, "ranking_infraestructura": 163, "percentil_infraestructura": 67.2 }, "geometry": { "type": "Point", "coordinates": [ -64.190822008843099, -31.370938944816899 ] } },
{ "type": "Feature", "properties": { "barrio": "VILLA 9 DE JULIO", "poblacion": 8712.0, "hogares": 2383.0, "nbi": 268.0, "pct_nbi": 11.25, "escuelas_total": 2, "escuelas_estatales": 2, "escuelas_privadas": 0, "dispensarios_municipales": 2, "paradas_colectivo": 10, "lineas_colectivo": 2, "luminarias_reportes": 472, "comisarias": 0, "centros_vecinales": 2, "hogares_por_poblacion": 0.274, "poblacion_log": 9.073, "pct_escuelas_privadas": 0.0, "escuelas_por_1000_hab": 0.23, "dispensarios_por_10000_hab": 2.3, "comisarias_por_10000_hab": 0.0, "paradas_por_1000_hab": 1.15, "centros_vecinales_por_10000_hab": 2.3, "tiene_escuela": 1, "tiene_dispensario": 1, "tiene_comisaria": 0, "tiene_transporte": 1, "infraestructura_score": 0.114, "area_barrio_km2": 1.99, "densidad_poblacional": 4377.89, "densidad_hogares": 1197.49, "infraestructura_por_km2": 0.057, "educacion_ratio_publico_privado": 3.0, "cluster_barrio": 2, "cluster_descripcion": "Tipo C (Infr 0.16 - NBI 14.4%)", "categoria_infraestructura": "Baja", "tooltip_barrio": "<b>VILLA 9 DE JULIO</b><br>Pob: 8712.0<br>Score: 0.11 (Baja)", "servicios_basicos_score": 1.0, "infraestructura_por_habitante": 0.1309, "ranking_infraestructura": 337, "percentil_infraestructura": 32.0 }, "geometry": { "type": "Point", "coordinates": [ -64.270839671136002, -31.329018947508999 ] } },
{ "type": "Feature", "properties": { "barrio": "VILLA ADELA", "poblacion": 3684.0, "hogares": 1088.0, "nbi": 56.0, "pct_nbi": 5.15, "escuelas_total": 10, "escuelas_estatales": 8, "escuelas_privadas": 2, "dispensarios_municipales": 1, "paradas_colectivo": 14, "lineas_colectivo": 3, "luminarias_reportes": 278, "comisarias": 0, "centros_vecinales": 1, "hogares_por_poblacion": 0.295, "poblacion_log": 8.212, "pct_escuelas_privadas": 0.2, "escuelas_por_1000_hab": 2.71, "dispensarios_por_10000_hab": 2.71, "comisarias_por_10000_hab": 0.0, "paradas_por_1000_hab": 3.8, "centros_vecinales_por_10000_hab": 2.71, "tiene_escuela": 1, "tiene_dispensario": 1, "tiene_comisaria": 0, "tiene_transporte": 1, "infraestructura_score": 0.3489, "area_barrio_km2": 0.53, "densidad_poblacional": 6950.94, "densidad_hogares": 2052.83, "infraestructura_por_km2": 0.658, "educacion_ratio_publico_privado": 3.0, "cluster_barrio": 1, "cluster_descripcion": "Tipo B (Infr 0.14 - NBI 3.0%)", "categoria_infraestructura": "Alta", "tooltip_barrio": "<b>VILLA ADELA</b><br>Pob: 3684.0<br>Score: 0.35 (Alta)", "servicios_basicos_score": 1.0, "infraestructura_por_habitante": 0.9471, "ranking_infraestructura": 102, "percentil_infraestructura": 79.6 }, "geometry": { "type": "Point", "coordinates": [ -64.247507386986001, -31.435445900999799 ] } },
{ "type": "Feature", "properties": { "barrio": "VILLA ALBERDI", "poblacion": 2014.0, "hogares": 547.0, "nbi": 44.0, "pct_nbi": 8.04, "escuelas_total": 1, "escuelas_estatales": 1, "escuelas_privadas": 0, "dispensarios_municipales": 0, "paradas_colectivo": 15, "lineas_colectivo": 6, "luminarias_reportes": 11, "comisarias": 0, "centros_vecinales": 0, "hogares_por_poblacion": 0.272, "poblacion_log": 7.608, "pct_escuelas_privadas": 0.0, "escuelas_por_1000_hab": 0.5, "dispensarios_por_10000_hab": 0.0, "comisarias_por_10000_hab": 0.0, "paradas_por_1000_hab": 7.45, "centros_vecinales_por_10000_hab": 0.0, "tiene_escuela": 1, "tiene_dispensario": 0, "tiene_comisaria": 0, "tiene_transporte": 1, "infraestructura_score": 0.1727, "area_barrio_km2": 0.3, "densidad_poblacional": 6713.33, "densidad_hogares": 1823.33, "infraestructura_por_km2": 0.576, "educacion_ratio_publico_privado": 2.0, "cluster_barrio": 1, "cluster_descripcion": "Tipo B (Infr 0.14 - NBI 3.0%)", "categoria_infraestructura": "Media", "tooltip_barrio": "<b>VILLA ALBERDI</b><br>Pob: 2014.0<br>Score: 0.17 (Media)", "servicios_basicos_score": 0.67, "infraestructura_por_habitante": 0.8575, "ranking_infraestructura": 250, "percentil_infraestructura": 49.6 }, "geometry": { "type": "Point", "coordinates": [ -64.235837618934198, -31.3934888286527 ] } },
{ "type": "Feature", "properties": { "barrio": "VILLA ALBERTO", "poblacion": 876.0, "hogares": 200.0, "nbi": 25.0, "pct_nbi": 12.5, "escuelas_total": 3, "escuelas_estatales": 3, "escuelas_privadas": 0, "dispensarios_municipales": 0, "paradas_colectivo": 5, "lineas_colectivo": 1, "luminarias_reportes": 3, "comisarias": 0, "centros_vecinales": 1, "hogares_por_poblacion": 0.228, "poblacion_log": 6.777, "pct_escuelas_privadas": 0.0, "escuelas_por_1000_hab": 3.42, "dispensarios_por_10000_hab": 0.0, "comisarias_por_10000_hab": 0.0, "paradas_por_1000_hab": 5.71, "centros_vecinales_por_10000_hab": 11.42, "tiene_escuela": 1, "tiene_dispensario": 0, "tiene_comisaria": 0, "tiene_transporte": 1, "infraestructura_score": 0.3431, "area_barrio_km2": 0.53, "densidad_poblacional": 1652.83, "densidad_hogares": 377.36, "infraestructura_por_km2": 0.647, "educacion_ratio_publico_privado": 4.0, "cluster_barrio": 0, "cluster_descripcion": "Tipo A (Infr 0.57 - NBI 4.5%)", "categoria_infraestructura": "Alta", "tooltip_barrio": "<b>VILLA ALBERTO</b><br>Pob: 876.0<br>Score: 0.34 (Alta)", "servicios_basicos_score": 0.67, "infraestructura_por_habitante": 3.9167, "ranking_infraestructura": 105, "percentil_infraestructura": 78.9 }, "geometry": { "type": "Point", "coordinates": [ -64.2666051276845, -31.416141639399299 ] } },
{ "type": "Feature", "properties": { "barrio": "VILLA ALICIA RISLER", "poblacion": 3062.0, "hogares": 797.0, "nbi": 100.0, "pct_nbi": 12.55, "escuelas_total": 2, "escuelas_estatales": 2, "escuelas_privadas": 0, "dispensarios_municipales": 0, "paradas_colectivo": 11, "lineas_colectivo": 1, "luminarias_reportes": 85, "comisarias": 0, "centros_vecinales": 1, "hogares_por_poblacion": 0.26, "poblacion_log": 8.027, "pct_escuelas_privadas": 0.0, "escuelas_por_1000_hab": 0.65, "dispensarios_por_10000_hab": 0.0, "comisarias_por_10000_hab": 0.0, "paradas_por_1000_hab": 3.59, "centros_vecinales_por_10000_hab": 3.27, "tiene_escuela": 1, "tiene_dispensario": 0, "tiene_comisaria": 0, "tiene_transporte": 1, "infraestructura_score": 0.1116, "area_barrio_km2": 0.4, "densidad_poblacional": 7655.0, "densidad_hogares": 1992.5, "infraestructura_por_km2": 0.279, "educacion_ratio_publico_privado": 3.0, "cluster_barrio": 2, "cluster_descripcion": "Tipo C (Infr 0.16 - NBI 14.4%)", "categoria_infraestructura": "Baja", "tooltip_barrio": "<b>VILLA ALICIA RISLER</b><br>Pob: 3062.0<br>Score: 0.11 (Baja)", "servicios_basicos_score": 0.67, "infraestructura_por_habitante": 0.3645, "ranking_infraestructura": 346, "percentil_infraestructura": 30.2 }, "geometry": { "type": "Point", "coordinates": [ -64.180431145491397, -31.311435463252199 ] } },
{ "type": "Feature", "properties": { "barrio": "VILLA ALLENDE PARQUE", "poblacion": 5601.0, "hogares": 1512.0, "nbi": 138.0, "pct_nbi": 9.13, "escuelas_total": 3, "escuelas_estatales": 3, "escuelas_privadas": 0, "dispensarios_municipales": 1, "paradas_colectivo": 29, "lineas_colectivo": 3, "luminarias_reportes": 85, "comisarias": 0, "centros_vecinales": 1, "hogares_por_poblacion": 0.27, "poblacion_log": 8.631, "pct_escuelas_privadas": 0.0, "escuelas_por_1000_hab": 0.54, "dispensarios_por_10000_hab": 1.79, "comisarias_por_10000_hab": 0.0, "paradas_por_1000_hab": 5.18, "centros_vecinales_por_10000_hab": 1.79, "tiene_escuela": 1, "tiene_dispensario": 1, "tiene_comisaria": 0, "tiene_transporte": 1, "infraestructura_score": 0.1932, "area_barrio_km2": 1.31, "densidad_poblacional": 4275.57, "densidad_hogares": 1154.2, "infraestructura_por_km2": 0.147, "educacion_ratio_publico_privado": 4.0, "cluster_barrio": 2, "cluster_descripcion": "Tipo C (Infr 0.16 - NBI 14.4%)", "categoria_infraestructura": "Media", "tooltip_barrio": "<b>VILLA ALLENDE PARQUE</b><br>Pob: 5601.0<br>Score: 0.19 (Media)", "servicios_basicos_score": 1.0, "infraestructura_por_habitante": 0.3449, "ranking_infraestructura": 229, "percentil_infraestructura": 53.8 }, "geometry": { "type": "Point", "coordinates": [ -64.282173590419802, -31.313883841242198 ] } },
{ "type": "Feature", "properties": { "barrio": "VILLA ARGENTINA", "poblacion": 966.0, "hogares": 313.0, "nbi": 3.0, "pct_nbi": 0.96, "escuelas_total": 0, "escuelas_estatales": 0, "escuelas_privadas": 0, "dispensarios_municipales": 0, "paradas_colectivo": 7, "lineas_colectivo": 3, "luminarias_reportes": 96, "comisarias": 0, "centros_vecinales": 0, "hogares_por_poblacion": 0.324, "poblacion_log": 6.874, "pct_escuelas_privadas": 0.0, "escuelas_por_1000_hab": 0.0, "dispensarios_por_10000_hab": 0.0, "comisarias_por_10000_hab": 0.0, "paradas_por_1000_hab": 7.25, "centros_vecinales_por_10000_hab": 0.0, "tiene_escuela": 0, "tiene_dispensario": 0, "tiene_comisaria": 0, "tiene_transporte": 1, "infraestructura_score": 0.1343, "area_barrio_km2": 0.13, "densidad_poblacional": 7430.77, "densidad_hogares": 2407.69, "infraestructura_por_km2": 1.033, "educacion_ratio_publico_privado": 1.0, "cluster_barrio": 1, "cluster_descripcion": "Tipo B (Infr 0.14 - NBI 3.0%)", "categoria_infraestructura": "Baja", "tooltip_barrio": "<b>VILLA ARGENTINA</b><br>Pob: 966.0<br>Score: 0.13 (Baja)", "servicios_basicos_score": 0.33, "infraestructura_por_habitante": 1.3903, "ranking_infraestructura": 313, "percentil_infraestructura": 36.7 }, "geometry": { "type": "Point", "coordinates": [ -64.135452635797293, -31.431052918483001 ] } },
{ "type": "Feature", "properties": { "barrio": "VILLA ASPACIA", "poblacion": 2319.0, "hogares": 607.0, "nbi": 43.0, "pct_nbi": 7.08, "escuelas_total": 0, "escuelas_estatales": 0, "escuelas_privadas": 0, "dispensarios_municipales": 0, "paradas_colectivo": 8, "lineas_colectivo": 2, "luminarias_reportes": 52, "comisarias": 0, "centros_vecinales": 1, "hogares_por_poblacion": 0.262, "poblacion_log": 7.749, "pct_escuelas_privadas": 0.0, "escuelas_por_1000_hab": 0.0, "dispensarios_por_10000_hab": 0.0, "comisarias_por_10000_hab": 0.0, "paradas_por_1000_hab": 3.45, "centros_vecinales_por_10000_hab": 4.31, "tiene_escuela": 0, "tiene_dispensario": 0, "tiene_comisaria": 0, "tiene_transporte": 1, "infraestructura_score": 0.0639, "area_barrio_km2": 0.41, "densidad_poblacional": 5656.1, "densidad_hogares": 1480.49, "infraestructura_por_km2": 0.156, "educacion_ratio_publico_privado": 1.0, "cluster_barrio": 1, "cluster_descripcion": "Tipo B (Infr 0.14 - NBI 3.0%)", "categoria_infraestructura": "Muy Baja", "tooltip_barrio": "<b>VILLA ASPACIA</b><br>Pob: 2319.0<br>Score: 0.06 (Muy Baja)", "servicios_basicos_score": 0.33, "infraestructura_por_habitante": 0.2755, "ranking_infraestructura": 426, "percentil_infraestructura": 14.0 }, "geometry": { "type": "Point", "coordinates": [ -64.247452237944799, -31.443086304447199 ] } },
{ "type": "Feature", "properties": { "barrio": "VILLA AVALOS", "poblacion": 1364.0, "hogares": 350.0, "nbi": 88.0, "pct_nbi": 25.14, "escuelas_total": 0, "escuelas_estatales": 0, "escuelas_privadas": 0, "dispensarios_municipales": 0, "paradas_colectivo": 0, "lineas_colectivo": 0, "luminarias_reportes": 17, "comisarias": 0, "centros_vecinales": 2, "hogares_por_poblacion": 0.257, "poblacion_log": 7.219, "pct_escuelas_privadas": 0.0, "escuelas_por_1000_hab": 0.0, "dispensarios_por_10000_hab": 0.0, "comisarias_por_10000_hab": 0.0, "paradas_por_1000_hab": 0.0, "centros_vecinales_por_10000_hab": 14.66, "tiene_escuela": 0, "tiene_dispensario": 0, "tiene_comisaria": 0, "tiene_transporte": 0, "infraestructura_score": 0.0, "area_barrio_km2": 0.71, "densidad_poblacional": 1921.13, "densidad_hogares": 492.96, "infraestructura_por_km2": 0.0, "educacion_ratio_publico_privado": 1.0, "cluster_barrio": 2, "cluster_descripcion": "Tipo C (Infr 0.16 - NBI 14.4%)", "categoria_infraestructura": "Muy Baja", "tooltip_barrio": "<b>VILLA AVALOS</b><br>Pob: 1364.0<br>Score: 0.00 (Muy Baja)", "servicios_basicos_score": 0.0, "infraestructura_por_habitante": 0.0, "ranking_infraestructura": 469, "percentil_infraestructura": 2.7 }, "geometry": { "type": "Point", "coordinates": [ -64.2431944869072, -31.4159890689732 ] } },
{ "type": "Feature", "properties": { "barrio": "VILLA AZALAIS", "poblacion": 7680.0, "hogares": 2225.0, "nbi": 140.0, "pct_nbi": 6.29, "escuelas_total": 8, "escuelas_estatales": 6, "escuelas_privadas": 2, "dispensarios_municipales": 1, "paradas_colectivo": 8, "lineas_colectivo": 1, "luminarias_reportes": 54, "comisarias": 0, "centros_vecinales": 1, "hogares_por_poblacion": 0.29, "poblacion_log": 8.947, "pct_escuelas_privadas": 0.25, "escuelas_por_1000_hab": 1.04, "dispensarios_por_10000_hab": 1.3, "comisarias_por_10000_hab": 0.0, "paradas_por_1000_hab": 1.04, "centros_vecinales_por_10000_hab": 1.3, "tiene_escuela": 1, "tiene_dispensario": 1, "tiene_comisaria": 0, "tiene_transporte": 1, "infraestructura_score": 0.1348, "area_barrio_km2": 0.88, "densidad_poblacional": 8727.27, "densidad_hogares": 2528.41, "infraestructura_por_km2": 0.153, "educacion_ratio_publico_privado": 2.33, "cluster_barrio": 1, "cluster_descripcion": "Tipo B (Infr 0.14 - NBI 3.0%)", "categoria_infraestructura": "Baja", "tooltip_barrio": "<b>VILLA AZALAIS</b><br>Pob: 7680.0<br>Score: 0.13 (Baja)", "servicios_basicos_score": 1.0, "infraestructura_por_habitante": 0.1755, "ranking_infraestructura": 311, "percentil_infraestructura": 37.2 }, "geometry": { "type": "Point", "coordinates": [ -64.151905506119604, -31.373360591093199 ] } },
{ "type": "Feature", "properties": { "barrio": "VILLA AZALAIS ANEXO", "poblacion": 500.0, "hogares": 200.0, "nbi": 13.0, "pct_nbi": 6.5, "escuelas_total": 0, "escuelas_estatales": 0, "escuelas_privadas": 0, "dispensarios_municipales": 0, "paradas_colectivo": 2, "lineas_colectivo": 2, "luminarias_reportes": 0, "comisarias": 0, "centros_vecinales": 0, "hogares_por_poblacion": 0.4, "poblacion_log": 6.217, "pct_escuelas_privadas": 0.0, "escuelas_por_1000_hab": 0.0, "dispensarios_por_10000_hab": 0.0, "comisarias_por_10000_hab": 0.0, "paradas_por_1000_hab": 4.0, "centros_vecinales_por_10000_hab": 0.0, "tiene_escuela": 0, "tiene_dispensario": 0, "tiene_comisaria": 0, "tiene_transporte": 1, "infraestructura_score": 0.0741, "area_barrio_km2": 0.13, "densidad_poblacional": 3846.15, "densidad_hogares": 1538.46, "infraestructura_por_km2": 0.57, "educacion_ratio_publico_privado": 1.0, "cluster_barrio": 1, "cluster_descripcion": "Tipo B (Infr 0.14 - NBI 3.0%)", "categoria_infraestructura": "Muy Baja", "tooltip_barrio": "<b>VILLA AZALAIS ANEXO</b><br>Pob: 500.0<br>Score: 0.07 (Muy Baja)", "servicios_basicos_score": 0.33, "infraestructura_por_habitante": 1.482, "ranking_infraestructura": 406, "percentil_infraestructura": 17.5 }, "geometry": { "type": "Point", "coordinates": [ -64.161743519470306, -31.365152444676799 ] } },
{ "type": "Feature", "properties": { "barrio": "VILLA AZALAIS OESTE", "poblacion": 1121.0, "hogares": 319.0, "nbi": 14.0, "pct_nbi": 4.39, "escuelas_total": 6, "escuelas_estatales": 6, "escuelas_privadas": 0, "dispensarios_municipales": 1, "paradas_colectivo": 9, "lineas_colectivo": 3, "luminarias_reportes": 11, "comisarias": 0, "centros_vecinales": 0, "hogares_por_poblacion": 0.285, "poblacion_log": 7.023, "pct_escuelas_privadas": 0.0, "escuelas_por_1000_hab": 4.8035, "dispensarios_por_10000_hab": 6.657, "comisarias_por_10000_hab": 0.0, "paradas_por_1000_hab": 8.03, "centros_vecinales_por_10000_hab": 0.0, "tiene_escuela": 1, "tiene_dispensario": 1, "tiene_comisaria": 0, "tiene_transporte": 1, "infraestructura_score": 0.7043, "area_barrio_km2": 0.22, "densidad_poblacional": 5095.45, "densidad_hogares": 1450.0, "infraestructura_por_km2": 3.201, "educacion_ratio_publico_privado": 7.0, "cluster_barrio": 0, "cluster_descripcion": "Tipo A (Infr 0.57 - NBI 4.5%)", "categoria_infraestructura": "Muy Alta", "tooltip_barrio": "<b>VILLA AZALAIS OESTE</b><br>Pob: 1121.0<br>Score: 0.70 (Muy Alta)", "servicios_basicos_score": 1.0, "infraestructura_por_habitante": 6.2828, "ranking_infraestructura": 16, "percentil_infraestructura": 97.0 }, "geometry": { "type": "Point", "coordinates": [ -64.174890521404706, -31.367927764313599 ] } },
{ "type": "Feature", "properties": { "barrio": "VILLA BELGRANO", "poblacion": 5152.0, "hogares": 1554.0, "nbi": 24.0, "pct_nbi": 1.54, "escuelas_total": 10, "escuelas_estatales": 2, "escuelas_privadas": 8, "dispensarios_municipales": 0, "paradas_colectivo": 16, "lineas_colectivo": 3, "luminarias_reportes": 417, "comisarias": 0, "centros_vecinales": 0, "hogares_por_poblacion": 0.302, "poblacion_log": 8.547, "pct_escuelas_privadas": 0.8, "escuelas_por_1000_hab": 1.94, "dispensarios_por_10000_hab": 0.0, "comisarias_por_10000_hab": 0.0, "paradas_por_1000_hab": 3.11, "centros_vecinales_por_10000_hab": 0.0, "tiene_escuela": 1, "tiene_dispensario": 0, "tiene_comisaria": 0, "tiene_transporte": 1, "infraestructura_score": 0.1922, "area_barrio_km2": 2.59, "densidad_poblacional": 1989.19, "densidad_hogares": 600.0, "infraestructura_por_km2": 0.074, "educacion_ratio_publico_privado": 0.33, "cluster_barrio": 1, "cluster_descripcion": "Tipo B (Infr 0.14 - NBI 3.0%)", "categoria_infraestructura": "Media", "tooltip_barrio": "<b>VILLA BELGRANO</b><br>Pob: 5152.0<br>Score: 0.19 (Media)", "servicios_basicos_score": 0.67, "infraestructura_por_habitante": 0.3731, "ranking_infraestructura": 230, "percentil_infraestructura": 53.6 }, "geometry": { "type": "Point", "coordinates": [ -64.250273210831196, -31.359322355069398 ] } },
{ "type": "Feature", "properties": { "barrio": "VILLA BUSTOS", "poblacion": 2219.0, "hogares": 538.0, "nbi": 54.0, "pct_nbi": 10.04, "escuelas_total": 5, "escuelas_estatales": 5, "escuelas_privadas": 0, "dispensarios_municipales": 1, "paradas_colectivo": 10, "lineas_colectivo": 2, "luminarias_reportes": 23, "comisarias": 0, "centros_vecinales": 1, "hogares_por_poblacion": 0.242, "poblacion_log": 7.705, "pct_escuelas_privadas": 0.0, "escuelas_por_1000_hab": 2.25, "dispensarios_por_10000_hab": 4.51, "comisarias_por_10000_hab": 0.0, "paradas_por_1000_hab": 4.51, "centros_vecinales_por_10000_hab": 4.51, "tiene_escuela": 1, "tiene_dispensario": 1, "tiene_comisaria": 0, "tiene_transporte": 1, "infraestructura_score": 0.3902, "area_barrio_km2": 0.32, "densidad_poblacional": 6934.38, "densidad_hogares": 1681.25, "infraestructura_por_km2": 1.219, "educacion_ratio_publico_privado": 6.0, "cluster_barrio": 2, "cluster_descripcion": "Tipo C (Infr 0.16 - NBI 14.4%)", "categoria_infraestructura": "Muy Alta", "tooltip_barrio": "<b>VILLA BUSTOS</b><br>Pob: 2219.0<br>Score: 0.39 (Muy Alta)", "servicios_basicos_score": 1.0, "infraestructura_por_habitante": 1.7584, "ranking_infraestructura": 84, "percentil_infraestructura": 83.2 }, "geometry": { "type": "Point", "coordinates": [ -64.111819673319204, -31.4380459286388 ] } },
{ "type": "Feature", "properties": { "barrio": "VILLA CABRERA", "poblacion": 6437.0, "hogares": 2336.0, "nbi": 28.0, "pct_nbi": 1.2, "escuelas_total": 8, "escuelas_estatales": 4, "escuelas_privadas": 4, "dispensarios_municipales": 0, "paradas_colectivo": 15, "lineas_colectivo": 13, "luminarias_reportes": 755, "comisarias": 0, "centros_vecinales": 1, "hogares_por_poblacion": 0.363, "poblacion_log": 8.77, "pct_escuelas_privadas": 0.5, "escuelas_por_1000_hab": 1.24, "dispensarios_por_10000_hab": 0.0, "comisarias_por_10000_hab": 0.0, "paradas_por_1000_hab": 2.33, "centros_vecinales_por_10000_hab": 1.55, "tiene_escuela": 1, "tiene_dispensario": 0, "tiene_comisaria": 0, "tiene_transporte": 1, "infraestructura_score": 0.1292, "area_barrio_km2": 1.13, "densidad_poblacional": 5696.46, "densidad_hogares": 2067.26, "infraestructura_por_km2": 0.114, "educacion_ratio_publico_privado": 1.0, "cluster_barrio": 1, "cluster_descripcion": "Tipo B (Infr 0.14 - NBI 3.0%)", "categoria_infraestructura": "Baja", "tooltip_barrio": "<b>VILLA CABRERA</b><br>Pob: 6437.0<br>Score: 0.13 (Baja)", "servicios_basicos_score": 0.67, "infraestructura_por_habitante": 0.2007, "ranking_infraestructura": 318, "percentil_infraestructura": 35.8 }, "geometry": { "type": "Point", "coordinates": [ -64.210776657421306, -31.387389622533199 ] } },
{ "type": "Feature", "properties": { "barrio": "VILLA CENTENARIO", "poblacion": 2331.0, "hogares": 847.0, "nbi": 13.0, "pct_nbi": 1.53, "escuelas_total": 3, "escuelas_estatales": 3, "escuelas_privadas": 0, "dispensarios_municipales": 0, "paradas_colectivo": 3, "lineas_colectivo": 9, "luminarias_reportes": 17, "comisarias": 0, "centros_vecinales": 0, "hogares_por_poblacion": 0.363, "poblacion_log": 7.754, "pct_escuelas_privadas": 0.0, "escuelas_por_1000_hab": 1.29, "dispensarios_por_10000_hab": 0.0, "comisarias_por_10000_hab": 0.0, "paradas_por_1000_hab": 1.29, "centros_vecinales_por_10000_hab": 0.0, "tiene_escuela": 1, "tiene_dispensario": 0, "tiene_comisaria": 0, "tiene_transporte": 1, "infraestructura_score": 0.1134, "area_barrio_km2": 0.49, "densidad_poblacional": 4757.14, "densidad_hogares": 1728.57, "infraestructura_por_km2": 0.231, "educacion_ratio_publico_privado": 4.0, "cluster_barrio": 1, "cluster_descripcion": "Tipo B (Infr 0.14 - NBI 3.0%)", "categoria_infraestructura": "Baja", "tooltip_barrio": "<b>VILLA CENTENARIO</b><br>Pob: 2331.0<br>Score: 0.11 (Baja)", "servicios_basicos_score": 0.67, "infraestructura_por_habitante": 0.4865, "ranking_infraestructura": 339, "percentil_infraestructura": 31.6 }, "geometry": { "type": "Point", "coordinates": [ -64.230890084963505, -31.365513647496499 ] } },
{ "type": "Feature", "properties": { "barrio": "VILLA CLARET", "poblacion": 500.0, "hogares": 200.0, "nbi": 4.0, "pct_nbi": 2.0, "escuelas_total": 1, "escuelas_estatales": 0, "escuelas_privadas": 1, "dispensarios_municipales": 0, "paradas_colectivo": 11, "lineas_colectivo": 4, "luminarias_reportes": 11, "comisarias": 0, "centros_vecinales": 0, "hogares_por_poblacion": 0.4, "poblacion_log": 6.217, "pct_escuelas_privadas": 1.0, "escuelas_por_1000_hab": 2.0, "dispensarios_por_10000_hab": 0.0, "comisarias_por_10000_hab": 0.0, "paradas_por_1000_hab": 22.0, "centros_vecinales_por_10000_hab": 0.0, "tiene_escuela": 1, "tiene_dispensario": 0, "tiene_comisaria": 0, "tiene_transporte": 1, "infraestructura_score": 0.5462, "area_barrio_km2": 0.06, "densidad_poblacional": 8333.33, "densidad_hogares": 3333.33, "infraestructura_por_km2": 9.103, "educacion_ratio_publico_privado": 0.5, "cluster_barrio": 3, "cluster_descripcion": "Tipo D (Infr 0.40 - NBI 2.8%)", "categoria_infraestructura": "Muy Alta", "tooltip_barrio": "<b>VILLA CLARET</b><br>Pob: 500.0<br>Score: 0.55 (Muy Alta)", "servicios_basicos_score": 0.67, "infraestructura_por_habitante": 10.924, "ranking_infraestructura": 37, "percentil_infraestructura": 92.7 }, "geometry": { "type": "Point", "coordinates": [ -64.238479952603996, -31.346764951577001 ] } },
{ "type": "Feature", "properties": { "barrio": "VILLA CLAUDINA", "poblacion": 500.0, "hogares": 200.0, "nbi": 6.0, "pct_nbi": 3.0, "escuelas_total": 3, "escuelas_estatales": 3, "escuelas_privadas": 0, "dispensarios_municipales": 0, "paradas_colectivo": 9, "lineas_colectivo": 2, "luminarias_reportes": 0, "comisarias": 0, "centros_vecinales": 0, "hogares_por_poblacion": 0.4, "poblacion_log": 6.217, "pct_escuelas_privadas": 0.0, "escuelas_por_1000_hab": 4.8035, "dispensarios_por_10000_hab": 0.0, "comisarias_por_10000_hab": 0.0, "paradas_por_1000_hab": 18.0, "centros_vecinales_por_10000_hab": 0.0, "tiene_escuela": 1, "tiene_dispensario": 0, "tiene_comisaria": 0, "tiene_transporte": 1, "infraestructura_score": 0.6667, "area_barrio_km2": 0.04, "densidad_poblacional": 12500.0, "densidad_hogares": 5000.0, "infraestructura_por_km2": 16.667, "educacion_ratio_publico_privado": 4.0, "cluster_barrio": 0, "cluster_descripcion": "Tipo A (Infr 0.57 - NBI 4.5%)", "categoria_infraestructura": "Muy Alta", "tooltip_barrio": "<b>VILLA CLAUDINA</b><br>Pob: 500.0<br>Score: 0.67 (Muy Alta)", "servicios_basicos_score": 0.67, "infraestructura_por_habitante": 13.334, "ranking_infraestructura": 20, "percentil_infraestructura": 95.9 }, "geometry": { "type": "Point", "coordinates": [ -64.122556491781907, -31.3886748687489 ] } },
{ "type": "Feature", "properties": { "barrio": "VILLA CORINA", "poblacion": 4622.0, "hogares": 1373.0, "nbi": 78.0, "pct_nbi": 5.68, "escuelas_total": 7, "escuelas_estatales": 1, "escuelas_privadas": 6, "dispensarios_municipales": 0, "paradas_colectivo": 15, "lineas_colectivo": 2, "luminarias_reportes": 38, "comisarias": 0, "centros_vecinales": 1, "hogares_por_poblacion": 0.297, "poblacion_log": 8.439, "pct_escuelas_privadas": 0.857, "escuelas_por_1000_hab": 1.51, "dispensarios_por_10000_hab": 0.0, "comisarias_por_10000_hab": 0.0, "paradas_por_1000_hab": 3.25, "centros_vecinales_por_10000_hab": 2.16, "tiene_escuela": 1, "tiene_dispensario": 0, "tiene_comisaria": 0, "tiene_transporte": 1, "infraestructura_score": 0.165, "area_barrio_km2": 0.57, "densidad_poblacional": 8108.77, "densidad_hogares": 2408.77, "infraestructura_por_km2": 0.289, "educacion_ratio_publico_privado": 0.29, "cluster_barrio": 1, "cluster_descripcion": "Tipo B (Infr 0.14 - NBI 3.0%)", "categoria_infraestructura": "Media", "tooltip_barrio": "<b>VILLA CORINA</b><br>Pob: 4622.0<br>Score: 0.17 (Media)", "servicios_basicos_score": 0.67, "infraestructura_por_habitante": 0.357, "ranking_infraestructura": 264, "percentil_infraestructura": 46.7 }, "geometry": { "type": "Point", "coordinates": [ -64.144697534858196, -31.375312240754301 ] } },
{ "type": "Feature", "properties": { "barrio": "VILLA CORNU", "poblacion": 7274.0, "hogares": 1908.0, "nbi": 144.0, "pct_nbi": 7.55, "escuelas_total": 3, "escuelas_estatales": 3, "escuelas_privadas": 0, "dispensarios_municipales": 0, "paradas_colectivo": 0, "lineas_colectivo": 0, "luminarias_reportes": 13, "comisarias": 0, "centros_vecinales": 0, "hogares_por_poblacion": 0.262, "poblacion_log": 8.892, "pct_escuelas_privadas": 0.0, "escuelas_por_1000_hab": 0.41, "dispensarios_por_10000_hab": 0.0, "comisarias_por_10000_hab": 0.0, "paradas_por_1000_hab": 0.0, "centros_vecinales_por_10000_hab": 0.0, "tiene_escuela": 1, "tiene_dispensario": 0, "tiene_comisaria": 0, "tiene_transporte": 0, "infraestructura_score": 0.0285, "area_barrio_km2": 0.76, "densidad_poblacional": 9571.05, "densidad_hogares": 2510.53, "infraestructura_por_km2": 0.038, "educacion_ratio_publico_privado": 4.0, "cluster_barrio": 1, "cluster_descripcion": "Tipo B (Infr 0.14 - NBI 3.0%)", "categoria_infraestructura": "Muy Baja", "tooltip_barrio": "<b>VILLA CORNU</b><br>Pob: 7274.0<br>Score: 0.03 (Muy Baja)", "servicios_basicos_score": 0.33, "infraestructura_por_habitante": 0.0392, "ranking_infraestructura": 456, "percentil_infraestructura": 7.9 }, "geometry": { "type": "Point", "coordinates": [ -64.264164524590953, -31.315163784747249 ] } },
{ "type": "Feature", "properties": { "barrio": "VILLA CORONEL OLMEDO", "poblacion": 3719.0, "hogares": 1052.0, "nbi": 66.0, "pct_nbi": 6.27, "escuelas_total": 6, "escuelas_estatales": 6, "escuelas_privadas": 0, "dispensarios_municipales": 1, "paradas_colectivo": 23, "lineas_colectivo": 4, "luminarias_reportes": 46, "comisarias": 0, "centros_vecinales": 1, "hogares_por_poblacion": 0.283, "poblacion_log": 8.221, "pct_escuelas_privadas": 0.0, "escuelas_por_1000_hab": 1.61, "dispensarios_por_10000_hab": 2.69, "comisarias_por_10000_hab": 0.0, "paradas_por_1000_hab": 6.18, "centros_vecinales_por_10000_hab": 2.69, "tiene_escuela": 1, "tiene_dispensario": 1, "tiene_comisaria": 0, "tiene_transporte": 1, "infraestructura_score": 0.316, "area_barrio_km2": 0.45, "densidad_poblacional": 8264.44, "densidad_hogares": 2337.78, "infraestructura_por_km2": 0.702, "educacion_ratio_publico_privado": 7.0, "cluster_barrio": 1, "cluster_descripcion": "Tipo B (Infr 0.14 - NBI 3.0%)", "categoria_infraestructura": "Alta", "tooltip_barrio": "<b>VILLA CORONEL OLMEDO</b><br>Pob: 3719.0<br>Score: 0.32 (Alta)", "servicios_basicos_score": 1.0, "infraestructura_por_habitante": 0.8497, "ranking_infraestructura": 119, "percentil_infraestructura": 76.1 }, "geometry": { "type": "Point", "coordinates": [ -64.141566795508197, -31.4808392426478 ] } },
{ "type": "Feature", "properties": { "barrio": "VILLA EL LIBERTADOR", "poblacion": 58648.0, "hogares": 15082.0, "nbi": 2096.0, "pct_nbi": 13.9, "escuelas_total": 26, "escuelas_estatales": 17, "escuelas_privadas": 9, "dispensarios_municipales": 1, "paradas_colectivo": 21, "lineas_colectivo": 6, "luminarias_reportes": 145, "comisarias": 1, "centros_vecinales": 0, "hogares_por_poblacion": 0.257, "poblacion_log": 10.979, "pct_escuelas_privadas": 0.346, "escuelas_por_1000_hab": 0.44, "dispensarios_por_10000_hab": 0.17, "comisarias_por_10000_hab": 0.17, "paradas_por_1000_hab": 0.36, "centros_vecinales_por_10000_hab": 0.0, "tiene_escuela": 1, "tiene_dispensario": 1, "tiene_comisaria": 1, "tiene_transporte": 1, "infraestructura_score": 0.055, "area_barrio_km2": 7.02, "densidad_poblacional": 8354.42, "densidad_hogares": 2148.43, "infraestructura_por_km2": 0.008, "educacion_ratio_publico_privado": 1.8, "cluster_barrio": 4, "cluster_descripcion": "Tipo E (Infr 0.11 - NBI 5.5%)", "categoria_infraestructura": "Muy Baja", "tooltip_barrio": "<b>VILLA EL LIBERTADOR</b><br>Pob: 58648.0<br>Score: 0.06 (Muy Baja)", "servicios_basicos_score": 1.0, "infraestructura_por_habitante": 0.0094, "ranking_infraestructura": 432, "percentil_infraestructura": 12.8 }, "geometry": { "type": "Point", "coordinates": [ -64.224058251340551, -31.483166369366401 ] } },
{ "type": "Feature", "properties": { "barrio": "VILLA ESQUIU", "poblacion": 834.0, "hogares": 224.0, "nbi": 18.0, "pct_nbi": 8.04, "escuelas_total": 4, "escuelas_estatales": 4, "escuelas_privadas": 0, "dispensarios_municipales": 1, "paradas_colectivo": 7, "lineas_colectivo": 1, "luminarias_reportes": 0, "comisarias": 0, "centros_vecinales": 0, "hogares_por_poblacion": 0.269, "poblacion_log": 6.727, "pct_escuelas_privadas": 0.0, "escuelas_por_1000_hab": 4.8, "dispensarios_por_10000_hab": 6.657, "comisarias_por_10000_hab": 0.0, "paradas_por_1000_hab": 8.39, "centros_vecinales_por_10000_hab": 0.0, "tiene_escuela": 1, "tiene_dispensario": 1, "tiene_comisaria": 0, "tiene_transporte": 1, "infraestructura_score": 0.7107, "area_barrio_km2": 3.13, "densidad_poblacional": 266.45, "densidad_hogares": 71.57, "infraestructura_por_km2": 0.227, "educacion_ratio_publico_privado": 5.0, "cluster_barrio": 0, "cluster_descripcion": "Tipo A (Infr 0.57 - NBI 4.5%)", "categoria_infraestructura": "Muy Alta", "tooltip_barrio": "<b>VILLA ESQUIU</b><br>Pob: 834.0<br>Score: 0.71 (Muy Alta)", "servicios_basicos_score": 1.0, "infraestructura_por_habitante": 8.5216, "ranking_infraestructura": 14, "percentil_infraestructura": 97.4 }, "geometry": { "type": "Point", "coordinates": [ -64.106364790417004, -31.358173170560399 ] } },
{ "type": "Feature", "properties": { "barrio": "VILLA EUCARISTICA", "poblacion": 1404.0, "hogares": 366.0, "nbi": 6.0, "pct_nbi": 1.64, "escuelas_total": 3, "escuelas_estatales": 0, "escuelas_privadas": 3, "dispensarios_municipales": 0, "paradas_colectivo": 0, "lineas_colectivo": 0, "luminarias_reportes": 9, "comisarias": 0, "centros_vecinales": 2, "hogares_por_poblacion": 0.261, "poblacion_log": 7.248, "pct_escuelas_privadas": 1.0, "escuelas_por_1000_hab": 2.14, "dispensarios_por_10000_hab": 0.0, "comisarias_por_10000_hab": 0.0, "paradas_por_1000_hab": 0.0, "centros_vecinales_por_10000_hab": 14.25, "tiene_escuela": 1, "tiene_dispensario": 0, "tiene_comisaria": 0, "tiene_transporte": 0, "infraestructura_score": 0.1485, "area_barrio_km2": 4.69, "densidad_poblacional": 299.36, "densidad_hogares": 78.04, "infraestructura_por_km2": 0.032, "educacion_ratio_publico_privado": 0.25, "cluster_barrio": 1, "cluster_descripcion": "Tipo B (Infr 0.14 - NBI 3.0%)", "categoria_infraestructura": "Media", "tooltip_barrio": "<b>VILLA EUCARISTICA</b><br>Pob: 1404.0<br>Score: 0.15 (Media)", "servicios_basicos_score": 0.33, "infraestructura_por_habitante": 1.0577, "ranking_infraestructura": 287, "percentil_infraestructura": 42.1 }, "geometry": { "type": "Point", "coordinates": [ -64.178837298163799, -31.482104897379799 ] } },
{ "type": "Feature", "properties": { "barrio": "VILLA GENERAL URQUIZA", "poblacion": 6010.0, "hogares": 1524.0, "nbi": 261.0, "pct_nbi": 17.13, "escuelas_total": 6, "escuelas_estatales": 3, "escuelas_privadas": 3, "dispensarios_municipales": 1, "paradas_colectivo": 12, "lineas_colectivo": 4, "luminarias_reportes": 45, "comisarias": 0, "centros_vecinales": 2, "hogares_por_poblacion": 0.254, "poblacion_log": 8.701, "pct_escuelas_privadas": 0.5, "escuelas_por_1000_hab": 1.0, "dispensarios_por_10000_hab": 1.66, "comisarias_por_10000_hab": 0.0, "paradas_por_1000_hab": 2.0, "centros_vecinales_por_10000_hab": 3.33, "tiene_escuela": 1, "tiene_dispensario": 1, "tiene_comisaria": 0, "tiene_transporte": 1, "infraestructura_score": 0.1618, "area_barrio_km2": 0.88, "densidad_poblacional": 6829.55, "densidad_hogares": 1731.82, "infraestructura_por_km2": 0.184, "educacion_ratio_publico_privado": 1.0, "cluster_barrio": 2, "cluster_descripcion": "Tipo C (Infr 0.16 - NBI 14.4%)", "categoria_infraestructura": "Media", "tooltip_barrio": "<b>VILLA GENERAL URQUIZA</b><br>Pob: 6010.0<br>Score: 0.16 (Media)", "servicios_basicos_score": 1.0, "infraestructura_por_habitante": 0.2692, "ranking_infraestructura": 270, "percentil_infraestructura": 45.5 }, "geometry": { "type": "Point", "coordinates": [ -64.241797442003204, -31.390991333013101 ] } },
{ "type": "Feature", "properties": { "barrio": "VILLA GRAN PARQUE", "poblacion": 581.0, "hogares": 200.0, "nbi": 11.0, "pct_nbi": 5.5, "escuelas_total": 0, "escuelas_estatales": 0, "escuelas_privadas": 0, "dispensarios_municipales": 0, "paradas_colectivo": 0, "lineas_colectivo": 0, "luminarias_reportes": 81, "comisarias": 0, "centros_vecinales": 1, "hogares_por_poblacion": 0.344, "poblacion_log": 6.366, "pct_escuelas_privadas": 0.0, "escuelas_por_1000_hab": 0.0, "dispensarios_por_10000_hab": 0.0, "comisarias_por_10000_hab": 0.0, "paradas_por_1000_hab": 0.0, "centros_vecinales_por_10000_hab": 17.21, "tiene_escuela": 0, "tiene_dispensario": 0, "tiene_comisaria": 0, "tiene_transporte": 0, "infraestructura_score": 0.0, "area_barrio_km2": 3.91, "densidad_poblacional": 148.59, "densidad_hogares": 51.15, "infraestructura_por_km2": 0.0, "educacion_ratio_publico_privado": 1.0, "cluster_barrio": 1, "cluster_descripcion": "Tipo B (Infr 0.14 - NBI 3.0%)", "categoria_infraestructura": "Muy Baja", "tooltip_barrio": "<b>VILLA GRAN PARQUE</b><br>Pob: 581.0<br>Score: 0.00 (Muy Baja)", "servicios_basicos_score": 0.0, "infraestructura_por_habitante": 0.0, "ranking_infraestructura": 469, "percentil_infraestructura": 2.7 }, "geometry": { "type": "Point", "coordinates": [ -64.161610637320607, -31.327102952856301 ] } },
{ "type": "Feature", "properties": { "barrio": "VILLA LA MERCED", "poblacion": 1325.0, "hogares": 280.0, "nbi": 61.0, "pct_nbi": 21.79, "escuelas_total": 3, "escuelas_estatales": 3, "escuelas_privadas": 0, "dispensarios_municipales": 1, "paradas_colectivo": 6, "lineas_colectivo": 1, "luminarias_reportes": 0, "comisarias": 0, "centros_vecinales": 0, "hogares_por_poblacion": 0.211, "poblacion_log": 7.19, "pct_escuelas_privadas": 0.0, "escuelas_por_1000_hab": 2.26, "dispensarios_por_10000_hab": 6.657, "comisarias_por_10000_hab": 0.0, "paradas_por_1000_hab": 4.53, "centros_vecinales_por_10000_hab": 0.0, "tiene_escuela": 1, "tiene_dispensario": 1, "tiene_comisaria": 0, "tiene_transporte": 1, "infraestructura_score": 0.4629, "area_barrio_km2": 0.45, "densidad_poblacional": 2944.44, "densidad_hogares": 622.22, "infraestructura_por_km2": 1.029, "educacion_ratio_publico_privado": 4.0, "cluster_barrio": 2, "cluster_descripcion": "Tipo C (Infr 0.16 - NBI 14.4%)", "categoria_infraestructura": "Muy Alta", "tooltip_barrio": "<b>VILLA LA MERCED</b><br>Pob: 1325.0<br>Score: 0.46 (Muy Alta)", "servicios_basicos_score": 1.0, "infraestructura_por_habitante": 3.4936, "ranking_infraestructura": 56, "percentil_infraestructura": 88.9 }, "geometry": { "type": "Point", "coordinates": [ -64.064223857116303, -31.408270845020201 ] } },
{ "type": "Feature", "properties": { "barrio": "VILLA MAFEKIN", "poblacion": 1923.0, "hogares": 542.0, "nbi": 44.0, "pct_nbi": 8.12, "escuelas_total": 3, "escuelas_estatales": 3, "escuelas_privadas": 0, "dispensarios_municipales": 0, "paradas_colectivo": 14, "lineas_colectivo": 3, "luminarias_reportes": 0, "comisarias": 0, "centros_vecinales": 1, "hogares_por_poblacion": 0.282, "poblacion_log": 7.562, "pct_escuelas_privadas": 0.0, "escuelas_por_1000_hab": 1.56, "dispensarios_por_10000_hab": 0.0, "comisarias_por_10000_hab": 0.0, "paradas_por_1000_hab": 7.28, "centros_vecinales_por_10000_hab": 5.2, "tiene_escuela": 1, "tiene_dispensario": 0, "tiene_comisaria": 0, "tiene_transporte": 1, "infraestructura_score": 0.2431, "area_barrio_km2": 0.39, "densidad_poblacional": 4930.77, "densidad_hogares": 1389.74, "infraestructura_por_km2": 0.623, "educacion_ratio_publico_privado": 4.0, "cluster_barrio": 1, "cluster_descripcion": "Tipo B (Infr 0.14 - NBI 3.0%)", "categoria_infraestructura": "Alta", "tooltip_barrio": "<b>VILLA MAFEKIN</b><br>Pob: 1923.0<br>Score: 0.24 (Alta)", "servicios_basicos_score": 0.67, "infraestructura_por_habitante": 1.2642, "ranking_infraestructura": 175, "percentil_infraestructura": 64.8 }, "geometry": { "type": "Point", "coordinates": [ -64.256949126076805, -31.402248111278499 ] } },
{ "type": "Feature", "properties": { "barrio": "VILLA MARTA", "poblacion": 981.0, "hogares": 340.0, "nbi": 2.0, "pct_nbi": 0.59, "escuelas_total": 0, "escuelas_estatales": 0, "escuelas_privadas": 0, "dispensarios_municipales": 0, "paradas_colectivo": 8, "lineas_colectivo": 3, "luminarias_reportes": 29, "comisarias": 0, "centros_vecinales": 0, "hogares_por_poblacion": 0.347, "poblacion_log": 6.89, "pct_escuelas_privadas": 0.0, "escuelas_por_1000_hab": 0.0, "dispensarios_por_10000_hab": 0.0, "comisarias_por_10000_hab": 0.0, "paradas_por_1000_hab": 8.15, "centros_vecinales_por_10000_hab": 0.0, "tiene_escuela": 0, "tiene_dispensario": 0, "tiene_comisaria": 0, "tiene_transporte": 1, "infraestructura_score": 0.1509, "area_barrio_km2": 0.14, "densidad_poblacional": 7007.14, "densidad_hogares": 2428.57, "infraestructura_por_km2": 1.078, "educacion_ratio_publico_privado": 1.0, "cluster_barrio": 1, "cluster_descripcion": "Tipo B (Infr 0.14 - NBI 3.0%)", "categoria_infraestructura": "Media", "tooltip_barrio": "<b>VILLA MARTA</b><br>Pob: 981.0<br>Score: 0.15 (Media)", "servicios_basicos_score": 0.33, "infraestructura_por_habitante": 1.5382, "ranking_infraestructura": 283, "percentil_infraestructura": 42.9 }, "geometry": { "type": "Point", "coordinates": [ -64.228181478438501, -31.360819163349898 ] } },
{ "type": "Feature", "properties": { "barrio": "VILLA MARTINEZ", "poblacion": 3496.0, "hogares": 826.0, "nbi": 169.0, "pct_nbi": 20.46, "escuelas_total": 3, "escuelas_estatales": 3, "escuelas_privadas": 0, "dispensarios_municipales": 0, "paradas_colectivo": 9, "lineas_colectivo": 2, "luminarias_reportes": 4, "comisarias": 0, "centros_vecinales": 1, "hogares_por_poblacion": 0.236, "poblacion_log": 8.16, "pct_escuelas_privadas": 0.0, "escuelas_por_1000_hab": 0.86, "dispensarios_por_10000_hab": 0.0, "comisarias_por_10000_hab": 0.0, "paradas_por_1000_hab": 2.57, "centros_vecinales_por_10000_hab": 2.86, "tiene_escuela": 1, "tiene_dispensario": 0, "tiene_comisaria": 0, "tiene_transporte": 1, "infraestructura_score": 0.1073, "area_barrio_km2": 0.37, "densidad_poblacional": 9448.65, "densidad_hogares": 2232.43, "infraestructura_por_km2": 0.29, "educacion_ratio_publico_privado": 4.0, "cluster_barrio": 2, "cluster_descripcion": "Tipo C (Infr 0.16 - NBI 14.4%)", "categoria_infraestructura": "Baja", "tooltip_barrio": "<b>VILLA MARTINEZ</b><br>Pob: 3496.0<br>Score: 0.11 (Baja)", "servicios_basicos_score": 0.67, "infraestructura_por_habitante": 0.3069, "ranking_infraestructura": 361, "percentil_infraestructura": 27.1 }, "geometry": { "type": "Point", "coordinates": [ -64.250731021989907, -31.416085792792199 ] } },
{ "type": "Feature", "properties": { "barrio": "VILLA PAEZ", "poblacion": 4861.0, "hogares": 1428.0, "nbi": 105.0, "pct_nbi": 7.35, "escuelas_total": 7, "escuelas_estatales": 4, "escuelas_privadas": 3, "dispensarios_municipales": 1, "paradas_colectivo": 12, "lineas_colectivo": 4, "luminarias_reportes": 140, "comisarias": 0, "centros_vecinales": 1, "hogares_por_poblacion": 0.294, "poblacion_log": 8.489, "pct_escuelas_privadas": 0.429, "escuelas_por_1000_hab": 1.44, "dispensarios_por_10000_hab": 2.06, "comisarias_por_10000_hab": 0.0, "paradas_por_1000_hab": 2.47, "centros_vecinales_por_10000_hab": 2.06, "tiene_escuela": 1, "tiene_dispensario": 1, "tiene_comisaria": 0, "tiene_transporte": 1, "infraestructura_score": 0.2144, "area_barrio_km2": 0.57, "densidad_poblacional": 8528.07, "densidad_hogares": 2505.26, "infraestructura_por_km2": 0.376, "educacion_ratio_publico_privado": 1.25, "cluster_barrio": 1, "cluster_descripcion": "Tipo B (Infr 0.14 - NBI 3.0%)", "categoria_infraestructura": "Media", "tooltip_barrio": "<b>VILLA PAEZ</b><br>Pob: 4861.0<br>Score: 0.21 (Media)", "servicios_basicos_score": 1.0, "infraestructura_por_habitante": 0.4411, "ranking_infraestructura": 207, "percentil_infraestructura": 58.3 }, "geometry": { "type": "Point", "coordinates": [ -64.206000590895798, -31.395934836050198 ] } },
{ "type": "Feature", "properties": { "barrio": "VILLA QUISQUIZACATE", "poblacion": 1477.0, "hogares": 421.0, "nbi": 13.0, "pct_nbi": 3.09, "escuelas_total": 1, "escuelas_estatales": 1, "escuelas_privadas": 0, "dispensarios_municipales": 0, "paradas_colectivo": 6, "lineas_colectivo": 2, "luminarias_reportes": 152, "comisarias": 0, "centros_vecinales": 1, "hogares_por_poblacion": 0.285, "poblacion_log": 7.298, "pct_escuelas_privadas": 0.0, "escuelas_por_1000_hab": 0.68, "dispensarios_por_10000_hab": 0.0, "comisarias_por_10000_hab": 0.0, "paradas_por_1000_hab": 4.06, "centros_vecinales_por_10000_hab": 6.77, "tiene_escuela": 1, "tiene_dispensario": 0, "tiene_comisaria": 0, "tiene_transporte": 1, "infraestructura_score": 0.1224, "area_barrio_km2": 0.83, "densidad_poblacional": 1779.52, "densidad_hogares": 507.23, "infraestructura_por_km2": 0.147, "educacion_ratio_publico_privado": 2.0, "cluster_barrio": 1, "cluster_descripcion": "Tipo B (Infr 0.14 - NBI 3.0%)", "categoria_infraestructura": "Baja", "tooltip_barrio": "<b>VILLA QUISQUIZACATE</b><br>Pob: 1477.0<br>Score: 0.12 (Baja)", "servicios_basicos_score": 0.67, "infraestructura_por_habitante": 0.8287, "ranking_infraestructura": 325, "percentil_infraestructura": 34.1 }, "geometry": { "type": "Point", "coordinates": [ -64.281848605384795, -31.3331577606987 ] } },
{ "type": "Feature", "properties": { "barrio": "VILLA RETIRO", "poblacion": 910.0, "hogares": 258.0, "nbi": 16.0, "pct_nbi": 6.2, "escuelas_total": 6, "escuelas_estatales": 3, "escuelas_privadas": 3, "dispensarios_municipales": 0, "paradas_colectivo": 3, "lineas_colectivo": 2, "luminarias_reportes": 53, "comisarias": 0, "centros_vecinales": 1, "hogares_por_poblacion": 0.284, "poblacion_log": 6.815, "pct_escuelas_privadas": 0.5, "escuelas_por_1000_hab": 4.8035, "dispensarios_por_10000_hab": 0.0, "comisarias_por_10000_hab": 0.0, "paradas_por_1000_hab": 3.3, "centros_vecinales_por_10000_hab": 10.99, "tiene_escuela": 1, "tiene_dispensario": 0, "tiene_comisaria": 0, "tiene_transporte": 1, "infraestructura_score": 0.3944, "area_barrio_km2": 2.72, "densidad_poblacional": 334.56, "densidad_hogares": 94.85, "infraestructura_por_km2": 0.145, "educacion_ratio_publico_privado": 1.0, "cluster_barrio": 0, "cluster_descripcion": "Tipo A (Infr 0.57 - NBI 4.5%)", "categoria_infraestructura": "Muy Alta", "tooltip_barrio": "<b>VILLA RETIRO</b><br>Pob: 910.0<br>Score: 0.39 (Muy Alta)", "servicios_basicos_score": 0.67, "infraestructura_por_habitante": 4.3341, "ranking_infraestructura": 80, "percentil_infraestructura": 84.0 }, "geometry": { "type": "Point", "coordinates": [ -64.145948137302, -31.336307674505548 ] } },
{ "type": "Feature", "properties": { "barrio": "VILLA REVOL", "poblacion": 4327.0, "hogares": 1341.0, "nbi": 58.0, "pct_nbi": 4.33, "escuelas_total": 2, "escuelas_estatales": 2, "escuelas_privadas": 0, "dispensarios_municipales": 0, "paradas_colectivo": 10, "lineas_colectivo": 4, "luminarias_reportes": 298, "comisarias": 0, "centros_vecinales": 1, "hogares_por_poblacion": 0.31, "poblacion_log": 8.373, "pct_escuelas_privadas": 0.0, "escuelas_por_1000_hab": 0.46, "dispensarios_por_10000_hab": 0.0, "comisarias_por_10000_hab": 0.0, "paradas_por_1000_hab": 2.31, "centros_vecinales_por_10000_hab": 2.31, "tiene_escuela": 1, "tiene_dispensario": 0, "tiene_comisaria": 0, "tiene_transporte": 1, "infraestructura_score": 0.0747, "area_barrio_km2": 0.47, "densidad_poblacional": 9206.38, "densidad_hogares": 2853.19, "infraestructura_por_km2": 0.159, "educacion_ratio_publico_privado": 3.0, "cluster_barrio": 1, "cluster_descripcion": "Tipo B (Infr 0.14 - NBI 3.0%)", "categoria_infraestructura": "Muy Baja", "tooltip_barrio": "<b>VILLA REVOL</b><br>Pob: 4327.0<br>Score: 0.07 (Muy Baja)", "servicios_basicos_score": 0.67, "infraestructura_por_habitante": 0.1726, "ranking_infraestructura": 405, "percentil_infraestructura": 18.2 }, "geometry": { "type": "Point", "coordinates": [ -64.172706597505197, -31.443555025435899 ] } },
{ "type": "Feature", "properties": { "barrio": "VILLA REVOL ANEXO", "poblacion": 876.0, "hogares": 258.0, "nbi": 31.0, "pct_nbi": 12.02, "escuelas_total": 1, "escuelas_estatales": 1, "escuelas_privadas": 0, "dispensarios_municipales": 0, "paradas_colectivo": 6, "lineas_colectivo": 5, "luminarias_reportes": 16, "comisarias": 1, "centros_vecinales": 0, "hogares_por_poblacion": 0.295, "poblacion_log": 6.777, "pct_escuelas_privadas": 0.0, "escuelas_por_1000_hab": 1.14, "dispensarios_por_10000_hab": 0.0, "comisarias_por_10000_hab": 1.5585, "paradas_por_1000_hab": 6.85, "centros_vecinales_por_10000_hab": 0.0, "tiene_escuela": 1, "tiene_dispensario": 0, "tiene_comisaria": 1, "tiene_transporte": 1, "infraestructura_score": 0.3171, "area_barrio_km2": 0.19, "densidad_poblacional": 4610.53, "densidad_hogares": 1357.89, "infraestructura_por_km2": 1.669, "educacion_ratio_publico_privado": 2.0, "cluster_barrio": 2, "cluster_descripcion": "Tipo C (Infr 0.16 - NBI 14.4%)", "categoria_infraestructura": "Alta", "tooltip_barrio": "<b>VILLA REVOL ANEXO</b><br>Pob: 876.0<br>Score: 0.32 (Alta)", "servicios_basicos_score": 0.67, "infraestructura_por_habitante": 3.6199, "ranking_infraestructura": 116, "percentil_infraestructura": 76.7 }, "geometry": { "type": "Point", "coordinates": [ -64.1699676689109, -31.437058030005801 ] } },
{ "type": "Feature", "properties": { "barrio": "VILLA RIVADAVIA", "poblacion": 876.0, "hogares": 226.0, "nbi": 49.0, "pct_nbi": 21.68, "escuelas_total": 5, "escuelas_estatales": 5, "escuelas_privadas": 0, "dispensarios_municipales": 1, "paradas_colectivo": 23, "lineas_colectivo": 1, "luminarias_reportes": 0, "comisarias": 0, "centros_vecinales": 1, "hogares_por_poblacion": 0.258, "poblacion_log": 6.777, "pct_escuelas_privadas": 0.0, "escuelas_por_1000_hab": 4.8035, "dispensarios_por_10000_hab": 6.657, "comisarias_por_10000_hab": 0.0, "paradas_por_1000_hab": 24.0, "centros_vecinales_por_10000_hab": 11.42, "tiene_escuela": 1, "tiene_dispensario": 1, "tiene_comisaria": 0, "tiene_transporte": 1, "infraestructura_score": 1.0, "area_barrio_km2": 0.18, "densidad_poblacional": 4866.67, "densidad_hogares": 1255.56, "infraestructura_por_km2": 5.556, "educacion_ratio_publico_privado": 6.0, "cluster_barrio": 0, "cluster_descripcion": "Tipo A (Infr 0.57 - NBI 4.5%)", "categoria_infraestructura": "Muy Alta", "tooltip_barrio": "<b>VILLA RIVADAVIA</b><br>Pob: 876.0<br>Score: 1.00 (Muy Alta)", "servicios_basicos_score": 1.0, "infraestructura_por_habitante": 11.4155, "ranking_infraestructura": 1, "percentil_infraestructura": 100.0 }, "geometry": { "type": "Point", "coordinates": [ -64.194591589564197, -31.513059677159202 ] } },
{ "type": "Feature", "properties": { "barrio": "VILLA RIVERA INDARTE", "poblacion": 4473.0, "hogares": 1207.0, "nbi": 62.0, "pct_nbi": 5.14, "escuelas_total": 13, "escuelas_estatales": 5, "escuelas_privadas": 8, "dispensarios_municipales": 1, "paradas_colectivo": 20, "lineas_colectivo": 2, "luminarias_reportes": 121, "comisarias": 0, "centros_vecinales": 1, "hogares_por_poblacion": 0.27, "poblacion_log": 8.406, "pct_escuelas_privadas": 0.615, "escuelas_por_1000_hab": 2.91, "dispensarios_por_10000_hab": 2.24, "comisarias_por_10000_hab": 0.0, "paradas_por_1000_hab": 4.47, "centros_vecinales_por_10000_hab": 2.24, "tiene_escuela": 1, "tiene_dispensario": 1, "tiene_comisaria": 0, "tiene_transporte": 1, "infraestructura_score": 0.3595, "area_barrio_km2": 2.02, "densidad_poblacional": 2214.36, "densidad_hogares": 597.52, "infraestructura_por_km2": 0.178, "educacion_ratio_publico_privado": 0.67, "cluster_barrio": 0, "cluster_descripcion": "Tipo A (Infr 0.57 - NBI 4.5%)", "categoria_infraestructura": "Muy Alta", "tooltip_barrio": "<b>VILLA RIVERA INDARTE</b><br>Pob: 4473.0<br>Score: 0.36 (Muy Alta)", "servicios_basicos_score": 1.0, "infraestructura_por_habitante": 0.8037, "ranking_infraestructura": 97, "percentil_infraestructura": 80.6 }, "geometry": { "type": "Point", "coordinates": [ -64.293945633209901, -31.3254407068763 ] } },
{ "type": "Feature", "properties": { "barrio": "VILLA SAN CARLOS", "poblacion": 507.0, "hogares": 200.0, "nbi": 15.0, "pct_nbi": 7.5, "escuelas_total": 9, "escuelas_estatales": 6, "escuelas_privadas": 3, "dispensarios_municipales": 0, "paradas_colectivo": 8, "lineas_colectivo": 4, "luminarias_reportes": 4, "comisarias": 0, "centros_vecinales": 1, "hogares_por_poblacion": 0.394, "poblacion_log": 6.23, "pct_escuelas_privadas": 0.333, "escuelas_por_1000_hab": 4.8035, "dispensarios_por_10000_hab": 0.0, "comisarias_por_10000_hab": 0.0, "paradas_por_1000_hab": 15.78, "centros_vecinales_por_10000_hab": 19.72, "tiene_escuela": 1, "tiene_dispensario": 0, "tiene_comisaria": 0, "tiene_transporte": 1, "infraestructura_score": 0.6256, "area_barrio_km2": 0.19, "densidad_poblacional": 2668.42, "densidad_hogares": 1052.63, "infraestructura_por_km2": 3.293, "educacion_ratio_publico_privado": 1.75, "cluster_barrio": 0, "cluster_descripcion": "Tipo A (Infr 0.57 - NBI 4.5%)", "categoria_infraestructura": "Muy Alta", "tooltip_barrio": "<b>VILLA SAN CARLOS</b><br>Pob: 507.0<br>Score: 0.63 (Muy Alta)", "servicios_basicos_score": 0.67, "infraestructura_por_habitante": 12.3393, "ranking_infraestructura": 28, "percentil_infraestructura": 94.5 }, "geometry": { "type": "Point", "coordinates": [ -64.1700416939278, -31.462097760029899 ] } },
{ "type": "Feature", "properties": { "barrio": "VILLA SAN ISIDRO", "poblacion": 844.0, "hogares": 252.0, "nbi": 7.0, "pct_nbi": 2.78, "escuelas_total": 0, "escuelas_estatales": 0, "escuelas_privadas": 0, "dispensarios_municipales": 0, "paradas_colectivo": 9, "lineas_colectivo": 3, "luminarias_reportes": 26, "comisarias": 0, "centros_vecinales": 0, "hogares_por_poblacion": 0.299, "poblacion_log": 6.739, "pct_escuelas_privadas": 0.0, "escuelas_por_1000_hab": 0.0, "dispensarios_por_10000_hab": 0.0, "comisarias_por_10000_hab": 0.0, "paradas_por_1000_hab": 10.66, "centros_vecinales_por_10000_hab": 0.0, "tiene_escuela": 0, "tiene_dispensario": 0, "tiene_comisaria": 0, "tiene_transporte": 1, "infraestructura_score": 0.1974, "area_barrio_km2": 0.12, "densidad_poblacional": 7033.33, "densidad_hogares": 2100.0, "infraestructura_por_km2": 1.645, "educacion_ratio_publico_privado": 1.0, "cluster_barrio": 1, "cluster_descripcion": "Tipo B (Infr 0.14 - NBI 3.0%)", "categoria_infraestructura": "Media", "tooltip_barrio": "<b>VILLA SAN ISIDRO</b><br>Pob: 844.0<br>Score: 0.20 (Media)", "servicios_basicos_score": 0.33, "infraestructura_por_habitante": 2.3389, "ranking_infraestructura": 224, "percentil_infraestructura": 54.8 }, "geometry": { "type": "Point", "coordinates": [ -64.188108734735906, -31.457571253641401 ] } },
{ "type": "Feature", "properties": { "barrio": "VILLA SERRANA", "poblacion": 1089.0, "hogares": 275.0, "nbi": 51.0, "pct_nbi": 18.55, "escuelas_total": 2, "escuelas_estatales": 1, "escuelas_privadas": 1, "dispensarios_municipales": 0, "paradas_colectivo": 6, "lineas_colectivo": 1, "luminarias_reportes": 1, "comisarias": 0, "centros_vecinales": 2, "hogares_por_poblacion": 0.253, "poblacion_log": 6.994, "pct_escuelas_privadas": 0.5, "escuelas_por_1000_hab": 1.84, "dispensarios_por_10000_hab": 0.0, "comisarias_por_10000_hab": 0.0, "paradas_por_1000_hab": 5.51, "centros_vecinales_por_10000_hab": 18.37, "tiene_escuela": 1, "tiene_dispensario": 0, "tiene_comisaria": 0, "tiene_transporte": 1, "infraestructura_score": 0.2297, "area_barrio_km2": 0.18, "densidad_poblacional": 6050.0, "densidad_hogares": 1527.78, "infraestructura_por_km2": 1.276, "educacion_ratio_publico_privado": 1.0, "cluster_barrio": 2, "cluster_descripcion": "Tipo C (Infr 0.16 - NBI 14.4%)", "categoria_infraestructura": "Alta", "tooltip_barrio": "<b>VILLA SERRANA</b><br>Pob: 1089.0<br>Score: 0.23 (Alta)", "servicios_basicos_score": 0.67, "infraestructura_por_habitante": 2.1093, "ranking_infraestructura": 190, "percentil_infraestructura": 61.7 }, "geometry": { "type": "Point", "coordinates": [ -64.278904648241394, -31.330162350551401 ] } },
{ "type": "Feature", "properties": { "barrio": "VILLA SIBURU", "poblacion": 1333.0, "hogares": 365.0, "nbi": 43.0, "pct_nbi": 11.78, "escuelas_total": 4, "escuelas_estatales": 4, "escuelas_privadas": 0, "dispensarios_municipales": 1, "paradas_colectivo": 8, "lineas_colectivo": 4, "luminarias_reportes": 100, "comisarias": 0, "centros_vecinales": 1, "hogares_por_poblacion": 0.274, "poblacion_log": 7.196, "pct_escuelas_privadas": 0.0, "escuelas_por_1000_hab": 3.0, "dispensarios_por_10000_hab": 6.657, "comisarias_por_10000_hab": 0.0, "paradas_por_1000_hab": 6.0, "centros_vecinales_por_10000_hab": 7.5, "tiene_escuela": 1, "tiene_dispensario": 1, "tiene_comisaria": 0, "tiene_transporte": 1, "infraestructura_score": 0.5415, "area_barrio_km2": 0.47, "densidad_poblacional": 2836.17, "densidad_hogares": 776.6, "infraestructura_por_km2": 1.152, "educacion_ratio_publico_privado": 5.0, "cluster_barrio": 0, "cluster_descripcion": "Tipo A (Infr 0.57 - NBI 4.5%)", "categoria_infraestructura": "Muy Alta", "tooltip_barrio": "<b>VILLA SIBURU</b><br>Pob: 1333.0<br>Score: 0.54 (Muy Alta)", "servicios_basicos_score": 1.0, "infraestructura_por_habitante": 4.0623, "ranking_infraestructura": 40, "percentil_infraestructura": 92.1 }, "geometry": { "type": "Point", "coordinates": [ -64.230544053367595, -31.3956863950044 ] } },
{ "type": "Feature", "properties": { "barrio": "VILLA SILVANO FUNES", "poblacion": 925.0, "hogares": 274.0, "nbi": 15.0, "pct_nbi": 5.47, "escuelas_total": 0, "escuelas_estatales": 0, "escuelas_privadas": 0, "dispensarios_municipales": 0, "paradas_colectivo": 22, "lineas_colectivo": 7, "luminarias_reportes": 28, "comisarias": 0, "centros_vecinales": 1, "hogares_por_poblacion": 0.296, "poblacion_log": 6.831, "pct_escuelas_privadas": 0.0, "escuelas_por_1000_hab": 0.0, "dispensarios_por_10000_hab": 0.0, "comisarias_por_10000_hab": 0.0, "paradas_por_1000_hab": 23.78, "centros_vecinales_por_10000_hab": 10.81, "tiene_escuela": 0, "tiene_dispensario": 0, "tiene_comisaria": 0, "tiene_transporte": 1, "infraestructura_score": 0.4404, "area_barrio_km2": 0.21, "densidad_poblacional": 4404.76, "densidad_hogares": 1304.76, "infraestructura_por_km2": 2.097, "educacion_ratio_publico_privado": 1.0, "cluster_barrio": 3, "cluster_descripcion": "Tipo D (Infr 0.40 - NBI 2.8%)", "categoria_infraestructura": "Muy Alta", "tooltip_barrio": "<b>VILLA SILVANO FUNES</b><br>Pob: 925.0<br>Score: 0.44 (Muy Alta)", "servicios_basicos_score": 0.33, "infraestructura_por_habitante": 4.7611, "ranking_infraestructura": 69, "percentil_infraestructura": 86.2 }, "geometry": { "type": "Point", "coordinates": [ -64.251239453436, -31.3403524658703 ] } },
{ "type": "Feature", "properties": { "barrio": "VILLA SOLFERINO", "poblacion": 664.0, "hogares": 200.0, "nbi": 5.0, "pct_nbi": 2.5, "escuelas_total": 0, "escuelas_estatales": 0, "escuelas_privadas": 0, "dispensarios_municipales": 0, "paradas_colectivo": 7, "lineas_colectivo": 3, "luminarias_reportes": 11, "comisarias": 0, "centros_vecinales": 1, "hogares_por_poblacion": 0.301, "poblacion_log": 6.5, "pct_escuelas_privadas": 0.0, "escuelas_por_1000_hab": 0.0, "dispensarios_por_10000_hab": 0.0, "comisarias_por_10000_hab": 0.0, "paradas_por_1000_hab": 10.54, "centros_vecinales_por_10000_hab": 15.06, "tiene_escuela": 0, "tiene_dispensario": 0, "tiene_comisaria": 0, "tiene_transporte": 1, "infraestructura_score": 0.1952, "area_barrio_km2": 0.13, "densidad_poblacional": 5107.69, "densidad_hogares": 1538.46, "infraestructura_por_km2": 1.502, "educacion_ratio_publico_privado": 1.0, "cluster_barrio": 1, "cluster_descripcion": "Tipo B (Infr 0.14 - NBI 3.0%)", "categoria_infraestructura": "Media", "tooltip_barrio": "<b>VILLA SOLFERINO</b><br>Pob: 664.0<br>Score: 0.20 (Media)", "servicios_basicos_score": 0.33, "infraestructura_por_habitante": 2.9398, "ranking_infraestructura": 227, "percentil_infraestructura": 54.3 }, "geometry": { "type": "Point", "coordinates": [ -64.275511466466298, -31.341833627199001 ] } },
{ "type": "Feature", "properties": { "barrio": "VILLA UNION", "poblacion": 4842.0, "hogares": 1232.0, "nbi": 212.0, "pct_nbi": 17.21, "escuelas_total": 4, "escuelas_estatales": 4, "escuelas_privadas": 0, "dispensarios_municipales": 1, "paradas_colectivo": 16, "lineas_colectivo": 2, "luminarias_reportes": 8, "comisarias": 0, "centros_vecinales": 1, "hogares_por_poblacion": 0.254, "poblacion_log": 8.485, "pct_escuelas_privadas": 0.0, "escuelas_por_1000_hab": 0.83, "dispensarios_por_10000_hab": 2.07, "comisarias_por_10000_hab": 0.0, "paradas_por_1000_hab": 3.3, "centros_vecinales_por_10000_hab": 2.07, "tiene_escuela": 1, "tiene_dispensario": 1, "tiene_comisaria": 0, "tiene_transporte": 1, "infraestructura_score": 0.1878, "area_barrio_km2": 0.92, "densidad_poblacional": 5263.04, "densidad_hogares": 1339.13, "infraestructura_por_km2": 0.204, "educacion_ratio_publico_privado": 5.0, "cluster_barrio": 2, "cluster_descripcion": "Tipo C (Infr 0.16 - NBI 14.4%)", "categoria_infraestructura": "Media", "tooltip_barrio": "<b>VILLA UNION</b><br>Pob: 4842.0<br>Score: 0.19 (Media)", "servicios_basicos_score": 1.0, "infraestructura_por_habitante": 0.3879, "ranking_infraestructura": 236, "percentil_infraestructura": 52.4 }, "geometry": { "type": "Point", "coordinates": [ -64.265193153366695, -31.425044723947899 ] } },
{ "type": "Feature", "properties": { "barrio": "VILLA WARCALDE", "poblacion": 624.0, "hogares": 200.0, "nbi": 20.0, "pct_nbi": 10.0, "escuelas_total": 3, "escuelas_estatales": 0, "escuelas_privadas": 3, "dispensarios_municipales": 0, "paradas_colectivo": 5, "lineas_colectivo": 1, "luminarias_reportes": 10, "comisarias": 0, "centros_vecinales": 0, "hogares_por_poblacion": 0.321, "poblacion_log": 6.438, "pct_escuelas_privadas": 1.0, "escuelas_por_1000_hab": 4.8035, "dispensarios_por_10000_hab": 0.0, "comisarias_por_10000_hab": 0.0, "paradas_por_1000_hab": 8.01, "centros_vecinales_por_10000_hab": 0.0, "tiene_escuela": 1, "tiene_dispensario": 0, "tiene_comisaria": 0, "tiene_transporte": 1, "infraestructura_score": 0.4817, "area_barrio_km2": 1.17, "densidad_poblacional": 533.33, "densidad_hogares": 170.94, "infraestructura_por_km2": 0.412, "educacion_ratio_publico_privado": 0.25, "cluster_barrio": 0, "cluster_descripcion": "Tipo A (Infr 0.57 - NBI 4.5%)", "categoria_infraestructura": "Muy Alta", "tooltip_barrio": "<b>VILLA WARCALDE</b><br>Pob: 624.0<br>Score: 0.48 (Muy Alta)", "servicios_basicos_score": 0.67, "infraestructura_por_habitante": 7.7196, "ranking_infraestructura": 51, "percentil_infraestructura": 89.8 }, "geometry": { "type": "Point", "coordinates": [ -64.294956131485506, -31.3436875418139 ] } },
{ "type": "Feature", "properties": { "barrio": "VIVERO NORTE", "poblacion": 1571.0, "hogares": 442.0, "nbi": 17.0, "pct_nbi": 3.85, "escuelas_total": 2, "escuelas_estatales": 2, "escuelas_privadas": 0, "dispensarios_municipales": 1, "paradas_colectivo": 8, "lineas_colectivo": 2, "luminarias_reportes": 152, "comisarias": 0, "centros_vecinales": 0, "hogares_por_poblacion": 0.281, "poblacion_log": 7.36, "pct_escuelas_privadas": 0.0, "escuelas_por_1000_hab": 1.27, "dispensarios_por_10000_hab": 6.37, "comisarias_por_10000_hab": 0.0, "paradas_por_1000_hab": 5.09, "centros_vecinales_por_10000_hab": 0.0, "tiene_escuela": 1, "tiene_dispensario": 1, "tiene_comisaria": 0, "tiene_transporte": 1, "infraestructura_score": 0.395, "area_barrio_km2": 0.21, "densidad_poblacional": 7480.95, "densidad_hogares": 2104.76, "infraestructura_por_km2": 1.881, "educacion_ratio_publico_privado": 3.0, "cluster_barrio": 1, "cluster_descripcion": "Tipo B (Infr 0.14 - NBI 3.0%)", "categoria_infraestructura": "Muy Alta", "tooltip_barrio": "<b>VIVERO NORTE</b><br>Pob: 1571.0<br>Score: 0.40 (Muy Alta)", "servicios_basicos_score": 1.0, "infraestructura_por_habitante": 2.5143, "ranking_infraestructura": 79, "percentil_infraestructura": 84.2 }, "geometry": { "type": "Point", "coordinates": [ -64.144663686219602, -31.382311576231 ] } },
{ "type": "Feature", "properties": { "barrio": "YAPEYU", "poblacion": 25119.0, "hogares": 7218.0, "nbi": 426.0, "pct_nbi": 5.9, "escuelas_total": 8, "escuelas_estatales": 8, "escuelas_privadas": 0, "dispensarios_municipales": 1, "paradas_colectivo": 6, "lineas_colectivo": 2, "luminarias_reportes": 30, "comisarias": 0, "centros_vecinales": 1, "hogares_por_poblacion": 0.287, "poblacion_log": 10.131, "pct_escuelas_privadas": 0.0, "escuelas_por_1000_hab": 0.32, "dispensarios_por_10000_hab": 0.4, "comisarias_por_10000_hab": 0.0, "paradas_por_1000_hab": 0.24, "centros_vecinales_por_10000_hab": 0.4, "tiene_escuela": 1, "tiene_dispensario": 1, "tiene_comisaria": 0, "tiene_transporte": 1, "infraestructura_score": 0.04, "area_barrio_km2": 0.85, "densidad_poblacional": 29551.76, "densidad_hogares": 8491.76, "infraestructura_por_km2": 0.047, "educacion_ratio_publico_privado": 9.0, "cluster_barrio": 4, "cluster_descripcion": "Tipo E (Infr 0.11 - NBI 5.5%)", "categoria_infraestructura": "Muy Baja", "tooltip_barrio": "<b>YAPEYU</b><br>Pob: 25119.0<br>Score: 0.04 (Muy Baja)", "servicios_basicos_score": 1.0, "infraestructura_por_habitante": 0.0159, "ranking_infraestructura": 443, "percentil_infraestructura": 10.5 }, "geometry": { "type": "Point", "coordinates": [ -64.146169870818937, -31.410369494566265 ] } },
{ "type": "Feature", "properties": { "barrio": "YOFRE H", "poblacion": 3578.0, "hogares": 1016.0, "nbi": 58.0, "pct_nbi": 5.71, "escuelas_total": 2, "escuelas_estatales": 2, "escuelas_privadas": 0, "dispensarios_municipales": 0, "paradas_colectivo": 0, "lineas_colectivo": 0, "luminarias_reportes": 267, "comisarias": 0, "centros_vecinales": 0, "hogares_por_poblacion": 0.284, "poblacion_log": 8.183, "pct_escuelas_privadas": 0.0, "escuelas_por_1000_hab": 0.56, "dispensarios_por_10000_hab": 0.0, "comisarias_por_10000_hab": 0.0, "paradas_por_1000_hab": 0.0, "centros_vecinales_por_10000_hab": 0.0, "tiene_escuela": 1, "tiene_dispensario": 0, "tiene_comisaria": 0, "tiene_transporte": 0, "infraestructura_score": 0.0389, "area_barrio_km2": 1.26, "densidad_poblacional": 2839.68, "densidad_hogares": 806.35, "infraestructura_por_km2": 0.031, "educacion_ratio_publico_privado": 3.0, "cluster_barrio": 1, "cluster_descripcion": "Tipo B (Infr 0.14 - NBI 3.0%)", "categoria_infraestructura": "Muy Baja", "tooltip_barrio": "<b>YOFRE H</b><br>Pob: 3578.0<br>Score: 0.04 (Muy Baja)", "servicios_basicos_score": 0.33, "infraestructura_por_habitante": 0.1087, "ranking_infraestructura": 446, "percentil_infraestructura": 9.9 }, "geometry": { "type": "Point", "coordinates": [ -64.125560074900449, -31.382342542470951 ] } },
{ "type": "Feature", "properties": { "barrio": "YOFRE I", "poblacion": 5262.0, "hogares": 1582.0, "nbi": 66.0, "pct_nbi": 4.17, "escuelas_total": 0, "escuelas_estatales": 0, "escuelas_privadas": 0, "dispensarios_municipales": 1, "paradas_colectivo": 15, "lineas_colectivo": 2, "luminarias_reportes": 44, "comisarias": 0, "centros_vecinales": 1, "hogares_por_poblacion": 0.301, "poblacion_log": 8.568, "pct_escuelas_privadas": 0.0, "escuelas_por_1000_hab": 0.0, "dispensarios_por_10000_hab": 1.9, "comisarias_por_10000_hab": 0.0, "paradas_por_1000_hab": 2.85, "centros_vecinales_por_10000_hab": 1.9, "tiene_escuela": 0, "tiene_dispensario": 1, "tiene_comisaria": 0, "tiene_transporte": 1, "infraestructura_score": 0.1162, "area_barrio_km2": 0.28, "densidad_poblacional": 18792.86, "densidad_hogares": 5650.0, "infraestructura_por_km2": 0.415, "educacion_ratio_publico_privado": 1.0, "cluster_barrio": 1, "cluster_descripcion": "Tipo B (Infr 0.14 - NBI 3.0%)", "categoria_infraestructura": "Baja", "tooltip_barrio": "<b>YOFRE I</b><br>Pob: 5262.0<br>Score: 0.12 (Baja)", "servicios_basicos_score": 0.67, "infraestructura_por_habitante": 0.2208, "ranking_infraestructura": 334, "percentil_infraestructura": 32.6 }, "geometry": { "type": "Point", "coordinates": [ -64.127717322127637, -31.390017827593901 ] } },
{ "type": "Feature", "properties": { "barrio": "YOFRE NORTE", "poblacion": 6935.0, "hogares": 2180.0, "nbi": 60.0, "pct_nbi": 2.75, "escuelas_total": 9, "escuelas_estatales": 4, "escuelas_privadas": 5, "dispensarios_municipales": 0, "paradas_colectivo": 18, "lineas_colectivo": 4, "luminarias_reportes": 46, "comisarias": 0, "centros_vecinales": 1, "hogares_por_poblacion": 0.314, "poblacion_log": 8.844, "pct_escuelas_privadas": 0.556, "escuelas_por_1000_hab": 1.3, "dispensarios_por_10000_hab": 0.0, "comisarias_por_10000_hab": 0.0, "paradas_por_1000_hab": 2.6, "centros_vecinales_por_10000_hab": 1.44, "tiene_escuela": 1, "tiene_dispensario": 0, "tiene_comisaria": 0, "tiene_transporte": 1, "infraestructura_score": 0.1384, "area_barrio_km2": 0.74, "densidad_poblacional": 9371.62, "densidad_hogares": 2945.95, "infraestructura_por_km2": 0.187, "educacion_ratio_publico_privado": 0.83, "cluster_barrio": 1, "cluster_descripcion": "Tipo B (Infr 0.14 - NBI 3.0%)", "categoria_infraestructura": "Baja", "tooltip_barrio": "<b>YOFRE NORTE</b><br>Pob: 6935.0<br>Score: 0.14 (Baja)", "servicios_basicos_score": 0.67, "infraestructura_por_habitante": 0.1996, "ranking_infraestructura": 306, "percentil_infraestructura": 38.3 }, "geometry": { "type": "Point", "coordinates": [ -64.134090779460294, -31.383963889503001 ] } },
{ "type": "Feature", "properties": { "barrio": "YOFRE SUD", "poblacion": 5126.0, "hogares": 1543.0, "nbi": 55.0, "pct_nbi": 3.56, "escuelas_total": 3, "escuelas_estatales": 3, "escuelas_privadas": 0, "dispensarios_municipales": 0, "paradas_colectivo": 12, "lineas_colectivo": 3, "luminarias_reportes": 321, "comisarias": 0, "centros_vecinales": 1, "hogares_por_poblacion": 0.301, "poblacion_log": 8.542, "pct_escuelas_privadas": 0.0, "escuelas_por_1000_hab": 0.59, "dispensarios_por_10000_hab": 0.0, "comisarias_por_10000_hab": 0.0, "paradas_por_1000_hab": 2.34, "centros_vecinales_por_10000_hab": 1.95, "tiene_escuela": 1, "tiene_dispensario": 0, "tiene_comisaria": 0, "tiene_transporte": 1, "infraestructura_score": 0.0843, "area_barrio_km2": 0.46, "densidad_poblacional": 11143.48, "densidad_hogares": 3354.35, "infraestructura_por_km2": 0.183, "educacion_ratio_publico_privado": 4.0, "cluster_barrio": 1, "cluster_descripcion": "Tipo B (Infr 0.14 - NBI 3.0%)", "categoria_infraestructura": "Baja", "tooltip_barrio": "<b>YOFRE SUD</b><br>Pob: 5126.0<br>Score: 0.08 (Baja)", "servicios_basicos_score": 0.67, "infraestructura_por_habitante": 0.1645, "ranking_infraestructura": 390, "percentil_infraestructura": 21.3 }, "geometry": { "type": "Point", "coordinates": [ -64.135461097676099, -31.392268965840199 ] } },
{ "type": "Feature", "properties": { "barrio": "ZEPA", "poblacion": 1061.0, "hogares": 255.0, "nbi": 36.0, "pct_nbi": 14.12, "escuelas_total": 4, "escuelas_estatales": 4, "escuelas_privadas": 0, "dispensarios_municipales": 1, "paradas_colectivo": 5, "lineas_colectivo": 3, "luminarias_reportes": 10, "comisarias": 1, "centros_vecinales": 2, "hogares_por_poblacion": 0.24, "poblacion_log": 6.968, "pct_escuelas_privadas": 0.0, "escuelas_por_1000_hab": 3.77, "dispensarios_por_10000_hab": 6.657, "comisarias_por_10000_hab": 1.5585, "paradas_por_1000_hab": 4.71, "centros_vecinales_por_10000_hab": 18.85, "tiene_escuela": 1, "tiene_dispensario": 1, "tiene_comisaria": 1, "tiene_transporte": 1, "infraestructura_score": 0.6822, "area_barrio_km2": 0.27, "densidad_poblacional": 3929.63, "densidad_hogares": 944.44, "infraestructura_por_km2": 2.527, "educacion_ratio_publico_privado": 5.0, "cluster_barrio": 0, "cluster_descripcion": "Tipo A (Infr 0.57 - NBI 4.5%)", "categoria_infraestructura": "Muy Alta", "tooltip_barrio": "<b>ZEPA</b><br>Pob: 1061.0<br>Score: 0.68 (Muy Alta)", "servicios_basicos_score": 1.0, "infraestructura_por_habitante": 6.4298, "ranking_infraestructura": 17, "percentil_infraestructura": 96.8 }, "geometry": { "type": "Point", "coordinates": [ -64.106439209292304, -31.3894472257739 ] } }
]
}
