cueanexo,nombre,est_sector,est_ambito,est_barrio,est_localidad,nivel,lat,lon,barrio_asignado
140225506,ESCUELA NOCTURNA LUIS MARIA DRAGO ANEXO EXT. AULICA VICENTE FORESTIERI,Estatal,Urbano,VILLA EL LIBERTADOR,CORDOBA,"[""6. Jóvenes y Adultos - Primario""]",-31.4802,-64.2247,VILLA EL LIBERTADOR
140000200,INSTITUTO LUTERANO CONCORDIA,Privado,Urbano,ALTO ALBERDI,CORDOBA,"[""2. Común - Secundario""]",-31.4164,-64.212,OBRERO
140002500,INSTITUTO GRAL. MANUEL BELGRANO,Privado,Urbano,PUEYRREDON,CORDOBA,"[""2. Común - Secundario""]",-31.4039,-64.1585,GENERAL PUEYRREDON
140005200,I.P.E.M. Nº 199 DR. JUAN EMILIO REMONDA,Estatal,Urbano,PANAMERICANO,CORDOBA,"[""2. Común - Secundario""]",-31.368,-64.1822,AMPLIACION PANAMERICANO
140005500,INSTITUTO PEDRO IGNACIO DE  CASTRO BARROS (EX-NOCT.FEMENINO),Privado,Urbano,CENTRO,CORDOBA,"[""2. Común - Secundario"",""7. Jóvenes y Adultos - Secundario""]",-31.4148,-64.1774,SIN BARRIO
140007000,INSTITUTO SECUNDARIO OLEGARIO VICTOR ANDRADE,Privado,Urbano,VILLA RETIRO,CORDOBA,"[""2. Común - Secundario""]",-31.3418,-64.1499,VILLA RETIRO
140007300,INSTITUTO ESPIRITU SANTO,Privado,Urbano,PARQUE LICEO 1RA. SECCION,CORDOBA,"[""2. Común - Secundario""]",-31.3511,-64.1739,PARQUE JORGE NEWBERY
140007600,INSTITUTO MODELO DE JUEGOS Y DEPORTES RACING,Privado,Urbano,NUEVA ITALIA,CORDOBA,"[""2. Común - Secundario""]",-31.389,-64.1429,PARQUE MONTECRISTO
140007900,INSTITUTO HORTUS CONCLUSUS,Privado,Urbano,GENERAL BUSTOS,CORDOBA,"[""2. Común - Secundario""]",-31.3951,-64.1755,GENERAL BUSTOS
140011400,INSTITUTO CRISTO REY,Privado,Urbano,GENERAL BUSTOS,CORDOBA,"[""2. Común - Secundario""]",-31.3916,-64.1706,GENERAL BUSTOS
140011600,I.P.E.M. Nº 191 MONSEÑOR ENRIQUE ANGELELLI,Estatal,Urbano,ARTURO CAPDEVILA,CORDOBA,"[""2. Común - Secundario""]",-31.3758,-64.1317,ARTURO CAPDEVILA
140011800,C.E.N.M.A. POLICIA DE LA PROVINCIA DE CORDOBA,Estatal,Urbano,CENTRO,CORDOBA,"[""7. Jóvenes y Adultos - Secundario""]",-31.4099,-64.1839,COFICO
140011900,C.E.N.M.A. Nº 107,Estatal,Urbano,CENTRO,CORDOBA,"[""7. Jóvenes y Adultos - Secundario""]",-31.4215,-64.1758,SIN BARRIO
140011901,C.E.N.M.A. Nº 107 - ANEXO COLINAS DE BELLA VISTA,Estatal,Urbano,COLINAS DE BELLA VISTA,CORDOBA,"[""7. Jóvenes y Adultos - Secundario""]",-31.4301,-64.209,MAURIZI
140011902,C.E.N.M.A. Nº 107 ANEXO SEDE CAPITAL HUMANO,Estatal,Urbano,CENTRO,CORDOBA,"[""7. Jóvenes y Adultos - Secundario""]",-31.4191,-64.176,SIN BARRIO
140011903,C.E.N.M.A. Nº 107 ANEXO SEDE EDUCACION A DISTANCIA,Estatal,Urbano,CENTRO,CORDOBA,"[""7. Jóvenes y Adultos - Secundario""]",-31.4196,-64.1789,CENTRO
140011904,C.E.N.M.A. Nº 107 ANEXO SEDE EDUCACION A DISTANCIA N° 2,Estatal,Urbano,CENTRO,CORDOBA,"[""7. Jóvenes y Adultos - Secundario""]",-31.416,-64.1768,SIN BARRIO
140011703,ESCUELA NOCTURNA JOSE HERNANDEZ ANEXO EXTENSION AULICA BARRIO QUINTAS DEL ROSARIO,Estatal,Urbano,QUINTAS DEL ROSARIO,CORDOBA,"[""6. Jóvenes y Adultos - Primario""]",-31.3789,-64.0922,NUESTRO HOGAR II
140015300,INSTITUTO ARTURO CAPDEVILA,Privado,Urbano,FERROVIARIO MITRE,CORDOBA,"[""2. Común - Secundario""]",-31.4352,-64.1363,FERROVIARIO MITRE
140015400,INSTITUTO JORGE LUIS BORGES,Privado,Urbano,DEAN FUNES,CORDOBA,"[""2. Común - Secundario""]",-31.4457,-64.1202,DEAN FUNES
140015700,I.P.E.M. Nº 207 EDUARDO RAUL REQUENA,Estatal,Urbano,ITUZAINGO,CORDOBA,"[""2. Común - Secundario""]",-31.4603,-64.0869,ALMIRANTE BROWN
140023200,INSTITUTO NUESTRA MADRE DE LA MERCED,Privado,Urbano,ALTA CORDOBA,CORDOBA,"[""2. Común - Secundario""]",-31.3878,-64.184,ALTA CORDOBA
140030300,INSTITUTO PARROQUIAL SAN ROQUE,Privado,Urbano,VILLA CORINA,CORDOBA,"[""2. Común - Secundario""]",-31.3779,-64.1427,VILLA CORINA
140041700,I.P.E.T. Nº 70  PROF. DR. HUMBERTO DIONISI,Estatal,Urbano,VILLA AZALAIS OESTE,CORDOBA,"[""2. Común - Secundario""]",-31.3728,-64.176,PANAMERICANO
140045200,INSTITUTO NUESTRA SEÑORA DE NIEVA,Privado,Urbano,GUEMES,CORDOBA,"[""2. Común - Secundario""]",-31.4197,-64.1918,CENTRO
140045300,I.P.E.M. Nº 194 NICOLAS LOBOS PORTO,Estatal,Urbano,GUEMES,CORDOBA,"[""2. Común - Secundario""]",-31.4244,-64.1953,GUEMES
140046003,C.E.N.M.A. N° 71 ANEXO EXTENSION AULICA Bº LOS ROBLES,Estatal,Urbano,LOS ROBLES,CORDOBA,"[""7. Jóvenes y Adultos - Secundario""]",-31.4035,-64.2617,LA TOMA
140046004,C.E.N.M.A. Nº 71 ANEXO BARRIO PARQUE REPUBLICA,Estatal,Urbano,PARQUE REPUBLICA,CORDOBA,"[""7. Jóvenes y Adultos - Secundario""]",-31.4185,-64.2533,VILLA MARTINEZ
140046800,I.P.E.M. Nº 40 DEODORO ROCA,Estatal,Urbano,JARDIN,CORDOBA,"[""2. Común - Secundario""]",-31.4477,-64.1716,SANTA RITA
140046007,C.E.N.M.A. Nº 71 ANEXO SEDE Bº PARQUE REPUBLICA,Estatal,Urbano,PARQUE REPUBLICA,CORDOBA,"[""7. Jóvenes y Adultos - Secundario""]",-31.4182,-64.2547,PARQUE REPUBLICA
140046801,I.P.E.M. Nº 40 DEODORO ROCA ANEXO PIT B°OÑA,Estatal,Urbano,OÑA,CORDOBA,"[""2. Común - Secundario""]",-31.4501,-64.166,ONA
140056000,INSTITUTO PADRE CLARET,Privado,Urbano,PADRE CLARET,CORDOBA,"[""2. Común - Secundario""]",-31.3577,-64.2386,LOS ANGELES
140057200,I.P.E.M. Nº 269 DR. CESAR MILSTEIN,Estatal,Urbano,CENTRO,CORDOBA,"[""2. Común - Secundario""]",-31.4098,-64.1843,COFICO
140061700,INSTITUTO PIO X,Privado,Urbano,ALBERDI,CORDOBA,"[""2. Común - Secundario""]",-31.4107,-64.1978,ALBERDI
140061800,C.E.N.M.A. Nº 70 COMPAÑERO HUGO ESTANISLAO OCHOA,Estatal,Urbano,ALBERDI,CORDOBA,"[""7. Jóvenes y Adultos - Secundario""]",-31.41,-64.1914,DUCASSE
140061801,C.E.N.M.A. Nº 70 COMPAÑERO HUGO ESTANISLAO OCHOA ANEXO Bº ARTURO CAPDEVILA,Estatal,Urbano,ARTURO CAPDEVILA,CORDOBA,"[""7. Jóvenes y Adultos - Secundario""]",-31.3759,-64.1319,ARTURO CAPDEVILA
140061802,C.E.N.M.A. Nº 70 COMPAÑERO HUGO ESTANISLAO OCHOA ANEXO BARRIO CIUDAD OBISPO ANGELELLI,Estatal,Urbano,CIUDAD OBISPO ANGELELLI,CORDOBA,"[""7. Jóvenes y Adultos - Secundario""]",-31.5054,-64.1947,CIUDAD OBISPO ANGELELLI
140072500,I.P.E.T. Nº 64 MALVINAS ARGENTINAS,Estatal,Urbano,SAN VICENTE,CORDOBA,"[""2. Común - Secundario""]",-31.4229,-64.164,JUNIORS
140074100,C.E.N.M.A. Nº 19,Estatal,Urbano,PUEYRREDON,CORDOBA,"[""7. Jóvenes y Adultos - Secundario""]",-31.3987,-64.1658,GENERAL PUEYRREDON
140074101,C.E.N.M.A. Nº 19 ANEXO Bº YOFRE H,Estatal,Urbano,YOFRE H,CORDOBA,"[""7. Jóvenes y Adultos - Secundario""]",-31.3856,-64.129,YOFRE I
140074300,INSTITUTO SAN AGUSTIN,Privado,Urbano,COLON,CORDOBA,"[""2. Común - Secundario""]",-31.4374,-64.152,COLON
140074102,C.E.N.M.A. Nº 19 - ANEXO SEDE MERCADO DE ABASTO,Estatal,Urbano,PALMAR,CORDOBA,"[""7. Jóvenes y Adultos - Secundario""]",-31.3928,-64.1101,ZEPA
140074200,COLEGIO SAGRADA FAMILIA,Privado,Urbano,PUEYRREDON,CORDOBA,"[""0. Común - Inicial"",""1. Común - Primario""]",-31.4013,-64.1646,GENERAL PUEYRREDON
140074103,C.E.N.M.A. Nº 19 ANEXO SEDE CPC B° PUEYRREDON,Estatal,Urbano,PUEYRREDON,CORDOBA,"[""7. Jóvenes y Adultos - Secundario""]",-31.4033,-64.1548,HOGAR PROPIO
140078900,I.P.E.M. Nº 208  MARINA WAISMAN,Estatal,Urbano,CERRO DE LAS ROSAS,CORDOBA,"[""2. Común - Secundario""]",-31.3846,-64.2252,PALERMO BAJO
140077100,J.DE INF. MAESTROS PUNTANOS,Estatal,Urbano,POETA LUGONES ANEXO,CORDOBA,"[""0. Común - Inicial""]",-31.3607,-64.2225,AMPLIACION POETA LUGONES
140082200,ESCUELA PROVINCIA DE CORRIENTES,Estatal,Urbano,ESCOBAR,CORDOBA,"[""1. Común - Primario""]",-31.3914,-64.2167,OMBU
140093900,INSTITUTO SANTA TERESA DE JESUS,Privado,Urbano,CENTRO,CORDOBA,"[""2. Común - Secundario""]",-31.4172,-64.1862,CENTRO
140094100,I.P.E.T. Nº 66  DR.JOSE A.BALSEIRO,Estatal,Urbano,NUEVA CORDOBA,CORDOBA,"[""2. Común - Secundario""]",-31.4233,-64.1876,NUEVA CORDOBA
140096200,J.DE INF. GRAL. ENRIQUE MOSCONI,Estatal,Urbano,ALTO ALBERDI,CORDOBA,"[""0. Común - Inicial""]",-31.4149,-64.216,OBRERO
140102200,I.P.E.M. Nº 175 PADRE GRENON,Estatal,Urbano,VILLA AZALAIS,CORDOBA,"[""2. Común - Secundario""]",-31.3772,-64.1532,SAN NICOLAS
140102300,INSTITUTO SECUNDARIO PRIVADO JUAN XXIII,Privado,Urbano,RESIDENCIAL AMERICA,CORDOBA,"[""2. Común - Secundario""]",-31.3814,-64.1644,RESIDENCIAL AMERICA
140127000,INSTITUTO DR. DALMACIO VELEZ SARSFIELD,Privado,Urbano,GENERAL BUSTOS,CORDOBA,"[""2. Común - Secundario""]",-31.3964,-64.1752,GENERAL BUSTOS
140129000,I.P.E.M. Nº 114 ARTURO JAURETCHE,Estatal,Urbano,ACOSTA,CORDOBA,"[""2. Común - Secundario""]",-31.4248,-64.1207,ACOSTA
140131500,INSTITUTO LA INMACULADA,Privado,Urbano,VILLA RIVERA INDARTE,CORDOBA,"[""2. Común - Secundario""]",-31.3354,-64.2865,SAN JOSE
140133600,I.P.E.M. Nº 187 JOSE AMERICO MALANCA,Estatal,Urbano,VILLA CENTENARIO,CORDOBA,"[""2. Común - Secundario""]",-31.3641,-64.2302,VILLA CENTENARIO
140135200,INSTITUTO SAN BUENAVENTURA,Privado,Urbano,LAS PALMAS,CORDOBA,"[""2. Común - Secundario""]",-31.4019,-64.2514,TEODORO FELDS
140135500,I.P.E.M. Nº 205 RICARDO HUGO PALLADINO,Estatal,Urbano,SAN IGNACIO,CORDOBA,"[""2. Común - Secundario""]",-31.3954,-64.2513,TEODORO FELDS
140135800,INSTITUTO JESUS MARIA,Privado,Urbano,AVENIDA,CORDOBA,"[""2. Común - Secundario""]",-31.4294,-64.219,AVENIDA
140136300,INSTITUTO SECUNDARIO DE ECONOMIA Y TECNICO JOHN KENNEDY,Privado,Urbano,LOS GRANADOS,CORDOBA,"[""2. Común - Secundario""]",-31.4249,-64.2344,LOS GRANADOS
140136900,I.P.E.T. Nº 129 HEROES DE MALVINAS,Estatal,Urbano,VILLA MARTINEZ,CORDOBA,"[""2. Común - Secundario""]",-31.4157,-64.2483,LOS FILTROS
140136100,J.DE INF. MANUEL ESTEBAN PIZARRO,Estatal,Urbano,LAS PALMAS,CORDOBA,"[""0. Común - Inicial""]",-31.4032,-64.2384,LAS PALMAS
140149200,I.P.E.M Nº 325 MANUEL BELGRANO,Estatal,Urbano,ARGUELLO NORTE,CORDOBA,"[""2. Común - Secundario""]",-31.3255,-64.2637,UOCRA
140155300,INSTITUTO FUNDACION GENERAL PAZ,Privado,Urbano,NUEVA CORDOBA,CORDOBA,"[""2. Común - Secundario""]",-31.4299,-64.1928,GUEMES
140155400,I.P.E.M. Nº 38 FRANCISCO PABLO DE MAURO,Estatal,Urbano,ROGELIO MARTINEZ,CORDOBA,"[""2. Común - Secundario""]",-31.434,-64.1796,PARQUE SARMIENTO
140169400,INSTITUTO TECNICO ING.NOEL J.ETCHEGOYEN,Privado,Urbano,ALTO ALBERDI,CORDOBA,"[""2. Común - Secundario""]",-31.4011,-64.216,MARECHAL
140169700,INSTITUTO EL SALVADOR,Privado,Urbano,POETA LUGONES,CORDOBA,"[""2. Común - Secundario""]",-31.3625,-64.208,POETA LUGONES
140194200,C.E.N.M.A. Nº 232,Estatal,Urbano,ALBERDI,CORDOBA,"[""7. Jóvenes y Adultos - Secundario""]",-31.4055,-64.2018,ALBERDI
140194202,C.E.N.M.A. Nº 232 - ANEXO U.N.C. SEDE A DISTANCIA,Estatal,Urbano,CIUDAD UNIVERSITARIA,CORDOBA,"[""7. Jóvenes y Adultos - Secundario""]",-31.4349,-64.1871,CIUDAD UNIVERSITARIA
140194204,C.E.N.M.A. N° 232 ANEXO SEDE SELC,Estatal,Urbano,CENTRO,CORDOBA,"[""7. Jóvenes y Adultos - Secundario""]",-31.4155,-64.1838,CENTRO
140194206,C.E.N.M.A. Nº 232 ANEXO EXTENSION AULICA Bº LA FRANCE,Estatal,Urbano,LA FRANCE,CORDOBA,"[""7. Jóvenes y Adultos - Secundario""]",-31.3696,-64.2109,LAS MAGNOLIAS
140194207,C.E.N.M.A. Nº 232 ANEXO SEDE B° CENTRO,Estatal,Urbano,CENTRO,CORDOBA,"[""7. Jóvenes y Adultos - Secundario""]",-31.4126,-64.18,SIN BARRIO
140205900,INSTITUTO RICARDO PALMA (ADULTOS),Privado,Urbano,VILLA BELGRANO,CORDOBA,"[""7. Jóvenes y Adultos - Secundario""]",-31.3618,-64.2484,VILLA BELGRANO
140211700,INSTITUTO AMPARO DE MARIA,Privado,Urbano,CENTRO,CORDOBA,"[""2. Común - Secundario""]",-31.4151,-64.1954,PASO DE LOS ANDES
140212900,INSTITUTO DE EDUCACION CORDOBA,Privado,Urbano,COLINAS DE VELEZ SARSFIELD,CORDOBA,"[""2. Común - Secundario""]",-31.4378,-64.1964,COLINAS DE VELEZ SARSFIELD
140214000,J.DE INF. JUANA MANSO,Estatal,Urbano,SAN MARTIN,CORDOBA,"[""0. Común - Inicial""]",-31.3856,-64.197,LOS PARAISOS
140221900,I.P.E.T. Nº 77 GDOR.DR.S.DEL CASTILLO,Estatal,Urbano,SAN FELIPE,CORDOBA,"[""2. Común - Secundario""]",-31.4569,-64.1336,SAN FELIPE
140222100,I.P.E.M. Nº 176 GRANADERO JOSE MARQUEZ,Estatal,Urbano,SAN JAVIER,CORDOBA,"[""2. Común - Secundario""]",-31.4527,-64.1038,SAN JAVIER
140222600,INSTITUTO DALMACIO VELEZ SARSFIELD,Privado,Urbano,FERREYRA SUD,CORDOBA,"[""2. Común - Secundario""]",-31.4649,-64.1109,FERREYRA
140223100,I.P.E.M. Nº 136 DR. ALFREDO L. PALACIOS,Estatal,Urbano,VILLA BUSTOS,CORDOBA,"[""2. Común - Secundario""]",-31.4409,-64.1113,VILLA BUSTOS
140223103,I.P.E.M. Nº 136 DR. ALFREDO L. PALACIOS ANEXO LA CARBONADA,Estatal,Urbano,LA CARBONADA,CORDOBA,"[""2. Común - Secundario""]",-31.5057,-64.1017,25 DE MAYO
140223700,I.P.E.M. Nº 153 JUAN MARTIN DE PUEYRREDON,Estatal,Urbano,GENERAL PAZ,CORDOBA,"[""2. Común - Secundario""]",-31.4103,-64.1657,GENERAL PAZ
140225900,INSTITUTO JOSE PEÑA,Privado,Urbano,VILLA CABRERA,CORDOBA,"[""2. Común - Secundario""]",-31.3837,-64.2173,ALTOS DE VILLA CABRERA
140227000,INSTITUTO SANTISIMA TRINIDAD,Privado,Urbano,SAN RAFAEL B,CORDOBA,"[""2. Común - Secundario""]",-31.4226,-64.2222,SAN RAFAEL
140227600,C.E.N.M.A. Nº 94,Estatal,Urbano,ALTO ALBERDI,CORDOBA,"[""7. Jóvenes y Adultos - Secundario""]",-31.4033,-64.2179,ALTO ALBERDI
140227604,C.E.N.M.A. N° 94 ANEXO EXTENSION AULICA Bº ROSEDAL,Estatal,Urbano,ROSEDAL ANEXO,CORDOBA,"[""7. Jóvenes y Adultos - Secundario""]",-31.4392,-64.2255,AMPLIACION ROSEDAL
140227605,C.E.N.M.A. Nº 94 ANEXO SEDE Bº ALTO ALBERDI,Estatal,Urbano,ALTO ALBERDI,CORDOBA,"[""7. Jóvenes y Adultos - Secundario""]",-31.409,-64.213,OBRERO
140227606,C.E.N.M.A. Nº 94 ANEXO SEDE Bº VILLA SIBURU,Estatal,Urbano,VILLA SIBURU,CORDOBA,"[""7. Jóvenes y Adultos - Secundario""]",-31.3943,-64.2269,LAS ROSAS
140227800,I.P.E.M. Nº 131 DR. JUAN MARTIN ALLENDE,Estatal,Urbano,RENE FAVALORO,CORDOBA,"[""2. Común - Secundario""]",-31.409,-64.2327,RENE FAVALORO
140227900,I.P.E.A. Nº 4 CHACRA DE LA MERCED,Estatal,Urbano,CHACRA DE LA MERCED,CORDOBA,"[""2. Común - Secundario""]",-31.4035,-64.0889,NUESTRO HOGAR II
140229000,I.P.E.M. Nº 196 DRA. ALICIA MOREAU DE JUSTO,Estatal,Urbano,LOS GIGANTES ANEXO,CORDOBA,"[""2. Común - Secundario""]",-31.3633,-64.1625,IPV ANEXO LOS GIGANTES
140227100,J.DE INF. JAPON,Estatal,Urbano,SAN RAFAEL,CORDOBA,"[""0. Común - Inicial""]",-31.4219,-64.2215,SAN RAFAEL
140227607,C.E.N.M.A. Nº 94 ANEXO SEDE B° QUEBRADA DE LAS ROSAS	,Estatal,Urbano,QUEBRADA LAS ROSAS,CORDOBA,"[""7. Jóvenes y Adultos - Secundario""]",-31.3937,-64.2555,QUEBRADA DE LAS ROSAS
140227200,ESCUELA ESPECIAL MARIA MONTESSORI,Estatal,Urbano,PARQUE SAN FRANCISCO,CORDOBA,"[""4. Especial""]",-31.4245,-64.212,SAN FRANCISCO
140229300,I.P.E.M. Nº 182 DR. JORGE W. ABALOS,Estatal,Urbano,MARIA LASTENIA,CORDOBA,"[""2. Común - Secundario""]",-31.3239,-64.176,MARIA LASTENIA
140229400,I.P.E.A.y T. Nº 189  DR. JUAN MAMERTO GARRO,Estatal,Urbano,PALMAR,CORDOBA,"[""2. Común - Secundario""]",-31.3828,-64.11,LA DOROTEA
140229700,INSTITUTO MIXTO SECUNDARIO JUSTO JOSE DE URQUIZA,Privado,Urbano,PUEYRREDON,CORDOBA,"[""2. Común - Secundario""]",-31.3954,-64.1508,AMPLIACION PUEYRREDON
140229900,I.P.E.M. Nº 174 TRINIDAD MORENO,Estatal,Urbano,YOFRE SUD,CORDOBA,"[""2. Común - Secundario""]",-31.3945,-64.1376,YOFRE SUD
140229200,ESCUELA GREGORIA MATORRAS DE SAN MARTIN,Estatal,Urbano,MARIA LASTENIA,CORDOBA,"[""1. Común - Primario""]",-31.3239,-64.176,MARIA LASTENIA
140229500,ESCUELA RABINDRANATH TAGORE,Estatal,Urbano,VILLA CLAUDINA,CORDOBA,"[""1. Común - Primario""]",-31.3897,-64.1232,VILLA CLAUDINA
140231400,INSTITUTO EDUCACIONAL JOSE HERNANDEZ,Privado,Urbano,MARQUES DE SOBREMONTE,CORDOBA,"[""2. Común - Secundario""]",-31.3674,-64.204,SAN MARTIN NORTE
140231500,COLEGIO ALEMAN CORDOBA,Privado,Urbano,ARGUELLO,CORDOBA,"[""2. Común - Secundario""]",-31.3487,-64.2538,ARGUELLO
140231600,INSTITUTO ARGUELLO,Privado,Urbano,ARGUELLO,CORDOBA,"[""2. Común - Secundario""]",-31.3518,-64.2473,GRANJA DE FUNES
140231700,INSTITUTO DEL INMACULADO CORAZÓN DE MARIA ADORATRICES,Privado,Urbano,CENTRO,CORDOBA,"[""2. Común - Secundario""]",-31.4181,-64.1772,SIN BARRIO
140233300,INSTITUTO DE LA INMACULADA,Privado,Urbano,VILLA CORINA,CORDOBA,"[""2. Común - Secundario""]",-31.3784,-64.1431,SANTA CLARA DE ASIS
140234500,I.P.E.M. Nº 121 GOB. JUSTO PASTOR PAEZ MOLINA,Estatal,Urbano,JERONIMO LUIS DE CABRERA,CORDOBA,"[""2. Común - Secundario""]",-31.3558,-64.1797,JERONIMO LUIS DE CABRERA
140235600,C.E.N.M.A. ASIMRA,Estatal,Urbano,ALTA CORDOBA,CORDOBA,"[""7. Jóvenes y Adultos - Secundario""]",-31.3911,-64.1819,ALTA CORDOBA
140235602,C.E.N.M.A. ASIMRA - ANEXO Bº PATRICIOS,Estatal,Urbano,PATRICIOS,CORDOBA,"[""7. Jóvenes y Adultos - Secundario""]",-31.3728,-64.1392,GENERAL BELGRANO
140235604,C.E.N.M.A. ASIMRA ANEXO DR. JORGE WASHINGTON ABALOS,Estatal,Urbano,MARIA LASTENIA,CORDOBA,"[""7. Jóvenes y Adultos - Secundario""]",-31.324,-64.1766,MARIA LASTENIA
140235605,C.E.N.M.A. ASIMRA ANEXO REGINO MADERS,Estatal,Urbano,GENERAL BUSTOS,CORDOBA,"[""7. Jóvenes y Adultos - Secundario""]",-31.3879,-64.168,GENERAL BUSTOS
140235700,I.P.E.M. Nº 152 DR. ALEJO CARMEN GUZMAN,Estatal,Urbano,ALEM,CORDOBA,"[""2. Común - Secundario""]",-31.3962,-64.1675,GENERAL BUSTOS
140236200,INSTITUTO DE SAN JOSE (H.H.DOMINICAS),Privado,Urbano,ALBERDI,CORDOBA,"[""2. Común - Secundario""]",-31.4134,-64.1981,CIRCUNVALACION
140236400,C.E.N.M.A. Nº 135,Estatal,Urbano,ALBERDI,CORDOBA,"[""7. Jóvenes y Adultos - Secundario""]",-31.4077,-64.2001,ALBERDI
140236404,C.E.N.M.A. Nº 135 ANEXO SEDE SACRA,Estatal,Urbano,CENTRO,CORDOBA,"[""7. Jóvenes y Adultos - Secundario""]",-31.4141,-64.1758,SIN BARRIO
140236405,C.E.N.M.A. N° 135 - ANEXO SEDE ALECYT,Estatal,Urbano,ALBERDI,CORDOBA,"[""7. Jóvenes y Adultos - Secundario""]",-31.411,-64.1966,ALBERDI
140234600,ESCUELA PAULA ALBARRACIN DE SARMIENTO,Estatal,Urbano,VILLA AZALAIS OESTE,CORDOBA,"[""1. Común - Primario""]",-31.3678,-64.175,VILLA AZALAIS OESTE
140236407,C.E.N.M.A. Nº 135 ANEXO SEDE SACRA Bº PARQUE LICEO 2º SECCION,Estatal,Urbano,,CORDOBA,"[""7. Jóvenes y Adultos - Secundario""]",-31.3547,-64.1648,PARQUE LICEO SECCION 2
140238700,INSTITUTO SECUNDARIO ORIENTADO Y TECNICO CARLOS MARIA DE ALVEAR,Privado,Urbano,LOS EUCALIPTUS,CORDOBA,"[""2. Común - Secundario""]",-31.4679,-64.0876,LOS EUCALIPTUS
140238800,INSTITUTO ING.ENRIQUE MOSCONI,Privado,Urbano,1º DE MAYO,CORDOBA,"[""2. Común - Secundario""]",-31.4337,-64.1217,AMPLIACION EMPALME
140236500,J.DE INF. MARIANO MORENO,Estatal,Urbano,ALBERDI,CORDOBA,"[""0. Común - Inicial""]",-31.4079,-64.2002,ALBERDI
140241400,INSTITUTO JUAN ZORRILLA DE SAN MARTIN,Privado,Urbano,CERRO DE LAS ROSAS,CORDOBA,"[""2. Común - Secundario""]",-31.3758,-64.239,VALLE DEL CERRO
140241600,INSTITUTO MADRES ESCOLAPIAS,Privado,Urbano,CERRO DE LAS ROSAS,CORDOBA,"[""2. Común - Secundario""]",-31.3689,-64.2376,VALLE DEL CERRO
140242800,I.P.E.M. Nº 86 GABRIELA MISTRAL,Estatal,Urbano,CENTRO,CORDOBA,"[""2. Común - Secundario""]",-31.4097,-64.1841,COFICO
140243100,INSTITUTO 25 DE MAYO,Privado,Urbano,CENTRO,CORDOBA,"[""2. Común - Secundario""]",-31.4119,-64.1838,CENTRO
140243400,INSTITUTO JOSE MARIA PAZ,Privado,Urbano,CENTRO,CORDOBA,"[""2. Común - Secundario"",""7. Jóvenes y Adultos - Secundario""]",-31.4099,-64.1844,COFICO
140245600,INSTITUTO GARCIA FAURE,Privado,Urbano,ALTA CORDOBA,CORDOBA,"[""2. Común - Secundario""]",-31.3963,-64.1879,INDEPENDENCIA
140245700,I.P.E.M. Nº 201 LEOPOLDO MARECHAL,Estatal,Urbano,COFICO,CORDOBA,"[""2. Común - Secundario""]",-31.4027,-64.1828,COFICO
140245900,C.E.N.M.A. No 168,Estatal,Urbano,COFICO,CORDOBA,"[""7. Jóvenes y Adultos - Secundario""]",-31.4025,-64.183,COFICO
140244100,J.DE INF. MONSEÑOR N. DE ANDREA,Estatal,Urbano,FERROVIARIO MITRE,CORDOBA,"[""0. Común - Inicial""]",-31.4416,-64.1366,JOSE IGNACIO DIAZ SECCION 1
140249700,INSTITUTO SECUNDARIO GENERAL SAN MARTIN,Privado,Urbano,LAS PALMAS,CORDOBA,"[""2. Común - Secundario""]",-31.3959,-64.2415,VILLA GENERAL URQUIZA
140250100,INSTITUTO MANUEL BELGRANO,Privado,Urbano,CENTRO,CORDOBA,"[""2. Común - Secundario""]",-31.4179,-64.1493,BAJADA DE PIEDRA
140250400,I.P.E.M. Nº 134 ING. REGINO MADERS,Estatal,Urbano,GENERAL BUSTOS,CORDOBA,"[""2. Común - Secundario""]",-31.3879,-64.1681,GENERAL BUSTOS
140250500,I.P.E.T. Nº 17 PAULO FREIRE,Estatal,Urbano,VILLA RIVERA INDARTE,CORDOBA,"[""2. Común - Secundario""]",-31.3197,-64.2933,VILLA RIVERA INDARTE
140250800,INSTITUTO PARROQUIAL SAN FRANCISCO DE ASIS,Privado,Urbano,LAS FLORES,CORDOBA,"[""2. Común - Secundario""]",-31.4537,-64.1979,LAS FLORES
140252600,I.P.E.M. Nº 167 JOSE MANUEL ESTRADA,Estatal,Urbano,VILLA REVOL,CORDOBA,"[""2. Común - Secundario""]",-31.4413,-64.1688,CABANA DEL PILAR
140252700,INSTITUTO VILLA EUCARISTICA (F.A.S.T.A.),Privado,Urbano,VILLA EUCARISTICA,CORDOBA,"[""2. Común - Secundario""]",-31.4797,-64.1793,VILLA EUCARISTICA
140260300,ESCRIBANO JUAN ANTONIO PAREDES,Estatal,Urbano,GENERAL MOSCONI,CORDOBA,"[""0. Común - Inicial"",""1. Común - Primario"",""6. Jóvenes y Adultos - Primario""]",-31.363,-64.1503,GENERAL MOSCONI
140265600,I.P.E.M. Nº 163 JOSE DE SAN MARTIN,Estatal,Urbano,GUEMES,CORDOBA,"[""2. Común - Secundario""]",-31.4267,-64.1917,GUEMES
140265800,INSTITUTO RAMON GARCIA MARTINEZ,Privado,Urbano,BALCARCE,CORDOBA,"[""2. Común - Secundario""]",-31.4352,-64.222,MARIANO BALCARCE
140267500,INSTITUTO JOVENES ARGENTINOS,Privado,Urbano,JARDIN ESPINOSA,CORDOBA,"[""2. Común - Secundario""]",-31.453,-64.1752,JARDINES DEL JOCKEY
140267800,INSTITUTO NUESTRA SEÑORA,Privado,Urbano,JARDIN ESPINOSA,CORDOBA,"[""2. Común - Secundario""]",-31.455,-64.1741,AMPLIACION JARDIN ESPINOSA
140268600,I.P.E.M. Nº 171 BRIGADIER JUAN I. SAN MARTIN,Estatal,Urbano,VILLA ADELA,CORDOBA,"[""2. Común - Secundario""]",-31.4391,-64.2513,LAS PLAYAS
140268800,I.P.E.T. y M. Nº 101 REPUBLICA ARGENTINA,Estatal,Urbano,AMEGHINO SUR,CORDOBA,"[""2. Común - Secundario""]",-31.4334,-64.2371,AMEGHINO SUD
140268900,I.P.E.M. Nº 154 GRAL. MARTIN MIGUEL DE GUEMES,Estatal,Urbano,ROSEDAL ANEXO,CORDOBA,"[""2. Común - Secundario""]",-31.4393,-64.2252,AMPLIACION ROSEDAL
140270500,INSTITUTO INTEGRAL MODELO,Privado,Urbano,ALBERDI,CORDOBA,"[""2. Común - Secundario""]",-31.4092,-64.1965,ALBERDI
140270800,INSTITUTO CORAZON DE MARIA,Privado,Urbano,ALTA CORDOBA,CORDOBA,"[""2. Común - Secundario""]",-31.3947,-64.1816,ALTA CORDOBA
140270900,C.E.N.M.A. Nº 215,Estatal,Urbano,ALTA CORDOBA,CORDOBA,"[""7. Jóvenes y Adultos - Secundario""]",-31.3866,-64.186,ALTA CORDOBA
140270901,C.E.N.M.A. Nº 215 ANEXO SEDE Bº GENERAL BUSTOS (A.SABATTINI),Estatal,Urbano,VILLA AZALAIS OESTE,CORDOBA,"[""7. Jóvenes y Adultos - Secundario""]",-31.3678,-64.175,VILLA AZALAIS OESTE
140270902,C.E.N.M.A. Nº 215 ANEXO SEDE Bº SAN MARTIN,Estatal,Urbano,SAN MARTIN,CORDOBA,"[""7. Jóvenes y Adultos - Secundario""]",-31.3952,-64.195,SAN MARTIN
140270903,C.E.N.M.A. Nº 215 ANEXO B°AMPLIACION RESIDENCIAL AMERICA,Estatal,Urbano,AMPLIACION RESIDENCIAL AMERICA,CORDOBA,"[""7. Jóvenes y Adultos - Secundario""]",-31.3792,-64.1612,AMPLIACION RESIDENCIAL AMERICA
140270904,C.E.N.M.A. Nº 215 ANEXO EXTENSION AULICA Bº  MARCELO T. DE ALVEAR,Estatal,Urbano,VILLA AZALAIS OESTE,CORDOBA,"[""7. Jóvenes y Adultos - Secundario""]",-31.3681,-64.175,VILLA AZALAIS OESTE
140270905,C.E.N.M.A. Nº 215 ANEXO EXTENSION AULICA JUAN JOSE PASO,Estatal,Urbano,ANA MARIA ZUMARAN,CORDOBA,"[""7. Jóvenes y Adultos - Secundario""]",-31.3779,-64.2001,ANA MARIA ZUMARAN
140271100,INSTITUTO DR. MANUEL LUCERO,Privado,Urbano,ALTA CORDOBA,CORDOBA,"[""2. Común - Secundario""]",-31.3893,-64.1825,ALTA CORDOBA
140271300,I.P.E.M. Nº 169 RAFAEL M.ESCUTI,Estatal,Urbano,CIUDAD JUAN PABLO II,CORDOBA,"[""2. Común - Secundario""]",-31.3645,-64.1566,CIUDAD DE JUAN PABLO II
140271400,I.P.E.M. Nº 122 DIEGO GOMEZ CASCO,Estatal,Urbano,ALTA CORDOBA,CORDOBA,"[""2. Común - Secundario""]",-31.3804,-64.184,LA FRATERNIDAD
140272100,INSTITUTO NUESTRA SEÑORA DEL CARMEN,Privado,Urbano,ALTA CORDOBA,CORDOBA,"[""2. Común - Secundario""]",-31.3816,-64.1834,LA FRATERNIDAD
140270909,C.E.N.M.A. Nº 215 ANEXO SEDE VILLA ESQUIU,Estatal,Urbano,VILLA ESQUIU,CORDOBA,"[""7. Jóvenes y Adultos - Secundario""]",-31.3591,-64.1079,VILLA ESQUIU
140271000,COLEGIO CORAZON DE MARIA,Privado,Urbano,ALTA CORDOBA,CORDOBA,"[""1. Común - Primario""]",-31.3948,-64.1814,ALTA CORDOBA
140270908,C.E.N.M.A. Nº 215 ANEXO SEDE B° AMPLIACION POETA LUGONES,Estatal,Urbano,AMPLIACION POETA LUGONES,CORDOBA,"[""7. Jóvenes y Adultos - Secundario""]",-31.3613,-64.2046,POETA LUGONES
140276700,INSTITUTO NUESTRA SEÑORA DEL VALLE,Privado,Urbano,VILLA LOS ANGELES,CORDOBA,"[""2. Común - Secundario""]",-31.3603,-64.2395,LOS ANGELES
140276800,I.P.E.M. Nº 206 FERNANDO FADER,Estatal,Urbano,PARQUE COREMA,CORDOBA,"[""2. Común - Secundario""]",-31.3689,-64.227,PARQUE COREMA
140277200,INSTITUTO MONSEÑOR DE ANDREA,Privado,Urbano,CENTRO,CORDOBA,"[""2. Común - Secundario""]",-31.4182,-64.1878,CENTRO
140277700,INSTITUTO SANTA ANA,Privado,Urbano,ARGUELLO,CORDOBA,"[""2. Común - Secundario""]",-31.3387,-64.2597,ARGUELLO
140278200,C.E.N.M.A. CASA DE GOBIERNO,Estatal,Urbano,SAN MARTIN,CORDOBA,"[""7. Jóvenes y Adultos - Secundario""]",-31.4026,-64.1923,INDEPENDENCIA
140278203,C.E.N.M.A. CASA DE GOBIERNO ANEXO SEDE SURBAC,Estatal,Urbano,GENERAL PAZ,CORDOBA,"[""7. Jóvenes y Adultos - Secundario""]",-31.4116,-64.1641,GENERAL PAZ
140278206,C.E.N.M.A. CASA DE GOBIERNO ANEXO B° PATRICIOS OESTE,Estatal,Urbano,PATRICIOS OESTE,CORDOBA,"[""7. Jóvenes y Adultos - Secundario""]",-31.3695,-64.1431,PATRICIOS OESTE
140278300,C.E.N.M.A. SALUD,Estatal,Urbano,CENTRO,CORDOBA,"[""7. Jóvenes y Adultos - Secundario""]",-31.4145,-64.1898,CENTRO
140278208,C.E.N.M.A. CASA DE GOBIERNO ANEXO  SEDE B° ALTOS DE GENERAL PAZ,Estatal,Urbano,ALTO GENERAL PAZ,CORDOBA,"[""7. Jóvenes y Adultos - Secundario""]",-31.4051,-64.1566,HOGAR PROPIO
140280300,I.P.E.T. Nº 247 ING. CARLOS CASSAFFOUSTH,Estatal,Urbano,ALBERDI,CORDOBA,"[""2. Común - Secundario""]",-31.4103,-64.2044,QUINTA SANTA ANA
140280400,INST.SECUNDARIO EVANGELICO WILLIAM C. MORRIS,Privado,Urbano,ALBERDI,CORDOBA,"[""2. Común - Secundario""]",-31.4141,-64.1968,CIRCUNVALACION
140280500,INST. P/ADULTOS WILLIAM C.MORRIS,Privado,Urbano,ALBERDI,CORDOBA,"[""7. Jóvenes y Adultos - Secundario""]",-31.4141,-64.1968,CIRCUNVALACION
140280600,I.P.E.M. Nº 115 DOMINGO FAUSTINO SARMIENTO,Estatal,Urbano,ALBERDI,CORDOBA,"[""2. Común - Secundario""]",-31.4087,-64.201,ALBERDI
140282900,I.P.E.M. Nº 16 MARIA SALEME de BURNICHON,Estatal,Urbano,VILLA CORNU,CORDOBA,"[""2. Común - Secundario""]",-31.3157,-64.2674,POLICIAL
140288200,C.E.N.M.A. Nº 111,Estatal,Urbano,JUNIORS,CORDOBA,"[""7. Jóvenes y Adultos - Secundario""]",-31.4205,-64.1708,JUNIORS
140288205,C.E.N.M.A. N° 111 ANEXO CIUDAD DE MIS SUEÑOS,Estatal,Urbano,CIUDAD DE MIS SUEÑOS,CORDOBA,"[""7. Jóvenes y Adultos - Secundario""]",-31.477,-64.0855,CIUDAD DE MIS SUENOS
140288209,C.E.N.M.A. Nº 111 ANEXO BARRIO SANTA CATALINA,Estatal,Urbano,JARDIN,CORDOBA,"[""7. Jóvenes y Adultos - Secundario""]",-31.4475,-64.1716,SANTA RITA
140288210,C.E.N.M.A. Nº 111 ANEXO BARRIO AMPLIACION FERREYRA,Estatal,Urbano,AMPLIACION FERREYRA,CORDOBA,"[""7. Jóvenes y Adultos - Secundario""]",-31.4703,-64.1168,FERREYRA SEGUNDA SECCION
140288400,INSTITUTO SAN RAMON NONATO,Privado,Urbano,ALTOS GRAL PAZ,CORDOBA,"[""2. Común - Secundario""]",-31.4106,-64.1572,PATRIA
140288212,C.E.N.M.A. Nº 111 ANEXO SEDE Si.Re.LyF,Estatal,Urbano,NUEVA CORDOBA,CORDOBA,"[""7. Jóvenes y Adultos - Secundario""]",-31.4234,-64.1842,NUEVA CORDOBA
140288214,C.E.N.M.A. Nº 111 ANEXO SEDE Bº JUNIORS,Estatal,Urbano,JUNIORS,CORDOBA,"[""7. Jóvenes y Adultos - Secundario""]",-31.4216,-64.1612,JUNIORS
140288211,C.E.N.M.A. Nº 111 ANEXO ATILIO LOPEZ,Estatal,Urbano,FERREYRA,CORDOBA,"[""7. Jóvenes y Adultos - Secundario""]",-31.4615,-64.1109,FERREYRA
140288215,C.E.N.M.A. Nº 111 ANEXO SEDE BARRIO JARDIN,Estatal,Urbano,JARDIN,CORDOBA,"[""7. Jóvenes y Adultos - Secundario""]",-31.4582,-64.1697,VILLA SAN CARLOS
140288216,C.E.N.M.A. Nº 111 ANEXO B° VILLA RIVADAVIA,Estatal,Urbano,VILLA RIVADAVIA,CORDOBA,"[""7. Jóvenes y Adultos - Secundario""]",-31.5136,-64.1907,VILLA RIVADAVIA
140289100,INST. SUP. DE EDUCACION ARTISTICO MUSICAL DOMINGO ZIPOLI (EX IPEM 36),Estatal,Urbano,CIUDAD UNIVERSITARIA,CORDOBA,"[""0. Común - Inicial"",""1. Común - Primario"",""2. Común - Secundario"",""3. Común - Superior""]",-31.4403,-64.1928,CIUDAD UNIVERSITARIA
140289500,INSTITUTO SAGRADO CORAZON,Privado,Urbano,PUEYRREDON,CORDOBA,"[""2. Común - Secundario""]",-31.4032,-64.1674,GENERAL PUEYRREDON
140289600,INSTITUTO JESUITA SAGRADA FAMILIA,Privado,Urbano,PUEYRREDON,CORDOBA,"[""2. Común - Secundario""]",-31.4029,-64.1654,GENERAL PUEYRREDON
140289800,I.P.E.M. Nº 6 JUAN FILLOY,Estatal,Urbano,GENERAL PAZ,CORDOBA,"[""2. Común - Secundario""]",-31.405,-64.168,GENERAL PUEYRREDON
140290000,INSTITUTO TECNICO Y ORIENTADO LUIS MANUEL ROBLES,Privado,Urbano,PUEYRREDON,CORDOBA,"[""2. Común - Secundario""]",-31.3995,-64.1638,GENERAL PUEYRREDON
140290100,INSTITUTO OBISPO CAIXAL,Privado,Urbano,PUEYRREDON,CORDOBA,"[""2. Común - Secundario""]",-31.4012,-64.1646,GENERAL PUEYRREDON
140291000,I.P.E.M. Nº 181 BRIG. GRAL. CORNELIO SAAVEDRA,Estatal,Urbano,JUNIORS,CORDOBA,"[""2. Común - Secundario""]",-31.4206,-64.1701,JUNIORS
140291300,ESCUELA INTEGRAL ARGENTINA MARIANO MORENO,Privado,Urbano,GENERAL PAZ,CORDOBA,"[""2. Común - Secundario""]",-31.4153,-64.1711,SIN BARRIO
140291001,I.P.E.M. Nº 181 BRIG. GRAL. CORNELIO SAAVEDRA ANEXO PIT LELIKELEN,Estatal,Urbano,,CORDOBA,"[""2. Común - Secundario""]",-31.4215,-64.176,CENTRO
140289300,COLEGIO PADRE SEBASTIAN RAGGI,Privado,Urbano,PUEYRREDON,CORDOBA,"[""1. Común - Primario""]",-31.4027,-64.1647,GENERAL PUEYRREDON
140292300,I.P.E.M. Nº 184 MARIANO FRAGUEIRO,Estatal,Urbano,SAN VICENTE,CORDOBA,"[""2. Común - Secundario""]",-31.4205,-64.1399,PARQUE SAN VICENTE
140292700,COLEGIO SAN JOSE,Privado,Urbano,CENTRO,CORDOBA,"[""2. Común - Secundario""]",-31.4195,-64.1856,CENTRO
140292800,INSTITUTO ADVENTISTA VELEZ SARSFIELD,Privado,Urbano,OÑA,CORDOBA,"[""2. Común - Secundario""]",-31.4485,-64.167,ONA
140293300,I.P.E.M. Nº 161 MANUEL DORREGO,Estatal,Urbano,TALLERES ESTE,CORDOBA,"[""2. Común - Secundario""]",-31.3905,-64.1546,TALLERES ESTE
140294700,INSTITUTO INMACULADA CONCEPCION,Privado,Urbano,SAN MARTIN,CORDOBA,"[""2. Común - Secundario""]",-31.3932,-64.2024,BAJO GALAN
140294900,C.E.N.M.A. Nº 23,Estatal,Urbano,VILLA CABRERA,CORDOBA,"[""7. Jóvenes y Adultos - Secundario""]",-31.3885,-64.2087,VILLA CABRERA
140294905,C.E.N.M.A. Nº 23 - ANEXO BARRIO MARQUES DE SOBREMONTE,Estatal,Urbano,MARQUEZ DE SOBREMONTE-ANEXO,CORDOBA,"[""7. Jóvenes y Adultos - Secundario""]",-31.372,-64.1946,MARQUES ANEXO
140293900,ESCUELA MAESTROS PUNTANOS,Estatal,Urbano,POETA LUGONES ANEXO,CORDOBA,"[""1. Común - Primario""]",-31.3599,-64.2226,AMPLIACION POETA LUGONES
140297100,INSTITUTO FASTA SANTO DOMINGO DE GUZMAN ,Privado,Urbano,LAS ROSAS,CORDOBA,"[""2. Común - Secundario""]",-31.3924,-64.2246,LAS ROSAS
140297200,INSTITUTO CEFERINO NAMUNCURA,Privado,Urbano,LA FRANCE,CORDOBA,"[""2. Común - Secundario""]",-31.3742,-64.2093,LA FRANCE
140297400,INSTITUTO MATER PURISSIMA,Privado,Urbano,ALTO VERDE,CORDOBA,"[""2. Común - Secundario""]",-31.3681,-64.2153,LAS MAGNOLIAS
140298300,INSTITUTO DEL CARMEN,Privado,Urbano,ARGUELLO,CORDOBA,"[""2. Común - Secundario""]",-31.3483,-64.2552,ARGUELLO
140298400,INSTITUTO LA SALLE,Privado,Urbano,ARGUELLO,CORDOBA,"[""2. Común - Secundario""]",-31.3481,-64.2565,ARGUELLO
140302300,ESCUELA CASTELFRANCO BILINGÜE Y BICULTURAL,Privado,Urbano,VILLA BELGRANO,CORDOBA,"[""2. Común - Secundario""]",-31.3517,-64.2575,ARGUELLO
140304000,INSTITUTO GABRIEL TABORIN,Privado,Urbano,CRISOL NORTE,CORDOBA,"[""2. Común - Secundario""]",-31.4265,-64.1719,CRISOL NORTE
140304200,INSTITUTO DANTE ALIGHIERI,Privado,Urbano,IPONA,CORDOBA,"[""2. Común - Secundario""]",-31.4465,-64.1906,SAN FERNANDO
140304400,INSTITUTO COLEGIO SAN JOSE,Privado,Urbano,ALTO ALBERDI,CORDOBA,"[""2. Común - Secundario""]",-31.4177,-64.2108,CASEROS
140304500,INSTITUTO NUESTRA SEÑORA DEL HUERTO,Privado,Urbano,CENTRO,CORDOBA,"[""2. Común - Secundario""]",-31.4176,-64.1893,CENTRO
140304800,I.P.E.M. Nº 197 REPUBLICA DEL LIBANO,Estatal,Urbano,URCA,CORDOBA,"[""2. Común - Secundario""]",-31.3807,-64.2379,URCA
140304900,INSTITUCION ESCUTI,Privado,Urbano,LAS ROSAS,CORDOBA,"[""2. Común - Secundario""]",-31.3901,-64.2306,LAS ROSAS
140305000,INSTITUTO SECUNDARIO REPUBLICA DE ITALIA,Privado,Urbano,URCA,CORDOBA,"[""2. Común - Secundario""]",-31.3837,-64.2449,COUNTRY BARRANCAS
140305300,I.P.E.M. Nº 198 DR. MARTIN FERREYRA,Estatal,Urbano,POETA LUGONES,CORDOBA,"[""2. Común - Secundario""]",-31.3586,-64.2167,POETA LUGONES
140306900,I.P.E.M. Nº 192 DR. JOSE RAMON IBAÑEZ,Estatal,Urbano,VILLA ESQUIU,CORDOBA,"[""2. Común - Secundario""]",-31.358,-64.1079,VILLA ESQUIU
140307800,I.P.E.M. Nº 160 HIPOLITO VIEYTES,Estatal,Urbano,ALTO ALBERDI,CORDOBA,"[""2. Común - Secundario""]",-31.409,-64.2127,OBRERO
140311500,I.P.E.M. Nº 103 ESTEBAN ECHEVERRIA,Estatal,Urbano,SAN MARTIN,CORDOBA,"[""2. Común - Secundario""]",-31.3953,-64.1949,SAN MARTIN
140311600,I.P.E.M. Nº 155 JUAN JOSE PASO,Estatal,Urbano,ANA MARIA ZUMARAN,CORDOBA,"[""2. Común - Secundario""]",-31.3775,-64.2003,ANA MARIA ZUMARAN
140312200,I.P.E.T. Nº 248 LEOPOLDO LUGONES,Estatal,Urbano,NUEVA CORDOBA,CORDOBA,"[""2. Común - Secundario""]",-31.4227,-64.1837,NUEVA CORDOBA
140326500,I.P.E.M. Nº 123 BLANCA ETCHEMENDY,Estatal,Urbano,VILLA EL LIBERTADOR,CORDOBA,"[""2. Común - Secundario""]",-31.4719,-64.2191,LOS OLMOS SUD
140326800,I.P.E.M.y T. Nº 149 ALEJANDRO CARBO,Estatal,Urbano,RESIDENCIAL SANTA ROSA,CORDOBA,"[""2. Común - Secundario""]",-31.4791,-64.2077,RESIDENCIAL SANTA ROSA
140326600,J.DE INF. ALEJANDRO CARBO,Estatal,Urbano,ALEJANDRO CARBO,CORDOBA,"[""0. Común - Inicial""]",-31.4808,-64.2046,CARBO
140330800,INSTITUTO SECUNDARIO RICARDO PALMA,Privado,Urbano,VILLA BELGRANO,CORDOBA,"[""2. Común - Secundario""]",-31.3619,-64.2484,VILLA BELGRANO
140331700,I.P.E.T. Nº 249 NICOLAS COPERNICO,Estatal,Urbano,OBSERVATORIO,CORDOBA,"[""2. Común - Secundario""]",-31.419,-64.1996,PASO DE LOS ANDES
140331800,ESC. NORMAL SUPERIOR DR. AGUSTIN GARZON AGULLA,Estatal,Urbano,GENERAL PAZ,CORDOBA,"[""0. Común - Inicial"",""1. Común - Primario"",""2. Común - Secundario"",""3. Común - Superior""]",-31.4139,-64.1646,GENERAL PAZ
140331900,I.P.E.T. y M. Nº 246 DR. AMADEO SABATTINI,Estatal,Urbano,GUEMES,CORDOBA,"[""2. Común - Secundario""]",-31.4323,-64.1942,GUEMES
140332200,INSTITUTO PQUIAL. SAN PABLO APOSTOL,Privado,Urbano,COLON,CORDOBA,"[""2. Común - Secundario""]",-31.4385,-64.1577,MAIPU SECCION 1
140332800,INSTITUTO SUPERIOR PASCAL,Privado,Urbano,CENTRO,CORDOBA,"[""3. Común - Superior"",""7. Jóvenes y Adultos - Secundario""]",-31.4139,-64.1778,SIN BARRIO
140333000,INSTITUTO DE LA SAGRADA FAMILIA,Privado,Urbano,CENTRO,CORDOBA,"[""2. Común - Secundario""]",-31.4084,-64.1852,COFICO
140333400,C.E.N.M.A. PROFESORA MARIA SALEME BURNICHON,Estatal,Urbano,NUEVA CORDOBA,CORDOBA,"[""7. Jóvenes y Adultos - Secundario""]",-31.4228,-64.1831,NUEVA CORDOBA
140333409,C.E.N.M.A. PROFESORA MARIA SALEME BURNICHON ANEXO N° 09,Estatal,Urbano,CENTRO,CORDOBA,"[""7. Jóvenes y Adultos - Secundario""]",-31.4217,-64.1758,CENTRO
140333600,C.E.N.M.A. AGUSTIN TOSCO,Estatal,Urbano,CENTRO,CORDOBA,"[""7. Jóvenes y Adultos - Secundario""]",-31.4146,-64.1897,CENTRO
140333604,C.E.N.M.A. AGUSTIN TOSCO - ANEXO SEDE Bº GUIÑAZU,Estatal,Urbano,GUIÑAZU,CORDOBA,"[""7. Jóvenes y Adultos - Secundario""]",-31.4132,-64.1893,CENTRO
140333700,I.P.E.M. Nº 270 GRAL. MANUEL BELGRANO,Estatal,Urbano,ALBERDI,CORDOBA,"[""2. Común - Secundario""]",-31.4127,-64.1954,ALBERDI
140333800,ESC. NORMAL SUPERIOR ALEJANDRO CARBO,Estatal,Urbano,ALBERDI,CORDOBA,"[""0. Común - Inicial"",""1. Común - Primario"",""2. Común - Secundario"",""3. Común - Superior""]",-31.4102,-64.1959,ALBERDI
140334000,INSTITUTO ESCUELAS PIAS,Privado,Urbano,GENERAL PAZ,CORDOBA,"[""2. Común - Secundario""]",-31.4138,-64.1665,GENERAL PAZ
140333413,C.E.N.M.A. PROFESORA MARIA SALEME BURNICHON ANEXO SEDE PARQUE EDUCATIVO NORTE,Estatal,Urbano,MARQUEZ ANEXO,CORDOBA,"[""7. Jóvenes y Adultos - Secundario""]",-31.3716,-64.1931,MARQUES ANEXO
140333900,ESCUELA SUP. DE ENFERMERIA CRUZ DEL SACRIFICIO,Privado,Urbano,GENERAL PAZ,CORDOBA,"[""3. Común - Superior""]",-31.4139,-64.1716,SIN BARRIO
140334800,I.P.E.T. N°48 PRESIDENTE ROCA,Estatal,Urbano,PARQUE SARMIENTO,CORDOBA,"[""2. Común - Secundario""]",-31.4332,-64.1769,PARQUE SARMIENTO
140334900,I.P.E.M. Nº 268 DEAN FUNES,Estatal,Urbano,NUEVA CORDOBA,CORDOBA,"[""2. Común - Secundario""]",-31.4307,-64.1906,GUEMES
140336200,INSTITUTO SANTA MARGARITA DE CORTONA,Privado,Urbano,SAN VICENTE,CORDOBA,"[""2. Común - Secundario""]",-31.4216,-64.1458,BAJADA DE PIEDRA
140337900,INSTITUTO EDUCACIONAL SAN JORGE,Privado,Urbano,CENTRO,CORDOBA,"[""2. Común - Secundario""]",-31.4167,-64.1795,CENTRO
140338900,INSTITUTO DE LA INMACULADA,Privado,Urbano,CENTRO,CORDOBA,"[""2. Común - Secundario""]",-31.4189,-64.1829,CENTRO
140340600,I.P.E.M. Nº 162 ING. VICTOR REE,Estatal,Urbano,CERRO DE LAS ROSAS,CORDOBA,"[""2. Común - Secundario""]",-31.3769,-64.2297,ALTO PALERMO
140341500,INSTITUTO SAN ANTONIO DE PADUA,Privado,Urbano,SAN VICENTE,CORDOBA,"[""2. Común - Secundario""]",-31.4225,-64.1573,SAN VICENTE
140342000,INSTITUTO DOMINGO SAVIO,Privado,Urbano,DON BOSCO,CORDOBA,"[""2. Común - Secundario""]",-31.3919,-64.2666,CORDOBA IV
140342200,INSTITUTO TECNICO SALESIANO VILLADA,Privado,Urbano,VALLE ESCONDIDO,CORDOBA,"[""2. Común - Secundario""]",-31.363,-64.2764,COUNTRY VALLE ESCONDIDO
140343600,INSTITUTO NUESTRA SEÑORA DE LORETO,Privado,Urbano,LOS NARANJOS,CORDOBA,"[""2. Común - Secundario""]",-31.4291,-64.2215,SAN RAFAEL
140343900,I.P.E.M. Nº 185 PERITO MORENO,Estatal,Urbano,SAN RAFAEL,CORDOBA,"[""2. Común - Secundario""]",-31.4224,-64.2219,SAN RAFAEL
140344500,I.P.E.M. Nº 42 PROF. MARCELA BEATRIZ MOYANO COUDERT,Estatal,Urbano,LAS PALMAS,CORDOBA,"[""2. Común - Secundario""]",-31.4048,-64.2337,SAN SALVADOR
140344800,INSTITUTO COLEGIO SAN JOSE,Privado,Urbano,ALTO ALBERDI,CORDOBA,"[""2. Común - Secundario""]",-31.4062,-64.223,ALTO ALBERDI
140344900,INSTITUTO PARROQUIAL SAN JOSE,Privado,Urbano,ALTO ALBERDI,CORDOBA,"[""2. Común - Secundario""]",-31.4069,-64.2226,ALTO ALBERDI
140345000,INSTITUTO SAN LUIS GONZAGA,Privado,Urbano,ALTO ALBERDI,CORDOBA,"[""2. Común - Secundario""]",-31.4047,-64.2094,ALBERDI
140345100,INSTITUTO SECUNDARIO PARA ADULTOS SAN JERONIMO,Privado,Urbano,ALTO ALBERDI,CORDOBA,"[""7. Jóvenes y Adultos - Secundario""]",-31.4051,-64.2116,OBRERO
140345500,I.P.E.M. Nº 41 JORGE LUIS BORGES,Estatal,Urbano,PARQUE REPUBLICA,CORDOBA,"[""2. Común - Secundario""]",-31.4157,-64.2638,VILLA ALBERTO
140345200,ESCUELA MANUEL EDUARDO PEREZ BULNES,Estatal,Urbano,LAS VIOLETAS,CORDOBA,"[""1. Común - Primario""]",-31.4102,-64.2524,LAS VIOLETAS
140345300,ESCUELA JOSE AGUIRRE CAMARA,Estatal,Urbano,LOS FILTROS,CORDOBA,"[""1. Común - Primario""]",-31.4119,-64.2479,LOS FILTROS
140355800,INSTITUTO LEON XIII,Privado,Urbano,VILLA RIVERA INDARTE,CORDOBA,"[""2. Común - Secundario""]",-31.3302,-64.287,VILLA QUISQUIZACATE
140362600,I.P.E.M. Nº 195 PRIMER TTE.PEDRO IGNACIO BEAN,Estatal,Urbano,LAS FLORES,CORDOBA,"[""2. Común - Secundario""]",-31.4514,-64.202,SAN DANIEL
140362700,INSTITUTO SAN JOSE ARTESANO,Privado,Urbano,LOS OLMOS,CORDOBA,"[""2. Común - Secundario""]",-31.4564,-64.2133,PARQUE LATINO
140362900,I.P.E.M. Nº 120 REPUBLICA DE FRANCIA,Estatal,Urbano,RESIDENCIAL VELEZ SARSFIELD,CORDOBA,"[""2. Común - Secundario""]",-31.4493,-64.2061,CALIFORNIA
140365800,INSTITUTO MARIA IGNACIA NAVARRO DE LABAT,Privado,Urbano,SAN VICENTE,CORDOBA,"[""2. Común - Secundario""]",-31.4259,-64.1581,MAIPU SECCION 2
140367100,INSTITUTO PARROQUIAL SANTO CRISTO,Privado,Urbano,OBSERVATORIO,CORDOBA,"[""2. Común - Secundario""]",-31.4239,-64.2044,OBSERVATORIO
140367200,INSTITUTO SAUL A. TABORDA,Privado,Urbano,CERRO DE LAS ROSAS,CORDOBA,"[""2. Común - Secundario""]",-31.3754,-64.2238,ALTO PALERMO
140368000,I.P.E.M. Nº 159 ARISTOBULO DEL VALLE,Estatal,Urbano,VIVERO NORTE,CORDOBA,"[""2. Común - Secundario""]",-31.3806,-64.145,VIVERO NORTE
140373900,I.P.E.T. y M. Nº 133 DR. FLORENCIO ESCARDO,Estatal,Urbano,CAMPO DE LA RIBERA,CORDOBA,"[""2. Común - Secundario""]",-31.4078,-64.14,PARQUE DEL ESTE
140374200,I.P.E.M. Nº 202 DR. LUIS FEDERICO LELOIR,Estatal,Urbano,LOS BOULEVARES,CORDOBA,"[""2. Común - Secundario""]",-31.3446,-64.2326,JARDIN DEL CLARET
140380100,INSTITUTO DE ENSEÑANZA DOMINGO FAUSTINO SARMIENTO (NIVEL SECUNDARIO Y TECNICO),Privado,Urbano,SAN VICENTE,CORDOBA,"[""2. Común - Secundario""]",-31.4206,-64.1546,SAN VICENTE
140391100,ESCUELA NUEVA JUAN MANTOVANI,Privado,Urbano,ARGUELLO,CORDOBA,"[""2. Común - Secundario""]",-31.3469,-64.2755,LA SALLE
140394900,I.P.E.M. Nº 150 JUAN LARREA,Estatal,Urbano,SARMIENTO,CORDOBA,"[""2. Común - Secundario""]",-31.4319,-64.1556,SARMIENTO
140395000,C.E.N.M.A. Nº 151,Estatal,Urbano,CRISOL SUR,CORDOBA,"[""7. Jóvenes y Adultos - Secundario""]",-31.4334,-64.1678,CRISOL SUD
140395001,C.E.N.M.A. N° 151  ANEXO Bº EMPALME,Estatal,Urbano,SAN JAVIER,CORDOBA,"[""7. Jóvenes y Adultos - Secundario""]",-31.4396,-64.1266,EMPALME CASAS DE OBREROS Y EMPLEADOS
140395002,C.E.N.M.A. Nº 151 ANEXO Bº CERVECEROS,Estatal,Urbano,CERVECEROS,CORDOBA,"[""7. Jóvenes y Adultos - Secundario""]",-31.4633,-64.1588,CERVECEROS
140395200,INSTITUTO SANTO TOMAS,Privado,Urbano,ALBERDI,CORDOBA,"[""2. Común - Secundario""]",-31.4157,-64.195,PASO DE LOS ANDES
140396900,I.P.E.M. Nº 138 JERONIMO LUIS DE CABRERA,Estatal,Urbano,ALBERDI,CORDOBA,"[""2. Común - Secundario""]",-31.4099,-64.1915,DUCASSE
140395100,ESCUELA NOCTURNA FRAY MAMERTO ESQUIU,Estatal,Urbano,BRIGADIER SAN MARTIN,CORDOBA,"[""6. Jóvenes y Adultos - Primario""]",-31.4394,-64.1407,CORRAL DE PALOS
140399000,INSTITUTO NUESTRA SEÑORA DEL SAGRADO CORAZON,Privado,Urbano,CRISOL SUR,CORDOBA,"[""2. Común - Secundario""]",-31.4364,-64.1666,CRISOL SUD
140401900,I.P.E.T. Nº 251 GUARNICION AEREA CORDOBA,Estatal,Urbano,AERONAUTICO,CORDOBA,"[""2. Común - Secundario""]",-31.4387,-64.2722,AERONAUTICO- VILLA ZEPELLIN
140402000,I.P.E.T. Nº 250 DR. JUAN BIALET MASSE,Estatal,Urbano,LAS FLORES,CORDOBA,"[""2. Común - Secundario""]",-31.4533,-64.2055,CALIFORNIA
140406900,I.P.E.M. Nº 124 ADELA ROSA OVIEDO de DE LA VEGA,Estatal,Urbano,CORONEL OLMEDO,CORDOBA,"[""2. Común - Secundario""]",-31.4806,-64.1415,VILLA CORONEL OLMEDO
140407500,INSTITUTO DEAN FUNES,Privado,Urbano,1º DE MAYO,CORDOBA,"[""2. Común - Secundario""]",-31.4306,-64.1194,1 DE MAYO
140408500,I.P.E.M. Nº 39 DON BOSCO,Estatal,Urbano,DON BOSCO,CORDOBA,"[""0. Común - Inicial"",""1. Común - Primario"",""2. Común - Secundario""]",-31.3874,-64.2732,PARQUE DON BOSCO
140411100,I.P.E.M. Nº 43 PTE. HIPOLITO YRIGOYEN,Estatal,Urbano,SAN MARTIN,CORDOBA,"[""2. Común - Secundario""]",-31.3978,-64.1985,PROVIDENCIA
140411200,I.P.E.M. Nº 35 RICARDO ROJAS,Estatal,Urbano,ALTOS DE VILLA CABRERA,CORDOBA,"[""2. Común - Secundario""]",-31.3819,-64.2222,ALTOS DE VILLA CABRERA
140411300,I.P.E.M. Nº 183 PEDRO B. PALACIOS,Estatal,Urbano,CONGRESO,CORDOBA,"[""2. Común - Secundario""]",-31.4662,-64.2353,CONGRESO
140411400,INSTITUTO TECNICO RENAULT,Privado,Urbano,SANTA ISABEL,CORDOBA,"[""2. Común - Secundario""]",-31.4645,-64.2575,CARRARA
140411800,I.P.E.T. Nº 57 COMODORO MARTIN RIVADAVIA,Estatal,Urbano,GENERAL PAZ,CORDOBA,"[""2. Común - Secundario""]",-31.4142,-64.1632,GENERAL PAZ
140413500,INSTITUTO NUESTRA SEÑORA DE LA MERCED,Privado,Urbano,SAN MARTIN,CORDOBA,"[""2. Común - Secundario""]",-31.3983,-64.1965,SAN MARTIN
140414500,INSTITUTO SEC. PQUIAL. MONSEÑOR FERMIN LAFITTE,Privado,Urbano,LOS PARAISOS,CORDOBA,"[""2. Común - Secundario""]",-31.3847,-64.1958,LOS PARAISOS
140414700,INSTITUTO SEC. BRIG. MAYOR JUAN I. SAN MARTIN,Privado,Urbano,ARGUELLO NORTE,CORDOBA,"[""2. Común - Secundario""]",-31.3208,-64.2565,CONSORCIO 16 DE NOVIEMBRE
140426400,I.P.E.M.y T. Nº 204 ING. ALBERTO EMILIO LUCCHINI,Estatal,Urbano,CENTRO AMERICA,CORDOBA,"[""2. Común - Secundario""]",-31.3753,-64.1734,AYACUCHO
140426700,INSTITUTO MARK TWAIN,Privado,Urbano,DON BOSCO,CORDOBA,"[""2. Común - Secundario""]",-31.3742,-64.2643,COUNTRY ALTOS DEL CHATEAU
140426800,INSTITUTO EMPALME CR. ABEL GONZALEZ LACANNA ,Privado,Urbano,EMPALME,CORDOBA,"[""2. Común - Secundario""]",-31.4297,-64.1287,AMPLIACION EMPALME
140429300,C.E.N.M.A. Nº 125,Estatal,Urbano,CIUDAD UNIVERSITARIA,CORDOBA,"[""7. Jóvenes y Adultos - Secundario""]",-31.4436,-64.1936,EJERCITO ARGENTINO
140429302,C.E.N.M.A. N° 125 - ANEXO B° IRUPE,Estatal,Urbano,IRUPE,CORDOBA,"[""7. Jóvenes y Adultos - Secundario""]",-31.4604,-64.2036,IRUPE
140429303,C.E.N.M.A. Nº 125 ANEXO BARRIO ITUZAINGO,Estatal,Urbano,ITUZAINGO,CORDOBA,"[""7. Jóvenes y Adultos - Secundario""]",-31.4661,-64.089,LOS EUCALIPTUS
140429306,C.E.N.M.A. Nº 125 ANEXO Bº INAUDI,Estatal,Rural,INAUDI,CORDOBA,"[""7. Jóvenes y Adultos - Secundario""]",-31.4767,-64.1936,INAUDI
140429407,C.E.N.M.A. Nº 216 ANEXO VILLA RIVERA INDARTE,Estatal,Urbano,VILLA RIVERA INDARTE,CORDOBA,"[""7. Jóvenes y Adultos - Secundario""]",-31.3202,-64.2942,VILLA RIVERA INDARTE
140430400,COLEGIO  SANTA ANA,Privado,Urbano,ARGUELLO,CORDOBA,"[""1. Común - Primario""]",-31.3387,-64.2598,ARGUELLO
140432800,INSTITUTO SANTO CRISTO B.A.P.A.JOSE G. BROCHERO,Privado,Urbano,OBSERVATORIO,CORDOBA,"[""7. Jóvenes y Adultos - Secundario""]",-31.4239,-64.2044,OBSERVATORIO
140432900,INSTITUTO NTRA. SRA. DEL TRABAJO,Privado,Urbano,VILLA EL LIBERTADOR,CORDOBA,"[""2. Común - Secundario"",""6. Jóvenes y Adultos - Primario"",""7. Jóvenes y Adultos - Secundario""]",-31.4755,-64.2233,VILLA EL LIBERTADOR
140433200,INSTITUTO SAN PATRICIO,Privado,Urbano,JARDIN HIPODROMO,CORDOBA,"[""2. Común - Secundario""]",-31.4613,-64.1871,BARRANCAS DEL SUR
140434800,INSTITUTO SAN JERONIMO,Privado,Urbano,ALTO ALBERDI,CORDOBA,"[""2. Común - Secundario""]",-31.4035,-64.2098,VILLA PAEZ
140435000,INSTITUTO SAN PEDRO APOSTOL,Privado,Urbano,CHATEAU CARRERAS,CORDOBA,"[""2. Común - Secundario""]",-31.382,-64.2525,COSTA VERDE
140235606,C.E.N.M.A. ASIMRA ANEXO SEDE N° II,Estatal,Urbano,GUEMES,CORDOBA,"[""7. Jóvenes y Adultos - Secundario""]",-31.421,-64.1757,SIN BARRIO
140436400,INSTITUTO CEBA,Privado,Urbano,CENTRO,CORDOBA,"[""7. Jóvenes y Adultos - Secundario""]",-31.4119,-64.1838,CENTRO
140436500,INSTITUTO ESCUELA ADOLFO BIOY CASARES,Privado,Urbano,CUPANI,CORDOBA,"[""2. Común - Secundario""]",-31.4224,-64.2089,CUPANI
140436600,INSTITUTO FRANCISCO LUIS BERNARDEZ,Privado,Urbano,CERRO DE LAS ROSAS,CORDOBA,"[""2. Común - Secundario""]",-31.3808,-64.2291,ALTO PALERMO
140438300,INSTITUTO BERNARDO HOUSSAY,Privado,Urbano,AMPLIACION RESIDENCIAL AMERICA,CORDOBA,"[""2. Común - Secundario""]",-31.3768,-64.1634,AMPLIACION RESIDENCIAL AMERICA
140439500,INSTITUTO SANTA INFANCIA,Privado,Urbano,CENTRO,CORDOBA,"[""2. Común - Secundario""]",-31.4082,-64.1794,SIN BARRIO
140441900,INSTITUTO AMERICA,Privado,Urbano,VILLA AZALAIS,CORDOBA,"[""2. Común - Secundario""]",-31.3772,-64.1552,VILLA AZALAIS
140442100,INSTITUTO JUVENILIA,Privado,Urbano,ANA MARIA ZUMARAN,CORDOBA,"[""2. Común - Secundario""]",-31.3765,-64.2017,ANA MARIA ZUMARAN
140442300,INSTITUTO DR. ANTONIO NORES,Privado,Urbano,YOFRE NORTE,CORDOBA,"[""2. Común - Secundario""]",-31.3817,-64.1381,SANTA CLARA DE ASIS
140444900,INSTITUTO SAN AGUSTIN,Privado,Urbano,CHATEAU CARRERAS,CORDOBA,"[""2. Común - Secundario""]",-31.3875,-64.262,MIRADOR DEL CHATEAU
140446500,I.P.E.M.y T. Nº 2 REPUBLICA ORIENTAL DEL URUGUAY,Estatal,Urbano,AMPLIACION MATIENZO,CORDOBA,"[""2. Común - Secundario""]",-31.4475,-64.2425,CIUDAD PARQUE LAS ROSAS
140446600,I.P.E.M. Nº 8 MANUEL REYES REYNA,Estatal,Urbano,LA FRANCE,CORDOBA,"[""2. Común - Secundario""]",-31.3695,-64.2113,LAS MAGNOLIAS
140446700,I.P.E.M. Nº 12 PTE.JUAN DOMINGO PERON,Estatal,Urbano,SAN CARLOS,CORDOBA,"[""2. Común - Secundario""]",-31.5116,-64.169,EL VIEJO ALGARROBO
140446800,I.P.E.M. Nº 13 DR. PEDRO ESCUDERO,Estatal,Urbano,COLON,CORDOBA,"[""2. Común - Secundario""]",-31.439,-64.1535,COLON
140446900,I.P.E.M. Nº 18 DOCTOR FEDERICO ANIBAL CUMAR,Estatal,Urbano,GRANJA DE FUNES 2º SECCION,CORDOBA,"[""2. Común - Secundario""]",-31.3359,-64.2425,2 DE SEPTIEMBRE
140447000,I.P.E.M. Nº 19 POETA OSCAR GUIÑAZU ALVAREZ,Estatal,Urbano,FERROVIARIO MITRE,CORDOBA,"[""2. Común - Secundario""]",-31.4353,-64.1412,ALTOS SUD DE SAN VICENTE
140447100,I.P.E.M. Nº 20 RODOLFO WALSH,Estatal,Urbano,MARQUES DE SOBREMONTE,CORDOBA,"[""2. Común - Secundario""]",-31.3641,-64.1966,MARQUES DE SOBREMONTE
140447200,I.P.E.M. Nº 21 ALFONSINA STORNI,Estatal,Urbano,PARQUE LICEO 2DA. SECCION,CORDOBA,"[""2. Común - Secundario""]",-31.3598,-64.1607,PARQUE LICEO SECCION 2
140447203,I.P.E.M. Nº 21 ALFONSINA STORNI ANEXO PIT KEMPES,Estatal,Urbano,,CORDOBA,"[""2. Común - Secundario""]",-31.3593,-64.1618,PARQUE LICEO SECCION 2
140446000,COLEGIO LA ALDEA DE PIAGET,Privado,Urbano,AYACUCHO,CORDOBA,"[""0. Común - Inicial"",""1. Común - Primario""]",-31.3764,-64.1723,AYACUCHO
140448100,I.P.E.M. Nº 7 PROF.CARLOS SEGRETI,Estatal,Urbano,VILLA CABRERA,CORDOBA,"[""2. Común - Secundario""]",-31.3911,-64.1935,SAN MARTIN
140449000,INSTITUTO B.A.C.(BACH. PARA ADULTOS A DISTANCIA),Privado,Urbano,CENTRO,CORDOBA,"[""7. Jóvenes y Adultos - Secundario""]",-31.4122,-64.1765,SIN BARRIO
140451000,I.P.E.M. Nº 11 ALBERTO PIO AUGUSTO COGNIGNI,Estatal,Urbano,JOSE IGNACIO DIAZ 3º SECCION,CORDOBA,"[""2. Común - Secundario""]",-31.4485,-64.1376,JOSE IGNACIO DIAZ SECCION 1
140451100,I.P.E.M. Nº 9 DR. ERNESTO CHE GUEVARA,Estatal,Urbano,SANTA ISABEL 2DA. SECCION,CORDOBA,"[""2. Común - Secundario""]",-31.4795,-64.2296,SANTA ISABEL SECCION 2
140451200,I.P.E.M. Nº 3 GRAL. JUAN BAUTISTA BUSTOS,Estatal,Urbano,PUEYRREDON,CORDOBA,"[""2. Común - Secundario""]",-31.3942,-64.1482,AMPLIACION PUEYRREDON
140448200,INST. SUP. DE CIENCIAS ECONOMICAS Y TECNOLOGIAS,Privado,Urbano,ALBERDI,CORDOBA,"[""3. Común - Superior""]",-31.3976,-64.2394,AMPLIACION LAS PALMAS
140454700,I.P.E.A. N° 14 DR. CESAR CUESTAS CARNERO,Estatal,Urbano,GENERAL ARENALES,CORDOBA,"[""2. Común - Secundario""]",-31.368,-64.0609,GENERAL ARENALES
140455200,I.P.E.M. Nº 5 EVA PERON,Estatal,Urbano,YAPEYU,CORDOBA,"[""2. Común - Secundario""]",-31.413,-64.1495,YAPEYU
140455400,I.P.E.T. Nº 22 JUAN FILLOY,Estatal,Urbano,GUIÑAZU,CORDOBA,"[""2. Común - Secundario""]",-31.3153,-64.1814,VILLA ALICIA RISLER
140455600,I.P.E.M. Nº 15 SANTIAGO AYALA,Estatal,Urbano,SAN VICENTE,CORDOBA,"[""2. Común - Secundario""]",-31.4291,-64.1413,MIRADOR
140455900,INSTITUTO DON ORIONE,Privado,Urbano,SANTA ISABEL 1RA. SECCION,CORDOBA,"[""2. Común - Secundario""]",-31.4758,-64.2354,SANTA ISABEL SECCION 2
140455300,INST. SUP. SAN MIGUEL,Privado,Urbano,ALTO ALBERDI,CORDOBA,"[""3. Común - Superior""]",-31.4117,-64.2146,OBRERO
140457800,INSTITUTO JORGE VOCOS LESCANO,Privado,Urbano,PARQUE LATINO,CORDOBA,"[""2. Común - Secundario""]",-31.4585,-64.2123,PARQUE LATINO
140458200,INSTITUTO INTEGRAL MANUEL BELGRANO,Privado,Urbano,SARMIENTO,CORDOBA,"[""2. Común - Secundario""]",-31.4321,-64.1542,SARMIENTO
140462400,INSTITUTO DE MARIA,Privado,Urbano,GENERAL PAZ,CORDOBA,"[""2. Común - Secundario""]",-31.4107,-64.1697,GENERAL PAZ
140464000,INSTITUTO PQUIAL. CRISTO REDENTOR,Privado,Urbano,JARDIN,CORDOBA,"[""2. Común - Secundario""]",-31.445,-64.1835,JARDIN
140465600,INST. SUP. SAN IGNACIO (N.MEDIO DE ADULTOS),Privado,Urbano,PASO DE LOS ANDES,CORDOBA,"[""7. Jóvenes y Adultos - Secundario""]",-31.4137,-64.2033,CIRCUNVALACION
140467700,INSTITUTO NUEVO SIGLO,Privado,Urbano,GENERAL PAZ,CORDOBA,"[""2. Común - Secundario""]",-31.4157,-64.1688,GENERAL PAZ
140467900,INSTITUTO LA PRIMERA ENSEÑANZA,Privado,Urbano,ALBERDI,CORDOBA,"[""2. Común - Secundario""]",-31.4062,-64.1994,ALBERDI
140470400,INST. C.E.D.(CENTRO DE ESTUDIOS A DISTANCIA),Privado,Urbano,CENTRO,CORDOBA,"[""7. Jóvenes y Adultos - Secundario""]",-31.4117,-64.1941,DUCASSE
140471700,I.P.E.M. Nº 296 AMANCIO WILLIAMS,Estatal,Urbano,VILLA UNION,CORDOBA,"[""2. Común - Secundario""]",-31.4307,-64.2711,AERONAUTICO- VILLA ZEPELLIN
140471800,I.P.E.M. Nº 295 AGUSTIN TOSCO,Estatal,Urbano,VILLA EL LIBERTADOR,CORDOBA,"[""2. Común - Secundario""]",-31.4802,-64.2247,VILLA EL LIBERTADOR
140472300,I.P.E.M. Nº 301 MALVINA ROSA QUIROGA,Estatal,Urbano,RESIDENCIAL AMERICA,CORDOBA,"[""2. Común - Secundario""]",-31.3791,-64.1603,AMPLIACION RESIDENCIAL AMERICA
140472600,I.P.E.M.y T. Nº 297 DR. RENE FAVALORO,Estatal,Urbano,PATRICIOS,CORDOBA,"[""2. Común - Secundario""]",-31.3727,-64.139,GENERAL BELGRANO
140472800,I.P.E.M. Nº 10 ROMA,Estatal,Urbano,ALTO ALBERDI,CORDOBA,"[""2. Común - Secundario""]",-31.4102,-64.2179,ALTO ALBERDI
140473300,INSTITUTO MUSICAL COLLEGIUM,Privado,Urbano,ALBERDI,CORDOBA,"[""2. Común - Secundario""]",-31.4147,-64.1977,PASO DE LOS ANDES
140475500,ESCUELA SECUNDARIA JEAN PIAGET,Privado,Urbano,AYACUCHO,CORDOBA,"[""2. Común - Secundario""]",-31.3764,-64.1723,AYACUCHO
140475600,I.P.E.M. Nº 323 SAN ANTONIO,Estatal,Urbano,VILLA RIVADAVIA,CORDOBA,"[""2. Común - Secundario""]",-31.495,-64.1885,COUNTRY LOS MIMBRES
140475900,I.P.E.M.y T. N° 310 PUERTO ARGENTINO,Estatal,Urbano,INAUDI,CORDOBA,"[""2. Común - Secundario""]",-31.4749,-64.1925,SAN ANTONIO
140476100,I.P.E.T. N° 318 COMBATE DE LA TABLADA,Estatal,Urbano,VILLA URQUIZA,CORDOBA,"[""2. Común - Secundario""]",-31.3911,-64.2405,VILLA GENERAL URQUIZA
140476200,I.P.E.M. y T. Nº 319 - ROBERTO FONTANARROSA,Estatal,Urbano,CERVECEROS,CORDOBA,"[""2. Común - Secundario""]",-31.4628,-64.1579,CERVECEROS
140478200,I.P.E.M. N° 311 PABLO GAITAN,Estatal,Urbano,CABILDO,CORDOBA,"[""2. Común - Secundario""]",-31.4814,-64.2353,EL CABILDO
140478300,I.P.E.T. N° 321. BRIGADIER JUAN MANUEL DE ROSAS,Estatal,Urbano,SAN ROQUE,CORDOBA,"[""2. Común - Secundario""]",-31.4232,-64.2438,RESIDENCIAL SAN ROQUE
140478700,I.P.E.M. Nº 320 JORGE CAFRUNE,Estatal,Urbano,PARQUE ITUZAINGO,CORDOBA,"[""2. Común - Secundario""]",-31.4761,-64.0919,ITUZAINGO II
140478800,I.P.E.T. Nº 313 Dr. PABLO MIRIZZI ,Estatal,Urbano,MIRIZZI,CORDOBA,"[""2. Común - Secundario""]",-31.471,-64.2071,MIRIZZI
140479000,I.P.E.M. Nº 309 PROFESOR CARLOS FUENTEALBA,Estatal,Urbano,V.I.P.R.O.,CORDOBA,"[""2. Común - Secundario""]",-31.4494,-64.146,AMPLIACION JOSE IGNACIO DIAZ SECCION 2
140478100,ESCUELA ELENA AMALIA LOPEZ LALLANA (EX-S/N DE B° 1° DE MAYO),Estatal,Urbano,1º DE MAYO,CORDOBA,"[""1. Común - Primario""]",-31.4274,-64.1136,MIRALTA
140483000,C.E.N.M.A. S.E.P. ANEXO SEDE CORDOBA,Estatal,Urbano,CENTRO,CORDOBA,"[""7. Jóvenes y Adultos - Secundario""]",-31.4172,-64.1932,CENTRO
140483100,INSTITUTO I.S.A.D.A.,Privado,Urbano,CENTRO,CORDOBA,"[""7. Jóvenes y Adultos - Secundario""]",-31.4125,-64.1831,CENTRO
140487900,COLEGIO LEON XIII,Privado,Urbano,VILLA RIVERA INDARTE,CORDOBA,"[""0. Común - Inicial"",""1. Común - Primario""]",-31.3302,-64.287,VILLA QUISQUIZACATE
140492200,J.DE INF. SYRIA POLETTI,Privado,Urbano,IPONA,CORDOBA,"[""0. Común - Inicial""]",-31.4481,-64.1895,SAN FERNANDO
140499300,INSTITUTO MAESTRO HERBERT DIEHL,Privado,Urbano,NUEVA CORDOBA,CORDOBA,"[""2. Común - Secundario""]",-31.4246,-64.1848,NUEVA CORDOBA
140502200,INSTITUTO PAULA MONTAL,Privado,Urbano,VILLA URQUIZA,CORDOBA,"[""2. Común - Secundario""]",-31.3928,-64.2377,VILLA ALBERDI
140503300,I.P.E.M. Nº 336 ADOLFO CASTELO,Estatal,Urbano,JUAN B. JUSTO,CORDOBA,"[""2. Común - Secundario""]",-31.358,-64.1839,JERONIMO LUIS DE CABRERA
140504500,I.P.E.M. Nº 92 ANTONIO BERNI,Estatal,Urbano,QUISQIZACATE,CORDOBA,"[""2. Común - Secundario""]",-31.3353,-64.2751,QUINTAS DE ARGUELLO
140505000,I.P.E.M. Nº 338 DR. SALVADOR MAZZA,Estatal,Urbano,MARQUES DE SOBREMONTE-ANEXO,CORDOBA,"[""2. Común - Secundario""]",-31.3719,-64.1943,MARQUES ANEXO
140505200,J.DE INF. ESPAÑA,Estatal,Urbano,ACOSTA,CORDOBA,"[""0. Común - Inicial""]",-31.4254,-64.122,ACOSTA
140508100,I.P.E.T. Nº 337 JORGE ALBERTO SABATO,Estatal,Urbano,SPILIMBERGO NORTE (EX BOULEVARES ANEXO),CORDOBA,"[""2. Común - Secundario""]",-31.3243,-64.2012,AEROPUERTO
140509800,C.E.N.M.A. ALEJANDRO CARBO,Estatal,Urbano,RESIDENCIAL SANTA ROSA,CORDOBA,"[""7. Jóvenes y Adultos - Secundario""]",-31.4793,-64.2085,CARBO
140509801,C.E.N.M.A. ALEJANDRO CARBO ANEXO VILLA LIBERTADOR,Estatal,Urbano,VILLA EL LIBERTADOR,CORDOBA,"[""7. Jóvenes y Adultos - Secundario""]",-31.4713,-64.224,RESIDENCIAL SUD
140509802,C.E.N.M.A. ALEJANDRO CARBO ANEXO BARRIO CABILDO,Estatal,Urbano,CABILDO,CORDOBA,"[""7. Jóvenes y Adultos - Secundario""]",-31.4816,-64.2376,COUNTRY LOS ALGARROBOS
140510700,C.E.N.M.A. MANUEL DORREGO,Estatal,Urbano,TALLERES ESTE,CORDOBA,"[""7. Jóvenes y Adultos - Secundario""]",-31.3897,-64.1539,TALLERES ESTE
140510702,C.E.N.M.A. MANUEL DORREGO ANEXO SEDE HOSPITAL ONCOLOGICO,Estatal,Urbano,CRISOL,CORDOBA,"[""7. Jóvenes y Adultos - Secundario""]",-31.4287,-64.1674,CRISOL NORTE
140511200,C.E.N.M.A. DEAN FUNES,Estatal,Urbano,NUEVA CORDOBA,CORDOBA,"[""7. Jóvenes y Adultos - Secundario""]",-31.4307,-64.1906,GUEMES
140511202,C.E.N.M.A. DEAN FUNES - ANEXO CAMINO SAN CARLOS,Estatal,Urbano,SAN CARLOS,CORDOBA,"[""7. Jóvenes y Adultos - Secundario""]",-31.3994,-64.2066,VILLA PAEZ
140511203,C.E.N.M.A. DEAN FUNES - ANEXO EXTENSION AULICA Bº KENNEDY,Estatal,Urbano,KENNEDY,CORDOBA,"[""7. Jóvenes y Adultos - Secundario""]",-31.4582,-64.191,KENNEDY
140509803,C.E.N.M.A. ALEJANDRO CARBO ANEXO SEDE Bº COMERCIAL,Estatal,Urbano,COMERCIAL,CORDOBA,"[""7. Jóvenes y Adultos - Secundario""]",-31.4825,-64.207,CARBO
140509900,INSTITUTO SUPERIOR COMODORO SALUSTIANO PEREZ ESTEVEZ,Estatal,Urbano,CALIFORNIA,CORDOBA,"[""3. Común - Superior""]",-31.4505,-64.2063,CALIFORNIA
140511400,C.E.N.M.A. BRIGADIER JUAN I. DE SAN MARTIN ,Estatal,Urbano,VILLA ADELA,CORDOBA,"[""7. Jóvenes y Adultos - Secundario""]",-31.4391,-64.2512,LAS PLAYAS
140511401,C.E.N.M.A. BRIGADIER JUAN I. DE SAN MARTIN ANEXO VILLA UNION ,Estatal,Urbano,VILLA UNION,CORDOBA,"[""7. Jóvenes y Adultos - Secundario""]",-31.4223,-64.2623,VILLA UNION
140511204,C.E.N.M.A. DEAN FUNES ANEXO SEDE HOSPITAL MISERICORDIA,Estatal,Urbano,GUEMES,CORDOBA,"[""7. Jóvenes y Adultos - Secundario""]",-31.4323,-64.1957,CACERES
140511406,C.E.N.M.A. BRIGADIER JUAN I. DE SAN MARTIN ANEXO SEDE B° ESTACION FLORES,Estatal,Urbano,ESTACIÓN FLORES,CORDOBA,"[""7. Jóvenes y Adultos - Secundario""]",-31.451,-64.248,ESTACION FLORES
140511405,C.E.N.M.A. BRIGADIER JUAN I. DE SAN MARTIN ANEXO SEDE Bº VILLA LA TELA,Estatal,Urbano,VILLA LA TELA,CORDOBA,"[""7. Jóvenes y Adultos - Secundario""]",-31.4317,-64.2523,VILLA ADELA
140511404,C.E.N.M.A. BRIGADIER JUAN I. DE SAN MARTIN ANEXO Bº SACCHI,Estatal,Urbano,SACHI,CORDOBA,"[""7. Jóvenes y Adultos - Secundario""]",-31.4547,-64.2638,SACHI
140511600,J.DE INF. ROSARITO VERA PEÑALOZA,Privado,Urbano,QUINTAS DE ARGUELLO,CORDOBA,"[""0. Común - Inicial""]",-31.3395,-64.2778,VILLA SOLFERINO
140511206,C.E.N.M.A. DEAN FUNES ANEXO SEDE HOSPITAL MISERICORDIA EXT AUL B° GÜEMES,Estatal,Urbano,GUEMES,CORDOBA,"[""7. Jóvenes y Adultos - Secundario""]",-31.4286,-64.1927,GUEMES
140511205,C.E.N.M.A. DEAN FUNES ANEXO SEDE CONCEJO DELIBERANTE,Estatal,Urbano,CENTRO,CORDOBA,"[""7. Jóvenes y Adultos - Secundario""]",-31.4084,-64.1906,DUCASSE
140512800,ESCUELA GRACIELA DEL RIO,Estatal,Urbano,AMPLIACION CABILDO,CORDOBA,"[""1. Común - Primario""]",-31.483,-64.2281,CIUDAD AMPLIACION CABILDO
140514100,I.P.E.T. N° 430 INSTITUTO TECNICO INDUSTRIAL ZONA NORTE,Estatal,Urbano,LOS BOULEVARES,CORDOBA,"[""2. Común - Secundario""]",-31.3442,-64.2268,JARDIN DEL CLARET
140514400,INSTITUTO ROSARITO VERA PEÑALOZA,Privado,Urbano,ARGUELLO,CORDOBA,"[""2. Común - Secundario""]",-31.3392,-64.278,VILLA SOLFERINO
140513200,INST. SUP. DEL PROF. EN EDUCACION FISICA I.A.C.C.,Privado,Urbano,ALTA CORDOBA,CORDOBA,"[""3. Común - Superior""]",-31.3849,-64.1809,ALTA CORDOBA
140518500,INSTITUTO SECUNDARIO BANCARIO,Privado,Urbano,CENTRO,CORDOBA,"[""2. Común - Secundario""]",-31.4134,-64.1925,DUCASSE
140523500,INSTITUTO NUESTRA SEÑORA DE FATIMA,Privado,Urbano,MATIENZO,CORDOBA,"[""2. Común - Secundario""]",-31.4394,-64.2376,TENIENTE BENJAMIN MATIENZO
140524300,C.E.N.M.A. CUESTAS CARNERO,Estatal,Urbano,GENERAL ARENALES,CORDOBA,"[""7. Jóvenes y Adultos - Secundario""]",-31.3684,-64.061,GENERAL ARENALES
140524303,C.E.N.M.A. CUESTAS CARNERO ANEXO MAESTRO MOYANO,Estatal,Urbano,EL CHINGOLO,CORDOBA,"[""7. Jóvenes y Adultos - Secundario""]",-31.3433,-64.1658,LOS CHINGOLOS
140524302,C.E.N.M.A. CUESTAS CARNERO ANEXO SEDE Bº CENTRO AMERICA,Estatal,Urbano,CENTRO AMERICA,CORDOBA,"[""7. Jóvenes y Adultos - Secundario""]",-31.3754,-64.1731,AYACUCHO
140522900,JARDIN MUNICIPAL TERNURITAS,Estatal,Urbano,JOSE IGNACIO DIAZ 3º SECCION,CORDOBA,"[""0. Común - Inicial""]",-31.4479,-64.139,JOSE IGNACIO DIAZ SECCION 1
140523000,JARDIN MUNICIPAL TRAPITO,Estatal,Urbano,MIRIZZI,CORDOBA,"[""0. Común - Inicial""]",-31.4729,-64.2077,MIRIZZI
140525700,INSTITUTO SANTO DOMINGO,Privado,Urbano,CENTRO,CORDOBA,"[""2. Común - Secundario""]",-31.4138,-64.18,SIN BARRIO
140525800,I.P.E.T. N° 351 AUGUSTO CHAMMAS,Estatal,Urbano,CHINGOLO II,CORDOBA,"[""2. Común - Secundario""]",-31.3394,-64.1699,LOS CHINGOLOS
140528900,C.E.N.M.A. B° SAN VICENTE,Estatal,Urbano,SAN VICENTE,CORDOBA,"[""7. Jóvenes y Adultos - Secundario""]",-31.4204,-64.1388,PARQUE SAN VICENTE
140528902,C.E.N.M.A. Bª SAN VICENTE ANEXO SEDE MULLER,Estatal,Urbano,MULLER,CORDOBA,"[""7. Jóvenes y Adultos - Secundario""]",-31.4129,-64.1388,MAULLER
140528903,C.E.N.M.A. Bº SAN VICENTE ANEXO SEDE VILLA BUSTOS,Estatal,Urbano,VILLA BUSTOS,CORDOBA,"[""7. Jóvenes y Adultos - Secundario""]",-31.4361,-64.1134,VILLA BUSTOS
140528904,C.E.N.M.A. Bº SAN VICENTE ANEXO CENTRO VECINAL,Estatal,Urbano,MALDONADO,CORDOBA,"[""7. Jóvenes y Adultos - Secundario""]",-31.4145,-64.1316,AMPLIACION ALTAMIRA
140529000,INSTITUTO SECUNDARIO SAN MIGUEL,Privado,Urbano,ALTO ALBERDI,CORDOBA,"[""2. Común - Secundario""]",-31.4117,-64.2146,OBRERO
140530000,I.P.E.M. N° 353 EFRAIN URBANO BISCHOFF,Estatal,Urbano,COOPERATIVA 2 DE MAYO,CORDOBA,"[""2. Común - Secundario""]",-31.3204,-64.2579,MERCANTIL
140525400,J. DE INF. PARROQUIAL SAN FRANCISCO DE ASIS,Privado,Urbano,LAS FLORES,CORDOBA,"[""0. Común - Inicial""]",-31.4535,-64.1974,LAS FLORES
140535600,I.P.E.M.y T. N° 357 JOSE CAMPELLONE,Estatal,Urbano,SMATA,CORDOBA,"[""2. Común - Secundario""]",-31.4513,-64.2249,MANANTIALES I-MANANTIALES II
140535800,I.P.E.M. Nº 358 ALEJANDRO PAPALINI,Estatal,Urbano,EL GATEADO,CORDOBA,"[""2. Común - Secundario""]",-31.3236,-64.1189,SAN RAMON
140538200,I.P.E.M. Nº 360 PROFESOR EDGAR TOLEDO,Estatal,Urbano,VILLA EL LIBERTADOR,CORDOBA,"[""2. Común - Secundario""]",-31.4688,-64.2164,LOS OLMOS SUD
140540800,I.P.E.T. Nº 312 DALMACIO VELEZ SARSFIELD,Estatal,Urbano,FERREYRA,CORDOBA,"[""2. Común - Secundario""]",-31.4648,-64.1109,FERREYRA
140542300,I.P.E.M. Nº 373 MARIA ELENA WALSH,Estatal,Urbano,CIUDAD DE VILLA RETIRO,CORDOBA,"[""2. Común - Secundario""]",-31.3483,-64.1434,CIUDAD VILLA RETIRO
140541300,COLEGIO ALTA CORDOBA,Privado,Urbano,ALTA CORDOBA,CORDOBA,"[""1. Común - Primario""]",-31.3851,-64.181,ALTA CORDOBA
140542700,C.E.N.M.A. B º S.M.A.T.A.,Estatal,Urbano,SMATA,CORDOBA,"[""7. Jóvenes y Adultos - Secundario""]",-31.4527,-64.2223,SMATA
140542701,C.E.N.M.A. B º S.M.A.T.A. ANEXO SEDE SMATA,Estatal,Urbano,CENTRO,CORDOBA,"[""7. Jóvenes y Adultos - Secundario""]",-31.4145,-64.1933,DUCASSE
140542800,C.E.N.M.A. PARQUE LICEO 2° SECCION,Estatal,Urbano,PARQUE LICEO 2DA. SECCION,CORDOBA,"[""7. Jóvenes y Adultos - Secundario""]",-31.3595,-64.1615,PARQUE LICEO SECCION 2
140542805,C.E.N.M.A. PARQUE LICEO 2° SECCION ANEXO SEDE UNION FERROVIARIA,Estatal,Urbano,ALTA CORDOBA,CORDOBA,"[""7. Jóvenes y Adultos - Secundario""]",-31.3959,-64.1857,ALTA CORDOBA
140543400,I.P.E.M. Nº 375 LEONOR MARZANO,Estatal,Urbano,29 DE MAYO,CORDOBA,"[""2. Común - Secundario""]",-31.3592,-64.131,CIUDAD DE LOS CUARTETOS
140543500,I.P.E.M. Nº 376 NELSON MANDELA,Estatal,Urbano,VICOR,CORDOBA,"[""2. Común - Secundario""]",-31.4773,-64.2526,SAN LUIS DE FRANCIA
140542807,C.E.N.M.A. PARQUE LICEO 2° SECCION ANEXO REMEDIOS DE ESCALADA,Estatal,Urbano,REMEDIOS DE ESCALADA,CORDOBA,"[""7. Jóvenes y Adultos - Secundario""]",-31.3387,-64.179,GUINAZU SUD
140542806,C.E.N.M.A. PARQUE LICEO 2° SECCION ANEXO SEDE EDUCACION A DISTANCIA,Estatal,Urbano,PARQUE LICEO 2DA. SECCION,CORDOBA,"[""7. Jóvenes y Adultos - Secundario""]",-31.3588,-64.1615,PARQUE LICEO SECCION 2
140542803,C.E.N.M.A. PARQUE LICEO 2° SECCION ANEXO CIUDAD DE LOS CUARTETOS,Estatal,Urbano,CIUDAD DE LOS CUARTETOS,CORDOBA,"[""7. Jóvenes y Adultos - Secundario""]",-31.3588,-64.1311,CIUDAD DE LOS CUARTETOS
140542808,C.E.N.M.A. PARQUE LICEO 2° SECCION ANEXO SEDE RACING DE CORDOBA,Estatal,Urbano,NUEVA ITALIA,CORDOBA,"[""7. Jóvenes y Adultos - Secundario""]",-31.3889,-64.1429,PARQUE MONTECRISTO
140543900,COLEGIO CENTRO EDUCATIVO MAIMONIDES,Privado,Urbano,PADRE CLARET,CORDOBA,"[""1. Común - Primario""]",-31.3562,-64.2393,PADRE CLARET
140544800,C.E.N.M.A. PERIFERICOS DE ARGUELLO,Estatal,Urbano,QUINTAS DE ARGUELLO,CORDOBA,"[""7. Jóvenes y Adultos - Secundario""]",-31.3389,-64.2702,QUINTAS DE ARGUELLO
140544801,C.E.N.M.A. PERIFERICOS DE ARGUELLO ANEXO BARRIO I.P.V.,Estatal,Urbano,I.P.V.,CORDOBA,"[""7. Jóvenes y Adultos - Secundario""]",-31.3315,-64.2462,ARGUELLO NORTE
140544802,C.E.N.M.A. PERIFERICOS DE ARGUELLO ANEXO BARRIO VILLA CORNU,Estatal,Urbano,16 DE NOVIEMBRE,CORDOBA,"[""7. Jóvenes y Adultos - Secundario""]",-31.3158,-64.2676,POLICIAL
140544803,C.E.N.M.A. PERIFERICOS DE ARGUELLO ANEXO SEDE BARRIO VILLA URQUIZA,Estatal,Urbano,VILLA URQUIZA,CORDOBA,"[""7. Jóvenes y Adultos - Secundario""]",-31.3911,-64.2405,VILLA GENERAL URQUIZA
140544804,C.E.N.M.A. PERIFERICOS DE ARGUELLO ANEXO SEDE EDUCACION A DISTANCIA,Estatal,Urbano,IPV ARGUELLO NORTE,CORDOBA,"[""7. Jóvenes y Adultos - Secundario""]",-31.3332,-64.2447,2 DE SEPTIEMBRE
140545400,INSTITUTO SOR MARIA ANTONIA DE PAZ Y FIGUEROA,Privado,Urbano,YOFRE NORTE,CORDOBA,"[""2. Común - Secundario""]",-31.3855,-64.1345,YOFRE NORTE
140545500,I.P.E.M. Nº 377 JUSTO IRAZABAL CURA VASCO,Estatal,Urbano,CIUDAD OBISPO ANGELELLI,CORDOBA,"[""2. Común - Secundario""]",-31.5007,-64.1907,CIUDAD OBISPO ANGELELLI
140544103,INSTITUTO TECNICO SUPERIOR CORDOBA - ANEXO EXTENSION AULICA B° GENERAL PAZ,Estatal,Urbano,GENERAL PAZ,CORDOBA,"[""3. Común - Superior""]",-31.405,-64.168,GENERAL PUEYRREDON
140544107,INSTITUTO TECNICO SUPERIOR CORDOBA - ANEXO EXTENSION AULICA B° VILLA EL LIBERTADOR,Estatal,Urbano,VILLA EL LIBERTADOR,CORDOBA,"[""3. Común - Superior""]",-31.4686,-64.2178,LOS OLMOS SUD
140546000,KUMELEN ESCUELA,Privado,Urbano,SAN CARLOS,CORDOBA,"[""1. Común - Primario""]",-31.5098,-64.1742,EL VIEJO ALGARROBO
140547400,ESCUELA EXPERIMENTAL CON ENFASIS EN TECNOLOGIAS DE LA INFORMACION Y LA COMUNICACION,Estatal,Urbano,SAN VICENTE ,CORDOBA,"[""2. Común - Secundario""]",-31.4243,-64.1689,CRISOL NORTE
140549000,C.E.N.M.A. CORONEL OLMEDO,Estatal,Urbano,CORONEL OLMEDO,CORDOBA,"[""7. Jóvenes y Adultos - Secundario""]",-31.4807,-64.1424,VILLA CORONEL OLMEDO
140549001,C.E.N.M.A. CORONEL OLMEDO ANEXO Bº YAPEYU,Estatal,Urbano,YAPEYU,CORDOBA,"[""7. Jóvenes y Adultos - Secundario""]",-31.4102,-64.1525,HOGAR PROPIO
140549100,INSTITUTO DE ESTUDIOS SUPERIORES SIGLO 21 COLEGIO UNIVERSITARIO,Privado,Urbano,NUEVA CORDOBA,CORDOBA,"[""7. Jóvenes y Adultos - Secundario""]",-31.4227,-64.1843,NUEVA CORDOBA
140549500,SAN ANTONIO DE PADUA,Privado,Urbano,SAN VICENTE,CORDOBA,"[""7. Jóvenes y Adultos - Secundario""]",-31.4225,-64.1573,SAN VICENTE
140549900,I.P.E.T. N° 383,Estatal,Urbano,MATIENZO,CORDOBA,"[""2. Común - Secundario""]",-31.4445,-64.2373,AMPLIACION BENJAMIN MATIENZO
140549007,C.E.N.M.A. CORONEL OLMEDO ANEXO SEDE B° CARCANO,Estatal,Urbano,CARCANO,CORDOBA,"[""7. Jóvenes y Adultos - Secundario""]",-31.4638,-64.1434,RAMON J CARCANO
140549006,C.E.N.M.A. CORONEL OLMEDO ANEXO SEDE B° CIUDAD DE MI ESPERANZA,Estatal,Urbano,CIUDAD DE MI ESPERANZA,CORDOBA,"[""7. Jóvenes y Adultos - Secundario""]",-31.4024,-64.0632,CIUDAD MI ESPERANZA
140549005,C.E.N.M.A. CORONEL OLMEDO ANEXO SEDE CHACRA DE LA MERCED,Estatal,Urbano,CHACRA DE LA MERCED,CORDOBA,"[""7. Jóvenes y Adultos - Secundario""]",-31.4035,-64.0889,NUESTRO HOGAR II
140549003,C.E.N.M.A. CORONEL OLMEDO ANEXO SEDE Bº NUESTRO HOGAR III,Estatal,Urbano,NUESTRO HOGAR III,CORDOBA,"[""7. Jóvenes y Adultos - Secundario""]",-31.4999,-64.1989,NUESTRO HOGAR III
140549002,C.E.N.M.A. CORONEL OLMEDO ANEXO SEDE Bº YAPEYU,Estatal,Urbano,YAPEYU,CORDOBA,"[""7. Jóvenes y Adultos - Secundario""]",-31.4151,-64.1505,BAJADA DE PIEDRA
140551000,INSTITUTO PARROQUIAL JUAN PABLO II,Privado,Urbano,AMPLIACION 1° DE MAYO,CORDOBA,"[""2. Común - Secundario""]",-31.4437,-64.1138,AMPLIACION PRIMERO DE MAYO
140553300,C.E.N.M.A. BARRIO ACOSTA,Estatal,Urbano,ACOSTA,CORDOBA,"[""7. Jóvenes y Adultos - Secundario""]",-31.4256,-64.1218,ACOSTA
140554100,INSTITUTO TECNOLOGICO ISAAC NEWTON,Privado,Urbano,VILLA WARCALDE,CORDOBA,"[""2. Común - Secundario""]",-31.3422,-64.2949,VILLA WARCALDE
140554200,C.E.N.M.A. BARRIO PARQUE FUTURA,Estatal,Urbano,PARQUE FUTURA,CORDOBA,"[""7. Jóvenes y Adultos - Secundario""]",-31.4796,-64.2483,VICOR
140553303,C.E.N.M.A. BARRIO ACOSTA ANEXO SEDE B° LOS ARTESANOS,Estatal,Urbano,LOS ARTESANOS,CORDOBA,"[""7. Jóvenes y Adultos - Secundario""]",-31.4468,-64.1226,DEAN FUNES
140553301,C.E.N.M.A. BARRIO ACOSTA ANEXO SEDE EVITA,Estatal,Urbano,PUEYRREDON,CORDOBA,"[""7. Jóvenes y Adultos - Secundario""]",-31.3964,-64.1573,TALLERES OESTE
140554201,C.E.N.M.A. BARRIO PARQUE FUTURA ANEXO SEDE COMUNIDAD RENÓ,Estatal,Urbano,CERVECEROS,CORDOBA,"[""7. Jóvenes y Adultos - Secundario""]",-31.4628,-64.2469,SAN PEDRO NOLASCO
140556100,I.P.E.M. N° 395 GOBERNADOR JOSE MANUEL DE LA SOTA,Estatal,Urbano,SUAREZ,CORDOBA,"[""2. Común - Secundario""]",-31.4411,-64.2115,SUAREZ
140557500,COLEGIO SECUNDARIO EVANGELICO HAROLDO ANDENMATTEN,Privado,Urbano,VILLA PAEZ,CORDOBA,"[""2. Común - Secundario""]",-31.3981,-64.2091,VILLA PAEZ
140559000,I.P.E.M. N° 400,Estatal,Urbano,1º DE MAYO,CORDOBA,"[""2. Común - Secundario""]",-31.4274,-64.114,COOPERATIVA LA UNIDAD
140560500,I.P.E.T. N° 404,Estatal,Urbano,ARGUELLO LOURDES,CORDOBA,"[""2. Común - Secundario""]",-31.3339,-64.2557,LOURDES
140564800,C.E.N.M.A. BATERIA LIBERTAD,Estatal,Urbano,LOMAS DE SUQUIA,CORDOBA,"[""7. Jóvenes y Adultos - Secundario""]",-31.3997,-64.2535,VILLA MAFEKIN
140564802,C.E.N.M.A. BATERIA LIBERTAD ANEXO SEDE AGENCIA CORDOBA DEPORTE,Estatal,Urbano,,CORDOBA,"[""7. Jóvenes y Adultos - Secundario""]",-31.4102,-64.1935,DUCASSE
140564803,C.E.N.M.A. BATERIA LIBERTAD ANEXO SEDE B° CENTRO,Estatal,Urbano,CENTRO,CORDOBA,"[""7. Jóvenes y Adultos - Secundario""]",-31.4123,-64.1871,CENTRO
140565900,INSTITUTO EDUCATIVO ALTA CORDOBA,Privado,Urbano,ALTA CORDOBA,CORDOBA,"[""2. Común - Secundario""]",-31.3851,-64.181,ALTA CORDOBA
140566100,CENTRO INTEGRAL EDUCATIVO M.E.D.E.A NIVEL SECUNDARIO,Privado,Urbano,VILLA EL LIBERTADOR,CORDOBA,"[""2. Común - Secundario""]",-31.469,-64.2245,RESIDENCIAL SUD
140566200,KUMELEN ESCUELA SAN CARLOS,Privado,Urbano,SAN CARLOS,CORDOBA,"[""2. Común - Secundario""]",-31.5096,-64.1747,EL VIEJO ALGARROBO
140566800,ESCUELA EXPERIMENTAL CON ENFASIS EN TECNOLOGIAS DE LA INFORMACION Y LA COMUNICACION,Estatal,Urbano,VILLA RETIRO (Bº A.G.E.C. II),CORDOBA,"[""2. Común - Secundario""]",-31.3576,-64.1359,CIUDAD DE LOS CUARTETOS
140567500,I.P.E.T. Nº 416,Estatal,Urbano,CIUDAD DE MIS SUEÑOS,CORDOBA,"[""2. Común - Secundario""]",-31.4775,-64.0871,CIUDAD DE MIS SUENOS
140567700,ESCUELA GOBERNADOR JOSE MANUEL DE LA SOTA,Estatal,Urbano,VILLA RIVADAVIA,CORDOBA,"[""1. Común - Primario""]",-31.5136,-64.1907,VILLA RIVADAVIA
140571100,INSTITUTO PRIVADO SAN ISIDRO,Privado,Urbano,PARQUE FUTURA,CORDOBA,"[""2. Común - Secundario""]",-31.4869,-64.2478,KAIROS
140571200,INSTITUTO JOCKEY CLUB CORDOBA,Privado,Urbano,JARDIN,CORDOBA,"[""2. Común - Secundario""]",-31.4558,-64.1866,VILLA SAN ISIDRO
140571400,C.E.N.M.A CORRAL DE PALOS,Estatal,Urbano,BRIGADIER SAN MARTIN,CORDOBA,"[""7. Jóvenes y Adultos - Secundario""]",-31.4394,-64.1406,CORRAL DE PALOS
140571401,C.E.N.M.A CORRAL DE PALOS ANEXO SEDE EDUCACION A DISTANCIA  ,Estatal,Urbano,BRIGADIER SAN MARTIN,CORDOBA,"[""7. Jóvenes y Adultos - Secundario""]",-31.4403,-64.1431,CORRAL DE PALOS
140571404,C.E.N.M.A CORRAL DE PALOS ANEXO SEDE Bº MARCOS SASTRE,Estatal,Urbano,MARCOS SASTRE,CORDOBA,"[""7. Jóvenes y Adultos - Secundario""]",-31.4627,-64.1036,NICOLAS AVELLANEDA
140571402,C.E.N.M.A CORRAL DE PALOS ANEXO SEDE PARQUE EDUCATIVO SURESTE,Estatal,Urbano,AVELLANEDA,CORDOBA,"[""7. Jóvenes y Adultos - Secundario""]",-31.4631,-64.1039,NICOLAS AVELLANEDA
140571500,JARDIN MUNICIPAL DEODORO,Estatal,Urbano,ALBERDI,CORDOBA,"[""0. Común - Inicial""]",-31.4146,-64.1955,PASO DE LOS ANDES
140575900,INSTITUTO CENTRO EDUCATIVO MAIMONIDES,Privado,Urbano,PADRE CLARET,CORDOBA,"[""2. Común - Secundario""]",-31.3561,-64.2403,PADRE CLARET
140576500,ESCUELA DE EDUCACION SECUNDARIA DE FORMACION PROFESIONAL,Estatal,Urbano,MULLER,CORDOBA,"[""2. Común - Secundario""]",-31.4168,-64.1354,MAULLER
140576600,ESCUELA DE EDUCACION SECUNDARIA DE FORMACION PROFESIONAL,Estatal,Urbano,AMPLIACIÓN SAN JORGE,CORDOBA,"[""2. Común - Secundario""]",-31.3725,-64.1334,RESIDENCIAL ARAGON
140578500,INSTITUTO DE EDUCACION ACTIVA JOHN DEWEY,Privado,Urbano,VILLA RIVERA INDARTE,CORDOBA,"[""2. Común - Secundario""]",-31.3317,-64.2916,RIVERA INDARTE
140582300,INSTITUTO SABER,Privado,Urbano,CENTRO,CORDOBA,"[""7. Jóvenes y Adultos - Secundario""]",-31.4211,-64.1814,CENTRO
140580400,J.DE INF. CENTRO EDUCACIONAL SAN JORGE,Privado,Urbano,CENTRO,CORDOBA,"[""0. Común - Inicial""]",-31.4167,-64.1795,CENTRO
140584600,INSTITUTO ALAN TURING,Privado,Urbano,EL REFUGIO - ARGUELLO,CORDOBA,"[""2. Común - Secundario""]",-31.3462,-64.2845,EL REFUGIO
140584700,INSTITUTO XUL SOLAR,Privado,Urbano,ALTO VERDE,CORDOBA,"[""2. Común - Secundario""]",-31.3459,-64.2842,EL REFUGIO
140584800,INSTITUTO ARCANGEL MICAEL,Privado,Urbano,VILLA BELGRANO,CORDOBA,"[""2. Común - Secundario""]",-31.3693,-64.218,CERRO CHICO
140585200,I.P.E.M. Nº 442,Estatal,Urbano,ZEPA,CORDOBA,"[""2. Común - Secundario""]",-31.3899,-64.1049,ZEPA
149000100,COLEGIO NACIONAL DE MONSERRAT,Estatal,Urbano,CENTRO,CORDOBA,"[""1. Común - Primario"",""2. Común - Secundario"",""3. Común - Superior""]",-31.4192,-64.1865,CENTRO
149000200,LICEO MILITAR GENERAL PAZ,Estatal,Urbano,PARQUE LICEO 1RA. SECCION,CORDOBA,"[""0. Común - Inicial"",""1. Común - Primario"",""2. Común - Secundario""]",-31.3475,-64.1759,PARQUE JORGE NEWBERY
149000300,ESCUELA SUP. DE COMERCIO MANUEL BELGRANO,Estatal,Urbano,ALTO ALBERDI,CORDOBA,"[""1. Común - Primario"",""2. Común - Secundario"",""3. Común - Superior""]",-31.4058,-64.2018,ALBERDI
140511402,C.E.N.M.A. BRIGADIER JUAN I. DE SAN MARTIN ANEXO Bº LOS GRANADOS,Estatal,Urbano,LOS GRANADOS,CORDOBA,"[""7. Jóvenes y Adultos - Secundario""]",-31.4249,-64.2383,LOS GRANADOS
140288213,C.E.N.M.A. Nº 111 ANEXO BARRIO OÑA,Estatal,Urbano,OÑA,CORDOBA,"[""7. Jóvenes y Adultos - Secundario""]",-31.4499,-64.1659,ONA
140194205,C.E.N.M.A. N° 232 - ANEXO LOS BOULEVARES,Estatal,Urbano,LOS BOULEVARES,CORDOBA,"[""7. Jóvenes y Adultos - Secundario""]",-31.3436,-64.2247,LOS BOULEVARES
140229003, I.P.E.M. Nº 196 DRA. ALICIA MOREAU DE JUSTO ANEXO PIT B°PATRICIOS,Estatal,Urbano,PATRICIOS,CORDOBA,"[""2. Común - Secundario""]",-31.3726,-64.1392,GENERAL BELGRANO
140245901,C.E.N.M.A. No 168 ANEXO SEDE SIN.PE.CAF.,Estatal,Urbano,CENTRO,CORDOBA,"[""7. Jóvenes y Adultos - Secundario""]",-31.4089,-64.1875,DUCASSE
140250501,I.P.E.T. Nº 17 PAULO FREIRE ANEXO PIT FADEA,Estatal,Urbano,AERONAUTICO,CORDOBA,"[""2. Común - Secundario""]",-31.4334,-64.2678,AERONAUTICO- VILLA ZEPELLIN
140270907,C.E.N.M.A. Nº 215 ANEXO SEDE Bº AMPLIACION RESIDENCIAL AMERICA,Estatal,Urbano,AMPLIACION RESIDENCIAL AMERICA,CORDOBA,"[""7. Jóvenes y Adultos - Secundario""]",-31.3764,-64.1668,AYACUCHO
140278207,C.E.N.M.A. CASA DE GOBIERNO ANEXO ESPACIO ILLIA,Estatal,Urbano,CENTRO,CORDOBA,"[""7. Jóvenes y Adultos - Secundario""]",-31.4086,-64.1844,COFICO
140289801,I.P.E.M. Nº 6 JUAN FILLOY ANEXO PIT B°PUEYRREDON,Estatal,Urbano,PUEYRREDON,CORDOBA,"[""2. Común - Secundario""]",-31.3953,-64.1493,AMPLIACION PUEYRREDON
140553302,C.E.N.M.A. BARRIO ACOSTA ANEXO SEDE UNIVERSIDAD PROVINCIAL DE CÓRDOBA (UPC),Estatal,Urbano,ROGELIO MARTINEZ,CORDOBA,"[""7. Jóvenes y Adultos - Secundario""]",-31.4352,-64.1754,CIUDAD DE LAS ARTES
140544805,C.E.N.M.A. PERIFERICOS DE ARGUELLO ANEXO SEDE B° COOPERATIVA 3 DE NOVIEMBRE,Estatal,Urbano,COOPERATIVA 3 DE NOVIEMBRE,CORDOBA,"[""7. Jóvenes y Adultos - Secundario""]",-31.3298,-64.2481,ARGUELLO NORTE
140554202,C.E.N.M.A. BARRIO PARQUE FUTURA ANEXO SEDE PARQUE EDUCATIVO SUR,Estatal,Urbano,CONGRESO,CORDOBA,"[""7. Jóvenes y Adultos - Secundario""]",-31.4674,-64.2347,CONGRESO
140572300,ESCUELA NOCTURNA ALEGRIA AHORA,Estatal,Urbano,BELLA VISTA,CORDOBA,"[""6. Jóvenes y Adultos - Primario""]",-31.4288,-64.1992,BELLA VISTA
140046000,C.E.N.M.A. Nº 71,Estatal,Urbano,LAS VIOLETAS,CORDOBA,"[""7. Jóvenes y Adultos - Secundario""]",-31.4103,-64.2523,LAS VIOLETAS
140514101,I.P.E.T. N° 430 INSTITUTO TECNICO INDUSTRIAL ZONA NORTE ANEXO PIT B°COLONIAS DEL CERRO,Estatal,Urbano,COLINAS DEL CERRO,CORDOBA,"[""2. Común - Secundario""]",-31.3791,-64.2485,COUNTRY BARRANCAS
140509804,C.E.N.M.A. ALEJANDRO CARBO ANEXO SEDE CPC B° VILLA EL LIBERTADOR,Estatal,Urbano,,CORDOBA,"[""7. Jóvenes y Adultos - Secundario""]",-31.4671,-64.2253,RESIDENCIAL SUD
140528906,C.E.N.M.A. Bº SAN VICENTE ANEXO SEDE PARQUE EDUCATIVO ESTE,Estatal,Urbano,,CORDOBA,"[""7. Jóvenes y Adultos - Secundario""]",-31.4113,-64.1343,MAULLER
140061803,C.E.N.M.A. Nº 70 COMPAÑERO HUGO ESTANISLAO OCHOA ANEXO SEDE CEB B° CAPDEVILA,Estatal,Urbano,,CORDOBA,"[""7. Jóvenes y Adultos - Secundario""]",-31.3758,-64.133,ARTURO CAPDEVILA
140395004,C.E.N.M.A. Nº 151 ANEXO SEDE B° AMPLIACION SAN PABLO,Estatal,Urbano,AMPLIACION SAN PABLO,CORDOBA,"[""7. Jóvenes y Adultos - Secundario""]",-31.4398,-64.1689,CABANA DEL PILAR
140429305,C.E.N.M.A. Nº 125 ANEXO SEDE Bº LAS FLORES,Estatal,Urbano,LAS FLORES,CORDOBA,"[""7. Jóvenes y Adultos - Secundario""]",-31.4525,-64.1974,LAS FLORES
140447001,I.P.E.M. Nº 19 POETA OSCAR GUIÑAZU ALVAREZ ANEXO PIT C.I.M.I.,Estatal,Urbano,CENTRO,CORDOBA,"[""2. Común - Secundario""]",-31.4211,-64.1758,SIN BARRIO
140236408,C.E.N.M.A. Nº 135 ANEXO Bº RENE FAVALORO,Estatal,Urbano,RENE FAVALORO,CORDOBA,"[""7. Jóvenes y Adultos - Secundario""]",-31.409,-64.2327,RENE FAVALORO
140542809,C.E.N.M.A. PARQUE LICEO 2° SECCION ANEXO SEDE UNIÓN FERROVIARIA EXT. AULICA B° LOS GIGANTES ANEXO,Estatal,Urbano,AMPLIACION LOS GIGANTES ANEXO,CORDOBA,"[""7. Jóvenes y Adultos - Secundario""]",-31.3663,-64.1634,IPV ANEXO LOS GIGANTES
140011802,C.E.N.M.A. POLICIA DE LA PROVINCIA DE CORDOBA ANEXO SEDE SUVICO,Estatal,Urbano,CENTRO,CORDOBA,"[""7. Jóvenes y Adultos - Secundario""]",-31.4102,-64.1854,COFICO
140000100,COLEGIO LUTERANO CONCORDIA,Privado,Urbano,ALTO ALBERDI,CORDOBA,"[""1. Común - Primario""]",-31.4164,-64.212,OBRERO
140000300,ESCUELA JOSE MARMOL,Estatal,Urbano,LOS PLATANOS,CORDOBA,"[""1. Común - Primario""]",-31.423,-64.231,LOS PLATANOS
140000400,J.DE INF. LA SALLE,Privado,Urbano,ARGUELLO,CORDOBA,"[""0. Común - Inicial""]",-31.3481,-64.2568,ARGUELLO
140000500,ESCUELA JAPON,Estatal,Urbano,RESIDENCIAL ALBERDI,CORDOBA,"[""1. Común - Primario""]",-31.4201,-64.218,RESIDENCIAL SANTA ANA
140000600,DR. CARLOS BECERRA,Estatal,Urbano,LOS PLATANOS,CORDOBA,"[""0. Común - Inicial"",""1. Común - Primario""]",-31.4214,-64.2322,LOS PLATANOS
140000700,J.DE INF. JOSE JAVIER DIAZ,Estatal,Urbano,ALTO ALBERDI,CORDOBA,"[""0. Común - Inicial""]",-31.4045,-64.2189,ALTO ALBERDI
140000900,J.DE INF. BERNARDO DE MONTEAGUDO,Estatal,Urbano,LOS PLATANOS,CORDOBA,"[""0. Común - Inicial""]",-31.4129,-64.2296,TRANVIARIOS
140001000,DOCTOR ANTONIO SOBRAL,Estatal,Urbano,MALAGUEÑO (PARQUE ED.ESTE),CORDOBA,"[""0. Común - Inicial"",""1. Común - Primario""]",-31.4039,-64.132,MALDONADO
140001001,DOCTOR ANTONIO SOBRAL ANEXO VILLA INES,Estatal,Urbano,VILLA INES,CORDOBA,"[""1. Común - Primario""]",-31.4081,-64.1404,PARQUE DEL ESTE
140001100,ESCUELA ADOLFO VAN GELDEREN,Estatal,Urbano,CHACRA DE LA MERCED,CORDOBA,"[""1. Común - Primario""]",-31.4035,-64.0889,NUESTRO HOGAR II
140001200,ESCUELA TRANSITO CACERES DE ALLENDE,Estatal,Urbano,CHACRA DE LA MERCED,CORDOBA,"[""1. Común - Primario""]",-31.4107,-64.0628,VILLA LA MERCED
140001300,J.DE INF. GOBERNADOR AMADEO SABATTINI,Estatal,Urbano,YAPEYU,CORDOBA,"[""0. Común - Inicial""]",-31.4122,-64.1489,YAPEYU
140001400,ESCUELA GOBERNADOR AMADEO SABATTINI,Estatal,Urbano,YAPEYU,CORDOBA,"[""1. Común - Primario""]",-31.413,-64.1496,YAPEYU
140001500,J.DE INF. RICARDO GUIRALDES,Estatal,Urbano,YAPEYU,CORDOBA,"[""0. Común - Inicial""]",-31.4106,-64.1526,HOGAR PROPIO
140001600,GOBERNADOR DOCTOR ARTURO ZANICHELLI,Estatal,Urbano,PARQUE LICEO 3RA. SECCION,CORDOBA,"[""0. Común - Inicial"",""1. Común - Primario"",""6. Jóvenes y Adultos - Primario""]",-31.3573,-64.1562,PARQUE LICEO SECCION 3
140001800,ESCUELA DR. EMILIO ESTEBAN SANCHEZ,Estatal,Urbano,AMPLIACION PALMAR,CORDOBA,"[""1. Común - Primario""]",-31.3879,-64.1188,AMPLIACION PALMAR
140001900,J.DE INF. DR.EMILIO ESTEBAN SANCHEZ,Estatal,Urbano,AMPLIACION PALMAR,CORDOBA,"[""0. Común - Inicial""]",-31.3879,-64.119,AMPLIACION PALMAR
140002000,J.DE INF. RABINDRANATH TAGORE,Estatal,Urbano,VILLA CLAUDINA,CORDOBA,"[""0. Común - Inicial""]",-31.3897,-64.1233,VILLA CLAUDINA
140002100,J.DE INF. REPUBLICA DE LA INDIA,Estatal,Urbano,VILLA CLAUDINA,CORDOBA,"[""0. Común - Inicial""]",-31.3826,-64.1094,LA DOROTEA
140002200,ESCUELA JUSTO JOSE DE URQUIZA,Estatal,Urbano,PUEYRREDON,CORDOBA,"[""1. Común - Primario""]",-31.3964,-64.1574,TALLERES OESTE
140002300,J.DE INF. JUSTO JOSE DE URQUIZA,Estatal,Urbano,PUEYRREDON,CORDOBA,"[""0. Común - Inicial""]",-31.3964,-64.1574,TALLERES OESTE
140002400,COLEGIO GENERAL MANUEL BELGRANO,Privado,Urbano,PUEYRREDON,CORDOBA,"[""0. Común - Inicial"",""1. Común - Primario""]",-31.4039,-64.1585,GENERAL PUEYRREDON
140002600,J.DE INF. PROF.LUZ VIEIRA MENDEZ,Estatal,Urbano,PUEYRREDON,CORDOBA,"[""0. Común - Inicial""]",-31.3954,-64.147,AMPLIACION PUEYRREDON
140002700,J.DE INF. EJERCITO ARGENTINO,Estatal,Urbano,VILLA LOS PINOS,CORDOBA,"[""0. Común - Inicial""]",-31.3927,-64.142,LOS PINOS
140002800,ESCUELA PROFESOR JOSE TORIBIO HERNANDEZ,Estatal,Urbano,PUEYRREDON,CORDOBA,"[""1. Común - Primario""]",-31.3953,-64.1467,AMPLIACION PUEYRREDON
140003500,COLEGIO LA SALLE,Privado,Urbano,ARGUELLO,CORDOBA,"[""1. Común - Primario""]",-31.3479,-64.2566,ARGUELLO
140004700,ESCUELA NOCTURNA PAULO FREIRE,Estatal,Urbano,CENTRO,CORDOBA,"[""6. Jóvenes y Adultos - Primario""]",-31.4215,-64.1758,SIN BARRIO
140004704,ESCUELA NOCTURNA PAULO FREIRE ANEXO IV,Estatal,Urbano,JUNIORS,CORDOBA,"[""6. Jóvenes y Adultos - Primario""]",-31.4188,-64.171,JUNIORS
140004705,ESCUELA NOCTURNA PAULO FREIRE ANEXO CREER Y SER,Estatal,Urbano,POSTA DE VARGAS,CORDOBA,"[""6. Jóvenes y Adultos - Primario""]",-31.4999,-64.1989,NUESTRO HOGAR III
140004800,J.DE INF. ARTURO CAPDEVILA,Estatal,Urbano,MARIANO FRAGUEIRO,CORDOBA,"[""0. Común - Inicial""]",-31.3677,-64.1871,MARIANO FRAGUEIRO
140005000,J.DE INF. BERNARDINO RIVADAVIA,Estatal,Urbano,MARQUES DE SOBREMONTE-ANEXO,CORDOBA,"[""0. Común - Inicial""]",-31.3634,-64.195,MARQUES DE SOBREMONTE
140005100,COLEGIO PETER PAN,Privado,Urbano,MARQUES DE SOBREMONTE,CORDOBA,"[""1. Común - Primario""]",-31.3674,-64.204,SAN MARTIN NORTE
140005400,ESCUELA DR. ALEJANDRO GALLARDO,Estatal,Urbano,GRANJA DE FUNES,CORDOBA,"[""1. Común - Primario""]",-31.3444,-64.2473,GRANJA DE FUNES
140027900,ESCUELA ERNESTO BANCALARI,Estatal,Urbano,GENERAL ARTIGAS,CORDOBA,"[""1. Común - Primario""]",-31.4643,-64.2003,GENERAL ARTIGAS
140006800,J.DE INF. U.N.E.S.C.O.,Estatal,Urbano,GUIÑAZU,CORDOBA,"[""0. Común - Inicial""]",-31.314,-64.1757,GUINAZU
140006801,J.DE INF. U.N.E.S.C.O. ANEXO VILLA ALICIA RISLER,Estatal,Urbano,VILLA ALICIA RISLER,CORDOBA,"[""0. Común - Inicial""]",-31.3108,-64.1805,VILLA ALICIA RISLER
140007100,J.DE INF. OLEGARIO VICTOR ANDRADE,Estatal,Urbano,VILLA RETIRO,CORDOBA,"[""0. Común - Inicial""]",-31.3423,-64.1477,VILLA RETIRO
140007400,ESCUELA SARGENTO CABRAL,Estatal,Urbano,PARQUE MONTECRISTO,CORDOBA,"[""1. Común - Primario""]",-31.3886,-64.1411,PARQUE MONTECRISTO
140007500,ESCUELA NOCTURNA PADRE JOSE LEON TORRES,Estatal,Urbano,PARQUE MONTECRISTO,CORDOBA,"[""6. Jóvenes y Adultos - Primario""]",-31.3886,-64.1411,PARQUE MONTECRISTO
140007700,J.DE INF. SARGENTO CABRAL,Estatal,Urbano,PARQUE MONTECRISTO,CORDOBA,"[""0. Común - Inicial""]",-31.3887,-64.141,PARQUE MONTECRISTO
140007800,COLEGIO HORTUS CONCLUSUS,Privado,Urbano,GENERAL BUSTOS,CORDOBA,"[""1. Común - Primario""]",-31.395,-64.1756,GENERAL BUSTOS
140008100,J.DE INF. CAPITAL FEDERAL,Estatal,Urbano,GENERAL BUSTOS,CORDOBA,"[""0. Común - Inicial""]",-31.3876,-64.1683,GENERAL BUSTOS
140010600,ESCUELA JORGE NEWBERY,Estatal,Urbano,JORGE NEWBERY,CORDOBA,"[""1. Común - Primario""]",-31.3495,-64.1803,PARQUE JORGE NEWBERY
140010800,J.DE INF. JORGE NEWBERY,Estatal,Urbano,JORGE NEWBERY,CORDOBA,"[""0. Común - Inicial""]",-31.35,-64.1806,PARQUE JORGE NEWBERY
140010900,ESCUELA NOCTURNA ATAHUALPA YUPANQUI,Estatal,Urbano,ALTA CORDOBA,CORDOBA,"[""6. Jóvenes y Adultos - Primario""]",-31.3864,-64.1861,ALTA CORDOBA
140011200,ESCUELA MATEO JOSE LUQUE,Estatal,Urbano,YOFRE NORTE,CORDOBA,"[""1. Común - Primario""]",-31.3848,-64.1345,YOFRE NORTE
140011300,J.DE INF. CRISTO REY,Privado,Urbano,GENERAL BUSTOS,CORDOBA,"[""0. Común - Inicial""]",-31.3915,-64.1707,GENERAL BUSTOS
140011500,ESCUELA FRAY MAMERTO ESQUIU,Estatal,Urbano,YOFRE NORTE,CORDOBA,"[""1. Común - Primario""]",-31.3854,-64.1292,YOFRE H
140011700,ESCUELA NOCTURNA JOSE HERNANDEZ,Estatal,Urbano,YOFRE H,CORDOBA,"[""6. Jóvenes y Adultos - Primario""]",-31.3854,-64.1292,YOFRE H
140011702,ESCUELA NOCTURNA JOSE HERNANDEZ ANEXO EXTENSION AULICA BARRIO ZEPA,Estatal,Urbano,ZEPA,CORDOBA,"[""6. Jóvenes y Adultos - Primario""]",-31.3897,-64.1053,ZEPA
140011704,ESCUELA NOCTURNA JOSE HERNANDEZ ANEXO EXTENSION AULICA HOSPITAL ONCOLOGICO,Estatal,Urbano,CRISOL NORTE,CORDOBA,"[""6. Jóvenes y Adultos - Primario""]",-31.4286,-64.1677,CRISOL NORTE
140011705,ESCUELA NOCTURNA JOSE HERNANDEZ ANEXO EXTENSION AULICA EVITA,Estatal,Urbano,PUEYRREDON,CORDOBA,"[""6. Jóvenes y Adultos - Primario""]",-31.3965,-64.1576,TALLERES OESTE
140012200,J.DE INF. ALEJO CARMEN GUZMAN,Estatal,Urbano,GENERAL BUSTOS,CORDOBA,"[""0. Común - Inicial""]",-31.3935,-64.1729,GENERAL BUSTOS
140012300,J.DE INF. MALVINA ROSA QUIROGA,Estatal,Urbano,YOFRE NORTE,CORDOBA,"[""0. Común - Inicial""]",-31.3854,-64.1292,YOFRE H
140012400,ESCUELA ALEJO CARMEN GUZMAN,Estatal,Urbano,GENERAL BUSTOS,CORDOBA,"[""1. Común - Primario""]",-31.3935,-64.1727,GENERAL BUSTOS
140013000,COLEGIO SANTA TERESITA,Privado,Urbano,VILLA SERRANA,CORDOBA,"[""0. Común - Inicial"",""1. Común - Primario""]",-31.3279,-64.2882,VILLA RIVERA INDARTE
140013100,J.DE INF. MARIA SANCHEZ DE MENDEVILLE,Estatal,Urbano,VILLA RIVERA INDARTE,CORDOBA,"[""0. Común - Inicial""]",-31.3339,-64.288,SAN JOSE
140015500,ESCUELA NOCTURNA ANTARTIDA ARGENTINA,Estatal,Urbano,EMPALME,CORDOBA,"[""6. Jóvenes y Adultos - Primario""]",-31.4396,-64.1265,EMPALME CASAS DE OBREROS Y EMPLEADOS
140015503,ESCUELA NOCTURNA ANTARTIDA ARGENTINA ANEXO EXTENSION AULICA BARRIO CORONEL OLMEDO,Estatal,Urbano,CORONEL OLMEDO,CORDOBA,"[""6. Jóvenes y Adultos - Primario""]",-31.4807,-64.1416,VILLA CORONEL OLMEDO
140015600,ESCUELA VICTOR MERCANTE,Estatal,Urbano,EMPALME,CORDOBA,"[""1. Común - Primario""]",-31.4325,-64.1337,VILLA ARGENTINA
140015800,GOBERNADOR DR. AMADEO SABATTINI,Estatal,Urbano,SAN FELIPE,CORDOBA,"[""0. Común - Inicial"",""1. Común - Primario"",""6. Jóvenes y Adultos - Primario""]",-31.4567,-64.1332,SAN FELIPE
140015900,ESCUELA EJERCITO ARGENTINO,Estatal,Urbano,ITUZAINGO,CORDOBA,"[""1. Común - Primario""]",-31.4661,-64.0889,LOS EUCALIPTUS
140016000,DOMINGO FAUSTINO SARMIENTO ( ED.COMUN Y ADULTOS),Estatal,Urbano,JOSE IGNACIO DIAZ 5º SECCION,CORDOBA,"[""0. Común - Inicial"",""1. Común - Primario"",""6. Jóvenes y Adultos - Primario""]",-31.4575,-64.1289,23 DE ABRIL
140016003,DOMINGO FAUSTINO SARMIENTO ( ED.COMUN Y ADULTOS)ANEXO PARQUE EDUCATIVO ESTE,Estatal,Urbano,CAMPO de la RIBERA,CORDOBA,"[""6. Jóvenes y Adultos - Primario""]",-31.4112,-64.1344,MAULLER
140016100,J.DE INF. PEDRO RUIZ DE GARIBAY,Estatal,Urbano,EMPALME,CORDOBA,"[""0. Común - Inicial""]",-31.4303,-64.127,AMPLIACION EMPALME
140017200,ESCUELA RICARDO NASSIF,Estatal,Urbano,2 DE SEPTIEMBRE,CORDOBA,"[""1. Común - Primario""]",-31.3363,-64.2462,2 DE SEPTIEMBRE
140017300,J.DE INF. HUGO LEONELLI,Estatal,Urbano,GRANJA DE FUNES 2º SECCION,CORDOBA,"[""0. Común - Inicial""]",-31.3329,-64.2423,2 DE SEPTIEMBRE
140021200,COLEGIO 25 DE MAYO,Privado,Urbano,CENTRO,CORDOBA,"[""1. Común - Primario""]",-31.4117,-64.1838,CENTRO
140021300,ESCUELA ESPECIAL DRA. CAROLINA ANA MOSCA,Estatal,Urbano,GUEMES,CORDOBA,"[""4. Especial""]",-31.4277,-64.194,GUEMES
140021400,ESCUELA JUAN BAUTISTA ALBERDI,Estatal,Urbano,CENTRO,CORDOBA,"[""1. Común - Primario""]",-31.4097,-64.1843,COFICO
140021700,ESCUELA NOCTURNA PADRE PEDRO GRENON,Estatal,Urbano,ITUZAINGO,CORDOBA,"[""6. Jóvenes y Adultos - Primario""]",-31.466,-64.0889,LOS EUCALIPTUS
140021701,ESCUELA NOCTURNA PADRE PEDRO GRENON ANEXO EXTENSION AULICA CIUDAD EVITA,Estatal,Urbano,CIUDAD EVITA ,CORDOBA,"[""6. Jóvenes y Adultos - Primario""]",-31.3888,-64.0549,LA FLORESTA
140021702,ESCUELA NOCTURNA PADRE PEDRO GRENON EXT. AULICA CIUDAD DE MIS SUEÑOS,Estatal,Urbano,CIUDAD DE MIS SUEÑOS,CORDOBA,"[""6. Jóvenes y Adultos - Primario""]",-31.477,-64.0855,CIUDAD DE MIS SUENOS
140021800,J.DE INF. CORNELIO SAAVEDRA,Estatal,Urbano,VILLA POSSE,CORDOBA,"[""0. Común - Inicial""]",-31.4401,-64.0837,BETANIA
140021900,J.DE INF. EJERCITO ARGENTINO,Estatal,Urbano,ITUZAINGO,CORDOBA,"[""0. Común - Inicial""]",-31.466,-64.0894,LOS EUCALIPTUS
140023300,COLEGIO NUEVO SIGLO,Privado,Urbano,GENERAL PAZ,CORDOBA,"[""1. Común - Primario""]",-31.4157,-64.1687,GENERAL PAZ
140027400,DOCTOR JORGE ORGAZ,Estatal,Urbano,VILLA RIVERA INDARTE,CORDOBA,"[""0. Común - Inicial"",""1. Común - Primario"",""6. Jóvenes y Adultos - Primario""]",-31.3196,-64.2933,VILLA RIVERA INDARTE
140027500,ESCUELA MARIA SANCHEZ DE MENDEVILLE,Estatal,Urbano,VILLA RIVERA INDARTE,CORDOBA,"[""1. Común - Primario""]",-31.3341,-64.2879,SAN JOSE
140027800,J.DE INF. ERNESTO BANCALARI,Estatal,Urbano,GENERAL ARTIGAS,CORDOBA,"[""0. Común - Inicial""]",-31.4642,-64.1998,GENERAL ARTIGAS
140028000,ESCUELA DE LAS AMERICAS,Estatal,Urbano,KENNEDY,CORDOBA,"[""1. Común - Primario""]",-31.4582,-64.191,KENNEDY
140028100,J.DE INF. DE LAS AMERICAS,Estatal,Urbano,KENNEDY,CORDOBA,"[""0. Común - Inicial""]",-31.4582,-64.1906,KENNEDY
140041600,J.DE INF. RITA LATALLADA DE VICTORIA,Estatal,Urbano,CENTRO AMERICA,CORDOBA,"[""0. Común - Inicial""]",-31.3757,-64.1721,AYACUCHO
140041800,ESCUELA GOB. SANTIAGO DEL CASTILLO,Estatal,Urbano,VILLA AZALAIS,CORDOBA,"[""1. Común - Primario""]",-31.3736,-64.1523,VILLA AZALAIS
140045100,ESCUELA PROVINCIA DE CORDOBA,Estatal,Urbano,PASO DE LOS ANDES,CORDOBA,"[""1. Común - Primario""]",-31.4174,-64.2053,PASO DE LOS ANDES
140045400,ESCUELA GOBERNADOR EMILIO F. OLMOS,Estatal,Urbano,PARQUE CAPITAL,CORDOBA,"[""1. Común - Primario""]",-31.4309,-64.2187,AVENIDA
140045500,ESCUELA ESTADOS UNIDOS DE NORTEAMERICA,Estatal,Urbano,PASO DE LOS ANDES,CORDOBA,"[""1. Común - Primario""]",-31.4174,-64.2053,PASO DE LOS ANDES
140045800,J.DE INF. LEONOR DE TEJEDA,Estatal,Urbano,GUEMES,CORDOBA,"[""0. Común - Inicial""]",-31.4243,-64.196,GUEMES
140046100,ESCUELA ADOLFO SALDIAS,Estatal,Urbano,GUEMES,CORDOBA,"[""1. Común - Primario""]",-31.4244,-64.1953,GUEMES
140046400,J.DE INF. ESCUELA MATERNAL Nº 2,Estatal,Urbano,ROGELIO MARTINEZ,CORDOBA,"[""0. Común - Inicial""]",-31.4375,-64.1793,ROGELIO MARTINEZ
140046500,J.DE INF. ING. JUAN MARIO MASJOAN,Estatal,Urbano,JARDIN,CORDOBA,"[""0. Común - Inicial""]",-31.4477,-64.1723,SANTA RITA
140046600,ESCUELA 20 DE JUNIO,Estatal,Urbano,JARDIN,CORDOBA,"[""1. Común - Primario""]",-31.4434,-64.1842,JARDIN
140046700,J.DE INF. 20 DE JUNIO,Estatal,Urbano,JARDIN,CORDOBA,"[""0. Común - Inicial""]",-31.4433,-64.1841,JARDIN
140046900,ESC. ESP. HELEN KELLER ,Estatal,Urbano,CIUDAD UNIVERSITARIA,CORDOBA,"[""4. Especial""]",-31.4397,-64.1931,CIUDAD UNIVERSITARIA
140047600,ESC. ESP. INST. DEL LENGUAJE Y LA AUDICION CORDOBA-I.L.A.C,Estatal,Urbano,CIUDAD UNIVERSITARIA,CORDOBA,"[""4. Especial""]",-31.4404,-64.1934,CIUDAD UNIVERSITARIA
140048500,INST. SUP. DE FORM. DOC. RENEE TRETTEL DE FABIAN,Estatal,Urbano,LOS NARANJOS,CORDOBA,"[""3. Común - Superior""]",-31.4413,-64.2301,ROSEDAL ANEXO
140048600,COLEGIO PADRE JUAN BURON,Privado,Urbano,VILLA ADELA,CORDOBA,"[""1. Común - Primario""]",-31.4395,-64.2492,LAS PLAYAS
140048700,ESCUELA REPUBLICA ARGENTINA,Estatal,Urbano,AMEGHINO SUR,CORDOBA,"[""1. Común - Primario""]",-31.4342,-64.2377,AMEGHINO SUD
140048800,GOBERNADOR DOCTOR SANTIAGO DEL CASTILLO,Estatal,Urbano,ROSEDAL ANEXO,CORDOBA,"[""0. Común - Inicial"",""1. Común - Primario""]",-31.4393,-64.2223,AMPLIACION ROSEDAL
140049000,J.DE INF. CADETES DE LA FUERZA AEREA ARGENTINA,Estatal,Urbano,VILLA ADELA,CORDOBA,"[""0. Común - Inicial""]",-31.436,-64.2513,VILLA ADELA
140049100,J.DE INF. GABRIELA MISTRAL,Estatal,Urbano,ROSEDAL,CORDOBA,"[""0. Común - Inicial""]",-31.4351,-64.2259,ROSEDAL
140049200,J.DE INF. REPUBLICA ARGENTINA,Estatal,Urbano,AMEGHINO SUR,CORDOBA,"[""0. Común - Inicial""]",-31.4339,-64.2372,AMEGHINO SUD
140049300,ESCUELA NOCTURNA COMANDANTE EDUARDO OLIVERO,Estatal,Urbano,AMEGHINO SUR,CORDOBA,"[""6. Jóvenes y Adultos - Primario""]",-31.4331,-64.2374,AMEGHINO SUD
140051500,J.DE INF. MANUEL LUCERO,Estatal,Urbano,ALTA CORDOBA,CORDOBA,"[""0. Común - Inicial""]",-31.3907,-64.1836,ALTA CORDOBA
140057600,COLEGIO ROSARITO VERA PEÑALOZA,Privado,Urbano,QUINTAS DE ARGUELLO,CORDOBA,"[""1. Común - Primario""]",-31.3392,-64.278,VILLA SOLFERINO
140057700,J.DE INF. ELISA K. DE LITVACK,Estatal,Urbano,LA SALLE,CORDOBA,"[""0. Común - Inicial""]",-31.3426,-64.2749,VILLA SOLFERINO
140057800,ESCUELA ELISA KOPSTEIN DE LITVACK,Estatal,Urbano,LA SALLE,CORDOBA,"[""1. Común - Primario""]",-31.3441,-64.2745,LA SALLE
140058100,COLEGIO PIO X,Privado,Urbano,ALBERDI,CORDOBA,"[""1. Común - Primario""]",-31.4108,-64.1977,ALBERDI
140064500,J.DE INF. DR. LUIS LEZAMA,Estatal,Urbano,ARGUELLO NORTE,CORDOBA,"[""0. Común - Inicial""]",-31.3253,-64.2652,UOCRA
140066500,COLEGIO ADVENTISTA VELEZ SARSFIELD,Privado,Urbano,OÑA,CORDOBA,"[""0. Común - Inicial"",""1. Común - Primario""]",-31.4485,-64.167,ONA
140066600,COLEGIO PQUIAL. CRISTO REDENTOR,Privado,Urbano,JARDIN,CORDOBA,"[""0. Común - Inicial"",""1. Común - Primario""]",-31.445,-64.1836,JARDIN
140066700,ESCUELA GOBERNADOR JOSE MANUEL ALVAREZ,Estatal,Urbano,PARQUE SARMIENTO,CORDOBA,"[""1. Común - Primario""]",-31.4335,-64.179,PARQUE SARMIENTO
140068500,ESCUELA CDRO ROBERTO M. ECHEGOYEN,Estatal,Urbano,EJERCITO ARGENTINO,CORDOBA,"[""1. Común - Primario""]",-31.4467,-64.1959,EJERCITO ARGENTINO
140068600,J.DE INF. ALMAFUERTE,Estatal,Urbano,SAN FERNANDO,CORDOBA,"[""0. Común - Inicial""]",-31.4473,-64.1926,SAN FERNANDO
140069000,ESCUELA DR. ALBERT BRUCE SABIN,Estatal,Urbano,POSTA DE VARGAS,CORDOBA,"[""1. Común - Primario""]",-31.4999,-64.1989,NUESTRO HOGAR III
140071100,COLEGIO  SYRIA POLETTI,Privado,Urbano,IPONA,CORDOBA,"[""1. Común - Primario""]",-31.448,-64.1895,SAN FERNANDO
140074001,ESCUELA NOCTURNA REPUBLICA DE CHILE ANEXO EXTENSION AULICA SIN.PE.CAF.,Estatal,Urbano,CENTRO,CORDOBA,"[""6. Jóvenes y Adultos - Primario""]",-31.4089,-64.1875,DUCASSE
140071900,J.DE INF. GABRIELA MISTRAL,Estatal,Urbano,JUNIORS,CORDOBA,"[""0. Común - Inicial""]",-31.4184,-64.1654,JUNIORS
140073500,ESCUELA NOCTURNA 25 DE MAYO,Estatal,Urbano,YAPEYU,CORDOBA,"[""6. Jóvenes y Adultos - Primario""]",-31.4103,-64.1526,HOGAR PROPIO
140073800,ESCUELA FRAY JOSE ANTONIO DE SAN ALBERTO,Estatal,Urbano,PUEYRREDON,CORDOBA,"[""1. Común - Primario""]",-31.4031,-64.175,SIN BARRIO
140074000,ESCUELA NOCTURNA REPUBLICA DE CHILE,Estatal,Urbano,PUEYRREDON,CORDOBA,"[""6. Jóvenes y Adultos - Primario""]",-31.4031,-64.1751,SIN BARRIO
140073501,ESCUELA NOCTURNA 25 DE MAYO ANEXO EXT. AULICA ESPACIO ILLIA ,Estatal,Urbano,CENTRO,CORDOBA,"[""6. Jóvenes y Adultos - Primario""]",-31.4086,-64.1844,COFICO
140074500,DOCTOR RAUL FERNANDEZ,Estatal,Urbano,VILLA ALLENDE PARQUE,CORDOBA,"[""0. Común - Inicial"",""1. Común - Primario""]",-31.3141,-64.2844,VILLA ALLENDE PARQUE
140074600,ESCUELA NOCTURNA JOSE MANUEL ESTRADA,Estatal,Urbano,IPV ARGUELLO NORTE,CORDOBA,"[""6. Jóvenes y Adultos - Primario""]",-31.3319,-64.2461,ARGUELLO NORTE
140075600,ESCUELA ESTANISLAO DEL CAMPO,Estatal,Urbano,ALTAMIRA,CORDOBA,"[""1. Común - Primario""]",-31.4238,-64.1325,ALTAMIRA
140075700,ANGEL NICOLAS GASTALDI,Estatal,Urbano,COLONIA LOLA,CORDOBA,"[""0. Común - Inicial"",""1. Común - Primario""]",-31.4245,-64.1156,MIRALTA
140075800,ESCUELA NOCTURNA BERNARDO O HIGGINS,Estatal,Urbano,ACOSTA,CORDOBA,"[""6. Jóvenes y Adultos - Primario""]",-31.4255,-64.1219,ACOSTA
140075802,ESCUELA NOCTURNA BERNARDO O HIGGINS ANEXO EXTENSION AULICA B°VILLA BOEDO,Estatal,Urbano,VILLA BOEDO,CORDOBA,"[""6. Jóvenes y Adultos - Primario""]",-31.4318,-64.1087,BOEDO
140075900,J.DE INF. CANONIGO PIÑERO,Estatal,Urbano,CAMPO DE LA RIBERA,CORDOBA,"[""0. Común - Inicial""]",-31.4103,-64.1324,MALDONADO
140076000,J.DE INF. PANAMERICANA,Estatal,Urbano,ACOSTA,CORDOBA,"[""0. Común - Inicial""]",-31.4218,-64.1254,ACOSTA
140076900,J.DE INF. VICENTE FIDEL LOPEZ,Estatal,Urbano,ALEM,CORDOBA,"[""0. Común - Inicial""]",-31.3888,-64.1602,TALLERES OESTE
140077000,ESCUELA NOCTURNA REPUBLICA DEL LIBANO,Estatal,Urbano,PATRICIOS,CORDOBA,"[""6. Jóvenes y Adultos - Primario""]",-31.3779,-64.1405,SANTA CLARA DE ASIS
140077200,INGENIERO JUAN MARIO MASJOAN,Estatal,Urbano,LOS BOULEVARES,CORDOBA,"[""0. Común - Inicial"",""1. Común - Primario"",""6. Jóvenes y Adultos - Primario""]",-31.3396,-64.2201,LOS BOULEVARES
140077300,J.DE INF. DR. ALEJANDRO GALLARDO,Estatal,Urbano,GRANJA DE FUNES,CORDOBA,"[""0. Común - Inicial""]",-31.3439,-64.2475,VILLA SILVANO FUNES
140077400,ARSENIO MURUGARREN,Estatal,Urbano,SANTA CECILIA,CORDOBA,"[""0. Común - Inicial"",""1. Común - Primario""]",-31.3574,-64.2291,SANTA CECILIA
140077500,ESCUELA JUAN MARIA GUTIERREZ,Estatal,Urbano,LOS BOULEVARES,CORDOBA,"[""1. Común - Primario""]",-31.3436,-64.2246,LOS BOULEVARES
140078700,ESCUELA PRESIDENTE KENNEDY,Estatal,Urbano,VILLA CABRERA,CORDOBA,"[""1. Común - Primario""]",-31.3886,-64.2087,VILLA CABRERA
140079000,INST. DE ED. ESP. EL PUENTE,Privado,Urbano,SAN MARTIN,CORDOBA,"[""4. Especial""]",-31.395,-64.1978,SAN MARTIN
140079100,J.DE INF. CDRO. R. MOISES ECHEGOYEN,Estatal,Urbano,EJERCITO ARGENTINO,CORDOBA,"[""0. Común - Inicial""]",-31.4481,-64.1949,EJERCITO ARGENTINO
140093400,INST. CATOLICO SUP. DEL PROFESORADO,Privado,Urbano,NUEVA CORDOBA,CORDOBA,"[""3. Común - Superior""]",-31.4217,-64.1893,NUEVA CORDOBA
140093700,INST. PROVINCIAL DE EDUCACION FISICA,Estatal,Urbano,CHATEAU CARRERAS,CORDOBA,"[""3. Común - Superior""]",-31.3711,-64.2479,ESTADIO CORDOBA
140094000,ESCUELA SUPERIOR INTEGRAL DE TEATRO ROBERTO ARLT,Estatal,Urbano,ROGELIO MARTINEZ,CORDOBA,"[""3. Común - Superior""]",-31.4374,-64.1758,CIUDAD DE LAS ARTES
140094400,COLEGIO MARK TWAIN (EX-SANTA INES),Privado,Urbano,CHATEAU CARRERAS,CORDOBA,"[""1. Común - Primario""]",-31.385,-64.2648,ALTO DE DON BOSCO
140094600,J.DE INF. REPUBLICA DEL LIBANO,Estatal,Urbano,URCA,CORDOBA,"[""0. Común - Inicial""]",-31.3808,-64.2378,URCA
140095100,J.DE INF. OBISPO ESQUIU,Estatal,Urbano,VILLA ESQUIU,CORDOBA,"[""0. Común - Inicial""]",-31.3588,-64.1078,VILLA ESQUIU
140095200,J.DE INF. REPUBLICA DE CHILE,Estatal,Urbano,AYACUCHO,CORDOBA,"[""0. Común - Inicial""]",-31.3797,-64.171,AYACUCHO
140095300,ESCUELA CAPITAL FEDERAL,Estatal,Urbano,GENERAL BUSTOS,CORDOBA,"[""1. Común - Primario""]",-31.388,-64.168,GENERAL BUSTOS
140095500,DOCTOR EMILIO BAQUERO LAZCANO,Estatal,Urbano,VILLA URQUIZA,CORDOBA,"[""0. Común - Inicial"",""1. Común - Primario"",""6. Jóvenes y Adultos - Primario""]",-31.392,-64.2402,VILLA GENERAL URQUIZA
140095501,DOCTOR EMILIO BAQUERO LAZCANO ANEXO EN ESCUELA SUPERIOR DE COMERCIO MANUEL BELGRANO,Estatal,Urbano,ALBERDI,CORDOBA,"[""6. Jóvenes y Adultos - Primario""]",-31.4055,-64.2018,ALBERDI
140095600,ESCUELA ROMA,Estatal,Urbano,ALTO ALBERDI,CORDOBA,"[""1. Común - Primario""]",-31.4106,-64.2169,ALTO ALBERDI
140095700,ESCUELA GENERAL ENRIQUE MOSCONI,Estatal,Urbano,ALTO ALBERDI,CORDOBA,"[""1. Común - Primario""]",-31.4149,-64.2159,OBRERO
140095800,ESCUELA REPUBLICA DE MEXICO,Estatal,Urbano,CASEROS,CORDOBA,"[""1. Común - Primario""]",-31.4149,-64.2071,CASEROS
140096000,J.DE INF. ATILIO ARGUELLO,Estatal,Urbano,PARQUE REPUBLICA,CORDOBA,"[""0. Común - Inicial""]",-31.4184,-64.2583,PARQUE REPUBLICA
140096500,J.DE INF. REPUBLICA DE VENEZUELA,Estatal,Urbano,CHATEAU CARRERAS,CORDOBA,"[""0. Común - Inicial""]",-31.3857,-64.2585,MIRADOR DEL CHATEAU
140101200,ESCUELA LEOPOLDO LUGONES,Estatal,Urbano,POETA LUGONES,CORDOBA,"[""1. Común - Primario""]",-31.3626,-64.2108,POETA LUGONES
140103100,ESCUELA PRESIDENTE YRIGOYEN,Estatal,Urbano,SAN MARTIN,CORDOBA,"[""1. Común - Primario""]",-31.3979,-64.1987,PROVIDENCIA
140103300,J.DE INF. MARTHA ALCIRA SALOTTI,Estatal,Urbano,LAS MARGARITAS,CORDOBA,"[""0. Común - Inicial""]",-31.3764,-64.2117,LAS MARGARITAS
140117000,CARLOS FERNANDEZ ORDOÑEZ,Estatal,Urbano,SANTA ISABEL 2DA. SECCION,CORDOBA,"[""0. Común - Inicial"",""1. Común - Primario"",""6. Jóvenes y Adultos - Primario""]",-31.4791,-64.2286,SANTA ISABEL SECCION 2
140117100,J.DE INF. PTE.DR.ARTURO UMBERTO ILLIA,Estatal,Urbano,RESIDENCIAL SANTA ROSA,CORDOBA,"[""0. Común - Inicial""]",-31.4778,-64.2076,RESIDENCIAL SANTA ROSA
140120800,ESCUELA MANUEL BELGRANO,Estatal,Urbano,GENERAL BELGRANO,CORDOBA,"[""1. Común - Primario""]",-31.3711,-64.1355,GENERAL BELGRANO
140120900,J.DE INF. PROF. MARINA RAVIOLI,Estatal,Urbano,GENERAL BELGRANO,CORDOBA,"[""0. Común - Inicial""]",-31.3707,-64.1357,GENERAL BELGRANO
140125000,ESCUELA EJERCITO ARGENTINO,Estatal,Urbano,JARDIN DEL PILAR,CORDOBA,"[""1. Común - Primario""]",-31.4463,-64.1542,JARDIN DEL PILAR
140125100,GOBERNADOR BRIGADIER JUAN IGNACIO DE SAN MARTIN,Estatal,Urbano,JOSE HERNANDEZ,CORDOBA,"[""0. Común - Inicial"",""1. Común - Primario""]",-31.4449,-64.156,JOSE HERNANDEZ
140125200,J.DE INF. EJERCITO ARGENTINO,Estatal,Urbano,JARDIN DEL PILAR,CORDOBA,"[""0. Común - Inicial""]",-31.4459,-64.1542,JARDIN DEL PILAR
140126300,J.DE INF. RAUL ANGEL FERREYRA,Estatal,Urbano,S.E.P.,CORDOBA,"[""0. Común - Inicial""]",-31.4598,-64.1632,SEP SEGUNDA ETAPA
140126400,J.DE INF. FEDERICO FRÖEBEL,Estatal,Urbano,OÑA,CORDOBA,"[""0. Común - Inicial""]",-31.4496,-64.1659,ONA
140126800,ESC.ESP. BLANCA ESTELA FEIT,Estatal,Urbano,LAS PALMAS,CORDOBA,"[""4. Especial""]",-31.4076,-64.2348,PUENTE BLANCO
140126900,ESC. ESP. Y FORM.LABORAL Nº 19 BEATRIZ.A.MARTINEZ ALLIO,Estatal,Urbano,CIUDAD UNIVERSITARIA,CORDOBA,"[""4. Especial""]",-31.4409,-64.1935,CIUDAD UNIVERSITARIA
140127100,J.DE INF. SANTIAGO DE LAS CARRERAS,Estatal,Urbano,GENERAL PAZ,CORDOBA,"[""0. Común - Inicial""]",-31.4148,-64.1683,GENERAL PAZ
140127200,ESCUELA SANTIAGO DE LAS CARRERAS,Estatal,Urbano,GENERAL PAZ,CORDOBA,"[""1. Común - Primario""]",-31.4145,-64.1686,GENERAL PAZ
140127300,COLEGIO ESCUELAS PIAS,Privado,Urbano,GENERAL PAZ,CORDOBA,"[""0. Común - Inicial"",""1. Común - Primario""]",-31.4139,-64.1665,GENERAL PAZ
140127400,INST. DE ED. ESP. EL SOL,Privado,Urbano,SAN MARTIN,CORDOBA,"[""4. Especial""]",-31.3945,-64.1952,SAN MARTIN
140127700,J.DE INF. GOBERNADOR EMILIO F. OLMOS,Estatal,Urbano,PARQUE CAPITAL,CORDOBA,"[""0. Común - Inicial""]",-31.4308,-64.2188,AVENIDA
140129200,ESCUELA JUAN ZORRILLA DE SAN MARTIN,Estatal,Urbano,CERRO DE LAS ROSAS,CORDOBA,"[""1. Común - Primario""]",-31.3729,-64.2348,CERRO DE LAS ROSAS
140129300,ESCUELA PRIMERA JUNTA,Estatal,Urbano,VILLA CENTENARIO,CORDOBA,"[""1. Común - Primario""]",-31.364,-64.2311,VILLA CENTENARIO
140129400,J.DE INF. PRIMERA JUNTA,Estatal,Urbano,VILLA CENTENARIO,CORDOBA,"[""0. Común - Inicial""]",-31.3636,-64.2303,VILLA CENTENARIO
140129500,ESCUELA NOCTURNA FRAY JUSTO SANTA MARIA DE ORO,Estatal,Urbano,SAN VICENTE,CORDOBA,"[""6. Jóvenes y Adultos - Primario""]",-31.4206,-64.1388,PARQUE SAN VICENTE
140129600,J.DE INF. GRECIA,Estatal,Urbano,SAN VICENTE,CORDOBA,"[""0. Común - Inicial""]",-31.4198,-64.1395,MAULLER
140129700,J.DE INF. GENERAL MARTIN GUEMES,Estatal,Urbano,MULLER,CORDOBA,"[""0. Común - Inicial""]",-31.4121,-64.1403,MAULLER
140129800,COLEGIO SAN ANTONIO DE PADUA,Privado,Urbano,SAN VICENTE,CORDOBA,"[""1. Común - Primario""]",-31.4225,-64.1573,SAN VICENTE
140130200,ESCUELA JOSE MARIA BEDOYA,Estatal,Urbano,SAN VICENTE,CORDOBA,"[""1. Común - Primario""]",-31.4255,-64.149,LOS CEIBOS
140213900,J.DE INF. MAHATMA GANDHI,Estatal,Urbano,LA FRANCE,CORDOBA,"[""0. Común - Inicial""]",-31.3742,-64.2083,LA FRANCE
140131600,J.DE INF. JAVIER LASCANO COLODRERO,Estatal,Urbano,ARGUELLO,CORDOBA,"[""0. Común - Inicial""]",-31.3355,-64.2588,LOURDES
140131700,SAUL TABORDA,Estatal,Urbano,VILLA 9 DE JULIO,CORDOBA,"[""0. Común - Inicial"",""1. Común - Primario"",""6. Jóvenes y Adultos - Primario""]",-31.3288,-64.2737,VILLA 9 DE JULIO
140131701,SAUL TABORDA ANEXO CENTRO VECINAL VILLA SERRANA,Estatal,Urbano,VILLA SERRANA,CORDOBA,"[""6. Jóvenes y Adultos - Primario""]",-31.3301,-64.2787,VILLA SERRANA
140131800,ESCUELA NOCTURNA DOMINGO F. SARMIENTO,Estatal,Urbano,ARGUELLO,CORDOBA,"[""6. Jóvenes y Adultos - Primario""]",-31.3355,-64.2583,LOURDES
140134000,J.DE INF. JUAN ZORRILLA DE SAN MARTIN,Estatal,Urbano,CERRO DE LAS ROSAS,CORDOBA,"[""0. Común - Inicial""]",-31.373,-64.2358,CERRO DE LAS ROSAS
140135300,ESCUELA GABRIELA MISTRAL,Estatal,Urbano,QUEBRADA LAS ROSAS,CORDOBA,"[""1. Común - Primario""]",-31.3937,-64.2555,QUEBRADA DE LAS ROSAS
140135400,J.DE INF. GABRIELA MISTRAL,Estatal,Urbano,QUEBRADA LAS ROSAS,CORDOBA,"[""0. Común - Inicial""]",-31.3937,-64.2554,QUEBRADA DE LAS ROSAS
140135600,J.DE INF. ANTARTIDA ARGENTINA,Estatal,Urbano,MILITAR GENERAL DEHEZA,CORDOBA,"[""0. Común - Inicial""]",-31.3957,-64.2722,MILITAR GENERAL DEHEZA
140135700,ESCUELA NOCTURNA EULOGIA SALVATIERRA DE PALACIO,Estatal,Urbano,ALTO ALBERDI,CORDOBA,"[""6. Jóvenes y Adultos - Primario""]",-31.4021,-64.211,MARECHAL
140136000,J.DE INF. ROSARIO VERA PEÑALOZA,Estatal,Urbano,LOS GRANADOS,CORDOBA,"[""0. Común - Inicial""]",-31.4248,-64.2389,LOS GRANADOS
140135702,ESCUELA NOCTURNA EULOGIA SALVATIERRA DE PALACIO ANEXO REPUBLICA DEL ECUADOR,Estatal,Urbano,RESIDENCIAL SAN ROQUE,CORDOBA,"[""6. Jóvenes y Adultos - Primario""]",-31.4224,-64.2433,RESIDENCIAL SAN ROQUE
140135706,ESCUELA NOCTURNA EULOGIA SALVATIERRA DE PALACIO ANEXO Bº RENE FAVALORO,Estatal,Urbano,RENE FAVALORO,CORDOBA,"[""6. Jóvenes y Adultos - Primario""]",-31.409,-64.2327,RENE FAVALORO
140136400,J.DE INF. ARTURO CAPDEVILA,Estatal,Urbano,AMEGHINO NORTE,CORDOBA,"[""0. Común - Inicial""]",-31.431,-64.2328,ATE
140136500,J.DE INF. REPUBLICA DEL PERU,Estatal,Urbano,LOS NARANJOS,CORDOBA,"[""0. Común - Inicial""]",-31.4287,-64.2191,AVENIDA
140136700,ESCUELA DALMACIO VELEZ SARSFIELD,Estatal,Urbano,ALTO ALBERDI,CORDOBA,"[""1. Común - Primario""]",-31.4051,-64.2126,ALTO ALBERDI
140136800,COLEGIO SAN LUIS GONZAGA,Privado,Urbano,ALTO ALBERDI,CORDOBA,"[""0. Común - Inicial"",""1. Común - Primario""]",-31.4048,-64.2092,ALBERDI
140137000,ESCUELA PRIMER TENIENTE AVILA,Estatal,Urbano,PARQUE REPUBLICA,CORDOBA,"[""1. Común - Primario""]",-31.4162,-64.2628,VILLA ALBERTO
140137200,ESCUELA ALAS ARGENTINAS,Estatal,Urbano,ESTACION FLORES,CORDOBA,"[""1. Común - Primario""]",-31.4509,-64.2472,ESTACION FLORES
140137300,INST. SUP. DE CULTURAS ABORIGENES,Privado,Urbano,ALTO ALBERDI,CORDOBA,"[""3. Común - Superior""]",-31.4035,-64.2098,VILLA PAEZ
140137600,J.DE INF. PRIMER TENIENTE AVILA,Estatal,Urbano,PARQUE REPUBLICA,CORDOBA,"[""0. Común - Inicial""]",-31.4157,-64.2639,VILLA ALBERTO
140137700,J.DE INF. MANUEL E. PEREZ BULNES,Estatal,Urbano,LAS VIOLETAS,CORDOBA,"[""0. Común - Inicial""]",-31.4104,-64.2525,LAS VIOLETAS
140138000,J.DE INF. HUGO WAST,Estatal,Urbano,CACERES,CORDOBA,"[""0. Común - Inicial""]",-31.4357,-64.1982,COLINAS DE VELEZ SARSFIELD
140138100,ESCUELA NOCTURNA GENERAL SAN MARTIN,Estatal,Urbano,SAN MARTIN,CORDOBA,"[""6. Jóvenes y Adultos - Primario""]",-31.3979,-64.1986,PROVIDENCIA
140138200,J.DE INF. MIGUEL R. DE LA TORRE,Estatal,Urbano,ALTO VERDE,CORDOBA,"[""0. Común - Inicial""]",-31.3711,-64.2205,CERRO CHICO
140138101,ESCUELA NOCTURNA GENERAL SAN MARTIN ANEXO EXT. AULICA Bº NUEVA CORDOBA ,Estatal,Urbano,,CORDOBA,"[""6. Jóvenes y Adultos - Primario""]",-31.423,-64.1833,NUEVA CORDOBA
140154900,J.DE INF. ARZOBISPO CASTELLANO,Estatal,Urbano,SUAREZ,CORDOBA,"[""0. Común - Inicial""]",-31.441,-64.211,SUAREZ
140155000,J.DE INF. PROVINCIA DE CATAMARCA,Estatal,Urbano,LAS FLORES,CORDOBA,"[""0. Común - Inicial""]",-31.4511,-64.2008,SAN DANIEL
140155200,ESCUELA JAVIER LAZCANO COLODRERO,Estatal,Urbano,ARGUELLO,CORDOBA,"[""1. Común - Primario""]",-31.3356,-64.2584,LOURDES
140155500,J.DE INF. BARTOLOME MITRE,Estatal,Urbano,RESIDENCIAL OLIVOS,CORDOBA,"[""0. Común - Inicial""]",-31.4343,-64.2108,RESIDENCIAL OLIVOS
140155600,ESCUELA ARZOBISPO CASTELLANO,Estatal,Urbano,SUAREZ,CORDOBA,"[""1. Común - Primario""]",-31.4411,-64.2115,SUAREZ
140155700,J.DE INF. AERONAUTICA ARGENTINA,Estatal,Urbano,MATIENZO,CORDOBA,"[""0. Común - Inicial""]",-31.4393,-64.2371,TENIENTE BENJAMIN MATIENZO
140155800,ESCUELA AERONAUTICA ARGENTINA,Estatal,Urbano,MATIENZO,CORDOBA,"[""1. Común - Primario""]",-31.4392,-64.2373,TENIENTE BENJAMIN MATIENZO
140156300,J.DE INF. DON ORIONE,Privado,Urbano,SANTA ISABEL 1RA. SECCION,CORDOBA,"[""0. Común - Inicial""]",-31.4758,-64.2354,SANTA ISABEL SECCION 2
140158500,ESCUELA PROVINCIA SANTIAGO DEL ESTERO,Estatal,Urbano,VILLA EL LIBERTADOR,CORDOBA,"[""1. Común - Primario""]",-31.48,-64.2107,CARBO
140158800,COLEGIO SAN JOSE OBRERO,Privado,Urbano,VILLA EL LIBERTADOR,CORDOBA,"[""1. Común - Primario""]",-31.4783,-64.2157,VILLA EL LIBERTADOR
140160600,J.DE INF. JOSE MARIA TORRES,Estatal,Urbano,SAN VICENTE,CORDOBA,"[""0. Común - Inicial""]",-31.4221,-64.1501,SAN VICENTE
140161300,ESCUELA NOCTURNA MANUELA PEDRAZA,Estatal,Urbano,BELLA VISTA,CORDOBA,"[""6. Jóvenes y Adultos - Primario""]",-31.4413,-64.2117,FERRER
140161400,ESCUELA BARTOLOME MITRE,Estatal,Urbano,OLIVOS,CORDOBA,"[""1. Común - Primario""]",-31.4301,-64.209,MAURIZI
140162400,JORGE LUIS BORGES,Estatal,Urbano,QUINTAS DE SAN JORGE,CORDOBA,"[""0. Común - Inicial"",""1. Común - Primario""]",-31.3735,-64.132,QUINTAS DE SAN JORGE
140163000,DOCTOR DONATO LATELLA FRIAS,Estatal,Urbano,PATRICIOS ESTE,CORDOBA,"[""0. Común - Inicial"",""1. Común - Primario""]",-31.3679,-64.1351,PATRICIOS ESTE
140169300,ESCUELA SUPERIOR DE CERAMICA FERNANDO ARRANZ,Estatal,Urbano,ROGELIO MARTINEZ,CORDOBA,"[""3. Común - Superior"",""8. Artística""]",-31.4346,-64.1744,CIUDAD DE LAS ARTES
140169500,COLEGIO SAN PATRICIO,Privado,Urbano,JARDIN HIPODROMO,CORDOBA,"[""0. Común - Inicial"",""1. Común - Primario""]",-31.4613,-64.1872,TEJAS DEL SUR
140169900,COLEGIO AMERICA,Privado,Urbano,VILLA AZALAIS,CORDOBA,"[""0. Común - Inicial"",""1. Común - Primario""]",-31.3771,-64.1552,VILLA AZALAIS
140174300,ESCUELA CANONIGO MANUEL AVELINO PIÑERO,Estatal,Urbano,CAMPO DE LA RIBERA,CORDOBA,"[""1. Común - Primario""]",-31.4103,-64.1324,MALDONADO
140174500,COOPERATIVISMO ARGENTINO DOCTOR RAMON BAUTISTA MESTRE,Estatal,Urbano,RENACIMIENTO,CORDOBA,"[""0. Común - Inicial"",""1. Común - Primario""]",-31.419,-64.1217,RENACIMIENTO
140193100,ESCUELA REPUBLICA DE SIRIA,Estatal,Urbano,PARQUE ATLANTICA,CORDOBA,"[""1. Común - Primario""]",-31.4528,-64.2105,PARQUE ATLANTICA
140193600,COLEGIO MATER PURISSIMA,Privado,Urbano,ALTO VERDE,CORDOBA,"[""0. Común - Inicial"",""1. Común - Primario""]",-31.3691,-64.2157,ALTO VERDE
140206000,J.DE INF. RICARDO PALMA,Estatal,Urbano,VILLA BELGRANO,CORDOBA,"[""0. Común - Inicial""]",-31.3613,-64.2522,VILLA BELGRANO
140211800,J.DE INF. PROVINCIA DE CORRIENTES,Estatal,Urbano,ESCOBAR,CORDOBA,"[""0. Común - Inicial""]",-31.3919,-64.217,OMBU
140211900,J.DE INF. PRESIDENTE KENNEDY,Estatal,Urbano,VILLA CABRERA,CORDOBA,"[""0. Común - Inicial""]",-31.3881,-64.2087,VILLA CABRERA
140212200,J.DE INF. EJERCITO DE LOS ANDES,Estatal,Urbano,SAN MARTIN,CORDOBA,"[""0. Común - Inicial""]",-31.4027,-64.1923,DUCASSE
140212700,J.DE INF. REPUBLICA DE SIRIA,Estatal,Urbano,RESIDENCIAL VELEZ SARSFIELD,CORDOBA,"[""0. Común - Inicial""]",-31.4486,-64.2078,RESIDENCIAL VELEZ SARSFIELD
140213000,ESCUELA YAPEYU,Estatal,Urbano,IRUPE,CORDOBA,"[""1. Común - Primario""]",-31.4604,-64.2036,IRUPE
140221200,J.DE INF. DOCTOR RAMON J. CARCANO,Estatal,Urbano,GENERAL PAZ,CORDOBA,"[""0. Común - Inicial""]",-31.411,-64.1649,GENERAL PAZ
140221700,J.DE INF. PROF. MIGUEL LUCIANI,Estatal,Urbano,RAMON J. CARCANO,CORDOBA,"[""0. Común - Inicial""]",-31.4641,-64.1477,DE LOS DOCENTES
140221800,J.DE INF. LIBERTADOR GENERAL SAN MARTIN,Estatal,Urbano,FERREYRA,CORDOBA,"[""0. Común - Inicial""]",-31.4614,-64.1108,FERREYRA
140222000,J.DE INF. CONSTANCIO C. VIGIL,Estatal,Urbano,SAN LORENZO SUD,CORDOBA,"[""0. Común - Inicial""]",-31.454,-64.1096,SAN LORENZO
140222300,ESCUELA CONSTANCIO C. VIGIL,Estatal,Urbano,SAN LORENZO SUD,CORDOBA,"[""1. Común - Primario""]",-31.454,-64.1095,SAN LORENZO
140222400,ESCUELA JUAN XXIII,Estatal,Urbano,NICOLAS AVELLANEDA,CORDOBA,"[""1. Común - Primario""]",-31.463,-64.1041,NICOLAS AVELLANEDA
140222500,J.DE INF. JUAN XXIII,Estatal,Urbano,NICOLAS AVELLANEDA,CORDOBA,"[""0. Común - Inicial""]",-31.4629,-64.1042,NICOLAS AVELLANEDA
140222800,ESCRIBANO OSCAR SOTO LOPEZ,Estatal,Urbano,LOS SAUCES,CORDOBA,"[""0. Común - Inicial"",""1. Común - Primario""]",-31.462,-64.0983,LOS SAUCES
140222900,J.DE INF. FRAY JUSTO SANTA MARIA DE ORO,Estatal,Urbano,1º DE MAYO,CORDOBA,"[""0. Común - Inicial""]",-31.4354,-64.1205,1 DE MAYO
140224800,J.DE INF. PROVINCIA DE MISIONES,Estatal,Urbano,VICOR,CORDOBA,"[""0. Común - Inicial""]",-31.4792,-64.2476,VICOR
140225400,J.DE INF. PATRICIAS MENDOCINAS,Estatal,Urbano,VILLA EL LIBERTADOR,CORDOBA,"[""0. Común - Inicial""]",-31.4713,-64.2232,RESIDENCIAL SUD
140225500,ESCUELA NOCTURNA LUIS MARIA DRAGO,Estatal,Urbano,VILLA EL LIBERTADOR,CORDOBA,"[""6. Jóvenes y Adultos - Primario""]",-31.4714,-64.2229,RESIDENCIAL SUD
140225600,J.DE INF. MERCEDITAS BALCARCE DE SAN MARTIN,Estatal,Urbano,SAN MARTIN,CORDOBA,"[""0. Común - Inicial""]",-31.3921,-64.1933,SAN MARTIN
140225700,COLEGIO INSTITUCION JOSE PEÑA,Privado,Urbano,VILLA CABRERA,CORDOBA,"[""1. Común - Primario""]",-31.3837,-64.2173,ALTOS DE VILLA CABRERA
140225800,ESCUELA PATRICIAS MENDOCINAS,Estatal,Urbano,VILLA EL LIBERTADOR,CORDOBA,"[""1. Común - Primario""]",-31.4713,-64.2229,RESIDENCIAL SUD
140226000,ESCUELA MANUEL BELGRANO,Estatal,Urbano,PARQUE VELEZ SARSFIELD,CORDOBA,"[""1. Común - Primario""]",-31.443,-64.206,PARQUE VELEZ SARSFIELD
140226100,ESCUELA BANDERA ARGENTINA,Estatal,Urbano,SANTA ISABEL 1RA. SECCION,CORDOBA,"[""1. Común - Primario""]",-31.471,-64.2347,SANTA ISABEL SECCION 1
140226200,ALICIA MOREAU,Estatal,Urbano,VILLA EL LIBERTADOR,CORDOBA,"[""0. Común - Inicial"",""1. Común - Primario"",""6. Jóvenes y Adultos - Primario""]",-31.4705,-64.2163,LOS OLMOS SUD
140226300,J.DE INF. BANDERA ARGENTINA,Estatal,Urbano,SANTA ISABEL 1RA. SECCION,CORDOBA,"[""0. Común - Inicial""]",-31.4708,-64.2342,SANTA ISABEL SECCION 1
140226400,DOCTOR CESAR ENRIQUE ROMERO,Estatal,Urbano,SACHI,CORDOBA,"[""0. Común - Inicial"",""1. Común - Primario"",""6. Jóvenes y Adultos - Primario""]",-31.4547,-64.2637,SACHI
140226500,J.DE INF. JOSE MARMOL,Estatal,Urbano,LOS PLATANOS,CORDOBA,"[""0. Común - Inicial""]",-31.4229,-64.231,LOS PLATANOS
140226700,ESCUELA MAURO FERNANDEZ,Estatal,Urbano,RESIDENCIAL SAN ROQUE,CORDOBA,"[""1. Común - Primario""]",-31.4295,-64.2425,AMEGHINO NORTE
140225507,ESCUELA NOCTURNA LUIS MARIA DRAGO ANEXO EXT. AULICA Bº GUEMES,Estatal,Urbano,GUEMES,CORDOBA,"[""6. Jóvenes y Adultos - Primario""]",-31.4286,-64.1927,GUEMES
140225505,ESCUELA NOCTURNA LUIS MARIA DRAGO ANEXO EXT. AULICA Bº VILLA RIVADAVIA,Estatal,Urbano,VILLA RIVADAVIA,CORDOBA,"[""6. Jóvenes y Adultos - Primario""]",-31.5136,-64.1907,VILLA RIVADAVIA
140227300,ESC. ESP. BILINGÜE PARA SORDOS (IBIS),Estatal,Urbano,ALTO ALBERDI,CORDOBA,"[""4. Especial""]",-31.4084,-64.2128,OBRERO
140227400,COLEGIO SANTISIMA TRINIDAD,Privado,Urbano,SAN RAFAEL,CORDOBA,"[""1. Común - Primario""]",-31.4228,-64.2222,SAN RAFAEL
140227500,ESCUELA JOSE MARIA PAZ,Estatal,Urbano,ALTO ALBERDI,CORDOBA,"[""1. Común - Primario""]",-31.4032,-64.2181,ALTO ALBERDI
140227700,ESCUELA BERNARDO DE MONTEAGUDO,Estatal,Urbano,LOS PLATANOS,CORDOBA,"[""1. Común - Primario""]",-31.4136,-64.2297,TRANVIARIOS
140228000,J.DE INF. MYRIAM HAYQUEL DE ANDRES,Estatal,Urbano,VILLA LA MERCED,CORDOBA,"[""0. Común - Inicial""]",-31.4104,-64.0633,VILLA LA MERCED
140228100,ESCUELA RICARDO GUIRALDES,Estatal,Urbano,YAPEYU,CORDOBA,"[""1. Común - Primario""]",-31.4103,-64.1528,HOGAR PROPIO
140228200,COLEGIO ESPIRITU SANTO,Privado,Urbano,PARQUE LICEO 1RA. SECCION,CORDOBA,"[""1. Común - Primario""]",-31.3506,-64.1742,PARQUE JORGE NEWBERY
140228300,J.DE INF. ESPIRITU SANTO,Privado,Urbano,PARQUE LICEO 1RA. SECCION,CORDOBA,"[""0. Común - Inicial""]",-31.3511,-64.1739,PARQUE JORGE NEWBERY
140228400,J.DE INF. RICARDO ROJAS,Estatal,Urbano,PARQUE LICEO 2DA. SECCION,CORDOBA,"[""0. Común - Inicial""]",-31.3548,-64.1639,PARQUE LICEO SECCION 2
140228600,J.DE INF. DR. HENOCH D. AGUIAR,Estatal,Urbano,LOS GIGANTES,CORDOBA,"[""0. Común - Inicial""]",-31.3635,-64.1682,LOS GIGANTES
140228700,ESCUELA RICARDO ROJAS,Estatal,Urbano,PARQUE LICEO 2DA. SECCION,CORDOBA,"[""1. Común - Primario""]",-31.3547,-64.1638,PARQUE LICEO SECCION 2
140228800,ESCUELA DR. HENOCH DOMINGO AGUIAR,Estatal,Urbano,LOS GIGANTES,CORDOBA,"[""1. Común - Primario""]",-31.3638,-64.1675,LOS GIGANTES
140229100,ESCUELA U.N.E.S.C.O.,Estatal,Urbano,GUIÑAZU,CORDOBA,"[""1. Común - Primario""]",-31.3134,-64.1757,GUINAZU
140229600,ESCUELA REPUBLICA DE LA INDIA,Estatal,Urbano,LA DOROTEA,CORDOBA,"[""1. Común - Primario""]",-31.3827,-64.1093,LA DOROTEA
140229800,ESCUELA ANTARTIDA ARGENTINA,Estatal,Urbano,LOS PINOS,CORDOBA,"[""1. Común - Primario""]",-31.3929,-64.1419,LOS PINOS
140230000,ESCUELA ALMIRANTE GUILLERMO BROWN,Estatal,Urbano,YOFRE SUD,CORDOBA,"[""1. Común - Primario""]",-31.3925,-64.1378,YOFRE SUD
140230100,J.DE INF. ALMIRANTE G. BROWN,Estatal,Urbano,YOFRE SUD,CORDOBA,"[""0. Común - Inicial""]",-31.3925,-64.1378,YOFRE SUD
140231300,ESCUELA HONORATO LACONI,Estatal,Urbano,MARQUES DE SOBREMONTE,CORDOBA,"[""1. Común - Primario""]",-31.3638,-64.1948,MARQUES DE SOBREMONTE
140270700,INST. SUP. MARIANO MORENO,Privado,Urbano,ALBERDI,CORDOBA,"[""3. Común - Superior""]",-31.4092,-64.1965,ALBERDI
140232400,ESCUELA NOCTURNA GREGORIA M. DE SAN MARTIN,Estatal,Urbano,GUIÑAZU,CORDOBA,"[""6. Jóvenes y Adultos - Primario""]",-31.3134,-64.1758,GUINAZU
140232700,ESCUELA NACIONES UNIDAS,Estatal,Urbano,REMEDIOS DE ESCALADA,CORDOBA,"[""1. Común - Primario""]",-31.3387,-64.1788,GUINAZU SUD
140232900,ESCUELA OLEGARIO VICTOR ANDRADE,Estatal,Urbano,VILLA RETIRO,CORDOBA,"[""1. Común - Primario""]",-31.3423,-64.1474,VILLA RETIRO
140233100,COLEGIO MODELO DE JUEGOS Y DEPORTES RACING,Privado,Urbano,NUEVA ITALIA,CORDOBA,"[""1. Común - Primario""]",-31.3889,-64.1429,PARQUE MONTECRISTO
140233200,J.DE INF. HIJAS DE MARIA INMACULADA,Privado,Urbano,VILLA CORINA,CORDOBA,"[""0. Común - Inicial""]",-31.3783,-64.1431,SANTA CLARA DE ASIS
140233400,COLEGIO HIJAS DE MARIA INMACULADA,Privado,Urbano,VILLA CORINA,CORDOBA,"[""1. Común - Primario""]",-31.3786,-64.1431,SANTA CLARA DE ASIS
140232600,ESCUELA NOCTURNA HEROES DE MALVINAS,Estatal,Urbano,REMEDIOS DE ESCALADA,CORDOBA,"[""6. Jóvenes y Adultos - Primario""]",-31.3387,-64.179,GUINAZU SUD
140234700,ESCUELA FRANCISCO VIDAL,Estatal,Urbano,PANAMERICANO,CORDOBA,"[""1. Común - Primario""]",-31.3681,-64.1824,AMPLIACION PANAMERICANO
140234800,J.DE INF. PAULA ALBARRACIN DE SARMIENTO,Estatal,Urbano,VILLA AZALAIS OESTE,CORDOBA,"[""0. Común - Inicial""]",-31.3678,-64.1748,VILLA AZALAIS OESTE
140234900,J.DE INF. FRANCISCO VIDAL,Estatal,Urbano,PANAMERICANO,CORDOBA,"[""0. Común - Inicial""]",-31.3674,-64.1818,AMPLIACION PANAMERICANO
140235000,ESCUELA ARTURO CAPDEVILA,Estatal,Urbano,MARIANO FRAGUEIRO,CORDOBA,"[""1. Común - Primario""]",-31.368,-64.187,MARIANO FRAGUEIRO
140235800,COLEGIO CRISTO REY,Privado,Urbano,GENERAL BUSTOS,CORDOBA,"[""1. Común - Primario""]",-31.3916,-64.1707,GENERAL BUSTOS
140235900,INST. SUP. SOR MARIA ANTONIA DE PAZ Y FIGUEROA,Privado,Urbano,YOFRE NORTE,CORDOBA,"[""3. Común - Superior""]",-31.3856,-64.1346,YOFRE NORTE
140236000,ESCUELA MARIANO MORENO,Estatal,Urbano,ALBERDI,CORDOBA,"[""1. Común - Primario""]",-31.4077,-64.1999,ALBERDI
140236300,COLEGIO DE SAN JOSE (H.H.DOMINICAS),Privado,Urbano,ALBERDI,CORDOBA,"[""0. Común - Inicial"",""1. Común - Primario""]",-31.4135,-64.1982,CIRCUNVALACION
140239000,ESCUELA JUAN M. DE PUEYRREDON,Estatal,Urbano,EMPALME,CORDOBA,"[""1. Común - Primario""]",-31.4396,-64.1266,EMPALME CASAS DE OBREROS Y EMPLEADOS
140236900,J.DE INF. GREGORIA MATORRAS DE SAN MARTIN,Estatal,Urbano,MARIA LASTENIA,CORDOBA,"[""0. Común - Inicial""]",-31.3239,-64.176,MARIA LASTENIA
140238900,ESCUELA 9 DE JULIO,Estatal,Urbano,PARQUE DEAN FUNES,CORDOBA,"[""1. Común - Primario""]",-31.4443,-64.1212,DEAN FUNES
140239100,COLEGIO CARLOS MARIA DE ALVEAR,Privado,Urbano,ITUZAINGO,CORDOBA,"[""1. Común - Primario""]",-31.4649,-64.0981,ITUZAINGO
140239200,J.DE INF. CARLOS MARIA DE ALVEAR,Privado,Urbano,ITUZAINGO,CORDOBA,"[""0. Común - Inicial""]",-31.4663,-64.0984,ITUZAINGO
140239300,ESCUELA MONSEÑOR M. DE ANDREA,Estatal,Urbano,FERROVIARIO MITRE,CORDOBA,"[""1. Común - Primario""]",-31.4343,-64.1363,FERROVIARIO MITRE
140241000,ESCUELA HUGO LEONELLI,Estatal,Urbano,GRANJA DE FUNES 2º SECCION,CORDOBA,"[""1. Común - Primario""]",-31.3335,-64.2425,2 DE SEPTIEMBRE
140241100,MAESTRO MANUEL GREGORIO OLIVA,Estatal,Urbano,MERCANTIL,CORDOBA,"[""0. Común - Inicial"",""1. Común - Primario""]",-31.3186,-64.2583,MERCANTIL
140241200,J.DE INF. RICARDO NASSIF,Estatal,Urbano,IPV ARGUELLO NORTE,CORDOBA,"[""0. Común - Inicial""]",-31.3363,-64.2465,2 DE SEPTIEMBRE
140241300,J.DE INF. REPUBLICA DE PANAMA,Estatal,Urbano,COLINAS DEL CERRO,CORDOBA,"[""0. Común - Inicial""]",-31.3791,-64.2483,COUNTRY BARRANCAS
140241500,ESCUELA REPUBLICA DE PANAMA,Estatal,Urbano,COLINAS DEL CERRO,CORDOBA,"[""1. Común - Primario""]",-31.3792,-64.2481,COUNTRY BARRANCAS
140242900,ESC. ESP. DR. DOMINGO CABRED,Estatal,Urbano,CIUDAD UNIVERSITARIA,CORDOBA,"[""4. Especial""]",-31.4416,-64.194,COLINAS DE VELEZ SARSFIELD
140243000,ESC. ESP. DR. JERONIMO DE MORAGAS,Estatal,Urbano,AMPLIACION SAN CARLOS,CORDOBA,"[""4. Especial""]",-31.4498,-64.1567,AMPLIACION PARQUE SAN CARLOS
140243300,J.DE INF. ROSARIO VERA PEÑALOZA,Estatal,Urbano,CENTRO,CORDOBA,"[""0. Común - Inicial""]",-31.4102,-64.1831,COFICO
140243500,ESCUELA NOCTURNA PAULA ALBARRACIN,Estatal,Urbano,CENTRO,CORDOBA,"[""6. Jóvenes y Adultos - Primario""]",-31.4097,-64.184,COFICO
140243501,ESCUELA NOCTURNA PAULA ALBARRACIN ANEXO SACRA,Estatal,Urbano,CENTRO,CORDOBA,"[""6. Jóvenes y Adultos - Primario""]",-31.4141,-64.1758,SIN BARRIO
140243502,ESCUELA NOCTURNA PAULA ALBARRACIN ANEXO AMMAR,Estatal,Urbano,CENTRO,CORDOBA,"[""6. Jóvenes y Adultos - Primario""]",-31.4099,-64.1771,SIN BARRIO
140243503,ESCUELA NOCTURNA PAULA ALBARRACIN ANEXO VILLA OBISPO ANGELELLI,Estatal,Urbano,,CORDOBA,"[""6. Jóvenes y Adultos - Primario""]",-31.5053,-64.1942,CIUDAD OBISPO ANGELELLI
140243700,ESCUELA CORNELIO SAAVEDRA,Estatal,Urbano,VILLA POSSE,CORDOBA,"[""1. Común - Primario""]",-31.441,-64.0899,CAMINO A VILLA POSSE
140243800,J.DE INF. JUAN M. PUEYRREDON,Estatal,Urbano,EMPALME,CORDOBA,"[""0. Común - Inicial""]",-31.4395,-64.1264,EMPALME CASAS DE OBREROS Y EMPLEADOS
140243900,GOBERNADOR JOSE ANTONIO CEBALLOS,Estatal,Urbano,ITUZAINGO ANEXO,CORDOBA,"[""0. Común - Inicial"",""1. Común - Primario""]",-31.4652,-64.082,ITUZAINGO ANEXO
140244000,PTE. DR. ARTURO UMBERTO ILLIA,Estatal,Urbano,JOSE IGNACIO DIAZ 3º SECCION,CORDOBA,"[""0. Común - Inicial"",""1. Común - Primario""]",-31.4477,-64.1391,JOSE IGNACIO DIAZ SECCION 1
140244003,PTE. DR. ARTURO UMBERTO ILLIA ANEXO CENTRO DE CAPACITACION EN TRANSPORTE Y TRANSITO,Estatal,Urbano,FERROVIARIO MITRE,CORDOBA,"[""6. Jóvenes y Adultos - Primario""]",-31.4337,-64.1393,FERROVIARIO MITRE
140243504,ESCUELA NOCTURNA PAULA ALBARRACIN EXT. AULICA SUVICO ,Estatal,Urbano,CENTRO,CORDOBA,"[""6. Jóvenes y Adultos - Primario""]",-31.41,-64.1855,COFICO
140244004,PTE. DR. ARTURO UMBERTO ILLIA ANEXO PARQUE EDUCATIVO SURESTE-EL RENUEVO,Estatal,Urbano,PARQUE EDUCATIVO SURESTE-EL RENUEVO,CORDOBA,"[""6. Jóvenes y Adultos - Primario""]",-31.4627,-64.1036,NICOLAS AVELLANEDA
140245300,INSTITUTO NUESTRA MADRE DE LA MERCED,Privado,Urbano,ALTA CORDOBA,CORDOBA,"[""1. Común - Primario""]",-31.3878,-64.1838,ALTA CORDOBA
140245400,INST. SUP. DE FORMACION DOCENTE NUESTRA MADRE DE LA MERCED,Privado,Urbano,ALTA CORDOBA,CORDOBA,"[""3. Común - Superior""]",-31.3879,-64.1838,ALTA CORDOBA
140245500,ESC. SUP. DE TURISMO Y HOTELERIA MARCELO MONTES PACHECO,Estatal,Urbano,CHATEAU CARRERAS,CORDOBA,"[""3. Común - Superior""]",-31.3717,-64.2514,FERIAR
140245800,ESCUELA PRESIDENTE SARMIENTO,Estatal,Urbano,COFICO,CORDOBA,"[""1. Común - Primario""]",-31.4029,-64.1828,COFICO
140246000,ESCUELA PROVINCIA DE FORMOSA,Estatal,Urbano,ALTA CORDOBA,CORDOBA,"[""1. Común - Primario""]",-31.3963,-64.19,INDEPENDENCIA
140246100,J.DE INF. PRESIDENTE SARMIENTO,Estatal,Urbano,COFICO,CORDOBA,"[""0. Común - Inicial""]",-31.4026,-64.1829,COFICO
140249800,ESCUELA GRAL. FRANCISCO ORTIZ DE OCAMPO,Estatal,Urbano,CENTRO,CORDOBA,"[""1. Común - Primario""]",-31.4149,-64.1775,SIN BARRIO
140250700,J.DE INF. GENERAL MANUEL BELGRANO,Estatal,Urbano,SANTA RITA,CORDOBA,"[""0. Común - Inicial""]",-31.4487,-64.1696,SANTA RITA
140259800,COLEGIO  ARTURO CAPDEVILA,Privado,Urbano,AMPLIACION RESIDENCIAL AMERICA,CORDOBA,"[""1. Común - Primario""]",-31.3767,-64.1634,AMPLIACION RESIDENCIAL AMERICA
140259900,DOCTOR PEDRO CARANDE CARRO,Estatal,Urbano,CENTRO AMERICA,CORDOBA,"[""0. Común - Inicial"",""1. Común - Primario"",""5. Hospitalaria""]",-31.3713,-64.1703,CENTRO AMERICA
140260100,ESCUELA NOCTURNA FRAY LUIS BELTRAN,Estatal,Urbano,VILLA AZALAIS,CORDOBA,"[""6. Jóvenes y Adultos - Primario""]",-31.3729,-64.1521,VILLA AZALAIS
140260200,J.DE INF. BERNARDINO RIVADAVIA,Estatal,Urbano,VILLA AZALAIS,CORDOBA,"[""0. Común - Inicial""]",-31.3765,-64.1527,VILLA AZALAIS
140260101,ESCUELA NOCTURNA FRAY LUIS BELTRAN ANEXO JUAN PAREDES,Estatal,Urbano,JUAN PABLO II,CORDOBA,"[""6. Jóvenes y Adultos - Primario""]",-31.3644,-64.1565,CIUDAD DE JUAN PABLO II
140260102,ESCUELA NOCTURNA FRAY LUIS BELTRAN ANEXO EXT. AULICA VILLA AZALAIS,Estatal,Urbano,VILLA AZALAIZ,CORDOBA,"[""6. Jóvenes y Adultos - Primario""]",-31.3745,-64.1553,VILLA AZALAIS
140265400,COLEGIO NUESTRA SEÑORA DE NIEVA,Privado,Urbano,GUEMES,CORDOBA,"[""1. Común - Primario""]",-31.4197,-64.1918,CENTRO
140265500,ESCUELA PRESIDENTE ROQUE SAENZ PEÑA,Estatal,Urbano,GUEMES,CORDOBA,"[""1. Común - Primario""]",-31.4266,-64.1916,GUEMES
140265700,ESCUELA DR. CARLOS VAZ FERREIRA,Estatal,Urbano,BELLA VISTA,CORDOBA,"[""1. Común - Primario""]",-31.4327,-64.2049,BELLA VISTA OESTE
140265900,J.DE INF. ESTADOS UNIDOS DE NORTEAMERICA,Estatal,Urbano,PASO DE LOS ANDES,CORDOBA,"[""0. Común - Inicial""]",-31.4173,-64.2056,PASO DE LOS ANDES
140266000,J.DE INF. ROQUE SAENZ PEÑA,Estatal,Urbano,GUEMES,CORDOBA,"[""0. Común - Inicial""]",-31.4267,-64.1917,GUEMES
140266700,ESCUELA ALMAFUERTE,Estatal,Urbano,SAN FERNANDO,CORDOBA,"[""1. Común - Primario""]",-31.4473,-64.1926,SAN FERNANDO
140267600,COLEGIO PQUIAL SAN FRANCISCO DE ASIS,Privado,Urbano,LAS FLORES,CORDOBA,"[""1. Común - Primario""]",-31.4538,-64.1976,LAS FLORES
140268400,ESCUELA SUPERIOR DE ARTES APLICADAS LINO ENEA SPILIMBERGO,Estatal,Urbano,ROGELIO MARTINEZ,CORDOBA,"[""3. Común - Superior""]",-31.4345,-64.1748,CIUDAD DE LAS ARTES
140268500,CONSERVATORIO SUPERIOR DE MUSICA FELIX TOMAS GARZON,Estatal,Urbano,ROGELIO MARTINEZ,CORDOBA,"[""3. Común - Superior""]",-31.4349,-64.1749,CIUDAD DE LAS ARTES
140268700,ESCUELA CADETES DE LA FUERZA AEREA ARGENTINA,Estatal,Urbano,VILLA ADELA,CORDOBA,"[""1. Común - Primario""]",-31.4391,-64.2512,LAS PLAYAS
140269000,ESCUELA REMEDIOS ESCALADA DE SAN MARTIN,Estatal,Urbano,ROSEDAL,CORDOBA,"[""1. Común - Primario""]",-31.4352,-64.2264,ROSEDAL
140269100,J. DE INF. PADRE JUAN BURON,Privado,Urbano,VILLA ADELA,CORDOBA,"[""0. Común - Inicial""]",-31.4395,-64.2493,LAS PLAYAS
140270600,ESCUELA ESPECIAL DR. RAUL CARREA,Estatal,Urbano,CENTRO,CORDOBA,"[""4. Especial""]",-31.4204,-64.1859,CENTRO
140271200,ESCUELA MANUEL LUCERO,Estatal,Urbano,ALTA CORDOBA,CORDOBA,"[""1. Común - Primario""]",-31.3911,-64.1817,ALTA CORDOBA
140271500,COLEGIO PQUIAL. NUESTRA SEÑORA DEL CARMEN,Privado,Urbano,ALTA CORDOBA,CORDOBA,"[""1. Común - Primario""]",-31.3816,-64.1832,LA FRATERNIDAD
140271700,J.DE INF. SIMON BOLIVAR,Estatal,Urbano,ALTA CORDOBA,CORDOBA,"[""0. Común - Inicial""]",-31.3813,-64.1785,LA FRATERNIDAD
140271800,ESCUELA SIMON BOLIVAR,Estatal,Urbano,ALTA CORDOBA,CORDOBA,"[""1. Común - Primario""]",-31.3804,-64.1839,LA FRATERNIDAD
140271900,J.DE INF. PROVINCIA DE ENTRE RIOS,Estatal,Urbano,ALTA CORDOBA,CORDOBA,"[""0. Común - Inicial""]",-31.3866,-64.1861,ALTA CORDOBA
140272000,ESCUELA PROVINCIA DE ENTRE RIOS,Estatal,Urbano,ALTA CORDOBA,CORDOBA,"[""1. Común - Primario""]",-31.3866,-64.1858,ALTA CORDOBA
140276100,CENTRO DE RECURSOS EDUCATIVOS PARA PERSONAS CON DISCAPACIDAD JULIAN BAQUERO,Estatal,Urbano,ARGUELLO,CORDOBA,"[""4. Especial""]",-31.3568,-64.242,PADRE CLARET
140276200,COLEGIO NUESTRA SRA. DEL VALLE,Privado,Urbano,VILLA LOS ANGELES,CORDOBA,"[""1. Común - Primario""]",-31.3603,-64.2395,LOS ANGELES
140276300,COLEGIO PADRE CLARET,Privado,Urbano,PADRE CLARET,CORDOBA,"[""1. Común - Primario""]",-31.3577,-64.2391,LOS ANGELES
140277600,RAUL VICTORINO MARTINEZ,Estatal,Urbano,QUINTAS DE ARGUELLO,CORDOBA,"[""0. Común - Inicial"",""1. Común - Primario""]",-31.341,-64.2681,ALBORADA NORTE
140278400,COLEGIO EVANGELICO WILLIAM C. MORRIS,Privado,Urbano,ALBERDI,CORDOBA,"[""1. Común - Primario""]",-31.4141,-64.1968,CIRCUNVALACION
140282700,ESCUELA MARTHA ALCIRA SALOTTI,Estatal,Urbano,IPV ARGUELLO NORTE,CORDOBA,"[""1. Común - Primario""]",-31.3319,-64.2461,ARGUELLO NORTE
140282800,DOCTOR HORACIO GARCIA,Estatal,Urbano,VILLA CORNU,CORDOBA,"[""0. Común - Inicial"",""1. Común - Primario""]",-31.3168,-64.2669,POLICIAL
140282801,DOCTOR HORACIO GARCIA ANEXO COOPERATIVA 3 DE NOVIEMBRE,Estatal,Urbano,COOPERATIVA 3 DE NOVIEMBRE,CORDOBA,"[""6. Jóvenes y Adultos - Primario""]",-31.3298,-64.2481,ARGUELLO NORTE
140282802,DOCTOR HORACIO GARCIA ANEXO B° MECANTIL,Estatal,Urbano,MERCANTIL,CORDOBA,"[""6. Jóvenes y Adultos - Primario""]",-31.3206,-64.2628,UOCRA
140283700,COLEGIO LA PRIMERA ENSEÑANZA,Privado,Urbano,ALBERDI,CORDOBA,"[""1. Común - Primario""]",-31.4062,-64.1994,ALBERDI
140283800,INSTITUTO SUPERIOR CARLOS LEGUIZAMON,Estatal,Urbano,ROGELIO MARTINEZ,CORDOBA,"[""3. Común - Superior""]",-31.434,-64.1794,PARQUE SARMIENTO
140283900,ESCUELA ING. JUAN MARIO MASJOAN,Estatal,Urbano,JARDIN,CORDOBA,"[""1. Común - Primario""]",-31.4476,-64.1716,SANTA RITA
140286100,ESCUELA SAN JOSE DE CALAZANZ,Estatal,Urbano,INAUDI,CORDOBA,"[""1. Común - Primario""]",-31.4767,-64.1936,INAUDI
140286200,ESCUELA DOCTOR NICOLAS AVELLANEDA,Estatal,Urbano,VILLA SAN CARLOS,CORDOBA,"[""1. Común - Primario""]",-31.4704,-64.1692,COUNTRY FORTIN DEL POZO
140286300,ESCUELA LORENZO SUAREZ DE FIGUEROA,Estatal,Urbano,LA HUERTILLA,CORDOBA,"[""1. Común - Primario""]",-31.4721,-64.2018,MIRIZZI
140286400,COLEGIO SAN RAMON NONATO,Privado,Urbano,ALTO GENERAL PAZ,CORDOBA,"[""1. Común - Primario""]",-31.4106,-64.1572,PATRIA
140286500,ESCUELA TTE. GRAL. PEDRO EUGENIO ARAMBURU,Estatal,Urbano,ALTO GENERAL PAZ,CORDOBA,"[""1. Común - Primario""]",-31.4051,-64.1566,HOGAR PROPIO
140333100,ESC. ESP. PROF. ENRIQUE HUGO MORA,Estatal,Urbano,VIVERO NORTE,CORDOBA,"[""4. Especial""]",-31.3808,-64.1438,VIVERO NORTE
140287600,ESCUELA NICOLAS BERROTARAN,Estatal,Urbano,JARDIN,CORDOBA,"[""1. Común - Primario""]",-31.4506,-64.1798,JOCKEY CLUB
140287800,INSTITUTO NIÑOS ARGENTINOS,Privado,Urbano,JARDIN ESPINOSA,CORDOBA,"[""1. Común - Primario""]",-31.4519,-64.1752,JARDINES DEL JOCKEY
140288500,ESCUELA GABRIELA MISTRAL,Estatal,Urbano,JUNIORS,CORDOBA,"[""1. Común - Primario""]",-31.4184,-64.1652,JUNIORS
140288800,J.DE INF. TTE. GRAL. PEDRO E. ARAMBURU,Estatal,Urbano,ALTO GENERAL PAZ,CORDOBA,"[""0. Común - Inicial""]",-31.405,-64.1566,HOGAR PROPIO
140289400,COLEGIO SAGRADO CORAZON,Privado,Urbano,PUEYRREDON,CORDOBA,"[""0. Común - Inicial"",""1. Común - Primario""]",-31.4031,-64.1674,GENERAL PUEYRREDON
140289700,ESCUELA DEAN FUNES,Estatal,Urbano,PUEYRREDON,CORDOBA,"[""1. Común - Primario""]",-31.3984,-64.1659,GENERAL PUEYRREDON
140289900,COLEGIO LUIS MANUEL ROBLES,Privado,Urbano,PUEYRREDON,CORDOBA,"[""1. Común - Primario""]",-31.3996,-64.164,GENERAL PUEYRREDON
140290200,J.DE INF. DEAN FUNES,Estatal,Urbano,PUEYRREDON,CORDOBA,"[""0. Común - Inicial""]",-31.3986,-64.1658,GENERAL PUEYRREDON
140290300,INMACULADO CORAZON DE MARIA ADORATRICES,Privado,Urbano,CENTRO,CORDOBA,"[""1. Común - Primario""]",-31.4181,-64.1772,SIN BARRIO
140291600,ESCUELA ESPAÑA,Estatal,Urbano,ACOSTA,CORDOBA,"[""1. Común - Primario""]",-31.4256,-64.1221,ACOSTA
140291700,ESCUELA PROVINCIA LA RIOJA,Estatal,Urbano,SAN VICENTE,CORDOBA,"[""1. Común - Primario""]",-31.4285,-64.1401,MIRADOR
140291800,J.DE INF. PROVINCIA LA RIOJA,Estatal,Urbano,SAN VICENTE,CORDOBA,"[""0. Común - Inicial""]",-31.4284,-64.1409,MIRADOR
140292000,ESCUELA GENERAL MARTIN GUEMES,Estatal,Urbano,MULLER,CORDOBA,"[""1. Común - Primario""]",-31.4129,-64.1392,MAULLER
140292200,CENTRO EDUCATIVO GRECIA,Estatal,Urbano,SAN VICENTE,CORDOBA,"[""1. Común - Primario""]",-31.4206,-64.1388,PARQUE SAN VICENTE
140292400,INST. DE ENSEÑANZA DOMINGO FAUSTINO SARMIENTO ,Privado,Urbano,SAN VICENTE,CORDOBA,"[""3. Común - Superior""]",-31.4206,-64.1546,SAN VICENTE
140292600,COLEGIO SAN JOSE,Privado,Urbano,CENTRO,CORDOBA,"[""1. Común - Primario""]",-31.4195,-64.1856,CENTRO
140293400,ESCUELA VICENTE FIDEL LOPEZ,Estatal,Urbano,ALEM,CORDOBA,"[""1. Común - Primario""]",-31.3889,-64.1601,TALLERES OESTE
140293500,J.DE INF. JOSE DIAZ RODRIGUEZ,Estatal,Urbano,PATRICIOS OESTE,CORDOBA,"[""0. Común - Inicial""]",-31.3696,-64.1429,PATRICIOS OESTE
140293600,DOCTOR ALFREDO ORGAZ,Estatal,Urbano,AMPLIACION SAN JORGE,CORDOBA,"[""0. Común - Inicial"",""1. Común - Primario"",""6. Jóvenes y Adultos - Primario""]",-31.3723,-64.1336,RESIDENCIAL ARAGON
140293700,J.DE INF. JUAN MARIA GUTIERREZ,Estatal,Urbano,LOS BOULEVARES,CORDOBA,"[""0. Común - Inicial""]",-31.3434,-64.2249,LOS BOULEVARES
140291907,ESCUELA NOCTURNA JUAN GODOY ANEXO EXT. AULICA B° BAJADA SAN JOSE,Estatal,Urbano,BAJADA SAN JOSE,CORDOBA,"[""6. Jóvenes y Adultos - Primario""]",-31.4125,-64.1263,MALDONADO
140293800,ESCUELA NOCTURNA MERCEDITAS DE SAN MARTIN,Estatal,Urbano,CENTRO,CORDOBA,"[""6. Jóvenes y Adultos - Primario""]",-31.4112,-64.1872,DUCASSE
140295000,ESCUELA ANTONIO DEL VISO,Estatal,Urbano,SAN MARTIN,CORDOBA,"[""1. Común - Primario""]",-31.3853,-64.1964,LOS PARAISOS
140295100,ESCUELA JOSE DE SAN MARTIN,Estatal,Urbano,SAN MARTIN,CORDOBA,"[""1. Común - Primario""]",-31.3912,-64.1937,SAN MARTIN
140293803,ESCUELA NOCTURNA MERCEDITAS DE SAN MARTIN ANEXO EXTENSION AULICA B° CENTRO,Estatal,Urbano,,CORDOBA,"[""6. Jóvenes y Adultos - Primario""]",-31.4126,-64.18,SIN BARRIO
140296900,ESCUELA MAHATMA GANDHI,Estatal,Urbano,LA FRANCE,CORDOBA,"[""1. Común - Primario""]",-31.3745,-64.208,LA FRANCE
140297000,COLEGIO PARROQUIAL CEFERINO NAMUNCURA,Privado,Urbano,LA FRANCE,CORDOBA,"[""0. Común - Inicial"",""1. Común - Primario""]",-31.3741,-64.2093,LA FRANCE
140297300,INST. SUP. NUESTRA SEÑORA Y SANTA INES,Privado,Urbano,LA FRANCE,CORDOBA,"[""3. Común - Superior""]",-31.3742,-64.2093,LA FRANCE
140333300,ESCUELA SANTIAGO DERQUI,Estatal,Urbano,CENTRO,CORDOBA,"[""1. Común - Primario""]",-31.4112,-64.1872,DUCASSE
140304100,ESCUELA GDOR. JOSE VICENTE DE OLMOS,Estatal,Urbano,NUEVA CORDOBA,CORDOBA,"[""1. Común - Primario""]",-31.426,-64.1897,NUEVA CORDOBA
140304600,COLEGIO NUESTRA SEÑORA DEL HUERTO,Privado,Urbano,CENTRO,CORDOBA,"[""1. Común - Primario""]",-31.4176,-64.1893,CENTRO
140304700,INST. SUP. I.E.S. SIGLO 21 - COLEGIO UNIVERSITARIO,Privado,Urbano,NUEVA CORDOBA,CORDOBA,"[""3. Común - Superior""]",-31.4227,-64.1843,NUEVA CORDOBA
140305100,ESCUELA REPUBLICA DEL LIBANO,Estatal,Urbano,URCA,CORDOBA,"[""1. Común - Primario""]",-31.3808,-64.2383,URCA
140306800,ESCUELA OBISPO ESQUIU,Estatal,Urbano,VILLA ESQUIU,CORDOBA,"[""1. Común - Primario""]",-31.3591,-64.1079,VILLA ESQUIU
140307000,ESCUELA RAFAELA SANCHEZ DE CALDELARI,Estatal,Urbano,AYACUCHO,CORDOBA,"[""1. Común - Primario""]",-31.3797,-64.1711,AYACUCHO
140307300,ESCUELA FRANCISCO ANTONIO RIZZUTO,Estatal,Urbano,CENTRO AMERICA,CORDOBA,"[""1. Común - Primario""]",-31.3754,-64.1731,AYACUCHO
140307400,COLEGIO PARROQUIAL LETTY STUCCHI BAUDON,Privado,Urbano,RESIDENCIAL AMERICA,CORDOBA,"[""1. Común - Primario""]",-31.3814,-64.1644,RESIDENCIAL AMERICA
140307500,J.DE INF. DIVINO NIÑO JESUS(EX-LETTY STUCCHI BAUDON),Privado,Urbano,RESIDENCIAL AMERICA,CORDOBA,"[""0. Común - Inicial""]",-31.3821,-64.1609,RESIDENCIAL AMERICA
140307600,J.DE INF. CURA BROCHERO,Estatal,Urbano,RESIDENCIAL AMERICA,CORDOBA,"[""0. Común - Inicial""]",-31.3789,-64.1609,AMPLIACION RESIDENCIAL AMERICA
140307700,COLEGIO PAULA MONTAL,Privado,Urbano,VILLA URQUIZA,CORDOBA,"[""1. Común - Primario""]",-31.3926,-64.2375,VILLA ALBERDI
140308000,GOBERNADOR JUSTO PAEZ MOLINA,Estatal,Urbano,LAS PALMAS,CORDOBA,"[""0. Común - Inicial"",""1. Común - Primario""]",-31.4018,-64.2438,AMPLIACION LAS PALMAS
140308100,ESCUELA ISABEL LA CATOLICA,Estatal,Urbano,AERONAUTICO,CORDOBA,"[""1. Común - Primario""]",-31.4311,-64.2751,AERONAUTICO- VILLA ZEPELLIN
140308200,ESCUELA ANTARTIDA ARGENTINA,Estatal,Urbano,GENERAL DEHEZA,CORDOBA,"[""1. Común - Primario""]",-31.3956,-64.2724,MILITAR GENERAL DEHEZA
140308300,ESCUELA REPUBLICA DE VENEZUELA,Estatal,Urbano,CHATEAU CARRERAS,CORDOBA,"[""1. Común - Primario""]",-31.3858,-64.2586,MIRADOR DEL CHATEAU
140308400,ESCUELA NOCTURNA JOAQUIN V. GONZALEZ,Estatal,Urbano,LAS VIOLETAS,CORDOBA,"[""6. Jóvenes y Adultos - Primario""]",-31.4102,-64.2524,LAS VIOLETAS
140308500,ESCUELA PROF. ATILIO ARGUELLO,Estatal,Urbano,PARQUE REPUBLICA,CORDOBA,"[""1. Común - Primario""]",-31.4188,-64.2545,VILLA MARTINEZ
140308600,J.DE INF. ISABEL LA CATOLICA,Estatal,Urbano,AERONAUTICO,CORDOBA,"[""0. Común - Inicial""]",-31.4311,-64.2747,AERONAUTICO- VILLA ZEPELLIN
140308700,J.DE INF. MAURO FERNANDEZ,Estatal,Urbano,RESIDENCIAL SAN ROQUE,CORDOBA,"[""0. Común - Inicial""]",-31.4294,-64.2425,AMEGHINO NORTE
140308800,J.DE INF. ROMA,Estatal,Urbano,ALTO ALBERDI,CORDOBA,"[""0. Común - Inicial""]",-31.4097,-64.2176,ALTO ALBERDI
140310600,COLEGIO SANTA TERESA DE JESUS,Privado,Urbano,CENTRO,CORDOBA,"[""0. Común - Inicial"",""1. Común - Primario""]",-31.4172,-64.1862,CENTRO
140310700,ESCUELA SUPERIOR DE BELLAS ARTES DR. JOSE FIGUEROA ALCORTA,Estatal,Urbano,ROGELIO MARTINEZ,CORDOBA,"[""3. Común - Superior"",""8. Artística""]",-31.436,-64.1748,CIUDAD DE LAS ARTES
140311400,COLEGIO INMACULADA CONCEPCION,Privado,Urbano,SAN MARTIN,CORDOBA,"[""1. Común - Primario""]",-31.3931,-64.2025,BAJO GALAN
140311700,ESCUELA CONGRESO DE TUCUMAN,Estatal,Urbano,LAS MARGARITAS,CORDOBA,"[""1. Común - Primario""]",-31.3771,-64.2118,LAS MARGARITAS
140313500,COLEGIO JUVENILIA,Privado,Urbano,ANA MARIA ZUMARAN,CORDOBA,"[""1. Común - Primario""]",-31.376,-64.2016,ANA MARIA ZUMARAN
140313600,J.DE INF. JUVENILIA,Privado,Urbano,ANA MARIA ZUMARAN,CORDOBA,"[""0. Común - Inicial""]",-31.376,-64.2015,ANA MARIA ZUMARAN
140326300,INST. DE ED. ESP. A.P.A.D.I.M.,Privado,Urbano,RESIDENCIAL SANTA ROSA,CORDOBA,"[""4. Especial""]",-31.4747,-64.2028,MIRIZZI
140326400,AZOR GRIMAUT (ED. COMUN Y ADULTOS),Estatal,Urbano,COMERCIAL,CORDOBA,"[""0. Común - Inicial"",""1. Común - Primario"",""6. Jóvenes y Adultos - Primario""]",-31.4841,-64.2155,VILLA EL LIBERTADOR
140326900,ESCUELA ALEJANDRO CARBO,Estatal,Urbano,ALEJANDRO CARBO,CORDOBA,"[""1. Común - Primario""]",-31.481,-64.2043,CARBO
140327000,ESCUELA PTE. DR. ARTURO UMBERTO ILLIA,Estatal,Urbano,RESIDENCIAL SANTA ROSA,CORDOBA,"[""1. Común - Primario""]",-31.4775,-64.2076,RESIDENCIAL SANTA ROSA
140330700,ESCUELA NUEVA JUAN MANTOVANI,Privado,Urbano,VILLA BELGRANO,CORDOBA,"[""1. Común - Primario""]",-31.3539,-64.2503,VILLA BELGRANO
140330900,J.DE INF. WILLIAN C. MORRIS,Privado,Urbano,ALTO ALBERDI,CORDOBA,"[""0. Común - Inicial""]",-31.4142,-64.1968,CIRCUNVALACION
140331000,ESCUELA PEDRO GOYENA,Estatal,Urbano,BRIGADIER SAN MARTIN,CORDOBA,"[""1. Común - Primario""]",-31.4394,-64.1409,CORRAL DE PALOS
140331600,ESCUELA PROVINCIA DE CATAMARCA,Estatal,Urbano,LAS FLORES,CORDOBA,"[""1. Común - Primario""]",-31.4512,-64.2007,SAN DANIEL
140332000,ESCUELA RAUL ANGEL FERREYRA,Estatal,Urbano,S.E.P.,CORDOBA,"[""1. Común - Primario""]",-31.4596,-64.1639,SEP SEGUNDA ETAPA
140332100,J.DE INF. MERCEDES DE SAN MARTIN,Estatal,Urbano,CRISOL SUR,CORDOBA,"[""0. Común - Inicial""]",-31.4349,-64.165,NUEVA CORDOBA ANEXA
140332300,ESCUELA JOSE HERNANDEZ,Estatal,Urbano,COLON,CORDOBA,"[""1. Común - Primario""]",-31.4383,-64.1574,MAIPU SECCION 1
140332400,ESCUELA HILARIO ASCASUBI,Estatal,Urbano,COLON,CORDOBA,"[""1. Común - Primario""]",-31.4389,-64.1539,COLON
140332500,ESCUELA GENERAL MANUEL BELGRANO,Estatal,Urbano,OÑA,CORDOBA,"[""1. Común - Primario""]",-31.4503,-64.1658,ONA
140332600,DOCTOR ERNESTO MOLINARI ROMERO,Estatal,Urbano,PARQUE SAN CARLOS,CORDOBA,"[""0. Común - Inicial"",""1. Común - Primario""]",-31.4498,-64.1625,PARQUE SAN CARLOS
140332700,COLEGIO SANTA INFANCIA,Privado,Urbano,CENTRO,CORDOBA,"[""0. Común - Inicial"",""1. Común - Primario""]",-31.4082,-64.1794,SIN BARRIO
140332900,COLEGIO DE LA SAGRADA FAMILIA,Privado,Urbano,CENTRO,CORDOBA,"[""0. Común - Inicial"",""1. Común - Primario""]",-31.4084,-64.1852,COFICO
140334100,INST. SUP. PROF. CS. ECON. Y CS. JUR. DR. JOSE A.ORTIZ Y HERRERA,Estatal,Urbano,GENERAL PAZ,CORDOBA,"[""3. Común - Superior""]",-31.414,-64.1645,GENERAL PAZ
140335000,ESCUELA MARIANO FRAGUEIRO,Estatal,Urbano,SAN VICENTE,CORDOBA,"[""1. Común - Primario""]",-31.425,-64.1414,PARQUE SAN VICENTE
140335100,J.DE INF. PRESIDENTE RIVADAVIA,Estatal,Urbano,SAN VICENTE,CORDOBA,"[""0. Común - Inicial""]",-31.424,-64.1642,JUNIORS
140335200,ESCUELA NOCTURNA SAN LORENZO,Estatal,Urbano,CIUDAD DE MIS SUEÑOS,CORDOBA,"[""6. Jóvenes y Adultos - Primario""]",-31.477,-64.0864,CIUDAD DE MIS SUENOS
140335300,ESCUELA PRESIDENTE RIVADAVIA,Estatal,Urbano,SAN VICENTE,CORDOBA,"[""1. Común - Primario""]",-31.424,-64.164,JUNIORS
140335800,"INST. DE REHABILITACIÓN, EDUCACIÓN Y FORMACIÓN PARA EL DISCAPACITADO MENTAL (Ex I.R.A.M)",Privado,Urbano,NUEVA CORDOBA,CORDOBA,"[""4. Especial""]",-31.427,-64.1699,CRISOL NORTE
140336100,COLEGIO SANTA MARGARITA DE CORTONA,Privado,Urbano,SAN VICENTE,CORDOBA,"[""0. Común - Inicial"",""1. Común - Primario""]",-31.4215,-64.1458,BAJADA DE PIEDRA
140336300,J.DE INF. JOSE MARIA BEDOYA,Estatal,Urbano,SAN VICENTE,CORDOBA,"[""0. Común - Inicial""]",-31.4256,-64.1491,LOS CEIBOS
140336400,J.DE INF. ESTEBAN ECHEVERRIA,Estatal,Urbano,SAN VICENTE,CORDOBA,"[""0. Común - Inicial""]",-31.4209,-64.153,SAN VICENTE
140337500,J.DE INF. TAMBORCITO DE TACUARI,Estatal,Urbano,ARGUELLO,CORDOBA,"[""0. Común - Inicial""]",-31.3361,-64.269,QUINTAS DE ARGUELLO
140337600,ESCUELA GENERAL MARTIN M. DE GUEMES,Estatal,Urbano,QUINTAS DE ARGUELLO,CORDOBA,"[""1. Común - Primario""]",-31.3389,-64.2702,QUINTAS DE ARGUELLO
140337800,CENTRO EDUCACIONAL SAN JORGE,Privado,Urbano,CENTRO,CORDOBA,"[""1. Común - Primario""]",-31.4166,-64.1795,CENTRO
140340700,COLEGIO FRANCISCO LUIS BERNARDEZ,Privado,Urbano,CERRO DE LAS ROSAS,CORDOBA,"[""1. Común - Primario""]",-31.3808,-64.2291,ALTO PALERMO
140341800,ESCUELA BATERIA LIBERTAD,Estatal,Urbano,LOMAS DEL SUQUIA,CORDOBA,"[""1. Común - Primario""]",-31.3997,-64.2535,VILLA MAFEKIN
140341900,J.DE INF. BATERIA LIBERTAD,Estatal,Urbano,VILLA MAFEKIN,CORDOBA,"[""0. Común - Inicial""]",-31.4023,-64.2573,VILLA MAFEKIN
140342100,INSTITUTO SALESIANO PIO X-NIVEL SUPERIOR-,Privado,Urbano,ALBERDI,CORDOBA,"[""3. Común - Superior""]",-31.4107,-64.1978,ALBERDI
140342400,INST. DE ED. ESP. DIVINA PROVIDENCIA,Privado,Urbano,URCA,CORDOBA,"[""4. Especial""]",-31.3843,-64.2437,AMPLIACION URCA
140342500,ESCUELA BLAS PARERA,Estatal,Urbano,ALTO ALBERDI,CORDOBA,"[""1. Común - Primario""]",-31.3953,-64.2136,MARECHAL
140342600,J.DE INF. BLAS PARERA,Estatal,Urbano,MARECHAL,CORDOBA,"[""0. Común - Inicial""]",-31.3956,-64.2137,MARECHAL
140342800,J.DE INF. DALMACIO V. SARSFIELD,Estatal,Urbano,ALBERDI,CORDOBA,"[""0. Común - Inicial""]",-31.4021,-64.2111,MARECHAL
140342900,ESCUELA GOB BRIGADIER JUAN IGNACIO SAN MARTIN,Estatal,Urbano,VILLA PAEZ,CORDOBA,"[""1. Común - Primario""]",-31.3949,-64.2072,VILLA PAEZ
140343000,ESCUELA PADRE TERCILIO GAMBINO,Estatal,Urbano,LOS GRANADOS,CORDOBA,"[""1. Común - Primario""]",-31.4247,-64.2387,LOS GRANADOS
140343100,ESCUELA DE POLICIA LIBERTADOR GRAL. DON JOSE DE SAN MARTIN,Estatal,Urbano,LAS PALMAS,CORDOBA,"[""3. Común - Superior""]",-31.4078,-64.2354,PUENTE BLANCO
140343200,ESCUELA EJERCITO ARGENTINO,Estatal,Urbano,VILLA SIBURU,CORDOBA,"[""1. Común - Primario""]",-31.3987,-64.225,VILLA SIBURU
140343300,J.DE INF. EJERCITO ARGENTINO,Estatal,Urbano,VILLA SIBURU,CORDOBA,"[""0. Común - Inicial""]",-31.3975,-64.2243,VILLA SIBURU
140343400,ESCUELA MANUEL ESTEBAN PIZARRO,Estatal,Urbano,LAS PALMAS,CORDOBA,"[""1. Común - Primario""]",-31.4025,-64.2384,LAS PALMAS
140343500,DOCTOR JUAN B. JUSTO,Estatal,Urbano,VILLA SIBURU,CORDOBA,"[""0. Común - Inicial"",""1. Común - Primario"",""6. Jóvenes y Adultos - Primario""]",-31.3928,-64.2312,VILLA SIBURU
140343700,ESCUELA ARTURO CAPDEVILA,Estatal,Urbano,LOS PLATANOS,CORDOBA,"[""1. Común - Primario""]",-31.4279,-64.2321,PRIMERA JUNTA
140343800,ESCUELA REPUBLICA DEL PERU,Estatal,Urbano,LOS NARANJOS,CORDOBA,"[""1. Común - Primario""]",-31.4289,-64.2197,AVENIDA
140344600,INST. SUP. PARROQUIAL SAN JOSE,Privado,Urbano,ALTO ALBERDI,CORDOBA,"[""3. Común - Superior""]",-31.4068,-64.2225,ALTO ALBERDI
140344700,COLEGIO PARROQUIAL SAN JOSE,Privado,Urbano,ALTO ALBERDI,CORDOBA,"[""1. Común - Primario""]",-31.4069,-64.2226,ALTO ALBERDI
140345400,LUZ VIEIRA MENDEZ,Estatal,Urbano,RESIDENCIAL SAN ROQUE,CORDOBA,"[""0. Común - Inicial"",""1. Común - Primario""]",-31.4246,-64.2468,RESIDENCIAL SAN ROQUE
140345402,LUZ VIEIRA MENDEZ - ANEXO VILLA LA TELA,Estatal,Urbano,VILLA LA TELA,CORDOBA,"[""6. Jóvenes y Adultos - Primario""]",-31.4277,-64.2525,ESCUELA DE SUBOFICIALES
140345404,LUZ VIEIRA MENDEZ - ANEXO CPC RUTA 20,Estatal,Urbano,VILLA ADELA,CORDOBA,"[""6. Jóvenes y Adultos - Primario""]",-31.4322,-64.2445,VILLA ADELA
140345700,J.DE INF. DR. JOSE AGUIRRE CAMARA,Estatal,Urbano,LOS FILTROS,CORDOBA,"[""0. Común - Inicial""]",-31.4119,-64.2479,LOS FILTROS
140345800,J.DE INF. PAULA ALBARRACIN,Estatal,Urbano,COLINAS DE VELEZ SARSFIELD,CORDOBA,"[""0. Común - Inicial""]",-31.44,-64.2006,COLINAS DE VELEZ SARSFIELD
140355700,ESCUELA NIÑAS DE AYOHUMA,Estatal,Urbano,ARGUELLO NORTE,CORDOBA,"[""1. Común - Primario""]",-31.3255,-64.2636,UOCRA
140355900,J.DE INF. NIÑAS DE AYOHUMA,Estatal,Urbano,ARGUELLO NORTE,CORDOBA,"[""0. Común - Inicial""]",-31.3249,-64.2634,UOCRA
140361300,JULIO GONZALEZ,Estatal,Urbano,GENERAL ARENALES,CORDOBA,"[""0. Común - Inicial"",""1. Común - Primario""]",-31.369,-64.0609,GENERAL ARENALES
140361500,ESCUELA ARISTOBULO DEL VALLE,Estatal,Urbano,TALLERES ESTE,CORDOBA,"[""1. Común - Primario""]",-31.3918,-64.1503,TALLERES ESTE
140361900,ESCUELA MODESTA RODRIGUEZ,Estatal,Urbano,U.O.C.R.A.,CORDOBA,"[""1. Común - Primario""]",-31.3228,-64.2638,UOCRA
140362400,ESCUELA HUGO WAST,Estatal,Urbano,CACERES,CORDOBA,"[""1. Común - Primario""]",-31.4357,-64.1983,COLINAS DE VELEZ SARSFIELD
140362800,J.DE INF. ESCUELA MATERNAL Nº 1,Estatal,Urbano,PARQUE SARMIENTO,CORDOBA,"[""0. Común - Inicial""]",-31.4331,-64.1791,PARQUE SARMIENTO
140363000,REPUBLICA DE ITALIA,Estatal,Urbano,CONGRESO,CORDOBA,"[""0. Común - Inicial"",""1. Común - Primario"",""6. Jóvenes y Adultos - Primario""]",-31.4673,-64.2333,CONGRESO
140365300,COLEGIO MARIA I. NAVARRO DE LABAT,Privado,Urbano,SAN VICENTE,CORDOBA,"[""1. Común - Primario""]",-31.4258,-64.1579,SAN VICENTE
140365600,ESCUELA ESTEBAN ECHEVERRIA,Estatal,Urbano,SAN VICENTE,CORDOBA,"[""1. Común - Primario""]",-31.4208,-64.1534,SAN VICENTE
140366300,ESCUELA ANGEL FAUSTO AVALOS,Estatal,Urbano,SAN VICENTE,CORDOBA,"[""1. Común - Primario""]",-31.4217,-64.1501,SAN VICENTE
140366500,ESCUELA PADRE DIEGO DE TORRES,Estatal,Urbano,ALEM,CORDOBA,"[""1. Común - Primario""]",-31.3835,-64.1533,GUAYAQUIL
140366600,ESCUELA ASOCIACION DE MAYO,Estatal,Urbano,ALEM,CORDOBA,"[""1. Común - Primario""]",-31.3914,-64.1606,TALLERES OESTE
140366700,INST. SUP. NUESTRA SEÑORA DE FATIMA,Privado,Urbano,MATIENZO,CORDOBA,"[""3. Común - Superior""]",-31.4396,-64.2375,TENIENTE BENJAMIN MATIENZO
140366900,ESCUELA DR. MIGUEL ANGEL ZAVALA ORTIZ,Estatal,Urbano,MATIENZO,CORDOBA,"[""1. Común - Primario""]",-31.4453,-64.2371,AMPLIACION BENJAMIN MATIENZO
140367000,COLEGIO DON ORIONE,Privado,Urbano,SANTA ISABEL 1RA. SECCION,CORDOBA,"[""1. Común - Primario""]",-31.4758,-64.2354,SANTA ISABEL SECCION 2
140367600,ESCUELA UNION LATINOAMERICANA,Estatal,Urbano,PATRICIOS OESTE,CORDOBA,"[""1. Común - Primario""]",-31.3695,-64.1431,PATRICIOS OESTE
140367800,ESCUELA JOSE MARIA PAZ,Estatal,Urbano,PATRICIOS,CORDOBA,"[""1. Común - Primario""]",-31.3778,-64.1408,SANTA CLARA DE ASIS
140368100,J.DE INF. JOSE HERNANDEZ,Estatal,Urbano,COLON,CORDOBA,"[""0. Común - Inicial""]",-31.4386,-64.1575,MAIPU SECCION 1
140372000,INST. SUP. DE PERIODISMO OBISPO TREJO Y SANABRIA,Privado,Urbano,NUEVA CORDOBA,CORDOBA,"[""3. Común - Superior""]",-31.4226,-64.1847,NUEVA CORDOBA
140372100,ESCUELA CURA BROCHERO,Estatal,Urbano,AMPLIACION RESIDENCIAL AMERICA,CORDOBA,"[""1. Común - Primario""]",-31.379,-64.1605,AMPLIACION RESIDENCIAL AMERICA
140374000,ESCUELA PANAMERICANA,Estatal,Urbano,ACOSTA,CORDOBA,"[""1. Común - Primario""]",-31.4209,-64.1254,ACOSTA
140392900,ESCUELA RICARDO PALMA,Estatal,Urbano,VILLA BELGRANO,CORDOBA,"[""1. Común - Primario""]",-31.3612,-64.2526,VILLA BELGRANO
140393900,J.DE INF. TENIENTE BENJAMIN MATIENZO,Estatal,Urbano,BAJO PALERMO,CORDOBA,"[""0. Común - Inicial""]",-31.3844,-64.225,PALERMO BAJO
140394000,ESCUELA TENIENTE BENJAMIN MATIENZO,Estatal,Urbano,CERRO DE LAS ROSAS,CORDOBA,"[""1. Común - Primario""]",-31.384,-64.2249,PALERMO BAJO
140395101,ESCUELA NOCTURNA FRAY MAMERTO ESQUIU EXT. AULICA B° AMPLIACION FERREYRA,Estatal,Urbano,AMPLIACION FERREYRA,CORDOBA,"[""6. Jóvenes y Adultos - Primario""]",-31.4703,-64.1168,FERREYRA SEGUNDA SECCION
140395005,C.E.N.M.A. Nº 151 ANEXO B° SAN FELIPE,Estatal,Urbano,SAN FELIPE,CORDOBA,"[""7. Jóvenes y Adultos - Secundario""]",-31.4547,-64.127,23 DE ABRIL
140397000,INST. SUP. COLLEGIUM - CENTRO DE EDUC.E INVEST.MUSICALES,Privado,Urbano,ALBERDI,CORDOBA,"[""3. Común - Superior"",""8. Artística""]",-31.4147,-64.1977,PASO DE LOS ANDES
140397100,INST. SUP. SIMON BOLIVAR,Estatal,Urbano,SAN VICENTE,CORDOBA,"[""3. Común - Superior""]",-31.4243,-64.1711,CRISOL NORTE
140397102,INST. SUP. SIMON BOLIVAR - ANEXO VILLA EL LIBERTADOR,Estatal,Urbano,VILLA EL LIBERTADOR,CORDOBA,"[""3. Común - Superior""]",-31.4686,-64.217,LOS OLMOS SUD
140397200,COLEGIO AMPARO DE MARIA,Privado,Urbano,ALBERDI,CORDOBA,"[""1. Común - Primario""]",-31.4151,-64.1954,PASO DE LOS ANDES
140397300,COLEGIO SANTO TOMAS,Privado,Urbano,ALBERDI,CORDOBA,"[""0. Común - Inicial"",""1. Común - Primario""]",-31.4157,-64.195,PASO DE LOS ANDES
140397500,MUTUALISMO ARGENTINO,Estatal,Urbano,SARGENTO CABRAL,CORDOBA,"[""0. Común - Inicial"",""1. Común - Primario"",""6. Jóvenes y Adultos - Primario""]",-31.3759,-64.1942,SARGENTO CABRAL
140397700,J.DE INF. PRESIDENTE YRIGOYEN,Estatal,Urbano,SAN MARTIN,CORDOBA,"[""0. Común - Inicial""]",-31.3976,-64.199,PROVIDENCIA
140398200,J.DE INF. BARTOLOME HIDALGO,Estatal,Urbano,SARMIENTO,CORDOBA,"[""0. Común - Inicial""]",-31.4312,-64.1553,SARMIENTO
140398300,ESCUELA INTEGRAL M. BELGRANO,Privado,Urbano,SARMIENTO,CORDOBA,"[""0. Común - Inicial"",""1. Común - Primario""]",-31.4321,-64.1542,SARMIENTO
140398400,ESCUELA BARTOLOME HIDALGO,Estatal,Urbano,SARMIENTO,CORDOBA,"[""1. Común - Primario""]",-31.4312,-64.1554,SARMIENTO
140398500,ESCUELA DR. LUIS AUGUSTO CAEIRO,Estatal,Urbano,CRISOL NORTE,CORDOBA,"[""1. Común - Primario""]",-31.4289,-64.1624,INDUSTRIAL ESTE
140398600,ESCUELA RUBEN DARIO,Estatal,Urbano,CRISOL SUR,CORDOBA,"[""1. Común - Primario""]",-31.4334,-64.1678,CRISOL SUD
140398800,J.DE INF. DR. LUIS AUGUSTO CAEIRO,Estatal,Urbano,CRISOL NORTE,CORDOBA,"[""0. Común - Inicial""]",-31.4308,-64.1617,MAIPU SECCION 2
140398900,J.DE INF. HILARIO ASCASUBI,Estatal,Urbano,COLON,CORDOBA,"[""0. Común - Inicial""]",-31.4397,-64.1535,COLON
140399100,COLEGIO DE EDUCACION CORDOBA,Privado,Urbano,COLINAS DE VELEZ SARSFIELD,CORDOBA,"[""1. Común - Primario""]",-31.438,-64.1967,COLINAS DE VELEZ SARSFIELD
140399200,ESCUELA GOBERNADOR JUAN BAUTISTA BUSTOS,Estatal,Urbano,ALTOS DE VELEZ SARSFIELD,CORDOBA,"[""1. Común - Primario""]",-31.4482,-64.2121,ALTOS DE VELEZ SARSFIELD
140400600,ESCUELA EJERCITO DE LOS ANDES,Estatal,Urbano,SAN MARTIN,CORDOBA,"[""1. Común - Primario""]",-31.4027,-64.1927,DUCASSE
140406400,ESCUELA GENERAL MANUEL DE ESCALADA,Estatal,Urbano,LA CARBONADA,CORDOBA,"[""1. Común - Primario""]",-31.5057,-64.1017,25 DE MAYO
140406500,ESCUELA REPUBLICA DE COSTA RICA,Estatal,Urbano,25 DE MAYO,CORDOBA,"[""1. Común - Primario""]",-31.4922,-64.0767,25 DE MAYO
140406800,J.DE INF. CORONEL OLMEDO,Estatal,Urbano,CORONEL OLMEDO,CORDOBA,"[""0. Común - Inicial""]",-31.4806,-64.1431,VILLA CORONEL OLMEDO
140407000,ESCUELA LIBERTADOR GENERAL SAN MARTIN,Estatal,Urbano,FERREYRA,CORDOBA,"[""1. Común - Primario""]",-31.4614,-64.1108,FERREYRA
140407100,ESCUELA CORONEL OLMEDO,Estatal,Urbano,CORONEL OLMEDO,CORDOBA,"[""1. Común - Primario""]",-31.48,-64.1422,VILLA CORONEL OLMEDO
140407200,ESCUELA PROFESOR MIGUEL LUCIANI,Estatal,Urbano,RAMON J. CARCANO,CORDOBA,"[""1. Común - Primario""]",-31.464,-64.1479,DE LOS DOCENTES
140407300,J.DE INF. JUAN RAMON JIMENEZ,Estatal,Urbano,BRIGADIER SAN MARTIN,CORDOBA,"[""0. Común - Inicial""]",-31.4394,-64.1406,CORRAL DE PALOS
140407400,J.DE INF. TTE. GRAL. PABLO RICCHIERI,Estatal,Urbano,VILLA BUSTOS,CORDOBA,"[""0. Común - Inicial""]",-31.4361,-64.1131,VILLA BUSTOS
140407600,ESCUELA FRAY JUSTO SANTA MARIA DE ORO,Estatal,Urbano,1º DE MAYO,CORDOBA,"[""1. Común - Primario""]",-31.4361,-64.1205,1 DE MAYO
140407700,ESCUELA TENIENTE GENERAL PABLO RICCHIERI,Estatal,Urbano,VILLA BUSTOS,CORDOBA,"[""1. Común - Primario""]",-31.4361,-64.113,VILLA BUSTOS
140407800,J.DE INF. PADRE DIEGO DE TORRES,Estatal,Urbano,GUAYAQUIL,CORDOBA,"[""0. Común - Inicial""]",-31.3838,-64.1541,GUAYAQUIL
140407900,J.DE INF. ARISTOBULO DEL VALLE,Estatal,Urbano,TALLERES ESTE,CORDOBA,"[""0. Común - Inicial""]",-31.3913,-64.151,TALLERES ESTE
140408800,COLEGIO ISRAELITA GRAL. SAN MARTIN,Privado,Urbano,LAS PALMAS,CORDOBA,"[""1. Común - Primario""]",-31.3988,-64.2454,AMPLIACION LAS PALMAS
140445700,INST. SUP. SANTO DOMINGO,Privado,Urbano,CENTRO,CORDOBA,"[""3. Común - Superior""]",-31.4138,-64.18,SIN BARRIO
140409000,INSTITUTO SUPERIOR DEL PROFESORADO TECNOLOGICO,Estatal,Urbano,SAN VICENTE,CORDOBA,"[""3. Común - Superior""]",-31.4241,-64.1682,CRISOL NORTE
140409100,COLEGIO DE MARIA,Privado,Urbano,GENERAL PAZ,CORDOBA,"[""0. Común - Inicial"",""1. Común - Primario""]",-31.4108,-64.1696,GENERAL PAZ
140409300,ESCUELA DOCTOR RAMON J. CARCANO,Estatal,Urbano,GENERAL PAZ,CORDOBA,"[""1. Común - Primario""]",-31.4108,-64.1656,GENERAL PAZ
140410700,ESCUELA MIGUEL RODRIGUEZ DE LA TORRE,Estatal,Urbano,ALTO VERDE,CORDOBA,"[""1. Común - Primario""]",-31.3715,-64.2205,SAN LORENZO NORTE
140410800,ESTADO DE LIBIA,Estatal,Urbano,CABILDO,CORDOBA,"[""0. Común - Inicial"",""1. Común - Primario"",""6. Jóvenes y Adultos - Primario""]",-31.4886,-64.2353,EL CABILDO
140411000,ESCUELA DOCTOR BENITO SORIA,Estatal,Urbano,VICOR,CORDOBA,"[""1. Común - Primario""]",-31.4796,-64.2481,VICOR
140411500,INST. DE ED. ESP. DON ORIONE,Privado,Urbano,SANTA ISABEL 1RA. SECCION,CORDOBA,"[""4. Especial""]",-31.4766,-64.236,SANTA ISABEL SECCION 2
140412500,ESCUELA JOSE MANUEL ESTRADA,Estatal,Urbano,VILLA SAN CARLOS,CORDOBA,"[""1. Común - Primario""]",-31.5021,-64.169,EL VIEJO ALGARROBO
140413600,ESCUELA PROVINCIA DE MISIONES,Estatal,Urbano,ANA MARIA ZUMARAN,CORDOBA,"[""1. Común - Primario""]",-31.3745,-64.2035,SAN MARTIN NORTE
140414900,ESCUELA GOBERNADOR JUSTO PAEZ MOLINA,Estatal,Urbano,VILLA  AZALAIS,CORDOBA,"[""1. Común - Primario""]",-31.3765,-64.1528,VILLA AZALAIS
140415300,COLEGIO ALEMAN,Privado,Urbano,ARGUELLO,CORDOBA,"[""1. Común - Primario""]",-31.3487,-64.2538,ARGUELLO
140415400,COLEGIO FASTA SANTO DOMINGO DE GUZMAN,Privado,Urbano,ESCOBAR,CORDOBA,"[""1. Común - Primario""]",-31.394,-64.2222,ESCOBAR
140415800,COLEGIO GABRIEL TABORIN,Privado,Urbano,CRISOL NORTE,CORDOBA,"[""1. Común - Primario""]",-31.4266,-64.1718,CRISOL NORTE
140415900,COLEGIO PARROQ. SANTO CRISTO,Privado,Urbano,OBSERVATORIO,CORDOBA,"[""1. Común - Primario""]",-31.4239,-64.2044,OBSERVATORIO
140416000,COLEGIO ADOLFO BIOY CASARES (EX-CKARY CAY),Privado,Urbano,CUPANI,CORDOBA,"[""0. Común - Inicial"",""1. Común - Primario""]",-31.4227,-64.2089,CUPANI
140416100,COLEGIO SAN PABLO APOSTOL,Privado,Urbano,COLON,CORDOBA,"[""1. Común - Primario""]",-31.4384,-64.1576,MAIPU SECCION 1
140416400,ESCUELA ING. REGINO M. MADERS,Estatal,Urbano,SAN FELIPE,CORDOBA,"[""1. Común - Primario""]",-31.4547,-64.127,23 DE ABRIL
140416500,ESCUELA JOSE LUIS SERSIC ,Estatal,Urbano,MARQUES DE SOBREMONTE-ANEXO,CORDOBA,"[""1. Común - Primario""]",-31.3669,-64.1934,MARQUES DE SOBREMONTE
140562700,ESCUELA ALAN TURING,Privado,Urbano,ARGUELLO,CORDOBA,"[""1. Común - Primario""]",-31.3459,-64.2842,EL REFUGIO
140417600,J.DE INF. PROVINCIA DE MISIONES,Estatal,Urbano,ANA MARIA ZUMARAN,CORDOBA,"[""0. Común - Inicial""]",-31.3745,-64.2037,SAN MARTIN NORTE
140417700,J.DE INF. PROVINCIA DE FORMOSA,Estatal,Urbano,ALTA CORDOBA,CORDOBA,"[""0. Común - Inicial""]",-31.3964,-64.1901,INDEPENDENCIA
140417800,J.DE INF. LEOPOLDO LUGONES,Estatal,Urbano,POETA LUGONES,CORDOBA,"[""0. Común - Inicial""]",-31.3622,-64.2114,POETA LUGONES
140417900,J.DE INF. 9 DE JULIO,Estatal,Urbano,DEAN FUNES,CORDOBA,"[""0. Común - Inicial""]",-31.4441,-64.122,DEAN FUNES
140418000,J.DE INF. REPUBLICA DE COSTA RICA,Estatal,Urbano,25 DE MAYO,CORDOBA,"[""0. Común - Inicial""]",-31.4761,-64.0924,ITUZAINGO II
140420700,COLEGIO GARCIA FAURE,Privado,Urbano,ALTA CORDOBA,CORDOBA,"[""1. Común - Primario""]",-31.3963,-64.188,INDEPENDENCIA
140421000,J.DE INF. M.E.D.E.A.-DEJAD LOS NIÑOS VENIR A MI,Privado,Urbano,VILLA EL LIBERTADOR,CORDOBA,"[""0. Común - Inicial""]",-31.4538,-64.2222,SMATA
140421200,J.DE INF. NUESTRA SEÑORA DE FATIMA,Privado,Urbano,MATIENZO,CORDOBA,"[""0. Común - Inicial""]",-31.4398,-64.2375,TENIENTE BENJAMIN MATIENZO
140421300,J.DE INF. HAROLDO ANDENMATTEN,Privado,Urbano,ALTO ALBERDI,CORDOBA,"[""0. Común - Inicial""]",-31.3975,-64.2094,VILLA PAEZ
140421400,J.DE INF. NUESTRA SEÑORA DE LORETO,Privado,Urbano,LOS NARANJOS,CORDOBA,"[""0. Común - Inicial""]",-31.4291,-64.2216,SAN RAFAEL
140421500,J.DE INF. SANTO DOMINGO DE GUZMAN,Privado,Urbano,ESCOBAR,CORDOBA,"[""0. Común - Inicial""]",-31.3933,-64.2222,ESCOBAR
140421600,J.DE INF. LUTERANO CONCORDIA,Privado,Urbano,ALTO ALBERDI,CORDOBA,"[""0. Común - Inicial""]",-31.4164,-64.212,OBRERO
140421800,J.DE INF. ITALO ARG. DANTE ALIGHIERI,Privado,Urbano,SAN FERNANDO,CORDOBA,"[""0. Común - Inicial""]",-31.4465,-64.1906,SAN FERNANDO
140422200,J.DE INF. SOR MARIA ANTONIA DE PAZ Y FIGUEROA,Privado,Urbano,YOFRE NORTE,CORDOBA,"[""0. Común - Inicial""]",-31.3856,-64.1345,YOFRE NORTE
140422300,J.DE INF. DOCTOR ANTONIO NORES,Privado,Urbano,SANTA CLARA DE ASIS,CORDOBA,"[""0. Común - Inicial""]",-31.382,-64.1381,SANTA CLARA DE ASIS
140422400,J.DE INF. CORAZON DE MARIA,Privado,Urbano,ALTA CORDOBA,CORDOBA,"[""0. Común - Inicial""]",-31.3947,-64.1817,ALTA CORDOBA
140422600,J.DE INF. SANTO CRISTO,Privado,Urbano,OBSERVATORIO,CORDOBA,"[""0. Común - Inicial""]",-31.424,-64.204,OBSERVATORIO
140422700,J.DE INF. NUESTRA SEÑORA,Privado,Urbano,JARDIN ESPINOSA,CORDOBA,"[""0. Común - Inicial""]",-31.455,-64.1741,AMPLIACION JARDIN ESPINOSA
140422900,J.DE INF. AMPARO DE MARIA,Privado,Urbano,ALBERDI,CORDOBA,"[""0. Común - Inicial""]",-31.4151,-64.1954,PASO DE LOS ANDES
140423000,JARDIN DE NIÑOS MUSICOS,Privado,Urbano,NUEVA CORDOBA,CORDOBA,"[""0. Común - Inicial""]",-31.4246,-64.1848,NUEVA CORDOBA
140423600,J.DE INF. DOCTOR NICOLAS AVELLANEDA,Estatal,Urbano,VILLA SAN CARLOS,CORDOBA,"[""0. Común - Inicial""]",-31.4706,-64.1699,COUNTRY FORTIN DEL POZO
140423700,J.DE INF. DR. CARLOS VAZ FERREIRA,Estatal,Urbano,BELLA VISTA,CORDOBA,"[""0. Común - Inicial""]",-31.4327,-64.205,BELLA VISTA OESTE
140423800,J.DE INF. HEBE SAN MARTIN DE DUPRAT,Estatal,Urbano,ESTACION FLORES,CORDOBA,"[""0. Común - Inicial""]",-31.451,-64.2476,ESTACION FLORES
140423900,J.DE INF. SAN JOSE DE CALASANZ,Estatal,Urbano,INAUDI,CORDOBA,"[""0. Común - Inicial""]",-31.4766,-64.1936,INAUDI
140424000,J.DE INF. JOSE MANUEL ESTRADA,Estatal,Urbano,VILLA SAN CARLOS,CORDOBA,"[""0. Común - Inicial""]",-31.5022,-64.169,EL VIEJO ALGARROBO
140424300,J.DE INF. GENERAL FRANCISCO ORTIZ DE OCAMPO,Estatal,Urbano,CENTRO,CORDOBA,"[""0. Común - Inicial""]",-31.4151,-64.1775,SIN BARRIO
140424500,J.DE INF. ARTURO CAPDEVILA,Privado,Urbano,AMPLIACION RESIDENCIAL AMERICA,CORDOBA,"[""0. Común - Inicial""]",-31.3767,-64.1636,AMPLIACION RESIDENCIAL AMERICA
140424900,J.DE INF. BRIG. MAYOR JUAN I. SAN MARTIN,Privado,Urbano,MERCANTIL,CORDOBA,"[""0. Común - Inicial""]",-31.3193,-64.259,MERCANTIL
140425000,J.DE INF. CASTELFRANCO,Privado,Urbano,VILLA BELGRANO,CORDOBA,"[""0. Común - Inicial""]",-31.3523,-64.2577,ARGUELLO
140425100,J.DE INF. JUAN MANTOVANI,Privado,Urbano,VILLA BELGRANO,CORDOBA,"[""0. Común - Inicial""]",-31.3538,-64.25,VILLA BELGRANO
140425200,J.DE INF. ISRAELITA GENERAL SAN MARTIN,Privado,Urbano,LAS PALMAS,CORDOBA,"[""0. Común - Inicial""]",-31.3959,-64.2412,VILLA GENERAL URQUIZA
140425300,J.DE INF. DE LA INMACULADA,Privado,Urbano,CENTRO,CORDOBA,"[""0. Común - Inicial""]",-31.4189,-64.1829,CENTRO
140425600,J.DE INF. HOGAR LA INMACULADA,Privado,Urbano,VILLA RIVERA INDARTE,CORDOBA,"[""0. Común - Inicial""]",-31.3358,-64.2867,SAN JOSE
140425700,J.DE INF. PETER PAN,Privado,Urbano,MARQUES DE SOBREMONTE,CORDOBA,"[""0. Común - Inicial""]",-31.3668,-64.2041,SAN MARTIN NORTE
140450900,J.DE INF. ALEMAN,Privado,Urbano,ARGUELLO,CORDOBA,"[""0. Común - Inicial""]",-31.3487,-64.2534,VILLA SILVANO FUNES
140427000,COLEGIO MUSICAL COLLEGIUM,Privado,Urbano,ALBERDI,CORDOBA,"[""1. Común - Primario""]",-31.4147,-64.1977,PASO DE LOS ANDES
140427100,COLEGIO DANTE ALIGHIERI,Privado,Urbano,SAN FERNANDO,CORDOBA,"[""1. Común - Primario""]",-31.4465,-64.1906,SAN FERNANDO
140427300,COLEGIO DE NIÑOS MUSICOS,Privado,Urbano,NUEVA CORDOBA,CORDOBA,"[""1. Común - Primario""]",-31.4246,-64.1848,NUEVA CORDOBA
140455700,J.DE INF. DEL CARMEN,Privado,Urbano,ARGUELLO,CORDOBA,"[""0. Común - Inicial""]",-31.3484,-64.255,ARGUELLO
140430500,COLEGIO DEL CARMEN,Privado,Urbano,ARGUELLO,CORDOBA,"[""1. Común - Primario""]",-31.3484,-64.2552,ARGUELLO
140430800,COLEGIO SOR MARIA ANTONIA DE PAZ Y FIGUEROA,Privado,Urbano,YOFRE NORTE,CORDOBA,"[""1. Común - Primario""]",-31.3856,-64.1348,YOFRE NORTE
140431000,COLEGIO NUESTRA SEÑORA,Privado,Urbano,JARDIN ESPINOSA,CORDOBA,"[""1. Común - Primario""]",-31.4548,-64.1741,AMPLIACION JARDIN ESPINOSA
140431200,COLEGIO MONSEÑOR FERMIN LAFITTE,Privado,Urbano,LOS PARAISOS,CORDOBA,"[""1. Común - Primario""]",-31.3848,-64.1957,LOS PARAISOS
140431300,COLEGIO INSTITUCION ESCUTI,Privado,Urbano,LAS ROSAS,CORDOBA,"[""1. Común - Primario""]",-31.3903,-64.2301,LAS ROSAS
140431400,COLEGIO NUESTRA SEÑORA DEL SAGRADO CORAZON,Privado,Urbano,CRISOL,CORDOBA,"[""0. Común - Inicial"",""1. Común - Primario""]",-31.4363,-64.1666,CRISOL SUD
140431600,COLEGIO DR. ANTONIO NORES,Privado,Urbano,SANTA CLARA DE ASIS,CORDOBA,"[""1. Común - Primario""]",-31.3821,-64.1381,LA HORTENSIA
140433900,COLEGIO PQUIAL. SAN ROQUE,Privado,Urbano,VILLA CORINA,CORDOBA,"[""1. Común - Primario""]",-31.3779,-64.1431,VILLA CORINA
140434300,ESCUELA NUEVA DE NIÑOS LUZ VIEIRA MENDEZ,Privado,Urbano,CERRO DE LAS ROSAS,CORDOBA,"[""1. Común - Primario""]",-31.3752,-64.2238,ALTO PALERMO
140434400,COLEGIO SAN PEDRO APOSTOL,Privado,Urbano,CHATEAU CARRERAS,CORDOBA,"[""1. Común - Primario""]",-31.382,-64.2525,COSTA VERDE
140434500,COLEGIO SAN BUENAVENTURA,Privado,Urbano,LAS PALMAS,CORDOBA,"[""1. Común - Primario""]",-31.4023,-64.2512,TEODORO FELDS
140434600,COLEGIO NUESTRA SEÑORA DE LORETO,Privado,Urbano,LOS NARANJOS,CORDOBA,"[""1. Común - Primario""]",-31.4291,-64.2218,SAN RAFAEL
140434700,COLEGIO INTEGRAL EDUCATIVO M.E.D.E.A.,Privado,Urbano,VILLA EL LIBERTADOR,CORDOBA,"[""1. Común - Primario""]",-31.469,-64.2245,RESIDENCIAL SUD
140434900,J.DE INF. SAN PEDRO APOSTOL,Privado,Urbano,CHATEAU CARRERAS,CORDOBA,"[""0. Común - Inicial""]",-31.382,-64.2525,COSTA VERDE
140435100,COLEGIO NUESTRA SEÑORA DE LA MERCED,Privado,Urbano,SAN MARTIN,CORDOBA,"[""0. Común - Inicial"",""1. Común - Primario""]",-31.3983,-64.1965,SAN MARTIN
140435600,COLEGIO MADRES ESCOLAPIAS,Privado,Urbano,CERRO DE LAS ROSAS,CORDOBA,"[""0. Común - Inicial"",""1. Común - Primario""]",-31.3692,-64.2375,VALLE DEL CERRO
140437100,COLEGIO JORGE VOCOS LESCANO,Privado,Urbano,PARQUE LATINO,CORDOBA,"[""0. Común - Inicial"",""1. Común - Primario""]",-31.4585,-64.2123,PARQUE LATINO
140437700,INSTITUTO HOGAR LA INMACULADA ,Privado,Urbano,VILLA RIVERA INDARTE,CORDOBA,"[""1. Común - Primario""]",-31.3354,-64.2867,SAN JOSE
140437800,COLEGIO COMPLEJO EDUCACIONAL CASTELFRANCO,Privado,Urbano,VILLA BELGRANO,CORDOBA,"[""1. Común - Primario""]",-31.3521,-64.2576,ARGUELLO
140437900,COLEGIO BRIGADIER MAYOR JUAN IGNACIO SAN MARTIN,Privado,Urbano,ARGUELLO NORTE,CORDOBA,"[""1. Común - Primario""]",-31.3208,-64.2565,CONSORCIO 16 DE NOVIEMBRE
140438100,COLEGIO JESUS MARIA,Privado,Urbano,AVENIDA,CORDOBA,"[""1. Común - Primario""]",-31.4294,-64.219,AVENIDA
140438200,COLEGIO SAN JOSE (S.R.L.),Privado,Urbano,ALTO ALBERDI,CORDOBA,"[""1. Común - Primario""]",-31.4177,-64.2108,CASEROS
140438400,COLEGIO PARROQUIAL NUESTRA SEÑORA DE FATIMA,Privado,Urbano,MATIENZO,CORDOBA,"[""1. Común - Primario""]",-31.4396,-64.2375,TENIENTE BENJAMIN MATIENZO
140438500,COLEGIO HAROLDO ANDENMATTEN,Privado,Urbano,VILLA  PAEZ,CORDOBA,"[""1. Común - Primario""]",-31.3976,-64.2095,VILLA PAEZ
140440000,ESC.DE FORM.INTEGRAL Y CAPAC.LABORAL A.P.A.D.I.M.,Privado,Urbano,RESIDENCIAL SANTA ROSA,CORDOBA,"[""4. Especial""]",-31.4749,-64.203,MIRIZZI
140440100,INST. DE ED. ESP. CKARI CAY,Privado,Urbano,LOS PLATANOS,CORDOBA,"[""4. Especial""]",-31.4233,-64.2293,LOS PLATANOS
140440200,INST. DE ED. ESP. A.R.E.N.A.,Privado,Urbano,PASO DE LOS ANDES,CORDOBA,"[""4. Especial""]",-31.4188,-64.2035,PASO DE LOS ANDES
140441100,ESC. ESP. DRA. LYDIA FOGUELMAN DE CORIAT,Estatal,Urbano,GENERAL PAZ,CORDOBA,"[""4. Especial""]",-31.4087,-64.1678,GENERAL PAZ
140442400,COLEGIO DE LA INMACULADA,Privado,Urbano,CENTRO,CORDOBA,"[""1. Común - Primario""]",-31.4189,-64.1829,CENTRO
140442800,COLEGIO FASTA VILLA EUCARISTICA,Privado,Urbano,VILLA EUCARISTICA,CORDOBA,"[""1. Común - Primario""]",-31.4797,-64.1793,VILLA EUCARISTICA
140443100,QUALITY INSTITUTO SUPERIOR DE ACTIVIDADES DEPORTIVAS,Privado,Urbano,CIUDAD UNIVERSITARIA,CORDOBA,"[""3. Común - Superior""]",-31.4438,-64.1951,EJERCITO ARGENTINO
140443300,INSTITUTO ARGENTINO DE PROTESIS DENTAL,Privado,Urbano,CENTRO,CORDOBA,"[""3. Común - Superior""]",-31.4204,-64.1768,CENTRO
140443500,INSTITUCION CERVANTES,Privado,Urbano,ALBERDI,CORDOBA,"[""3. Común - Superior""]",-31.4058,-64.2058,ALBERDI
140443800,INSTITUTO SUPERIOR CRUZ ROJA ARGENTINA-FILIAL CORDOBA,Privado,Urbano,PUEYRREDON,CORDOBA,"[""3. Común - Superior""]",-31.4025,-64.159,GENERAL PUEYRREDON
140444000,INST. SUP. EN CIENCIAS DE LA EDUC. OLGA COSSETTINI,Privado,Urbano,CERRO DE LAS ROSAS,CORDOBA,"[""3. Común - Superior""]",-31.3751,-64.224,ALTO PALERMO
140445300,INSTITUTO SUPERIOR SPINOZA,Privado,Urbano,CENTRO,CORDOBA,"[""3. Común - Superior""]",-31.4122,-64.1765,SIN BARRIO
140445400,INST. SUP. SABER,Privado,Urbano,CENTRO,CORDOBA,"[""3. Común - Superior""]",-31.4211,-64.1814,CENTRO
140445600,INSTITUTO SUPERIOR DE COMERCIO EXTERIOR,Privado,Urbano,GENERAL PAZ,CORDOBA,"[""3. Común - Superior""]",-31.4157,-64.1687,GENERAL PAZ
140446300,COLEGIO DR.IGNACIO DUARTE QUIROS,Privado,Urbano,ITUZAINGO,CORDOBA,"[""0. Común - Inicial"",""1. Común - Primario""]",-31.4604,-64.0874,ALMIRANTE BROWN
140448800,J.DE INF. MARK TWAIN,Privado,Urbano,CHATEAU CARRERAS,CORDOBA,"[""0. Común - Inicial""]",-31.3851,-64.2644,MIRADOR DEL CHATEAU
140449100,INST. SUP. LA METRO. ESCUELA DE COMUNICACIÓN AUDIOVISUAL,Privado,Urbano,CENTRO,CORDOBA,"[""3. Común - Superior""]",-31.4178,-64.1847,CENTRO
140456200,J.DE INF. MIGUEL ANGEL ZAVALA ORTIZ,Estatal,Urbano,AMPLIACION MATIENZO,CORDOBA,"[""0. Común - Inicial""]",-31.4446,-64.2375,AMPLIACION BENJAMIN MATIENZO
140457000,COLEGIO SAN JOSE,Privado,Urbano,ALTO ALBERDI,CORDOBA,"[""1. Común - Primario""]",-31.4062,-64.223,ALTO ALBERDI
140457500,J.DE INF. INST. DE EDUCACION CORDOBA,Privado,Urbano,COLINAS DE VELEZ SARSFIELD,CORDOBA,"[""0. Común - Inicial""]",-31.4377,-64.197,COLINAS DE VELEZ SARSFIELD
140458100,COLEGIO ACADEMIA ARGUELLO,Privado,Urbano,ARGUELLO,CORDOBA,"[""1. Común - Primario""]",-31.3519,-64.2472,GRANJA DE FUNES
140459000,J.DE INF. ACADEMIA ARGÜELLO,Privado,Urbano,ARGUELLO,CORDOBA,"[""0. Común - Inicial""]",-31.3518,-64.2475,GRANJA DE FUNES
140460500,CIFIL VILLA REVOL,Estatal,Urbano,VILLA REVOL,CORDOBA,"[""9. Formación Profesional""]",-31.4402,-64.1688,CABANA DEL PILAR
140460600,CIFIL AMADEO SABATTINI,Estatal,Urbano,GENERAL BUSTOS,CORDOBA,"[""9. Formación Profesional""]",-31.3836,-64.1758,AYACUCHO
140461600,CENTRO DE ESTUDIOS FILOSOFICOS Y TEOLOGICOS,Privado,Urbano,VILLA CLARET,CORDOBA,"[""3. Común - Superior""]",-31.3488,-64.2366,VILLA CLARET
140463500,J.DE INF. SAN BUENAVENTURA,Privado,Urbano,LAS PALMAS,CORDOBA,"[""0. Común - Inicial""]",-31.4023,-64.2513,TEODORO FELDS
140464500,J.DE INF. VILLA EUCARISTICA,Privado,Urbano,VILLA EUCARISTICA,CORDOBA,"[""0. Común - Inicial""]",-31.48,-64.1795,VILLA EUCARISTICA
140466100,INST. SUP. LA COLMENA-ESCUELA DE MUSICA,Privado,Urbano,CENTRO,CORDOBA,"[""3. Común - Superior""]",-31.4133,-64.1768,SIN BARRIO
140500900,J.DE INF. SAN PABLO APOSTOL,Privado,Urbano,COLON,CORDOBA,"[""0. Común - Inicial""]",-31.4386,-64.1577,MAIPU SECCION 1
140471200,INST. DE ED. ESP. SULLAI,Privado,Urbano,MARQUES DE SOBREMONTE,CORDOBA,"[""4. Especial""]",-31.3657,-64.2036,LAS MAGNOLIAS
140471900,INSTITUTO SUPERIOR AGENTES DE PROPAGANDA MEDICA,Privado,Urbano,CENTRO,CORDOBA,"[""3. Común - Superior""]",-31.4356,-64.1875,CIUDAD UNIVERSITARIA
140472100,INST. DE ED. ESP. MATER,Privado,Urbano,VILLA CABRERA,CORDOBA,"[""4. Especial""]",-31.3889,-64.2115,VILLA CABRERA
140473500,INST. SUP. DEL PROF. ANTONIO SOBRAL,Privado,Urbano,CERRO DE LAS ROSAS,CORDOBA,"[""3. Común - Superior""]",-31.3751,-64.2238,ALTO PALERMO
140474200,INST. SUP. DE ED. FISICA: ESCUELA NUEVA JUAN MANTOVANI,Privado,Urbano,PARQUE CAPITAL,CORDOBA,"[""3. Común - Superior""]",-31.4361,-64.2165,PARQUE CAPITAL
140474300,INST. SUP. NUESTRA SEÑORA DEL SAGRADO CORAZON,Privado,Urbano,CRISOL,CORDOBA,"[""3. Común - Superior""]",-31.4363,-64.1666,CRISOL SUD
140474400,ESCUELA VICENTE FORESTIERI,Estatal,Urbano,VILLA EL LIBERTADOR,CORDOBA,"[""1. Común - Primario""]",-31.4804,-64.2247,VILLA EL LIBERTADOR
140474500,ESCUELA OSVALDO JORGE LEON (ESC.EX-DE B° CABILDO),Estatal,Urbano,SANTA ISABEL 2DA. SECCION,CORDOBA,"[""1. Común - Primario""]",-31.48,-64.235,SANTA ISABEL SECCION 2
140474600,J.DE INF. PABLO NERUDA (EX-ESC.S/NOMBRE DE Bº CABILDO),Estatal,Urbano,CABILDO,CORDOBA,"[""0. Común - Inicial""]",-31.4813,-64.2346,EL CABILDO
140476500,ESCUELA MADRE MARIA DEL TRANSITO,Estatal,Urbano,VILLA BOEDO,CORDOBA,"[""1. Común - Primario""]",-31.4318,-64.1087,BOEDO
140476800,J.DE INF. LOS ROBLES,Estatal,Urbano,LOS ROBLES,CORDOBA,"[""0. Común - Inicial""]",-31.4031,-64.2618,LA TOMA
140477000,J.DE INF. LUIS MANUEL ROBLES,Privado,Urbano,PUEYRREDON,CORDOBA,"[""0. Común - Inicial""]",-31.3995,-64.1644,GENERAL PUEYRREDON
140477100,J.DE INF. COLLEGIUM,Privado,Urbano,ALBERDI,CORDOBA,"[""0. Común - Inicial""]",-31.4147,-64.1977,PASO DE LOS ANDES
140477200,J.DE INF. JUAN FILLOY ,Estatal,Urbano,VILLA UNION,CORDOBA,"[""0. Común - Inicial""]",-31.4212,-64.2633,VILLA UNION
140477400,ESCUELA JAVIER VILLAFAÑE (EX S/N DE B° AUTODROMO),Estatal,Urbano,AUTODROMO,CORDOBA,"[""1. Común - Primario""]",-31.3207,-64.2538,EL CERRITO
140477500,J.DE INF. MADRE MARIA DEL TRANSITO (EX-DE B° BOEDO),Estatal,Urbano,VILLA BOEDO,CORDOBA,"[""0. Común - Inicial""]",-31.4316,-64.1091,BOEDO
140477600,J.DE INF. DR. HUMBERTO ROQUE DAGUM,Estatal,Urbano,REMEDIOS DE ESCALADA,CORDOBA,"[""0. Común - Inicial""]",-31.3366,-64.1813,GUINAZU SUD
140477700,ESCUELA HUMBERTO ROQUE DAGUM(EX ESC.DE B° R.DE ESCALADA),Estatal,Urbano,REMEDIOS DE ESCALADA,CORDOBA,"[""1. Común - Primario""]",-31.3366,-64.1811,GUINAZU SUD
140477800,ESCUELA GDOR. MANUEL LOPEZ(EX-S/N DE B° M.FRAGUEIRO ANEXO),Estatal,Urbano,MARIANO FRAGUEIRO I.P.V.ANEXO,CORDOBA,"[""1. Común - Primario""]",-31.3606,-64.1858,JUAN B JUSTO
140477900,ESCUELA CURACA LINO ACEVEDO,Estatal,Urbano,LOS ROBLES,CORDOBA,"[""1. Común - Primario""]",-31.4032,-64.2617,LA TOMA
140478000,ESCUELA DR. RENE FAVALORO (EX-DE B° 16 DE NOVIEMBRE),Estatal,Urbano,16 DE NOVIEMBRE,CORDOBA,"[""1. Común - Primario""]",-31.3135,-64.2612,COOPERATIVA 16 DE NOVIEMBRE
140501100,J.DE INF. ELPIDIO TORRES,Estatal,Urbano,S.M.A.T.A.,CORDOBA,"[""0. Común - Inicial""]",-31.4529,-64.2228,SMATA
140478400,ESCUELA JUAN AMOS COMENIO (EX-S/N. DE Bº VILLA UNION),Estatal,Urbano,VILLA UNION,CORDOBA,"[""1. Común - Primario""]",-31.4223,-64.2626,VILLA UNION
140478500,J.DE INF. ELENA AMALIA LOPEZ LALLANA,Estatal,Urbano,1º DE MAYO,CORDOBA,"[""0. Común - Inicial""]",-31.4281,-64.1135,COOPERATIVA LA UNIDAD
140478600,J.DE INF. HEROES DE MALVINAS(EX-DE BºI.P.V.CNO.A VILLA POSSE,Estatal,Urbano,I.P.V.(CNO. A VILLA POSSE),CORDOBA,"[""0. Común - Inicial""]",-31.4439,-64.1085,PORTAL DE CORDOBA
140478900,ESCUELA 2 DE ABRIL,Estatal,Urbano,RESIDENCIAL SAN JORGE,CORDOBA,"[""1. Común - Primario""]",-31.3694,-64.1302,RESIDENCIAL SAN JORGE
140479100,J.DE INF. RENE FAVALORO (EX-DE B° MIRIZZI),Estatal,Urbano,MIRIZZI,CORDOBA,"[""0. Común - Inicial""]",-31.4706,-64.2088,MIRIZZI
140479200,J.DE INF. JUAN FILLOY (EX DE B° CERRO NORTE),Estatal,Urbano,CERRO NORTE,CORDOBA,"[""0. Común - Inicial""]",-31.3233,-64.2799,CERRO NORTE
140479300,J.DE INF. JOSE JAVIER VILLAFAÑE (EX-DE B° AUTODROMO),Estatal,Urbano,AUTODROMO,CORDOBA,"[""0. Común - Inicial""]",-31.3259,-64.2571,LOURDES
140479400,J.DE INF. PATRICIA STOKOE (EX-DE B° 16 DE NOVIEMBRE),Estatal,Urbano,16 DE NOVIEMBRE,CORDOBA,"[""0. Común - Inicial""]",-31.3135,-64.2611,COOPERATIVA 16 DE NOVIEMBRE
140479500,J.DE INF. MARIA EVA DUARTE(EX S/NOM.DE B°JOSE I.DIAZ 3°SEC.,Estatal,Urbano,JOSE IGNACIO DIAZ 3º SECCION,CORDOBA,"[""0. Común - Inicial""]",-31.4493,-64.146,AMPLIACION JOSE IGNACIO DIAZ SECCION 2
140479600,J.DE INF. MALVINAS ARGENTINAS (EX-DE B° ALMIRANTE BROWN),Estatal,Urbano,ALMIRANTE BROWN,CORDOBA,"[""0. Común - Inicial""]",-31.4588,-64.0929,BETANIA
140479700,ESCUELA MARIA EVA DUARTE (EX-DE FAMILIAS UNIDAS),Estatal,Urbano,JOSE IGNACIO DIAZ 3º SECCION,CORDOBA,"[""1. Común - Primario""]",-31.4491,-64.146,AMPLIACION JOSE IGNACIO DIAZ SECCION 2
140479800,ESCUELA CARLOS SAAVEDRA LAMAS,Estatal,Urbano,PARQUE ITUZAINGO,CORDOBA,"[""1. Común - Primario""]",-31.4818,-64.0849,CIUDAD DE MIS SUENOS
140479900,ESCUELA HEROES DE MALVINAS,Estatal,Urbano,ALMIRANTE BROWN,CORDOBA,"[""1. Común - Primario""]",-31.459,-64.0929,BETANIA
140480000,J.DE INF. ESTER OULTON DE PEARSON,Estatal,Urbano,OLMOS SUD,CORDOBA,"[""0. Común - Inicial""]",-31.4683,-64.2179,LOS OLMOS SUD
140480100,J.DE INF. EVA DUARTE,Estatal,Urbano,PARQUE LICEO 2DA. SECCION,CORDOBA,"[""0. Común - Inicial""]",-31.3589,-64.1614,PARQUE LICEO SECCION 2
140480200,J.DE INF. 2 DE ABRIL (EX S/N DE Bº RESID. SAN JORGE ),Estatal,Urbano,RESIDENCIAL SAN JORGE,CORDOBA,"[""0. Común - Inicial""]",-31.3694,-64.131,RESIDENCIAL SAN JORGE
140480300,ESCUELA HEROES DE MALVINAS(EX-S/N BºI.P.V.-CNO.A VILLA POSSE,Estatal,Urbano,I.P.V.(CNO. A VILLA POSSE),CORDOBA,"[""1. Común - Primario""]",-31.4438,-64.1085,PORTAL DE CORDOBA
140480500,ESCUELA GERONIMO GRAGERA,Estatal,Urbano,CERRO NORTE,CORDOBA,"[""1. Común - Primario""]",-31.3233,-64.2798,CERRO NORTE
140480800,ESCUELA EVA DUARTE (EX-S/N DE BºPARQUE LICEO IIºSECC.),Estatal,Urbano,PARQUE LICEO 2DA. SECCION,CORDOBA,"[""1. Común - Primario""]",-31.3593,-64.1602,PARQUE LICEO SECCION 2
140481200,J.DE INF. ATAHUALPA YUPANQUI,Estatal,Urbano,PARQUE ITUZAINGO,CORDOBA,"[""0. Común - Inicial""]",-31.4758,-64.0918,ITUZAINGO II
140481400,J.DE INF. NUEVO SIGLO,Privado,Urbano,GENERAL PAZ,CORDOBA,"[""0. Común - Inicial""]",-31.4157,-64.1687,GENERAL PAZ
140482700,J.DE INF. BELEN (C.ED. NTRA.SRA.DEL TRABAJO),Privado,Urbano,VILLA EL LIBERTADOR,CORDOBA,"[""0. Común - Inicial""]",-31.4728,-64.2153,LOS OLMOS SUD
140485000,COLEGIO DE NIÑOS DEPORTISTAS,Privado,Urbano,ALTO ALBERDI,CORDOBA,"[""1. Común - Primario""]",-31.4135,-64.2151,OBRERO
140485100,INST. SUP. DE ACT.FISICAS Y DEPORTIVAS(ISAFYD)EX-FITNESS,Privado,Urbano,CENTRO,CORDOBA,"[""3. Común - Superior""]",-31.4193,-64.1819,CENTRO
140487000,J.DE INF. JOSE PEÑA,Privado,Urbano,VILLA CABRERA,CORDOBA,"[""0. Común - Inicial""]",-31.3831,-64.2177,ALTOS DE VILLA CABRERA
140487100,J.DE INF. DEL INMACULADO CZÓN DE MARÍA-ADORATRICES,Privado,Urbano,CENTRO,CORDOBA,"[""0. Común - Inicial""]",-31.4181,-64.1772,SIN BARRIO
140487800,J.DE INF. JOSE MALANCA (EX-BERNARDINO RIVADAVIA),Estatal,Urbano,MARQUES DE SOBREMONTE-ANEXO,CORDOBA,"[""0. Común - Inicial""]",-31.3663,-64.1934,MARQUES DE SOBREMONTE
140488500,ESCUELA JULIO DIAZ USANDIVARAS (EX-ANEXO PEDRO GOYENA),Estatal,Urbano,LAS LILAS,CORDOBA,"[""1. Común - Primario""]",-31.4445,-64.1334,LAS LILAS
140488600,ESCUELA MARIA DEL TRANSITO CABANILLAS (Bº EL QUEBRACHO),Estatal,Urbano,EL QUEBRACHO,CORDOBA,"[""1. Común - Primario""]",-31.4755,-64.143,VILLA CORONEL OLMEDO
140489000,INST. SUP. DE CAPACITACION INTEGRAL(EX-COCINA INTERNACIONAL),Privado,Urbano,PORTAL DEL JACARANDA,CORDOBA,"[""3. Común - Superior""]",-31.3438,-64.2883,PORTAL DEL JACARANDA
140489500,INST. SUP. BANCARIO,Privado,Urbano,CENTRO,CORDOBA,"[""3. Común - Superior""]",-31.4134,-64.1925,DUCASSE
140491000,C.E.N.P.A. VILLA CHACRA DE LA MERCED,Estatal,Urbano,VILLA LA MERCED,CORDOBA,"[""6. Jóvenes y Adultos - Primario""]",-31.4041,-64.0645,CIUDAD MI ESPERANZA
140491700,ESCUELA REPUBLICA DEL ECUADOR,Estatal,Urbano,RESIDENCIAL SAN ROQUE,CORDOBA,"[""1. Común - Primario""]",-31.4231,-64.2429,RESIDENCIAL SAN ROQUE
140492300,C.E.N.P.A. DE Bº LOS ROBLES ,Estatal,Urbano,LOS ROBLES,CORDOBA,"[""6. Jóvenes y Adultos - Primario""]",-31.4032,-64.2616,LA TOMA
140492700,ESCUELA MADRE TERESA DE CALCUTA,Estatal,Urbano,AMPLIACION CERVECEROS,CORDOBA,"[""1. Común - Primario""]",-31.4642,-64.159,CERVECEROS
140493200,INST. SUP. SANTA CLARA DE ASIS,Privado,Urbano,CENTRO,CORDOBA,"[""3. Común - Superior""]",-31.4191,-64.183,CENTRO
140493300,INST. SUP. NUEVA FORMACION,Privado,Urbano,NUEVA CORDOBA,CORDOBA,"[""3. Común - Superior""]",-31.4246,-64.1848,NUEVA CORDOBA
140493400,COLEGIO PARROQUIAL SAN JERONIMO,Privado,Urbano,ALTO ALBERDI,CORDOBA,"[""1. Común - Primario""]",-31.4035,-64.2098,VILLA PAEZ
140493600,J.DE INF. PQUIAL. SAN JOSE,Privado,Urbano,ALTO ALBERDI,CORDOBA,"[""0. Común - Inicial""]",-31.407,-64.2227,ALTO ALBERDI
140496900,J.DE INF. REPUBLICA DE ECUADOR,Estatal,Urbano,RESIDENCIAL SAN ROQUE,CORDOBA,"[""0. Común - Inicial""]",-31.4232,-64.2428,LOS GRANADOS
140497400,J.DE INF. EGIDIO CERRITO (EX S/N. DE Bº CHINGOLO I),Estatal,Urbano,CHINGOLO I,CORDOBA,"[""0. Común - Inicial""]",-31.3432,-64.1666,LOS CHINGOLOS
140497800,ESCUELA MARIA SALEME DE Bº CIUDAD DE MIS SUEÑOS,Estatal,Urbano,CIUDAD DE MIS SUEÑOS,CORDOBA,"[""1. Común - Primario""]",-31.477,-64.0858,CIUDAD DE MIS SUENOS
140498000,J.DE INF. SAN ROQUE,Privado,Urbano,VILLA CORINA,CORDOBA,"[""0. Común - Inicial""]",-31.3778,-64.1432,VILLA CORINA
140498100,ESCUELA JUAN DOMINGO PERON ,Estatal,Urbano,CIUDAD EVITA,CORDOBA,"[""1. Común - Primario""]",-31.4493,-64.11,CIUDAD EVITA
140498600,J.DE INF. JULIA ARGENTINA PEÑALOZA DE COUZO,Estatal,Urbano,CIUDAD DE MIS SUEÑOS,CORDOBA,"[""0. Común - Inicial""]",-31.477,-64.0855,CIUDAD DE MIS SUENOS
140498700,J.DE INF. VICEGOBERNADOR ATILIO LOPEZ DE Bº CIUDAD EVITA,Estatal,Urbano,CIUDAD EVITA,CORDOBA,"[""0. Común - Inicial""]",-31.4494,-64.1093,CIUDAD EVITA
140499000,INST. SUP. AZAFRAN -ESC.SUP. DE GASTRONOMIA,Privado,Urbano,INDEPENDENCIA,CORDOBA,"[""3. Común - Superior""]",-31.4051,-64.1879,DUCASSE
140500000,INSTITUTO SUPERIOR DE DISEÑO Y ARTE,Privado,Urbano,CENTRO,CORDOBA,"[""3. Común - Superior""]",-31.4162,-64.1825,CENTRO
140500700,ESCUELA ELPIDIO TORRES,Estatal,Urbano,S.M.A.T.A.,CORDOBA,"[""1. Común - Primario""]",-31.4525,-64.2225,SMATA
140500800,J.DE INF. INMACULADA CONCEPCION,Privado,Urbano,SAN MARTIN,CORDOBA,"[""0. Común - Inicial""]",-31.3932,-64.2025,BAJO GALAN
140501200,ESCUELA MAESTRO MOYANO (EX ESC S/N° DE B° CHINGOLO I),Estatal,Urbano,CHINGOLO I,CORDOBA,"[""1. Común - Primario""]",-31.3439,-64.1656,LOS CHINGOLOS
140501400,J.DE INF. SAN JERONIMO,Privado,Urbano,ALTO ALBERDI,CORDOBA,"[""0. Común - Inicial""]",-31.4035,-64.2098,VILLA PAEZ
140501500,J.DE INF. MODELO DE JUEGO Y DEPORTES RACING,Privado,Urbano,NUEVA ITALIA,CORDOBA,"[""0. Común - Inicial""]",-31.3889,-64.1429,PARQUE MONTECRISTO
140501600,INSTITUTO PQUIAL. NUESTRA SEÑORA DEL CARMEN - NIVEL INICIAL,Privado,Urbano,ALTA CORDOBA,CORDOBA,"[""0. Común - Inicial""]",-31.3816,-64.1835,LA FRATERNIDAD
140501700,INST. SUP. JUAN ZORRILLA DE SAN MARTIN,Privado,Urbano,CERRO DE LAS ROSAS,CORDOBA,"[""3. Común - Superior""]",-31.3758,-64.2389,VALLE DEL CERRO
140502100,J.DE INF. PADRE SEBASTIAN RAGGI,Privado,Urbano,PUEYRREDON,CORDOBA,"[""0. Común - Inicial""]",-31.4027,-64.1647,GENERAL PUEYRREDON
140502600,J.DE INF. GRACIELA CABAL (Bº 2 DE MAYO),Estatal,Urbano,COOPERATIVA 2 DE MAYO,CORDOBA,"[""0. Común - Inicial""]",-31.3181,-64.2566,CONSORCIO 16 DE NOVIEMBRE
140502800,ESCUELA ARTEMIO ARAN (EX-S/N. DE Bº COOP.2 DE MAYO),Estatal,Urbano,COOPERATIVA 2 DE MAYO,CORDOBA,"[""1. Común - Primario""]",-31.3188,-64.2541,CONSORCIO 16 DE NOVIEMBRE
140502900,J.DE INF. EDITH VERA (Bº ZEPA),Estatal,Urbano,ZEPA A Y B,CORDOBA,"[""0. Común - Inicial""]",-31.3898,-64.1053,ZEPA
140503000,ESCUELA JUANA AZURDUY ,Estatal,Urbano,ZEPA A Y B,CORDOBA,"[""1. Común - Primario""]",-31.3898,-64.1053,ZEPA
140503700,ESCUELA DR. CARLOS TAGLE ACHAVAL (Bº C. DE LOS CUARTETOS),Estatal,Urbano,29 DE MAYO,CORDOBA,"[""1. Común - Primario""]",-31.3708,-64.1253,RESIDENCIAL SAN JORGE
140503800,J.DE INF. PABLO NERUDA,Estatal,Urbano,29 DE MAYO,CORDOBA,"[""0. Común - Inicial""]",-31.4813,-64.2345,EL CABILDO
140503900,J.DE INF. GABRIEL TABORIN,Privado,Urbano,CRISOL NORTE,CORDOBA,"[""0. Común - Inicial""]",-31.4263,-64.1727,CRISOL NORTE
140504100,J.DE INF. SAN RAMON NONATO,Privado,Urbano,ALTOS GRAL PAZ,CORDOBA,"[""0. Común - Inicial""]",-31.4106,-64.1572,PATRIA
140504200,J.DE INF. ADELA ZAMUDIO (EX-V.FORESTIERI),Estatal,Urbano,VILLA EL LIBERTADOR,CORDOBA,"[""0. Común - Inicial""]",-31.4806,-64.2246,VILLA EL LIBERTADOR
140504300,ESCUELA PROFESOR OSCAR RAUL MALVASIO,Estatal,Urbano,CIUDAD OBISPO ANGELELLI,CORDOBA,"[""1. Común - Primario""]",-31.5006,-64.1926,CIUDAD OBISPO ANGELELLI
140504400,J.DE INF. MONSEÑOR ENRIQUE ANGELELLI,Estatal,Urbano,CIUDAD OBISPO ANGELELLI,CORDOBA,"[""0. Común - Inicial""]",-31.5055,-64.1942,CIUDAD OBISPO ANGELELLI
140505400,ESCUELA MARTA JUANA GONZALEZ,Estatal,Urbano,VILLA EL LIBERTADOR,CORDOBA,"[""1. Común - Primario""]",-31.4686,-64.2178,LOS OLMOS SUD
140505500,ESCUELA CLARA BEATRIZ ALTAMIRANO,Estatal,Urbano,VILLA RETIRO  ANEXO,CORDOBA,"[""1. Común - Primario""]",-31.348,-64.1451,CIUDAD VILLA RETIRO
140505600,J.DE INF. VOLUNTARIADO ARGENTINO,Estatal,Urbano,CIUDAD VILLA RETIRO ANEXO,CORDOBA,"[""0. Común - Inicial""]",-31.3487,-64.1435,CIUDAD VILLA RETIRO
140505700,J.DE INF. PEREGRINOS DE LA PAZ,Estatal,Urbano,CIUDAD JUAN PABLO II,CORDOBA,"[""0. Común - Inicial""]",-31.364,-64.1534,AMPLIACION LOS ALAMOS
140505800,ESCUELA PADRE CARLOS MUJICA,Estatal,Urbano,CIUDAD JUAN PABLO II,CORDOBA,"[""1. Común - Primario""]",-31.364,-64.1532,AMPLIACION LOS ALAMOS
140505900,J.DE INF. NIÑOS DEPORTISTAS,Privado,Urbano,ALTO ALBERDI,CORDOBA,"[""0. Común - Inicial""]",-31.4135,-64.2151,OBRERO
140506200,COLEGIO SAN AGUSTIN,Privado,Urbano,COLON,CORDOBA,"[""1. Común - Primario""]",-31.4374,-64.152,COLON
140519700,JARDIN MUNICIPAL ARCO IRIS,Estatal,Urbano,VILLA EL LIBERTADOR,CORDOBA,"[""0. Común - Inicial""]",-31.4812,-64.211,CARBO
140508400,"INST. SUP. R.E.T.( RESCATE, EMERGENCIA Y TRAUMA)",Privado,Urbano,NUEVA CORDOBA,CORDOBA,"[""3. Común - Superior""]",-31.4122,-64.1765,SIN BARRIO
140510100,INST. SEP SAN NICOLAS,Privado,Urbano,CENTRO,CORDOBA,"[""3. Común - Superior""]",-31.4133,-64.1781,SIN BARRIO
140510800,J.DE INF. PAULINO FRANCES,Estatal,Urbano,AMPLIACION FERREYRA,CORDOBA,"[""0. Común - Inicial""]",-31.4705,-64.1166,FERREYRA SEGUNDA SECCION
140510900,ESCUELA PAULINO FRANCES (B° CIUDAD BONITA),Estatal,Urbano,AMPLIACION FERREYRA,CORDOBA,"[""1. Común - Primario""]",-31.4703,-64.1166,FERREYRA SEGUNDA SECCION
140511700,J.DE INF. SAN AGUSTIN,Privado,Urbano,COLON,CORDOBA,"[""0. Común - Inicial""]",-31.4374,-64.152,COLON
140512000,ESCUELA CEFERINO NAMUNCURA (EX-ANEXO DR. BENITO SORIA),Estatal,Urbano,SANTA ISABEL 3º SECCION,CORDOBA,"[""1. Común - Primario""]",-31.4788,-64.2423,SANTA ISABEL SECCION 3
140512100,ESCUELA JUAN PABLO II (EX-ANEXO JOSE AGUIRRE CAMARA),Estatal,Urbano,AMPLIACION LAS PALMAS,CORDOBA,"[""1. Común - Primario""]",-31.4125,-64.2402,LAS PALMAS ANEXO
140512200,NAZARENO CRUCIANELLI,Estatal,Urbano,BAJO GRANDE,CORDOBA,"[""0. Común - Inicial""]",-31.4006,-64.1099,ZEPA
140512300,J.DE INF. JUAN PABLO II,Estatal,Urbano,AMPLIACION LAS PALMAS,CORDOBA,"[""0. Común - Inicial""]",-31.4125,-64.2402,LAS PALMAS ANEXO
140519800,JARDIN MUNICIPAL AYUDA MUTUA,Estatal,Urbano,BELLA VISTA,CORDOBA,"[""0. Común - Inicial""]",-31.4303,-64.1974,CACERES
140512900,J.DE INF. GRACIELA DEL RIO,Estatal,Urbano,AMPLIACION CABILDO,CORDOBA,"[""0. Común - Inicial""]",-31.4815,-64.227,VILLA EL LIBERTADOR
140513100,ESCUELA DE SUBOFICIALES Y AGENTES GRAL MANUEL BELGRANO,Estatal,Urbano,VILLA RETIRO,CORDOBA,"[""3. Común - Superior""]",-31.3579,-64.1353,CIUDAD DE LOS CUARTETOS
140513400,J.DE INF. JESUS MARIA,Privado,Urbano,AVENIDA,CORDOBA,"[""0. Común - Inicial""]",-31.4294,-64.219,AVENIDA
140514800,INST. SUP. DR. ENRIQUE PICHON RIVIERE,Privado,Urbano,CENTRO,CORDOBA,"[""3. Común - Superior""]",-31.4201,-64.1796,CENTRO
140515700,"ESCUELA HOSPITALARIA Y DOMICILIARIA ""SEMILLAS DEL CORAZON""",Privado,Urbano,SAN MARTIN,CORDOBA,"[""5. Hospitalaria""]",-31.3995,-64.1974,PROVIDENCIA
140516100,J.DE INF. NUESTRA SEÑORA DE ITATI,Privado,Urbano,VILLA PAEZ,CORDOBA,"[""0. Común - Inicial""]",-31.397,-64.2052,VILLA PAEZ
140516300,J.DE INF. GARCIA FAURE,Privado,Urbano,ALTA CORDOBA,CORDOBA,"[""0. Común - Inicial""]",-31.3961,-64.1881,INDEPENDENCIA
140516400,J.DE INF. SAN JOSE OBRERO,Privado,Urbano,VILLA EL LIBERTADOR,CORDOBA,"[""0. Común - Inicial""]",-31.4783,-64.2157,VILLA EL LIBERTADOR
140516700,J.DE INF. MADRE TERESA DE CALCUTA (EX ANEXO JUAN RAMON JIMENEZ),Estatal,Urbano,LAS LILAS,CORDOBA,"[""0. Común - Inicial""]",-31.4445,-64.1338,LAS LILAS
140516800,J.DE INF. JORGE HONORIO PEYRANO,Estatal,Urbano,VILLA EL LIBERTADOR,CORDOBA,"[""0. Común - Inicial""]",-31.4803,-64.2108,CARBO
140516900,J.DE INF. MODESTA RODRIGUEZ ,Estatal,Urbano,U.O.C.R.A.,CORDOBA,"[""0. Común - Inicial""]",-31.323,-64.2637,UOCRA
140517000,JOSE MARIA PAZ,Estatal,Urbano,PATRICIOS,CORDOBA,"[""0. Común - Inicial""]",-31.3779,-64.1406,SANTA CLARA DE ASIS
140517300,J.DE INF. FERNANDO CHACARELLI,Estatal,Urbano,EL QUEBRACHO,CORDOBA,"[""0. Común - Inicial""]",-31.4771,-64.1431,VILLA CORONEL OLMEDO
140517500,COLEGIO EVA FRANCO,Privado,Urbano,VILLA RETIRO,CORDOBA,"[""1. Común - Primario""]",-31.3417,-64.1498,VILLA RETIRO
140517700,ESCUELA ADVENTISTA HECTOR RYHS,Privado,Urbano,OÑA,CORDOBA,"[""0. Común - Inicial"",""1. Común - Primario""]",-31.4485,-64.167,ONA
140518100,J.DE INF. JUAN PABLO II,Privado,Urbano,AMPLIACION 1° DE MAYO,CORDOBA,"[""0. Común - Inicial""]",-31.441,-64.114,AMPLIACION PRIMERO DE MAYO
140518200,COLEGIO SANTO DOMINGO,Privado,Urbano,CENTRO,CORDOBA,"[""0. Común - Inicial"",""1. Común - Primario""]",-31.4138,-64.18,SIN BARRIO
140518400,INSTITUTO SUPERIOR NUESTRA SEÑORA DEL VALLE,Privado,Urbano,CERRO DE LAS ROSAS,CORDOBA,"[""3. Común - Superior""]",-31.3603,-64.2395,LOS ANGELES
140518900,C.E.N.P.A. VILLA BUSTOS,Estatal,Urbano,VILLA BUSTOS,CORDOBA,"[""6. Jóvenes y Adultos - Primario""]",-31.4359,-64.1131,VILLA BUSTOS
140519300,CENTRO DE ALTOS ESTUDIOS ALBERT SABIN,Privado,Urbano,LAS PALMAS,CORDOBA,"[""3. Común - Superior""]",-31.3976,-64.2394,AMPLIACION LAS PALMAS
140519900,JARDIN MUNICIPAL BICHITO DE LUZ,Estatal,Urbano,REMEDIOS DE ESCALADA,CORDOBA,"[""0. Común - Inicial""]",-31.3379,-64.1809,GUINAZU SUD
140520000,JARDIN MUNICIPAL JUAN FELIX CAFFERATA,Estatal,Urbano,PUEYRREDON,CORDOBA,"[""0. Común - Inicial""]",-31.4009,-64.172,GENERAL PUEYRREDON
140520100,JARDIN MUNICIPAL CASITA DEL HORNERO,Estatal,Urbano,VILLA CORINA,CORDOBA,"[""0. Común - Inicial""]",-31.3772,-64.1476,VILLA CORINA
140520200,JARDIN MUNICIPAL CAPERUCITA ROJA,Estatal,Urbano,GENERAL BUSTOS,CORDOBA,"[""0. Común - Inicial""]",-31.3869,-64.1669,20 DE JUNIO
140520300,JARDIN MUNICIPAL CAPULLITOS,Estatal,Urbano,VILLA CORNU,CORDOBA,"[""0. Común - Inicial""]",-31.3163,-64.2673,POLICIAL
140520400,JARDIN MUNICIPAL CLEMENTE,Estatal,Urbano,EJERCITO ARGENTINO,CORDOBA,"[""0. Común - Inicial""]",-31.446,-64.1975,EJERCITO ARGENTINO
140520500,JARDIN MUNICIPAL COLORIN COLORADO,Estatal,Urbano,VILLA 9 DE JULIO,CORDOBA,"[""0. Común - Inicial""]",-31.3286,-64.2713,VILLA 9 DE JULIO
140520600,JARDIN MUNICIPAL CUSI HUAHITAS,Estatal,Urbano,CORONEL OLMEDO,CORDOBA,"[""0. Común - Inicial""]",-31.4794,-64.1425,VILLA CORONEL OLMEDO
140520700,JARDIN MUNICIPAL EL BARRILETE,Estatal,Urbano,U.O.C.R.A.,CORDOBA,"[""0. Común - Inicial""]",-31.3233,-64.2647,UOCRA
140520800,JARDIN MUNICIPAL EL PRINCIPITO,Estatal,Urbano,PANAMERICANO,CORDOBA,"[""0. Común - Inicial""]",-31.3676,-64.1826,AMPLIACION PANAMERICANO
140520900,JARDIN MUNICIPAL FRUTILLITAS,Estatal,Urbano,SANTA CECILIA,CORDOBA,"[""0. Común - Inicial""]",-31.3577,-64.2271,SANTA CECILIA
140521000,JARDIN MUNICIPAL GARABATOS,Estatal,Urbano,IPV ARGUELLO NORTE,CORDOBA,"[""0. Común - Inicial""]",-31.334,-64.2461,2 DE SEPTIEMBRE
140521100,JARDIN MUNICIPAL PRIMO GARCIA ELORRIO,Estatal,Urbano,SAN ROQUE,CORDOBA,"[""0. Común - Inicial""]",-31.4283,-64.2452,RESIDENCIAL SAN ROQUE
140521200,JARDIN MUNICIPAL HIJITUS,Estatal,Urbano,LA FRATERNIDAD,CORDOBA,"[""0. Común - Inicial""]",-31.3769,-64.1843,LA FRATERNIDAD
140521300,JARDIN MUNICIPAL HORMIGUITA VIAJERA,Estatal,Urbano,VILLA ALBERDI,CORDOBA,"[""0. Común - Inicial""]",-31.3919,-64.2348,VILLA ALBERDI
140521400,JARDIN MUNICIPAL JEROMITO,Estatal,Urbano,GUEMES,CORDOBA,"[""0. Común - Inicial""]",-31.4217,-64.1951,GUEMES
140521500,JARDIN MUNICIPAL IGNACIO GARZON,Estatal,Urbano,MALDONADO,CORDOBA,"[""0. Común - Inicial""]",-31.4041,-64.1322,MALDONADO
140521600,JARDIN MUNICIPAL JULIA SAURY,Estatal,Urbano,LOS SAUCES,CORDOBA,"[""0. Común - Inicial""]",-31.4625,-64.0992,LOS SAUCES
140521700,JARDIN MUNICIPAL LARGUIRUCHO,Estatal,Urbano,SUAREZ,CORDOBA,"[""0. Común - Inicial""]",-31.4421,-64.2115,FERRER
140521800,JARDIN MUNICIPAL LOS SIETE CABRITOS,Estatal,Urbano,OBSERVATORIO,CORDOBA,"[""0. Común - Inicial""]",-31.4202,-64.1974,OBSERVATORIO
140521900,JARDIN MUNICIPAL Dr.LUIS LEZAMA,Estatal,Urbano,ESTACION FLORES,CORDOBA,"[""0. Común - Inicial""]",-31.4135,-64.2483,LOS FILTROS
140522000,JARDIN MATERNAL MUNICIPAL MAFALDA,Estatal,Urbano,LAS VIOLETAS,CORDOBA,"[""0. Común - Inicial""]",-31.4101,-64.2476,LAS VIOLETAS
140522100,JARDIN MUNICIPAL MIGUEL OLIVER,Estatal,Urbano,LOS EUCALIPTUS,CORDOBA,"[""0. Común - Inicial""]",-31.4655,-64.0848,ITUZAINGO ANEXO
140522200,JARDIN MUNICIPAL PADRE A. MARTINEZ,Estatal,Urbano,ITUZAINGO,CORDOBA,"[""0. Común - Inicial""]",-31.4653,-64.0893,LOS EUCALIPTUS
140522300,JARDIN MUNICIPAL PALACIOS HIDALGO,Estatal,Urbano,NICOLAS AVELLANEDA,CORDOBA,"[""0. Común - Inicial""]",-31.4621,-64.1036,NICOLAS AVELLANEDA
140522400,JARDIN MUNICIPAL PETETE,Estatal,Urbano,POETA LUGONES,CORDOBA,"[""0. Común - Inicial""]",-31.3625,-64.2114,POETA LUGONES
140522500,JARDIN MUNICIPAL PORTAL DE BELEN,Estatal,Urbano,MALDONADO,CORDOBA,"[""0. Común - Inicial""]",-31.4141,-64.1315,MALDONADO
140522600,JARDIN MUNICIPAL RAYITO DE SOL,Estatal,Urbano,LOS PLATANOS,CORDOBA,"[""0. Común - Inicial""]",-31.4226,-64.2324,LOS PLATANOS
140522700,JARDIN MUNICIPAL RUIDITOS,Estatal,Urbano,SAN JORGE,CORDOBA,"[""0. Común - Inicial""]",-31.3724,-64.1339,RESIDENCIAL ARAGON
140522800,JARDIN MATERNAL MUNICIPAL SUEÑO DE COLORES,Estatal,Urbano,PUEYRREDON,CORDOBA,"[""0. Común - Inicial""]",-31.401,-64.1547,HOGAR PROPIO
140523100,JARDIN MUNICIPAL TRAVESURAS,Estatal,Urbano,VILLA ALLENDE PARQUE,CORDOBA,"[""0. Común - Inicial""]",-31.3137,-64.2838,VILLA ALLENDE PARQUE
140523200,JARDIN MUNICIPAL TRINIDAD MORENO,Estatal,Urbano,URQUIZA,CORDOBA,"[""0. Común - Inicial""]",-31.4394,-64.2376,TENIENTE BENJAMIN MATIENZO
140524100,J.DE INF. MATEO JOSE LUQUE,Estatal,Urbano,YOFRE NORTE,CORDOBA,"[""0. Común - Inicial""]",-31.3848,-64.1343,YOFRE NORTE
140524500,J.DE INF. FRANCISCO LUIS BERNARDEZ,Privado,Urbano,CERRO DE LAS ROSAS,CORDOBA,"[""0. Común - Inicial""]",-31.3808,-64.2291,ALTO PALERMO
140524900,J. DE INF. DE B° SOL NACIENTE,Estatal,Urbano,SOL NACIENTE,CORDOBA,"[""0. Común - Inicial""]",-31.3224,-64.2423,ARGUELLO II
140525000,ESC. NORMA QUARTINO,Estatal,Urbano,LA FLORESTA,CORDOBA,"[""1. Común - Primario""]",-31.3942,-64.0608,LA FLORESTA
140525100,J. DE INF. DR. LAUREANO MARADONA,Estatal,Urbano,LA FLORESTA,CORDOBA,"[""0. Común - Inicial""]",-31.3942,-64.0608,LA FLORESTA
140528300,J. DE INF. MANUEL CALVIÑO,Estatal,Urbano,LOS BOULEVARES ANEXO,CORDOBA,"[""0. Común - Inicial""]",-31.3528,-64.2197,AMPLIACION POETA LUGONES
140528400,ESCUELA DRA. LILIANA BEATRIZ SARMIENTO HERRERA,Estatal,Urbano,LOS BOULEVARES ANEXO,CORDOBA,"[""1. Común - Primario""]",-31.3505,-64.2185,LOS BOULEVARES
140528700,J. DE INF. MONSEÑOR FERMIN LAFITTE,Privado,Urbano,LOS PARAISOS,CORDOBA,"[""0. Común - Inicial""]",-31.3848,-64.1957,LOS PARAISOS
140529900,J. DE INF. MARÍA ELENA WALSH,Estatal,Urbano,HEROES DE MALVINAS,CORDOBA,"[""0. Común - Inicial""]",-31.3994,-64.2066,VILLA PAEZ
140531000,COLEGIO TECNOLOGICO ISAAC NEWTON,Privado,Urbano,VILLA WARCALDE,CORDOBA,"[""1. Común - Primario""]",-31.3422,-64.2949,VILLA WARCALDE
140531200,ESCUELA DEL BICENTENARIO,Estatal,Urbano,HEROES DE MALVINAS,CORDOBA,"[""1. Común - Primario""]",-31.4771,-64.2527,SAN LUIS DE FRANCIA
140531300,ESCUELA HOSPITALARIA ATRAPASUEÑOS,Estatal,Urbano,CRISOL NORTE,CORDOBA,"[""5. Hospitalaria""]",-31.3994,-64.2066,VILLA PAEZ
140532300,J.DE INF. PADRE CLARET,Privado,Urbano,PADRE CLARET,CORDOBA,"[""0. Común - Inicial""]",-31.3577,-64.2391,LOS ANGELES
140532600,INSTITUTO SUPERIOR DE FORMACIÓN DOCENTE DR. ANTONIO NORES,Privado,Urbano,SANTA CLARA DE ASIS,CORDOBA,"[""3. Común - Superior""]",-31.381,-64.1383,SANTA CLARA DE ASIS
140532700,JOSE GABRIEL CONDORCANQUI - TUPAC AMARU II,Estatal,Urbano,AMPLIACION LOS GIGANTES ANEXO,CORDOBA,"[""1. Común - Primario""]",-31.3663,-64.1634,IPV ANEXO LOS GIGANTES
140533000,J.DE INF. CEFERINO NAMUNCURA,Estatal,Urbano,SANTA ISABEL 3RA. SECCION,CORDOBA,"[""0. Común - Inicial""]",-31.4785,-64.2429,SANTA ISABEL SECCION 3
140533400,J.DE INF. SANTA ANA,Privado,Urbano,ARGUELLO,CORDOBA,"[""0. Común - Inicial""]",-31.3387,-64.2598,ARGUELLO
140534800,INSTITUTO PRIMARIO EMPALME,Privado,Urbano,EMPALME,CORDOBA,"[""1. Común - Primario""]",-31.4298,-64.1285,AMPLIACION EMPALME
140535000,INST. TEC. SUP. LAS ARRIAS,Estatal,Urbano,CENTRO,CORDOBA,"[""3. Común - Superior""]",-31.4083,-64.188,DUCASSE
140535100,INST. DE ED.ESPECIAL NUESTRA SEÑORA DE ITATI,Privado,Urbano,PARQUE LICEO 1RA. SECCION,CORDOBA,"[""4. Especial""]",-31.3417,-64.1498,VILLA RETIRO
140535300,KUMELEN,Privado,Urbano,NUEVA CORDOBA,CORDOBA,"[""0. Común - Inicial""]",-31.4255,-64.1752,PARQUE SARMIENTO
140535400,J. DE INF. INSTITUTO EDUCATIVO ALTA CORDOBA,Privado,Urbano,ALTA CORDOBA,CORDOBA,"[""0. Común - Inicial""]",-31.3849,-64.1809,ALTA CORDOBA
140538400,J.DE INF. INSTITUTO NIÑOS ARGENTINOS,Privado,Urbano,JARDIN ESPINOSA,CORDOBA,"[""0. Común - Inicial""]",-31.4519,-64.1752,JARDINES DEL JOCKEY
140538700,MARINA MARGARITA RAVIOLI,Estatal,Urbano,CERVECEROS,CORDOBA,"[""0. Común - Inicial""]",-31.4639,-64.1602,CERVECEROS
140539200,JARDIN MUNICIPAL ARROZ con LECHE,Estatal,Urbano,CABILDO,CORDOBA,"[""0. Común - Inicial""]",-31.4718,-64.2348,SANTA ISABEL SECCION 1
140540100,AGRO ESCUELA SUPERIOR PRIVADA CORDOBA,Privado,Urbano,NUEVA CORDOBA,CORDOBA,"[""3. Común - Superior""]",-31.4412,-64.1853,CIUDAD UNIVERSITARIA
140540200,J.DE INF.INGENIERO REGINO MANUEL MADERS,Estatal,Urbano,SAN FELIPE,CORDOBA,"[""0. Común - Inicial""]",-31.454,-64.1273,23 DE ABRIL
140540600,PARROQUIAL SAN JOSE ARTESANO,Privado,Urbano,LOS OLMOS,CORDOBA,"[""0. Común - Inicial"",""1. Común - Primario""]",-31.4564,-64.2133,PARQUE LATINO
140541900,J.DE INF. INSTITUCION ESCUTI,Privado,Urbano,LAS ROSAS,CORDOBA,"[""0. Común - Inicial""]",-31.3902,-64.2302,LAS ROSAS
140544102,INSTITUTO TECNICO SUPERIOR CORDOBA - ANEXO EXTENSION AULICA B° OBSERVATORIO,Estatal,Urbano,OBSERVATORIO,CORDOBA,"[""3. Común - Superior""]",-31.4188,-64.2,PASO DE LOS ANDES
140544100,INSTITUTO TECNICO SUPERIOR CORDOBA,Estatal,Urbano,ALTO ALBERDI,CORDOBA,"[""3. Común - Superior""]",-31.409,-64.2056,QUINTA SANTA ANA
140544900,COLEGIO JOCKEY CLUB CORDOBA,Privado,Urbano,JARDIN HIPODROMO,CORDOBA,"[""1. Común - Primario""]",-31.4559,-64.1866,VILLA SAN ISIDRO
140545100,COLEGIO PRIVADO SAN ISIDRO,Privado,Urbano,PARQUE FUTURA,CORDOBA,"[""0. Común - Inicial"",""1. Común - Primario""]",-31.4867,-64.2474,KAIROS
140544105,INSTITUTO TECNICO SUPERIOR CORDOBA - ANEXO EXTENSION AULICA B° LA FRANCE,Estatal,Urbano,LA FRANCE,CORDOBA,"[""3. Común - Superior""]",-31.3742,-64.2078,LA FRANCE
140546800,"CENTRO DE CAPACITACION LABORAL Y FORMACION PROFESIONAL ""CORDOBA""",Estatal,Urbano,CENTRO,CORDOBA,"[""9. Formación Profesional""]",-31.4083,-64.188,DUCASSE
140546801,"CENTRO DE CAPACITACION LABORAL Y FORMACION PROFESIONAL ""CORDOBA"" ANEXO AULA TALLER MOVIL 1",Estatal,Urbano,CENTRO,CORDOBA,"[""9. Formación Profesional""]",-31.4083,-64.188,DUCASSE
140546802,"CENTRO DE CAPACITACION LABORAL Y FORMACION PROFESIONAL ""CORDOBA"" ANEXO AULA TALLER MOVIL 2",Estatal,Urbano,CENTRO,CORDOBA,"[""9. Formación Profesional""]",-31.4083,-64.188,DUCASSE
140546826,"CENTRO DE CAPACITACION LABORAL Y FORMACION PROFESIONAL ""CORDOBA"" ANEXO AULA TALLER MOVIL III",Estatal,Urbano,CENTRO,CORDOBA,"[""9. Formación Profesional""]",-31.4084,-64.188,DUCASSE
140546827,"CENTRO DE CAPACITACION LABORAL Y FORMACION PROFESIONAL ""CORDOBA"" ANEXO AULA TALLER MOVIL IV",Estatal,Urbano,CENTRO,CORDOBA,"[""9. Formación Profesional""]",-31.4084,-64.188,DUCASSE
140546828,"CENTRO DE CAPACITACION LABORAL Y FORMACION PROFESIONAL ""CORDOBA"" ANEXO AULA TALLER MOVIL V",Estatal,Urbano,CENTRO,CORDOBA,"[""9. Formación Profesional""]",-31.4084,-64.188,DUCASSE
140546829,"CENTRO DE CAPACITACION LABORAL Y FORMACION PROFESIONAL ""CORDOBA"" ANEXO AULA TALLER MOVIL VI",Estatal,Urbano,CENTRO,CORDOBA,"[""9. Formación Profesional""]",-31.4084,-64.188,DUCASSE
140546830,"CENTRO DE CAPACITACION LABORAL Y FORMACION PROFESIONAL ""CORDOBA"" ANEXO AULA TALLER MOVIL VII",Estatal,Urbano,CENTRO,CORDOBA,"[""9. Formación Profesional""]",-31.4084,-64.188,DUCASSE
140546831,"CENTRO DE CAPACITACION LABORAL Y FORMACION PROFESIONAL ""CORDOBA"" ANEXO AULA TALLER MOVIL VIII",Estatal,Urbano,CENTRO,CORDOBA,"[""9. Formación Profesional""]",-31.4084,-64.188,DUCASSE
140546833,"CENTRO DE CAPACITACION LABORAL Y FORMACION PROFESIONAL ""CORDOBA"" ANEXO PARQUE EDUCATIVO SUR",Estatal,Urbano,CONGRESO,CORDOBA,"[""9. Formación Profesional""]",-31.467,-64.2345,CONGRESO
140546834,"CENTRO DE CAPACITACION LABORAL Y FORMACION PROFESIONAL ""CORDOBA"" ANEXO PARQUE EDUCATIVO NORTE",Estatal,Urbano,MARQUES DE SOBREMONTE-ANEXO,CORDOBA,"[""9. Formación Profesional""]",-31.3717,-64.1939,MARQUES ANEXO
140546835,"CENTRO DE CAPACITACION LABORAL Y FORMACION PROFESIONAL ""CORDOBA"" ANEXO PARQUE EDUCATIVO ESTE",Estatal,Urbano,CAMPO DE LA RIBERA,CORDOBA,"[""9. Formación Profesional""]",-31.4113,-64.1369,MAULLER
140546836,"CENTRO DE CAPACITACION LABORAL Y FORMACION PROFESIONAL ""CORDOBA"" ANEXO PARQUE EDUCATIVO SURESTE  ",Estatal,Urbano,AVELLANEDA,CORDOBA,"[""9. Formación Profesional""]",-31.4631,-64.1039,NICOLAS AVELLANEDA
140546837,"CENTRO DE CAPACITACION LABORAL Y FORMACION PROFESIONAL ""CORDOBA"" ANEXO PARQUE EDUCATIVO NOROESTE",Estatal,Urbano,VILLA PARQUE ALLENDE,CORDOBA,"[""9. Formación Profesional""]",-31.3155,-64.2858,VILLA ALLENDE PARQUE
140546838,"CENTRO DE CAPACITACION LABORAL Y FORMACION PROFESIONAL ""CORDOBA"" ANEXO AULA TALLER MOVIL IX",Estatal,Urbano,CENTRO,CORDOBA,"[""9. Formación Profesional""]",-31.4085,-64.1881,DUCASSE
140546840,"CENTRO DE CAPACITACION LABORAL Y FORMACION PROFESIONAL ""CORDOBA"" ANEXO INSTITUTO DE FORMACION PROFESIONAL 107",Estatal,Urbano,FERROVIARIO MITRE,CORDOBA,"[""9. Formación Profesional""]",-31.4336,-64.1411,ALTOS SUD DE SAN VICENTE
140546841,"CENTRO DE CAPACITACION LABORAL Y FORMACION PROFESIONAL ""CORDOBA"" ANEXO PARQUE EDUCATIVO ESTACION FLORES PAPA FRANCISCO",Estatal,Urbano,ESTACIÓN FLORES,CORDOBA,"[""9. Formación Profesional""]",-31.4509,-64.248,ESTACION FLORES
140546842,"CENTRO DE CAPACITACION LABORAL Y FORMACION PROFESIONAL ""CORDOBA"" ANEXO CENTRO DE ENCUENTRO BARRIAL VILLA INES",Estatal,Urbano,VILLA INES,CORDOBA,"[""9. Formación Profesional""]",-31.4076,-64.1408,PARQUE DEL ESTE
140546843,"CENTRO DE CAPACITACION LABORAL Y FORMACION PROFESIONAL ""CORDOBA"" ANEXO CENTRO DE ENCUENTRO BARRIAL COMUNIDAD RENO",Estatal,Urbano,B°COMUNIDAD RENO,CORDOBA,"[""9. Formación Profesional""]",-31.4625,-64.2466,SAN PEDRO NOLASCO
140546844,"CENTRO DE CAPACITACION LABORAL Y FORMACION PROFESIONAL ""CORDOBA"" ANEXO CENTRO DE ENCUENTRO BARRIAL CAPDEVILA",Estatal,Urbano,ARTURO CAPDEVILLA,CORDOBA,"[""9. Formación Profesional""]",-31.3755,-64.1332,ARTURO CAPDEVILA
140546845,"CENTRO DE CAPACITACION LABORAL Y FORMACION PROFESIONAL ""CORDOBA"" ANEXO CENTRO DE ENCUENTRO BARRIAL MERCANTIL",Estatal,Urbano,MERCANTIL,CORDOBA,"[""9. Formación Profesional""]",-31.3206,-64.2562,CONSORCIO 16 DE NOVIEMBRE
140546846,"CENTRO DE CAPACITACION LABORAL Y FORMACION PROFESIONAL ""CORDOBA"" ANEXO CENTRO DE ENCUENTRO BARRIAL LA TELA",Estatal,Urbano,VILLA LA TELA ,CORDOBA,"[""9. Formación Profesional""]",-31.4313,-64.243,RESIDENCIAL SAN ROQUE
140546900,J. DE INF. LUZ VIEIRA MENDEZ,Privado,Urbano,CERRO DE LAS ROSAS,CORDOBA,"[""0. Común - Inicial""]",-31.3752,-64.224,ALTO PALERMO
140548000,FLORENCIO SANCHEZ,Estatal,Urbano,EL GATEADO,CORDOBA,"[""0. Común - Inicial""]",-31.3236,-64.1191,SAN RAMON
140549400,J.DE INF. PAULA MONTAL,Privado,Urbano,VILLA URQUIZA,CORDOBA,"[""0. Común - Inicial""]",-31.3928,-64.2377,VILLA ALBERDI
140551700,INSTITUTO PRIVADO MARIA IGNACIA NAVARRO DE LABAT,Privado,Urbano,SAN VICENTE,CORDOBA,"[""0. Común - Inicial""]",-31.4258,-64.1583,MAIPU SECCION 2
140552000,J.DE INF. MARIA ELENA WALSH,Estatal,Urbano,VILLA AZALAIS ESTE,CORDOBA,"[""0. Común - Inicial""]",-31.3733,-64.1524,VILLA AZALAIS
140553200,CENTRO DE EDUCACION ACTIVA JOHN DEWEY,Privado,Urbano,VILLA RIVERA INDARTE,CORDOBA,"[""1. Común - Primario""]",-31.3317,-64.2903,RIVERA INDARTE
140553600,ESCUELA TERAPEUTICA PEDAGOGICA ROBERT Y ROSINE LEFORT,Privado,Urbano,VALLE DEL CERRO,CORDOBA,"[""4. Especial""]",-31.3703,-64.2407,VALLE DEL CERRO
140553900,J.DE INF. CENTRO EDUCATIVO MAIMONIDES,Privado,Urbano,PADRE CLARET,CORDOBA,"[""0. Común - Inicial""]",-31.3562,-64.2393,PADRE CLARET
140554000,INSTITUTO SUPERIOR DE ESTUDIOS PEDAGOGICOS,Estatal,Urbano,SAN VICENTE,CORDOBA,"[""3. Común - Superior""]",-31.4242,-64.1682,CRISOL NORTE
140555400,J.DE INF. 25 DE MAYO,Privado,Urbano,CENTRO,CORDOBA,"[""0. Común - Inicial""]",-31.4117,-64.1838,CENTRO
140555600,J.DE INF. NACIONES UNIDAS,Estatal,Urbano,REMEDIOS DE ESCALADA,CORDOBA,"[""0. Común - Inicial""]",-31.3385,-64.1791,GUINAZU SUD
140556300,J.DE INF.SAN ANTONIO DE PADUA,Privado,Urbano,SAN VICENTE,CORDOBA,"[""0. Común - Inicial""]",-31.4225,-64.1573,SAN VICENTE
140556600,J.DE INF. SANTISIMA TRINIDAD,Privado,Urbano,SAN RAFAEL,CORDOBA,"[""0. Común - Inicial""]",-31.4228,-64.2222,SAN RAFAEL
140557800,INSTITUTO TECNOLOGICO ISAAC NEWTON,Privado,Urbano,VILLA WARCALDE,CORDOBA,"[""0. Común - Inicial""]",-31.3422,-64.2949,VILLA WARCALDE
140557900,INSTITUTO NUESTRA SEÑORA DEL VALLE,Privado,Urbano,VILLA LOS ANGELES,CORDOBA,"[""0. Común - Inicial""]",-31.3603,-64.2395,LOS ANGELES
140558000,INSTITUTO SUPERIOR DE FORMACION DOCENTE CALASANZ,Privado,Urbano,CENTRO,CORDOBA,"[""3. Común - Superior""]",-31.4157,-64.195,PASO DE LOS ANDES
140558100,COLEGIO JOCKEY CLUB CORDOBA,Privado,Urbano,JARDIN,CORDOBA,"[""0. Común - Inicial""]",-31.4557,-64.1866,VILLA SAN ISIDRO
140559300,C.E.N.P.A. ASIMRA,Estatal,Urbano,GUEMES,CORDOBA,"[""6. Jóvenes y Adultos - Primario""]",-31.4213,-64.1756,SIN BARRIO
140560000,J.DE INF. GUSTAVO ROLDAN (EX ANEXO JOSE MANUEL ESTRADA),Estatal,Urbano,VILLA RIVADAVIA,CORDOBA,"[""0. Común - Inicial""]",-31.5134,-64.1908,VILLA RIVADAVIA
140560700,MARIANO FRAGUEIRO,Estatal,Urbano,SAN VICENTE,CORDOBA,"[""0. Común - Inicial""]",-31.425,-64.1415,PARQUE SAN VICENTE
140560800,ESCUELA ESPECIAL EL BARRILETE,Estatal,Urbano,CIUDAD UNIVERSITARIA,CORDOBA,"[""4. Especial""]",-31.4411,-64.1934,CIUDAD UNIVERSITARIA
140560900,J.DE INF. NUESTRA MADRE DE LA MERCED,Privado,Urbano,ALTA CORDOBA,CORDOBA,"[""0. Común - Inicial""]",-31.3877,-64.1838,ALTA CORDOBA
140561500,J.DE INF. SAN JOSE,Privado,Urbano,CENTRO,CORDOBA,"[""0. Común - Inicial""]",-31.4195,-64.1856,CENTRO
140563400,INSTITUTO JUAN PABLO II,Privado,Urbano,AMPLIACION 1° DE MAYO,CORDOBA,"[""1. Común - Primario""]",-31.441,-64.114,AMPLIACION PRIMERO DE MAYO
140563700,J.DE INF. SAN JOSE S.R.L.,Privado,Urbano,ALTO ALBERDI,CORDOBA,"[""0. Común - Inicial""]",-31.4177,-64.2108,CASEROS
140563900,KUMELEN SAN CARLOS,Privado,Urbano,SAN CARLOS,CORDOBA,"[""0. Común - Inicial""]",-31.5096,-64.1725,EL VIEJO ALGARROBO
140564600,CIFIL SALVADOR DECIMO CAMPOLI,Estatal,Urbano,SANTA ISABEL 2DA. SECCION,CORDOBA,"[""9. Formación Profesional""]",-31.48,-64.2351,SANTA ISABEL SECCION 2
140564700,CIFIL QUINTAS DE ARGUELLO,Estatal,Urbano,QUINTAS DE ARGUELLO,CORDOBA,"[""9. Formación Profesional""]",-31.3366,-64.2698,QUINTAS DE ARGUELLO
140565400,J.DE INF. LA PRIMERA ENSEÑANZA,Privado,Urbano,ALBERDI,CORDOBA,"[""0. Común - Inicial""]",-31.4062,-64.1994,ALBERDI
140566300,ESCUELA XUL SOLAR,Privado,Urbano,ALTO VERDE,CORDOBA,"[""0. Común - Inicial"",""1. Común - Primario""]",-31.3694,-64.218,CERRO CHICO
140566500,INSTITUTO PRIVADO EMPALME,Privado,Urbano,ALTAMIRA,CORDOBA,"[""0. Común - Inicial""]",-31.4294,-64.1315,ALTAMIRA
140566900,J.de INF. EVA FRANCO,Privado,Urbano,VILLA RETIRO,CORDOBA,"[""0. Común - Inicial""]",-31.3418,-64.1499,VILLA RETIRO
140567100,J. DE INF. ALAN TURING,Privado,Urbano,ARGUELLO,CORDOBA,"[""0. Común - Inicial""]",-31.3459,-64.2842,EL REFUGIO
140567300,INST. SUP. ASOCIACION CIVIL ODONTOLOGICA CORDOBA,Privado,Urbano,CENTRO,CORDOBA,"[""3. Común - Superior""]",-31.4177,-64.1822,CENTRO
140570900,INSTITUTO VITTORINO DA FELTRE,Privado,Urbano,ALTA CORDOBA,CORDOBA,"[""0. Común - Inicial"",""1. Común - Primario""]",-31.3877,-64.1811,ALTA CORDOBA
140572200,J. DE INF. NUESTRA SEÑORA DE NIEVA,Privado,Urbano,GUEMES,CORDOBA,"[""0. Común - Inicial""]",-31.4197,-64.1918,CENTRO
140572400,J.DE INF.S/N DE B° LOS GIGANTES ANEXO,Estatal,Urbano,AMPLIACION LOS GIGANTES ANEXO,CORDOBA,"[""0. Común - Inicial""]",-31.367,-64.165,IPV ANEXO LOS GIGANTES
140572100,ESCUELA NOCTURNA MALVINAS ARGENTINAS,Estatal,Urbano,16 DE NOVIEMBRE,CORDOBA,"[""6. Jóvenes y Adultos - Primario""]",-31.3135,-64.2612,COOPERATIVA 16 DE NOVIEMBRE
140574300,COLEGIO MARIA MONTESSORI,Privado,Urbano,ALTA CORDOBA,CORDOBA,"[""0. Común - Inicial"",""1. Común - Primario""]",-31.3949,-64.1919,SAN MARTIN
140574400,COLEGIO INSTITUTO CARVER,Privado,Urbano,VILLA EL LIBERTADOR,CORDOBA,"[""0. Común - Inicial"",""1. Común - Primario""]",-31.4742,-64.221,RESIDENCIAL SUD
140574700,COLEGIO INST. EDUCATIVO CITA CON LA VIDA,Privado,Urbano,CHATEAU CARRERAS,CORDOBA,"[""0. Común - Inicial"",""1. Común - Primario""]",-31.3983,-64.25,TEODORO FELDS
140574800,COLEGIO DOMINGO SAVIO,Privado,Urbano,DON BOSCO,CORDOBA,"[""0. Común - Inicial"",""1. Común - Primario""]",-31.3919,-64.2666,CORDOBA IV
140575200,INSTITUTO SUPERIOR POLITECNICO CORDOBA,Estatal,Urbano,CENTRO,CORDOBA,"[""3. Común - Superior"",""9. Formación Profesional""]",-31.4075,-64.1905,DUCASSE
140575400,J.DE INF. PIO X,Privado,Urbano,ALBERDI,CORDOBA,"[""0. Común - Inicial""]",-31.4108,-64.1977,ALBERDI
140575500,INSTITUTO SUPERIOR SAN IGNACIO,Privado,Urbano,PASO DE LOS ANDES,CORDOBA,"[""3. Común - Superior""]",-31.4137,-64.2033,CIRCUNVALACION
140576800,COLEGIO PARROQUIAL NUESTRA SEÑORA DEL TRABAJO,Privado,Urbano,VILLA EL LIBERTADOR,CORDOBA,"[""1. Común - Primario""]",-31.4774,-64.2095,RESIDENCIAL SANTA ROSA
140576900,J.DE INF. HORTUS CONCLUSUS,Privado,Urbano,GENERAL BUSTOS,CORDOBA,"[""0. Común - Inicial""]",-31.3952,-64.1745,GENERAL BUSTOS
140578100,INSTITUTO SUPERIOR KEN ROBINSON ,Privado,Urbano,CERRO DE LAS ROSAS,CORDOBA,"[""3. Común - Superior""]",-31.3752,-64.2413,VALLE DEL CERRO
140578800,J.DE INF. FLORENCIO MOLINA CAMPOS,Estatal,Urbano,IRUPE,CORDOBA,"[""0. Común - Inicial""]",-31.4608,-64.2033,IRUPE
140579000,INSTITUTO SUPERIOR MOODY,Privado,Urbano,CRISOL NORTE,CORDOBA,"[""3. Común - Superior""]",-31.4263,-64.1727,CRISOL NORTE
140581200,INSTITUTO SUPERIOR FUNDACION RENAULT,Privado,Urbano,SANTA ISABEL,CORDOBA,"[""3. Común - Superior""]",-31.4645,-64.2575,CARRARA
140582000,INSTITUTO CITA CON LA VIDA,Privado,Urbano,TEODORO FELS,CORDOBA,"[""2. Común - Secundario""]",-31.3994,-64.247,TEODORO FELDS
140582400,ESC. ESP. S/N DE B° COLINAS DEL CERRO,Estatal,Urbano,COLINAS DEL CERRO,CORDOBA,"[""4. Especial""]",-31.3792,-64.2484,COUNTRY BARRANCAS
140582500,COLEGIO FASTA SANTO CURA BROCHERO,Privado,Urbano,MANANTIALES II,CORDOBA,"[""0. Común - Inicial"",""1. Común - Primario""]",-31.488,-64.2686,PARQUE FUTURA
140583300,J. DE INF. SAN JOSE,Privado,Urbano,ALTO ALBERDI,CORDOBA,"[""0. Común - Inicial""]",-31.4062,-64.223,ALTO ALBERDI
140583400,J.DE INF.CENTRO EN EDUCACION ACTIVA JOHN DEWEY,Privado,Urbano,VILLA RIVERA INDARTE,CORDOBA,"[""0. Común - Inicial""]",-31.3317,-64.2903,RIVERA INDARTE
140583500,COLEGIO GENERAL PAZ JUNIORS- GOBERNADOR DE LA SOTA,Privado,Urbano,GRAL. PAZ JUNIORS,CORDOBA,"[""0. Común - Inicial"",""1. Común - Primario""]",-31.4216,-64.1673,JUNIORS
140584900,J.DE INF. NUESTRA SEÑORA DEL HUERTO,Privado,Urbano,CENTRO,CORDOBA,"[""0. Común - Inicial""]",-31.4176,-64.1893,CENTRO
140585600,INST. SUP. CURA GABRIEL BROCHERO,Privado,Urbano,CIUDAD UNIVERSITARIA,CORDOBA,"[""3. Común - Superior""]",-31.4438,-64.1951,EJERCITO ARGENTINO
140135701,ESCUELA NOCTURNA EULOGIA SALVATIERRA DE PALACIO ANEXO BATERIA LIBERTAD,Estatal,Urbano,LOMAS DEL SUQUIA,CORDOBA,"[""6. Jóvenes y Adultos - Primario""]",-31.3994,-64.2534,TEODORO FELDS
140074601,ESCUELA NOCTURNA JOSE MANUEL ESTRADA ANEXO EXTENSION AULICA PERIFERICOS DE ARGUELLO,Estatal,Urbano,QUINTAS DE ARGUELLO,CORDOBA,"[""6. Jóvenes y Adultos - Primario""]",-31.3389,-64.2702,QUINTAS DE ARGUELLO
140307200,ESCUELA NOCTURNA PROF. MANUEL GREGORIO OLIVA,Estatal,Urbano,AMPLIACION RESIDENCIAL AMERICA,CORDOBA,"[""6. Jóvenes y Adultos - Primario""]",-31.3798,-64.1713,AYACUCHO
140291900,ESCUELA NOCTURNA JUAN GODOY,Estatal,Urbano,MALDONADO,CORDOBA,"[""6. Jóvenes y Adultos - Primario""]",-31.4146,-64.1315,AMPLIACION ALTAMIRA
140232800,ESCUELA FLORENCIO SANCHEZ,Estatal,Urbano,EL GATEADO,CORDOBA,"[""1. Común - Primario""]",-31.3236,-64.119,SAN RAMON
140454400,J.DE INF. ALBERT BRUCE SABIN,Estatal,Urbano,POSTA DE VARGAS,CORDOBA,"[""0. Común - Inicial""]",-31.4997,-64.1991,NUESTRO HOGAR III
140229101,ESCUELA U.N.E.S.C.O. ANEXO VILLA ALICIA RISLER,Estatal,Urbano,EL CHAPARRAL,CORDOBA,"[""1. Común - Primario""]",-31.3155,-64.1814,VILLA ALICIA RISLER
140505300,C.E.N.P.A. CREER Y SER ,Estatal,Urbano,LOS CORTADEROS,CORDOBA,"[""6. Jóvenes y Adultos - Primario""]",-31.5082,-64.1902,CIUDAD OBISPO ANGELELLI
140293802,ESCUELA NOCTURNA MERCEDITAS DE SAN MARTIN EXT AULICA CONCEJO DELIBERANTE,Estatal,Urbano,CENTRO,CORDOBA,"[""6. Jóvenes y Adultos - Primario""]",-31.4083,-64.19,DUCASSE
140524800,ESC. S/NOMBRE DE B° SOL NACIENTE,Estatal,Urbano,SOL NACIENTE,CORDOBA,"[""1. Común - Primario""]",-31.3224,-64.2429,ARGUELLO II
