stop_id,stop_name,stop_lat,stop_lon,barrio_asignado
C7079,Constancio C. Vigil 1219,-31.354796,-64.157136,PARQUE LICEO SECCION 3
C7082,Juan Montalvo 4702,-31.35448,-64.163852,PARQUE LICEO SECCION 2
C7080,Alfonsina Storni 1171,-31.355978,-64.158665,PARQUE LICEO SECCION 2
C7081,Alfonsina Storni 1013,-31.355346,-64.160838,PARQUE LICEO SECCION 2
C7085,Alfonsina Storni 261,-31.353839,-64.172055,PARQUE LICEO SECCION 2
C7083,Alfonsina Storni 665,-31.353871,-64.165966,PARQUE LICEO SECCION 2
C7086,Alfonsina Storni 29,-31.353797,-64.175456,VILLA AZALAIS OESTE
C7087,Avenida Juan B. Justo 5181,-31.362217,-64.17618,VILLA AZALAIS OESTE
C7084,Alfonsina Storni 509,-31.353802,-64.168122,PARQUE LICEO SECCION 2
C7088,Avenida Juan B. Justo 5001,-31.364965,-64.17618,VILLA AZALAIS OESTE
C7092,Avenida Juan B. Justo 4091,-31.376274,-64.176174,VILLA AZALAIS OESTE
C7089,Avenida Juan B. Justo 4773,-31.368181,-64.17618,VILLA AZALAIS OESTE
C7091,Avenida Juan B. Justo 4335,-31.373288,-64.176137,VILLA AZALAIS OESTE
C7090,Avenida Juan B. Justo 4491,-31.371533452706032,-64.17617440223695,VILLA AZALAIS OESTE
C7093,Avenida Juan B. Justo 3905,-31.379168,-64.176142,HIPOLITO IRIGOYEN
C7097,Tucumán 2415,-31.387293,-64.178438,GENERAL BUSTOS
C7094,Avenida Juan B. Justo 3781,-31.381422,-64.176121,GENERAL BUSTOS
C7096,Calderón de La Barca 248,-31.385149,-64.177709,GENERAL BUSTOS
C7098,Tucumán 2265,-31.389509,-64.17846,GENERAL BUSTOS
C7095,Avenida Juan B. Justo 3469,-31.384902,-64.176153,GENERAL BUSTOS
C7101,José Baigorri 109,-31.394825,-64.176963,GENERAL BUSTOS
C7099,Tucumán 2181,-31.391451,-64.178427,GENERAL BUSTOS
C7100,Tucumán 2045,-31.393617,-64.178449,GENERAL BUSTOS
C7104,Gino Galeotti 201,-31.398269,-64.172934,GENERAL BUSTOS
C7103,Gianelli 800,-31.396282,-64.172215,GENERAL BUSTOS
C7108,Faustino Allende 56,-31.403347,-64.177247,GENERAL BUSTOS
C7102,Gianelli 590,-31.395531,-64.174619,GENERAL BUSTOS
C7106,Suipacha 997,-31.401099,-64.174678,GENERAL BUSTOS
C7107,Cochabamba 911,-31.403489,-64.174758,GENERAL BUSTOS
C7105,Avenida Bulnes 1047,-31.399688,-64.174404,GENERAL BUSTOS
C7110,Faustino Allende 317,-31.401712,-64.182563,SAN MARTIN
C7111,Avenida Roque Sáenz Peña 1107,-31.402527,-64.183143,SAN MARTIN
C7109,Faustino Allende 169,-31.402486,-64.180096,SAN MARTIN
C6193,Avenida General Paz 675,-31.407476,-64.183609,URQUIZA
C7117,Avenida Duarte Quirós 671,-31.416857,-64.194354,URQUIZA
C7118,Avenida Duarte Quirós 994,-31.415525,-64.198453,URQUIZA
C7119,Avenida Duarte Quirós 1172,-31.414664,-64.200824,URQUIZA
C7123,Avenida Duarte Quirós 2192,-31.410219,-64.213436,ALBERDI
C7120,Avenida Duarte Quirós 1460,-31.413025,-64.204611,ALBERDI
C7122,Ocaña 299,-31.410942,-64.211193,ALBERDI
C7121,Avenida Duarte Quirós 1692,-31.41205,-64.207787,ALBERDI
C7124,Avenida Duarte Quirós 2472,-31.409198,-64.216644,ALBERDI
C7126,Avenida Duarte Quirós 2866,-31.407737,-64.221134,ALBERDI
C7125,Avenida Duarte Quirós 2674,-31.408447,-64.21894,ALBERDI
C7130,Luis de Azpeitía 3562,-31.407852,-64.229314,QUINTA SANTA ANA
C7132,Avenida Don Bosco 3886,-31.407875,-64.23366,QUINTA SANTA ANA
C7127,Avenida Duarte Quirós 3088,-31.406977,-64.223612,ALBERDI
C7128,Avenida Duarte Quirós 3278,-31.4063,-64.225817,QUINTA SANTA ANA
C7129,Juana Azurduy 364,-31.40744,-64.227576,QUINTA SANTA ANA
C7131,Avenida Don Bosco 3798,-31.407733,-64.232066,QUINTA SANTA ANA
C7133,Avenida Don Bosco 3978,-31.407737,-64.235628,QUINTA SANTA ANA
C7137,Avenida Don Bosco 4626,-31.405288,-64.244238,LAS VIOLETAS
C7135,Avenida Don Bosco 4336,-31.406552,-64.240462,LAS VIOLETAS
C7136,Avenida Don Bosco 4464,-31.406043,-64.242285,LAS VIOLETAS
C7138,Avenida Don Bosco 4730,-31.404743,-64.245434,LAS VIOLETAS
C7134,Avenida Don Bosco 4184,-31.407142,-64.238209,QUINTA SANTA ANA
C5199,Avenida Don Bosco 5228,-31.401625,-64.251958,LAS VIOLETAS
C7139,Avenida Don Bosco 4985,-31.403145,-64.248878,LAS VIOLETAS
C7141,Avenida Don Bosco 5284,-31.400938,-64.253342,LOS ROBLES
C7143,Pasco 323,-31.39725686515653,-64.25916194915773,LOS ROBLES
C7365,Avenida General Paz 287,-31.412004,-64.185423,URQUIZA
C7151,Luz Vieyra Méndez 644,-31.406703,-64.264956,LOS ROBLES
MA-00000927,Avenida Idelfonso Muñecas 4165,-31.480707481981685,-64.14216935634614,VILLA CORONEL OLMEDO
MA-00000918,Avenida Rafael Núñez 5493,-31.353302523278355,-64.24565434455873,LAS CORTADERAS
MA-00000906,Estocolmo 4328,-31.44843541936173,-64.2445492744446,ESTACION FLORES
MA-00000852,Coronel José Javier Diaz 251,-31.445671209459764,-64.19494450092317,LAS FLORES
MA-00000841,Tilcara 698,-31.474421410740053,-64.21270608901979,COMERCIAL
MA-00000832,Avenida Doctor Arturo Capdevila 502,-31.37899428817043,-64.16741430759431,GENERAL BUSTOS
C7673,Nueva Orleans 1590,-31.384014,-64.163734,GENERAL BUSTOS
MA-00000793,Centeno 3802,-31.432201384281225,-64.13672447204591,ACOSTA
MA-00000781,Avenida General Paz 223,-31.41249433084862,-64.18569087982179,URQUIZA
MA-00000669,Manuel de Falla 6905,-31.34035091929355,-64.29042577743532,VILLA RIVERA INDARTE
MA-00000626,Solares 2432,-31.437963941946933,-64.14350509643556,JOSE IGNACIO DIAZ SECCION 1
MA-00000609,Libertad 2394,-31.40501326411656,-64.15443778038026,GENERAL PUEYRREDON
MA-00000597,Avenida Renault 2300,-31.47254099734393,-64.2382836341858,CONGRESO
MA-00000584,Avenida Santa Fe 352,-31.4067210509797,-64.20010507106782,URQUIZA
MA-00000580,Vélez Sársfield 355,-31.316156378171428,-64.30891156196596,VILLA RIVERA INDARTE
c7712,Medellin 702,-31.383473252827788,-64.16795611381532,GENERAL BUSTOS
MA-00000519,Chachapoyas 2141,-31.38401364516802,-64.13264751434328,YOFRE NORTE
MA-00000479,Bulevar Los Alemanes 3446,-31.343264842054108,-64.2155170440674,LOS BOULEVARES
MA-00000470,Barda Del Medio 968,-31.46251148789197,-64.21426177024843,CABO FARINA
MA-00000459,Bermudas 536,-31.461550575204523,-64.20842528343202,CABO FARINA
MA-00000458,Carnerillo 2200,-31.43771678630036,-64.12860274314882,EMPALME
MA-00000457,Av. Vucetich 7331-7311,-31.464666641915493,-64.0860950946808,ITUZAINGO ANEXO
p29_ida,Avenida Amadeo Sabattini 5312,-31.45165717698353,-64.11700487136842,SAN LORENZO
p35_ida_a1,Avenida Armada Argentina 1600,-31.46620862188692,-64.22412157058717,CONGRESO
MA-00000381,Nicolás Avellaneda 4549,-31.36442014637081,-64.18694078922273,MARQUES ANEXO
MA-00000361,Pasaje Puch 3699,-31.36564772253986,-64.15070950984956,GENERAL MOSCONI
MA-00000347,Avenida Sagrada Familia 1655,-31.38344577516811,-64.22399282455446,VILLA SIBURU
MA-00000236,Mariano Boedo 1767,-31.429221559046223,-64.11688685417177,COLONIA LOLA
MA-00000244,Emilio Salgari 1724,-31.42901099945628,-64.12666082382204,ACOSTA
MA-00000219,Bariloche 599-449,-31.458283398309025,-64.20736312866212,CABO FARINA
MA-00000272,Luis José de Tejeda 4346,-31.369055536526677,-64.23516154289247,COLINAS DEL CERRO
MA-00000545,Lisardo Novillo Saravia 692,-31.44295840596921,-64.18701857328415,VILLA REVOL
C7142,Avenida Don Bosco 5584,-31.399166,-64.257129,LOS ROBLES
C7150,Luz Vieyra Méndez 518,-31.404523,-64.264977,LOS ROBLES
MA-00000950,Aviador Silvio Pettirossi 3737,-31.45117791416836,-64.24800527721773,ESTACION FLORES
MA-00000928,Avenida Idelfonso Muñecas 4285,-31.48076695516616,-64.14026498794557,VILLA CORONEL OLMEDO
MA-00000911,Mackay Gordon S/N,-31.36107629415369,-64.1864848136902,MARQUES DE SOBREMONTE
MA-00000900,Avenida Agustín Roque Arias 3479,-31.448243208728694,-64.24286484718324,ESTACION FLORES
MA-00000880,Dirección desconocida,-31.49574384425198,-64.26665067672731,PARQUE FUTURA
MA-00000872,Constancio C. Vigil 1201,-31.354345754097327,-64.15752040928417,PARQUE LICEO SECCION 3
MA-00000862,Colorado 5809,-31.48047873861217,-64.23453390598299,SANTA ISABEL SECCION 1
MA-00000417,Manuel Calviño S/N,-31.338069199791587,-64.25539612770082,ARGUELLO
MA-00000856,Viña del Mar S/N,-31.47149783201488,-64.20692861080171,CABO FARINA
MA-00000846,Adrián Beccar Varela 177,-31.447703186268427,-64.1960656642914,LAS FLORES
MA-00000834,Abad e Illana 1020,-31.38772303408833,-64.16581571102144,GENERAL BUSTOS
MA-00000226,Bulogne Sur Mer 600,-31.390488952197096,-64.24314916133882,COLINAS DEL CERRO
MA-00000937,De Las Exposiciones 4156,-31.467315903410476,-64.14321541786195,RAMON J CARCANO
p5_iida_a1,Mariano Fragueíro 3633,-31.371977730214976,-64.18388843536378,HIPOLITO IRIGOYEN
MA-00000666,Ausonia 9258,-31.329674928198568,-64.29445981979372,VILLA RIVERA INDARTE
MA-00000629,Impira S/N,-31.463554753358963,-64.24548268318178,CONGRESO
MA-00000619,Pedro Antonio Inchauspe 98,-31.449844951954606,-64.19803977012636,LAS FLORES
MA-00000611,Gavilán 541,-31.40760469257128,-64.15340781211854,YAPEYU
MA-00000598,Cacheuta 3809,-31.4518173467014,-64.21280264854433,FERRER
MA-00000586,Rodríguez de Ruesca 507,-31.358639329665905,-64.19042766094209,MARQUES DE SOBREMONTE
C1652,Los Álamos 7919,-31.336174,-64.310056,VILLA RIVERA INDARTE
MA-00000530,Ferroviarios 1563,-31.42904761854935,-64.16449069976808,CRISOL SUD
MA-00000513,Venezuela 190,-31.433647778360847,-64.18872177600862,GUEMES
MA-00000460,Viña Del Mar 4365,-31.46077268628281,-64.20438051223756,CABO FARINA
MA-00000452,Avenida Gobernador Amadeo Sabattini 5652,-31.45948753720936,-64.10849882831575,FERREYRA
MA-00000449,Avenida Amadeo Sabattini 5315,-31.45176700767672,-64.1164255142212,SAN LORENZO
MA-00000441,Juan Vucetich 6966,-31.465055571009465,-64.09129858016969,LOS SAUCES
MA-00000434,Avenida Colón 4198,-31.39779717817849,-64.23462510108949,VILLA SIBURU
MA-00000421,Fernando Fader 3494,-31.380578895171357,-64.22539830207826,LAS MARGARITAS
p3_vuelta_a1,Nueva Jersey 4808,-31.466343583066912,-64.22859379766442,CONGRESO
MA-00000399,Avenida Armada Argentina 1571,-31.466153715024284,-64.22317743301393,CONGRESO
MA-00000384,Avenida Armada Argentina 216,-31.452425989131623,-64.20466482639314,LAS FLORES
p19_vuelta_a,Mariano Fragueíro 3262,-31.377465371077754,-64.1838098930359,HIPOLITO IRIGOYEN
MA-00000362,Martiniano Chilavert 3891,-31.36458504559432,-64.14658427238466,GENERAL MOSCONI
MA-00000352,Cleto Aguirre 5924,-31.409225443603315,-64.26273465156557,LOS ROBLES
MA-00000273,Escalante 3180,-31.44927748034413,-64.13964271545412,BH_CAMINO A 60 CUADRAS
MA-00000262,Obispo Castellano 624,-31.41682520211988,-64.13946568965913,MALDONADO
MA-00000649,Concejal Felipe Belardinelli 3585,-31.45223378668616,-64.1950035095215,LAS FLORES
C8477,Avenida Río Bamba 283,-31.397495,-64.256405,LOS ROBLES
MA-00000954,Avenida La Donosa 5000,-31.452198008444302,-64.25131215956387,ESTACION FLORES
MA-00000036,Aviador Silvio Pettirossi 3631,-31.45220632916176,-64.25167322158815,ESTACION FLORES
MA-00000936,Prudencio Murguiondo 4611,-31.466162866170293,-64.14356946945192,RAMON J CARCANO
MA-00000926,Avenida Idelfonso Muñecas 3993,-31.48068460766989,-64.14486765861513,VILLA CORONEL OLMEDO
C9052,Avenida 11 de Septiembre 2811,-31.444081980671363,-64.14831932634115,BH_CAMINO A 60 CUADRAS
MA-00000907,Avenida Agustín Roque Arias 3252,-31.44578104717068,-64.24288630485536,ESTACION FLORES
MA-00000871,Germán Berdiales 1201,-31.35160625921154,-64.15745000901236,PARQUE LICEO SECCION 3
MA-00000863,Dirección desconocida,-31.34928233161684,-64.14916605016599,PARQUE LICEO SECCION 3
MA-00000855,Defensa S/N,-31.471342271276725,-64.20464873313905,CABO FARINA
MA-00000845,Adrián Beccar Varela 19,-31.447300455627754,-64.19846892356874,LAS FLORES
MA-00000833,Guayaquil 1002,-31.384870023271663,-64.16458725929262,GENERAL BUSTOS
C7671,Cabo Contreras 1487,-31.385777,-64.165376,GENERAL BUSTOS
p6_ida,Belgrano 554,-31.4215037833952,-64.1906261444092,GUEMES
MA-00000720,Dirección desconocida,-31.31494648788554,-64.21397209167482,LAS CORTADERAS
MA-00000698,Gobernación 774,-31.477912199671675,-64.21492695808412,COMERCIAL
MA-00000656,Avenida Recta Martinoli 8946,-31.342385176768868,-64.28940653800966,LA SALLE
MA-00000651,Avenida Ciudad De Valparaíso S/N,-31.433926984774786,-64.18468236923218,GUEMES
MA-00000418,Carlos Zatuszeck S/N,-31.33439450710001,-64.25609350204469,ARGUELLO
MA-00000091,Bulevar Los Alemanes 3974,-31.34329233146172,-64.22171831130983,LOS BOULEVARES
MA-00000734,Avenida Octavio Pinto 2651,-31.38975626659044,-64.21559214591981,VILLA PAEZ
MA-00000631,Impira S/N,-31.463545601958025,-64.25002098083498,ESTACION FLORES
MA-00000620,Viña Del Mar 4736,-31.464488191555212,-64.20575380325319,CABO FARINA
MA-00000593,Camino a San Antonio 6879,-31.4999336502302,-64.18972492218019,VILLA RIVADAVIA
C1638,Quinta Villa Manuela 6780,-31.34196,-64.293348,VILLA RIVERA INDARTE
MA-00000579,Cruz Roja Argentina 763,-31.442220409145005,-64.18524026870729,VILLA REVOL
MA-00000551,Avenida Emilio Olmos 492,-31.41568527758902,-64.17668938636781,URQUIZA
MA-00000532,Tilcara 885,-31.473968467901607,-64.21553850173952,VILLA EL LIBERTADOR
MA-00000520,Avenida Capdevila 2909,-31.376819131096703,-64.12956196814775,RESIDENCIAL SAN JORGE
c6285,Cafayate 4761,-31.4639848681937,-64.20953035354616,CABO FARINA
p4_reg,Juan Vucetich 6945,-31.464899999565752,-64.09149169921876,LOS SAUCES
MA-00000444,Avenida Amadeo Sabattini 5166,-31.44865508817377,-64.11977291107178,VILLA BUSTOS
MA-00000435,Avenida Sagrada Familia 578,-31.393950814363915,-64.23387408256532,VILLA SIBURU
MA-00000412,Avenida Colón 3591,-31.39993092633125,-64.228413105011,VILLA SIBURU
MA-00000387,Avenida Vélez Sarsfield 3060,-31.445726128331323,-64.19869422912599,LAS FLORES
p19_ida_a,Avenida General Paz 417,-31.41038833811128,-64.18473601341249,URQUIZA
MA-00000349,Sagrada Familia 1547,-31.38480133012894,-64.22521591186525,VILLA SIBURU
MA-00000246,Agustín Garzón 2090,-31.424699001255007,-64.15738821029665,YAPEYU
MA-00000254,Enfermera Clermont 345,-31.40369462994157,-64.21083927154542,ALBERDI
MA-00000232,La Rioja 3233,-31.399473044548905,-64.22234058380128,VILLA SIBURU
C7145,Avenida Don Bosco 6030,-31.397129,-64.261394,LOS ROBLES
MA-00000953,Calle 3 S/N,-31.453133223968784,-64.25978042652577,SACHI
MA-00000040,Avenida La Donosa 5602,-31.452407684153812,-64.2599129676819,SACHI
MA-00000934,De Las Exposiciones 4186,-31.467956473518758,-64.14300084114076,RAMON J CARCANO
MA-00000924,Prudencio Murguiondo 4668,-31.46677599091518,-64.14364457130434,RAMON J CARCANO
MA-00000916,27 de Abril 504,-31.414984835163107,-64.19144153594972,URQUIZA
C4830,Calderón de La Barca 1366,-31.385040324804656,-64.19243160635233,SARGENTO CABRAL
C8234,Avenida Colón 5513,-31.39573496707538,-64.25469604512388,LOS ROBLES
MA-00000883,Avenida Armada Argentina 2000,-31.47131939467578,-64.22950208187105,VILLA EL LIBERTADOR
MA-00000876,Dirección desconocida,-31.4955746014195,-64.2662698030472,PARQUE FUTURA
MA-00000868,Dirección desconocida,-31.35061339105316,-64.15140377037923,PARQUE LICEO SECCION 3
MA-00000857,Carmelo Ibarra 451,-31.474023370180596,-64.20905828475954,COMERCIAL
MA-00000847,Isla Verde 2080,-31.47864419656272,-64.23420667648317,SANTA ISABEL SECCION 1
MA-00000835,Abad e Illana 1214,-31.388281719477423,-64.16385769844057,GENERAL BUSTOS
MA-00000824,Dirección desconocida,-31.349234019895384,-64.14888997528844,PARQUE LICEO SECCION 3
p36_vuelta_a1,Mariano Fragueíro 3618,-31.37218841778393,-64.18378114700319,HIPOLITO IRIGOYEN
MA-00000715,Avenida Amadeo Sabattini 359,-31.425678602117294,-64.17129278182985,CRISOL SUD
MA-00000700,Gobernación 1332,-31.47636583741514,-64.2230272293091,VILLA EL LIBERTADOR
MA-00000624,Monseñor Miguel de Andrea 1172,-31.39388670696524,-64.21301722526552,VILLA PAEZ
MA-00000613,San Jerónimo 2120,-31.422693991882724,-64.15640115737916,YAPEYU
MA-00000602,Avenida Vélez Sarsfield 2177,-31.439131057027843,-64.19620513916017,BELLA VISTA
MA-00000587,Rodríguez de Ruesca 613,-31.35983033524008,-64.18914556503297,MARQUES DE SOBREMONTE
C1650,Los Álamos 7891,-31.337863,-64.310048,VILLA RIVERA INDARTE
MA-00000556,Avenida Gobernador Amadeo Sabattini 3254,-31.43298866483908,-64.14323151111604,JOSE IGNACIO DIAZ SECCION 1
c7711,Cartago 1611,-31.381302492946517,-64.16711926460268,GENERAL BUSTOS
C4194,Bulevar Juan Domingo Perón 60,-31.41921,-64.17594,URQUIZA
MA-00000475,Avenida Ambrosio Olmos 887,-31.431537683325864,-64.1910606622696,GUEMES
MA-00000462,Bermudas 238,-31.4622094878242,-64.20522809028627,CABO FARINA
MA-00000456,Juan Vucetich 7671,-31.465014390358338,-64.08127784729005,ITUZAINGO ANEXO
MA-00000447,Av. Vucetich 7800-7892,-31.465023541615707,-64.07863318920137,ITUZAINGO ANEXO
MA-00000410,Avenida Sagrada Familia 637,-31.39323189317168,-64.23363268375398,VILLA SIBURU
MA-00000406,Avenida Vélez Sarsfield 2343,-31.4407199154711,-64.19655575027467,LAS FLORES
MA-00000392,Río Pinto 1643,-31.467288450307876,-64.23504352569581,CONGRESO
MA-00000386,Avenida Armada Argentina 64,-31.450833442680008,-64.20165538787843,LAS FLORES
MA-00000358,Curunao 814,-31.410681348627417,-64.25872206687929,PARQUE REPUBLICA
MA-00000276,Chirinos de Posadas 4361,-31.446531601415742,-64.14213180541994,BH_CAMINO A 60 CUADRAS
MA-00000241,Emilio Salgari 2020,-31.433396034159944,-64.12665009498598,EMPALME
MA-00000214,Leonardo Rosales 3331,-31.42934057077919,-64.14215326309206,ACOSTA
MA-00000208,Avenida Vélez Sarsfield 4499,-31.46300566772005,-64.20101165771486,CABO FARINA
MA-00000694,Concejal Felipe Belardinelli 3994,-31.457514,-64.196522,LAS FLORES
MA-00000521,Avenida Doctor Arturo Capdevila 2849,-31.376979142393555,-64.13057684898378,RESIDENCIAL SAN JORGE
C4032,Avenida General Paz 65,-31.414484965577053,-64.18647576123475,URQUIZA
C7144,Ribero 74,-31.398182,-64.262515,LOS ROBLES
C7152,Alto Alegre 674,-31.407467,-64.263968,LOS ROBLES
MA-00000939,Avenida Idelfonso Muñecas 3980,-31.48089505112741,-64.14506614208223,VILLA CORONEL OLMEDO
MA-00000919,Dirección desconocida,-31.37743713386565,-64.25494551658632,COLINAS DEL CERRO
MA-00000909,Avenida Agustín Roque Arias 2830,-31.44164373781403,-64.2428755760193,VILLA ADELA
MA-00000899,Estocolmo 4386,-31.44851779522661,-64.24516081809999,ESTACION FLORES
MA-00000885,Avenida Armada Argentina 2162,-31.47425212932968,-64.23306941986085,VILLA EL LIBERTADOR
MA-00000865,Florentino Ameghino 4709,-31.35572338442476,-64.1589372707879,PARQUE LICEO SECCION 2
MA-00000860,Tilcara 870,-31.47396389271024,-64.21536684036256,VILLA EL LIBERTADOR
MA-00000851,Concejal Felipe Belardinelli 2971,-31.445630020284995,-64.19389843940736,LAS FLORES
MA-00000839,Tilcara 1024,-31.473451469861672,-64.21764671802522,VILLA EL LIBERTADOR
MA-00000008,Bulevar San Juan 484,-31.418981693140555,-64.19248022139072,URQUIZA
MA-00000667,Ricardo Rojas 9243,-31.33252,-64.29265,VILLA RIVERA INDARTE
MA-00000623,Avenida General Manuel Savio 5570,-31.460406618671872,-64.12475109100343,COOPERATIVA EL FUTURO
MA-00000600,Cacheuta 3403,-31.446906876283634,-64.21136498451234,FERRER
MA-00000589,Avenida Libertador San Martín 29,-31.55778499053069,-64.19486403465272,VILLA RIVADAVIA
C1644,Molino De Torres 6352,-31.346912,-64.296951,VILLA RIVERA INDARTE
MA-00000538,República del Libano 1415,-31.38504862520761,-64.16999459266664,GENERAL BUSTOS
MA-00000523,Copacabana 21,-31.391807771882355,-64.20389771461488,VILLA PAEZ
MA-00000480,Boulevard Bernardino Rivadavia 3424,-31.336648824368336,-64.21528100967409,LOS BOULEVARES
c6752,Cafayate 4757,-31.4639848681937,-64.2094123363495,CABO FARINA
MA-00000451,Avenida Amadeo Sabattini 5879,-31.462502336389072,-64.1054928302765,FERREYRA
MA-00000424,Luis José de Tejeda 4629,-31.3645942066538,-64.23825144767763,COLINAS DEL CERRO
MA-00000411,Avenida Colón 4065,-31.398383276923223,-64.23334300518037,VILLA SIBURU
MA-00000401,Esquel 4202,-31.458191879107744,-64.21131134033205,CABO FARINA
MA-00000385,Avenida Vélez Sarsfield 1892,-31.43645353615052,-64.19549703598024,GUEMES
MA-00000380,General Justo José de Urquiza 1875,-31.39341047920465,-64.18631315231325,SAN MARTIN
S00000305,Humberto Primo 656,-31.407403241334475,-64.19077634811403,URQUIZA
MA-00000363,Pasaje Puch 3700,-31.36576681489715,-64.1506612300873,GENERAL MOSCONI
MA-00000348,Democracia 1800,-31.38496619358707,-64.22040939331056,LAS MARGARITAS
MA-00000428,Avenida Donato Álvarez 7243,-31.33873814337061,-64.25715565681459,ARGUELLO
MA-00000228,La Rioja 4999,-31.392316062024012,-64.24400210380556,COLINAS DEL CERRO
MA-00000929,Avenida Idelfonso Muñecas 4497,-31.480757805447933,-64.13705170154573,VILLA CORONEL OLMEDO
MA-00000274,Juan de la Guardia 4653,-31.45145582037824,-64.13872003555299,COOPERATIVA EL FUTURO
MA-00000258,Zorzal 505,-31.385149374867805,-64.25987005233766,PARQUE DON BOSCO
MA-00000239,Mariano Boedo 2107,-31.434338927145564,-64.11681175231935,VILLA BUSTOS
MA-00000574,Guillermo Furlong 8772,-31.317476240755934,-64.25894737243654,MERCANTIL
MA-00000496,Bulevar Juan Domingo Perón 712,-31.42474935481985,-64.17177021503448,CRISOL SUD
MA-00000420,Fernando Fader 3763,-31.37756308112907,-64.22886304557323,LAS MARGARITAS
C7985,Pasco 219,-31.395553485104656,-64.25827145576478,LOS ROBLES
MA-00000951,Pública I S/N,-31.45731994587696,-64.26415353019317,SACHI
MA-00000933,Dirección desconocida,-31.47043635360619,-64.1429364681244,RAMON J CARCANO
MA-00000923,Avenida El Quebracho 4225,-31.47704294592664,-64.14116621017457,VILLA CORONEL OLMEDO
MA-00000915,General Manuel Oribe 2502,-31.37368153788809,-64.20630097389223,ANA MARIA ZUMARAN
MA-00000864,José Santos Chocano 4502,-31.35884421683609,-64.15444659518857,PARQUE LICEO SECCION 3
MA-00000853,Coronel José Javier Diaz 85,-31.445318812601407,-64.19699370861055,LAS FLORES
MA-00000840,Tilcara 800,-31.47411487390732,-64.21424031257631,COMERCIAL
MA-00000830,Enrique Muiño 101,-31.36900973339448,-64.16715145111085,VILLA AZALAIS OESTE
MA-00000790,Agustín Garzón 3526,-31.426429317347125,-64.13936376571657,ACOSTA
MA-00000671,Avenida Rafael Núñez 4235,-31.369339515448,-64.23243641853334,COLINAS DEL CERRO
MA-00000637,72 Chateau Reserva,-31.37134566467379,-64.25069689750673,COLINAS DEL CERRO
MA-00000627,Juan de Urdinola 4751,-31.45082429003596,-64.1372072696686,COOPERATIVA EL FUTURO
MA-00000616,Plaza Villa Boedo,-31.432727764456452,-64.1081213951111,VILLA BUSTOS
MA-00000591,Avenida Libertador San Martín 449,-31.55803182901617,-64.19071197509767,VILLA RIVADAVIA
MA-00000581,Molino De Torres S/N,-31.34859305544108,-64.30302143096925,VILLA RIVERA INDARTE
MA-00000469,Avenida Circunvalación 4251,-31.46434177049276,-64.21244859695436,CABO FARINA
MA-00000448,Juan Vucetich 6301,-31.464936604634595,-64.09946322441102,LOS SAUCES
MA-00000442,Simbolar 2199,-31.43756116944777,-64.12902116775513,EMPALME
MA-00000436,Avenida Colón 3706,-31.399610409318143,-64.22874569892885,VILLA SIBURU
MA-00000431,Avenida Rafael Núñez 3758,-31.37507387390736,-64.22712564468385,LAS MARGARITAS
MA-00000405,Avenida Armada Argentina 25,-31.450952426971423,-64.20114040374757,LAS FLORES
p32_ida_a1,Avenida Armada Argentina 460,-31.45458595139913,-64.20774936676027,LAS FLORES
MA-00000350,Cleto Aguirre 6022,-31.409225443603315,-64.26059961318971,PARQUE REPUBLICA
MA-00000270,Valencia 1464,-31.43435723565336,-64.16679739952089,CRISOL SUD
MA-00000261,Obispo Castellano 230,-31.412585894677907,-64.13884878158571,MALDONADO
MA-00000264,López y Planes 3147,-31.421586182930994,-64.14333343505861,YAPEYU
MA-00000413,Luis José de Tejeda 4463,-31.367395731271568,-64.23648219555616,COLINAS DEL CERRO
MA-00000650,Bv. Enrique Barros S/N,-31.43941024710868,-64.19240713119508,LAS FLORES
MA-00000576,Antucura 10058,-31.30768223647437,-64.28700327873231,VILLA ALLENDE PARQUE
MA-00000873,Azor Grimaut 3099,-31.35883573210474,-64.21296626329422,LOS BOULEVARES
C4028,Avenida General Paz 549,-31.408127,-64.183772,URQUIZA
MA-00000952,Pública I S/N,-31.457331594244184,-64.26224023391404,SACHI
MA-00000925,Avenida Idelfonso Muñecas 3821,-31.480680032806863,-64.14735674858095,VILLA CORONEL OLMEDO
C8056,Rodríguez del Busto 3902,-31.367285515500495,-64.22072220593691,LAS MARGARITAS
MA-00000910,Fournier 2740,-31.44047207719636,-64.2418134212494,VILLA ADELA
MA-00000898,Berna 3523,-31.44887475647075,-64.24677014350893,ESTACION FLORES
MA-00000372,Bulevar San Juan 540,-31.418802297410146,-64.19330969452858,URQUIZA
MA-00000905,San Marino 4678,-31.44965274421344,-64.24777865409852,ESTACION FLORES
MA-00000493,Humberto Primo 286,-31.40903315257164,-64.18536901474,URQUIZA
MA-00000785,Avenida Castro Barros 1049,-31.39611212390397,-64.2007863521576,SAN MARTIN
MA-00000604,Tilcara 1425,-31.472394588876305,-64.22349929809572,VILLA EL LIBERTADOR
MA-00000879,Dirección desconocida,-31.498392225973475,-64.26188707351686,PARQUE FUTURA
MA-00000870,Dirección desconocida,-31.350894926775805,-64.15152797024008,PARQUE LICEO SECCION 3
MA-00000854,Avenida Vélez Sarsfield 3895,-31.456013695723552,-64.20089900493623,LAS FLORES
MA-00000844,Avenida Vélez Sarsfield 3906,-31.45585810925765,-64.20111358165742,LAS FLORES
MA-00000831,Roberto Casaux 2802,-31.373635737010627,-64.16872859001161,VILLA AZALAIS OESTE
MA-00000822,Avenida Del Trabajo 1292,-31.389582252918743,-64.16125595569612,GENERAL BUSTOS
MA-00000791,Agustín Garzón 3220,-31.42606311554681,-64.14303302764894,ACOSTA
MA-00000735,José Barros Pazos 2685,-31.391743663020428,-64.2188322544098,VILLA SIBURU
MA-00000670,Manuel de Falla 7177,-31.33837159953276,-64.29044723510744,VILLA RIVERA INDARTE
MA-00000630,Impira S/N,-31.46350899634536,-64.25836801528932,SACHI
MA-00000618,Tinogasta 5519,-31.43727739687497,-64.115127325058,VILLA BUSTOS
MA-00000610,Bajada de Piedra 2667,-31.408785920666165,-64.15050566196443,YAPEYU
MA-00000590,A189 S/N,-31.559704828202047,-64.17457580566408,VILLA RIVADAVIA
MA-00000582,Los Álamos 7825,-31.34382837330492,-64.31002736091615,VILLA RIVERA INDARTE
MA-00000543,Avenida Ingeniero Medina Allende S/N,-31.43766186273484,-64.19232666492464,GUEMES
MA-00000529,Ortiz Herrera 1951,-31.429418386061386,-64.1621893644333,CRISOL SUD
MA-00000461,Punta Del Este 4544,-31.46166954588164,-64.21035647392274,CABO FARINA
MA-00000426,Avenida Rafael Núñez 5955,-31.34827773366709,-64.249384539032,CERRITO AUTODROMO
MA-00000409,Avenida Menéndez Pidal 3401,-31.38732462526428,-64.2282146215439,VILLA SIBURU
MA-00000397,Montana 1900,-31.46850553012298,-64.23189997673036,CONGRESO
p37_ida_a1,Kansas 1760,-31.466583817919712,-64.22893881797792,CONGRESO
p33_ida_a1,Avenida Armada Argentina 584,-31.456819080356468,-64.20903682708742,CABO FARINA
MA-00000360,Granadero Toba 3900,-31.364630850882847,-64.14671301841737,GENERAL MOSCONI
MA-00000346,Avenida Octavio Pinto 2937,-31.38663313007432,-64.21849966049196,LAS MARGARITAS
MA-00000268,López y Planes 2159,-31.42044173845403,-64.15574669837953,YAPEYU
MA-00000242,Pedro Medrano 4827,-31.43537335222944,-64.12416100502016,EMPALME
MA-00000231,Igualdad 3973,-31.39439040677569,-64.22991514205934,VILLA SIBURU
C9336,La Tablada 6348,-31.38476,-64.257499,COLINAS DEL CERRO
MA-00000514,Bulevar Chacabuco 436,-31.422419329726274,-64.1823971271515,GUEMES
C7148,Francisco de Bengolea 310,-31.401112,-64.266114,LOS ROBLES
C3840,Henderson S/N,-31.45392698513973,-64.26051378250123,SACHI
MA-00000932,Dirección desconocida,-31.47179065152656,-64.14347290992738,RAMON J CARCANO
MA-00000922,Avenida El Quebracho 4061,-31.477038370885555,-64.14404690265657,VILLA CORONEL OLMEDO
MA-00000913,Mariano Fragueíro 4841,-31.35895082488845,-64.18395280838014,VILLA AZALAIS OESTE
MA-00000897,Avenida Agustín Roque Arias 3064,-31.443959555161285,-64.24280047416688,ESTACION FLORES
MA-00000884,Avenida Armada Argentina 2634,-31.478868369465296,-64.23867523670198,SANTA ISABEL SECCION 1
MA-00000877,Dirección desconocida,-31.499504851861523,-64.26011038361617,PARQUE FUTURA
MA-00000869,Victoriano Montes 4451,-31.35918819352425,-64.15357601988536,PARQUE LICEO SECCION 3
MA-00000848,Colorado 5814,-31.480510762717568,-64.23472166061403,SANTA ISABEL SECCION 1
MA-00000837,Congreso 5220,-31.472408314679864,-64.22466874122621,VILLA EL LIBERTADOR
MA-00000827,Ramón Aberastaín Oro 1801,-31.36499271187748,-64.1481775045395,GENERAL MOSCONI
MA-00000728,27 de Abril 322,-31.41571732384941,-64.18892025947572,URQUIZA
MA-00000711,Dirección desconocida,-31.31560642996835,-64.21401500701906,LAS CORTADERAS
MA-00000673,Ricardo Rojas 9143,-31.334293703033943,-64.29232478141786,VILLA RIVERA INDARTE
MA-00000663,Avenida Recta Martinoli 6618,-31.34824029397913,-64.25662994384767,LA SALLE
MA-00000886,Avenida Madrid 2225,-31.43389952188569,-64.16879296302797,CRISOL SUD
MA-00000859,Tilcara 688,-31.474499188582687,-64.21259880065918,COMERCIAL
MA-00000636,Avenida Revolución Libertadora S/N,-31.370905964398577,-64.25148010253908,COLINAS DEL CERRO
MA-00000628,Escalante 3190,-31.449405619395343,-64.13969635963441,BH_CAMINO A 60 CUADRAS
MA-00000617,Agustín Garzón 3588,-31.42643389486057,-64.13877904415132,ACOSTA
MA-00000592,A189 S/N,-31.558498077706695,-64.18367385864259,VILLA RIVADAVIA
MA-00000577,Luis Burela S/N,-31.4498632574332,-64.11154925823213,SAN LORENZO
MA-00000550,Belgrano 1415,-31.431272201628094,-64.1950571537018,GUEMES
MA-00000499,Juan Vucetich 6220,-31.464991512211,-64.10089015960695,LOS SAUCES
MA-00000476,Avenida Ambrosio Olmos 533,-31.42913916621951,-64.18575525283815,GUEMES
MA-00000468,Punta Del Este 4560,-31.46198069924561,-64.21043157577516,CABO FARINA
MA-00000464,Barda Del Medio 1038,-31.462346760703024,-64.21521663665771,CABO FARINA
p13_reg,Avenida Amadeo Sabattini 5013,-31.446403458433668,-64.12172555923463,VILLA BUSTOS
MA-00000440,Av. Vucetich 7344-7398,-31.46532095699329,-64.08537626266481,ITUZAINGO ANEXO
MA-00000432,Avenida Rafael Núñez 4840,-31.35970207382626,-64.23871278762819,COLINAS DEL CERRO
MA-00000422,Avenida Rafael Núñez 4727,-31.36105797134812,-64.23830509185792,COLINAS DEL CERRO
MA-00000419,Avenida Sagrada Familia 1657,-31.38334502368049,-64.22406792640687,VILLA SIBURU
p7_vuelta_a1,Avenida Armada Argentina 1088,-31.46047983230854,-64.21646118164064,CABO FARINA
p5_vuelta_a1,Lago Argentino 1999,-31.46545822531045,-64.22525882720949,CONGRESO
p29_ida_a1,Avenida Vélez Sarsfield 2240,-31.439758089324467,-64.19667720794679,LAS FLORES
C4090,Sarmiento 333,-31.41146,-64.17708,URQUIZA
MA-00000356,Cleto Aguirre 5674,-31.409125443603315,-64.26049961318971,LOS ROBLES
MA-00000267,López y Planes 2485,-31.420789651052413,-64.15187358856203,YAPEYU
MA-00000940,Avenida Colón 1223,-31.408776763916425,-64.19974110403633,URQUIZA
C7147,Julia Funes de Bonet 236,-31.39965619752987,-64.26707983016969,LOS ROBLES
C3832,Avenida La Donosa 5443,-31.45244,-64.257024,SACHI
MA-00000946,Avenida La Donosa 4803,-31.45216472668437,-64.24898915327879,ESTACION FLORES
MA-00000921,Avenida El Quebracho 3941,-31.477038370885555,-64.14557576179506,VILLA CORONEL OLMEDO
MA-00000902,Avenida Agustín Roque Arias 3239,-31.445662056311377,-64.24281120300294,ESTACION FLORES
MA-00000881,Bonaire S/N,-31.48558873218899,-64.24774646759035,PARQUE FUTURA
MA-00000713,Avenida Castro Barros 652,-31.39919831440741,-64.19775009155275,SAN MARTIN
MA-00000866,Germán Berdiales 1202,-31.352978931961683,-64.15759733654657,PARQUE LICEO SECCION 3
MA-00000849,Mascachín 2193,-31.48909282787169,-64.2360144853592,EL CABILDO
MA-00000836,Concejal Felipe Belardinelli 3158,-31.447460632794456,-64.19427931308746,LAS FLORES
MA-00000826,Bartolomé Hidalgo 1779,-31.359528004484748,-64.14822041988374,GENERAL MOSCONI
MA-00000789,Junin 3800,-31.42890114209119,-64.13597345352174,ACOSTA
MA-00000772,Lino Spilimbergo S/N,-31.355478510953976,-64.22598838806154,LOS BOULEVARES
p39_vuelta_a1,Mariano Fragueíro 4586,-31.36377886886273,-64.18384552001955,VILLA AZALAIS OESTE
MA-00000695,Gobernación 1172,-31.476768443066504,-64.22064542770387,VILLA EL LIBERTADOR
C6443,Gobernación 982,-31.477280847754116,-64.21789884567262,VILLA EL LIBERTADOR
MA-00000674,Ausonia 9278,-31.329766572760445,-64.2946743965149,VILLA RIVERA INDARTE
MA-00000657,Manuel de Falla 7380,-31.33701,-64.2902,VILLA RIVERA INDARTE
MA-00000634,72 Chateau Reserva,-31.371854065552323,-64.25335228443147,COLINAS DEL CERRO
C9073,Avenida Colón 2073,-31.405764144742577,-64.21005606651308,ALBERDI
MA-00000625,Avenida Madrid 2476,-31.43856809745034,-64.16881442070009,CRISOL SUD
MA-00000615,Villa Boedo,-31.430018019304807,-64.1081213951111,COLONIA LOLA
MA-00000931,Avenida 11 de Septiembre 5099,-31.471882157436085,-64.14776444435121,RAMON J CARCANO
MA-00000562,Bajada Del Pucará S/N,-31.427962771852396,-64.16945278644563,CRISOL SUD
MA-00000223,Huelva 1457,-31.430860245781048,-64.16680276393892,CRISOL SUD
MA-00000603,Tilcara 1081,-31.47339199202788,-64.21839237213136,VILLA EL LIBERTADOR
MA-00000896,Onofre Marimón 6856,-31.320601674911167,-64.25650119781496,MERCANTIL
MA-00000540,Avenida Concepción Arenal 799,-31.431794009769,-64.18404936790468,GUEMES
MA-00000594,Avenida Libertador San Martín 216,-31.557894696604876,-64.19306159019472,VILLA RIVADAVIA
C1642,Molino De Torres 6502,-31.344734,-64.295557,VILLA RIVERA INDARTE
MA-00000575,Tulumba S/N,-31.44602818154943,-64.11115765571596,VILLA BUSTOS
MA-00000498,Juan Vucetich 6234,-31.464991512211,-64.10065412521364,LOS SAUCES
MA-00000472,Bermudas 426,-31.46177936483405,-64.20724511146547,CABO FARINA
c6287,Avenida Circunvalación 4311,-31.464451586311064,-64.21179413795473,CABO FARINA
MA-00000454,Avenida Amadeo Sabattini 5189,-31.448774075231903,-64.11940813064577,VILLA BUSTOS
MA-00000439,Centeno 3802,-31.432434822810627,-64.13676738739015,ACOSTA
MA-00000414,Tejeda 4065,-31.372161795603592,-64.23257891088724,COLINAS DEL CERRO
p12_vuelta_a1,Avenida Vélez Sarsfield 3328,-31.448526948096013,-64.19935941696168,LAS FLORES
MA-00000395,Mayor Fernando Juan Casado 1610,-31.46468952014222,-64.22661066055299,CONGRESO
MA-00000382,Avenida Vélez Sarsfield 1550,-31.433716435752853,-64.19459581375123,GUEMES
MA-00000371,Doctor José A. Ceballos 420,-31.40425322029147,-64.26920413970949,LOS ROBLES
MA-00000357,Avenida Santa Ana 5634,-31.411496279313823,-64.25984859466554,PARQUE REPUBLICA
MA-00000259,Obispo Castellano 404,-31.41455449539275,-64.13911163806917,MALDONADO
C6559,Tío Pujio 1863,-31.47645733885164,-64.23091292381288,SANTA ISABEL SECCION 1
MA-00000238,Agustín Garzón 5521,-31.42735397052823,-64.11532044410707,COLONIA LOLA
MA-00000247,Avenida José Manuel Isasa 1842,-31.42903846377743,-64.15950179100038,CRISOL SUD
MA-00000858,La Falda 5200,-31.474703927006512,-64.21144712716341,COMERCIAL
C7149,Luz Vieyra Méndez 358,-31.402106,-64.264854,LOS ROBLES
C3838,Ciudadela S/N,-31.456233346764822,-64.26141500473024,SACHI
MA-00000912,Dirección desconocida,-31.358795077406175,-64.17983293533327,VILLA AZALAIS OESTE
MA-00000908,Avenida Agustín Roque Arias 3062,-31.443941248529207,-64.24289703369142,ESTACION FLORES
MA-00000901,Avenida Agustín Roque Arias 3381,-31.4470350185772,-64.24283266067506,ESTACION FLORES
MA-00000882,Avenida Armada Argentina 3502,-31.48525478410497,-64.24608886241914,PARQUE FUTURA
MA-00000867,Dirección desconocida,-31.350676695288247,-64.15638586698411,PARQUE LICEO SECCION 3
MA-00000861,Cajamarca 1405,-31.479865703624395,-64.22520518302919,SANTA ISABEL SECCION 1
MA-00000850,Bv. Enrique Barros S/N,-31.438055480909902,-64.19043302536012,GUEMES
MA-00000829,Enrique Muiño 19,-31.36787380857455,-64.16850328445436,VILLA AZALAIS OESTE
MA-00000794,Leonardo Rosales 3324,-31.429688450363223,-64.14226055145265,ACOSTA
MA-00000724,Mariano Fragueíro 3259,-31.377482932890057,-64.18393135070802,HIPOLITO IRIGOYEN
MA-00000704,Avenida Amadeo Sabattini 359,-31.425275776833328,-64.1724729537964,CRISOL SUD
MA-00000672,Laguna Larga 7708,-31.3320668220355,-64.29286122322084,VILLA RIVERA INDARTE
MA-00000668,Avenida Ricardo Rojas 9150,-31.33446,-64.29209,VILLA RIVERA INDARTE
MA-00000658,Manuel de Falla 6984,-31.33981,-64.29026,VILLA RIVERA INDARTE
MA-00000652,Avenida Ciudad De Valparaíso S/N,-31.435904986711535,-64.18520464172364,GUEMES
MA-00000612,Arrecifes 363,-31.405040735464848,-64.24227476119997,LAS VIOLETAS
MA-00000588,Ciudad De Valparaíso 8438,-31.511532395628624,-64.19079780578615,VILLA RIVADAVIA
C1648,Los Álamos S/N,-31.346344,-64.310008,VILLA RIVERA INDARTE
MA-00000573,Onofre Marimón 7068,-31.319785955766463,-64.25903320312501,MERCANTIL
S00000306,Dirección desconocida,-31.49290784283973,-64.06771659851076,ITUZAINGO ANEXO
MA-00000481,Spilimbergo 6448,-31.340955703137457,-64.22562360763551,LOS BOULEVARES
C7193,Bulevar Chacabuco 57,-31.417823,-64.180214,URQUIZA
MA-00000920,Hermanos Warnes 4525,-31.4791016917119,-64.13650989532472,VILLA CORONEL OLMEDO
MA-00000784,Avenida Castro Barros 664,-31.399134210592024,-64.19786274433137,SAN MARTIN
MA-00000169,Ignacio Tolosa 2165,-31.43282846293578,-64.1639006137848,CRISOL SUD
MA-00000838,Tilcara 1294,-31.472724007606445,-64.22139108181001,VILLA EL LIBERTADOR
MA-00000477,Avenida Pueyrredón 36,-31.42716171665725,-64.18926358222963,GUEMES
MA-00000535,Gino Galeotti 1106,-31.388799187405613,-64.16890025138856,GENERAL BUSTOS
MA-00000471,Viña Del Mar 4464,-31.461788516407605,-64.20474529266359,CABO FARINA
c6750,Hipólito Bernardino Cejas S/N,-31.46366457010034,-64.21348929405214,CABO FARINA
p33_ida,Juan Vucetich 6333,-31.465023541615707,-64.0992432832718,LOS SAUCES
MA-00000438,Avenida Amadeo Sabattini 5664,-31.45992157688319,-64.10835206508638,FERREYRA
MA-00000429,Avenida Donato Álvarez 7644,-31.33282744986551,-64.26230549812318,VILLA 9 DE JULIO
2021,DR. JOSE CEBALLOS 505,-31.404277,-64.269108,LOS ROBLES
MA-00000427,Avenida Rafael Núñez 6313,-31.34420405893005,-64.25194680690767,ARGUELLO
p13_vuelta_a1,Avenida Vélez Sarsfield 3057,-31.44578104717068,-64.19830799102785,LAS FLORES
MA-00000390,Avenida Armada Argentina 1064,-31.4601137635528,-64.21635389328004,CABO FARINA
p16_vuelta_a,Urquiza 2662,-31.38450823882216,-64.18515443801881,HIPOLITO IRIGOYEN
MA-00000601,Cacheuta 3991,-31.454306806535783,-64.21352148056032,FERRER
MA-00000495,Avenida Morcillo S/N,-31.427820871145183,-64.16165828704835,CRISOL SUD
MA-00000622,27 de Abril 5411,-31.394888952449808,-64.25289127975702,LOS ROBLES
MA-00000275,Avenida General Manuel Savio 5438,-31.46128517853397,-64.12743330001832,COOPERATIVA EL FUTURO
MA-00000265,López y Planes 2931,-31.42135729515281,-64.14602637290956,YAPEYU
MA-00000237,Mariano Boedo 1878,-31.431354592580263,-64.11688685417177,COLONIA LOLA
MA-00000257,12 de Octubre 2880,-31.396817286166502,-64.21658992767335,VILLA PAEZ
MA-00000235,Aguirre Cámara 657,-31.39783380945724,-64.21864986419679,VILLA SIBURU
MA-00000218,Bermudas 562,-31.46148651400808,-64.20862913131715,CABO FARINA
MA-00000202,Avenida Río Bamba 148,-31.39491242009139,-64.25546050071718,LOS ROBLES
c5081,Esteban Pagliere 6925,-31.38990824208268,-64.27230309695005,PARQUE DON BOSCO
MA-00000548,Bulevar Arturo Illia 599,-31.42285878879048,-64.17809486389162,GUEMES
S00000493,Bulevar San Juan 15,-31.420688939643497,-64.18640434741975,GUEMES
MA-00000154,Avenida Armada Argentina 4066,-31.49103694966753,-64.25158202648164,PARQUE FUTURA
MA-00000140,Cacheuta 3849,-31.45237,-64.21289,FERRER
p10_vuelta_a1,Avenida Armada Argentina 227,-31.452509219532534,-64.20449249446392,LAS FLORES
MA-00000127,Doctor Ernesto Romagosa 324,-31.439567,-64.198852,BELLA VISTA
c6603,Carlos Coto 4242,-31.455752859442985,-64.22368168830873,CONGRESO
MA-00000041,Tandil 3424,-31.44270554259562,-64.15340781211854,JARDIN DEL PILAR
p36_reg,Avenida Julio A. Roca 1358,-31.428775,-64.209947,CUPANI
P34_ida,Entre Ríos 3320,-31.425162,-64.141605,ACOSTA
p13_ida,Viamonte 109,-31.414298,-64.16455,YAPEYU
p25_vuelta_b,Avenida Colón 3260,-31.401402,-64.22349,VILLA SIBURU
p15_vuelta_b,Santa Rosa 557,-31.410371,-64.190076,URQUIZA
p31_reg_b1,Avenida Patria 737,-31.40564,-64.15929,GENERAL PUEYRREDON
p8_ida_b,Avenida Colón 1363,-31.408255,-64.201636,URQUIZA
C9681,Chirinos de Posadas 4787,-31.449332,-64.136982,COOPERATIVA EL FUTURO
C9663,Estanislao Learte 2485,-31.438971,-64.139074,JOSE IGNACIO DIAZ SECCION 1
C9641,Esposos Curie 2195,-31.428009,-64.156326,CRISOL SUD
C9628,Barcelona 1830,-31.429235,-64.157179,CRISOL SUD
C9610,Estanislao Learte 2141,-31.433332,-64.139305,ACOSTA
C9586,Gabriel de Cepeda 4084,-31.446902,-64.135845,JOSE IGNACIO DIAZ SECCION 1
C9603,Asturias 3886,-31.435400814686737,-64.13694977760316,JOSE IGNACIO DIAZ SECCION 1
C9583,Bilbao 2298,-31.434311,-64.160065,CRISOL SUD
C9543,Doctor Faustino Tronge 1025,-31.397678,-64.204177,VILLA PAEZ
C9520,Avenida Cruz Roja Argentina 1329,-31.441191,-64.176217,VILLA REVOL
C9490,Enrique Berduc 2343,-31.436412,-64.136628,JOSE IGNACIO DIAZ SECCION 1
C9489,Agustín Gamarra 5686,-31.462484,-64.11134,FERREYRA
C9427,Valencia 1498,-31.434344,-64.166229,CRISOL SUD
C9406,Salamanca 2610,-31.437973,-64.158595,CRISOL SUD
C9360,Avenida General Manuel Savio 6113,-31.460187,-64.116039,FERREYRA
C9332,Nazca 707,-31.385612,-64.253578,COLINAS DEL CERRO
C9314,Deán Funes 5452,-31.393378,-64.252607,LOS ROBLES
C9382,Chirinos de Posadas 4699,-31.44895713194932,-64.13796901702882,COOPERATIVA EL FUTURO
MA-00000168,Tilcara 911,-31.473867813639828,-64.21599984169008,VILLA EL LIBERTADOR
MA-00000364,Howard 1365,-31.365464503233987,-64.14867639541627,GENERAL MOSCONI
C9292,Avenida Sagrada Familia 692,-31.392815,-64.233316,VILLA SIBURU
C9222,Algarañaz y Murguias 3732,-31.455665913854705,-64.1706705093384,BIALET MASSE
C9208,Carlos Paz 3717,-31.456545,-64.162656,BIALET MASSE
C9190,Avenida El Quebracho 3975,-31.476993,-64.145077,VILLA CORONEL OLMEDO
C9261,Coronel José Javier Diaz 612,-31.44677,-64.187858,LAS FLORES
C9172,Sarmiento 260,-31.411304,-64.178224,URQUIZA
C9555,Avellaneda 387,-31.40804,-64.194644,URQUIZA
MA-00000266,López y Planes 2723,-31.42110094017806,-64.14861202239992,YAPEYU
MA-00000245,Agustín Garzón 3416,-31.426264526713968,-64.14060831069948,ACOSTA
MA-00000229,Domingo Iros 329,-31.394069870845357,-64.24100875854494,VILLA SIBURU
MA-00000221,Esquel 4394,-31.459958183898287,-64.21121478080751,CABO FARINA
MA-00000185,Soldado Ramón A. Cabrera 7070,-31.37845386695373,-64.27506744861604,PARQUE DON BOSCO
MA-00000178,Avenida Gobernador Amadeo Sabattini S/N,-31.426191286339595,-64.17319178581239,CRISOL SUD
MA-00000155,Avenida Juan B. Justo 6314,-31.34752560436437,-64.17607784271242,REMEDIOS DE ESCALADA
MA-00000136,Trelew 802,-31.454421210268915,-64.21020627021791,LAS FLORES
MA-00000120,Máximo Menna 1351,-31.45673671179148,-64.21920776367189,FERRER
C6602,Avenida Madrid 2208,-31.43362,-64.169464,CRISOL SUD
C2778,Gavilán 615,-31.408711,-64.150293,YAPEYU
C939,Avenida Fuerza Aérea 3380,-31.431643,-64.233399,AMEGHINO NORTE
p8_reg_c,Alejandro Carbó 1853,-31.41783,-64.158806,YAPEYU
p14_ida,Obispo Maldonado 2064,-31.418303,-64.156654,YAPEYU
p5_ida_c,Avenida Fuerza Aérea 2607,-31.43114,-64.222626,ROSEDAL ANEXO
C821,Avenida Patria 428,-31.408856,-64.15792,GENERAL PUEYRREDON
p10_ida_b,Avenida Colón 785,-31.410538,-64.193695,URQUIZA
C9659,Asturias 3600,-31.435483,-64.139251,JOSE IGNACIO DIAZ SECCION 1
C9637,Barcelona 1789,-31.428649,-64.157077,CRISOL SUD
C9614,Avenida Sabattini 2926,-31.433451,-64.14814,JARDIN DEL PILAR
C9592,Eduardo Secchi 4102,-31.444097,-64.1346,JOSE IGNACIO DIAZ SECCION 1
C9617,Diego de Torres 2580,-31.44070091831187,-64.14422392845155,BH_CAMINO A 60 CUADRAS
C9597,Asturias 3182,-31.435323,-64.144573,JOSE IGNACIO DIAZ SECCION 1
C9549,Carlos Casaffousth 1621,-31.39958293638037,-64.19961690902711,SAN MARTIN
C9533,Doctor Ángel Roffo 2613,-31.39489,-64.212416,VILLA PAEZ
C9502,Asturias 2733,-31.435336735607198,-64.15072560310365,JARDIN DEL PILAR
C9480,Miguel de Mármol 3347,-31.439488,-64.142561,JOSE IGNACIO DIAZ SECCION 1
C9501,Juan Ramón Rojas 5372,-31.469896,-64.116254,FERREYRA
C9473,Juan del Risco y Alvarado 3982,-31.459967,-64.132562,COOPERATIVA EL FUTURO
C9455,Chirinos de Posadas 4276,-31.446074,-64.14328,BH_CAMINO A 60 CUADRAS
C9443,Miguel de Mármol 2174,-31.43924547929269,-64.15252804756166,JARDIN DEL PILAR
C9414,Valladolid 1611,-31.435209,-64.164748,CRISOL SUD
C9400,Galicia 2824,-31.437653,-64.15336,JARDIN DEL PILAR
C9372,Juan del Risco y Alvarado 3843,-31.458251,-64.132363,COOPERATIVA EL FUTURO
C9356,Agustín Gamarra 5751,-31.463353,-64.110342,FERREYRA
C9312,Deán Funes 5342,-31.393928,-64.250992,LOS ROBLES
C9290,Avenida Sagrada Familia 392,-31.395686,-64.234641,VILLA SIBURU
C9241,Bv. Enrique Barros 2212,-31.433405,-64.185476,GUEMES
C9218,Calmayo 2028,-31.454041,-64.167768,BIALET MASSE
C9194,Celso Barrios 3763,-31.458521,-64.14947,BH_CAMINO A 60 CUADRAS
C9143,Avenida 11 de Septiembre 3270,-31.450321,-64.148419,BH_CAMINO A 60 CUADRAS
C9132,Avenida Menéndez Pidal 3684,-31.384495,-64.234003,VILLA SIBURU
C9115,Huascha 2654,-31.441136,-64.160714,CRISOL SUD
C9089,Salta 117,-31.416203,-64.178229,URQUIZA
C9063,Monseñor Miguel de Andrea 615,-31.39924,-64.21541,VILLA PAEZ
C9259,Coronel José Javier Diaz 422,-31.446458,-64.191742,LAS FLORES
C9141,Avenida 11 de Septiembre 3105,-31.448197444234125,-64.14836525917055,BH_CAMINO A 60 CUADRAS
C9093,Obispo Salguero 296,-31.420817,-64.18016,GUEMES
C9323,Ángel A. Salvedores 5713,-31.479349,-64.136853,VILLA CORONEL OLMEDO
C9102,Avenida Colón 2262,-31.404976635639656,-64.21220719814302,ALBERDI
C9424,Nicanor Carranza 3738,-31.38010259992297,-64.23099875450136,VILLA SIBURU
C9079,Avenida Colón 1267,-31.40859820711772,-64.20025527477266,URQUIZA
C9561,Avenida Ciudad De Valparaíso S/N,-31.43498,-64.185267,GUEMES
MA-00000240,Pedro Medrano 5151,-31.435290964809283,-64.11980509757997,EMPALME
MA-00000243,Ernesto Bancalari 1499,-31.42671312275867,-64.13531899452211,ACOSTA
MA-00000216,Ramos Mejia 2159,-31.434851564012163,-64.12331342697145,EMPALME
MA-00000205,Avenida Río Bamba 258,-31.39694263507265,-64.25642743706703,LOS ROBLES
c5665,Avenida Cjal. Felipe Belardinelli 4316,-31.46154142360771,-64.19759988784791,CABO FARINA
MA-00000164,Martiniano Chilavert 3899,-31.36366893513634,-64.1466271877289,GENERAL MOSCONI
MA-00000149,Dirección desconocida,-31.49948997879045,-64.26002562046052,PARQUE FUTURA
MA-00000131,Naciones Unidas 452,-31.4421746417087,-64.20194506645204,LAS FLORES
MA-00000114,Verona 4399,-31.459491443383865,-64.21802759170534,CABO FARINA
MA-00000111,Tucumán 177,-31.412851429277488,-64.18730020523073,URQUIZA
p1_ida,Aviador Pedro Zanni 3639,-31.430968,-64.236164,AMEGHINO NORTE
C929,Juan Larrea 1527,-31.415774,-64.162535,YAPEYU
C917,Juan Rodríguez 1301,-31.423349,-64.149116,YAPEYU
p13_ida_c,Avenida Julio A. Roca 453,-31.427964,-64.196512,GUEMES
p24_vuelta_b,Avenida Colón 3044,-31.40217,-64.221081,VILLA SIBURU
p13_vuelta_b,Santa Rosa 42,-31.412365,-64.183095,URQUIZA
p18_ida_b,Avenida 24 de Septiembre 1488,-31.413212,-64.163791,YAPEYU
p7_ida_b,Avenida Colón 1663,-31.407163,-64.205489,ALBERDI
C9677,Alonso de Miranda 4077,-31.446138,-64.135249,JOSE IGNACIO DIAZ SECCION 1
C9657,Estanislao Learte 2186,-31.433996,-64.139267,JOSE IGNACIO DIAZ SECCION 1
C9622,Guido Spano 2311,-31.430998,-64.154878,CRISOL SUD
C9604,Estanislao Learte 2591,-31.44093,-64.139047,JOSE IGNACIO DIAZ SECCION 1
C9584,Chirinos de Posadas 4785,-31.449081,-64.136848,COOPERATIVA EL FUTURO
C9609,Lucio Mansilla 3621,-31.437978,-64.138919,JOSE IGNACIO DIAZ SECCION 1
C9585,Bilbao 2439,-31.436,-64.158681,CRISOL SUD
C9554,Doctor Eliseo Cantón 2173,-31.395302,-64.206886,VILLA PAEZ
C9542,Avenida Castro Barros 41,-31.405004,-64.194215,URQUIZA
C9518,Avenida Cruz Roja Argentina 1767,-31.440545,-64.170477,VILLA REVOL
C9488,Lucio Mansilla 3899,-31.437936,-64.136783,JOSE IGNACIO DIAZ SECCION 1
C9168,Bulevar Chacabuco 155,-31.41894020612016,-64.18069124221803,URQUIZA
C9487,Avenida General Manuel Savio 6318,-31.460942,-64.112923,FERREYRA
C9358,Agustín Gamarra 5613,-31.461496,-64.11222,FERREYRA
C9324,Chancay 793,-31.38569,-64.250895,COLINAS DEL CERRO
C9291,Calmayo 2392,-31.454133,-64.163927,BIALET MASSE
C9260,Bv. Enrique Barros S/N,-31.43384459608339,-64.18633460998537,GUEMES
C9221,Emilio Lamarca 3352,-31.389019,-64.231299,VILLA SIBURU
C9209,José Figueroa 480,-31.389651,-64.248036,COLINAS DEL CERRO
C9189,Juan Hauling 5601,-31.384549,-64.250434,COLINAS DEL CERRO
C9140,Avenida Menéndez Pidal 4300,-31.379548,-64.244029,COLINAS DEL CERRO
C9136,Avenida Menéndez Pidal 3960,-31.382026,-64.23912,COLINAS DEL CERRO
C9126,José Barros Pazos 3392,-31.386578,-64.227276,VILLA SIBURU
C9110,Octavio Pinto 2085,-31.395883,-64.209702,VILLA PAEZ
C9636,Ferroviarios 1531,-31.428993,-64.164727,CRISOL SUD
C934,Avenida Julio A. Roca 559,-31.42866311735861,-64.19884443283082,GUEMES
MA-00000255,12 de Octubre 2360,-31.39863053623363,-64.21071052551271,VILLA PAEZ
MA-00000234,Igualdad 3534-3546,-31.395379482176736,-64.22581672668458,VILLA SIBURU
MA-00000217,Avenida Armada Argentina 719,-31.458393221232484,-64.21032428741456,CABO FARINA
MA-00000203,Igualdad 5628,-31.386472849005425,-64.25170540809633,COLINAS DEL CERRO
C9159,Avenida 11 de Septiembre 5506,-31.477157,-64.147893,VILLA CORONEL OLMEDO
C9313,Avenida El Quebracho 4070,-31.477263,-64.144202,VILLA CORONEL OLMEDO
C9402,Andalucía 1988,-31.43861386664796,-64.15569305419923,JARDIN DEL PILAR
C9415,José Barros Pazos 3553,-31.38470515964472,-64.23106849193574,VILLA SIBURU
C9423,Monserrat 2196,-31.43322210140805,-64.16794538497926,CRISOL SUD
MA-00000190,Avenida Mahatma Ghandi 865,-31.37937899290503,-64.26968693733217,PARQUE DON BOSCO
MA-00000163,Granadero Toba 3899,-31.36470413929805,-64.14722800254823,GENERAL MOSCONI
MA-00000157,Mackay Gordón 5087,-31.35628475886536,-64.18566942214967,MARQUES DE SOBREMONTE
MA-00000144,Avenida Pueyrredón 48,-31.427112,-64.189373,GUEMES
MA-00000125,Belgrano 1204,-31.42887825512394,-64.19412910938264,GUEMES
MA-00000133,Doctor Federico Padula 3409,-31.44786793921339,-64.20691251754762,FERRER
MA-00000117,Piamonte 1454,-31.457758,-64.222702,CONGRESO
MA-00000042,Tandil 3124,-31.44267808227868,-64.15651917457582,JARDIN DEL PILAR
C935,Avenida Julio A. Roca 1700,-31.430108,-64.213122,BELLA VISTA
p1_reg_c,San Jerónimo 3209,-31.423837,-64.142792,YAPEYU
C910,Juan Larrea 1522,-31.415873,-64.16263,YAPEYU
p26_vuelta_b,Domingo Zípoli 233,-31.400444,-64.22513,VILLA SIBURU
p14_vuelta_b,Santa Rosa 252,-31.411546,-64.186025,URQUIZA
C828,Avenida Patria 923,-31.40375,-64.159971,GENERAL PUEYRREDON
C819,Avenida 24 de Septiembre 1868,-31.411953,-64.159156,YAPEYU
C808,Avenida Colón 1027,-31.40954,-64.19722,URQUIZA
C9679,Gabriel de Cepeda 4072,-31.446898,-64.135995,JOSE IGNACIO DIAZ SECCION 1
C9665,Estanislao Learte 2571,-31.440568,-64.139015,JOSE IGNACIO DIAZ SECCION 1
C9649,Luis Braille 2784,-31.432522,-64.149765,JARDIN DEL PILAR
C9632,Ferroviarios 1873,-31.429785,-64.160698,CRISOL SUD
C9606,Estanislao Learte 2491,-31.439058,-64.139047,JOSE IGNACIO DIAZ SECCION 1
C9588,Alonso de Miranda 4105,-31.446312,-64.134831,JOSE IGNACIO DIAZ SECCION 1
C9593,Asturias 2760,-31.43545573957719,-64.15043592453004,JARDIN DEL PILAR
C9587,Bilbao 2599,-31.437209,-64.157737,JARDIN DEL PILAR
C9556,Doctor Eliseo Cantón 2356,-31.394546,-64.208972,VILLA PAEZ
C9545,Pasaje Benjamín Cruz 1099,-31.396886,-64.201586,VILLA PAEZ
C9522,Avenida Cruz Roja Argentina 1112,-31.44166204489494,-64.17946815490724,VILLA REVOL
C9492,Asturias 3827,-31.4353,-64.137604,JOSE IGNACIO DIAZ SECCION 1
C9493,Cipriano Perelló 4792,-31.464891,-64.111158,FERREYRA
C9451,Chirinos de Posadas 3884,-31.444106,-64.146697,BH_CAMINO A 60 CUADRAS
C9437,Asturias 1884,-31.43889763517436,-64.15847182273866,JARDIN DEL PILAR
C9340,Zorzal 505,-31.385044,-64.259816,PARQUE DON BOSCO
C9315,Avenida El Quebracho 4182,-31.47724424751231,-64.14193868637086,VILLA CORONEL OLMEDO
C9294,Sagrada Familia 1008,-31.389417,-64.231761,VILLA SIBURU
C9223,Avenida Sagrada Familia 667,-31.392998,-64.233477,VILLA SIBURU
C9210,Calmayo 2572,-31.454847,-64.162629,BIALET MASSE
C9191,Chancay 815,-31.385355,-64.250729,COLINAS DEL CERRO
C9177,La Rioja 6429,-31.386757,-64.259468,PARQUE DON BOSCO
C9138,Avenida Menéndez Pidal 4217,-31.380281,-64.242833,COLINAS DEL CERRO
C9128,Avenida Menéndez Pidal 3371,-31.38656,-64.229169,VILLA SIBURU
C9111,Avenida Revolución de Mayo 1765,-31.439149,-64.162184,CRISOL SUD
C9101,Avenida Gobernador Amadeo Sabattini S/N,-31.427180026566703,-64.17251586914064,CRISOL SUD
C5312,Colectora S/N,-31.38754901664894,-64.26316380500795,PARQUE DON BOSCO
C9248,Coronel José Javier Diaz 428,-31.446408,-64.191608,LAS FLORES
MA-00000197,Concejal Felipe Belardinelli 3842,-31.45577573984754,-64.19600129127504,LAS FLORES
C9170,Avenida Maipú 300,-31.413904,-64.178578,URQUIZA
MA-00000233,Domingo Zípoli 641,-31.396414336950773,-64.22338128089906,VILLA SIBURU
MA-00000220,Tenerife 4645,-31.4633351194898,-64.20727729797365,CABO FARINA
MA-00000212,Ramón Cárcano S/N,-31.38597368620984,-64.26135063171388,PARQUE DON BOSCO
MA-00000186,República Popular China S/N,-31.371061691814667,-64.27744388580324,PARQUE DON BOSCO
MA-00000141,Avenida Maipú 51,-31.416614614695487,-64.17988657951356,URQUIZA
MA-00000132,San Antonio 799,-31.445460686820645,-64.20684814453126,FERRER
MA-00000121,Iruya 4042,-31.45571167470071,-64.21104311943056,CABO FARINA
MA-00000100,Federico Brandsen 151,-31.397037075918817,-64.19706344604494,SAN MARTIN
C5266,Avenida Duarte Quirós 2757,-31.408305190096343,-64.21985149383546,ALBERDI
C9087,Avenida Emilio Olmos 84,-31.414032591320336,-64.18203234672548,URQUIZA
C9405,José Roque Funes 1706,-31.372687653833225,-64.23818171024324,COLINAS DEL CERRO
MA-00000056,Gobernador Justiniano Posse 1319,-31.444819962834583,-64.17629241943361,VILLA REVOL
MA-00000029,Avenida Doctor Arturo Capdevila 2705,-31.3774554534781,-64.13299083709718,RESIDENCIAL SAN JORGE
C932,Sarmiento 1323,-31.410454,-64.166852,GENERAL PUEYRREDON
C846,Avenida Colón 2152,-31.405375,-64.210895,ALBERDI
p10_vuelta_b,Sarmiento 819,-31.412133,-64.172865,GENERAL PUEYRREDON
p25_ida_b,Avenida Patria 1068,-31.401944,-64.160459,GENERAL PUEYRREDON
p12_ida,Avenida 24 de Septiembre 828,-31.415337,-64.171582,YAPEYU
C9671,Avenida Los Sauces 4186,-31.441232,-64.133388,JOSE IGNACIO DIAZ SECCION 1
C9651,Avenida Sabattini 2974,-31.433442,-64.147684,JARDIN DEL PILAR
C9633,Ferroviarios 2021,-31.430691,-64.15867,CRISOL SUD
C9612,Avenida Gobernador Amadeo Sabattini 3255,-31.432741,-64.143736,JOSE IGNACIO DIAZ SECCION 1
C9590,Ramón Videla 4100,-31.445639,-64.133769,JOSE IGNACIO DIAZ SECCION 1
C9621,Segredo de Molina 2715,-31.444284,-64.144449,BH_CAMINO A 60 CUADRAS
C9605,Enrique Berduc 2412,-31.437685,-64.136746,JOSE IGNACIO DIAZ SECCION 1
C9569,Avenida Cruz Roja Argentina 1317,-31.441241,-64.176362,VILLA REVOL
C9550,Bialet Massé 1757,-31.397898,-64.200298,SAN MARTIN
C9538,Humberto Primo 544,-31.40798,-64.188995,URQUIZA
C9498,Asturias 3002,-31.435309,-64.147121,JARDIN DEL PILAR
C9478,Diego de Torres 2557,-31.440385,-64.144079,JOSE IGNACIO DIAZ SECCION 1
C9499,Juan Ramón Rojas 5248,-31.468423,-64.114891,FERREYRA
C9475,Avenida General Manuel Savio 5229,-31.460296798109557,-64.13007259368898,COOPERATIVA EL FUTURO
C9429,Valencia 1688,-31.434408,-64.163268,CRISOL SUD
C9418,Mariano Larra 3420,-31.385117,-64.227163,VILLA SIBURU
C9051,Rufino Cuervo 1369,-31.39016840294764,-64.21886444091798,VILLA SIBURU
C9319,Avenida El Quebracho 4382,-31.477244,-64.138827,VILLA CORONEL OLMEDO
C9300,José Roque Funes 969,-31.381266,-64.245665,COLINAS DEL CERRO
C9255,Lisardo Novillo Saravia 300,-31.443561,-64.193582,LAS FLORES
C9233,Avenida Colón 3341,-31.401304558276856,-64.22452926635744,VILLA SIBURU
C9217,Avenida Menéndez Pidal 3397,-31.387086,-64.228274,VILLA SIBURU
C9201,27 De Abril 5313,-31.395466,-64.251223,LOS ROBLES
C9184,Avenida El Quebracho 4385,-31.477038,-64.138768,VILLA CORONEL OLMEDO
C9146,José Roque Funes 1568,-31.3743,-64.240628,COLINAS DEL CERRO
C9130,Avenida Menéndez Pidal 3570,-31.385502,-64.232259,VILLA SIBURU
MA-00000206,Avenida Cjal. Felipe Belardinelli 4316,-31.461413301158483,-64.19759988784791,CABO FARINA
MA-00000119,Huiliches 961,-31.45653536610546,-64.21230912208559,CABO FARINA
MA-00000070,Avenida Ciudad de Valparaíso 3679,-31.455263217445847,-64.18663501739503,LAS FLORES
MA-00000026,Alexander Fleming 3316,-31.446641438118025,-64.2359232902527,ESTACION FLORES
p15_ida,Carlos Tejedor 1301,-31.422902,-64.154111,YAPEYU
p3_ida,Avenida Julio A. Roca 1399,-31.429803,-64.210595,BELLA VISTA
p19_vuelta_b,Avenida Colón 1482,-31.407715,-64.203101,ALBERDI
C833,Sarmiento 1168,-31.41103330340879,-64.16874904185534,GENERAL PUEYRREDON
p10_ida,Avenida Emilio Olmos 126,-31.414263,-64.181374,URQUIZA
p2_ida_b,Avenida Colón 3069,-31.402243,-64.221403,VILLA SIBURU
C9669,Avenida Los Sauces 3986,-31.441149,-64.135839,JOSE IGNACIO DIAZ SECCION 1
C9645,Samuel Morse 1988,-31.431474,-64.156584,CRISOL SUD
C9626,Samuel Morse 1872,-31.429643,-64.156353,CRISOL SUD
C9602,Alonso de Reynoso 3627,-31.441653,-64.138892,JOSE IGNACIO DIAZ SECCION 1
C9619,Morales de Albornoz 3200,-31.442875,-64.144197,BH_CAMINO A 60 CUADRAS
MA-00000230,Igualdad 4435,-31.391968043845665,-64.23522591590883,VILLA SIBURU
C9271,Avenida Pablo Ricchieri 3084,-31.447565891926327,-64.17679667472841,VILLA REVOL
C9370,Juan del Risco y Alvarado 3915,-31.45925349634398,-64.13241147994997,COOPERATIVA EL FUTURO
C9459,Chirinos de Posadas 4535,-31.447776,-64.1399,JOSE IGNACIO DIAZ SECCION 1
C9463,Chirinos de Posadas 4799,-31.449542911041423,-64.13691759109498,COOPERATIVA EL FUTURO
MA-00000175,Mauricio Yadarola 786,-31.387860416049545,-64.16880369186401,GENERAL BUSTOS
C9601,Asturias 3578,-31.435345889764097,-64.13954615592958,JOSE IGNACIO DIAZ SECCION 1
C9567,Cruz Roja Argentina 1047,-31.441589,-64.18009,VILLA REVOL
C9548,Martín García 642,-31.398713,-64.196624,SAN MARTIN
C9524,Avenida Cruz Roja Argentina 937,-31.441927497166382,-64.18195724487306,VILLA REVOL
C9494,Asturias 3547,-31.435163,-64.139857,JOSE IGNACIO DIAZ SECCION 1
C9264,Avenida Hipólito Yrigoyen 645,-31.429533,-64.184103,GUEMES
C9497,Cipriano Perelló 5124,-31.467124,-64.114258,FERREYRA
C9465,Francisco de la Retana 4991,-31.451524,-64.133366,COOPERATIVA EL FUTURO
C9445,Miguel de Mármol 2863,-31.439108172558107,-64.14911627769472,JARDIN DEL PILAR
C9417,José Barros Pazos 3407,-31.386472849005425,-64.22796785831453,VILLA SIBURU
C9407,Hilarión Plaza 4261,-31.375898273667467,-64.24042940139772,COLINAS DEL CERRO
C9366,Avenida General Manuel Savio 5457,-31.460201,-64.127026,COOPERATIVA EL FUTURO
C9049,José Barros Pazos 3122,-31.38894114713528,-64.22352075576784,VILLA SIBURU
C9318,Chancay 262,-31.390461,-64.253111,COLINAS DEL CERRO
C9298,Menéndez Pidal 4359,-31.379443,-64.24507,COLINAS DEL CERRO
C9270,Avenida Colón 2450,-31.40417996273008,-64.2142939567566,ALBERDI
C9249,Avenida Haya De La Torre S/N,-31.437346,-64.192058,GUEMES
C9215,José Roque Funes 970,-31.3813208118052,-64.24557924270631,COLINAS DEL CERRO
C9129,Avenida Pilar 2765,-31.442815,-64.1513,JARDIN DEL PILAR
C9109,Málaga 1625,-31.43801,-64.164121,CRISOL SUD
C9062,Tandil 3118,-31.442651,-64.156567,JARDIN DEL PILAR
C9028,Jerónimo Helguera 4478,-31.464392,-64.143183,RAMON J CARCANO
C9002,Avenida Idelfonso Muñecas 4478,-31.48090420083222,-64.13733601570131,VILLA CORONEL OLMEDO
C6231,Ushuaia 2900,-31.481279,-64.249184,PARQUE FUTURA
C9245,Avenida Enrique Barros S/N,-31.436508,-64.188073,GUEMES
c6458,Nicolás Avellaneda 1889,-31.39287929923739,-64.18753623962404,SAN MARTIN
MA-00000189,Av. República de China,-31.369495245459916,-64.27692890167238,PARQUE DON BOSCO
MA-00000162,Martiniano Chilavert 3850,-31.36499729238747,-64.14623022079469,GENERAL MOSCONI
MA-00000145,Dirección desconocida,-31.49815895183952,-64.26458001136781,PARQUE FUTURA
MA-00000143,Avenida Armada Argentina 1100,-31.460745231261622,-64.21707272529603,CABO FARINA
MA-00000130,Naciones Unidas 264,-31.442485859834783,-64.19968128204347,LAS FLORES
MA-00000113,Soldado Eduardo Sosa 2185,-31.467910718656377,-64.23238277435304,CONGRESO
MA-00000104,Tucumán 87,-31.41395934139361,-64.18778300285341,URQUIZA
MA-00000028,Thomas Edison 2338,-31.382016925787564,-64.13487911224367,YOFRE NORTE
c8011,Humberto Primo 453,-31.40833723887761,-64.1878366470337,URQUIZA
C926,Obispo Maldonado 2111,-31.418234,-64.155947,YAPEYU
p34_ida_c,San Jerónimo 3225,-31.423884185265244,-64.1426467895508,YAPEYU
C907,Avenida Julio A. Roca 865,-31.428615,-64.204102,CUPANI
p21_reg_b1,Avenida Colón 2742,-31.403249,-64.217649,ALBERDI
p32_reg_b1,Avenida Patria 1325,-31.399448,-64.161543,GENERAL PUEYRREDON
p22_ida_c,Avenida 24 de Septiembre 1068,-31.41459,-64.168797,YAPEYU
p6_ida_b,Avenida Colón 1935,-31.406257,-64.208592,ALBERDI
C9675,Alfonso Butori 4001,-31.444239,-64.135201,JOSE IGNACIO DIAZ SECCION 1
C9653,Avenida Sabattini 3187,-31.43335,-64.145356,JOSE IGNACIO DIAZ SECCION 1
C9620,Guillermo Marconi 1966,-31.431483,-64.152818,JARDIN DEL PILAR
C9596,Alonso de Reynoso 4219,-31.441758,-64.132862,JOSE IGNACIO DIAZ SECCION 1
C6649,Avenida Emilio Olmos 448,-31.415585,-64.17722,URQUIZA
C9595,Asturias 2902,-31.435392,-64.148349,JARDIN DEL PILAR
C9573,Avenida Cruz Roja Argentina 1889,-31.440326,-64.169034,CRISOL SUD
C9552,Doctor Eliseo Cantón 1882,-31.396162,-64.203737,VILLA PAEZ
C9541,Doctor Ángel Roffo 1931,-31.397225,-64.204826,VILLA PAEZ
C9074,Avenida Revolución de Mayo 1417,-31.43546,-64.167618,CRISOL SUD
C9139,Avenida 11 de Septiembre 3044,-31.447451,-64.14844,BH_CAMINO A 60 CUADRAS
C9384,Chirinos de Posadas 4589,-31.447945739114463,-64.13968563079835,JOSE IGNACIO DIAZ SECCION 1
C9428,Coronel Juan Beverina 1872,-31.37579293410121,-64.23119723796846,COLINAS DEL CERRO
C9457,Chirinos de Posadas 4379,-31.446687,-64.141917,BH_CAMINO A 60 CUADRAS
C9471,Juan del Risco y Alvarado 3840,-31.458201031031894,-64.13246512413026,COOPERATIVA EL FUTURO
C9510,Castilla 1924,-31.437616093072307,-64.15822505950929,CRISOL SUD
C9486,Lucio Mansilla 3599,-31.437991,-64.139305,JOSE IGNACIO DIAZ SECCION 1
C3966,Avenida General Manuel Savio 5440,-31.460882506287035,-64.12739038467409,COOPERATIVA EL FUTURO
C9483,Avenida General Manuel Savio 6193,-31.46015,-64.114816,FERREYRA
C9422,José Otero 1478,-31.382145,-64.230623,VILLA SIBURU
C9394,Malagueño 3699,-31.441214,-64.149288,JARDIN DEL PILAR
C9352,Cipriano Perelló 4822,-31.465202,-64.111565,FERREYRA
C9322,Chancay 668,-31.386903,-64.251464,COLINAS DEL CERRO
C9311,Avenida El Quebracho 3919,-31.477116146553342,-64.14586544036867,VILLA CORONEL OLMEDO
C9287,Calmayo S/N,-31.454293,-64.167731,BIALET MASSE
C9216,Calmayo 2216,-31.454073,-64.166336,BIALET MASSE
C9206,Celso Barrios 2551,-31.457872,-64.162624,BIALET MASSE
C9186,Avenida El Quebracho 4275,-31.477006,-64.140388,VILLA CORONEL OLMEDO
C9157,Avenida 11 de Septiembre 5214,-31.473305,-64.147963,VILLA CORONEL OLMEDO
C9135,Avenida 11 de Septiembre 2790,-31.443717,-64.148537,BH_CAMINO A 60 CUADRAS
C9124,Mariano Larra 3333,-31.385928,-64.225801,VILLA SIBURU
C9107,Avenida Revolución de Mayo 1578,-31.43714,-64.16536,CRISOL SUD
C9068,Avenida Revolución de Mayo 1817,-31.439616,-64.161492,CRISOL SUD
C9056,Avenida Pilar 2690,-31.441772,-64.150967,JARDIN DEL PILAR
C9042,Avenida 11 de Septiembre 3281,-31.450426,-64.148199,BH_CAMINO A 60 CUADRAS
C9257,Concejal Felipe Belardinelli 2962,-31.445561371620112,-64.19400572776796,LAS FLORES
C9634,Ortiz Herrera 1951,-31.429487,-64.162034,CRISOL SUD
MA-00000207,Avenida Circunvalación 4821,-31.464286862535303,-64.20426249504091,CABO FARINA
MA-00000188,República Popular China S/N,-31.3729670416574,-64.27789449691774,PARQUE DON BOSCO
MA-00000139,Sarmiento 255,-31.410993,-64.178204,URQUIZA
MA-00000123,Belgrano 1061,-31.426673,-64.19317099999999,GUEMES
MA-00000129,Avenida Vélez Sarsfield 2418,-31.44129590259704,-64.19770717620851,LAS FLORES
MA-00000118,Máximo Menna 1455,-31.45541880489996,-64.22032356262208,FERRER
p16_reg_c,Lima 13,-31.412645,-64.18232,URQUIZA
C924,Carlos Tejedor 1299,-31.422829,-64.153863,YAPEYU
p11_vuelta_b,Santiago del Estero 344,-31.41407,-64.175626,URQUIZA
p26_ida_b,Avenida Patria 1356,-31.399185,-64.161458,GENERAL PUEYRREDON
p17_ida_b,Avenida 24 de Septiembre 1236,-31.414011,-64.16669,YAPEYU
p5_ida_b,Avenida Colón 2215,-31.405261,-64.211816,ALBERDI
C9673,Sofía de Luque 2784,-31.443644,-64.134573,JOSE IGNACIO DIAZ SECCION 1
C9655,Avenida Gobernador Amadeo Sabattini 3238,-31.433062,-64.143704,JOSE IGNACIO DIAZ SECCION 1
C9635,Ferroviarios 2145,-31.430782,-64.157276,CRISOL SUD
C9616,Avenida Sabattini 2517,-31.432998,-64.152753,JARDIN DEL PILAR
C9594,Morales de Albornoz 4251,-31.442449,-64.132465,JOSE IGNACIO DIAZ SECCION 1
C9607,Lucio Mansilla 3813,-31.437964,-64.137706,JOSE IGNACIO DIAZ SECCION 1
C9571,Avenida Cruz Roja Argentina 1636,-31.440829,-64.172044,VILLA REVOL
C9551,Avenida Castro Barros 417,-31.401309,-64.196532,SAN MARTIN
C9539,Doctor Ángel Roffo 2127,-31.396588,-64.206859,VILLA PAEZ
C9506,Castilla 2237,-31.435479,-64.154363,JARDIN DEL PILAR
C9476,Diego de Torres 2699,-31.442742,-64.144052,BH_CAMINO A 60 CUADRAS
C9479,General Manuel Savio 5615,-31.460187,-64.123743,COOPERATIVA EL FUTURO
C9398,Provincias Vascongadas 2484,-31.43871913571768,-64.15202915668489,JARDIN DEL PILAR
C9374,Juan del Risco y Alvarado 3685,-31.456197,-64.132331,COOPERATIVA EL FUTURO
C9348,Juan Ramón Rojas 5277,-31.468913,-64.114811,FERREYRA
C9378,Chirinos de Posadas 5042,-31.45259073377101,-64.13234710693361,COOPERATIVA EL FUTURO
C9412,Valladolid 1699,-31.43524061690577,-64.16301548480989,CRISOL SUD
C9432,Fernando Fader 3999,-31.37396550283002,-64.23288166522981,COLINAS DEL CERRO
C9409,Hilarión Plaza 4105,-31.377144019580715,-64.2383909225464,COLINAS DEL CERRO
C9433,Santander 2497,-31.437652708804112,-64.1601723432541,CRISOL SUD
C9239,Avenida Vélez Sarsfield 79,-31.415498,-64.186774,URQUIZA
C9098,Avenida Colón 1527,-31.40758637884035,-64.20374751091005,ALBERDI
C9320,Chancay 476,-31.388506,-64.252183,COLINAS DEL CERRO
C9307,Celso Barrios 3740,-31.458722689230186,-64.15000677108766,BH_CAMINO A 60 CUADRAS
C9236,Pedro José de Parras 1314,-31.445754,-64.176373,VILLA REVOL
C9214,Calmayo 2318,-31.45406,-64.16485,BIALET MASSE
C9179,Calandria 452,-31.386496,-64.258046,COLINAS DEL CERRO
C9145,Avenida 11 de Septiembre 3500,-31.453437,-64.14829,BH_CAMINO A 60 CUADRAS
C9122,Manuel Quintana 1426,-31.386748,-64.223773,VILLA SIBURU
C9106,Coronel Pedro Zanni 476,-31.402129,-64.211344,VILLA PAEZ
C9065,Monseñor Miguel de Andrea 309,-31.402175,-64.216681,ALBERDI
C9055,Avenida Octavio Pinto 2413,-31.391386,-64.213296,VILLA PAEZ
C9044,Avenida 11 de Septiembre 3113,-31.448303,-64.148242,BH_CAMINO A 60 CUADRAS
C9676,Humberto Primo 370,-31.40866688284974,-64.18655991554262,URQUIZA
MA-00000191,Soldado Ramón A. Cabrera 6925,-31.378508825185573,-64.27234768867494,PARQUE DON BOSCO
MA-00000122,Belgrano 455,-31.420452,-64.189931,GUEMES
MA-00000135,Doctor Federico Padula 3709,-31.451643448137823,-64.2082589864731,LAS FLORES
MA-00000112,Piamonte 1358,-31.45853049970572,-64.22037720680238,CONGRESO
MA-00000025,Alexander Fleming 2825,-31.441588816549807,-64.2358160018921,ROSEDAL ANEXO
p30_reg_c,Avenida Fuerza Aérea 2950,-31.431304,-64.227947,ROSEDAL ANEXO
p29_ida_c,Carlos Pellegrini 1224,-31.421806,-64.156761,YAPEYU
C842,Avellaneda 253,-31.409469,-64.195165,URQUIZA
p23_ida_b,Libertad 2050,-31.406396,-64.158809,GENERAL PUEYRREDON
p9_ida,Avenida Colón 247,-31.412751,-64.18645,URQUIZA
p3_ida_b,Avenida Colón 2715,-31.403463,-64.217449,ALBERDI
C9667,Avenida Los Sauces 3797,-31.44109,-64.137985,JOSE IGNACIO DIAZ SECCION 1
C9643,Samuel Morse 1820,-31.429254,-64.156321,CRISOL SUD
C9624,Goethe 2223,-31.429936,-64.155977,CRISOL SUD
C9600,Alonso de Reynoso 3923,-31.441717,-64.136419,JOSE IGNACIO DIAZ SECCION 1
C9615,Diego de Torres 2516,-31.439767,-64.144202,JOSE IGNACIO DIAZ SECCION 1
C9565,Avenida Cruz Roja Argentina 927,-31.441882,-64.182102,VILLA REVOL
C9547,Pasaje Benjamín Cruz 1009,-31.398324,-64.201773,VILLA PAEZ
C9535,Doctor Ángel Roffo 2413,-31.395599,-64.210104,VILLA PAEZ
C9496,Asturias 3265,-31.435291,-64.143054,JOSE IGNACIO DIAZ SECCION 1
C9495,Cipriano Perelló 4980,-31.466158,-64.112783,FERREYRA
C9469,Juan del Risco y Alvarado 3676,-31.456105,-64.132519,COOPERATIVA EL FUTURO
C9441,Cádiz 2855,-31.438403328153814,-64.15412664413454,JARDIN DEL PILAR
C9413,José Barros Pazos 3741,-31.382987812989903,-64.23405647277833,VILLA SIBURU
C9392,Gabriel de Ortubia 3805,-31.443822,-64.148285,BH_CAMINO A 60 CUADRAS
C9368,Avenida General Manuel Savio 5277,-31.460169,-64.129574,COOPERATIVA EL FUTURO
C9047,José Barros Pazos 3276,-31.38765892243766,-64.22573089599611,VILLA SIBURU
C9316,Chancay 6,-31.392627,-64.254173,LOS ROBLES
C9296,Sagrada Familia 1092,-31.388369,-64.229679,VILLA SIBURU
C9253,Maestro Marcelo López 3488,-31.440857,-64.193373,LAS FLORES
C9212,Calmayo 2416,-31.45406,-64.163568,BIALET MASSE
C9116,Avenida Octavio Pinto 2690,-31.388923,-64.21556,VILLA PAEZ
C9046,Avenida 11 de Septiembre 3037,-31.447419,-64.148247,BH_CAMINO A 60 CUADRAS
C9029,Avenida Menéndez Pidal 3985,-31.382063,-64.239582,COLINAS DEL CERRO
C9004,Avenida Idelfonso Muñecas 4364,-31.480858452299238,-64.1391170024872,VILLA CORONEL OLMEDO
C6243,Guanasacate 2907,-31.483292,-64.248261,PARQUE FUTURA
C6196,Guanasacate 2845,-31.483347,-64.247221,PARQUE FUTURA
C6064,Bulevar Chacabuco 437,-31.422497,-64.182129,GUEMES
C9278,Avenida Colón 3644,-31.399693,-64.228724,VILLA SIBURU
C9426,Coronel Juan Beverina 1660,-31.377858484048105,-64.23334300518037,COLINAS DEL CERRO
C9131,Avenida Pilar 2673,-31.441698659046057,-64.15088653564455,JARDIN DEL PILAR
C9133,Malagueño 3741,-31.44183596198531,-64.14891242980957,JARDIN DEL PILAR
C9032,De Las Leyes Agrarias 3893,-31.46463003674111,-64.14624094963075,RAMON J CARCANO
C9589,Asturias 2073,-31.43724078099656,-64.15540337562562,JARDIN DEL PILAR
C9453,Chirinos de Posadas 4023,-31.44487488220507,-64.14525389671327,BH_CAMINO A 60 CUADRAS
MA-00000167,Tilcara 1122,-31.47322728398323,-64.21897172927858,VILLA EL LIBERTADOR
C6272,Avenida Armada Argentina 3391,-31.484701,-64.244667,PARQUE FUTURA
C6131,Naciones Unidas 264,-31.442458,-64.199794,LAS FLORES
C6105,Bulevar Las Heras 206,-31.404574,-64.182805,URQUIZA
C6031,Avenida Japón 60,-31.33611732353625,-64.17676448822023,REMEDIOS DE ESCALADA
C6001,De Los Valsecitos 814,-31.309396,-64.182542,GUINAZU
C6170,Avenida Juan B. Justo 8873,-31.316321,-64.175799,GUINAZU
C6152,Margarita Puch de Güemes 400,-31.339407,-64.179833,REMEDIOS DE ESCALADA
C6000,Avenida Renault 2297,-31.472733,-64.238069,CONGRESO
C9269,Coronel José Javier Diaz 1285,-31.446587,-64.177043,VILLA REVOL
C9174,Humberto Primo 72,-31.409802,-64.182429,URQUIZA
C9137,Avenida 11 de Septiembre 2892,-31.445227,-64.148515,BH_CAMINO A 60 CUADRAS
C9112,Octavio Pinto 2374,-31.392879,-64.211644,VILLA PAEZ
C9072,Avenida Revolución de Mayo 1517,-31.436627,-64.16588,CRISOL SUD
C9060,Tandil 3416,-31.442637,-64.153483,JARDIN DEL PILAR
C9048,Avenida 11 de Septiembre 2967,-31.44639,-64.148269,BH_CAMINO A 60 CUADRAS
C9037,Avenida Menéndez Pidal 3561,-31.385731,-64.232136,VILLA SIBURU
C9025,Obispo Luque 1195,-31.379929,-64.24368,COLINAS DEL CERRO
C6262,Urquiza 1984,-31.392261,-64.185745,SAN MARTIN
C6225,Martinica 2199,-31.477208,-64.244083,PARQUE FUTURA
C6183,Mariano Fragueíro 4641,-31.36291771789842,-64.18394207954408,VILLA AZALAIS OESTE
C6058,Avenida Ambrosio Olmos 649,-31.429986,-64.187418,GUEMES
C6270,Avenida Armada Argentina S/N,-31.486087,-64.246051,PARQUE FUTURA
C6129,Maestro Marcelo López 3422,-31.442706,-64.194344,LAS FLORES
C6103,General Bustos 467,-31.402284,-64.185149,SAN MARTIN
C6029,Avenida Juan B. Justo 7089,-31.334514,-64.175874,REMEDIOS DE ESCALADA
C6009,Del Bailecito 502,-31.311427,-64.178159,GUINAZU
C6176,Avenida Juan B. Justo 9945,-31.309190130317443,-64.17572379112245,GUINAZU
C6062,Bulevar Chacabuco 750,-31.426159,-64.183803,GUEMES
C6038,Lord Baden Powell 2710,-31.44168,-64.206516,FERRER
C7330,Cleto Aguirre 6038,-31.409184,-64.264232,LOS ROBLES
C7322,Avenida Santa Ana 4064,-31.41156,-64.237951,QUINTA SANTA ANA
C7314,Avenida Santa Ana 1982,-31.416111,-64.212379,ALBERDI
C713,Urquiza 1529,-31.3972042073652,-64.18795097619295,SAN MARTIN
C702,Mariano Fragueíro 4421,-31.36604164283809,-64.18395280838014,HIPOLITO IRIGOYEN
C5703,Martín Cartechini 340,-31.413886,-64.131296,MALDONADO
C9205,José Figueroa 200,-31.39255,-64.249426,COLINAS DEL CERRO
C5695,General Pedernera 102,-31.411368,-64.137438,MALDONADO
C5687,Argandoña 2986,-31.420323,-64.145286,YAPEYU
C5115,Agustín Garzón 1294,-31.424223,-64.167677,CRISOL SUD
C9306,José Figueroa 460,-31.389852,-64.24816,COLINAS DEL CERRO
C5599,Igualdad 3699-3615,-31.39489,-64.227195,VILLA SIBURU
C5591,Doctor Enrique Tornú 2869,-31.396098,-64.216182,VILLA PAEZ
C5576,Asunción 1452,-31.423765,-64.162077,CRISOL SUD
C5495,Rafael Bielsa 3556,-31.451264,-64.198453,LAS FLORES
C5464,Corrientes 2605,-31.426379,-64.150795,YAPEYU
C5452,Corrientes 4117,-31.427761,-64.13224,ACOSTA
C5543,Andalgalá 4799,-31.438248,-64.12466,EMPALME
C5538,Ramos Mejia 1600,-31.42749129448044,-64.12354409694673,EMPALME
C5159,Pedro Antonio Inchauspe 188,-31.449442,-64.196377,LAS FLORES
C5514,Tahití 419,-31.462393,-64.20717,CABO FARINA
C5384,Martín Cartechini 866,-31.420094,-64.133576,MALDONADO
C5373,Juan Gregorio Lemos 5018,-31.416262,-64.121688,RENACIMIENTO
C5408,Bulevar Juan Piñero 96,-31.403731,-64.226568,VILLA SIBURU
C5351,Juan Gregorio Lemos 5042,-31.416258,-64.121506,RENACIMIENTO
C5340,Martín Cartechini 725,-31.418885,-64.133436,MALDONADO
C5335,Carlos Tejedor 1301,-31.422992,-64.153714,YAPEYU
C5319,Avenida Colón 7,-31.41373,-64.183213,URQUIZA
C5313,Colectora S/N,-31.38982037680925,-64.26452636718751,PARQUE DON BOSCO
C9127,Tapalque 3419,-31.44387717528878,-64.1534721851349,JARDIN DEL PILAR
C5565,Serrezuela 5216,-31.43420676249883,-64.11899875849485,EMPALME
C9105,Avenida Revolución de Mayo 1415,-31.435424,-64.167666,CRISOL SUD
C9091,Obispo Salguero 66,-31.41829,-64.179093,URQUIZA
C9064,Tandil 2901,-31.442541,-64.159083,JARDIN DEL PILAR
C9054,Avenida 11 de Septiembre 2719,-31.442381,-64.148338,JARDIN DEL PILAR
C9031,Avenida Menéndez Pidal 3901,-31.382296,-64.238203,COLINAS DEL CERRO
C9010,Avenida Idelfonso Muñecas 3826,-31.480853877444712,-64.14730846881868,VILLA CORONEL OLMEDO
C6245,Sotavento S/N,-31.48435357579206,-64.24738168716432,PARQUE FUTURA
C6212,Isabela 2199,-31.479925,-64.247414,PARQUE FUTURA
MA-00000542,Avenida Circunvalación 2119,-31.362332101082952,-64.14373187857947,GENERAL MOSCONI
C6276,Avenida Armada Argentina 2911,-31.481307,-64.241046,PARQUE FUTURA
C6135,Avenida Naciones Unidas 693,-31.441754,-64.204772,FERRER
C6035,Glauce Baldovin 399,-31.338193,-64.179828,REMEDIOS DE ESCALADA
C613,Del Cultrún 79,-31.308686,-64.176319,GUINAZU
C6182,Del Chamamé 9524,-31.311793,-64.178127,GUINAZU
C6144,Avenida Juan B. Justo 7654,-31.32932667804967,-64.17571306228639,REMEDIOS DE ESCALADA
C6108,Mariano Fragueíro 3574,-31.372784,-64.183781,HIPOLITO IRIGOYEN
C6086,Rodriguez Peña 1686,-31.394743,-64.189666,SAN MARTIN
C6040,Avenida Naciones Unidas 621,-31.441973,-64.204155,FERRER
C7329,Alto Alegre 859,-31.411734,-64.263791,PARQUE REPUBLICA
C7320,Avenida Santa Ana 3626,-31.412247108063173,-64.2313638702035,QUINTA SANTA ANA
C717,Bulevar Las Heras 201,-31.405022421233543,-64.18280482292177,URQUIZA
p10_ida_a1,Urquiza 2605,-31.385002,-64.185263,HIPOLITO IRIGOYEN
p25_ida_a,Avenida Vélez Sarsfield 1170,-31.428736355802226,-64.19246077537538,GUEMES
C725,Belgrano 724,-31.42337148842935,-64.19184923171998,GUEMES
C9328,Juan Hauling 5776,-31.383606,-64.252188,COLINAS DEL CERRO
C5697,Estanislao Learte 296,-31.413378,-64.136456,MALDONADO
C5690,Obispo Castellano 811,-31.418821,-64.139729,MALDONADO
C9185,Nazca 838,-31.384412,-64.252907,COLINAS DEL CERRO
C5330,Bernardo de Irigoyen 1318,-31.422996119325727,-64.15563941001894,YAPEYU
C5600,Igualdad 3982,-31.39429,-64.230114,VILLA SIBURU
C5593,Cayetano Silva 513,-31.399441,-64.218065,ALBERDI
C5563,Serrezuela 5397,-31.434005,-64.116919,VILLA BUSTOS
C5493,Pedro Antonio Inchauspe 213,-31.449392,-64.19583,LAS FLORES
C5462,Corrientes 3017,-31.426832,-64.145769,YAPEYU
C5450,Corrientes 4411,-31.427812,-64.128764,ACOSTA
C5433,Máximo Zamudio S/N,-31.433451,-64.109371,VILLA BUSTOS
C5546,Ancastí 5402,-31.439483,-64.116613,VILLA BUSTOS
C5534,Agustín Garzón 4085,-31.426782,-64.13269,ACOSTA
C6304,Honolulu 197,-31.455117,-64.202852,LAS FLORES
C5397,Alejandro Carbó 1783,-31.417484,-64.159513,YAPEYU
C5380,Río de la Plata 921,-31.420584,-64.128801,MALDONADO
C5356,Cangallo 1357,-31.425093,-64.119269,COLONIA LOLA
C5346,Argandoña 4668,-31.421865,-64.125915,RENACIMIENTO
C5336,Obispo Castellano 1251,-31.423541,-64.140415,ACOSTA
C5325,Juan Larrea 1538,-31.4159,-64.162463,YAPEYU
C5316,Avenida Duarte Quirós 4827,-31.399276,-64.24478,LAS VIOLETAS
C5269,Avenida Duarte Quirós 2169,-31.410576,-64.213023,ALBERDI
C5244,Avenida Duarte Quirós 4437,-31.401566,-64.239855,VILLA SIBURU
C9195,Chancay 283,-31.3902,-64.253138,COLINAS DEL CERRO
S00000255,Avenida Rafael Núñez 4520,-31.36558359582342,-64.235075712204,COLINAS DEL CERRO
C9040,Avenida 11 de Septiembre 3577,-31.454567646843422,-64.14815068244936,BH_CAMINO A 60 CUADRAS
C9084,Av. Amadeo Sabattini 645-359,-31.426283,-64.172902,CRISOL SUD
C9080,Avenida Gdor. Amadeo Sabattini S/N,-31.429377,-64.169844,CRISOL SUD
C5228,Avenida Carlos Federico Gauss 5345,-31.360449,-64.252564,COLINAS DEL CERRO
C5417,Hornero 674,-31.382814,-64.259076,COLINAS DEL CERRO
C5206,Chancay 28,-31.392495,-64.254082,LOS ROBLES
C5191,Avenida Duarte Quirós 4290,-31.402619,-64.237753,VILLA SIBURU
C9085,Avenida Colón 153,-31.413181,-64.185112,URQUIZA
C9069,Avenida Colón 2209,-31.405273096964176,-64.21175792813301,ALBERDI
C9059,Monseñor Miguel de Andrea 1015,-31.395357,-64.213709,VILLA PAEZ
C9035,Avenida Menéndez Pidal 3661,-31.384714,-64.233906,VILLA SIBURU
C9017,Gregorio Vélez 4239,-31.37357161574468,-64.23770427703859,COLINAS DEL CERRO
C6488,Juan Lavalleja 3574,-31.372793,-64.182349,HIPOLITO IRIGOYEN
C6227,Atlántida 2199,-31.478031,-64.245236,PARQUE FUTURA
C6179,Dirección desconocida,-31.360434993834023,-64.1798222064972,VILLA AZALAIS OESTE
C6060,Avenida Ambrosio Olmos 513,-31.429107,-64.185589,GUEMES
C6173,Avenida Renault 2224,-31.47266,-64.236846,CONGRESO
C6127,Maestro Marcelo López 3490,-31.44060938193272,-64.19302403926851,LAS FLORES
C6099,Mariano Fragueíro 1304,-31.399954,-64.187477,SAN MARTIN
C6007,De Los Valsecitos 477,-31.311537,-64.178739,GUINAZU
C6174,Avenida Juan B. Justo 9669,-31.311445051149285,-64.17609930038454,GUINAZU
C6106,Mariano Fragueíro 3462,-31.374579,-64.183738,HIPOLITO IRIGOYEN
C6084,Rodriguez Peña 1584,-31.395938,-64.190154,SAN MARTIN
C6050,Avenida Ingeniero Medina Allende S/N,-31.43792532392011,-64.19237561523914,GUEMES
C6004,Colorado 5208,-31.47158,-64.234893,CONGRESO
C7327,Coronel Manuel Namuncurá 5988,-31.415433,-64.263631,PARQUE REPUBLICA
C7318,Avenida Santa Ana 3098,-31.413529,-64.225581,QUINTA SANTA ANA
p4_ida_a,Mariano Fragueíro 4035,-31.36840512995744,-64.18392062187196,HIPOLITO IRIGOYEN
p22_vuelta_a,Mariano Fragueíro 4014,-31.36851,-64.183776,HIPOLITO IRIGOYEN
C729,Tucumán 329,-31.4110109843643,-64.18652772903444,URQUIZA
C5702,Martín Cartechini 152,-31.412439,-64.130432,MALDONADO
C9203,Antonio Rosillo 13,-31.394555,-64.250402,LOS ROBLES
C5694,Obispo Castellano 119,-31.411432,-64.138538,MALDONADO
C5684,Argandoña 2390,-31.419773,-64.152866,YAPEYU
C5114,Bulevar Juan Domingo Perón 868,-31.425349,-64.169544,CRISOL SUD
C9310,José Figueroa 207,-31.392247,-64.249426,COLINAS DEL CERRO
C5586,La Tablada 2278,-31.400915,-64.210694,VILLA PAEZ
C6271,Ostende 204,-31.455222,-64.203018,LAS FLORES
C5467,Corrientes 2007,-31.42572,-64.158236,CRISOL SUD
C5458,Lisandro de La Torre 3457,-31.430512,-64.140898,ACOSTA
C5446,Ramos Mejia 1907,-31.432174,-64.123287,EMPALME
C5550,Tinogasta 5890,-31.437236,-64.110149,VILLA BUSTOS
C5539,Ramos Mejia 1794,-31.429588,-64.123356,EMPALME
C5160,Pedro Antonio Inchauspe 290,-31.44974,-64.194682,LAS FLORES
C6294,Bermudas 487,-31.46177,-64.207953,CABO FARINA
C5394,Bernardo de Irigoyen 1243,-31.422126,-64.15543,YAPEYU
C5375,Mario Bravo 870,-31.420071,-64.122037,RENACIMIENTO
C5063,Avenida Colón 6344,-31.394409,-64.263394,LOS ROBLES
C5353,Cangallo 693,-31.418377,-64.119306,RENACIMIENTO
C5343,Pasaje Sáenz Peña 4482,-31.418675,-64.127938,MALDONADO
C5333,San Jerónimo 2960,-31.42366,-64.146085,YAPEYU
C5324,Rosario de Santa Fe 1258,-31.416047,-64.165639,YAPEYU
C5315,Avenida Duarte Quirós 5119,-31.397655,-64.249168,LAS VIOLETAS
C5268,Avenida Duarte Quirós 2313,-31.409931,-64.214975,ALBERDI
C5257,Arrecifes 205,-31.402074,-64.240751,LAS VIOLETAS
C9197,Chancay 99,-31.391982,-64.254001,LOS ROBLES
C5227,Avenida Carlos Federico Gauss 5545,-31.358222,-64.251641,COLINAS DEL CERRO
C5233,Ramón Cárcano 967,-31.379882770532284,-64.25715565681459,COLINAS DEL CERRO
C5203,Avenida Río Bamba 311,-31.397976,-64.25671,LOS ROBLES
C5190,Avenida Duarte Quirós 4068,-31.404249,-64.234856,QUINTA SANTA ANA
C5180,Avenida Duarte Quirós 1870,-31.4114,-64.209788,ALBERDI
C5583,República Popular China S/N,-31.363426,-64.280802,LA SALLE
C5095,Avenida Mahatma Ghandi 398,-31.384728,-64.269183,PARQUE DON BOSCO
C9053,Avenida Octavio Pinto 2747,-31.38852900539176,-64.21624928712843,LAS MARGARITAS
C4703,Avenida Cjal. Felipe Belardinelli 3733,-31.454696,-64.195851,LAS FLORES
C9061,Monseñor Miguel de Andrea 803,-31.397413,-64.2146,VILLA PAEZ
C9050,Avenida 11 de Septiembre 2887,-31.445168,-64.14829,BH_CAMINO A 60 CUADRAS
C9038,Avenida 11 de Septiembre 3791,-31.45654,-64.148038,BH_CAMINO A 60 CUADRAS
C9027,Avenida Menéndez Pidal 4115,-31.381138,-64.241551,COLINAS DEL CERRO
C9000,Avenida Idelfonso Muñecas 4594,-31.48089505112741,-64.13570523262025,VILLA CORONEL OLMEDO
C6229,Isabela 2200,-31.479541,-64.247113,PARQUE FUTURA
C6192,Avenida Armada Argentina S/N,-31.486192580492343,-64.2432725429535,PARQUE FUTURA
C6310,Venezuela 19,-31.433185,-64.193512,GUEMES
C6171,Filadelfia 2172,-31.471823,-64.235344,CONGRESO
C6125,Avenida Ingeniero Medina Allende S/N,-31.437158,-64.19237,GUEMES
C6027,Avenida Juan B. Justo 7751,-31.329226,-64.175971,REMEDIOS DE ESCALADA
C6005,De Los Valsecitos 673,-31.310524,-64.180541,GUINAZU
C6172,Avenida Juan B. Justo RUTA 9,-31.313342442710383,-64.17587399482728,GUINAZU
C6156,Margarita Weild de Paz 412,-31.336475,-64.179994,REMEDIOS DE ESCALADA
C6074,Jujuy 531,-31.407687104316235,-64.18830871582033,URQUIZA
C6042,Lamartine 2702,-31.442275,-64.201956,LAS FLORES
C7154,Cleto Aguirre 6272,-31.409207,-64.265932,LOS ROBLES
C7321,Avenida Santa Ana 3849,-31.411634,-64.235306,QUINTA SANTA ANA
C7313,Avenida Santa Ana 1700,-31.416734,-64.209123,CUPANI
p14_ida_a,Juan del Campillo 723,-31.398992,-64.187547,SAN MARTIN
C704,Mariano Fragueíro 3715,-31.370777718097408,-64.18394207954408,HIPOLITO IRIGOYEN
p23_vuelta_a,Mariano Fragueíro 4438,-31.365872165702825,-64.18385088443758,HIPOLITO IRIGOYEN
C5704,Blas Parera 3923,-31.41449,-64.132411,MALDONADO
C5024,Carlos Pellegrini 1246,-31.422007334983338,-64.15678739547731,YAPEYU
C5696,Estanislao Learte 123,-31.411702,-64.136081,MALDONADO
C5686,Argandoña 2784,-31.420176,-64.14792,YAPEYU
C5116,Leticia 1509,-31.424003,-64.166465,CRISOL SUD
C9308,José Figueroa 301,-31.391071,-64.248878,COLINAS DEL CERRO
C5589,Doctor Enrique Tornú 2475,-31.397303,-64.211628,VILLA PAEZ
C5572,Corrientes 3611,-31.427464,-64.138527,ACOSTA
C6275,Viña del Mar 4100,-31.458741,-64.203989,CABO FARINA
C5469,Corrientes 1607,-31.425262,-64.163268,CRISOL SUD
C5459,José M. Solares 1745,-31.428764,-64.142448,ACOSTA
C5449,Emilio Salgari 1599,-31.427546,-64.126478,ACOSTA
C5552,Medrano 6194,-31.435094,-64.108266,VILLA BUSTOS
C5541,Ramos Mejia 2078,-31.433872,-64.123394,EMPALME
C5511,Avenida Armada Argentina 601,-31.458041,-64.208704,CABO FARINA
C5399,Juan Larrea 1519,-31.415763104202394,-64.16261851787569,YAPEYU
C5381,Río de la Plata 735,-31.41905,-64.128796,MALDONADO
C5370,Callao 840,-31.419833,-64.120637,RENACIMIENTO
C5358,Mariano Boedo 1550,-31.426905,-64.117064,COLONIA LOLA
C5348,Argandoña 4987,-31.421829,-64.122332,RENACIMIENTO
C5341,Pasaje Sáenz Peña 4152,-31.418647,-64.131784,MALDONADO
C5329,Carlos Pellegrini 1031,-31.419718,-64.156358,YAPEYU
C5321,Rosario de Santa Fe 754,-31.417621767666223,-64.17180776596071,YAPEYU
C4700,Concejal Felipe Belardinelli 3306,-31.449589,-64.194553,LAS FLORES
C5270,Avenida Duarte Quirós 1937,-31.4114,-64.210496,ALBERDI
C5245,Avenida Duarte Quirós 4311,-31.402463,-64.238241,VILLA SIBURU
C5249,Avenida Río Bamba 388,-31.398813690858454,-64.25734877586366,LOS ROBLES
C5229,Avenida Carlos Federico Gauss 5073,-31.363119,-64.253556,COLINAS DEL CERRO
C5419,Roberto Boyle 5642,-31.377346,-64.254956,COLINAS DEL CERRO
C5207,Chancay 216,-31.390883,-64.253304,COLINAS DEL CERRO
C5192,Avenida Duarte Quirós 4466,-31.401314,-64.239979,VILLA SIBURU
C5184C,Avenida Duarte Quirós 2660,-31.408502,-64.218795,ALBERDI
C4622,Concejal Felipe Belardinelli 3109,-31.447035,-64.194092,LAS FLORES
C5098,Avenida Mahatma Ghandi 860,-31.379361,-64.269376,PARQUE DON BOSCO
C5062,Avenida Colón 6066,-31.394212,-64.260208,LOS ROBLES
C5051,Avenida Colón 3870,-31.398969,-64.230983,VILLA SIBURU
C9057,Monseñor Miguel de Andrea 1211,-31.393351,-64.212851,VILLA PAEZ
C9041,José Barros Pazos 3395,-31.38672,-64.227716,VILLA SIBURU
C9033,Avenida Menéndez Pidal 3761,-31.384004,-64.235108,VILLA SIBURU
C6256,Bedoya 686,-31.397976,-64.186506,SAN MARTIN
C6223,América Central 2200,-31.475936,-64.242715,PARQUE FUTURA
C5524,Pedro Antonio Inchauspe 88,-31.449561,-64.198142,LAS FLORES
C6280,Avenida Armada Argentina 2379,-31.476929,-64.235778,SANTA ISABEL SECCION 1
C6165,Nevada 1614,-31.465248,-64.227458,CONGRESO
C6117,Independencia 1174,-31.429303951800517,-64.1898536682129,GUEMES
C6037,Margarita Puch de Güemes 402,-31.339320028780527,-64.17989730834962,REMEDIOS DE ESCALADA
C6017,Avenida Juan B. Justo RUTA 9,-31.313287,-64.17604,GUINAZU
C6184,De Los Valsecitos 577,-31.31117,-64.179404,GUINAZU
C6164,Avenida Juan B. Justo 7970,-31.327026,-64.175649,REMEDIOS DE ESCALADA
C6110,Mariano Fragueíro 3762,-31.370228,-64.183803,HIPOLITO IRIGOYEN
C6080,General Bustos 982,-31.400091,-64.19172,SAN MARTIN
C7326,Coronel Manuel Namuncurá 5774,-31.415443,-64.261233,PARQUE REPUBLICA
C7317,Avenida Santa Ana 2794,-31.414229,-64.221987,ALBERDI
p15_ida_a1,Juan del Campillo 432,-31.40009576322613,-64.18375968933107,SAN MARTIN
C 702,De Los Santos 779,-31.36474078348424,-64.18509006500246,HIPOLITO IRIGOYEN
p20_vuelta_a1,Belgrano 551,-31.421491,-64.190468,GUEMES
C9334,Humberto Primo S/N,-31.386623971163463,-64.25635099411012,COLINAS DEL CERRO
C5701,Martín Cartechini 120,-31.412105,-64.130078,MALDONADO
C5693,Obispo Castellano 245,-31.412723,-64.138774,MALDONADO
C5680,José Figueroa 11,-31.394042,-64.250284,LOS ROBLES
C9302,Juncalillo 749,-31.386514,-64.248734,COLINAS DEL CERRO
C9181,La Tablada 6089,-31.385442,-64.255825,COLINAS DEL CERRO
C5596,Domingo Zípoli 624,-31.396662,-64.223204,VILLA SIBURU
C5585,Doctor Silvestre Remonda 586,-31.401808,-64.208618,VILLA PAEZ
C5496,Rafael Bielsa 3698,-31.453236,-64.198946,LAS FLORES
C5466,Corrientes 2215,-31.425953,-64.155634,YAPEYU
C5454,Leonardo Rosales 3800,-31.429707,-64.136113,ACOSTA
C5443,Fiambala 4899,-31.438852,-64.123335,EMPALME
C5548,Tinogasta 5543,-31.437222,-64.114628,VILLA BUSTOS
C5535,Agustín Garzón 4293,-31.426873,-64.130362,ACOSTA
C5522,Doctor Oscar Cocca 29,-31.452188,-64.200845,LAS FLORES
C5516,Viña del Mar 4006,-31.456672647301986,-64.20339345932008,LAS FLORES
C5383,Pasaje Sáenz Peña 4056,-31.418615,-64.132884,MALDONADO
C5371,Callao 682,-31.418313,-64.120674,RENACIMIENTO
C5409,Bulevar Juan Piñero 270,-31.405521,-64.227254,VILLA SIBURU
C5350,Mario Bravo 702,-31.418652,-64.121929,RENACIMIENTO
C5339,Martín Cartechini 947,-31.420826,-64.133436,MALDONADO
C5326,Juan Larrea 1730,-31.416326,-64.160081,YAPEYU
C5318,Bulevar Juan Piñero 47,-31.403429,-64.226133,VILLA SIBURU
C5265,Avenida Duarte Quirós 2917,-31.407765,-64.221826,ALBERDI
C5255,Avenida Don Bosco 4741,-31.404606,-64.246003,LAS VIOLETAS
C5237,Hornero 576,-31.383986167666432,-64.25989151000978,COLINAS DEL CERRO
C5224,Blas Pascal 5854,-31.35442488110421,-64.25212383270265,LA SALLE
C5213,La Rioja 6519,-31.386166,-64.260734,PARQUE DON BOSCO
C5201,Avenida Don Bosco 5480,-31.399679,-64.255975,LOS ROBLES
C5188,Avenida Duarte Quirós 3580,-31.405659,-64.228767,QUINTA SANTA ANA
C5178,Avenida Duarte Quirós 1462,-31.413025,-64.20467,ALBERDI
C5581,República Popular China S/N,-31.369317,-64.276559,PARQUE DON BOSCO
C5069,Avenida Ardizone 7000,-31.388085,-64.273383,PARQUE DON BOSCO
C5055,Avenida Colón 4766,-31.395879,-64.241411,VILLA SIBURU
C6046,Maestro Marcelo López 3451,-31.441836,-64.19356,LAS FLORES
C6090,José Baigorri 850,-31.391771,-64.186329,SAN MARTIN
C9039,José Barros Pazos 3465,-31.386203,-64.229014,VILLA SIBURU
C9030,De Las Leyes Agrarias 3987,-31.464643763683192,-64.14542555809022,RAMON J CARCANO
C9014,Avenida El Quebracho 3811,-31.47704752096748,-64.14764106273653,VILLA CORONEL OLMEDO
C6247,Avenida Armada Argentina S/N,-31.48620172967908,-64.24357295036317,PARQUE FUTURA
C6210,Guadalupe 2899,-31.481188,-64.249109,PARQUE FUTURA
C6312,Tucumán 633,-31.40853,-64.185551,URQUIZA
C6274,Avenida Armada Argentina 3043,-31.48239930776502,-64.24229890108109,PARQUE FUTURA
C6133,Avenida Naciones Unidas 452,-31.442152,-64.202074,LAS FLORES
C6107,La Tablada 201,-31.40846600619205,-64.18394643813372,URQUIZA
C6033,Margarita Weild de Paz 402,-31.33650220374899,-64.17984366416933,REMEDIOS DE ESCALADA
C6011,Del Chamamé 9860,-31.309575,-64.177548,GUINAZU
C6180,Del Chamamé 9656,-31.311005,-64.17803,GUINAZU
C6158,Avenida Japón 75,-31.336301,-64.176915,REMEDIOS DE ESCALADA
C6088,Rodriguez Peña 1954,-31.391739,-64.1884,SAN MARTIN
C6078,General Bustos 684,-31.40124,-64.187869,SAN MARTIN
C6044,Belgrano 2710,-31.442669,-64.199424,LAS FLORES
C7240,Leubuco 5400,-31.414408,-64.256828,PARQUE REPUBLICA
C7316,Avenida Santa Ana 2582,-31.414825,-64.218961,ALBERDI
C721,Avenida Vélez Sarsfield 886,-31.425591,-64.191158,GUEMES
p14_vuelta_a,Urquiza 2088,-31.391181,-64.185251,SAN MARTIN
p18_vuelta_a1,Belgrano 874,-31.42501943256983,-64.1925358772278,GUEMES
C9207,José Figueroa 292,-31.391354,-64.248852,COLINAS DEL CERRO
C5698,Estanislao Learte 392,-31.414454,-64.136606,MALDONADO
C5688,Argandoña 3184,-31.420524,-64.142818,YAPEYU
C9183,Nazca 683,-31.385781347543805,-64.25401985420736,COLINAS DEL CERRO
C5598,Igualdad 3544-3556,-31.395302,-64.226026,VILLA SIBURU
C5590,Doctor Enrique Tornú 2686,-31.396694,-64.214053,VILLA PAEZ
C5573,Corrientes 3403,-31.427244,-64.140887,ACOSTA
C5561,Mariano Boedo 1800,-31.429482,-64.116919,COLONIA LOLA
C5461,Corrientes 3215,-31.427047,-64.143205,ACOSTA
C5537,Ramos Mejia 1669,-31.42822368549553,-64.12324905395509,EMPALME
C5431,Máximo Zamudio 63,-31.430045,-64.109403,COLONIA LOLA
C5444,Ramos Mejia 2327,-31.436714,-64.123362,EMPALME
C5513,Esquel 4431,-31.460292,-64.211129,CABO FARINA
C5385,Martín Cartechini 1056,-31.421975,-64.133597,ACOSTA
C5374,Mario Bravo 668,-31.418221,-64.122026,RENACIMIENTO
C5411,Avenida Duarte Quirós 4870,-31.398878,-64.245086,LAS VIOLETAS
C5352,Juan Gregorio Lemos 5150,-31.416276,-64.120111,RENACIMIENTO
C5342,Pasaje Sáenz Peña 4346,-31.418675,-64.129429,MALDONADO
C5331,Yapeyú 1300,-31.423097,-64.151981,YAPEYU
C5323,Rosario de Santa Fe 1070,-31.416683,-64.167961,YAPEYU
C5314,Avenida Duarte Quirós 5281,-31.396918,-64.251384,LOS ROBLES
C5278,Avenida Don Bosco 4608,-31.405393,-64.244045,LAS VIOLETAS
C9193,Chancay 479,-31.388442,-64.25229,COLINAS DEL CERRO
C5226,Avenida Carlos Federico Gauss 5739,-31.355923,-64.250713,COLINAS DEL CERRO
C5418,Ramón Cárcano 921,-31.381046,-64.258057,COLINAS DEL CERRO
C5205,Avenida Río Bamba 79,-31.393795,-64.254747,LOS ROBLES
C5189,Avenida Duarte Quirós 3836,-31.405,-64.231852,QUINTA SANTA ANA
C5179,Avenida Duarte Quirós 1712,-31.411936,-64.208087,ALBERDI
C5582,República Popular China S/N,-31.36644,-64.279,PARQUE DON BOSCO
C5070,Avenida Santiago Costamagna 7003,-31.386432,-64.272916,PARQUE DON BOSCO
C5058,Avenida Colón 5112,-31.396245,-64.249613,LOS ROBLES
C5048,Avenida Colón 3040,-31.402096,-64.221005,VILLA SIBURU
C5025,Entre Ríos 2067,-31.423596,-64.157426,YAPEYU
C5014,López y Planes 3901,-31.422342,-64.134332,ACOSTA
C9034,De Las Leyes Agrarias 3839,-31.464643763683192,-64.14708316326143,RAMON J CARCANO
C9006,Avenida Idelfonso Muñecas 4130,-31.480867602007624,-64.14268970489503,VILLA CORONEL OLMEDO
C6216,América Central 2199,-31.476329,-64.243155,PARQUE FUTURA
C6175,Sabino O'Donell 514,-31.361855,-64.182032,VILLA AZALAIS OESTE
C6282,Avenida Armada Argentina 2111,-31.473053,-64.231128,VILLA EL LIBERTADOR
C6167,Texas 1790,-31.467206,-64.229636,CONGRESO
C6121,Independencia 1490,-31.432613,-64.191141,GUEMES
C6077,Mariano Fragueíro 3668,-31.371552,-64.183803,HIPOLITO IRIGOYEN
C5170,Bulevar Chacabuco 647,-31.42498281190355,-64.18322324752809,GUEMES
MA-00000506,Humberto Primo 456,-31.40824367763753,-64.18774345172379,URQUIZA
C6023,Avenida Juan B. Justo 8530,-31.323782,-64.176013,GUINAZU
C6188,De La Huella 301,-31.309125965113683,-64.18292284011842,GUINAZU
C6168,Avenida Juan B. Justo 8597,-31.320281,-64.175692,GUINAZU
C6148,Mercedes Moreno 126,-31.34036924613382,-64.1775155067444,REMEDIOS DE ESCALADA
C6104,Vicente Espinel 687,-31.378184,-64.183631,HIPOLITO IRIGOYEN
C6082,Rodriguez Peña 1388,-31.39804,-64.191071,SAN MARTIN
C6002,Avenida Renault 2252,-31.472715,-64.237329,CONGRESO
C7239,Paine 5236,-31.412824,-64.254988,LAS VIOLETAS
p18_reg_c,Avenida Vélez Sarsfield 352,-31.419434615762544,-64.18865203857423,URQUIZA
p12_ida_a,General Justo José de Urquiza 2047,-31.391478068697587,-64.18550848960878,SAN MARTIN
p26_ida_a,Avenida Vélez Sarsfield 1419,-31.431336283486026,-64.19353365898134,GUEMES
p18_vuelta_a,Urquiza 3064,-31.379791,-64.185101,HIPOLITO IRIGOYEN
p7_ida,Belgrano 305,-31.418357383073392,-64.18965619057417,URQUIZA
C9330,Nazca 814,-31.384586,-64.252993,COLINAS DEL CERRO
C5700,Martín Cartechini 335,-31.413923,-64.131178,MALDONADO
C5692,Obispo Castellano 401,-31.414513,-64.139063,MALDONADO
C5604,Igualdad 4677,-31.39102,-64.237833,VILLA SIBURU
C5574,José M. Solares 1411,-31.425189,-64.141944,ACOSTA
C5560,Agustín Garzón 5423,-31.427354,-64.116586,COLONIA LOLA
C5064,Bulevar Juan Domingo Perón 707,-31.424681,-64.171497,CRISOL SUD
C5460,José M. Solares 1611,-31.427386,-64.142261,ACOSTA
C5447,Ramos Mejia 1801,-31.429876,-64.123276,EMPALME
C5551,Talacasto 5899,-31.435195,-64.110031,VILLA BUSTOS
C5540,Ramos Mejia 1898,-31.431872,-64.123399,EMPALME
C5171,Bulevar Chacabuco 423,-31.42229115377798,-64.18218255043031,GUEMES
C5512,Avenida Armada Argentina 793,-31.458654,-64.211215,CABO FARINA
p26_ida_c,Juan Larrea 1718,-31.416294,-64.160274,YAPEYU
C5379,Río de la Plata 1021,-31.421719,-64.12885,ACOSTA
C5369,Callao 1048,-31.422186,-64.120744,COLONIA LOLA
C5357,Alejo Bruix 5266,-31.426507,-64.118555,COLONIA LOLA
C5347,Argandoña 4860,-31.421865,-64.123721,RENACIMIENTO
C5337,Estados Unidos 3960,-31.423536,-64.13401,ACOSTA
C5328,Obispo Maldonado 2058,-31.418331,-64.156723,YAPEYU
C5410,Avenida Duarte Quirós 4672,-31.399954,-64.24235,LAS VIOLETAS
C4699,Concejal Felipe Belardinelli 3127,-31.447209,-64.194102,LAS FLORES
C5264,Avenida Duarte Quirós 3141,-31.406936,-64.224406,ALBERDI
C5254,Avenida Don Bosco 4851,-31.403837,-64.247586,LAS VIOLETAS
C5236,Hornero S/N,-31.38545162319993,-64.2608141899109,PARQUE DON BOSCO
C5212,La Rioja 6395,-31.386945,-64.258969,COLINAS DEL CERRO
C5200,Avenida Don Bosco 5288,-31.400934,-64.253411,LOS ROBLES
C5187,Avenida Duarte Quirós 3288,-31.406259,-64.225929,QUINTA SANTA ANA
C5177,Avenida Duarte Quirós 1180,-31.414646,-64.200904,URQUIZA
C5580,República Popular China S/N,-31.371126,-64.276977,PARQUE DON BOSCO
C5068,Avenida Pablo Ardizzo 6890,-31.388163,-64.271114,PARQUE DON BOSCO
C5054,Avenida Colón 4558,-31.396401,-64.238927,VILLA SIBURU
C5031,Agustín Garzón 1283,-31.424264,-64.167978,CRISOL SUD
C5021,Yapeyú 1298,-31.422959,-64.152212,YAPEYU
C5012,López y Planes 4351,-31.422428,-64.129493,ACOSTA
C5002,Alejo Bruix 5758,-31.426365,-64.112381,COLONIA LOLA
C5137,Estados Unidos 5772,-31.423523,-64.11229,COLONIA LOLA
C5100,Avenida Colón 2563,-31.404033,-64.215678,ALBERDI
C9016,Avenida 11 de Septiembre 5223,-31.473429,-64.147754,VILLA CORONEL OLMEDO
C6260,Urquiza 1792,-31.394427,-64.186614,SAN MARTIN
C6214,Atlántida 2199,-31.478383,-64.245461,PARQUE FUTURA
C5592,Cayetano Silva 809,-31.396639,-64.216847,VILLA PAEZ
C6278,Avenida Armada Argentina 2731,-31.479893,-64.239491,PARQUE FUTURA
C6137,Avenida Naciones Unidas 877,-31.441333,-64.206735,FERRER
C6039,Adelia de Olmos 291,-31.340928213047064,-64.1789746284485,REMEDIOS DE ESCALADA
C6015,Avenida Juan B. Justo 9729,-31.310858,-64.175992,GUINAZU
C6178,Del Cultrún S/N,-31.308576,-64.17714,GUINAZU
C6006,Mayor Fernando Juan Casado 1957,-31.46921,-64.231943,CONGRESO
C7328,Alto Alegre 953,-31.413675,-64.263781,PARQUE REPUBLICA
C7319,Avenida Santa Ana 3283,-31.413048,-64.228059,QUINTA SANTA ANA
C718,Avenida General Paz 651,-31.408085426729848,-64.18380260467531,URQUIZA
p11_ida_a1,Urquiza 2329,-31.388346,-64.185246,SAN MARTIN
p1_ida_a,Nicolás Avellaneda 4532,-31.364686,-64.186863,HIPOLITO IRIGOYEN
C5707,Estanislao Learte 129,-31.411753,-64.136113,MALDONADO
C9326,Juan Hauling 5650,-31.384179,-64.250783,COLINAS DEL CERRO
C5699,Blas Parera 3935,-31.414582,-64.132304,MALDONADO
C5691,Obispo Castellano 625,-31.416844,-64.139396,MALDONADO
C5605,Igualdad 4787,-31.390603,-64.239056,VILLA SIBURU
C5595,Humberto Primo 3372,-31.397907,-64.223451,VILLA SIBURU
C5584,Doctor Silvestre Remonda 386,-31.403759,-64.20945,ALBERDI
C5569,Guandacol 2008,-31.433309,-64.127101,EMPALME
C6269,Viña del Mar 3792,-31.453835,-64.202664,LAS FLORES
C5465,Corrientes 2425,-31.426159,-64.153075,YAPEYU
C5455,Centeno 3795,-31.431364,-64.136671,ACOSTA
C5437,Tinogasta 5714,-31.437282,-64.112048,VILLA BUSTOS
C5549,Tinogasta 5689,-31.437236,-64.112391,VILLA BUSTOS
C5536,Agustín Garzón 4580,-31.427011,-64.127047,ACOSTA
C6306,Viña del Mar 3721,-31.45303,-64.202331,LAS FLORES
C5515,Borneo 273,-31.46432346784384,-64.20620441436769,CABO FARINA
C5382,Pasaje Sáenz Peña 4254,-31.418661,-64.130614,MALDONADO
C5372,Callao 542,-31.416834,-64.120626,RENACIMIENTO
C5407,Santa Rosa 3398,-31.39983,-64.224427,VILLA SIBURU
C5349,Mario Bravo 855,-31.419943,-64.121919,RENACIMIENTO
C5338,Martín Cartechini 1149,-31.422964,-64.133458,ACOSTA
5327,Alejandro Carbó 1774,-31.417549,-64.159657,YAPEYU
C5317,Avenida Duarte Quirós 4738,-31.399784,-64.242956,LAS VIOLETAS
C8473,Concejal Felipe Belardinelli 2801,-31.443612,-64.1934,LAS FLORES
C5263,Avenida Duarte Quirós 3337,-31.406204,-64.226541,QUINTA SANTA ANA
C5253,Avenida Don Bosco 5062,-31.402719,-64.249694,LAS VIOLETAS
C5230,Avenida Carlos Federico Gauss 4909,-31.36508,-64.254388,COLINAS DEL CERRO
C5218,Justo Liebig 5536,-31.371304,-64.250949,COLINAS DEL CERRO
C5208,Chancay 440,-31.388937,-64.252376,COLINAS DEL CERRO
C5195,Falucho 399,-31.40543,-64.243734,LAS VIOLETAS
C5184,Avenida Duarte Quirós 2178,-31.410278,-64.213323,ALBERDI
C4620,Avenida Circunvalación 4833,-31.464195349201315,-64.20416593551637,CABO FARINA
C5071,Avenida Santiago Costamagna 6905,-31.386624,-64.271554,PARQUE DON BOSCO
C5046,Avenida Colón 2354,-31.404565,-64.213216,ALBERDI
C5037,Sarmiento 221,-31.4110109843643,-64.17860984802248,URQUIZA
C5022,Carlos Tejedor 1299,-31.422877,-64.153842,YAPEYU
5011,Río de la Plata 1207,-31.423761,-64.128785,ACOSTA
C5001,Alejo Bruix 5646,-31.426402,-64.113593,COLONIA LOLA
C5134,Estados Unidos 5170,-31.423683,-64.119789,COLONIA LOLA
C5090,Avenida Colón 5063,-31.396474,-64.24861,LAS VIOLETAS
C5074,Avenida Mahatma Ghandi 321,-31.386212,-64.269547,PARQUE DON BOSCO
C6194,Aruba S/N,-31.484422196019715,-64.24770891666414,PARQUE FUTURA
C6284,Avenida Armada Argentina 1979,-31.471516,-64.229325,VILLA EL LIBERTADOR
C6169,Baltimore 1972,-31.469146,-64.232147,CONGRESO
C6123,Avenida Ingeniero Medina Allende S/N,-31.43486987241982,-64.19150590896608,GUEMES
C6041,Mercedes Moreno 77,-31.340470043691468,-64.17697906494142,REMEDIOS DE ESCALADA
C6021,Avenida Juan B. Justo 8599,-31.320153,-64.175756,GUINAZU
C6186,De Los Valsecitos 741,-31.31003344036196,-64.18136715888977,GUINAZU
C6166,Avenida Juan B. Justo 8531,-31.32369,-64.175627,GUINAZU
C6136,Jorge Eduardo Newbery 151,-31.352895,-64.177526,VILLA AZALAIS OESTE
C4877,Avenida Vélez Sarsfield 222,-31.417755386296147,-64.18790705502033,URQUIZA
C7325,Coronel Manuel Namuncurá 5528,-31.415447,-64.258502,PARQUE REPUBLICA
C7315,Avenida Santa Ana 2294,-31.415539,-64.215361,ALBERDI
C706,Mariano Fragueíro 3251,-31.377565371077758,-64.1839098930359,HIPOLITO IRIGOYEN
C9077,Avenida Colón 1537,-31.40758637884035,-64.20388698577882,ALBERDI
p24_vuelta_a,Juan De Escolar 708,-31.364095,-64.184103,HIPOLITO IRIGOYEN
p12_vuelta_a,Bedoya 661,-31.398127,-64.18626,SAN MARTIN
C5706,Estanislao Learte 241,-31.412938,-64.136252,MALDONADO
C9211,José Figueroa 634,-31.388341,-64.247409,COLINAS DEL CERRO
C5118,Agustín Garzón 1766,-31.424388,-64.161304,CRISOL SUD
C5681,Antonio Rosillo 84,-31.395265,-64.250879,LOS ROBLES
C9187,Juan Hauling 5717,-31.384037,-64.251748,COLINAS DEL CERRO
C5603,Igualdad 4486,-31.391762,-64.235682,VILLA SIBURU
C5594,Humberto Primo 3180,-31.398635,-64.221177,VILLA SIBURU
C5578,Nataniel Morcillo 1792,-31.427377,-64.162055,CRISOL SUD
C5562,Mariano Boedo 1896,-31.431693,-64.116919,COLONIA LOLA
C5494,Pedro Antonio Inchauspe 109,-31.449122,-64.1976,LAS FLORES
C5463,Corrientes 2814,-31.426635,-64.148188,YAPEYU
C5451,Corrientes 4267,-31.427766,-64.13063,ACOSTA
C5435,Talacasto 5891,-31.435236,-64.110181,VILLA BUSTOS
C5544,Fiambala 4882,-31.439072,-64.123625,EMPALME
C5532,Obispo Castellano 1509,-31.426406,-64.140834,ACOSTA
C6300,Viña del Mar 4199-4099,-31.458557955376232,-64.20384407043458,CABO FARINA
C5396,Obispo Maldonado 2164,-31.418446,-64.1555,YAPEYU
C5378,Argandoña 4543,-31.421733,-64.127229,ACOSTA
C5366,Agustín Garzón 5170,-31.427491,-64.119746,COLONIA LOLA
C5355,Cangallo 1161,-31.423179,-64.119269,COLONIA LOLA
C5344,Río Uruguay 872,-31.420117,-64.127793,MALDONADO
C5332,Juan Rodríguez 1301,-31.423408,-64.148837,YAPEYU
C5401,Rosario de Santa Fe 1153,-31.41629,-64.166996,YAPEYU
C5413,Avenida Duarte Quirós 5238,-31.397037,-64.250311,LOS ROBLES
C5248,Avenida Duarte Quirós 3563,-31.405796,-64.228628,QUINTA SANTA ANA
C5250,Avenida Don Bosco 5430,-31.399931,-64.255509,LOS ROBLES
C5231,Avenida Revolución Libertadora S/N,-31.370695,-64.251523,COLINAS DEL CERRO
C5219,Dionisio Papin 4999-4899,-31.36519,-64.252499,COLINAS DEL CERRO
C5209,Humberto Primo 5754,-31.387462,-64.253824,COLINAS DEL CERRO
C5196,Avenida Don Bosco 4656,-31.405151,-64.244608,LAS VIOLETAS
C5183,Avenida Duarte Quirós 2454,-31.409267,-64.216472,ALBERDI
C5072,Avenida Mahatma Ghandi 299,-31.386624,-64.269665,PARQUE DON BOSCO
C5057,Avenida Colón 4990,-31.39619,-64.246341,LAS VIOLETAS
C5047,Avenida Colón 2652,-31.403525,-64.216579,ALBERDI
C5065,Bulevar Juan Domingo Perón 347,-31.422181,-64.174694,GUEMES
C5023,San Jerónimo 2161,-31.422648,-64.156004,YAPEYU
C5013,López y Planes 4149,-31.422387,-64.131843,ACOSTA
C5003,Tulumba 1273,-31.424099,-64.111893,COLONIA LOLA
C5133,Estados Unidos 4962,-31.423747,-64.122579,COLONIA LOLA
C5089,Avenida Colón 5170,-31.39635,-64.250724,LOS ROBLES
C5073,Avenida Mahatma Ghandi 405,-31.384879182353554,-64.26939189434053,PARQUE DON BOSCO
p17_reg_c,Avenida General Paz 185,-31.413167,-64.185924,URQUIZA
p25_vuelta_a,Juan De Escolar 890,-31.364035,-64.186662,HIPOLITO IRIGOYEN
C733,General Lavalleja 1280,-31.40079173803537,-64.1864848136902,SAN MARTIN
C5705,Blas Parera 3631,-31.414609,-64.136129,MALDONADO
C9213,Juncalillo 726,-31.386578,-64.248605,COLINAS DEL CERRO
C5119,Agustín Garzón 1976,-31.424658,-64.158713,YAPEYU
C6653,Bulevar Juan Domingo Perón 360,-31.422419,-64.174844,GUEMES
C9304,José Figueroa 607,-31.388575,-64.247634,COLINAS DEL CERRO
C5588,Doctor Enrique Tornú 2346,-31.397738,-64.210196,VILLA PAEZ
C5571,Guandacol 1711,-31.428919,-64.127187,ACOSTA
C6273,El Tirol 202,-31.456325,-64.203308,LAS FLORES
C5468,Corrientes 1803,-31.425482,-64.160725,CRISOL SUD
C5453,Corrientes 3841,-31.427693,-64.135432,ACOSTA
C5432,Máximo Zamudio S/N,-31.43124,-64.109393,COLONIA LOLA
C5547,Tinogasta 5402,-31.437593,-64.116662,VILLA BUSTOS
C5530,Diego de Torres 1529,-31.426283,-64.143344,ACOSTA
C5510,Capri 4099,-31.458585,-64.20585,CABO FARINA
C5683,Bernardo de Irigoyen 1053,-31.42005720197537,-64.15511369705202,YAPEYU
C5377,Argandoña 4739,-31.421788,-64.124987,RENACIMIENTO
C5354,Argandoña 5201,-31.421009,-64.119301,COLONIA LOLA
C5345,Río Uruguay 1016,-31.421678,-64.12782,ACOSTA
C5334,San Jerónimo 3162,-31.423884,-64.143527,YAPEYU
C5400,Rosario de Santa Fe 1362,-31.415653,-64.164523,YAPEYU
C5412,Avenida Duarte Quirós 4970,-31.398402,-64.246459,LAS VIOLETAS
C5272,Avenida Duarte Quirós 1515,-31.413039,-64.20525,ALBERDI
C5247,Avenida Duarte Quirós 3855,-31.405045,-64.232383,QUINTA SANTA ANA
C5252,Avenida Don Bosco 5205,-31.402106,-64.251223,LAS VIOLETAS
C5234,Colectora S/N,-31.38124753634906,-64.25801396369936,COLINAS DEL CERRO
C5220,Roberto Boyle 5652,-31.36282610562944,-64.252907037735,COLINAS DEL CERRO
C5210,Humberto Primo 6102,-31.386651,-64.256238,COLINAS DEL CERRO
C5198,Avenida Don Bosco 4982,-31.403077,-64.248911,LAS VIOLETAS
C5185,Avenida Duarte Quirós 2874,-31.407728,-64.221214,ALBERDI
C5102,Soldado Ramón A. Cabrera 6907,-31.378619,-64.271972,PARQUE DON BOSCO
C5053,Avenida Colón 4352,-31.397184,-64.236363,VILLA SIBURU
C5045,Avenida Colón 2052,-31.405604,-64.209766,ALBERDI
C5030,Agustín Garzón 1370,-31.423971,-64.166754,CRISOL SUD
C5019,San Jerónimo 2959,-31.423536,-64.146059,YAPEYU
C5010,San Jerónimo 4435,-31.424548,-64.128426,ACOSTA
C5126,José M. Solares 1363,-31.424589,-64.141837,ACOSTA
C5110,Avenida Emilio Olmos 480,-31.415662,-64.176845,URQUIZA
C9227,Avenida Colón 4147,-31.398109,-64.234266,VILLA SIBURU
C5085,Avenida Colón 6325,-31.394986,-64.263057,LOS ROBLES
C5271,Avenida Duarte Quirós 1711,-31.412064,-64.208334,ALBERDI
C5251,Avenida Don Bosco 5309,-31.400783,-64.254023,LOS ROBLES
C5232,Dirección desconocida,-31.37657610805126,-64.25563216209413,COLINAS DEL CERRO
C5222,Juan Nepper 5340,-31.359298965386465,-64.25662994384767,COLINAS DEL CERRO
C5211,Humberto Primo 6148,-31.386194,-64.257596,COLINAS DEL CERRO
C5197,Avenida Don Bosco 4738,-31.404716,-64.24552,LAS VIOLETAS
C5186,Avenida Duarte Quirós 3050,-31.407096,-64.223215,ALBERDI
C5579,República Popular China S/N,-31.373187,-64.277396,PARQUE DON BOSCO
C5066,Avenida Mahatma Ghandi 28,-31.392866,-64.269419,PARQUE DON BOSCO
C5052,Avenida Colón 4150,-31.397848,-64.234207,VILLA SIBURU
C5029,Agustín Garzón 1502,-31.423962,-64.165006,CRISOL SUD
C5018,Diego de Torres 1300,-31.423711093175896,-64.14309673011303,YAPEYU
C5008,San Jerónimo 4958,-31.424607,-64.122584,COLONIA LOLA
C5000,Lola Mora 1605,-31.427537,-64.114548,COLONIA LOLA
C5107,Avenida Colón 672,-31.410828,-64.192235,URQUIZA
C5091,Avenida Colón 4923,-31.396304,-64.245209,LAS VIOLETAS
C5076,Avenida Santiago Costamagna 6998,-31.386422,-64.27267,PARQUE DON BOSCO
C7729,Avenida Capdevila 1096,-31.377084,-64.157753,VILLA AZALAIS
C7785,Obispo Malvar y Pinto 2188,-31.383908,-64.151343,VILLA AZALAIS
C7428,Alto del Tala 5771,-31.479654685987665,-64.2296264693141,SANTA ISABEL SECCION 1
C7796,Francisco de Alarcón 1999,-31.367228,-64.144766,GENERAL MOSCONI
C7794,General Manuel de Escalada 3670,-31.367819,-64.141418,PATRICIOS ESTE
C7986,Alto del Tala 5890,-31.481444,-64.229743,SANTA ISABEL SECCION 1
C7637,Colorado 5968,-31.483109,-64.234668,EL CABILDO
C9254,Concejal Felipe Belardinelli 2814,-31.443831408661644,-64.19351220130922,LAS FLORES
C5181,Avenida Duarte Quirós 1972,-31.41102,-64.211032,ALBERDI
C5033,República Popular China S/N,-31.360801,-64.279493,LA SALLE
C5096,Avenida Mahatma Ghandi 586,-31.382493,-64.269172,PARQUE DON BOSCO
C5059,Avenida Colón 5256,-31.396291,-64.251904,LOS ROBLES
C5050,Avenida Colón 3608,-31.399762,-64.228461,VILLA SIBURU
C5039,Humberto Primo 640,-31.40744902574446,-64.19058322906496,URQUIZA
C5026,Entre Ríos 1927,-31.423468,-64.159035,YAPEYU
C5015,López y Planes 3747,-31.422222,-64.135764,ACOSTA
C5006,Estados Unidos 5213,-31.423527,-64.119102,COLONIA LOLA
C5139,Alejo Bruix 5774,-31.426351,-64.11222,COLONIA LOLA
C5132,Estados Unidos 4756,-31.423733,-64.124885,ACOSTA
C5130,Estados Unidos 4482,-31.42361,-64.128056,ACOSTA
C5124,Agustín Garzón 2972,-31.425843,-64.146268,YAPEYU
C5092,Avenida Colón 4787,-31.39608,-64.241636,VILLA SIBURU
C7721,Rivadeo 1489,-31.399908032295187,-64.18094336986543,SAN MARTIN
C7786,Diagonal Ica 2131,-31.38259854338283,-64.14822041988374,NUEVA ITALIA
C7966,Avenida Rancagua S/N,-31.350576741360527,-64.14759814739229,PARQUE LICEO SECCION 3
C7730,Gustavo A. Marambio 1079,-31.374620450956037,-64.15722191333772,VILLA AZALAIS
C7456,Pedro Naon 1232,-31.364640011937865,-64.15030717849731,GENERAL MOSCONI
C7736,Marcó del Pont 3466,-31.368689,-64.154395,GENERAL MOSCONI
C7732,Gustavo A. Marambio 897,-31.37342,-64.159362,VILLA AZALAIS
C7708,Enrique Martínez Paz 744,-31.376539,-64.16257,GENERAL BUSTOS
C7706,Marcó del Pont 2607,-31.376805,-64.157399,VILLA AZALAIS
C7702,San Benito 1021,-31.373292,-64.157689,VILLA AZALAIS
C7693,Manzana 42 lote 1,-31.354077,-64.130346,PATRICIOS ESTE
C7697,Chachapoyas S/N,-31.362102,-64.133098,PATRICIOS ESTE
C8219,Rancagua 4783,-31.354783,-64.147779,PARQUE LICEO SECCION 3
C7784,Obispo Malvar y Pinto 1988,-31.385603,-64.152823,VILLA AZALAIS
C7947,Pinagasta 1360,-31.39037,-64.158804,GENERAL BUSTOS
C7644,Colorado 5958,-31.482871,-64.234614,EL CABILDO
C7641,Mascachín 2052,-31.48906538115705,-64.23386871814729,EL CABILDO
C7800,Belisario Roldán 1562,-31.35371,-64.151546,PARQUE LICEO SECCION 3
C7568,Laboulaye 11,-31.499398,-64.205732,VILLA RIVADAVIA
C5060,Avenida Colón 5478,-31.395769,-64.25406,LOS ROBLES
C5049,Avenida Colón 3250,-31.401332,-64.223354,VILLA SIBURU
C5027,Entre Ríos 1732,-31.423262,-64.161487,YAPEYU
C5016,López y Planes 3613,-31.42209,-64.137315,ACOSTA
C5007,Estados Unidos 5001,-31.423628,-64.121886,COLONIA LOLA
C5140,Lola Mora 1586,-31.427162,-64.11473,COLONIA LOLA
5127,Estados Unidos 3368,-31.422973,-64.140844,ACOSTA
C5121,Agustín Garzón 2362,-31.425129,-64.153826,YAPEYU
C5097,Avenida Colón 3389,-31.401066,-64.224985,VILLA SIBURU
C5075,Avenida Santiago Costamagna 6896,-31.386422,-64.271125,PARQUE DON BOSCO
C5084,Avenida Ejército Argentino 6871,-31.393356,-64.271296,PARQUE DON BOSCO
C8215,Defensa S/N,-31.469663113911647,-64.21325862407686,CABO FARINA
C8220,Avenida Circunvalación 2421,-31.363075,-64.138386,PATRICIOS ESTE
C7726,Los Tintines 599,-31.37880651504926,-64.16598200798036,GENERAL BUSTOS
C7695,Tucumán 198,-31.356798,-64.131542,PATRICIOS ESTE
C7698,Avenida Circunvalación 2119,-31.362386,-64.143795,GENERAL MOSCONI
C7645,Colorado 5904,-31.481696,-64.234598,SANTA ISABEL SECCION 1
C7793,General Manuel de Escalada 3530,-31.369711,-64.141456,PATRICIOS ESTE
C7632,Congreso 5762,-31.479431,-64.226589,SANTA ISABEL SECCION 1
C7772,Pinagasta 1513,-31.388584,-64.15801,GENERAL BUSTOS
C7769,Diagonal Ica 1691,-31.384133,-64.153097,VILLA AZALAIS
C7761,General Manuel de Escalada 3141,-31.373998,-64.141649,NUEVA ITALIA
C7758,General Manuel de Escalada 3691,-31.367517,-64.141526,PATRICIOS ESTE
C7748,Germán Berdiales 1603,-31.352322,-64.15071,PARQUE LICEO SECCION 3
C7611,Santiso y Moscoso 999,-31.385516,-64.165231,GENERAL BUSTOS
C7607,Nuevo Mundo 774,-31.380854,-64.165027,GENERAL BUSTOS
C7603,Los Ticas 2591,-31.374561,-64.167312,VILLA AZALAIS OESTE
C7211,Pedro Naon 1000,-31.363577,-64.155961,GENERAL MOSCONI
C8045,Pedro Naon 1207,-31.364516,-64.150586,GENERAL MOSCONI
C8337,Enrique Banchs 3849,-31.365728,-64.159397,PARQUE LICEO SECCION 2
C7682,Enrique Muiño 169,-31.370109,-64.165918,VILLA AZALAIS OESTE
C7592,Camino a San Antonio 6892,-31.504845,-64.194162,VILLA RIVADAVIA
C7585,Camino a San Antonio 6890,-31.499572,-64.198726,VILLA RIVADAVIA
C5028,Entre Ríos 1602,-31.423005,-64.163922,CRISOL SUD
C5017,López y Planes 3357,-31.421765,-64.140759,MALDONADO
C5009,San Jerónimo 4741,-31.424585,-64.12496,ACOSTA
C5131,Estados Unidos 4656,-31.423738,-64.126001,ACOSTA
C5128,Estados Unidos 3938,-31.423559,-64.134166,ACOSTA
C5122,Agustín Garzón 2556,-31.425399,-64.15109,YAPEYU
C5086,Avenida Colón 6007,-31.394345,-64.259495,LOS ROBLES
C5587,República Popular China S/N,-31.366715,-64.279257,PARQUE DON BOSCO
C7735,Marcó del Pont 3296,-31.370182,-64.154926,VILLA AZALAIS
C7699,Marcó del Pont 3502,-31.368245,-64.15425,GENERAL MOSCONI
C8221,La Cabaña S/N,-31.357317,-64.131412,PATRICIOS ESTE
C7856,Avenida Rancagua 2640,-31.379072,-64.147754,VILLA AZALAIS
C7790,Suipacha 1152,-31.400700162697397,-64.17273044586183,GENERAL BUSTOS
C7783,Ministalalo 1882,-31.38601032210156,-64.15444850921632,GENERAL BUSTOS
C7968,Avenida Rancagua S/N,-31.350558416508864,-64.14766788482667,PARQUE LICEO SECCION 3
C7705,Gustavo A. Marambio 1096,-31.37470747169212,-64.15695905685426,VILLA AZALAIS
C8474,Catamarca 110,-31.411944945996293,-64.1804873943329,URQUIZA
C7734,Marcó del Pont 3094,-31.372119715367702,-64.15570914745332,VILLA AZALAIS
C9235,Avenida Colón 3059,-31.40228,-64.221295,VILLA SIBURU
C7791,General Manuel de Escalada 3122,-31.374181,-64.141542,NUEVA ITALIA
C7795,Francisco de Alarcón 2103,-31.367242,-64.142738,PATRICIOS ESTE
C7631,Congreso 5592,-31.476933,-64.225935,VILLA EL LIBERTADOR
C7927,Ushuaia 2092,-31.481568,-64.234378,SANTA ISABEL SECCION 1
C7713,Bedoya 39,-31.401222,-64.176464,GENERAL BUSTOS
C7668,Abad e Illana 1511,-31.389472,-64.161025,GENERAL BUSTOS
C7808,Avenida Rancagua 2925,-31.376329,-64.147915,VILLA AZALAIS
C7750,Dardo Cuneo 1545,-31.356422,-64.151815,PARQUE LICEO SECCION 3
C7751,Zorrilla de San Martín 1545,-31.357966,-64.15182,PARQUE LICEO SECCION 3
C7612,Cabo Contreras 1302,-31.387518,-64.166069,GENERAL BUSTOS
C7609,Puerto de Palos 1005,-31.38383,-64.163568,GENERAL BUSTOS
C7604,Los Ticas 2407,-31.376045,-64.167645,GENERAL BUSTOS
C7197,Enrique Banchs 3834,-31.365176,-64.15896,PARQUE LICEO SECCION 2
C7210,Pedro Naon 1024,-31.363843,-64.154341,GENERAL MOSCONI
C7681,Avenida Florencio Parravicini 2802,-31.37223,-64.169426,VILLA AZALAIS OESTE
C7586,Camino a San Antonio 6890,-31.499563,-64.19665,VILLA RIVADAVIA
C7589,Camino a San Antonio 6892,-31.500071,-64.190487,VILLA RIVADAVIA
C7576,Avenida Vélez Sarsfield 6150,-31.48515,-64.204649,COMERCIAL
C7980,Avenida Vélez Sarsfield 6288,-31.486751,-64.205239,COMERCIAL
C7566,Calle Principal Nuestro Hogar III,-31.499376,-64.204316,VILLA RIVADAVIA
C5020,Juan Rodríguez 1297,-31.42323,-64.149004,YAPEYU
C5004,Estados Unidos 5651,-31.423454,-64.113604,COLONIA LOLA
C5135,Estados Unidos 5360,-31.423637,-64.117573,COLONIA LOLA
C5125,Agustín Garzón 3264,-31.426127,-64.142593,ACOSTA
C5109,Avenida Emilio Olmos 26,-31.413868,-64.182708,URQUIZA
C5093,Avenida Colón 4433,-31.397032,-64.237651,VILLA SIBURU
C5083,Avenida Mahatma Ghandi 67,-31.391231,-64.269617,PARQUE DON BOSCO
C8107,Huascha 2798,-31.443455,-64.160683,JARDIN DEL PILAR
C8476,Avenida Rancagua 4774,-31.354875,-64.147515,PARQUE LICEO SECCION 3
C7731,Gustavo A. Marambio 950,-31.374162,-64.15911,VILLA AZALAIS
C7709,Avenida Capdevila 582,-31.378243,-64.16581,GENERAL BUSTOS
C7703,Gustavo A. Marambio 861,-31.373333,-64.159647,VILLA AZALAIS
C7694,Tucumán 198,-31.355185,-64.131553,PATRICIOS ESTE
C7743,Avenida Rancagua 4394,-31.347539,-64.145823,PARQUE LICEO SECCION 3
C7781,Ministalalo 1483,-31.389399,-64.157517,GENERAL BUSTOS
C7642,Colorado 6210,-31.486298,-64.234614,EL CABILDO
C7798,Howard 1399,-31.366257,-64.147748,GENERAL MOSCONI
C7622,Arani 4952,-31.47151613326121,-64.2136073112488,CABO FARINA
C7432,Forestieri 5743,-31.479650682938463,-64.22423958778383,VILLA EL LIBERTADOR
C8216,Defensa S/N,-31.470463805785617,-64.20932650566102,CABO FARINA
C7802,Germán Berdiales 1746,-31.352381721752813,-64.14868712425233,PARQUE LICEO SECCION 3
C7689,Ramón Farrate S/N,-31.32464350483718,-64.17620658874513,GUINAZU
C7714,Bedoya 148,-31.400435,-64.17847,SAN MARTIN
C7770,Pinagasta 1905,-31.385131,-64.154974,GENERAL BUSTOS
C7809,Avenida Rancagua 2639,-31.379077,-64.148,VILLA AZALAIS
C7759,General Manuel de Escalada 3555,-31.369449,-64.14159,PATRICIOS ESTE
C7754,Howard 1399,-31.366294,-64.147866,GENERAL MOSCONI
C7747,Germán Berdiales 1767,-31.352336,-64.148387,PARQUE LICEO SECCION 3
C7614,Mauricio Yadarola 1360,-31.389683,-64.163214,GENERAL BUSTOS
C7593,Nuevo Mundo 880,-31.381586,-64.163933,GENERAL BUSTOS
C7600,Avenida Florencio Parravicini 3099,-31.3703288546651,-64.16606783866884,VILLA AZALAIS OESTE
C7597,Benjamín Vicuña Mackena 699,-31.366628,-64.168434,VILLA AZALAIS OESTE
C7753,Bartolomé Hidalgo 1769,-31.359578,-64.148344,GENERAL MOSCONI
C7074,Juan L. Orrego 4379,-31.360046,-64.152206,GENERAL MOSCONI
C7678,Huluman 1882,-31.37738217500689,-64.16801512241365,GENERAL BUSTOS
C7674,Nueva Orleans 1696,-31.382585,-64.162458,GENERAL BUSTOS
C7588,Camino a San Antonio 6890,-31.499536,-64.192064,VILLA RIVADAVIA
C7584,Camino a San Antonio 6890,-31.499568,-64.201285,VILLA RIVADAVIA
C7577,RN36 6561,-31.488553,-64.206355,COMERCIAL
C7572,Avenida Vélez Sarsfield 6427,-31.488059,-64.205743,COMERCIAL
C7569,Avenida Vélez Sarsfield 5133,-31.499458,-64.208897,VILLA RIVADAVIA
C7560,Calle Principal Nuestro Hogar III,-31.499417,-64.192423,VILLA RIVADAVIA
C7496,Laboulaye 588,-31.48342,-64.21313,COMERCIAL
MA-00000483,La Falda 5839,-31.48164608390244,-64.21298794149982,COMERCIAL
C7492,Laboulaye 118,-31.483585,-64.205866,COMERCIAL
C5136,Estados Unidos 5520,-31.423587,-64.115583,COLONIA LOLA
C5129,Estados Unidos 4255,-31.42355,-64.130716,ACOSTA
C5123,Agustín Garzón 2758,-31.425555,-64.148864,YAPEYU
C5099,Avenida Colón 2787,-31.403301,-64.218199,ALBERDI
C5087,Avenida Colón 5711,-31.394949,-64.256936,LOS ROBLES
C5034,República Popular China S/N,-31.362899,-64.28151,LA SALLE
C8472,La Rioja 143,-31.410925,-64.184089,URQUIZA
C7704,Gustavo A. Marambio 855,-31.373956,-64.159861,VILLA AZALAIS
C7740,Gustavo A. Marambio 861,-31.358493,-64.131414,PATRICIOS ESTE
C7738,Avenida Rancagua 4394,-31.35973,-64.147249,GENERAL MOSCONI
C7643,Colorado 6062,-31.484537,-64.234636,EL CABILDO
C7076,Dardo Cuneo 1563,-31.355918,-64.151562,PARQUE LICEO SECCION 3
C7792,General Manuel de Escalada 3336,-31.371703,-64.141493,PATRICIOS ESTE
C7633,Cajamarca 1764,-31.479523,-64.229132,SANTA ISABEL SECCION 1
C7766,Pinagasta 1313,-31.39032,-64.159545,GENERAL BUSTOS
C7771,Pinagasta 1717,-31.386771,-64.15638,GENERAL BUSTOS
C7760,General Manuel de Escalada 3307,-31.372014,-64.141638,PATRICIOS ESTE
C7782,Ministalalo 1678,-31.387773407497452,-64.15598273277284,GENERAL BUSTOS
C7733,Dirección desconocida,-31.37332429045188,-64.15773153305055,VILLA AZALAIS
C7755,Francisco de Alarcón 1818,-31.367274,-64.1474,GENERAL MOSCONI
C7749,Belisario Roldán 1544,-31.353641,-64.151804,PARQUE LICEO SECCION 3
C7613,Mauricio Yadarola 1100,-31.38895,-64.165564,GENERAL BUSTOS
C7608,Nueva Orleans 1695,-31.382475,-64.162624,GENERAL BUSTOS
C7602,Padre Lamónaca 2795,-31.373984,-64.168696,VILLA AZALAIS OESTE
C7599,Enrique Muiño 98,-31.369046,-64.167559,VILLA AZALAIS OESTE
C7431,Pedro Naon 1358,-31.364819,-64.148414,GENERAL MOSCONI
C7752,Bartolomé Hidalgo 1637,-31.359569,-64.150275,GENERAL MOSCONI
C8336,Amalia Sánchez Ariño 3481,-31.36784,-64.161735,PARQUE LICEO SECCION 2
C7590,Avenida Vélez Sarsfield 3178,-31.505043,-64.190251,VILLA RIVADAVIA
C7587,Camino a San Antonio 6890,-31.499545,-64.19436,VILLA RIVADAVIA
C7578,Calle Principal Nuestro Hogar III,-31.499624,-64.211213,COMERCIAL
C7573,Avenida Vélez Sarsfield 6157,-31.485433,-64.204466,COMERCIAL
C7563,Calle Principal Nuestro Hogar III,-31.499293,-64.198576,VILLA RIVADAVIA
C7562,Camino a San Antonio 6890,-31.499371,-64.195969,VILLA RIVADAVIA
C7558,Camino a San Antonio 6890,-31.505152,-64.190884,VILLA RIVADAVIA
C7557,Calle Barrio Obispo Angelelli,-31.505198,-64.19348,VILLA RIVADAVIA
C7493,Laboulaye 228,-31.483567,-64.207814,COMERCIAL
C8069,Anacreonte 1375,-31.379541,-64.192548,SARGENTO CABRAL
C5689,Avenida Mahatma Ghandi 603,-31.3822,-64.269451,PARQUE DON BOSCO
C7737,José Luis Pons 1101,-31.366775,-64.153676,GENERAL MOSCONI
C7710,Huluman 1608,-31.379658,-64.166417,GENERAL BUSTOS
C7701,Marcó del Pont 3081,-31.372262,-64.155811,VILLA AZALAIS
C7780,Mauricio Yadarola 1687,-31.390974,-64.160864,GENERAL BUSTOS
C7797,Francisco de Alarcón 1879,-31.367274,-64.146681,GENERAL MOSCONI
C7638,Colorado 6038,-31.48428,-64.23463,EL CABILDO
C7765,Diagonal Ica 1848,-31.383542,-64.151139,VILLA AZALAIS
C7756,Francisco de Alarcón 1991,-31.367237,-64.1449,GENERAL MOSCONI
C7605,Huluman 1869,-31.377483,-64.168074,GENERAL BUSTOS
C7241,Amalia Sánchez Ariño 3565,-31.367013,-64.160832,PARQUE LICEO SECCION 2
C7950,Bartolomé Hidalgo 1625,-31.359514,-64.150404,GENERAL MOSCONI
C7679,Los Ticas 2594,-31.374648,-64.166996,VILLA AZALAIS OESTE
C7583,Camino a San Antonio 6890,-31.499514,-64.203353,VILLA RIVADAVIA
C7580,Calle Principal Nuestro Hogar III,-31.49961,-64.208879,VILLA RIVADAVIA
C7886,Avenida Vélez Sarsfield 7199,-31.494478,-64.210395,COMERCIAL
C7570,Avenida Vélez Sarsfield 5133,-31.499467,-64.210228,VILLA RIVADAVIA
C7564,Calle Principal Nuestro Hogar III,-31.499362,-64.201221,VILLA RIVADAVIA
C7561,Calle Principal Nuestro Hogar III,-31.499385,-64.194328,VILLA RIVADAVIA
C7491,Laboulaye 28,-31.483631,-64.204397,COMERCIAL
C7494,Laboulaye 320,-31.483526,-64.209005,COMERCIAL
C7490,Avenida Vélez Sarsfield 5886,-31.482368,-64.203528,COMERCIAL
C8214,Araní S/N,-31.471429202309334,-64.2136073112488,CABO FARINA
C7744,Avenida El Chingolo S/N,-31.347727184036312,-64.14765715599061,PARQUE LICEO SECCION 3
C7742,Calle 6 S/N,-31.34831359517105,-64.14382696151735,PARQUE LICEO SECCION 3
C7746,Avenida Japón km 7.5,-31.343943,-64.147732,PARQUE LICEO SECCION 3
C7676,Cayena 601,-31.380152977419208,-64.16658818721773,GENERAL BUSTOS
C7728,Avenida Doctor Arturo Capdevila 966,-31.37656236821367,-64.15978074073793,VILLA AZALAIS
C7483,Avenida Vélez Sarsfield 3890,-31.455693,-64.201216,LAS FLORES
C7487,Avenida Vélez Sarsfield 5108,-31.475323,-64.202642,INAUDI
C7482,Avenida Vélez Sarsfield 3738,-31.453506,-64.200969,LAS FLORES
C7481,Avenida Vélez Sarsfield 3650,-31.451987,-64.200647,LAS FLORES
C7778,Avenida Vélez Sarsfield 114,-31.416555,-64.187354,URQUIZA
C7474,Avenida Alem 215,-31.398695,-64.170917,GENERAL BUSTOS
C7473,Avenida Alem 453,-31.396538,-64.168997,GENERAL BUSTOS
C7472,Avenida Alem 663,-31.394528,-64.167237,GENERAL BUSTOS
C7467,Avenida Alem 1620,-31.3859,-64.159555,GENERAL BUSTOS
C7468,Avenida Alem 1418,-31.387778,-64.161175,GENERAL BUSTOS
C7464,Avenida Alem 2178,-31.380606,-64.154813,VILLA AZALAIS
C7463,Avenida Alem 2615,-31.37811,-64.152716,VILLA AZALAIS
C7462,Avenida Alem 2808,-31.376379,-64.152072,VILLA AZALAIS
MA-00000407,Avenida Vélez Sarsfield 1923,-31.43690208344299,-64.19538974761964,GUEMES
C7707,Avenida Capdevila 1013,-31.376494,-64.159019,VILLA AZALAIS
C7700,Marcó del Pont 3275,-31.370393,-64.155103,VILLA AZALAIS
C8222,La Cabaña S/N,-31.356126,-64.131434,PATRICIOS ESTE
C7741,Rancagua S/N,-31.348941,-64.145989,PARQUE LICEO SECCION 3
C7429,Cajamarca 1609,-31.479672,-64.227417,SANTA ISABEL SECCION 1
C7639,Colorado 6194,-31.486056,-64.234668,EL CABILDO
C7620,Defensa 533,-31.47034484628325,-64.21019554138185,CABO FARINA
C7757,Francisco de Alarcón 2098,-31.367301,-64.143081,GENERAL MOSCONI
C7394,Carlos Giménez 199,-31.368529,-64.16264,PARQUE LICEO SECCION 2
C8338,Dirección desconocida,-31.363568162440885,-64.15668010711671,GENERAL MOSCONI
C7591,Camino a San Antonio 6892,-31.505095,-64.192227,VILLA RIVADAVIA
C7581,Calle Principal Nuestro Hogar III,-31.499559,-64.205958,VILLA RIVADAVIA
C6309,Avenida General Paz 601,-31.408264,-64.183996,URQUIZA
C7571,Avenida Vélez Sarsfield 5133,-31.499476,-64.21129,COMERCIAL
C7565,Calle Principal Nuestro Hogar III,-31.49938,-64.203007,VILLA RIVADAVIA
C7559,Camino a San Antonio 6890,-31.500067,-64.190406,VILLA RIVADAVIA
C7495,Laboulaye 438,-31.483507,-64.211107,COMERCIAL
C7488,Avenida Arica 2,-31.477441,-64.202728,INAUDI
C7489,Avenida Vélez Sarsfield 5560,-31.47993,-64.202846,COMERCIAL
C7479,Avenida Vélez Sarsfield 3178,-31.446907,-64.198952,LAS FLORES
C7477C,Avenida Vélez Sarsfield 1944,-31.436877,-64.195704,BELLA VISTA
C7480,Avenida Vélez Sarsfield 3354,-31.448733,-64.199499,LAS FLORES
C7779,Avenida Vélez Sarsfield 662,-31.423028,-64.190085,GUEMES
C7470,Avenida Alem 1027,-31.39118,-64.164244,GENERAL BUSTOS
C7469,Avenida Alem 1209,-31.389514,-64.162753,GENERAL BUSTOS
C7300,Avenida General Paz 279,-31.412068557868555,-64.18544948101045,URQUIZA
C7484,Avenida Vélez Sarsfield 4026,-31.457395658282945,-64.20075416564943,LAS FLORES
C7723,Jerónimo Luis de Cabrera 54,-31.39985308658583,-64.17644262313844,GENERAL BUSTOS
C7727,Bilibiscate 2466,-31.376818844850863,-64.16267216205598,GENERAL BUSTOS
C7803,Avenida Rancagua S/N,-31.34418115131292,-64.14762496948244,PARQUE LICEO SECCION 3
C7471,Avenida Alem 825,-31.392916,-64.1658,GENERAL BUSTOS
C7466,Avenida Alem 1729,-31.384288,-64.158102,GENERAL BUSTOS
C7465,Avenida Alem 2018,-31.381541,-64.155634,VILLA AZALAIS
C7461,Avenida Alem 3005,-31.374451,-64.151375,VILLA AZALAIS
C7460,Avenida Alem 3201,-31.372459,-64.150667,VILLA AZALAIS
C7458,Avenida Alem 3613,-31.367888,-64.14903,GENERAL MOSCONI
C7526,Avenida Vélez Sarsfield 3209,-31.44741,-64.198877,LAS FLORES
C7523,Avenida Vélez Sarsfield 3769,-31.454659,-64.201012,LAS FLORES
C7524,Avenida Vélez Sarsfield 3625,-31.451694,-64.200357,LAS FLORES
C7457,Howard 1391,-31.36601043845606,-64.14844539016485,GENERAL MOSCONI
C7768,Avenida Rancagua 2369,-31.3823151769925,-64.14790157228708,NUEVA ITALIA
MA-00000187,República Popular China S/N,-31.37537157465516,-64.2774921655655,PARQUE DON BOSCO
MA-00000146,Avenida Vélez Sarsfield 3008,-31.445277623271704,-64.19835090637208,LAS FLORES
MA-00000137,Avenida Armada Argentina 1572,-31.46606220351501,-64.22334909439088,CONGRESO
c6639,Benito Soria 353,-31.438312,-64.19887899999999,BELLA VISTA
MA-00000115,Carlos Coto 4151,-31.455162543073104,-64.22192752361299,FERRER
MA-00000102,Calle Barrio Obispo Angelelli,-31.504301643240577,-64.19388234615327,VILLA RIVADAVIA
p32_reg_c,Avenida Fuerza Aérea 3684,-31.431888,-64.236799,AMEGHINO NORTE
p11_reg_c,Roma 388,-31.411169792834585,-64.16421309113503,GENERAL PUEYRREDON
p27_ida_c,Alejandro Carbó 1842,-31.417902,-64.158963,YAPEYU
p16_vuelta_b,Santa Rosa 788,-31.409399,-64.193318,URQUIZA
p21_ida_b,Avenida Patria 282,-31.410489,-64.157326,YAPEYU
C800,Avenida Colón 3337,-31.401255,-64.224461,VILLA SIBURU
C9661,Estanislao Learte 2420,-31.437795,-64.139235,JOSE IGNACIO DIAZ SECCION 1
C9618,Guillermo Marconi 2021,-31.432417,-64.152839,JARDIN DEL PILAR
C9598,Alonso de Reynoso 4115,-31.441749,-64.134166,JOSE IGNACIO DIAZ SECCION 1
C6679,General Manuel Savio S/N,-31.46177936483405,-64.12747621536256,COOPERATIVA EL FUTURO
C9591,Asturias 2258,-31.4363711496798,-64.15354728698732,JARDIN DEL PILAR
C9579,Valencia 1334,-31.434426,-64.168493,CRISOL SUD
C9553,Avenida Castro Barros 75,-31.404537,-64.19459,SAN MARTIN
C9504,Provincias Vascongadas 2251,-31.43478748455715,-64.1518521308899,JARDIN DEL PILAR
C9484,Lucio Mansilla 3473,-31.437996,-64.140866,JOSE IGNACIO DIAZ SECCION 1
C9503,Cipriano Perelló 5484,-31.469667689313223,-64.11739110946657,FERREYRA
C9481,Avenida General Manuel Savio 5841,-31.460187,-64.119687,FERREYRA
C9467,Chirinos de Posadas 5040,-31.452682,-64.132476,COOPERATIVA EL FUTURO
C9449,Gabriel de Ortubia 3815,-31.443786,-64.148097,BH_CAMINO A 60 CUADRAS
C9431,León 1829,-31.435964,-64.161487,CRISOL SUD
C9420,Mariano Larra 3564,-31.383405,-64.230242,VILLA SIBURU
C9396,Miguel de Sessé 2832,-31.43849028976306,-64.14937376976015,JARDIN DEL PILAR
C9376,Juan del Risco y Alvarado 3511,-31.453561,-64.132283,COOPERATIVA EL FUTURO
C9350,Cipriano Perelló 5006,-31.466529,-64.1131,FERREYRA
C9321,Avenida El Quebracho 4498,-31.477235,-64.137025,VILLA CORONEL OLMEDO
C9289,Calmayo 2306,-31.454069,-64.165006,BIALET MASSE
C9258,Avenida Enrique Barros S/N,-31.435712,-64.187751,GUEMES
C9219,Sagrada Familia 1089,-31.388341,-64.229899,VILLA SIBURU
C9198,Celso Barrios 3169,-31.458558,-64.155393,CERVECEROS
C9188,Avenida El Quebracho 4013,-31.477006,-64.143376,VILLA CORONEL OLMEDO
C9147,Avenida 11 de Septiembre 4301,-31.462347,-64.147904,RAMON J CARCANO
C9134,Roque Ferreyra 1202,-31.3822994343902,-64.23789706081152,COLINAS DEL CERRO
C9120,Manuel Quintana 1707,-31.384659,-64.222105,VILLA SIBURU
C9108,Coronel Pedro Zanni 788,-31.39912,-64.210045,VILLA PAEZ
C9082,Avenida Amadeo Sabattini 359,-31.427221,-64.172017,CRISOL SUD
C9244,Coronel José Javier Diaz 717,-31.44658651978298,-64.18631315231325,VILLA REVOL
C9309,Avenida 11 de Septiembre 3800,-31.456663,-64.148188,BH_CAMINO A 60 CUADRAS
C9411,Nicolás Berrotarán 1499,-31.379951467272125,-64.23387944698335,COLINAS DEL CERRO
C7522,Avenida Vélez Sarsfield 4033,-31.457459722277893,-64.20070052146913,LAS FLORES
C9096,Avenida Colón 1376,-31.408126632400272,-64.20171976089479,URQUIZA
C9540,Humberto Primo 754,-31.407046,-64.192032,URQUIZA
MA-00000204,Avenida Cjal. Felipe Belardinelli 4090,-31.458695233607983,-64.19683814048769,LAS FLORES
C7510,La Falda 6000,-31.48337,-64.213425,COMERCIAL
C7550,San Francisco 1404,-31.3749,-64.151423,VILLA AZALAIS
C7539,Jacinto Ríos 1490,-31.400398,-64.170789,GENERAL BUSTOS
C7180,Ciudad Universitaria,-31.43732010108295,-64.19189882813265,GUEMES
C8230,Avenida Colón 1529,-31.40766,-64.203806,ALBERDI
C7716,Avenida Colón 4449,-31.396973,-64.23779,VILLA SIBURU
C8237,Cleto Aguirre 5600,-31.409175,-64.25935,PARQUE REPUBLICA
C7989,Avenida Colón 5458,-31.395792,-64.253862,LOS ROBLES
C7996,Avenida Colón 3878,-31.398905,-64.231111,VILLA SIBURU
C8246,Avenida Colón 1590,-31.407269,-64.204406,ALBERDI
C6126,Mayor Arturo Lulsoni 5416,-31.35321548272398,-64.1846287250519,REMEDIOS DE ESCALADA
C6460,Juan Lavalleja 3643,-31.371986890553885,-64.18238639831544,HIPOLITO IRIGOYEN
C6426,Río Negro 5220,-31.472811,-64.222421,VILLA EL LIBERTADOR
C6431,Congreso 5081,-31.470711,-64.224122,VILLA EL LIBERTADOR
C6073,Mariano Fragueíro 4401,-31.366239,-64.183899,HIPOLITO IRIGOYEN
C6049,Aarón de Anchorena 5523,-31.352638,-64.176486,REMEDIOS DE ESCALADA
C6385,Córdoba S/N,-31.34052502413193,-64.16893243789674,REMEDIOS DE ESCALADA
C6545,Canalejas 2063,-31.436545,-64.204558,BELLA VISTA
C6526,Canalejas 2085,-31.436829,-64.204783,BELLA VISTA
C6020,Cacheuta 4135,-31.456471,-64.214455,CABO FARINA
C6353,Colorado 5903,-31.481696,-64.234507,SANTA ISABEL SECCION 1
C6331,Gobernación 1350,-31.4761,-64.223204,VILLA EL LIBERTADOR
C6213,Avenida Armada Argentina 412,-31.45444,-64.207406,LAS FLORES
C6253,Avenida Vélez Sarsfield 155,-31.416981,-64.187322,URQUIZA
C6369,Avenida Central S/N,-31.477295,-64.249742,PARQUE FUTURA
C6228,Avenida Armada Argentina 372,-31.453909,-64.206607,LAS FLORES
C6374,Río Negro 4975,-31.469265,-64.221386,VILLA EL LIBERTADOR
C6352,Aluminé S/N,-31.486101,-64.229534,EL CABILDO
C6332,Avenida Central S/N,-31.477423,-64.246792,PARQUE FUTURA
C6316,América Central 2200,-31.476119,-64.242715,PARQUE FUTURA
C6656,Río Negro 4126,-31.455780315927772,-64.21805441379549,FERRER
C6619,Trelew 896,-31.453670719231308,-64.21105384826662,FERRER
C6014,Lago Argentino 1973,-31.465582,-64.225114,CONGRESO
C6577,Impira S/N,-31.463568,-64.249667,ESTACION FLORES
C4933,Avenida Bernardo O'higgins 8697,-31.509447,-64.168868,VILLA RIVADAVIA
C4919,Camino a San Carlos 5400,-31.475227,-64.168991,CERVECEROS
C4910,Camino a San Antonio 6359,-31.492469,-64.189317,VILLA RIVADAVIA
C4898,Amancay S/N,-31.511971,-64.191855,VILLA RIVADAVIA
C4527,Avenida Bernardo O'Higgins 4362,-31.463802,-64.168879,CERVECEROS
C4863,Avenida Bernardo O'higgins 8682,-31.50931,-64.169126,VILLA RIVADAVIA
C4606,Avenida Bernardo O'higgins S/N,-31.558754,-64.168621,VILLA RIVADAVIA
C4809,Huascha 2950,-31.445767,-64.160703,JARDIN DEL PILAR
C4797,Sebastián Gaboto 1419,-31.375133,-64.193094,SARGENTO CABRAL
C4785,Juan de Constans 1000,-31.368387,-64.188614,MARQUES ANEXO
C4848,Juan de Constans 1000,-31.368364,-64.188496,MARQUES ANEXO
C4834,Huarte 3196,-31.375344,-64.192193,SARGENTO CABRAL
C4549,Soldado Ruiz 1222,-31.39162,-64.195814,SAN MARTIN
C4738,Osvaldo Permigiani 8101,-31.329886,-64.24434,CERRITO AUTODROMO
C4728,Bulevar Los Alemanes 5884,-31.343288,-64.244045,LAS CORTADERAS
C3963,Manuel López 4181,-31.359446,-64.233343,LOS BOULEVARES
C4716,Francisco Drummond 2793,-31.372294,-64.21077,LAS MARGARITAS
C6153,Cacheuta 4010,-31.45463171277277,-64.214004278183,FERRER
C6457,Las Peñas 5949,-31.48301775866761,-64.20545339584352,COMERCIAL
C6504,Cajamarca 2079,-31.479638101925577,-64.23420634120704,SANTA ISABEL SECCION 1
C6089,Mariano Fragueíro 2449,-31.38698116802489,-64.18393135070802,HIPOLITO IRIGOYEN
C6411,Federico Brandsen 12,-31.397838,-64.198549,SAN MARTIN
C6456,Nicolás Avellaneda 1688,-31.395141,-64.188352,SAN MARTIN
C9461,Chirinos de Posadas 4633,-31.448389654961076,-64.13898825645448,JOSE IGNACIO DIAZ SECCION 1
C7520,Avenida Vélez Sarsfield 4899,-31.471136381666945,-64.20432150363924,CABO FARINA
MA-00000158,Avenida Juan B. Justo S/N,-31.329995683774744,-64.17579889297487,REMEDIOS DE ESCALADA
C7519,Avenida Vélez Sarsfield 5133,-31.475547,-64.20239,INAUDI
C7509,La Falda 5892,-31.482203,-64.213382,COMERCIAL
C7548,Avenida Alem 2572,-31.378573,-64.152807,VILLA AZALAIS
C7181,Maestro Marcelo López 3518,-31.439914,-64.192852,LAS FLORES
C7717,Avenida Colón 4127,-31.398205,-64.234104,VILLA SIBURU
C8355,Cleto Aguirre 5798,-31.409184,-64.261565,LOS ROBLES
C7977,Cleto Aguirre 5541,-31.409253,-64.258985,PARQUE REPUBLICA
C7998,Avenida Colón 4340,-31.397211,-64.236181,VILLA SIBURU
C8245,Avenida Colón 1390,-31.407988,-64.201874,URQUIZA
C6124,Carola Lorenzini 897,-31.35486465847696,-64.18536901474,MARQUES DE SOBREMONTE
C6268,Juan Lavalleja 3487,-31.374020463687405,-64.18242931365968,HIPOLITO IRIGOYEN
C6410,La Falda 5813,-31.481343,-64.212964,COMERCIAL
C6455,Laboulaye 309,-31.483603324686467,-64.2088544368744,COMERCIAL
C6083,Mariano Fragueíro 3040,-31.380029,-64.183813,HIPOLITO IRIGOYEN
C4476,Avenida Ciudad de Valparaíso 3990,-31.45929239148098,-64.18685709318031,LAS FLORES
C6069,Mariano Fragueíro 4670,-31.362533,-64.183792,VILLA AZALAIS OESTE
C6383,Córdoba S/N,-31.33841741759058,-64.16900753974916,REMEDIOS DE ESCALADA
C6569,Colorado 5888,-31.481407,-64.234604,SANTA ISABEL SECCION 1
C6151,Cacheuta 3798,-31.451245,-64.213033,FERRER
C6524,Doctor Ernesto Romagosa 805,-31.438486,-64.205496,BELLA VISTA
C6018,Cacheuta 4273,-31.458393,-64.214991,CABO FARINA
C6502,Colorado 6225,-31.486458,-64.234518,EL CABILDO
C6351,Colorado 5961,-31.482945,-64.234502,EL CABILDO
C6323,Defensa 1341,-31.46824,-64.220898,VILLA EL LIBERTADOR
C6209,Avenida Armada Argentina 54,-31.450829,-64.201484,LAS FLORES
C6220,Avenida Curazao 2337,-31.473365,-64.239335,CONGRESO
C6367,Avenida Central S/N,-31.477171,-64.248165,PARQUE FUTURA
C6226,Avenida Armada Argentina 557,-31.45654,-64.208645,CABO FARINA
C6350,Tunuyán 2008,-31.486087,-64.233311,EL CABILDO
C6330,Avenida Central S/N,-31.477505,-64.248278,PARQUE FUTURA
C6314,El Salvador 2200,-31.475323,-64.24176,PARQUE FUTURA
C6629,Doctor José Pizarro 900,-31.44581765971237,-64.20884370803834,FERRER
C6597,Hugo Alberto García 1373,-31.458924030213726,-64.22064542770387,CONGRESO
C6585,2 De Septiembre 4621,-31.463994,-64.238402,CONGRESO
C4935,Avenida Bernardo O'higgins 9296,-31.514862,-64.16889,VILLA RIVADAVIA
C4894,Ciudad De Valparaíso 8500,-31.511944,-64.190605,VILLA RIVADAVIA
C6748,Córdoba S/N,-31.504366,-64.194832,VILLA RIVADAVIA
C4882,Camino a San Antonio 5592,-31.479843,-64.188851,INAUDI
C4534,Avenida Bernardo O'Higgins 3149,-31.4486,-64.168686,VILLA REVOL
C4866,Avenida Bernardo O'higgins 7679,-31.501123,-64.168761,VILLA RIVADAVIA
C4858,Avenida Bernardo O'higgins 9869,-31.521264,-64.169018,VILLA RIVADAVIA
C4603,Avenida Libertador San Martín S/N,-31.558379,-64.187922,VILLA RIVADAVIA
C4804,Copacabana 780,-31.387865,-64.194639,SAN MARTIN
C6507,Francisco López Correa 2002,-31.372037,-64.199542,SARGENTO CABRAL
C4781,Lasso de La Vega 809,-31.361837,-64.189746,MARQUES DE SOBREMONTE
C6570,Blas de Peralta 3801,-31.370874,-64.197927,SARGENTO CABRAL
C4733,Juan Gálvez 7394,-31.336466,-64.245837,CERRITO AUTODROMO
C4645,Avenida Padre Claret 5678,-31.347512,-64.235988,LAS CORTADERAS
C4710,Caminiaga 2985,-31.446367,-64.164008,BIALET MASSE
C3908,Onofrio Palamara 2964,-31.464461,-64.157485,CERVECEROS
C4670,Avenida Padre Claret 6105,-31.344259,-64.235585,LAS CORTADERAS
C4751,Martín Fermín 7676,-31.333854,-64.24647,CERRITO AUTODROMO
C6452,Faustino Allende 946,-31.399148,-64.19083,SAN MARTIN
C7521,Avenida Vélez Sarsfield 4313,-31.460768,-64.201425,CABO FARINA
C7512,Laboulaye 315,-31.483649,-64.208956,COMERCIAL
C7552,Avenida Alem 3472,-31.369889,-64.149556,GENERAL MOSCONI
C6370,Río Negro 5233,-31.473017,-64.222341,VILLA EL LIBERTADOR
C7540,Avenida Leandro N. Alem 274,-31.39834206697484,-64.17051494121553,GENERAL BUSTOS
C7182,Maestro Marcelo López 3442,-31.442161,-64.193979,LAS FLORES
C8231,Avenida Colón 1309,-31.40847,-64.20106,URQUIZA
C7767,Avenida Colón 3867,-31.399185,-64.230972,VILLA SIBURU
C7978,Curunao 802,-31.410466,-64.258722,PARQUE REPUBLICA
C7999,Avenida Colón 4758,-31.395874,-64.241331,VILLA SIBURU
C8247,Avenida Colón 1886,-31.406312,-64.207775,ALBERDI
C6130,Jorge Eduardo Newbery 717,-31.35229,-64.182327,REMEDIOS DE ESCALADA
C6466,Sucre 3774,-31.370292,-64.17979,VILLA AZALAIS OESTE
C6428,Río Negro 5108,-31.471534,-64.222121,VILLA EL LIBERTADOR
C6397,Avenida General Mosconi 454,-31.369853,-64.180536,VILLA AZALAIS OESTE
C6051,Jorge Eduardo Newbery 123,-31.352913,-64.177344,VILLA AZALAIS OESTE
C6393,Córdoba S/N,-31.341771,-64.17331,REMEDIOS DE ESCALADA
C6421,Avenida Colón 827,-31.410443,-64.19436,URQUIZA
C6557,Alto del Tala 5489,-31.47525,-64.229572,VILLA EL LIBERTADOR
C6141,Paso de los Andes 2978,-31.444376,-64.209117,FERRER
C6530,Alcalá 641,-31.434952,-64.202036,BELLA VISTA
C6032,Manuel Baigorria 1143,-31.445405767793524,-64.21049594879152,FERRER
C7634,Cajamarca 1882,-31.479523,-64.231299,SANTA ISABEL SECCION 1
C6335,Luyaba 1359,-31.481362,-64.224851,SANTA ISABEL SECCION 1
C6315,Forestieri 4716,-31.465879,-64.221793,CONGRESO
C6195,Avenida Vélez Sarsfield 866,-31.42536732818619,-64.1910767555237,GUEMES
MA-00000607,Belgrano 569,-31.421682029522177,-64.19060502201317,GUEMES
C6378,Defensa 1307,-31.468304,-64.22056,VILLA EL LIBERTADOR
C6354,Cipoletti S/N,-31.485232,-64.227984,SANTA ISABEL SECCION 1
C6336,Atlántida 2085,-31.479312,-64.24427,PARQUE FUTURA
C6318,Barbados 2780,-31.475716,-64.244807,PARQUE FUTURA
C6620,Santiago Cáceres 1842,-31.434604400158616,-64.19838309288026,BELLA VISTA
C6633,Arq. Ernesto La Padula 603,-31.443227,-64.204069,FERRER
C6613,Huiliches 1119,-31.456114,-64.21482,FERRER
C6591,Avenida Curazao 1910,-31.467682,-64.232855,CONGRESO
C4941,Avenida Bernardo O'higgins S/N,-31.53687,-64.168857,VILLA RIVADAVIA
C4926,Camino a San Carlos 6564,-31.491453,-64.168975,CERVECEROS
C4505,Avenida Ciudad De Valparaíso 3801,-31.456938,-64.186603,LAS FLORES
C4900,Caraguatá S/N,-31.513124,-64.194075,VILLA RIVADAVIA
C6683,Córdoba S/N,-31.50502,-64.192986,VILLA RIVADAVIA
C4880,Avenida Ciudad de Valparaíso 5050,-31.474755,-64.188609,INAUDI
C4874,Mauricio Revigliono 1902,-31.482396,-64.168707,CERVECEROS
C4865,Avenida Bernardo O'higgins 8035,-31.504151,-64.168814,VILLA RIVADAVIA
C5246,Avenida Duarte Quirós 4109,-31.404056,-64.235419,QUINTA SANTA ANA
C4856,Avenida Bernardo O'higgins S/N,-31.528763,-64.168439,VILLA RIVADAVIA
C4811,Huascha 3200,-31.449602,-64.160666,BIALET MASSE
C4798,Eduardo Marquina 3009,-31.378014,-64.192954,SARGENTO CABRAL
C4786,De Las Fuentes 4147,-31.368588,-64.190154,MARQUES ANEXO
C4849,Tristán de Tejeda 859,-31.365048,-64.18965,MARQUES ANEXO
C4837,Angel Gallardo 1690,-31.373906,-64.196774,SARGENTO CABRAL
C4551,Avenida Cornelio Saavedra 374,-31.387737,-64.196055,SAN MARTIN
C4822,Pampayasta 2817,-31.449662,-64.160398,BIALET MASSE
C4731,Juan Abella 5999,-31.340415,-64.243627,LAS CORTADERAS
C6371,Dirección desconocida,-31.47705209600811,-64.25196290016176,PARQUE FUTURA
C6091,Mariano Fragueíro 2243,-31.389408,-64.183835,SAN MARTIN
C6413,Avenida Castro Barros 542,-31.400219,-64.197214,SAN MARTIN
C6678,Ralico 1751,-31.465925,-64.23477,CONGRESO
C6096,Juan Lavalleja 2394,-31.387773,-64.18236,HIPOLITO IRIGOYEN
C8358,Avenida Río Bamba 217,-31.3963236159016,-64.25592955201864,LOS ROBLES
C7518,Avenida Vélez Sarsfield 5339,-31.477693,-64.20253,INAUDI
C7549,Avenida Alem 2756,-31.376924,-64.152163,VILLA AZALAIS
C7537,Buchardo 1256,-31.40455082854656,-64.16997313499452,GENERAL PUEYRREDON
C8388,Avenida Enrique Barros S/N,-31.43622,-64.188293,GUEMES
C5105,Avenida Colón 2373,-31.404739,-64.2135,ALBERDI
C7361,Avenida Colón 4855,-31.396195,-64.243412,VILLA SIBURU
C8236,Curunao 802,-31.410452,-64.258663,PARQUE REPUBLICA
C6261,Avenida Ambrosio Olmos 657,-31.42988985374296,-64.18756842613222,GUEMES
C8479,Cleto Aguirre 5823,-31.409262,-64.261833,LOS ROBLES
C7994,Avenida Colón 3274,-31.401254,-64.22359,VILLA SIBURU
C6120,Mariano Fragueíro 4958,-31.357732,-64.183856,VILLA AZALAIS OESTE
C6266,Juan Lavalleja 3378,-31.375999,-64.182333,HIPOLITO IRIGOYEN
C6408,Laboulaye 580,-31.48342,-64.213039,COMERCIAL
C6451,La Falda 5982,-31.48321,-64.213414,COMERCIAL
C6433,Congreso 5221,-31.472454,-64.224604,VILLA EL LIBERTADOR
C6409,Federico Brandsen 401,-31.395856,-64.194354,SAN MARTIN
C6071,Mariano Fragueíro 4540,-31.364525,-64.183808,VILLA AZALAIS OESTE
C6145,Doctor José Pizarro 1102,-31.446376,-64.211462,FERRER
C6341,Cipoletti 1951,-31.484802,-64.227893,SANTA ISABEL SECCION 1
C6313,Avenida Armada Argentina 1601,-31.467037,-64.223623,CONGRESO
C6311,Avenida Vélez Sarsfield 433,-31.420739,-64.188985,GUEMES
C6363,Atlántida 2200,-31.477674,-64.245397,PARQUE FUTURA
C7530,Avenida Vélez Sarsfield 1919,-31.432824,-64.193518,GUEMES
C6222,Avenida Armada Argentina 933,-31.459075,-64.213972,CABO FARINA
C6221,Luis Orione 2200,-31.474097,-64.240483,CONGRESO
C6645,Santa María 1822,-31.43458609169909,-64.19935941696168,BELLA VISTA
C6623,Doctor Manuel Parga 3726,-31.451419210039862,-64.20989513397218,FERRER
C6593,Sicilia 4401,-31.460402,-64.217062,CABO FARINA
C6579,Impira S/N,-31.463564,-64.246942,CONGRESO
C4934,Avenida Bernardo O'higgins 8961,-31.511697,-64.169168,VILLA RIVADAVIA
C4913,Camino a San Antonio 5899,-31.483969,-64.188888,INAUDI
C4890,Amancay S/N,-31.511848,-64.195518,VILLA RIVADAVIA
C4485,Camino a San Antonio 6714,-31.497738,-64.189875,VILLA RIVADAVIA
C6608,Bulevar Juan Domingo Perón 675,-31.424598,-64.171754,CRISOL SUD
C4013,Camino a San Carlos 5037,-31.471680844317035,-64.16869640350343,CERVECEROS
C4862,Avenida Bernardo O'higgins 8966,-31.511706,-64.1689,VILLA RIVADAVIA
C4726,Avenida Bernardo O'higgins 9932,-31.522938,-64.168632,VILLA RIVADAVIA
C4393,Avenida Libertador San Martín 500,-31.558206,-64.190208,VILLA RIVADAVIA
C4803,Copacabana 927,-31.387096,-64.193121,SAN MARTIN
C6505,Gaspar de Medina 857,-31.370979,-64.198072,SARGENTO CABRAL
C4780,Rodríguez de Ruesca 698,-31.360811,-64.188502,MARQUES DE SOBREMONTE
C6568,Francisco López Correa 1994,-31.372074,-64.199381,SARGENTO CABRAL
C4829,Suquía 966,-31.386267,-64.193614,SAN MARTIN
C4823,Huascha 3056,-31.447314,-64.160634,JARDIN DEL PILAR
C4732,Junas Larguia 6202,-31.339659,-64.244522,CERRITO AUTODROMO
C4644,Avenida Padre Claret 5144,-31.351644,-64.236948,LAS CORTADERAS
C4762,Leopoldo Buteler 4662,-31.357338,-64.230645,LOS BOULEVARES
C4651,Bulevar Los Alemanes 5307,-31.343421,-64.237608,LAS CORTADERAS
C4749,Fermín Martín S/N,-31.331082,-64.246926,CERRITO AUTODROMO
C9297,Celso Barrios 2754,-31.45861286669307,-64.16099309921266,CERVECEROS
C4770,General Manuel Oribe 2682,-31.373535,-64.208726,ANA MARIA ZUMARAN
C4617,Avenida Bernardo O'Higgins 4320,-31.463518,-64.168873,CERVECEROS
C9512,Avenida Madrid 2336,-31.435845,-64.168916,CRISOL SUD
C4721,Virrey Melo 3644,-31.363316,-64.221965,LAS MARGARITAS
C6087,Mariano Fragueíro 2631,-31.38480133012894,-64.18386697769166,HIPOLITO IRIGOYEN
C6446,Avenida Santa Fe 816,-31.40231187559408,-64.19801831245424,SAN MARTIN
C8244,Avenida Colón 1184,-31.408812,-64.199058,URQUIZA
C4920,Camino a San Carlos 5598,-31.477487,-64.1689,CERVECEROS
C7511,Laboulaye 431,-31.483658,-64.211016,COMERCIAL
C7553,Avenida Alem 3622,-31.367842,-64.148827,GENERAL MOSCONI
C7507,Avenida de Mayo 655,-31.477134446701086,-64.21285629272462,COMERCIAL
C7435,Tucumán 199-99,-31.412659,-64.187161,URQUIZA
C7774,Avenida Colón 609,-31.411244,-64.191667,URQUIZA
C7818,Avenida Colón 3351,-31.401236,-64.224626,VILLA SIBURU
C7157,Doctor José A. Ceballos 405,-31.404093,-64.269082,LOS ROBLES
C8000,Avenida Colón 4860,-31.395947,-64.243495,VILLA SIBURU
C7991,Avenida Colón 2376,-31.404473,-64.213436,ALBERDI
C6132,Jorge Eduardo Newbery 530,-31.35246,-64.180622,REMEDIOS DE ESCALADA
C7543,Mauricio Yadarola 1400,-31.38967383910194,-64.16297256946565,GENERAL BUSTOS
C6468,Sucre 3878,-31.369065,-64.179747,VILLA AZALAIS OESTE
C6432,Río Negro 4881,-31.468336,-64.221166,VILLA EL LIBERTADOR
C6417,Avenida Santa Fe 439,-31.405769,-64.199751,URQUIZA
C6075,Mariano Fragueíro 4026,-31.36846,-64.183824,HIPOLITO IRIGOYEN
C6055,Jorge Eduardo Newbery 784,-31.352148,-64.183282,REMEDIOS DE ESCALADA
C6391,Córdoba S/N,-31.342074,-64.171593,REMEDIOS DE ESCALADA
C6157,Cacheuta 4292,-31.458567,-64.215238,CABO FARINA
C6547,Avenida Central 2199,-31.437378,-64.206505,BELLA VISTA
C6036,Pedro de Mendoza 2830,-31.44277,-64.207428,FERRER
C6510,Cajamarca 1617,-31.479724,-64.227501,SANTA ISABEL SECCION 1
C6349,Colorado 6063,-31.484569,-64.234518,EL CABILDO
C6325,La Amistad 1352,-31.469668,-64.221616,VILLA EL LIBERTADOR
C6215,Avenida Armada Argentina 570,-31.456581,-64.208994,CABO FARINA
C6379,América Central 2200,-31.475963,-64.243112,PARQUE FUTURA
C6252,Belgrano 446,-31.420552,-64.190031,GUEMES
C6234,Avenida Vélez Sarsfield 3283,-31.448481,-64.199204,LAS FLORES
C6382,Río Tabaquillo 4750,-31.465477,-64.219648,VILLA EL LIBERTADOR
C6358,José Benito Cottolengo 1112,-31.48353,-64.227566,SANTA ISABEL SECCION 1
C6340,Ushuaia 2477,-31.481609,-64.240134,PARQUE FUTURA
C6320,Camilo Henríquez 2695,-31.47568,-64.246051,PARQUE FUTURA
C6690,2 De Septiembre 4636,-31.46423195454563,-64.23846602439882,CONGRESO
C6630,Arq. Ernesto La Padula 601,-31.443666648618883,-64.20401573181154,FERRER
C6637,Doctor Ernesto Romagosa 401,-31.43979470421945,-64.20008897781373,BELLA VISTA
C6617,Iruya 4050,-31.455537783366967,-64.21257734298707,FERRER
C612,Mayor Fernando Juan Casado 1604,-31.464579704602976,-64.22654628753664,CONGRESO
C6575,Impira S/N,-31.46361,-64.251062,SACHI
C4930,Avenida Bernardo O'higgins 7672,-31.501022,-64.169104,VILLA RIVADAVIA
C4601,Bulevar Juan Domingo Perón 338,-31.422099,-64.175037,GUEMES
C6687,Ciudad De Valparaíso S/N,-31.505029,-64.18995,VILLA RIVADAVIA
C6744,Córdoba S/N,-31.505029,-64.19495,VILLA RIVADAVIA
C4884,Camino a San Antonio 6103,-31.487062,-64.189135,INAUDI
C4529,Avenida Bernardo O'Higgins 3923,-31.458819,-64.168686,BIALET MASSE
C4868,Camino a San Carlos 6799,-31.494134,-64.168761,VILLA CORONEL OLMEDO
C4468,Avenida Bernardo O'higgins S/N,-31.53842,-64.168675,VILLA RIVADAVIA
C4812,Pampayasta 2938,-31.449836,-64.158692,JARDIN DEL PILAR
C4800,Eduardo Marquina 2601,-31.382695,-64.192944,SARGENTO CABRAL
C6576,De los Regidores 1647,-31.367773,-64.195438,MARQUES DE SOBREMONTE
C4778,Suárez de Figueroa 943,-31.357989,-64.189907,MARQUES DE SOBREMONTE
C6574,F. de Toledo Pimentel 1676,-31.369138,-64.196205,MARQUES DE SOBREMONTE
C4831,Huarte 2592,-31.383061,-64.192203,SARGENTO CABRAL
C6094,Isabel la Católica 600,-31.391469,-64.182343,SAN MARTIN
C6654,Huiliches 1193,-31.455812,-64.216107,FERRER
C6093,Mariano Fragueíro 1917,-31.393192970529668,-64.18484531342983,SAN MARTIN
C6448,Palestina 86,-31.40016,-64.195953,SAN MARTIN
C7516,Avenida Vélez Sarsfield 5935,-31.482958,-64.203522,COMERCIAL
C7517,Avenida Vélez Sarsfield 5593,-31.480108,-64.202637,COMERCIAL
C7546,Avenida Alem 1980,-31.381971,-64.155886,VILLA AZALAIS
C7545,Avenida Alem 1756,-31.384014,-64.15771,GENERAL BUSTOS
C7536,Buchardo 982,-31.405535,-64.17331,GENERAL PUEYRREDON
C7775,Avenida Maipú 668,-31.409569,-64.176781,URQUIZA
C7503,Avenida de Mayo 823,-31.476585440712423,-64.21534538269044,COMERCIAL
C9243,Avenida Enrique Barros S/N,-31.434504,-64.187751,GUEMES
C8225,Avenida Colón 2749,-31.40336,-64.217781,ALBERDI
C7360,Avenida Colón 4913,-31.396304,-64.244968,LAS VIOLETAS
C7155,Avenida Colón 5071,-31.396478,-64.248787,LAS VIOLETAS
C7214,Avenida Santa Ana 5801,-31.411588,-64.261656,PARQUE REPUBLICA
C7987,Avenida Colón 5120,-31.396249,-64.249758,LOS ROBLES
C4736,Martín Fermín 7900,-31.332044,-64.246459,CERRITO AUTODROMO
C9067,Avenida Colón 2511,-31.404203,-64.215147,ALBERDI
C9078,Avenida Madrid 2102,-31.431629,-64.168986,CRISOL SUD
C7993,Avenida Colón 3066,-31.402042,-64.221284,VILLA SIBURU
C6138,Horacio Anasagasti 125,-31.35440197597637,-64.17760133743288,VILLA AZALAIS OESTE
C6142,Avenida Juan B. Justo 6114,-31.351254758362188,-64.17607784271242,REMEDIOS DE ESCALADA
C6116,Mariano Fragueíro 4666,-31.362588,-64.183803,VILLA AZALAIS OESTE
C6114,Mariano Fragueíro 4576,-31.363944,-64.183781,VILLA AZALAIS OESTE
C6102,Juan A. Lavalleja 3035,-31.380075,-64.182311,HIPOLITO IRIGOYEN
C6444,Avenida Santa Fe 474,-31.405544,-64.199488,VILLA PAEZ
C6406,Laboulaye 452,-31.483484,-64.21129,COMERCIAL
C6404,Laboulaye 323,-31.483553,-64.209069,COMERCIAL
C6449,La Falda 5820,-31.48137998424929,-64.21324253082277,COMERCIAL
C6429,Congreso 4931,-31.468917,-64.223671,VILLA EL LIBERTADOR
C6081,Mariano Fragueíro 3241,-31.377657,-64.183926,HIPOLITO IRIGOYEN
C6079,Mariano Fragueíro 3481,-31.374148705562924,-64.18388843536378,HIPOLITO IRIGOYEN
C6061,Urquiza 4999,-31.356459,-64.185616,MARQUES DE SOBREMONTE
C6059,Carola Lorenzini 850,-31.354686,-64.184731,VILLA AZALAIS OESTE
C6047,Avenida Juan B. Justo 6118,-31.351218,-64.176164,REMEDIOS DE ESCALADA
C6045,Avenida Juan B. Justo 6309,-31.347626394254345,-64.17622804641725,REMEDIOS DE ESCALADA
C6539,Fuencarral 612,-31.433277,-64.201269,BELLA VISTA
C6541,Avenida Elpidio González 1781,-31.433671,-64.202841,BELLA VISTA
C6553,Alto del Tala 5278,-31.472568,-64.229684,VILLA EL LIBERTADOR
C6551,Paso de los Andes 2630,-31.440738,-64.20812,FERRER
C6143,Manuel Baigorria 1240,-31.445342,-64.211118,FERRER
C6520,Pedro de Mendoza 2687,-31.441460666808123,-64.20706272125246,FERRER
C6286,Avenida Armada Argentina 1837,-31.47013,-64.227646,VILLA EL LIBERTADOR
C6516,Cachi Yaco 1763,-31.474243,-64.229186,VILLA EL LIBERTADOR
C6518,Alto del Tala 5213,-31.471928,-64.229572,VILLA EL LIBERTADOR
C6301,Avenida Armada Argentina 3030,-31.48208908004449,-64.24245715141298,PARQUE FUTURA
C6345,Cleveland 6195,-31.486074,-64.23279,EL CABILDO
C6333,Río Negro 5689,-31.478617,-64.223928,VILLA EL LIBERTADOR
C6319,Río Quilpo 4763,-31.466149,-64.218602,VILLA EL LIBERTADOR
C6219,Avenida Armada Argentina 970,-31.459153,-64.214712,CABO FARINA
C6203,Avenida Vélez Sarsfield 2340,-31.440728379208178,-64.19682741165163,LAS FLORES
C6205,Avenida Vélez Sarsfield 3386,-31.44903950735546,-64.19955253601076,LAS FLORES
C6375,Camilo Henríquez 2764,-31.47567,-64.247553,PARQUE FUTURA
C6377,Barbados 2800,-31.475762,-64.245096,PARQUE FUTURA
C6536,Avenida Marcelo T. de Alvear 1467,-31.431016,-64.198029,GUEMES
C6407,Bedoya 1192,-31.396034,-64.192852,SAN MARTIN
C6405,Bedoya 888,-31.397174,-64.189097,SAN MARTIN
C6100,Juan Lavalleja 2780,-31.383162,-64.182354,HIPOLITO IRIGOYEN
C7515,Laboulaye 11,-31.483777,-64.204182,COMERCIAL
C7554,Howard 1399,-31.365877,-64.148049,GENERAL MOSCONI
C7544,Avenida Alem 1478,-31.387439,-64.160703,GENERAL BUSTOS
C7829,Avenida Maipú 434,-31.412197,-64.177848,URQUIZA
C8385,Bv. Enrique Barros 2222,-31.43352,-64.185476,GUEMES
C8224,Avenida Colón 3037,-31.402307,-64.221064,VILLA SIBURU
C8360,Avenida Colón 5183,-31.396547,-64.250911,LOS ROBLES
C8478,Avenida Santa Ana 6003,-31.411611,-64.263985,PARQUE REPUBLICA
C8001,Avenida Colón 5062,-31.396066,-64.246995,LAS VIOLETAS
C9272,Avenida Colón 2638,-31.403525,-64.216429,ALBERDI
C6134,Jorge Eduardo Newbery 346,-31.352611,-64.179114,REMEDIOS DE ESCALADA
C6112,Mariano Fragueíro 4208,-31.367333,-64.183749,HIPOLITO IRIGOYEN
C6250,Belgrano 683,-31.422833039292737,-64.19151294976474,GUEMES
C6113,Avenida Vélez Sarsfield 401,-31.420432582841908,-64.18895781040193,GUEMES
C6401,Unquillo 577,-31.372468,-64.182027,HIPOLITO IRIGOYEN
C6057,Felipe Beltrame 5412,-31.35338,-64.183797,REMEDIOS DE ESCALADA
C6043,Avenida Juan B. Justo 6381,-31.346005,-64.176282,REMEDIOS DE ESCALADA
C6537,Santiago Cáceres 1699,-31.433396,-64.198324,GUEMES
C6555,Alto del Tala 5380,-31.473914,-64.229652,VILLA EL LIBERTADOR
C6139,Paso de los Andes 2882,-31.443154,-64.208769,FERRER
C6534,Santa María 1606,-31.432124,-64.20032,BELLA VISTA
C6438,27 de Abril 754,-31.41411499741953,-64.19456899166109,URQUIZA
C6263,Avenida Ambrosio Olmos 1048,-31.432415655698367,-64.19335395097733,GUEMES
C7527,Avenida Vélez Sarsfield 3077,-31.445964109736043,-64.19844746589662,LAS FLORES
C6522,Pedro de Mendoza 2431,-31.439383,-64.206494,BELLA VISTA
C6514,Cachi Yaco 1601,-31.474344,-64.227185,VILLA EL LIBERTADOR
C6289,Avenida Armada Argentina S/N,-31.467366,-64.225109,CONGRESO
C6327,Río Negro 5138,-31.471836,-64.222255,VILLA EL LIBERTADOR
C6217,Avenida Armada Argentina 816,-31.458192,-64.212019,CABO FARINA
C6201,Avenida Vélez Sarsfield 1954,-31.43697531545016,-64.19566869735719,BELLA VISTA
C6218,Luis Orione 2199,-31.474838,-64.241116,PARQUE FUTURA
C6359,Atlántida 1902,-31.481005,-64.242221,PARQUE FUTURA
C6238,Avenida Vélez Sarsfield 2619,-31.442508743479728,-64.19726192951204,LAS FLORES
C6016,Avenida Armada Argentina 1585,-31.46641,-64.223371,CONGRESO
C6362,Luyaba 1349,-31.481417,-64.224626,SANTA ISABEL SECCION 1
C6355,Ushuaia 2267,-31.481636174317927,-64.23725366592409,EL CABILDO
C6326,Cacheuta 4499,-31.476814,-64.252081,PARQUE FUTURA
C6159,Avenida Armada Argentina 1100,-31.460887082117747,-64.21683669090272,CABO FARINA
C6601,Manir Fatala 1565,-31.456929,-64.223725,CONGRESO
C6589,Villa Dolores 5302,-31.465696,-64.23499,CONGRESO
C4940,Avenida Bernardo O'higgins S/N,-31.528823,-64.168825,VILLA RIVADAVIA
C4925,Camino a San Carlos 6323,-31.488338,-64.168766,CERVECEROS
C4915,Camino a San Antonio 5301,-31.477208,-64.188572,INAUDI
C4899,Caraguatá S/N,-31.513083,-64.196109,VILLA RIVADAVIA
C6740,Córdoba S/N,-31.505088,-64.192353,VILLA RIVADAVIA
C4881,Camino a San Antonio 5319,-31.477377,-64.188572,INAUDI
C4533,Avenida Bernardo O'Higgins 3323,-31.451474,-64.168691,BIALET MASSE
C4864,Avenida Bernardo O'higgins 8421,-31.507233,-64.168857,VILLA RIVADAVIA
C4860,Avenida Bernardo O'higgins 9588,-31.517039,-64.168922,VILLA RIVADAVIA
C4604,A189 S/N,-31.559184,-64.176486,VILLA RIVADAVIA
C4805,Avenida Pablo Ricchieri 1921,-31.433666,-64.175348,CRISOL SUD
C6509,Avenida Vives 3539,-31.373425,-64.19908,SARGENTO CABRAL
C4782,Juan B. Noble 697,-31.363825,-64.191238,MARQUES DE SOBREMONTE
C4846,De Las Fuentes 4147,-31.368625,-64.190095,MARQUES ANEXO
C4836,Sebastián Gaboto 1644,-31.375092,-64.196071,SARGENTO CABRAL
C4547,Bulevar Los Andes 1451,-31.39738,-64.193754,SAN MARTIN
C4742,Julio Bejanele S/N,-31.324469370616715,-64.24211382865907,CERRITO AUTODROMO
C4729,Humberto Canale 5999,-31.342257,-64.245096,LAS CORTADERAS
C6095,Mariano Fragueíro 1733,-31.39527,-64.185755,SAN MARTIN
C4876,Camino a San Carlos 5593,-31.477446,-64.168589,CERVECEROS
C6098,Juan Lavalleja 2580,-31.385502,-64.182451,HIPOLITO IRIGOYEN
C7547,Avenida Alem 2244,-31.380286,-64.154384,VILLA AZALAIS
C7538,Jacinto Ríos 1292,-31.402468,-64.170027,GENERAL PUEYRREDON
C7179,Avenida Haya De La Torre S/N,-31.438174,-64.189435,GUEMES
C9071,Avenida Colón 2053,-31.405879,-64.209868,ALBERDI
C7427,Avenida Colón 4773,-31.396085,-64.241492,VILLA SIBURU
C8235,Avenida Santa Ana 5601,-31.411579,-64.25935,PARQUE REPUBLICA
C7988,Avenida Colón 5292,-31.396336,-64.252226,LOS ROBLES
C6146,Avenida Juan B. Justo 6566,-31.342239,-64.175949,REMEDIOS DE ESCALADA
C6118,Mariano Fragueíro 4794,-31.359629,-64.183781,VILLA AZALAIS OESTE
C6264,Juan Lavalleja 3268,-31.377396,-64.182349,HIPOLITO IRIGOYEN
C6412,La Falda 5529,-31.478928,-64.212363,COMERCIAL
C6453,Laboulaye 448,-31.483520979686517,-64.21123623847963,COMERCIAL
C6085,Mariano Fragueíro 2777,-31.3831893166234,-64.18386697769166,HIPOLITO IRIGOYEN
C6067,Mariano Fragueíro 4840,-31.358959986497013,-64.18389916419984,VILLA AZALAIS OESTE
C6567,Colorado 5757,-31.479372,-64.234357,SANTA ISABEL SECCION 1
C6147,Cacheuta 3476,-31.44779,-64.212041,FERRER
C6440,27 de Abril 1148,-31.412499,-64.199976,URQUIZA
C6291,Avenida Armada Argentina 1806,-31.469558,-64.227389,CONGRESO
C6321,Río Quilpo 4837,-31.467769,-64.219138,VILLA EL LIBERTADOR
C6211,Avenida Armada Argentina 190,-31.452087,-64.204166,LAS FLORES
C6251,Avenida General Paz 205,-31.41263511019921,-64.18571267277002,URQUIZA
C6365,Avenida Central S/N,-31.477308,-64.246566,PARQUE FUTURA
C6244,Belgrano 1462,-31.431748,-64.195325,GUEMES
C6224,Avenida Armada Argentina 805,-31.458343,-64.211708,CABO FARINA
C6372,Río Negro 5117,-31.471663,-64.221997,VILLA EL LIBERTADOR
C6163,Lago Argentino 2087,-31.464529,-64.226053,CONGRESO
C6652,Huiliches 1112,-31.456037,-64.214637,FERRER
C6622,Doctor Pedro Vella 402,-31.436229,-64.199156,BELLA VISTA
C6635,Arturo M. Bas 2499,-31.44067345740752,-64.20249223709108,BELLA VISTA
C6605,Carlos Coto 4161,-31.4553,-64.222115,FERRER
C6587,Rosario Del Dorado 2259,-31.465239,-64.236975,CONGRESO
C4938,Avenida Bernardo O'higgins 9860,-31.520953,-64.168718,VILLA RIVADAVIA
C4924,Camino a San Carlos 6182,-31.486732,-64.168922,CERVECEROS
C4914,Camino a San Antonio 5577,-31.479724,-64.188684,INAUDI
C4891,Incayuyo S/N,-31.51209,-64.197466,VILLA RIVADAVIA
C6685,Dirección desconocida,-31.505166070022234,-64.19110894203187,VILLA RIVADAVIA
C6610,Bulevar Juan Domingo Perón 352,-31.4223,-64.174919,GUEMES
C4861,Avenida Bernardo O'higgins 9281,-31.514725,-64.169093,VILLA RIVADAVIA
C4607,Avenida Bernardo O'higgins S/N,-31.552949,-64.168643,VILLA RIVADAVIA
C4807,Avenida Deodoro Roca S/N,-31.432037,-64.170966,CRISOL SUD
C4796,Sebastián Gaboto 1587,-31.375133,-64.195331,SARGENTO CABRAL
C4784,Tristán de Tejeda 990,-31.366646,-64.188405,MARQUES ANEXO
C4844,De los Regidores 1562,-31.367979,-64.194086,MARQUES DE SOBREMONTE
C4833,Huarte 2988,-31.378436,-64.192198,SARGENTO CABRAL
C4548,Soldado Ruiz 854,-31.394807,-64.193754,SAN MARTIN
C4737,Oscar Cabalén 6212,-31.329968,-64.24589,CERRITO AUTODROMO
C4727,Bulevar Los Alemanes 5778,-31.343306,-64.242049,LAS CORTADERAS
C4171,Manuel López 4419,-31.358035,-64.232522,LOS BOULEVARES
C4715,Francisco Drummond 2627,-31.372692,-64.207921,ANA MARIA ZUMARAN
C4153,Calmayo 2542,-31.454064,-64.162796,BIALET MASSE
C4676,Avenida Padre Claret 4711,-31.354315,-64.237667,LOS BOULEVARES
C4754,Junas Larguia 6201,-31.339755,-64.244581,CERRITO AUTODROMO
C4249,Avenida Rosa Ferreyra De Roca 2809,-31.466776,-64.159657,CERVECEROS
C4618,Avenida Bernardo O'Higgins 4480,-31.46485,-64.1689,CERVECEROS
C9514,Avenida Madrid 2421,-31.437566,-64.168729,CRISOL SUD
C3951,Camino a San Carlos 5361,-31.47482774206505,-64.16850730776787,CERVECEROS
C6454,Nicolás Avellaneda 1488,-31.397339,-64.189296,SAN MARTIN
C6361,Atlántida 2072,-31.479257,-64.243879,PARQUE FUTURA
C6240,Avenida Vélez Sarsfield 1901,-31.43660915484209,-64.19536828994752,GUEMES
C6384,Forestieri 4715,-31.466163,-64.220763,VILLA EL LIBERTADOR
C6364,Mercedes 1349,-31.479312,-64.224014,VILLA EL LIBERTADOR
C6348,Colorado 6188,-31.485996,-64.234604,EL CABILDO
C6328,Avenida Central S/N,-31.477285,-64.250879,PARQUE FUTURA
C6161,Lago Argentino S/N,-31.466300133253068,-64.22416448593141,CONGRESO
C6641,Ayacucho 2016,-31.43712177929286,-64.19944524765016,BELLA VISTA
C6625,Doctor Manuel Parga 3615,-31.449826646472435,-64.20931577682497,FERRER
C6595,Verona 4402,-31.459125,-64.218419,CABO FARINA
C6581,Impira S/N,-31.463564,-64.245837,CONGRESO
C4936,Avenida Bernardo O'higgins 9601,-31.517285,-64.169168,VILLA RIVADAVIA
C4928,Camino a San Carlos 6786,-31.494006,-64.168975,VILLA CORONEL OLMEDO
C4506,Avenida Ciudad De Valparaíso 3607,-31.45454,-64.186592,LAS FLORES
C4901,Caraguatá S/N,-31.51316,-64.192412,VILLA RIVADAVIA
C6742,Dirección desconocida,-31.505422194940945,-64.19419884681703,VILLA RIVADAVIA
C4879,Camino a San Antonio 5702,-31.481288,-64.188985,INAUDI
C4535,Avenida Bernardo O'Higgins 2955,-31.446152,-64.168745,VILLA REVOL
C9285,Avenida Bernardo O'Higgins 3803,-31.457213,-64.16868,BIALET MASSE
C4873,Camino a San Carlos 6167,-31.486504,-64.168718,CERVECEROS
C4859,Avenida Bernardo O'higgins 9770,-31.518776,-64.16889,VILLA RIVADAVIA
C4605,A189 S/N,-31.56039,-64.169619,VILLA RIVADAVIA
C4806,Gobernador Julio Roca S/N,-31.433346,-64.171695,CRISOL SUD
C4795,Angel Gallardo 1674,-31.373883,-64.19657,SARGENTO CABRAL
C4783,Tristán de Tejeda 838,-31.364951,-64.1901,MARQUES DE SOBREMONTE
C4845,Florencio Sánchez 4100,-31.368286,-64.19216,MARQUES ANEXO
C4835,Sebastián Gaboto 1493,-31.37512,-64.194086,SARGENTO CABRAL
C4550,Avenida Cornelio Saavedra 180,-31.389985,-64.195964,SAN MARTIN
C4821,Pampayasta 2924,-31.449767,-64.15888,JARDIN DEL PILAR
C4730,Juan Masjoan 5999,-31.341405,-64.244345,LAS CORTADERAS
C4720,Esteban Piacenza 4001,-31.364709,-64.219943,LAS MARGARITAS
C4536,Avenida Bernardo O'Higgins 2701,-31.442111,-64.168691,VILLA REVOL
C3909,Ricardo López Cabrera 3001,-31.460526,-64.157276,CERVECEROS
C4672,Avenida Padre Claret 5711,-31.346976,-64.23602,LAS CORTADERAS
C4753,Juan Gálvez 7310,-31.337208,-64.245826,CERRITO AUTODROMO
C4247,Onofrio Palamara 2999,-31.46414,-64.157302,CERVECEROS
C4239,Carlos Paz 3690,-31.456059,-64.162763,BIALET MASSE
C4769,Juan de Rivadeneyra 3445,-31.372825,-64.210394,LAS MARGARITAS
C4616,Avenida Bernardo O'Higgins 4050,-31.460507,-64.168873,BIALET MASSE
C4597,Colombres 1031,-31.393804,-64.195883,SAN MARTIN
C4577,Avenida La Voz Del Interior 8125,-31.328016,-64.211011,LOS BOULEVARES
C4474,Avenida Ciudad de Valparaíso 3570,-31.453954,-64.186839,LAS FLORES
C4467,Pedro Feliciano Cavia 4207,-31.366161,-64.210131,ANA MARIA ZUMARAN
C4457,Tristán de Tejeda 286,-31.358428611724264,-64.19654846191408,MARQUES DE SOBREMONTE
C4520,Diego Díaz 494,-31.361342,-64.199654,MARQUES DE SOBREMONTE
C9528,Avenida Haya De La Torre S/N,-31.438884,-64.185278,VILLA REVOL
C4503,Avenida Ciudad de Valparaíso 4213,-31.461843,-64.18656,INAUDI
C4495,Capitán Fiorito 5695,-31.476416,-64.193223,INAUDI
C4489,Capitán Gastagnari 5704,-31.476165,-64.196388,INAUDI
C4437,Avenida Virgen de La Merced 2197,-31.381385,-64.215989,LAS MARGARITAS
C4416,Tandil 2878,-31.442568,-64.159529,JARDIN DEL PILAR
C9202,Celso Barrios 2917,-31.45853,-64.158273,CERVECEROS
C4389,Baradero 2794,-31.443744,-64.1608,JARDIN DEL PILAR
C4213,Avenida Colón 1143,-31.409198,-64.198678,URQUIZA
C3960,Neuquén 866,-31.400535,-64.201081,VILLA PAEZ
C4374,Ciudad de Tampa 2619,-31.385246,-64.213232,LAS MARGARITAS
C6346,Colorado 6013,-31.484033347397567,-64.23452854156496,EL CABILDO
C6324,Camilo Henríquez 2870,-31.475533,-64.250461,PARQUE FUTURA
C6381,Avenida Renault 2299,-31.473072,-64.239013,CONGRESO
C6607,Máximo Menna 1446,-31.455506,-64.2202,FERRER
C6010,Nueva Jersey 4816,-31.466428249015426,-64.22871351242067,CONGRESO
C4944,Avenida Bernardo O'higgins S/N,-31.547179,-64.168911,VILLA RIVADAVIA
C4931,Avenida Bernardo O'higgins 8002,-31.503757,-64.169158,VILLA RIVADAVIA
C4602,Boulevard Juan Domingo Perón 450,-31.423985,-64.173471,CRISOL SUD
C4909,Camino a San Antonio 6517,-31.495323,-64.189467,VILLA RIVADAVIA
C4494,Ciudad De Valparaíso 7996,-31.508656,-64.190208,VILLA RIVADAVIA
C4336,Camino a San Antonio 6244,-31.490808,-64.189467,INAUDI
C4531,Avenida Bernardo O'Higgins 3601,-31.455039,-64.168589,BIALET MASSE
C4872,Camino a San Carlos 6309,-31.48816,-64.168729,CERVECEROS
C4857,Avenida Bernardo O'higgins 10000,-31.525032,-64.168417,VILLA RIVADAVIA
C4390,Avenida Libertador San Martín 136,-31.557904,-64.193861,VILLA RIVADAVIA
C4801,Eduardo Marquina 2409,-31.384985,-64.192933,SARGENTO CABRAL
C6503,F. de Toledo Pimentel 1764,-31.368973,-64.197144,MARQUES DE SOBREMONTE
C4779,Rodríguez de Ruesca 590,-31.359555,-64.189661,MARQUES DE SOBREMONTE
C4843,Lasso de La Vega 843,-31.36144274951506,-64.18925285339357,MARQUES DE SOBREMONTE
C4832,Huarte 2787,-31.380767,-64.192209,SARGENTO CABRAL
C4413,Oscar Cabalén 6300,-31.330119,-64.246818,CERRITO AUTODROMO
C4725,Manuel López 4613,-31.357041,-64.231932,LOS BOULEVARES
C4714,Cristóbal Hicken 2379,-31.373251,-64.205325,ANA MARIA ZUMARAN
C4151,Soconcho 3682,-31.456233,-64.161669,BIALET MASSE
C4759,El Gaucho 4389,-31.356395,-64.237146,LOS BOULEVARES
C4756,Bulevar Los Alemanes 5898,-31.343214,-64.244281,LAS CORTADERAS
C4747,Osvaldo Permigiani 8101,-31.329964,-64.244351,CERRITO AUTODROMO
C9295,Celso Barrios 2549,-31.458366,-64.16271,BIALET MASSE
C4777,Los Hornillos 2370,-31.452463,-64.164147,BIALET MASSE
C4766,Virrey Melo 3644,-31.36339,-64.221992,LAS MARGARITAS
C9220,Avenida Bernardo O'Higgins 3588,-31.454874,-64.1689,BIALET MASSE
C4428,Avenida Caraffa 1844,-31.390516427796143,-64.20418739318849,VILLA PAEZ
C4445,Gabino Ezeiza 3901,-31.369367,-64.211805,LAS MARGARITAS
C6366,Río Negro 5508,-31.4765122396706,-64.22339200973512,VILLA EL LIBERTADOR
C4584,General Manuel Oribe 2524,-31.37386,-64.206623,ANA MARIA ZUMARAN
C3933,Avenida La Voz Del Interior 5463,-31.350957,-64.203254,MARQUES DE SOBREMONTE
C4479,Avenida Ciudad de Valparaíso 4528,-31.465046,-64.186887,INAUDI
C4458,Diego Díaz 603,-31.359771,-64.197761,MARQUES DE SOBREMONTE
C4519,Diego Díaz 399,-31.362409,-64.201317,MARQUES DE SOBREMONTE
C9530,Avenida Ciudad De Valparaíso S/N,-31.436004986711534,-64.18530464172365,GUEMES
C4501,Avenida Ciudad de Valparaíso 4525,-31.465037,-64.186646,INAUDI
C4490,Capitán Gastagnari 5796,-31.477473,-64.196388,INAUDI
C4483,Eugenio De Igarzabal S/N,-31.472271,-64.191978,INAUDI
C4429,Progreso 1852,-31.389395,-64.205883,VILLA PAEZ
C3917,Avenida Pablo Ricchieri 2217,-31.437232,-64.175928,VILLA REVOL
C4417,Baradero 2828,-31.443735,-64.160285,JARDIN DEL PILAR
C4405,Agua De Oro S/N,-31.456252,-64.15845,BIALET MASSE
C9119,Tapalque 2948,-31.44395,-64.15852,JARDIN DEL PILAR
C3939,Avenida Pablo Ricchieri 2390,-31.439177,-64.176432,VILLA REVOL
C4378,Avenida Colón 647,-31.411107,-64.192037,URQUIZA
C4033,12 de Octubre 1551,-31.402788,-64.200427,VILLA PAEZ
C4373,Ciudad de Tampa 2757,-31.384687,-64.214954,LAS MARGARITAS
C4368,Roberto Viola 2902,-31.375056,-64.213967,LAS MARGARITAS
C4402,Agua de Oro 3284,-31.450934,-64.158552,BIALET MASSE
C8443,Avenida Pablo Ricchieri 3396,-31.452792,-64.174552,VILLA REVOL
C3901,Maestro Marcelo López 3530,-31.439593322120025,-64.19268608093263,LAS FLORES
C6450,Palestina 262,-31.399304,-64.194102,SAN MARTIN
C4097,Avenida Castro Barros 671,-31.39912,-64.19804,SAN MARTIN
C4647,Avenida Padre Claret 6085,-31.344498994002148,-64.23564031720161,LAS CORTADERAS
C9575,Avenida Madrid 2459,-31.438344,-64.168745,CRISOL SUD
C4149,Celso Barrios 2805,-31.458544,-64.160306,CERVECEROS
C4674,Avenida Padre Claret 5137,-31.351667,-64.237066,LAS CORTADERAS
C4755,Juan Masjoan 5902,-31.341932,-64.243122,LAS CORTADERAS
C4745,Julio Bejanele 8145,-31.328341,-64.242849,CERRITO AUTODROMO
C4775,Cerro Colorado 3216,-31.449891,-64.165183,BIALET MASSE
C4613,Sampacho 1898,-31.45357,-64.168884,BIALET MASSE
C4595,Avenida Cornelio Saavedra 139,-31.390347,-64.19613,SAN MARTIN
C4585,Avenida Zárate 2398,-31.375761,-64.205512,ANA MARIA ZUMARAN
C4579,Avenida La Voz Del Interior 7061,-31.336255,-64.208254,LOS BOULEVARES
C4477,Avenida Ciudad de Valparaíso 4236,-31.461985,-64.186876,INAUDI
C4463,Javier Lascano Colodrero 2519,-31.364205,-64.204987,MARQUES DE SOBREMONTE
C4524,Avenida Luciano Figueroa 873,-31.357467,-64.192364,MARQUES DE SOBREMONTE
C4518,Céliz de Quiroga 394,-31.361456,-64.202492,MARQUES DE SOBREMONTE
C4510,Avenida Rogelio Nores Martínez 3007,-31.446788,-64.182907,VILLA REVOL
C4500,Avenida Ciudad de Valparaíso 4843,-31.470702,-64.188083,INAUDI
C4492,Julio Cesar Meisner S/N,-31.478095,-64.195508,INAUDI
C4486,Soldado Nestor Osvaldo Pizarro S/N,-31.473227,-64.193898,INAUDI
C4423,Tandil 1721,-31.442852,-64.170612,VILLA REVOL
C4410,Quilmes 3260,-31.44649,-64.15543,JARDIN DEL PILAR
C4397,Quilmes 3204,-31.446403,-64.155875,JARDIN DEL PILAR
C4387,Baradero 2282,-31.443772,-64.165167,CRISOL SUD
C4375,Ciudad de Tampa 2357,-31.386345,-64.209884,LAS MARGARITAS
C4371,Avenida Virgen de La Merced 2207,-31.381234,-64.215801,LAS MARGARITAS
C4403,Sampacho 2955,-31.453085,-64.158477,BIALET MASSE
C3893,Avenida Santa Fe 829,-31.40211,-64.198131,SAN MARTIN
C4085,Fray Luis Beltrán 2575,-31.36728751942476,-64.2060971260071,ANA MARIA ZUMARAN
C3952,Avenida Hipólito Yrigoyen 671,-31.429803,-64.184006,GUEMES
C3902,Avenida Cruz Roja Argentina 328,-31.44335,-64.193008,LAS FLORES
C9283,Avenida Pablo Ricchieri 3798,-31.456828,-64.170515,BIALET MASSE
C4435,Gregorio Carreras 2892,-31.3829511759192,-64.21614468097688,LAS MARGARITAS
C4438,Avenida Virgen de La Merced 2542,-31.37887521257615,-64.21475529670717,LAS MARGARITAS
C4443,La Ramada 3863,-31.37021892859976,-64.21619296073915,LAS MARGARITAS
C4059,Santiago Baravino 4380,-31.363426,-64.21217,ANA MARIA ZUMARAN
C3855,Avenida Rogelio Nores Martínez 2857,-31.44504,-64.182751,VILLA REVOL
C8458,Avenida Pablo Ricchieri 3809,-31.457024,-64.170138,BIALET MASSE
C3808,Calle de la Pulperia 296,-31.359460101082952,-64.1145098805078,VILLA ESQUIU
C3824,Camino Sta. Rosa,-31.338147101082956,-64.07280589480926,GENERAL ARENALES
C2802,De La Pulpería S/N,-31.359514,-64.114573,VILLA ESQUIU
C3778,Bajo Grande,-31.40178610108295,-64.10599985206105,CENTRO
C2770,Bajada de Piedra 3828,-31.403185,-64.137989,LOS PINOS
C2750,Córdoba S/N,-31.403053,-64.06387,VILLA LA MERCED
C2726,Aviador Almonacid 6359,-31.427949039535285,-64.26701545715333,VILLA UNION
C2704,Avenida Agustín Roque Arias 1700,-31.42787,-64.24147,AMEGHINO NORTE
C2678,Julián Aguirre 2848,-31.42125,-64.2242,QUINTA SANTA ANA
C3744,Mariano Ceballos 2767,-31.42285,-64.22312,QUINTA SANTA ANA
C3712,Avenida Agustín Roque Arias 1823,-31.43063,-64.24215,AMEGHINO NORTE
C2656,Avenida Patria 1553,-31.39726,-64.16194,GENERAL PUEYRREDON
C2624,Avenida Las Malvinas 6234,-31.37962,-64.09441,CENTRO
C3674,Avenida Las Malvinas 9599,-31.37206,-64.0617,GENERAL ARENALES
C3656,Avenida Malvinas Argentinas 5221,-31.38409,-64.11332,CENTRO
C3630,Avenida Patria 1240,-31.40081,-64.16091,GENERAL PUEYRREDON
C4765,Manuel Cardeñosa 3799,-31.36169,-64.224154,LOS BOULEVARES
C4221,Avenida Concepción Arenal 996,-31.434353,-64.178942,VILLA REVOL
C4066,27 de Abril 956,-31.41326346423723,-64.19725656509401,URQUIZA
C4643,Avenida Padre Claret 4748,-31.3541,-64.237484,LOS BOULEVARES
C4722,Manuel Cardeñosa 3800,-31.361379,-64.224347,LOS BOULEVARES
C4537,Avenida Cruz Roja Argentina 1899,-31.440408,-64.168707,CRISOL SUD
C4145,Martiniano Sciepaquercia 3001,-31.463482,-64.157136,CERVECEROS
C4671,Avenida Padre Claret 5897,-31.346101,-64.235848,LAS CORTADERAS
C4752,Martín Fermín 7502,-31.335471,-64.246561,CERRITO AUTODROMO
C4245,Luis Saavedra 4101,-31.461377,-64.157318,CERVECEROS
C4774,Altautina 3190,-31.448838431149888,-64.16480753570795,BIALET MASSE
C4611,Avenida Bernardo O'Higgins 3148,-31.448545,-64.168873,VILLA REVOL
C4594,Avenida Cornelio Saavedra 277,-31.388836,-64.196146,SAN MARTIN
C4583,Francisco Drummond 2526,-31.372848,-64.20644,ANA MARIA ZUMARAN
C4207,De Los Rusos 2714,-31.34622,-64.206269,LOS BOULEVARES
C4472,Avenida Valparaiso 3084,-31.44785,-64.18685,LAS FLORES
C4462,Avenida Juan Espinosa Negrete 236,-31.36496064830129,-64.20337200164796,MARQUES DE SOBREMONTE
C4525,Suárez de Figueroa 977,-31.357444,-64.189591,MARQUES DE SOBREMONTE
C4514,Pedro Feliciano Cavia 4390,-31.363742,-64.209166,ANA MARIA ZUMARAN
C4504,Avenida Ciudad de Valparaíso 3951,-31.458915,-64.186667,LAS FLORES
C4498,Avenida Ciudad de Valparaíso 5073,-31.475346,-64.188443,INAUDI
C4491,Julio Cesar Meisner S/N,-31.479623,-64.195991,INAUDI
C4488,Capitán Castillo 512,-31.475149,-64.195905,INAUDI
C4441,Bulevar Los Granaderos 2920,-31.374442,-64.214149,LAS MARGARITAS
C4273,Avenida Concepción Arenal 799,-31.431629228564574,-64.18411374092103,GUEMES
C4421,Baradero 1938,-31.443712,-64.16846,VILLA REVOL
C4411,Luján 2975,-31.446069,-64.152501,JARDIN DEL PILAR
C4395,Luján 2920,-31.44547,-64.15263,JARDIN DEL PILAR
C4386,Baradero 2174,-31.443799,-64.166819,VILLA REVOL
C3953,12 de Octubre 1413,-31.403351,-64.198979,SAN MARTIN
C4377,Ciudad de Tampa 2043,-31.387618,-64.205818,VILLA PAEZ
C4372,Padre Luis Galeano 2033,-31.383588,-64.216649,LAS MARGARITAS
C4366,La Hierra 3525,-31.371291,-64.21541,LAS MARGARITAS
C4137,Armando Sica 4370,-31.465353,-64.160564,CERVECEROS
C3899,Avenida Enrique Barros S/N,-31.4346,-64.187815,GUEMES
C3895,Avenida Colón 343,-31.412343,-64.18774,URQUIZA
C3888,Bulevar Los Granaderos 2510,-31.37652114868881,-64.20697689056398,ANA MARIA ZUMARAN
C3878,Enrique Borla 4058,-31.356729,-64.226517,LOS BOULEVARES
C3871,Fray Luis Beltrán 2541,-31.367274,-64.205679,ANA MARIA ZUMARAN
C4275,Bulevar Chacabuco 450,-31.422599004644617,-64.18237634003162,GUEMES
C4431,Julián Paz 2056,-31.38632172660421,-64.20752406120302,LAS MARGARITAS
C4007,Jorge Horacio Córdoba 4102,-31.461486,-64.163327,CERVECEROS
C3804,IPEM RAMON IBAÑEZ,-31.366380101082957,-64.11521687586107,VILLA ESQUIU
C2784,Santa Rosa S/N,-31.333524,-64.070977,GENERAL ARENALES
C2226,Palencia 3099,-31.37783,-64.1318,RESIDENCIAL SAN JORGE
C3780,Camino a Chacra de la Merced,-31.40334510108295,-64.0895288510121,CENTRO
C2768,Bajada de Piedra 4011,-31.403364,-64.13569,MALDONADO
C2748,Corrientes S/N,-31.397417,-64.06062,VILLA LA MERCED
C2723,Viedma Recalde 6489,-31.426658,-64.268217,VILLA UNION
C2700,Maria Curie 1615,-31.42643,-64.238787,AMEGHINO NORTE
C2676,Julián Aguirre 2726,-31.42171,-64.22198,QUINTA SANTA ANA
C4078,Avenida Hipólito Yrigoyen 681,-31.429848,-64.183911,GUEMES
C3740,José Verdi 2931,-31.42160000000001,-64.22553,QUINTA SANTA ANA
C3702,Alto Alegre 1693,-31.42892,-64.2639,VILLA UNION
C2654,Homero 1659,-31.38928,-64.1372,LOS PINOS
C2622,Avenida Las Malvinas 6516,-31.37887,-64.09111,CENTRO
C3672,Avenida Las Malvinas 9462,-31.37327,-64.06693,GENERAL ARENALES
C3652,Avenida Malvinas Argentinas 4137,-31.38625,-64.12239,YOFRE NORTE
C4225,Avenida Pablo Ricchieri 2600,-31.441186,-64.176807,VILLA REVOL
C4717,Concepción de Bermejo 3890,-31.369825,-64.210389,ANA MARIA ZUMARAN
C4709,Carlos Paz 3127,-31.448362,-64.163386,BIALET MASSE
C4761,Juan Perazo 4674,-31.357893,-64.233193,LOS BOULEVARES
C4758,Bulevar Los Alemanes 5544,-31.34332,-64.240016,LAS CORTADERAS
C4748,Oscar Cabalén 6222,-31.329867,-64.245982,CERRITO AUTODROMO
C9299,Celso Barrios 2940,-31.458759,-64.158032,CERVECEROS
C3945,Carlos Paz 3494,-31.453804,-64.16309,BIALET MASSE
C4615,Avenida Bernardo O'Higgins 3866,-31.457917,-64.168863,BIALET MASSE
C4598,Colombres 852,-31.395412,-64.194682,SAN MARTIN
C4588,Avenida Zárate 1903,-31.375834,-64.199097,SARGENTO CABRAL
C3932,Bulevar Los Alemanes 2801,-31.343627,-64.207803,LOS BOULEVARES
C4478,Avenida Ciudad de Valparaíso 4400,-31.463482,-64.186887,INAUDI
C4466,Pedro Feliciano Cavia 4301,-31.364718,-64.20982,ANA MARIA ZUMARAN
C4455,Avenida Luciano Figueroa 879,-31.357467,-64.192209,MARQUES DE SOBREMONTE
C4516,Javier Lascano Colodrero 2529,-31.364219,-64.20511,MARQUES DE SOBREMONTE
C9526,Avenida Rogelio Nores Martínez 2502,-31.439699,-64.182124,VILLA REVOL
C4502,Avenida Ciudad de Valparaíso 4399,-31.463427,-64.186624,INAUDI
C4493,Andrada 99,-31.477679,-64.195052,INAUDI
C4487,Soldado Pizarro 5598,-31.474893,-64.193941,INAUDI
C4436,Ricardo Pedroni 2160,-31.381678,-64.217201,LAS MARGARITAS
C4425,Tandil 1308,-31.443429,-64.176464,VILLA REVOL
C4412,Avenida Pilar 2849,-31.444198,-64.151804,JARDIN DEL PILAR
C4015,Celso Barrios 3102,-31.458778,-64.156041,CERVECEROS
C4388,Baradero 2688,-31.443625,-64.162238,CRISOL SUD
C4367,La Hierra 3121,-31.373682,-64.215984,LAS MARGARITAS
C4399,Pigüé 3053,-31.448124,-64.157495,JARDIN DEL PILAR
C9275,Avenida Pablo Ricchieri 3316,-31.451474,-64.176056,VILLA REVOL
C3896,Avenida Emilio Olmos 328,-31.415118,-64.178647,URQUIZA
C3884,Fray Luis Beltrán 2879,-31.366568,-64.211274,ANA MARIA ZUMARAN
C3872,Fray Luis Beltrán 2793,-31.366711,-64.209643,ANA MARIA ZUMARAN
C4009,Avenida Tte. Gral. Pablo Ricchieri 3968,-31.45983,-64.167329,BIALET MASSE
C3796,Avenida Capdevila 3640,-31.376201101082952,-64.12576386926358,RESIDENCIAL SAN JORGE
C3818,Camino Sta. Rosa,-31.34417310108295,-64.08598989076725,VILLA ESQUIU
C2788,Santa Rosa 12769,-31.33629699999999,-64.078853,VILLA ESQUIU
C2232,Chachapoyas 2145,-31.38309,-64.13182,YOFRE NORTE
C4281,Avenida Santa Fe 354,-31.406735,-64.199987,URQUIZA
C3866,Avenida Castro Barros 1504,-31.392018,-64.203131,VILLA PAEZ
C9265,Coronel José Javier Diaz 928,-31.446751,-64.182494,VILLA REVOL
C4444,Arturo Toscanini 4001,-31.36793793372841,-64.21564042568208,LAS MARGARITAS
C4081,Santiago Baravino 4294,-31.364612528770103,-64.21242713928224,LAS MARGARITAS
C3782,A Chacra De La Merced S/N,-31.418682,-64.05942,VILLA LA MERCED
C2776,Gavilán 382,-31.406557,-64.147513,YAPEYU
C2754,Córdoba S/N,-31.408596,-64.066812,VILLA LA MERCED
C2706,Avenida Agustín Roque Arias 1776,-31.42981,-64.24198,AMEGHINO NORTE
C2682,Ángelo de Peredo 3096,-31.41892,-64.22663,QUINTA SANTA ANA
C3720,José Iseas 1545,-31.42491,-64.23818,AMEGHINO NORTE
C2628,Avenida Las Malvinas 5744,-31.38063,-64.09868,CENTRO
C2607,El Benteveo 3838,-31.367086,-64.06026,GENERAL ARENALES
C3650,Avenida Malvinas Argentinas 3927,-31.38663,-64.124,YOFRE NORTE
C3634,Ortiz y Montiel 2400,-31.38831,-64.13861,LOS PINOS
C4091,Gregorio Carreras 2070,-31.386256,-64.205662,LAS MARGARITAS
c3867,Avenida Monseñor Pablo Cabrera 1958,-31.38720706738864,-64.20406490791885,VILLA PAEZ
C3860,Bv. Enrique Barros S/N,-31.43377708307396,-64.18620418757199,GUEMES
C3938,Avenida Concepción Arenal 1279,-31.435272,-64.175938,VILLA REVOL
C4060,Avenida Marcelo T. de Alvear 203,-31.416917906216607,-64.19020470231771,URQUIZA
C4708,Caminiaga 3215,-31.449878988701,-64.16367799043654,BIALET MASSE
C4760,Juan Perazo 4803,-31.356954,-64.235387,LOS BOULEVARES
C4757,Bulevar Los Alemanes 5807,-31.34343,-64.242763,LAS CORTADERAS
C4746,Osvaldo Permigiani 8102,-31.329386,-64.24331,CERRITO AUTODROMO
C9293,Carlos Paz 3790,-31.457382,-64.162737,BIALET MASSE
C4773,Altautina 3044,-31.446998,-64.16478,BIALET MASSE
C4763,Manuel Cardeñosa 4355,-31.35863,-64.228515,LOS BOULEVARES
C4608,Avenida Bernardo O'Higgins 2712,-31.442257,-64.1689,VILLA REVOL
C4593,Avenida Cornelio Saavedra 517,-31.385997,-64.196296,SAN MARTIN
C4123,Avenida La Voz Del Interior S/N,-31.31645,-64.217405,LAS CORTADERAS
C4338,Avenida Valparaiso 2998,-31.446495,-64.186823,LAS FLORES
C4461,Diego Díaz 311,-31.363449,-64.20268,MARQUES DE SOBREMONTE
C4523,Diego Díaz 798,-31.357558,-64.194607,MARQUES DE SOBREMONTE
C4515,Javier Lascano Colodrero 2707,-31.363889,-64.207476,MARQUES DE SOBREMONTE
C4497,Camino a San Antonio 5308,-31.477249,-64.188985,INAUDI
C4433,Gregorio Carreras 2551,-31.384417,-64.211816,LAS MARGARITAS
C4420,Baradero 2211,-31.443662,-64.166374,CRISOL SUD
C4408,Huerta Grande 3119,-31.448472,-64.157801,JARDIN DEL PILAR
C9125,Tapalque 3466,-31.443941,-64.153032,JARDIN DEL PILAR
C4384,Avenida Baradero 1779,-31.443593,-64.169984,VILLA REVOL
C4217,Avenida Hipólito Yrigoyen 42,-31.420973,-64.188523,GUEMES
C4370,Avenida Virgen de La Merced 2455,-31.379558,-64.214986,LAS MARGARITAS
C4400,Agua de Oro 3128,-31.448573,-64.15859,JARDIN DEL PILAR
C9279,Avenida Pablo Ricchieri 3550,-31.45462256049984,-64.17290210723878,BIALET MASSE
C4115,Avenida Haya De La Torre S/N,-31.437392,-64.19201,GUEMES
C4065,Roberto Cayol 3635,-31.359569,-64.221777,LOS BOULEVARES
C4053,Suárez de Figueroa 14,-31.369115,-64.20459,ANA MARIA ZUMARAN
C3852,Ernesto Fariña 4101,-31.4615,-64.161567,CERVECEROS
C3810,Calle de la Pulperia 224-280,-31.35939610108295,-64.10782988055078,VILLA ESQUIU
C2786,Santa Rosa 12987,-31.338201,-64.072869,GENERAL ARENALES
C3790,Av. San Martín 1899-1801,-31.397363101082952,-64.0605568550365,VILLA LA MERCED
C3766,Bajada de Piedra 3596,-31.40404410108296,-64.14047985054177,LOS PINOS
C2762,Camino a Chacra de la Merced 5565,-31.402259,-64.122503,BAJO GENERAL PAZ
C2736,Av. Fuerza Aéres Argentina S/N,-31.434056,-64.274602,VILLA UNION
C2696,Luis Agote 3702,-31.42255,-64.23455,AMEGHINO NORTE
C2672,Julián Aguirre 2518,-31.42225,-64.2191,CUPANI
C3760,Ángelo de Peredo 1627,-31.42225,-64.20965,CUPANI
C3736,José Verdi 3201,-31.42125,-64.22876,QUINTA SANTA ANA
C3710,Avenida Fuerza Aérea 4725,-31.43283,-64.2484,VILLA ADELA
C3698,Viedma Recalde 6460,-31.42662157271976,-64.268034696579,VILLA UNION
MA-00000505,Ángelo de Peredo 2601,-31.420272359485093,-64.21992123126985,CUPANI
C4587,Avenida Zárate 2175,-31.375889113709867,-64.20271754264833,ANA MARIA ZUMARAN
C4226,Ituzaingó 247,-31.433597,-64.188386,GUEMES
C2642,Avenida Malvinas Argentinas 4199,-31.38668,-64.12465,YOFRE NORTE
C2612,Avenida Las Malvinas 9474,-31.37304,-64.06621,GENERAL ARENALES
C3668,Avenida Las Malvinas 6964,-31.37676,-64.08177,LA FLORESTA
C3648,Avenida Malvinas Argentinas 3585,-31.38732,-64.127305,YOFRE NORTE
C3494,Avenida 24 de Septiembre 1560,-31.41294,-64.16294,YAPEYU
C3346,Chachapoyas 3420,-31.37082,-64.13305,RESIDENCIAL SAN JORGE
C3298,José Garibaldi 1328,-31.39872,-64.15893,GENERAL PUEYRREDON
C3268,Esquiú 237,-31.41465,-64.17091,YAPEYU
C2299,Aviador Abel 1698,-31.428233,-64.245751,RESIDENCIAL SAN ROQUE
C2268,Polonia 1042,-31.40063,-64.15581,GENERAL PUEYRREDON
C2216,Río Pasaje 2700,-31.37387,-64.1331,RESIDENCIAL SAN JORGE
C2470,La Paz 2483,-31.43756,-64.2287,ROSEDAL ANEXO
C3889,Avenida Monseñor Pablo Cabrera 2385,-31.382434,-64.207497,LAS MARGARITAS
C4043,Avenida Castro Barros 1290,-31.393773,-64.202176,SAN MARTIN
C9238,Coronel José Javier Diaz 1291,-31.4466494470392,-64.17693849653006,VILLA REVOL
C4147,Celso Barrios 3002,-31.458723,-64.157249,CERVECEROS
C4673,Avenida Padre Claret 5601,-31.348653,-64.236401,LAS CORTADERAS
C4414,Juan Abella 5903,-31.341024,-64.242623,LAS CORTADERAS
C4744,Julio Bejanele 8301,-31.326266,-64.242747,CERRITO AUTODROMO
C4776,Cerro Colorado 3356,-31.451891,-64.165172,BIALET MASSE
C4596,Galán 397,-31.392293,-64.196903,SAN MARTIN
C4589,Avenida Zárate 1713,-31.375917,-64.197176,SARGENTO CABRAL
C4473,Avenida Valparaiso 3374,-31.451547,-64.186839,LAS FLORES
C4464,Javier Lascano Colodrero 2687,-31.363884,-64.207106,MARQUES DE SOBREMONTE
C4456,Suárez de Figueroa 963,-31.357467,-64.189854,MARQUES DE SOBREMONTE
C4517,Céliz de Quiroga 312,-31.362373,-64.203715,MARQUES DE SOBREMONTE
C4509,Avenida Rogelio Nores Martínez 3207,-31.449488,-64.182939,VILLA REVOL
C4499,Avenida Ciudad de Valparaíso 4951,-31.472651,-64.188234,INAUDI
C4481,Matanza 3026,-31.480149,-64.198142,INAUDI
C4484,Ramón Barrena 4995,-31.472957,-64.192986,INAUDI
C4442,La Ramada 3204,-31.373045,-64.216751,LAS MARGARITAS
C4409,Matanza 3063,-31.447438,-64.156761,JARDIN DEL PILAR
C4396,Quilmes 3455,-31.446367,-64.153097,JARDIN DEL PILAR
C4385,Baradero 1988,-31.443831,-64.16809,VILLA REVOL
C3937,Avenida Concepción Arenal 924,-31.433254,-64.181877,GUEMES
C4365,Los Cebiles 3062,-31.369427,-64.215018,LAS MARGARITAS
C4398,Matanza 3026,-31.446843,-64.156922,JARDIN DEL PILAR
C4103,Avenida Colón 19,-31.413707,-64.183352,URQUIZA
C4055,Fray Luis Beltrán 2661,-31.36705,-64.207368,ANA MARIA ZUMARAN
C3798,Camino Al Gateado 3081,-31.373634101082956,-64.12388187098834,RESIDENCIAL SAN JORGE
C3820,Camino Sta. Rosa,-31.339737101082957,-64.08203389374287,VILLA ESQUIU
C2798,Santa Rosa S/N,-31.355995,-64.105616,VILLA ESQUIU
C3788,Av. San Martín 2200-2298,-31.40299910108295,-64.0638068512449,VILLA LA MERCED
C3768,Bajada de Piedra 3817,-31.403131101082952,-64.1379258511561,LOS PINOS
C2774,Bajada de Piedra 2519,-31.405357,-64.142766,YAPEYU
C2752,Córdoba S/N,-31.406289,-64.065557,VILLA LA MERCED
C2722,Viedma Recalde 6291,-31.42665,-64.26644,VILLA UNION
C2702,Alberto Williams 4154,-31.426388,-64.24075,AMEGHINO NORTE
C2680,Ángelo de Peredo 3072,-31.41972,-64.22451,QUINTA SANTA ANA
C3746,Pascual de Rogatis 2665,-31.42359,-64.22187,CUPANI
C3714,Avenida Agustín Roque Arias 1717,-31.4288,-64.24166,AMEGHINO NORTE
C4232,Avenida Ingeniero Medina Allende S/N,-31.436019,-64.191926,GUEMES
C2652,Domingo Echauri 2470,-31.38685,-64.13722,LOS PINOS
C2620,Avenida Las Malvinas 6966,-31.37661,-64.08158,LA FLORESTA
C2604,El Cardenal 3988,-31.36616,-64.05805,GENERAL ARENALES
C4105,Obispo Salguero 85,-31.41848241709057,-64.1791194677353,URQUIZA
C9273,Avenida Pablo Ricchieri S/N,-31.450128686470837,-64.17673230171205,VILLA REVOL
C4424,Tandil 1508,-31.4430762560867,-64.17351365089417,VILLA REVOL
C4169,Avenida Concepción Arenal 928,-31.433213,-64.181635,GUEMES
C4434,Gregorio Carreras 2790,-31.383367921755344,-64.21483576297761,LAS MARGARITAS
C3654,Avenida Malvinas Argentinas 4763,-31.38517,-64.11779,YOFRE NORTE
C3628,Avenida Patria 935,-31.40361,-64.15987,GENERAL PUEYRREDON
C3351,Canónigo José Chorroarín 2405,-31.369463,-64.138049,PATRICIOS ESTE
C3836,Alsina 1625,-31.389526,-64.133332,YOFRE NORTE
C3274,Jacinto Ríos 518,-31.41028,-64.16721,GENERAL PUEYRREDON
C3254,Aviador Kingsley 1750,-31.42935,-64.24691,VILLA ADELA
C2276,Sarmiento 1923,-31.40852,-64.1594,GENERAL PUEYRREDON
C2224,Federico Rauch 2970,-31.3756692744597,-64.128634929657,RESIDENCIAL SAN JORGE
C4045,Emilio Caraffa 1800,-31.39037,-64.203383,VILLA PAEZ
C4029,Avenida Enrique Barros S/N,-31.436316,-64.188003,GUEMES
C4253,Camino a San Carlos 5794,-31.4803,-64.168739,CERVECEROS
C3946,Celso Barrios 3000,-31.459629,-64.157361,CERVECEROS
C4772,Altautina 2920,-31.445484,-64.164802,VILLA REVOL
C4619,Avenida Bernardo O'Higgins 4686,-31.46668,-64.168739,CERVECEROS
C9516,Avenida Cruz Roja Argentina 1899,-31.440193,-64.16889,CRISOL SUD
C4592,Avenida Cornelio Saavedra 2501,-31.383835,-64.196361,SARGENTO CABRAL
C4475,Avenida Ciudad de Valparaíso 3784,-31.456554,-64.186871,LAS FLORES
C4460,Diego Díaz 411,-31.362212,-64.201033,MARQUES DE SOBREMONTE
C4521,Diego Díaz 592,-31.36011,-64.197991,MARQUES DE SOBREMONTE
C9266,Bulevar Chacabuco 842,-31.427198,-64.184366,GUEMES
C4440,Avenida Virgen de La Merced 3038,-31.375408,-64.213913,LAS MARGARITAS
C4432,Gregorio Carreras 2344,-31.385204,-64.209155,LAS MARGARITAS
C8109,Baradero 2325,-31.443638,-64.164577,CRISOL SUD
C4407,Huerta Grande 3217,-31.450014,-64.157801,JARDIN DEL PILAR
C4383,Tandil 1682,-31.442944,-64.171191,VILLA REVOL
C4379,Avenida Colón 381,-31.412252,-64.188169,URQUIZA
C9301,Celso Barrios 3064,-31.458631,-64.156551,CERVECEROS
C4135,Manuel Reyna 4202,-31.463235,-64.161368,CERVECEROS
C3887,Monseñor Pablo Cabrera 3903,-31.370411,-64.205974,ANA MARIA ZUMARAN
C4067,Lino E. Spilimbergo 4844,-31.358296,-64.225779,LOS BOULEVARES
C3870,Francisco Drummond 2502,-31.372761,-64.205996,ANA MARIA ZUMARAN
C3856,Cruz Roja Argentina 741,-31.442289,-64.18567,VILLA REVOL
C9230,Avenida Pablo Ricchieri 3305,-31.451126326817786,-64.17608857154848,VILLA REVOL
C3850,Armando Sica 4385,-31.465715,-64.160232,CERVECEROS
C3812,Camino Sta. Rosa,-31.35594110108295,-64.10555288287017,VILLA ESQUIU
C2790,Santa Rosa 12599,-31.339791,-64.082097,VILLA ESQUIU
C3792,Avenida San Martín S/N,-31.392812,-64.058637,LA FLORESTA
C3776,Camino a Chacra de la Merced 5577,-31.402205101082952,-64.12243985177912,BAJO GENERAL PAZ
C2764,Camino a Chacra de la Merced 5111,-31.403185,-64.128055,MALDONADO
C2744,Avenida San Martín S/N,-31.390673,-64.057985,LA FLORESTA
C2716,Alto Alegre 1804,-31.43331,-64.26397,VILLA UNION
C2688,Isaac Albéniz 3508,-31.41903,-64.23176,QUINTA SANTA ANA
C2077,Haedo 1176,-31.422781,-64.215351,CUPANI
C3758,Ángelo de Peredo 1857,-31.42172,-64.21245,CUPANI
C3732,Isaac Albéniz 3340,-31.41932,-64.2305,QUINTA SANTA ANA
C3686,Avenida Fuerza Aérea 4725,-31.43991,-64.27091,SACHI
C2664,Avenida Patria 527,-31.40723,-64.15867,GENERAL PUEYRREDON
C2535,Avenida Malvinas Argentinas 3405,-31.387925,-64.130287,YOFRE NORTE
C2608,El Benteveo 3702,-31.36916,-64.06018,GENERAL ARENALES
C3670,Avenida Las Malvinas 8100,-31.37493,-64.07401,GENERAL ARENALES
C3584,Domingo Echauri 3365,-31.3864682695423,-64.13226127624513,YOFRE NORTE
p17_vuelta_a1,Belgrano 1168,-31.428037,-64.1937,GUEMES
C3344,3 de Junio 2699,-31.37277,-64.13307,RESIDENCIAL SAN JORGE
C3290,José Garibaldi 948,-31.40283,-64.15741,GENERAL PUEYRREDON
C2294,Avenida Julio A. Roca 1400,-31.429,-64.21121,CUPANI
C4211,Avenida Monseñor Pablo Cabrera 4421,-31.363870480203158,-64.20466482639314,MARQUES DE SOBREMONTE
C9123,Tapalque 3293,-31.443858868640607,-64.1551458835602,JARDIN DEL PILAR
C9268,Bulevar Chacabuco 647,-31.42486366660706,-64.18314963609775,GUEMES
C3894,Avenida Colón 1127,-31.409124719778724,-64.19844746589662,URQUIZA
C4274,Bulevar Chacabuco 646,-31.424927880877323,-64.18342709541322,GUEMES
C2820,Jacinto de Altoaguirre 1489,-31.391577,-64.134175,YOFRE NORTE
C2214,Chachapoyas 3250,-31.37247,-64.13308,RESIDENCIAL SAN JORGE
C2474,Lagunilla 3338,-31.43685,-64.23251,ROSEDAL ANEXO
C2448,Pasaje Tromen 2170,-31.43498,-64.21516,BELLA VISTA
C2430,Libertad 2328,-31.40489,-64.15509,GENERAL PUEYRREDON
C2202,Avenida Fuerza Aérea 3394,-31.431663,-64.233627,AMEGHINO NORTE
C2174,Punta de Sauce 1387,-31.39172,-64.15603,GENERAL PUEYRREDON
C3954,Avenida La Voz Del Interior S/N,-31.315538,-64.216295,LAS CORTADERAS
C4591,Avenida Cornelio Saavedra 2733,-31.381197,-64.196339,SARGENTO CABRAL
C4480,Avenida Ciudad de Valparaíso 4840,-31.47061,-64.188303,INAUDI
C4469,Avenida Ciudad De Valparaíso S/N,-31.435707,-64.185423,GUEMES
C4507,Avenida Ciudad de Valparaíso 3363,-31.45141,-64.186667,LAS FLORES
C4496,Teniente Nivoli 81,-31.476947,-64.191356,INAUDI
C4430,Italia 2127,-31.3883,-64.207379,VILLA PAEZ
C4167,Avenida Concepción Arenal 1239,-31.435025,-64.176169,VILLA REVOL
C4418,Baradero 2657,-31.443575,-64.162382,CRISOL SUD
C3958,Agua de Oro 3483,-31.453364,-64.158434,BIALET MASSE
C4392,Tapalque 3280,-31.443996,-64.155269,JARDIN DEL PILAR
C4382,Tandil 1558,-31.443085,-64.172747,VILLA REVOL
C4133,Avenida Pablo Ricchieri 4112,-31.461752,-64.165671,CERVECEROS
C3903,Avenida Ciudad De Valparaíso 2828,-31.44455,-64.186834,VILLA REVOL
C4111,Bulevar Chacabuco 1473,-31.433561,-64.185858,GUEMES
C4101,Avenida Colón 619,-31.411158,-64.191758,URQUIZA
C3882,Roberto Cayol 3107,-31.360884,-64.213623,ANA MARIA ZUMARAN
C4061,Roberto Cayol 3101,-31.361008,-64.213264,ANA MARIA ZUMARAN
C4021,Avenida Rogelio Nores Martínez 2717,-31.442967,-64.182569,VILLA REVOL
C4001,Avenida Rosa Ferreyra De Roca 2801,-31.466822,-64.159791,CERVECEROS
C3816,Camino Sta. Rosa,-31.349769101082952,-64.09516488701256,VILLA ESQUIU
C3826,Camino Sta. Rosa,-31.333470101082952,-64.0709138979456,GENERAL ARENALES
C2815,Avenida Capdevila 2893,-31.376778,-64.129922,RESIDENCIAL SAN JORGE
C3774,Camino a Chacra de la Merced 5115,-31.403131101082952,-64.1279918511561,MALDONADO
C2760,A Chacra De La Merced 6314,-31.40184,-64.106063,CENTRO
C2742,Quincho Casino de Oficiales Escuela de Aviación Militar,-31.43942855462591,-64.2718005180359,SACHI
C2712,Avenida Fuerza Aérea 4748,-31.43278,-64.25008,VILLA ADELA
C2662,Avenida Patria 773,-31.4054,-64.15933,GENERAL PUEYRREDON
C2640,Avenida Malvinas Argentinas 4809,-31.38506,-64.11769,YOFRE NORTE
C2618,Avenida Las Malvinas 7772,-31.37562000000001,-64.07724,LA FLORESTA
C3660,Avenida Las Malvinas 5704,-31.3809,-64.09957,CENTRO
C3638,Homero 1961,-31.38568,-64.13716,NUEVA ITALIA
C3342,Vicente Balbastro 2702,-31.37471,-64.13309,RESIDENCIAL SAN JORGE
C3286,Rincon 2158,-31.4045,-64.15705,GENERAL PUEYRREDON
C4186,Avenida José Manuel Estrada 52,-31.42763462614104,-64.188138730824,GUEMES
C2292,Avenida Julio A. Roca 1064,-31.42779,-64.207,CUPANI
C2236,Nicolás Isasmendi 2929,-31.38543,-64.13383,YOFRE NORTE
C2208,Canónigo José Chorroarín 2492,-31.369665,-64.135904,PATRICIOS ESTE
C2472,Lagunilla 3174,-31.43692,-64.2302,ROSEDAL ANEXO
C2444,Tronador 1906,-31.43153999999999,-64.21641,BELLA VISTA
C2274,Sarmiento 2095,-31.40771,-64.15678,GENERAL PUEYRREDON
C3512,Bajada de Piedra 2515,-31.40925,-64.15188,YAPEYU
C3496,Avenida 24 de Septiembre 1762,-31.41229,-64.16046,YAPEYU
C4172,Avenida Pueyrredón 964,-31.42358,-64.20099,GUEMES
C3688,Sargento Romero S/N,-31.433428074368518,-64.26890373229982,VILLA UNION
C3726,Francisco de Gurruchaga 1270,-31.420762184315254,-64.23440515995027,QUINTA SANTA ANA
C2690,Isaac Albéniz 3662,-31.41876,-64.23323,QUINTA SANTA ANA
C4087,Cristóbal Hicken 2499,-31.373447,-64.206258,ANA MARIA ZUMARAN
C9224,Avenida Pablo Ricchieri 3663,-31.455277,-64.171878,BIALET MASSE
C9263,Coronel José Javier Diaz 736,-31.44665059117073,-64.18600201606752,VILLA REVOL
C2138,Avenida Capdevila 2052,-31.37947000000001,-64.14385,NUEVA ITALIA
C2122,José Villegas 2305,-31.36898,-64.1398,PATRICIOS ESTE
C3242,José Villegas 2289,-31.369,-64.14017,PATRICIOS ESTE
C3230,Díaz Colodrero 3082,-31.37509,-64.14442,VILLA AZALAIS
C3216,Ramón García De León Y Pizarro 2296,-31.38118,-64.14139,NUEVA ITALIA
C4363,Manuel Cardeñosa S/N,-31.365899648502275,-64.21839237213136,LAS MARGARITAS
C3869,Bulevar Los Granaderos 2501,-31.376979,-64.206693,ANA MARIA ZUMARAN
C2206,Alexander Fleming 2574,-31.438723712631067,-64.23588037490846,AMEGHINO NORTE
C4039,Avenida Santa Fe 330,-31.406955,-64.200078,URQUIZA
C4590,Avenida Cornelio Saavedra 3037,-31.377707,-64.196329,SARGENTO CABRAL
C4209,Avenida Monseñor Pablo Cabrera 5021,-31.357435,-64.203431,MARQUES DE SOBREMONTE
C4471,Avenida Ciudad De Valparaíso S/N,-31.44082,-64.186485,VILLA REVOL
C4459,Diego Díaz 507,-31.360966,-64.199343,MARQUES DE SOBREMONTE
C4522,Diego Díaz 694,-31.358905,-64.196312,MARQUES DE SOBREMONTE
C4513,Pedro Feliciano Cavia 4294,-31.364997,-64.209423,ANA MARIA ZUMARAN
C3916,Avenida Pablo Ricchieri 2643,-31.44185,-64.176582,VILLA REVOL
C4406,Huerta Grande 3317,-31.451524,-64.157742,BIALET MASSE
C4356,Calmayo 2948,-31.454595,-64.158552,BIALET MASSE
C3904,Avenida Pablo Ricchieri 3884,-31.458105,-64.169212,BIALET MASSE
C4119,Avenida Cruz Roja Argentina 606,-31.44276,-64.188293,LAS FLORES
C4125,Avenida Hipólito Yrigoyen 656,-31.42963352209368,-64.1845750808716,GUEMES
C3886,Monseñor Pablo Cabrera 4175,-31.367608,-64.205448,ANA MARIA ZUMARAN
C3814,Camino Sta. Rosa,-31.35345510108295,-64.10074088453882,VILLA ESQUIU
C2794,Santa Rosa S/N,-31.349823,-64.095228,VILLA ESQUIU
C3794,Av. San Martín 1400-1498,-31.39061910108295,-64.05792185957208,LA FLORESTA
C3772,Bajada de Piedra 4310,-31.403577101082952,-64.132173850856,MALDONADO
C2766,Bajada de Piedra 4319,-31.403631,-64.132237,MALDONADO
C2738,Córdoba S/N,-31.437579,-64.274547,VILLA UNION
C2713,Avenida Fuerza Aérea 4992,-31.432828,-64.251502,VILLA ADELA
C2694,Calixto Gauna 1292,-31.42102,-64.23513,QUINTA SANTA ANA
C2670,Julián Aguirre 2375,-31.42301,-64.21723,CUPANI
C3756,Ángelo de Peredo 2019,-31.42139,-64.21414,CUPANI
C3708,Avenida Fuerza Aérea 4941,-31.433,-64.2507,VILLA ADELA
C4240,Bulevar Chacabuco 1469,-31.43361,-64.18572,GUEMES
C2636,Avenida Malvinas Argentinas 5443,-31.38333,-64.11032,CENTRO
C3636,Domingo Echauri 2402,-31.38687,-64.13859,LOS PINOS
C3340,Federico Rauch 2743,-31.37562000000001,-64.133,RESIDENCIAL SAN JORGE
C3272,Catamarca 1246,-31.41185,-64.16747,GENERAL PUEYRREDON
C2298,Aviador Abel 1759,-31.42981,-64.24571,VILLA ADELA
C2266,Polonia 1247,-31.39878,-64.15663,GENERAL PUEYRREDON
C2212,Chachapoyas 3411,-31.37101,-64.13308,RESIDENCIAL SAN JORGE
C2466,Avenida Antártida 2970,-31.44026,-64.2283,ROSEDAL ANEXO
C2454,Cerro Cónico 2086,-31.43875,-64.2164,ROSEDAL ANEXO
C2426,Sarmiento 2599,-31.40606,-64.15218,GENERAL PUEYRREDON
C3514,Castañares 123,-31.4102,-64.14961,YAPEYU
C3500,Camacuá 199,-31.41083,-64.15516,YAPEYU
C3484,Tronador 2465,-31.43792,-64.21513,BELLA VISTA
C3460,Reconquista 3845,-31.43765,-64.23843,AMEGHINO NORTE
C4170,Avenida Pueyrredón 680,-31.42451,-64.19788,GUEMES
C2162,Acapianta 1862,-31.38995,-64.14717,LOS PINOS
C3220,Avenida Capdevila 2284,-31.37956,-64.14018,NUEVA ITALIA
C3200,Calabalumba 1882,-31.39054,-64.14678,LOS PINOS
C4246,Buenos Aires 1415,-31.432485172221156,-64.18946206569673,GUEMES
C4574,Avenida La Voz del Interior S/N,-31.32278300150304,-64.22327399253847,LAS CORTADERAS
C4099,Avenida Santa Fe 317,-31.407046,-64.200277,URQUIZA
C9121,Tapalque 3096,-31.44390463525433,-64.1570556163788,JARDIN DEL PILAR
C4063,Roberto Cayol 3289,-31.36032505619712,-64.21687960624696,LOS BOULEVARES
C3188,Felipe II 1134,-31.393,-64.15601,GENERAL PUEYRREDON
C3175,Avenida Pueyrredón 1705,-31.420964,-64.210346,CUPANI
C3172,Avenida Pueyrredón 2083,-31.420299,-64.214912,CUPANI
C3154,Díaz de La Fuente 2413,-31.437102,-64.236977,AMEGHINO NORTE
C3940,Avenida Pablo Ricchieri 2690,-31.442362,-64.176759,VILLA REVOL
C3864,Avenida Santa Fe 850,-31.402023,-64.1979,SAN MARTIN
C4369,Ernesto Soneira 2899,-31.377268,-64.214455,LAS MARGARITAS
C4401,Agua de Oro 3200,-31.449639,-64.158558,JARDIN DEL PILAR
C9281,Avenida Pablo Ricchieri 3686,-31.455519,-64.171878,BIALET MASSE
C4117,Maestro Marcelo López 3424,-31.442591,-64.194242,LAS FLORES
C4057,Fray Luis Beltrán 2924,-31.366366,-64.211955,LAS MARGARITAS
C8464,Avenida Pablo Ricchieri 3025,-31.446969,-64.17661,VILLA REVOL
C3853,Avenida Pablo Ricchieri 4119,-31.461445,-64.165097,CERVECEROS
C3800,Calle de las Cortaderas 318-320,-31.368899101082956,-64.12085187416918,RESIDENCIAL SAN JORGE
C3786,Av. San Martín 2600-2698,-31.406235101082952,-64.06549384906742,VILLA LA MERCED
C3770,Bajada de Piedra 4025,-31.40331010108295,-64.13562685103565,MALDONADO
C3764,Bajada de Piedra 3402,-31.40530310108295,-64.1427028496946,YAPEYU
C2758,A Chacra De La Merced 6994,-31.403399,-64.089592,CENTRO
C2734,Calle 7 S/N,-31.432951,-64.274602,VILLA UNION
C2710,Avenida Fuerza Aérea 4550,-31.43252,-64.24608,VILLA ADELA
C2684,Ángelo de Peredo 3292,-31.41838,-64.22946,QUINTA SANTA ANA
C3722,Luis Agote 3702,-31.4225,-64.23448,AMEGHINO NORTE
C3704,Avenida Fuerza Aérea Argentina 6000,-31.43365,-64.26396,VILLA UNION
C2660,Avenida Patria 1035,-31.40224,-64.1605,GENERAL PUEYRREDON
C2632,Avenida Malvinas Argentinas 5825,-31.38232,-64.10597,CENTRO
C2606,El Pardal 9705,-31.36617,-64.05967,GENERAL ARENALES
C3658,Avenida Malvinas Argentinas 5959,-31.38203,-64.10445,CENTRO
C3632,Avenida Patria 1545,-31.39752,-64.16171,GENERAL PUEYRREDON
C4164,Avenida Pueyrredón 342,-31.42587,-64.19375,GUEMES
C2270,Armenia 2165,-31.403392440333697,-64.15749549865724,GENERAL PUEYRREDON
C2462,Padre Lozano 2446,-31.43691,-64.22302,ROSEDAL ANEXO
C4106,Avenida Marcelo T. de Alvear 876,-31.424634,-64.193853,GUEMES
C3510,Catamarca 2500,-31.40786,-64.1524,YAPEYU
C3504,José Garibaldi 552,-31.40695,-64.15576,GENERAL PUEYRREDON
C3492,Tronador 1879,-31.43144610108295,-64.2163268320911,BELLA VISTA
C3475,Padre Lozano 2465,-31.437557,-64.223317,ROSEDAL ANEXO
C8194,Maestro Vidal 1824,-31.430349,-64.230249,AMEGHINO NORTE
C2168,Paysandú 2230,-31.3897,-64.15259,GENERAL PUEYRREDON
C2150,Dos Barrios 2005,-31.3822,-64.14479,NUEVA ITALIA
C2134,Díaz Colodrero 2912,-31.37629,-64.14475,NUEVA ITALIA
C3240,José Villegas 2132,-31.369,-64.14241,PATRICIOS ESTE
C3214,Dos Barrios 2141,-31.38202,-64.14337,NUEVA ITALIA
C3186,Potosí 1358,-31.401047,-64.169785,GENERAL PUEYRREDON
C3184,Pringles 1260,-31.403185,-64.171181,GENERAL PUEYRREDON
C3169,Avenida Pueyrredón 2434,-31.419805,-64.218875,CUPANI
C3168,Enrique Granados 1203,-31.419531,-64.22376,QUINTA SANTA ANA
C3148,Los Pinos 3757,-31.442942,-64.237705,ESTACION FLORES
C3146,Luis Pasteur 3019,-31.44353,-64.23936,ESTACION FLORES
C2306,Aviador Abel 1429,-31.4228,-64.24594,RESIDENCIAL SAN ROQUE
C2302,Aviador Abel 1587,-31.42558,-64.24595,RESIDENCIAL SAN ROQUE
C2586,José Iseas 1434,-31.42308,-64.23605,AMEGHINO NORTE
C2582,Luis Agote 3321,-31.42359,-64.23125,AMEGHINO NORTE
C2572,Luis Agote 2570,-31.42559,-64.22088,ROSEDAL ANEXO
C2262,Cochabamba 2410,-31.39753,-64.15457,GENERAL PUEYRREDON
C2256,Cochabamba 2943,-31.39568,-64.14877,GENERAL PUEYRREDON
C4049,Avenida Monseñor Pablo Cabrera 2648,-31.379915,-64.207267,LAS MARGARITAS
C4051,Sebastián Gaboto 2500,-31.374996,-64.206371,ANA MARIA ZUMARAN
C3336,Federico Rauch 2852,-31.375724234320465,-64.13053393363954,RESIDENCIAL SAN JORGE
C3865,Avenida Castro Barros 854,-31.397486,-64.199011,SAN MARTIN
C2228,Palencia 3099,-31.378261799130588,-64.1325868293643,RESIDENCIAL SAN JORGE
C3880,Miguel Andrés Camino 4599,-31.359656266136053,-64.22153592109682,LOS BOULEVARES
C3873,Santiago Baravino 4288,-31.36469,-64.212422,LAS MARGARITAS
C3857,Avenida Cruz Roja Argentina 355,-31.443205,-64.19296,LAS FLORES
C9232,Avenida Pablo Ricchieri 3167,-31.449076,-64.176571,VILLA REVOL
C4334,Soconcho 4158,-31.462429124333724,-64.16048884391786,CERVECEROS
C3802,Calle de las Cortaderas 894,-31.36874510108295,-64.11670887427262,RESIDENCIAL SAN JORGE
C3822,Camino Sta. Rosa,-31.336243101082943,-64.07878989608615,VILLA ESQUIU
C2800,De La Pulpería S/N,-31.35945,-64.107893,VILLA ESQUIU
C3784,Av. San Martín 2800-2898,-31.40854210108295,-64.06674884751484,VILLA LA MERCED
C2772,Bajada de Piedra 3600,-31.40409800000001,-64.140543,LOS PINOS
C2756,A Chacra De La Merced S/N,-31.41882499999999,-64.059465,VILLA LA MERCED
C2714,Avenida Fuerza Aérea Argentina 5290,-31.43307,-64.25555,VILLA ADELA
C2692,Calixto Gauna 1212,-31.41952,-64.23473,QUINTA SANTA ANA
C2668,Ángelo de Peredo 2193,-31.42134722,-64.21445,CUPANI
C2666,Ángelo de Peredo 1802,-31.4215,-64.21174,CUPANI
C3754,Ángelo de Peredo 2325,-31.42107,-64.21582,CUPANI
C3706,Avenida Fuerza Aérea Argentina 5389,-31.43335,-64.25648,VILLA ADELA
C2650,Nicolás Isasmendi 2641,-31.38545,-64.13614,YOFRE NORTE
C2616,Avenida Las Malvinas 9328,-31.37468,-64.07321,GENERAL ARENALES
C3666,Avenida Las Malvinas 6502,-31.37908,-64.09171,CENTRO
C3642,Villacorta y Ocaña 2618,-31.38449,-64.13619,YOFRE NORTE
C4204,Avenida Cruz Roja Argentina 664,-31.442851,-64.187083,VILLA REVOL
C3324,Montemayor 2162,-31.383867098399957,-64.13172483444215,YOFRE NORTE
C2296,Aviador Abel 1889,-31.43226,-64.24571,VILLA ADELA
C2290,Avenida Julio A. Roca 782,-31.4286,-64.20286,CUPANI
C2230,Chachapoyas 2341,-31.3819619696081,-64.13262605667116,YOFRE NORTE
C2463,Padre Lozano 2581,-31.43875117410673,-64.22334909439088,ROSEDAL ANEXO
C2458,Lagunilla 2278,-31.43688999999999,-64.21857,ROSEDAL ANEXO
C2422,Bajada de Piedra 2603,-31.40885,-64.15116,YAPEYU
C3468,La Paz 2501,-31.43734,-64.22873,ROSEDAL ANEXO
C2185,Avenida Pueyrredón 2098,-31.420181,-64.214712,CUPANI
C2156,Quilambe 2002,-31.38679,-64.14534,NUEVA ITALIA
C2142,Avenida Capdevila 2300,-31.3792,-64.13993,NUEVA ITALIA
C2136,Díaz Colodrero 2750,-31.37824,-64.14472,NUEVA ITALIA
C3238,Díaz Colodrero 3558,-31.36945,-64.14459,GENERAL MOSCONI
C3212,Díaz Colodrero 2326,-31.38292,-64.14485,NUEVA ITALIA
C3166,José Verdi 3079,-31.42179,-64.227838,QUINTA SANTA ANA
C3136,Alexander Fleming 3499,-31.448624,-64.235822,ESTACION FLORES
C2584,Luis Agote 3675,-31.42304,-64.23402,AMEGHINO NORTE
C2576,Luis Agote 2870,-31.42474,-64.2253,QUINTA SANTA ANA
C2570,Luis Agote 2327,-31.42630833,-64.21729444,CUPANI
C2258,Cochabamba 2729,-31.39618,-64.15033,GENERAL PUEYRREDON
C2244,Cochabamba 3978,-31.39433,-64.13887,LOS PINOS
C2544,Avenida Bulnes 5016,-31.38839000000001,-64.12981,YOFRE NORTE
C2534,Avenida Malvinas Argentinas 3519,-31.38804,-64.1304,YOFRE NORTE
C2514,Avenida Malvinas Argentinas 4375,-31.38631,-64.12104,YOFRE NORTE
C3616,Rafael Feliciano Alcaraz 6910,-31.39058,-64.1121,CENTRO
C3612,Rafael Feliciano Alcaraz 5874,-31.38879,-64.11775,CENTRO
C3586,Avenida Malvinas Argentinas 3459,-31.38788,-64.12952,YOFRE NORTE
C3582,Avenida Bulnes 4802,-31.38875000000001,-64.13143,YOFRE NORTE
C3316,Padre Luis Monti 4030,-31.393,-64.13808,LOS PINOS
C3314,Padre Luis Monti 3922,-31.39303,-64.13977,LOS PINOS
C3294,Padre Luis Monti 2386,-31.39694,-64.15576,GENERAL PUEYRREDON
C3868,Avenida Monseñor Pablo Cabrera 2386,-31.382489,-64.207331,LAS MARGARITAS
MA-00000128,Belgrano 1451,-31.431648,-64.195225,GUEMES
C3348,Chachapoyas 3536,-31.36970000000001,-64.1331,RESIDENCIAL SAN JORGE
C3834,Alsina 1459,-31.391535,-64.133316,YOFRE NORTE
C3270,Catamarca 968,-31.41274,-64.17063,GENERAL PUEYRREDON
C3258,Avenida Julio A. Roca 1283,-31.42842,-64.20924,CUPANI
C2432,Eufrasio Loza 727,-31.40592,-64.15742,GENERAL PUEYRREDON
C2218,Federico Rauch 2699,-31.37531999999999,-64.13313,RESIDENCIAL SAN JORGE
C2476,Lagunilla 3470,-31.43687,-64.23413,AMEGHINO NORTE
C2456,Aconquija 2385,-31.43724,-64.21652,ROSEDAL ANEXO
C2438,25 de Mayo 1516,-31.41397,-64.16266,YAPEYU
C3516,Los Mártires 77,-31.41244,-64.14879,YAPEYU
C3502,José Garibaldi 376,-31.40881,-64.15507,YAPEYU
C3486,Tronador 2217,-31.4364,-64.21501,BELLA VISTA
C2196,Héctor Paniza 3102,-31.424997,-64.228906,AMEGHINO NORTE
C2152,Díaz Colodrero 2201,-31.38411,-64.145,NUEVA ITALIA
C2126,José Villegas 2020,-31.36895000000001,-64.14435,GENERAL MOSCONI
C3222,Avenida Capdevila 2207,-31.37890000000001,-64.14114,NUEVA ITALIA
C3190,Felipe II 1456,-31.39149,-64.1547,GENERAL PUEYRREDON
C3158,Díaz de La Fuente 2007,-31.433431,-64.236952,AMEGHINO NORTE
C3140,Rufino Varela Ortiz 3301,-31.446423,-64.237516,ESTACION FLORES
C2592,Maria Curie 1616,-31.42678,-64.2367,AMEGHINO NORTE
C2590,José Iseas 1540,-31.42439,-64.2376,AMEGHINO NORTE
C2562,Cochabamba 1523,-31.4015,-64.16744,GENERAL PUEYRREDON
C2248,Cochabamba 3657,-31.39433,-64.14227,LOS PINOS
C2542,Avenida Bulnes 4788,-31.38891,-64.13198,YOFRE NORTE
C2510,Rafael Feliciano Alcaraz 5822,-31.38863,-64.11846,CENTRO
C2504,Rafael Feliciano Alcaraz 6391,-31.39035,-64.11331,CENTRO
C3602,Piero Astori 1679,-31.38828,-64.12206,YOFRE NORTE
C3590,José María Urien 1667,-31.38871,-64.12461,YOFRE NORTE
C3574,Padre Luis Monti 5081,-31.3929,-64.12915,YOFRE NORTE
C3320,Padre Luis Monti 4366,-31.39298,-64.13526,LOS PINOS
C3300,Padre Luis Monti 2667,-31.3956,-64.15162,GENERAL PUEYRREDON
C3296,Padre Luis Monti 2488,-31.39628,-64.15376,GENERAL PUEYRREDON
C3556,Luis Agote 1833,-31.42706,-64.2135,CUPANI
C3554,Luis Agote 2201,-31.42652,-64.21628,CUPANI
C3536,Luis Agote 3637,-31.423,-64.23435,AMEGHINO NORTE
C3534,José Iseas 1429,-31.42292000000001,-64.23574,AMEGHINO NORTE
C3518,Alberto Williams 4454,-31.42633,-64.24535,RESIDENCIAL SAN ROQUE
C3250,Aviador Kingsley 1495,-31.42460000000001,-64.247,RESIDENCIAL SAN ROQUE
C3430,Rosario de Santa Fe 1866,-31.41429000000001,-64.15843,YAPEYU
C3426,Copiapó 57,-31.41611,-64.15898,YAPEYU
C4148,Belgrano 170,-31.41659,-64.18897,URQUIZA
C4146,Belgrano 471,-31.4205,-64.18989,GUEMES
C3392,Emilio Achával 2167,-31.43713,-64.20857,BELLA VISTA
C3390,Doctor Ernesto Romagosa 1045,-31.43781999999999,-64.20929,BELLA VISTA
C2380,Aconquija 3045,-31.44382,-64.21652,FERRER
C2368,Doctor Ernesto Romagosa 1019,-31.43759,-64.20903,BELLA VISTA
C2364,Venus 1058,-31.43466,-64.20899,BELLA VISTA
C2358,Fuencarral 1063,-31.43202000000001,-64.20814,BELLA VISTA
C2288,Avenida Julio A. Roca 666,-31.42878,-64.20066,GUEMES
MA-00000534,Avenida Marcelo T. de Alvear 870,-31.42459806738864,-64.19381089114438,GUEMES
C4092,Sarmiento 111,-31.41063098751008,-64.1799294948578,URQUIZA
C2344,David Luque 52,-31.41666,-64.16758,YAPEYU
C2334,Asunción 337,-31.41858,-64.16133,YAPEYU
C2390,Estocolmo 3500,-31.451364294505478,-64.23439979553224,ESTACION FLORES
C3350,Canónigo José Chorroarín 2521,-31.369509,-64.135758,PATRICIOS ESTE
C3326,Montemayor 2350,-31.381897854024743,-64.13181066513063,YOFRE NORTE
C3276,Oncativo 1524,-31.40884,-64.16484,GENERAL PUEYRREDON
C3260,Avenida Julio A. Roca 981,-31.42813,-64.20598,CUPANI
C2278,Sarmiento 1709,-31.40908,-64.16151,GENERAL PUEYRREDON
C2220,Federico Rauch 2798,-31.37572,-64.13165,RESIDENCIAL SAN JORGE
C2464,Avenida Antártida 2736,-31.440287,-64.223973,ROSEDAL ANEXO
C2460,Lagunilla 2494,-31.4369,-64.22134,ROSEDAL ANEXO
C2440,25 de Mayo 1317,-31.41469,-64.16537,YAPEYU
C2204,Alexander Fleming 2083,-31.433446,-64.235831,AMEGHINO NORTE
C4044 CO,Avenida Vélez Sarsfield 646,-31.422854,-64.190025,GUEMES
C2146,Ramón García De León Y Pizarro 2282,-31.38118,-64.14166,NUEVA ITALIA
C2130,Díaz Colodrero 3260,-31.37265,-64.14467,VILLA AZALAIS
C3224,Avenida Capdevila 2007,-31.37943,-64.14407,NUEVA ITALIA
C3192,Paysandú 2372,-31.3896,-64.15301,GENERAL PUEYRREDON
C3180,Oncativo 1200,-31.40944,-64.16882,GENERAL PUEYRREDON
C3160,Maestro Vidal 1787,-31.429977,-64.230018,AMEGHINO NORTE
C2578,Luis Agote 3057,-31.42422,-64.22798,QUINTA SANTA ANA
C2560,Cochabamba 1801,-31.40054,-64.16414,GENERAL PUEYRREDON
C2242,Cochabamba 4206,-31.39452,-64.13629,LOS PINOS
C2518,Piero Astori 1677,-31.3883,-64.12211,YOFRE NORTE
C2506,Rafael Feliciano Alcaraz 6009,-31.38893,-64.11574,CENTRO
C3608,Avenida Malvinas Argentinas 4591,-31.38584,-64.11878,YOFRE NORTE
C3592,José María Urien 1549,-31.3906,-64.12493,YOFRE NORTE
C3578,Álvarez Condarco 1578,-31.39024,-64.12877,YOFRE NORTE
C3572,Padre Luis Monti 4978,-31.39289,-64.13025,YOFRE NORTE
C3310,Padre Luis Monti 3612,-31.3932,-64.14305,LOS PINOS
C3306,Padre Luis Monti 3236,-31.39418999999999,-64.14685,LOS PINOS
C3564,Padre Luis Monti 1920,-31.39927000000001,-64.16314,GENERAL PUEYRREDON
MA-00000533,Río Negro 1107,-31.42250915162443,-64.20899525713989,CUPANI
C3546,Luis Agote 2792,-31.42501,-64.22402,ROSEDAL ANEXO
C3540,Luis Agote 3265,-31.42375,-64.23056,QUINTA SANTA ANA
C3526,Alberto Williams 3865,-31.42698,-64.23751,AMEGHINO NORTE
C3520,Alberto Williams 4313,-31.42634,-64.24317,AMEGHINO NORTE
C3446,Panamá 2877,-31.412891,-64.14763,YAPEYU
C3436,General Sandino 194,-31.4148,-64.15412,YAPEYU
C3416,Zuviría 1252,-31.4205,-64.16699,YAPEYU
C3412,La Plata 486,-31.41882,-64.16933,YAPEYU
C3406,Avenida Elpidio González 1584,-31.43161,-64.20236,BELLA VISTA
C3400,Alcalá 921,-31.43333,-64.20629,BELLA VISTA
C3382,Tronador 2985,-31.443118,-64.215257,FERRER
C2372,Juan Kronfus 2562,-31.43938,-64.21158,BELLA VISTA
C2370,Juan Kronfus 2446,-31.43856,-64.21044,BELLA VISTA
C2362,La Pampa 1993,-31.43371,-64.20979,BELLA VISTA
C2352,Avenida Elpidio González 1568,-31.43094,-64.2022,BELLA VISTA
C2282,Avenida Marcelo T. de Alvear 1078,-31.4265,-64.19467,GUEMES
C4188,Achával Rodríguez 316,-31.4241,-64.1924,GUEMES
C2346,David Luque 278,-31.41383,-64.16855,YAPEYU
C2342,San Nicolás 437,-31.41847,-64.16809,YAPEYU
C2330,República Dominicana 87,-31.41582,-64.15984,YAPEYU
C2324,25 de Mayo 2031,-31.41224,-64.15626,YAPEYU
C2316,Yatasto 301,-31.41534,-64.15114,YAPEYU
C2118,Aviador Silvio Pettirossi 3426,-31.44757,-64.24817,ESTACION FLORES
C2310,Costa Rica 2801,-31.413451,-64.147649,YAPEYU
C2116,Aviador Silvio Pettirossi 3246,-31.44571,-64.24817,ESTACION FLORES
C2096,Avenida Fuerza Aérea 3484,-31.43176,-64.23412,AMEGHINO NORTE
C2094,Avenida Fuerza Aérea 3078,-31.43145000000001,-64.22958,ROSEDAL ANEXO
C2414,San Antonio 3799,-31.45238937917243,-64.23770427703859,ESTACION FLORES
C3374,Río Negro 3413,-31.446513295286177,-64.21549558639528,FERRER
C4214,Avenida Ingeniero Medina Allende S/N,-31.43813,-64.19243,GUEMES
C3328,Montemayor 2583,-31.379607983070503,-64.13181066513063,RESIDENCIAL SAN JORGE
C3278,Oncativo 1786,-31.40801,-64.16164,GENERAL PUEYRREDON
C3262,Avenida Julio A. Roca 751,-31.42871,-64.20221,CUPANI
C2280,Sarmiento 1541,-31.40979,-64.16424,GENERAL PUEYRREDON
C2225,Avenida Capdevila 2801,-31.377048,-64.131312,RESIDENCIAL SAN JORGE
C2488,Avenida Agustín Roque Arias 2851,-31.44193665067958,-64.24278974533082,ESTACION FLORES
C2420,24 de Septiembre 2701,-31.40912,-64.15,YAPEYU
C3474,Avenida Antártida 2652,-31.440267,-64.223517,ROSEDAL ANEXO
C2198,Alberto Williams 3102,-31.428184,-64.229702,AMEGHINO NORTE
C4168,Avenida Pueyrredón 487,-31.42543,-64.19517,GUEMES
C2154,Tinta 2002,-31.3854,-64.14534,NUEVA ITALIA
C2132,Díaz Colodrero 3134,-31.37417,-64.14468,VILLA AZALAIS
C3228,Díaz Colodrero 2860,-31.37716,-64.14467,NUEVA ITALIA
C3196,Tarija 2362,-31.38986,-64.15007,LOS PINOS
C3182,Pringles 988,-31.406031,-64.170073,GENERAL PUEYRREDON
C3164,Maestro Vidal 1405,-31.424418,-64.228534,QUINTA SANTA ANA
C3144,Luis Pasteur 3169,-31.44496,-64.23936,ESTACION FLORES
C2598,Alberto Williams 4296,-31.42631,-64.24272,AMEGHINO NORTE
C2574,Luis Agote 2730,-31.42517000000001,-64.22305,ROSEDAL ANEXO
C2556,Cochabamba 2116,-31.39937,-64.1604,GENERAL PUEYRREDON
C2558,Cochabamba 1907,-31.40001,-64.16247,GENERAL PUEYRREDON
C2254,Cochabamba 3170,-31.39524000000001,-64.14719,LOS PINOS
C2252,Cochabamba 3434,-31.39474,-64.14505,LOS PINOS
C2546,Martin Allende 1543,-31.39061,-64.12937,YOFRE NORTE
C2238,Jacinto de Altoaguirre 1331,-31.39391,-64.13408,LOS PINOS
C2528,José María Urien 1623,-31.38941,-64.1247,YOFRE NORTE
C2520,Piero Astori 1547,-31.39025,-64.12243,YOFRE NORTE
C3614,Rafael Feliciano Alcaraz 6000,-31.38897,-64.11604,CENTRO
C3610,Antonio Machoni 1693,-31.38805,-64.11868,YOFRE NORTE
C3588,Avenida Malvinas Argentinas 3791,-31.38728,-64.12435,YOFRE NORTE
C3580,Álvarez Condarco 1663,-31.38872,-64.12877,YOFRE NORTE
C3568,Padre Luis Monti 4577,-31.39296,-64.13359,YOFRE NORTE
C3312,Padre Luis Monti 3764,-31.393,-64.14086,LOS PINOS
C3302,Padre Luis Monti 2874,-31.39496,-64.14953,GENERAL PUEYRREDON
C3292,Padre Luis Monti 2266,-31.39759,-64.15785,GENERAL PUEYRREDON
C3566,Padre Luis Monti 2172,-31.39826,-64.15996,GENERAL PUEYRREDON
C3560,Río Negro 1359,-31.427103,-64.210179,CUPANI
C3550,Luis Agote 2486,-31.42588,-64.21958,CUPANI
C3548,Luis Agote 2620,-31.42545,-64.22175,ROSEDAL ANEXO
C3538,Luis Agote 3457,-31.42333,-64.23272,AMEGHINO NORTE
C3530,Alcorta 3773,-31.42478,-64.23734,AMEGHINO NORTE
C3528,Graham Bell 1616,-31.42669,-64.23664,AMEGHINO NORTE
C3252,Aviador Kingsley 1599,-31.42598,-64.24702,RESIDENCIAL SAN ROQUE
C3432,Rosario de Santa Fe 1990,-31.41339,-64.15651,YAPEYU
C3420,Zuviría 1663,-31.42136,-64.16235,YAPEYU
C3422,Copiapó 505,-31.42074,-64.16071,YAPEYU
p7_vuelta_a,Tucumán 34,-31.414359,-64.187901,URQUIZA
C3264,Avenida Julio A. Roca 579,-31.42877,-64.19921,GUEMES
C3266,Avenida Julio A. Roca 457,-31.42797,-64.1966,GUEMES
C3394,Emilio Achával 2108,-31.436043,-64.208333,BELLA VISTA
C3386,Juan Kronfus 2583,-31.43964,-64.21191,FERRER
C3385,Carlos Luna 2806,-31.441575,-64.212009,FERRER
C3378,Manuel Baigorria 1372,-31.44554,-64.21215,FERRER
C2378,Guayama 1921,-31.4428,-64.21546,FERRER
C3246,Aviador Kingsley 1351,-31.42153124991518,-64.24699544906618,RESIDENCIAL SAN ROQUE
c2482,Reconquista 3766,-31.43759354551868,-64.237864263765,AMEGHINO NORTE
C2418,Los Mártires 23,-31.41183,-64.149,YAPEYU
C3506,Oncativo 2370,-31.40607,-64.15409,GENERAL PUEYRREDON
C3498,Avenida 24 de Septiembre 2084,-31.41155,-64.15778,YAPEYU
C3482,Aconquija 2480,-31.43854,-64.21656,ROSEDAL ANEXO
C3473,Avenida Antártida 2902,-31.440234,-64.227169,ROSEDAL ANEXO
C2194,Maestro Vidal 1292,-31.422584,-64.228179,QUINTA SANTA ANA
C2164,Puerto Rico 2444,-31.38889,-64.14945,LOS PINOS
C2144,Ramón García De León Y Pizarro 2331,-31.38089,-64.1406,NUEVA ITALIA
C2128,Díaz Colodrero 3420,-31.37072,-64.14467,GENERAL MOSCONI
C3236,Díaz Colodrero 3372,-31.37138,-64.14463,VILLA AZALAIS
C3208,Tinta 2002,-31.38567,-64.1453,NUEVA ITALIA
C3179,David Luque 466,-31.411611,-64.169335,GENERAL PUEYRREDON
C3162,Maestro Vidal 1647,-31.427818,-64.229445,AMEGHINO NORTE
C2580,Luis Agote 3227,-31.4239,-64.22967,QUINTA SANTA ANA
C2554,Cochabamba 2201,-31.39873,-64.15835,GENERAL PUEYRREDON
C2250,Cochabamba 3519,-31.39456,-64.14392,LOS PINOS
C2552,Padre Luis Monti 4711,-31.39291,-64.13242,YOFRE NORTE
C2512,Antonio Machoni 1809,-31.38634,-64.11838,YOFRE NORTE
C3604,Avenida Malvinas Argentinas 4307,-31.38684,-64.12184,YOFRE NORTE
C3576,Álvarez Condarco 1474,-31.39161,-64.12876,YOFRE NORTE
C3308,Padre Luis Monti 3486,-31.39368,-64.14471,LOS PINOS
C3562,Padre Luis Monti 1693,-31.40024,-64.16624,GENERAL PUEYRREDON
C3552,Luis Agote 2341,-31.42631,-64.21741,CUPANI
C3544,Luis Agote 2903,-31.42468999999999,-64.2257,QUINTA SANTA ANA
C3532,José Iseas 1500,-31.42399,-64.23706,AMEGHINO NORTE
C3524,Alberto Williams 4051,-31.4266,-64.23944,AMEGHINO NORTE
C3248,Aviador Kingsley 1450,-31.42324,-64.247,RESIDENCIAL SAN ROQUE
C3440,Panamá 2393,-31.41431,-64.15142,YAPEYU
C3424,Copiapó 319,-31.4189,-64.16027,YAPEYU
C3414,Zuviría 1046,-31.42008999999999,-64.16918,CRISOL SUD
C4144,Belgrano 655,-31.42253377238923,-64.19138822704552,GUEMES
C3396,Alejandro Dumas 1929,-31.43419,-64.20857,BELLA VISTA
C3388,Juan Kronfus 2484,-31.43873,-64.21061,BELLA VISTA
C3371,Doctor Horacio Martinez 3615,-31.449104,-64.214278,FERRER
C2366,Emilio Achával 2096,-31.43577,-64.20823,BELLA VISTA
C2360,La Pampa 1755,-31.43227,-64.2094,BELLA VISTA
p33_reg,Avenida Julio A. Roca 486,-31.42839,-64.19789,GUEMES
p25_ida_a1,Avenida Vélez Sarsfield 639,-31.422803856520066,-64.18992877006532,GUEMES
C2338,Américo Vespucio 1469,-31.41983,-64.16441,YAPEYU
C2332,República Dominicana 275,-31.41801999999999,-64.16046,YAPEYU
C2328,General Martín de Güemes 34,-31.41444,-64.16043,YAPEYU
C2314,Sinsacate 2509,-31.4149,-64.14954,YAPEYU
C2120,Estocolmo 4767,-31.44858,-64.24917,ESTACION FLORES
C2312,Los Mártires 282,-31.41442,-64.14804,YAPEYU
C2112,Aviador Kingsley 2790,-31.440791,-64.246994,VILLA ADELA
C2104,Avenida Fuerza Aérea 4342,-31.43237,-64.2438,VILLA ADELA
C2100,Avenida Fuerza Aérea 3994,-31.43215,-64.24054,AMEGHINO NORTE
C2098,Avenida Fuerza Aérea 3744,-31.43197,-64.23745,AMEGHINO NORTE
C2086,Avenida Fuerza Aérea 2202,-31.43065,-64.2182,ROSEDAL ANEXO
C2090,Avenida Fuerza Aérea 2736,-31.43109000000001,-64.22443,ROSEDAL ANEXO
C2076,Avenida Pueyrredón 1688,-31.42094,-64.20976,CUPANI
C2072,Avenida Pueyrredón 1181,-31.42283,-64.20346,CUPANI
C2066,Sarmiento 1387,-31.41043,-64.16651,GENERAL PUEYRREDON
C2068,Sarmiento 1120,-31.41112,-64.16914,GENERAL PUEYRREDON
C2056,Viamonte 1455,-31.40025,-64.16966,GENERAL BUSTOS
C2050,Avenida Bulnes 1954,-31.39639,-64.16074,GENERAL PUEYRREDON
C2386,San Antonio 1598,-31.446659744222558,-64.21882152557374,FERRER
C2388,San Antonio 1255,-31.446220396726694,-64.21457290649415,FERRER
C2452,Tronador 2466,-31.43825,-64.21518,BELLA VISTA
C2436,Eufrasio Loza 223,-31.41044,-64.15576,YAPEYU
C3462,Reconquista 3609,-31.43763,-64.23623,AMEGHINO NORTE
C2192,Franz Schubert 1134,-31.419501,-64.226744,QUINTA SANTA ANA
C2160,Tridentina 1899,-31.38841,-64.14661,LOS PINOS
C2140,Avenida Capdevila 2232,-31.37897,-64.14117,NUEVA ITALIA
C2124,José Villegas 2163,-31.36897,-64.14204,PATRICIOS ESTE
C3232,Díaz Colodrero 3228,-31.37379,-64.14463,VILLA AZALAIS
C3206,Tridentina 2003,-31.38718,-64.14529,NUEVA ITALIA
C3156,Díaz de La Fuente 2315,-31.435054,-64.236968,AMEGHINO NORTE
C3142,Frontera 3833,-31.445878,-64.238703,ESTACION FLORES
C2596,Alberto Williams 4173,-31.42637,-64.2405,AMEGHINO NORTE
C2260,Cochabamba 2544,-31.39684,-64.15238,GENERAL PUEYRREDON
C2246,Cochabamba 3807,-31.39432,-64.14054,LOS PINOS
C2548,Martin Allende 1415,-31.39249,-64.12939,YOFRE NORTE
C2532,Avenida Malvinas Argentinas 3783,-31.38751999999999,-64.12818,YOFRE NORTE
C2530,José María Urien 1751,-31.38751,-64.12439,YOFRE NORTE
C3600,Piero Astori 1552,-31.3902,-64.12236,YOFRE NORTE
C3570,Padre Luis Monti 4763,-31.39293,-64.13249,YOFRE NORTE
C3304,Padre Luis Monti 3062,-31.39463,-64.14848,LOS PINOS
C4018,Avenida Colón 72,-31.413405386971025,-64.18393135070802,URQUIZA
MA-00000491,Luis Agote 3044,-31.424174066745387,-64.22788612150214,QUINTA SANTA ANA
C3522,Alberto Williams 4238,-31.42634,-64.24152,AMEGHINO NORTE
C3442,Panamá 2599,-31.41386,-64.14976,YAPEYU
C3418,Zuviría 1470,-31.4209,-64.16468,YAPEYU
C3408,Avenida Elpidio González 1479,-31.42931,-64.20167,CUPANI
C3384,Río Negro 2801,-31.4413,-64.21399,FERRER
C2376,Tronador 2838,-31.44159444,-64.21491111,FERRER
C2374,Carlos Luna 2717,-31.44111667,-64.212925,FERRER
C2356,Fuencarral 917,-31.4324,-64.20597,BELLA VISTA
C2354,Fuencarral 758,-31.43292,-64.20322,BELLA VISTA
C4042,Avenida Vélez Sarsfield 322,-31.419147,-64.188487,URQUIZA
C2340,Américo Vespucio 1245,-31.41942,-64.16664,YAPEYU
C2336,Américo Vespucio 1667,-31.42026,-64.16219,YAPEYU
C2326,25 de Mayo 1803,-31.41306,-64.15941,YAPEYU
C2322,Nueva Zelanda 127,-31.41438,-64.15508,YAPEYU
C2320,Sinsacate 2091,-31.41606,-64.15377,YAPEYU
C2308,Costa Rica 2964,-31.413268,-64.146269,YAPEYU
C2106,Aviador Kingsley 2362,-31.43565,-64.246969,VILLA ADELA
C2114,Aviador Silvio Pettirossi 3002,-31.44333,-64.2481,ESTACION FLORES
C2102,Aviador Kingsley 2101,-31.433808,-64.247009,VILLA ADELA
C2110,Aviador Kingsley 2592,-31.438834,-64.246963,VILLA ADELA
C2082,Sol de Mayo 1351,-31.42646,-64.213,CUPANI
C2088,Avenida Fuerza Aérea 2550,-31.43083,-64.22171,ROSEDAL ANEXO
C2092,Avenida Fuerza Aérea 2900,-31.43125,-64.22698,ROSEDAL ANEXO
C2078,Sol de Mayo 1072,-31.42188,-64.21179,CUPANI
C2080,Sol de Mayo 1229,-31.42403,-64.21236,CUPANI
C2074,Avenida Pueyrredón 1386,-31.42199,-64.2061,CUPANI
C4160,Paso de los Andes 823,-31.42096,-64.2023,CUPANI
C4184,República de Israel 500,-31.41040665129536,-64.18086290359498,URQUIZA
C4158,Paso de los Andes 561,-31.41832000000001,-64.20133,URQUIZA
C2064,Viamonte 631,-31.4089,-64.16646,GENERAL PUEYRREDON
C2070,Sarmiento 973,-31.41165000000001,-64.17105,GENERAL PUEYRREDON
C2054,Avenida Bulnes 1702,-31.39809,-64.16609,GENERAL BUSTOS
C2564,Charcas 1399,-31.40244,-64.16883,GENERAL PUEYRREDON
C2566,Viamonte 1067,-31.40424,-64.16818,GENERAL PUEYRREDON
C2048,Avenida Bulnes 2261,-31.39542000000001,-64.15894,GENERAL PUEYRREDON
C2036,Avenida Malvinas Argentinas 2319,-31.39043,-64.1406,LOS PINOS
C3352,Tafí 1120,-31.451291073742883,-64.21337127685548,FERRER
C7513,Laboulaye 189,-31.483704,-64.207052,COMERCIAL
C7551,Avenida Alem 3156,-31.372976,-64.150715,VILLA AZALAIS
C7976,Cleto Aguirre 5946,-31.409175,-64.263014,LOS ROBLES
C7997,Avenida Colón 4109,-31.398237,-64.23396,VILLA SIBURU
C7990,Avenida Colón 2042,-31.405631,-64.209659,ALBERDI
C6128,Jorge Eduardo Newbery 824,-31.352043,-64.183964,REMEDIOS DE ESCALADA
C6470,Juan de Constans 583,-31.368749,-64.18244,HIPOLITO IRIGOYEN
C6430,Río Negro 4979,-31.469434,-64.221445,VILLA EL LIBERTADOR
C6463,De Mauro 99,-31.480282,-64.205314,COMERCIAL
C6399,28 de Julio 3619,-31.372216,-64.180584,HIPOLITO IRIGOYEN
C6053,Jorge Eduardo Newbery 559,-31.352496,-64.180831,REMEDIOS DE ESCALADA
C6389,Córdoba S/N,-31.34279752089547,-64.16921138763429,REMEDIOS DE ESCALADA
C6155,Cacheuta 4128,-31.456343,-64.214648,FERRER
C6549,Paso de los Andes 2532,-31.439932,-64.207921,BELLA VISTA
C6532,Los Cocos 514,-31.434023,-64.200835,BELLA VISTA
C6034,Manuel Baigorria 902,-31.44471012399707,-64.20723438262941,FERRER
C6337,Río Negro 6746,-31.483649,-64.225377,SANTA ISABEL SECCION 1
C6317,Arroyo De La Reducción 1330,-31.46549,-64.220077,VILLA EL LIBERTADOR
C6199,Avenida Vélez Sarsfield 1498,-31.432306,-64.193973,GUEMES
C6373,Camilo Henríquez 2866,-31.475634,-64.250375,PARQUE FUTURA
C6232,Avenida Vélez Sarsfield 3437,-31.449712,-64.199601,LAS FLORES
C6380,Río Quilpo 4809,-31.467115,-64.218907,VILLA EL LIBERTADOR
C6360,José Benito Cottolengo 924,-31.48401,-64.225677,SANTA ISABEL SECCION 1
C6338,Atlántida 1901,-31.481188,-64.242441,PARQUE FUTURA
C6512,El Arañado 1545,-31.47765428377793,-64.22715716063975,VILLA EL LIBERTADOR
C7542,Avenida Leandro N. Alem 889,-31.39243512057838,-64.16538655757905,GENERAL BUSTOS
C6425,Avenida Colón 227,-31.41276902206838,-64.18621659278871,URQUIZA
C6322,Camilo Henríquez 2790,-31.475487,-64.24824,PARQUE FUTURA
C6680,Rosario Del Dorado 2285,-31.46518368847489,-64.23717856407167,CONGRESO
C6611,Huiliches 1259,-31.455565,-64.21733,FERRER
C6008,Michigan 1900,-31.468112,-64.230945,CONGRESO
C4943,Avenida Bernardo O'higgins S/N,-31.54109,-64.168772,VILLA RIVADAVIA
C4905,Camino a San Carlos 6966,-31.496585,-64.168997,VILLA RIVADAVIA
C6070,Avenida General Paz 199,-31.412961305443687,-64.18583035469057,URQUIZA
C4902,Ciudad De Valparaíso 7938,-31.506611,-64.189875,VILLA RIVADAVIA
C4895,Ciudad De Valparaíso 7934,-31.506447,-64.190165,VILLA RIVADAVIA
C4883,Camino a San Antonio 5902,-31.484024,-64.189146,INAUDI
C4870,Camino a San Carlos 6579,-31.491609,-64.168729,VILLA CORONEL OLMEDO
C4814,Avenida Bernardo O'higgins S/N,-31.541346,-64.168439,VILLA RIVADAVIA
C4810,Huascha 3096,-31.447973,-64.160687,JARDIN DEL PILAR
C4799,Luis de Góngora 1408,-31.380409,-64.19296,SARGENTO CABRAL
C4787,Florencio Sánchez 4102,-31.368332,-64.191876,MARQUES ANEXO
C4850,Tristán de Tejeda 731,-31.36366,-64.191093,MARQUES DE SOBREMONTE
C4838,Angel Gallardo 1898,-31.373901,-64.198861,SARGENTO CABRAL
C4828,Suquía 789,-31.386899,-64.195207,SAN MARTIN
C4827,Gobernador Julio Roca S/N,-31.432526367173278,-64.17160391807558,CRISOL SUD
C4646,Avenida Padre Claret 5888,-31.346183,-64.235719,LAS CORTADERAS
C4724,Manuel Cardeñosa 4600,-31.357027,-64.230473,LOS BOULEVARES
C9577,Avenida Madrid 2305,-31.43539623761108,-64.16875004768373,CRISOL SUD
C6097,Mariano Fragueíro 1515,-31.397703596643648,-64.18667994439602,SAN MARTIN
C6092,José Baigorri 747,-31.392255387894984,-64.18501362204552,SAN MARTIN
C2038,Avenida Malvinas Argentinas 2153,-31.39104,-64.14334,LOS PINOS
C2018,Celestino Vidal 2713,-31.37796,-64.1399,NUEVA ITALIA
C3124,Julio de Vedia 3876,-31.36488,-64.13815,PATRICIOS ESTE
C3106,Avenida Capdevila 2692,-31.37815,-64.1333,RESIDENCIAL SAN JORGE
C3092,Avenida Malvinas Argentinas 2485,-31.38976,-64.13755,LOS PINOS
C3086,Avenida Malvinas Argentinas 1915,-31.39181,-64.14626,LOS PINOS
C3076,Avenida Bulnes 2166,-31.39636,-64.16043,GENERAL PUEYRREDON
C3060,25 de Mayo 1359,-31.41368,-64.16555,YAPEYU
C3040,Avenida Julio A. Roca 1502,-31.42945,-64.21163,BELLA VISTA
C3002,Aviador Silvio Pettirossi 3431,-31.44771,-64.24811,ESTACION FLORES
C1328,Avenida Recta Martinoli 7487,-31.34767,-64.26595,LA SALLE
C1668,Avenida Zanon Eguia 9163,-31.34091,-64.29396,VILLA RIVERA INDARTE
C0566,Avenida Recta Martinoli 8929,-31.343136558045625,-64.28972840309144,LA SALLE
C4256,Avenida Cruz Roja Argentina 349,-31.443313,-64.193069,LAS FLORES
C1630,Avenida Ricardo Rojas 7567,-31.335045,-64.265272,VILLA 9 DE JULIO
C1610,Avenida Enrique Bodereau 8637,-31.323090032911427,-64.28862333297731,VILLA ALLENDE PARQUE
C1594,San Jerónimo 259-223,-31.31518910108295,-64.30421391019755,VILLA RIVERA INDARTE
C0596,Avenida Ricardo Rojas 7426,-31.336108732442103,-64.2629100009799,VILLA 9 DE JULIO
C4220,Avenida Ciudad De Valparaíso S/N,-31.438332,-64.1858,VILLA REVOL
C0624,Eva Perón 8936,-31.313211101082956,-64.29111691152254,VILLA ALLENDE PARQUE
C1590,James Franck 5482,-31.46473,-64.0823,ITUZAINGO ANEXO
C1572,Avenida Torcuato Wermuth 5000,-31.45938,-64.10182,LOS SAUCES
C1131,Avenida Amadeo Sabattini 5391,-31.455428,-64.111737,SAN LORENZO
C0448,Avenida Torcuato Wermuth 4908,-31.45873,-64.10176,LOS SAUCES
C9076,Avenida Madrid 2211,-31.433684,-64.168755,CRISOL SUD
C1508,Avenida Gobernador Amadeo Sabattini S/N,-31.4909,-64.07662,ITUZAINGO ANEXO
C1488,Cipriano Perelló 5097,-31.46692,-64.11376,FERREYRA
C1476,Piedra Labrada 7775,-31.325919,-64.268781,VILLA 9 DE JULIO
C0222,Cruz Alta 8390,-31.31466,-64.28262,VILLA ALLENDE PARQUE
C0204,Piedra Labrada 8350,-31.32549,-64.28182,VILLA ALLENDE PARQUE
C0174,Cipriano Perelló 4706,-31.46464,-64.11066,FERREYRA
C6257,Buenos Aires 724,-31.425006,-64.186538,GUEMES
C1412,Avenida La Cordillera 4517,-31.36089,-64.23254,LOS BOULEVARES
C0484,Juan Masjoan 5902,-31.34222,-64.243559,LAS CORTADERAS
C0316,José de Goyechea 3398,-31.37826,-64.22319,LAS MARGARITAS
C0302,José Ignacio De La Roza S/N,-31.44437145343748,-64.10932302474977,VILLA BUSTOS
C0352,Bulevar Los Alemanes 5940,-31.34328,-64.24523,LAS CORTADERAS
C0334,Avenida La Cordillera 4476,-31.36109872967296,-64.23181818457155,LOS BOULEVARES
C1094,Avenida Sabattini 1634,-31.43158,-64.16454,CRISOL SUD
C1264,Malalco 7459,-31.32387,-64.26594,VILLA 9 DE JULIO
C1285,Los Espinillos 5286,-31.461848001613895,-64.0996026992798,LOS SAUCES
C0414,Malalco 7399,-31.3236,-64.26536,VILLA 9 DE JULIO
C0392,Avenida Los Chañares 5339,-31.462498,-64.09701,LOS SAUCES
C0246,Cangallo 1928,-31.4323,-64.11924,EMPALME
C0696,Calingasta 5331,-31.440902,-64.116715,VILLA BUSTOS
C1676,Calingasta 5324,-31.441113,-64.117042,VILLA BUSTOS
C1222,Pascana 4100,-31.43026,-64.12771,ACOSTA
C1210,Avenida Tte. Gral. Donato Álvarez 7417,-31.33605,-64.26161,VILLA 9 DE JULIO
C1200,Avenida Donato Álvarez 8279,-31.32714,-64.267,VILLA 9 DE JULIO
C0158,Sergio Camargo 7599,-31.34033,-64.26716,LA SALLE
C0140,Avenida Rafael Núñez 6309,-31.34437000000001,-64.25167,ARGUELLO
C1350,Avenida Carlos Federico Gauss 5033,-31.36319,-64.25357,COLINAS DEL CERRO
C2044,Santiso y Moscoso 2558,-31.39325,-64.15202,GENERAL PUEYRREDON
C2022,Avenida Capdevila 2647,-31.37775,-64.13407,RESIDENCIAL SAN JORGE
C2006,Julio de Vedia 3577,-31.36961,-64.13824,PATRICIOS ESTE
C3112,Julio de Vedia 2964,-31.376,-64.13824,RESIDENCIAL SAN JORGE
C3068,Roma 1272,-31.402,-64.16767,GENERAL PUEYRREDON
C4019,Avenida Colón 87,-31.413465,-64.18413,URQUIZA
C3046,Río Negro 1105,-31.42259,-64.20909,CUPANI
C3028,Avenida Fuerza Aérea 3039,-31.43166,-64.23062,AMEGHINO NORTE
C3008,Aviador Silvio Pettirossi 2855,-31.44159,-64.24806,VILLA ADELA
C1354,Avenida Simón Laplace 5201,-31.36241,-64.25099,COLINAS DEL CERRO
C1332,Avenida Recta Martinoli 6965,-31.34805,-64.26033,LA SALLE
C1314,Avenida Recta Martinoli 8709,-31.34584,-64.28436,LA SALLE
C1654,Ricardo Santos 10498,-31.33461,-64.3098,VILLA RIVERA INDARTE
C0552,Avenida Recta Martinoli 8114,-31.347136,-64.273857,LA SALLE
C0546,Avenida Recta Martinoli 7280,-31.34775,-64.2638,LA SALLE
C0540,Avenida Recta Martinoli 6525,-31.34824,-64.25652,LA SALLE
C4074,Avenida Hipólito Yrigoyen 537,-31.42717,-64.18556,GUEMES
C1622,Avenida Ricardo Rojas 8753,-31.33758810729133,-64.28510427474977,LA SALLE
C0600,Avenida Ricardo Rojas 8134,-31.336005,-64.276538,LA SALLE
C4126,Bulevar Chacabuco 560,-31.423940547413803,-64.18292049318552,GUEMES
C0637,San Lorenzo 101,-31.315794,-64.306911,VILLA RIVERA INDARTE
C1554,Delfín Huerco S/N,-31.45078,-64.11219,SAN LORENZO
C0452,Eduardo Baravalle 6068,-31.45515,-64.10344,SAN LORENZO
C0436,Alberto Michelson 7450,-31.46217,-64.08437,ITUZAINGO ANEXO
C0646,Córdoba S/N,-31.48994,-64.08396,ITUZAINGO ANEXO
p11_ida,Avenida Emilio Olmos 434,-31.415496,-64.177364,URQUIZA
C1466,Piedra Labrada 8353,-31.325509588675217,-64.28158521652223,VILLA ALLENDE PARQUE
C0206,Molleyaco 8300,-31.324357,-64.281216,VILLA ALLENDE PARQUE
C0180,Avenida General Manuel Savio 6338,-31.46151,-64.11228,FERREYRA
C1418,Avenida La Cordillera 4043,-31.36325,-64.22713,LOS BOULEVARES
C0322,Bulevar Los Granaderos 3400,-31.37147,-64.2218,LAS MARGARITAS
C0312,Avenida Cangallo 2896,-31.44277,-64.11865,VILLA BUSTOS
C1180,Avenida Donato Álvarez 9241,-31.31861389000001,-64.27306667,VILLA CORNU
C0192,Avenida Donato Álvarez 8002,-31.32978,-64.26509,VILLA 9 DE JULIO
C1600,Eva Perón 9401,-31.313214690795128,-64.29549112915993,VILLA ALLENDE PARQUE
C0372,Julio Tristany 8346,-31.326018237374136,-64.2520594596863,ARGUELLO
C1394,Bulevar Los Alemanes 5817,-31.34337,-64.24331,LAS CORTADERAS
C1370,Eugenio Pizzolatto 6829,-31.32285,-64.25559,MERCANTIL
C0360,Martín Fermín 7847,-31.33245,-64.24636,CERRITO AUTODROMO
C1106,Avenida Sabattini 3058,-31.43343,-64.14802,JARDIN DEL PILAR
C1268,Valerio Beta 7421,-31.32566,-64.26404,VILLA 9 DE JULIO
C1287,Los Algarrobos 6488,-31.461564,-64.097714,LOS SAUCES
C0416,Malalco 7225,-31.32259,-64.26339,MERCANTIL
C0186,Avenida Donato Álvarez 7380,-31.33638,-64.2607,ARGUELLO
C0270,Avenida Donato Álvarez 8630,-31.32376,-64.26927,VILLA 9 DE JULIO
C0260,Pascana 4142,-31.43111,-64.12915,ACOSTA
C0678,Calingasta 5414,-31.441163,-64.114317,VILLA BUSTOS
C0694,Ancastí 5399,-31.439154,-64.11678,VILLA BUSTOS
C0286,Coligüe 9288,-31.318614,-64.2715,VILLA CORNU
C1230,Callao 1882,-31.43150106520535,-64.12048101425172,EMPALME
C1112,Centeno 3772,-31.43226,-64.13721,ACOSTA
C1170,Avenida Donato Álvarez 10099,-31.3086,-64.28069,VILLA ALLENDE PARQUE
C0156,José María Morelos 7600,-31.34181,-64.26706,LA SALLE
C0146,Avenida Ricardo Rojas 7304,-31.33838,-64.25994,ARGUELLO
C0088,Avenida Castro Barros 958,-31.39686,-64.19981,SAN MARTIN
C1374,Julio Tristany 8339,-31.326118191102804,-64.25215736031532,ARGUELLO
MA-00000546,De la Industria 896,-31.442728426186925,-64.18280482292177,VILLA REVOL
C2046,Avenida Juan XXIII 1204,-31.39443,-64.15576,GENERAL PUEYRREDON
C2014,Celestino Vidal 3015,-31.37533,-64.1399,NUEVA ITALIA
C3120,Julio de Vedia 3678,-31.36769,-64.13816,PATRICIOS ESTE
C3110,Julio de Vedia 2794,-31.37785,-64.13825,NUEVA ITALIA
C3054,Avenida 24 de Septiembre 743,-31.41546209797201,-64.17270999401808,URQUIZA
C3052,Avenida Pueyrredón 1019,-31.42455,-64.20242,CUPANI
C3014,Aviador Silvio Pettirossi 2295,-31.43582,-64.24798,VILLA ADELA
C1340,Avenida Carlos Federico Gauss 5987,-31.35246,-64.24928,COLINAS DEL CERRO
C1318,Avenida Recta Martinoli 8333,-31.34691,-64.27829,LA SALLE
C1660,Avenida Zanon Eguia 9915,-31.33581,-64.30278,VILLA RIVERA INDARTE
C0560,Avenida Recta Martinoli 8714,-31.34592,-64.28398,LA SALLE
C4096,Humberto Primo 871,-31.40686,-64.19273,URQUIZA
C1628,Avenida Ricardo Rojas 8053,-31.33480688624588,-64.27261590957643,VILLA 9 DE JULIO
C1608,Avenida Enrique Bodereau 8867,-31.319799703900483,-64.28848385810853,VILLA ALLENDE PARQUE
C0608,Agrimensor Enrique Bodereau 7538,-31.333759,-64.288063,VILLA RIVERA INDARTE
C0592,Ducasse 886,-31.40386403884156,-64.19209063053133,SAN MARTIN
C4212,Maestro Marcelo López 3512,-31.4401,-64.19277,LAS FLORES
C0626,Eva Perón 9234,-31.313118101082956,-64.29426991158482,VILLA ALLENDE PARQUE
C1588,James Franck 5302,-31.46278,-64.08229,ITUZAINGO ANEXO
C1564,Augusto Fernando Marzano 4631,-31.45279,-64.10387,SAN LORENZO
C0470,Manuel Leiva 5540,-31.45289,-64.11006,SAN LORENZO
C0444,A Capilla De Los Remedios 6825,-31.45837,-64.09339,LOS SAUCES
C1512,Córdoba S/N,-31.48991,-64.081,ITUZAINGO ANEXO
C9491,Agustín Gamarra 5749,-31.463189,-64.110525,FERREYRA
C1470,Piedra Labrada 8189,-31.325701,-64.27747,VILLA 9 DE JULIO
C1452,Cruz Alta 8189,-31.3156,-64.27898,VILLA ALLENDE PARQUE
C0212,Molleyaco 8000,-31.321303,-64.275254,VILLA 9 DE JULIO
C0188,Avenida Donato Álvarez 7612,-31.333844665427883,-64.26223039627077,VILLA 9 DE JULIO
C1438,Calingasta 5314,-31.44113113809626,-64.11736965179445,VILLA BUSTOS
C1424,Rodríguez del Busto 3627,-31.36852,-64.22117,LAS MARGARITAS
C3034,Avenida Fuerza Aérea 2449,-31.43093,-64.22036,ROSEDAL ANEXO
C0319,Avenida Amadeo Sabattini 5077,-31.447479,-64.12062,VILLA BUSTOS
C0306,Calingasta 5812,-31.44164373781403,-64.11078214645387,VILLA BUSTOS
C0330,Bernardo Capdevila 4101,-31.36304,-64.22738,LOS BOULEVARES
C1274,José Massetti 8164,-31.32818,-64.26113,ARGUELLO
C0344,Miguel Potel Junot 6576,-31.34663,-64.24324,LAS CORTADERAS
C0356,Martín Fermín 7482,-31.33577,-64.24651,CERRITO AUTODROMO
C0112,Avenida Rafael Núñez 3678,-31.37646,-64.2261,LAS MARGARITAS
C0364,Oscar Cabalén 6382,-31.32926,-64.24834,CERRITO AUTODROMO
C0214,Molleyaco 7799,-31.32012222,-64.27312778,VILLA CORNU
C1402,García Voglino 5700,-31.347898411884227,-64.2443149164319,LAS CORTADERAS
C1388,Martín Fermín 7692,-31.333753024836867,-64.24646437168123,CERRITO AUTODROMO
C0130,Avenida Rafael Núñez 4818,-31.36024,-64.23848,COLINAS DEL CERRO
C1254,Eugenio Pizzolatto 7006,-31.32191,-64.25813,MERCANTIL
C0424,Eugenio Pizzolatto 6900,-31.32231,-64.25704,MERCANTIL
C0406,Italo Bizio 7252,-31.32648,-64.26019,ARGUELLO
C0280,Tabacué 9199,-31.31632,-64.26728,VILLA CORNU
C0266,Punilla 2200,-31.43221,-64.13381,ACOSTA
C0686,Tinogasta 5802,-31.437524553680205,-64.11112546920778,VILLA BUSTOS
C0242,Pedro Medrano 5082,-31.43532,-64.12056,EMPALME
C0292,Avenida Donato Álvarez 9956,-31.31002000000001,-64.27896,VILLA ALLENDE PARQUE
C1672,Fiambala 4799,-31.43887,-64.124633,EMPALME
C1228,Junín 5092,-31.42977799481701,-64.12064965814352,EMPALME
C1064,Avenida Caraffa 2739,-31.387,-64.21557,LAS MARGARITAS
C1198,Avenida Donato Álvarez 8447,-31.32515,-64.26843,VILLA 9 DE JULIO
C0166,Viracocha 6719,-31.342889,-64.273499,LA SALLE
C0118,Avenida Rafael Núñez 3932,-31.37224,-64.2298,LAS MARGARITAS
C4236,Avenida Cruz Roja Argentina S/N,-31.44192320645676,-64.19390212744474,LAS FLORES
C1243,Pérez Amuchastegui 9203,-31.313012464314955,-64.26093757152559,COOPERATIVA 16 DE NOVIEMBRE
C2042,Avenida Malvinas Argentinas 1647,-31.39247,-64.14951,LOS PINOS
C2020,Avenida Capdevila 2520,-31.37817,-64.13675,RESIDENCIAL SAN JORGE
C2002,Julio de Vedia 3779,-31.36653,-64.13818,PATRICIOS ESTE
MA-00000300,Avenida Doctor Arturo Capdevila 2569,-31.377931762147803,-64.13608074188234,RESIDENCIAL SAN JORGE
C3032,Avenida Fuerza Aérea 2703,-31.43122,-64.22453,ROSEDAL ANEXO
C3012,Aviador Silvio Pettirossi 2416,-31.43696,-64.24804,VILLA ADELA
C1362,Avenida Simón Laplace 5758,-31.35837,-64.24217,COLINAS DEL CERRO
C1338,Avenida Recta Martinoli 5943,-31.35027,-64.25129,LA SALLE
C1320,Avenida Recta Martinoli 8181,-31.347061,-64.275705,LA SALLE
C1662,Avenida Zanon Eguia 9703,-31.33752000000001,-64.29996,VILLA RIVERA INDARTE
C0558,Avenida Recta Martinoli 8504,-31.34665,-64.28124,LA SALLE
C4234,Maestro Marcelo López 3524,-31.43975,-64.19267,LAS FLORES
C1626,Avenida Ricardo Rojas 8233,-31.336227289471957,-64.27625298500062,LA SALLE
C0606,Avenida Ricardo Rojas 8908,-31.336202,-64.288082,VILLA RIVERA INDARTE
C4112,Mitre 501,-31.40728,-64.188118,URQUIZA
C4206,Avenida Cruz Roja Argentina 518,-31.44273,-64.18914,LAS FLORES
C0622,Cruz Alta 8685,-31.313744101082943,-64.28803991116553,VILLA ALLENDE PARQUE
C0610,Agrimensor Enrique Bodereau 7952,-31.33054898457461,-64.28808890283108,VILLA RIVERA INDARTE
C1576,Santa Bárbara S/N,-31.45848,-64.0955,LOS SAUCES
C1135,Martín Zapata 4507,-31.453058,-64.109774,SAN LORENZO
C0454,Augusto Fernando Marzano 4632,-31.45286,-64.10384,SAN LORENZO
C0432,James Franck 5311,-31.4629,-64.08223,ITUZAINGO ANEXO
C0644,Córdoba S/N,-31.4899,-64.08625,ITUZAINGO ANEXO
C1490,Cipriano Perelló 5316,-31.468556,-64.115971,FERREYRA
C1464,Piedra Labrada 8400,-31.325194,-64.282664,VILLA ALLENDE PARQUE
C1444,Lancun 8532,-31.310455092553106,-64.28471803665163,VILLA ALLENDE PARQUE
C0202,Piedra Labrada 8185,-31.32556,-64.27887,VILLA 9 DE JULIO
C0178,Agustín Gamarra 5729,-31.46303,-64.11071,FERREYRA
C1414,Avenida La Cordillera 4265,-31.36218,-64.22959,LOS BOULEVARES
C1372,Eugenio Pizzolatto 6659,-31.32374533540417,-64.25311088562013,ARGUELLO
C0320,Curapaligüe 3377,-31.37336,-64.2222,LAS MARGARITAS
C0315,Avenida Cangallo 3040,-31.444454,-64.118711,VILLA BUSTOS
C1102,Navarra 2600,-31.43322,-64.15304,JARDIN DEL PILAR
C1266,Malalco 7501,-31.32536,-64.26563,VILLA 9 DE JULIO
C1286,Avenida Los Chañares 5332,-31.462369,-64.097181,LOS SAUCES
C0418,Malalco 7101,-31.32186,-64.26199,MERCANTIL
C1182,Arrayan 9133,-31.32031944,-64.27450833,VILLA CORNU
C0098,Avenida Caraffa 2264,-31.388804,-64.209579,VILLA PAEZ
C0342,Belisario Caraffa 5674,-31.34812,-64.2446,LAS CORTADERAS
C0084,Avenida Castro Barros 481,-31.400904,-64.19656,SAN MARTIN
C0358,Martín Fermín 7675,-31.33386,-64.24635,CERRITO AUTODROMO
C1606,Avenida Enrique Bodereau 9205,-31.316169840404875,-64.28835343569517,VILLA ALLENDE PARQUE
C0078,Avenida Gobernador Amadeo Sabattini S/N,-31.42774,-64.17155,CRISOL SUD
C0134,Avenida Rafael Núñez 5476,-31.35363,-64.245,LAS CORTADERAS
C0187,Avenida Donato Álvarez 7623,-31.333666,-64.262386,VILLA 9 DE JULIO
C0272,Chaquira 7590,-31.32173999999999,-64.26971,VILLA 9 DE JULIO
C0262,Pascana 4020,-31.43004,-64.13026,ACOSTA
C0250,Junín 5020,-31.42975,-64.12149,EMPALME
MA-00000215,Calingasta 5263,-31.44099841092664,-64.11813139915468,VILLA BUSTOS
C0284,Cauque 7458,-31.31784,-64.27027,VILLA CORNU
C1232,Cangallo 1960,-31.43253,-64.11927,EMPALME
C1216,Avenida Ricardo Rojas 6778,-31.34107,-64.25465,ARGUELLO
C1196,Tipayante 7593,-31.32271,-64.26913,VILLA 9 DE JULIO
C1178,Avenida Donato Álvarez 9557,-31.31479167000001,-64.27574722,VILLA CORNU
C0164,Viracocha 6974,-31.340761,-64.27318,LA SALLE
C0148,Heriberto Martínez 7349,-31.336908,-64.262643,VILLA 9 DE JULIO
C0104,Avenida Caraffa 2888,-31.38626,-64.21765,LAS MARGARITAS
C0072,Avenida Sabattini 1673,-31.4326,-64.16209,CRISOL SUD
C0042,Avenida Amadeo Sabattini 5023,-31.44669,-64.12165,VILLA BUSTOS
C0388,Dirección desconocida,-31.314579851396896,-64.25409793853761,MERCANTIL
C4026,Avenida Emilio Olmos 471,-31.41559,-64.17708,URQUIZA
C2030,Avenida Malvinas Argentinas 2647,-31.38936,-64.13602,LOS PINOS
C2012,Celestino Vidal 3157,-31.37348,-64.13986,RESIDENCIAL SAN JORGE
C3118,Julio de Vedia 3532,-31.36988,-64.1382,PATRICIOS ESTE
C3098,Alsina 2018,-31.38546,-64.13336,YOFRE NORTE
C3090,Avenida Malvinas Argentinas 2345,-31.39033999999999,-64.13997,LOS PINOS
C3084,Puerto de Palos 2700,-31.3927,-64.15003,GENERAL PUEYRREDON
C3074,Avenida Bulnes 1896,-31.39756,-64.16417,GENERAL PUEYRREDON
C3058,Avenida 24 de Septiembre 1118,-31.41441,-64.16817,YAPEYU
C3038,Avenida Fuerza Aérea 1781,-31.430571589529126,-64.21427819877863,BELLA VISTA
C3018,Avenida Fuerza Aérea 4599,-31.43272,-64.2467,VILLA ADELA
C1344,Avenida Carlos Federico Gauss 5711,-31.35599,-64.25072,COLINAS DEL CERRO
C1326,Avenida Recta Martinoli 7753,-31.34751,-64.26821,LA SALLE
C1664,Avenida Zanon Eguia 9513,-31.33836,-64.29742,VILLA RIVERA INDARTE
C0564,Avenida Recta Martinoli 8860,-31.34385,-64.28772,LA SALLE
C0604,Avenida Ricardo Rojas 8752,-31.337313196186813,-64.28505063056947,LA SALLE
C4108,Jujuy 40,-31.41367,-64.19059,URQUIZA
C0635,San Lorenzo 199,-31.316358,-64.305285,VILLA RIVERA INDARTE
C1578,A Capilla De Los Remedios 6799,-31.4584,-64.0936,LOS SAUCES
C0446,A Capilla De Los Remedios 6713,-31.45839,-64.09515,LOS SAUCES
C1516,Cumbres de Gaspar,-31.48984610108295,-64.08618679268416,ITUZAINGO ANEXO
C1484,Cipriano Perelló 4736,-31.46475,-64.11083,FERREYRA
C1474,Piedra Labrada 7883,-31.325871,-64.270949,VILLA 9 DE JULIO
C0198,Piedra Labrada 7894,-31.325666,-64.271141,VILLA 9 DE JULIO
C0168,Juan Ramón Rojas 5301,-31.469206,-64.11519,FERREYRA
C1426,Alfredo Guido 2782,-31.37097,-64.22171,LAS MARGARITAS
C1390,Martín Fermín 7546,-31.33518,-64.24655,CERRITO AUTODROMO
C0313,Calingasta 5307,-31.44103044853652,-64.11760568618776,VILLA BUSTOS
c0381,Onofre Marimón 6765,-31.32062,-64.255,MERCANTIL
C0332,Avenida La Cordillera 4274,-31.36195,-64.22991,LOS BOULEVARES
C1258,Eugenio Pizzolatto 7199,-31.32137,-64.26108,MERCANTIL
C0396,A Capilla De Los Remedios 6235,-31.46014,-64.10122,LOS SAUCES
C0190,Avenida Donato Álvarez 7793,-31.33205,-64.26284,VILLA 9 DE JULIO
C0252,Junín 4866,-31.42975,-64.12377,EMPALME
C0240,Pedro Medrano 4916,-31.43536,-64.12288,EMPALME
C0290,Avenida Donato Álvarez 9774,-31.31220833,-64.27732778,VILLA ALLENDE PARQUE
C4020,Avenida Emilio Olmos 241,-31.41466,-64.17967,URQUIZA
C1456,Pehuanches 9108,-31.32152737009949,-64.27621543407442,VILLA 9 DE JULIO
C0218,Cruz Alta 8008,-31.31622222,-64.27524444,VILLA CORNU
C0350,Bulevar Los Alemanes 5817,-31.34332,-64.24288,LAS CORTADERAS
C1404,Avenida Rafael Núñez 5712,-31.351,-64.24716,LAS CORTADERAS
C0128,Avenida Rafael Núñez 4644,-31.363,-64.23692,COLINAS DEL CERRO
C0082,Avenida Castro Barros 26,-31.40506,-64.19398,URQUIZA
C1250,Onofre Marimón 6850,-31.32116,-64.25644,MERCANTIL
C1240,Ramos Mejía 2452,-31.43703,-64.12347,EMPALME
C1223,Sacanta 1907,-31.431318,-64.129134,ACOSTA
C1208,Avenida Donato Álvarez 7653,-31.33307,-64.2623,VILLA 9 DE JULIO
C1190,Tabacué 8937,-31.31815,-64.26598,VILLA CORNU
C1168,Presidente Perón 8479,-31.30845,-64.28235,VILLA ALLENDE PARQUE
C0154,José María Morelos 7448,-31.34181,-64.26539,LA SALLE
C0138,Avenida Rafael Núñez 5982,-31.34784,-64.24951,CERRITO AUTODROMO
C0048,Avenida Amadeo Sabattini 4319,-31.43673,-64.12935,EMPALME
C0028,Sánchez De Loria 5082,-31.45982,-64.10828,FERREYRA
C4014,Avenida Colón 422,-31.41183,-64.18932,URQUIZA
C1276,José Massetti 8065,-31.329500803285168,-64.2618552222848,ARGUELLO
C0404,José Massetti 8173,-31.32821776767645,-64.26118232309818,ARGUELLO
C2034,Jacinto de Altoaguirre 1709,-31.38805,-64.1341,YOFRE NORTE
C2010,Tomás de Rocamora 2299,-31.37162,-64.13986,PATRICIOS ESTE
C3114,Julio de Vedia 3132,-31.37406,-64.13822,RESIDENCIAL SAN JORGE
C3096,Alsina 1743,-31.38802,-64.13338,YOFRE NORTE
C3066,Roma 1002,-31.40467,-64.16667,GENERAL PUEYRREDON
C3042,Río Negro 1377,-31.427263,-64.210226,CUPANI
C3024,Avenida Fuerza Aérea 3773,-31.43216,-64.23805,AMEGHINO NORTE
C3004,Aviador Silvio Pettirossi 3229,-31.44615,-64.24813,ESTACION FLORES
C1348,Avenida Carlos Federico Gauss 5311,-31.36048,-64.25252,COLINAS DEL CERRO
C1324,Avenida Recta Martinoli 7937,-31.34737000000001,-64.27111,LA SALLE
C1666,Bulevar Chacabuco 590,-31.33931,-64.29611,VILLA RIVERA INDARTE
C0562,Avenida Recta Martinoli 8818,-31.3446,-64.28637,LA SALLE
C4080,Chile 399,-31.431462,-64.184428,GUEMES
C0598,Avenida Ricardo Rojas 7954,-31.334622,-64.272463,VILLA 9 DE JULIO
C4122,Bulevar Chacabuco 830,-31.42722,-64.1843,GUEMES
C0632,San Jerónimo 246,-31.315243,-64.304277,VILLA RIVERA INDARTE
C4088,Bulevar Arturo Illia 531,-31.422584413223003,-64.17884353548288,GUEMES
C0616,Avenida Enrique Bodereau 8644,-31.323091,-64.288455,VILLA ALLENDE PARQUE
C1579,José Méndez 5001,-31.45837,-64.091556,LOS SAUCES
C1558,Tulumba S/N,-31.44992,-64.1097,SAN LORENZO
C0460,Avellaneda 345,-31.45004,-64.10794,SAN LORENZO
C0438,William Bragg 5166,-31.46069,-64.0849,ITUZAINGO ANEXO
C1478,Avenida General Manuel Savio 6328,-31.46097,-64.11284,FERREYRA
C0210,Molleyaco 8085,-31.32238,-64.277364,VILLA 9 DE JULIO
C1440,Calingasta 5780,-31.44114944527732,-64.11141514778139,VILLA BUSTOS
C1422,Avenida La Cordillera 3443,-31.36562,-64.22161,LAS MARGARITAS
C1384,Oscar Cabalén 6318,-31.32929,-64.24726,CERRITO AUTODROMO
C0324,Rodríguez del Busto 3883,-31.36767,-64.22085,LAS MARGARITAS
C0317,Avenida Cangallo 3118,-31.445707822044383,-64.11877512931825,VILLA BUSTOS
C0310,Calingasta 5619,-31.44100298772872,-64.11394715309144,VILLA BUSTOS
C0328,Avenida La Cordillera 3762,-31.3642,-64.22474,LAS MARGARITAS
C1272,Italo Bizio 7252,-31.32642610108295,-64.26016690266783,ARGUELLO
C1256,Eugenio Pizzolatto 7120,-31.32138,-64.25965,MERCANTIL
C0422,Eugenio Pizzolatto 7041,-31.32178,-64.25858,MERCANTIL
C0402,José Massetti 8092,-31.32939,-64.26168,ARGUELLO
C0276,Chaquira 7205,-31.31963,-64.26557,COOPERATIVA 16 DE NOVIEMBRE
C0264,Punilla 2100,-31.43093,-64.13208,ACOSTA
C0688,Tinogasta 5709,-31.437181,-64.11208,VILLA BUSTOS
C0236,Fiambala 4899,-31.43859,-64.1234,EMPALME
C0288,Avenida Donato Álvarez 9600,-31.31428056,-64.27587222,VILLA CORNU
C1234,Cangallo 2117,-31.43442,-64.11924,EMPALME
C1472,Piedra Labrada 7996,-31.325679138546896,-64.2735278606415,VILLA 9 DE JULIO
C1400,Miguel Potel Junot 6562,-31.34675,-64.24344,LAS CORTADERAS
C0348,Bulevar Los Alemanes 5761,-31.34368,-64.24188,LAS CORTADERAS
C0096,Avenida Caraffa 2064,-31.38968,-64.20693,VILLA PAEZ
C0090,Avenida Castro Barros 1289,-31.393696,-64.202146,SAN MARTIN
C0120,Avenida Rafael Núñez 4072,-31.37099,-64.2309,COLINAS DEL CERRO
C1111,Ucacha 2200,-31.433543,-64.133399,ACOSTA
C1618,Avenida Enrique Bodereau S/N,-31.33459754678029,-64.28820826113224,VILLA RIVERA INDARTE
C1206,Avenida Donato Álvarez 7787,-31.33196,-64.26314,VILLA 9 DE JULIO
C1184,Cauque 7548,-31.31829,-64.27112,VILLA CORNU
C1166,Presidente Perón 8559,-31.30777000000001,-64.28509,VILLA ALLENDE PARQUE
C0152,Heriberto Martínez 6809,-31.3416,-64.26378,LA SALLE
C4118,Mariano Fragueíro 239,-31.4105,-64.19245,URQUIZA
C0036,Avenida Amadeo Sabattini 5351,-31.45382,-64.11442,SAN LORENZO
C0016,Av. Vucetich 6743-6659,-31.46499,-64.09441,LOS SAUCES
C2024,Jacinto de Altoaguirre 2525,-31.38009,-64.13408,RESIDENCIAL SAN JORGE
C2004,Julio de Vedia 3685,-31.36797,-64.13816,PATRICIOS ESTE
C3102,Alsina 2342,-31.38197,-64.13334,YOFRE NORTE
C3080,Abad e Illana 2400,-31.39442,-64.15544,GENERAL PUEYRREDON
C3070,Roma 1448,-31.40008,-64.16839,GENERAL PUEYRREDON
C4022,Avenida Emilio Olmos 236,-31.41467352573949,-64.17997241020204,URQUIZA
C3048,Avenida Pueyrredón 1449,-31.42165,-64.20742,CUPANI
C3010,Aviador Silvio Pettirossi 2623,-31.43926,-64.24806,VILLA ADELA
C1356,Avenida Simón Laplace 5385,-31.36122,-64.24866,COLINAS DEL CERRO
C1334,Avenida Recta Martinoli 6676,-31.34828,-64.25691,LA SALLE
C1312,Avenida Recta Martinoli 8819,-31.3445,-64.28675,LA SALLE
C1670,Manuel de Falla 6801,-31.34112064351108,-64.29111778736115,VILLA RIVERA INDARTE
C4036,Avenida General Paz 19,-31.414886692689773,-64.18665647506714,URQUIZA
C0597,Avenida Ricardo Rojas 7706,-31.334935,-64.267337,VILLA 9 DE JULIO
C4222,Avenida Ciudad De Valparaíso S/N,-31.43554,-64.185161,GUEMES
C0630,San Jerónimo,-31.314617101082952,-64.30087491058073,VILLA RIVERA INDARTE
MA-00000572,Avenida Enrique Bodereau 8302,-31.326567168471588,-64.28846783758198,VILLA RIVERA INDARTE
C1580,A Capilla De Los Remedios 7216,-31.45837,-64.08786,ITUZAINGO ANEXO
C1560,Avenida Castro Barros 958,-31.44995,-64.10804,SAN LORENZO
C0471,Delfín Huerco 4464,-31.45235276919891,-64.11181211471559,SAN LORENZO
C0394,A Capilla De Los Remedios 6495,-31.45934000000001,-64.09859,LOS SAUCES
C1506,Avenida Gdor. Amadeo Sabattini S/N,-31.48855,-64.07882,ITUZAINGO ANEXO
C1496,Manzana 44 Casa 5,-31.47742,-64.08625,ITUZAINGO ANEXO
C4200,Paraná 118,-31.41935221433646,-64.1780197620392,URQUIZA
C1458,Molleyaco 8099,-31.32245,-64.27771,VILLA 9 DE JULIO
C0220,Lighen 9500,-31.31576,-64.27828,VILLA ALLENDE PARQUE
C0200,Piedra Labrada 8078,-31.325558,-64.275326,VILLA 9 DE JULIO
C0170,Cipriano Perelló 5114,-31.46722,-64.11406,FERREYRA
C1428,Curapaligüe 3399,-31.37238,-64.22202,LAS MARGARITAS
C1406,Avenida Rafael Núñez 5120,-31.35682530757101,-64.24160957336427,COLINAS DEL CERRO
C1392,Juan Gálvez 7348,-31.33687791862872,-64.2457938194275,CERRITO AUTODROMO
C0311,José Ignacio De La Roza S/N,-31.442019,-64.109226,VILLA BUSTOS
C0488,Domingo Selva 5998,-31.34058,-64.24365,LAS CORTADERAS
C0336,Avenida La Cordillera 4678,-31.35992,-64.23463,LOS BOULEVARES
C1260,Malalco 7146,-31.32212,-64.26251,MERCANTIL
C1280,A Capilla De Los Remedios 5941,-31.460557621734782,-64.10480618476869,FERREYRA
C0408,Valerio Beta 7147,-31.32555,-64.26023,ARGUELLO
C0398,Pedro Vargas S/N,-31.460408,-64.105155,FERREYRA
C0194,Avenida Donato Álvarez 8268,-31.32733,-64.26674,VILLA 9 DE JULIO
C0680,Calingasta 5772,-31.441136,-64.111528,VILLA BUSTOS
C0692,Tinogasta 5405,-31.437259,-64.116608,VILLA BUSTOS
C0230,Presidente Perón 8544,-31.30788,-64.28432,VILLA ALLENDE PARQUE
C1674,Fiambala 4893,-31.438962,-64.123523,EMPALME
C1224,Junín 4652,-31.42981,-64.12561,EMPALME
C1214,Avenida Donato Álvarez 7243,-31.3386,-64.25735,ARGUELLO
C1092,Huelva 1451,-31.430805318198026,-64.16747331619264,CRISOL SUD
C0370,Oscar Cabalén 6594,-31.329277577424943,-64.25188043172966,ARGUELLO
C0132,Avenida Rafael Núñez 5200,-31.35588,-64.24259,COLINAS DEL CERRO
C0100,Avenida Caraffa 2578,-31.38763,-64.21334,LAS MARGARITAS
C0378,Eugenio Pizzolatto 6880,-31.32247,-64.25652,MERCANTIL
C0116,Avenida Rafael Núñez 3901,-31.37369,-64.22853,LAS MARGARITAS
C1192,Chaquira 7200,-31.31942,-64.26521,COOPERATIVA 16 DE NOVIEMBRE
C1176,Avenida Donato Álvarez 9689,-31.31318611,-64.276875,VILLA ALLENDE PARQUE
C1616,Avenida Enrique Bodereau S/N,-31.331452530389097,-64.28824815899134,VILLA RIVERA INDARTE
C0162,José León Sandoval 7992,-31.340743,-64.271859,LA SALLE
C0144,Avenida Ricardo Rojas 6984,-31.34039,-64.25656,ARGUELLO
C0122,Avenida Rafael Núñez 4229,-31.36906,-64.23251,COLINAS DEL CERRO
C1366,Peña S/N,-31.318301145477516,-64.2547631263733,MERCANTIL
C4242,Avenida Cruz Roja Argentina 501,-31.44293,-64.18985,LAS FLORES
C3030,Avenida Fuerza Aérea 2817,-31.431354592580263,-64.22616876661777,ROSEDAL ANEXO
C2026,Jacinto de Altoaguirre 2305,-31.38197,-64.13408,YOFRE NORTE
C3122,Julio de Vedia 3792,-31.36611,-64.13816,PATRICIOS ESTE
C3100,Alsina 2161,-31.38386,-64.13335,YOFRE NORTE
C3062,Roma 402,-31.41085,-64.16437,GENERAL PUEYRREDON
C2084,Avenida Fuerza Aérea 1848,-31.43038,-64.21456,BELLA VISTA
C3020,Avenida Fuerza Aérea Argentina 4311,-31.43257,-64.2443,VILLA ADELA
C4008,Avenida Colón 754,-31.41063,-64.19325,URQUIZA
C1342,Avenida Carlos Federico Gauss 5807,-31.35466,-64.25017,COLINAS DEL CERRO
C1322,Avenida Recta Martinoli 8107,-31.347178,-64.273731,LA SALLE
C1658,Avenida Zanon Eguia 10159,-31.3339,-64.30591,VILLA RIVERA INDARTE
C0556,Avenida Recta Martinoli 8338,-31.34683,-64.27832,LA SALLE
C4072,Avenida Hipólito Yrigoyen 368,-31.42445,-64.18679,GUEMES
C1614,Agrimensor Enrique Bodereau 8081,-31.32930834905877,-64.28821563720705,VILLA RIVERA INDARTE
C1596,San Jerónimo 541,-31.314671,-64.300938,VILLA RIVERA INDARTE
C0594,Ducasse 1062,-31.403731,-64.194218,SAN MARTIN
C0620,Avenida Enrique Bodereau 9172,-31.31664010108295,-64.28810090922549,VILLA ALLENDE PARQUE
C1581,A Capilla De Los Remedios 7351,-31.458567,-64.086058,ITUZAINGO ANEXO
C1569,Eduardo Baravalle 6200,-31.455382,-64.101877,SAN LORENZO
C0469,Avenida Amadeo Sabattini 5395,-31.455931,-64.111887,SAN LORENZO
C0440,William Bragg 5102,-31.45882,-64.08491,ITUZAINGO ANEXO
C0648,Avenida Gdor. Amadeo Sabattini S/N,-31.48995,-64.07923,ITUZAINGO ANEXO
C1514,Córdoba S/N,-31.48991,-64.08339,ITUZAINGO ANEXO
C1137,Avenida General Manuel Savio 6309,-31.460310525686893,-64.11304056644441,FERREYRA
C1468,Piedra Labrada 8273,-31.325584,-64.279925,VILLA 9 DE JULIO
C1450,Cruz Alta 8315,-31.315,-64.28142,VILLA ALLENDE PARQUE
C0208,Molleyaco 8113,-31.323477,-64.279517,VILLA ALLENDE PARQUE
C0181,Avenida General Manuel Savio 6402,-31.460429497939494,-64.11121129989625,FERREYRA
C1439,Avenida Cangallo 2969,-31.443721568665325,-64.11856055259706,VILLA BUSTOS
C1420,Avenida La Cordillera 3719,-31.36456,-64.22409,LAS MARGARITAS
C1378,Julio Tristany 8112,-31.328971266824173,-64.25207823514938,ARGUELLO
C4750,Octavio Suárez 7893,-31.33174607351751,-64.24677550792696,CERRITO AUTODROMO
C1278,Juan Manuel Fangio 7975,-31.33045,-64.26232,ARGUELLO
C0274,Chaquira 7327,-31.3204,-64.26711,VILLA CORNU
C0258,Tancacha 1892,-31.43201,-64.12793,EMPALME
C0690,Tinogasta 5561,-31.437213,-64.114264,VILLA BUSTOS
C0294,Avenida Donato Álvarez 10095,-31.3084,-64.28034,VILLA ALLENDE PARQUE
C1236,Pedro Medrano 5134,-31.43530000000001,-64.12004,EMPALME
C1218,Punilla 2200,-31.43273,-64.13439,ACOSTA
C1188,Tabacué 9176,-31.31652,-64.2671,VILLA CORNU
C0150,Heriberto Martínez 7113,-31.33871,-64.26311,VILLA 9 DE JULIO
C0136,Avenida Rafael Núñez 5718,-31.35105,-64.247629,LAS CORTADERAS
c0032,Avenida Amadeo Sabattini 5427,-31.456675507324768,-64.11134909838437,SAN LORENZO
C0012,Av. Vucetich 7123,-31.46503,-64.08891,ITUZAINGO ANEXO
C1158,Av. Vucetich 7414-7498,-31.46497610108295,-64.08393680947988,ITUZAINGO ANEXO
C1138,Avenida Amadeo Sabattini 5810,-31.46172,-64.10642,FERREYRA
MA-00000487,Avenida Caraffa 2724,-31.386937117930117,-64.2154963390486,LAS MARGARITAS
C0340,Francisco de Olea 5703,-31.35044,-64.24668,LAS CORTADERAS
C0544,Avenida Recta Martinoli 7056,-31.347892112537483,-64.26140427589418,LA SALLE
C0094,Avenida Caraffa 1892,-31.3905,-64.20425,VILLA PAEZ
C1398,Horacio Elkin 5701,-31.34525,-64.24202,LAS CORTADERAS
C0114,Avenida Rafael Núñez 3758,-31.375182,-64.22712,LAS MARGARITAS
C1024,Avenida Rafael Núñez 6305,-31.34412,-64.25191,ARGUELLO
C1006,Bartolomé Salom 6971,-31.340834,-64.270014,LA SALLE
C7445,M. Álvarez de Las Casas 270,-31.37969,-64.170826,GENERAL BUSTOS
C1242,Torre Revello S/N,-31.31808117159163,-64.25926923751832,MERCANTIL
C1164,Antucura 10090,-31.307439321227168,-64.2869818210602,VILLA ALLENDE PARQUE
C2032,Jacinto de Altoaguirre 2013,-31.3853,-64.13412,YOFRE NORTE
C3116,Julio de Vedia 3334,-31.37175,-64.13823,PATRICIOS ESTE
C3094,Avenida Malvinas Argentinas 2677,-31.38932000000001,-64.1357,YOFRE NORTE
C3088,Avenida Malvinas Argentinas 2195,-31.39103,-64.14296,LOS PINOS
C3082,Juan C. Tissera 2500,-31.39358,-64.15279,GENERAL PUEYRREDON
C3072,Avenida Bulnes 1670,-31.39819,-64.16619,GENERAL BUSTOS
C3056,Avenida 24 de Septiembre 956,-31.414918,-64.170141,YAPEYU
C4134,Mariano Moreno 957,-31.42304,-64.20149,CUPANI
C3036,Avenida Fuerza Aérea 2097,-31.43075,-64.21739,ROSEDAL ANEXO
C3016,Aviador Silvio Pettirossi 2033,-31.43348,-64.24806,VILLA ADELA
C1358,Avenida Simón Laplace 5518,-31.36014,-64.24605,COLINAS DEL CERRO
C1336,Avenida Recta Martinoli 6281,-31.34906,-64.2536,LA SALLE
C1316,Avenida Recta Martinoli 8541,-31.34669,-64.2817,LA SALLE
C1656,Ricardo Santos 10330,-31.33333,-64.30745,VILLA RIVERA INDARTE
C0554,Avenida Recta Martinoli 8196,-31.347008,-64.276121,LA SALLE
C4244,Avenida Cruz Roja Argentina 658,-31.44265,-64.18759,LAS FLORES
C0614,Avenida Enrique Bodereau 8301,-31.326664354731527,-64.28869843482973,VILLA RIVERA INDARTE
C1592,San Lorenzo,-31.31573810108295,-64.30683690982977,VILLA RIVERA INDARTE
C0590,Ramirez de Velazco 580,-31.404218,-64.188581,SAN MARTIN
C4208,Avenida Cruz Roja Argentina 337,-31.44312,-64.19257,LAS FLORES
C0618,Avenida Enrique Bodereau 8864,-31.319803,-64.288291,VILLA ALLENDE PARQUE
C1583,Arturo Compton 5202,-31.461034,-64.084464,ITUZAINGO ANEXO
C1570,Avenida Torcuato Wermuth 4796,-31.45686,-64.1018,LOS SAUCES
C0472,Martín Zapata 4608,-31.4543,-64.10984,SAN LORENZO
C0442,A Capilla De Los Remedios 6979,-31.45831,-64.09104,LOS SAUCES
C0650,Avenida Gdor. Amadeo Sabattini S/N,-31.49067,-64.0772,ITUZAINGO ANEXO
C4174,Rodriguez Peña 160,-31.410217510268996,-64.19677242636679,URQUIZA
C1434,Avenida Cangallo 3150,-31.44597,-64.11865,VILLA BUSTOS
C1408,Avenida Rafael Núñez 4826,-31.35995859647892,-64.23862695693971,COLINAS DEL CERRO
C0326,Avenida La Cordillera 3466,-31.36551,-64.2216,LAS MARGARITAS
C0314,Antonio Sáenz 5201,-31.44691,-64.1187,VILLA BUSTOS
C0298,José Ignacio De La Roza S/N,-31.446568213664136,-64.10931229591371,SAN LORENZO
C1270,Valerio Beta 7135,-31.32559,-64.26015,ARGUELLO
C0420,Eugenio Pizzolatto 7149,-31.32126,-64.26012,MERCANTIL
C0278,Tabacué 8948,-31.31835,-64.26584,COOPERATIVA 16 DE NOVIEMBRE
C0182,Avenida Rafael Núñez 6617,-31.34149,-64.25389,ARGUELLO
C0684,Ancastí 5808,-31.439612,-64.110981,VILLA BUSTOS
C0238,Ramos Mejia 2315,-31.43657,-64.12345,EMPALME
C0216,Avenida Donato Álvarez 9374,-31.316997,-64.27395,VILLA CORNU
C1238,Pedro Medrano 4929,-31.43531610108295,-64.12286682948326,EMPALME
C1220,Punilla 2026,-31.43074,-64.13174,ACOSTA
C1204,Avenida Donato Álvarez 7915,-31.33084,-64.26446,VILLA 9 DE JULIO
C1186,Cauque 7271,-31.31701,-64.26863,VILLA CORNU
C0167,Viracocha 6601,-31.343563,-64.273839,LA SALLE
C4062,Bulevar San Juan 436,-31.419159944060738,-64.1919779777527,URQUIZA
C0058,Avenida Gobernador Amadeo Sabattini 3255,-31.43281,-64.14337,JOSE IGNACIO DIAZ SECCION 1
C0034,Avenida Amadeo Sabattini 5377,-31.45509,-64.1131,SAN LORENZO
C0014,Av. Vucetich 6900-7038,-31.465,-64.09172,LOS SAUCES
C1160,Av. Vucetich 7568,-31.46507387351526,-64.08259749412538,ITUZAINGO ANEXO
C0362,Oscar Cabalén 6300,-31.33023,-64.24687,CERRITO AUTODROMO
C0346,Miguel Potel Junot 6689,-31.34584,-64.24254,LAS CORTADERAS
C1498,Ciudad De Mis Suenos S/N,-31.47891,-64.08518,ITUZAINGO ANEXO
C1382,Oscar Cabalén 6423,-31.32932,-64.24898,CERRITO AUTODROMO
C1252,Gabriel Ortega 8589,-31.321981049071564,-64.25644218921663,MERCANTIL
C0106,Avenida Octavio Pinto 3126,-31.38472,-64.22039,LAS MARGARITAS
C1448,Linco 9522,-31.31437333130885,-64.28288273513317,VILLA ALLENDE PARQUE
C1140,Avenida Amadeo Sabattini 5918,-31.46315,-64.10495,FERREYRA
C0400,Juan Manuel Fangio 7911,-31.330957943944856,-64.26242485642435,ARGUELLO
C0038,Avenida Amadeo Sabattini 5319,-31.45236,-64.11588,SAN LORENZO
C0018,Av. Vucetich 6504-6542,-31.46499,-64.09661,LOS SAUCES
C0001,Av. Vucetich 8010,-31.465001,-64.078242,ITUZAINGO ANEXO
C1146,Juan Vucetich 6467,-31.46503,-64.09737,LOS SAUCES
C4086,Bulevar Arturo Illia 642,-31.42297,-64.17829,GUEMES
C1086,Avenida Castro Barros 83,-31.404399735242688,-64.19463336467744,SAN MARTIN
C1066,Avenida Caraffa 2539,-31.38784,-64.21303,LAS MARGARITAS
C1030,Avenida Rafael Núñez 5807,-31.34936,-64.24879,CERRITO AUTODROMO
C1008,Manuel Montt 7802,-31.34205,-64.26936,LA SALLE
C7447,Obispo Carranza 2182,-31.376539,-64.171255,VILLA AZALAIS OESTE
C7439,República de Siria 998,-31.389674,-64.170493,GENERAL BUSTOS
C7425,Ángelo de Peredo 1705,-31.422136,-64.21056,CUPANI
C7414,Jerónimo Zelarrayán 700,-31.413346,-64.236154,QUINTA SANTA ANA
C7390,Avenida Don Bosco 5978,-31.420378,-64.263293,VILLA UNION
C7324,Avenida Santa Ana 4436,-31.41162,-64.243401,LAS PALMAS
C7372,Ángelo de Peredo 2822,-31.419398,-64.223859,QUINTA SANTA ANA
C7310,Paso de los Andes 200,-31.413721,-64.199719,URQUIZA
C7340,Los Tintines 199,-31.380986,-64.17221,GENERAL BUSTOS
C7289,Avenida Santa Ana 2129,-31.415896,-64.214053,ALBERDI
C7282,Avenida Santa Ana 4029,-31.41157,-64.237538,QUINTA SANTA ANA
C7687,Carlos Giménez 108,-31.36718675060882,-64.16494131088258,PARQUE LICEO SECCION 2
C7261,Alberto Gerchunoff 237,-31.36584,-64.172055,VILLA AZALAIS OESTE
C7248,Pasaje Mariano Cordero 601,-31.409619,-64.243707,LAS VIOLETAS
C7692,Avenida Santa Ana 5999,-31.411551,-64.263781,PARQUE REPUBLICA
C7219,Conrado Nale Roxlo 745,-31.361823,-64.165317,PARQUE LICEO SECCION 2
C7334,Carlos Giménez 199,-31.369252,-64.162388,PARQUE LICEO SECCION 2
C7204,Avenida Juan B. Justo 8663,-31.319126,-64.175735,GUINAZU
C7195,Avenida Juan B. Justo 6138,-31.350934,-64.176099,REMEDIOS DE ESCALADA
C7184,Maestro Marcelo López 3520,-31.439932,-64.192606,LAS FLORES
C7070,Ricardo Güiraldes 4699,-31.355424,-64.161218,PARQUE LICEO SECCION 2
C7060,Avenida Juan B. Justo 4314,-31.373608,-64.176013,VILLA AZALAIS OESTE
C7036,Avenida Duarte Quirós 2161,-31.410567,-64.212921,ALBERDI
C7026,Avenida Don Bosco 3931,-31.407907,-64.234716,QUINTA SANTA ANA
C7006,Luz Vieyra Méndez 645,-31.406726,-64.264805,LOS ROBLES
C7272,Cleto Aguirre 6597,-31.409473,-64.269043,LOS ROBLES
C4181,Avenida Monseñor Pablo Cabrera 4218,-31.36677,-64.204906,MARQUES DE SOBREMONTE
C5657,Avenida La Voz Del Interior S/N,-31.325523,-64.211655,LOS BOULEVARES
MA-00000692,Bulevar Los Alemanes 3418,-31.34317321063733,-64.21519517898561,LOS BOULEVARES
C9058,Tandil 3553,-31.442587,-64.151906,JARDIN DEL PILAR
C4723,Manuel Cardeñosa 4384,-31.358433,-64.228617,LOS BOULEVARES
S00000015,Dirección desconocida,-31.31541394733856,-64.21391844749452,LAS CORTADERAS
C4623,Concejal Felipe Belardinelli 3032,-31.446183784342377,-64.19405937194826,LAS FLORES
C4625,Ricardo Pedroni 2540,-31.378632,-64.216509,LAS MARGARITAS
C4626,Ricardo Pedroni 2676,-31.377538,-64.216311,LAS MARGARITAS
C4627,Rozas de Oquendo 3088,-31.377103,-64.217926,LAS MARGARITAS
C0092,Avenida Castro Barros 1536,-31.39231,-64.20302,VILLA PAEZ
C0110,Avenida Rafael Núñez 3535,-31.37869,-64.22411,LAS MARGARITAS
C0126,Avenida Rafael Núñez 4532,-31.36547,-64.23527,COLINAS DEL CERRO
C0050,Avenida Amadeo Sabattini 4289,-31.43458609169909,-64.13162827491762,ACOSTA
C0108,Avenida Octavio Pinto 3340,-31.38318,-64.22251,LAS MARGARITAS
C0086,Avenida Castro Barros 664,-31.39925,-64.19779,SAN MARTIN
C7050,Fray Mamerto Esquiú 1194,-31.404811807316666,-64.17455434799196,GENERAL PUEYRREDON
C7352,Félix Frias 1101,-31.40515977788121,-64.17310595512392,GENERAL PUEYRREDON
C7165,Avenida Juan B. Justo 7057,-31.33477,-64.175874,REMEDIOS DE ESCALADA
C0010,Av. Vucetich 7194-7248,-31.46503,-64.08724,ITUZAINGO ANEXO
C1156,Juan Vucetich 7350,-31.46537,-64.08561,ITUZAINGO ANEXO
C1116,Avenida Amadeo Sabattini 4294,-31.43463,-64.13176,ACOSTA
C1080,Avenida Castro Barros 921,-31.39652,-64.20037,SAN MARTIN
C1028,Avenida Rafael Núñez 6015,-31.34758,-64.24985,CERRITO AUTODROMO
C1012,José María Morelos 7487,-31.34182,-64.26602,LA SALLE
C7446,Obispo Carranza 1996,-31.378033,-64.171411,GENERAL BUSTOS
C7437,República de Siria 584,-31.394015,-64.172296,GENERAL BUSTOS
C7424,Avenida Pueyrredón 1917,-31.420547,-64.212706,CUPANI
C7413,Jerónimo Zelarrayán 604,-31.411652,-64.2358,QUINTA SANTA ANA
C7403,Alto Alegre 1395,-31.422671,-64.263813,VILLA UNION
C7389,Sargento Gómez 5774,-31.420396,-64.2612,VILLA UNION
C7323,Avenida Santa Ana 4322,-31.411734,-64.241486,LAS PALMAS
C2188,Avenida Pueyrredón 2676,-31.419783,-64.220987,QUINTA SANTA ANA
C7309,27 de Abril 840,-31.413735,-64.195738,URQUIZA
C7339,Toledo 1899,-31.378889,-64.172215,GENERAL BUSTOS
C7269,José de Olmedo 799,-31.364594,-64.166111,PARQUE LICEO SECCION 2
C7259,Julio Arboleda 2767,-31.370246,-64.172752,VILLA AZALAIS OESTE
C7249,Avenida Don Bosco 4499,-31.406304,-64.24279,LAS VIOLETAS
C7278,Alto Alegre 922,-31.412952,-64.263893,PARQUE REPUBLICA
C7233,Falucho 400,-31.405389,-64.243841,LAS VIOLETAS
C7225,Pablo Neruda 88,-31.367924,-64.174131,VILLA AZALAIS OESTE
C7220,Conrado Nale Roxlo 509,-31.361333,-64.16816,PARQUE LICEO SECCION 2
C7595,Carlos Giménez 21,-31.366065,-64.166363,VILLA AZALAIS OESTE
C7331,José Luis Pons 1101,-31.366266,-64.153644,GENERAL MOSCONI
C7201,Avenida Juan B. Justo 7412,-31.330174,-64.175659,REMEDIOS DE ESCALADA
C7787,Avenida Ciudad De Valparaíso S/N,-31.438692,-64.185954,VILLA REVOL
C7168,Aarón de Anchorena 5517,-31.35273,-64.17648,VILLA AZALAIS OESTE
C7161,Avenida Juan B. Justo 8600,-31.32018,-64.175928,GUINAZU
C7066,Alfonsina Storni 226,-31.353944,-64.172489,PARQUE LICEO SECCION 2
C7056,Avenida Juan B. Justo 3460,-31.385003,-64.175922,GENERAL BUSTOS
C7046,Avenida Emilio Olmos 96,-31.414129,-64.18192,URQUIZA
C7032,Avenida Duarte Quirós 2913,-31.407774,-64.221767,ALBERDI
C7022,Avenida Don Bosco 4471,-31.406227,-64.24242,LAS VIOLETAS
C7017,Avenida Don Bosco 5231,-31.401699,-64.252225,LAS VIOLETAS
C7013,Guillermo Lewis 5834,-31.398044,-64.259934,LOS ROBLES
C7213,Curunao 778,-31.40982062763237,-64.25875425338747,PARQUE REPUBLICA
C7277,Alto Alegre 850,-31.411377,-64.263958,PARQUE REPUBLICA
C4183,Avenida Monseñor Pablo Cabrera 4676,-31.361489,-64.203817,MARQUES DE SOBREMONTE
C4558,Avenida Zárate 2051,-31.375843,-64.201065,ANA MARIA ZUMARAN
C4165,Avenida Pablo Ricchieri 2419,-31.439575,-64.176325,VILLA REVOL
C0020,Av. Vucetich 6300-6348,-31.46499,-64.09945,LOS SAUCES
C1163,Juan Vucetich 7899,-31.465078,-64.078563,ITUZAINGO ANEXO
C1144,Juan Vucetich 6349,-31.46503,-64.09906,LOS SAUCES
C1018,Heriberto Martínez 7272,-31.33733,-64.26264,VILLA 9 DE JULIO
C7451,Avenida Florencio Parravicini 3064,-31.37092,-64.166304,VILLA AZALAIS OESTE
C7896,Río Negro 819,-31.419448,-64.208302,CUPANI
C7416,Pedro Carrasco 3719,-31.415337,-64.233713,QUINTA SANTA ANA
C7406,Sargento Gómez 5301,-31.420524,-64.255782,PARQUE REPUBLICA
C7392,Atilio Esteban Cattaneo 6186,-31.421605,-64.26554,VILLA UNION
C7382,Aviador Locatelli 948,-31.413419,-64.251029,LAS VIOLETAS
C1084,Avenida Castro Barros 471,-31.40109,-64.19667,SAN MARTIN
C1048,Avenida Rafael Núñez 4013,-31.37187,-64.23028,COLINAS DEL CERRO
S00000016,Bulevar Los Alemanes 4274,-31.343278586758917,-64.22529101371767,LOS BOULEVARES
MA-00000687,Boulevard Bernardino Rivadavia 3167,-31.33670380704169,-64.21206235885622,LOS BOULEVARES
C1136,Avenida Amadeo Sabattini 5642,-31.45964,-64.10863,FERREYRA
C7350,Gino Galeotti 409,-31.396057,-64.172017,GENERAL BUSTOS
C7441,República de Siria 1478,-31.384893,-64.168487,GENERAL BUSTOS
C7374,Ángelo de Peredo 3278,-31.418318,-64.229293,QUINTA SANTA ANA
C7351,Félix Frias 1309,-31.40309,-64.174018,GENERAL BUSTOS
C7341,Maracaibo 352,-31.382562,-64.171942,GENERAL BUSTOS
C7776,Avenida C. Saavedra Lamas 699,-31.365451,-64.16699,VILLA AZALAIS OESTE
C7260,Avenida Pablo Neruda 202,-31.367819,-64.172076,VILLA AZALAIS OESTE
C7250,Arrecifes 323,-31.40418,-64.241824,LAS VIOLETAS
C7279,Alto Alegre 1048,-31.41531,-64.263888,PARQUE REPUBLICA
C7234,Adolfo Dávila 567,-31.408914,-64.242173,LAS VIOLETAS
C7226,Avenida Duarte Quirós 3546,-31.405663,-64.228499,QUINTA SANTA ANA
C7659,Benjamín Vicuña Mackena 343,-31.364191,-64.171357,VILLA AZALAIS OESTE
C7218,Conrado Nale Roxlo 1000,-31.362281,-64.163166,PARQUE LICEO SECCION 2
C7332,Florencio Parravicini 3715,-31.367214,-64.156954,GENERAL MOSCONI
C7202,Avenida Juan B. Justo 8012,-31.326619,-64.175756,GUINAZU
C7788,Avenida Ciudad De Valparaíso S/N,-31.440939,-64.186517,VILLA REVOL
C7169,Avenida Juan B. Justo 6349,-31.34671,-64.176292,REMEDIOS DE ESCALADA
C7159,Avenida Juan B. Justo 9489,-31.312334,-64.176239,GUINAZU
C7064,Avenida Juan B. Justo 5270,-31.361649,-64.176035,VILLA AZALAIS OESTE
C7055,Avenida Juan B. Justo 3270,-31.387306,-64.175901,GENERAL BUSTOS
C7045,Avenida Colón 173,-31.413089,-64.185337,URQUIZA
C7031,Avenida Duarte Quirós 3133,-31.406941,-64.224347,ALBERDI
C7020,Avenida Don Bosco 4747,-31.404546,-64.246062,LAS VIOLETAS
C7008,Luz Vieyra Méndez 368,-31.402188,-64.265079,LOS ROBLES
C7000,Doctor José A. Ceballos 404,-31.404043,-64.269193,LOS ROBLES
C4556,Avenida Zárate 1689,-31.375843,-64.196801,SARGENTO CABRAL
C4559,Avenida Zárate 2251,-31.375852,-64.203742,ANA MARIA ZUMARAN
MA-00000688,Avenida La Voz Del Interior 7614,-31.33182855181227,-64.20978784561159,LOS BOULEVARES
S00000017,De Los Genoveses 4350,-31.34262342026245,-64.22637462615968,LOS BOULEVARES
C0026,Avenida Amadeo Sabattini 5811,-31.46201,-64.10604,FERREYRA
C0004,Av. Vucetich 7677-7601,-31.464968,-64.082076,ITUZAINGO ANEXO
C1150,Juan Vucetich 6802,-31.46504,-64.09339,LOS SAUCES
C0059,Avenida Sabattini 3199,-31.433039,-64.144701,JOSE IGNACIO DIAZ SECCION 1
C1076,Avenida Castro Barros 1297,-31.39358,-64.20238,VILLA PAEZ
C1060,Democracia 1800,-31.38498,-64.22027,LAS MARGARITAS
C1020,Francisco Vidal 7299,-31.33833888888889,-64.26011944444444,ARGUELLO
C1000,Viracocha 6530,-31.34427278174792,-64.27340984344484,LA SALLE
C7443,Obispo Carranza 1602,-31.382099,-64.169351,GENERAL BUSTOS
C7041,Caseros 809,-31.415104,-64.195862,URQUIZA
C7419,Angelo De Peredo 3105,-31.418839,-64.227335,QUINTA SANTA ANA
C7410,Aviador Locatelli 1057,-31.415672,-64.250826,LAS PALMAS
C7397,Viedma Recalde 6399,-31.426658,-64.267294,VILLA UNION
C7386,Sargento Gómez 5084,-31.420359,-64.253143,RESIDENCIAL SAN ROQUE
C7378,Pedro Carrasco 3887,-31.414884,-64.236267,QUINTA SANTA ANA
C7982,Sol de Mayo 982,-31.420446,-64.211445,CUPANI
C7356,Sarmiento 411,-31.411766,-64.176072,URQUIZA
C7345,Mauricio Yadarola 796,-31.387929,-64.168723,GENERAL BUSTOS
C7338,Concejal Cabiche 300,-31.375885,-64.172162,VILLA AZALAIS OESTE
C7288,Avenida Santa Ana 2509,-31.415227,-64.217561,ALBERDI
C7281,Avenida Santa Ana 4315,-31.411876,-64.241315,LAS PALMAS
C7268,Conrado Nale Roxlo 910,-31.363055,-64.164298,PARQUE LICEO SECCION 2
C7773,Rodriguez Peña 124,-31.410574903506696,-64.19692397117615,URQUIZA
C7253,Avenida Duarte Quirós 4306,-31.402431,-64.238107,VILLA SIBURU
C7243,Paine 5365,-31.414202,-64.25641,PARQUE REPUBLICA
C7237,Avenida Santa Ana 4734,-31.411844,-64.248599,LAS VIOLETAS
C7228,Avenida Duarte Quirós 4084,-31.404194,-64.234995,QUINTA SANTA ANA
C7224,Avenida Pablo Neruda 201,-31.367347,-64.172178,VILLA AZALAIS OESTE
C7221,José de Olmedo 499,-31.362217,-64.169088,VILLA AZALAIS OESTE
C6436,27 de Abril 529,-31.415002575191053,-64.19174361974001,URQUIZA
C1128,Avenida Amadeo Sabattini 5320,-31.452123956540245,-64.11637187004091,SAN LORENZO
C4079,Roberto Cayol 3101,-31.361149585340247,-64.21326935291292,ANA MARIA ZUMARAN
C9534,Bulevar Chacabuco 489,-31.42304075170638,-64.1824933513999,GUEMES
C7217,José Podestá 3672,-31.363444,-64.164067,PARQUE LICEO SECCION 2
C7192,Bulevar Chacabuco 235,-31.419902,-64.18104,URQUIZA
C7934,Avenida Cruz Roja Argentina 535,-31.442765,-64.189451,LAS FLORES
C7171,Aarón de Anchorena 5419,-31.354132,-64.176448,VILLA AZALAIS OESTE
C7164,Avenida Juan B. Justo 7205,-31.332177,-64.175863,REMEDIOS DE ESCALADA
C7069,Alfonsina Storni 784,-31.354544,-64.164394,PARQUE LICEO SECCION 2
C7059,Avenida Juan B. Justo 4092,-31.376292,-64.17596,VILLA AZALAIS OESTE
C7049,Avenida Maipú 640,-31.409816,-64.176899,URQUIZA
C7035,Avenida Duarte Quirós 2307,-31.409926,-64.214922,ALBERDI
C7027,Avenida Don Bosco 3807,-31.407829,-64.232184,QUINTA SANTA ANA
C7007,Luz Vieyra Méndez 519,-31.404546,-64.264838,LOS ROBLES
C7156,José Cortes Funes 6597,-31.407096,-64.269049,LOS ROBLES
C4554,Avenida Cornelio Saavedra 2776,-31.380799,-64.196205,SARGENTO CABRAL
C4560,Avenida Zárate 2475,-31.375848,-64.206269,ANA MARIA ZUMARAN
C6048,Maestro Marcelo López 3543,-31.4392,-64.192311,LAS FLORES
C0044,Avenida Gobernador Amadeo Sabattini 4818,-31.44077,-64.12732,JOSE IGNACIO DIAZ SECCION 1
C0002,Av. Vucetich 7706-7764,-31.464991512211,-64.08067703247072,ITUZAINGO ANEXO
C1148,Juan Vucetich 6631,-31.46505000000001,-64.09506,LOS SAUCES
C1058,Avenida Octavio Pinto 3265,-31.38348,-64.22236,LAS MARGARITAS
C1036,Avenida Rafael Núñez 4791,-31.36041,-64.23854,COLINAS DEL CERRO
C1022,Avenida Ricardo Rojas 7009,-31.34023,-64.25695,ARGUELLO
C1002,Viracocha 6799,-31.342425,-64.27343,LA SALLE
C7897,Río Negro 661,-31.417617,-64.207824,CUPANI
C7418,Tristán Echegaray 3302,-31.417072,-64.229459,QUINTA SANTA ANA
C7408,Aviador Locatelli 1277,-31.420085,-64.250804,RESIDENCIAL SAN ROQUE
C7396,Río Yuspe 1576,-31.425958,-64.268394,VILLA UNION
C7385,Aviador Locatelli 1276,-31.420057,-64.250922,RESIDENCIAL SAN ROQUE
C7377,Pedro Carrasco 3741,-31.415287,-64.233949,QUINTA SANTA ANA
C7981,Sol de Mayo 764,-31.418189,-64.21085,CUPANI
C7357,Sarmiento 249,-31.411093,-64.178304,URQUIZA
C7348,Gino Galeotti 757,-31.392389,-64.170488,GENERAL BUSTOS
C7337,Roberto Casaux 2601,-31.374588,-64.171754,VILLA AZALAIS OESTE
C7287,Avenida Santa Ana 2777,-31.414367,-64.221772,ALBERDI
C7004,Cleto Aguirre 6035,-31.409335,-64.264194,LOS ROBLES
C7267,Conrado Nale Roxlo 964,-31.362199,-64.163729,PARQUE LICEO SECCION 2
C7258,Avenida Juan B. Justo 4620,-31.370246,-64.175488,VILLA AZALAIS OESTE
C7251,Arrecifes 233,-31.402445,-64.240977,LAS VIOLETAS
C7242,Coronel Manuel Namuncurá 5503,-31.415589,-64.258266,PARQUE REPUBLICA
C7236,Avenida Santa Ana 4588,-31.411473,-64.245483,LAS VIOLETAS
C7227,Avenida Duarte Quirós 3844,-31.405,-64.232002,QUINTA SANTA ANA
C7223,Alberto Gerchunoff 229,-31.365767,-64.172199,VILLA AZALAIS OESTE
C7658,Conrado Nale Roxlo 630,-31.361791,-64.166551,PARQUE LICEO SECCION 2
C7594,Carlos Giménez 116,-31.367324,-64.164791,PARQUE LICEO SECCION 2
C7205,Avenida Juan B. Justo 8899,-31.316152,-64.175777,GUINAZU
C7198,Avenida Juan B. Justo 6586,-31.341877,-64.175949,REMEDIOS DE ESCALADA
C7185,Avenida Ingeniero Medina Allende S/N,-31.437964,-64.192327,GUEMES
C7166,Avenida Juan B. Justo 6959,-31.33696,-64.176228,REMEDIOS DE ESCALADA
C4648,Bulevar Los Alemanes 5294,-31.343205,-64.23727,LAS CORTADERAS
MA-00000689,Bulevar Los Alemanes 4176,-31.3432820229348,-64.22410849481821,LOS BOULEVARES
C7071,Alfonsina Storni 1198,-31.356202,-64.158375,PARQUE LICEO SECCION 2
C7062,Avenida Juan B. Justo 4780,-31.368217,-64.176013,VILLA AZALAIS OESTE
C7053,Avenida Juan B. Justo 2642,-31.394509,-64.175777,GENERAL BUSTOS
C7039,Avenida Duarte Quirós 1507,-31.413057,-64.205169,ALBERDI
C7028,Luis de Azpeitía 3617,-31.407907,-64.229872,QUINTA SANTA ANA
C7009,Antonio Sobral 393,-31.401671,-64.267144,LOS ROBLES
C7002,Cleto Aguirre 6600,-31.408896,-64.269161,LOS ROBLES
C4553,Avenida Cornelio Saavedra 2550,-31.3834,-64.196125,SARGENTO CABRAL
C7442,Medellin 706,-31.38351,-64.167897,GENERAL BUSTOS
C4346,Leonismo Argentino 692,-31.457016,-64.189559,LAS FLORES
C4347,Avenida Ciudad de Valparaíso 3808,-31.456915,-64.186914,LAS FLORES
C4348,Avenida Ciudad de Valparaíso 3986,-31.45924,-64.18685,LAS FLORES
C4260,Tiziano Vecellio S/N,-31.4594,-64.189843,LAS FLORES
C4261,Benjamín Dávalos S/N,-31.458686,-64.190803,LAS FLORES
C4262,J. Benati S/N,-31.458457,-64.191667,LAS FLORES
C4263,Leonismo Argentino 582,-31.456696,-64.191506,LAS FLORES
C4264,Leonismo Argentino 502,-31.456055,-64.192573,LAS FLORES
C4265,José María Eguiluz 501,-31.454137,-64.192091,LAS FLORES
C4266,Luis María Drago 500,-31.451392,-64.191281,LAS FLORES
C4267,Carlos O. Bunge 3213,-31.449131,-64.190508,LAS FLORES
C4268,Carlos O. Bunge 3015,-31.446875,-64.189945,LAS FLORES
C4269,Coronel José Javier Diaz 415,-31.446239,-64.191828,LAS FLORES
C4624,Concejal Felipe Belardinelli 2801,-31.443671,-64.193399,LAS FLORES
C0022,Avenida Amadeo Sabattini 6119,-31.46496,-64.10227,LOS SAUCES
C1152,Juan Vucetich 7001,-31.46504,-64.09064,ITUZAINGO ANEXO
C1130,Avenida Amadeo Sabattini 5370,-31.454842214803545,-64.11355018615724,SAN LORENZO
C1070,Avenida Caraffa 2091,-31.389628046021507,-64.20730948448183,VILLA PAEZ
C1010,José María Morelos 7599,-31.34207,-64.26763,LA SALLE
C7450,Avenida Florencio Parravicini 2814,-31.372001,-64.169329,VILLA AZALAIS OESTE
C7426,Río Negro 1009,-31.421366,-64.208774,CUPANI
C7415,Pedro Carrasco 3865,-31.414921,-64.235945,QUINTA SANTA ANA
C7405,Sargento Gómez 5499,-31.420515,-64.258073,VILLA UNION
C7391,Alto Alegre 1342,-31.421458,-64.263947,VILLA UNION
C7381,Damaso Salvatierra 4833,-31.411249,-64.249978,LAS VIOLETAS
C7373,Ángelo de Peredo 3070,-31.418908,-64.226477,QUINTA SANTA ANA
C7311,Bulevar San Juan 1251,-31.416665,-64.203082,URQUIZA
C7353,Félix Frias 913,-31.407243,-64.172414,GENERAL PUEYRREDON
C7342,Maracaibo 532,-31.383166,-64.169962,GENERAL BUSTOS
C7453,Florencio Parravicini 3508,-31.368762,-64.16058,PARQUE LICEO SECCION 2
C7264,Rafael Pombo 502,-31.36207,-64.168804,PARQUE LICEO SECCION 2
C7255,Avenida Duarte Quirós 3851,-31.405059,-64.232313,QUINTA SANTA ANA
C7660,Avenida Santa Ana 5161,-31.41159700059257,-64.25408720970155,LAS VIOLETAS
C7690,Avenida Santa Ana 5600,-31.411441,-64.259355,PARQUE REPUBLICA
C5194,Falucho 248,-31.402257,-64.242366,LAS VIOLETAS
C7207,Avenida Juan B. Justo 9699,-31.311285,-64.176083,GUINAZU
C7199,Avenida Juan B. Justo 6996,-31.336685,-64.17596,REMEDIOS DE ESCALADA
C7187,Avenida Enrique Barros S/N,-31.436133,-64.187965,GUEMES
C7167,Avenida Juan B. Justo 6695,-31.34031,-64.176196,REMEDIOS DE ESCALADA
C7364,Avenida Juan B. Justo 9722,-31.310868,-64.176196,GUINAZU
C7061,Avenida Juan B. Justo 4614,-31.370324,-64.176024,VILLA AZALAIS OESTE
C7052,Avenida Juan B. Justo 2378,-31.397935,-64.175756,GENERAL BUSTOS
C7038,Avenida Duarte Quirós 1727,-31.411995,-64.208452,ALBERDI
C7029,Luis de Azpeitía 3415,-31.408154,-64.227946,QUINTA SANTA ANA
C7021,Avenida Don Bosco 4593,-31.405489,-64.244088,LAS VIOLETAS
C7016,Avenida Don Bosco 5319,-31.400732,-64.254114,LOS ROBLES
C7011,Peralta y Tejeda 171,-31.398520643287178,-64.2654061317444,LOS ROBLES
C7001,José Cortes Funes 6600,-31.406716,-64.26915,LOS ROBLES
C4552,Avenida Cornelio Saavedra 555,-31.385708,-64.196312,SAN MARTIN
C4875,Camino a San Carlos 5807,-31.480557,-64.168482,CERVECEROS
S00000002,José Betinotti 3356,-31.35497460249878,-64.21698689460756,LOS BOULEVARES
S00000001,Colectora S/N,-31.35425080199262,-64.22183632850648,LOS BOULEVARES
S00000006,Santiago Baravino 4323,-31.364062863727447,-64.21241641044618,ANA MARIA ZUMARAN
S00000011,Esteban Piacenza 4001,-31.36786922820474,-64.21514689922334,LAS MARGARITAS
C4284,Paso de Uspallata 569,-31.398447,-64.194183,SAN MARTIN
C4285,Paso de Uspallata 778,-31.396611,-64.195293,SAN MARTIN
C4286,Paso de Uspallata 980,-31.394816,-64.196468,SAN MARTIN
C1054,Avenida Rafael Núñez 3661,-31.37697,-64.22586,LAS MARGARITAS
C1032,Avenida Rafael Núñez 5499,-31.35315,-64.24571,LAS CORTADERAS
C7440,República de Siria 1292,-31.386839,-64.169286,GENERAL BUSTOS
C4287,Paso de Uspallata 1211,-31.392682,-64.197863,SAN MARTIN
C4288,Paso de Uspallata 1514,-31.390008,-64.199547,SAN MARTIN
C4289,Paso de Uspallata 1876,-31.386839,-64.201473,SAN MARTIN
C4290,Amado Nervo 476,-31.38591,-64.199976,SAN MARTIN
C4291,Soldado Ruiz 2083,-31.384069,-64.200802,ANA MARIA ZUMARAN
C0008,Av. Vucetich 7331-7311,-31.46473,-64.08617,ITUZAINGO ANEXO
C1154,Juan Vucetich 7159,-31.46505000000001,-64.08835,ITUZAINGO ANEXO
C1134,Avenida Amadeo Sabattini 5500,-31.45781,-64.11051,FERREYRA
C1110,Avenida Gobernador Amadeo Sabattini 3244,-31.43302528237853,-64.14353191852571,JOSE IGNACIO DIAZ SECCION 1
C1023,Avenida Ricardo Rojas 6819,-31.341373,-64.255283,ARGUELLO
C1004,Viracocha 6962,-31.340818,-64.272489,LA SALLE
C7444,Avenida Doctor Arturo Capdevila 302,-31.38035,-64.170429,GENERAL BUSTOS
C7417,Fructuoso Rivera 3429,-31.415997,-64.230339,QUINTA SANTA ANA
C7407,Sargento Gómez 5117,-31.420533,-64.25368,RESIDENCIAL SAN ROQUE
C7393,Atilio Esteban Cattaneo 6464,-31.421595,-64.268029,VILLA UNION
C7383,Coronel Manuel Namuncurá 4902,-31.415324,-64.251008,LAS VIOLETAS
C7376,Fructuoso Rivera 3575,-31.415791,-64.231482,QUINTA SANTA ANA
C7430,Montevideo 1786,-31.415626,-64.209917,ALBERDI
C7355,Ovidio Lagos 510,-31.412114,-64.173283,URQUIZA
C7291,San Luis 1621,-31.418102,-64.208318,CUPANI
C7284,Santa Ana 3583,-31.412673,-64.23065,QUINTA SANTA ANA
C7454,Florencio Parravicini 3698,-31.367535,-64.157351,GENERAL MOSCONI
C7263,Avenida C. Saavedra Lamas 400,-31.363238,-64.170225,VILLA AZALAIS OESTE
C4073,Roberto Cayol 3817,-31.359418,-64.223354,LOS BOULEVARES
C7254,Avenida Duarte Quirós 4104,-31.404033,-64.235328,QUINTA SANTA ANA
C7244,Chocorí 902,-31.412668,-64.254634,LAS VIOLETAS
C7238,Avenida Santa Ana 4988,-31.41156,-64.252349,LAS VIOLETAS
C7230,Avenida Duarte Quirós 4484,-31.401208,-64.240134,VILLA SIBURU
C7935,Avenida Cruz Roja Argentina 365,-31.44315,-64.192767,LAS FLORES
C7163,Avenida Juan B. Justo 7687,-31.329373,-64.175949,REMEDIOS DE ESCALADA
C7068,Rubén Darío 4693,-31.354187,-64.165692,PARQUE LICEO SECCION 2
C7058,Avenida Juan B. Justo 3867,-31.379974,-64.175949,HIPOLITO IRIGOYEN
C7048,Avenida Maipú 468,-31.411835,-64.177736,URQUIZA
C5267,Avenida Duarte Quirós 2607,-31.408987,-64.21792,ALBERDI
C7024,Avenida Don Bosco 4193,-31.407216,-64.238375,QUINTA SANTA ANA
C7019,Avenida Don Bosco 4851,-31.403791,-64.247645,LAS VIOLETAS
C7014,Avenida Don Bosco 5635,-31.399029,-64.257789,LOS ROBLES
C7005,Alto Alegre 673,-31.407476,-64.263829,LOS ROBLES
C7270,Avenida Santa Ana 6186,-31.411505,-64.265245,PARQUE REPUBLICA
C4185,Avenida La Voz del Interior 5602,-31.350045,-64.203265,LOS BOULEVARES
C3919,Monseñor Pablo Cabrera 4000,-31.369619,-64.205432,ANA MARIA ZUMARAN
MA-00000691,Bulevar Los Alemanes 3640,-31.34329312588763,-64.21791686286927,LOS BOULEVARES
MA-00000086,Córdoba S/N,-31.322370569677133,-64.22354221343996,LAS CORTADERAS
C5659,Avenida La Voz Del Interior S/N,-31.319034,-64.215002,LAS CORTADERAS
C4292,Agustin Patiño 698,-31.383057,-64.19892,SARGENTO CABRAL
C4293,Bulevar Los Granaderos 2040,-31.380922,-64.20092,ANA MARIA ZUMARAN
C4296,Suárez de Figueroa 198,-31.367402,-64.202267,MARQUES DE SOBREMONTE
C4297,Gaspar de Medina 596,-31.368263,-64.201296,MARQUES DE SOBREMONTE
C4299,Avenida Tomás de Irobi 294,-31.36732,-64.199531,MARQUES DE SOBREMONTE
C4300,Avenida Tomás de Irobi 498,-31.364979,-64.196366,MARQUES DE SOBREMONTE
C4301,Avenida Tomás de Irobi 604,-31.363357,-64.194193,MARQUES DE SOBREMONTE
C4302,Avenida Tomás de Irobi 718,-31.36197,-64.192268,MARQUES DE SOBREMONTE
C1078,Avenida Castro Barros 1155,-31.39541,-64.2014,SAN MARTIN
C4012,Avenida Colón 434,-31.411952,-64.188942,URQUIZA
C1040,Avenida Rafael Núñez 4535,-31.36533,-64.23554,COLINAS DEL CERRO
C1062,Avenida Caraffa 2965,-31.38601999999999,-64.21851,LAS MARGARITAS
C7140,Avenida General Paz 385,-31.410864,-64.184964,URQUIZA
C7344,República del Libano 1201,-31.387123,-64.170783,GENERAL BUSTOS
C4303,Avenida Tomás de Irobi 880,-31.360078,-64.189698,MARQUES DE SOBREMONTE
C4304,Avenida Tomás de Irobi 995,-31.358589,-64.187949,MARQUES DE SOBREMONTE
C4307,Suárez de Figueroa 1000,-31.357348,-64.188743,MARQUES DE SOBREMONTE
C1162,Juan Vucetich 7678,-31.46506,-64.08123,ITUZAINGO ANEXO
C1142,Juan Vucetich 6226,-31.46503,-64.10079,LOS SAUCES
C1014,Heriberto Martínez 6791,-31.34185,-64.2644,LA SALLE
C7449,Avenida Florencio Parravicini 2602,-31.373242,-64.172312,VILLA AZALAIS OESTE
C7438,República de Siria 784,-31.391744,-64.171379,GENERAL BUSTOS
C7422,Avenida Pueyrredón 2461,-31.419915,-64.218092,CUPANI
C7411,Aviador Locatelli 945,-31.413382,-64.250815,LAS VIOLETAS
C7402,Alto Alegre 1511,-31.424406,-64.263845,VILLA UNION
C7388,Sargento Gómez 5478,-31.420396,-64.257756,PARQUE REPUBLICA
C7380,Guardia Nacional 635,-31.411936,-64.238563,QUINTA SANTA ANA
C7370,Avenida Pueyrredón 2468,-31.419691,-64.218097,CUPANI
C7349,Gino Galeotti 617,-31.3939,-64.171126,GENERAL BUSTOS
C7336,Avenida Florencio Parravicini 2611,-31.372912,-64.172269,VILLA AZALAIS OESTE
C7293,Avenida Duarte Quirós 1301,-31.414101,-64.20283,URQUIZA
C7286,Avenida Santa Ana 3095,-31.413634,-64.225591,QUINTA SANTA ANA
C7003,Cleto Aguirre 6315,-31.409326,-64.266415,LOS ROBLES
C7266,Conrado Nale Roxlo 700,-31.361841,-64.165767,PARQUE LICEO SECCION 2
C7257,Avenida Duarte Quirós 3311,-31.406259,-64.226321,QUINTA SANTA ANA
C7691,Avenida Santa Ana 5846,-31.411469,-64.262016,PARQUE REPUBLICA
C7231,Falucho 189,-31.401318,-64.241776,LAS VIOLETAS
C7208,Avenida Juan B. Justo 9947,-31.309103,-64.175697,GUINAZU
C7170,Avenida Juan B. Justo 6121,-31.351145,-64.176244,REMEDIOS DE ESCALADA
C7160,Avenida Juan B. Justo 8834,-31.317064,-64.175992,GUINAZU
C7063,Avenida Juan B. Justo 5000,-31.365103,-64.176013,VILLA AZALAIS OESTE
C7054,Avenida Juan B. Justo 2908,-31.391057,-64.175869,GENERAL BUSTOS
C7030,Concejal Peñaloza 351,-31.407765,-64.22601,QUINTA SANTA ANA
C8481,Avenida Santa Ana 6336,-31.411432,-64.266629,PARQUE REPUBLICA
S00000004,Santiago Baravino 4979,-31.35651838622962,-64.21264708042146,LOS BOULEVARES
S00000005,Roberto Cayol 3101,-31.36167636406233,-64.2130494117737,ANA MARIA ZUMARAN
S00000007,Santiago Baravino 4211,-31.36600499915905,-64.2127972841263,LAS MARGARITAS
C1034,Avenida Rafael Núñez 5393,-31.35438,-64.24436,COLINAS DEL CERRO
C1016,Heriberto Martínez 7046,-31.3396,-64.26325,LA SALLE
C7448,Roberto Casaux 2602,-31.374758,-64.171684,VILLA AZALAIS OESTE
C7436,República de Siria 334,-31.396597,-64.173363,GENERAL BUSTOS
C7423,Avenida Pueyrredón 2157,-31.420176,-64.215474,CUPANI
C7188,Avenida Los Nogales S/N,-31.433767,-64.185884,GUEMES
C7412,Aviador Locatelli 857,-31.411899,-64.250847,LAS VIOLETAS
C7401,Viedma Recalde 6013,-31.426722,-64.264119,VILLA UNION
C7387,Sargento Gómez 5288,-31.420396,-64.255525,PARQUE REPUBLICA
C7379,Agustín Roque Arias 726,-31.413062,-64.238316,QUINTA SANTA ANA
C7369,Avenida Pueyrredón 2076,-31.420222,-64.214503,CUPANI
C7347,Gino Galeotti 906,-31.390718,-64.169759,GENERAL BUSTOS
C7601,Avenida Florencio Parravicini 2815,-31.371804,-64.169426,VILLA AZALAIS OESTE
C7292,Gregorio Luna y Cardenas 1580,-31.415456,-64.206617,CUPANI
C7285,Los Plátanos 602,-31.413076,-64.228445,QUINTA SANTA ANA
C7265,Conrado Nale Roxlo 598,-31.36164,-64.16705,PARQUE LICEO SECCION 2
C7256,Avenida Duarte Quirós 3569,-31.405778,-64.228714,QUINTA SANTA ANA
C7246,Avenida Santa Ana 4783,-31.411954,-64.249259,LAS VIOLETAS
C7661,Avenida Santa Ana 5389,-31.411505,-64.256727,PARQUE REPUBLICA
C7229,Avenida Duarte Quirós 4298,-31.402545,-64.237854,VILLA SIBURU
C4006,Avenida Colón 729,-31.4105,-64.19364,URQUIZA
C1082,Avenida Castro Barros 627,-31.39936,-64.19782,SAN MARTIN
C1074,Avenida Castro Barros 1539,-31.39193,-64.20331,VILLA PAEZ
C7455,José Luis Pons 1101,-31.366591296309164,-64.15368139743806,GENERAL MOSCONI
C7359,Avenida General Paz 463,-31.409866,-64.184548,URQUIZA
C7333,Florencio Parravicini 3509,-31.368249,-64.15977,PARQUE LICEO SECCION 2
C7203,Avenida Juan B. Justo 8543,-31.323365,-64.175745,GUINAZU
C7194,Alfonsina Storni 6,-31.353884,-64.175772,VILLA AZALAIS OESTE
C7183,Avenida Cruz Roja Argentina 321,-31.442239,-64.193764,LAS FLORES
C7162,Avenida Juan B. Justo 8512,-31.324433,-64.175906,GUINAZU
C7067,Alfonsina Storni 436,-31.353921,-64.169265,PARQUE LICEO SECCION 2
C7057,Avenida Juan B. Justo 3704,-31.382278,-64.175965,GENERAL BUSTOS
C7033,Avenida Duarte Quirós 2755,-31.408365,-64.219841,ALBERDI
C7023,Avenida Don Bosco 4309,-31.406822,-64.239888,QUINTA SANTA ANA
C7018,Avenida Don Bosco 5075,-31.402806,-64.249758,LAS VIOLETAS
C7012,Avenida Don Bosco 6061,-31.39722,-64.261651,LOS ROBLES
C7212,Avenida Santa Ana 6269,-31.411661,-64.266307,PARQUE REPUBLICA
C7153,Alto Alegre 744,-31.409047,-64.263963,LOS ROBLES
S00000013,Pablo Barrelier 2487,-31.38121089859955,-64.20706272125246,LAS MARGARITAS
S00000012,Avenida Ciudad de Valparaíso 4044,-31.459958183898287,-64.18683886528017,INAUDI
C4011,Avenida Monseñor Pablo Cabrera 2613,-31.380016,-64.207476,LAS MARGARITAS
C3890,Avenida Monseñor Pablo Cabrera 1869,-31.388515,-64.203629,VILLA PAEZ
C7420,Ángelo de Peredo 2807,-31.419558,-64.223714,QUINTA SANTA ANA
C7409,Aviador Locatelli 1161,-31.418107,-64.250836,LAS PALMAS
C7395,Río Yuspe 1496,-31.424003,-64.268389,VILLA UNION
C7384,Aviador Locatelli 1142,-31.417603,-64.250933,LAS PALMAS
C7375,Los Plátanos 921,-31.416459,-64.229186,QUINTA SANTA ANA
C3881,Roberto Cayol 3303,-31.360344,-64.217325,LOS BOULEVARES
S00000010,Fray Luis Beltrán 3299,-31.36612180083614,-64.21771679073572,LAS MARGARITAS
C7312,Bulevar San Juan 1488,-31.416285,-64.206317,CUPANI
C7354,Félix Frias 725,-31.409148,-64.171738,GENERAL PUEYRREDON
C7343,República del Libano 1403,-31.385163,-64.169989,GENERAL BUSTOS
C7290,Avenida Santa Ana 1907,-31.416418,-64.211483,ALBERDI
C7688,Carlos Giménez 196,-31.368662,-64.163085,PARQUE LICEO SECCION 2
C7262,Benjamín Vicuña Mackena 357,-31.364314,-64.17124,VILLA AZALAIS OESTE
C7252,Avenida Duarte Quirós 4448,-31.401405,-64.239834,VILLA SIBURU
C7280,Coronel Manuel Namuncurá 5807,-31.415585,-64.261689,PARQUE REPUBLICA
C7235,Avenida Santa Ana 4402,-31.41157,-64.242961,LAS PALMAS
C7116,Avenida Duarte Quirós 215,-31.418565,-64.188539,URQUIZA
C7222,Avenida C. Saavedra Lamas 399,-31.362986,-64.169952,VILLA AZALAIS OESTE
C7216,Rafael Pombo 800,-31.364924,-64.165542,PARQUE LICEO SECCION 2
C7206,Avenida Juan B. Justo RUTA 9,-31.313489,-64.175836,GUINAZU
MA-00000595,Avenida Juan B. Justo 6320,-31.347379000695245,-64.17608857154848,REMEDIOS DE ESCALADA
C7051,Avenida Juan B. Justo 2238,-31.400718,-64.175735,GENERAL BUSTOS
C7037,Avenida Duarte Quirós 1951,-31.411341,-64.210609,ALBERDI
C7025,Avenida Don Bosco 4065,-31.407586,-64.236943,QUINTA SANTA ANA
C7271,Avenida Santa Ana 6466,-31.411505,-64.268614,PARQUE REPUBLICA
C4093,Italia 1801,-31.390146,-64.20342,VILLA PAEZ
C4310,Avenida Tomás de Irobi 839,-31.360403,-64.19039,MARQUES DE SOBREMONTE
C4311,Avenida Tomás de Irobi 709,-31.361951,-64.192461,MARQUES DE SOBREMONTE
C4312,Avenida Tomás de Irobi 601,-31.363293,-64.194322,MARQUES DE SOBREMONTE
C4313,Avenida Tomás de Irobi 503,-31.364695,-64.196216,MARQUES DE SOBREMONTE
C4314,Avenida Tomás de Irobi 317,-31.366816,-64.199064,MARQUES DE SOBREMONTE
C4315,Avenida Tomás de Irobi 207,-31.368139,-64.200888,MARQUES DE SOBREMONTE
C4316,Gaspar de Medina 511,-31.367306,-64.20209,MARQUES DE SOBREMONTE
C4317,Suárez de Figueroa 111,-31.368163,-64.203688,ANA MARIA ZUMARAN
C4318,Las Vertientes 2580,-31.374987,-64.207626,ANA MARIA ZUMARAN
C4319,Talavera de Madrid 3101,-31.376168,-64.208227,LAS MARGARITAS
C4320,Bulevar Los Granaderos 2385,-31.377355,-64.205695,ANA MARIA ZUMARAN
C4321,Bulevar Los Granaderos 2221,-31.379063,-64.203554,ANA MARIA ZUMARAN
C4322,Bulevar Los Granaderos 2123,-31.380103,-64.202278,ANA MARIA ZUMARAN
C4323,Fernando Pinzón 2203,-31.382484,-64.200625,ANA MARIA ZUMARAN
C4324,Córdoba 421,-31.383446,-64.202304,ANA MARIA ZUMARAN
C4326,Colombres 1823,-31.386858,-64.200438,SAN MARTIN
C4327,Colombres 1613,-31.388698,-64.199241,SAN MARTIN
C4328,Suquía 205,-31.38972,-64.201001,SAN MARTIN
C7186,Bv. Enrique Barros S/N,-31.43795536016457,-64.18853837996721,GUEMES
C1056,Avenida Rafael Núñez 3521,-31.379020908414848,-64.22406021505594,LAS MARGARITAS
C4329,General Tomás Guido 1403,-31.39146,-64.200068,SAN MARTIN
C4330,General Tomás Guido 1201,-31.393255,-64.198861,SAN MARTIN
C4331,Obispo Ceballos 199,-31.395064,-64.197718,SAN MARTIN
C4335,Avenida Vélez Sarsfield 84,-31.416029,-64.187204,URQUIZA
C4219,Avenida Hipólito Yrigoyen 544,-31.427423,-64.185444,GUEMES
C4339,Carlos A. Becu 3038,-31.447182,-64.188523,LAS FLORES
C4340,Adrián Beccar Varela 565,-31.44898,-64.18958,LAS FLORES
C4341,Echenique Altamira 3396,-31.451177,-64.190589,LAS FLORES
C4342,Ernesto Bosch 513,-31.452755,-64.191442,LAS FLORES
C4325,Colombres 2051,-31.384832528270813,-64.20174423605204,ANA MARIA ZUMARAN
MA-00000014,Bulevar Chacabuco 351,-31.42121996221777,-64.18171048164369,GUEMES
MA-00000690,Boulevard Bernardino Rivadavia 4176,-31.33663049680341,-64.22369241714479,LAS CORTADERAS
MA-00000959,Jacobo Joule 5920,-31.35802966152128,-64.25389660816626,COLINAS DEL CERRO
MA-00000010,Evangelista Torricelli 5757,-31.357045190901108,-64.24654483795167,COLINAS DEL CERRO
C0522,Avenida Rafael Núñez 5163,-31.35700854371512,-64.24281120300294,COLINAS DEL CERRO
MA-00000659,Jacobo Joule 5493,-31.3595454949744,-64.24915903292545,COLINAS DEL CERRO
C4640,Avenida La Cordillera 4686,-31.359794,-64.234807,LOS BOULEVARES
C4764,Manuel Cardeñosa 4139,-31.359601,-64.227093,LOS BOULEVARES
AA24,AV. SANATA ANA Y ATTE GUILLERMO BROWN,-31.414563,-64.220602,ALBERDI
C4223,Avenida Tte. Gral. Pablo Ricchieri 2156,-31.436957,-64.176035,VILLA REVOL
C4343,José María Eguiluz 502,-31.454536,-64.192294,LAS FLORES
C4344,Leonismo Argentino 502,-31.455968,-64.192675,LAS FLORES
C4309,Avenida Tomás de Irobi 995,-31.358549253611365,-64.18789766608307,MARQUES DE SOBREMONTE
C4665,Bulevar Los Alemanes 4886,-31.343274,-64.232581,LAS CORTADERAS
C4666,Bulevar Los Alemanes 5061,-31.343379,-64.234663,LAS CORTADERAS
C4678,Avenida La Cordillera 4835,-31.358942,-64.237157,COLINAS DEL CERRO
C4679,Avenida La Cordillera 4741,-31.359574,-64.235618,LOS BOULEVARES
C6415,Avenida Santa Fe 867,-31.40183998311729,-64.1979381814599,SAN MARTIN
C4650,De Los Yugoeslavos 6202,-31.343242,-64.239727,LAS CORTADERAS
C3921,Avenida Monseñor Pablo Cabrera 4970,-31.357938,-64.203275,MARQUES DE SOBREMONTE
C4557,Avenida Zárate 1881,-31.375825,-64.198823,SARGENTO CABRAL
MA-00000686,Bulevar Los Alemanes 4038,-31.34329312588763,-64.22255172004701,LOS BOULEVARES
p16_ida_a1,Avenida Roque Sáenz Peña 1184,-31.401944721130825,-64.18340966105461,SAN MARTIN
C6398,Icho Cruz 100,-31.481119,-64.205443,COMERCIAL
C1352,Juan J. Berzelius 5602,-31.36408,-64.25276,COLINAS DEL CERRO
C4704,Concejal Felipe Belardinelli 3894,-31.456105,-64.196194,LAS FLORES
C4680,Avenida La Cordillera 4511,-31.360943,-64.23241,LOS BOULEVARES
C4681,Avenida La Cordillera 4253,-31.362199,-64.229518,LOS BOULEVARES
C4682,Avenida La Cordillera 4133,-31.362831,-64.228123,LOS BOULEVARES
C4683,Avenida La Cordillera 4003,-31.363449,-64.226643,LOS BOULEVARES
C4684,Avenida La Cordillera 3709,-31.364599,-64.224057,LAS MARGARITAS
C4685,Avenida La Cordillera 3452,-31.365584,-64.221418,LAS MARGARITAS
C4686,Rodríguez del Busto 3605,-31.368602,-64.221295,LAS MARGARITAS
C4687,Alfredo Guido 2774,-31.370979,-64.221616,LAS MARGARITAS
C4688,Curapaligüe 3377,-31.372894,-64.222035,LAS MARGARITAS
C4690,Mercedes de San Martín 3381,-31.377542,-64.222797,LAS MARGARITAS
C4691,Mercedes de San Martín 3213,-31.377941,-64.220511,LAS MARGARITAS
C4692,Manuel Quintana 2311,-31.379452,-64.220613,LAS MARGARITAS
C4693,Vera y Zárate 3109,-31.37986,-64.218988,LAS MARGARITAS
C4129,Vera y Zárate 3015,-31.380144,-64.21733,LAS MARGARITAS
C3891,Avenida Castro Barros 1327,-31.393612,-64.202428,VILLA PAEZ
C4095,Avenida Castro Barros 1155,-31.39499,-64.201645,SAN MARTIN
C3892,Avenida Castro Barros 983,-31.396639,-64.200277,SAN MARTIN
C4599,Federico Brandsen 152,-31.397129,-64.196988,SAN MARTIN
C4047,Avenida Monseñor Pablo Cabrera 2228,-31.385392,-64.206779,LAS MARGARITAS
C4187,Bulevar Los Alemanes 2801,-31.343512,-64.207417,LOS BOULEVARES
MA-00000269,Illia 323,-31.42195583551322,-64.18152272701263,GUEMES
C5664,Minuzzi S/N,-31.46361,-64.198426,CABO FARINA
C5665,Concejal Felipe Belardinelli S/N,-31.461688,-64.197621,CABO FARINA
C5666,Wenceslao Escalante 300,-31.460416,-64.19731,CABO FARINA
C5667,Concejal Felipe Belardinelli 4000,-31.458137,-64.196688,LAS FLORES
C5668,Concejal Felipe Belardinelli 3968,-31.457149,-64.196452,LAS FLORES
C5670,Leonismo Argentino S/N,-31.454979,-64.195883,LAS FLORES
C2040,Avenida Malvinas Argentinas 1995,-31.39157,-64.14549,LOS PINOS
C2016,Celestino Vidal 2865,-31.37704,-64.1399,NUEVA ITALIA
C2000,Julio de Vedia 3865,-31.36509,-64.13816,PATRICIOS ESTE
C3104,Alsina 2578,-31.37962,-64.13332,RESIDENCIAL SAN JORGE
C3078,Avenida Bulnes 2277,-31.39539,-64.1586,GENERAL PUEYRREDON
C3064,Roma 636,-31.40856,-64.16521,GENERAL PUEYRREDON
C3044,Río Negro 1251,-31.42534,-64.2097,CUPANI
C3026,Avenida Fuerza Aérea 3535,-31.43197,-64.23523,AMEGHINO NORTE
C4002,Avellaneda 385,-31.40809268487832,-64.19465553899322,URQUIZA
C3006,Aviador Silvio Pettirossi 3053,-31.44373999999999,-64.24806,ESTACION FLORES
C1330,Avenida Recta Martinoli 7041,-31.34797,-64.26184,LA SALLE
C1310,Avenida Recta Martinoli 8929,-31.3427,-64.28934,LA SALLE
C0588,Manuel de Falla 6801,-31.34115729688817,-64.29128944873811,VILLA RIVERA INDARTE
C4230,Avenida Ciudad De Valparaíso S/N,-31.43827,-64.186078,GUEMES
C1624,Avenida Ricardo Rojas 8391,-31.33724446828518,-64.28046941757204,LA SALLE
C0605,Avenida Ricardo Rojas 8488,-31.33696,-64.281617,LA SALLE
C4110,Jujuy 386,-31.410061,-64.189219,URQUIZA
C0639,San Lorenzo 2,-31.314969,-64.308246,VILLA RIVERA INDARTE
C0629,Eva Perón 9678,-31.313022,-64.298666,VILLA RIVERA INDARTE
C1604,Eva Perón 8733,-31.31338970514632,-64.2887644842267,VILLA ALLENDE PARQUE
C0612,Agua de la Pilona 8697,-31.327854046811147,-64.28830549120902,VILLA RIVERA INDARTE
C1284,A Capilla De Los Remedios 6473,-31.45945,-64.09875,LOS SAUCES
C1550,Martín Zapata 4670,-31.45491,-64.10983,SAN LORENZO
C0450,Avenida Torcuato Wermuth 4702,-31.45593,-64.10174,LOS SAUCES
C1510,Avenida Gdor. Amadeo Sabattini S/N,-31.48992,-64.0786,ITUZAINGO ANEXO
C1486,Cipriano Perelló 4938,-31.46598,-64.11248,FERREYRA
C1460,Molleyaco 8172,-31.323704,-64.280232,VILLA ALLENDE PARQUE
C0224,Linco 9712,-31.31288,-64.28235,VILLA ALLENDE PARQUE
C0196,Piedra Labrada 7779,-31.325727,-64.268742,VILLA 9 DE JULIO
C0172,Cipriano Perelló 4930,-31.46597,-64.11241,FERREYRA
C1430,Rodríguez del Busto 2785,-31.37567,-64.22273,LAS MARGARITAS
C1410,Manuel López 2554,-31.36085642025119,-64.23487186431886,COLINAS DEL CERRO
c0351,Juan Abella 5999,-31.33992940098213,-64.24423813819887,LAS CORTADERAS
C1368,Onofre Marimón 6752,-31.32042,-64.25477,MERCANTIL
C0318,Rodríguez del Busto 2806,-31.37584,-64.22277,LAS MARGARITAS
C0309,José Ignacio De La Roza S/N,-31.443208980313397,-64.10926938056947,VILLA BUSTOS
C0354,Pozo De La Loma 6201,-31.33743,-64.24585,CERRITO AUTODROMO
C0338,Avenida La Cordillera 4830,-31.35895052609669,-64.23685128401422,COLINAS DEL CERRO
C1262,Malalco 7317,-31.32313,-64.26449,MERCANTIL
C1283,A Capilla De Los Remedios 6235,-31.460169,-64.101314,LOS SAUCES
C0410,Valerio Beta 7415,-31.32561,-64.26412,VILLA 9 DE JULIO
C0184,Tte. Gral. Donato Alvarez 7133,-31.33867,-64.25731,ARGUELLO
C0268,Avenida Donato Álvarez 8496,-31.32501999999999,-64.26839,VILLA 9 DE JULIO
C0254,Junín 4534,-31.42978,-64.12671,EMPALME
C0248,Cangallo 1820,-31.43032,-64.11927,EMPALME
C0232,Presidente Perón 8600,-31.30737,-64.28648,VILLA ALLENDE PARQUE
C0282,Cauque 7285,-31.31704,-64.26879,VILLA CORNU
C1226,Junín 4860,-31.42978,-64.12396,EMPALME
C1212,Avenida Donato Álvarez 7339,-31.33672,-64.26015,ARGUELLO
C1194,Tipayante 7297,-31.32113,-64.26605,VILLA CORNU
C0160,José León Sandoval 7751,-31.34061,-64.26921,LA SALLE
C0142,Avenida Ricardo Rojas 6698,-31.34177,-64.25421,ARGUELLO
C0102,Avenida Caraffa 2780,-31.38683,-64.21577,LAS MARGARITAS
C0376,Eugenio Pizzolatto 6727,-31.3233,-64.25421,ARGUELLO
C4094,Humberto Primo 733,-31.40704,-64.19197,URQUIZA
C4016,Avenida Colón 165,-31.41321,-64.18497,URQUIZA
C4628,Rozas de Oquendo 3242,-31.376622,-64.220463,LAS MARGARITAS
C4629,Rozas de Oquendo 3392,-31.376269,-64.2227,LAS MARGARITAS
C4630,Curapaligüe 3371,-31.37304,-64.222072,LAS MARGARITAS
C4631,Rodríguez del Busto 3402,-31.370036,-64.221332,LAS MARGARITAS
C4632,Rodríguez del Busto 3518,-31.369266,-64.221193,LAS MARGARITAS
C4633,Rodríguez del Busto 3838,-31.367613,-64.220806,LAS MARGARITAS
C4634,Avenida La Cordillera 3486,-31.365455,-64.221724,LAS MARGARITAS
C4635,Avenida La Cordillera 3790,-31.363976,-64.225028,LAS MARGARITAS
C4636,Avenida La Cordillera 3872,-31.363596,-64.225951,LAS MARGARITAS
C4637,Avenida La Cordillera 4130,-31.362643,-64.228156,LOS BOULEVARES
C4638,Avenida La Cordillera 4332,-31.36158,-64.230527,LOS BOULEVARES
C4639,Avenida La Cordillera 4530,-31.360756,-64.23256,LOS BOULEVARES
C4649,De Los Sirios 6257,-31.34293,-64.238643,LAS CORTADERAS
C1248,José María Rosa S/N,-31.318126999526896,-64.25775647163393,MERCANTIL
S00000031,Arroyito 8723,-31.321765666397773,-64.2957901954651,VILLA RIVERA INDARTE
S00000032,Monte de los Gauchos 9641,-31.322242257185067,-64.29860115051271,VILLA RIVERA INDARTE
S00000033,Aguaribay S/N,-31.32475348417889,-64.30175542831422,VILLA RIVERA INDARTE
S00000034,San Marcos Sierra 8100,-31.328767642221656,-64.29797887802125,VILLA RIVERA INDARTE
S00000042,Bv. Enrique Barros S/N,-31.43887932755343,-64.18660283088686,GUEMES
S00000043,Chaquira S/N,-31.314818165276865,-64.2567265033722,COOPERATIVA 16 DE NOVIEMBRE
S00000044,Dirección desconocida,-31.31460734918305,-64.25416231155397,MERCANTIL
C1364,Peña S/N,-31.316770483202856,-64.25586819648744,MERCANTIL
S00000045,Peña S/N,-31.313443269211717,-64.25811052322389,COOPERATIVA 16 DE NOVIEMBRE
S00000046,Ravello 9200,-31.31314995545353,-64.26109313964845,COOPERATIVA 16 DE NOVIEMBRE
S00000047,Avenida Central 8997,-31.315056478553817,-64.26177978515626,COOPERATIVA 16 DE NOVIEMBRE
C0384,Peña S/N,-31.318374469991934,-64.2547631263733,MERCANTIL
C9092,Rodriguez Peña 74,-31.411267366914554,-64.19719219207765,URQUIZA
C1174,Avenida Donato Álvarez 9801,-31.31183089156904,-64.27785694599152,VILLA ALLENDE PARQUE
S00000048,Peña S/N,-31.31291622039851,-64.2585074901581,COOPERATIVA 16 DE NOVIEMBRE
S00000049,Avenida Central 8957,-31.314928156095004,-64.26117897033693,COOPERATIVA 16 DE NOVIEMBRE
S00000051,Presidente Perón 8598,-31.306632654780604,-64.28617715835573,VILLA ALLENDE PARQUE
S00000054,Aviador Silvio Pettirossi 3716,-31.450998190120192,-64.24820780754091,ESTACION FLORES
S00000055,Avenida La Donosa S/N,-31.452279549208956,-64.25561070442201,SACHI
S00000056,Avenida La Donosa S/N,-31.452334464206785,-64.25853967666627,SACHI
S00000057,Avenida La Donosa S/N,-31.45257242882539,-64.26379680633546,SACHI
S00000058,Cabo Virgenes S/N,-31.454164945712638,-64.26527738571168,SACHI
S00000059,Pública F S/N,-31.45608691279456,-64.26515936851503,SACHI
S00000060,Pública 18 S/N,-31.45719431401356,-64.26509499549867,SACHI
S00000061,Blvd. Renault S/N,-31.45378054756362,-64.23791885375978,ESTACION FLORES
C2394,San Antonio 2041,-31.44748351522449,-64.22397136688234,ROSEDAL ANEXO
C2392,San Antonio 2404,-31.44905781299143,-64.22847747802734,ROSEDAL ANEXO
C3354,Doctor Horacio Martinez 3711,-31.45011953375792,-64.21452999114992,FERRER
S00000063,San Antonio 1543,-31.446641438118025,-64.21819925308229,FERRER
S00000064,Doctor Horacio Martinez 3522,-31.448009809572707,-64.2140579223633,FERRER
S00000065,Dirk Henry Kloosterman 1351,-31.45700212135262,-64.21950817108156,FERRER
S00000066,Dirk Henry Kloosterman 1531,-31.45594047859533,-64.22238349914552,CONGRESO
S00000067,Miguel Ángel Palacio 1783,-31.453341233461664,-64.22332763671876,FERRER
S00000069,Panamá 2999,-31.41246686168241,-64.1459619998932,YAPEYU
S00000071,Pública 4 S/N,-31.460800141295937,-64.26249861717226,SACHI
S00000072,Pública 5 S/N,-31.462612154364788,-64.26314234733583,SACHI
S00000075,Santiago Cáceres 1678,-31.433039013952136,-64.19873714447023,BELLA VISTA
S00000077,Bulevar Juan Domingo Perón 68,-31.41932474717835,-64.17597055435182,URQUIZA
S00000078,25 de Mayo 550,-31.41741118203013,-64.17628169059755,URQUIZA
S00000079,Bulevar Juan Domingo Perón 688,-31.42465322526352,-64.17193651199342,CRISOL SUD
S00000080,Dirección desconocida,-31.42808636261596,-64.16969418525697,CRISOL SUD
S00000053,27 de Abril 952,-31.41330062661879,-64.19719150732021,URQUIZA
S00000052,Avenida General Paz 183,-31.4132285965315,-64.18595570476563,URQUIZA
S00000082,Corrientes S/N,-31.424076445856077,-64.16711926460268,CRISOL SUD
S00000083,Agustín Garzón S/N,-31.424937036050597,-64.16653990745546,CRISOL SUD
S00000084,Bulevar Juan Domingo Perón 34,-31.41894020612016,-64.1759490966797,URQUIZA
S00000085,Bulevar Juan Domingo Perón 339,-31.4220851563512,-64.1748332977295,GUEMES
S00000086,Santiago del Estero 226,-31.41544264126229,-64.17592763900758,URQUIZA
S00000087,Lima 333,-31.41387693515769,-64.17808413505556,URQUIZA
S00000089,Pública A Sur S/N,-31.46320699949486,-64.26229476928712,SACHI
C0068,Avenida Sabattini 2193,-31.43304816833342,-64.15686249732973,CRISOL SUD
S00000090,Pública 5 S/N,-31.46125772366304,-64.26284193992616,SACHI
S00000091,Dirección desconocida,-31.462831789929787,-64.25976276397706,SACHI
S00000088,Sarmiento 151,-31.41073628799732,-64.17951107025148,URQUIZA
S00000074,2 de Septiembre S/N,-31.470308243329026,-64.23864841461183,CONGRESO
S00000092,Avignon S/N,-31.47986112872132,-64.25473093986513,PARQUE FUTURA
S00000093,Nantes S/N,-31.480638859029558,-64.2535185813904,PARQUE FUTURA
S00000094,Nantes S/N,-31.480538859029554,-64.25341858139039,PARQUE FUTURA
S00000095,Avignon S/N,-31.48004412466952,-64.25472021102907,PARQUE FUTURA
S00000098,Bartolomé Jaime 747,-31.362047397738277,-64.19135570526124,MARQUES DE SOBREMONTE
S00000100,Bartolomé Jaime 523,-31.36480491077567,-64.1951107978821,MARQUES DE SOBREMONTE
S00000099,Bartolomé Jaime 613,-31.363696418579995,-64.19356584548952,MARQUES DE SOBREMONTE
S00000101,Avenida Cornelio Saavedra 4233,-31.366499687620543,-64.19558286666872,MARQUES DE SOBREMONTE
S00000102,Avenida Cornelio Saavedra 4039,-31.368579182860724,-64.19597446918489,MARQUES DE SOBREMONTE
S00000103,Avenida Cornelio Saavedra 3871,-31.370420459621336,-64.19636607170106,SARGENTO CABRAL
S00000104,Avenida Cornelio Saavedra 3674,-31.37224337968076,-64.19645190238954,SARGENTO CABRAL
S00000105,Avenida Cornelio Saavedra 3313,-31.374643351157545,-64.19626951217653,SARGENTO CABRAL
S00000106,Avenida Cornelio Saavedra 3131,-31.376447869488874,-64.19628024101259,SARGENTO CABRAL
S00000107,Avenida Cornelio Saavedra 3017,-31.377885963342194,-64.1963016986847,SARGENTO CABRAL
S00000108,Anacreonte 1576,-31.37943395059564,-64.19521808624269,SARGENTO CABRAL
S00000113,Francisco de Quevedo 846,-31.383986167666432,-64.18584108352663,HIPOLITO IRIGOYEN
S00000114,Federico Brandsen 283,-31.39645096876913,-64.19571161270143,SAN MARTIN
S00000115,Avenida Santa Fe 331,-31.40691334674944,-64.2002445459366,URQUIZA
S00000116,Avenida Cornelio Saavedra 3058,-31.37749209269227,-64.19621586799623,SARGENTO CABRAL
S00000118,Avenida Santa Fe 888,-31.401707486501053,-64.19777154922487,SAN MARTIN
S00000117,Avenida Santa Fe 342,-31.4068263558548,-64.20007288455965,URQUIZA
S00000119,Avenida Cornelio Saavedra 3335,-31.37448762967713,-64.19626951217653,SARGENTO CABRAL
S00000126,Luis José de Tejeda 4478,-31.36708598168484,-64.23650264739992,COLINAS DEL CERRO
S00000127,Luis José de Tejeda 4628,-31.364484273881,-64.23815488815309,COLINAS DEL CERRO
S00000129,Avenida Rafael Núñez 5147,-31.35705435269537,-64.24248933792116,COLINAS DEL CERRO
S00000130,Avenida Recta Martinoli 5484,-31.354177505428176,-64.24646973609926,COLINAS DEL CERRO
S00000131,Avenida Rafael Núñez 5675,-31.352610777701116,-64.24837946891786,LAS CORTADERAS
S00000183,Juan Jufré S/N,-31.45354258601416,-64.14391279220582,BH_CAMINO A 60 CUADRAS
S00000184,Baltimore 2000,-31.46921929889416,-64.23267245292665,CONGRESO
S00000139,Pablo Buitrago 7184,-31.338005054267,-64.27340984344484,LA SALLE
S00000142,Avenida Ricardo Rojas 8358,-31.33675878968293,-64.2794179916382,LA SALLE
S00000146,Manuel de Falla 7349,-31.337198649656205,-64.29037213325502,VILLA RIVERA INDARTE
S00000150,Avenida Recta Martinoli 8778,-31.34509745164646,-64.28556561470033,LA SALLE
S00000158,Avenida Recta Martinoli 6827,-31.34811201675585,-64.25901174545288,LA SALLE
S00000111,Luis de Góngora 1158,-31.38049527787368,-64.1899007400153,SARGENTO CABRAL
S00000128,Avenida Rafael Núñez 4838,-31.359752501935198,-64.23869466632686,COLINAS DEL CERRO
S00000198,Camino a San Carlos 5379,-31.47500245541404,-64.16875004768373,CERVECEROS
S00000213,Lagunilla 3463,-31.43692954545239,-64.23417448997499,AMEGHINO NORTE
S00000215,Bulevar Las Heras 840,-31.40532460559302,-64.19168829917909,URQUIZA
S00000217,Bulevar Las Heras 410,-31.40519640628663,-64.18565869331361,URQUIZA
S00000219,Tilcara 602,-31.474695920484383,-64.21160101890565,COMERCIAL
S00000220,Capitán Garcia Cuerva S/N,-31.45668637541057,-64.186629652977,LAS FLORES
S00000222,De Los Eslovenos 5499,-31.34152382987373,-64.24012899398805,LAS CORTADERAS
S00000232,25 de Mayo 1359,-31.41450027631322,-64.16494859924317,YAPEYU
S00000233,Avenida Julio A. Roca 879,-31.42852579512264,-64.20420885086061,CUPANI
S00000234,Julio Tristany 8412,-31.32497344247689,-64.25201654434206,ARGUELLO
C5088,Avenida Colón 5511,-31.39576,-64.254624,LOS ROBLES
S00000140,Pablo Buitrago 7372,-31.33630060002436,-64.2734205722809,VILLA 9 DE JULIO
S00000145,Avenida Ricardo Rojas 8952,-31.33609899586781,-64.28908467292787,VILLA RIVERA INDARTE
S00000148,Avenida Recta Martinoli 8945,-31.34255011463638,-64.28956747055055,LA SALLE
S00000152,Avenida Recta Martinoli 8317,-31.346888793017207,-64.27809298038484,LA SALLE
S00000156,Avenida Recta Martinoli 7458,-31.34764471967729,-64.26572799682619,LA SALLE
S00000159,Avenida Recta Martinoli 6495,-31.348451034751875,-64.25565361976625,LA SALLE
S00000164,Avenida Rafael Núñez 4775,-31.360512866249053,-64.23848748207094,COLINAS DEL CERRO
S00000191,Avenida El Chingolo S/N,-31.341642952786557,-64.17361021041872,REMEDIOS DE ESCALADA
S00000192,Avenida El Chingolo S/N,-31.342119442929626,-64.17152881622316,REMEDIOS DE ESCALADA
S00000193,Dirección desconocida,-31.34035091929355,-64.17013406753541,REMEDIOS DE ESCALADA
S00000134,Avenida Recta Martinoli S/N,-31.355707559359093,-64.24471020698549,COLINAS DEL CERRO
C0542,Avenida Recta Martinoli 6901,-31.34804,-64.25926,LA SALLE
S00000132,Avenida Recta Martinoli 5852,-31.35071417763424,-64.2504394054413,LA SALLE
S00000165,José Echenique 1952,-31.365693527310523,-64.2383909225464,COLINAS DEL CERRO
S00000194,Amalia Celia Figueredo de Pietra S/N,-31.33628227239161,-64.17384624481203,REMEDIOS DE ESCALADA
S00000200,Nicolás Avellaneda 1843,-31.393227314038167,-64.18770790100099,SAN MARTIN
S00000203,Luis de Góngora 989,-31.380514778643963,-64.18771862983705,HIPOLITO IRIGOYEN
S00000206,Avenida Cornelio Saavedra 4069,-31.368203594614062,-64.19589400291444,MARQUES DE SOBREMONTE
S00000211,Rodríguez de Ruesca 720,-31.361149585340247,-64.1880512237549,MARQUES DE SOBREMONTE
S00000214,Lagunilla 3147,-31.436883775432253,-64.23058032989503,ROSEDAL ANEXO
S00000216,Bulevar Las Heras 549,-31.405516904224264,-64.18826580047609,URQUIZA
S00000218,Bulevar Las Heras 244,-31.404683607309767,-64.18328762054445,URQUIZA
S00000221,Alexander Fleming 2340,-31.43629791720057,-64.23594474792482,AMEGHINO NORTE
S00000136,Viracocha 6788,-31.34221107537277,-64.27339911460878,LA SALLE
S00000141,Avenida Ricardo Rojas 8238,-31.335924882839556,-64.27636027336122,LA SALLE
S00000144,Avenida Ricardo Rojas 8782,-31.33724446828518,-64.28561925888063,LA SALLE
S00000149,Avenida Recta Martinoli 8855,-31.343952074834952,-64.28761482238771,LA SALLE
S00000153,Avenida Recta Martinoli 8173,-31.347058304372407,-64.27551269531251,LA SALLE
S00000157,Avenida Recta Martinoli 7079,-31.347919600592903,-64.26169395446779,LA SALLE
S00000161,Avenida Recta Martinoli 5743,-31.351703712876,-64.24954891204835,CERRITO AUTODROMO
S00000195,Dirección desconocida,-31.33767516230699,-64.17019844055176,REMEDIOS DE ESCALADA
S00000196,Avenida Juan B. Justo S/N,-31.325376698021792,-64.17556285858156,GUINAZU
S00000201,Juan Lavalleja 2155,-31.39042484243476,-64.18253660202028,SAN MARTIN
S00000204,Luis de Góngora 1324,-31.38047814060866,-64.19185996055604,SARGENTO CABRAL
S00000207,Avenida Cornelio Saavedra 4244,-31.36627982640355,-64.195454120636,MARQUES DE SOBREMONTE
C4000,Avellaneda 361,-31.40823,-64.1947,URQUIZA
S00000137,Pablo Buitrago 7042,-31.33983776631672,-64.27343130111696,LA SALLE
S00000143,Avenida Ricardo Rojas 8536,-31.33700621117091,-64.28234696388246,LA SALLE
S00000147,Manuel de Falla 7003,-31.33952620778675,-64.29037213325502,VILLA RIVERA INDARTE
S00000151,Avenida Recta Martinoli 8580,-31.346517699524533,-64.28215384483339,LA SALLE
S00000155,Avenida Recta Martinoli 7810,-31.34743397709795,-64.26917195320131,LA SALLE
S00000160,Avenida Recta Martinoli 6069,-31.349770444509403,-64.25207018852235,LA SALLE
S00000197,Avenida Juan B. Justo S/N,-31.329959026049927,-64.17575597763063,REMEDIOS DE ESCALADA
C7200,Avenida Juan B. Justo 7052,-31.334816,-64.175606,REMEDIOS DE ESCALADA
S00000202,Luis de Góngora 747,-31.38053309765625,-64.18448925018312,HIPOLITO IRIGOYEN
S00000208,Bartolomé Jaime 639,-31.363421583781903,-64.19317960739137,MARQUES DE SOBREMONTE
S00000212,Sabino O'Donell 784,-31.362084042960152,-64.18509006500246,VILLA AZALAIS OESTE
S00000168,Ferroviarios 2037,-31.430709194850262,-64.15850937366486,CRISOL SUD
S00000205,Luis de Góngora 1532,-31.380496459628112,-64.19457435607912,SARGENTO CABRAL
S00000210,Bartolomé Jaime 761,-31.36191913934924,-64.19111967086793,MARQUES DE SOBREMONTE
S00000209,Avenida Cornelio Saavedra 3897,-31.37020060757637,-64.19626951217653,MARQUES DE SOBREMONTE
S00000171,Avenida Amadeo Sabattini S/N,-31.427669815317635,-64.17167365550996,CRISOL SUD
S00000230,Rodríguez del Busto 2685,-31.37635627040856,-64.2230272293091,LAS MARGARITAS
S00000231,Minuzzi S/N,-31.46322530236201,-64.19977784156801,CABO FARINA
S00000174,Esposos Curie S/N,-31.4257518428921,-64.16630387306215,CRISOL SUD
S00000175,Ferroviarios S/N,-31.42959690322941,-64.16134715080263,CRISOL SUD
S00000176,Asunción 1700,-31.42664903774083,-64.1630530357361,CRISOL SUD
S00000177,Luis Braille 2368,-31.432032026552932,-64.1544806957245,JARDIN DEL PILAR
S00000178,Dirección desconocida,-31.44903950735546,-64.14629459381104,BH_CAMINO A 60 CUADRAS
S00000179,Dirección desconocida,-31.45160226158864,-64.14620876312257,BH_CAMINO A 60 CUADRAS
S00000180,Dirección desconocida,-31.450389538413024,-64.14708852767946,BH_CAMINO A 60 CUADRAS
S00000181,Dirección desconocida,-31.452004973736862,-64.14395570755006,BH_CAMINO A 60 CUADRAS
S00000182,Francisco de la Retana S/N,-31.452755478120643,-64.1421961784363,BH_CAMINO A 60 CUADRAS
S00000312,Avenida Sabattini 1643,-31.43161091952399,-64.16401326656343,CRISOL SUD
C0668,Dirección desconocida,-31.47717104698581,-64.08642232418062,ITUZAINGO ANEXO
C4030,Avenida General Paz 311,-31.41145,-64.18515,URQUIZA
S00000236,Julio Tristany 8216,-31.32750292596546,-64.25201654434206,ARGUELLO
S00000237,Julio Tristany 8234,-31.327374620468355,-64.252005815506,ARGUELLO
S00000167,Gregorio Y. Gavier 1899,-31.37050290400559,-64.23724293708803,COLINAS DEL CERRO
S00000172,Mariano Moreno 255,-31.414957366726096,-64.19845819473268,URQUIZA
S00000081,Bajada del Pucará S/N,-31.428022278536663,-64.16949033737184,CRISOL SUD
MA-00000560,Avenida Sabattini 1677,-31.431876400262595,-64.16353583335878,CRISOL SUD
MA-00000565,Avenida Gobernador Amadeo Sabattini 3331,-31.43274607327892,-64.14325833320619,JOSE IGNACIO DIAZ SECCION 1
MA-00000567,Bv. Enrique Barros 2228,-31.433556235093288,-64.1856372356415,GUEMES
MA-00000568,Avenida Cruz Roja Argentina 522,-31.44288403445959,-64.18962299823762,LAS FLORES
MA-00000571,Venezuela 113,-31.43329533629028,-64.18943524360658,GUEMES
C 718,Avenida Vélez Sarsfield 162,-31.417017477181435,-64.18753623962404,URQUIZA
MA-00000583,Molino de Torres S/N,-31.35013121739247,-64.30952914059162,VILLA RIVERA INDARTE
S00000240,Santiago Baravino 4989,-31.356431348651952,-64.21258807182313,LOS BOULEVARES
S00000238,Azor Grimaut 3101,-31.358941663278987,-64.21312451362611,LOS BOULEVARES
S00000242,Lino Spilimbergo S/N,-31.347149932004804,-64.2256021499634,LOS BOULEVARES
S00000227,Bulevar Los Polacos S/N,-31.331993508184908,-64.23136353492738,LAS CORTADERAS
S00000170,Ortiz Herrera 1951,-31.429468737091906,-64.16213035583498,CRISOL SUD
S00000173,Ferroviarios 1538,-31.429056773320408,-64.16470527648927,CRISOL SUD
S00000243,De Los Rusos 4160,-31.3460320687917,-64.22397136688234,LOS BOULEVARES
S00000244,De Los Rusos 3876,-31.346041231658923,-64.22064006328584,LOS BOULEVARES
S00000245,Lino Spilimbergo S/N,-31.351552534554568,-64.22575771808626,LOS BOULEVARES
S00000246,Dirección desconocida,-31.348368571027468,-64.22011971473695,LOS BOULEVARES
S00000247,De Los Rusos 4140,-31.34605497595808,-64.2237836122513,LOS BOULEVARES
S00000248,De Los Rusos 3894,-31.346045813092207,-64.22082245349885,LOS BOULEVARES
MA-00000681,De Los Rusos 4307,-31.3468933744092,-64.2259454727173,LOS BOULEVARES
C3879,Lino E. Spilimbergo 4791,-31.357723,-64.226128,LOS BOULEVARES
S00000003,Dirección desconocida,-31.3518503098041,-64.22597765922548,LOS BOULEVARES
C4075,Roberto Cayol 3399,-31.360082,-64.219111,LOS BOULEVARES
C6076,General Lavalleja 954,-31.404107,-64.18752,SAN MARTIN
S00000251,Avenida Ejército Argentino 7046,-31.388776290654928,-64.27577018737794,PARQUE DON BOSCO
MA-00000632,Acceso Feriar S/N,-31.372344143074773,-64.25434470176698,COLINAS DEL CERRO
MA-00000633,Parque Chateau Carreras S/N,-31.372664753155064,-64.2568337917328,COLINAS DEL CERRO
MA-00000192,Nicolás Mascardi 253,-31.38601032210156,-64.27511572837831,PARQUE DON BOSCO
C5067,Avenida Mahatma Ghandi 68,-31.391304,-64.26936,PARQUE DON BOSCO
C4959,Bv. Enrique Barros S/N,-31.438917659130656,-64.18731797486544,GUEMES
C4508,Elias Yofre 802,-31.45094213025987,-64.1846863925457,VILLA REVOL
S00000253,Avenida Elpidio González 2003,-31.435808173525064,-64.20344710350038,BELLA VISTA
C6543,Alejandro Centeno 702,-31.43619808064259,-64.20369185507298,BELLA VISTA
C4120,Mariano Fragueíro 322,-31.40942631863518,-64.19210907071829,URQUIZA
C4113,Bv. Enrique Barros S/N,-31.43635656040139,-64.18838884681463,GUEMES
MA-00000643,Doctor Oscar Cocca 163,-31.45189514332269,-64.20183241367342,LAS FLORES
C6230,Avenida Armada Argentina 33,-31.450966,-64.201226,LAS FLORES
S00000308,27 de Abril 556,-31.41478339977168,-64.19199943542482,URQUIZA
C7362,Avenida Vélez Sarsfield 1040,-31.427080466390898,-64.19183347374201,GUEMES
MA-00000497,Belgrano 51,-31.415370101082956,-64.18824584291866,URQUIZA
MA-00000138,Pública A Sur S/N,-31.46331996244596,-64.25897922366858,SACHI
MA-00000578,Avenida Rogelio Nores Martínez 2709,-31.44285972068401,-64.1825309023261,VILLA REVOL
MA-00000660,Juan Nepper 5957,-31.351494645321555,-64.25422908672073,LA SALLE
S00000254,Avenida Rafael Núñez S/N,-31.378811094885947,-64.22399282455446,LAS MARGARITAS
S00000260,Avenida Donato Álvarez 7388,-31.336245617115413,-64.2609214782715,ARGUELLO
MA-00000437,Avenida Sagrada Familia 1678,-31.383125201877817,-64.22368168830873,VILLA SIBURU
S00000262,Avenida Rafael Núñez 5147,-31.35666039473599,-64.24210309982301,COLINAS DEL CERRO
S00000257,Avenida Rafael Núñez 5216,-31.35568923550721,-64.24274682998659,COLINAS DEL CERRO
S00000259,Avenida Rafael Núñez 6354,-31.344089520788675,-64.25183415412904,ARGUELLO
S00000239,José Camaño y Bazán 5098,-31.35513951829048,-64.21582818031312,LOS BOULEVARES
S00000241,Colectora S/N,-31.35451650155981,-64.22007679939271,LOS BOULEVARES
MA-00000564,Avenida Amadeo Sabattini S/N,-31.432750650483975,-64.1348308324814,ACOSTA
C6254,General Lavalleja 1225,-31.40119924720588,-64.18668866157533,SAN MARTIN
C7720,Juan del Campillo 414,-31.40015528758924,-64.18353438377382,SAN MARTIN
S00000263,Bernardo de Irigoyen 1257,-31.42227284291392,-64.1554355621338,YAPEYU
S00000264,Bernardo de Irigoyen 1277,-31.422451373685966,-64.15547311306001,YAPEYU
C7478,Avenida Vélez Sarsfield 2368,-31.440911737695007,-64.19703092426062,LAS FLORES
MA-00000608,Reconquista 3965,-31.437689324521624,-64.24019336700441,VILLA ADELA
C2490,Fournier 2663,-31.43961162960149,-64.2417597770691,VILLA ADELA
S00000265,Avenida Juan XXIII 1819,-31.388767131953088,-64.15117621421815,LOS PINOS
MA-00000211,25 de Mayo 933,-31.415942791871924,-64.16996374726295,YAPEYU
C7404,Sargento Gómez 5617,-31.42049953323492,-64.25951465964317,VILLA UNION
C4114,Corro 79,-31.41401742630114,-64.19373650103807,URQUIZA
S00000266,Avenida Marcelo T. de Alvear 426,-31.42013960278208,-64.19049739837648,GUEMES
C9086,Bulevar Arturo Illia 437,-31.422346086348696,-64.18015480041505,GUEMES
C8238,Cleto Aguirre 5994,-31.409210850101324,-64.26370527595282,LOS ROBLES
C3898,Obispo Salguero 684,-31.425651136812,-64.18218255043031,GUEMES
C0548,Avenida Recta Martinoli 7676,-31.347472346026628,-64.26715694367886,LA SALLE
MA-00000009,Bv. Enrique Barros S/N,-31.438899351513637,-64.18752919882536,GUEMES
S00000267,Colorado 6386,-31.488241975973665,-64.23467874526979,EL CABILDO
C6571,Mascachín 2030,-31.489028785525047,-64.23358440399171,EL CABILDO
S00000268,Avenida de Mayo 780,-31.476640341456218,-64.21463727951051,COMERCIAL
S00000269,Avenida de Mayo 1172,-31.47557892136828,-64.22036647796632,VILLA EL LIBERTADOR
C6459,Icho Cruz 99,-31.481398283563173,-64.20539975166322,COMERCIAL
C731,La Tablada 377,-31.40754145295401,-64.18620217591524,URQUIZA
p19_vuelta,Avenida Armada Argentina 435,-31.455014105377256,-64.2078573256731,LAS FLORES
C7500,Gobernación 1350,-31.475908328890743,-64.22322034835817,VILLA EL LIBERTADOR
C6109,Avenida General Paz 241,-31.412356984937134,-64.18561577796937,URQUIZA
S00000270,Avenida Doctor Arturo Capdevila 2776,-31.377647809193085,-64.13181066513063,RESIDENCIAL SAN JORGE
S00000271,Federico Rauch 2902,-31.37579751408481,-64.1296970844269,RESIDENCIAL SAN JORGE
C7301,Avenida Gobernador Amadeo Sabattini S/N,-31.427492,-64.172033,CRISOL SUD
S00000225,Dirección desconocida,-31.331599445259524,-64.230934381485,LAS CORTADERAS
C7506,Avenida de Mayo 1217,-31.475515441660388,-64.22109000384808,VILLA EL LIBERTADOR
S00000273,M. Sánchez de Loria S/N,-31.452242939192505,-64.1080141067505,SAN LORENZO
S00000274,M. Sánchez de Loria S/N,-31.45253581892342,-64.10798192024232,SAN LORENZO
S00000275,Lima 313,-31.413844888268606,-64.1782718896866,URQUIZA
C4192,Bv. Enrique Barros S/N,-31.43869625114736,-64.18751478195192,GUEMES
C7177,Avenida Ciudad De Valparaíso S/N,-31.435085,-64.185305,GUEMES
C7176,Avenida Concepción Arenal 786,-31.431139,-64.18443,GUEMES
MA-00000373,Bv. Enrique Barros S/N,-31.43604618011688,-64.18793857097627,GUEMES
MA-00000509,José Roque Funes 1391,-31.37687838397008,-64.2422640323639,COLINAS DEL CERRO
C9007,José Roque Funes 1609,-31.37342,-64.240118,COLINAS DEL CERRO
C9142,José Roque Funes 1286,-31.37864622062449,-64.24345493316652,COLINAS DEL CERRO
S00000284,Bulevar Los Polacos S/N,-31.34066247509257,-64.23276901245119,LAS CORTADERAS
S00000285,Bulevar Los Polacos S/N,-31.338206654339867,-64.23212528228761,LAS CORTADERAS
C4652,Bulevar Los Alemanes 4956,-31.343264842054108,-64.23343420028688,LAS CORTADERAS
S00000286,Bulevar Los Polacos S/N,-31.33824330885217,-64.23225402832033,LAS CORTADERAS
S00000287,Bulevar Los Polacos S/N,-31.340809089229243,-64.23268318176271,LAS CORTADERAS
C7174,Avenida Hipólito Yrigoyen 550,-31.42750960432553,-64.18536365032197,GUEMES
MA-00000820,Bulevar Chacabuco 518,-31.423477060719016,-64.18277196586132,GUEMES
C1044,Avenida Rafael Núñez 4305,-31.368105975776768,-64.23354484140873,COLINAS DEL CERRO
C4130,Avenida Maipú 200,-31.415098428509857,-64.17909700423479,URQUIZA
C1038,Avenida Rafael Núñez 4685,-31.362031079158303,-64.23774518072605,COLINAS DEL CERRO
C6500,Colorado 6385,-31.48824655046693,-64.23454999923707,EL CABILDO
C7528,Avenida Vélez Sarsfield 2585,-31.44225702307795,-64.19724583625795,LAS FLORES
C9097,Bulevar Arturo Illia S/N,-31.423147182682225,-64.17772471904756,GUEMES
MA-00000365,Bajada del Pucará S/N,-31.429249023305704,-64.16998386383058,CRISOL SUD
MA-00000795,Bulevar Chacabuco 528,-31.423582060683287,-64.18280750513077,GUEMES
C7366,Bulevar Chacabuco 661,-31.425147604789174,-64.18322324752809,GUEMES
C7172,Avenida Hipólito Yrigoyen 30,-31.42087062065785,-64.18861381709576,GUEMES
MA-00000015,Sarmiento 179,-31.410827853542337,-64.17923212051393,URQUIZA
C4248,Avenida Ambrosio Olmos 1040,-31.43234671127713,-64.19332444667816,GUEMES
S00000289,Jacobo Joule 5900,-31.358181246581463,-64.25364732742311,COLINAS DEL CERRO
C5223,Juan Nepper 5643,-31.355524320679635,-64.25635099411012,LA SALLE
S00000290,Bajada del Pucará 340,-31.42837931784925,-64.16981220245363,CRISOL SUD
C9638,Ferroviarios 1411,-31.428649,-64.166932,CRISOL SUD
C6402,Laboulaye 199,-31.483612474126428,-64.20721292495729,COMERCIAL
C6400,Las Peñas 5869,-31.482176001094803,-64.20544266700746,COMERCIAL
C4578,Avenida La Voz Del Interior 7671,-31.331489,-64.210421,LOS BOULEVARES
C1072,Avenida Caraffa 1875,-31.390516427796133,-64.20456960797308,VILLA PAEZ
C707,Urquiza 3007,-31.380327581032343,-64.18532107025385,HIPOLITO IRIGOYEN
C4116,Corro 60,-31.41381913629624,-64.19374823570251,URQUIZA
C4612,Avenida Bernardo O'Higgins 3280,-31.4508691951873,-64.16883118450642,BIALET MASSE
UTE 104,Avenida General Paz 53,-31.41458711430087,-64.18655253946781,URQUIZA
C4070,Avenida Hipólito Yrigoyen 63,-31.42101,-64.18849,GUEMES
C3178,General Simón Bolivar 1075,-31.42642016231954,-64.19551849365236,GUEMES
S00000307,Avenida Pueyrredón 648,-31.42459829404422,-64.19749259948732,GUEMES
C3176,Domingo Funes 1038,-31.42442434497084,-64.20259952545167,CUPANI
C4162,Domingo Funes 712,-31.42560536128528,-64.19832944869997,GUEMES
MA-00000013,Avenida Maipú 226,-31.414543336289988,-64.17885459959507,URQUIZA
C7043,Mariano Fragueíro 60,-31.4126,-64.193201,URQUIZA
C4138,Mariano Moreno 276,-31.41518,-64.19861,URQUIZA
C4004,Avenida Colón 764,-31.41058863836776,-64.19346492737532,URQUIZA
C4010,Avenida Colón 501,-31.4116090184652,-64.19000018388033,URQUIZA
C6442,Coronel Agustín Olmedo 34,-31.41083243181725,-64.2000836133957,URQUIZA
MA-00000516,Avenida Colón 863,-31.410279152727902,-64.19479008099253,URQUIZA
S00000309,Avenida Maipú 239,-31.414362215282814,-64.17899608612062,URQUIZA
C4040,Avenida Vélez Sarsfield 270,-31.41825352173789,-64.18806832283735,URQUIZA
C4224,Avenida Vélez Sarsfield 209,-31.417647,-64.187763,URQUIZA
C7434,Belgrano 67,-31.41549156915699,-64.18832615017891,URQUIZA
C5108,Avenida Colón 574,-31.41136236562804,-64.19066436588764,URQUIZA
C5476,Avenida Vélez Sarsfield 49,-31.41574278917352,-64.18697465211153,URQUIZA
C4641,Avenida La Cordillera 4730,-31.35949794313491,-64.23548776656389,LOS BOULEVARES
C3626,Avenida 24 de Septiembre 1808,-31.41210976178978,-64.15974855422975,YAPEYU
C7685,Benjamín Vicuña Mackena 699,-31.36675046619331,-64.16842114180326,VILLA AZALAIS OESTE
MA-00000828,Avenida C. Saavedra Lamas 700,-31.36568837427493,-64.16724935173988,VILLA AZALAIS OESTE
MA-00000248,Ismael Galíndez 1511,-31.424867800030544,-64.15826831012964,YAPEYU
C4702,Concejal Felipe Belardinelli 3627,-31.45293395083912,-64.19518053531648,LAS FLORES
S00000310,Avenida Sabattini 2163,-31.43305732271381,-64.15703415870668,CRISOL SUD
C0054,Centeno 3852,-31.43235,-64.1363,ACOSTA
C9095,Bulevar Arturo Illia 476,-31.422565816309824,-64.17976319789888,GUEMES
C0076,Huelva 1453,-31.43084,-64.16693,CRISOL SUD
C7040,Caseros 1049,-31.41417,-64.199021,URQUIZA
MA-00000027,Rodriguez Peña 200,-31.40971990444669,-64.19663965702058,URQUIZA
C9118,Avenida Octavio Pinto 2876,-31.387182663090957,-64.21744823455812,LAS MARGARITAS
C1052,Avenida Rafael Núñez 3837,-31.37483,-64.22772,LAS MARGARITAS
C4041,Avenida Castro Barros 560,-31.400091,-64.19731,SAN MARTIN
C7042,Corro 145,-31.414884,-64.194027,URQUIZA
C5106,Avenida Colón 1027,-31.40953677110481,-64.19708490371706,URQUIZA
C9247,Bv. Enrique Barros S/N,-31.43801,-64.189714,GUEMES
C9081,Avenida Colón 878,-31.41014568808497,-64.19491231441499,URQUIZA
C1114,Avenida Gobernador Amadeo Sabattini 3958,-31.4329,-64.13509,ACOSTA
C0040,Avenida Amadeo Sabattini 5195,-31.4488,-64.11933,VILLA BUSTOS
S00000313,Avenida Patria 1131,-31.40126926734694,-64.16087308979593,GENERAL PUEYRREDON
S00000315,Sarmiento 1756,-31.409106406344456,-64.16161537170412,GENERAL PUEYRREDON
S00000316,Sarmiento 1174,-31.410992671298185,-64.16868031024934,GENERAL PUEYRREDON
C832,Sarmiento 1385,-31.4102727,-64.16623755714285,GENERAL PUEYRREDON
S00000318,Avenida Sagrada Familia 350,-31.39600222800937,-64.2348611354828,VILLA SIBURU
S00000321,Avenida Sagrada Familia S/N,-31.38840078314709,-64.22988831996919,VILLA SIBURU
S00000317,Avenida Colón 1138,-31.408964477107684,-64.19849574565889,URQUIZA
S00000319,Avenida Colón 2480,-31.404138755326656,-64.21463191509248,ALBERDI
S00000320,Avenida Sagrada Familia 1461,-31.385392089514465,-64.2256933450699,VILLA SIBURU
S00000322,Avenida Rafael Núñez 4352,-31.36756692330387,-64.23367559909822,COLINAS DEL CERRO
S00000323,Avenida Rafael Núñez 4646,-31.362881073001542,-64.23686742782594,COLINAS DEL CERRO
S00000324,Avenida Rafael Núñez 5745,-31.35040265512551,-64.2480254173279,LAS CORTADERAS
MA-00000433,José Barros Pazos 3393,-31.38689873810053,-64.2278015613556,VILLA SIBURU
S00000256,Avenida Rafael Núñez 4086,-31.370777718097408,-64.23095583915712,COLINAS DEL CERRO
S00000258,Avenida Rafael Núñez 5492,-31.35341705020083,-64.24522519111635,LAS CORTADERAS
p30_id,Avenida Rafael Núñez 6007,-31.347681370512447,-64.24976348876955,CERRITO AUTODROMO
S00000261,Avenida Ricardo Rojas 6700,-31.341432196761208,-64.25406575202943,ARGUELLO
S00000325,Dirección desconocida,-31.43298408764564,-64.27447736263277,VILLA UNION
S00000326,Sargento Romero S/N,-31.433167175208816,-64.26514863967897,VILLA UNION
C2720,Alto Alegre 1620,-31.42721,-64.2639,VILLA UNION
C3716,Avenida Agustín Roque Arias 1646,-31.42662157271976,-64.24111604690553,AMEGHINO NORTE
S00000328,Los Plátanos 1226,-31.420551605729777,-64.23036575317384,QUINTA SANTA ANA
S00000327,Francisco de Gurruchaga 1164,-31.418862382142763,-64.23391163349153,QUINTA SANTA ANA
S00000329,Julián Aguirre 2601,-31.42207600089952,-64.22040939331056,CUPANI
S00000330,Gilardi 1276,-31.42327077979292,-64.22072052955629,CUPANI
S00000332,Avenida Vélez Sarsfield 271,-31.4182947229426,-64.18803513050081,URQUIZA
S00000331,Avenida Vélez Sarsfield 134,-31.416724486454136,-64.1874933242798,URQUIZA
C3752,Ángelo de Peredo 2533,-31.42049667210799,-64.21848356723787,CUPANI
C3050,Avenida Pueyrredón 1181,-31.422648214912517,-64.20414984226228,CUPANI
C4136,Mariano Moreno 673,-31.419837466136848,-64.20030355453493,GUEMES
C4034,Avenida General Paz 47,-31.414640048469742,-64.18655388057233,URQUIZA
S00000333,27 de Abril 670,-31.41438052769122,-64.19341564178468,URQUIZA
S00000334,Belgrano 172,-31.416687862548883,-64.18901681900026,URQUIZA
C4258,Bv. Enrique Barros S/N,-31.442485859834783,-64.18755769729616,LAS FLORES
S00000336,Maestro Marcelo López S/N,-31.44206022302013,-64.19373750686647,LAS FLORES
S00000337,Avenida Amadeo Sabattini 5200,-31.44895713194932,-64.11945104599,VILLA BUSTOS
S00000335,Avenida Amadeo Sabattini 5993,-31.46358220755637,-64.10444140434267,FERREYRA
S00000338,Avenida Amadeo Sabattini 6106,-31.46510132726724,-64.10295009613039,LOS SAUCES
S00000339,Dirección desconocida,-31.477381498345213,-64.08784389495851,ITUZAINGO ANEXO
S00000340,Ruta Nacional 1V09 S/N,-31.483132127318665,-64.08430874347688,ITUZAINGO ANEXO
C1098,Avenida Sabattini 2172,-31.43322210140805,-64.15692687034608,CRISOL SUD
MA-00000555,Avenida Sabattini 2592,-31.433203792678547,-64.15207743644716,JARDIN DEL PILAR
MA-00000553,Avenida Sabattini 3016,-31.4333685711153,-64.14709925651552,JARDIN DEL PILAR
C1492,Avenida Amadeo Sabattini 6975,-31.477317447981576,-64.08972144126894,ITUZAINGO ANEXO
C1502,Dirección desconocida,-31.48068460766989,-64.08518314361574,ITUZAINGO ANEXO
C1090,Avenida Gobernador Amadeo Sabattini S/N,-31.42742,-64.17216,CRISOL SUD
C1120,Carnerillo 2199,-31.43834,-64.12874,JOSE IGNACIO DIAZ SECCION 1
C1124,Avenida Amadeo Sabattini 5000,-31.44638,-64.12215,VILLA BUSTOS
C0660,Avenida Gdor. Amadeo Sabattini S/N,-31.48533,-64.08202,ITUZAINGO ANEXO
S00000341,Asunción 1590,-31.42519338053934,-64.16223764419557,CRISOL SUD
C6248,Belgrano 918,-31.425532120396063,-64.19276118278505,GUEMES
S00000343,Serrezuela 4575,-31.43418330468492,-64.12629604339601,EMPALME
S00000342,Serrezuela 4805,-31.434128379048893,-64.1243863105774,EMPALME
S00000344,San Jerónimo 3299,-31.42392996163214,-64.1418367624283,ACOSTA
S00000345,Pasaje Arribeños 2050,-31.4298028841548,-64.16898071765901,CRISOL SUD
S00000346,San Jerónimo 301,-31.41830845667348,-64.18032109737398,URQUIZA
S00000347,Avellaneda 243,-31.409573397801797,-64.19512689113618,URQUIZA
S00000348,Avenida Colón 1002,-31.409596289480127,-64.19664502143861,URQUIZA
C5570,Guandacol 1847,-31.43079616359773,-64.12711143493654,EMPALME
C5566,Serrezuela 4901,-31.434128379048893,-64.12318468093873,EMPALME
C6606,Bajada del Pucará S/N,-31.428155024080883,-64.16945278644563,CRISOL SUD
S00000314,Avenida Patria 521,-31.40792831632653,-64.15844865714286,GENERAL PUEYRREDON
C4545,San Jerónimo 439,-31.418802869645887,-64.17866349220277,URQUIZA
C5041,Avenida Colón 1382,-31.40806997459877,-64.20179754495621,URQUIZA
C5044,Avenida Colón 1800,-31.40652875481593,-64.20698761940004,ALBERDI
S00000349,Domingo Iros 173,-31.39580990988428,-64.2418670654297,VILLA SIBURU
S00000353,Igualdad S/N,-31.394884945778717,-64.22761917114259,VILLA SIBURU
S00000356,Paraguay 126,-31.412649989305237,-64.200856089592,URQUIZA
C8233,Avenida Colón 311,-31.412426,-64.18737,URQUIZA
S00000360,Antucura 9901,-31.30983636314712,-64.28711056709291,VILLA ALLENDE PARQUE
C3859,Bv. Enrique Barros S/N,-31.43828575821826,-64.18863996863365,GUEMES
S00000364,José Massetti 8087,-31.329280855565734,-64.26172077655794,ARGUELLO
S00000389,Avenida Caraffa 1882,-31.39038362899297,-64.20461118221284,VILLA PAEZ
S00000391,Avenida Caraffa 2572,-31.38753069900498,-64.21347856521608,LAS MARGARITAS
S00000401,Julio Tristany 8150,-31.32847437619729,-64.25207018852235,ARGUELLO
C1396,Bulevar Los Alemanes 5769,-31.34391112735574,-64.24196664243937,LAS CORTADERAS
S00000416,Bulevar Los Alemanes 5836,-31.343315239295265,-64.24320816993715,LAS CORTADERAS
S00000396,Adolfo Doering S/N,-31.342403503212868,-64.2490339279175,CERRITO AUTODROMO
S00000420,Avenida La Voz del Interior S/N,-31.338096690717308,-64.20791029930116,LOS BOULEVARES
S00000421,Avenida La Voz del Interior S/N,-31.344483531409686,-64.20700907707216,LOS BOULEVARES
S00000076,Bulevar Juan Domingo Perón 349,-31.42224079889321,-64.17475283145906,GUEMES
S00000422,Avenida 11 de Septiembre 5396,-31.475368465955235,-64.14786100387575,VILLA CORONEL OLMEDO
C9182,Ángel A. Salvedores 5507,-31.477363,-64.136853,VILLA CORONEL OLMEDO
S00000424,Avenida Colón 2274,-31.404917114334182,-64.2123305797577,ALBERDI
C9070,Avenida Revolución de Mayo 1667,-31.438124,-64.163675,CRISOL SUD
S00000429,Roberto Cayol S/N,-31.3592165111745,-64.22409474849702,LOS BOULEVARES
S00000431,Avenida Castro Barros 855,-31.397467496026486,-64.19915556907655,SAN MARTIN
MA-00000874,Coronel José Javier Diaz 1280,-31.446682626848197,-64.17713463306428,VILLA REVOL
S00000435,La Ramada 3478,-31.37142810824634,-64.21642899513246,LAS MARGARITAS
S00000439,Colectora S/N,-31.355826664309244,-64.22546267509462,LOS BOULEVARES
S00000440,Avenida Amadeo Sabattini 6963,-31.47712072159061,-64.09004867076875,ITUZAINGO ANEXO
C0674,Avenida Amadeo Sabattini 6122,-31.46532095699329,-64.10268723964693,LOS SAUCES
C1132,Avenida Amadeo Sabattini 5396,-31.45631,-64.11206,SAN LORENZO
S00000443,Andalucía 1901,-31.439474323403328,-64.15732383728029,JARDIN DEL PILAR
C9390,Chirinos de Posadas 3903,-31.44420211769867,-64.14645016193391,BH_CAMINO A 60 CUADRAS
S00000446,Luis José de Tejeda 4053,-31.372289181236887,-64.23243641853334,COLINAS DEL CERRO
S00000448,Luis José de Tejeda 4655,-31.36372390201561,-64.23851966857912,COLINAS DEL CERRO
S00000453,Amalia Celia Figueredo de Pietra S/N,-31.33636016480613,-64.17245686054231,REMEDIOS DE ESCALADA
S00000404,Avenida Colón 1883,-31.40645092054237,-64.20790493488313,ALBERDI
S00000426,Avenida Colón 1717,-31.40693623907674,-64.20601665973665,ALBERDI
S00000405,Avenida Vélez Sarsfield 286,-31.418413748543408,-64.18811023235322,URQUIZA
S00000456,Bulevar Las Heras 201,-31.40493085002341,-64.1827565431595,URQUIZA
S00000461,Tilcara 760,-31.47426127968401,-64.21378433704378,COMERCIAL
MA-00000484,Bedoya 302,-31.399532569306924,-64.18150126934053,SAN MARTIN
C7485,Avenida Vélez Sarsfield 4346,-31.461047236051883,-64.20167684555055,CABO FARINA
C6197,Avenida Vélez Sarsfield 1198,-31.429084,-64.192622,GUEMES
S00000462,Caracas 5424,-31.47544624301085,-64.2226678133011,VILLA EL LIBERTADOR
C9559,Avenida Concepción Arenal 762,-31.430966,-64.184425,GUEMES
C7541,Avenida Leandro N. Alem 575,-31.395425272452187,-64.16803121566774,GENERAL BUSTOS
S00000485,Avenida Rancagua S/N,-31.34764471967729,-64.14760887622835,PARQUE LICEO SECCION 3
C6025,Avenida Juan B. Justo S/N,-31.326898,-64.175928,REMEDIOS DE ESCALADA
C9099,Avenida Amadeo Sabattini 161,-31.425715,-64.173996,CRISOL SUD
S00000488,Puerto Príncipe 1569,-31.3819207524524,-64.16732311248781,GENERAL BUSTOS
MA-00000786,Bulevar Arturo Illia 532,-31.42274892421748,-64.1788673400879,GUEMES
S00000352,Igualdad 4611,-31.39127658284808,-64.23726975917818,VILLA SIBURU
C5602,Igualdad 4272,-31.392682,-64.232994,VILLA SIBURU
S00000357,Avenida Santa Ana 5068,-31.4115832658791,-64.25311625003816,LAS VIOLETAS
S00000362,Pehuanches 9335,-31.31930935254618,-64.27775502204896,VILLA ALLENDE PARQUE
S00000365,Ángel Meunier 7019,-31.32911131218122,-64.258850812912,ARGUELLO
S00000388,Avellaneda 459,-31.40707359292321,-64.19423103332521,URQUIZA
S00000392,Avenida Caraffa 2760,-31.38675219583413,-64.21590864658357,LAS MARGARITAS
S00000397,Francisco Tamburini S/N,-31.341528411527005,-64.25132989883424,CERRITO AUTODROMO
S00000402,Julio Tristany 8370,-31.32566080884574,-64.25207018852235,ARGUELLO
C4734,Martín Fermín 7479,-31.335778,-64.246416,CERRITO AUTODROMO
S00000408,Bulevar Los Alemanes 3702,-31.343278586758917,-64.21864986419679,LOS BOULEVARES
S00000413,Avenida Bernardo O'Higgins 2830,-31.444289073927088,-64.16882514953615,VILLA REVOL
MA-00000482,Avenida Madrid 2186,-31.43306647709332,-64.16974782943727,CRISOL SUD
S00000419,Jonas Larguía S/N,-31.338706070841813,-64.24745678901674,CERRITO AUTODROMO
MA-00000043,Bulevar San Juan 626,-31.41856396092501,-64.1943872720003,URQUIZA
C3934,Avenida Monseñor Pablo Cabrera 4719,-31.36136,-64.204161,MARQUES DE SOBREMONTE
C3935,Avenida Monseñor Pablo Cabrera 4253,-31.366284,-64.205169,MARQUES DE SOBREMONTE
S00000427,José Roque Funes 1412,-31.376420389774164,-64.2417597770691,COLINAS DEL CERRO
C9103,Avenida Madrid 2192,-31.43315802083916,-64.16969418525697,CRISOL SUD
MA-00000930,Ángel A. Salvedores 5756,-31.48002582509081,-64.13704633712769,VILLA CORONEL OLMEDO
S00000428,Roberto Cayol 3393,-31.36009601904064,-64.21871423721315,LOS BOULEVARES
S00000432,Manuel Reyna 4300,-31.464254832878563,-64.16118621826173,CERVECEROS
C3885,Fray Luis Beltrán 2677,-31.367031016771676,-64.20761525630952,ANA MARIA ZUMARAN
S00000434,Concepción de Bermejo 3899,-31.36964639493055,-64.21054959297182,LAS MARGARITAS
C4439,Avenida Virgen de La Merced 2766,-31.377395914724588,-64.21442270278932,LAS MARGARITAS
S00000441,Avenida Amadeo Sabattini 5068,-31.447478938738925,-64.12100136280061,VILLA BUSTOS
MA-00000558,Avenida Amadeo Sabattini 5827,-31.46188918365766,-64.10616874694826,FERREYRA
S00000444,Salamanca 2306,-31.43497972279076,-64.16083216667177,CRISOL SUD
S00000447,Luis José de Tejeda 4683,-31.362175655952317,-64.23820853233339,COLINAS DEL CERRO
C9100,Avenida Colón 1900,-31.40632272277462,-64.20793175697328,ALBERDI
S00000451,Monserrat 2102,-31.430658844485915,-64.16792392730714,CRISOL SUD
S00000458,Defensa S/N,-31.469800375862164,-64.2126363515854,CABO FARINA
S00000463,La Falda 5102,-31.473616177511808,-64.2110860347748,COMERCIAL
S00000486,José Luis Pons 1141,-31.366124091063657,-64.15272653102876,GENERAL MOSCONI
S00000452,Avenida Japón km 7.5,-31.34210569805546,-64.14795756340028,PARQUE LICEO SECCION 3
S00000490,Pasaje Puch 3699,-31.36595003361373,-64.15142297744752,GENERAL MOSCONI
C7745,Ramón Farrate S/N,-31.32464350483718,-64.17607784271242,GUINAZU
S00000350,Igualdad 4980,-31.38952272185177,-64.24210846424104,COLINAS DEL CERRO
S00000354,Igualdad 3500,-31.395695434622777,-64.22445952892305,VILLA SIBURU
C5056,Avenida Colón 4864,-31.396034,-64.243584,VILLA SIBURU
C7283,Avenida Santa Ana 3823,-31.411761816997284,-64.2348074913025,QUINTA SANTA ANA
C4104,Mariano Moreno 238,-31.4148108682596,-64.19850111007692,URQUIZA
C7173,Avenida Hipólito Yrigoyen 286,-31.424983,-64.186667,GUEMES
S00000361,Avenida Donato Álvarez 9411,-31.31649092842391,-64.274520277977,VILLA CORNU
C1202,Avenida Donato Álvarez 8021,-31.32958,-64.26534,VILLA 9 DE JULIO
S00000363,Oscar Cabalén 6894,-31.32933126029684,-64.25706446170808,ARGUELLO
S00000369,Juan Masramón S/N,-31.33466942673137,-64.25521910190584,ARGUELLO
S00000390,Avenida Caraffa 2330,-31.388538164116827,-64.21035647392274,VILLA PAEZ
S00000398,Francisco Tamburini S/N,-31.339773621997825,-64.25047159194948,CERRITO AUTODROMO
S00000403,Eugenio Pizzolatto 6600,-31.324066111185328,-64.25211846828462,ARGUELLO
S00000409,Bulevar Rivadavia S/N,-31.33661216923492,-64.22145009040834,LOS BOULEVARES
S00000412,Bulevar Arturo Illia 617,-31.42308767290417,-64.17761206626894,GUEMES
S00000418,Jonas Larguía S/N,-31.339549116537324,-64.25032675266267,CERRITO AUTODROMO
MA-00000045,Mariano Moreno 48,-31.41254926915692,-64.19779300689699,URQUIZA
C9066,Malagueño 2902,-31.440788,-64.159094,JARDIN DEL PILAR
S00000430,Avenida Pablo Ricchieri S/N,-31.459674479156973,-64.167537689209,BIALET MASSE
S00000436,Fray Luis Beltrán 3294,-31.365601917746872,-64.2172658443451,LAS MARGARITAS
S00000442,Centeno 3800,-31.43219680704935,-64.13682103157045,ACOSTA
C0666,Dirección desconocida,-31.4804192652445,-64.08518314361574,ITUZAINGO ANEXO
C0030,Avenida Amadeo Sabattini 5514,-31.457834953368224,-64.11041736602785,FERREYRA
C0064,Avenida Sabattini 2613,-31.433075631471933,-64.1516697406769,JARDIN DEL PILAR
C0046,Carnerillo 2199,-31.438385020436318,-64.12823259830476,EMPALME
C0062,Avenida Sabattini 2933,-31.43326,-64.148,JARDIN DEL PILAR
S00000445,Valladolid 1406,-31.435254348154867,-64.16782200336458,CRISOL SUD
C9388,Chirinos de Posadas 4187,-31.44544695706689,-64.14419174194337,BH_CAMINO A 60 CUADRAS
C0550,Avenida Recta Martinoli 7900,-31.34729653603096,-64.27056670188905,LA SALLE
S00000423,Avenida Octavio Pinto 2470,-31.39103388340987,-64.21336054801942,VILLA PAEZ
S00000449,Monserrat 2235,-31.43411007049639,-64.16792392730714,CRISOL SUD
S00000457,Turrado Juárez 1497,-31.43248059500312,-64.19442951679231,GUEMES
S00000464,Río Negro 5620,-31.47779324963605,-64.22381043434144,VILLA EL LIBERTADOR
C6368,Bogotá 1349,-31.474353,-64.222727,VILLA EL LIBERTADOR
S00000487,Humberto Primo 52,-31.409930507347983,-64.18222546577455,URQUIZA
S00000454,Amalia Celia Figueredo de Pietra S/N,-31.336268526664703,-64.17447388172151,REMEDIOS DE ESCALADA
S00000489,Avenida Doctor Arturo Capdevila 592,-31.378096637663145,-64.1656655073166,GENERAL BUSTOS
S00000351,Bulogne Sur Mer 496,-31.39137732582688,-64.24356758594514,COLINAS DEL CERRO
C7247,Avenida Santa Ana 4535,-31.411657,-64.244699,LAS PALMAS
C4215,Avenida Vélez Sarsfield 22,-31.415484,-64.186925,URQUIZA
S00000359,Quilloamira 7914,-31.31761830819529,-64.27683234214784,VILLA ALLENDE PARQUE
S00000366,Juan Manuel Fangio 7959,-31.330614280727712,-64.26234841346742,ARGUELLO
S00000368,Manuel Calviño S/N,-31.332387569460373,-64.25458610057832,ARGUELLO
S00000386,Avenida Castro Barros 925,-31.396959233773718,-64.1997402906418,SAN MARTIN
S00000395,Avenida Rafael Núñez 5171,-31.356335149130278,-64.24232304096223,COLINAS DEL CERRO
S00000400,Oscar Cabalén 6306,-31.329349589283268,-64.24695789813997,CERRITO AUTODROMO
S00000410,Avenida Zárate 2309,-31.37586163383173,-64.20450389385225,ANA MARIA ZUMARAN
S00000414,Avenida Bernardo O'Higgins 2924,-31.44585427223974,-64.1688358783722,VILLA REVOL
S00000417,Dirección desconocida,-31.341281001930444,-64.25108313560487,CERRITO AUTODROMO
S00000235,Julio Tristany 8422,-31.324881793248515,-64.25203800201417,ARGUELLO
S00000433,Armando Sica S/N,-31.466309284384767,-64.16033864021303,CERVECEROS
C9267,Coronel José Javier Diaz 1038,-31.446673473798608,-64.18070197105409,VILLA REVOL
S00000437,Fray Luis Beltrán 3145,-31.36595003361373,-64.21492695808412,LAS MARGARITAS
C4447,Fray Luis Beltrán 3297,-31.366018740540365,-64.2173731327057,LAS MARGARITAS
C0670,Dirección desconocida,-31.477152746845228,-64.08795654773714,ITUZAINGO ANEXO
C9408,Salamanca 2464,-31.43675561925697,-64.15951251983644,CRISOL SUD
S00000450,Mariano Larra 3802,-31.381394087204168,-64.23376679420473,COLINAS DEL CERRO
S00000455,Diagonal Ica 2082,-31.38278172928124,-64.14864957332613,NUEVA ITALIA
S00000460,Carmelo Ibarra 602,-31.47350637244392,-64.21126306056978,COMERCIAL
C7114,Ushuaia 1901,-31.481638,-64.231819,SANTA ISABEL SECCION 1
C7801,Germán Berdiales 1638,-31.352381721752813,-64.15030717849731,PARQUE LICEO SECCION 3
MA-00000359,Howard 1357,-31.36529960555333,-64.14872467517854,GENERAL MOSCONI
S00000355,Igualdad 4107,-31.39340132095482,-64.23199117183687,VILLA SIBURU
MA-00000227,Igualdad 4807,-31.390498110731016,-64.23946917057039,VILLA SIBURU
C6052,Bv. Enrique Barros S/N,-31.43599297196491,-64.19175066053867,GUEMES
S00000367,Oscar Cabalén 6718,-31.32932209580229,-64.25440907478334,ARGUELLO
S00000387,Avenida Vélez Sarsfield 85,-31.41541975101039,-64.18677985668184,URQUIZA
S00000393,Temístocles Castellanos 1801,-31.384934136826203,-64.2202913761139,LAS MARGARITAS
S00000399,Jonas Larguía S/N,-31.338994723207517,-64.24845993518831,CERRITO AUTODROMO
S00000411,Obispo Salguero 341,-31.42147631686717,-64.18041765689851,GUEMES
S00000415,Coronel José Javier Diaz 1899,-31.44665059117073,-64.16885733604433,VILLA REVOL
MA-00000088,ues siglo21,-31.317934522048915,-64.21912193298341,LAS CORTADERAS
C3883,Santiago Baravino 4399,-31.363137586979708,-64.21220183372499,ANA MARIA ZUMARAN
S00000438,Santiago Baravino 4870,-31.357741484720663,-64.21284556388856,LOS BOULEVARES
MA-00000561,Bulevar Juan Domingo Perón 653,-31.424543362792736,-64.17195260524751,CRISOL SUD
S00000459,Carmelo Ibarra 800,-31.472861265068488,-64.2140579223633,COMERCIAL
C7486,Avenida Vélez Sarsfield 4900,-31.471141,-64.204456,CABO FARINA
C7630,Congreso 5376,-31.47427958039,-64.22519445419313,VILLA EL LIBERTADOR
C7525,Avenida Vélez Sarsfield 3453,-31.4498632574332,-64.19971346855165,LAS FLORES
C4076,Avenida Hipólito Yrigoyen 686,-31.42971,-64.18456,GUEMES
C6246,Belgrano 1281,-31.429714197978505,-64.19437117874622,GUEMES
S00000378,Bulevar Chacabuco 344,-31.421174184528063,-64.18173193931581,GUEMES
S00000475,Calamuchita 5102,-31.47320898307149,-64.21258807182313,COMERCIAL
S00000480,La Tablada 366,-31.407540594497384,-64.1860342025757,URQUIZA
C7075,Zorrilla de San Martín 1555,-31.357732322993357,-64.1516697406769,PARQUE LICEO SECCION 3
C4156,Monte Carmelo 1101,-31.41464,-64.20006,URQUIZA
S00000379,Avenida Castro Barros 985,-31.39656086413843,-64.20023918151857,SAN MARTIN
S00000476,Carmelo Ibarra 798,-31.472966495653075,-64.21392917633058,COMERCIAL
S00000481,Avenida Intendente Mestre Norte 502,-31.406469234494907,-64.1879439353943,URQUIZA
C7763,José Melián 1899,-31.374469309485992,-64.14655745029451,VILLA AZALAIS
C6434,Belgrano 175,-31.416775,-64.18892,URQUIZA
C9088,Bulevar Arturo Illia 105,-31.42121996221777,-64.18460190296175,GUEMES
S00000380,Avenida Castro Barros 1542,-31.391757400637395,-64.20331299304964,VILLA PAEZ
S00000477,Defensa S/N,-31.47082983407548,-64.20738458633424,CABO FARINA
C7857,Avenida Rancagua 2924,-31.37634711049561,-64.14779663085939,VILLA AZALAIS
MA-00000888,Tucumán 323,-31.411061345277684,-64.18655455112459,URQUIZA
S00000482,Avenida Japón S/N,-31.34211027968039,-64.14996385574342,PARQUE LICEO SECCION 3
MA-00000105,Avenida Concepción Arenal 799,-31.431940481707542,-64.18392062187196,GUEMES
S00000478,Avenida Vélez Sarsfield 4501,-31.462872971540868,-64.20207381248476,CABO FARINA
S00000483,Avenida Juan B. Justo S/N,-31.330756328342943,-64.17578816413881,REMEDIOS DE ESCALADA
S00000479,Avenida Ambrosio Olmos 1067,-31.43266826075873,-64.1932386159897,GUEMES
C7762,José Melián 2041,-31.37448304962969,-64.14398789405824,VILLA AZALAIS
S00000484,Avenida Juan B. Justo S/N,-31.32720049129972,-64.17576670646669,REMEDIOS DE ESCALADA
C5043,Avenida Colón 1562,-31.407380349121105,-64.20411229133607,ALBERDI
C7459,Avenida Leandro N. Alem 3339,-31.37082123025492,-64.15012177079916,VILLA AZALAIS
S00000425,Bulevar San Juan 950,-31.41726468739574,-64.19862985610963,URQUIZA
C9083,Avenida Colón 529,-31.411583838158872,-64.19031467288734,URQUIZA
S00000501,Avenida Colón 545,-31.41152832700516,-64.19047594070436,URQUIZA
C5277,Avenida Hipólito Yrigoyen 52,-31.421096,-64.188491,GUEMES
S00000497,Ituzaingó 786,-31.426072270609257,-64.18529391288759,GUEMES
MA-00000569,Obispo Oro 78,-31.424780825784143,-64.18660819530487,GUEMES
S00000496,Avenida Hipólito Yrigoyen 22,-31.42076676210533,-64.18859839439394,GUEMES
S00000499,Avenida Recta Martinoli 5512,-31.35386599439191,-64.24694180488588,COLINAS DEL CERRO
S00000500,Avenida Recta Martinoli 5764,-31.351419680677527,-64.24961328506471,CERRITO AUTODROMO
S00000494,Bulevar Arturo Illia 59,-31.420991073545803,-64.18529391288759,GUEMES
S00000498,Bulevar Arturo Illia 390,-31.422277420630262,-64.18094873428346,GUEMES
S00000495,Bulevar San Juan 33,-31.420624850508787,-64.18651700019838,GUEMES
MA-00000271,Bulevar San Juan 580,-31.418583130868768,-64.1943383216858,URQUIZA
MA-00000518,Bulevar Arturo Illia 23,-31.42084429839096,-64.1857187077403,GUEMES
VW04,Bernardo O´Higgins 4725,-31.466013,-64.168592,CERVECEROS
VW03,Bernardo O´Higgins 4484,-31.463822,-64.168827,CERVECEROS
JA50,Bernardo O´Higgins 4336,-31.461642,-64.168678,CERVECEROS
JA48,Bernardo O´Higgins 4106,-31.458938,-64.168717,BIALET MASSE
JA33,Av. Pablo Richieri 3839,-31.456943,-64.170253,BIALET MASSE
JA10,Av. Pablo Ricchieri 3668,-31.454235,-64.17297,BIALET MASSE
JA11,Av. Pablo Richieri 3533,-31.454325,-64.172883,BIALET MASSE
JA19,Av. Pablo Richieri 3414-3417,-31.452633,-64.174585,VILLA REVOL
JA20,Av. Pablo Richieri 3349,-31.451957,-64.17527,VILLA REVOL
JA14,Av. Pablo Richieri 3100,-31.447837,-64.176652,VILLA REVOL
JA13,Av. Pablo Ricchieri 3011,-31.447022,-64.176627,VILLA REVOL
VI15,Av. Pablo Richieri 2828,-31.444708,-64.176682,VILLA REVOL
VI14,Av. Pablo Richieri 2681,-31.44185,-64.176703,VILLA REVOL
PS15,Av. Pablo Richieri 2405,-31.439543,-64.176427,VILLA REVOL
PS13,Av. Pablo Richieri 2183,-31.436953,-64.175943,VILLA REVOL
PS06,Av. Concepcion Arenales 1215,-31.435042,-64.176263,VILLA REVOL
PS09,Av. Concepcion Arenales 991,-31.43417,-64.178875,VILLA REVOL
PS08,Av. Concepcion Arenales 904,-31.433198,-64.181958,GUEMES
CU16,Av Valparaiso (Cs Economicas),-31.435483,-64.185283,GUEMES
CU11,Av H de la Torre (Esc Enfermer,-31.438837,-64.187055,GUEMES
CU66,HAYA DE LA TORRE S/N,-31.437427,-64.191797,GUEMES
CU12,Maestro Lopez (Inst H Keller),-31.440145,-64.192643,LAS FLORES
CU46,Maestro Marcelo López S/N,-31.44269,-64.194153,LAS FLORES
CU01,Cruz Roja Arg y Belardinelli,-31.443375,-64.193498,LAS FLORES
CU51,Bv. Enrique Barros S/N,-31.438225685931496,-64.18936047703028,GUEMES
IP10,Av. Cjal. Felipe Belardinelli 3102,-31.447202,-64.19418,LAS FLORES
IP11,Av. Cjal. Felipe Belardinelli 3294,-31.449537,-64.194467,LAS FLORES
IP28,AV. CJAL. FELIPE BERNARDINELLI 790,-31.45227,-64.195075,LAS FLORES
IP29,TTE. PEDRO BEAM 95,-31.451752,-64.198275,LAS FLORES
LR61,RAFAEL BIELSA 3697-3700,-31.453282,-64.198967,LAS FLORES
LR62,JOSE GUARDADO 11,-31.45306,-64.200515,LAS FLORES
LR63,PASTOR TABOABA 430,-31.452393,-64.204025,LAS FLORES
PT26,PASTOR TABOADA 726,-31.451867,-64.206917,LAS FLORES
V110,DR. FEDERICO PADULA 3657,-31.450905,-64.208047,LAS FLORES
V109,DR. FEDERICO PADULA 3551,-31.449492,-64.20754,FERRER
V111,DR. FEDERICO PADULA 3411,-31.448045,-64.2069,FERRER
V102,Dr Federico Padula 3175,-31.445597,-64.206792,FERRER
V112,SAN ANTONIO 970,-31.445673,-64.210205,FERRER
SZ23,MANUEL BAIGORRIA 1388,-31.44558,-64.212643,FERRER
SZ15,RIO NEGRO 3100,-31.444512,-64.214825,FERRER
SZ16,RIO NEGRO 2950,-31.442933,-64.214407,FERRER
SZ17,RIO NEGRO 2819,-31.441208,-64.214028,FERRER
SZ13,BELISARIO VILLAFAE Y TRONADOR,-31.440358,-64.215127,FERRER
SZ14,PEDRO CARDENAS  2000,-31.439753,-64.21558,FERRER
P211,ACONQUIJA 2535,-31.438907,-64.216492,ROSEDAL ANEXO
P209,Lagunilla 2100,-31.436873,-64.216833,ROSEDAL ANEXO
P204,Lagunilla 2332,-31.436875,-64.218485,ROSEDAL ANEXO
P212,LAGUNILLA 2516,-31.436972,-64.221755,ROSEDAL ANEXO
P213,LAGUNILLA 2610,-31.436863,-64.222937,ROSEDAL ANEXO
RO06,LAGUNULLA 2770,-31.436897,-64.225698,ROSEDAL ANEXO
RO07,LAGUNILLA 2950,-31.436903,-64.227877,ROSEDAL ANEXO
MZ25,Lagunilla 3154,-31.436883,-64.230682,ROSEDAL ANEXO
MZ40,TALMA 2468,-31.437127,-64.233455,ROSEDAL ANEXO
MZ41,TALMA 2716,-31.439685,-64.233518,ROSEDAL ANEXO
MZ42,TALMA 2940,-31.442738,-64.233437,ROSEDAL ANEXO
MZ53,TALMA 3246,-31.445733,-64.233428,ROSEDAL ANEXO
MZ44,FRONTERA 3578,-31.44588,-64.236785,ESTACION FLORES
MZ45,AV. RUFINO VARELA ORTIZ S/N,-31.444538,-64.2376,ESTACION FLORES
MZ46,AV. RUFINO VARELA ORTIZ 2180,-31.442262,-64.237553,ESTACION FLORES
MZ47,AV. ANTARTIDA ARGENTINA S/N,-31.439848,-64.239232,VILLA ADELA
MZ48,AV. ANTARTIDA ARGENTINA 4047,-31.439852,-64.241642,VILLA ADELA
MZ49,FOURNIER 2539,-31.437987,-64.241732,VILLA ADELA
AM32,FOURNIER 2000,-31.433048,-64.241705,AMEGHINO NORTE
AM33,AV. FUERZA AEREA ARGENTINA 3769,-31.432207,-64.237982,AMEGHINO NORTE
AM34,AV. FUERZA AEREA ARGENTINA 3535,-31.431935,-64.235425,AMEGHINO NORTE
AM31,AV F AREA Y M VIDAL,-31.431625,-64.230535,ROSEDAL ANEXO
AM35,MAESTRO VIDAL 1809,-31.42987,-64.230067,AMEGHINO NORTE
AM36,MAESTRO VIDAL 1635,-31.427593,-64.22947,AMEGHINO NORTE
AM19,Maestro Vidal 1441,-31.424568,-64.228685,QUINTA SANTA ANA
TN49,MAESTRO VIDAL 1235,-31.421593,-64.227843,QUINTA SANTA ANA
TN50,MAESTRO VIDAL 1061,-31.418592,-64.227022,QUINTA SANTA ANA
TN51,MAESTRO VIDAL 759,-31.414873,-64.226062,QUINTA SANTA ANA
TN52,MAESTRO VIDAL 589,-31.413207,-64.225673,QUINTA SANTA ANA
AA60,MAESTRO VIDAL 455,-31.410187,-64.224775,QUINTA SANTA ANA
AA61,MAESTRO VIDAL 347,-31.407448,-64.22402,ALBERDI
AA62,MAESTRO VIDAL 127,-31.405195,-64.223037,ALBERDI
AA63,DR. JUAN CAFFERATA 86,-31.403282,-64.2222,VILLA SIBURU
AA64,SANTA ROSA 3150,-31.400708,-64.221707,VILLA SIBURU
AA65,DOMINGO ZIPOLI 354,-31.399015,-64.224252,VILLA SIBURU
AA66,DOMINGO ZIPOLI 550,-31.39704,-64.223537,VILLA SIBURU
ES03,DOMINGO ZIPOLI 976,-31.393442,-64.221143,VILLA SIBURU
ES04,BETANIA 2824,-31.390937,-64.221738,VILLA SIBURU
ES05,BETANIA  3162,-31.389262,-64.225108,VILLA SIBURU
ES06,JAVIER LOPEZ 1326,-31.387407,-64.225092,VILLA SIBURU
BP08,Mariano Larra 3318,-31.385898,-64.225745,VILLA SIBURU
BP19,AV. SAGRADA FAMILIA 1450,-31.385258,-64.225515,VILLA SIBURU
PA02,AV. SAGRADA FAMILIA 1736,-31.383343,-64.22381,VILLA SIBURU
VC43,GOYCOCHEA 3400,-31.378257,-64.223047,LAS MARGARITAS
CI15,RODRIGUEZ DEL BUSTOS 2826,-31.376158,-64.222887,LAS MARGARITAS
CI16,RODRIIGUEZ DEL BUSTOS 3068,-31.373098,-64.22216,LAS MARGARITAS
CI08,RODRIGUEZ DEL BUSTO Y LOS GRANADEROS,-31.371967,-64.221912,LAS MARGARITAS
CI17,RODRIGUEZ DEL BUSTOS 3460,-31.370135,-64.221353,LAS MARGARITAS
CI18,RODRIGUEZ DEL BUSTOS 3900,-31.367827,-64.220855,LAS MARGARITAS
AV01,MANUEL CARDENOSA Y LA HIERRA,-31.368127,-64.21468,LAS MARGARITAS
AV09,Manuel Cardeñoza 2916,-31.368605,-64.213863,LAS MARGARITAS
LF24,CUIDAD DEL BARCO 3221,-31.374635,-64.209338,LAS MARGARITAS
LF21,BV. LOS GRANADEROS 2686,-31.37599,-64.209145,LAS MARGARITAS
ZU13,Los Granaderos 2375,-31.377295,-64.205615,ANA MARIA ZUMARAN
ZU12,Los Granaderos 2239,-31.378988,-64.203467,ANA MARIA ZUMARAN
IS26,ANACREONTE 2055,-31.379467,-64.201125,ANA MARIA ZUMARAN
IS27,ANACREONTE 1935,-31.379438,-64.199307,SARGENTO CABRAL
IS28,ANACREONTE 1717,-31.379438,-64.197048,SARGENTO CABRAL
IS29,ANACREONTE 1621,-31.379508,-64.195733,SARGENTO CABRAL
IS30,ANACREONTE 1350,-31.37945,-64.192548,SARGENTO CABRAL
IS02,LAS JUNTURAS Y GONGORA,-31.380548,-64.191572,SARGENTO CABRAL
IS31,GONGORA 1265,-31.380575,-64.191105,SARGENTO CABRAL
AC66,GONGORA 849,-31.380507,-64.185722,HIPOLITO IRIGOYEN
AC67,GONGORA 721,-31.3805,-64.184173,HIPOLITO IRIGOYEN
AC55,GONGORA 550-565,-31.380518,-64.181927,HIPOLITO IRIGOYEN
AC68,GONGORA 337,-31.38052,-64.178788,HIPOLITO IRIGOYEN
AY21,AV. DR. ARTURO CAPDEVILA 68,-31.380647,-64.174773,GENERAL BUSTOS
AY22,AV. DR. ARTURO CAPDEVILA 238,-31.380592,-64.171427,GENERAL BUSTOS
AY23,AV. DR. ARTURO CAPDEVILA 484,-31.379033,-64.167902,GENERAL BUSTOS
AY04,HULLUMAN Y CAPDEVILLA,-31.378878,-64.167513,GENERAL BUSTOS
AY24,HULLUMAN 1629,-31.379852,-64.16658,GENERAL BUSTOS
AY25,NUEVO MUNDO 774,-31.380607,-64.165412,GENERAL BUSTOS
RA01,NUEVO MUNDO 850,-31.381495,-64.163853,GENERAL BUSTOS
RA02,NUEVO MUNDO 986,-31.382312,-64.162603,GENERAL BUSTOS
TA95,NUEVO MUNDO 1154,-31.383678,-64.16065,GENERAL BUSTOS
TA96,SAN MATEO 1615,-31.385675,-64.158242,GENERAL BUSTOS
TA97,PAYSANDU 1768,-31.38732,-64.156055,GENERAL BUSTOS
TA98,PAYSANDU 2178,-31.389335,-64.153097,GENERAL BUSTOS
T990,JUAN  XXIII  1571,-31.390907,-64.153012,GENERAL PUEYRREDON
T991,SANTISO Y MOSCOSO 2110,-31.390847,-64.154788,GENERAL PUEYRREDON
TA47,PUNTA DEL SAUCE Y SANTISO Y MOSCOSO,-31.390628,-64.155067,GENERAL BUSTOS
T992,PUNTA DEL SAUCE 1350,-31.39186,-64.15625,GENERAL PUEYRREDON
T993,PUNTA DEL SAUCE S/N,-31.393607,-64.15773,GENERAL PUEYRREDON
T994,AV. LAS MALVINAS 1150,-31.395382,-64.158855,GENERAL PUEYRREDON
PU71,AV. PATRIA 1515,-31.397305,-64.161965,GENERAL PUEYRREDON
PU72,AV. PATRIA 1267,-31.400267,-64.161287,GENERAL PUEYRREDON
PU73,AV. PATRIA 850,-31.404643,-64.15959,GENERAL PUEYRREDON
PU74,AV. PATRIA 719,-31.405857,-64.159218,GENERAL PUEYRREDON
AP13,Av Patria 683-698,-31.40641,-64.15887,GENERAL PUEYRREDON
AP25,AV. PATRIA 421,-31.407883,-64.158468,GENERAL PUEYRREDON
YA36,AV. PATRIA 139,-31.411983,-64.156868,YAPEYU
YA37,ROSARIO DE SANTA FE 2044,-31.413197,-64.15569,YAPEYU
YA38,ROSARIO DE SANTA FE 2196,-31.412623,-64.1535,YAPEYU
YA39,REMEDIOS DE ESCALADA 232,-31.415005,-64.15245,YAPEYU
S902,ARGANDOÑA 2552,-31.419922,-64.150872,YAPEYU
S904,SGTO. CABRAL 1132,-31.421848,-64.150422,YAPEYU
SV29,SGTO. CABRAL 1352,-31.42406,-64.150722,YAPEYU
SV30,SGTO. CABRAL 1638,-31.42688,-64.151092,YAPEYU
RI04,Estacion Sgto Cabral,-31.433115,-64.151923,JARDIN DEL PILAR
ON11,PROVINCIAS VASCONGADAS 615,-31.434003,-64.151978,JARDIN DEL PILAR
ON12,CASTILLA 2281,-31.43544,-64.154188,JARDIN DEL PILAR
ON08,Castilla 1915,-31.43773,-64.158448,CRISOL SUD
IL01,Huascha 2658,-31.441145,-64.160662,CRISOL SUD
IL03,Huascha 2780,-31.443335,-64.160622,JARDIN DEL PILAR
SR14,Baradero 2621-2688,-31.443627,-64.162483,CRISOL SUD
SR13,Baradero 2321,-31.443632,-64.164472,CRISOL SUD
VI06,BERNARDO O´HIGGINS Y BARADERO,-31.443728,-64.168778,VILLA REVOL
JA35,Cnel. Jose Javier Diaz 1291,-31.44664,-64.176212,VILLA REVOL
JA15,Jose Javier Diaz 927,-31.446625,-64.18268,VILLA REVOL
JA17,Javier Diaz 711,-31.446637,-64.186355,VILLA REVOL
IP05,Javier Diaz 563,-31.446642,-64.188948,LAS FLORES
IP07,Javier Diaz 322,-31.445895,-64.19374,LAS FLORES
IP08,Belardinelli 2902-2911,-31.44372,-64.19346,LAS FLORES
CU13,Maestro Lopez (Min Desarrollo,-31.442375,-64.193957,LAS FLORES
CU32,Maestro Lopez 3530,-31.439558,-64.192537,LAS FLORES
CU15,Av M Allende y Av H de la Torr,-31.437803,-64.192323,GUEMES
CU27,Bv. De la Reforma S/N,-31.43815,-64.18863,GUEMES
CU30,Enrique Barros ,-31.435543,-64.187832,GUEMES
CU23,Los Nogales S/N,-31.43352,-64.185397,GUEMES
JA54,Av. Pablo Richieri 3186,-31.449132,-64.176635,VILLA REVOL
JA25,Av. Pablo Richieri 3326,-31.451548,-64.175698,VILLA REVOL
JA26,Av. Pablo Richieri 3562,-31.454632,-64.172577,BIALET MASSE
JA07,Av. Pablo Richieri 3790,-31.456653,-64.170542,BIALET MASSE
JA45,Av. Pablo Richieri 3950,-31.458077,-64.169168,BIALET MASSE
JA43,Av. Pablo Richieri 3350,-31.451322,-64.175937,VILLA REVOL
JA21,Av. Pablo Richieri 3186,-31.450143,-64.176633,VILLA REVOL
PS14,Av. Pablo Richieri 2194,-31.437367,-64.176035,VILLA REVOL
CU48,Maestro Marcelo Lopez 3512,-31.440235,-64.192797,LAS FLORES
CU34,Maestro Marcelo Lopez 3422,-31.442957,-64.194343,LAS FLORES
IP06,Javier Diaz 421-426,-31.446338,-64.191557,LAS FLORES
IP04,Javier Diaz 620,-31.446642,-64.187837,LAS FLORES
JA16,Cnel. Jose Javier Diaz 874-886,-31.446653,-64.183283,VILLA REVOL
JA04,Jose Javier Diaz 1087,-31.446645,-64.180005,VILLA REVOL
JA05,Cnel. Jose Javier Diaz 1296,-31.44667,-64.177033,VILLA REVOL
VI17,Baradero 1942,-31.443703,-64.168013,VILLA REVOL
VI19,Baradero 2184,-31.44368,-64.166828,VILLA REVOL
SR12,Baradero 2292,-31.443673,-64.165173,CRISOL SUD
IL20,Baradero 2778,-31.443642,-64.161018,JARDIN DEL PILAR
IL29,MORON 2689,-31.441805,-64.159142,JARDIN DEL PILAR
MA35,ASTURIAS 1792,-31.439988,-64.160273,CRISOL SUD
MA10,Asturias 1899,-31.438728,-64.158075,JARDIN DEL PILAR
MA36,ASTURIAS 2056,-31.437285,-64.155245,JARDIN DEL PILAR
ON10,PROVINCIAS VASCONGADAS 2333,-31.435037,-64.15188,JARDIN DEL PILAR
S905,SGTO. CABRAL 1473,-31.426782,-64.15096,YAPEYU
S907,SGTO. CABRAL 1300,-31.424965,-64.150723,YAPEYU
S906,SGTO. CABRAL 1223,-31.42239,-64.150395,YAPEYU
S903,SGTO. CABRAL 1023,-31.42015,-64.1501,YAPEYU
YA33,JUAN ROQUE 387,-31.416015,-64.150192,YAPEYU
YA34,REMEDIOS DE ESCALADA 221,-31.414795,-64.152422,YAPEYU
YA35, JOSE GARIBALDI 88,-31.412227,-64.153365,YAPEYU
AP24,AV. 24 DE SEPTIEMBRE 2071,-31.411125,-64.156645,YAPEYU
AP02,Av Patria y Lima,-31.410512,-64.1574,YAPEYU
AP26,Av Patria 683-698,-31.406312,-64.15892,GENERAL PUEYRREDON
P908,AV. PATRIA 650,-31.406588,-64.158753,GENERAL PUEYRREDON
P909,AV. PATRIA 968,-31.402937,-64.160108,GENERAL PUEYRREDON
P910,AV. PATRIA 1274,-31.399868,-64.16123,GENERAL PUEYRREDON
P911,AV. PATRIA 1590,-31.397377,-64.161737,GENERAL PUEYRREDON
P912,AV. EDUARDO BULNES 2200,-31.396305,-64.160112,GENERAL PUEYRREDON
TA86,AV. LAS MALVINAS 1100,-31.395467,-64.158825,GENERAL PUEYRREDON
TA48,LAS MALVINAS Y JUAN XXIII,-31.394505,-64.156132,GENERAL PUEYRREDON
TA87,JUAN  XXIII 1210,-31.394125,-64.155773,GENERAL PUEYRREDON
TA88,JUAN  XXIII 1420,-31.391893,-64.153785,GENERAL PUEYRREDON
TA89,JUAN  XXIII 1590,-31.390868,-64.152915,GENERAL PUEYRREDON
TA90,JUAN  XXIII 1796,-31.389267,-64.151485,LOS PINOS
TA91,TARIJA 2063,-31.387988,-64.15298,GENERAL BUSTOS
TA92,TARIJA 1749,-31.38645,-64.155372,GENERAL BUSTOS
TA93,LOCALLINO 1683,-31.384605,-64.157435,GENERAL BUSTOS
TA94,NUEVO MUNDO 1153,-31.383547,-64.160692,GENERAL BUSTOS
RA08,NUEVO MUNDO 800,-31.380885,-64.164835,GENERAL BUSTOS
RA09,NUEVO MUNDO 624,-31.379918,-64.16627,GENERAL BUSTOS
AY18,FRANCISCO DE RECALDE 1748,-31.379718,-64.168948,GENERAL BUSTOS
AY03,CAPDEVILLA Y RECALDE,-31.379475,-64.169097,GENERAL BUSTOS
AY19,AV. DR. ARTURO CAPDEVILA 309,-31.379943,-64.17045,GENERAL BUSTOS
AY20,AV. DR. ARTURO CAPDEVILA 103,-31.38036,-64.173542,GENERAL BUSTOS
AC54,GONGORA 330,-31.38048,-64.179323,HIPOLITO IRIGOYEN
AC76,GONGORA 550-565,-31.38051,-64.181873,HIPOLITO IRIGOYEN
AC56,GONGORA 758,-31.380497,-64.184637,HIPOLITO IRIGOYEN
AC57,GONGORA 954,-31.380518,-64.187483,HIPOLITO IRIGOYEN
AC58,GONGORA 1180,-31.38052,-64.189835,SARGENTO CABRAL
IS22,GONGORA 1334,-31.380525,-64.191873,SARGENTO CABRAL
IS23,GONGORA 1534,-31.380525,-64.19468,SARGENTO CABRAL
IS24,GONGORA 1720,-31.380533,-64.197325,SARGENTO CABRAL
IS25,GONGORA 2070,-31.380525,-64.201148,ANA MARIA ZUMARAN
ZU01,GONGORA Y BV LOS GRANADEROS,-31.380538,-64.201472,ANA MARIA ZUMARAN
ZU08,Bv. Los Granaderos 2288,-31.378632,-64.20386,ANA MARIA ZUMARAN
ZU09,Bv. Los Granaderos 2459,-31.376782,-64.206207,ANA MARIA ZUMARAN
LF22,CONCEPCION DEL BERMEJO 3156,-31.374712,-64.211367,LAS MARGARITAS
LF23,CONCEPCION DEL BERMEJO 3300,-31.372443,-64.21093,LAS MARGARITAS
LF08,Concepción Bermejo 3882,-31.369913,-64.21041,LAS MARGARITAS
LF07,Bento Quinquela Martín 2918,-31.36856,-64.212243,LAS MARGARITAS
AV02,Benito Quinquela Martín 3168,-31.367447,-64.215193,LAS MARGARITAS
PL34,Quinquela Martín 3297,-31.365818,-64.217642,LAS MARGARITAS
CI19,RODRIGUEZ DEL BUSTOS 3627,-31.368453,-64.221238,LAS MARGARITAS
CI06,Rodriguez del Busto 3219,-31.371125,-64.221717,LAS MARGARITAS
CI03,Rodriguez del Busto 2350,-31.378152,-64.223312,LAS MARGARITAS
BP05,Octavio Pinto 3257-3318,-31.3832,-64.222568,LAS MARGARITAS
BP04,Octavio Pinto 3135,-31.384865,-64.220325,LAS MARGARITAS
BP20,TEMISTOCLES CASTELLANOS 1513,-31.38676,-64.221393,VILLA SIBURU
BP21,TEMISTOCLES CASTELLANOS 1314,-31.38905,-64.223185,VILLA SIBURU
ES07,JOSE BARROS PAZOS 2950,-31.390112,-64.221217,VILLA SIBURU
ES08,PADRE LUIS GALEANO 1161,-31.39207,-64.221733,VILLA SIBURU
ES09,DOMINGO ZIPOLI 983,-31.393537,-64.22141,VILLA SIBURU
A909,PUENTE ZIPOLI,-31.3952,-64.222737,VILLA SIBURU
AA67,DOMINGO ZIPOLI 622-635,-31.396737,-64.223393,VILLA SIBURU
AA68,LA RIOJA 3317,-31.399822,-64.221218,VILLA SIBURU
AA69,LA RIOJA 3111,-31.399917,-64.220927,VILLA SIBURU
AA70,DR. JUAN CAFFERATA 229,-31.401762,-64.22163,VILLA SIBURU
AA71,DR. JUAN CAFFERATA 11,-31.403772,-64.222525,VILLA SIBURU
AA72,MAESTRO VIDAL 264,-31.406683,-64.22378,ALBERDI
AA73,MAESTRO VIDAL 446,-31.409888,-64.224863,QUINTA SANTA ANA
AA74,MAESTRO VIDAL 778,-31.41558,-64.226375,QUINTA SANTA ANA
TN53,MAESTRO VIDAL 1060,-31.418582,-64.227145,QUINTA SANTA ANA
TN54,MAESTRO VIDAL 1300,-31.422708,-64.228153,QUINTA SANTA ANA
TN55,MAESTRO VIDAL 1400,-31.424112,-64.228555,QUINTA SANTA ANA
TN56,MAESTRO VIDAL 1646,-31.427912,-64.22956,AMEGHINO NORTE
AM13,Maestro Vidal 1842,-31.430415,-64.230215,AMEGHINO NORTE
AM45,Av Fuerza Aerea 3078,-31.431517,-64.230518,ROSEDAL ANEXO
AM48,AV. FUERZA AEREA ARGENTINA 3150,-31.43159,-64.231022,AMEGHINO NORTE
AM37,AV. FUERZA AEREA ARGENTINA 3620,-31.431868,-64.236233,AMEGHINO NORTE
AM38,AV. FUERZA AEREA ARGENTINA 3850,-31.432178,-64.240335,AMEGHINO NORTE
AM39,FOURNIER 2018,-31.433575,-64.241862,AMEGHINO NORTE
AM40,FOURNIER 2360,-31.436577,-64.24184,VILLA ADELA
AM41,AV. ANTARTIDA ARGENTINA 4079,-31.439887,-64.24123,VILLA ADELA
AM42,AV. ANTARTIDA ARGENTINA 3821,-31.43989,-64.23846,VILLA ADELA
AM43,AV. RUFINO VARELA ORTIZ 2780,-31.441297,-64.237638,VILLA ADELA
MZ50,AV. RUFINO VARELA ORTIZ 3146,-31.444875,-64.237605,ESTACION FLORES
MZ51,FRONTERA 3597,-31.44591,-64.235965,ESTACION FLORES
MZ52,TALMA 3215,-31.445372,-64.233415,ROSEDAL ANEXO
MZ43,TALMA 2721,-31.439987,-64.233423,ROSEDAL ANEXO
MZ54,LAGUNILLA 3121,-31.436895,-64.230365,ROSEDAL ANEXO
RO08,LAGUNILLA 2753,-31.437003,-64.225118,ROSEDAL ANEXO
P202,Lagunilla 2648,-31.436923,-64.223318,ROSEDAL ANEXO
P205,Lagunilla 2508,-31.436923,-64.221612,ROSEDAL ANEXO
P214,CERRO CONICO 1935,-31.438743,-64.215433,FERRER
SZ18,RIO NEGRO 2864,-31.440915,-64.214005,FERRER
SZ19,RIO NEGRO 2996,-31.44226,-64.214322,FERRER
SZ20,RIO NEGRO 3000,-31.44363,-64.21464,FERRER
SZ21,RIO NEGRO  3200,-31.445638,-64.215182,FERRER
P210,BAGORRIA Y RIO NEGRO,-31.445933,-64.215252,FERRER
SZ22,MANUEL BAIGORRIA 1401,-31.445597,-64.21236,FERRER
V113,DR. LAZARO LANGER 965,-31.44702,-64.210847,FERRER
V114,DR. LAZARO LANGER 1053,-31.447355,-64.209038,FERRER
V103,Dr Manuel Parga 3588,-31.449427,-64.209262,FERRER
PT22,Dr Manuel Parga 3696,-31.451153,-64.209703,FERRER
PT27,PASTOR TABOADA 450,-31.452327,-64.204617,LAS FLORES
LR64,DR. OSCAR COCCA 317,-31.452168,-64.200717,LAS FLORES
LR65,BERNARDO MACEDA 1978,-31.45287,-64.19727,LAS FLORES
IP30,AV. CJAL. FELIPE BERNARDINELLI,-31.452183,-64.19495,LAS FLORES
IP18,Av. Cjal. Felipe Belardinelli 3277,-31.448115,-64.194273,LAS FLORES
IP19,Av. Cjal. Felipe Belardinelli 3981,-31.445518,-64.193827,LAS FLORES
CU31,Av Enrique Barros (FUC),-31.434615,-64.187613,GUEMES
CU17,Los Nogales 9999,-31.433758,-64.186092,GUEMES
PS07,Av. Concepcion Arenales 1251,-31.435143,-64.175948,VILLA REVOL
VI13,Av. Pablo Richieri 2652,-31.442242,-64.176693,VILLA REVOL
JA23,Av. Pablo Richieri 3080,-31.447507,-64.17665,VILLA REVOL
S00000505,Bulevar Arturo Illia 452,-31.422510883867805,-64.18005824089052,GUEMES
S00000504,Bulevar Arturo Illia 130,-31.42136645067466,-64.18438196182252,GUEMES
S00000503,Bulevar San Juan 1,-31.420890362353177,-64.18628096580507,GUEMES
S00000506,Bulevar San Juan 9,-31.42085374007451,-64.18638825416566,GUEMES
S00000507,Bulevar Arturo Illia 146,-31.421403072753133,-64.18419420719148,GUEMES
S00000508,Bulevar San Juan 107,-31.420514983318835,-64.18764889240265,GUEMES
S00000509,Bulevar Arturo Illia 117,-31.42119707337569,-64.18444097042085,GUEMES
C3022,Avenida Fuerza Aérea 4017,-31.43241737215634,-64.24085553735495,AMEGHINO NORTE
C0124,Avenida Rafael Núñez 4358,-31.36754087236254,-64.23372387886047,COLINAS DEL CERRO
C5597,Igualdad 3500,-31.39562760796447,-64.22439616173507,VILLA SIBURU
C2658,Avenida Patria 1213,-31.4004474715358,-64.16120633482933,GENERAL PUEYRREDON
C6647,Richardson 348,-31.43197652750108,-64.19609114527702,GUEMES
C1598,Eva Perón 9677,-31.31313190975304,-64.2986524477601,VILLA RIVERA INDARTE
C1602,Eva Perón 9055,-31.313277993895863,-64.2925376817584,VILLA ALLENDE PARQUE
AC36,JUAN B. JUSTO Y CALDERON DE LA BARCA,-31.38526,-64.176063,GENERAL BUSTOS
AC45,TUCUMAN 2141,-31.392053,-64.178373,GENERAL BUSTOS
AC49,AV. JUAN B. JUSTO 3672,-31.382735,-64.175995,GENERAL BUSTOS
AC50,AV. JUAN B. JUSTO 3717,-31.382112,-64.176008,GENERAL BUSTOS
AE05,Parque empresarial,-31.311325,-64.221027,LAS CORTADERAS
AI02,EEUU - CARTECHINI,-31.423528,-64.133522,ACOSTA
AL18,Santa Fe 362,-31.40647,-64.199995,URQUIZA
AL20,Colón 1780,-31.406722,-64.206642,ALBERDI
BG02,Av. Castro Barros 1224,-31.394317,-64.201872,SAN MARTIN
BS03,Mahatma Ghandi 170,-31.389807,-64.269387,PARQUE DON BOSCO
BS16,Mascardi 205,-31.386432,-64.275607,PARQUE DON BOSCO
BS17,Mascardi 110,-31.387427,-64.276675,PARQUE DON BOSCO
BS18,Pagliere 7008,-31.389517,-64.275013,PARQUE DON BOSCO
BS27,COLECTORA OESTE Y MAHATMA GHANDI,-31.393468,-64.269417,PARQUE DON BOSCO
BS28,Mahatma Ghandi 290,-31.386823,-64.269342,PARQUE DON BOSCO
C205,COLECTORA Y TROPEZON,-31.394553,-64.262592,LOS ROBLES
C212,Carcano S/N,-31.372105,-64.253883,COLINAS DEL CERRO
C213,Carcano S/N,-31.372453,-64.258227,COLINAS DEL CERRO
C217,Carcano 13,-31.39046,-64.263903,PARQUE DON BOSCO
C218,AV. DEL PIAMONTE S/N,-31.376178,-64.258603,COLINAS DEL CERRO
C219,Carcano 1050,-31.378857,-64.257638,COLINAS DEL CERRO
C220,Carcano 75,-31.390762,-64.265263,PARQUE DON BOSCO
CA03,AV. JUAN B. JUSTO 4249,-31.374267,-64.176102,VILLA AZALAIS OESTE
CA04,AV. JUAN B. JUSTO 4350,-31.373052,-64.176083,VILLA AZALAIS OESTE
CC19,AV. EMILIO OLMOS Y BV. GUZMAN,-31.415813,-64.176042,URQUIZA
CE37,Av Velez Sarsfield 30-34,-31.415613,-64.186897,URQUIZA
CE77,E OLMOS Y SALTA,-31.415277,-64.177767,URQUIZA
CE79,PUENTE MAIPU,-31.4076,-64.175798,URQUIZA
CE88,Av. Maipu,-31.41398,-64.17868,URQUIZA
CE93,Humberto Primo 68,-31.410015,-64.182113,URQUIZA
CE98,Av. Colón 375,-31.41218,-64.188187,URQUIZA
CI21,La cordillera 3475,-31.365738,-64.221062,LAS MARGARITAS
CO09,J.C.Lafinur 4350,-31.376832,-64.243055,COLINAS DEL CERRO
CO10,J.C.Lafinur 4547,-31.376205,-64.243998,COLINAS DEL CERRO
CO12,J.C.Lafinur 4690,-31.375742,-64.245777,COLINAS DEL CERRO
CO13,Carlos tagle 4673,-31.376422,-64.24834,COLINAS DEL CERRO
CO14,Mansilla 1286,-31.375795,-64.24704,COLINAS DEL CERRO
CP05,AV. COLON Y STA FE,-31.408467,-64.200742,URQUIZA
CU40,MARCELO LOPEZ Y CRUZ ROJA,-31.443328,-64.19443,LAS FLORES
EK03,Carcano ---,-31.371587,-64.250497,COLINAS DEL CERRO
EK04,Carcano 3590,-31.36998,-64.252435,COLINAS DEL CERRO
EK05,Bulevar Parque Kempes	,-31.373565,-64.249025,COLINAS DEL CERRO
EK07,Pasarela Ipef,-31.370515,-64.25027,COLINAS DEL CERRO
EK08,Rotonda puente 15,-31.37384,-64.249212,COLINAS DEL CERRO
FA14,Dr. Pedro Minuzzi 128,-31.463375,-64.199657,CABO FARINA
FA19,Av. Cjal. Felipe Belardineli 4484,-31.463297,-64.19808,CABO FARINA
FA20,Dr. Pedro Minuzzi 203,-31.463383,-64.199245,CABO FARINA
GF26,De los Alemanes,-31.343318,-64.234785,LAS CORTADERAS
GZ15,GUINAZU,-31.307143,-64.175468,GUINAZU
GZ17,AV. JUAN B. JUSTO 9290,-31.312972,-64.176008,GUINAZU
H102,11 de Septiembre 5100,-31.471903,-64.147893,RAMON J CARCANO
H103,11 de Septiembre 5000,-31.470785,-64.147903,RAMON J CARCANO
H104,carcano de horizonte,-31.470682,-64.144247,RAMON J CARCANO
H105,jeronimo helguera 4683 4601,-31.466163,-64.14282,RAMON J CARCANO
IS01,BV. LOS GRANADEROS Y AV. CORNELIO SAAVEDRA,-31.384735,-64.196258,SARGENTO CABRAL
JA31,BERNARDO O´HIGGINS Y CELSO BARRIOS,-31.458462,-64.168803,BIALET MASSE
JI04,11 de Septiembre 3600-3601,-31.455023,-64.1482,BH_CAMINO A 60 CUADRAS
JN16,ANCHORENA Y ANASAGASTI,-31.354492,-64.176442,VILLA AZALAIS OESTE
LA05,Monseñor Pablo Cabrera 3945,-31.369778,-64.20583,ANA MARIA ZUMARAN
LB01,DE LOS POLACOS Y DE LOS GENOVESES,-31.342638,-64.233075,LAS CORTADERAS
LB02,LOS ALEMANES -LOS LATINOS,-31.343358,-64.216278,LOS BOULEVARES
LB06,Bv. Rivadavia 3052,-31.336645,-64.210503,LOS BOULEVARES
LB08,Bv. Rivadavia 3813,-31.336658,-64.220248,LOS BOULEVARES
LB09,Bv. Rivadavia 3848,-31.336652,-64.221733,LOS BOULEVARES
LB10,Bv. Rivadavia 4700,-31.336638,-64.22518,LAS CORTADERAS
LB12,Bv. De los Alemanes 4170,-31.343355,-64.224052,LOS BOULEVARES
LB13,Bv. De los Alemanes 4057,-31.343348,-64.222652,LOS BOULEVARES
LB14,Bv. De los Alemanes 3958,-31.34335,-64.221535,LOS BOULEVARES
LB16,Bv. De los Alemanes 3655-3666,-31.343347,-64.218137,LOS BOULEVARES
LB23,Av. La Voz del Interior 5883,-31.346632,-64.205867,LOS BOULEVARES
LB24,Av. La Voz del Interior 5950,-31.345988,-64.206085,LOS BOULEVARES
LB25,Av. La Voz del Interior 6177,-31.344227,-64.207478,LOS BOULEVARES
LB29,Av. La Voz del Interior 7280,-31.335192,-64.208363,LOS BOULEVARES
LB30,Av. La Voz del Interior 7551,-31.332707,-64.209815,LOS BOULEVARES
LB31,Av. La Voz del Interior 7661,-31.330463,-64.21047,LOS BOULEVARES
LB33,De los Yusgoslavos 6230,-31.3429,-64.239732,LAS CORTADERAS
LB35,De Los Italianos 6230,-31.343128,-64.227017,LOS BOULEVARES
LB40,Calle Publica S/N,-31.3408,-64.239807,LAS CORTADERAS
LB42,Los Latinos 6200-6208,-31.343017,-64.216272,LOS BOULEVARES
LB43,De los Alemanes,-31.343342,-64.23148,LAS CORTADERAS
LB44,De los Alemanes 4484,-31.343332,-64.227802,LOS BOULEVARES
LB45,De los Alemanes 4500,-31.343362,-64.22638,LOS BOULEVARES
LB46,De los Alemanes 4700,-31.343342,-64.229633,LAS CORTADERAS
LB51,Av. La Voz del Interior 6411,-31.341242,-64.208027,LOS BOULEVARES
LB52,De los Alemanes 3919,-31.34333,-64.22118,LOS BOULEVARES
LB53,De los Alemanes 3725,-31.343345,-64.218567,LOS BOULEVARES
LB54,De Los Latinos 6398,-31.341603,-64.216297,LOS BOULEVARES
LB55,De Los Latinos 6760,-31.339032,-64.216282,LOS BOULEVARES
LB56,De Los Latinos 6985,-31.336832,-64.2162,LOS BOULEVARES
LB57,Bv. Rivadavia 3155,-31.33664,-64.21187,LOS BOULEVARES
LB58,LA VOZ DEL INTERIOR Y RIVADAVIA,-31.336703,-64.207973,LOS BOULEVARES
LB59,Bv. Buenos Aires 2834,-31.338762,-64.208457,LOS BOULEVARES
LB60,Bv. Buenos Aires 3054,-31.338788,-64.210812,LOS BOULEVARES
LB61,Bv. Buenos Aires 3348,-31.338807,-64.21292,LOS BOULEVARES
LB62,Bv. Buenos Aires 3450,-31.33876,-64.21591,LOS BOULEVARES
LB63,Los Latinos 6660,-31.339677,-64.216315,LOS BOULEVARES
LB64,Los Latinos 6413,-31.341243,-64.216307,LOS BOULEVARES
LB65,Calle Publica 2 1080,-31.339985,-64.239673,LAS CORTADERAS
LB66,De los Polacos 6400,-31.342162,-64.232998,LAS CORTADERAS
LB67,De los Polacos 7000,-31.33729,-64.231975,LAS CORTADERAS
LB68,De los Polacos 7300,-31.33248,-64.231333,LAS CORTADERAS
LB69,De los Polacos 7150,-31.334192,-64.231357,LAS CORTADERAS
LB70,Calle Publica Los Cortaderos,-31.331493,-64.229855,LAS CORTADERAS
LB71,Bv. Rivadavia 3075,-31.33666,-64.208157,LOS BOULEVARES
LB72,De los Polacos 7299,-31.332653,-64.231358,LAS CORTADERAS
LB73,De los Polacos 7149,-31.334037,-64.23132,LAS CORTADERAS
LB74,De los Polacos 6999,-31.33701,-64.23196,LAS CORTADERAS
LB75,De los Polacos 6445,-31.34198,-64.232975,LAS CORTADERAS
LB76,Bv. Rivadavia 3052,-31.336647,-64.210395,LOS BOULEVARES
LB77,Bv. Rivadavia 3424,-31.336663,-64.21423,LOS BOULEVARES
LB79,Bv. Rivadavia 3848,-31.336655,-64.221675,LOS BOULEVARES
LB82,Bv. De los Alemanes 3446,-31.343323,-64.21449,LOS BOULEVARES
LB96,Calle Publica 3 Los Cortaderos,-31.330898,-64.22983,LAS CORTADERAS
LE28,AV. JUAN B. JUSTO 5400,-31.354238,-64.176163,VILLA AZALAIS OESTE
LE29,AV. JUAN B. JUSTO 5551,-31.352362,-64.176155,REMEDIOS DE ESCALADA
LE31,AV. JUAN B. JUSTO 6000,-31.349702,-64.176178,REMEDIOS DE ESCALADA
LI03,AV. JUAN B. JUSTO 6330,-31.348377,-64.176185,REMEDIOS DE ESCALADA
LR67,Av. Cjal. Felipe Belardinelli 4180,-31.458145,-64.196632,LAS FLORES
MA07,Av Sabattini 1350,-31.429692,-64.169673,CRISOL SUD
MS12,Av. Monseñor Pablo Cabrera 4480,-31.363792,-64.204392,MARQUES DE SOBREMONTE
MS13,Av. Monseñor Pablo Cabrera 4564,-31.362713,-64.204192,MARQUES DE SOBREMONTE
MS14,Av. Monseñor Pablo Cabrera 4700,-31.361172,-64.204135,MARQUES DE SOBREMONTE
MS15,Av. Monseñor Pablo Cabrera 4780,-31.360493,-64.203768,MARQUES DE SOBREMONTE
MS16,Av. Monseñor Pablo Cabrera 5000,-31.357447,-64.203198,MARQUES DE SOBREMONTE
NC27,Bv. Chacabuco 470,-31.422777,-64.18241,GUEMES
NC39,PLAZA ESPANA,-31.428565,-64.184875,GUEMES
NC41,BV. SAN JUAN Y OBISPO TREJO,-31.420537,-64.187398,GUEMES
NC53,Bv. Illia 136,-31.421472,-64.183937,GUEMES
NC97,Ituzaingo 498,-31.422662,-64.183867,GUEMES
NI01,AGUSTIN GARZON Y LOLA MORA,-31.427358,-64.114605,COLONIA LOLA
NI35,Mario Bravo 500,-31.416947,-64.121975,RENACIMIENTO
NS07,AV. GRAL. OHGGINS Y 2° ROTONDA,-31.481592,-64.168602,CERVECEROS
NS42,Cno. San Carlos 5394,-31.475773,-64.168817,CERVECEROS
NS43,Cno. San Carlos 4500-4501,-31.472992,-64.168805,CERVECEROS
NS46,Calle Principal Quintas de Flores S/N,-31.48801,-64.167137,CERVECEROS
NS47,Calle Publica 5 S/n,-31.487635,-64.161392,VILLA CORONEL OLMEDO
NS48,Calle Publica 5 S/n,-31.48432,-64.161325,VILLA CORONEL OLMEDO
NS49,Calle Publica 5 S/n,-31.482073,-64.161272,CERVECEROS
NS50,Mauricio Revigliono S/N,-31.481593,-64.164783,CERVECEROS
OB01,Bv San Juan 578,-31.418802,-64.193817,URQUIZA
OL01,AV 11 DE SEPTIEMBRE KM 4,-31.484928,-64.147777,VILLA CORONEL OLMEDO
OL03,Av Munecas 3958,-31.480808,-64.14527,VILLA CORONEL OLMEDO
OL07,Av Munecas 4288,-31.480842,-64.140317,VILLA CORONEL OLMEDO
OL08,Munecas 4410,-31.480852,-64.1384,VILLA CORONEL OLMEDO
OL13,Av Munecas 3887,-31.4808,-64.146383,VILLA CORONEL OLMEDO
OL22,Av.El Quebracho 4186,-31.477157,-64.14172,VILLA CORONEL OLMEDO
OL25,11 de Septiembre 5600,-31.478173,-64.147823,VILLA CORONEL OLMEDO
OL28,Av.11 de septiembre 7000,-31.483915,-64.147785,VILLA CORONEL OLMEDO
OL39,Av.muñecas 4982,-31.480857,-64.129455,VILLA CORONEL OLMEDO
OL54,Av. Adolfo Muñecas 4804,-31.480865,-64.133477,VILLA CORONEL OLMEDO
OL55,Calle 26 5794,-31.480675,-64.130827,VILLA CORONEL OLMEDO
OL56,Av. Adolfo Muñecas 4805,-31.48078,-64.133503,VILLA CORONEL OLMEDO
PB02,ALTO ALEGRE Y MANUEL NAMUNCURA,-31.415638,-64.26384,PARQUE REPUBLICA
PB05,MANUEL NAMUNCURA 5870,-31.415493,-64.26235,PARQUE REPUBLICA
PC12,Colón 1045,-31.409323,-64.197608,URQUIZA
PL16,Av. Monseñor Pablo Cabrera 4407,-31.364325,-64.204723,MARQUES DE SOBREMONTE
PL17,Av. Monseñor Pablo Cabrera 4935,-31.358222,-64.20356,MARQUES DE SOBREMONTE
PM01,RIO NEGRO Y SANTA ANA,-31.41704,-64.207653,CUPANI
PN18,AV. JUAN B. JUSTO 4547,-31.371062,-64.17609,VILLA AZALAIS OESTE
PO01,Bv San Juan y M T de Alvear,-31.419808,-64.190148,URQUIZA
PO10,Bv San Juan 60,-31.420693,-64.186723,GUEMES
PS16,Av. Gdor Amadeo Sabattini 800,-31.427023,-64.172317,CRISOL SUD
PU65,FELIX FRIAS 1525,-31.400763,-64.174692,GENERAL BUSTOS
QR57,Hornero 296,-31.386733,-64.261522,PARQUE DON BOSCO
QR58,Carcano 251,-31.386008,-64.262412,PARQUE DON BOSCO
QS09,BATALLA DE CEPEDA Y D. QUIROS,-31.413998,-64.202572,URQUIZA
QS11,Mariano Moreno 39,-31.412502,-64.19767,URQUIZA
QS12,Mariano Moreno 15,-31.412147,-64.197537,URQUIZA
RC01,11 de Septiembre 4415,-31.46331,-64.14788,RAMON J CARCANO
RC07,11 de Septiembre 4755,-31.467828,-64.147938,RAMON J CARCANO
RC12,De las Leyes Agrarias 3850,-31.464693,-64.14689,RAMON J CARCANO
RC15,De las Leyes Agrarias 3994,-31.464697,-64.145505,RAMON J CARCANO
RE11,JUAN B JUSTO Y AV. JAPON,-31.336235,-64.175925,REMEDIOS DE ESCALADA
RE13,AV. JUAN B. JUSTO 6579,-31.340663,-64.17614,REMEDIOS DE ESCALADA
RE15,AV. JUAN B. JUSTO 6819,-31.337987,-64.17614,REMEDIOS DE ESCALADA
RL18,Av. Madrid 2332,-31.435397,-64.168897,CRISOL SUD
S00000525,RODRIGUEZ DEL BUSTOS 2900,-31.375598,-64.222772,LAS MARGARITAS
S00000585,Av. Cjal. Felipe Belardinelli 3427,-31.450713,-64.194488,LAS FLORES
S00000592,Av. Medina Allende S/N,-31.438008,-64.192482,GUEMES
S00000600,Av Cruz Roja 1300,-31.441285,-64.176682,VILLA REVOL
S00000625,AV. CJAL. FELIPE BERNARDINELLI 3000,-31.44573,-64.194027,LAS FLORES
S00000746,Av. Cjal. Felipe Belardinelli 3492,-31.451172,-64.19481,LAS FLORES
S908,San Jeronimo 2716-2724,-31.42331,-64.148943,YAPEYU
S909,San Jeronimo 2957-2964-2988,-31.4236,-64.145953,YAPEYU
SM15,CASTRO BARROS Y STA FE,-31.400537,-64.197032,SAN MARTIN
SM45,Av. Castro Barros 667,-31.399392,-64.197745,SAN MARTIN
SV82,San Jeronimo 2467-2491,-31.423047,-64.151992,YAPEYU
TF19,CPC COLON,-31.396497,-64.251545,LOS ROBLES
UE01,UNIVERSIDAD SIGLO 21,-31.323177,-64.222872,LAS CORTADERAS
UE02,UES SIGLO XXI,-31.321562,-64.223057,LAS CORTADERAS
UE03,UES21 ,-31.318697,-64.218837,LAS CORTADERAS
UR01,Av Menendez Pidal 3800,-31.3826,-64.237455,COLINAS DEL CERRO
UR06,Av Menendez Pidal 4011,-31.381767,-64.240267,COLINAS DEL CERRO
UR07,Av Menendez Pidal 3990,-31.381937,-64.239805,COLINAS DEL CERRO
V401,SANTA ANA Y AVIADOR LOCATELLI,-31.41176,-64.250852,LAS VIOLETAS
V402,AV. SANTA ANA 5072,-31.411585,-64.25323,LAS VIOLETAS
V407,AV. SANTA ANA 4630,-31.41144,-64.246433,LAS VIOLETAS
VC30,Ciudad de Tampa 2207,-31.386912,-64.207983,LAS MARGARITAS
VC57,PADRE LUIS GALEANO Y CIUDAD DE TAMPA,-31.384067,-64.21676,LAS MARGARITAS
VC63,Av. Monseñor Pablo Cabrera 1827-1836,-31.390418,-64.203505,VILLA PAEZ
VG06,Av Juan B Justo 7200-7209,-31.333742,-64.175753,REMEDIOS DE ESCALADA
VG12,AV. JUAN B. JUSTO 7260,-31.333202,-64.175785,REMEDIOS DE ESCALADA
VG14,AV. JUAN B. JUSTO 7900,-31.32821,-64.175803,REMEDIOS DE ESCALADA
VG15,AV. JUAN B. JUSTO 8250,-31.32415,-64.175813,GUINAZU
IT85,Antonio Soto s/n 1,-31.452797,-64.073897,ITUZAINGO ANEXO
IT86,Antonio Soto s/n 2,-31.455902,-64.073893,ITUZAINGO ANEXO
IT87,A. Soto y Cap. de los Remedios,-31.459143,-64.073862,ITUZAINGO ANEXO
IA32,Schrodinger s/n 1,-31.459073,-64.078257,ITUZAINGO ANEXO
IA34,Schrodinger y Vucetich,-31.464892,-64.07842,ITUZAINGO ANEXO
IT59,Vucetich 7173,-31.465012,-64.088063,ITUZAINGO ANEXO
IT78,Vucetich 6900,-31.465005,-64.091902,LOS SAUCES
IT57,Vucetich 6301,-31.464987,-64.09954,LOS SAUCES
IT89,Vucetich 6011,-31.46487,-64.102288,LOS SAUCES
IT90,Av. Sabattini 5600,-31.463397,-64.104602,FERREYRA
SL05,Av Sabattini 5450,-31.457082,-64.111113,SAN LORENZO
DF05,Av Sabattini y Cangallo,-31.44889,-64.119347,VILLA BUSTOS
DF06,Av Sabattini 5039,-31.446682,-64.12173,VILLA BUSTOS
EM05,Av Sabattini 4600 (Arco Cba),-31.438175,-64.12854,EMPALME
EM10,Fiambala 4874,-31.439025,-64.123537,EMPALME
BO15,Calingasta 5250,-31.441177,-64.118142,VILLA BUSTOS
BO36,Calingasta 5250,-31.440972,-64.108982,VILLA BUSTOS
BO37,Calingasta 5580,-31.440587,-64.101463,VILLA BUSTOS
BO38,Calingasta s/n 1,-31.44045,-64.095488,VILLA BUSTOS
BO39,Calingasta s/n 2,-31.440568,-64.083807,ITUZAINGO ANEXO
BO40,Calingasta s/n 3,-31.440382,-64.077202,ITUZAINGO ANEXO
BO50,Calle Pública s/n 6,-31.444992,-64.071735,ITUZAINGO ANEXO
EM21,Ramos Mejia 2535,-31.438677,-64.123417,EMPALME
DF02,Av Sabattini 5025,-31.44628,-64.12223,VILLA BUSTOS
IA03,Av Vucetich 7707,-31.465065,-64.080908,ITUZAINGO ANEXO
IA01,Av Vucetich y Schrodinger,-31.465035,-64.078398,ITUZAINGO ANEXO
SL01,Av Sabattini 5600,-31.459652,-64.108527,FERREYRA
IT05,Av Vucetich y Watt,-31.464997,-64.09067,ITUZAINGO ANEXO
IA06,Vucetich 7450-7455,-31.465035,-64.083952,ITUZAINGO ANEXO
IA05,Vucetich y Franck,-31.465048,-64.08235,ITUZAINGO ANEXO
IT58,Vucetich 6542-6559,-31.464998,-64.096463,LOS SAUCES
IT01,Av Sabattini 5918,-31.462965,-64.10508,FERREYRA
IT15,Vucetich 6220,-31.464977,-64.10016,LOS SAUCES
IA15,Vucetich 7390,-31.465363,-64.085057,ITUZAINGO ANEXO
BO43,Calingasta s/n 2,-31.440462,-64.08348,ITUZAINGO ANEXO
BO44,Calingasta s/n 3,-31.440463,-64.095165,VILLA BUSTOS
BO45,Calingasta s/n 4,-31.440628,-64.101178,VILLA BUSTOS
BO46,Calingasta 5520,-31.440938,-64.109118,VILLA BUSTOS
BO47,Calingasta 5580,-31.441067,-64.11342,VILLA BUSTOS
BO48,Calingasta 5507,-31.44102,-64.117727,VILLA BUSTOS
EM48,Tinogasta 4577,-31.437722,-64.126275,EMPALME
EM49,Av. Sabattini 4850,-31.440328,-64.127548,JOSE IGNACIO DIAZ SECCION 1
SL21,Av. Sabattini y Huergo,-31.456208,-64.11211,SAN LORENZO
IA33,Schrodinger s/n 2,-31.462495,-64.078385,ITUZAINGO ANEXO
IT92,Antonio Soto y C. Capilla de los Remedios,-31.45905,-64.073927,ITUZAINGO ANEXO
IT94,Antonio Soto s/n,-31.456092,-64.07389,ITUZAINGO ANEXO
IT93,Antonio Soto s/n,-31.453043,-64.073862,ITUZAINGO ANEXO
